日期,开盘,最高,最低,收盘,成交量,成交额,outstanding_share,换手率,股票代码
2020-01-02,6.11,6.16,6.1,6.11,13810865.0,84616515.0,1599439081.0,0.008634817770843252,000059
2020-01-03,6.11,6.23,6.1,6.18,19851375.0,122467336.0,1599439081.0,0.012411460515012887,000059
2020-01-06,6.25,6.45,6.24,6.4,36727939.0,233315999.0,1599439081.0,0.022963012118621604,000059
2020-01-07,6.32,6.35,6.28,6.34,17948144.0,113324292.0,1599439081.0,0.0112215239787554,000059
2020-01-08,6.41,6.48,6.27,6.28,21777876.0,138337724.0,1599439081.0,0.013615945901724531,000059
2020-01-09,6.22,6.23,6.14,6.2,18807734.0,116419646.0,1599439081.0,0.011758956138698977,000059
2020-01-10,6.2,6.21,6.11,6.15,11527975.0,70881956.0,1599439081.0,0.007207511143714513,000059
2020-01-13,6.15,6.18,6.1,6.17,10292787.0,63170718.0,1599439081.0,0.0064352479080133215,000059
2020-01-14,6.15,6.19,6.15,6.16,8928837.0,55062726.0,1599439081.0,0.005582480199506892,000059
2020-01-15,6.17,6.17,6.11,6.13,7785770.0,47724189.0,1599439081.0,0.004867812780423114,000059
2020-01-16,6.13,6.16,6.11,6.12,5826978.0,35725152.0,1599439081.0,0.003643138440981986,000059
2020-01-17,6.12,6.15,6.09,6.1,5277300.0,32291810.0,1599439081.0,0.0032994692093559017,000059
2020-01-20,6.09,6.11,6.03,6.06,9550083.0,57784530.0,1599439081.0,0.0059708951178241215,000059
2020-01-21,6.06,6.06,5.93,5.94,12154301.0,72516890.0,1599439081.0,0.007599102175495736,000059
2020-01-22,5.93,6.0,5.9,6.0,7472804.0,44493848.0,1599439081.0,0.00467214043271211,000059
2020-01-23,5.95,5.99,5.81,5.83,12113601.0,71356653.0,1599439081.0,0.007573655754632646,000059
2020-02-03,5.25,5.3,5.25,5.25,11275881.0,59213174.0,1599439081.0,0.007049897138283068,000059
2020-02-04,5.05,5.32,5.05,5.27,15177994.0,79319481.0,1599439081.0,0.00948957305114142,000059
2020-02-05,5.28,5.36,5.24,5.31,11465011.0,60897348.0,1599439081.0,0.007168144842898208,000059
2020-02-06,5.34,5.4,5.29,5.4,15289122.0,81799941.0,1599439081.0,0.009559052408823815,000059
2020-02-07,5.37,5.38,5.28,5.35,13493093.0,71845034.0,1599439081.0,0.008436140619725172,000059
2020-02-10,5.32,5.51,5.3,5.49,18682449.0,100926864.0,1599439081.0,0.011680625553002854,000059
2020-02-11,5.47,5.5,5.42,5.42,11431089.0,62344161.0,1599439081.0,0.007146936157676642,000059
2020-02-12,5.42,5.47,5.41,5.46,9268269.0,50444410.0,1599439081.0,0.0057946995981899485,000059
2020-02-13,5.45,5.56,5.39,5.4,10973116.0,59853562.0,1599439081.0,0.006860602651486668,000059
2020-02-14,5.39,5.46,5.38,5.42,7536565.0,40809213.0,1599439081.0,0.004712005033219517,000059
2020-02-17,5.44,5.57,5.43,5.56,14450072.0,79797097.0,1599439081.0,0.00903446225095709,000059
2020-02-18,5.57,5.59,5.52,5.58,12487197.0,69366667.0,1599439081.0,0.007807235141580237,000059
2020-02-19,5.59,5.76,5.56,5.68,16898268.0,95705098.0,1599439081.0,0.010565121360817867,000059
2020-02-20,5.73,5.81,5.63,5.78,19029579.0,108971826.0,1599439081.0,0.011897657888978392,000059
2020-02-21,5.77,5.98,5.71,5.96,29825456.0,174051944.0,1599439081.0,0.018647447317188568,000059
2020-02-24,6.15,6.34,6.02,6.16,45927784.0,283342968.0,1599439081.0,0.028714931719240642,000059
2020-02-25,6.04,6.04,5.84,5.98,32628020.0,194128805.0,1599439081.0,0.02039966409949189,000059
2020-02-26,5.87,6.06,5.83,5.91,20528243.0,122131090.0,1599439081.0,0.012834651374884093,000059
2020-02-27,5.96,5.98,5.86,5.88,11331733.0,66950511.0,1599439081.0,0.007084816880249783,000059
2020-02-28,5.75,6.1,5.68,5.98,40875723.0,241748458.0,1599439081.0,0.025556286254080844,000059
2020-03-02,6.07,6.22,5.92,6.16,32046676.0,196154199.0,1599439081.0,0.02003619667712746,000059
2020-03-03,6.2,6.2,6.05,6.09,27147366.0,166113710.0,1599439081.0,0.016973054067821666,000059
2020-03-04,6.0,6.05,5.93,6.0,19028172.0,113930748.0,1599439081.0,0.011896778205583936,000059
2020-03-05,6.07,6.13,6.0,6.12,22506842.0,136527741.0,1599439081.0,0.014071709430738863,000059
2020-03-06,6.05,6.44,6.02,6.3,48781707.0,305889961.0,1599439081.0,0.030499259133708764,000059
2020-03-09,6.31,6.78,6.31,6.61,83293695.0,544837283.0,1599439081.0,0.05207681617228159,000059
2020-03-10,6.5,6.54,6.2,6.44,51543764.0,327688473.0,1599439081.0,0.03222615016245186,000059
2020-03-11,6.36,6.49,6.25,6.25,34138415.0,216633116.0,1599439081.0,0.021343992031666505,000059
2020-03-12,6.2,6.24,5.98,6.03,28553179.0,173792448.0,1599439081.0,0.0178519953271043,000059
2020-03-13,5.71,5.96,5.62,5.92,25844524.0,149240615.0,1599439081.0,0.01615849225332265,000059
2020-03-16,5.98,6.45,5.92,6.07,47520136.0,293488124.0,1599439081.0,0.029710500740227942,000059
2020-03-17,6.13,6.2,5.76,5.88,31582550.0,186496658.0,1599439081.0,0.019746016197287105,000059
2020-03-18,5.93,6.0,5.69,5.7,28211596.0,164545742.0,1599439081.0,0.017638431081952535,000059
2020-03-19,5.59,5.71,5.45,5.58,21180248.0,118136690.0,1599439081.0,0.013242297410138123,000059
2020-03-20,5.61,5.68,5.58,5.65,13173406.0,74104834.0,1599439081.0,0.008236266173866236,000059
2020-03-23,5.52,5.56,5.43,5.46,10280407.0,56474316.0,1599439081.0,0.006427507694492804,000059
2020-03-24,5.55,5.57,5.39,5.53,9348812.0,51355700.0,1599439081.0,0.005845056627073876,000059
2020-03-25,5.62,5.64,5.56,5.59,13358176.0,74879129.0,1599439081.0,0.008351787922831179,000059
2020-03-26,5.57,5.73,5.55,5.63,15359547.0,86902955.0,1599439081.0,0.009603083469985563,000059
2020-03-27,5.71,5.71,5.63,5.64,10058015.0,57031648.0,1599439081.0,0.006288463949318743,000059
2020-03-30,5.6,5.6,5.47,5.55,9666211.0,53378175.0,1599439081.0,0.006043500571435643,000059
2020-03-31,5.59,5.64,5.57,5.63,8287838.0,46528950.0,1599439081.0,0.005181715326612055,000059
2020-04-01,5.61,5.73,5.61,5.62,9445456.0,53555705.0,1599439081.0,0.005905480310068777,000059
2020-04-02,5.6,5.85,5.59,5.8,17534841.0,100440394.0,1599439081.0,0.010963119013596243,000059
2020-04-03,5.75,5.76,5.59,5.63,17507842.0,99187888.0,1599439081.0,0.010946238720798144,000059
2020-04-07,5.71,5.78,5.63,5.71,17628836.0,100479701.0,1599439081.0,0.011021886490967891,000059
2020-04-08,5.66,5.7,5.64,5.67,12554356.0,71136274.0,1599439081.0,0.007849224236881079,000059
2020-04-09,5.65,5.7,5.55,5.55,26590625.0,149462137.0,1599439081.0,0.0166249689130861,000059
2020-04-10,5.54,5.54,5.31,5.32,28591116.0,154600424.0,1599439081.0,0.017875714267356957,000059
2020-04-13,5.35,5.41,5.31,5.4,28669239.0,153725010.0,1599439081.0,0.01792455826581119,000059
2020-04-14,5.13,5.29,5.05,5.28,54139926.0,280585898.0,1599439081.0,0.03384932045436246,000059
2020-04-15,5.26,5.43,5.2,5.24,24951699.0,132210934.0,1599439081.0,0.01560028093373817,000059
2020-04-16,5.2,5.24,5.14,5.17,13688937.0,70850165.0,1599439081.0,0.008558586045953944,000059
2020-04-17,5.17,5.2,5.08,5.09,23562853.0,120715134.0,1599439081.0,0.014731947768381434,000059
2020-04-20,5.1,5.11,4.96,4.97,24677433.0,123351573.0,1599439081.0,0.015428804568518606,000059
2020-04-21,4.96,5.05,4.91,4.99,18591040.0,92880862.0,1599439081.0,0.011623474892445747,000059
2020-04-22,5.0,5.05,4.94,5.03,14530197.0,72778424.0,1599439081.0,0.009084557938221343,000059
2020-04-23,5.04,5.22,5.02,5.14,22660248.0,116197221.0,1599439081.0,0.01416762180515958,000059
2020-04-24,5.14,5.14,5.01,5.03,15245044.0,77242253.0,1599439081.0,0.009531493997551007,000059
2020-04-27,5.03,5.04,4.95,4.96,9397300.0,46914910.0,1599439081.0,0.005875372254956174,000059
2020-04-28,4.95,4.97,4.72,4.8,16473406.0,79330644.0,1599439081.0,0.010299489487089756,000059
2020-04-29,4.8,4.8,4.72,4.74,9926960.0,47203131.0,1599439081.0,0.006206525848920406,000059
2020-04-30,4.76,4.89,4.76,4.86,9225152.0,44730301.0,1599439081.0,0.005767742022554719,000059
2020-05-06,4.85,4.91,4.83,4.9,9378248.0,45711428.0,1599439081.0,0.00586346057902783,000059
2020-05-07,4.89,4.93,4.85,4.88,9342296.0,45726635.0,1599439081.0,0.005840982698859038,000059
2020-05-08,4.89,4.93,4.87,4.92,6522817.0,31992707.0,1599439081.0,0.0040781903340274825,000059
2020-05-11,4.93,4.98,4.9,4.94,7481532.0,36986705.0,1599439081.0,0.0046775973457659934,000059
2020-05-12,4.95,4.95,4.85,4.91,6069246.0,29729651.0,1599439081.0,0.0037946090426935115,000059
2020-05-13,4.95,4.97,4.9,4.95,7123649.0,35183566.0,1599439081.0,0.004453842027885274,000059
2020-05-14,4.98,5.13,4.96,5.0,13446438.0,67769924.0,1599439081.0,0.008406971018610493,000059
2020-05-15,5.01,5.02,4.97,5.0,6177724.0,30823703.0,1599439081.0,0.0038624315695334694,000059
2020-05-18,5.03,5.05,4.97,5.0,8526473.0,42588597.0,1599439081.0,0.005330914507021478,000059
2020-05-19,4.8,4.86,4.78,4.81,10447320.0,50302668.0,1599439081.0,0.006531864904456465,000059
2020-05-20,4.8,4.82,4.73,4.74,6618875.0,31532508.0,1599439081.0,0.00413824763857949,000059
2020-05-21,4.74,4.74,4.67,4.7,5648000.0,26588216.0,1599439081.0,0.0035312379615413435,000059
2020-05-22,4.66,4.69,4.55,4.57,8794115.0,40406956.0,1599439081.0,0.0054982494203541345,000059
2020-05-25,4.57,4.57,4.51,4.55,4477052.0,20328660.0,1599439081.0,0.00279913880633757,000059
2020-05-26,4.57,4.61,4.55,4.61,4170292.0,19127059.0,1599439081.0,0.0026073465688937984,000059
2020-05-27,4.61,4.61,4.56,4.58,3282756.0,15025648.0,1599439081.0,0.0020524420335831474,000059
2020-05-28,4.59,4.62,4.55,4.58,3505766.0,16052229.0,1599439081.0,0.002191872164214049,000059
2020-05-29,4.57,4.59,4.54,4.55,3413600.0,15565164.0,1599439081.0,0.0021342482127332738,000059
2020-06-01,4.55,4.64,4.55,4.64,7017196.0,32353712.0,1599439081.0,0.004387285569896613,000059
2020-06-02,4.62,4.74,4.62,4.72,6861222.0,32237298.0,1599439081.0,0.004289767632606696,000059
2020-06-03,4.75,4.8,4.73,4.74,9970099.0,47567752.0,1599439081.0,0.006233497179377725,000059
2020-06-04,4.76,4.77,4.68,4.7,4695375.0,22118113.0,1599439081.0,0.0029356385346445087,000059
2020-06-05,4.71,4.71,4.65,4.7,4456110.0,20846657.0,1599439081.0,0.0027860454661480165,000059
2020-06-08,4.76,4.82,4.74,4.75,6022519.0,28728870.0,1599439081.0,0.0037653944257974525,000059
2020-06-09,4.75,4.75,4.7,4.74,6313111.0,29797179.0,1599439081.0,0.003947078119444801,000059
2020-06-10,4.72,4.72,4.66,4.67,4424536.0,20740772.0,1599439081.0,0.002766304795574768,000059
2020-06-11,4.67,4.67,4.6,4.61,5437400.0,25200698.0,1599439081.0,0.003399566801006534,000059
2020-06-12,4.55,4.6,4.5,4.59,5982815.0,27285097.0,1599439081.0,0.0037405707232434442,000059
2020-06-15,4.57,4.64,4.54,4.55,4885990.0,22399826.0,1599439081.0,0.0030548146897506003,000059
2020-06-16,4.56,4.61,4.56,4.61,4859229.0,22335598.0,1599439081.0,0.003038083199118729,000059
2020-06-17,4.6,4.66,4.6,4.65,7763719.0,35970665.0,1599439081.0,0.00485402607215648,000059
2020-06-18,4.64,4.7,4.6,4.65,9177702.0,42782998.0,1599439081.0,0.0057380753721873075,000059
2020-06-19,4.65,4.69,4.61,4.67,8391808.0,38990597.0,1599439081.0,0.005246719365362312,000059
2020-06-22,4.66,4.67,4.62,4.63,5835168.0,27077668.0,1599439081.0,0.003648258986113895,000059
2020-06-23,4.63,4.63,4.56,4.57,6806487.0,31192218.0,1599439081.0,0.004255546260470548,000059
2020-06-24,4.57,4.58,4.52,4.53,7035267.0,31962978.0,1599439081.0,0.004398583905803662,000059
2020-06-29,4.53,4.54,4.49,4.51,6973304.0,31472451.0,1599439081.0,0.004359843449392368,000059
2020-06-30,4.53,4.54,4.49,4.52,6791273.0,30677752.0,1599409531.0000002,0.004246112623671741,000059
2020-07-01,4.53,4.58,4.51,4.57,5754842.0,26163271.0,1599409531.0000002,0.0035981041055831993,000059
2020-07-02,4.56,4.69,4.56,4.67,11043041.0,51135232.0,1599409531.0000002,0.006904448664311479,000059
2020-07-03,4.68,4.76,4.68,4.74,15360801.0,72594644.0,1599409531.0000002,0.009604044931754254,000059
2020-07-06,4.79,5.0,4.79,5.0,27440645.0,134690012.0,1599409531.0000002,0.017156734699988477,000059
2020-07-07,5.09,5.12,4.95,4.98,25978061.0,130750513.0,1599409531.0000002,0.016242282227590398,000059
2020-07-08,4.95,5.1,4.94,5.08,18949880.0,95082159.0,1599409531.0000002,0.01184804744045257,000059
2020-07-09,5.06,5.23,5.04,5.17,26041918.0,133821720.0,1599409531.0000002,0.016282207586769716,000059
2020-07-10,5.15,5.18,5.03,5.05,17768920.0,90763529.0,1599409531.0000002,0.01110967494916097,000059
2020-07-13,5.0,5.16,4.98,5.13,28904357.0,147296162.0,1599409531.0000002,0.01807189243265801,000059
2020-07-14,5.12,5.17,5.0,5.06,20842022.0,105995089.0,1599409531.0000002,0.013031072777820027,000059
2020-07-15,5.1,5.17,5.03,5.04,23534025.0,119832022.0,1599409531.0000002,0.01471419579779908,000059
2020-07-16,5.04,5.06,4.85,4.87,20590501.0,102393774.0,1599409531.0000002,0.012873814117592624,000059
2020-07-17,4.88,4.91,4.8,4.84,10884512.0,52876201.0,1599409531.0000002,0.006805331460788949,000059
2020-07-20,4.85,5.06,4.85,5.05,17301575.0,86383711.0,1599409531.0000002,0.010817476490328604,000059
2020-07-21,5.09,5.14,5.04,5.13,18719294.0,95337248.0,1599409531.0000002,0.011703877985706462,000059
2020-07-22,5.15,5.21,5.08,5.09,25839232.0,132905049.0,1599409531.0000002,0.01615548206958884,000059
2020-07-23,5.08,5.09,4.92,5.0,15369039.0,76752860.0,1599409531.0000002,0.009609195582566525,000059
2020-07-24,4.93,5.15,4.87,4.91,31332639.0,157628509.0,1599409531.0000002,0.019590128977416976,000059
2020-07-27,4.92,4.95,4.82,4.85,15918078.0,77357553.0,1599409531.0000002,0.009952471641235954,000059
2020-07-28,4.88,4.91,4.83,4.86,10914868.0,53115917.0,1599409531.0000002,0.0068243109650445105,000059
2020-07-29,4.85,4.92,4.77,4.91,12465784.0,60536227.0,1599409531.0000002,0.007793991318912554,000059
2020-07-30,4.92,5.14,4.91,5.07,28720808.0,145449899.0,1599409531.0000002,0.017957131956093112,000059
2020-07-31,5.02,5.2,5.01,5.16,29116960.0,149965660.0,1599409531.0000002,0.018204818363058758,000059
2020-08-03,5.19,5.29,5.17,5.28,34294681.0,179234456.0,1599409531.0000002,0.021442088680413144,000059
2020-08-04,5.3,5.3,5.1,5.21,22765466.0,118853015.0,1599409531.0000002,0.014233669087720346,000059
2020-08-05,5.22,5.73,5.14,5.57,68962040.0,380169951.0,1599409531.0000002,0.043117187101469126,000059
2020-08-06,5.67,6.06,5.66,5.74,70948381.0,414793561.0,1599409531.0000002,0.04435910854904115,000059
2020-08-07,5.63,5.74,5.46,5.49,44961056.0,250645695.0,1599409531.0000002,0.028111034183902206,000059
2020-08-10,5.48,5.58,5.43,5.46,23900071.0,131262462.0,1599409531.0000002,0.01494305900819344,000059
2020-08-11,5.49,5.5,5.31,5.32,21270550.0,114982686.0,1599409531.0000002,0.013299001655130187,000059
2020-08-12,5.28,5.42,5.23,5.35,18698701.0,99212702.0,1599409531.0000002,0.011691002609137257,000059
2020-08-13,5.38,5.53,5.37,5.45,19801575.0,108023682.0,1599409531.0000002,0.01238055333309127,000059
2020-08-14,5.43,5.44,5.3,5.39,15375472.0,82322491.0,1599409531.0000002,0.009613217691898322,000059
2020-08-17,5.4,5.47,5.35,5.47,18786149.0,101688754.0,1599409531.0000002,0.01174567778663562,000059
2020-08-18,5.45,5.47,5.32,5.4,30566942.0,164534628.0,1599409531.0000002,0.019111391677707836,000059
2020-08-19,5.4,5.55,5.37,5.44,27742653.0,151666369.0,1599409531.0000002,0.017345559384440105,000059
2020-08-20,5.36,5.39,5.27,5.28,19545054.0,104120003.0,1599409531.0000002,0.012220168519178343,000059
2020-08-21,5.31,5.34,5.22,5.27,16745447.0,88236682.0,1599409531.0000002,0.010469768170963836,000059
2020-08-24,5.23,5.29,5.22,5.24,12021032.0,63188676.0,1599409531.0000002,0.0075159186981236005,000059
2020-08-25,5.25,5.28,5.13,5.19,21456565.0,111436016.0,1599409531.0000002,0.013415303950692787,000059
2020-08-26,5.17,5.18,5.06,5.08,13349790.0,68260044.0,1599409531.0000002,0.008346699041897856,000059
2020-08-27,5.09,5.13,5.06,5.09,8178392.0,41634880.0,1599409531.0000002,0.005113382058494185,000059
2020-08-28,5.09,5.14,5.08,5.13,9008410.0,45983784.0,1599409531.0000002,0.0056323348244446585,000059
2020-08-31,5.15,5.2,5.15,5.16,10179321.0,52681612.0,1599409531.0000002,0.00636442437205909,000059
2020-09-01,5.16,5.17,5.13,5.15,6546707.0,33675455.0,1599409531.0000002,0.004093202443220903,000059
2020-09-02,5.15,5.17,5.07,5.1,9883409.0,50492073.0,1599409531.0000002,0.006179411094180855,000059
2020-09-03,5.11,5.16,5.08,5.1,8349186.0,42787575.0,1599409531.0000002,0.005220167717007308,000059
2020-09-04,5.08,5.09,5.04,5.07,8913435.0,45136208.0,1599409531.0000002,0.005572953535188105,000059
2020-09-07,5.07,5.12,4.97,4.99,12775656.0,64431911.0,1599409531.0000002,0.007987732817880774,000059
2020-09-08,5.01,5.05,4.94,5.05,9593967.0,47920820.0,1599409531.0000002,0.00599844305917169,000059
2020-09-09,4.99,5.08,4.96,5.0,10379708.0,52090171.0,1599409531.0000002,0.006489712483775363,000059
2020-09-10,4.99,5.03,4.82,4.83,17860953.0,87726685.0,1599409531.0000002,0.01116721680958896,000059
2020-09-11,4.78,4.86,4.78,4.84,7564422.0,36432535.0,1599409531.0000002,0.004729509142833787,000059
2020-09-14,4.86,4.93,4.81,4.88,6238430.0,30413482.0,1599409531.0000002,0.0039004581872783646,000059
2020-09-15,4.85,4.9,4.82,4.88,5596343.0,27171786.0,1599409531.0000002,0.003499005658982783,000059
2020-09-16,4.87,4.98,4.87,4.9,8514759.0,41961798.0,1599409531.0000002,0.005323689045842005,000059
2020-09-17,4.91,4.94,4.88,4.92,4607059.0,22632537.0,1599409531.0000002,0.002880474894456534,000059
2020-09-18,4.92,4.99,4.9,4.99,7738287.0,38265943.0,1599409531.0000002,0.00483821488494056,000059
2020-09-21,4.99,5.01,4.89,4.89,10647869.0,52561161.0,1599409531.0000002,0.006657374983468195,000059
2020-09-22,4.86,5.01,4.83,4.99,12451502.0,61199015.0,1599409531.0000002,0.007785061773525219,000059
2020-09-23,4.95,4.99,4.89,4.91,13324111.0,65775960.0,1599409531.0000002,0.008330643741799735,000059
2020-09-24,4.85,4.87,4.79,4.79,8887315.0,42840654.0,1599409531.0000002,0.005556622508334921,000059
2020-09-25,4.82,4.84,4.79,4.8,3853185.0,18548022.0,1599409531.0000002,0.0024091296977521884,000059
2020-09-28,4.8,4.84,4.78,4.79,4716830.0,22663920.0,1599409531.0000002,0.0029491070976992943,000059
2020-09-29,4.82,4.84,4.8,4.83,3090184.0,14912492.0,1599409531.0000002,0.001932078020110285,000059
2020-09-30,4.83,4.86,4.8,4.8,3560153.0,17177712.0,1599409531.0000002,0.0022259170843968164,000059
2020-10-09,4.87,4.91,4.86,4.9,6367066.0,31120215.0,1599409531.0000002,0.003980885368376612,000059
2020-10-12,4.89,4.99,4.88,4.98,8294064.0,41063423.0,1599409531.0000002,0.005185703748316602,000059
2020-10-13,4.97,4.97,4.93,4.95,5286014.0,26155752.0,1599409531.0000002,0.003304978429567705,000059
2020-10-14,5.05,5.12,4.99,5.0,15492270.0,78076816.0,1599409531.0000002,0.00968624339153072,000059
2020-10-15,5.01,5.21,5.0,5.15,19590587.0,100513726.0,1599409531.0000002,0.012248637150330947,000059
2020-10-16,5.15,5.22,5.1,5.17,10095831.0,52112784.0,1599409531.0000002,0.006312223857818188,000059
2020-10-19,5.21,5.22,5.1,5.12,8310946.0,42787220.0,1599409531.0000002,0.00519625889362041,000059
2020-10-20,5.11,5.18,5.08,5.15,7780326.0,40008322.0,1599409531.0000002,0.0048644989598977196,000059
2020-10-21,5.15,5.21,5.14,5.2,9820970.0,50878108.0,1599409531.0000002,0.006140372312186752,000059
2020-10-22,5.17,5.23,5.15,5.17,10690344.0,55399434.0,1599409531.0000002,0.006683931659026733,000059
2020-10-23,5.19,5.19,5.11,5.11,6523400.0,33516899.0,1599409531.0000002,0.004078630190431196,000059
2020-10-26,5.16,5.16,5.04,5.08,6712112.0,34100016.0,1599409531.0000002,0.004196618733291767,000059
2020-10-27,5.05,5.08,5.01,5.06,4827802.0,24374549.0,1599409531.0000002,0.003018490203057318,000059
2020-10-28,5.05,5.12,5.01,5.11,8305306.0,42242989.0,1599409531.0000002,0.005192732592263137,000059
2020-10-29,5.04,5.09,5.03,5.07,6271934.0,31764663.0,1599409531.0000002,0.003921405917894333,000059
2020-10-30,5.05,5.1,4.97,4.98,11598519.0,58461960.0,1599409531.0000002,0.0072517505836971275,000059
2020-11-02,5.0,5.09,4.97,5.07,8478376.0,42841162.0,1599409531.0000002,0.005300941275933911,000059
2020-11-03,5.08,5.13,5.07,5.12,9441090.0,48135365.0,1599409531.0000002,0.005902859659775279,000059
2020-11-04,5.15,5.16,5.1,5.12,7561043.0,38733528.0,1599409531.0000002,0.004727396488173109,000059
2020-11-05,5.14,5.16,5.09,5.15,8009855.0,41072748.0,1599409531.0000002,0.005008007545754708,000059
2020-11-06,5.16,5.18,5.12,5.17,7495010.0,38610092.0,1599409531.0000002,0.00468611062690985,000059
2020-11-09,5.2,5.28,5.18,5.21,10378081.0,54303722.0,1599409531.0000002,0.006488695233366093,000059
2020-11-10,5.26,5.36,5.25,5.28,15892102.0,84257143.0,1599409531.0000002,0.009936230647608913,000059
2020-11-11,5.29,5.45,5.26,5.4,22127711.0,119211762.0,1599409531.0000002,0.013834925058977904,000059
2020-11-12,5.41,5.65,5.38,5.61,31741152.0,176776850.0,1599409531.0000002,0.019845543861523977,000059
2020-11-13,5.57,5.61,5.48,5.6,19023451.0,105681799.0,1599409531.0000002,0.011894046291012128,000059
2020-11-16,5.65,5.99,5.65,5.97,45723156.0,268611715.0,1599409531.0000002,0.028587522528649975,000059
2020-11-17,5.93,6.03,5.82,5.99,25926748.0,153466378.0,1599409531.0000002,0.016210199762777325,000059
2020-11-18,5.95,6.03,5.9,5.99,23578169.0,140693228.0,1599409531.0000002,0.014741795983457845,000059
2020-11-19,6.0,6.12,5.82,5.91,30793179.0,182741741.0,1599409531.0000002,0.019252842003978275,000059
2020-11-20,5.93,5.95,5.82,5.93,20260891.0,119578152.0,1599409531.0000002,0.012667731814335422,000059
2020-11-23,5.95,6.14,5.92,6.06,31256783.0,189832045.0,1599409531.0000002,0.019542701474623135,000059
2020-11-24,6.08,6.13,6.02,6.09,18110253.0,110004670.0,1599409531.0000002,0.011323086832349255,000059
2020-11-25,6.18,6.3,5.95,5.96,27698053.0,168597862.0,1599409531.0000002,0.01731767409356522,000059
2020-11-26,5.96,6.03,5.81,5.84,19271118.0,113551221.0,1599409531.0000002,0.012048895311978728,000059
2020-11-27,5.88,5.89,5.73,5.82,14862794.0,86081707.0,1599409531.0000002,0.00929267564806077,000059
2020-11-30,5.83,6.03,5.8,5.8,17902464.0,105865281.0,1599409531.0000002,0.01119317076271693,000059
2020-12-01,5.8,5.87,5.74,5.85,16277181.0,94535137.0,1599409531.0000002,0.010176993874622595,000059
2020-12-02,5.88,5.88,5.75,5.77,16492237.0,95785747.0,1599409531.0000002,0.010311453496021462,000059
2020-12-03,5.8,5.81,5.67,5.7,14231536.0,81578559.0,1599409531.0000002,0.0088979937434173,000059
2020-12-04,5.68,5.73,5.6,5.72,13928841.0,78918792.0,1599409531.0000002,0.008708739525449281,000059
2020-12-07,5.72,5.73,5.57,5.59,12993711.0,73099914.0,1599409531.0000002,0.00812406750626022,000059
2020-12-08,5.6,5.64,5.56,5.59,7995853.0,44740257.0,1599409531.0000002,0.004999253064973763,000059
2020-12-09,5.59,5.6,5.4,5.43,14909011.0,81822587.0,1599409531.0000002,0.009321571937037556,000059
2020-12-10,5.42,5.52,5.38,5.49,8787057.0,47957450.0,1599409531.0000002,0.005493938125094241,000059
2020-12-11,5.53,5.62,5.32,5.34,18116342.0,98563362.0,1599409531.0000002,0.011326893862307487,000059
2020-12-14,5.33,5.42,5.29,5.37,9883449.0,52933589.0,1599409531.0000002,0.006179436103410339,000059
2020-12-15,5.36,5.38,5.28,5.35,5914810.0,31511681.0,1599409531.0000002,0.0036981210161364225,000059
2020-12-16,5.34,5.45,5.32,5.38,9084192.0,48925344.0,1599409531.0000002,0.005679716060163955,000059
2020-12-17,5.38,5.82,5.38,5.67,24757257.0,139225044.0,1599409531.0000002,0.015478998042809585,000059
2020-12-18,5.67,5.76,5.65,5.68,12333685.0,70260151.0,1599409531.0000002,0.007711398963771711,000059
2020-12-21,5.68,5.72,5.63,5.68,10883946.0,61824941.0,1599409531.0000002,0.006804977580191748,000059
2020-12-22,5.68,5.7,5.48,5.48,15490871.0,86365653.0,1599409531.0000002,0.00968536869372951,000059
2020-12-23,5.52,5.64,5.45,5.47,12721727.0,70249964.0,1599409531.0000002,0.007954014749459436,000059
2020-12-24,5.51,5.57,5.42,5.43,9566937.0,52432513.0,1599409531.0000002,0.00598154307234774,000059
2020-12-25,5.42,5.81,5.41,5.7,18749882.0,106387319.0,1599409531.0000002,0.011723002543493032,000059
2020-12-28,5.74,5.76,5.52,5.53,16084299.0,90194469.0,1599409531.0000002,0.010056398119588295,000059
2020-12-29,5.59,5.63,5.47,5.49,10277127.0,56848197.0,1599409531.0000002,0.006425575689532388,000059
2020-12-30,5.54,5.55,5.46,5.53,9843620.0,54301900.0,1599409531.0000002,0.006154533788382182,000059
2020-12-31,5.58,5.64,5.42,5.52,21223319.0,117370880.0,1599409531.0000002,0.013269471382185979,000059
2021-01-04,5.5,5.77,5.5,5.65,19574701.0,110829761.0,1599409531.0000002,0.012238704734841297,000059
2021-01-05,5.58,5.67,5.53,5.64,15658691.0,87683248.0,1599409531.0000002,0.009790294916030482,000059
2021-01-06,5.71,5.79,5.59,5.63,15987357.0,90701416.0,1599409531.0000002,0.009995787001471856,000059
2021-01-07,5.62,5.73,5.55,5.64,19118546.0,107627747.0,1599409531.0000002,0.011953502607957134,000059
2021-01-08,5.61,5.64,5.44,5.54,17461419.0,96457409.0,1599409531.0000002,0.010917415872270426,000059
2021-01-11,5.54,5.59,5.34,5.37,17501195.0,95649596.0,1599409531.0000002,0.010942285050069517,000059
2021-01-12,5.35,5.46,5.32,5.42,9054692.0,48792958.0,1599409531.0000002,0.005661271753419355,000059
2021-01-13,5.45,5.55,5.34,5.49,11720255.0,63929738.0,1599409531.0000002,0.00732786367270935,000059
2021-01-14,5.44,5.52,5.43,5.45,9164981.0,50065074.0,1599409531.0000002,0.005730227826183936,000059
2021-01-15,5.45,5.49,5.4,5.45,7660473.0,41687220.0,1599409531.0000002,0.004789563180363466,000059
2021-01-18,5.44,5.69,5.41,5.65,17249283.0,96443155.0,1599409531.0000002,0.010784781924623905,000059
2021-01-19,5.62,5.93,5.62,5.86,24576426.0,143399353.0,1599409531.0000002,0.015365936943388139,000059
2021-01-20,5.88,5.92,5.75,5.87,14176973.0,82623157.0,1599409531.0000002,0.008863879278708636,000059
2021-01-21,5.83,5.87,5.77,5.8,12373126.0,71820974.0,1599409531.0000002,0.007736058689273872,000059
2021-01-22,5.78,5.81,5.65,5.74,12653990.0,72515110.0,1599409531.0000002,0.00791166349502015,000059
2021-01-25,5.73,5.83,5.64,5.81,19978743.0,114649351.0,1599409531.0000002,0.012491324212322703,000059
2021-01-26,5.76,5.78,5.57,5.61,14145936.0,79890803.0,1599409531.0000002,0.008844473992321106,000059
2021-01-27,5.58,5.86,5.58,5.74,19505489.0,111975149.0,1599409531.0000002,0.01219543126506478,000059
2021-01-28,5.69,6.06,5.61,6.0,38524154.0,226360477.0,1599409531.0000002,0.024086485201769123,000059
2021-01-29,5.82,5.89,5.4,5.4,49660279.0,273667300.0,1599409531.0000002,0.03104913284401329,000059
2021-02-01,5.31,5.35,5.0,5.02,43967087.0,223659905.0,1599409531.0000002,0.027489574213372617,000059
2021-02-02,5.07,5.12,5.01,5.05,17279773.0,87440200.0,1599409531.0000002,0.010803845209798239,000059
2021-02-03,5.08,5.08,4.94,4.96,14307165.0,71291093.0,1599409531.0000002,0.00894527931883382,000059
2021-02-04,4.96,5.04,4.93,5.0,11047791.0,54958211.0,1599409531.0000002,0.006907418510312727,000059
2021-02-05,5.02,5.05,4.8,4.83,14952632.0,73726412.0,1599409531.0000002,0.009348845127020815,000059
2021-02-08,4.85,5.11,4.81,5.03,14591910.0,72706601.0,1599409531.0000002,0.009123310645070801,000059
2021-02-09,5.06,5.12,5.04,5.12,12503947.0,63591591.0,1599409531.0000002,0.007817851999532693,000059
2021-02-10,5.11,5.24,5.09,5.19,12739300.0,65775905.0,1599409531.0000002,0.007965001929202582,000059
2021-02-18,5.41,5.71,5.38,5.66,42337825.0,233898244.0,1599409531.0000002,0.026470909532175343,000059
2021-02-19,5.64,6.09,5.59,6.04,48325331.0,286559565.0,1599409531.0000002,0.030214482321976356,000059
2021-02-22,6.21,6.45,6.13,6.27,58499220.0,369501241.0,1599409531.0000002,0.03657551044067149,000059
2021-02-23,6.31,6.4,6.21,6.3,42820404.0,270539769.0,1599409531.0000002,0.026772632756056767,000059
2021-02-24,6.26,6.35,6.07,6.15,40595999.0,250696398.0,1599409531.0000002,0.02538186637828657,000059
2021-02-25,6.26,6.55,6.15,6.15,37336079.0,234631456.0,1599409531.0000002,0.02334366419378302,000059
2021-02-26,6.0,6.18,5.9,6.02,31390695.0,190413872.0,1599409531.0000002,0.01962642737309035,000059
2021-03-01,6.06,6.24,6.05,6.23,25598810.0,157786333.0,1599409531.0000002,0.016005162845312566,000059
2021-03-02,6.19,6.19,5.84,5.91,34337231.0,204876570.0,1599409531.0000002,0.021468692248276963,000059
2021-03-03,5.91,6.07,5.84,6.03,31078966.0,185327373.0,1599409531.0000002,0.019431524820643323,000059
2021-03-04,6.07,6.12,5.95,6.0,22816162.0,137548392.0,1599409531.0000002,0.014265365785168625,000059
2021-03-05,6.14,6.18,5.89,6.06,25550345.0,153863064.0,1599409531.0000002,0.015974861037638767,000059
2021-03-08,6.2,6.26,6.02,6.02,21296500.0,130542283.0,1599409531.0000002,0.013315226392758063,000059
2021-03-09,5.96,6.07,5.8,5.88,23576795.0,140025299.0,1599409531.0000002,0.014740936916425064,000059
2021-03-10,5.85,5.91,5.77,5.77,15485336.0,90467736.0,1599409531.0000002,0.009681908041599633,000059
2021-03-11,5.81,6.13,5.76,6.0,24267466.0,145015084.0,1599409531.0000002,0.015172765654852156,000059
2021-03-12,6.01,6.11,5.95,6.03,17846975.0,107578062.0,1599409531.0000002,0.011158477334345707,000059
2021-03-15,6.03,6.17,6.03,6.14,19457150.0,118790670.0,1599409531.0000002,0.01216520823646386,000059
2021-03-16,6.1,6.13,5.98,6.0,20729602.0,124975149.0,1599409531.0000002,0.012960784338354675,000059
2021-03-17,6.0,6.02,5.9,6.0,11566383.0,68985883.0,1599409531.0000002,0.007231658168729518,000059
2021-03-18,5.97,6.2,5.95,6.04,23932590.0,145360871.0,1599409531.0000002,0.01496339088653336,000059
2021-03-19,5.9,6.05,5.83,5.9,22422956.0,132487168.0,1599409531.0000002,0.01401952130795449,000059
2021-03-22,5.93,6.29,5.93,6.18,29521638.0,181552225.0,1599409531.0000002,0.01845783548728896,000059
2021-03-23,6.19,6.2,5.8,5.81,32414214.0,192593449.0,1599409531.0000002,0.02026636291190139,000059
2021-03-24,5.75,5.85,5.57,5.6,23000214.0,130328404.0,1599409531.0000002,0.014380440752794287,000059
2021-03-25,5.63,5.65,5.47,5.5,15287195.0,84742150.0,1599409531.0000002,0.009558024198118898,000059
2021-03-26,5.5,5.61,5.48,5.57,10652296.0,59212038.0,1599409531.0000002,0.006660142879941359,000059
2021-03-29,5.61,5.78,5.61,5.74,16935888.0,96534117.0,1599409531.0000002,0.010588837737768862,000059
2021-03-30,5.77,5.81,5.72,5.74,10900499.0,62795000.0,1599409531.0000002,0.006815327024583048,000059
2021-03-31,5.75,5.8,5.7,5.76,9036073.0,51957659.0,1599409531.0000002,0.005649630582325196,000059
2021-04-01,5.76,5.99,5.72,5.96,16311535.0,95600341.0,1599409531.0000002,0.010198473051365103,000059
2021-04-02,5.94,6.04,5.83,5.87,13167445.0,77954187.0,1599409531.0000002,0.008232691343140431,000059
2021-04-06,5.87,5.98,5.82,5.97,12113167.0,71578084.0,1599409531.0000002,0.0075735243320867755,000059
2021-04-07,5.96,6.08,5.96,6.07,15451097.0,92992364.0,1599409531.0000002,0.009660500766391893,000059
2021-04-08,6.07,6.22,6.07,6.19,22709168.0,139651047.0,1599409531.0000002,0.014198469847682804,000059
2021-04-09,6.19,6.26,6.14,6.24,21264757.0,131995025.0,1599409531.0000002,0.013295379693470138,000059
2021-04-12,6.17,6.3,6.12,6.15,33933179.0,210545330.0,1599409531.0000002,0.02121606651848819,000059
2021-04-13,6.21,6.3,6.19,6.24,29318885.0,183042984.0,1599409531.0000002,0.0183310680796487,000059
2021-04-14,6.2,6.24,5.62,6.2,38894439.0,237359448.0,1599409531.0000002,0.024317998765258073,000059
2021-04-15,6.28,6.34,6.19,6.25,27292379.0,170971531.0,1599409531.0000002,0.017064034239520857,000059
2021-04-16,6.28,6.49,6.25,6.4,29647113.0,190095236.0,1599409531.0000002,0.01853628631402722,000059
2021-04-19,6.44,6.48,6.34,6.36,20783156.0,132981571.0,1599409531.0000002,0.012994267945249601,000059
2021-04-20,6.36,6.4,6.3,6.35,17798465.0,112949078.0,1599409531.0000002,0.01112814739128874,000059
2021-04-21,6.32,6.33,6.17,6.2,18290244.0,113766711.0,1599409531.0000002,0.011435622737951533,000059
2021-04-22,6.28,6.38,6.22,6.25,17299334.0,109035201.0,1599409531.0000002,0.01081607534824675,000059
2021-04-23,6.25,6.29,6.13,6.23,12834942.0,79724249.0,1599409531.0000002,0.008024800247360785,000059
2021-04-26,6.24,6.32,6.2,6.25,23526384.0,147022487.0,1599409531.0000002,0.01470941840973686,000059
2021-04-27,6.25,6.29,6.06,6.18,26045939.0,161312082.0,1599409531.0000002,0.016284721639563616,000059
2021-04-28,6.21,6.45,6.13,6.42,26801233.0,169918593.0,1599409531.0000002,0.016756954663914653,000059
2021-04-29,6.41,6.45,6.25,6.33,19111036.0,120907122.0,1599409531.0000002,0.011948807125121474,000059
2021-04-30,6.36,6.41,6.23,6.25,17986616.0,113312355.0,1599409531.0000002,0.011245785179705795,000059
2021-05-06,6.28,6.68,6.26,6.62,42425627.0,277151488.0,1599409531.0000002,0.02652580604135464,000059
2021-05-07,6.69,7.28,6.6,7.21,106498764.0,757485920.0,1599409531.0000002,0.0665863007164986,000059
2021-05-10,7.08,7.57,7.08,7.42,107644263.0,791375339.0,1599409531.0000002,0.06730250190062172,000059
2021-05-11,7.42,7.75,7.4,7.53,85745723.0,650491720.0,1599409531.0000002,0.05361086159489691,000059
2021-05-12,7.53,8.05,7.52,8.0,77731721.0,614284815.0,1599409531.0000002,0.04860026121727543,000059
2021-05-13,7.87,8.19,7.68,7.82,60128048.0,475752028.0,1599409531.0000002,0.03759390377172886,000059
2021-05-14,7.73,7.93,7.45,7.54,58734304.0,447915011.0,1599409531.0000002,0.0367224921832731,000059
2021-05-17,7.64,7.71,7.42,7.6,40547873.0,307848080.0,1599409531.0000002,0.025351776523832654,000059
2021-05-18,7.67,8.22,7.51,8.05,68144136.0,548007355.0,1599409531.0000002,0.042605808380667944,000059
2021-05-19,8.03,8.14,7.68,7.8,48088852.0,380025354.0,1599409531.0000002,0.030066628382496487,000059
2021-05-20,7.6,7.73,7.38,7.59,43556428.0,328852317.0,1599409531.0000002,0.02723281758410379,000059
2021-05-21,7.61,7.81,7.54,7.68,24820326.0,190607830.0,1599409531.0000002,0.015518430720168064,000059
2021-05-24,7.67,7.87,7.52,7.58,23975632.0,183152023.0,1599409531.0000002,0.014990302067919837,000059
2021-05-25,7.72,7.76,7.35,7.57,30688207.0,231203815.0,1599409531.0000002,0.019187210283042884,000059
2021-05-26,7.6,7.77,7.49,7.64,30626016.0,233407824.0,1599409531.0000002,0.019148326558271582,000059
2021-05-27,7.59,7.85,7.5,7.58,29958784.0,228951470.0,1599409531.0000002,0.018731152603091494,000059
2021-05-28,7.62,7.8,7.56,7.68,31992467.0,245348197.0,1599409531.0000002,0.020002673724219537,000059
2021-05-31,7.77,7.91,7.55,7.6,36827433.0,283375279.0,1599409531.0000002,0.023025643080277478,000059
2021-06-01,7.62,7.75,7.31,7.69,46521146.0,349597600.0,1599409531.0000002,0.02908645040455245,000059
2021-06-02,7.72,7.94,7.63,7.73,43328447.0,337298380.0,1599409531.0000002,0.02709027685542784,000059
2021-06-03,7.78,8.13,7.64,7.64,58990963.0,465368297.0,1599409531.0000002,0.03688296327902775,000059
2021-06-04,7.45,7.6,6.91,6.98,83286081.0,598109072.0,1599409531.0000002,0.052073017814222335,000059
2021-06-07,7.04,7.38,7.01,7.26,50472028.0,365311905.0,1599409531.0000002,0.03155666326962759,000059
2021-06-08,7.34,7.48,7.16,7.38,39289944.0,288910264.0,1599409531.0000002,0.024565280647936814,000059
2021-06-09,7.48,8.11,7.26,7.91,60335362.0,468471061.0,1599409531.0000002,0.03772352285676106,000059
2021-06-10,7.87,7.9,7.68,7.75,36895811.0,286486951.0,1599409531.0000002,0.02306839510761925,000059
2021-06-11,7.74,8.0,7.65,7.78,40148091.0,313684657.0,1599409531.0000002,0.025101820529291316,000059
2021-06-15,7.79,8.03,7.68,7.76,42197376.0,330037278.0,1599409531.0000002,0.026383096500379673,000059
2021-06-16,7.87,7.93,7.64,7.68,33087470.0,257629602.0,1599409531.0000002,0.020687303257041798,000059
2021-06-17,7.58,7.7,7.47,7.57,28387365.0,215199604.0,1599409531.0000002,0.017748653143420588,000059
2021-06-18,7.51,7.62,7.29,7.48,32005280.0,238455527.0,1599409531.0000002,0.020010684805654065,000059
2021-06-21,7.49,7.55,7.17,7.2,26010148.0,189821111.0,1599409531.0000002,0.01626234400625189,000059
2021-06-22,7.26,7.52,7.25,7.35,23286915.0,171945477.0,1599409531.0000002,0.014559695030353046,000059
2021-06-23,7.35,7.42,7.22,7.37,16057996.0,117740523.0,1599409531.0000002,0.01003995267551022,000059
2021-06-24,7.37,7.48,7.27,7.31,18157236.0,133561626.0,1599409531.0000002,0.011352462048070663,000059
2021-06-25,7.39,7.52,7.31,7.41,23080154.0,171174120.0,1599409531.0000002,0.014430421697918465,000059
2021-06-28,7.41,7.62,7.3,7.35,21846961.0,162274276.0,1599409531.0000002,0.013659391529535657,000059
2021-06-29,7.43,8.09,7.42,8.09,56355729.0,441730085.0,1599409531.0000002,0.03523533398276341,000059
2021-06-30,8.27,8.29,8.0,8.16,60664406.0,493934012.0,1599398529.0,0.03792951218851596,000059
2021-07-01,8.13,8.13,7.56,7.66,39131016.0,305442120.0,1599398529.0,0.024466082274357277,000059
2021-07-02,7.73,7.84,7.59,7.64,31130706.0,240040525.0,1599398529.0,0.019464008147777906,000059
2021-07-05,7.61,7.66,7.46,7.57,25988727.0,195710138.0,1599398529.0,0.016249062712499217,000059
2021-07-06,7.58,7.79,7.51,7.68,30455655.0,233218738.0,1599398529.0,0.0190419426101648,000059
2021-07-07,7.55,7.93,7.33,7.92,35237149.0,272333964.0,1599398529.0,0.022031500192782782,000059
2021-07-08,7.84,7.94,7.71,7.74,24272423.0,188896492.0,1599398529.0,0.015175969315900253,000059
2021-07-09,7.66,7.96,7.55,7.88,32165845.0,250371425.0,1599398529.0,0.02011121331974165,000059
2021-07-12,7.88,8.02,7.54,7.54,52457273.0,403926611.0,1599398529.0,0.03279812507567962,000059
2021-07-13,7.54,8.07,7.52,7.96,59965585.0,468461944.0,1599398529.0,0.037492584814050434,000059
2021-07-14,8.06,8.46,7.94,8.09,89577040.0,732859227.0,1599398529.0,0.056006704005165435,000059
2021-07-15,7.55,7.58,7.28,7.28,86924779.0,636399288.0,1599398529.0,0.05434841749813814,000059
2021-07-16,7.31,7.36,7.02,7.03,77781981.0,558404743.0,1599398529.0,0.048632019843504556,000059
2021-07-19,7.07,7.11,6.92,6.94,38146580.0,266696891.0,1599398529.0,0.023850578394523456,000059
2021-07-20,6.82,6.87,6.61,6.84,35879446.0,242212661.0,1599398529.0,0.022433086781962396,000059
2021-07-21,6.84,6.91,6.71,6.77,24845727.0,168863892.0,1599398529.0,0.015534419064105567,000059
2021-07-22,6.83,6.89,6.79,6.84,26010366.0,178001457.0,1599398529.0,0.016262592173485736,000059
2021-07-23,6.85,6.93,6.7,6.72,29063458.0,198210993.0,1599398529.0,0.018171492266015457,000059
2021-07-26,6.7,6.79,6.52,6.66,25882409.0,172251309.0,1599398529.0,0.016182588973732887,000059
2021-07-27,6.69,6.75,6.38,6.4,26761448.0,175794011.0,1599398529.0,0.01673219495627034,000059
2021-07-28,6.41,6.52,6.23,6.46,27078024.0,173474891.0,1599398529.0,0.01693012936364905,000059
2021-07-29,6.5,6.53,6.35,6.4,20559146.0,131736299.0,1599398529.0,0.012854298429831806,000059
2021-07-30,6.4,6.41,6.28,6.34,19775882.0,125406308.0,1599398529.0,0.012364574333055423,000059
2021-08-02,6.33,6.52,6.18,6.45,22056606.0,140334862.0,1599398529.0,0.013790562889782426,000059
2021-08-03,6.43,6.43,6.26,6.29,16316386.0,103487476.0,1599398529.0,0.010201576220156695,000059
2021-08-04,6.29,6.43,6.27,6.39,17160393.0,109052415.0,1599398529.0,0.010729278968844168,000059
2021-08-05,6.37,6.46,6.28,6.4,19235809.0,122885445.0,1599398529.0,0.012026901770396715,000059
2021-08-06,6.41,6.51,6.35,6.5,18082850.0,116621216.0,1599398529.0,0.011306031406259971,000059
2021-08-09,6.5,6.62,6.46,6.6,22734622.0,148769610.0,1599398529.0,0.0142144822492831,000059
2021-08-10,6.57,6.64,6.55,6.59,15888758.0,104649629.0,1599398529.0,0.009934208211341928,000059
2021-08-11,6.61,6.77,6.6,6.76,21052547.0,140913749.0,1599398529.0,0.013162790022798626,000059
2021-08-12,6.78,6.89,6.72,6.86,19972604.0,136342951.0,1599398529.0,0.012487571820193916,000059
2021-08-13,6.91,7.05,6.86,6.97,25679680.0,179067149.0,1599398529.0,0.01605583569972134,000059
2021-08-16,7.06,7.12,6.91,7.02,20512404.0,143371917.0,1599398529.0,0.01282507369368726,000059
2021-08-17,7.01,7.03,6.8,6.81,23646641.0,163202914.0,1599398529.0,0.014784708483372627,000059
2021-08-18,6.8,7.09,6.78,7.02,21153019.0,147805977.0,1599398529.0,0.013225608637533016,000059
2021-08-19,7.03,7.03,6.87,6.94,12068799.0,83764859.0,1599398529.0,0.0075458360009533305,000059
2021-08-20,6.89,7.03,6.78,7.01,14888752.0,103304406.0,1599398529.0,0.009308969421967,000059
2021-08-23,7.01,7.14,6.96,7.05,20463121.0,144364895.0,1599398529.0,0.012794260235311246,000059
2021-08-24,7.04,7.14,7.02,7.13,16727769.0,118775798.0,1599398529.0,0.010458787285779729,000059
2021-08-25,7.16,7.3,7.1,7.28,25001201.0,180479154.0,1599398529.0,0.01563162685639809,000059
2021-08-26,7.27,7.55,7.24,7.36,31375334.0,231813581.0,1599398529.0,0.019616958144645136,000059
2021-08-27,7.37,7.48,7.25,7.43,25606115.0,188772135.0,1599398529.0,0.01600984028415347,000059
2021-08-30,7.38,7.56,7.32,7.44,30876588.0,229245984.0,1599398529.0,0.019305124670400395,000059
2021-08-31,7.45,7.74,7.27,7.7,40618106.0,307679653.0,1599398529.0,0.0253958630469642,000059
2021-09-01,7.69,7.69,7.14,7.2,54627011.0,400531221.0,1599398529.0,0.03415472129648307,000059
2021-09-02,7.18,7.74,7.17,7.66,53141077.0,400101229.0,1599398529.0,0.033225663295580035,000059
2021-09-03,7.65,7.85,7.53,7.57,30263801.0,231315060.0,1599398529.0,0.01892198876719112,000059
2021-09-06,7.57,7.66,7.27,7.49,25438640.0,188824563.0,1599398529.0,0.015905129046170332,000059
2021-09-07,7.6,8.02,7.51,8.01,48260938.0,378811612.0,1599398529.0,0.030174429402642023,000059
2021-09-08,7.98,8.01,7.84,7.97,31351477.0,248505728.0,1599398529.0,0.019602041912344412,000059
2021-09-09,7.95,8.43,7.91,8.37,72291354.0,595682192.0,1599398529.0,0.04519908746270955,000059
2021-09-10,8.44,8.59,8.2,8.22,60512206.0,506626610.0,1599398529.0,0.03783435141573773,000059
2021-09-13,8.19,8.79,8.19,8.74,66383333.0,567035424.0,1599398529.0,0.041505185728478305,000059
2021-09-14,8.77,8.8,8.33,8.63,73509473.0,629522961.0,1599398529.0,0.045960698141920074,000059
2021-09-15,8.46,8.7,8.37,8.56,51106598.0,437734701.0,1599398529.0,0.03195363574077665,000059
2021-09-16,8.77,8.98,8.64,8.84,92669245.0,820421668.0,1599398529.0,0.05794005891573507,000059
2021-09-17,8.71,9.33,8.3,8.78,77178120.0,685983399.0,1599398529.0,0.048254464788244154,000059
2021-09-22,8.66,9.13,8.49,9.13,52750005.0,466759238.0,1599398529.0,0.032981151378813106,000059
2021-09-23,9.13,9.16,8.63,8.73,59631380.0,524715147.0,1599398529.0,0.03728362813818744,000059
2021-09-24,8.73,8.8,8.19,8.24,58562352.0,491683425.0,1599398529.0,0.03661523437602211,000059
2021-09-27,8.29,8.31,7.42,7.57,62283395.0,480336494.0,1599398529.0,0.038941760837395395,000059
2021-09-28,7.55,7.91,7.5,7.85,41849962.0,323996757.0,1599398529.0,0.026166062579891243,000059
2021-09-29,7.72,7.74,7.18,7.2,40356146.0,297269931.0,1599398529.0,0.025232076476418966,000059
2021-09-30,7.22,7.28,6.98,7.0,51591681.0,364481700.0,1599398529.0,0.03225692662869768,000059
2021-10-08,7.16,7.3,7.05,7.15,34183421.0,244216418.0,1599398529.0,0.021372672526698316,000059
2021-10-11,7.14,7.28,6.96,7.16,26664102.0,190018601.0,1599398529.0,0.016671330826264628,000059
2021-10-12,7.07,7.2,6.65,6.81,44461839.0,305136046.0,1599398529.0,0.02779909959514537,000059
2021-10-13,6.82,6.84,6.58,6.7,23042028.0,153809856.0,1599398529.0,0.014406683251363676,000059
2021-10-14,6.7,6.84,6.6,6.73,21171418.0,142269831.0,1599398529.0,0.013237112336996528,000059
2021-10-15,6.48,6.66,6.4,6.58,31430817.0,206114013.0,1599398529.0,0.019651648060256533,000059
2021-10-18,6.55,6.82,6.5,6.77,23839717.0,159888938.0,1599398529.0,0.014905426363562698,000059
2021-10-19,6.74,6.87,6.7,6.8,21448075.0,145834933.0,1599398529.0,0.013410087986894728,000059
2021-10-20,6.73,6.79,6.65,6.73,16570333.0,111456424.0,1599398529.0,0.010360352782342718,000059
2021-10-21,6.74,7.16,6.72,6.99,37576279.0,261499517.0,1599398529.0,0.02349400622713715,000059
2021-10-22,6.97,6.99,6.76,6.79,25009535.0,171445916.0,1599398529.0,0.015636837565204488,000059
2021-10-25,6.78,7.04,6.74,6.88,19580406.0,134982910.0,1599398529.0,0.012242355888774236,000059
2021-10-26,6.88,6.93,6.71,6.78,18066816.0,123077536.0,1599398529.0,0.011296006387661246,000059
2021-10-27,6.73,6.8,6.47,6.51,24818436.0,163031248.0,1599398529.0,0.015517355774684473,000059
2021-10-28,6.48,6.55,5.86,5.95,50708737.0,307941114.0,1599398529.0,0.031704879103336976,000059
2021-10-29,6.03,6.08,5.88,5.9,26836967.0,159685667.0,1599398529.0,0.016779412081102396,000059
2021-11-01,5.93,6.11,5.88,6.03,21625096.0,130274587.0,1599398529.0,0.013520767718550278,000059
2021-11-02,6.07,6.1,5.81,5.92,29355385.0,175752113.0,1599398529.0,0.01835401525494338,000059
2021-11-03,5.92,6.01,5.84,5.95,12268598.0,72752291.0,1599398529.0,0.00767075733630364,000059
2021-11-04,5.94,5.97,5.83,5.94,15332681.0,90494329.0,1599398529.0,0.00958652938713563,000059
2021-11-05,5.94,5.94,5.69,5.7,19116516.0,110614230.0,1599398529.0,0.01195231560701279,000059
2021-11-08,5.71,5.87,5.65,5.83,22276925.0,128727829.0,1599398529.0,0.01392831404811177,000059
2021-11-09,5.78,5.91,5.72,5.89,17150203.0,99509213.0,1599398529.0,0.010722907823807309,000059
2021-11-10,5.85,5.92,5.78,5.9,16357451.0,95614758.0,1599398529.0,0.010227251496990717,000059
2021-11-11,5.88,5.96,5.85,5.93,18101806.0,107147912.0,1599398529.0,0.01131788336163963,000059
2021-11-12,5.94,6.08,5.91,6.06,17928728.0,107516764.0,1599398529.0,0.011209668931738775,000059
2021-11-15,6.06,6.08,5.96,6.04,15062940.0,90460124.0,1599398529.0,0.009417877862759995,000059
2021-11-16,6.04,6.06,5.91,5.91,12630630.0,75649899.0,1599398529.0,0.007897112427568076,000059
2021-11-17,5.92,6.05,5.9,6.04,14365242.0,85808328.0,1599398529.0,0.0089816526272421,000059
2021-11-18,6.01,6.14,6.0,6.09,18139785.0,110491344.0,1599398529.0,0.011341629163146492,000059
2021-11-19,6.15,6.46,6.03,6.37,31319227.0,197291650.0,1599398529.0,0.019581878082370052,000059
2021-11-22,6.35,6.73,6.31,6.67,35267659.0,231925984.0,1599398529.0,0.022050576113791086,000059
2021-11-23,6.74,7.34,6.72,7.34,59770991.0,433199485.0,1599398529.0,0.037370917827072726,000059
2021-11-24,7.14,7.78,7.11,7.66,98270471.0,742976346.0,1599398529.0,0.06144214166649393,000059
2021-11-25,7.62,7.74,7.3,7.39,58799731.0,440308337.0,1599398529.0,0.036763652044099135,000059
2021-11-26,7.42,7.6,7.29,7.53,48696064.0,362377122.0,1599398529.0,0.03044648542377145,000059
2021-11-29,7.38,7.7,7.15,7.5,66941489.0,496235485.0,1599398529.0,0.04185416441632853,000059
2021-11-30,7.51,7.7,7.35,7.45,43366530.0,324645482.0,1599398529.0,0.027114274030947294,000059
2021-12-01,7.44,7.51,7.25,7.34,30526527.0,224018156.0,1599398529.0,0.019086254267775434,000059
2021-12-02,7.38,7.39,7.07,7.19,35790994.0,256818728.0,1599398529.0,0.022377783492384343,000059
2021-12-03,7.17,7.23,7.07,7.12,18138485.0,129611028.0,1599398529.0,0.011340816357597138,000059
2021-12-06,7.16,7.3,6.99,7.02,28181425.0,200973766.0,1599398529.0,0.01762001432977434,000059
2021-12-07,7.08,7.08,6.76,6.87,30968929.0,212879614.0,1599398529.0,0.019362859499041093,000059
2021-12-08,6.89,7.09,6.86,7.07,21675460.0,151706070.0,1599398529.0,0.013552257056002331,000059
2021-12-09,7.07,7.28,7.01,7.05,29421130.0,209339360.0,1599398529.0,0.018395121332514367,000059
2021-12-10,7.01,7.16,7.0,7.04,16920037.0,119324855.0,1599398529.0,0.010578999976059125,000059
2021-12-13,7.04,7.74,7.01,7.49,80168251.0,603072376.0,1599398529.0,0.050123999457548585,000059
2021-12-14,7.46,7.46,7.19,7.37,45710087.0,333928595.0,1599398529.0,0.028579547980814732,000059
2021-12-15,7.37,7.37,7.21,7.3,20065341.0,146275361.0,1599398529.0,0.012545554241909647,000059
2021-12-16,7.31,7.46,7.3,7.44,18505664.0,136675893.0,1599398529.0,0.011570389533601979,000059
2021-12-17,7.42,7.42,7.26,7.32,15832550.0,115991798.0,1599398529.0,0.009899065000328007,000059
2021-12-20,7.25,7.29,7.08,7.11,15492224.0,110583216.0,1599398529.0,0.009686281260797633,000059
2021-12-21,7.08,7.16,7.01,7.15,10877412.0,77226428.0,1599398529.0,0.006800939104777681,000059
2021-12-22,7.22,7.24,7.07,7.07,12351666.0,88251814.0,1599398529.0,0.0077226943604372916,000059
2021-12-23,7.1,7.2,7.04,7.13,14009744.0,99971846.0,1599398529.0,0.008759382821715725,000059
2021-12-24,7.19,7.22,7.08,7.09,15127675.0,108207169.0,1599398529.0,0.00945835245294264,000059
2021-12-27,7.02,7.12,6.89,6.97,20255140.0,141738316.0,1599398529.0,0.01266422322688031,000059
2021-12-28,7.01,7.25,7.01,7.14,17841420.0,127680509.0,1599398529.0,0.011155080911044155,000059
2021-12-29,7.09,7.16,7.04,7.07,12721700.0,90116306.0,1599398529.0,0.00795405258247552,000059
2021-12-30,7.07,7.18,7.04,7.13,13482640.0,96204323.0,1599398529.0,0.00842981893226438,000059
2021-12-31,7.16,7.33,7.04,7.28,19720250.0,141882928.0,1599442537.0,0.01232945200831557,000059
2022-01-04,7.25,7.35,7.17,7.3,15614167.0,113577023.0,1599442537.0,0.009762255685213155,000059
2022-01-05,7.32,7.35,7.19,7.34,15964128.0,116175225.0,1599442537.0,0.009981057543926006,000059
2022-01-06,7.3,7.84,7.3,7.66,43181837.0,329405591.0,1599442537.0,0.026998054635331985,000059
2022-01-07,7.66,7.79,7.54,7.63,23574076.0,181052355.0,1599442537.0,0.014738932756044364,000059
2022-01-10,7.57,7.92,7.56,7.72,24732973.0,191007255.0,1599442537.0,0.015463495829234657,000059
2022-01-11,7.75,7.79,7.65,7.68,16201137.0,125216811.0,1599442537.0,0.01012923979775336,000059
2022-01-12,7.7,7.82,7.59,7.77,19008766.0,146596648.0,1599442537.0,0.01188461952228297,000059
2022-01-13,7.76,8.47,7.74,8.02,46678013.0,380964849.0,1599442537.0,0.029183926224415527,000059
2022-01-14,8.03,8.05,7.76,7.81,23477286.0,184760525.0,1599442537.0,0.014678417921806216,000059
2022-01-17,7.8,7.89,7.62,7.87,16787549.0,130274203.0,1599442537.0,0.0104958750387417,000059
2022-01-18,7.87,8.15,7.8,7.83,24630910.0,196714400.0,1599442537.0,0.01539968422135318,000059
2022-01-19,7.8,8.1,7.73,7.75,19735608.0,155879308.0,1599442537.0,0.012339054103823676,000059
2022-01-20,7.75,7.83,7.46,7.47,21353574.0,161784565.0,1599442537.0,0.013350635303255037,000059
2022-01-21,7.48,7.53,7.18,7.21,22893428.0,166822898.0,1599442537.0,0.01431337948716816,000059
2022-01-24,7.25,7.26,7.12,7.22,11585018.0,83436446.0,1599442537.0,0.0072431598710194865,000059
2022-01-25,7.21,7.22,6.74,6.79,19351985.0,134713826.0,1599442537.0,0.012099206162353052,000059
2022-01-26,6.87,7.22,6.87,7.13,22376664.0,158366163.0,1599442537.0,0.013990289417943622,000059
2022-01-27,7.18,7.31,6.93,7.11,25454428.0,181906238.0,1599442537.0,0.015914562362298858,000059
2022-01-28,7.3,7.3,6.87,7.01,22625214.0,159098663.0,1599442537.0,0.014145687310803338,000059
2022-02-07,7.17,7.39,7.07,7.37,22766563.0,165517741.0,1599442537.0,0.014234061226545958,000059
2022-02-08,7.3,7.58,7.26,7.57,21326246.0,159140458.0,1599442537.0,0.013333549350263403,000059
2022-02-09,7.59,7.87,7.55,7.66,21085181.0,162011547.0,1599442537.0,0.013182831212897773,000059
2022-02-10,7.66,7.78,7.55,7.61,17230909.0,131834565.0,1599442537.0,0.01077307161801462,000059
2022-02-11,7.56,7.76,7.36,7.38,18437368.0,138740087.0,1599442537.0,0.011527371301867533,000059
2022-02-14,7.49,7.67,7.41,7.45,21981399.0,165957262.0,1599442537.0,0.013743162690439313,000059
2022-02-15,7.39,7.47,7.26,7.36,10486799.0,77125278.0,1599442537.0,0.006556533765614113,000059
2022-02-16,7.33,7.44,7.27,7.42,9252835.0,68184981.0,1599442537.0,0.0057850374652127935,000059
2022-02-17,7.35,7.4,7.19,7.25,12149230.0,88182281.0,1599442537.0,0.007595915276073466,000059
2022-02-18,7.17,7.33,7.14,7.28,12242465.0,88532876.0,1599442537.0,0.007654207460908613,000059
2022-02-21,7.32,7.38,7.23,7.35,9361937.0,68269686.0,1599442537.0,0.0058532499814340005,000059
2022-02-22,7.42,7.47,7.22,7.27,11562316.0,84703514.0,1599442537.0,0.007228966175732014,000059
2022-02-23,7.2,7.31,7.17,7.26,13410969.0,96944633.0,1599442537.0,0.00838477700183861,000059
2022-02-24,7.24,7.37,6.99,7.1,22989703.0,165404625.0,1599442537.0,0.014373572334221344,000059
2022-02-25,7.15,7.3,7.11,7.19,20268253.0,146028063.0,1599442537.0,0.01267207325748396,000059
2022-02-28,7.3,7.55,7.17,7.21,22358149.0,163211961.0,1599442537.0,0.013978713509730798,000059
2022-03-01,7.11,7.26,6.99,7.09,21033183.0,148424143.0,1599442537.0,0.01315032113591962,000059
2022-03-02,7.2,7.35,7.1,7.24,30718433.0,221742617.0,1599442537.0,0.01920571217120256,000059
2022-03-03,7.29,7.53,7.25,7.52,54545258.0,405227327.0,1599442537.0,0.03410266810979531,000059
2022-03-04,7.43,7.44,7.07,7.17,43466926.0,312226379.0,1599442537.0,0.027176297362660425,000059
2022-03-07,7.24,7.24,6.76,6.83,46846560.0,323040559.0,1599442537.0,0.029289304814831243,000059
2022-03-08,6.78,6.78,6.35,6.4,29736815.0,193157939.0,1599442537.0,0.018591987090562166,000059
2022-03-09,6.48,6.61,6.1,6.4,20073993.0,128185042.0,1599442537.0,0.012550618440879943,000059
2022-03-10,6.52,6.59,6.37,6.47,10887755.0,70298794.0,1599442537.0,0.00680721860781673,000059
2022-03-11,6.33,7.12,6.17,7.12,47199772.0,320759095.0,1599442537.0,0.029510139256725295,000059
2022-03-14,7.42,7.79,6.81,6.95,124550528.0,926413996.0,1599442537.0,0.07787121144946765,000059
2022-03-15,6.95,7.03,6.26,6.26,63426901.0,419619380.0,1599442537.0,0.03965562971644289,000059
2022-03-16,6.4,6.66,6.12,6.51,49356951.0,317200805.0,1599442537.0,0.030858846040556442,000059
2022-03-17,6.5,6.63,6.42,6.58,35758000.0,232680830.0,1599442537.0,0.022356539339681198,000059
2022-03-18,6.58,6.6,6.44,6.54,27872743.0,181824350.0,1599442537.0,0.017426536030659537,000059
2022-03-21,6.54,6.57,6.41,6.5,24530343.0,159360452.0,1599442537.0,0.015336807939352685,000059
2022-03-22,6.54,6.65,6.48,6.56,26269139.0,172570383.0,1599442537.0,0.01642393420977274,000059
2022-03-23,6.52,6.56,6.43,6.51,20792972.0,135116025.0,1599442537.0,0.013000136934584978,000059
2022-03-24,6.54,6.56,6.43,6.44,15371767.0,99863064.0,1599442537.0,0.009610702882037955,000059
2022-03-25,6.41,6.46,6.35,6.35,14518234.0,93086503.0,1599442537.0,0.009077058827778319,000059
2022-03-28,6.33,6.43,6.2,6.38,11795177.0,74452460.0,1599442537.0,0.00737455502598028,000059
2022-03-29,6.4,6.4,6.23,6.25,13414700.0,84196241.0,1599442537.0,0.008387109689580551,000059
2022-03-30,6.28,6.33,6.23,6.3,10989930.0,69036681.0,1599442537.0,0.006871100240095716,000059
2022-03-31,6.28,6.36,6.25,6.26,13075366.0,82467746.0,1599442537.0,0.008174952020798982,000059
2022-04-01,6.26,6.44,6.19,6.36,20195956.0,128523856.0,1599442537.0,0.012626871883675556,000059
2022-04-06,6.34,6.48,6.31,6.48,14156189.0,90818110.0,1599442537.0,0.008850701836748761,000059
2022-04-07,6.43,6.5,6.37,6.39,10394944.0,66722226.0,1599442537.0,0.006499104381391102,000059
2022-04-08,6.41,6.59,6.39,6.56,26846756.0,175369546.0,1599442537.0,0.0167850706599033,000059
2022-04-11,6.59,6.66,6.38,6.48,26395454.0,172651302.0,1599442537.0,0.016502908600585755,000059
2022-04-12,6.41,6.54,6.28,6.53,18005613.0,115386450.0,1599442537.0,0.01125743037556841,000059
2022-04-13,6.55,6.73,6.51,6.62,24464514.0,162229208.0,1599442537.0,0.01529565047450029,000059
2022-04-14,6.65,6.71,6.53,6.6,18255513.0,120535293.0,1599442537.0,0.011413672312505216,000059
2022-04-15,6.6,6.71,6.5,6.55,22322286.0,147779312.0,1599442537.0,0.013956291322518454,000059
2022-04-18,6.54,6.54,6.29,6.35,14650850.0,93128323.0,1599442537.0,0.009159972716168922,000059
2022-04-19,6.37,6.71,6.33,6.64,21617777.0,141915621.0,1599442537.0,0.013515819730884148,000059
2022-04-20,6.64,6.83,6.61,6.69,31231327.0,210109487.0,1599442537.0,0.019526382647406106,000059
2022-04-21,6.7,6.7,6.32,6.56,24666104.0,159740540.0,1599442537.0,0.015421688137833988,000059
2022-04-22,6.49,6.58,6.28,6.44,13976614.0,90035054.0,1599442537.0,0.008738428344049974,000059
2022-04-25,6.33,6.35,5.99,6.04,17414855.0,108032259.0,1599442537.0,0.010888077937869674,000059
2022-04-26,6.04,6.11,5.77,5.8,14829510.0,88658197.0,1599442537.0,0.009271674134548793,000059
2022-04-27,5.5,6.0,5.33,5.91,22716701.0,127680139.0,1599442537.0,0.014202886614863113,000059
2022-04-28,5.83,5.93,5.68,5.74,12646616.0,72948295.0,1599442537.0,0.007906889874093676,000059
2022-04-29,5.74,6.02,5.73,5.91,13213171.0,78164540.0,1599442537.0,0.008261110164534782,000059
2022-05-05,5.9,6.12,5.85,6.06,12680088.0,76597521.0,1599442537.0,0.007927817165462819,000059
2022-05-06,5.98,6.06,5.88,5.95,7705673.0,45939290.0,1599442537.0,0.004817724189362359,000059
2022-05-09,5.92,5.99,5.91,5.97,6003065.0,35752820.0,1599442537.0,0.0037532233019509846,000059
2022-05-10,5.9,5.96,5.76,5.95,8779588.0,51565224.0,1599442537.0,0.00548915500050878,000059
2022-05-11,5.93,6.04,5.9,5.92,11134689.0,66637708.0,1599442537.0,0.00696160614865528,000059
2022-05-12,5.91,6.01,5.86,5.94,7331565.0,43576208.0,1599442537.0,0.004583825195590631,000059
2022-05-13,6.0,6.07,5.95,6.05,10329752.0,62303193.0,1599442537.0,0.006458345180299529,000059
2022-05-16,6.08,6.12,6.04,6.11,8361076.0,50904258.0,1599442537.0,0.005227493833996988,000059
2022-05-17,6.12,6.17,6.06,6.12,7608409.0,46492684.0,1599442537.0,0.004756913001870476,000059
2022-05-18,6.12,6.13,6.05,6.05,6735078.0,40942941.0,1599442537.0,0.004210890884915861,000059
2022-05-19,5.97,6.01,5.9,6.01,8339475.0,49649507.0,1599442537.0,0.00521398850354572,000059
2022-05-20,5.99,6.24,5.99,6.18,13231460.0,81440265.0,1599442537.0,0.008272544773516924,000059
2022-05-23,6.2,6.28,6.18,6.28,10245001.0,63947156.0,1599442537.0,0.006405357343575514,000059
2022-05-24,6.3,6.32,6.0,6.01,12185060.0,74833086.0,1599442537.0,0.007618316831097259,000059
2022-05-25,6.03,6.18,5.98,6.15,8100162.0,49443306.0,1599442537.0,0.005064365747826801,000059
2022-05-26,6.19,6.34,6.1,6.33,15633172.0,97861303.0,1599442537.0,0.00977413795016507,000059
2022-05-27,6.38,6.51,6.29,6.4,16720161.0,107141881.0,1599442537.0,0.010453742859284729,000059
2022-05-30,6.45,6.58,6.36,6.54,13270780.0,86136639.0,1599442537.0,0.008297128338784453,000059
2022-05-31,6.57,6.62,6.5,6.53,11909453.0,77936939.0,1599442537.0,0.007446002419279162,000059
2022-06-01,6.57,6.58,6.45,6.53,11241297.0,73396562.0,1599442537.0,0.007028259371596293,000059
2022-06-02,6.52,6.53,6.45,6.46,8029879.0,51968307.0,1599442537.0,0.005020423562737846,000059
2022-06-06,6.51,6.54,6.46,6.51,9750179.0,63326655.0,1599442537.0,0.006095985804083939,000059
2022-06-07,6.51,6.59,6.42,6.52,9706816.0,63214527.0,1599442537.0,0.006068874483109986,000059
2022-06-08,6.54,6.63,6.44,6.63,13726689.0,89869222.0,1599442537.0,0.008582170776667297,000059
2022-06-09,6.59,6.72,6.56,6.65,15839897.0,105418368.0,1599442537.0,0.009903386107080882,000059
2022-06-10,6.61,6.73,6.54,6.7,12297823.0,82117899.0,1599442537.0,0.007688818269811965,000059
2022-06-13,6.71,6.83,6.66,6.76,16885772.0,113798267.0,1599442537.0,0.010557285810137235,000059
2022-06-14,6.72,6.79,6.56,6.79,19062737.0,127462748.0,1599442537.0,0.01191836315404934,000059
2022-06-15,6.78,6.83,6.69,6.7,18639086.0,125985394.0,1599442537.0,0.011653488993084094,000059
2022-06-16,6.67,6.68,6.43,6.49,24893547.0,162218125.0,1599442537.0,0.015563889557852869,000059
2022-06-17,6.28,6.32,6.17,6.26,13771603.0,86075053.0,1599442537.0,0.008610251810503148,000059
2022-06-20,6.24,6.26,6.15,6.15,14593980.0,90365314.0,1599442537.0,0.009124416577899228,000059
2022-06-21,6.2,6.2,6.05,6.08,13316963.0,81468495.0,1599442537.0,0.00832600277405277,000059
2022-06-22,6.09,6.12,6.01,6.01,9712916.0,58846731.0,1599442537.0,0.006072688311902761,000059
2022-06-23,6.0,6.05,5.97,6.04,9421639.0,56690321.0,1599442537.0,0.005890576736612076,000059
2022-06-24,6.03,6.05,5.91,5.95,21864124.0,130288169.0,1599442537.0,0.013669840268853622,000059
2022-06-27,5.96,6.02,5.94,6.0,11154592.0,66651648.0,1599442537.0,0.00697404985922292,000059
2022-06-28,6.01,6.02,5.95,6.02,18980217.0,113570284.0,1599442537.0,0.011866770178314947,000059
2022-06-29,6.01,6.01,5.93,5.93,13979214.0,83515736.0,1599442537.0,0.008740053910420665,000059
2022-06-30,5.92,5.97,5.92,5.92,9829123.0,58359918.0,1599442537.0,0.006145343000840799,000059
2022-07-01,5.94,5.95,5.87,5.89,11053165.0,65245013.0,1599442537.0,0.006910635889884427,000059
2022-07-04,5.9,5.96,5.86,5.96,10210396.0,60373609.0,1599442537.0,0.0063837216803994505,000059
2022-07-05,5.95,6.03,5.92,6.03,15380250.0,91989004.0,1599442537.0,0.009616006604931253,000059
2022-07-06,5.97,5.97,5.83,5.85,12591650.0,74026662.0,1599442537.0,0.007872524150581598,000059
2022-07-07,5.84,5.89,5.82,5.88,6972100.0,40886957.0,1599442537.0,0.004359081266575068,000059
2022-07-08,5.9,5.93,5.79,5.79,11817221.0,69051645.0,1599442537.0,0.007388337327932401,000059
2022-07-11,5.78,5.83,5.7,5.74,9205039.0,52796221.0,1599442537.0,0.005755154553576813,000059
2022-07-12,5.76,5.77,5.67,5.68,9831004.0,56042874.0,1599442537.0,0.00614651903558821,000059
2022-07-13,5.66,5.73,5.66,5.72,7532959.0,42988863.0,1599442537.0,0.004709740316228691,000059
2022-07-14,5.72,5.75,5.69,5.72,9154525.0,52342420.0,1599442537.0,0.005723572299865625,000059
2022-07-15,5.7,5.71,5.52,5.53,14501591.0,81117605.0,1599442537.0,0.009066653327352391,000059
2022-07-18,5.53,5.69,5.52,5.69,13591802.0,76583099.0,1599442537.0,0.008497837018573678,000059
2022-07-19,5.7,5.76,5.68,5.76,8741771.0,50088943.0,1599442537.0,0.005465511137647079,000059
2022-07-20,5.76,5.79,5.75,5.79,11097427.0,64086230.0,1599442537.0,0.006938309281691937,000059
2022-07-21,5.8,5.81,5.74,5.77,8419360.0,48549142.0,1599442537.0,0.005263934030285203,000059
2022-07-22,5.75,5.8,5.71,5.76,9476778.0,54586925.0,1599442537.0,0.00592505062280959,000059
2022-07-25,5.75,5.81,5.72,5.74,7494429.0,43146806.0,1599442537.0,0.00468565067305072,000059
2022-07-26,5.77,5.86,5.73,5.86,10449686.0,60670962.0,1599442537.0,0.006533330056108168,000059
2022-07-27,5.83,5.88,5.82,5.86,8153336.0,47714735.0,1599442537.0,0.0050976110809787725,000059
2022-07-28,5.89,5.94,5.87,5.94,13405803.0,79213209.0,1599442537.0,0.008381547126503614,000059
2022-07-29,5.94,5.94,5.86,5.86,9024641.0,53228495.0,1599442537.0,0.005642366506599918,000059
2022-08-01,5.85,5.9,5.82,5.88,8783124.0,51481201.0,1599442537.0,0.00549136577077292,000059
2022-08-02,5.84,5.85,5.57,5.69,19954535.0,113005209.0,1599442537.0,0.012475931168760706,000059
2022-08-03,5.66,5.78,5.65,5.65,10981549.0,62638024.0,1599442537.0,0.006865860289421576,000059
2022-08-04,5.66,5.7,5.62,5.66,10201718.0,57686464.0,1599442537.0,0.006378296040028352,000059
2022-08-05,5.65,5.75,5.62,5.74,9934767.0,56390503.0,1599442537.0,0.006211393513788986,000059
2022-08-08,5.72,5.87,5.71,5.86,9934049.0,57711002.0,1599442537.0,0.006210944607383541,000059
2022-08-09,5.84,6.01,5.81,5.98,17902770.0,106329028.0,1599442537.0,0.011193131097775725,000059
2022-08-10,5.98,6.06,5.93,5.98,14639580.0,87638175.0,1599442537.0,0.00915292651116981,000059
2022-08-11,6.05,6.07,5.99,6.02,9678261.0,58234723.0,1599442537.0,0.006051021387834954,000059
2022-08-12,6.03,6.62,5.99,6.62,84756395.0,544955582.0,1599442537.0,0.05299120977423399,000059
2022-08-15,6.63,7.28,6.5,7.28,130366953.0,924937196.0,1599442537.0,0.08150774409471642,000059
2022-08-16,7.17,7.94,6.93,7.5,153123782.0,1130446442.0,1599442537.0,0.09573571945085764,000059
2022-08-17,7.66,7.68,7.13,7.37,66354369.0,488486453.0,1599442537.0,0.04148593492108682,000059
2022-08-18,8.01,8.01,6.98,7.1,84571897.0,608269322.0,1599442537.0,0.05287585833413408,000059
2022-08-19,7.1,7.28,6.94,7.15,51285955.0,365297759.0,1599442537.0,0.03206489374491357,000059
2022-08-22,7.06,7.24,6.84,7.05,47772139.0,333861623.0,1599442537.0,0.02986799331322273,000059
2022-08-23,6.96,7.23,6.96,7.1,54667621.0,389963160.0,1599442537.0,0.03417917163972487,000059
2022-08-24,7.04,7.32,6.87,7.01,56459314.0,399284158.0,1599442537.0,0.035299370057956636,000059
2022-08-25,6.96,7.71,6.95,7.71,79788341.0,593222990.0,1599442537.0,0.0498850938087812,000059
2022-08-26,7.8,8.0,7.51,7.6,77709669.0,600287563.0,1599442537.0,0.04858547100151307,000059
2022-08-29,7.67,7.94,7.48,7.74,60604125.0,467661587.0,1599442537.0,0.03789077981736833,000059
2022-08-30,7.82,8.0,7.57,7.61,48444990.0,376256281.0,1599442537.0,0.030288671758640365,000059
2022-08-31,7.63,7.64,7.07,7.12,49359727.0,359941953.0,1599442537.0,0.03086058164526607,000059
2022-09-01,7.1,7.58,7.08,7.5,43087468.0,319671765.0,1599442537.0,0.026939053453472084,000059
2022-09-02,7.44,7.7,7.3,7.58,30253168.0,227868954.0,1599442537.0,0.018914820195256567,000059
2022-09-05,7.56,7.81,7.55,7.65,25147464.0,193066510.0,1599442537.0,0.015722642994832392,000059
2022-09-06,7.6,7.92,7.57,7.85,42283199.0,329390994.0,1599442537.0,0.026436210130630033,000059
2022-09-07,7.87,8.64,7.81,8.14,109663805.0,911953566.0,1599442537.0,0.0685637667269318,000059
2022-09-08,8.12,8.25,7.82,8.14,59521529.0,481758905.0,1599442537.0,0.0372139214901973,000059
2022-09-09,8.25,8.48,8.1,8.19,49427350.0,408099835.0,1599442537.0,0.03090286075091424,000059
2022-09-13,8.19,8.61,7.86,8.39,70653800.0,583054291.0,1599442537.0,0.044174015862127845,000059
2022-09-14,8.19,8.53,7.99,8.43,58121382.0,480379285.0,1599442537.0,0.03633852461434193,000059
2022-09-15,8.45,8.45,7.8,7.95,53521095.0,430294566.0,1599442537.0,0.03346234313636989,000059
2022-09-16,7.93,8.12,7.61,7.68,41307959.0,322296249.0,1599442537.0,0.02582647268934051,000059
2022-09-19,7.55,7.72,7.48,7.57,30579329.0,231486167.0,1599442537.0,0.01911874186949925,000059
2022-09-20,7.6,8.07,7.57,7.94,34353823.0,271635718.0,1599442537.0,0.02147862283595125,000059
2022-09-21,7.89,8.09,7.69,8.0,26995714.0,215103072.0,1599442537.0,0.01687820185815153,000059
2022-09-22,8.03,8.2,7.77,8.1,28632555.0,229899496.0,1599442537.0,0.017901584044216275,000059
2022-09-23,8.08,8.27,7.9,8.07,29001870.0,234520863.0,1599442537.0,0.01813248636890542,000059
2022-09-26,7.92,8.15,7.64,7.73,29084409.0,229613002.0,1599442537.0,0.018184091223778676,000059
2022-09-27,7.69,7.83,7.21,7.48,38935353.0,288482480.0,1599442537.0,0.024343077102994416,000059
2022-09-28,7.57,7.85,7.33,7.36,26887725.0,201685020.0,1599442537.0,0.016810685209380546,000059
2022-09-29,7.44,7.51,6.86,6.9,60015029.0,425256352.0,1599442537.0,0.03752246649171117,000059
2022-09-30,6.95,7.22,6.81,7.12,42158461.0,298221789.0,1599442537.0,0.026358221708342625,000059
2022-10-10,7.17,7.38,6.99,7.05,29940529.0,214505301.0,1599442537.0,0.01871935271657715,000059
2022-10-11,7.08,7.15,6.85,7.02,22151868.0,154602491.0,1599442537.0,0.013849742949533672,000059
2022-10-12,7.07,7.07,6.7,6.98,21899739.0,150631164.0,1599442537.0,0.013692107402042915,000059
2022-10-13,6.97,6.98,6.66,6.71,27567169.0,185649425.0,1599442537.0,0.017235485715983555,000059
2022-10-14,6.73,7.09,6.7,7.02,34284154.0,238434032.0,1599442537.0,0.021435064534612913,000059
2022-10-17,6.97,7.01,6.69,6.97,27059669.0,185156931.0,1599442537.0,0.016918187664781356,000059
2022-10-18,6.94,7.18,6.87,7.03,27292053.0,192109341.0,1599442537.0,0.017063478286122386,000059
2022-10-19,6.98,7.08,6.87,6.89,17859667.0,124411716.0,1599442537.0,0.011166182333438841,000059
2022-10-20,6.8,6.98,6.79,6.8,15403662.0,105710208.0,1599442537.0,0.009630644204881491,000059
2022-10-21,6.8,7.03,6.78,6.99,21279870.0,148286250.0,1599442537.0,0.013304554247952955,000059
2022-10-24,7.0,7.69,6.92,7.69,59152445.0,446082174.0,1599442537.0,0.03698316359082802,000059
2022-10-25,7.69,7.94,7.51,7.69,58159592.0,449561536.0,1599442537.0,0.03636241418781274,000059
2022-10-26,7.74,7.85,7.35,7.4,47727350.0,360640440.0,1599442537.0,0.029839990431616236,000059
2022-10-27,7.46,7.48,6.97,7.12,50879209.0,366202944.0,1599442537.0,0.03181058889144699,000059
2022-10-28,7.1,7.2,6.7,6.76,34990858.0,242953505.0,1599442537.0,0.02187690847939478,000059
2022-10-31,6.81,6.87,6.64,6.72,29247141.0,197070100.0,1599442537.0,0.01828583417248456,000059
2022-11-01,6.72,6.8,6.41,6.79,36377735.0,240565269.0,1599442537.0,0.022744008714581286,000059
2022-11-02,6.76,6.84,6.52,6.66,36805072.0,243905093.0,1599442537.0,0.023011187428485905,000059
2022-11-03,6.58,6.81,6.53,6.71,28992675.0,193781781.0,1599442537.0,0.018126737490913685,000059
2022-11-04,6.68,7.13,6.67,7.09,44899257.0,310567987.0,1599442537.0,0.028071816249313618,000059
2022-11-07,7.16,7.66,7.08,7.58,48245535.0,358287151.0,1599442537.0,0.03016396893538414,000059
2022-11-08,7.66,7.8,7.52,7.59,44476991.0,340524213.0,1599442537.0,0.027807808015049684,000059
2022-11-09,7.36,7.6,7.28,7.33,30354083.0,225011447.0,1599442537.0,0.0189779140530636,000059
2022-11-10,7.36,7.66,7.19,7.47,30515187.0,227250566.0,1599442537.0,0.0190786391471343,000059
2022-11-11,7.6,7.82,7.56,7.62,35154618.0,269657424.0,1599442537.0,0.021979294152034923,000059
2022-11-14,7.64,7.89,7.31,7.4,37390587.0,282765483.0,1599442537.0,0.023377261849076358,000059
2022-11-15,7.4,7.62,7.34,7.58,29340218.0,218724393.0,1599442537.0,0.018344027572901794,000059
2022-11-16,7.58,8.24,7.5,8.02,53994046.0,425530218.0,1599442537.0,0.033758040536594786,000059
2022-11-17,7.99,7.99,7.67,7.79,40533321.0,314965519.0,1599442537.0,0.025342155196163823,000059
2022-11-18,7.72,8.15,7.61,7.86,58083421.0,459571796.0,1599442537.0,0.036314790720112004,000059
2022-11-21,7.83,8.1,7.66,8.0,35244542.0,277447443.0,1599442537.0,0.022035516240618776,000059
2022-11-22,7.98,8.25,7.89,7.95,37727305.0,303294335.0,1599442537.0,0.02358778394800188,000059
2022-11-23,7.92,8.08,7.76,7.95,27314463.0,216762209.0,1599442537.0,0.017077489417802072,000059
2022-11-24,7.92,8.32,7.88,8.17,37960339.0,309134448.0,1599442537.0,0.02373348096093558,000059
2022-11-25,8.16,8.36,8.04,8.27,47098791.0,386805444.0,1599442537.0,0.02944700413454116,000059
2022-11-28,8.27,8.44,7.91,8.23,35529391.0,293004242.0,1599442537.0,0.022213608915666847,000059
2022-11-29,8.15,8.35,8.11,8.2,28941958.0,238469792.0,1599442537.0,0.01809502831798202,000059
2022-11-30,8.17,8.42,8.12,8.23,21300378.0,176915525.0,1599442537.0,0.013317376215310697,000059
2022-12-01,8.19,8.3,8.11,8.21,21979756.0,180017397.0,1599442537.0,0.013742135457536603,000059
2022-12-02,8.24,8.98,8.24,8.72,60758462.0,531244890.0,1599442537.0,0.03798727406235039,000059
2022-12-05,8.78,9.18,8.58,8.87,43240212.0,385077221.0,1599442537.0,0.027034551726443173,000059
2022-12-06,8.92,8.98,8.51,8.67,32972125.0,287479772.0,1599442537.0,0.020614760603931595,000059
2022-12-07,8.63,8.63,7.8,7.94,78785256.0,636086352.0,1599442537.0,0.04925794717687942,000059
2022-12-08,8.0,8.05,7.77,7.88,32035407.0,252277798.0,1599442537.0,0.020029107804077365,000059
2022-12-09,7.86,7.96,7.6,7.71,34525525.0,266603292.0,1599442537.0,0.021585973988636018,000059
2022-12-12,7.64,7.8,7.47,7.55,25376102.0,192222396.0,1599442537.0,0.015865591550163954,000059
2022-12-13,7.58,7.58,7.38,7.43,18525467.0,138044423.0,1599442537.0,0.011582452367902731,000059
2022-12-14,7.45,7.57,7.34,7.45,18930490.0,141232116.0,1599442537.0,0.01183567997103981,000059
2022-12-15,7.45,7.47,7.29,7.32,12728195.0,93442233.0,1599442537.0,0.007957894519845448,000059
2022-12-16,7.3,7.33,7.23,7.24,11214540.0,81471766.0,1599442537.0,0.007011530417988377,000059
2022-12-19,7.25,7.27,7.14,7.18,11721090.0,84365588.0,1599442537.0,0.007328234512247438,000059
2022-12-20,7.19,7.21,7.09,7.18,10073489.0,72108772.0,1599442537.0,0.006298124982279373,000059
2022-12-21,7.16,7.22,7.02,7.07,17030326.0,121011384.0,1599442537.0,0.01064766354904065,000059
2022-12-22,7.13,7.15,6.79,6.83,33259501.0,230759148.0,1599442537.0,0.020794433204448407,000059
2022-12-23,6.88,6.9,6.68,6.74,17537387.0,118747084.0,1599442537.0,0.010964687129613335,000059
2022-12-26,6.84,6.96,6.77,6.89,13100568.0,90126228.0,1599442537.0,0.008190708760673657,000059
2022-12-27,6.89,6.96,6.86,6.9,9979848.0,68928699.0,1599442537.0,0.006239578959003264,000059
2022-12-28,6.88,6.95,6.83,6.91,12314000.0,84857602.0,1599442537.0,0.007698932418726838,000059
2022-12-29,6.9,6.9,6.77,6.78,13934095.0,94962259.0,1599442537.0,0.008711844706928661,000059
2022-12-30,6.78,6.86,6.77,6.8,8181954.0,55639784.0,1599442537.0,0.005115503564977402,000059
2023-01-03,6.85,7.06,6.74,7.03,17190974.0,119300399.0,1599442537.0,0.01074810354377864,000059
2023-01-04,6.99,7.06,6.94,6.99,12084342.0,84777430.0,1599442537.0,0.007555346141203696,000059
2023-01-05,7.0,7.03,6.87,7.01,20848325.0,144824493.0,1599442537.0,0.013034744617399155,000059
2023-01-06,6.98,7.08,6.86,6.91,22839811.0,159032871.0,1599442537.0,0.014279857182515336,000059
2023-01-09,6.95,7.02,6.88,6.96,16036295.0,111611592.0,1599442537.0,0.010026177639415877,000059
2023-01-10,6.95,6.98,6.78,6.8,17604015.0,120488066.0,1599442537.0,0.011006344143515798,000059
2023-01-11,6.8,6.83,6.69,6.79,18225211.0,123552685.0,1599442537.0,0.011394726961672647,000059
2023-01-12,6.79,6.82,6.69,6.73,12043246.0,81116543.0,1599442537.0,0.007529652189061419,000059
2023-01-13,6.73,6.81,6.61,6.67,18465374.0,123552375.0,1599442537.0,0.011544881152551215,000059
2023-01-16,6.68,6.84,6.68,6.76,24804319.0,167920907.0,1599442537.0,0.01550810262088209,000059
2023-01-17,6.79,6.84,6.73,6.79,16732278.0,113659424.0,1599442537.0,0.010461318623789984,000059
2023-01-18,6.79,6.98,6.79,6.94,23792513.0,164702169.0,1599442537.0,0.014875503464242304,000059
2023-01-19,6.92,7.12,6.88,7.05,18901240.0,132646385.0,1599442537.0,0.011817392349369535,000059
2023-01-20,7.02,7.16,7.02,7.14,25572322.0,181319499.0,1599442537.0,0.01598827179372434,000059
2023-01-30,7.22,7.25,7.16,7.21,36488238.0,262625718.0,1599442537.0,0.02281309716098916,000059
2023-01-31,7.08,7.32,7.07,7.25,26216900.0,187967463.0,1599442537.0,0.016391273455296382,000059
2023-02-01,7.24,7.35,7.22,7.35,19084469.0,139290887.0,1599442537.0,0.01193195038803698,000059
2023-02-02,7.35,7.36,7.17,7.21,21883159.0,158552587.0,1599442537.0,0.013681741290340586,000059
2023-02-03,7.2,7.24,7.06,7.18,16642756.0,119033379.0,1599442537.0,0.010405347872775752,000059
2023-02-06,7.18,7.25,7.12,7.21,18527773.0,133081227.0,1599442537.0,0.011583894120229966,000059
2023-02-07,7.23,7.25,7.12,7.14,11785321.0,84476048.0,1599442537.0,0.007368392878999691,000059
2023-02-08,7.19,7.21,7.12,7.14,11720803.0,83948510.0,1599442537.0,0.007328055074728827,000059
2023-02-09,7.13,7.15,7.08,7.1,16764859.0,119100811.0,1599442537.0,0.010481688846068248,000059
2023-02-10,7.11,7.14,7.02,7.08,17127314.0,121188932.0,1599442537.0,0.010708302176410105,000059
2023-02-13,7.12,7.54,7.07,7.52,52301978.0,384919166.0,1599442537.0,0.032700129445163054,000059
2023-02-14,7.54,7.83,7.5,7.69,48096824.0,369230233.0,1599442537.0,0.030070992165941127,000059
2023-02-15,7.66,7.84,7.53,7.59,41404001.0,316736086.0,1599442537.0,0.02588651986063817,000059
2023-02-16,7.61,7.65,7.33,7.37,29583170.0,221950631.0,1599442537.0,0.018495925496321848,000059
2023-02-17,7.36,7.5,7.34,7.38,18056962.0,133922489.0,1599442537.0,0.011289534686171724,000059
2023-02-20,7.45,8.08,7.38,7.94,59225360.0,465183489.0,1599442537.0,0.037028751349258385,000059
2023-02-21,7.94,7.99,7.77,7.88,25750034.0,202508073.0,1599442537.0,0.016099380505596745,000059
2023-02-22,7.82,7.95,7.75,7.85,17501018.0,137223436.0,1599442537.0,0.010941948582176541,000059
2023-02-23,7.86,7.9,7.7,7.79,14934958.0,116463619.0,1599442537.0,0.009337602104801343,000059
2023-02-24,7.77,7.82,7.67,7.8,17961982.0,139016123.0,1599442537.0,0.011230151496214709,000059
2023-02-27,7.81,7.82,7.64,7.67,18024251.0,138694599.0,1599442537.0,0.011269083185574924,000059
2023-02-28,7.89,8.17,7.89,7.99,35126885.0,280840048.0,1599442537.0,0.021961954985820164,000059
2023-03-01,7.95,8.1,7.9,7.99,28392384.0,227461668.0,1599442537.0,0.01775142485159503,000059
2023-03-02,8.03,8.2,7.93,7.96,27940516.0,225297682.0,1599442537.0,0.01746890891898294,000059
2023-03-03,8.0,8.06,7.88,8.02,19249232.0,153491383.0,1599442537.0,0.012034963154165506,000059
2023-03-06,8.03,8.13,7.93,7.98,17927389.0,143757173.0,1599442537.0,0.011208523335652665,000059
2023-03-07,8.0,8.29,7.97,8.09,43593491.0,356109949.0,1599442537.0,0.02725542805793216,000059
2023-03-08,8.03,8.03,7.8,8.01,24433315.0,193519742.0,1599442537.0,0.015276144303269833,000059
2023-03-09,8.01,8.09,7.82,7.86,14732252.0,116644805.0,1599442537.0,0.009210866698363919,000059
2023-03-10,7.88,7.89,7.64,7.68,13070266.0,100764248.0,1599442537.0,0.008171763409841088,000059
2023-03-13,7.97,8.24,7.71,8.08,45492695.0,363862707.0,1599442537.0,0.028442844270809838,000059
2023-03-14,7.96,7.98,7.62,7.8,29609155.0,231180504.0,1599442537.0,0.018512171781761236,000059
2023-03-15,7.77,8.17,7.77,8.17,42639350.0,343600289.0,1599442537.0,0.0266588820877408,000059
2023-03-16,8.12,8.17,7.87,7.88,25003218.0,199722906.0,1599442537.0,0.01563245782302212,000059
2023-03-17,7.94,8.2,7.93,8.16,31308451.0,254636205.0,1599442537.0,0.019574601947703482,000059
2023-03-20,8.19,8.28,8.06,8.26,28092696.0,229900927.0,1599442537.0,0.017564054569095156,000059
2023-03-21,8.32,8.63,8.07,8.58,44286836.0,371169454.0,1599442537.0,0.027688919717657853,000059
2023-03-22,8.55,8.56,8.34,8.41,18322115.0,154598584.0,1599442537.0,0.011455313070743973,000059
2023-03-23,8.42,8.66,8.21,8.61,20675271.0,173568167.0,1599442537.0,0.012926548170201628,000059
2023-03-24,8.54,8.58,8.27,8.37,23021028.0,192137096.0,1599442537.0,0.014393157282898998,000059
2023-03-27,8.57,8.66,7.54,7.9,51011213.0,404716213.0,1599442537.0,0.03189312014652265,000059
2023-03-28,8.5,8.69,8.35,8.69,37151138.0,320957305.0,1599442537.0,0.023227554063731892,000059
2023-03-29,9.56,9.56,7.98,8.39,119830999.0,1038111507.0,1599442537.0,0.07492047774642872,000059
2023-03-30,8.02,8.05,7.7,7.73,59779295.0,469711523.0,1599442537.0,0.03737508139062329,000059
2023-03-31,7.8,7.8,7.41,7.44,49868859.0,378777956.0,1599442537.0,0.031178900051974795,000059
2023-04-03,7.49,7.7,7.47,7.53,38299663.0,290547773.0,1599442537.0,0.0239456323775388,000059
2023-04-04,7.56,7.59,7.35,7.36,35782983.0,265205334.0,1599442537.0,0.022372159156850036,000059
2023-04-06,7.35,7.46,7.26,7.4,23772240.0,175270342.0,1599442537.0,0.014862828423075758,000059
2023-04-07,7.4,7.68,7.39,7.62,27843778.0,210245427.0,1599442537.0,0.017408426596072203,000059
2023-04-10,7.57,7.61,7.4,7.42,23996834.0,179647632.0,1599442537.0,0.015003248597483062,000059
2023-04-11,7.47,7.47,7.33,7.38,15194582.0,112083995.0,1599442537.0,0.009499923659964535,000059
2023-04-12,7.37,7.44,7.3,7.35,18118224.0,133245672.0,1599442537.0,0.011327836781172215,000059
2023-04-13,7.36,7.55,7.33,7.43,20854864.0,155324063.0,1599442537.0,0.013038832916821444,000059
2023-04-14,7.48,7.48,7.32,7.39,15876414.0,117058201.0,1599442537.0,0.009926217186757237,000059
2023-04-17,7.06,7.35,6.91,7.3,32729040.0,234944448.0,1599442537.0,0.020462779526539503,000059
2023-04-18,7.29,7.34,7.18,7.31,13290283.0,96558890.0,1599442537.0,0.00830932196221814,000059
2023-04-19,7.29,7.34,7.17,7.21,11849117.0,85687282.0,1599442537.0,0.007408279275993771,000059
2023-04-20,7.19,7.21,7.04,7.06,15050114.0,106720963.0,1599442537.0,0.00940959968979492,000059
2023-04-21,7.06,7.13,6.93,6.95,18470305.0,129061014.0,1599442537.0,0.011547964101695014,000059
2023-04-24,6.92,7.02,6.8,6.87,14547415.0,100170704.0,1599442537.0,0.009095303309417987,000059
2023-04-25,6.85,6.92,6.7,6.8,14455492.0,98262574.0,1599442537.0,0.009037831410382204,000059
2023-04-26,6.78,7.01,6.72,6.99,11392499.0,78902639.0,1599442537.0,0.007122793558665997,000059
2023-04-27,6.95,6.98,6.85,6.9,9396074.0,64829202.0,1599442537.0,0.005874593042663339,000059
2023-04-28,6.9,7.0,6.89,6.99,9592765.0,66881277.0,1599442537.0,0.0059975677638239525,000059
2023-05-04,6.94,7.07,6.88,7.02,11385257.0,79510275.0,1599442537.0,0.007118265731105787,000059
2023-05-05,7.03,7.05,6.87,6.91,11493848.0,79702699.0,1599442537.0,0.007186158761013369,000059
2023-05-08,6.91,7.1,6.91,6.97,11857214.0,83043430.0,1599442537.0,0.0074133416648028035,000059
2023-05-09,6.97,7.01,6.8,6.81,17792632.0,122273212.0,1599442537.0,0.011124270855877581,000059
2023-05-10,6.81,6.96,6.76,6.93,14275518.0,98092221.0,1599442537.0,0.008925308455767299,000059
2023-05-11,6.92,6.92,6.82,6.85,11371208.0,77978987.0,1599442537.0,0.007109482045743541,000059
2023-05-12,6.83,6.86,6.66,6.7,15296334.0,103258278.0,1599442537.0,0.009563540825099364,000059
2023-05-15,6.7,6.8,6.64,6.79,14692943.0,98983174.0,1599442537.0,0.009186290010492575,000059
2023-05-16,6.83,6.83,6.61,6.63,12357095.0,82768673.0,1599442537.0,0.007725876181321042,000059
2023-05-17,6.63,6.66,6.48,6.51,17455715.0,114261176.0,1599442537.0,0.010913624338602919,000059
2023-05-18,6.51,6.55,6.35,6.38,20631609.0,132500339.0,1599442537.0,0.012899249909095046,000059
2023-05-19,6.36,6.37,6.25,6.27,15844529.0,99444101.0,1599442537.0,0.009906282116092052,000059
2023-05-22,6.24,6.41,6.21,6.35,18161288.0,115164629.0,1599442537.0,0.011354761162013538,000059
2023-05-23,6.33,6.37,6.15,6.15,17769883.0,110507204.0,1599442537.0,0.01111004777535187,000059
2023-05-24,6.15,6.24,6.1,6.15,10070925.0,62143482.0,1599442537.0,0.006296521923750738,000059
2023-05-25,6.13,6.2,6.09,6.19,10158061.0,62434438.0,1599442537.0,0.006351000905010944,000059
2023-05-26,6.17,6.23,6.12,6.22,8871012.0,54759433.0,1599442537.0,0.005546314915844957,000059
2023-05-29,6.23,6.3,6.22,6.25,9758769.0,61030877.0,1599442537.0,0.0061013564252855685,000059
2023-05-30,6.22,6.34,6.18,6.33,10368984.0,64996453.0,1599442537.0,0.006482873726397587,000059
2023-05-31,6.35,6.37,6.26,6.34,7759547.0,49016196.0,1599442537.0,0.0048514071749987476,000059
2023-06-01,6.3,6.4,6.28,6.34,6709703.0,42618811.0,1599442537.0,0.004195025982355751,000059
2023-06-02,6.36,6.5,6.35,6.46,9900583.0,63784348.0,1599442537.0,0.0061900210673214075,000059
2023-06-05,6.47,6.53,6.41,6.42,8913116.0,57534056.0,1599442537.0,0.005572639087564795,000059
2023-06-06,6.44,6.45,6.27,6.28,8783311.0,55705038.0,1599442537.0,0.005491482686508043,000059
2023-06-07,6.28,6.36,6.26,6.29,5138659.0,32344851.0,1599442537.0,0.0032127812541726843,000059
2023-06-08,6.27,6.32,6.24,6.25,5371472.0,33704800.0,1599442537.0,0.0033583400939648763,000059
2023-06-09,6.25,6.27,6.2,6.22,6034310.0,37553559.0,1599442537.0,0.003772758233201847,000059
2023-06-12,6.22,6.24,6.15,6.19,7203623.0,44606810.0,1599442537.0,0.004503833575360263,000059
2023-06-13,6.2,6.21,6.1,6.11,9134541.0,56049474.0,1599442537.0,0.005711077946653359,000059
2023-06-14,6.06,6.1,5.98,6.08,9090449.0,54977683.0,1599442537.0,0.0056835108418777786,000059
2023-06-15,6.07,6.11,6.0,6.05,8771554.0,53047709.0,1599442537.0,0.005484132000423345,000059
2023-06-16,6.06,6.23,6.05,6.18,13384108.0,82631686.0,1599442537.0,0.008367983025575867,000059
2023-06-19,6.16,6.17,6.06,6.06,9729909.0,59350532.0,1599442537.0,0.006083312638570897,000059
2023-06-20,6.06,6.09,6.0,6.04,7226900.0,43595865.0,1599442537.0,0.004518386770902792,000059
2023-06-21,6.04,6.07,6.0,6.01,6395344.0,38471578.0,1599442537.0,0.003998483129000339,000059
2023-06-26,6.0,6.03,5.93,5.95,8358204.0,49783438.0,1599442537.0,0.005225698208375209,000059
2023-06-27,5.98,6.09,5.96,6.07,9325044.0,56431199.0,1599442537.0,0.005830183819851729,000059
2023-06-28,6.06,6.21,6.0,6.2,13224713.0,80540819.0,1599442537.0,0.008268326428784981,000059
2023-06-29,6.19,6.34,6.14,6.17,15584261.0,97297688.0,1599442537.0,0.009743557920643197,000059
2023-06-30,6.2,6.36,6.17,6.29,16487308.0,103908523.0,1599442537.0,0.01030815901077914,000059
2023-07-03,6.28,6.4,6.27,6.35,10692552.0,68024704.0,1599442537.0,0.0066851742107944204,000059
2023-07-04,6.35,6.38,6.3,6.33,7035819.0,44603366.0,1599442537.0,0.004398919521795862,000059
2023-07-05,6.33,6.44,6.31,6.38,8240499.0,52695535.0,1599442537.0,0.00515210694312052,000059
2023-07-06,6.37,6.37,6.27,6.33,7662934.0,48366696.0,1599442537.0,0.004791003004317372,000059
2023-07-07,6.34,6.37,6.27,6.32,5380640.0,34004956.0,1599442537.0,0.003364072091075067,000059
2023-07-10,6.33,6.38,6.3,6.33,5240974.0,33220346.0,1599442537.0,0.0032767504169485522,000059
2023-07-11,6.36,6.42,6.3,6.39,5294040.0,33670296.0,1599442537.0,0.0033099282265743567,000059
2023-07-12,6.39,6.39,6.3,6.31,5127800.0,32530723.0,1599442537.0,0.0032059920137037096,000059
2023-07-13,6.31,6.38,6.29,6.33,7264038.0,45948382.0,1599442537.0,0.0045416061108546095,000059
2023-07-14,6.33,6.37,6.25,6.33,9280776.0,58668256.0,1599442537.0,0.005802506676737209,000059
2023-07-17,6.28,6.28,6.11,6.2,13889635.0,85768924.0,1599442537.0,0.008684047521989844,000059
2023-07-18,6.22,6.25,6.13,6.23,6711002.0,41515847.0,1599442537.0,0.004195838140323262,000059
2023-07-19,6.23,6.25,6.17,6.19,3754400.0,23285398.0,1599442537.0,0.0023473178392778983,000059
2023-07-20,6.19,6.25,6.11,6.14,7467600.0,46273483.0,1599442537.0,0.004668876703758693,000059
2023-07-21,6.15,6.26,6.11,6.19,5393259.0,33466450.0,1599442537.0,0.0033719617149334325,000059
2023-07-24,6.19,6.21,6.14,6.16,4535552.0,27973546.0,1599442537.0,0.002835708001431001,000059
2023-07-25,6.21,6.32,6.21,6.29,7251120.0,45499446.0,1599442537.0,0.004533529546863615,000059
2023-07-26,6.27,6.36,6.26,6.34,7155917.0,45301591.0,1599442537.0,0.0044740069333294216,000059
2023-07-27,6.37,6.43,6.3,6.31,7650672.0,48684294.0,1599442537.0,0.0047833365832260595,000059
2023-07-28,6.31,6.39,6.24,6.36,9201297.0,58290663.0,1599442537.0,0.005752814988438688,000059
2023-07-31,6.36,6.64,6.36,6.51,18578817.0,121144011.0,1599442537.0,0.01161580773939364,000059
2023-08-01,6.51,6.66,6.49,6.62,14304984.0,94294196.0,1599442537.0,0.008943731124489908,000059
2023-08-02,6.62,6.63,6.51,6.58,8856105.0,58086334.0,1599442537.0,0.005536994793580384,000059
2023-08-03,6.57,6.6,6.52,6.56,6685381.0,43831146.0,1599442537.0,0.004179819434175771,000059
2023-08-04,6.62,6.66,6.46,6.47,11440654.0,74611747.0,1599442537.0,0.0071529009235047,000059
2023-08-07,6.48,6.5,6.37,6.41,8167664.0,52304765.0,1599442537.0,0.00510656920211695,000059
2023-08-08,6.42,6.47,6.34,6.45,7761800.0,49779309.0,1599442537.0,0.004852815790780735,000059
2023-08-09,6.45,6.46,6.37,6.39,5802001.0,37178206.0,1599442537.0,0.0036275145031984353,000059
2023-08-10,6.48,6.52,6.41,6.43,9013001.0,58134342.0,1599442537.0,0.005635088971001901,000059
2023-08-11,6.45,6.46,6.27,6.27,10915789.0,69224151.0,1599442537.0,0.00682474596459979,000059
2023-08-14,6.25,6.32,6.18,6.3,8995000.0,56309048.0,1599442537.0,0.005623834424756205,000059
2023-08-15,6.31,6.33,6.22,6.3,8255641.0,51889013.0,1599442537.0,0.005161573991576292,000059
2023-08-16,6.26,6.34,6.18,6.18,10536277.0,65883511.0,1599442537.0,0.006587468293648363,000059
2023-08-17,6.16,6.23,6.12,6.22,7891800.0,48729481.0,1599442537.0,0.004934094109315289,000059
2023-08-18,6.21,6.25,6.08,6.08,9167700.0,56287301.0,1599442537.0,0.005731809544840184,000059
2023-08-21,6.09,6.16,6.03,6.05,7713517.0,46834053.0,1599442537.0,0.004822628398059167,000059
2023-08-22,6.06,6.09,5.98,6.05,7067552.0,42663106.0,1599442537.0,0.0044187595593501465,000059
2023-08-23,6.04,6.1,6.01,6.01,6826088.0,41317271.0,1599442537.0,0.004267791960068397,000059
2023-08-24,6.0,6.08,5.95,5.95,9482250.0,56749471.0,1599442537.0,0.005928471814802059,000059
2023-08-25,5.93,6.02,5.75,5.88,10403352.0,61395803.0,1599442537.0,0.006504361212946783,000059
2023-08-28,6.11,6.22,6.01,6.04,14443200.0,88175446.0,1599442537.0,0.009030146232755843,000059
2023-08-29,6.05,6.09,5.94,5.96,14257195.0,85639140.0,1599442537.0,0.008913852589378771,000059
2023-08-30,5.97,5.98,5.78,5.78,21174339.0,123792453.0,1599442537.0,0.013238574384620108,000059
2023-08-31,5.81,5.86,5.72,5.73,13037363.0,75368747.0,1599442537.0,0.008151191867419992,000059
2023-09-01,5.77,5.92,5.75,5.89,14400480.0,84421532.0,1599442537.0,0.00900343692684972,000059
2023-09-04,5.93,6.31,5.93,6.25,33526906.0,206976672.0,1599442537.0,0.020961619579584808,000059
2023-09-05,6.26,6.27,6.12,6.16,13658005.0,84250788.0,1599442537.0,0.008539228314896317,000059
2023-09-06,6.18,6.2,6.12,6.18,6647058.0,40960013.0,1599442537.0,0.00415585921108962,000059
2023-09-07,6.18,6.21,6.08,6.08,7141800.0,43778904.0,1599442537.0,0.004465180733154404,000059
2023-09-08,6.06,6.1,6.02,6.03,5826900.0,35222134.0,1599442537.0,0.003643081802069142,000059
2023-09-11,6.02,6.1,6.0,6.03,10359200.0,62634380.0,1599442537.0,0.006476756595101109,000059
2023-09-12,6.01,6.12,6.01,6.1,8497600.0,51633178.0,1599442537.0,0.005312851073686307,000059
2023-09-13,6.08,6.29,6.08,6.17,17072029.0,105807629.0,1599442537.0,0.0106737370084087,000059
2023-09-14,6.14,6.25,6.12,6.17,11645450.0,71894806.0,1599442537.0,0.007280943035217026,000059
2023-09-15,6.23,6.25,6.12,6.13,7175100.0,44211884.0,1599442537.0,0.004486000487055947,000059
2023-09-18,6.13,6.15,6.06,6.12,6964639.0,42461368.0,1599442537.0,0.00435441651630902,000059
2023-09-19,6.11,6.21,6.11,6.15,6778417.0,41748390.0,1599442537.0,0.004237987200661777,000059
2023-09-20,6.13,6.18,6.09,6.11,5366680.0,32879024.0,1599442537.0,0.0033553440501001256,000059
2023-09-21,6.11,6.14,6.05,6.06,5962688.0,36272334.0,1599442537.0,0.003727978881431987,000059
2023-09-22,6.06,6.12,6.03,6.1,6316252.0,38363486.0,1599442537.0,0.0039490334000039165,000059
2023-09-25,6.1,6.14,5.98,5.99,8225595.0,49751381.0,1599442537.0,0.005142788696509451,000059
2023-09-26,5.98,6.01,5.91,5.91,7799197.0,46304606.0,1599442537.0,0.004876197062151787,000059
2023-09-27,5.91,5.96,5.88,5.89,5223594.0,30896136.0,1599442537.0,0.0032658841309783173,000059
2023-09-28,5.93,5.95,5.87,5.89,6674999.0,39338744.0,1599442537.0,0.0041733284226140345,000059
2023-10-09,5.89,5.91,5.73,5.76,12671901.0,73065061.0,1599442537.0,0.007922698507048647,000059
2023-10-10,5.79,5.84,5.73,5.75,10110400.0,58337892.0,1599442537.0,0.006321202397782672,000059
2023-10-11,5.78,5.88,5.72,5.81,11366474.0,65845412.0,1599442537.0,0.007106522264513214,000059
2023-10-12,5.83,5.9,5.8,5.84,8291201.0,48427353.0,1599442537.0,0.005183806737784666,000059
2023-10-13,5.81,5.83,5.75,5.78,6790300.0,39219587.0,1599442537.0,0.00424541666419367,000059
2023-10-16,5.91,5.96,5.82,5.88,18619452.0,109648678.0,1599442537.0,0.011641213466114037,000059
2023-10-17,5.91,6.03,5.86,6.01,16330545.0,97265400.0,1599442537.0,0.010210147987329663,000059
2023-10-18,6.06,6.07,5.77,5.78,17269912.0,101419121.0,1599442537.0,0.010797456989228491,000059
2023-10-19,5.75,5.78,5.64,5.68,11663149.0,66504988.0,1599442537.0,0.007292008765676588,000059
2023-10-20,5.68,5.77,5.66,5.7,7966002.0,45490806.0,1599442537.0,0.004980486523099141,000059
2023-10-23,5.69,5.69,5.49,5.52,9716390.0,54160395.0,1599442537.0,0.006074860318661139,000059
2023-10-24,5.51,5.66,5.51,5.65,8353696.0,46711897.0,1599442537.0,0.005222879726375565,000059
2023-10-25,5.65,5.84,5.61,5.74,12540161.0,72355888.0,1599442537.0,0.0078403323094814,000059
2023-10-26,5.7,5.73,5.53,5.62,18629400.0,104423894.0,1599442537.0,0.011647433133135435,000059
2023-10-27,5.6,5.72,5.54,5.69,11173457.0,63209322.0,1599442537.0,0.006985844593677954,000059
2023-10-30,5.71,5.78,5.66,5.77,9618252.0,55212724.0,1599442537.0,0.0060135026907815695,000059
2023-10-31,5.77,5.86,5.77,5.85,10488802.0,61172580.0,1599442537.0,0.0065577860769373796,000059
2023-11-01,5.86,5.94,5.84,5.91,10325200.0,60842267.0,1599442537.0,0.006455499188715149,000059
2023-11-02,5.91,5.93,5.84,5.87,9338185.0,54857725.0,1599442537.0,0.005838399807419902,000059
2023-11-03,5.89,5.91,5.83,5.83,7091900.0,41543943.0,1599442537.0,0.004433982363193833,000059
2023-11-06,5.86,5.9,5.85,5.9,12465558.0,73296452.0,1599442537.0,0.00779368918334576,000059
2023-11-07,5.9,5.94,5.83,5.91,7740949.0,45607904.0,1599442537.0,0.004839779373705628,000059
2023-11-08,5.93,5.93,5.83,5.85,5714300.0,33561333.0,1599442537.0,0.003572682273861521,000059
2023-11-09,5.89,5.9,5.83,5.86,6327414.0,37130470.0,1599442537.0,0.00395601208147686,000059
2023-11-10,5.85,5.88,5.79,5.87,6456101.0,37731684.0,1599442537.0,0.004036469488994215,000059
2023-11-13,5.88,5.95,5.84,5.93,8733240.0,51541099.0,1599442537.0,0.005460177404297707,000059
2023-11-14,5.95,5.96,5.88,5.9,7024150.0,41501127.0,1599442537.0,0.004391623854880633,000059
2023-11-15,5.92,6.01,5.91,5.99,9232700.0,55194339.0,1599442537.0,0.005772448704107461,000059
2023-11-16,5.98,6.01,5.94,5.98,7390200.0,44240972.0,1599442537.0,0.0046204848433388885,000059
2023-11-17,5.97,5.99,5.92,5.95,6197327.0,36907742.0,1599442537.0,0.0038746793689906724,000059
2023-11-20,5.96,6.0,5.93,5.98,6742850.0,40217043.0,1599442537.0,0.004215750077928558,000059
2023-11-21,5.98,6.04,5.94,5.95,6400227.0,38364528.0,1599442537.0,0.0040015360676880635,000059
2023-11-22,5.95,6.0,5.93,5.94,6562285.0,39149556.0,1599442537.0,0.004102857619573238,000059
2023-11-23,5.94,6.01,5.9,6.0,7441922.0,44365326.0,1599442537.0,0.004652822360194613,000059
2023-11-24,6.0,6.04,5.94,5.96,6418300.0,38410359.0,1599442537.0,0.004012835629617871,000059
2023-11-27,5.97,5.98,5.89,5.92,8517700.0,50462420.0,1599442537.0,0.0053254179521674185,000059
2023-11-28,5.92,5.95,5.82,5.94,6984400.0,41209966.0,1599442537.0,0.0043667714459441065,000059
2023-11-29,5.94,5.97,5.86,5.87,7428392.0,43935014.0,1599442537.0,0.004644363162888671,000059
2023-11-30,5.9,5.9,5.81,5.84,8367643.0,48906523.0,1599442537.0,0.005231599639518653,000059
2023-12-01,5.86,5.88,5.76,5.77,11343359.0,66034268.0,1599442537.0,0.007092070354259935,000059
2023-12-04,5.79,5.87,5.77,5.83,10449351.0,60855638.0,1599442537.0,0.006533120608133483,000059
2023-12-05,5.81,5.83,5.73,5.73,7678900.0,44434396.0,1599442537.0,0.004800985232269085,000059
2023-12-06,5.73,5.83,5.68,5.8,6326200.0,36549637.0,1599442537.0,0.003955253067025315,000059
2023-12-07,5.76,5.81,5.72,5.75,6728200.0,38711956.0,1599442537.0,0.0042065906366475486,000059
2023-12-08,5.74,5.76,5.62,5.63,9771003.0,55558837.0,1599442537.0,0.006109005340277505,000059
2023-12-11,5.63,5.7,5.56,5.69,11091129.0,62538118.0,1599442537.0,0.006934371659767856,000059
2023-12-12,5.72,5.74,5.63,5.71,8885819.0,50435852.0,1599442537.0,0.005555572516326043,000059
2023-12-13,5.68,5.73,5.65,5.68,9159968.0,52154695.0,1599442537.0,0.005726975360540883,000059
2023-12-14,5.68,5.77,5.66,5.72,8436829.0,48295202.0,1599442537.0,0.005274855960642743,000059
2023-12-15,5.73,5.8,5.66,5.67,7661557.0,43829973.0,1599442537.0,0.004790142079358741,000059
2023-12-18,5.68,5.68,5.53,5.56,10853346.0,60613011.0,1599442537.0,0.0067857054873363045,000059
2023-12-19,5.57,5.6,5.53,5.57,5811113.0,32338998.0,1599442537.0,0.0036332114881098727,000059
2023-12-20,5.6,5.63,5.53,5.54,8707471.0,48640599.0,1599442537.0,0.005444066165910654,000059
2023-12-21,5.51,5.54,5.44,5.52,8153823.0,44780861.0,1599442537.0,0.005097915562064359,000059
2023-12-22,5.55,5.55,5.45,5.51,8808910.0,48443055.0,1599442537.0,0.005507487637863166,000059
2023-12-25,5.53,5.56,5.44,5.47,7533679.0,41278593.0,1599442537.0,0.004710190473069806,000059
2023-12-26,5.52,5.53,5.4,5.42,6195700.0,33868467.0,1599442537.0,0.0038736621395733207,000059
2023-12-27,5.45,5.46,5.35,5.43,8521600.0,46055754.0,1599442537.0,0.005327856301723455,000059
2023-12-28,5.4,5.48,5.35,5.46,13387370.0,72396517.0,1599442537.0,0.00837002248615325,000059
2023-12-29,5.43,5.52,5.41,5.49,10817290.0,59171284.0,1599442537.0,0.006763162633081829,000059
2024-01-02,5.49,5.67,5.48,5.61,14872255.0,83173403.0,1599442537.0,0.00929839907090079,000059
2024-01-03,5.61,5.79,5.59,5.78,15477962.0,88826001.0,1599442537.0,0.009677097890013163,000059
2024-01-04,5.77,5.86,5.74,5.79,11670089.0,67523345.0,1599442537.0,0.007296347777450663,000059
2024-01-05,5.75,5.83,5.69,5.73,11121618.0,64040968.0,1599442537.0,0.006953433926335548,000059
2024-01-08,5.73,5.73,5.55,5.56,9310829.0,52336651.0,1599442537.0,0.005821296348328893,000059
2024-01-09,5.56,5.62,5.48,5.54,10281246.0,56814058.0,1599442537.0,0.0064280183640007815,000059
2024-01-10,5.54,5.56,5.48,5.52,9543200.0,52703601.0,1599442537.0,0.005966578841838067,000059
2024-01-11,5.52,5.55,5.44,5.46,12420300.0,68045063.0,1599442537.0,0.007765393074574707,000059
2024-01-12,5.47,5.54,5.41,5.42,13232300.0,72332439.0,1599442537.0,0.008273069956498225,000059
2024-01-15,5.4,5.47,5.32,5.4,11913555.0,64330985.0,1599442537.0,0.007448567062837844,000059
2024-01-16,5.4,5.43,5.22,5.29,17055939.0,90445589.0,1599442537.0,0.01066367725344546,000059
2024-01-17,5.29,5.3,5.15,5.15,11084182.0,57982500.0,1599442537.0,0.006930028271468936,000059
2024-01-18,5.17,5.19,4.92,5.06,17321609.0,87103935.0,1599442537.0,0.010829778875638343,000059
2024-01-19,5.05,5.12,4.99,5.02,12060173.0,60871816.0,1599442537.0,0.007540235251352453,000059
2024-01-22,5.02,5.05,4.73,4.73,18280646.0,89613203.0,1599442537.0,0.011429385912349285,000059
2024-01-23,4.74,4.82,4.67,4.81,15024469.0,71555556.0,1599442537.0,0.009393565978419392,000059
2024-01-24,4.82,4.92,4.74,4.92,16256126.0,78859360.0,1599442537.0,0.01016361990127564,000059
2024-01-25,4.93,5.26,4.9,5.25,17361721.0,88594064.0,1599442537.0,0.010854857613431098,000059
2024-01-26,5.26,5.51,5.25,5.36,24002497.0,129233662.0,1599442537.0,0.015006789206081993,000059
2024-01-29,5.36,5.44,5.24,5.27,17172610.0,91208499.0,1599442537.0,0.010736622043458884,000059
2024-01-30,5.21,5.27,5.06,5.08,15917701.0,82157363.0,1599442537.0,0.009952030555505977,000059
2024-01-31,5.27,5.29,4.99,5.02,25709243.0,131420236.0,1599442537.0,0.016073877244894105,000059
2024-02-01,4.97,4.97,4.8,4.88,24874100.0,121662193.0,1599442537.0,0.015551730946617935,000059
2024-02-02,4.87,4.93,4.39,4.56,50652259.0,232316772.0,1599442537.0,0.031668695703820714,000059
2024-02-05,4.53,4.53,4.1,4.17,39916328.0,169741043.0,1599442537.0,0.02495640016856698,000059
2024-02-06,4.13,4.49,4.03,4.42,43859929.0,186131328.0,1599442537.0,0.027422009847422234,000059
2024-02-07,4.44,4.71,4.37,4.65,33814348.0,155253663.0,1599442537.0,0.021141333444478723,000059
2024-02-08,4.67,4.98,4.66,4.93,30721100.0,150444685.0,1599442537.0,0.01920737962716819,000059
2024-02-19,5.0,5.11,4.94,5.01,24127579.0,121142424.0,1599442537.0,0.015084992703304602,000059
2024-02-20,5.02,5.02,4.91,4.97,17169551.0,85473226.0,1599442537.0,0.010734709502101982,000059
2024-02-21,4.96,5.13,4.92,4.98,16912849.0,85106490.0,1599442537.0,0.010574214833452313,000059
2024-02-22,4.98,5.06,4.95,5.02,11892300.0,59525031.0,1599442537.0,0.007435278057757445,000059
2024-02-23,5.04,5.07,4.98,5.06,14568592.0,73210650.0,1599442537.0,0.009108543547507265,000059
2024-02-26,5.07,5.13,5.0,5.03,14175100.0,71759425.0,1599442537.0,0.0088625253312242,000059
2024-02-27,5.02,5.1,4.97,5.08,14311468.0,72314739.0,1599442537.0,0.008947785036931277,000059
2024-02-28,5.08,5.22,4.92,4.93,24749659.0,125880650.0,1599442537.0,0.015473928214027485,000059
2024-02-29,4.91,5.1,4.86,5.1,18988645.0,95306387.0,1599442537.0,0.011872039514227325,000059
2024-03-01,5.1,5.18,5.07,5.15,18762300.0,95981966.0,1599442537.0,0.011730524583391144,000059
2024-03-04,5.15,5.17,5.04,5.12,12797600.0,65342882.0,1599442537.0,0.008001287763675376,000059
2024-03-05,5.1,5.12,5.03,5.06,14745300.0,74822470.0,1599442537.0,0.009219024540673448,000059
2024-03-06,5.05,5.13,5.04,5.07,11748700.0,59710253.0,1599442537.0,0.007345496776668507,000059
2024-03-07,5.08,5.19,5.05,5.07,14384800.0,73587514.0,1599442537.0,0.008993633511198784,000059
2024-03-08,5.07,5.15,5.03,5.13,11895600.0,60462204.0,1599442537.0,0.007437341276612552,000059
2024-03-11,5.13,5.15,5.06,5.12,11836510.0,60367737.0,1599442537.0,0.007400397154749424,000059
2024-03-12,5.12,5.15,5.06,5.11,14782621.0,75439480.0,1599442537.0,0.009242358295489049,000059
2024-03-13,5.12,5.17,5.06,5.14,14503038.0,74199957.0,1599442537.0,0.009067558017559464,000059
2024-03-14,5.13,5.22,5.1,5.15,14748146.0,76110503.0,1599442537.0,0.00922080391063152,000059
2024-03-15,5.15,5.25,5.09,5.24,13878221.0,71928453.0,1599442537.0,0.00867691128562251,000059
2024-03-18,5.25,5.33,5.22,5.29,19576261.0,102911035.0,1599442537.0,0.012239427517488863,000059
2024-03-19,5.28,5.34,5.25,5.26,15206700.0,80437460.0,1599442537.0,0.009507500049687624,000059
2024-03-20,5.28,5.31,5.21,5.27,14785200.0,77620909.0,1599442537.0,0.009243970732285207,000059
2024-03-21,5.26,5.3,5.23,5.26,11940934.0,62866175.0,1599442537.0,0.007465684901939056,000059
2024-03-22,5.27,5.29,5.13,5.17,15174900.0,78767617.0,1599442537.0,0.009487618122538403,000059
2024-03-25,5.2,5.23,5.12,5.12,15156190.0,78411676.0,1599442537.0,0.009475920296847776,000059
2024-03-26,5.12,5.18,5.07,5.15,13335595.0,68327726.0,1599442537.0,0.008337651832752277,000059
2024-03-27,5.14,5.18,5.0,5.01,11393842.0,58138104.0,1599442537.0,0.007123633226218242,000059
2024-03-28,4.99,5.17,4.98,5.12,11187372.0,57048667.0,1599442537.0,0.006994544499850325,000059
2024-03-29,5.13,5.21,5.1,5.21,12065161.0,62492040.0,1599442537.0,0.00754335383791284,000059
2024-04-01,5.21,5.35,5.2,5.35,20690122.0,109561649.0,1599442537.0,0.012935833280267449,000059
2024-04-02,5.31,5.58,5.31,5.53,23501766.0,128851844.0,1599442537.0,0.014693723254404106,000059
2024-04-03,5.53,5.6,5.51,5.58,18371203.0,102148708.0,1599442537.0,0.01148600376382262,000059
2024-04-08,5.52,5.74,5.52,5.55,22185392.0,124574485.0,1599442537.0,0.01387070275223023,000059
2024-04-09,5.54,5.6,5.51,5.56,14087246.0,78137126.0,1599442537.0,0.00880759744355855,000059
2024-04-10,5.56,5.61,5.43,5.47,13260946.0,73105769.0,1599442537.0,0.00829097994659623,000059
2024-04-11,5.45,5.63,5.41,5.54,16498500.0,91588239.0,1599442537.0,0.010315156448787131,000059
2024-04-12,5.52,6.09,5.45,6.09,47824585.0,282552796.0,1599442537.0,0.02990078348779091,000059
2024-04-15,5.97,5.97,5.48,5.48,75329038.0,419712616.0,1599442537.0,0.047097058042042055,000059
2024-04-16,4.93,5.22,4.93,4.93,67725532.0,339269691.0,1599442537.0,0.042343210483216,000059
2024-04-17,4.8,4.96,4.77,4.91,67774213.0,330514645.0,1599442537.0,0.042373646712635854,000059
2024-04-18,4.86,5.09,4.82,5.05,50956885.0,254245859.0,1599442537.0,0.03185915331198923,000059
2024-04-19,5.03,5.39,5.0,5.36,49807115.0,262323108.0,1599442537.0,0.031140296601977892,000059
2024-04-22,5.37,5.39,4.82,4.83,59167878.0,294724892.0,1599442537.0,0.03699281257767374,000059
2024-04-23,4.83,4.88,4.76,4.8,25265545.0,121621771.0,1599442537.0,0.015796469341992997,000059
2024-04-24,4.8,4.99,4.76,4.97,24374063.0,118512167.0,1599442537.0,0.015239098896117454,000059
2024-04-25,4.93,5.07,4.92,4.93,26360563.0,131545601.0,1599442537.0,0.016481094125108914,000059
2024-04-26,4.95,5.02,4.87,5.0,22729815.0,112594984.0,1599442537.0,0.014211085721549745,000059
2024-04-29,4.93,5.01,4.79,4.99,31938223.0,156490487.0,1599442537.0,0.01996834663401227,000059
2024-04-30,4.97,5.03,4.9,4.92,20894895.0,103663071.0,1599442537.0,0.013063861011969572,000059
2024-05-06,4.94,5.21,4.94,5.18,42019532.0,213576753.0,1599442537.0,0.026271360819760416,000059
2024-05-07,5.16,5.26,5.12,5.24,32880035.0,170580191.0,1599442537.0,0.020557184293517387,000059
2024-05-08,5.46,5.47,5.08,5.13,65231628.0,341764826.0,1599442537.0,0.04078397722393449,000059
2024-05-09,5.17,5.34,5.17,5.18,50808991.0,265698014.0,1599442537.0,0.03176668734551731,000059
2024-05-10,5.7,5.7,5.34,5.38,132851164.0,739243154.0,1599442537.0,0.08306091711752443,000059
2024-05-13,5.08,5.11,4.85,4.85,91949156.0,454179397.0,1599442537.0,0.057488252233471766,000059
2024-05-14,4.94,5.14,4.9,5.01,58217453.0,293819672.0,1599442537.0,0.0363985899169568,000059
2024-05-15,5.03,5.07,4.93,5.02,29772349.0,148586701.0,1599442537.0,0.018614203581106836,000059
2024-05-16,4.97,5.06,4.97,4.99,27412197.0,137219197.0,1599442537.0,0.017138594457676348,000059
2024-05-17,4.99,5.2,4.97,5.13,35822103.0,182489984.0,1599442537.0,0.022396617678550588,000059
2024-05-20,5.11,5.23,5.09,5.17,29113760.0,150444049.0,1599442537.0,0.018202441992450274,000059
2024-05-21,5.14,5.2,5.05,5.08,23873710.0,121672192.0,1599442537.0,0.01492626927678115,000059
2024-05-22,5.05,5.11,4.99,5.04,19874792.0,100120963.0,1599442537.0,0.012426074422953777,000059
2024-05-23,5.0,5.03,4.86,4.89,24857376.0,122264455.0,1599442537.0,0.01554127480354738,000059
2024-05-24,4.88,4.97,4.86,4.91,16034957.0,78944736.0,1599442537.0,0.010025341097952806,000059
2024-05-27,4.91,4.95,4.86,4.94,16151654.0,79253898.0,1599442537.0,0.010098302143629934,000059
2024-05-28,4.92,4.93,4.88,4.91,12281500.0,60236195.0,1599442537.0,0.0076786128390932,000059
2024-05-29,4.89,4.95,4.84,4.87,15400701.0,75281132.0,1599442537.0,0.009628792934872408,000059
2024-05-30,4.84,4.86,4.75,4.78,17397506.0,83471977.0,1599442537.0,0.01087723103365232,000059
2024-05-31,4.78,4.81,4.73,4.74,12905654.0,61518265.0,1599442537.0,0.008068845051605628,000059
2024-06-03,4.79,4.8,4.62,4.64,18356629.0,85808388.0,1599442537.0,0.011476891839097062,000059
2024-06-04,4.63,4.74,4.57,4.73,15138750.0,70351204.0,1599442537.0,0.009465016497807448,000059
2024-06-05,4.71,4.72,4.53,4.54,23865864.0,110126627.0,1599442537.0,0.014921363817648674,000059
2024-06-06,4.54,4.57,4.33,4.4,24785400.0,109422712.0,1599442537.0,0.015496274124663973,000059
2024-06-07,4.46,4.57,4.43,4.56,16112700.0,72377113.0,1599442537.0,0.010073947408089973,000059
2024-06-11,4.55,4.58,4.39,4.43,14964934.0,66448499.0,1599442537.0,0.009356343634619742,000059
2024-06-12,4.41,4.55,4.4,4.52,11945204.0,53564165.0,1599442537.0,0.007468354582093999,000059
2024-06-13,4.52,4.54,4.41,4.42,11560005.0,51388774.0,1599442537.0,0.007227521297315603,000059
2024-06-14,4.4,4.44,4.37,4.44,8825838.0,38874476.0,1599442537.0,0.005518071325372035,000059
2024-06-17,4.42,4.43,4.38,4.4,8421500.0,37077382.0,1599442537.0,0.005265271996451849,000059
2024-06-18,4.38,4.46,4.38,4.42,11131617.0,49267788.0,1599442537.0,0.006959685479466525,000059
2024-06-19,4.44,4.48,4.41,4.41,9462194.0,42025079.0,1599442537.0,0.005915932445905683,000059
2024-06-20,4.41,4.45,4.28,4.3,13215172.0,57454439.0,1599442537.0,0.00826236122542238,000059
2024-06-21,4.3,4.32,4.23,4.27,10939400.0,46821325.0,1599442537.0,0.006839507982899169,000059
2024-06-24,4.26,4.26,4.11,4.12,13941400.0,58027652.0,1599442537.0,0.008716411923212469,000059
2024-06-25,4.14,4.22,4.12,4.17,10771137.0,44903483.0,1599442537.0,0.0067343069543485574,000059
2024-06-26,4.18,4.28,4.13,4.27,8229240.0,34612379.0,1599442537.0,0.005145067615517593,000059
2024-06-27,4.25,4.28,4.16,4.17,9424939.0,39676790.0,1599442537.0,0.005892639955467184,000059
2024-06-28,4.16,4.26,4.16,4.19,9901100.0,41824138.0,1599442537.0,0.006190344304942041,000059
2024-07-01,4.18,4.24,4.13,4.23,10004200.0,41908925.0,1599442537.0,0.00625480426371829,000059
2024-07-02,4.23,4.26,4.2,4.24,9263340.0,39229882.0,1599442537.0,0.00579160537856822,000059
2024-07-03,4.22,4.31,4.22,4.24,7259000.0,30942957.0,1599442537.0,0.004538456263402478,000059
2024-07-04,4.26,4.26,4.11,4.14,9332900.0,38851255.0,1599442537.0,0.005835095531162555,000059
2024-07-05,4.13,4.17,4.08,4.13,8950100.0,36991217.0,1599442537.0,0.00559576214397004,000059
2024-07-08,4.04,4.05,3.94,3.96,17073910.0,67935479.0,1599442537.0,0.01067491304315611,000059
2024-07-09,3.96,4.0,3.83,3.98,16808798.0,65712861.0,1599442537.0,0.010509160292515092,000059
2024-07-10,3.96,3.99,3.9,3.91,8860570.0,34876755.0,1599442537.0,0.005539786391213128,000059
2024-07-11,3.96,4.15,3.96,4.14,17174701.0,70011695.0,1599442537.0,0.01073792937395162,000059
2024-07-12,4.16,4.2,4.1,4.14,8308700.0,34512354.0,1599442537.0,0.005194747424677252,000059
2024-07-15,4.17,4.18,4.04,4.06,9702402.0,39663451.0,1599442537.0,0.0060661147715868205,000059
2024-07-16,4.05,4.06,3.98,4.0,7870149.0,31580196.0,1599442537.0,0.004920557517972276,000059
2024-07-17,4.02,4.03,3.94,3.97,8821200.0,35002621.0,1599442537.0,0.005515171565053856,000059
2024-07-18,3.97,3.98,3.9,3.97,8358835.0,32925918.0,1599442537.0,0.00522609272082902,000059
2024-07-19,3.95,3.96,3.89,3.94,7712201.0,30267975.0,1599442537.0,0.0048218056113884635,000059
2024-07-22,3.95,3.95,3.89,3.92,7350101.0,28749016.0,1599442537.0,0.004595414233377989,000059
2024-07-23,3.92,3.97,3.87,3.88,10134053.0,39724631.0,1599442537.0,0.006335990675231116,000059
2024-07-24,3.88,3.89,3.78,3.79,11704153.0,44659318.0,1599442537.0,0.0073176451977780554,000059
2024-07-25,3.79,3.89,3.77,3.85,8016300.0,30720011.0,1599442537.0,0.005011933729757995,000059
2024-07-26,3.86,3.96,3.85,3.94,9986541.0,39195078.0,1599442537.0,0.006243763541972124,000059
2024-07-29,3.94,4.01,3.93,3.98,8506401.0,33820720.0,1599442537.0,0.0053183536158510954,000059
2024-07-30,3.99,4.01,3.95,3.98,5325500.0,21223723.0,1599442537.0,0.0033295975796597188,000059
2024-07-31,4.0,4.13,3.96,4.12,10802001.0,43962007.0,1599442537.0,0.00675360367760433,000059
2024-08-01,4.12,4.17,4.09,4.11,6702799.0,27642587.0,1599442537.0,0.004190709478423732,000059
2024-08-02,4.1,4.14,4.07,4.08,6904420.0,28314901.0,1599442537.0,0.004316766523510309,000059
2024-08-05,4.05,4.12,3.99,4.0,8275600.0,33588569.0,1599442537.0,0.005174052714342685,000059
2024-08-06,4.01,4.1,4.01,4.09,6288360.0,25553652.0,1599442537.0,0.0039315948241534105,000059
2024-08-07,4.07,4.11,4.02,4.08,5765758.0,23467586.0,1599442537.0,0.0036048547332088367,000059
2024-08-08,4.06,4.12,4.06,4.1,9234140.0,37760356.0,1599442537.0,0.00577334901778969,000059
2024-08-09,4.11,4.23,4.11,4.18,11761000.0,49164029.0,1599442537.0,0.007353186956037546,000059
2024-08-12,4.2,4.21,4.11,4.14,6620938.0,27474083.0,1599442537.0,0.004139528521242523,000059
2024-08-13,4.15,4.19,4.1,4.17,5418356.0,22484627.0,1599442537.0,0.0033876528069354452,000059
2024-08-14,4.18,4.19,4.09,4.1,5724500.0,23627611.0,1599442537.0,0.003579059495777309,000059
2024-08-15,4.1,4.18,4.06,4.12,7076700.0,29199096.0,1599442537.0,0.004424479052103639,000059
2024-08-16,4.16,4.16,4.05,4.05,6349300.0,25973961.0,1599442537.0,0.0039696955990110696,000059
2024-08-19,4.05,4.11,4.04,4.07,4700706.0,19118593.0,1599442537.0,0.0029389652277329674,000059
2024-08-20,4.07,4.07,3.96,3.98,7911500.0,31589399.0,1599442537.0,0.0049464109006624474,000059
2024-08-21,3.97,3.99,3.93,3.95,5247010.0,20750384.0,1599442537.0,0.0032805242317998948,000059
2024-08-22,3.95,3.98,3.88,3.89,6100238.0,23907094.0,1599442537.0,0.0038139775946198933,000059
2024-08-23,3.9,3.92,3.85,3.88,4812840.0,18686954.0,1599442537.0,0.0030090734044295334,000059
2024-08-26,3.87,4.0,3.87,3.94,9091300.0,35791891.0,1599442537.0,0.005684042902255262,000059
2024-08-27,3.94,3.98,3.88,3.9,7115000.0,27865723.0,1599442537.0,0.004448424895179589,000059
2024-08-28,3.88,3.94,3.81,3.87,7796004.0,30224772.0,1599442537.0,0.0048742007416050104,000059
2024-08-29,3.85,3.96,3.82,3.94,9526100.0,37091233.0,1599442537.0,0.005955887616861599,000059
2024-08-30,3.94,4.03,3.9,3.98,11409800.0,45323620.0,1599442537.0,0.007133610452427276,000059
2024-09-02,3.98,3.99,3.89,3.9,10743625.0,42362207.0,1599442537.0,0.006717105961275307,000059
2024-09-03,3.89,3.93,3.83,3.84,11548900.0,44649604.0,1599442537.0,0.007220578253259248,000059
2024-09-04,3.81,3.83,3.75,3.8,9245235.0,35135802.0,1599442537.0,0.005780285809667697,000059
2024-09-05,3.81,3.86,3.79,3.82,6238800.0,23814894.0,1599442537.0,0.0039006090282566993,000059
2024-09-06,3.81,3.83,3.75,3.76,6728400.0,25485929.0,1599442537.0,0.004206715680214524,000059
2024-09-09,3.75,3.81,3.71,3.79,8395500.0,31651851.0,1599442537.0,0.005249016332744938,000059
2024-09-10,3.82,3.83,3.64,3.71,13097575.0,48609635.0,1599442537.0,0.008188837483693858,000059
2024-09-11,3.69,3.73,3.65,3.66,9924135.0,36503530.0,1599442537.0,0.0062047461977685296,000059
2024-09-12,3.67,3.78,3.67,3.73,7710735.0,28789978.0,1599442537.0,0.0048208890420425275,000059
2024-09-13,3.73,3.76,3.68,3.69,6156877.0,22877156.0,1599442537.0,0.0038493893075697287,000059
2024-09-18,3.71,3.72,3.58,3.63,11347776.0,41182107.0,1599442537.0,0.007094831941436606,000059
2024-09-19,3.66,3.82,3.65,3.8,14470476.0,54271858.0,1599442537.0,0.009047199674420064,000059
2024-09-20,3.8,3.82,3.76,3.8,8671500.0,32854209.0,1599442537.0,0.005421576455172144,000059
2024-09-23,3.8,3.85,3.76,3.82,6730770.0,25657142.0,1599442537.0,0.004208197446483193,000059
2024-09-24,3.83,4.05,3.82,4.04,18743810.0,74260724.0,1599442537.0,0.011718964305624191,000059
2024-09-25,4.13,4.23,4.1,4.12,18758371.0,78221782.0,1599442537.0,0.011728068102517896,000059
2024-09-26,4.11,4.37,4.09,4.37,30272901.0,128768086.0,1599442537.0,0.018927157618792278,000059
2024-09-27,4.41,4.5,4.34,4.41,31350900.0,138346441.0,1599442537.0,0.019601141819576354,000059
2024-09-30,4.65,4.8,4.51,4.78,50987179.0,237743649.0,1599442537.0,0.03187809366107912,000059
2024-10-08,5.25,5.26,4.8,4.94,61743510.0,308040529.0,1599442537.0,0.03860314364016442,000059
2024-10-09,4.83,4.85,4.45,4.51,45120964.0,209090727.0,1599442537.0,0.028210431419831622,000059
2024-10-10,4.47,4.72,4.44,4.55,26808790.0,122729712.0,1599442537.0,0.0167613336395842,000059
2024-10-11,4.57,4.59,4.34,4.38,23287000.0,104092684.0,1599442537.0,0.014559447720878015,000059
2024-10-14,4.4,4.62,4.39,4.58,30186278.0,136022828.0,1599442537.0,0.018872999374281364,000059
2024-10-15,4.54,4.62,4.48,4.49,22054039.0,100311907.0,1599442537.0,0.013788578513965082,000059
2024-10-16,4.21,4.4,4.2,4.34,35265134.0,151450297.0,1599442537.0,0.02204839072627465,000059
2024-10-17,4.33,4.44,4.16,4.16,28991065.0,123632411.0,1599442537.0,0.01812573089019953,000059
2024-10-18,4.16,4.3,4.13,4.24,33078879.0,138973730.0,1599442537.0,0.020681505108676498,000059
2024-10-21,4.26,4.59,4.22,4.47,45433438.0,200092189.0,1599442537.0,0.028405795737568282,000059
2024-10-22,4.47,4.52,4.36,4.48,23572476.0,104432871.0,1599442537.0,0.014737932407508555,000059
2024-10-23,4.5,4.93,4.48,4.84,87432643.0,419503636.0,1599442537.0,0.05466444775439907,000059
2024-10-24,4.9,5.3,4.86,5.12,91692895.0,472544240.0,1599442537.0,0.05732803328588728,000059
2024-10-25,5.05,5.5,5.05,5.4,70323089.0,377939361.0,1599442537.0,0.04396724944673645,000059
2024-10-28,5.4,5.65,5.28,5.61,70715703.0,390005284.0,1599442537.0,0.04421271872176049,000059
2024-10-29,5.55,5.7,5.28,5.35,63172126.0,342388766.0,1599442537.0,0.03949633984256103,000059
2024-10-30,5.33,5.48,5.25,5.31,37421457.0,200328925.0,1599442537.0,0.02339656232363914,000059
2024-10-31,5.29,5.39,5.17,5.37,40601457.0,214693362.0,1599442537.0,0.025384755038561288,000059
2024-11-01,5.35,5.54,5.22,5.26,39424369.0,209982055.0,1599442537.0,0.02464881862773667,000059
2024-11-04,5.24,5.3,5.04,5.13,35123682.0,179456301.0,1599442537.0,0.02195995241309504,000059
2024-11-05,5.1,5.23,5.1,5.15,34550954.0,178356390.0,1599442537.0,0.02160187265295921,000059
2024-11-06,5.18,5.23,5.07,5.19,24397853.0,126063740.0,1599442537.0,0.015253972828409278,000059
2024-11-07,5.18,5.4,5.11,5.33,31159357.0,164289533.0,1599442537.0,0.01948138571982971,000059
2024-11-08,5.36,5.74,5.27,5.61,57814992.0,319643681.0,1599442537.0,0.036146964121912685,000059
2024-11-11,5.65,5.65,5.38,5.44,48330331.0,263196611.0,1599442537.0,0.030216984906910726,000059
2024-11-12,5.44,5.56,5.25,5.3,33594162.0,181375786.0,1599442537.0,0.021003669230287576,000059
2024-11-13,5.29,5.33,5.12,5.26,25194256.0,131215065.0,1599442537.0,0.015751898187762153,000059
2024-11-14,5.27,5.28,5.1,5.13,19530400.0,101007759.0,1599442537.0,0.012210754402363378,000059
2024-11-15,5.11,5.21,5.02,5.09,27075094.0,138483167.0,1599442537.0,0.0169278316498844,000059
2024-11-18,5.18,5.5,5.18,5.44,64512667.0,348942250.0,1599442537.0,0.04033446998415048,000059
2024-11-19,5.36,5.4,5.16,5.4,35176605.0,185985381.0,1599442537.0,0.021993040816570456,000059
2024-11-20,5.38,5.85,5.31,5.83,63695946.0,360482193.0,1599442537.0,0.039823841448828494,000059
2024-11-21,5.83,5.88,5.62,5.67,32420894.0,185472735.0,1599442537.0,0.020270121151592206,000059
2024-11-22,5.68,5.74,5.32,5.32,34703300.0,191300882.0,1599442537.0,0.021697122089232017,000059
2024-11-25,5.32,5.46,5.24,5.4,38517520.0,205353178.0,1599442537.0,0.02408184045939251,000059
2024-11-26,5.37,5.41,5.21,5.23,26563909.0,140171406.0,1599442537.0,0.016608229670960664,000059
2024-11-27,5.21,5.24,4.98,5.22,31510361.0,160706376.0,1599442537.0,0.01970083968074434,000059
2024-11-28,5.23,5.31,5.15,5.22,18652400.0,97609242.0,1599442537.0,0.011661813143337703,000059
2024-11-29,5.21,5.37,5.1,5.25,22389695.0,116951690.0,1599442537.0,0.01399843663154996,000059
2024-12-02,5.25,5.42,5.24,5.4,21328129.0,113923533.0,1599442537.0,0.013334726635446485,000059
2024-12-03,5.4,5.41,5.23,5.31,20006643.0,105916759.0,1599442537.0,0.012508510019700695,000059
2024-12-04,5.28,5.28,5.16,5.19,15166000.0,79141919.0,1599442537.0,0.00948205368380796,000059
2024-12-05,5.19,5.24,5.13,5.24,12502701.0,64831511.0,1599442537.0,0.007816911649386752,000059
2024-12-06,5.25,5.3,5.17,5.29,15069638.0,79204122.0,1599442537.0,0.009421806442803141,000059
2024-12-09,5.31,5.4,5.2,5.23,15236300.0,80362550.0,1599442537.0,0.009526006497600107,000059
2024-12-10,5.4,5.43,5.18,5.2,22666962.0,119633567.0,1599442537.0,0.014171788904973958,000059
2024-12-11,5.16,5.33,5.14,5.28,17872710.0,94084197.0,1599442537.0,0.011174337049659196,000059
2024-12-12,5.28,5.37,5.2,5.34,21245402.0,112216328.0,1599442537.0,0.013283004239620269,000059
2024-12-13,5.32,5.32,5.08,5.08,35625306.0,183271297.0,1599442537.0,0.022273576684299475,000059
2024-12-16,5.07,5.15,5.05,5.08,12908099.0,65756161.0,1599442537.0,0.008070373709211912,000059
2024-12-17,5.07,5.09,4.95,4.96,17261693.0,86212149.0,1599442537.0,0.010792318323843603,000059
2024-12-18,5.14,5.25,5.09,5.13,32476281.0,168104676.0,1599442537.0,0.02030475009181277,000059
2024-12-19,5.08,5.11,4.96,5.01,18880200.0,94656698.0,1599442537.0,0.011804237766123635,000059
2024-12-20,4.99,5.01,4.94,4.95,11872294.0,59038619.0,1599442537.0,0.007422769949752812,000059
2024-12-23,4.95,4.96,4.83,4.86,14077358.0,68571732.0,1599442537.0,0.008801415289607244,000059
2024-12-24,4.86,4.97,4.85,4.94,10787056.0,53138016.0,1599442537.0,0.006744259797062031,000059
2024-12-25,4.95,4.96,4.83,4.92,10524322.0,51436242.0,1599442537.0,0.006579993814432359,000059
2024-12-26,4.9,4.94,4.87,4.88,6759000.0,33115682.0,1599442537.0,0.004225847345961889,000059
2024-12-27,4.89,4.99,4.86,4.91,12596768.0,62175468.0,1599442537.0,0.007875724015460519,000059
2024-12-30,4.92,4.93,4.83,4.86,9324600.0,45313474.0,1599442537.0,0.005829906223133042,000059
2024-12-31,4.87,4.92,4.78,4.79,10426600.0,50418867.0,1599442537.0,0.006518896277172101,000059
