日期,开盘,最高,最低,收盘,成交量,成交额,outstanding_share,换手率,股票代码
2020-01-02,7.21,7.34,7.21,7.24,14857544.0,108096393.0,1813722958.0,0.008191738398891679,000031
2020-01-03,7.32,7.32,7.15,7.25,23129411.0,166871795.0,1813722958.0,0.012752449814885124,000031
2020-01-06,7.23,7.23,7.01,7.06,28091294.0,198806042.0,1813722958.0,0.015488194531636953,000031
2020-01-07,7.07,7.18,7.03,7.18,14775435.0,105080312.0,1813722958.0,0.008146467427579423,000031
2020-01-08,7.2,7.2,7.0,7.0,12742352.0,90088637.0,1813722958.0,0.007025522803135847,000031
2020-01-09,7.05,7.13,7.03,7.1,11214432.0,79409556.0,1813722958.0,0.006183100870248785,000031
2020-01-10,7.13,7.13,7.0,7.03,8694220.0,61254730.0,1813722958.0,0.004793576638400803,000031
2020-01-13,7.03,7.14,7.01,7.13,11790852.0,83582092.0,1813722958.0,0.006500911259899264,000031
2020-01-14,7.15,7.42,7.13,7.17,25442974.0,184066344.0,1813722958.0,0.014028037682257756,000031
2020-01-15,7.15,7.19,7.06,7.08,12553076.0,89152396.0,1813722958.0,0.006921165079060547,000031
2020-01-16,7.08,7.12,7.02,7.05,7825235.0,55232109.0,1813722958.0,0.004314459915437647,000031
2020-01-17,7.04,7.08,6.9,6.95,12478087.0,87037135.0,1813722958.0,0.006879819734850597,000031
2020-01-20,6.95,6.95,6.69,6.75,25842944.0,174107391.0,1813722958.0,0.014248561990138298,000031
2020-01-21,6.76,6.77,6.51,6.52,21139711.0,139018754.0,1813722958.0,0.011655424499511683,000031
2020-01-22,6.49,6.56,6.36,6.56,15153675.0,97959456.0,1813722958.0,0.008355010853868234,000031
2020-01-23,6.45,6.53,6.26,6.34,15681520.0,100089626.0,1813722958.0,0.008646039314235774,000031
2020-02-03,5.71,5.71,5.71,5.71,2373400.0,13552114.0,1813722958.0,0.0013085791242435163,000031
2020-02-04,5.14,5.49,5.14,5.34,28003669.0,149748766.0,1813722958.0,0.015439882302024652,000031
2020-02-05,5.39,5.48,5.34,5.43,16601730.0,89785910.0,1813722958.0,0.009153399049602811,000031
2020-02-06,5.42,5.5,5.35,5.48,15655934.0,85161978.0,1813722958.0,0.008631932418865042,000031
2020-02-07,5.51,5.51,5.37,5.46,16171220.0,87628685.0,1813722958.0,0.008916036447943556,000031
2020-02-10,5.42,5.61,5.39,5.6,18151835.0,100203939.0,1813722958.0,0.010008052729296708,000031
2020-02-11,5.59,5.69,5.57,5.61,13610555.0,76493004.0,1813722958.0,0.007504208368740294,000031
2020-02-12,5.59,5.61,5.48,5.6,19332293.0,106975834.0,1813722958.0,0.010658900751478496,000031
2020-02-13,5.6,6.02,5.56,5.78,30510551.0,176957684.0,1813722958.0,0.016822057010098233,000031
2020-02-14,5.79,6.2,5.77,6.17,44223130.0,264164530.0,1813722958.0,0.024382516527642697,000031
2020-02-17,6.15,6.15,5.94,6.1,35796309.0,215734100.0,1813722958.0,0.019736370895074705,000031
2020-02-18,6.04,6.05,5.93,5.99,25270577.0,151136855.0,1813722958.0,0.01393298623063468,000031
2020-02-19,5.99,6.04,5.93,5.97,14964048.0,89601180.0,1813722958.0,0.008250459605198426,000031
2020-02-20,5.96,6.01,5.86,5.99,21006875.0,125054992.0,1813722958.0,0.011582185089151858,000031
2020-02-21,5.99,6.01,5.92,5.95,16927507.0,100935651.0,1813722958.0,0.009333016889561807,000031
2020-02-24,5.94,5.97,5.81,5.84,22543531.0,132200440.0,1813722958.0,0.01242942363416894,000031
2020-02-25,5.72,5.86,5.69,5.8,20645544.0,118963377.0,1813722958.0,0.011382964475878901,000031
2020-02-26,5.77,6.01,5.71,5.9,31006212.0,183644319.0,1813722958.0,0.017095340753799954,000031
2020-02-27,5.91,5.96,5.81,5.84,16760270.0,98185298.0,1813722958.0,0.00924081041488366,000031
2020-02-28,5.7,5.83,5.58,5.58,19109558.0,108668843.0,1813722958.0,0.010536095336782961,000031
2020-03-02,5.61,5.88,5.61,5.84,19349428.0,112630650.0,1813722958.0,0.010668348170073724,000031
2020-03-03,5.9,5.94,5.8,5.86,17931433.0,104918671.0,1813722958.0,0.009886533619099726,000031
2020-03-04,5.85,6.08,5.81,6.03,30576019.0,182392747.0,1813722958.0,0.01685815293076309,000031
2020-03-05,6.04,6.12,5.98,6.1,27992523.0,169442557.0,1813722958.0,0.015433736931282754,000031
2020-03-06,6.03,6.03,5.92,5.93,18819100.0,112178109.0,1813722958.0,0.010375950702389466,000031
2020-03-09,5.8,5.84,5.7,5.74,15348800.0,88577574.0,1813722958.0,0.008462593436499908,000031
2020-03-10,5.6,5.93,5.6,5.82,14977386.0,86281059.0,1813722958.0,0.008257813539789795,000031
2020-03-11,5.86,5.87,5.76,5.78,11526444.0,67029305.0,1813722958.0,0.006355129348260695,000031
2020-03-12,5.71,5.77,5.66,5.71,10247048.0,58439454.0,1813722958.0,0.005649731649920484,000031
2020-03-13,5.53,5.65,5.42,5.56,17100315.0,94520889.0,1813722958.0,0.00942829494690666,000031
2020-03-16,5.64,5.67,5.38,5.45,15962549.0,88499894.0,1813722958.0,0.00880098524947932,000031
2020-03-17,5.48,5.55,5.27,5.43,11375605.0,61508007.0,1813722958.0,0.006271963945664517,000031
2020-03-18,5.48,5.48,5.29,5.31,12004886.0,64639556.0,1813722958.0,0.0066189193597890154,000031
2020-03-19,5.19,5.35,5.14,5.24,11929902.0,62208871.0,1813722958.0,0.00657757677233967,000031
2020-03-20,5.28,5.41,5.24,5.39,10525919.0,55966749.0,1813722958.0,0.005803487767286673,000031
2020-03-23,5.25,5.31,5.2,5.21,7486378.0,39270470.0,1813722958.0,0.004127630389734528,000031
2020-03-24,5.28,5.34,5.22,5.28,6972810.0,36755635.0,1813722958.0,0.0038444735836000816,000031
2020-03-25,5.4,5.54,5.32,5.47,14598270.0,79121310.0,1813722958.0,0.008048787129042891,000031
2020-03-26,5.47,5.53,5.42,5.47,9214758.0,50569728.0,1813722958.0,0.005080576368819388,000031
2020-03-27,5.53,5.63,5.51,5.52,10068194.0,56020811.0,1813722958.0,0.005551120117651397,000031
2020-03-30,5.45,5.53,5.39,5.5,7256724.0,39697983.0,1813722958.0,0.00400101016971303,000031
2020-03-31,5.55,5.59,5.35,5.38,9932982.0,54081140.0,1813722958.0,0.005476570694651813,000031
2020-04-01,5.38,5.46,5.33,5.34,6800205.0,36629370.0,1813722958.0,0.003749307450735814,000031
2020-04-02,5.36,5.41,5.33,5.4,5485253.0,29452240.0,1813722958.0,0.0030243058763774,000031
2020-04-03,5.38,5.42,5.31,5.37,6285800.0,33657349.0,1813722958.0,0.003465689162875999,000031
2020-04-07,5.43,5.48,5.4,5.47,9311711.0,50737276.0,1813722958.0,0.005134031611017408,000031
2020-04-08,5.44,5.47,5.4,5.46,6509383.0,35365390.0,1813722958.0,0.003588962124170234,000031
2020-04-09,5.5,5.51,5.43,5.44,7666183.0,41907445.0,1813722958.0,0.00422676625787079,000031
2020-04-10,5.45,5.46,5.34,5.36,7466002.0,40110902.0,1813722958.0,0.004116396038914782,000031
2020-04-13,5.32,5.34,5.28,5.28,5709088.0,30237328.0,1813722958.0,0.003147717778406155,000031
2020-04-14,5.28,5.46,5.28,5.46,7589432.0,40650162.0,1813722958.0,0.004184449431223443,000031
2020-04-15,5.46,5.48,5.36,5.38,6579015.0,35539015.0,1813722958.0,0.003627353875067396,000031
2020-04-16,5.36,5.38,5.25,5.38,5816742.0,31067996.0,1813722958.0,0.003207073039652178,000031
2020-04-17,5.4,5.45,5.36,5.39,9005083.0,48727544.0,1813722958.0,0.004964971612825557,000031
2020-04-20,5.41,5.43,5.34,5.34,5800032.0,31099969.0,1813722958.0,0.003197859945708423,000031
2020-04-21,5.3,5.36,5.26,5.3,5161644.0,27361558.0,1813722958.0,0.0028458833678169718,000031
2020-04-22,5.26,5.34,5.23,5.33,5362028.0,28410459.0,1813722958.0,0.002956365511253566,000031
2020-04-23,5.32,5.33,5.28,5.29,5264000.0,27881931.0,1813722958.0,0.002902317565525352,000031
2020-04-24,5.28,5.3,5.2,5.2,6044187.0,31682713.0,1813722958.0,0.003332475322838142,000031
2020-04-27,5.25,5.32,5.18,5.19,6138445.0,32190172.0,1813722958.0,0.00338444467106977,000031
2020-04-28,5.19,5.24,5.06,5.14,7327014.0,37671780.0,1813722958.0,0.004039764710305883,000031
2020-04-29,5.14,5.3,5.12,5.3,7063620.0,36901627.0,1813722958.0,0.0038945418697181205,000031
2020-04-30,5.29,5.49,5.25,5.39,13724805.0,73838280.0,1813722958.0,0.0075672003485771615,000031
2020-05-06,5.25,5.37,5.16,5.27,17658939.0,92407350.0,1813722958.0,0.009736293474209857,000031
2020-05-07,5.27,5.29,5.16,5.18,9169677.0,47614859.0,1813722958.0,0.0050557208638476086,000031
2020-05-08,5.2,5.25,5.19,5.22,6632735.0,34628527.0,1813722958.0,0.0036569725110134487,000031
2020-05-11,5.22,5.26,5.19,5.2,4462947.0,23277885.0,1813722958.0,0.002460655294853471,000031
2020-05-12,5.2,5.2,5.15,5.17,4705650.0,24343255.0,1813722958.0,0.002594470108703338,000031
2020-05-13,5.16,5.2,5.14,5.16,4832562.0,24981955.0,1813722958.0,0.002664443309097706,000031
2020-05-14,5.16,5.2,5.14,5.18,4626547.0,23925160.0,1813722958.0,0.002550856501867139,000031
2020-05-15,5.22,5.28,5.2,5.22,6281461.0,32887775.0,1813722958.0,0.0034632968460225006,000031
2020-05-18,5.22,5.25,5.14,5.16,6632801.0,34346089.0,1813722958.0,0.0036570089002534423,000031
2020-05-19,5.22,5.22,5.16,5.16,3941939.0,20408426.0,1813722958.0,0.0021733964289379635,000031
2020-05-20,5.16,5.19,5.09,5.12,6116962.0,31309878.0,1813722958.0,0.0033725999734519545,000031
2020-05-21,5.13,5.14,5.06,5.11,6047205.0,30829046.0,1813722958.0,0.0033341393035396533,000031
2020-05-22,5.08,5.1,5.0,5.01,6723711.0,33874997.0,1813722958.0,0.0037071323215835924,000031
2020-05-25,5.04,5.04,4.93,4.97,6045710.0,30104956.0,1813722958.0,0.0033333150321185933,000031
2020-05-26,4.98,5.04,4.95,5.02,5464898.0,27296529.0,1813722958.0,0.003013083103952197,000031
2020-05-27,5.03,5.04,4.9,4.93,7729226.0,38258824.0,1813722958.0,0.0042615251496419555,000031
2020-05-28,4.94,4.98,4.88,4.92,6709348.0,33019996.0,1813722958.0,0.003699213251068083,000031
2020-05-29,4.91,4.93,4.88,4.9,5599264.0,27448743.0,1813722958.0,0.003087166083057322,000031
2020-06-01,4.92,5.03,4.91,5.01,9024016.0,44955640.0,1813722958.0,0.004975410362534541,000031
2020-06-02,5.06,5.19,5.03,5.11,11501087.0,58923769.0,1813722958.0,0.006341148712525698,000031
2020-06-03,5.16,5.18,5.1,5.11,7754580.0,39793186.0,1813722958.0,0.004275504131320589,000031
2020-06-04,5.17,5.17,5.07,5.09,5041696.0,25736994.0,1813722958.0,0.0027797497835940167,000031
2020-06-05,5.11,5.14,5.06,5.09,4060279.0,20686447.0,1813722958.0,0.002238643438950173,000031
2020-06-08,5.1,5.14,5.08,5.12,5776300.0,29548081.0,1813722958.0,0.00318477525717023,000031
2020-06-09,5.12,5.13,5.05,5.07,4550530.0,23121729.0,1813722958.0,0.0025089443676766868,000031
2020-06-10,5.09,5.11,5.02,5.03,4941940.0,24920550.0,1813722958.0,0.0027247491014005237,000031
2020-06-11,5.03,5.05,4.99,5.0,5759600.0,28866448.0,1813722958.0,0.0031755676767476855,000031
2020-06-12,4.96,5.04,4.92,5.0,7983827.0,39676033.0,1813722958.0,0.004401899951028795,000031
2020-06-15,4.99,5.06,4.96,5.01,6098650.0,30634002.0,1813722958.0,0.00336250361341018,000031
2020-06-16,5.04,5.08,5.01,5.08,6254569.0,31568902.0,1813722958.0,0.0034484698847815987,000031
2020-06-17,5.08,5.1,5.02,5.07,7525634.0,38051444.0,1813722958.0,0.004149274268600839,000031
2020-06-18,5.07,5.15,5.04,5.12,8737701.0,44706804.0,1813722958.0,0.0048175499799788055,000031
2020-06-19,5.12,5.17,5.1,5.15,10145043.0,52244806.0,1813722958.0,0.0055934909768066135,000031
2020-06-22,5.15,5.2,5.12,5.15,8611900.0,44387655.0,1813722958.0,0.004748189331790991,000031
2020-06-23,5.13,5.14,5.04,5.06,6748974.0,34287561.0,1813722958.0,0.003721061130219205,000031
2020-06-24,5.04,5.12,5.03,5.08,5793078.0,29479147.0,1813722958.0,0.003194025843058221,000031
2020-06-29,5.08,5.08,5.0,5.01,5637008.0,28286256.0,1813722958.0,0.0031079763175165145,000031
2020-06-30,5.03,5.1,5.02,5.09,5018303.0,25413218.0,1813674958.0,0.0027669252298294124,000031
2020-07-01,5.09,5.34,5.07,5.28,19265643.0,100841065.0,1813674958.0,0.010622434254286044,000031
2020-07-02,5.27,5.42,5.25,5.41,24192939.0,129784797.0,1813674958.0,0.013339181253667615,000031
2020-07-03,5.48,5.5,5.33,5.39,23427988.0,126735414.0,1813674958.0,0.012917412735209636,000031
2020-07-06,5.46,5.8,5.46,5.79,42948382.0,243899479.0,1813674958.0,0.02368030821099312,000031
2020-07-07,5.84,5.98,5.65,5.7,39063581.0,225268198.0,1813674958.0,0.021538358253055837,000031
2020-07-08,5.65,5.74,5.55,5.71,36288761.0,204665055.0,1813674958.0,0.020008414870554773,000031
2020-07-09,5.71,5.79,5.65,5.76,31123480.0,178643765.0,1813674958.0,0.01716045086398552,000031
2020-07-10,5.77,6.06,5.68,6.05,69167190.0,410555536.0,1813674958.0,0.038136486196111444,000031
2020-07-13,6.09,6.31,5.88,6.29,73637882.0,453330591.0,1813674958.0,0.04060147694888116,000031
2020-07-14,6.27,6.49,6.19,6.34,58561299.0,368702925.0,1813674958.0,0.03228875093725587,000031
2020-07-15,6.33,6.36,5.98,6.09,41370495.0,254302869.0,1813674958.0,0.022810313842354987,000031
2020-07-16,6.08,6.12,5.82,5.83,26967584.0,161597090.0,1813674958.0,0.014869028146993911,000031
2020-07-17,5.68,5.81,5.41,5.57,25301638.0,140961260.0,1813674958.0,0.013950480976977795,000031
2020-07-20,5.63,5.81,5.58,5.76,18953412.0,108068561.0,1813674958.0,0.01045028047412672,000031
2020-07-21,5.74,5.87,5.67,5.7,14543899.0,83538970.0,1813674958.0,0.008019021785490186,000031
2020-07-22,5.69,5.8,5.58,5.75,26074242.0,148482403.0,1813674958.0,0.014376469104890183,000031
2020-07-23,5.7,5.74,5.52,5.67,18254522.0,102693010.0,1813674958.0,0.010064935792094672,000031
2020-07-24,5.64,5.73,5.38,5.44,17477483.0,96787340.0,1813674958.0,0.009636502352810232,000031
2020-07-27,5.43,5.47,5.29,5.39,12713665.0,67942217.0,1813674958.0,0.00700989168093261,000031
2020-07-28,5.36,5.44,5.34,5.41,9361361.0,50493240.0,1813674958.0,0.0051615428435551015,000031
2020-07-29,5.41,5.53,5.35,5.52,13399921.0,72850533.0,1813674958.0,0.007388270395912915,000031
2020-07-30,5.5,5.53,5.42,5.46,13880745.0,75889093.0,1813674958.0,0.007653380744313061,000031
2020-07-31,5.46,5.53,5.39,5.48,13122282.0,71787959.0,1813674958.0,0.007235189493088871,000031
2020-08-03,5.49,5.68,5.48,5.67,21465896.0,119965628.0,1813674958.0,0.01183558051861242,000031
2020-08-04,5.69,5.85,5.63,5.79,26948067.0,154765040.0,1813674958.0,0.014858267122856752,000031
2020-08-05,5.79,5.79,5.64,5.74,15167734.0,86719163.0,1813674958.0,0.008362983638879795,000031
2020-08-06,5.71,5.84,5.69,5.76,15412133.0,88758696.0,1813674958.0,0.008497737112164505,000031
2020-08-07,5.74,5.74,5.58,5.63,11944206.0,67371069.0,1813674958.0,0.006585637601332532,000031
2020-08-10,5.61,5.82,5.59,5.78,16805929.0,96401581.0,1813674958.0,0.009266229831244106,000031
2020-08-11,5.78,5.84,5.62,5.63,12607372.0,72242071.0,1813674958.0,0.006951285258910213,000031
2020-08-12,5.65,5.7,5.52,5.63,9141559.0,51315218.0,1813674958.0,0.005040351337309471,000031
2020-08-13,5.65,5.74,5.6,5.63,7913222.0,44743095.0,1813674958.0,0.004363087203192227,000031
2020-08-14,5.63,5.68,5.56,5.67,7962840.0,44752793.0,1813674958.0,0.004390444916756688,000031
2020-08-17,5.66,5.84,5.63,5.79,20457403.0,117555878.0,1813674958.0,0.01127953104814275,000031
2020-08-18,5.8,5.81,5.72,5.8,15635172.0,89946526.0,1813674958.0,0.00862071339246004,000031
2020-08-19,5.8,5.83,5.73,5.73,11446884.0,66009442.0,1813674958.0,0.0063114308049017015,000031
2020-08-20,5.72,5.82,5.65,5.73,13960051.0,80339053.0,1813674958.0,0.007697107432852364,000031
2020-08-21,5.74,5.78,5.64,5.68,9813297.0,55993490.0,1813674958.0,0.005410725310350787,000031
2020-08-24,5.68,5.75,5.63,5.66,10121380.0,57567252.0,1813674958.0,0.005580592021384683,000031
2020-08-25,5.66,5.68,5.52,5.54,10336034.0,57757959.0,1813674958.0,0.00569894509179191,000031
2020-08-26,5.52,5.62,5.45,5.46,8498847.0,46975233.0,1813674958.0,0.004685981334479008,000031
2020-08-27,5.44,5.52,5.42,5.44,8953547.0,48800244.0,1813674958.0,0.00493668777886936,000031
2020-08-28,5.44,5.62,5.42,5.61,15412851.0,85448529.0,1813674958.0,0.008498132993464422,000031
2020-08-31,5.59,5.67,5.45,5.47,14858334.0,82521755.0,1813674958.0,0.00819239077788491,000031
2020-09-01,5.48,5.52,5.44,5.5,7436754.0,40761222.0,1813674958.0,0.004100378608193806,000031
2020-09-02,5.49,5.51,5.1,5.4,16266956.0,87578765.0,1813674958.0,0.008969058059851097,000031
2020-09-03,5.37,5.4,5.29,5.32,10079152.0,53790378.0,1813674958.0,0.005557308907829117,000031
2020-09-04,5.24,5.32,5.2,5.29,10433103.0,54887486.0,1813674958.0,0.005752465707253813,000031
2020-09-07,5.28,5.35,5.18,5.2,11901816.0,62543817.0,1813674958.0,0.006562265166369464,000031
2020-09-08,5.18,5.24,5.12,5.19,11642479.0,60288645.0,1813674958.0,0.006419275377126313,000031
2020-09-09,5.15,5.3,5.14,5.17,15502599.0,80776873.0,1813674958.0,0.008547617053220624,000031
2020-09-10,5.2,5.3,5.13,5.16,10394502.0,54033031.0,1813674958.0,0.005731182400766212,000031
2020-09-11,5.19,5.2,5.05,5.1,11164402.0,56965748.0,1813674958.0,0.006155679633086713,000031
2020-09-14,5.09,5.13,5.03,5.06,11535578.0,58578008.0,1813674958.0,0.006360333724142427,000031
2020-09-15,5.07,5.09,5.02,5.07,8153471.0,41293624.0,1813674958.0,0.004495552504618085,000031
2020-09-16,5.05,5.14,5.04,5.12,8332600.0,42487675.0,1813674958.0,0.004594318272546827,000031
2020-09-17,5.12,5.14,5.04,5.06,8984800.0,45658544.0,1813674958.0,0.0049539196427500105,000031
2020-09-18,5.05,5.21,5.05,5.18,14160688.0,72961066.0,1813674958.0,0.007807731996043803,000031
2020-09-21,5.18,5.24,5.11,5.13,10593996.0,54655568.0,1813674958.0,0.005841176751804719,000031
2020-09-22,5.12,5.12,5.02,5.03,9928380.0,50320150.0,1813674958.0,0.005474178245780246,000031
2020-09-23,5.05,5.08,4.93,4.97,12074296.0,60194116.0,1813674958.0,0.006657364897023626,000031
2020-09-24,4.95,4.96,4.78,4.79,23070166.0,111525296.0,1813674958.0,0.012720121595239008,000031
2020-09-25,4.8,4.81,4.62,4.67,18618137.0,87642384.0,1813674958.0,0.010265420999433571,000031
2020-09-28,4.66,4.8,4.66,4.77,16175663.0,76733182.0,1813674958.0,0.008918722138523346,000031
2020-09-29,4.77,4.79,4.66,4.68,12167800.0,57324441.0,1813674958.0,0.006708919890153768,000031
2020-09-30,4.69,4.7,4.61,4.64,9065952.0,42182307.0,1813674958.0,0.004998664154241468,000031
2020-10-09,4.67,4.74,4.67,4.7,8292178.0,39028982.0,1813674958.0,0.004572030927274897,000031
2020-10-12,4.82,4.97,4.8,4.95,20431290.0,100181479.0,1813674958.0,0.011265133209166799,000031
2020-10-13,4.95,4.95,4.87,4.9,8245610.0,40399356.0,1813674958.0,0.004546354882185014,000031
2020-10-14,4.9,4.9,4.78,4.8,8958684.0,43159997.0,1813674958.0,0.004939520149673919,000031
2020-10-15,4.78,4.81,4.72,4.75,8388315.0,39904975.0,1813674958.0,0.004625037668960306,000031
2020-10-16,4.73,4.77,4.7,4.71,6171034.0,29158064.0,1813674958.0,0.0034025027322453663,000031
2020-10-19,4.73,4.83,4.71,4.73,9215991.0,43915151.0,1813674958.0,0.005081390664489728,000031
2020-10-20,4.71,4.76,4.68,4.76,5779800.0,27266449.0,1813674958.0,0.0031867893276607724,000031
2020-10-21,4.75,4.77,4.7,4.76,7556047.0,35774378.0,1813674958.0,0.004166152797484895,000031
2020-10-22,4.76,4.81,4.73,4.8,6031142.0,28813917.0,1813674958.0,0.003325370940033677,000031
2020-10-23,4.79,4.87,4.78,4.8,7780223.0,37476281.0,1813674958.0,0.004289755981733084,000031
2020-10-26,4.8,4.8,4.71,4.74,5221878.0,24735033.0,1813674958.0,0.002879169708423575,000031
2020-10-27,4.71,4.72,4.66,4.69,5696667.0,26693056.0,1813674958.0,0.003140952558710909,000031
2020-10-28,4.69,4.69,4.64,4.66,5954177.0,27706212.0,1813674958.0,0.0032829350009694514,000031
2020-10-29,4.64,4.68,4.61,4.66,4422800.0,20537003.0,1813674958.0,0.0024385846981518503,000031
2020-10-30,4.65,4.68,4.56,4.56,7115936.0,32912999.0,1813674958.0,0.003923490242070156,000031
2020-11-02,4.57,4.62,4.52,4.55,5322749.0,24239262.0,1813674958.0,0.0029347866201282135,000031
2020-11-03,4.55,4.63,4.54,4.63,4196453.0,19299264.0,1813674958.0,0.00231378449676979,000031
2020-11-04,4.62,4.66,4.56,4.6,4174453.0,19180965.0,1813674958.0,0.00230165442908431,000031
2020-11-05,4.62,4.7,4.59,4.69,6599341.0,30700487.0,1813674958.0,0.003638656954980133,000031
2020-11-06,4.69,4.7,4.64,4.68,4541924.0,21168540.0,1813674958.0,0.0025042657064684466,000031
2020-11-09,4.67,4.76,4.67,4.72,9653186.0,45650992.0,1813674958.0,0.0053224454345694285,000031
2020-11-10,4.78,4.82,4.69,4.79,12470548.0,59216731.0,1813674958.0,0.006875845059773935,000031
2020-11-11,4.77,4.79,4.73,4.75,5283642.0,25135066.0,1813674958.0,0.0029132243220838473,000031
2020-11-12,4.75,4.77,4.7,4.76,4402027.0,20866015.0,1813674958.0,0.0024271311574231924,000031
2020-11-13,4.72,4.76,4.68,4.75,5085244.0,24002898.0,1813674958.0,0.002803834268962763,000031
2020-11-16,4.75,4.82,4.73,4.79,6376310.0,30488914.0,1813674958.0,0.0035156850856183017,000031
2020-11-17,4.8,4.88,4.78,4.88,10629508.0,51466566.0,1813674958.0,0.005860756886515935,000031
2020-11-18,4.86,4.92,4.82,4.86,9120225.0,44434400.0,1813674958.0,0.005028588479854834,000031
2020-11-19,4.84,4.9,4.8,4.83,6747477.0,32593169.0,1813674958.0,0.003720334214373599,000031
2020-11-20,4.84,4.86,4.8,4.84,5116405.0,24688242.0,1813674958.0,0.0028210154071058196,000031
2020-11-23,4.84,4.89,4.82,4.86,5944108.0,28869235.0,1813674958.0,0.0032773832895364925,000031
2020-11-24,4.87,4.89,4.8,4.81,5121304.0,24747751.0,1813674958.0,0.0028237165526326905,000031
2020-11-25,4.81,4.85,4.77,4.78,6153921.0,29654433.0,1813674958.0,0.0033930671936862017,000031
2020-11-26,4.75,4.8,4.75,4.8,3810910.0,18195227.0,1813674958.0,0.0021012089201487448,000031
2020-11-27,4.83,4.89,4.79,4.85,7998732.0,38747428.0,1813674958.0,0.004410234570818836,000031
2020-11-30,4.86,4.94,4.76,4.76,20446374.0,98858562.0,1813674958.0,0.011273450024665335,000031
2020-12-01,4.8,4.91,4.75,4.88,10805399.0,52244324.0,1813674958.0,0.00595773732902806,000031
2020-12-02,4.88,4.99,4.83,4.94,17535468.0,86519009.0,1813674958.0,0.009668473351662167,000031
2020-12-03,4.95,4.96,4.87,4.92,7829553.0,38417908.0,1813674958.0,0.004316954901684208,000031
2020-12-04,4.93,4.93,4.83,4.87,6384913.0,31009767.0,1813674958.0,0.0035204284934500373,000031
2020-12-07,4.85,4.86,4.75,4.76,7909600.0,37853660.0,1813674958.0,0.004361090152957827,000031
2020-12-08,4.76,4.8,4.75,4.77,4087127.0,19520236.0,1813674958.0,0.0022535057795069363,000031
2020-12-09,4.77,4.77,4.7,4.7,4728490.0,22385968.0,1813674958.0,0.0026071319886415943,000031
2020-12-10,4.69,4.72,4.66,4.7,4258153.0,19968089.0,1813674958.0,0.0023478038229604314,000031
2020-12-11,4.7,4.7,4.59,4.6,6207734.0,28698774.0,1813674958.0,0.0034227378906115987,000031
2020-12-14,4.6,4.66,4.59,4.63,3171215.0,14670055.0,1813674958.0,0.0017485023906913314,000031
2020-12-15,4.61,4.64,4.58,4.61,2685860.0,12386673.0,1813674958.0,0.0014808937997146895,000031
2020-12-16,4.61,4.65,4.6,4.62,2828661.0,13057337.0,1813674958.0,0.001559629517694427,000031
2020-12-17,4.61,4.64,4.55,4.63,5911301.0,27108831.0,1813674958.0,0.003259294601783877,000031
2020-12-18,4.62,4.66,4.59,4.59,4442066.0,20506100.0,1813674958.0,0.002449207329244053,000031
2020-12-21,4.56,4.63,4.52,4.61,4370979.0,20023273.0,1813674958.0,0.0024100123237187025,000031
2020-12-22,4.58,4.6,4.5,4.53,7699564.0,34967247.0,1813674958.0,0.004245283294031124,000031
2020-12-23,4.5,4.54,4.47,4.47,7186832.0,32251001.0,1813674958.0,0.003962579936553328,000031
2020-12-24,4.48,4.49,4.32,4.34,8961224.0,39322725.0,1813674958.0,0.0049409206211248795,000031
2020-12-25,4.37,4.43,4.35,4.41,4893000.0,21492572.0,1813674958.0,0.0026978373265933355,000031
2020-12-28,4.4,4.41,4.33,4.36,5033362.0,21947780.0,1813674958.0,0.0027752282611601233,000031
2020-12-29,4.36,4.43,4.35,4.4,3255031.0,14334016.0,1813674958.0,0.001794715743106158,000031
2020-12-30,4.39,4.42,4.36,4.38,3731656.0,16415054.0,1813674958.0,0.0020575109026785164,000031
2020-12-31,4.39,4.44,4.36,4.4,4887007.0,21523961.0,1813722958.0,0.002694461675331564,000031
2021-01-04,4.39,4.42,4.33,4.35,7618634.0,33181805.0,1813722958.0,0.0042005500158641094,000031
2021-01-05,4.36,4.37,4.31,4.34,5245679.0,22708754.0,1813722958.0,0.0028922162433144875,000031
2021-01-06,4.32,4.34,4.3,4.34,5473582.0,23662134.0,1890748427.0,0.002894928760398223,000031
2021-01-07,4.32,4.35,4.1,4.14,12764373.0,53634043.0,1890748427.0,0.006750963172955214,000031
2021-01-08,4.13,4.29,4.11,4.26,9912513.0,41658548.0,1890748427.0,0.005242639823706171,000031
2021-01-11,4.25,4.3,4.18,4.19,5998315.0,25275250.0,1890748427.0,0.003172455369706358,000031
2021-01-12,4.18,4.26,4.15,4.17,5931976.0,24828697.0,1890748427.0,0.0031373692635630578,000031
2021-01-13,4.17,4.18,4.04,4.09,10835297.0,44452659.0,1890748427.0,0.0057306920610226695,000031
2021-01-14,4.1,4.25,4.1,4.2,9260121.0,38698505.0,1890748427.0,0.004897595506501511,000031
2021-01-15,4.18,4.32,4.18,4.22,7419233.0,31561969.0,1890748427.0,0.0039239662421784475,000031
2021-01-18,4.22,4.29,4.22,4.25,6152958.0,26123367.0,1890748427.0,0.003254244674825796,000031
2021-01-19,4.25,4.44,4.21,4.37,14174259.0,61591960.0,1890748427.0,0.0074966393189018375,000031
2021-01-20,4.36,4.36,4.25,4.25,8335177.0,35766215.0,1890748427.0,0.004408400864426582,000031
2021-01-21,4.26,4.28,4.22,4.24,5012019.0,21314998.0,1890748427.0,0.002650812201363265,000031
2021-01-22,4.23,4.24,4.12,4.13,9510953.0,39506825.0,1890748427.0,0.00503025831685645,000031
2021-01-25,4.11,4.11,4.02,4.04,8430396.0,34214222.0,1890748427.0,0.004458761345302973,000031
2021-01-26,4.04,4.13,4.02,4.08,6148771.0,25125008.0,1890748427.0,0.003252030207824153,000031
2021-01-27,4.1,4.19,4.05,4.06,6113124.0,25141272.0,1890748427.0,0.0032331768270724044,000031
2021-01-28,4.08,4.08,4.03,4.06,4687149.0,18983643.0,1890748427.0,0.002478991352348749,000031
2021-01-29,4.05,4.1,4.01,4.03,5811380.0,23586765.0,1890748427.0,0.0030735871134483827,000031
2021-02-01,3.79,3.89,3.63,3.68,24703463.0,92464806.0,1890748427.0,0.01306544151894196,000031
2021-02-02,3.67,3.74,3.61,3.61,11996274.0,43966952.0,1890748427.0,0.006344722454184012,000031
2021-02-03,3.62,3.64,3.54,3.59,9158606.0,32883953.0,1890748427.0,0.004843905127310731,000031
2021-02-04,3.57,3.59,3.49,3.53,7417733.0,26199169.0,1890748427.0,0.0039231729055406485,000031
2021-02-05,3.53,3.64,3.53,3.61,6769411.0,24413998.0,1890748427.0,0.0035802811750798827,000031
2021-02-08,3.62,3.68,3.59,3.6,5957881.0,21661851.0,1890748427.0,0.003151070187297847,000031
2021-02-09,3.64,3.64,3.56,3.56,5934902.0,21243554.0,1890748427.0,0.003138916798897858,000031
2021-02-10,3.55,3.6,3.55,3.59,4702058.0,16831152.0,1890748427.0,0.0024868765896373796,000031
2021-02-18,3.65,3.76,3.62,3.73,10798629.0,40028134.0,1890748427.0,0.005711298682466126,000031
2021-02-19,3.74,4.0,3.72,3.97,15066787.0,58398708.0,1890748427.0,0.007968689427342837,000031
2021-02-22,3.98,4.27,3.95,4.22,24637762.0,102174740.0,1890748427.0,0.01303069284531527,000031
2021-02-23,4.21,4.25,3.99,4.03,18925388.0,77159520.0,1890748427.0,0.010009469123308174,000031
2021-02-24,4.04,4.14,4.0,4.12,11168228.0,45475320.0,1890748427.0,0.005906776301128717,000031
2021-02-25,4.11,4.4,4.07,4.36,26701121.0,115247010.0,1890748427.0,0.01412198503973686,000031
2021-02-26,4.31,4.34,4.2,4.22,8516668.0,36167989.0,1890748427.0,0.004504389837580438,000031
2021-03-01,4.22,4.26,4.16,4.18,7840019.0,32899060.0,1890748427.0,0.004146516209160385,000031
2021-03-02,4.18,4.26,4.15,4.17,7762401.0,32692910.0,1890748427.0,0.004105464740391927,000031
2021-03-03,4.18,4.23,4.17,4.19,4460909.0,18722604.0,1890748427.0,0.0023593350317249796,000031
2021-03-04,4.17,4.22,4.14,4.18,5236900.0,21852173.0,1890748427.0,0.0027697497589931883,000031
2021-03-05,4.16,4.22,4.11,4.17,5253907.0,21844781.0,1890748427.0,0.002778744609792554,000031
2021-03-08,4.15,4.19,4.1,4.12,5200492.0,21578596.0,1890748427.0,0.00275049389212053,000031
2021-03-09,4.11,4.17,4.05,4.08,8867700.0,36433394.0,1890748427.0,0.004690047535340353,000031
2021-03-10,4.09,4.12,4.0,4.01,5019236.0,20276674.0,1890748427.0,0.0026546292083732617,000031
2021-03-11,4.03,4.07,3.98,4.01,8428541.0,33775496.0,1890748427.0,0.004457780252327561,000031
2021-03-12,4.0,4.02,3.91,3.95,12786165.0,50508312.0,1890748427.0,0.006762488767629159,000031
2021-03-15,3.95,4.05,3.92,4.02,7159622.0,28605904.0,1890748427.0,0.0037866602969280163,000031
2021-03-16,4.02,4.13,3.97,4.1,8335706.0,33959373.0,1890748427.0,0.004408680647814179,000031
2021-03-17,4.1,4.17,4.06,4.09,6338524.0,26011978.0,1890748427.0,0.003352388879179007,000031
2021-03-18,4.09,4.12,4.04,4.04,4618800.0,18812374.0,1890748427.0,0.002442842175110798,000031
2021-03-19,4.04,4.07,3.99,4.0,4914790.0,19738274.0,1890748427.0,0.002599388649392223,000031
2021-03-22,4.0,4.06,3.97,4.04,4131816.0,16677384.0,1890748427.0,0.0021852806756295137,000031
2021-03-23,4.06,4.06,3.99,4.02,4706301.0,18850114.0,1890748427.0,0.0024891206745401673,000031
2021-03-24,4.0,4.03,3.96,3.98,4877419.0,19496339.0,1890748427.0,0.0025796234603980978,000031
2021-03-25,3.98,4.02,3.94,3.96,5004985.0,19878568.0,1890748427.0,0.002647091981423079,000031
2021-03-26,3.96,4.03,3.96,3.98,4726110.0,18890395.0,1890748427.0,0.0024995974781789414,000031
2021-03-29,3.98,4.0,3.91,3.92,7080742.0,27888449.0,1890748427.0,0.0037449413676016244,000031
2021-03-30,3.96,3.96,3.87,3.88,4782941.0,18610374.0,1890748427.0,0.0025296548878207792,000031
2021-03-31,3.88,3.91,3.8,3.86,6093552.0,23469897.0,1890748427.0,0.003222825370622403,000031
2021-04-01,3.89,3.97,3.87,3.95,6668489.0,26224840.0,1890748427.0,0.00352690442830658,000031
2021-04-02,3.94,3.96,3.88,3.95,4565404.0,17855729.0,1890748427.0,0.00241460150636952,000031
2021-04-06,3.95,3.97,3.9,3.92,3407213.0,13397519.0,1890748427.0,0.001802044603790116,000031
2021-04-07,3.92,3.95,3.89,3.94,5398509.0,21136359.0,1890748427.0,0.0028552233194585647,000031
2021-04-08,3.92,3.96,3.88,3.89,5128101.0,20058396.0,1890748427.0,0.002712206937089257,000031
2021-04-09,3.87,3.9,3.84,3.87,3407508.0,13154482.0,1890748427.0,0.0018022006266622164,000031
2021-04-12,3.87,3.92,3.85,3.92,5415652.0,21069018.0,1890748427.0,0.002864290099446424,000031
2021-04-13,3.91,3.96,3.88,3.9,7708135.0,30193158.0,1890748427.0,0.004076763936400726,000031
2021-04-14,3.9,3.93,3.86,3.9,3979399.0,15516993.0,1890748427.0,0.0021046686820805696,000031
2021-04-15,3.89,3.91,3.86,3.89,3138579.0,12177755.0,1890748427.0,0.001659966474217778,000031
2021-04-16,3.88,3.96,3.88,3.94,6119324.0,24050122.0,1890748427.0,0.003236455951841974,000031
2021-04-19,3.94,3.96,3.91,3.92,6018273.0,23636324.0,1890748427.0,0.0031830109781178203,000031
2021-04-20,3.92,3.94,3.86,3.87,5471814.0,21319324.0,1890748427.0,0.002893993680947804,000031
2021-04-21,3.88,3.9,3.84,3.88,3301512.0,12790833.0,1890748427.0,0.0017461402864887851,000031
2021-04-22,3.89,3.91,3.85,3.85,4176823.0,16175979.0,1890748427.0,0.002209084477001128,000031
2021-04-23,3.87,3.87,3.8,3.82,4847702.0,18497321.0,1890748427.0,0.002563906403821115,000031
2021-04-26,3.81,3.84,3.78,3.8,3381800.0,12880751.0,1890748427.0,0.0017886038944725246,000031
2021-04-27,3.8,3.81,3.54,3.56,26642867.0,96000367.0,1890748427.0,0.014091175018071297,000031
2021-04-28,3.56,3.62,3.52,3.61,6542819.0,23404198.0,1890748427.0,0.0034604386847917764,000031
2021-04-29,3.61,3.77,3.61,3.7,10029423.0,37127477.0,1890748427.0,0.005304472481256228,000031
2021-04-30,3.68,3.72,3.61,3.65,8142880.0,29754784.0,1890748427.0,0.004306696694134021,000031
2021-05-06,3.65,3.72,3.63,3.67,5756581.0,21217097.0,1890748427.0,0.0030446044105052164,000031
2021-05-07,3.66,3.74,3.65,3.7,6515497.0,24118993.0,1890748427.0,0.003445988322379813,000031
2021-05-10,3.71,3.76,3.7,3.71,6493200.0,24180772.0,1890748427.0,0.003434195637704476,000031
2021-05-11,3.73,3.83,3.71,3.81,8865110.0,33492845.0,1890748427.0,0.00468867770741242,000031
2021-05-12,3.81,3.88,3.78,3.87,6904545.0,26508909.0,1890748427.0,0.0036517523438881062,000031
2021-05-13,3.85,3.91,3.84,3.85,6869358.0,26620899.0,1890748427.0,0.0036331422530386163,000031
2021-05-14,3.81,3.92,3.8,3.92,7003977.0,27287092.0,1890748427.0,0.003704341042934529,000031
2021-05-17,3.92,3.94,3.8,3.87,5794813.0,22534429.0,1890748427.0,0.003064824974729438,000031
2021-05-18,3.85,3.93,3.83,3.88,4982209.0,19367711.0,1890748427.0,0.0026350459579147383,000031
2021-05-19,3.88,3.9,3.83,3.84,4263885.0,16445951.0,1890748427.0,0.002255130793241168,000031
2021-05-20,3.84,3.85,3.77,3.77,5059600.0,19195680.0,1890748427.0,0.002675977368405342,000031
2021-05-21,3.79,3.87,3.78,3.87,7171430.0,27518651.0,1890748427.0,0.0037929054429407705,000031
2021-05-24,3.84,3.92,3.83,3.86,6728432.0,26108310.0,1890748427.0,0.003558607747026305,000031
2021-05-25,3.87,3.91,3.83,3.88,5464500.0,21176663.0,1890748427.0,0.0028901253715018956,000031
2021-05-26,3.87,3.92,3.86,3.9,5680589.0,22115057.0,1890748427.0,0.0030044129186521332,000031
2021-05-27,3.9,3.92,3.88,3.91,4956256.0,19330724.0,1890748427.0,0.0026213196474075395,000031
2021-05-28,3.91,3.95,3.9,3.91,6400850.0,25113654.0,1890748427.0,0.0033853525453706487,000031
2021-05-31,3.92,3.94,3.85,3.91,7603110.0,29691367.0,1890748427.0,0.004021217149477496,000031
2021-06-01,3.95,3.95,3.88,3.92,5383496.0,20999502.0,1890748427.0,0.0028472830774963803,000031
2021-06-02,3.9,3.94,3.87,3.9,5487250.0,21423271.0,1890748427.0,0.0029021576438418477,000031
2021-06-03,3.89,4.02,3.87,3.96,9475268.0,37485121.0,1890748427.0,0.005011384838243211,000031
2021-06-04,3.96,3.97,3.86,3.87,8685600.0,33873633.0,1890748427.0,0.0045937364675115505,000031
2021-06-07,3.86,3.89,3.83,3.85,5047151.0,19441896.0,1890748427.0,0.002669393203202702,000031
2021-06-08,3.85,3.87,3.82,3.83,5757916.0,22117553.0,1890748427.0,0.0030453104801128573,000031
2021-06-09,3.84,3.87,3.82,3.86,4668424.0,17980070.0,1890748427.0,0.0024690878666535575,000031
2021-06-10,3.87,3.88,3.83,3.86,5533445.0,21330956.0,1890748427.0,0.002926589767830599,000031
2021-06-11,3.85,3.87,3.8,3.81,5066001.0,19396839.0,1890748427.0,0.0026793628002843763,000031
2021-06-15,3.8,3.83,3.75,3.77,4879330.0,18465407.0,1890748427.0,0.002580634171274654,000031
2021-06-16,3.77,3.83,3.75,3.82,4595819.0,17470813.0,1890748427.0,0.002430687728928625,000031
2021-06-17,3.81,3.85,3.76,3.76,3897745.0,14759066.0,1890748427.0,0.0020614826088653413,000031
2021-06-18,3.76,3.78,3.72,3.78,5242235.0,19624082.0,1890748427.0,0.0027725713929682935,000031
2021-06-21,3.74,3.76,3.65,3.66,8430726.0,31162297.0,1890748427.0,0.004458935879363289,000031
2021-06-22,3.67,3.71,3.67,3.7,3740121.0,13804314.0,1890748427.0,0.001978116679401051,000031
2021-06-23,3.7,3.73,3.66,3.73,4373130.0,16158093.0,1890748427.0,0.002312909500572072,000031
2021-06-24,3.69,3.75,3.69,3.73,5381810.0,20054373.0,1890748427.0,0.002846391367115494,000031
2021-06-25,3.74,3.74,3.68,3.71,4784000.0,17728469.0,1890748427.0,0.0025302149834870655,000031
2021-06-28,3.7,3.72,3.65,3.67,6683899.0,24593067.0,1890748427.0,0.0035350546400322353,000031
2021-06-29,3.67,3.68,3.61,3.63,6595291.0,24057585.0,1890748427.0,0.0034881906581641703,000031
2021-06-30,3.63,3.65,3.58,3.6,7218492.0,26049970.0,1890748427.0,0.0038177961155061693,000031
2021-07-01,3.63,3.67,3.6,3.64,6254500.0,22729112.0,1890748427.0,0.003307949334076056,000031
2021-07-02,3.64,3.7,3.56,3.58,8277115.0,29961964.0,1890748427.0,0.004377692389850657,000031
2021-07-05,3.58,3.67,3.57,3.64,7169063.0,26026336.0,1890748427.0,0.0037916535577263238,000031
2021-07-06,3.64,3.69,3.61,3.67,6874821.0,25091353.0,1890748427.0,0.0036360315850734806,000031
2021-07-07,3.66,3.68,3.6,3.61,5770113.0,20901522.0,1890748427.0,0.0030517613647603474,000031
2021-07-08,3.63,3.63,3.57,3.59,5397853.0,19377593.0,1890748427.0,0.0028548763669023008,000031
2021-07-09,3.57,3.6,3.55,3.59,6408460.0,22899673.0,1890748427.0,0.003389377406579749,000031
2021-07-12,3.63,3.65,3.59,3.59,6980958.0,25240559.0,1890748427.0,0.003692166498890865,000031
2021-07-13,3.6,3.62,3.57,3.6,5913923.0,21265356.0,1890748427.0,0.0031278211926816005,000031
2021-07-14,3.6,3.61,3.56,3.57,5239728.0,18733578.0,1890748427.0,0.0027712454630009855,000031
2021-07-15,3.58,3.58,3.53,3.55,6248034.0,22126013.0,1890748427.0,0.00330452952427605,000031
2021-07-16,3.54,3.58,3.52,3.57,5504653.0,19529589.0,1890748427.0,0.0029113619355135923,000031
2021-07-19,3.54,3.55,3.52,3.53,5518700.0,19481583.0,1890748427.0,0.0029187912686810345,000031
2021-07-20,3.53,3.54,3.5,3.52,3885544.0,13657709.0,1890748427.0,0.002055029608653484,000031
2021-07-21,3.52,3.55,3.5,3.53,6284948.0,22116852.0,1890748427.0,0.0033240530100411927,000031
2021-07-22,3.53,3.55,3.51,3.52,4964895.0,17514892.0,1890748427.0,0.00262588873755017,000031
2021-07-23,3.52,3.53,3.5,3.51,4996391.0,17546013.0,1890748427.0,0.0026425466913795824,000031
2021-07-26,3.51,3.52,3.36,3.38,12214969.0,41685016.0,1890748427.0,0.006460388291519652,000031
2021-07-27,3.39,3.4,3.28,3.28,12601466.0,41846780.0,1890748427.0,0.006664803111852595,000031
2021-07-28,3.31,3.36,3.29,3.32,8505552.0,28290155.0,1890748427.0,0.004498510684203256,000031
2021-07-29,3.32,3.34,3.25,3.27,7919604.0,25957332.0,1890748427.0,0.004188608006706542,000031
2021-07-30,3.27,3.27,3.16,3.23,8509114.0,27355007.0,1890748427.0,0.004500394594272482,000031
2021-08-02,3.22,3.33,3.18,3.27,9642291.0,31359689.0,1890748427.0,0.0050997218150799495,000031
2021-08-03,3.28,3.31,3.21,3.27,6332783.0,20683524.0,1890748427.0,0.0033493525154206037,000031
2021-08-04,3.29,3.29,3.22,3.23,5784601.0,18772140.0,1890748427.0,0.0030594239388993024,000031
2021-08-05,3.25,3.36,3.24,3.29,7527539.0,24905331.0,1890748427.0,0.003981248320774089,000031
2021-08-06,3.26,3.28,3.22,3.24,5678700.0,18431898.0,1890748427.0,0.0030034138433795983,000031
2021-08-09,3.25,3.35,3.23,3.31,8158009.0,26975619.0,1890748427.0,0.004314698287462862,000031
2021-08-10,3.32,3.34,3.3,3.31,7088851.0,23463531.0,1890748427.0,0.003749230145465566,000031
2021-08-11,3.31,3.43,3.31,3.36,10241340.0,34656586.0,1890748427.0,0.005416553494771201,000031
2021-08-12,3.36,3.37,3.32,3.34,5526077.0,18477591.0,1890748427.0,0.00292269289826573,000031
2021-08-13,3.35,3.35,3.29,3.32,5200759.0,17256404.0,1890748427.0,0.0027506351060420584,000031
2021-08-16,3.33,3.39,3.33,3.36,6718417.0,22614386.0,1890748427.0,0.003553310902741267,000031
2021-08-17,3.38,3.42,3.33,3.33,8735989.0,29471020.0,1890748427.0,0.004620386760739587,000031
2021-08-18,3.34,3.4,3.32,3.39,6452132.0,21708594.0,1890748427.0,0.003412475138343722,000031
2021-08-19,3.36,3.4,3.34,3.34,4767809.0,16002643.0,1890748427.0,0.002521651707818663,000031
2021-08-20,3.32,3.37,3.32,3.35,5702397.0,19089649.0,1890748427.0,0.003015946975583548,000031
2021-08-23,3.36,3.41,3.36,3.37,6008795.0,20323285.0,1890748427.0,0.003177998148349114,000031
2021-08-24,3.36,3.39,3.34,3.36,5581198.0,18760686.0,1890748427.0,0.002951845904140477,000031
2021-08-25,3.35,3.4,3.33,3.39,7767102.0,26231676.0,1890748427.0,0.004107951057414789,000031
2021-08-26,3.38,3.44,3.36,3.41,7321114.0,24963346.0,1890748427.0,0.0038720719771356445,000031
2021-08-27,3.4,3.45,3.39,3.44,6989138.0,23934524.0,1890748427.0,0.003696492828022329,000031
2021-08-30,3.45,3.47,3.38,3.38,7194848.0,24432360.0,1890748427.0,0.003805291014530089,000031
2021-08-31,3.4,3.42,3.38,3.4,4473768.0,15197323.0,1890748427.0,0.002366136042275285,000031
2021-09-01,3.4,3.45,3.38,3.45,12123697.0,41474105.0,1890748427.0,0.006412115343782857,000031
2021-09-02,3.43,3.49,3.41,3.48,8617917.0,29848907.0,1890748427.0,0.004557939531740782,000031
2021-09-03,3.51,3.55,3.46,3.5,8138787.0,28436224.0,1890748427.0,0.004304531942895013,000031
2021-09-06,3.52,3.54,3.49,3.51,9647125.0,33877759.0,1890748427.0,0.00510227847461803,000031
2021-09-07,3.54,3.57,3.48,3.57,12450459.0,43938164.0,1890748427.0,0.006584936854743183,000031
2021-09-08,3.56,3.65,3.54,3.64,11883554.0,42822927.0,1890748427.0,0.006285105850308874,000031
2021-09-09,3.64,3.67,3.61,3.65,8918006.0,32498461.0,1890748427.0,0.004716653930607766,000031
2021-09-10,3.67,3.73,3.6,3.6,12242930.0,44795402.0,1890748427.0,0.006475176615339319,000031
2021-09-13,3.58,3.65,3.57,3.65,10194123.0,36914399.0,1890748427.0,0.005391580844086562,000031
2021-09-14,3.68,3.69,3.5,3.55,11554968.0,41510285.0,1890748427.0,0.006111319641996984,000031
2021-09-15,3.54,3.57,3.49,3.54,7520369.0,26627559.0,1890748427.0,0.0039774561716454096,000031
2021-09-16,3.54,3.59,3.47,3.47,7975758.0,28231328.0,1890748427.0,0.004218307357079187,000031
2021-09-17,3.49,3.56,3.47,3.53,6028784.0,21207374.0,1890748427.0,0.003188570152384424,000031
2021-09-22,3.5,3.57,3.46,3.56,9724907.0,34230893.0,1890748427.0,0.0051434166815255535,000031
2021-09-23,3.56,3.71,3.56,3.63,15284352.0,55957811.0,1890748427.0,0.008083757617744668,000031
2021-09-24,3.62,3.67,3.59,3.62,7806200.0,28295526.0,1890748427.0,0.004128629641324567,000031
2021-09-27,3.61,3.62,3.5,3.53,10297250.0,36473102.0,1890748427.0,0.00544612379571743,000031
2021-09-28,3.51,3.64,3.51,3.62,13194864.0,47587691.0,1890748427.0,0.0069786460279837115,000031
2021-09-29,3.58,3.7,3.58,3.68,20878080.0,76493240.0,1890748427.0,0.011042230527266227,000031
2021-09-30,3.71,3.74,3.56,3.63,18775011.0,68073701.0,1890748427.0,0.009929936067586638,000031
2021-10-08,3.63,3.63,3.53,3.58,12766952.0,45471240.0,1890748427.0,0.006752327183081137,000031
2021-10-11,3.56,3.59,3.51,3.52,12356056.0,43691577.0,1890748427.0,0.006535007948997754,000031
2021-10-12,3.53,3.56,3.47,3.48,11165842.0,39252143.0,1890748427.0,0.005905514366983525,000031
2021-10-13,3.48,3.51,3.44,3.46,6937858.0,24062180.0,1890748427.0,0.003669371292831439,000031
2021-10-14,3.47,3.47,3.39,3.39,9884802.0,33744339.0,1890748427.0,0.005227983722659472,000031
2021-10-15,3.39,3.42,3.34,3.35,8436196.0,28435788.0,1890748427.0,0.004461828913635796,000031
2021-10-18,3.35,3.42,3.34,3.39,8343832.0,28269690.0,1890748427.0,0.004412978416826682,000031
2021-10-19,3.37,3.44,3.37,3.41,6342420.0,21638892.0,1890748427.0,0.0033544494388729165,000031
2021-10-20,3.41,3.42,3.37,3.38,4712725.0,15963510.0,1890748427.0,0.0024925182709143144,000031
2021-10-21,3.41,3.44,3.38,3.4,6068196.0,20687500.0,1890748427.0,0.003209414808097048,000031
2021-10-22,3.38,3.53,3.38,3.44,7236818.0,25083756.0,1890748427.0,0.0038274885736557063,000031
2021-10-25,3.38,3.41,3.35,3.38,6933463.0,23386169.0,1890748427.0,0.003667046816482688,000031
2021-10-26,3.35,3.37,3.3,3.32,6664137.0,22175569.0,1890748427.0,0.0035246026942747787,000031
2021-10-27,3.32,3.33,3.27,3.32,5413484.0,17847726.0,1890748427.0,0.0028631434635592585,000031
2021-10-28,3.31,3.33,3.22,3.24,5999143.0,19481198.0,1890748427.0,0.003172893291530423,000031
2021-10-29,3.23,3.3,3.19,3.29,5763135.0,18758550.0,1890748427.0,0.003048070762721306,000031
2021-11-01,3.28,3.4,3.28,3.39,8547751.0,28852157.0,1890748427.0,0.004520829359388911,000031
2021-11-02,3.39,3.41,3.34,3.39,8265824.0,27927770.0,1890748427.0,0.004371720680532398,000031
2021-11-03,3.36,3.42,3.36,3.4,5545491.0,18836983.0,1890748427.0,0.002932960789923217,000031
2021-11-04,3.44,3.44,3.38,3.42,4567669.0,15544344.0,1890748427.0,0.0024157994446925963,000031
2021-11-05,3.42,3.42,3.34,3.36,4348867.0,14638563.0,1890748427.0,0.002300077016010126,000031
2021-11-08,3.37,3.42,3.34,3.42,4899926.0,16623150.0,1890748427.0,0.0025915272122027265,000031
2021-11-09,3.42,3.43,3.35,3.36,4729170.0,15965435.0,1890748427.0,0.0025012158849200515,000031
2021-11-10,3.37,3.45,3.34,3.42,8359775.0,28352497.0,1890748427.0,0.004421410527504302,000031
2021-11-11,3.45,3.54,3.39,3.51,16351619.0,57184987.0,1890748427.0,0.008648225626687246,000031
2021-11-12,3.49,3.52,3.41,3.43,11809746.0,40733303.0,1890748427.0,0.006246069456600426,000031
2021-11-15,3.42,3.42,3.36,3.4,8984173.0,30400071.0,1890748427.0,0.004751649067483265,000031
2021-11-16,3.4,3.5,3.36,3.43,16156477.0,55477318.0,1890748427.0,0.008545016761238327,000031
2021-11-17,3.43,3.43,3.38,3.41,9437642.0,32138417.0,1890748427.0,0.004991484782020659,000031
2021-11-18,3.39,3.42,3.35,3.35,7276836.0,24515934.0,1890748427.0,0.0038486537373700006,000031
2021-11-19,3.35,3.39,3.34,3.39,7215056.0,24271193.0,1890748427.0,0.0038159788457145178,000031
2021-11-22,3.38,3.4,3.34,3.35,7227375.0,24251055.0,1890748427.0,0.0038224942550752154,000031
2021-11-23,3.34,3.37,3.33,3.34,6016437.0,20132495.0,1890748427.0,0.003182039934073154,000031
2021-11-24,3.34,3.39,3.34,3.37,7491009.0,25252322.0,1890748427.0,0.003961927929188223,000031
2021-11-25,3.38,3.4,3.34,3.35,6996649.0,23523937.0,1890748427.0,0.003700465329013335,000031
2021-11-26,3.35,3.36,3.33,3.34,4508864.0,15053855.0,1890748427.0,0.0023846980040354146,000031
2021-11-29,3.3,3.34,3.29,3.32,5385002.0,17861792.0,1890748427.0,0.0028480795874807306,000031
2021-11-30,3.32,3.35,3.31,3.34,5769306.0,19254267.0,1890748427.0,0.0030513345496492113,000031
2021-12-01,3.33,3.39,3.32,3.38,7865740.0,26496231.0,1890748427.0,0.0041601198169342705,000031
2021-12-02,3.38,3.41,3.35,3.39,9395300.0,31883553.0,1890748427.0,0.004969090475408868,000031
2021-12-03,3.4,3.42,3.38,3.42,8408999.0,28624415.0,1890748427.0,0.004447444662610316,000031
2021-12-06,3.42,3.48,3.39,3.4,8402260.0,28747767.0,1890748427.0,0.0044438804655422305,000031
2021-12-07,3.44,3.49,3.4,3.44,14685039.0,50619946.0,1890748427.0,0.007766786310805166,000031
2021-12-08,3.49,3.49,3.39,3.45,10860527.0,37306318.0,1890748427.0,0.005744035983270449,000031
2021-12-09,3.45,3.51,3.43,3.5,15349741.0,53426646.0,1890748427.0,0.008118341277350696,000031
2021-12-10,3.49,3.5,3.45,3.47,9484364.0,32962108.0,1890748427.0,0.005016195631614824,000031
2021-12-13,3.47,3.51,3.45,3.51,11006347.0,38440114.0,1890748427.0,0.005821158882286353,000031
2021-12-14,3.49,3.51,3.47,3.48,12037958.0,42033421.0,1890748427.0,0.006366768750457355,000031
2021-12-15,3.5,3.64,3.48,3.59,21950743.0,78653241.0,1890748427.0,0.011609552432540514,000031
2021-12-16,3.62,3.62,3.55,3.56,9174885.0,32794853.0,1890748427.0,0.004852514945395218,000031
2021-12-17,3.58,3.63,3.56,3.61,11692800.0,42058671.0,1890748427.0,0.006184217758971062,000031
2021-12-20,3.59,3.71,3.59,3.69,24850102.0,91076800.0,1890748427.0,0.013142997579762101,000031
2021-12-21,3.71,4.06,3.66,4.06,69072677.0,270680601.0,1890748427.0,0.0365319235566393,000031
2021-12-22,4.06,4.06,3.79,3.85,54870680.0,213071548.0,1890748427.0,0.02902061385663128,000031
2021-12-23,3.81,3.85,3.68,3.72,30027306.0,112330402.0,1890748427.0,0.015881174656135255,000031
2021-12-24,3.71,3.73,3.63,3.63,15760921.0,57628832.0,1890748427.0,0.00833581071650417,000031
2021-12-27,3.66,3.74,3.64,3.68,16816163.0,62117817.0,1890748427.0,0.008893918810067057,000031
2021-12-28,3.68,3.71,3.6,3.7,16301591.0,59559231.0,1890748427.0,0.008621766263143373,000031
2021-12-29,3.68,3.71,3.62,3.64,11129255.0,40582024.0,1890748427.0,0.005886163828605423,000031
2021-12-30,3.66,3.68,3.63,3.68,10513672.0,38432441.0,1890748427.0,0.005560587463601259,000031
2021-12-31,3.66,3.76,3.64,3.73,12871193.0,47788308.0,1890748427.0,0.006807459319388343,000031
2022-01-04,3.71,3.8,3.68,3.78,14648114.0,54955887.0,1890748427.0,0.007747257007238013,000031
2022-01-05,3.78,3.84,3.73,3.78,17737376.0,67109739.0,1890748427.0,0.009381140159478234,000031
2022-01-06,3.79,3.85,3.76,3.82,15130050.0,57710803.0,1890748427.0,0.008002148664487558,000031
2022-01-07,3.83,3.96,3.82,3.91,22518258.0,87994103.0,1890748427.0,0.011909706060540861,000031
2022-01-10,3.91,4.01,3.84,3.95,26382437.0,103672443.0,1890748427.0,0.013953435911016627,000031
2022-01-11,3.94,4.05,3.91,4.0,27923873.0,111639093.0,1890748427.0,0.014768687680098227,000031
2022-01-12,4.0,4.03,3.92,3.95,16562147.0,65416154.0,1890748427.0,0.008759572010475617,000031
2022-01-13,3.94,4.02,3.89,3.93,14703163.0,58329986.0,1890748427.0,0.007776371932954145,000031
2022-01-14,3.98,3.98,3.83,3.86,15044756.0,58382532.0,1890748427.0,0.007957037427697936,000031
2022-01-17,3.86,3.93,3.83,3.84,11616410.0,44870018.0,1890748427.0,0.006143815768463416,000031
2022-01-18,3.83,3.9,3.81,3.87,10690202.0,41191144.0,1890748427.0,0.005653952608048368,000031
2022-01-19,3.89,3.94,3.85,3.9,12179879.0,47387031.0,1890748427.0,0.006441829503106074,000031
2022-01-20,3.9,3.99,3.87,3.9,14781182.0,58053132.0,1890748427.0,0.007817635487050442,000031
2022-01-21,3.88,3.93,3.83,3.93,13108861.0,50979444.0,1890748427.0,0.006933159807409958,000031
2022-01-24,3.89,3.96,3.8,3.89,11684501.0,45474939.0,1890748427.0,0.006179828491799665,000031
2022-01-25,3.86,3.88,3.74,3.76,11075594.0,42032323.0,1890748427.0,0.005857783003724799,000031
2022-01-26,3.75,3.8,3.71,3.76,9267761.0,34883342.0,1890748427.0,0.0049016362344433675,000031
2022-01-27,3.74,3.78,3.66,3.67,9541682.0,35337546.0,1890748427.0,0.005046510611218401,000031
2022-01-28,3.75,3.8,3.7,3.75,10393994.0,39011869.0,1890748427.0,0.0054972908355089166,000031
2022-02-07,3.78,3.8,3.65,3.79,16952021.0,63544742.0,1890748427.0,0.008965772896025792,000031
2022-02-08,3.76,3.96,3.76,3.91,20491504.0,79538926.0,1890748427.0,0.010837773924537027,000031
2022-02-09,3.95,4.0,3.85,3.89,18238973.0,71445216.0,1890748427.0,0.009646430344484957,000031
2022-02-10,3.87,3.94,3.83,3.93,11700582.0,45686902.0,1890748427.0,0.006188333589447963,000031
2022-02-11,3.98,4.05,3.91,3.95,18294527.0,72396950.0,1890748427.0,0.009675812360202481,000031
2022-02-14,3.93,3.94,3.8,3.81,18323600.0,70345527.0,1890748427.0,0.009691188810916303,000031
2022-02-15,3.86,3.87,3.75,3.76,14571065.0,55215277.0,1890748427.0,0.007706506477500827,000031
2022-02-16,3.76,3.84,3.74,3.82,10538390.0,40096083.0,1890748427.0,0.005573660593610003,000031
2022-02-17,3.84,3.87,3.76,3.82,11409222.0,43601551.0,1890748427.0,0.006034235880921878,000031
2022-02-18,3.8,4.0,3.74,3.98,23291607.0,91377834.0,1890748427.0,0.01231872345754436,000031
2022-02-21,4.01,4.28,3.94,4.26,53855618.0,224236314.0,1890748427.0,0.02848375660713957,000031
2022-02-22,4.2,4.26,4.12,4.15,37260381.0,155445832.0,1890748427.0,0.019706683590434107,000031
2022-02-23,4.18,4.19,4.07,4.12,26048468.0,107331041.0,1890748427.0,0.013776802681957223,000031
2022-02-24,4.13,4.17,4.0,4.07,26841429.0,110101202.0,1890748427.0,0.014196192691054398,000031
2022-02-25,4.09,4.16,3.99,4.0,17866672.0,72134866.0,1890748427.0,0.009449523662092143,000031
2022-02-28,4.0,4.03,3.9,3.94,14790951.0,58259149.0,1890748427.0,0.00782280222412688,000031
2022-03-01,3.93,3.98,3.86,3.95,18441890.0,72188444.0,1890748427.0,0.009753751338173135,000031
2022-03-02,3.95,4.03,3.92,3.95,15091281.0,59875597.0,1890748427.0,0.007981644085747003,000031
2022-03-03,3.94,4.04,3.93,4.01,15453810.0,61715382.0,1890748427.0,0.008173382444390101,000031
2022-03-04,3.99,3.99,3.92,3.97,12488515.0,49341133.0,1890748427.0,0.006605064334135236,000031
2022-03-07,3.96,4.05,3.92,3.96,14206098.0,56619390.0,1890748427.0,0.00751347868237576,000031
2022-03-08,3.96,3.97,3.82,3.84,13412947.0,52039663.0,1890748427.0,0.00709398818397113,000031
2022-03-09,3.84,4.01,3.65,3.81,24533199.0,94294852.0,1890748427.0,0.012975390406076483,000031
2022-03-10,3.84,3.92,3.79,3.79,12458213.0,47867110.0,1890748427.0,0.006589037876269512,000031
2022-03-11,3.78,3.89,3.68,3.86,11913258.0,45033012.0,1890748427.0,0.006300816031301662,000031
2022-03-14,3.82,3.94,3.82,3.84,13184301.0,51202115.0,1890748427.0,0.00697305935138033,000031
2022-03-15,3.8,3.81,3.46,3.47,23358651.0,84524611.0,1890748427.0,0.012354182431907427,000031
2022-03-16,3.53,3.64,3.37,3.6,16150022.0,56585511.0,1890748427.0,0.008541602769240332,000031
2022-03-17,3.69,3.79,3.67,3.73,17167290.0,63943892.0,1890748427.0,0.0090796267524807,000031
2022-03-18,3.71,3.84,3.68,3.82,13825363.0,52149920.0,1890748427.0,0.007312111332514149,000031
2022-03-21,3.85,3.94,3.79,3.92,20934106.0,81227936.0,1890748427.0,0.011071862179579114,000031
2022-03-22,3.89,4.15,3.88,4.09,37749744.0,153111868.0,1890748427.0,0.019965503321822942,000031
2022-03-23,4.04,4.31,4.02,4.23,50488045.0,212300287.0,1890748427.0,0.026702677246231023,000031
2022-03-24,4.2,4.3,4.08,4.11,41255894.0,172632709.0,1890748427.0,0.021819874823569004,000031
2022-03-25,4.08,4.22,3.97,4.13,37086548.0,152711207.0,1890748427.0,0.01961474486526176,000031
2022-03-28,4.14,4.35,4.11,4.29,46212021.0,196631805.0,1890748427.0,0.024441126244025696,000031
2022-03-29,4.22,4.29,4.11,4.2,38231494.0,160217310.0,1890748427.0,0.0202202966053294,000031
2022-03-30,4.18,4.62,4.18,4.62,75697731.0,339242184.0,1890748427.0,0.04003585560037068,000031
2022-03-31,4.62,5.02,4.46,4.69,148856017.0,699304983.0,1890748427.0,0.07872862136195764,000031
2022-04-01,4.63,4.96,4.53,4.91,118152013.0,559192498.0,1890748427.0,0.06248954716173882,000031
2022-04-06,4.9,5.4,4.73,5.13,162574232.0,830348574.0,1890748427.0,0.08598406307176053,000031
2022-04-07,4.89,5.02,4.65,4.76,122296722.0,593834470.0,1890748427.0,0.06468164683021577,000031
2022-04-08,4.84,5.08,4.7,4.99,120298595.0,586671547.0,1890748427.0,0.06362485525949878,000031
2022-04-11,4.82,4.82,4.51,4.59,86384985.0,401069672.0,1890748427.0,0.04568824903748023,000031
2022-04-12,4.57,4.67,4.42,4.45,75689586.0,343380419.0,1890748427.0,0.04003154778242743,000031
2022-04-13,4.37,4.42,4.2,4.27,63814851.0,274898970.0,1890748427.0,0.03375110622265772,000031
2022-04-14,4.3,4.48,4.26,4.41,45749716.0,200076309.0,1890748427.0,0.024196617247800572,000031
2022-04-15,4.38,4.56,4.26,4.41,50590614.0,223724273.0,1890748427.0,0.02675692507663263,000031
2022-04-18,4.31,4.52,4.2,4.32,51979059.0,227211378.0,1890748427.0,0.027491261268678555,000031
2022-04-19,4.28,4.46,4.11,4.45,51697559.0,222049700.0,1890748427.0,0.02734237842631827,000031
2022-04-20,4.4,4.44,4.16,4.21,43077486.0,183955190.0,1890748427.0,0.02278329860538342,000031
2022-04-21,4.14,4.2,3.97,4.0,34201213.0,139096227.0,1890748427.0,0.018088716886712503,000031
2022-04-22,3.93,4.2,3.91,4.11,32315827.0,131990320.0,1890748427.0,0.017091553026583585,000031
2022-04-25,4.03,4.19,3.84,3.85,35588531.0,142196625.0,1890748427.0,0.01882245701849789,000031
2022-04-26,3.85,3.95,3.76,3.77,29945421.0,115453529.0,1890748427.0,0.015837866409077805,000031
2022-04-27,3.74,3.8,3.55,3.7,41127371.0,150209918.0,1890748427.0,0.02175190015376911,000031
2022-04-28,3.65,3.85,3.61,3.81,39164050.0,146329590.0,1890748427.0,0.020713517166395613,000031
2022-04-29,3.8,4.0,3.7,3.93,42821232.0,164212117.0,1890748427.0,0.022647768147528387,000031
2022-05-05,3.99,4.25,3.93,4.14,60953652.0,249223553.0,1890748427.0,0.032237843559501746,000031
2022-05-06,4.0,4.08,3.73,3.75,45879708.0,177828742.0,1890748427.0,0.02426536885861442,000031
2022-05-09,3.75,3.98,3.7,3.84,39719134.0,153576924.0,1890748427.0,0.021007096149232973,000031
2022-05-10,3.77,3.86,3.67,3.85,38219448.0,144194046.0,1890748427.0,0.02021392558323678,000031
2022-05-11,3.86,3.97,3.75,3.76,38962721.0,148798352.0,1890748427.0,0.020607036051761316,000031
2022-05-12,3.73,3.76,3.59,3.67,29900430.0,109999486.0,1890748427.0,0.015814071069963662,000031
2022-05-13,3.68,4.03,3.6,3.99,63260257.0,242367467.0,1890748427.0,0.03345778639645538,000031
2022-05-16,4.05,4.08,3.89,4.0,47974100.0,191156427.0,1890748427.0,0.02537307413028989,000031
2022-05-17,4.0,4.0,3.8,3.87,31715806.0,122784587.0,1890748427.0,0.01677420726475104,000031
2022-05-18,3.87,3.88,3.77,3.81,22497560.0,86068160.0,1890748427.0,0.011898759072721418,000031
2022-05-19,3.74,3.92,3.71,3.89,28954407.0,111841317.0,1890748427.0,0.015313727932563288,000031
2022-05-20,3.92,4.0,3.86,3.88,34592601.0,135690166.0,1890748427.0,0.01829571851337576,000031
2022-05-23,3.88,3.92,3.82,3.84,19097134.0,73668002.0,1890748427.0,0.010100304052771797,000031
2022-05-24,3.84,3.86,3.74,3.74,23893800.0,90535302.0,1890748427.0,0.012637217970828438,000031
2022-05-25,3.75,3.8,3.71,3.79,13739698.0,51734165.0,1890748427.0,0.007266803877129445,000031
2022-05-26,3.76,3.87,3.74,3.82,17128496.0,65280375.0,1890748427.0,0.00905910895146285,000031
2022-05-27,3.81,3.82,3.75,3.8,13752738.0,52072228.0,1890748427.0,0.007273700616967378,000031
2022-05-30,3.78,3.85,3.75,3.77,14356812.0,54383200.0,1890748427.0,0.007593189974395256,000031
2022-05-31,3.78,3.84,3.73,3.83,16762385.0,63628688.0,1890748427.0,0.008865476104928686,000031
2022-06-01,3.82,3.87,3.77,3.81,16540600.0,63154082.0,1890748427.0,0.00874817599411918,000031
2022-06-02,3.82,3.83,3.75,3.76,13290253.0,50149722.0,1890748427.0,0.0070290964203457195,000031
2022-06-06,3.78,3.81,3.72,3.81,15791873.0,59555742.0,1890748427.0,0.008352180953579607,000031
2022-06-07,3.81,3.9,3.78,3.86,31709677.0,122061245.0,1890748427.0,0.01677096569124899,000031
2022-06-08,3.86,3.89,3.75,3.77,26949560.0,102158916.0,1890748427.0,0.014253382213708964,000031
2022-06-09,3.75,3.8,3.72,3.73,16214782.0,60832647.0,1890748427.0,0.008575853756349575,000031
2022-06-10,3.7,3.74,3.7,3.72,16410342.0,61001209.0,1890748427.0,0.008679283698274896,000031
2022-06-13,3.71,3.73,3.62,3.64,18504588.0,67675851.0,1890748427.0,0.009786911751850952,000031
2022-06-14,3.63,3.74,3.61,3.74,18697160.0,68750006.0,1890748427.0,0.009888761367193775,000031
2022-06-15,3.75,3.93,3.72,3.85,36074365.0,138960098.0,1890748427.0,0.01907941029322353,000031
2022-06-16,3.85,3.94,3.82,3.86,22514800.0,87367269.0,1890748427.0,0.011907877155145189,000031
2022-06-17,3.86,3.88,3.77,3.8,13410386.0,51135692.0,1890748427.0,0.007092633693884861,000031
2022-06-20,3.81,3.9,3.79,3.86,14590176.0,56352864.0,1890748427.0,0.007716614115157479,000031
2022-06-21,3.86,3.97,3.83,3.89,21403405.0,83757827.0,1890748427.0,0.011320070240100746,000031
2022-06-22,3.88,3.9,3.8,3.82,15299880.0,58878584.0,1890748427.0,0.008091970238619165,000031
2022-06-23,3.83,3.91,3.8,3.9,16141397.0,62450476.0,1890748427.0,0.008537041083572986,000031
2022-06-24,3.89,3.91,3.83,3.85,14091931.0,54376317.0,1890748427.0,0.007453096773090691,000031
2022-06-27,3.86,3.88,3.78,3.8,21690408.0,82781248.0,1890748427.0,0.011471863570139572,000031
2022-06-28,3.78,3.84,3.78,3.83,14283107.0,54324862.0,1890748427.0,0.00755420805646927,000031
2022-06-29,3.85,4.01,3.82,3.95,42046969.0,166286951.0,1890748427.0,0.022238267344066923,000031
2022-06-30,3.95,4.06,3.91,4.0,24580790.0,98518367.0,1890748427.0,0.013000560862029479,000031
2022-07-01,4.02,4.08,3.96,4.01,19052127.0,76680914.0,1890748427.0,0.010076500251400182,000031
2022-07-04,4.01,4.04,3.89,3.9,20775232.0,81520013.0,1890748427.0,0.01098783513624999,000031
2022-07-05,3.9,3.91,3.81,3.84,17177314.0,66233094.0,1890748427.0,0.009084928356785564,000031
2022-07-06,3.83,3.85,3.71,3.74,17551364.0,65973238.0,1890748427.0,0.00928276006969805,000031
2022-07-07,3.74,3.8,3.72,3.73,9956672.0,37291665.0,1890748427.0,0.005265995125431883,000031
2022-07-08,3.74,3.77,3.71,3.72,10296137.0,38466756.0,1890748427.0,0.005445535139932183,000031
2022-07-11,3.75,3.75,3.69,3.7,11690176.0,43469906.0,1890748427.0,0.006182829948746005,000031
2022-07-12,3.73,3.75,3.69,3.7,9419900.0,34971390.0,1890748427.0,0.004982101196268773,000031
2022-07-13,3.7,3.78,3.69,3.73,11438095.0,42734874.0,1890748427.0,0.0060495065534173255,000031
2022-07-14,3.72,3.72,3.63,3.66,14331114.0,52507991.0,1890748427.0,0.007579598531116482,000031
2022-07-15,3.65,3.68,3.46,3.51,23944892.0,84844953.0,1890748427.0,0.012664240074494057,000031
2022-07-18,3.5,3.62,3.48,3.6,15636314.0,55843486.0,1890748427.0,0.00826990718422002,000031
2022-07-19,3.62,3.63,3.57,3.63,11157650.0,40143921.0,1890748427.0,0.005901181691158958,000031
2022-07-20,3.63,3.65,3.58,3.6,9722137.0,35118756.0,1890748427.0,0.005141951653201085,000031
2022-07-21,3.6,3.62,3.56,3.58,7633900.0,27398406.0,1890748427.0,0.004037501706196051,000031
2022-07-22,3.58,3.6,3.51,3.56,8845840.0,31414535.0,1890748427.0,0.004678485976072162,000031
2022-07-25,3.55,3.63,3.53,3.55,9813873.0,35163091.0,1890748427.0,0.005190470006404506,000031
2022-07-26,3.56,3.69,3.54,3.66,15624548.0,56765872.0,1890748427.0,0.008263684251633123,000031
2022-07-27,3.67,3.68,3.59,3.64,12417026.0,45037458.0,1890748427.0,0.006567254438868826,000031
2022-07-28,3.64,3.71,3.61,3.66,12738705.0,46641752.0,1890748427.0,0.006737387596409197,000031
2022-07-29,3.66,3.68,3.59,3.59,8155474.0,29502589.0,1890748427.0,0.0043133575485449814,000031
2022-08-01,3.6,3.61,3.53,3.55,9622656.0,34258424.0,1890748427.0,0.00508933703849116,000031
2022-08-02,3.54,3.55,3.34,3.42,18977358.0,64727550.0,1890748427.0,0.010036955593352452,000031
2022-08-03,3.4,3.47,3.36,3.37,9969282.0,34026756.0,1890748427.0,0.005272664442100314,000031
2022-08-04,3.39,3.42,3.34,3.39,8437104.0,28536393.0,1890748427.0,0.00446230914674721,000031
2022-08-05,3.4,3.49,3.38,3.49,9185079.0,31541448.0,1890748427.0,0.0048579064611857,000031
2022-08-08,3.49,3.56,3.45,3.47,12638289.0,44131378.0,1890748427.0,0.0066842784685283785,000031
2022-08-09,3.48,3.49,3.42,3.44,7139066.0,24583927.0,1890748427.0,0.0037757884116436185,000031
2022-08-10,3.45,3.45,3.38,3.39,7006341.0,23891565.0,1890748427.0,0.0037055913414757,000031
2022-08-11,3.4,3.49,3.39,3.49,8093237.0,27979258.0,1890748427.0,0.004280440953660516,000031
2022-08-12,3.47,3.52,3.42,3.5,8339579.0,29132244.0,1890748427.0,0.004410729043012976,000031
2022-08-15,3.5,3.52,3.43,3.44,10584870.0,36624992.0,1890748427.0,0.005598243451559936,000031
2022-08-16,3.45,3.52,3.45,3.51,11307076.0,39576459.0,1890748427.0,0.0059802117714521305,000031
2022-08-17,3.55,3.55,3.48,3.53,9718793.0,34183001.0,1890748427.0,0.005140183041389884,000031
2022-08-18,3.52,3.52,3.46,3.48,8450621.0,29419221.0,1890748427.0,0.004469458167635963,000031
2022-08-19,3.47,3.56,3.46,3.53,10827820.0,38205850.0,1890748427.0,0.005726737542328787,000031
2022-08-22,3.52,3.57,3.47,3.53,10447013.0,36812098.0,1890748427.0,0.005525332112308562,000031
2022-08-23,3.58,3.58,3.48,3.5,8095810.0,28431432.0,1890748427.0,0.004281801790439887,000031
2022-08-24,3.5,3.54,3.44,3.45,10651000.0,37074321.0,1890748427.0,0.005633219019465036,000031
2022-08-25,3.45,3.5,3.43,3.47,7848300.0,27112707.0,1890748427.0,0.004150895956292127,000031
2022-08-26,3.48,3.56,3.44,3.51,11295052.0,39566730.0,4002887169.0,0.0028217262998251652,000031
2022-08-29,3.48,3.54,3.44,3.52,9844383.0,34298117.0,4002887169.0,0.0024593206314279703,000031
2022-08-30,3.51,3.6,3.51,3.59,14736629.0,52621777.0,4002887169.0,0.003681499971851942,000031
2022-08-31,3.59,3.64,3.53,3.55,14298670.0,51269238.0,4002887169.0,0.003572089193703676,000031
2022-09-01,3.55,3.64,3.53,3.58,14475359.0,52120279.0,4002887169.0,0.0036162295835124,000031
2022-09-02,3.61,3.61,3.54,3.57,8811253.0,31445746.0,4002887169.0,0.0022012244232707725,000031
2022-09-05,3.57,3.7,3.57,3.68,15703286.0,57315082.0,4002887169.0,0.0039229899162816,000031
2022-09-06,3.68,3.76,3.67,3.74,15549363.0,57987193.0,4002887169.0,0.0038845369213553267,000031
2022-09-07,3.73,3.75,3.67,3.73,13049294.0,48426258.0,4002887169.0,0.003259970478573337,000031
2022-09-08,3.73,3.79,3.67,3.73,11259707.0,41707508.0,4002887169.0,0.0028128964231617093,000031
2022-09-09,3.73,3.82,3.7,3.79,16415885.0,62158530.0,4002887169.0,0.004101011171918945,000031
2022-09-13,3.79,3.82,3.7,3.71,16820201.0,63091063.0,4002887169.0,0.004202017266502672,000031
2022-09-14,3.66,3.75,3.64,3.68,13151201.0,48672810.0,4002887169.0,0.003285428852916039,000031
2022-09-15,3.72,3.8,3.64,3.71,22470941.0,83438636.0,4002887169.0,0.00561368333687349,000031
2022-09-16,3.75,3.76,3.57,3.57,19229161.0,70147705.0,4002887169.0,0.004803822887869164,000031
2022-09-19,3.55,3.63,3.49,3.59,16034883.0,57356085.0,4002887169.0,0.004005829373403455,000031
2022-09-20,3.63,3.71,3.52,3.56,15947374.0,57256336.0,4002887169.0,0.0039839679028434785,000031
2022-09-21,3.62,3.68,3.49,3.66,15484243.0,55873991.0,4002887169.0,0.0038682686636576542,000031
2022-09-22,3.62,3.67,3.52,3.53,13259428.0,47356141.0,4002887169.0,0.003312466087649547,000031
2022-09-23,3.53,3.65,3.52,3.54,18423470.0,66168339.0,4002887169.0,0.004602545418386735,000031
2022-09-26,3.52,3.58,3.44,3.45,15372118.0,53703992.0,4002887169.0,0.003840257631803361,000031
2022-09-27,3.43,3.51,3.39,3.49,12243137.0,42319612.0,4002887169.0,0.003058576593119055,000031
2022-09-28,3.48,3.49,3.41,3.42,11251755.0,38687047.0,4002887169.0,0.0028109098570497327,000031
2022-09-29,3.45,3.46,3.3,3.32,15347279.0,51568164.0,4002887169.0,0.003834052360719938,000031
2022-09-30,3.34,3.41,3.29,3.35,14602222.0,48977878.0,4002887169.0,0.003647922457841329,000031
2022-10-10,3.37,3.48,3.35,3.37,16153279.0,55070152.0,4002887169.0,0.004035407024484132,000031
2022-10-11,3.36,3.37,3.28,3.32,11042659.0,36625774.0,4002887169.0,0.002758673560803532,000031
2022-10-12,3.28,3.38,3.26,3.37,11693523.0,38703850.0,4002887169.0,0.0029212721983670783,000031
2022-10-13,3.36,3.37,3.28,3.36,11637669.0,38684264.0,4002887169.0,0.0029073187698436475,000031
2022-10-14,3.37,3.42,3.36,3.39,9970926.0,33836652.0,4002887169.0,0.0024909335634586307,000031
2022-10-17,3.36,3.45,3.32,3.44,12222706.0,41525032.0,4002887169.0,0.0030534725271942832,000031
2022-10-18,3.43,3.47,3.4,3.41,8137863.0,27862007.0,4002887169.0,0.002032998347548477,000031
2022-10-19,3.41,3.43,3.36,3.37,6402227.0,21691315.0,4002887169.0,0.0015994023138052632,000031
2022-10-20,3.37,3.39,3.33,3.35,6691876.0,22445861.0,4002887169.0,0.0016717623349028253,000031
2022-10-21,3.38,3.41,3.35,3.36,7180606.0,24250716.0,4002887169.0,0.0017938567081304609,000031
2022-10-24,3.36,3.38,3.26,3.28,12412692.0,40991304.0,4002887169.0,0.0031009347693157522,000031
2022-10-25,3.27,3.28,3.2,3.21,8967807.0,28932507.0,4002887169.0,0.002240334693780623,000031
2022-10-26,3.22,3.26,3.21,3.22,6765411.0,21877310.0,4002887169.0,0.0016901328252252818,000031
2022-10-27,3.23,3.32,3.22,3.29,9777505.0,32093307.0,4002887169.0,0.002442613190729184,000031
2022-10-28,3.29,3.31,3.16,3.17,9096600.0,29267770.0,4002887169.0,0.0022725097200959853,000031
2022-10-31,3.17,3.18,3.1,3.15,9226800.0,28997011.0,4002887169.0,0.0023050362427040473,000031
2022-11-01,3.16,3.2,3.12,3.2,8512636.0,26914895.0,4002887169.0,0.0021266240192642314,000031
2022-11-02,3.17,3.24,3.16,3.2,7858695.0,25237860.0,4002887169.0,0.0019632566865388956,000031
2022-11-03,3.19,3.21,3.14,3.17,6843455.0,21688102.0,4002887169.0,0.0017096297524942803,000031
2022-11-04,3.2,3.23,3.16,3.23,9347198.0,29941170.0,4002887169.0,0.002335114032788267,000031
2022-11-07,3.22,3.28,3.2,3.27,9398782.0,30503916.0,4002887169.0,0.0023480007312691757,000031
2022-11-08,3.27,3.31,3.25,3.28,10599500.0,34698199.0,4002887169.0,0.0026479637203084003,000031
2022-11-09,3.27,3.37,3.26,3.29,12007479.0,39896810.0,4002887169.0,0.002999704586477191,000031
2022-11-10,3.27,3.34,3.25,3.33,10102047.0,33415752.0,4002887169.0,0.0025236901699938973,000031
2022-11-11,3.37,3.52,3.36,3.47,23867297.0,82160526.0,4002887169.0,0.005962520548877355,000031
2022-11-14,3.58,3.63,3.51,3.54,33964844.0,121043422.0,4002887169.0,0.008485086530301849,000031
2022-11-15,3.56,3.63,3.53,3.57,18800500.0,67214169.0,4002887169.0,0.004696734933124966,000031
2022-11-16,3.57,3.57,3.52,3.54,14220084.0,50367332.0,4002887169.0,0.0035524568641669848,000031
2022-11-17,3.53,3.6,3.52,3.58,11874931.0,42368070.0,4002887169.0,0.002966591487255583,000031
2022-11-18,3.58,3.62,3.53,3.56,12764213.0,45676496.0,4002887169.0,0.00318875163378356,000031
2022-11-21,3.55,3.58,3.47,3.56,13739803.0,48458181.0,4002887169.0,0.003432473217433324,000031
2022-11-22,3.58,3.65,3.53,3.55,11648819.0,41577016.0,4002887169.0,0.002910104259298946,000031
2022-11-23,3.55,3.58,3.52,3.55,8764299.0,31113129.0,4002887169.0,0.002189494389917939,000031
2022-11-24,3.62,3.68,3.55,3.6,16012517.0,57793288.0,4002887169.0,0.00400024190639384,000031
2022-11-25,3.59,3.74,3.59,3.71,31535574.0,116249074.0,4002887169.0,0.007878207071192118,000031
2022-11-28,3.64,3.75,3.6,3.72,18675124.0,68926712.0,4002887169.0,0.004665413540663304,000031
2022-11-29,4.04,4.09,3.8,4.09,76811778.0,306581538.0,4002887169.0,0.01918909396069465,000031
2022-11-30,4.2,4.42,4.09,4.12,94162043.0,396492870.0,4002887169.0,0.023523531647164447,000031
2022-12-01,4.09,4.3,4.06,4.11,63358872.0,263836050.0,4002887169.0,0.015828293260593776,000031
2022-12-02,4.09,4.1,3.92,4.03,40804250.0,163148649.0,4002887169.0,0.010193704762903348,000031
2022-12-05,4.05,4.25,4.0,4.11,45374181.0,187404569.0,4002887169.0,0.011335363472494621,000031
2022-12-06,4.09,4.11,3.98,4.02,29736317.0,120286992.0,4002887169.0,0.007428717259454685,000031
2022-12-07,3.97,4.03,3.92,3.98,23943421.0,95085136.0,4002887169.0,0.005981537822356741,000031
2022-12-08,4.01,4.38,3.99,4.38,39998652.0,171487008.0,4002887169.0,0.009992450526651354,000031
2022-12-09,4.55,4.82,4.39,4.68,192189493.0,895989363.0,4002887169.0,0.04801271804221569,000031
2022-12-12,4.23,4.37,4.21,4.21,107758298.0,460491803.0,4002887169.0,0.026920143748873176,000031
2022-12-13,4.05,4.21,4.01,4.1,84831811.0,348389443.0,4002887169.0,0.02119265605510251,000031
2022-12-14,4.06,4.07,3.95,3.99,57173147.0,228266306.0,4002887169.0,0.014282977407600268,000031
2022-12-15,3.96,3.98,3.83,3.94,46069037.0,179367885.0,4002887169.0,0.011508952177512652,000031
2022-12-16,3.96,4.06,3.88,3.96,62637861.0,248855025.0,4002887169.0,0.015648170521790693,000031
2022-12-19,3.94,4.08,3.91,4.01,47173492.0,188035026.0,4002887169.0,0.011784866774494886,000031
2022-12-20,3.91,3.92,3.71,3.72,49552563.0,186826860.0,4002887169.0,0.012379205535383403,000031
2022-12-21,3.76,3.85,3.72,3.76,35939485.0,136111768.0,4002887169.0,0.00897839071716288,000031
2022-12-22,3.81,3.89,3.76,3.78,29502279.0,112900928.0,4002887169.0,0.007370249960697806,000031
2022-12-23,3.76,3.83,3.74,3.78,19074063.0,72229919.0,4002887169.0,0.004765076354816435,000031
2022-12-26,3.78,3.8,3.68,3.78,21949039.0,82267952.0,4002887169.0,0.00548330194515158,000031
2022-12-27,3.79,3.88,3.77,3.81,26292928.0,100780931.0,4002887169.0,0.006568490914163961,000031
2022-12-28,3.82,3.91,3.72,3.88,31630353.0,121826885.0,4002887169.0,0.007901884730840886,000031
2022-12-29,3.83,3.87,3.74,3.75,24338269.0,91873090.0,4002887169.0,0.006080178624190444,000031
2022-12-30,3.8,3.8,3.73,3.76,16972293.0,63809072.0,4002887169.0,0.0042400128415910395,000031
2023-01-03,3.77,3.82,3.73,3.78,24361016.0,92020540.0,4002887169.0,0.0060858612724989354,000031
2023-01-04,3.78,3.9,3.75,3.85,30622705.0,118021814.0,4002887169.0,0.007650154427822694,000031
2023-01-05,3.85,3.87,3.81,3.85,20345542.0,78175656.0,4002887169.0,0.00508271683438,000031
2023-01-06,3.95,4.02,3.79,3.81,26303458.0,101823528.0,4002887169.0,0.006571121515416364,000031
2023-01-09,3.83,3.83,3.76,3.76,18593500.0,70483679.0,4002887169.0,0.004645022258932425,000031
2023-01-10,3.75,3.77,3.69,3.7,13545126.0,50398077.0,4002887169.0,0.0033838390711831727,000031
2023-01-11,3.76,3.76,3.67,3.68,17514458.0,65062919.0,4002887169.0,0.004375456329531131,000031
2023-01-12,3.67,3.68,3.58,3.63,19867461.0,71914808.0,4002887169.0,0.004963282790946936,000031
2023-01-13,3.62,3.66,3.61,3.65,9156353.0,33275503.0,4002887169.0,0.002287437195559883,000031
2023-01-16,3.65,3.72,3.61,3.7,16333364.0,59992084.0,4002887169.0,0.004080395801933232,000031
2023-01-17,3.7,3.71,3.65,3.68,10050726.0,36964785.0,4002887169.0,0.0025108691740893785,000031
2023-01-18,3.69,3.72,3.66,3.67,9294776.0,34196575.0,4002887169.0,0.0023220179854137675,000031
2023-01-19,3.65,3.7,3.63,3.69,13887300.0,51024435.0,4002887169.0,0.0034693208710824893,000031
2023-01-20,3.71,3.73,3.68,3.73,13556347.0,50346336.0,4002887169.0,0.0033866422978358996,000031
2023-01-30,3.8,3.82,3.72,3.73,18848279.0,70784083.0,4002887169.0,0.0047086710677155235,000031
2023-01-31,3.64,3.76,3.6,3.75,22614837.0,83351551.0,4002887169.0,0.005649631389847452,000031
2023-02-01,3.78,3.79,3.68,3.74,18836927.0,69976927.0,4002887169.0,0.004705835114684443,000031
2023-02-02,3.76,3.8,3.7,3.8,23675259.0,88914420.0,4002887169.0,0.005914545676768238,000031
2023-02-03,3.81,3.82,3.71,3.72,19182770.0,71873830.0,4002887169.0,0.004792233502997346,000031
2023-02-06,3.71,3.73,3.64,3.66,17847578.0,65423684.0,4002887169.0,0.004458676262028808,000031
2023-02-07,3.68,3.74,3.66,3.73,13965920.0,51846502.0,4002887169.0,0.0034889616944883714,000031
2023-02-08,3.76,3.79,3.72,3.74,17511918.0,65811498.0,4002887169.0,0.004374821787538624,000031
2023-02-09,3.73,3.76,3.69,3.76,11315621.0,42279613.0,4002887169.0,0.0028268648408660653,000031
2023-02-10,3.76,3.8,3.73,3.78,14753629.0,55647471.0,4002887169.0,0.0036857469064474646,000031
2023-02-13,3.79,3.81,3.75,3.79,16005915.0,60442040.0,4002887169.0,0.003998592596852684,000031
2023-02-14,3.79,3.84,3.78,3.8,15080292.0,57417712.0,4002887169.0,0.00376735375325789,000031
2023-02-15,3.8,3.81,3.72,3.74,13909504.0,52035104.0,4002887169.0,0.003474867867303606,000031
2023-02-16,3.74,3.81,3.66,3.68,18588506.0,69605524.0,4002887169.0,0.00464377465944007,000031
2023-02-17,3.7,3.73,3.67,3.68,11153764.0,41231008.0,4002887169.0,0.0027864297765820938,000031
2023-02-20,3.69,3.73,3.66,3.72,11107809.0,41070192.0,4002887169.0,0.0027749493130916677,000031
2023-02-21,3.82,3.86,3.74,3.75,25669672.0,97350658.0,4002887169.0,0.006412789298383544,000031
2023-02-22,3.74,3.77,3.7,3.76,12840319.0,48103221.0,4002887169.0,0.003207764410508669,000031
2023-02-23,3.79,3.79,3.73,3.76,16387028.0,61536469.0,4002887169.0,0.004093802125352887,000031
2023-02-24,3.77,3.77,3.68,3.73,11653979.0,43312746.0,4002887169.0,0.002911393328858528,000031
2023-02-27,3.78,3.78,3.69,3.7,11243737.0,41983813.0,4002887169.0,0.0028089068028387385,000031
2023-02-28,3.69,3.74,3.68,3.74,8912900.0,33058858.0,4002887169.0,0.002226617844496131,000031
2023-03-01,3.74,3.77,3.74,3.77,10234029.0,38411366.0,4002887169.0,0.002556661871275443,000031
2023-03-02,3.77,3.8,3.74,3.78,14417078.0,54420730.0,4002887169.0,0.0036016698426205376,000031
2023-03-03,3.76,3.8,3.76,3.79,12220713.0,46242578.0,4002887169.0,0.0030529746365678787,000031
2023-03-06,3.8,3.8,3.72,3.75,11618853.0,43614695.0,4002887169.0,0.00290261816270545,000031
2023-03-07,3.75,3.77,3.68,3.69,13279413.0,49445173.0,4002887169.0,0.0033174587339961066,000031
2023-03-08,3.68,3.72,3.66,3.71,8148100.0,30089236.0,4002887169.0,0.0020355557516340277,000031
2023-03-09,3.71,3.72,3.66,3.67,11873610.0,43642765.0,4002887169.0,0.0029662614754555425,000031
2023-03-10,3.65,3.67,3.6,3.6,11453820.0,41478618.0,4002887169.0,0.002861389671111162,000031
2023-03-13,3.62,3.63,3.56,3.58,10165626.0,36433729.0,4002887169.0,0.00253957345556147,000031
2023-03-14,3.57,3.57,3.49,3.55,12988926.0,45962856.0,4002887169.0,0.0032448893640049537,000031
2023-03-15,3.55,3.59,3.54,3.57,7037516.0,25086889.0,4002887169.0,0.0017581100098202644,000031
2023-03-16,3.57,3.63,3.53,3.56,12507847.0,44808009.0,4002887169.0,0.0031247063611649856,000031
2023-03-17,3.58,3.64,3.56,3.6,11156414.0,40256411.0,4002887169.0,0.002787091798739631,000031
2023-03-20,3.64,3.66,3.56,3.57,12119594.0,43675117.0,4002887169.0,0.0030277131201346635,000031
2023-03-21,3.59,3.59,3.54,3.57,9105877.0,32411920.0,4002887169.0,0.00227482729728673,000031
2023-03-22,3.57,3.61,3.54,3.6,7894500.0,28305378.0,4002887169.0,0.0019722014802561125,000031
2023-03-23,3.59,3.6,3.55,3.57,10012360.0,35691646.0,4002887169.0,0.0025012845921663297,000031
2023-03-24,3.61,3.93,3.56,3.93,84947420.0,324600688.0,4002887169.0,0.021221537458729206,000031
2023-03-27,3.89,3.98,3.81,3.82,78530006.0,303320203.0,4002887169.0,0.019618341133412046,000031
2023-03-28,3.85,3.99,3.79,3.85,59972836.0,233474477.0,4002887169.0,0.014982394823529937,000031
2023-03-29,3.84,3.93,3.77,3.78,40460462.0,154471039.0,4002887169.0,0.010107819754037139,000031
2023-03-30,3.82,3.84,3.68,3.73,33107274.0,123127693.0,4002887169.0,0.008270848665532297,000031
2023-03-31,3.72,3.78,3.71,3.73,23175183.0,86804070.0,4002887169.0,0.005789616849427613,000031
2023-04-03,3.73,3.83,3.69,3.79,34333622.0,130054343.0,4002887169.0,0.008577214533023476,000031
2023-04-04,3.79,3.81,3.72,3.75,20060875.0,75350018.0,4002887169.0,0.005011601414938608,000031
2023-04-06,3.76,3.78,3.71,3.73,15590905.0,58476190.0,4002887169.0,0.003894914930588692,000031
2023-04-07,3.73,3.98,3.73,3.93,56758161.0,221978986.0,4002887169.0,0.014179305737008647,000031
2023-04-10,3.88,3.93,3.83,3.87,31510890.0,122093274.0,4002887169.0,0.00787204052215942,000031
2023-04-11,3.87,4.05,3.83,4.03,56024527.0,222639046.0,4002887169.0,0.013996029524358546,000031
2023-04-12,4.05,4.09,3.94,4.02,36000393.0,144047900.0,4002887169.0,0.008993606734359592,000031
2023-04-13,4.03,4.05,3.97,4.04,31312923.0,125521069.0,4002887169.0,0.007822584469155193,000031
2023-04-14,3.99,4.03,3.93,3.96,30468273.0,120843113.0,4002887169.0,0.007611574274678238,000031
2023-04-17,3.94,3.98,3.9,3.97,20824838.0,82195950.0,4002887169.0,0.005202454408726803,000031
2023-04-18,3.94,4.03,3.92,3.94,21090965.0,83861082.0,4002887169.0,0.005268938171262253,000031
2023-04-19,3.94,3.94,3.85,3.87,23238398.0,90391940.0,4002887169.0,0.005805409200630906,000031
2023-04-20,3.86,3.87,3.81,3.86,14308344.0,54939811.0,4002887169.0,0.0035745059493082106,000031
2023-04-21,3.85,3.96,3.79,3.8,20896074.0,80623067.0,4002887169.0,0.005220250563600135,000031
2023-04-24,3.77,3.78,3.68,3.71,18199272.0,67695383.0,4002887169.0,0.004546536345301618,000031
2023-04-25,3.69,3.73,3.61,3.67,13847314.0,50897024.0,4002887169.0,0.003459331581274456,000031
2023-04-26,3.64,3.68,3.57,3.64,17431202.0,63364747.0,4002887169.0,0.004354657342079082,000031
2023-04-27,3.64,3.65,3.55,3.57,20059500.0,71865657.0,4002887169.0,0.005011257912875735,000031
2023-04-28,3.58,3.7,3.57,3.66,18439910.0,67330170.0,4002887169.0,0.004606652453960288,000031
2023-05-04,3.72,3.84,3.7,3.83,30205812.0,114355934.0,4002887169.0,0.0075460063510973275,000031
2023-05-05,3.8,3.98,3.8,3.96,35128201.0,137369978.0,4002887169.0,0.008775716006198525,000031
2023-05-08,3.96,4.0,3.88,4.0,29031399.0,114480570.0,4002887169.0,0.007252614868795469,000031
2023-05-09,3.99,4.09,3.96,4.0,36668587.0,148000974.0,4002887169.0,0.00916053474701375,000031
2023-05-10,3.99,4.03,3.91,3.95,24332747.0,96475674.0,4002887169.0,0.006078799119905945,000031
2023-05-11,3.95,4.04,3.95,4.0,23182410.0,92643354.0,4002887169.0,0.005791422296270075,000031
2023-05-12,4.02,4.12,3.97,3.97,25583601.0,103349019.0,4002887169.0,0.006391287068526413,000031
2023-05-15,4.0,4.02,3.92,4.02,22984482.0,91266331.0,4002887169.0,0.005741975986233451,000031
2023-05-16,4.02,4.05,3.95,3.97,15123517.0,60435635.0,4002887169.0,0.003778152209016212,000031
2023-05-17,3.97,4.03,3.93,3.98,13772800.0,54948253.0,4002887169.0,0.0034407165174832337,000031
2023-05-18,4.0,4.01,3.91,3.94,14591983.0,57672864.0,4002887169.0,0.003645364554116414,000031
2023-05-19,3.95,3.95,3.85,3.87,17488900.0,67956037.0,4002887169.0,0.004369071438096285,000031
2023-05-22,3.89,3.89,3.78,3.81,13499401.0,51455631.0,4002887169.0,0.003372416066219627,000031
2023-05-23,3.81,3.83,3.74,3.75,15057314.0,56870241.0,4002887169.0,0.003761613396602836,000031
2023-05-24,3.72,3.73,3.62,3.62,16327912.0,59721170.0,4002887169.0,0.00407903378502648,000031
2023-05-25,3.61,3.66,3.56,3.61,18132500.0,65263961.0,4002887169.0,0.004529855385489133,000031
2023-05-26,3.61,3.69,3.59,3.68,13747005.0,50083734.0,4002887169.0,0.0034342724187837333,000031
2023-05-29,3.66,3.69,3.6,3.63,11607470.0,42174562.0,4002887169.0,0.002899774465264224,000031
2023-05-30,3.6,3.66,3.55,3.65,17821464.0,64151312.0,4002887169.0,0.004452152470850721,000031
2023-05-31,3.63,3.69,3.62,3.64,12900112.0,47080794.0,4002887169.0,0.0032227018787598506,000031
2023-06-01,3.63,3.68,3.59,3.66,12814977.0,46726375.0,4002887169.0,0.003201433480125155,000031
2023-06-02,3.68,3.84,3.64,3.8,34460689.0,129530070.0,4002887169.0,0.008608958370567552,000031
2023-06-05,3.77,3.78,3.72,3.75,15452281.0,57825469.0,4002887169.0,0.0038602839269787073,000031
2023-06-06,3.75,3.87,3.73,3.74,17936702.0,68004799.0,4002887169.0,0.00448094119137536,000031
2023-06-07,3.75,3.85,3.74,3.83,21665781.0,82670055.0,4002887169.0,0.0054125385216422526,000031
2023-06-08,3.83,3.91,3.8,3.89,22803828.0,88335455.0,4002887169.0,0.005696845061385241,000031
2023-06-09,3.88,3.92,3.85,3.88,17076377.0,66255862.0,4002887169.0,0.00426601507338165,000031
2023-06-12,3.89,3.93,3.81,3.88,19038117.0,73823048.0,4002887169.0,0.0047560963365240435,000031
2023-06-13,3.87,3.93,3.86,3.88,11964026.0,46486158.0,4002887169.0,0.0029888491718313534,000031
2023-06-14,3.91,3.92,3.84,3.86,11753201.0,45535838.0,4002887169.0,0.0029361809373548197,000031
2023-06-15,3.86,3.92,3.83,3.91,16314447.0,63401472.0,4002887169.0,0.004075669963007143,000031
2023-06-16,3.91,3.96,3.87,3.89,12697349.0,49665651.0,4002887169.0,0.0031720476905603232,000031
2023-06-19,3.89,3.9,3.78,3.79,13659501.0,52163865.0,4002887169.0,0.0034124121973221674,000031
2023-06-20,3.8,3.8,3.69,3.71,12078534.0,45042308.0,4002887169.0,0.0030174555239880657,000031
2023-06-21,3.7,3.74,3.62,3.63,13097901.0,48055813.0,4002887169.0,0.003272113463860665,000031
2023-06-26,3.61,3.65,3.57,3.58,13420700.0,48325789.0,4002887169.0,0.003352755007419496,000031
2023-06-27,3.59,3.7,3.56,3.69,16369771.0,59712289.0,4002887169.0,0.004089490987099067,000031
2023-06-28,3.68,3.7,3.62,3.68,11443700.0,41834843.0,4002887169.0,0.0028588614959284154,000031
2023-06-29,3.7,3.7,3.6,3.61,13603501.0,49329461.0,4002887169.0,0.0033984222951251516,000031
2023-06-30,3.63,3.72,3.61,3.66,14516351.0,53331131.0,4002887169.0,0.003626470191920616,000031
2023-07-03,3.67,3.73,3.67,3.71,12936201.0,47902702.0,4002887169.0,0.0032317176212667813,000031
2023-07-04,3.71,3.72,3.67,3.7,8954500.0,33060836.0,4002887169.0,0.002237010343271057,000031
2023-07-05,3.69,3.74,3.66,3.69,9346430.0,34604134.0,4002887169.0,0.0023349221712724226,000031
2023-07-06,3.69,3.77,3.67,3.74,14178566.0,52788273.0,4002887169.0,0.00354208485060599,000031
2023-07-07,3.73,3.78,3.71,3.73,9623619.0,36063190.0,4002887169.0,0.0024041694391311484,000031
2023-07-10,3.75,3.78,3.71,3.76,9108100.0,34175333.0,4002887169.0,0.002275382646440015,000031
2023-07-11,3.8,3.82,3.75,3.76,9227373.0,34794939.0,4002887169.0,0.0023051793893818845,000031
2023-07-12,3.76,3.76,3.67,3.68,11212782.0,41592152.0,4002887169.0,0.002801173634579656,000031
2023-07-13,3.7,3.76,3.68,3.74,8719983.0,32408855.0,4002887169.0,0.0021784233808864574,000031
2023-07-14,3.74,3.77,3.71,3.73,6723464.0,25084478.0,4002887169.0,0.0016796536390206705,000031
2023-07-17,3.71,3.76,3.67,3.75,7849564.0,29204841.0,4002887169.0,0.0019609755830217357,000031
2023-07-18,3.75,3.8,3.7,3.77,8983239.0,33679798.0,4002887169.0,0.0022441899111146292,000031
2023-07-19,3.77,3.8,3.75,3.8,7536659.0,28539264.0,4002887169.0,0.0018828057553974987,000031
2023-07-20,3.81,3.88,3.78,3.82,14762310.0,56560055.0,4002887169.0,0.0036879155911076844,000031
2023-07-21,3.82,3.95,3.81,3.93,25354041.0,99109848.0,4002887169.0,0.00633393846230593,000031
2023-07-24,3.95,3.99,3.87,3.95,23265968.0,91614969.0,4002887169.0,0.005812296729266115,000031
2023-07-25,4.0,4.14,3.99,4.11,31966209.0,130867724.0,4002887169.0,0.00798578816998876,000031
2023-07-26,4.12,4.3,4.11,4.28,49295885.0,208868378.0,4002887169.0,0.012315082319024017,000031
2023-07-27,4.2,4.33,4.11,4.27,42705184.0,182177408.0,4002887169.0,0.010668595490456604,000031
2023-07-28,4.27,4.37,4.23,4.33,28392154.0,122131746.0,4002887169.0,0.007092918886118122,000031
2023-07-31,4.37,4.51,4.36,4.43,37592171.0,167206087.0,4002887169.0,0.009391264208276764,000031
2023-08-01,4.43,4.5,4.35,4.41,33247983.0,147552298.0,4002887169.0,0.008306000543179438,000031
2023-08-02,4.41,4.55,4.38,4.47,33293444.0,149120351.0,4002887169.0,0.008317357595746911,000031
2023-08-03,4.44,4.57,4.39,4.56,36749645.0,165267074.0,4002887169.0,0.009180784630804566,000031
2023-08-04,4.59,4.6,4.47,4.48,27693847.0,124816529.0,4002887169.0,0.0069184680533772,000031
2023-08-07,4.47,4.47,4.38,4.42,26851542.0,118604283.0,4002887169.0,0.006708043686054745,000031
2023-08-08,4.43,4.44,4.34,4.37,18189837.0,79599643.0,4002887169.0,0.004544179296601103,000031
2023-08-09,4.37,4.42,4.31,4.33,15562781.0,67735080.0,4002887169.0,0.0038878890018496045,000031
2023-08-10,4.34,4.41,4.3,4.34,15039400.0,65315771.0,4002887169.0,0.003757138126817883,000031
2023-08-11,4.38,4.44,4.3,4.32,16131800.0,70104844.0,4002887169.0,0.00403004114753253,000031
2023-08-14,4.26,4.31,4.19,4.28,15883415.0,67659033.0,4002887169.0,0.003967989685796712,000031
2023-08-15,4.28,4.31,4.22,4.27,14114300.0,60142322.0,4002887169.0,0.003526029938916822,000031
2023-08-16,4.26,4.39,4.2,4.31,16812015.0,72291034.0,4002887169.0,0.004199972242585087,000031
2023-08-17,4.29,4.33,4.21,4.29,14393130.0,61373819.0,4002887169.0,0.003595687160873857,000031
2023-08-18,4.27,4.37,4.21,4.22,15663995.0,66943126.0,4002887169.0,0.003913174251152619,000031
2023-08-21,4.2,4.26,4.12,4.14,14374400.0,60145596.0,4002887169.0,0.003591008038228319,000031
2023-08-22,4.15,4.2,4.11,4.16,17226001.0,71636384.0,4002887169.0,0.0043033940934946195,000031
2023-08-23,4.15,4.18,4.07,4.09,12244520.0,50457600.0,4002887169.0,0.003058922093739385,000031
2023-08-24,4.09,4.12,4.01,4.04,13173419.0,53483968.0,4002887169.0,0.003290979346612705,000031
2023-08-25,4.08,4.15,4.04,4.08,13498601.0,55193612.0,4002887169.0,0.0033722162104739555,000031
2023-08-28,4.38,4.39,4.21,4.26,27134329.0,116559980.0,4002887169.0,0.006778689444493807,000031
2023-08-29,4.24,4.34,4.2,4.3,23541599.0,100627950.0,4002887169.0,0.005881154778060145,000031
2023-08-30,4.3,4.31,4.18,4.2,24047701.0,101676393.0,4002887169.0,0.0060075890188050415,000031
2023-08-31,4.2,4.21,3.9,3.91,28986917.0,115871189.0,4002887169.0,0.0072415023896967605,000031
2023-09-01,3.97,4.04,3.88,3.9,21738519.0,85827400.0,4002887169.0,0.0054307099056780835,000031
2023-09-04,3.91,4.01,3.91,3.93,21671118.0,85741429.0,4002887169.0,0.0054138718092855646,000031
2023-09-05,3.94,3.95,3.8,3.81,19102201.0,73337112.0,4002887169.0,0.004772105781031072,000031
2023-09-06,3.84,3.92,3.78,3.89,17326723.0,66900120.0,4002887169.0,0.004328556431514046,000031
2023-09-07,3.89,3.95,3.84,3.85,15421400.0,60178802.0,4002887169.0,0.0038525692453760993,000031
2023-09-08,3.86,3.89,3.8,3.85,11243320.0,43115024.0,4002887169.0,0.0028088026280313075,000031
2023-09-11,3.87,3.91,3.81,3.85,14328658.0,55159773.0,4002887169.0,0.003579580786330178,000031
2023-09-12,3.86,3.88,3.81,3.84,11289600.0,43343885.0,4002887169.0,0.0028203642829184128,000031
2023-09-13,3.85,3.89,3.81,3.82,10494944.0,40315629.0,4002887169.0,0.002621843573627843,000031
2023-09-14,3.82,3.87,3.8,3.84,14325220.0,54935704.0,4002887169.0,0.003578721906263154,000031
2023-09-15,3.85,3.91,3.81,3.82,18883581.0,72697497.0,4002887169.0,0.0047174902021326496,000031
2023-09-18,3.81,3.82,3.74,3.79,16189300.0,61084676.0,4002887169.0,0.00404440577925268,000031
2023-09-19,3.79,3.84,3.79,3.8,10843501.0,41284911.0,4002887169.0,0.0027089199725579376,000031
2023-09-20,3.8,3.86,3.78,3.82,8611571.0,32917747.0,4002887169.0,0.002151339929511763,000031
2023-09-21,3.81,3.86,3.79,3.81,11032486.0,42171767.0,4002887169.0,0.002756132145177635,000031
2023-09-22,3.79,3.92,3.79,3.89,17484431.0,67698567.0,4002887169.0,0.004367954993937028,000031
2023-09-25,3.9,3.91,3.72,3.73,18002135.0,67894443.0,4002887169.0,0.004497287642633526,000031
2023-09-26,3.74,3.76,3.72,3.72,12396523.0,46317750.0,4002887169.0,0.003096895434876046,000031
2023-09-27,3.72,3.74,3.7,3.71,7513400.0,27944333.0,4002887169.0,0.0018769951994117775,000031
2023-09-28,3.71,3.74,3.67,3.67,12165733.0,44921927.0,4002887169.0,0.003039239550446594,000031
2023-10-09,3.69,3.69,3.58,3.61,18301889.0,66047214.0,4002887169.0,0.0045721720916186035,000031
2023-10-10,3.61,3.65,3.58,3.58,13024176.0,46848015.0,4002887169.0,0.0032536955077986113,000031
2023-10-11,3.59,3.6,3.53,3.55,17006234.0,60454514.0,4002887169.0,0.004248491971420841,000031
2023-10-12,3.55,3.58,3.52,3.56,12046023.0,42779346.0,4002887169.0,0.0030093336363036516,000031
2023-10-13,3.55,3.56,3.49,3.51,11395300.0,40085828.0,4002887169.0,0.00284677022331528,000031
2023-10-16,3.52,3.52,3.47,3.5,11030183.0,38501969.0,4002887169.0,0.0027555568104497825,000031
2023-10-17,3.5,3.51,3.45,3.48,10680160.0,37152145.0,4002887169.0,0.002668114175865745,000031
2023-10-18,3.47,3.48,3.42,3.42,9962257.0,34313762.0,4002887169.0,0.0024887678766345963,000031
2023-10-19,3.41,3.49,3.4,3.43,12436319.0,42881505.0,4002887169.0,0.0031068372589444825,000031
2023-10-20,3.43,3.51,3.4,3.44,14117575.0,48826707.0,4002887169.0,0.003526848098375665,000031
2023-10-23,3.42,3.46,3.35,3.37,14014391.0,47552094.0,4002887169.0,0.003501070704298935,000031
2023-10-24,3.37,3.49,3.35,3.48,16337228.0,56186368.0,4002887169.0,0.0040813611051848265,000031
2023-10-25,3.48,3.53,3.47,3.48,13338401.0,46702258.0,4002887169.0,0.003332195097403206,000031
2023-10-26,3.48,3.49,3.42,3.44,10298871.0,35502436.0,4002887169.0,0.002572860679101495,000031
2023-10-27,3.44,3.5,3.43,3.48,9886407.0,34332520.0,4002887169.0,0.002469819053748102,000031
2023-10-30,3.47,3.51,3.46,3.47,10339206.0,35994242.0,4002887169.0,0.0025829371559785777,000031
2023-10-31,3.46,3.5,3.41,3.48,12034311.0,41591456.0,4002887169.0,0.003006407748187019,000031
2023-11-01,3.49,3.5,3.44,3.47,14202235.0,49293416.0,4002887169.0,0.003547997832661368,000031
2023-11-02,3.45,3.5,3.43,3.46,13868723.0,48060943.0,4002887169.0,0.0034646799708483115,000031
2023-11-03,3.46,3.47,3.38,3.39,17366182.0,59073414.0,4002887169.0,0.004338414066349618,000031
2023-11-06,3.41,3.5,3.39,3.5,19305000.0,66815970.0,4002887169.0,0.004822768962739155,000031
2023-11-07,3.52,3.54,3.47,3.48,14168500.0,49548074.0,4002887169.0,0.0035395701656860765,000031
2023-11-08,3.49,3.55,3.48,3.51,15248783.0,53578487.0,4002887169.0,0.0038094461213128436,000031
2023-11-09,3.5,3.53,3.44,3.46,13474345.0,46904498.0,4002887169.0,0.003366156584265191,000031
2023-11-10,3.45,3.46,3.36,3.37,16882700.0,57137319.0,4002887169.0,0.004217630746813588,000031
2023-11-13,3.39,3.4,3.33,3.39,12831920.0,43217824.0,4002887169.0,0.0032056661749987987,000031
2023-11-14,3.4,3.44,3.37,3.43,13581558.0,46411023.0,4002887169.0,0.00339294050184106,000031
2023-11-15,3.44,3.46,3.36,3.37,18912600.0,64200740.0,4002887169.0,0.004724739719487207,000031
2023-11-16,3.37,3.37,3.33,3.34,16316800.0,54548305.0,4002887169.0,0.0040762577887191,000031
2023-11-17,3.32,3.34,3.23,3.24,23063084.0,75097456.0,4002887169.0,0.005761612312885055,000031
2023-11-20,3.26,3.29,3.23,3.27,13254601.0,43169777.0,4002887169.0,0.0033112602080441005,000031
2023-11-21,3.28,3.44,3.27,3.35,31985085.0,108113525.0,4002887169.0,0.007990503766307883,000031
2023-11-22,3.35,3.53,3.35,3.4,34421405.0,118848379.0,4002887169.0,0.008599144454176345,000031
2023-11-23,3.4,3.5,3.33,3.48,34229593.0,117826719.0,4002887169.0,0.00855122604131538,000031
2023-11-24,3.49,3.53,3.43,3.45,25481466.0,88629241.0,4002887169.0,0.006365771735296194,000031
2023-11-27,3.44,3.45,3.33,3.38,26631723.0,89541346.0,4002887169.0,0.006653128573357497,000031
2023-11-28,3.37,3.37,3.31,3.32,17663300.0,58903298.0,4002887169.0,0.004412639990652707,000031
2023-11-29,3.32,3.34,3.25,3.26,16282713.0,53326146.0,4002887169.0,0.0040677421852157135,000031
2023-11-30,3.26,3.27,3.21,3.22,15816197.0,51155202.0,4002887169.0,0.003951197306406015,000031
2023-12-01,3.22,3.25,3.19,3.24,14190376.0,45859410.0,4002887169.0,0.003545035221051468,000031
2023-12-04,3.25,3.25,3.13,3.16,25436429.0,80532146.0,4002887169.0,0.006354520606273926,000031
2023-12-05,3.17,3.18,3.11,3.11,13566300.0,42529231.0,4002887169.0,0.0033891287531317375,000031
2023-12-06,3.11,3.19,3.1,3.16,13425976.0,42310748.0,4002887169.0,0.0033540730560622004,000031
2023-12-07,3.16,3.21,3.13,3.2,13734327.0,43626717.0,4002887169.0,0.0034311052048542016,000031
2023-12-08,3.18,3.2,3.1,3.11,15428296.0,48392203.0,4002887169.0,0.003854292001903789,000031
2023-12-11,3.1,3.15,3.05,3.14,18227700.0,56549298.0,4002887169.0,0.00455363821922406,000031
2023-12-12,3.14,3.2,3.13,3.19,18569921.0,58973617.0,4002887169.0,0.004639131760648435,000031
2023-12-13,3.17,3.19,3.14,3.15,10566817.0,33420595.0,4002887169.0,0.0026397988636386667,000031
2023-12-14,3.15,3.2,3.15,3.17,10316801.0,32735995.0,4002887169.0,0.0025773399460013607,000031
2023-12-15,3.19,3.24,3.16,3.18,20788930.0,66647616.0,4002887169.0,0.00519348388358233,000031
2023-12-18,3.19,3.21,3.07,3.09,18309480.0,57249418.0,4002887169.0,0.004574068472825345,000031
2023-12-19,3.07,3.11,3.02,3.04,17415835.0,53245139.0,4002887169.0,0.004350818363024411,000031
2023-12-20,3.06,3.06,2.98,2.98,14865496.0,44690747.0,4002887169.0,0.003713693484823779,000031
2023-12-21,2.99,3.07,2.96,3.05,14903107.0,45076461.0,4002887169.0,0.0037230894528868497,000031
2023-12-22,3.05,3.06,2.98,3.02,14596301.0,44073944.0,4002887169.0,0.003646443275503677,000031
2023-12-25,3.03,3.04,2.99,3.02,7826300.0,23590303.0,4002887169.0,0.001955163777937604,000031
2023-12-26,3.01,3.03,2.97,2.98,10038950.0,30090246.0,4002887169.0,0.0025079272975130915,000031
2023-12-27,2.98,3.01,2.94,2.96,10947981.0,32445057.0,4002887169.0,0.002735021132942656,000031
2023-12-28,2.96,3.02,2.92,3.01,17778603.0,53207913.0,4002887169.0,0.004441444949456681,000031
2023-12-29,3.01,3.02,2.96,2.97,20715696.0,61751259.0,4002887169.0,0.0051751885889841824,000031
2024-01-02,2.96,2.98,2.92,2.92,16862164.0,49522986.0,4002884290.0,0.004212503479584717,000031
2024-01-03,2.92,2.96,2.92,2.93,13881664.0,40797268.0,4002884290.0,0.0034679153815860113,000031
2024-01-04,2.95,2.95,2.89,2.9,16700165.0,48607845.0,4002884290.0,0.004172032911798207,000031
2024-01-05,2.9,2.98,2.88,2.93,18727800.0,55071139.0,4002884290.0,0.0046785764072136094,000031
2024-01-08,2.94,2.95,2.82,2.83,22183947.0,63551215.0,4002884290.0,0.005541990573002548,000031
2024-01-09,2.83,2.89,2.82,2.85,12687480.0,36185105.0,4002884290.0,0.003169584499780782,000031
2024-01-10,2.85,2.91,2.82,2.88,13203135.0,37948929.0,4002884290.0,0.0032984053606006183,000031
2024-01-11,2.87,2.91,2.85,2.89,8346039.0,24033291.0,4002884290.0,0.002085006309288046,000031
2024-01-12,2.89,2.97,2.88,2.92,11832459.0,34726663.0,4002884290.0,0.0029559832717522792,000031
2024-01-15,2.9,2.95,2.88,2.93,9978000.0,29119861.0,4002884290.0,0.0024927025807183647,000031
2024-01-16,2.93,2.95,2.85,2.89,12748100.0,36811989.0,4002884290.0,0.0031847285798011415,000031
2024-01-17,2.88,2.89,2.8,2.81,8606101.0,24484546.0,4002884290.0,0.002149974962179084,000031
2024-01-18,2.8,2.81,2.7,2.8,14604900.0,40254798.0,4002884290.0,0.003648594099131454,000031
2024-01-19,2.8,2.86,2.77,2.8,10899048.0,30775589.0,4002884290.0,0.002722798664759805,000031
2024-01-22,2.79,2.8,2.62,2.63,16390256.0,44365587.0,4002884290.0,0.004094611488257634,000031
2024-01-23,2.64,2.73,2.6,2.72,18409651.0,49040650.0,4002884290.0,0.00459909646801207,000031
2024-01-24,2.73,2.84,2.71,2.83,19059740.0,52972114.0,4002884290.0,0.004761501612128788,000031
2024-01-25,2.85,3.0,2.85,2.99,29050185.0,85678208.0,4002884290.0,0.007257313201026853,000031
2024-01-26,3.03,3.11,3.0,3.07,33071924.0,101571929.0,4002884290.0,0.008262023482072722,000031
2024-01-29,3.11,3.12,2.97,2.98,27561600.0,83740028.0,4002884290.0,0.006885435102097343,000031
2024-01-30,2.95,2.98,2.86,2.88,21998569.0,64447563.0,4002884290.0,0.005495679466667771,000031
2024-01-31,2.82,2.87,2.72,2.74,23656400.0,65920206.0,4002884290.0,0.005909838577922022,000031
2024-02-01,2.74,2.75,2.64,2.66,20850426.0,55971134.0,4002884290.0,0.005208850541118189,000031
2024-02-02,2.67,2.81,2.55,2.62,26855322.0,71958897.0,4002884290.0,0.0067089928297677575,000031
2024-02-05,2.58,2.6,2.37,2.4,28868169.0,70454150.0,4002884290.0,0.0072118419890673385,000031
2024-02-06,2.37,2.56,2.27,2.52,31432238.0,74838524.0,4002884290.0,0.007852397352210248,000031
2024-02-07,2.55,2.76,2.52,2.75,44661963.0,120131531.0,4002884290.0,0.01115744542293527,000031
2024-02-08,2.73,3.03,2.72,2.91,40296220.0,118524756.0,4002884290.0,0.010066796110161855,000031
2024-02-19,2.94,2.94,2.78,2.81,29743421.0,84279738.0,4002884290.0,0.007430497322719263,000031
2024-02-20,2.8,2.82,2.73,2.76,16584493.0,45877032.0,4002884290.0,0.004143135748747811,000031
2024-02-21,2.76,2.9,2.73,2.82,20525943.0,57938356.0,4002884290.0,0.005127788242912212,000031
2024-02-22,2.8,2.83,2.75,2.79,13078309.0,36393200.0,4002884290.0,0.0032672213465356004,000031
2024-02-23,2.79,2.82,2.74,2.8,15283892.0,42351208.0,4002884290.0,0.0038182197867128453,000031
2024-02-26,2.8,2.84,2.74,2.78,19355800.0,53854108.0,4002884290.0,0.004835463280403741,000031
2024-02-27,2.78,2.86,2.75,2.86,17940880.0,50510905.0,4002884290.0,0.004481988161591351,000031
2024-02-28,2.85,2.92,2.8,2.8,23345449.0,67133621.0,4002884290.0,0.005832156842085485,000031
2024-02-29,2.79,2.85,2.78,2.83,17431283.0,49119853.0,4002884290.0,0.004354680709494103,000031
2024-03-01,2.84,2.86,2.79,2.8,14578300.0,41027711.0,4002884290.0,0.0036419488908084325,000031
2024-03-04,2.78,2.8,2.7,2.76,17992200.0,49356627.0,4002884290.0,0.00449480891689727,000031
2024-03-05,2.73,2.75,2.69,2.72,15425727.0,41948844.0,4002884290.0,0.003853652986806671,000031
2024-03-06,2.7,2.74,2.67,2.69,11848700.0,32001774.0,4002884290.0,0.002960040596127249,000031
2024-03-07,2.69,2.74,2.66,2.66,12465000.0,33583453.0,4002884290.0,0.0031140045769346984,000031
2024-03-08,2.67,2.68,2.62,2.67,11143100.0,29516079.0,4002884290.0,0.0027837677016639417,000031
2024-03-11,2.66,2.74,2.65,2.74,13068842.0,35255253.0,4002884290.0,0.003264856301904245,000031
2024-03-12,2.73,2.87,2.72,2.85,21942634.0,61384246.0,4002884290.0,0.005481705792699794,000031
2024-03-13,2.83,2.83,2.75,2.77,16309900.0,45300756.0,4002884290.0,0.004074536963445426,000031
2024-03-14,2.76,2.8,2.72,2.75,13670934.0,37715374.0,4002884290.0,0.0034152708421156986,000031
2024-03-15,2.76,2.79,2.73,2.78,12397400.0,34222529.0,4002884290.0,0.0030971167542792,000031
2024-03-18,2.78,2.81,2.75,2.81,12164520.0,33901368.0,4002884290.0,0.0030389387048707322,000031
2024-03-19,2.79,2.81,2.77,2.78,10585301.0,29521390.0,4002884290.0,0.0026444184325897665,000031
2024-03-20,2.77,2.8,2.74,2.79,10946648.0,30399444.0,4002884290.0,0.0027346900901799487,000031
2024-03-21,2.79,2.82,2.77,2.78,11192815.0,31307286.0,4002884290.0,0.0027961874960917244,000031
2024-03-22,2.78,2.79,2.71,2.74,12539991.0,34328339.0,4002884290.0,0.0031327388181885216,000031
2024-03-25,2.72,2.8,2.69,2.71,13146118.0,36048944.0,4002884290.0,0.003284161381542208,000031
2024-03-26,2.7,2.76,2.7,2.75,11919950.0,32517106.0,4002884290.0,0.0029778402612781994,000031
2024-03-27,2.75,2.75,2.63,2.64,15743228.0,42422347.0,4002884290.0,0.003932971042737785,000031
2024-03-28,2.65,2.7,2.64,2.67,10157000.0,27169867.0,4002884290.0,0.002537420335974788,000031
2024-03-29,2.66,2.67,2.61,2.65,9923500.0,26175255.0,4002884290.0,0.002479087398252024,000031
2024-04-01,2.65,2.74,2.65,2.73,13029328.0,35268174.0,4002884290.0,0.0032549849198863553,000031
2024-04-02,2.72,2.75,2.7,2.72,9857501.0,26805680.0,4002884290.0,0.0024625995371952156,000031
2024-04-03,2.7,2.73,2.65,2.65,10586040.0,28314690.0,4002884290.0,0.002644603049467613,000031
2024-04-08,2.66,2.67,2.59,2.59,13310120.0,34935298.0,4002884290.0,0.0033251323385118385,000031
2024-04-09,2.62,2.64,2.59,2.62,8617503.0,22525505.0,4002884290.0,0.0021528234082429597,000031
2024-04-10,2.63,2.63,2.52,2.54,12419833.0,31807432.0,4002884290.0,0.0031027209632382355,000031
2024-04-11,2.52,2.58,2.52,2.55,8680578.0,22180514.0,4002884290.0,0.002168580796023959,000031
2024-04-12,2.56,2.57,2.48,2.5,10792000.0,27141531.0,4002884290.0,0.0026960559481972934,000031
2024-04-15,2.47,2.51,2.38,2.46,14628606.0,35913426.0,4002884290.0,0.0036545163287745198,000031
2024-04-16,2.44,2.47,2.38,2.38,15291092.0,37017697.0,4002884290.0,0.003820018489717573,000031
2024-04-17,2.37,2.49,2.37,2.45,13719677.0,33537602.0,4002884290.0,0.0034274478116378426,000031
2024-04-18,2.46,2.47,2.4,2.41,11682802.0,28428166.0,4002884290.0,0.0029185959806997067,000031
2024-04-19,2.41,2.44,2.35,2.36,11770797.0,28117347.0,4002884290.0,0.0029405788794359578,000031
2024-04-22,2.36,2.42,2.35,2.37,12757089.0,30355858.0,4002884290.0,0.0031869742105385714,000031
2024-04-23,2.38,2.4,2.33,2.34,12476401.0,29364528.0,4002884290.0,0.0031168527731787123,000031
2024-04-24,2.33,2.36,2.31,2.32,9319062.0,21657164.0,4002884290.0,0.0023280867806448635,000031
2024-04-25,2.34,2.41,2.31,2.37,11839427.0,28090191.0,4002884290.0,0.002957724016549077,000031
2024-04-26,2.36,2.49,2.32,2.48,22543202.0,54594220.0,4002884290.0,0.005631739607441913,000031
2024-04-29,2.49,2.73,2.47,2.71,48713900.0,129982688.0,4002884290.0,0.012169699764166804,000031
2024-04-30,2.68,2.73,2.62,2.64,36543101.0,96993620.0,4002884290.0,0.00912919244038403,000031
2024-05-06,2.68,2.8,2.63,2.64,27159221.0,73449938.0,4002884290.0,0.006784912835939108,000031
2024-05-07,2.62,2.69,2.57,2.65,22121552.0,58012418.0,4002884290.0,0.0055264030627275515,000031
2024-05-08,2.63,2.63,2.54,2.55,14435213.0,37154524.0,4002884290.0,0.003606202916247674,000031
2024-05-09,2.55,2.64,2.55,2.59,18063444.0,46937809.0,4002884290.0,0.004512607083129051,000031
2024-05-10,2.62,2.72,2.58,2.68,24719004.0,65502018.0,4002884290.0,0.0061752981623158535,000031
2024-05-13,2.65,2.68,2.61,2.65,19313960.0,51016512.0,4002884290.0,0.004825010817387379,000031
2024-05-14,2.63,2.68,2.6,2.64,13913289.0,36780957.0,4002884290.0,0.003475815934714416,000031
2024-05-15,2.65,2.76,2.63,2.69,21604767.0,58304234.0,4002884290.0,0.005397299905463918,000031
2024-05-16,2.69,2.81,2.68,2.77,32273000.0,89510818.0,4002884290.0,0.008062436398829805,000031
2024-05-17,2.79,3.05,2.75,3.05,67842296.0,195827081.0,4002884290.0,0.016948353008725117,000031
2024-05-20,3.06,3.07,2.87,2.89,64067796.0,188081741.0,4002884290.0,0.016005407940482837,000031
2024-05-21,2.89,2.97,2.89,2.95,36446665.0,106989749.0,4002884290.0,0.0091051008121946,000031
2024-05-22,2.93,3.14,2.92,3.0,59918739.0,182678443.0,4002884290.0,0.014968891094276422,000031
2024-05-23,2.96,3.01,2.89,2.91,35537405.0,104553120.0,4002884290.0,0.008877949604683676,000031
2024-05-24,2.9,2.9,2.8,2.8,23978593.0,68063573.0,4002884290.0,0.00599032878864455,000031
2024-05-27,2.8,2.84,2.74,2.81,20583996.0,57207709.0,4002884290.0,0.0051422910353474145,000031
2024-05-28,2.82,2.87,2.73,2.75,19154432.0,53077977.0,4002884290.0,0.0047851575544792975,000031
2024-05-29,2.74,2.81,2.72,2.76,16003600.0,44330034.0,4002884290.0,0.003998017139785971,000031
2024-05-30,2.74,2.74,2.67,2.69,13566000.0,36663747.0,4002884290.0,0.003389056244740964,000031
2024-05-31,2.7,2.75,2.69,2.69,14459400.0,39264586.0,4002884290.0,0.00361224530924425,000031
2024-06-03,2.76,2.76,2.63,2.67,18950235.0,50566407.0,4002884290.0,0.004734145088165913,000031
2024-06-04,2.69,2.75,2.62,2.74,19543011.0,52599011.0,4002884290.0,0.0048822323065451385,000031
2024-06-05,2.76,2.77,2.6,2.61,19804853.0,52640982.0,4002884290.0,0.004947645638790124,000031
2024-06-06,2.62,2.65,2.53,2.56,19323564.0,49563307.0,4002884290.0,0.004827410087339797,000031
2024-06-07,2.58,2.66,2.56,2.64,15258603.0,39794182.0,4002884290.0,0.0038119020922286013,000031
2024-06-11,2.64,2.65,2.55,2.6,11245353.0,29331932.0,4002884290.0,0.0028093125319892773,000031
2024-06-12,2.59,2.62,2.57,2.58,9281028.0,23967334.0,4002884290.0,0.0023185851320223897,000031
2024-06-13,2.59,2.61,2.51,2.53,11301400.0,28675397.0,4002884290.0,0.0028233141857817727,000031
2024-06-14,2.56,2.59,2.51,2.57,13331800.0,34103676.0,4002884290.0,0.0033305484331149627,000031
2024-06-17,2.54,2.58,2.53,2.55,12350053.0,31569678.0,4002884290.0,0.0030852885332840834,000031
2024-06-18,2.59,2.61,2.52,2.53,11619494.0,29645772.0,4002884290.0,0.002902780384890916,000031
2024-06-19,2.53,2.55,2.5,2.51,8038700.0,20261496.0,4002884290.0,0.0020082269227922147,000031
2024-06-20,2.51,2.52,2.44,2.46,12526450.0,30949277.0,4002884290.0,0.003129356007440325,000031
2024-06-21,2.47,2.5,2.43,2.44,9081100.0,22298005.0,4002884290.0,0.002268639146698892,000031
2024-06-24,2.44,2.44,2.35,2.35,14519574.0,34507974.0,4002884290.0,0.003627277969606261,000031
2024-06-25,2.36,2.45,2.32,2.39,14906300.0,35536670.0,4002884290.0,0.0037238898054682465,000031
2024-06-26,2.45,2.47,2.38,2.45,9713021.0,23501090.0,4002884290.0,0.002426505563567015,000031
2024-06-27,2.44,2.46,2.36,2.38,11742432.0,28138141.0,4002884290.0,0.0029334927390569166,000031
2024-06-28,2.36,2.4,2.33,2.34,12331400.0,29209874.0,4002884290.0,0.0030806286434025302,000031
2024-07-01,2.36,2.45,2.34,2.43,15603531.0,37684178.0,4002887169.0,0.0038980691538947547,000031
2024-07-02,2.45,2.53,2.43,2.46,17297810.0,42981748.0,4002887169.0,0.00432133339504579,000031
2024-07-03,2.46,2.55,2.43,2.51,16685989.0,42025979.0,4002887169.0,0.004168488467330067,000031
2024-07-04,2.5,2.52,2.4,2.41,11347412.0,27736698.0,4002887169.0,0.002834806858379375,000031
2024-07-05,2.39,2.44,2.36,2.39,10189925.0,24431922.0,4002887169.0,0.0025456438240165644,000031
2024-07-08,2.38,2.39,2.3,2.31,13657948.0,31809935.0,4002887169.0,0.0034120242273558824,000031
2024-07-09,2.3,2.34,2.23,2.28,14508400.0,33079814.0,4002887169.0,0.0036244838756283215,000031
2024-07-10,2.28,2.31,2.21,2.24,8921000.0,20092656.0,4002887169.0,0.0022286413839210564,000031
2024-07-11,2.27,2.32,2.25,2.3,9756154.0,22360359.0,4002887169.0,0.0024372792906968894,000031
2024-07-12,2.32,2.44,2.3,2.37,17759159.0,42529110.0,4002887169.0,0.004436587455558131,000031
2024-07-15,2.44,2.44,2.3,2.32,14314600.0,33316879.0,4002887169.0,0.003576068821239363,000031
2024-07-16,2.32,2.34,2.28,2.33,8024456.0,18534043.0,4002887169.0,0.002004667046861745,000031
2024-07-17,2.32,2.38,2.32,2.34,8547601.0,20150969.0,4002887169.0,0.0021353589644484933,000031
2024-07-18,2.35,2.37,2.3,2.37,10114515.0,23632492.0,4002887169.0,0.00252680492179019,000031
2024-07-19,2.35,2.35,2.28,2.3,11060701.0,25479500.0,4002887169.0,0.002763180807507792,000031
2024-07-22,2.29,2.34,2.26,2.31,10468151.0,24154804.0,4002887169.0,0.0026151501548856175,000031
2024-07-23,2.31,2.37,2.29,2.29,7622374.0,17764174.0,4002887169.0,0.0019042190494478063,000031
2024-07-24,2.28,2.31,2.24,2.25,7604510.0,17224028.0,4002887169.0,0.001899756270646958,000031
2024-07-25,2.23,2.3,2.23,2.26,6959053.0,15775619.0,4002887169.0,0.0017385084081044703,000031
2024-07-26,2.27,2.34,2.25,2.31,7340000.0,16923396.0,4002887169.0,0.0018336764665374458,000031
2024-07-29,2.35,2.35,2.26,2.31,7394196.0,17053253.0,4002887169.0,0.0018472156940279722,000031
2024-07-30,2.3,2.39,2.3,2.38,11501804.0,27163555.0,4002887169.0,0.0028733770187365478,000031
2024-07-31,2.38,2.47,2.37,2.45,12281324.0,29883792.0,4002887169.0,0.0030681164573190096,000031
2024-08-01,2.47,2.49,2.38,2.39,14040304.0,33775895.0,4002887169.0,0.0035075442817209222,000031
2024-08-02,2.38,2.44,2.38,2.4,9249100.0,22221562.0,4002887169.0,0.0023106072216146447,000031
2024-08-05,2.37,2.45,2.37,2.37,10596500.0,25566960.0,4002887169.0,0.0026472142612621315,000031
2024-08-06,2.4,2.42,2.37,2.42,8329700.0,19985226.0,4002887169.0,0.0020809230059014934,000031
2024-08-07,2.4,2.42,2.36,2.39,7451539.0,17815631.0,4002887169.0,0.0018615411040580345,000031
2024-08-08,2.4,2.48,2.39,2.44,13332539.0,32490574.0,4002887169.0,0.003330730654426797,000031
2024-08-09,2.45,2.54,2.43,2.47,18971240.0,47474687.0,4002887169.0,0.00473938914564494,000031
2024-08-12,2.49,2.49,2.38,2.38,13076412.0,31627313.0,4002887169.0,0.003266745088712242,000031
2024-08-13,2.41,2.43,2.35,2.42,10115900.0,24281033.0,4002887169.0,0.002527150922049884,000031
2024-08-14,2.45,2.45,2.38,2.38,7412700.0,17798841.0,4002887169.0,0.0018518383574253577,000031
2024-08-15,2.39,2.48,2.36,2.47,13815600.0,33672585.0,4002887169.0,0.003451408799876667,000031
2024-08-16,2.46,2.48,2.39,2.4,10778900.0,26076939.0,4002887169.0,0.002692781371275269,000031
2024-08-19,2.37,2.42,2.35,2.41,9315500.0,22234079.0,4002887169.0,0.002327195248505392,000031
2024-08-20,2.4,2.42,2.34,2.34,9344000.0,22150408.0,4002887169.0,0.002334315109444945,000031
2024-08-21,2.35,2.37,2.32,2.35,6714850.0,15756837.0,4002887169.0,0.001677501692279151,000031
2024-08-22,2.37,2.39,2.3,2.3,8977700.0,20987501.0,4002887169.0,0.002242806159895535,000031
2024-08-23,2.33,2.33,2.27,2.3,7996900.0,18404995.0,4002887169.0,0.0019977830157020845,000031
2024-08-26,2.31,2.38,2.29,2.34,7223931.0,16942326.0,4002887169.0,0.0018046801458569915,000031
2024-08-27,2.34,2.34,2.26,2.27,9828701.0,22449274.0,4002887169.0,0.0024554029591734414,000031
2024-08-28,2.27,2.3,2.24,2.26,6069501.0,13760594.0,4002887169.0,0.0015162808102623289,000031
2024-08-29,2.27,2.3,2.25,2.27,6227600.0,14178706.0,4002887169.0,0.001555777052181008,000031
2024-08-30,2.29,2.48,2.27,2.39,20632301.0,49421181.0,4002887169.0,0.005154354876596323,000031
2024-09-02,2.47,2.48,2.37,2.38,16694840.0,40249467.0,4002887169.0,0.004170699621336242,000031
2024-09-03,2.37,2.44,2.36,2.4,10668700.0,25588419.0,4002887169.0,0.0026652512423089984,000031
2024-09-04,2.39,2.45,2.34,2.35,11226301.0,26874640.0,4002887169.0,0.002804550946861825,000031
2024-09-05,2.36,2.42,2.35,2.39,8500000.0,20356357.0,4002887169.0,0.0021234672977613472,000031
2024-09-06,2.4,2.42,2.36,2.37,6141500.0,14624130.0,4002887169.0,0.0015342675775530958,000031
2024-09-09,2.35,2.4,2.32,2.38,7446200.0,17673930.0,4002887169.0,0.0018602073167753583,000031
2024-09-10,2.38,2.41,2.28,2.3,11504015.0,26647023.0,4002887169.0,0.0028739293700536478,000031
2024-09-11,2.29,2.32,2.27,2.28,8576454.0,19636771.0,4002887169.0,0.0021425670117358234,000031
2024-09-12,2.28,2.34,2.27,2.3,9651201.0,22284363.0,4002887169.0,0.002411059965602543,000031
2024-09-13,2.31,2.37,2.3,2.33,9721039.0,22790177.0,4002887169.0,0.0024285068725603143,000031
2024-09-18,2.38,2.41,2.3,2.38,15854415.0,37396800.0,4002887169.0,0.0039607449150161145,000031
2024-09-19,2.38,2.48,2.38,2.46,18473513.0,45101788.0,4002887169.0,0.004615047144737544,000031
2024-09-20,2.44,2.52,2.41,2.5,22610381.0,56105791.0,4002887169.0,0.00564851819334406,000031
2024-09-23,2.49,2.55,2.46,2.52,23394469.0,58924127.0,4002887169.0,0.005844398808234307,000031
2024-09-24,2.53,2.64,2.53,2.61,26035616.0,67197715.0,4002887169.0,0.006504209312126129,000031
2024-09-25,2.65,2.79,2.64,2.66,27381049.0,74447502.0,4002887169.0,0.006840324956458946,000031
2024-09-26,2.65,2.91,2.64,2.9,43961400.0,123162492.0,4002887169.0,0.010982422972212436,000031
2024-09-27,2.96,3.08,2.91,3.05,48520730.0,145024470.0,4002887169.0,0.012121433343353876,000031
2024-09-30,3.25,3.36,3.14,3.36,73140811.0,240543438.0,4002887169.0,0.018272014151793345,000031
2024-10-08,3.7,3.7,3.26,3.38,82245122.0,286713032.0,4002887169.0,0.020546450231457923,000031
2024-10-09,3.37,3.37,3.05,3.05,55224252.0,173876194.0,4002887169.0,0.013796105078274315,000031
2024-10-10,3.06,3.23,2.96,3.08,47815857.0,147357145.0,4002887169.0,0.011945342194580355,000031
2024-10-11,3.0,3.12,2.98,3.03,32842712.0,100186559.0,4002887169.0,0.008204755870799316,000031
2024-10-14,3.09,3.17,3.0,3.14,40132754.0,124382460.0,4002887169.0,0.01002595184565893,000031
2024-10-15,3.1,3.14,3.0,3.03,33311666.0,102443850.0,4002887169.0,0.008321909809993948,000031
2024-10-16,3.02,3.17,3.02,3.16,40502159.0,126600482.0,4002887169.0,0.010118236485321229,000031
2024-10-17,3.19,3.19,2.98,2.98,44489803.0,135528527.0,4002887169.0,0.011114428441687611,000031
2024-10-18,2.97,3.06,2.9,3.02,35387902.0,105260038.0,4002887169.0,0.008840594427456869,000031
2024-10-21,3.02,3.04,2.98,3.0,26870900.0,80718356.0,4002887169.0,0.006712879695460634,000031
2024-10-22,3.0,3.07,2.98,3.05,22775662.0,69139058.0,4002887169.0,0.005689808640219507,000031
2024-10-23,3.05,3.16,3.02,3.08,28047880.0,86906897.0,4002887169.0,0.007006912464886416,000031
2024-10-24,3.06,3.13,3.06,3.09,19540300.0,60358048.0,4002887169.0,0.00488155153393483,000031
2024-10-25,3.08,3.19,3.08,3.13,19905088.0,62573437.0,4002887169.0,0.0049726827561249205,000031
2024-10-28,3.15,3.32,3.13,3.3,40133634.0,130336519.0,4002887169.0,0.010026171686979168,000031
2024-10-29,3.31,3.35,3.2,3.21,22405627.0,73179993.0,4002887169.0,0.0055973666141574925,000031
2024-10-30,3.2,3.33,3.19,3.28,25411910.0,82905450.0,4002887169.0,0.006348395277488772,000031
2024-10-31,3.28,3.4,3.2,3.32,32969520.0,109613202.0,4002887169.0,0.00823643500504573,000031
2024-11-01,3.33,3.39,3.23,3.27,31979676.0,105337112.0,4002887169.0,0.00798915249164746,000031
2024-11-04,3.29,3.3,3.17,3.22,25079102.0,80445086.0,4002887169.0,0.006265253288731907,000031
2024-11-05,3.21,3.4,3.2,3.38,35754718.0,119956322.0,4002887169.0,0.008932232283962236,000031
2024-11-06,3.39,3.45,3.24,3.42,40470901.0,135431904.0,4002887169.0,0.010110427621698472,000031
2024-11-07,3.4,3.61,3.37,3.59,41884301.0,147758528.0,4002887169.0,0.01046352276036387,000031
2024-11-08,3.66,3.66,3.4,3.41,41502984.0,144134671.0,4002887169.0,0.010368262268648521,000031
2024-11-11,3.42,3.43,3.3,3.33,32180480.0,107207518.0,4002887169.0,0.008039317283089775,000031
2024-11-12,3.33,3.38,3.29,3.31,25304784.0,84173290.0,4002887169.0,0.006321633094225245,000031
2024-11-13,3.3,3.36,3.22,3.27,24156634.0,79019906.0,4002887169.0,0.006034802626234104,000031
2024-11-14,3.36,3.39,3.2,3.2,24577136.0,79920996.0,4002887169.0,0.006139852302192133,000031
2024-11-15,3.18,3.2,3.09,3.1,22128078.0,69671144.0,4002887169.0,0.005528029411213214,000031
2024-11-18,3.12,3.24,3.11,3.14,27842100.0,88430752.0,4002887169.0,0.0069555045707060245,000031
2024-11-19,3.14,3.19,3.08,3.17,22407873.0,70182444.0,4002887169.0,0.005597927709163466,000031
2024-11-20,3.15,3.19,3.12,3.17,17686350.0,55790422.0,4002887169.0,0.004418398334324871,000031
2024-11-21,3.16,3.19,3.12,3.15,17335913.0,54564761.0,4002887169.0,0.0043308522743924485,000031
2024-11-22,3.14,3.19,3.04,3.05,22162017.0,69261723.0,4002887169.0,0.005536508041403652,000031
2024-11-25,3.06,3.12,3.01,3.09,19494931.0,59708559.0,4002887169.0,0.004870217464778109,000031
2024-11-26,3.08,3.13,3.06,3.08,20565307.0,63503519.0,4002887169.0,0.0051376184568144145,000031
2024-11-27,3.08,3.12,3.01,3.12,20310905.0,62341328.0,4002887169.0,0.0050740638300514635,000031
2024-11-28,3.14,3.43,3.12,3.43,53370863.0,176394861.0,4002887169.0,0.01333309202750601,000031
2024-11-29,3.56,3.58,3.29,3.29,95818442.0,326201570.0,4002887169.0,0.02393733271875793,000031
2024-12-02,3.3,3.45,3.29,3.44,86442801.0,293081051.0,4002887169.0,0.021595113064751988,000031
2024-12-03,3.38,3.4,3.31,3.37,53684056.0,179628932.0,4002887169.0,0.013411333803198687,000031
2024-12-04,3.35,3.4,3.25,3.28,40797603.0,135548080.0,4002887169.0,0.010192044211476499,000031
2024-12-05,3.25,3.33,3.24,3.32,30953602.0,101667601.0,4002887169.0,0.0077328190111670865,000031
2024-12-06,3.3,3.47,3.28,3.42,52523050.0,179024135.0,4002887169.0,0.013121291653374605,000031
2024-12-09,3.44,3.46,3.26,3.32,44970529.0,149883304.0,4002887169.0,0.011234523258179802,000031
2024-12-10,3.49,3.5,3.36,3.41,59889299.0,206327488.0,4002887169.0,0.014961525636747219,000031
2024-12-11,3.39,3.65,3.39,3.54,55320601.0,196260679.0,4002887169.0,0.013820174954823964,000031
2024-12-12,3.54,3.66,3.48,3.64,63227492.0,227145346.0,4002887169.0,0.015795471950760847,000031
2024-12-13,3.64,4.0,3.46,3.9,178189965.0,681208602.0,4002887169.0,0.04451536040785166,000031
2024-12-16,4.02,4.22,3.98,4.01,235454732.0,961656246.0,4002887169.0,0.05882122629472497,000031
2024-12-17,3.87,3.89,3.61,3.61,114037224.0,417489223.0,4002887169.0,0.028488743046057113,000031
2024-12-18,3.55,3.6,3.45,3.49,74835657.0,263459693.0,4002887169.0,0.018695420040704125,000031
2024-12-19,3.43,3.45,3.29,3.36,57446341.0,192491479.0,4002887169.0,0.014351226645829046,000031
2024-12-20,3.41,3.46,3.34,3.38,44112542.0,149502732.0,4002887169.0,0.011020181218602817,000031
2024-12-23,3.37,3.37,3.23,3.25,42066153.0,138141072.0,4002887169.0,0.010508952969191224,000031
2024-12-24,3.24,3.27,3.2,3.25,28705804.0,92813453.0,4002887169.0,0.007171274829405515,000031
2024-12-25,3.26,3.27,3.13,3.18,22717442.0,72240124.0,4002887169.0,0.005675264138328252,000031
2024-12-26,3.18,3.21,3.09,3.15,28043060.0,88013846.0,4002887169.0,0.007005708334018745,000031
2024-12-27,3.15,3.22,3.12,3.16,25730367.0,81885167.0,4002887169.0,0.00642795210398797,000031
2024-12-30,3.14,3.16,3.09,3.14,18916052.0,58938797.0,4002887169.0,0.00472560209702978,000031
2024-12-31,3.14,3.18,3.04,3.04,24820872.0,77151263.0,4002887169.0,0.006200742352225916,000031
