日期,开盘,最高,最低,收盘,成交量,成交额,outstanding_share,换手率,股票代码
2020-01-02,4.4,4.53,4.39,4.46,27521192.0,122819660.0,1596574300.0,0.01723765189004984,000016
2020-01-03,4.47,4.52,4.43,4.46,27377159.0,122290317.0,1596574300.0,0.017147438111712057,000016
2020-01-06,4.44,4.46,4.35,4.41,34641817.0,152399777.0,1596574300.0,0.021697591524553538,000016
2020-01-07,4.42,4.51,4.41,4.5,35861129.0,160050554.0,1596574300.0,0.022461296664990787,000016
2020-01-08,4.46,4.63,4.44,4.48,48301731.0,218255968.0,1596574300.0,0.030253356201462092,000016
2020-01-09,4.49,4.58,4.47,4.51,33341857.0,150750076.0,1596574300.0,0.020883373232301185,000016
2020-01-10,4.51,4.53,4.45,4.48,18760500.0,84016353.0,1596574300.0,0.011750470992800022,000016
2020-01-13,4.44,4.48,4.37,4.45,23927633.0,105605198.0,1596574300.0,0.014986858425567792,000016
2020-01-14,4.45,4.55,4.42,4.53,42616808.0,191467727.0,1596574300.0,0.026692655644024836,000016
2020-01-15,4.51,4.86,4.51,4.7,83059741.0,390350121.0,1596574300.0,0.052023724169930584,000016
2020-01-16,4.74,4.76,4.65,4.69,36896003.0,173165003.0,1596574300.0,0.023109480717558837,000016
2020-01-17,4.71,4.73,4.55,4.58,28145336.0,130340017.0,1596574300.0,0.01762857888918793,000016
2020-01-20,4.58,4.68,4.48,4.65,29657687.0,136071482.0,1596574300.0,0.018575826380269306,000016
2020-01-21,4.6,4.66,4.54,4.6,22477404.0,103409666.0,1596574300.0,0.014078520492281506,000016
2020-01-22,4.54,4.78,4.52,4.74,37693582.0,176548855.0,1596574300.0,0.02360903717415469,000016
2020-01-23,4.8,5.21,4.74,5.21,137399153.0,706140530.0,1596574300.0,0.08605872773976131,000016
2020-02-03,4.69,5.09,4.69,4.69,140051965.0,681661317.0,1596574300.0,0.08772029275430526,000016
2020-02-04,4.9,5.16,4.8,5.16,71489837.0,360163808.0,1596574300.0,0.04477701852021544,000016
2020-02-05,5.68,5.68,5.68,5.68,4484313.0,25470898.0,1596574300.0,0.0028087092470422455,000016
2020-02-06,6.25,6.25,6.25,6.25,9028670.0,56429188.0,1596574300.0,0.005655026515208218,000016
2020-02-07,6.88,6.88,6.88,6.88,10707556.0,73667985.0,1596574300.0,0.0067065817106037595,000016
2020-02-10,7.57,7.57,7.12,7.57,414056010.0,3106120173.0,1596574300.0,0.25934026997678716,000016
2020-02-11,7.33,8.33,7.2,8.01,438917784.0,3384072114.0,1596574300.0,0.27491221924341386,000016
2020-02-12,7.75,8.81,7.6,8.81,204138338.0,1683132350.0,1596574300.0,0.12786021796793295,000016
2020-02-13,9.4,9.69,8.23,8.25,472822541.0,4308677035.0,1596574300.0,0.29614815984448706,000016
2020-02-14,8.6,8.7,7.91,8.45,313329764.0,2628578295.0,1596574300.0,0.19625128877497278,000016
2020-02-17,8.25,8.46,8.01,8.31,226208359.0,1867632870.0,1596574300.0,0.14168357777022966,000016
2020-02-18,8.25,9.14,8.21,9.14,274042386.0,2370180369.0,1596574300.0,0.17164399176411646,000016
2020-02-19,9.13,10.05,9.0,9.59,383855191.0,3732788913.0,1596574300.0,0.24042425773733173,000016
2020-02-20,9.97,10.55,9.8,10.55,222001675.0,2259186487.0,1596574300.0,0.13904875895847754,000016
2020-02-21,11.3,11.61,10.89,11.61,352303145.0,4028088266.0,1596574300.0,0.22066191657976708,000016
2020-02-24,11.21,11.56,10.45,10.97,299515569.0,3264687490.0,1596574300.0,0.18759889157679666,000016
2020-02-25,10.31,10.49,9.87,10.09,320557667.0,3241089730.0,1596574300.0,0.20077842102306168,000016
2020-02-26,9.99,10.54,9.85,10.01,231972826.0,2366439507.0,1596574300.0,0.14529409999897908,000016
2020-02-27,9.7,9.7,9.01,9.02,233286110.0,2133574515.0,1596574300.0,0.1461166636591858,000016
2020-02-28,8.6,9.92,8.34,9.66,341631870.0,3140829905.0,1596574300.0,0.21397805914826512,000016
2020-03-02,9.84,10.55,9.6,10.09,318775105.0,3190665489.0,1596574300.0,0.1996619292944901,000016
2020-03-03,10.1,11.1,9.8,10.84,350333420.0,3628493953.0,1596574300.0,0.21942819698400506,000016
2020-03-04,10.5,10.78,9.89,10.01,242340101.0,2491544404.0,1596574300.0,0.15178754975574893,000016
2020-03-05,10.0,11.01,9.63,11.01,324775086.0,3393616517.0,1596574300.0,0.2034199636058278,000016
2020-03-06,10.9,12.11,10.75,11.48,357705565.0,4131807720.0,1596574300.0,0.22404567391570815,000016
2020-03-09,11.25,12.24,10.6,11.25,297608892.0,3460806907.0,1596574300.0,0.18640466153062843,000016
2020-03-10,11.41,12.38,11.19,12.38,376867310.0,4521269184.0,1596574300.0,0.23604746111721828,000016
2020-03-11,12.6,13.61,12.31,12.58,377152055.0,4875212470.0,1596574300.0,0.2362258085953156,000016
2020-03-12,11.73,12.55,11.32,11.43,307512727.0,3614133382.0,1596574300.0,0.1926078397979975,000016
2020-03-13,10.79,11.26,10.29,10.34,321069095.0,3436706741.0,1596574300.0,0.2010987493660646,000016
2020-03-16,10.5,10.79,9.7,10.04,265226946.0,2715992601.0,1596574300.0,0.16612251994786587,000016
2020-03-17,10.3,10.68,10.02,10.38,231427931.0,2390402735.0,1596574300.0,0.14495280990054768,000016
2020-03-18,10.3,10.69,9.95,10.0,219318040.0,2261704880.0,1596574300.0,0.13736788823420243,000016
2020-03-19,9.89,10.06,9.11,9.58,237187636.0,2274894649.0,1596574300.0,0.14856034949328698,000016
2020-03-20,9.7,9.79,8.93,9.17,191162962.0,1776740549.0,1596574300.0,0.11973320753064859,000016
2020-03-23,8.81,9.49,8.63,9.06,181633446.0,1634192632.0,1596574300.0,0.11376448061327306,000016
2020-03-24,9.24,9.24,8.21,8.78,178170075.0,1566543394.0,1596574300.0,0.11159522923549502,000016
2020-03-25,8.99,9.22,8.81,8.92,143572485.0,1292201078.0,1596574300.0,0.08992533889590983,000016
2020-03-26,8.71,9.09,8.59,8.64,130131250.0,1142894800.0,1596574300.0,0.08150654185026027,000016
2020-03-27,8.79,8.95,8.51,8.51,129879180.0,1130166854.0,1596574300.0,0.08134866006549148,000016
2020-03-30,8.33,8.55,7.96,8.29,144960746.0,1194128512.0,1596574300.0,0.09079486372792046,000016
2020-03-31,8.43,8.61,8.2,8.35,152266709.0,1283262305.0,1596574300.0,0.09537088815722512,000016
2020-04-01,8.28,9.1,8.18,8.68,195313999.0,1696934387.0,1596574300.0,0.12233317234280923,000016
2020-04-02,8.58,9.29,8.56,9.1,179262429.0,1584630267.0,1596574300.0,0.11227941537077228,000016
2020-04-03,8.9,8.98,8.46,8.59,150397428.0,1312226867.0,1596574300.0,0.09420008076041309,000016
2020-04-07,8.8,8.94,8.65,8.75,138499814.0,1215525554.0,1596574300.0,0.08674811689001884,000016
2020-04-08,8.66,8.94,8.53,8.83,142319348.0,1246077216.0,1596574300.0,0.08914044776995346,000016
2020-04-09,8.87,8.89,8.65,8.67,113351763.0,993012812.0,1596574300.0,0.07099686059082876,000016
2020-04-10,8.61,8.61,7.85,7.92,149102469.0,1221205504.0,1596574300.0,0.09338899479967828,000016
2020-04-13,7.72,7.96,7.47,7.85,126591548.0,973241589.0,1596574300.0,0.07928948123491654,000016
2020-04-14,7.82,8.05,7.76,7.99,98424728.0,776033585.0,1596574300.0,0.061647446034926154,000016
2020-04-15,7.74,8.07,7.63,7.79,127830580.0,1002354963.0,1596574300.0,0.08006553782056995,000016
2020-04-16,7.75,7.83,7.58,7.7,88902825.0,684314951.0,1596574300.0,0.05568348745185238,000016
2020-04-17,7.84,8.0,7.37,7.4,198795194.0,1527072219.0,1596574300.0,0.1245135876232005,000016
2020-04-20,7.32,7.75,7.26,7.62,143447634.0,1080237107.0,1596574300.0,0.08984713959131123,000016
2020-04-21,7.63,7.82,7.5,7.58,117575236.0,898523461.0,1596574300.0,0.0736421950422226,000016
2020-04-22,7.47,7.7,7.44,7.66,90481801.0,685217823.0,1596574300.0,0.05667246491441081,000016
2020-04-23,7.63,7.64,7.26,7.3,108299433.0,802958618.0,1596574300.0,0.06783237898793686,000016
2020-04-24,7.3,7.36,6.99,7.08,87092391.0,623101898.0,1596574300.0,0.054549538345944816,000016
2020-04-27,7.13,7.17,6.96,7.06,49092165.0,346657687.0,1596574300.0,0.030748437451360702,000016
2020-04-28,7.04,7.21,6.72,7.06,95780725.0,670744118.0,1596574300.0,0.05999139845856218,000016
2020-04-29,7.1,7.12,6.83,6.83,64570313.0,448271642.0,1596574300.0,0.040443036694252185,000016
2020-04-30,6.89,7.51,6.83,7.51,116911522.0,857305916.0,1596574300.0,0.07322648372831755,000016
2020-05-06,7.58,7.77,7.36,7.74,203415687.0,1541713304.0,1596574300.0,0.1274075919924303,000016
2020-05-07,7.68,7.69,7.38,7.4,124940876.0,936856783.0,1596574300.0,0.07825559762549103,000016
2020-05-08,7.39,7.68,7.36,7.58,129317682.0,973338861.0,1596574300.0,0.08099697082685096,000016
2020-05-11,7.53,7.71,7.48,7.53,99004603.0,751736403.0,1596574300.0,0.06201064554277242,000016
2020-05-12,7.47,7.9,7.38,7.8,139047977.0,1066830592.0,1596574300.0,0.08709145387095357,000016
2020-05-13,7.7,7.7,7.55,7.6,84475588.0,643508356.0,1596574300.0,0.052910527245741086,000016
2020-05-14,7.5,7.72,7.47,7.55,70424953.0,535413862.0,1596574300.0,0.044110037973177946,000016
2020-05-15,7.6,8.31,7.56,8.12,239120049.0,1925761068.0,1596574300.0,0.14977069905233975,000016
2020-05-18,8.12,8.15,7.51,7.55,186238715.0,1464772010.0,1596574300.0,0.1166489495665814,000016
2020-05-19,7.65,7.78,7.49,7.75,99946449.0,766125153.0,1596574300.0,0.06260056234150832,000016
2020-05-20,7.69,8.12,7.59,7.9,138984083.0,1091480932.0,1596574300.0,0.08705143443684393,000016
2020-05-21,7.86,7.91,7.38,7.44,111595882.0,851246283.0,1596574300.0,0.06989708026742006,000016
2020-05-22,7.39,7.45,7.03,7.04,81876062.0,589555613.0,1596574300.0,0.05128233743960428,000016
2020-05-25,7.01,7.01,6.58,6.64,79238648.0,536049482.0,1596574300.0,0.04963041682432193,000016
2020-05-26,6.71,6.85,6.63,6.85,60018680.0,406054485.0,1596574300.0,0.037592162168713354,000016
2020-05-27,6.84,6.88,6.56,6.62,60804455.0,406295565.0,1596574300.0,0.038084325295728486,000016
2020-05-28,6.6,6.65,6.34,6.49,59386666.0,385025594.0,1596574300.0,0.03719630586562742,000016
2020-05-29,6.44,6.75,6.44,6.57,52841964.0,349717203.0,1596574300.0,0.03309709043919848,000016
2020-06-01,6.61,6.95,6.61,6.9,76813345.0,524741982.0,1596574300.0,0.0481113500323787,000016
2020-06-02,6.9,7.25,6.83,7.06,98819459.0,696973808.0,1596574300.0,0.0618946822581323,000016
2020-06-03,7.05,7.25,6.9,7.02,83913321.0,591752234.0,1596574300.0,0.05255835635084443,000016
2020-06-04,7.06,7.18,6.93,6.94,50894141.0,357556469.0,1596574300.0,0.03187708896479168,000016
2020-06-05,6.99,7.18,6.92,7.11,69994907.0,494471216.0,1596574300.0,0.04384068251631008,000016
2020-06-08,7.19,7.44,7.1,7.33,94197951.0,687914599.0,1596574300.0,0.059000042152751675,000016
2020-06-09,7.27,7.37,7.05,7.21,72185272.0,519812503.0,1596574300.0,0.04521259799810131,000016
2020-06-10,7.18,7.28,7.01,7.13,50517724.0,358873180.0,1596574300.0,0.03164132355130607,000016
2020-06-11,7.1,7.22,6.97,7.0,52473215.0,372309732.0,1596574300.0,0.032866127808771566,000016
2020-06-12,6.75,6.99,6.7,6.96,54937582.0,376995340.0,1596574300.0,0.03440966198691787,000016
2020-06-15,6.88,7.01,6.7,6.72,49784417.0,340598887.0,1596574300.0,0.031182023285731206,000016
2020-06-16,6.78,6.93,6.76,6.86,43232917.0,295872252.0,1596574300.0,0.02707854999294427,000016
2020-06-17,6.93,6.93,6.69,6.79,43821400.0,297674557.0,1596574300.0,0.027447141044422425,000016
2020-06-18,6.76,7.03,6.7,6.89,64036514.0,442280385.0,1596574300.0,0.04010869647594854,000016
2020-06-19,6.95,6.99,6.8,6.88,42589908.0,293758425.0,1596574300.0,0.026675807070175188,000016
2020-06-22,6.97,7.24,6.93,7.05,80302065.0,567234683.0,1596574300.0,0.05029647852906063,000016
2020-06-23,7.01,7.01,6.82,6.83,54311453.0,374400902.0,1596574300.0,0.034017491700824694,000016
2020-06-24,6.85,7.05,6.78,6.93,55620443.0,384506096.0,1596574300.0,0.03483736585262584,000016
2020-06-29,6.87,6.88,6.64,6.72,48688980.0,328126379.0,1596574300.0,0.030495906141042105,000016
2020-06-30,6.77,6.81,6.69,6.76,36282000.0,245049538.0,1596574300.0,0.022724905442859752,000016
2020-07-01,6.76,6.98,6.74,6.92,71718100.0,493666073.0,1596574300.0,0.04491998900395679,000016
2020-07-02,6.95,7.61,6.91,7.34,158856609.0,1166010134.0,1596574300.0,0.0994984129457677,000016
2020-07-03,7.23,7.53,7.22,7.37,122802296.0,904087486.0,1596574300.0,0.07691611721421296,000016
2020-07-06,7.4,7.92,7.38,7.76,120277129.0,922746854.0,1596574300.0,0.07533450150112024,000016
2020-07-07,7.85,8.08,7.7,7.76,146630374.0,1159971786.0,1596574300.0,0.09184062025801117,000016
2020-07-08,7.71,7.93,7.63,7.89,109509212.0,852392903.0,1596574300.0,0.06859011321928457,000016
2020-07-09,7.85,8.38,7.82,8.27,152294818.0,1238174281.0,1596574300.0,0.09538849397738645,000016
2020-07-10,8.23,8.66,8.03,8.42,156122485.0,1316379462.0,1596574300.0,0.0977859188889612,000016
2020-07-13,8.42,8.88,8.2,8.88,149099432.0,1277462753.0,1596574300.0,0.09338709260195407,000016
2020-07-14,9.08,9.19,8.4,8.65,142361676.0,1244125660.0,1596574300.0,0.08916695953329576,000016
2020-07-15,8.48,8.59,7.79,7.8,155162774.0,1256396648.0,1596574300.0,0.09718481250762961,000016
2020-07-16,7.72,7.98,7.31,7.4,88193571.0,676559529.0,1596574300.0,0.05523925256719966,000016
2020-07-17,7.4,7.52,7.16,7.29,63069818.0,463039809.0,1596574300.0,0.03950321510248536,000016
2020-07-20,7.36,7.75,7.31,7.73,68262812.0,515151864.0,1596574300.0,0.042755800340767106,000016
2020-07-21,7.69,8.06,7.64,7.89,78378296.0,614381019.0,1596574300.0,0.04909154306191701,000016
2020-07-22,7.78,7.95,7.7,7.77,60020930.0,467813548.0,1596574300.0,0.037593571436042784,000016
2020-07-23,7.67,7.72,7.32,7.6,64433007.0,484054970.0,1596574300.0,0.040357036312058885,000016
2020-07-24,7.53,7.62,6.95,7.04,66369409.0,481749588.0,1596574300.0,0.04156988434550149,000016
2020-07-27,7.1,7.13,6.84,6.91,39423900.0,274369365.0,1596574300.0,0.02469280634167793,000016
2020-07-28,6.95,7.07,6.95,7.04,30372729.0,213358844.0,1596574300.0,0.01902368652683436,000016
2020-07-29,7.02,7.33,6.98,7.28,40987130.0,294640710.0,1596574300.0,0.025671921438294477,000016
2020-07-30,7.28,7.32,7.11,7.12,39337197.0,282284717.0,1596574300.0,0.024638500694894063,000016
2020-07-31,7.18,7.36,7.13,7.22,43402493.0,314252917.0,1596574300.0,0.02718476240034679,000016
2020-08-03,7.27,7.54,7.26,7.53,58908694.0,439862734.0,1596574300.0,0.03689693238830163,000016
2020-08-04,7.53,7.86,7.44,7.67,74395725.0,570471473.0,1596574300.0,0.04659709541860971,000016
2020-08-05,7.95,8.0,7.63,7.68,65655200.0,510755949.0,1596574300.0,0.04112254594101884,000016
2020-08-06,7.66,7.7,7.42,7.49,64412838.0,484144595.0,1596574300.0,0.04034440363971786,000016
2020-08-07,7.51,7.62,7.15,7.22,54669021.0,400485749.0,1596574300.0,0.034241451212135884,000016
2020-08-10,7.19,7.43,7.12,7.36,40742175.0,297361226.0,1596574300.0,0.025518496069991858,000016
2020-08-11,7.29,7.36,7.08,7.11,39957729.0,289066710.0,1596574300.0,0.02502716535021264,000016
2020-08-12,7.13,7.19,6.9,7.08,42986471.0,301240672.0,1596574300.0,0.02692419075015801,000016
2020-08-13,7.07,7.13,7.02,7.03,26938720.0,190570432.0,1596574300.0,0.01687282577453489,000016
2020-08-14,7.0,7.09,6.98,7.08,23474001.0,165564528.0,1596574300.0,0.014702730089041268,000016
2020-08-17,7.11,7.34,7.06,7.24,40236043.0,290232135.0,1596574300.0,0.02520148482911193,000016
2020-08-18,7.79,7.96,7.79,7.96,53156203.0,420874729.0,1596574300.0,0.03329391121979102,000016
2020-08-19,8.0,8.24,7.5,7.54,153110474.0,1205970013.0,1596574300.0,0.09589937280087747,000016
2020-08-20,7.5,7.79,7.43,7.56,68068571.0,517926404.0,1596574300.0,0.04263413923172883,000016
2020-08-21,7.56,7.66,7.38,7.43,51192065.0,383346191.0,1596574300.0,0.03206369099139326,000016
2020-08-24,7.45,7.49,7.24,7.4,38462415.0,283377954.0,1596574300.0,0.02409058883134972,000016
2020-08-25,7.36,7.42,7.18,7.24,43401522.0,316448479.0,1596574300.0,0.027184154223201515,000016
2020-08-26,7.21,7.24,7.01,7.04,38247772.0,271409626.0,1596574300.0,0.023956149112509203,000016
2020-08-27,7.05,7.17,7.0,7.12,29762876.0,211134209.0,1596574300.0,0.01864171056743178,000016
2020-08-28,7.08,7.2,7.06,7.18,29364530.0,209302705.0,1596574300.0,0.018392210121383014,000016
2020-08-31,7.2,7.29,7.14,7.15,32718902.0,236079103.0,1596574300.0,0.020493190952654068,000016
2020-09-01,7.15,7.17,7.0,7.11,28261060.0,199815748.0,1596574300.0,0.017701061579157323,000016
2020-09-02,7.11,7.2,7.07,7.15,31857665.0,226791152.0,1596574300.0,0.019953762878432906,000016
2020-09-03,7.14,7.14,7.05,7.08,23548167.0,166662071.0,1596574300.0,0.014749183298265543,000016
2020-09-04,7.0,7.43,6.91,7.35,74210127.0,539482967.0,1596574300.0,0.04648084777513956,000016
2020-09-07,7.37,7.55,7.14,7.17,66570561.0,491074547.0,1596574300.0,0.04169587409743474,000016
2020-09-08,7.17,7.2,7.01,7.11,37900806.0,268635845.0,1596574300.0,0.023738830068854296,000016
2020-09-09,7.05,7.09,6.95,6.96,35969000.0,251859900.0,1596574300.0,0.022528860698809945,000016
2020-09-10,7.02,7.06,6.58,6.64,42465674.0,289395108.0,1596574300.0,0.026597994217995368,000016
2020-09-11,6.57,6.78,6.55,6.72,20023022.0,133699269.0,1596574300.0,0.012541240329372708,000016
2020-09-14,6.73,6.83,6.7,6.77,16935715.0,114580008.0,1596574300.0,0.010607533266694823,000016
2020-09-15,6.77,6.96,6.6,6.82,22689222.0,154219228.0,1596574300.0,0.014211190797697294,000016
2020-09-16,6.79,6.85,6.7,6.71,16191924.0,109413269.0,1596574300.0,0.010141666441705844,000016
2020-09-17,6.63,6.8,6.63,6.71,16777800.0,112491490.0,1596574300.0,0.010508624622104966,000016
2020-09-18,6.71,6.88,6.67,6.88,24505895.0,166354647.0,1596574300.0,0.015349047645324116,000016
2020-09-21,6.87,6.92,6.78,6.79,20234700.0,138553533.0,1596574300.0,0.012673822947043554,000016
2020-09-22,6.74,6.75,6.61,6.66,18503772.0,123555522.0,1596574300.0,0.011589671711488779,000016
2020-09-23,6.68,6.73,6.65,6.68,12322972.0,82333417.0,1596574300.0,0.007718383040488626,000016
2020-09-24,6.64,6.64,6.38,6.38,26247721.0,170059964.0,1596574300.0,0.016440024745481622,000016
2020-09-25,6.42,6.45,6.1,6.16,26719341.0,166646644.0,1596574300.0,0.016735419704551176,000016
2020-09-28,6.24,6.24,5.98,6.01,18096554.0,109886574.0,1596574300.0,0.011334614367774803,000016
2020-09-29,6.05,6.14,6.0,6.04,11608434.0,70425432.0,1596574300.0,0.007270838569805364,000016
2020-09-30,6.05,6.1,6.02,6.06,9834907.0,59567811.0,1596574300.0,0.006160005832487721,000016
2020-10-09,6.16,6.27,6.16,6.23,16008452.0,99538575.0,1596574300.0,0.010026750399276751,000016
2020-10-12,6.35,6.7,6.34,6.62,36496971.0,239422091.0,1596574300.0,0.022859550601559853,000016
2020-10-13,6.61,6.61,6.49,6.56,19464807.0,127274564.0,1596574300.0,0.0121916073683511,000016
2020-10-14,6.58,6.59,6.34,6.35,22376440.0,143781325.0,1596574300.0,0.014015282595993184,000016
2020-10-15,6.4,6.46,6.29,6.31,17451007.0,111048129.0,1596574300.0,0.010930281791458123,000016
2020-10-16,6.37,6.37,6.21,6.23,12754863.0,79761348.0,1596574300.0,0.00798889409656663,000016
2020-10-19,6.29,6.35,6.14,6.19,15595246.0,97436706.0,1596574300.0,0.009767942525443381,000016
2020-10-20,6.15,6.28,6.1,6.25,13493334.0,83658616.0,1596574300.0,0.008451428787247797,000016
2020-10-21,6.22,6.24,6.11,6.15,10871640.0,66892775.0,1596574300.0,0.0068093542530404,000016
2020-10-22,6.15,6.15,6.04,6.11,11375443.0,69328998.0,1596574300.0,0.007124906745649106,000016
2020-10-23,6.11,6.18,6.03,6.04,12823801.0,77993624.0,1596574300.0,0.008032072794858342,000016
2020-10-26,6.05,6.05,5.9,5.97,10686675.0,63863679.0,1596574300.0,0.006693503083445599,000016
2020-10-27,5.95,5.99,5.78,5.9,13977587.0,82266287.0,1596574300.0,0.008754736312616331,000016
2020-10-28,5.9,5.9,5.73,5.83,13978897.0,81093584.0,1596574300.0,0.008755556819372578,000016
2020-10-29,5.73,5.8,5.7,5.73,15405311.0,88579172.0,1596574300.0,0.009648978440903126,000016
2020-10-30,5.83,6.12,5.83,5.84,39590916.0,235148697.0,1596574300.0,0.024797415316030077,000016
2020-11-02,5.9,6.42,5.9,6.42,70719310.0,441679434.0,1596574300.0,0.0442944058413066,000016
2020-11-03,6.45,6.9,6.31,6.66,96263459.0,627322426.0,1596574300.0,0.060293754571898096,000016
2020-11-04,6.51,6.85,6.42,6.59,68287456.0,452810005.0,1596574300.0,0.04277123588924111,000016
2020-11-05,6.65,6.72,6.54,6.62,45297800.0,300199634.0,1596574300.0,0.028371870948943622,000016
2020-11-06,6.62,6.94,6.52,6.82,68865483.0,468291621.0,1596574300.0,0.043133277918854136,000016
2020-11-09,6.89,7.03,6.76,6.93,70274798.0,485087409.0,1596574300.0,0.04401598973502204,000016
2020-11-10,6.88,6.92,6.7,6.81,47937770.0,326566917.0,1596574300.0,0.030025392491912214,000016
2020-11-11,6.82,6.84,6.57,6.65,39390674.0,262623682.0,1596574300.0,0.024671995534438954,000016
2020-11-12,6.9,7.32,6.83,7.04,125660430.0,889279556.0,1596574300.0,0.07870628382280737,000016
2020-11-13,6.89,6.94,6.7,6.75,67280953.0,456445179.0,1596574300.0,0.042140821758185634,000016
2020-11-16,6.78,6.86,6.68,6.82,39473375.0,266883120.0,1596574300.0,0.02472379456439954,000016
2020-11-17,6.73,6.75,6.52,6.71,43740518.0,289140233.0,1596574300.0,0.027396481328805056,000016
2020-11-18,6.66,6.74,6.6,6.65,27314378.0,181968655.0,1596574300.0,0.017108115795174707,000016
2020-11-19,6.64,6.86,6.59,6.74,40813788.0,275812537.0,1596574300.0,0.025563350230553002,000016
2020-11-20,6.68,6.76,6.63,6.73,27147819.0,181447234.0,1596574300.0,0.017003793058675692,000016
2020-11-23,6.74,6.78,6.64,6.71,31798972.0,213021992.0,1596574300.0,0.019917001044047873,000016
2020-11-24,6.71,6.89,6.65,6.76,41973642.0,285197208.0,1596574300.0,0.02628981438571321,000016
2020-11-25,6.76,6.84,6.73,6.76,32609791.0,221295141.0,1596574300.0,0.020424850255951133,000016
2020-11-26,6.75,6.95,6.73,6.94,51891940.0,355705138.0,1596574300.0,0.032502051423475876,000016
2020-11-27,6.93,7.0,6.79,6.86,37683381.0,258170692.0,1596574300.0,0.023602647869253562,000016
2020-11-30,6.83,6.86,6.68,6.77,33253902.0,224787610.0,1596574300.0,0.020828283406541116,000016
2020-12-01,6.75,6.95,6.73,6.89,40836998.0,279377258.0,1596574300.0,0.025577887605982383,000016
2020-12-02,6.87,7.47,6.85,7.28,108473011.0,779315292.0,1596574300.0,0.06794109801216267,000016
2020-12-03,7.27,7.35,6.97,7.01,75418951.0,535850761.0,1596574300.0,0.04723798385079855,000016
2020-12-04,7.05,7.07,6.82,6.86,46456800.0,320837877.0,1596574300.0,0.029097800208859683,000016
2020-12-07,6.86,7.13,6.84,7.06,56598109.0,398206918.0,1596574300.0,0.03544971818724628,000016
2020-12-08,7.07,7.13,6.95,7.1,37058796.0,261481870.0,1596574300.0,0.023211444653718903,000016
2020-12-09,7.07,7.08,6.81,6.83,34097855.0,237102172.0,1596574300.0,0.021356885802308104,000016
2020-12-10,6.81,6.86,6.6,6.65,34080175.0,229285285.0,1596574300.0,0.02134581209280395,000016
2020-12-11,6.63,6.79,6.33,6.44,32643696.0,213578188.0,1596574300.0,0.020446086348753077,000016
2020-12-14,6.4,6.46,6.26,6.45,20872802.0,132858220.0,1596574300.0,0.013073492414352404,000016
2020-12-15,6.39,6.51,6.38,6.47,14785584.0,95423723.0,1596574300.0,0.009260817990117966,000016
2020-12-16,6.59,6.85,6.54,6.64,36501262.0,244511902.0,1596574300.0,0.022862238230942338,000016
2020-12-17,6.55,6.72,6.41,6.66,28661709.0,187869394.0,1596574300.0,0.017952004488610396,000016
2020-12-18,6.77,6.82,6.63,6.65,21931087.0,147021239.0,1596574300.0,0.013736339736897932,000016
2020-12-21,6.6,6.86,6.54,6.82,30626551.0,206801045.0,1596574300.0,0.019182665661097012,000016
2020-12-22,6.75,6.88,6.61,6.65,28948176.0,195339658.0,1596574300.0,0.01813143052597051,000016
2020-12-23,6.6,6.75,6.58,6.71,26821791.0,179139905.0,1596574300.0,0.016799588343617958,000016
2020-12-24,6.69,6.74,6.46,6.52,25217522.0,165920248.0,1596574300.0,0.01579476883725361,000016
2020-12-25,6.5,6.54,6.37,6.44,18286394.0,118001313.0,1596574300.0,0.011453518949916705,000016
2020-12-28,6.44,6.45,6.21,6.21,22808724.0,143682115.0,1596574300.0,0.014286039804098061,000016
2020-12-29,6.22,6.65,6.2,6.46,30158601.0,193920756.0,1596574300.0,0.01888956937362702,000016
2020-12-30,6.45,6.54,6.34,6.48,19364563.0,125021869.0,1596574300.0,0.012128820437608196,000016
2020-12-31,6.47,6.68,6.45,6.61,28824621.0,190027035.0,1596574300.0,0.018054042959353662,000016
2021-01-04,6.71,6.76,6.56,6.7,31740666.0,212209152.0,1596574300.0,0.0198804816036435,000016
2021-01-05,6.68,6.94,6.64,6.93,50803148.0,348197954.0,1596574300.0,0.031820096314966365,000016
2021-01-06,6.99,7.01,6.7,6.79,35287909.0,240024773.0,1596574300.0,0.02210226545673446,000016
2021-01-07,6.75,6.83,6.4,6.5,36099524.0,237738659.0,1596574300.0,0.02261061323610182,000016
2021-01-08,6.49,6.95,6.44,6.69,45056461.0,302316038.0,1596574300.0,0.028220710429824658,000016
2021-01-11,6.68,6.86,6.61,6.74,37700384.0,254194135.0,1596574300.0,0.023613297545876818,000016
2021-01-12,6.74,7.06,6.57,7.01,70969880.0,489014604.0,1596574300.0,0.04445134811452245,000016
2021-01-13,6.9,7.24,6.84,7.2,82071723.0,578776582.0,1596574300.0,0.05140488795291268,000016
2021-01-14,7.14,7.22,6.98,7.06,54659822.0,387390727.0,1596574300.0,0.034235689500952134,000016
2021-01-15,7.0,7.38,6.92,7.19,78344285.0,563989117.0,1596574300.0,0.04907024057696532,000016
2021-01-18,7.09,7.28,7.04,7.22,51986069.0,371612251.0,1596574300.0,0.032561008278787905,000016
2021-01-19,7.18,7.18,6.83,6.88,49740750.0,348369777.0,1596574300.0,0.031154672851742633,000016
2021-01-20,6.88,6.98,6.83,6.91,28096449.0,193728251.0,1596574300.0,0.01759795895499508,000016
2021-01-21,6.88,6.98,6.8,6.84,38814396.0,267270553.0,1596574300.0,0.02431104897529667,000016
2021-01-22,6.83,7.09,6.73,7.08,65121524.0,451957418.0,1596574300.0,0.04078828276266253,000016
2021-01-25,7.02,7.31,6.94,7.21,63071689.0,450296120.0,1596574300.0,0.03950438698656242,000016
2021-01-26,7.15,7.37,7.06,7.2,65453830.0,475020960.0,1596574300.0,0.0409964196467399,000016
2021-01-27,7.14,7.22,6.92,7.05,40934108.0,288043978.0,1596574300.0,0.02563871158392065,000016
2021-01-28,6.93,6.99,6.61,6.63,38932589.0,265360800.0,1596574300.0,0.024385078101282227,000016
2021-01-29,6.65,6.72,6.29,6.46,37112408.0,240298797.0,1596574300.0,0.02324502404930356,000016
2021-02-01,6.34,6.47,6.15,6.39,33394494.0,210538654.0,1596574300.0,0.02091634194537642,000016
2021-02-02,6.39,6.43,6.27,6.32,18713352.0,118852239.0,1596574300.0,0.01172094026566756,000016
2021-02-03,6.33,6.35,6.03,6.04,28684024.0,176083569.0,1596574300.0,0.01796598128881318,000016
2021-02-04,6.05,6.15,5.89,6.11,21512765.0,129275230.0,1596574300.0,0.013474327502327953,000016
2021-02-05,6.09,6.16,5.92,5.92,15813238.0,95209945.0,1596574300.0,0.009904479860411132,000016
2021-02-08,5.94,6.05,5.93,5.93,13003948.0,77829785.0,1596574300.0,0.008144906253345052,000016
2021-02-09,5.93,6.11,5.9,6.08,11949215.0,72322835.0,1596574300.0,0.007484283694156921,000016
2021-02-10,6.25,6.28,6.14,6.17,14191200.0,88012444.0,1596574300.0,0.008888530900190489,000016
2021-02-18,6.21,6.37,6.21,6.27,17651318.0,110968278.0,1596574300.0,0.011055744790580682,000016
2021-02-19,6.29,6.41,6.22,6.38,18202327.0,115130305.0,1596574300.0,0.011400864338101897,000016
2021-02-22,6.35,6.47,6.3,6.34,25584857.0,163617062.0,1596574300.0,0.016024845821456603,000016
2021-02-23,6.37,6.37,6.13,6.17,20574828.0,128052271.0,1596574300.0,0.012886859070699058,000016
2021-02-24,6.19,6.28,6.15,6.2,15053482.0,93374183.0,1596574300.0,0.009428613500793543,000016
2021-02-25,6.2,6.24,6.14,6.17,13757968.0,85036888.0,1596574300.0,0.008617179920784144,000016
2021-02-26,6.1,6.14,6.03,6.05,15431745.0,93772768.0,1596574300.0,0.009665535139830324,000016
2021-03-01,6.08,6.19,6.07,6.19,12610126.0,77505815.0,1596574300.0,0.007898239374139995,000016
2021-03-02,6.22,6.23,6.11,6.16,11476993.0,70820855.0,1596574300.0,0.007188511677784116,000016
2021-03-03,6.17,6.21,6.12,6.21,12742360.0,78652849.0,1596574300.0,0.007981062954602238,000016
2021-03-04,6.19,6.21,6.1,6.14,12019272.0,73948220.0,1596574300.0,0.007528163268067136,000016
2021-03-05,6.12,6.18,6.06,6.15,10729202.0,65795915.0,1596574300.0,0.006720139488653926,000016
2021-03-08,6.23,6.25,6.1,6.12,13156777.0,81330063.0,1596574300.0,0.008240629327429359,000016
2021-03-09,6.08,6.15,5.9,6.0,16430382.0,98797734.0,1596574300.0,0.010291022472302104,000016
2021-03-10,6.05,6.06,5.91,5.91,9254660.0,55282220.0,1596574300.0,0.00579657332577632,000016
2021-03-11,5.94,6.07,5.9,6.03,10670600.0,63982667.0,1596574300.0,0.0066834346513031054,000016
2021-03-12,6.1,6.1,6.0,6.02,9339839.0,56278132.0,1596574300.0,0.005849924428822386,000016
2021-03-15,5.99,6.05,5.97,6.05,10513858.0,63265177.0,1596574300.0,0.006585260704747659,000016
2021-03-16,6.06,6.12,5.98,6.03,11151344.0,67354054.0,1596574300.0,0.006984544345978762,000016
2021-03-17,6.01,6.08,5.97,6.08,11085892.0,67063864.0,1596574300.0,0.006943549072536117,000016
2021-03-18,6.08,6.09,6.02,6.04,10146142.0,61349540.0,1596574300.0,0.006354945084610218,000016
2021-03-19,6.0,6.05,5.97,5.99,10944172.0,65758301.0,1596574300.0,0.00685478402101299,000016
2021-03-22,5.99,6.18,5.99,6.16,21195246.0,130127521.0,1596574300.0,0.013275452323139612,000016
2021-03-23,6.15,6.25,6.15,6.19,15842733.0,98027137.0,1596574300.0,0.00992295378924739,000016
2021-03-24,6.18,6.18,6.05,6.07,13756504.0,83782913.0,1596574300.0,0.008616262957508461,000016
2021-03-25,6.07,6.11,6.03,6.04,8306611.0,50335984.0,1596574300.0,0.005202771333598442,000016
2021-03-26,6.05,6.09,6.02,6.08,8958711.0,54315258.0,1596574300.0,0.005611208322719463,000016
2021-03-29,6.08,6.09,6.02,6.03,9470670.0,57317559.0,1596574300.0,0.005931869252812099,000016
2021-03-30,6.02,6.18,6.0,6.13,15822584.0,96209325.0,1596574300.0,0.009910333643727072,000016
2021-03-31,6.09,6.17,6.08,6.13,10239150.0,62789393.0,1596574300.0,0.0064131998116216705,000016
2021-04-01,6.13,6.39,6.12,6.27,30643990.0,192692434.0,1596574300.0,0.01919358842241166,000016
2021-04-02,6.26,6.41,6.22,6.32,20034303.0,127052693.0,1596574300.0,0.01254830608259196,000016
2021-04-06,6.32,6.37,6.23,6.29,12137200.0,76250446.0,1596574300.0,0.007602026413678336,000016
2021-04-07,6.28,6.28,6.18,6.23,12834002.0,79851622.0,1596574300.0,0.008038462099759466,000016
2021-04-08,6.23,6.26,6.13,6.14,14067901.0,87065184.0,1596574300.0,0.008811303676878678,000016
2021-04-09,6.16,6.17,6.11,6.15,9272994.0,56945923.0,1596574300.0,0.0058080566623175634,000016
2021-04-12,6.12,6.12,6.03,6.05,11635426.0,70581609.0,1596574300.0,0.00728774476703026,000016
2021-04-13,6.06,6.07,6.01,6.07,8072950.0,48788320.0,1596574300.0,0.0050564198609485324,000016
2021-04-14,6.08,6.1,6.04,6.09,7479769.0,45497556.0,1596574300.0,0.004684886259286524,000016
2021-04-15,6.08,6.11,6.02,6.1,8774653.0,53190338.0,1596574300.0,0.005495925244443682,000016
2021-04-16,6.11,6.21,6.09,6.17,11619071.0,71402692.0,1596574300.0,0.007277500959397881,000016
2021-04-19,6.24,6.24,6.15,6.18,15870766.0,98069820.0,1596574300.0,0.009940512007490037,000016
2021-04-20,6.2,6.21,6.14,6.17,12633025.0,78093206.0,1596574300.0,0.007912581957507396,000016
2021-04-21,6.13,6.17,6.09,6.1,9418617.0,57623648.0,1596574300.0,0.0058992663229014775,000016
2021-04-22,6.11,6.28,6.11,6.26,21483726.0,133494183.0,1596574300.0,0.013456139185003792,000016
2021-04-23,6.26,6.33,6.19,6.29,21296493.0,133544190.0,1596574300.0,0.013338867473940925,000016
2021-04-26,6.29,6.35,6.2,6.2,14555662.0,91313054.0,1596574300.0,0.009116808406599054,000016
2021-04-27,6.18,6.29,6.14,6.26,12305627.0,76515569.0,1596574300.0,0.007707519155231298,000016
2021-04-28,6.23,6.31,6.21,6.28,10312185.0,64495316.0,1596574300.0,0.006458944629135017,000016
2021-04-29,6.3,6.33,6.24,6.24,9753873.0,61199072.0,1596574300.0,0.006109250913032986,000016
2021-04-30,6.23,6.57,6.2,6.44,35323894.0,226684420.0,1596574300.0,0.022124804338889834,000016
2021-05-06,6.48,6.53,6.4,6.42,17815059.0,114944245.0,1596574300.0,0.011158302498042215,000016
2021-05-07,6.45,6.48,6.3,6.32,14951258.0,95444947.0,1596574300.0,0.00936458641480074,000016
2021-05-10,6.32,6.73,6.26,6.64,34199688.0,224678561.0,1596574300.0,0.021420667988956105,000016
2021-05-11,6.68,6.81,6.57,6.71,31049627.0,207794061.0,1596574300.0,0.01944765552094882,000016
2021-05-12,6.61,6.67,6.6,6.66,16860169.0,111977025.0,1596574300.0,0.01056021570684183,000016
2021-05-13,6.61,6.73,6.6,6.65,16610354.0,110395918.0,1596574300.0,0.010403746321107637,000016
2021-05-14,6.63,6.66,6.52,6.66,16913767.0,111622553.0,1596574300.0,0.010593786333651994,000016
2021-05-17,6.64,6.74,6.59,6.62,15880416.0,105473997.0,1596574300.0,0.00994655619848071,000016
2021-05-18,6.6,6.64,6.53,6.56,11373575.0,74637444.0,1596574300.0,0.00712373674059516,000016
2021-05-19,6.56,6.57,6.42,6.43,11434476.0,73932634.0,1596574300.0,0.007161881535986142,000016
2021-05-20,6.45,6.52,6.42,6.43,9722935.0,62658067.0,1596574300.0,0.006089873174082785,000016
2021-05-21,6.42,6.46,6.4,6.41,6972902.0,44796627.0,1596574300.0,0.00436741465774565,000016
2021-05-24,6.42,6.51,6.36,6.43,10477217.0,67489485.0,1596574300.0,0.006562310942873125,000016
2021-05-25,6.42,6.49,6.37,6.48,11659788.0,74915353.0,1596574300.0,0.007303003687332309,000016
2021-05-26,6.48,6.52,6.4,6.42,10691892.0,69025743.0,1596574300.0,0.006696770704626775,000016
2021-05-27,6.42,6.59,6.39,6.59,15604984.0,101924625.0,1596574300.0,0.009774041834445161,000016
2021-05-28,6.58,6.63,6.5,6.53,12564679.0,82312989.0,1596574300.0,0.007869774053108583,000016
2021-05-31,6.52,6.6,6.5,6.53,8465523.0,55387826.0,1596574300.0,0.005302304440200497,000016
2021-06-01,6.49,6.56,6.42,6.48,9557415.0,62044059.0,1596574300.0,0.005986201205919449,000016
2021-06-02,6.46,6.52,6.3,6.34,14073172.0,90014310.0,1596574300.0,0.00881460512047576,000016
2021-06-03,6.35,6.4,6.3,6.35,8366220.0,53146652.0,1596574300.0,0.005240106896371813,000016
2021-06-04,6.29,6.29,6.16,6.21,11599350.0,71941944.0,1596574300.0,0.007265148887840672,000016
2021-06-07,6.21,6.31,6.19,6.31,10105979.0,63272439.0,1596574300.0,0.006329789349609348,000016
2021-06-08,6.3,6.3,6.21,6.23,9561825.0,59750354.0,1596574300.0,0.005988963369885135,000016
2021-06-09,6.2,6.26,6.15,6.2,9006358.0,55783889.0,1596574300.0,0.00564105159402854,000016
2021-06-10,6.18,6.24,6.14,6.21,10447284.0,64563989.0,1596574300.0,0.006543562676663403,000016
2021-06-11,6.22,6.22,6.09,6.09,11939891.0,73216303.0,1596574300.0,0.0074784436903437565,000016
2021-06-15,6.15,6.15,6.07,6.08,7133434.0,43538920.0,1596574300.0,0.004467962436824895,000016
2021-06-16,6.06,6.14,6.05,6.07,6319537.0,38443421.0,1596574300.0,0.0039581853472149715,000016
2021-06-17,6.06,6.61,6.05,6.46,41264941.0,263227379.0,1596574300.0,0.02584592586765301,000016
2021-06-18,6.4,6.52,6.35,6.45,24640240.0,158420584.0,1596574300.0,0.015433193431711885,000016
2021-06-21,6.39,6.63,6.3,6.46,20733342.0,134511783.0,1596574300.0,0.012986142893569062,000016
2021-06-22,6.48,6.63,6.42,6.45,19592220.0,127382799.0,1596574300.0,0.012271411358682148,000016
2021-06-23,6.48,6.72,6.41,6.57,37927209.0,250344587.0,1596574300.0,0.023755367351209398,000016
2021-06-24,6.58,6.63,6.52,6.53,21105293.0,138704254.0,1596574300.0,0.01321911106799101,000016
2021-06-25,6.53,6.62,6.4,6.58,24626255.0,160759293.0,1596574300.0,0.015424434052333173,000016
2021-06-28,6.6,6.69,6.55,6.56,14895812.0,98576827.0,1596574300.0,0.009329858309757334,000016
2021-06-29,6.58,6.61,6.43,6.48,16746716.0,108764895.0,1596574300.0,0.01048915543736361,000016
2021-06-30,6.47,6.75,6.42,6.66,27374368.0,180870869.0,1596574300.0,0.017145689993882527,000016
2021-07-01,6.68,6.68,6.47,6.5,20829671.0,136281233.0,1596574300.0,0.013046477699158754,000016
2021-07-02,6.55,6.71,6.45,6.58,25928323.0,170516481.0,1596574300.0,0.016239972671487947,000016
2021-07-05,6.6,6.67,6.44,6.52,20701433.0,134842815.0,1596574300.0,0.012966156977473582,000016
2021-07-06,6.54,6.63,6.45,6.56,18968173.0,123853233.0,1596574300.0,0.011880545114624481,000016
2021-07-07,6.5,6.51,6.3,6.37,22669805.0,144943168.0,1596574300.0,0.014199029133814819,000016
2021-07-08,6.37,6.47,6.27,6.28,17297121.0,109868871.0,1596574300.0,0.010833896674899502,000016
2021-07-09,6.27,6.28,6.15,6.23,16839822.0,104545633.0,1596574300.0,0.010547471545796522,000016
2021-07-12,6.29,6.35,6.24,6.28,17966491.0,113024815.0,1596574300.0,0.011253150573700204,000016
2021-07-13,6.28,6.29,6.19,6.27,14622633.0,91208646.0,1596574300.0,0.009158755092074325,000016
2021-07-14,6.27,6.38,6.15,6.16,20533058.0,127590528.0,1596574300.0,0.012860696805654456,000016
2021-07-15,6.15,6.25,6.11,6.19,12492059.0,77012259.0,1596574300.0,0.007824289167124887,000016
2021-07-16,6.18,6.22,6.13,6.15,13674159.0,84346824.0,1596574300.0,0.008564686904956443,000016
2021-07-19,6.13,6.16,6.06,6.12,11070917.0,67623465.0,1596574300.0,0.006934169615532456,000016
2021-07-20,6.1,6.18,6.08,6.16,9243894.0,56673516.0,1596574300.0,0.005789830138190249,000016
2021-07-21,6.16,6.24,6.15,6.19,14736807.0,91339562.0,1596574300.0,0.009230266953438997,000016
2021-07-22,6.19,6.19,6.14,6.18,11698085.0,72062364.0,1596574300.0,0.007326990669961304,000016
2021-07-23,6.19,6.31,6.18,6.23,20066388.0,125342805.0,1596574300.0,0.012568402234709654,000016
2021-07-26,6.23,6.23,6.01,6.1,18163149.0,110775625.0,1596574300.0,0.0113763255490208,000016
2021-07-27,6.14,6.38,6.04,6.18,26110274.0,161858099.0,1596574300.0,0.016353936049202347,000016
2021-07-28,6.1,6.18,5.84,5.89,23564242.0,140215152.0,1596574300.0,0.014759251730408037,000016
2021-07-29,5.95,6.01,5.91,6.0,10638795.0,63503833.0,1596574300.0,0.006663513874675297,000016
2021-07-30,5.97,6.02,5.9,5.96,10485587.0,62449274.0,1596574300.0,0.00656755341733861,000016
2021-08-02,5.93,6.02,5.87,6.01,12020691.0,71616112.0,1596574300.0,0.007529052045996231,000016
2021-08-03,6.01,6.38,5.98,6.26,47487582.0,297326184.0,1596574300.0,0.029743421273911275,000016
2021-08-04,6.27,6.32,6.2,6.29,17946792.0,112443230.0,1596574300.0,0.011240812281645772,000016
2021-08-05,6.3,6.48,6.27,6.42,27608499.0,177072206.0,1596574300.0,0.01729233584681903,000016
2021-08-06,6.43,6.47,6.33,6.46,19060751.0,122199744.0,1596574300.0,0.011938530514990752,000016
2021-08-09,6.44,7.05,6.44,6.92,78475202.0,536360182.0,1596574300.0,0.04915223926628407,000016
2021-08-10,6.92,7.61,6.92,7.5,143882842.0,1061671670.0,1596574300.0,0.09011972822060332,000016
2021-08-11,7.4,7.57,7.32,7.46,86279489.0,641185601.0,1596574300.0,0.05404038446566502,000016
2021-08-12,7.54,7.84,7.46,7.73,77743340.0,597698223.0,1596574300.0,0.04869384406350522,000016
2021-08-13,7.73,8.05,7.66,7.95,62128215.0,491697074.0,1596574300.0,0.03891345050462105,000016
2021-08-16,8.01,8.18,7.7,7.8,55274308.0,435732568.0,1596574300.0,0.03462056729837127,000016
2021-08-17,7.78,7.84,7.46,7.49,61733792.0,472220985.0,1596574300.0,0.03866640719445377,000016
2021-08-18,7.58,7.83,7.4,7.75,54487983.0,415597416.0,1596574300.0,0.03412805968378672,000016
2021-08-19,7.65,7.8,7.48,7.55,44041860.0,334762595.0,1596574300.0,0.0275852241890653,000016
2021-08-20,7.53,7.63,7.41,7.6,35088338.0,264666577.0,1596574300.0,0.021977265949978026,000016
2021-08-23,7.51,7.65,7.43,7.48,44019581.0,331547608.0,1596574300.0,0.02757126993713979,000016
2021-08-24,7.46,7.64,7.41,7.53,30905117.0,232737770.0,1596574300.0,0.0193571429779372,000016
2021-08-25,7.6,7.82,7.47,7.75,46929478.0,358615030.0,1596574300.0,0.029393857836744586,000016
2021-08-26,7.7,7.89,7.55,7.7,42074299.0,324856162.0,1596574300.0,0.026352859995303696,000016
2021-08-27,7.73,8.16,7.3,7.42,94860000.0,727015328.0,1596574300.0,0.059414710608832924,000016
2021-08-30,7.39,7.74,7.26,7.59,57560663.0,437913943.0,1596574300.0,0.03605260525614123,000016
2021-09-13,8.35,8.35,6.99,7.69,156454210.0,1207606797.0,1596574300.0,0.09799369186889705,000016
2021-09-14,7.45,7.49,7.02,7.02,66835047.0,482993047.0,1596574300.0,0.04186153253249786,000016
2021-09-15,7.07,7.47,7.07,7.42,57160687.0,420026446.0,1596574300.0,0.035802083874204915,000016
2021-09-16,7.42,7.89,7.35,7.45,45226573.0,343374256.0,1596574300.0,0.028327258556022104,000016
2021-09-17,7.42,7.45,7.15,7.22,26989320.0,195993497.0,1596574300.0,0.01690451863092122,000016
2021-09-22,7.15,7.33,6.91,7.25,21930824.0,156526680.0,1596574300.0,0.013736175009205648,000016
2021-09-23,7.25,7.25,7.05,7.06,23586675.0,168018748.0,1596574300.0,0.014773302438852987,000016
2021-09-24,7.06,7.24,6.79,6.79,31125285.0,216256013.0,1596574300.0,0.01949504323099777,000016
2021-09-27,6.76,6.86,6.21,6.31,45685666.0,293660743.0,1596574300.0,0.028614807340942416,000016
2021-09-28,6.28,6.46,6.22,6.26,24986174.0,157810284.0,1596574300.0,0.015649866091418357,000016
2021-09-29,6.22,6.3,6.06,6.07,19540328.0,120073044.0,1596574300.0,0.012238909269678211,000016
2021-09-30,6.14,6.29,6.1,6.26,11720879.0,72840371.0,1596574300.0,0.007341267487519999,000016
2021-10-08,6.28,6.42,6.28,6.4,12492505.0,79460223.0,1596574300.0,0.007824568515226633,000016
2021-10-11,6.4,6.45,6.31,6.4,11049667.0,70379695.0,1596574300.0,0.006920859868532269,000016
2021-10-12,6.36,6.36,6.12,6.22,13007459.0,80984422.0,1596574300.0,0.00814710533672,000016
2021-10-13,6.26,6.27,6.15,6.19,7310761.0,45328313.0,1596574300.0,0.004579029613592051,000016
2021-10-14,6.19,6.25,6.13,6.17,9187000.0,57009812.0,1596574300.0,0.005754195091327726,000016
2021-10-15,6.0,6.15,5.95,6.06,16856143.0,102153234.0,1596574300.0,0.0105576940578337,000016
2021-10-18,6.08,6.13,6.0,6.02,12108302.0,73178186.0,1596574300.0,0.007583926410440153,000016
2021-10-19,6.07,6.13,6.01,6.07,10649991.0,64581081.0,1596574300.0,0.006670526388906548,000016
2021-10-20,6.05,6.1,6.02,6.03,9470605.0,57212829.0,1596574300.0,0.005931828540644804,000016
2021-10-21,6.0,6.05,5.95,5.96,11471700.0,68703107.0,1596574300.0,0.007185196454684258,000016
2021-10-22,5.98,6.03,5.9,5.97,7175646.0,42926933.0,1596574300.0,0.0044944015446071,000016
2021-10-25,5.96,6.03,5.89,6.0,9542775.0,56923649.0,1596574300.0,0.005977031573162614,000016
2021-10-26,5.98,5.99,5.89,5.92,10100100.0,59967281.0,1596574300.0,0.006326107090662802,000016
2021-10-27,5.8,5.88,5.6,5.67,18846304.0,107490169.0,1596574300.0,0.011804213558993151,000016
2021-10-28,5.6,5.71,5.52,5.53,12720818.0,71056131.0,1596574300.0,0.007967570316019744,000016
2021-10-29,5.6,5.65,5.46,5.62,9912279.0,55238744.0,1596574300.0,0.006208467091071176,000016
2021-11-01,5.59,5.75,5.58,5.74,8686596.0,49412990.0,1596574300.0,0.005440771531898014,000016
2021-11-02,5.74,5.78,5.56,5.64,8690804.0,49313104.0,1596574300.0,0.005443407174974569,000016
2021-11-03,5.64,5.71,5.62,5.69,5969759.0,33867395.0,1596574300.0,0.0037391050325687944,000016
2021-11-04,5.66,5.74,5.61,5.71,6188679.0,35155867.0,1596574300.0,0.0038762236120173047,000016
2021-11-05,5.71,5.9,5.66,5.84,13377273.0,77690076.0,1596574300.0,0.008378735020349507,000016
2021-11-08,6.0,6.0,5.78,5.93,13175168.0,77635834.0,1596574300.0,0.008252148365409615,000016
2021-11-09,5.91,6.38,5.88,6.25,29286979.0,181485864.0,1596574300.0,0.018343636747754237,000016
2021-11-10,6.32,6.4,6.2,6.35,18656802.0,118019707.0,1596574300.0,0.011685520680121181,000016
2021-11-11,6.33,6.38,6.26,6.28,12776548.0,80538941.0,1596574300.0,0.008002476301917173,000016
2021-11-12,6.3,6.51,6.28,6.39,15129913.0,96904796.0,1596574300.0,0.00947648537246278,000016
2021-11-15,6.39,6.5,6.33,6.38,12816425.0,82437135.0,1596574300.0,0.008027452903381947,000016
2021-11-16,6.38,6.43,6.25,6.26,12067291.0,76393174.0,1596574300.0,0.007558239538241346,000016
2021-11-17,6.27,6.29,6.17,6.18,11928775.0,74042829.0,1596574300.0,0.007471481283395329,000016
2021-11-18,6.26,6.35,6.15,6.16,13086650.0,81217586.0,1596574300.0,0.008196705909646673,000016
2021-11-19,6.16,6.23,6.13,6.2,11063810.0,68448166.0,1596574300.0,0.006929718209794558,000016
2021-11-22,6.2,6.26,6.16,6.25,9973202.0,62103884.0,1596574300.0,0.006246625665964935,000016
2021-11-23,6.26,6.36,6.23,6.28,11254837.0,70833799.0,1596574300.0,0.007049366258745365,000016
2021-11-24,6.28,6.31,6.2,6.28,9237686.0,57813151.0,1596574300.0,0.005785941813043089,000016
2021-11-25,6.25,6.3,6.21,6.23,9142383.0,57091495.0,1596574300.0,0.005726249633355616,000016
2021-11-26,6.24,6.24,6.09,6.12,11001099.0,67518611.0,1596574300.0,0.006890439737129678,000016
2021-11-29,6.03,6.15,5.94,6.06,11506059.0,69488821.0,1596574300.0,0.00720671690631623,000016
2021-11-30,6.1,6.67,6.04,6.54,44464962.0,286608952.0,1596574300.0,0.02785023033378403,000016
2021-12-01,6.46,6.66,6.42,6.56,28239587.0,185358508.0,1596574300.0,0.017687612158106266,000016
2021-12-02,6.57,6.6,6.45,6.47,16432159.0,106903364.0,1596574300.0,0.010292135480321837,000016
2021-12-03,6.48,6.62,6.44,6.51,17447649.0,113591101.0,1596574300.0,0.010928178538261576,000016
2021-12-06,6.5,6.73,6.47,6.6,24673501.0,163305912.0,1596574300.0,0.015454026160887094,000016
2021-12-07,6.62,6.64,6.37,6.48,20934121.0,135556457.0,1596574300.0,0.013111899020296143,000016
2021-12-08,6.52,6.56,6.36,6.39,14381437.0,92212699.0,1596574300.0,0.009007684139723407,000016
2021-12-09,6.45,6.65,6.41,6.56,23036785.0,151155501.0,1596574300.0,0.014428883766950276,000016
2021-12-10,6.46,6.61,6.43,6.53,13945660.0,91092483.0,1596574300.0,0.008734739122382216,000016
2021-12-13,6.55,6.59,6.47,6.49,13175211.0,85859292.0,1596574300.0,0.008252175298074134,000016
2021-12-14,6.43,6.52,6.43,6.46,9049305.0,58595359.0,1596574300.0,0.005667951062471694,000016
2021-12-15,6.49,6.52,6.35,6.36,12622225.0,80919477.0,1596574300.0,0.007905817474326124,000016
2021-12-16,6.36,6.41,6.32,6.37,9397804.0,59796323.0,1596574300.0,0.005886230286933718,000016
2021-12-17,6.4,6.43,6.35,6.36,8329983.0,53148484.0,1596574300.0,0.005217410176275542,000016
2021-12-20,6.41,6.54,6.4,6.41,14175700.0,91505852.0,1596574300.0,0.008878822614143295,000016
2021-12-21,6.41,6.49,6.33,6.42,12384600.0,79079208.0,1596574300.0,0.007756983185812273,000016
2021-12-22,6.44,6.59,6.42,6.51,14909323.0,97095235.0,1596574300.0,0.009338320803485312,000016
2021-12-23,6.53,6.55,6.48,6.48,11081199.0,72114229.0,1596574300.0,0.0069406096540574405,000016
2021-12-24,6.48,6.55,6.44,6.45,12982028.0,84236929.0,1596574300.0,0.008131176857851212,000016
2021-12-27,6.48,6.53,6.45,6.49,11019412.0,71595298.0,1596574300.0,0.0069019099205091805,000016
2021-12-28,6.53,6.55,6.48,6.51,11190656.0,72826056.0,1596574300.0,0.007009167064758589,000016
2021-12-29,6.53,6.72,6.5,6.64,22780398.0,150891033.0,1596574300.0,0.014268298067932072,000016
2021-12-30,6.67,6.69,6.56,6.57,13492200.0,88920551.0,1596574300.0,0.008450718516513763,000016
2021-12-31,6.61,6.63,6.53,6.55,11186460.0,73491081.0,1596574300.0,0.0070065389377744584,000016
2022-01-04,6.59,6.83,6.54,6.75,25613600.0,171034689.0,1596574300.0,0.016042848741834315,000016
2022-01-05,6.77,6.97,6.75,6.8,25897005.0,177154434.0,1596574300.0,0.01622035692294433,000016
2022-01-06,6.75,6.86,6.69,6.7,15848844.0,106953154.0,1596574300.0,0.009926781359314126,000016
2022-01-07,6.72,6.84,6.69,6.73,12781706.0,86192805.0,1596574300.0,0.008005706968977266,000016
2022-01-10,6.7,6.72,6.62,6.63,16375204.0,109282335.0,1596574300.0,0.01025646222665616,000016
2022-01-11,6.63,6.71,6.6,6.64,9452279.0,62842851.0,1596574300.0,0.005920350214831844,000016
2022-01-12,6.66,6.66,6.59,6.61,8120409.0,53659912.0,1596574300.0,0.005086145380142972,000016
2022-01-13,6.6,6.68,6.56,6.56,8104521.0,53589621.0,1596574300.0,0.00507619407377408,000016
2022-01-14,6.57,6.6,6.35,6.36,11990800.0,77165333.0,1596574300.0,0.0075103300861099915,000016
2022-01-17,6.39,6.54,6.33,6.52,9961736.0,64247893.0,1596574300.0,0.006239444039654152,000016
2022-01-18,6.53,6.57,6.34,6.4,10557204.0,67865875.0,1596574300.0,0.006612410083263898,000016
2022-01-19,6.38,6.41,6.2,6.25,10729171.0,67650429.0,1596574300.0,0.006720120072081831,000016
2022-01-20,6.27,6.3,6.11,6.13,10211700.0,63150619.0,1596574300.0,0.006396006750202606,000016
2022-01-21,6.13,6.15,6.03,6.06,7348700.0,44706510.0,1596574300.0,0.004602792366130408,000016
2022-01-24,6.07,6.09,5.99,6.06,6054600.0,36610295.0,1596574300.0,0.0037922444323449274,000016
2022-01-25,6.08,6.08,5.73,5.79,24354417.0,142477613.0,1596574300.0,0.015254170757978504,000016
2022-01-26,5.74,5.93,5.74,5.86,8128000.0,47585311.0,1596574300.0,0.005090899934941957,000016
2022-01-27,5.86,5.93,5.75,5.76,8532824.0,49712524.0,1596574300.0,0.005344457818217417,000016
2022-01-28,5.77,5.89,5.73,5.83,6544083.0,38140183.0,1596574300.0,0.004098827721328096,000016
2022-02-07,5.93,6.0,5.9,5.98,6564600.0,39129439.0,1596574300.0,0.004111678360349405,000016
2022-02-08,6.0,6.08,5.96,6.08,7891080.0,47601501.0,1596574300.0,0.004942507216857994,000016
2022-02-09,6.06,6.12,6.03,6.09,6371494.0,38782543.0,1596574300.0,0.003990728148386204,000016
2022-02-10,6.08,6.1,6.03,6.06,5013260.0,30377764.0,1596574300.0,0.0031400104586426073,000016
2022-02-11,6.04,6.07,5.96,5.99,7010607.0,42068154.0,1596574300.0,0.004391030846481746,000016
2022-02-14,5.95,6.02,5.9,5.96,7383145.0,44024440.0,1596574300.0,0.004624366683091416,000016
2022-02-15,6.01,6.02,5.93,5.96,4359949.0,26035607.0,1596574300.0,0.002730814970527836,000016
2022-02-16,5.98,6.04,5.91,5.94,7680509.0,45696005.0,1596574300.0,0.004810617958713227,000016
2022-02-17,5.93,5.95,5.85,5.87,6531264.0,38402770.0,1596574300.0,0.004090798655596548,000016
2022-02-18,5.82,5.94,5.82,5.93,4897091.0,28894217.0,1596574300.0,0.0030672490469125053,000016
2022-02-21,5.9,5.97,5.88,5.97,6013037.0,35713319.0,1596574300.0,0.0037662118198946333,000016
2022-02-22,5.94,5.94,5.84,5.85,6826244.0,40136007.0,1596574300.0,0.004275556734190197,000016
2022-02-23,5.85,5.93,5.78,5.93,8404644.0,49431885.0,1596574300.0,0.0052641734243122915,000016
2022-02-24,5.91,5.92,5.6,5.68,14658453.0,84281237.0,1596574300.0,0.009181190627958875,000016
2022-02-25,5.7,5.8,5.7,5.78,6303827.0,36259391.0,1596574300.0,0.003948345529550363,000016
2022-02-28,5.82,5.82,5.62,5.72,5503798.0,31371553.0,1596574300.0,0.0034472545374180205,000016
2022-03-01,5.7,5.78,5.69,5.77,5246401.0,30097952.0,1596574300.0,0.0032860362339541603,000016
2022-03-02,5.72,5.76,5.69,5.72,5216778.0,29840674.0,1596574300.0,0.0032674821334653828,000016
2022-03-03,5.74,5.76,5.7,5.71,4757500.0,27253317.0,1596574300.0,0.002979817475453538,000016
2022-03-04,5.69,5.72,5.62,5.66,6672774.0,37778658.0,1596574300.0,0.0041794321755022614,000016
2022-03-07,5.65,5.66,5.47,5.49,10516262.0,57992941.0,1596574300.0,0.006586766428596527,000016
2022-03-08,5.49,5.53,5.3,5.32,8776876.0,47297159.0,1596574300.0,0.00549731760056516,000016
2022-03-09,5.33,5.37,4.9,5.09,15847277.0,81184845.0,1596574300.0,0.009925799882911807,000016
2022-03-10,5.22,5.3,5.15,5.16,8430604.0,43879915.0,1596574300.0,0.005280433237588755,000016
2022-03-11,5.11,5.25,5.03,5.24,6814502.0,34935226.0,1596574300.0,0.0042682022377536705,000016
2022-03-14,5.19,5.25,5.1,5.1,5412702.0,27996457.0,1596574300.0,0.0033901973744660677,000016
2022-03-15,5.1,5.1,4.76,4.8,15620346.0,76825215.0,1596574300.0,0.009783663685429485,000016
2022-03-16,4.83,4.95,4.7,4.91,14397853.0,69720644.0,1596574300.0,0.00901796615415894,000016
2022-03-17,4.98,5.15,4.96,5.05,13594056.0,68945217.0,1596574300.0,0.008514515109005576,000016
2022-03-18,5.05,5.19,5.03,5.18,10221527.0,52228715.0,1596574300.0,0.006402161803556527,000016
2022-03-21,5.17,5.24,5.1,5.18,9245000.0,47670544.0,1596574300.0,0.005790522871375294,000016
2022-03-22,5.17,5.42,5.13,5.33,14184124.0,75481950.0,1596574300.0,0.008884098911024686,000016
2022-03-23,5.32,5.39,5.28,5.34,7496425.0,39981109.0,1596574300.0,0.004695318595570529,000016
2022-03-24,5.31,5.34,5.23,5.27,6678659.0,35224072.0,1596574300.0,0.004183118192495019,000016
2022-03-25,5.27,5.33,5.23,5.24,5207040.0,27474888.0,1596574300.0,0.003261382824463603,000016
2022-03-28,5.24,5.3,5.17,5.25,4648601.0,24329036.0,1596574300.0,0.002911609563050088,000016
2022-03-29,5.29,5.29,5.1,5.14,8031975.0,41457109.0,1596574300.0,0.005030755537026996,000016
2022-03-30,5.19,5.39,5.19,5.33,14685780.0,77875551.0,1596574300.0,0.009198306649430596,000016
2022-03-31,5.36,5.54,5.33,5.49,14437163.0,79007185.0,1596574300.0,0.009042587620256696,000016
2022-04-01,5.5,5.52,5.39,5.46,9724556.0,52905726.0,1596574300.0,0.006090888472901011,000016
2022-04-06,5.45,5.5,5.38,5.43,13602821.0,73797914.0,1596574300.0,0.008520004988180006,000016
2022-04-07,5.43,5.46,5.33,5.34,8771969.0,47352344.0,1596574300.0,0.005494244145104929,000016
2022-04-08,5.34,5.36,5.22,5.29,9515900.0,50251429.0,1596574300.0,0.005960198657838849,000016
2022-04-11,5.23,5.31,5.07,5.11,10972749.0,56765101.0,1596574300.0,0.006872682968778841,000016
2022-04-12,5.09,5.41,5.03,5.37,12075018.0,62706237.0,1596574300.0,0.0075630792754211315,000016
2022-04-13,5.36,5.36,5.12,5.12,9934745.0,51583887.0,1596574300.0,0.006222538468770291,000016
2022-04-14,5.2,5.21,5.12,5.14,6231564.0,32149635.0,1596574300.0,0.0039030842473162697,000016
2022-04-15,5.07,5.1,4.99,5.02,9530292.0,47978091.0,1596574300.0,0.005969212958018929,000016
2022-04-18,5.04,5.08,4.9,5.04,7114780.0,35642421.0,1596574300.0,0.004456278671152354,000016
2022-04-19,5.06,5.08,5.01,5.06,5996128.0,30264166.0,1596574300.0,0.0037556210193286964,000016
2022-04-20,5.08,5.23,5.02,5.05,9238313.0,47312112.0,1596574300.0,0.0057863345288722235,000016
2022-04-21,5.06,5.11,4.86,4.89,10251815.0,51179462.0,1596574300.0,0.006421132420833781,000016
2022-04-22,4.89,5.02,4.77,4.97,9728227.0,47579260.0,1596574300.0,0.0060931877708416075,000016
2022-04-25,4.91,4.92,4.47,4.54,15352046.0,71714055.0,1596574300.0,0.009615616385657718,000016
2022-04-26,4.54,4.57,4.23,4.27,12267453.0,54082218.0,1596574300.0,0.007683609212549645,000016
2022-04-27,4.2,4.58,4.01,4.48,13124636.0,56879718.0,1596574300.0,0.00822049810021369,000016
2022-04-28,4.42,4.46,4.25,4.3,12576347.0,54628929.0,1596574300.0,0.007877082200308498,000016
2022-04-29,4.33,4.53,4.33,4.5,13130109.0,58383774.0,1596574300.0,0.008223926064699901,000016
2022-05-05,4.5,4.63,4.47,4.57,8501675.0,38817839.0,1596574300.0,0.005324947921308767,000016
2022-05-06,4.46,4.52,4.42,4.47,7029172.0,31379101.0,1596574300.0,0.004402658867802144,000016
2022-05-09,4.47,4.6,4.4,4.57,7992220.0,36364123.0,1596574300.0,0.005005855349168529,000016
2022-05-10,4.56,4.6,4.48,4.58,6702689.0,30477861.0,1596574300.0,0.004198169167573347,000016
2022-05-11,4.58,4.74,4.5,4.62,9814700.0,45833038.0,1596574300.0,0.006147349359187355,000016
2022-05-12,4.61,4.68,4.57,4.63,5681748.0,26253240.0,1596574300.0,0.003558711924650171,000016
2022-05-13,4.64,4.69,4.6,4.67,6557154.0,30487364.0,1596574300.0,0.00410701462500054,000016
2022-05-16,4.7,4.79,4.63,4.64,6498918.0,30377053.0,1596574300.0,0.00407053902846864,000016
2022-05-17,4.61,4.68,4.56,4.65,6089000.0,28160908.0,1596574300.0,0.003813790563959347,000016
2022-05-18,4.63,4.83,4.62,4.76,11136700.0,52803482.0,1596574300.0,0.006975372207857786,000016
2022-05-19,4.69,4.8,4.67,4.79,8458839.0,40127105.0,1596574300.0,0.005298117976720532,000016
2022-05-20,4.82,4.9,4.79,4.88,9661500.0,46811506.0,1596574300.0,0.006051393912578951,000016
2022-05-23,4.92,5.3,4.86,5.22,24021071.0,122820161.0,1596574300.0,0.015045382479224425,000016
2022-05-24,5.3,5.67,5.25,5.27,41503090.0,226189992.0,1596574300.0,0.02599508835886936,000016
2022-05-25,5.3,5.53,5.27,5.4,31631467.0,171221673.0,1596574300.0,0.01981208578892946,000016
2022-05-26,5.4,5.69,5.36,5.6,27265098.0,151529678.0,1596574300.0,0.01707724970895498,000016
2022-05-27,5.59,5.65,5.51,5.55,19590792.0,109291464.0,1596574300.0,0.012270516943683736,000016
2022-05-30,5.55,5.6,5.42,5.48,15076894.0,82519791.0,1596574300.0,0.009443277397112055,000016
2022-05-31,5.46,5.68,5.44,5.62,20568390.0,114862156.0,1596574300.0,0.012882826687113779,000016
2022-06-01,5.61,5.65,5.51,5.61,14352124.0,80024751.0,1596574300.0,0.008989324204955573,000016
2022-06-02,5.54,5.65,5.51,5.6,11216304.0,62484796.0,1596574300.0,0.007025231459632038,000016
2022-06-06,5.58,5.75,5.5,5.65,22263989.0,125560541.0,1596574300.0,0.013944849920232337,000016
2022-06-07,5.71,5.84,5.61,5.67,16636208.0,94852334.0,1596574300.0,0.010419939742234357,000016
2022-06-08,5.61,5.71,5.5,5.62,16497079.0,92492711.0,1596574300.0,0.0103327975403337,000016
2022-06-09,5.62,5.66,5.48,5.51,11689191.0,65028407.0,1596574300.0,0.00732141999279332,000016
2022-06-10,5.46,5.75,5.41,5.71,18888791.0,105878291.0,1596574300.0,0.011830824910560067,000016
2022-06-13,5.69,5.75,5.52,5.58,11299275.0,63516587.0,1596574300.0,0.007077199601672155,000016
2022-06-14,5.51,5.68,5.46,5.66,13739254.0,76231512.0,1596574300.0,0.008605458574649486,000016
2022-06-15,5.68,6.23,5.66,6.11,48916255.0,293647831.0,1596574300.0,0.03063825779984057,000016
2022-06-16,6.05,6.25,6.0,6.14,34126590.0,209908582.0,1596574300.0,0.021374883711957532,000016
2022-06-17,6.1,6.1,5.91,6.04,27636833.0,166097054.0,1596574300.0,0.0173100825937133,000016
2022-06-20,6.03,6.23,6.02,6.21,24289860.0,148701712.0,1596574300.0,0.015213736059762456,000016
2022-06-21,6.2,6.28,6.03,6.08,21018203.0,128916270.0,1596574300.0,0.01316456302722648,000016
2022-06-22,6.13,6.21,6.07,6.09,18127376.0,111119536.0,1596574300.0,0.01135391945116491,000016
2022-06-23,6.16,6.42,6.12,6.3,24081462.0,151821283.0,1596574300.0,0.015083207840687401,000016
2022-06-24,6.24,6.35,6.23,6.29,14153373.0,88998652.0,1596574300.0,0.008864838297848086,000016
2022-06-27,6.4,6.51,6.28,6.41,25009826.0,159720646.0,1596574300.0,0.01566468030958534,000016
2022-06-28,6.35,6.4,6.22,6.3,20525753.0,129278560.0,1596574300.0,0.012856121384391569,000016
2022-06-29,6.22,6.29,5.89,5.92,30292166.0,182721522.0,1596574300.0,0.018973226614007254,000016
2022-06-30,5.95,6.16,5.92,6.05,15592316.0,94630522.0,1596567800.0,0.009766147106311426,000016
2022-07-01,6.66,6.66,6.25,6.32,88212067.0,579635160.0,1596567800.0,0.05525106231003782,000016
2022-07-04,5.9,6.09,5.69,6.0,82750774.0,489513813.0,1596567800.0,0.05183041647213479,000016
2022-07-05,6.0,6.31,5.8,5.87,41164507.0,246588732.0,1596567800.0,0.025783124900802836,000016
2022-07-06,5.83,6.24,5.76,5.87,36715149.0,218852534.0,1596567800.0,0.02299629805887354,000016
2022-07-07,5.75,6.02,5.73,5.84,23068703.0,135234297.0,1596567800.0,0.014448934144857487,000016
2022-07-08,5.85,5.97,5.82,5.84,16547733.0,97090130.0,1596567800.0,0.010364566415532118,000016
2022-07-11,5.84,5.85,5.69,5.76,18966278.0,108924376.0,1596567800.0,0.011879406562001314,000016
2022-07-12,5.8,5.91,5.71,5.71,17654975.0,102136917.0,1596567800.0,0.01105808033958846,000016
2022-07-13,5.76,5.8,5.6,5.67,15339699.0,87103209.0,1596567800.0,0.009607922068827894,000016
2022-07-14,5.73,5.76,5.48,5.53,23997190.0,133867641.0,1596567800.0,0.015030486021326499,000016
2022-07-15,5.52,5.54,5.41,5.42,16170700.0,88514607.0,1596567800.0,0.01012841421454197,000016
2022-07-18,5.52,5.57,5.43,5.52,13353326.0,73657926.0,1596567800.0,0.00836377008229779,000016
2022-07-19,5.52,5.66,5.48,5.63,14861575.0,83022591.0,1596567800.0,0.009308452168457864,000016
2022-07-20,5.62,5.68,5.59,5.63,9836856.0,55442577.0,1596567800.0,0.006161251654956338,000016
2022-07-21,5.62,5.72,5.6,5.63,12884032.0,72913675.0,1596567800.0,0.00806983079578581,000016
2022-07-22,5.62,5.72,5.59,5.67,12744845.0,72138135.0,1596567800.0,0.007982651911180971,000016
2022-07-25,5.61,5.73,5.54,5.56,11827643.0,66393897.0,1596567800.0,0.0074081683220718845,000016
2022-07-26,5.53,5.62,5.49,5.56,12220400.0,67840808.0,1596567800.0,0.007654169149597029,000016
2022-07-27,5.56,5.56,5.42,5.45,15899102.0,86737471.0,1596567800.0,0.009958300549466174,000016
2022-07-28,5.45,5.56,5.43,5.44,16204674.0,89100176.0,1596567800.0,0.010149693611508387,000016
2022-07-29,5.43,5.46,5.3,5.31,20156050.0,107919292.0,1596567800.0,0.012624612622151091,000016
2022-08-01,5.34,5.48,5.27,5.45,17469995.0,94335453.0,1596567800.0,0.01094221930318274,000016
2022-08-02,5.36,5.43,5.06,5.16,23105399.0,120120193.0,1596567800.0,0.014471918449063046,000016
2022-08-03,5.14,5.29,5.04,5.07,16403061.0,85058301.0,1596567800.0,0.010273952036362001,000016
2022-08-04,5.1,5.19,5.06,5.15,10458439.0,53640009.0,1596567800.0,0.006550576179727538,000016
2022-08-05,5.19,5.67,5.11,5.49,53987331.0,295983523.0,1596567800.0,0.03381461845842062,000016
2022-08-08,5.46,5.51,5.25,5.34,38215696.0,205083447.0,1596567800.0,0.02393615604673976,000016
2022-08-09,5.33,5.4,5.27,5.36,18219238.0,96969296.0,1596567800.0,0.011411502850051216,000016
2022-08-10,5.33,5.46,5.31,5.4,18066801.0,97474898.0,1596567800.0,0.011316024912941373,000016
2022-08-11,5.4,5.53,5.4,5.52,21085731.0,115649990.0,1596567800.0,0.013206912352860931,000016
2022-08-12,5.52,5.55,5.46,5.47,12424103.0,68357263.0,1596567800.0,0.00778175721695001,000016
2022-08-15,5.45,5.57,5.39,5.54,15813373.0,86635763.0,1596567800.0,0.009904604740243414,000016
2022-08-16,5.53,5.6,5.48,5.55,12024900.0,66556100.0,1596567800.0,0.0075317189786741285,000016
2022-08-17,5.56,5.58,5.51,5.55,10017496.0,55540838.0,1596567800.0,0.006274394360201928,000016
2022-08-18,5.56,5.57,5.49,5.55,11400778.0,63041709.0,1596567800.0,0.007140804167539894,000016
2022-08-19,5.58,5.84,5.56,5.6,19284380.0,109020127.0,1596567800.0,0.012078647709167127,000016
2022-08-22,5.56,5.65,5.51,5.6,11634353.0,64986958.0,1596567800.0,0.00728710237047246,000016
2022-08-23,5.56,5.82,5.56,5.81,34149501.0,195952017.0,1596567800.0,0.021389320891978404,000016
2022-08-24,5.81,5.96,5.56,5.58,35950424.0,206156553.0,1596567800.0,0.02251731746061771,000016
2022-08-25,5.61,5.64,5.26,5.34,25201047.0,135516229.0,1596567800.0,0.015784514130874994,000016
2022-08-26,5.38,5.4,5.25,5.26,12371450.0,65719595.0,1596567800.0,0.007748778348154084,000016
2022-08-29,5.23,5.6,5.13,5.53,25735086.0,140766877.0,1596567800.0,0.016119006032816144,000016
2022-08-30,5.53,5.69,5.48,5.66,24857864.0,138927322.0,1596567800.0,0.015569563660246687,000016
2022-08-31,5.66,5.81,5.57,5.6,25813540.0,147567918.0,1596567800.0,0.016168145192455966,000016
2022-09-01,5.58,5.65,5.44,5.45,16283785.0,89880593.0,1596567800.0,0.01019924427888374,000016
2022-09-02,5.47,5.59,5.44,5.57,10274865.0,56868212.0,1596567800.0,0.0064355957824027265,000016
2022-09-05,5.57,5.82,5.53,5.68,18866345.0,107289602.0,1596567800.0,0.011816814168493188,000016
2022-09-06,5.71,5.78,5.64,5.7,12647466.0,71941262.0,1596567800.0,0.007921659199189662,000016
2022-09-07,5.75,5.77,5.64,5.67,9604371.0,54416825.0,1596567800.0,0.0060156361665317315,000016
2022-09-08,5.7,5.71,5.53,5.53,12355900.0,69063914.0,1596567800.0,0.007739038705402927,000016
2022-09-09,5.54,5.62,5.5,5.58,9254459.0,51432114.0,1596567800.0,0.005796471029918053,000016
2022-09-13,5.58,5.68,5.55,5.57,7684700.0,43046053.0,1596567800.0,0.004813262549827198,000016
2022-09-14,5.5,5.51,5.37,5.43,11240298.0,61030360.0,1596567800.0,0.007040288548973617,000016
2022-09-15,5.46,5.49,5.23,5.31,11101266.0,59195221.0,1596567800.0,0.006953206747624498,000016
2022-09-16,5.31,5.34,5.16,5.16,9779600.0,51161703.0,1596567800.0,0.006125389726637353,000016
2022-09-19,5.16,5.23,5.03,5.06,11117010.0,56550000.0,1596567800.0,0.006963067901031199,000016
2022-09-20,5.1,5.15,5.05,5.07,7816797.0,39765830.0,1596567800.0,0.004896000658412377,000016
2022-09-21,5.08,5.11,5.0,5.1,10351745.0,52325931.0,1596567800.0,0.006483749077239313,000016
2022-09-22,5.05,5.13,5.02,5.07,10097617.0,51244782.0,1596567800.0,0.006324577634598418,000016
2022-09-23,5.08,5.11,4.95,5.0,11459441.0,57645680.0,1596567800.0,0.007177547361283373,000016
2022-09-26,4.95,4.99,4.84,4.85,10757150.0,52851775.0,1596567800.0,0.006737671898431122,000016
2022-09-27,4.88,5.07,4.88,5.05,8591772.0,42703937.0,1596567800.0,0.005381401278417365,000016
2022-09-28,5.05,5.08,4.96,4.97,6066740.0,30400324.0,1596567800.0,0.003799863682582099,000016
2022-09-29,5.02,5.05,4.85,4.87,8395827.0,41338348.0,1596567800.0,0.005258672384599013,000016
2022-09-30,4.85,4.93,4.79,4.81,6860673.0,33214240.0,1596567800.0,0.004297138524276889,000016
2022-10-10,4.9,4.93,4.7,4.71,6709433.0,32034999.0,1596567800.0,0.004202410320438631,000016
2022-10-11,4.71,4.82,4.7,4.78,6893954.0,32891171.0,1596567800.0,0.0043179838651387055,000016
2022-10-12,4.79,5.02,4.74,5.01,8436041.0,41152157.0,1596567800.0,0.005283860165537599,000016
2022-10-13,4.98,5.08,4.96,5.02,7562489.0,38017543.0,1596567800.0,0.004736716473926131,000016
2022-10-14,5.04,5.11,5.03,5.09,7607689.0,38639682.0,1596567800.0,0.00476502720398094,000016
2022-10-17,5.03,5.14,5.03,5.12,8571424.0,43620537.0,1596567800.0,0.005368656439144019,000016
2022-10-18,5.13,5.16,5.1,5.11,5682300.0,29094771.0,1596567800.0,0.003559072154655756,000016
2022-10-19,5.11,5.13,5.02,5.03,7143200.0,36218606.0,1596567800.0,0.004474097498396248,000016
2022-10-20,5.05,5.13,4.97,5.09,9663504.0,48874505.0,1596567800.0,0.0060526737417602935,000016
2022-10-21,5.08,5.13,5.04,5.06,6430890.0,32680227.0,1596567800.0,0.004027946699163042,000016
2022-10-24,5.07,5.13,4.9,4.93,11268424.0,56362162.0,1596567800.0,0.007057905088653297,000016
2022-10-25,4.96,4.98,4.86,4.92,7919754.0,38958560.0,1596567800.0,0.0049604871149223975,000016
2022-10-26,4.96,5.07,4.9,5.04,7924019.0,39756361.0,1596567800.0,0.004963158470313631,000016
2022-10-27,5.02,5.14,5.02,5.11,9689416.0,49514009.0,1596567800.0,0.006068903556742156,000016
2022-10-28,5.11,5.12,4.89,4.91,10165417.0,50664509.0,1596567800.0,0.006367043729680631,000016
2022-10-31,4.89,4.99,4.83,4.86,13656304.0,66944526.0,1596567800.0,0.008553538409079776,000016
2022-11-01,4.86,5.02,4.86,5.02,12046500.0,59785399.0,1596567800.0,0.007545248000116249,000016
2022-11-02,5.07,5.18,5.05,5.1,11646986.0,59477758.0,1596567800.0,0.007295014968985345,000016
2022-11-03,5.09,5.09,5.01,5.04,7170381.0,36194097.0,1596567800.0,0.004491122143387835,000016
2022-11-04,5.04,5.13,5.01,5.12,9795107.0,49813655.0,1596567800.0,0.006135102436614343,000016
2022-11-07,5.1,5.17,5.09,5.15,9584313.0,49260067.0,1596567800.0,0.006003072966898117,000016
2022-11-08,5.15,5.18,5.07,5.13,7569624.0,38687104.0,1596567800.0,0.004741185435407128,000016
2022-11-09,5.15,5.15,5.09,5.11,6799074.0,34794001.0,1596567800.0,0.004258556385767018,000016
2022-11-10,5.09,5.18,5.05,5.09,11313900.0,57681294.0,1596567800.0,0.007086388689537645,000016
2022-11-11,5.14,5.19,5.1,5.13,14251314.0,73354740.0,1596567800.0,0.008926219105759243,000016
2022-11-14,5.16,5.21,5.12,5.13,11384323.0,58801555.0,1596567800.0,0.0071304976838440556,000016
2022-11-15,5.11,5.27,5.08,5.27,13869761.0,72268131.0,1596567800.0,0.008687235831763613,000016
2022-11-16,5.23,5.28,5.19,5.21,9781934.0,51107853.0,1596567800.0,0.006126851612565405,000016
2022-11-17,5.18,5.2,5.1,5.2,12615905.0,65036742.0,1596567800.0,0.007901891169294533,000016
2022-11-18,5.19,5.23,5.11,5.12,8871145.0,45882066.0,1596567800.0,0.005556384764868739,000016
2022-11-21,5.13,5.13,4.99,5.01,12236734.0,61509006.0,1596567800.0,0.007664399845719048,000016
2022-11-22,5.0,5.03,4.92,4.93,14015996.0,69651396.0,1596567800.0,0.008778829185957527,000016
2022-11-23,4.93,4.97,4.86,4.96,9930204.0,48855639.0,1596567800.0,0.006219719575955371,000016
2022-11-24,4.93,4.97,4.91,4.92,9407300.0,46465423.0,1596567800.0,0.0058922020098363505,000016
2022-11-25,4.91,4.93,4.87,4.92,5896766.0,28926988.0,1596567800.0,0.0036934015580171414,000016
2022-11-28,4.88,4.88,4.78,4.84,11375732.0,54904807.0,1596567800.0,0.007125116766102887,000016
2022-11-29,4.9,5.0,4.86,4.98,12994827.0,64226450.0,1596567800.0,0.008139226533317282,000016
2022-11-30,4.99,4.99,4.91,4.93,8654264.0,42843751.0,1596567800.0,0.0054205427417488945,000016
2022-12-01,4.97,5.01,4.96,4.97,9662128.0,48213116.0,1596567800.0,0.006051811892986944,000016
2022-12-02,4.95,5.0,4.95,4.97,7143890.0,35546159.0,1596567800.0,0.004474529675470093,000016
2022-12-05,4.99,5.09,4.99,5.07,13635016.0,68963812.0,1596567800.0,0.008540204806836265,000016
2022-12-06,5.07,5.12,5.03,5.07,10597500.0,53889842.0,1596567800.0,0.00663767614504063,000016
2022-12-07,5.08,5.08,5.02,5.06,8309000.0,41969738.0,1596567800.0,0.005204288850119613,000016
2022-12-08,5.06,5.07,5.01,5.02,7866837.0,39541308.0,1596567800.0,0.004927342891419957,000016
2022-12-09,5.03,5.09,5.01,5.07,11369554.0,57427333.0,1596567800.0,0.0071212472154330055,000016
2022-12-12,5.06,5.07,4.93,4.93,11419500.0,56811098.0,1596567800.0,0.007152530572143569,000016
2022-12-13,4.98,4.98,4.91,4.94,6722166.0,33231800.0,1596567800.0,0.004210385553310044,000016
2022-12-14,4.95,5.02,4.91,4.91,6554240.0,32504907.0,1596567800.0,0.004105206180407747,000016
2022-12-15,4.91,4.99,4.9,4.94,6172720.0,30537877.0,1596567800.0,0.003866243575750432,000016
2022-12-16,4.91,4.93,4.85,4.89,7625500.0,37203992.0,1596567800.0,0.004776183009578422,000016
2022-12-19,4.91,4.94,4.72,4.75,14228604.0,68063608.0,1596567800.0,0.008911994842937455,000016
2022-12-20,4.75,4.76,4.64,4.73,7999237.0,37704413.0,1596567800.0,0.005010270782111477,000016
2022-12-21,4.78,4.78,4.64,4.67,10451990.0,49037486.0,1596567800.0,0.006546536889946045,000016
2022-12-22,4.67,4.71,4.57,4.59,7128619.0,33092560.0,1596567800.0,0.004464964782579231,000016
2022-12-23,4.6,4.66,4.56,4.61,4988351.0,22980699.0,1596567800.0,0.003124421649991939,000016
2022-12-26,4.61,4.65,4.58,4.61,6066900.0,27951856.0,1596567800.0,0.003799963897555744,000016
2022-12-27,4.6,4.64,4.57,4.63,5484300.0,25252746.0,1596567800.0,0.0034350561247696466,000016
2022-12-28,4.63,4.63,4.54,4.57,6604732.0,30265286.0,1596567800.0,0.0041368315207158755,000016
2022-12-29,4.55,4.57,4.5,4.5,6073973.0,27467397.0,1596567800.0,0.0038043940257344536,000016
2022-12-30,4.52,4.55,4.47,4.51,7876143.0,35436907.0,1596567800.0,0.004933171644824604,000016
2023-01-03,4.51,4.59,4.47,4.59,8912616.0,40412667.0,1596593800.0,0.005582268952816928,000016
2023-01-04,4.56,4.65,4.54,4.63,10659130.0,49120010.0,1596593800.0,0.0066761689792356705,000016
2023-01-05,4.65,4.66,4.6,4.62,6052898.0,27940947.0,1596593800.0,0.003791132096341599,000016
2023-01-06,4.62,4.65,4.6,4.62,6558571.0,30309658.0,1596593800.0,0.004107851978380475,000016
2023-01-09,4.62,4.64,4.58,4.6,6522676.0,30034326.0,1596593800.0,0.004085369741508454,000016
2023-01-10,4.61,4.65,4.58,4.62,7160398.0,33082214.0,1596593800.0,0.004484796320767374,000016
2023-01-11,4.6,4.68,4.6,4.63,9064350.0,42149785.0,1596593800.0,0.005677305022730265,000016
2023-01-12,4.65,4.67,4.61,4.63,7796312.0,36162932.0,1596593800.0,0.0048830904892653345,000016
2023-01-13,4.66,4.67,4.59,4.66,7783202.0,35984648.0,1596593800.0,0.004874879258581613,000016
2023-01-16,4.68,4.76,4.65,4.72,10248333.0,48220047.0,1596593800.0,0.006418873103478167,000016
2023-01-17,4.79,4.79,4.67,4.72,11086606.0,52251826.0,1596593800.0,0.006943911469529695,000016
2023-01-18,4.72,4.76,4.7,4.72,5730000.0,27076374.0,1596593800.0,0.003588890298834932,000016
2023-01-19,4.7,4.77,4.7,4.76,6136987.0,29097651.0,1596593800.0,0.0038437998443937335,000016
2023-01-20,4.77,4.8,4.74,4.78,6910000.0,32996699.0,1596593800.0,0.004327963693708444,000016
2023-01-30,4.83,4.88,4.8,4.81,10814408.0,52300678.0,1596593800.0,0.00677342477466717,000016
2023-01-31,4.69,4.72,4.64,4.71,16439114.0,76850134.0,1596593800.0,0.010296365926010737,000016
2023-02-01,4.75,4.81,4.69,4.79,10130302.0,48155266.0,1596593800.0,0.006344946347655866,000016
2023-02-02,4.8,4.85,4.78,4.81,11374000.0,54912696.0,1596593800.0,0.007123915926518066,000016
2023-02-03,4.83,4.85,4.75,4.8,10020730.0,48070530.0,1596593800.0,0.006276317745941391,000016
2023-02-06,4.79,4.8,4.71,4.74,7497212.0,35605327.0,1596593800.0,0.004695754173666464,000016
2023-02-07,4.75,4.79,4.72,4.79,9466330.0,44960102.0,1596593800.0,0.005929078517027938,000016
2023-02-08,4.8,4.8,4.74,4.74,7870100.0,37469831.0,1596593800.0,0.004929306377113578,000016
2023-02-09,4.78,4.87,4.72,4.84,14083854.0,67598725.0,1596593800.0,0.008821187956510917,000016
2023-02-10,4.84,4.88,4.77,4.82,16458035.0,79462687.0,1596593800.0,0.010308216779997516,000016
2023-02-13,4.83,4.85,4.8,4.84,9484405.0,45874211.0,1596593800.0,0.005940399492970597,000016
2023-02-14,4.87,4.88,4.81,4.83,9337560.0,45197721.0,1596593800.0,0.005848425566978902,000016
2023-02-15,4.84,4.97,4.83,4.9,16992852.0,83434497.0,1596593800.0,0.010643190522222998,000016
2023-02-16,4.88,4.97,4.8,4.84,18688500.0,91718789.0,1596593800.0,0.011705231474655608,000016
2023-02-17,4.83,4.89,4.78,4.79,10937548.0,52857058.0,1596593800.0,0.006850551467755919,000016
2023-02-20,4.79,4.91,4.76,4.91,14952894.0,72637137.0,1596593800.0,0.009365496721833694,000016
2023-02-21,4.95,4.97,4.83,4.87,28328084.0,138438065.0,1596593800.0,0.01774282475605254,000016
2023-02-22,4.87,4.89,4.81,4.88,15087158.0,73204209.0,1596593800.0,0.00944959074750259,000016
2023-02-23,4.91,4.92,4.83,4.87,11471813.0,55932375.0,1596593800.0,0.0071851794739526105,000016
2023-02-24,4.89,4.89,4.83,4.85,7311000.0,35484433.0,1596593800.0,0.00457912338128834,000016
2023-02-27,4.81,4.88,4.8,4.81,8584244.0,41508545.0,1596593800.0,0.00537659860635811,000016
2023-02-28,4.82,4.84,4.75,4.81,12485436.0,59831513.0,1596593800.0,0.007820045399149114,000016
2023-03-01,4.78,4.88,4.78,4.86,11698900.0,56702953.0,1596593800.0,0.007327411643462476,000016
2023-03-02,4.85,4.87,4.82,4.83,9610370.0,46561260.0,1596593800.0,0.006019295577873345,000016
2023-03-03,4.84,4.87,4.83,4.87,11062420.0,53643888.0,1596593800.0,0.00692876297026833,000016
2023-03-06,4.89,4.9,4.8,4.81,10078100.0,48683605.0,1596593800.0,0.006312250492266724,000016
2023-03-07,4.8,4.84,4.69,4.69,13020109.0,61958012.0,1596593800.0,0.008154928949367084,000016
2023-03-08,4.69,4.71,4.66,4.7,8129064.0,38093336.0,1596593800.0,0.005091504175952581,000016
2023-03-09,4.69,4.72,4.65,4.7,6872293.0,32198516.0,1596593800.0,0.004304346540741922,000016
2023-03-10,4.68,4.71,4.62,4.62,7589906.0,35398605.0,1596593800.0,0.004753811520500706,000016
2023-03-13,4.6,4.65,4.57,4.64,7616456.0,35115812.0,1596593800.0,0.00477044067188536,000016
2023-03-14,4.64,4.64,4.5,4.6,9754665.0,44527904.0,1596593800.0,0.0061096723537320515,000016
2023-03-15,4.59,4.68,4.59,4.68,7142288.0,33230581.0,1596593800.0,0.0044734534231562215,000016
2023-03-16,4.66,4.67,4.58,4.6,7330014.0,33862586.0,1596593800.0,0.004591032484279971,000016
2023-03-17,4.6,4.68,4.6,4.65,7358400.0,34181038.0,1596593800.0,0.004608811583760378,000016
2023-03-20,4.68,4.71,4.62,4.65,5396279.0,25176983.0,1596593800.0,0.0033798696950971497,000016
2023-03-21,4.65,4.67,4.63,4.66,6664673.0,30972766.0,1596593800.0,0.0041743072032473134,000016
2023-03-22,4.64,4.74,4.64,4.73,13102350.0,61644760.0,1596593800.0,0.00820643923332284,000016
2023-03-23,4.72,4.86,4.7,4.85,20289186.0,97519348.0,1596593800.0,0.012707794556135693,000016
2023-03-24,4.87,5.2,4.85,5.11,54185879.0,273662416.0,1596593800.0,0.033938425039606195,000016
2023-03-27,5.08,5.18,4.93,5.03,28987341.0,146039376.0,1596593800.0,0.018155739424767902,000016
2023-03-28,4.99,5.01,4.82,4.84,24553100.0,119725970.0,1596593800.0,0.015378426247176958,000016
2023-03-29,4.82,5.25,4.82,4.97,49988454.0,253422040.0,1596593800.0,0.03130943762903251,000016
2023-03-30,4.93,5.15,4.81,5.08,47260519.0,237322391.0,1596593800.0,0.02960084086509668,000016
2023-03-31,5.05,5.11,4.95,5.09,29154888.0,146653980.0,1596593800.0,0.01826067970450593,000016
2023-04-03,5.21,5.29,5.12,5.16,46027420.0,239041800.0,1596593800.0,0.02882850979378725,000016
2023-04-04,5.15,5.35,5.1,5.2,47804749.0,250581679.0,1596593800.0,0.029941710283479743,000016
2023-04-06,5.17,5.6,5.17,5.37,58943134.0,316744649.0,1596593800.0,0.03691805266937652,000016
2023-04-07,5.3,5.47,5.28,5.32,37686054.0,201419516.0,1596593800.0,0.023604033787429212,000016
2023-04-10,5.32,5.32,5.16,5.18,26318060.0,137636385.0,1596593800.0,0.016483879619224377,000016
2023-04-11,5.18,5.28,5.14,5.17,24634031.0,128087556.0,1596593800.0,0.015429116034397729,000016
2023-04-12,5.17,5.24,5.13,5.19,20189470.0,104756405.0,1596593800.0,0.012645339096268568,000016
2023-04-13,5.16,5.17,5.04,5.04,28218455.0,143727357.0,1596593800.0,0.017674160453335093,000016
2023-04-14,5.07,5.1,4.97,5.05,21960917.0,110553001.0,1596593800.0,0.013754855492987633,000016
2023-04-17,5.1,5.19,5.06,5.13,18274888.0,93805524.0,1596593800.0,0.01144617247041796,000016
2023-04-18,5.13,5.13,5.01,5.02,15553180.0,78505015.0,1596593800.0,0.009741475884473558,000016
2023-04-19,5.02,5.13,4.99,5.04,13963000.0,70476610.0,1596593800.0,0.008745493061541388,000016
2023-04-20,5.03,5.09,5.01,5.05,14309300.0,72270257.0,1596593800.0,0.0089623923129352,000016
2023-04-21,5.05,5.06,4.84,4.86,21605700.0,106311053.0,1596593800.0,0.013532371226795445,000016
2023-04-24,4.88,4.93,4.78,4.82,14234700.0,68889547.0,1596593800.0,0.008915667842377942,000016
2023-04-25,4.82,4.84,4.64,4.71,13855342.0,65281102.0,1596593800.0,0.008678063261926734,000016
2023-04-26,4.71,4.75,4.65,4.7,12599780.0,59292566.0,1596593800.0,0.007891662863779127,000016
2023-04-27,4.72,4.72,4.64,4.68,10719746.0,50078537.0,1596593800.0,0.006714134803730292,000016
2023-04-28,4.67,4.74,4.67,4.74,9361987.0,44059353.0,1596593800.0,0.005863725012586169,000016
2023-05-04,4.78,4.88,4.77,4.82,13415268.0,64609907.0,1596593800.0,0.008402430223642357,000016
2023-05-05,4.83,4.83,4.69,4.76,12294946.0,58399390.0,1596593800.0,0.007700735152547881,000016
2023-05-08,4.76,4.78,4.69,4.73,11026743.0,52152223.0,1596593800.0,0.0069064172740743454,000016
2023-05-09,4.73,4.86,4.71,4.78,14786562.0,70905737.0,1596593800.0,0.009261317437159033,000016
2023-05-10,4.78,4.85,4.77,4.83,10841980.0,52158817.0,1596593800.0,0.00679069403877179,000016
2023-05-11,4.83,4.85,4.78,4.79,7725148.0,37136009.0,1596593800.0,0.004838518100220607,000016
2023-05-12,4.8,4.86,4.76,4.83,9702988.0,46684545.0,1596593800.0,0.00607730532337029,000016
2023-05-15,4.82,4.84,4.65,4.77,11772868.0,55641896.0,1596593800.0,0.007373740271320106,000016
2023-05-16,4.76,4.77,4.69,4.7,7818476.0,36887669.0,1596593800.0,0.004896972542421247,000016
2023-05-17,4.69,4.74,4.67,4.71,5614503.0,26451353.0,1596593800.0,0.0035165506718114526,000016
2023-05-18,4.72,4.78,4.71,4.75,7787853.0,36980437.0,1596593800.0,0.004877792335157508,000016
2023-05-19,4.74,4.93,4.71,4.84,15935534.0,76938340.0,1596593800.0,0.009980956959747683,000016
2023-05-22,4.9,4.99,4.85,4.89,13765819.0,67373915.0,1596593800.0,0.00862199201825787,000016
2023-05-23,4.86,4.87,4.77,4.77,11361227.0,54558607.0,1596593800.0,0.007115915770185253,000016
2023-05-24,4.75,4.8,4.69,4.7,10419540.0,49295393.0,1596593800.0,0.006526105763407074,000016
2023-05-25,4.71,4.77,4.6,4.68,12128800.0,56702371.0,1596593800.0,0.007596672365882919,000016
2023-05-26,4.66,4.97,4.65,4.82,23268069.0,112222265.0,1596593800.0,0.014573568430492465,000016
2023-05-29,4.81,4.94,4.8,4.83,22695800.0,110874636.0,1596593800.0,0.014215137250313762,000016
2023-05-30,4.86,4.91,4.73,4.82,11702400.0,56006726.0,1596593800.0,0.007329603810311678,000016
2023-05-31,4.82,4.93,4.79,4.92,18161245.0,88676992.0,1596593800.0,0.011374994065491173,000016
2023-06-01,4.9,4.91,4.82,4.85,12250946.0,59547887.0,1596593800.0,0.007673176483586495,000016
2023-06-02,4.86,5.2,4.82,5.08,44748918.0,226178381.0,1596593800.0,0.028027741307776594,000016
2023-06-05,4.99,5.09,4.91,5.07,27352497.0,137231819.0,1596593800.0,0.017131782047506386,000016
2023-06-06,5.09,5.1,4.88,4.89,20224979.0,100181968.0,1596593800.0,0.012667579568453793,000016
2023-06-07,4.94,4.96,4.87,4.95,11708300.0,57633938.0,1596593800.0,0.007333299177286045,000016
2023-06-08,4.94,4.96,4.81,4.9,16244035.0,79416313.0,1596593800.0,0.010174181435503507,000016
2023-06-09,4.95,4.96,4.87,4.92,12683845.0,62278814.0,1596593800.0,0.00794431557983001,000016
2023-06-12,4.9,5.0,4.88,4.98,15956795.0,79041149.0,1596593800.0,0.0099942734338565,000016
2023-06-13,4.97,5.0,4.95,4.99,11189361.0,55626454.0,1596593800.0,0.007008270356555312,000016
2023-06-14,4.98,4.99,4.92,4.93,12160823.0,60138470.0,1596593800.0,0.007616729439886338,000016
2023-06-15,4.95,4.95,4.89,4.93,12936656.0,63758084.0,1596593800.0,0.008102659549348119,000016
2023-06-16,4.9,4.93,4.87,4.91,13690400.0,67123187.0,1596593800.0,0.008574754580657899,000016
2023-06-19,4.89,4.91,4.8,4.8,17821000.0,86286400.0,1596593800.0,0.01116188726274648,000016
2023-06-20,4.81,4.83,4.75,4.81,11154240.0,53432625.0,1596593800.0,0.006986272901723657,000016
2023-06-21,4.8,4.81,4.67,4.68,13785422.0,65014675.0,1596593800.0,0.008634270031613551,000016
2023-06-26,4.65,4.68,4.55,4.56,13768269.0,63470838.0,1596593800.0,0.00862352653505231,000016
2023-06-27,4.59,4.65,4.56,4.63,9605832.0,44359248.0,1596593800.0,0.006016453276970009,000016
2023-06-28,4.63,4.68,4.56,4.65,9382677.0,43285135.0,1596593800.0,0.005876683850331875,000016
2023-06-29,4.64,4.73,4.63,4.7,8984140.0,42089277.0,1596593800.0,0.005627066821880431,000016
2023-06-30,4.69,4.74,4.65,4.72,7613940.0,35857936.0,1596593800.0,0.004768864817087477,000016
2023-07-03,4.73,4.76,4.71,4.74,8646795.0,40883344.0,1596593800.0,0.005415776385953647,000016
2023-07-04,4.73,4.76,4.71,4.72,8746145.0,41388330.0,1596593800.0,0.005478002607801684,000016
2023-07-05,4.71,4.73,4.67,4.68,9390429.0,44103699.0,1596593800.0,0.005881539186736163,000016
2023-07-06,4.66,4.78,4.66,4.74,12078687.0,57326292.0,1596593800.0,0.007565284920936058,000016
2023-07-07,4.73,4.78,4.69,4.76,11360297.0,53924706.0,1596593800.0,0.007115333280136751,000016
2023-07-10,4.77,4.81,4.7,4.73,8646759.0,40867533.0,1596593800.0,0.005415753837951769,000016
2023-07-11,4.73,4.78,4.71,4.76,7271249.0,34573963.0,1596593800.0,0.0045542260028818855,000016
2023-07-12,4.76,4.77,4.69,4.7,8148800.0,38548936.0,1596593800.0,0.0051038654916485335,000016
2023-07-13,4.68,4.77,4.67,4.77,13732797.0,65104435.0,1596593800.0,0.00860130923720235,000016
2023-07-14,4.76,4.85,4.74,4.75,11681460.0,55856856.0,1596593800.0,0.0073164883892196,000016
2023-07-17,4.68,4.69,4.54,4.59,22730643.0,104263617.0,1596593800.0,0.014236960584464251,000016
2023-07-18,4.58,4.74,4.54,4.6,16497286.0,76219744.0,1596593800.0,0.010332800991711228,000016
2023-07-19,4.58,4.61,4.51,4.59,10072560.0,46004731.0,1596593800.0,0.006308780605311132,000016
2023-07-20,4.6,4.63,4.54,4.55,8828308.0,40368665.0,1596593800.0,0.005529464037753372,000016
2023-07-21,4.55,4.59,4.54,4.58,7483596.0,34219841.0,1596593800.0,0.004687226018289687,000016
2023-07-24,4.57,4.6,4.55,4.58,4782930.0,21891748.0,1596593800.0,0.002995708739442681,000016
2023-07-25,4.6,4.65,4.59,4.64,10221495.0,47279951.0,1596593800.0,0.0064020635680784935,000016
2023-07-26,4.63,4.64,4.6,4.63,8209300.0,37951235.0,1596593800.0,0.005141758661470438,000016
2023-07-27,4.62,4.64,4.61,4.62,7993600.0,36966765.0,1596593800.0,0.005006658550221102,000016
2023-07-28,4.6,4.68,4.59,4.67,12210620.0,56673155.0,1596593800.0,0.007647918963483386,000016
2023-07-31,4.68,4.75,4.68,4.73,14353762.0,67690606.0,1596593800.0,0.00899024034792068,000016
2023-08-01,4.72,4.74,4.69,4.73,9555521.0,45123658.0,1596593800.0,0.005984941818012822,000016
2023-08-02,4.73,4.78,4.71,4.76,10267521.0,48838779.0,1596593800.0,0.006430891188478873,000016
2023-08-03,4.75,4.77,4.72,4.77,9983901.0,47404886.0,1596593800.0,0.006253250513687326,000016
2023-08-04,4.78,4.81,4.76,4.76,13460802.0,64390985.0,1596593800.0,0.008430949688017077,000016
2023-08-07,4.77,4.78,4.72,4.74,7519601.0,35649002.0,1596593800.0,0.0047097771518341104,000016
2023-08-08,4.74,4.76,4.7,4.71,6278100.0,29600829.0,1596593800.0,0.003932183627419823,000016
2023-08-09,4.7,4.71,4.65,4.67,7300916.0,34133091.0,1596593800.0,0.004572807435429099,000016
2023-08-10,4.66,4.68,4.63,4.65,7147000.0,33242805.0,1596593800.0,0.004476404706068632,000016
2023-08-11,4.65,4.66,4.56,4.57,10648003.0,49008887.0,1596593800.0,0.006669199767655367,000016
2023-08-14,4.54,4.55,4.45,4.49,14477900.0,65089165.0,1596593800.0,0.009067992121728144,000016
2023-08-15,4.48,4.49,4.42,4.46,10452675.0,46515825.0,1596593800.0,0.006546859320135153,000016
2023-08-16,4.44,4.48,4.42,4.42,7229014.0,32102657.0,1596593800.0,0.004527772812345883,000016
2023-08-17,4.42,4.47,4.36,4.47,7073644.0,31330333.0,1596593800.0,0.004430459394242919,000016
2023-08-18,4.46,4.48,4.38,4.38,6799040.0,30113106.0,1596593800.0,0.004258465741254914,000016
2023-08-21,4.38,4.42,4.32,4.33,8042900.0,35196025.0,1596593800.0,0.005037536786125563,000016
2023-08-22,4.36,4.38,4.27,4.33,8515445.0,36742253.0,1596593800.0,0.005333507495770057,000016
2023-08-23,4.34,4.34,4.22,4.23,8110340.0,34553080.0,1596593800.0,0.005079776709642741,000016
2023-08-24,4.24,4.27,4.2,4.23,8498800.0,35996392.0,1596593800.0,0.005323082176568642,000016
2023-08-25,4.23,4.24,4.12,4.14,10706438.0,44678266.0,1596593800.0,0.006705799559036244,000016
2023-08-28,4.3,4.35,4.18,4.2,13211802.0,56236811.0,1596593800.0,0.008274992675031057,000016
2023-08-29,4.2,4.34,4.18,4.32,10652764.0,45671502.0,1596593800.0,0.006672181740903667,000016
2023-08-30,4.32,4.4,4.32,4.33,10678300.0,46565868.0,1596593800.0,0.006688175790235437,000016
2023-08-31,4.35,4.37,4.28,4.3,5351100.0,23061112.0,1596593800.0,0.003351572579074277,000016
2023-09-01,4.31,4.34,4.28,4.33,6129400.0,26394842.0,1596593800.0,0.003839047852998051,000016
2023-09-04,4.34,4.4,4.32,4.4,7228300.0,31596193.0,1596593800.0,0.004527325610308646,000016
2023-09-05,4.4,4.43,4.36,4.38,7679300.0,33702750.0,1596593800.0,0.004809801967162844,000016
2023-09-06,4.38,4.58,4.33,4.46,21292245.0,95233425.0,1596593800.0,0.013336043895447921,000016
2023-09-07,4.46,4.46,4.33,4.33,10373864.0,45453042.0,1596593800.0,0.006497497359691614,000016
2023-09-08,4.31,4.41,4.3,4.38,6347452.0,27713903.0,1596593800.0,0.00397562110037005,000016
2023-09-11,4.38,4.44,4.35,4.39,11996500.0,52628319.0,1596593800.0,0.007513808458983117,000016
2023-09-12,4.4,4.46,4.36,4.43,9535512.0,42041229.0,1596593800.0,0.005972409513302632,000016
2023-09-13,4.4,4.42,4.32,4.36,9492400.0,41499483.0,1596593800.0,0.005945407028387559,000016
2023-09-14,4.35,4.37,4.3,4.32,5941600.0,25729372.0,1596593800.0,0.0037214224432037756,000016
2023-09-15,4.33,4.37,4.3,4.34,6340000.0,27492981.0,1596593800.0,0.003970953663981408,000016
2023-09-18,4.31,4.37,4.3,4.35,6106500.0,26522389.0,1596593800.0,0.003824704818470421,000016
2023-09-19,4.34,4.36,4.29,4.31,6904002.0,29816540.0,1596593800.0,0.0043242069460622985,000016
2023-09-20,4.3,4.32,4.24,4.26,5301840.0,22709476.0,1596593800.0,0.003320719396505235,000016
2023-09-21,4.24,4.3,4.23,4.27,5724248.0,24453003.0,1596593800.0,0.0035852876292016165,000016
2023-09-22,4.25,4.34,4.25,4.33,6726000.0,28995561.0,1596593800.0,0.004212718350779015,000016
2023-09-25,4.32,4.33,4.23,4.25,8212612.0,34989640.0,1596593800.0,0.0051438330776431675,000016
2023-09-26,4.26,4.26,4.19,4.19,6653696.0,28049544.0,1596593800.0,0.004167431941674833,000016
2023-09-27,4.19,4.21,4.17,4.19,5936429.0,24907264.0,1596593800.0,0.0037181836732674274,000016
2023-09-28,4.21,4.31,4.2,4.3,9541838.0,40658350.0,1596593800.0,0.0059763716982992165,000016
2023-10-09,4.28,4.32,4.24,4.26,5777354.0,24683062.0,1596593800.0,0.0036185496899712377,000016
2023-10-10,4.26,4.3,4.25,4.29,6224500.0,26618091.0,1596593800.0,0.0038986121579577724,000016
2023-10-11,4.3,4.3,4.24,4.25,7569800.0,32268077.0,1596593800.0,0.004741218461452124,000016
2023-10-12,4.28,4.38,4.26,4.37,12805465.0,55445519.0,1596593800.0,0.008020490246172822,000016
2023-10-13,4.34,4.4,4.32,4.35,10013100.0,43663939.0,1596593800.0,0.0062715388222101326,000016
2023-10-16,4.37,4.42,4.35,4.39,12224644.0,53631028.0,1596593800.0,0.007656702662881442,000016
2023-10-17,4.41,4.45,4.32,4.33,10924300.0,47596634.0,1596593800.0,0.006842253803065,000016
2023-10-18,4.34,4.37,4.27,4.28,8640385.0,37160756.0,1596593800.0,0.005411761588952682,000016
2023-10-19,4.26,4.38,4.25,4.25,11180372.0,48170638.0,1596593800.0,0.0070026402457531774,000016
2023-10-20,4.23,4.28,4.14,4.15,11567364.0,48579977.0,1596593800.0,0.007245026255269186,000016
2023-10-23,4.13,4.16,3.98,4.0,12880416.0,52233828.0,1596593800.0,0.008067434559748385,000016
2023-10-24,4.02,4.04,3.92,3.98,12741100.0,50787882.0,1596593800.0,0.007980176297816013,000016
2023-10-25,4.0,4.12,3.96,4.09,15377535.0,62529992.0,1596593800.0,0.009631463556979865,000016
2023-10-26,4.1,4.17,4.05,4.16,11733500.0,48395713.0,1596593800.0,0.007349082778600293,000016
2023-10-27,4.16,4.23,4.13,4.2,11423164.0,47814812.0,1596593800.0,0.007154708981082101,000016
2023-10-30,4.19,4.29,4.18,4.26,9988100.0,42320737.0,1596593800.0,0.006255880487572982,000016
2023-10-31,4.23,4.25,4.19,4.23,11131308.0,46962077.0,1596593800.0,0.006971909824527691,000016
2023-11-01,4.23,4.28,4.19,4.25,10289999.0,43571478.0,1596593800.0,0.006444969910317828,000016
2023-11-02,4.25,4.27,4.18,4.19,8645434.0,36517806.0,1596593800.0,0.005414923946216001,000016
2023-11-03,4.2,4.27,4.18,4.24,8130879.0,34455923.0,1596593800.0,0.005092640971047238,000016
2023-11-06,4.26,4.36,4.24,4.35,14856316.0,64288095.0,1596593800.0,0.009305006696130224,000016
2023-11-07,4.34,4.38,4.31,4.32,7804588.0,33853169.0,1596593800.0,0.004888274024363617,000016
2023-11-08,4.32,4.34,4.27,4.31,10678800.0,45904167.0,1596593800.0,0.00668848895692818,000016
2023-11-09,4.3,4.31,4.21,4.23,9484071.0,40305487.0,1596593800.0,0.005940190297619845,000016
2023-11-10,4.24,4.25,4.19,4.22,7319472.0,30926427.0,1596593800.0,0.004584429677730178,000016
2023-11-13,4.24,4.3,4.23,4.3,8821779.0,37576667.0,1596593800.0,0.005525374707079534,000016
2023-11-14,4.31,4.38,4.28,4.35,13030879.0,56558936.0,1596593800.0,0.008161674559928769,000016
2023-11-15,4.37,4.39,4.34,4.34,10320700.0,44995685.0,1596593800.0,0.006464198971585634,000016
2023-11-16,4.34,4.37,4.31,4.32,7091300.0,30781223.0,1596593800.0,0.00444151793649706,000016
2023-11-17,4.31,4.38,4.31,4.36,8113502.0,35283690.0,1596593800.0,0.005081757175807647,000016
2023-11-20,4.38,4.39,4.34,4.37,9761948.0,42596790.0,1596593800.0,0.006114233939778546,000016
2023-11-21,4.34,4.38,4.32,4.34,10285402.0,44752901.0,1596593800.0,0.006442090655744749,000016
2023-11-22,4.33,4.38,4.31,4.31,9320229.0,40436917.0,1596593800.0,0.005837570583075044,000016
2023-11-23,4.31,4.38,4.28,4.37,10155900.0,44061734.0,1596593800.0,0.006360979229657537,000016
2023-11-24,4.35,4.36,4.26,4.29,11925134.0,51206541.0,1596593800.0,0.007469109550594522,000016
2023-11-27,4.29,4.31,4.23,4.27,8636928.0,36838880.0,1596593800.0,0.005409596354439056,000016
2023-11-28,4.28,4.34,4.23,4.3,8913200.0,38261907.0,1596593800.0,0.005582634731514052,000016
2023-11-29,4.3,4.33,4.26,4.28,8560100.0,36752881.0,1596593800.0,0.005361476413098936,000016
2023-11-30,4.26,4.28,4.18,4.21,8876300.0,37433038.0,1596593800.0,0.0055595230295896175,000016
2023-12-01,4.18,4.2,4.12,4.18,9669100.0,40251264.0,1596593800.0,0.00605608013760294,000016
2023-12-04,4.18,4.21,4.14,4.16,8613944.0,35921461.0,1596593800.0,0.005395200707907046,000016
2023-12-05,4.16,4.16,4.08,4.08,9741700.0,40073391.0,1596593800.0,0.006101551941389225,000016
2023-12-06,4.09,4.13,4.06,4.09,8582100.0,35138568.0,1596593800.0,0.005375255747579628,000016
2023-12-07,4.09,4.11,4.05,4.09,9060936.0,36979333.0,1596593800.0,0.005675166720552216,000016
2023-12-08,4.08,4.12,4.02,4.02,9164821.0,37273177.0,1596593800.0,0.005740233364303431,000016
2023-12-11,4.01,4.09,3.98,4.08,11436072.0,46132990.0,1596593800.0,0.007162793692421955,000016
2023-12-12,4.08,4.1,4.04,4.09,7495349.0,30479456.0,1596593800.0,0.004694587314569304,000016
2023-12-13,4.08,4.08,4.01,4.02,9440833.0,38163786.0,1596593800.0,0.0059131088946982,000016
2023-12-14,4.03,4.08,4.02,4.04,8526920.0,34524316.0,1596593800.0,0.005340694671368509,000016
2023-12-15,4.03,4.08,4.01,4.01,7309584.0,29490616.0,1596593800.0,0.004578236493214492,000016
2023-12-18,4.01,4.02,3.92,3.94,13629092.0,53955172.0,1596593800.0,0.00853635533346052,000016
2023-12-19,3.94,3.95,3.85,3.89,15418849.0,60220931.0,1596593800.0,0.009657339894467836,000016
2023-12-20,3.91,3.91,3.82,3.83,12359520.0,47680068.0,1596593800.0,0.007741180004582255,000016
2023-12-21,3.81,3.83,3.74,3.82,13378844.0,50717013.0,1596593800.0,0.008379616656409414,000016
2023-12-22,3.82,3.83,3.75,3.76,13032756.0,49225996.0,1596593800.0,0.008162850187693325,000016
2023-12-25,3.76,3.79,3.72,3.75,7895200.0,29628015.0,1596593800.0,0.004945027345089277,000016
2023-12-26,3.74,3.75,3.66,3.66,10327402.0,38095985.0,1596593800.0,0.006468396657935162,000016
2023-12-27,3.7,3.75,3.66,3.74,14865451.0,55200165.0,1596593800.0,0.009310728251606639,000016
2023-12-28,3.74,3.81,3.7,3.79,10174926.0,38328230.0,1596593800.0,0.0063728958486497945,000016
2023-12-29,3.86,4.17,3.84,4.17,28390673.0,116478995.0,1596593800.0,0.017782026336316727,000016
2024-01-02,4.35,4.35,4.03,4.03,91625140.0,378940305.0,1596593800.0,0.05738788413183115,000016
2024-01-03,4.09,4.14,3.98,4.04,42760100.0,173133220.0,1596593800.0,0.026782078196721043,000016
2024-01-04,3.99,4.03,3.89,3.94,37871300.0,149033494.0,1596593800.0,0.023720059541756957,000016
2024-01-05,3.92,3.94,3.8,3.86,29567400.0,114709780.0,1596593800.0,0.018519049742019542,000016
2024-01-08,3.85,3.87,3.7,3.7,23489350.0,88341962.0,1596593800.0,0.014712164108366198,000016
2024-01-09,3.7,3.77,3.67,3.7,19648296.0,73003696.0,1596593800.0,0.012306383752711553,000016
2024-01-10,3.7,3.72,3.61,3.65,18976400.0,69409143.0,1596593800.0,0.011885552856337035,000016
2024-01-11,3.65,3.79,3.63,3.78,19744522.0,73670396.0,1596593800.0,0.012366653309063332,000016
2024-01-12,3.77,3.77,3.71,3.72,16490917.0,61690185.0,1596593800.0,0.01032881187437907,000016
2024-01-15,3.7,3.8,3.69,3.76,17797569.0,66815853.0,1596593800.0,0.011147211645191156,000016
2024-01-16,3.76,3.76,3.65,3.74,15305481.0,56690878.0,1596593800.0,0.009586333731222056,000016
2024-01-17,3.73,3.77,3.67,3.68,12942680.0,48077275.0,1596593800.0,0.008106432581662286,000016
2024-01-18,3.64,3.66,3.47,3.57,26097000.0,92475707.0,1596593800.0,0.016345422361028834,000016
2024-01-19,3.54,3.61,3.52,3.54,15997268.0,57041196.0,1596593800.0,0.010019623024967277,000016
2024-01-22,3.52,3.89,3.51,3.63,65242586.0,242738338.0,1596593800.0,0.04086360976724324,000016
2024-01-23,3.61,3.63,3.45,3.54,43883237.0,155092204.0,1596593800.0,0.027485536396295664,000016
2024-01-24,3.52,3.8,3.52,3.69,44521232.0,162129229.0,1596593800.0,0.02788513396456882,000016
2024-01-25,3.64,3.82,3.61,3.81,40242795.0,150326996.0,1596593800.0,0.025205406033770143,000016
2024-01-26,3.79,3.82,3.73,3.78,32963948.0,124469594.0,1596593800.0,0.020646421149825334,000016
2024-01-29,3.79,3.8,3.63,3.65,24066620.0,88985647.0,1596593800.0,0.015073727581805717,000016
2024-01-30,3.63,3.66,3.48,3.49,20114946.0,71757326.0,1596593800.0,0.012598662227048607,000016
2024-01-31,3.4,3.44,3.14,3.14,42314148.0,135784907.0,1596593800.0,0.02650276357079678,000016
2024-02-01,3.06,3.14,3.01,3.05,24907574.0,76475092.0,1596593800.0,0.015600445147663733,000016
2024-02-02,3.07,3.14,2.75,2.9,36288111.0,106452978.0,1596593800.0,0.022728455415522722,000016
2024-02-05,2.89,2.89,2.61,2.61,39576710.0,104914692.0,1596593800.0,0.024788214760698684,000016
2024-02-06,2.45,2.74,2.41,2.66,46133170.0,116823027.0,1596593800.0,0.028894744549302395,000016
2024-02-07,2.66,2.77,2.64,2.74,30926671.0,84227390.0,1596593800.0,0.01937040654924252,000016
2024-02-08,2.75,3.01,2.75,3.01,24869831.0,73963169.0,1596593800.0,0.015576805446695334,000016
2024-02-19,3.09,3.11,2.96,3.01,37561710.0,114058895.0,1596593800.0,0.023526152988944338,000016
2024-02-20,3.02,3.06,2.94,3.04,21060412.0,63272071.0,1596593800.0,0.01319083914769054,000016
2024-02-21,3.0,3.18,2.97,3.08,26508720.0,82308643.0,1596593800.0,0.016603296342501142,000016
2024-02-22,3.06,3.16,3.05,3.14,19633300.0,61136002.0,1596593800.0,0.012296991257262805,000016
2024-02-23,3.13,3.21,3.11,3.21,19794263.0,62663197.0,1596593800.0,0.012397807757990792,000016
2024-02-26,3.29,3.38,3.25,3.29,29534500.0,97670436.0,1596593800.0,0.01849844337363705,000016
2024-02-27,3.26,3.37,3.26,3.37,20699122.0,68581341.0,1596593800.0,0.012964551158848293,000016
2024-02-28,3.38,3.45,3.13,3.14,36708800.0,121591768.0,1596593800.0,0.02299194698112945,000016
2024-02-29,3.11,3.28,3.08,3.28,22216117.0,71610519.0,1596593800.0,0.013914695772963668,000016
2024-03-01,3.28,3.33,3.25,3.31,14889576.0,49045796.0,1596593800.0,0.009325838544531489,000016
2024-03-04,3.32,3.37,3.26,3.36,23974544.0,79875213.0,1596593800.0,0.015016057309003706,000016
2024-03-05,3.33,3.34,3.25,3.28,15172347.0,49966156.0,1596593800.0,0.009502947462278758,000016
2024-03-06,3.26,3.35,3.22,3.3,14009887.0,45950653.0,1596593800.0,0.008774859954986673,000016
2024-03-07,3.32,3.35,3.25,3.25,14312599.0,47276504.0,1596593800.0,0.00896445858677392,000016
2024-03-08,3.26,3.3,3.21,3.28,15524310.0,50533427.0,1596593800.0,0.009723393639634577,000016
2024-03-11,3.28,3.35,3.25,3.35,15565258.0,51281613.0,1596593800.0,0.00974904073910346,000016
2024-03-12,3.35,3.69,3.34,3.49,85215742.0,305011441.0,1596593800.0,0.053373464183563785,000016
2024-03-13,3.48,3.59,3.41,3.48,68307426.0,238734392.0,1596593800.0,0.042783221380416236,000016
2024-03-14,3.48,3.52,3.36,3.4,40001960.0,136688773.0,1596593800.0,0.025054563032876617,000016
2024-03-15,3.39,3.44,3.33,3.42,24832195.0,83979403.0,1596593800.0,0.01555323276339918,000016
2024-03-18,3.42,3.48,3.4,3.48,28512300.0,98077834.0,1596593800.0,0.017858205386993235,000016
2024-03-19,3.48,3.5,3.42,3.44,21584316.0,74603463.0,1596593800.0,0.01351897771368021,000016
2024-03-20,3.47,3.49,3.44,3.49,21998932.0,76272068.0,1596593800.0,0.013778665556636885,000016
2024-03-21,3.54,3.61,3.49,3.56,30695036.0,108648707.0,1596593800.0,0.019225325815495464,000016
2024-03-22,3.58,3.64,3.48,3.53,31451899.0,111145933.0,1596593800.0,0.019699374380634575,000016
2024-03-25,3.49,3.56,3.42,3.43,24105900.0,84070587.0,1596593800.0,0.015098329957187608,000016
2024-03-26,3.41,3.45,3.36,3.41,16609737.0,56521513.0,1596593800.0,0.010403232807242518,000016
2024-03-27,3.37,3.43,3.3,3.3,15906600.0,53371089.0,1596593800.0,0.00996283462957203,000016
2024-03-28,3.31,3.43,3.31,3.4,19277606.0,65139117.0,1596593800.0,0.012074208230045739,000016
2024-03-29,3.41,3.42,3.35,3.4,10424636.0,35229798.0,1596593800.0,0.00652929755833951,000016
2024-04-01,3.41,3.51,3.38,3.5,18430200.0,63783151.0,1596593800.0,0.011543449561184567,000016
2024-04-02,3.49,3.5,3.38,3.41,18808018.0,64324123.0,1596593800.0,0.011780089588222126,000016
2024-04-03,3.4,3.4,3.3,3.34,15537336.0,51922173.0,1596593800.0,0.009731552258313918,000016
2024-04-08,3.34,3.34,3.23,3.23,13327549.0,43704981.0,1596593800.0,0.008347488885400907,000016
2024-04-09,3.23,3.28,3.22,3.27,9667936.0,31437114.0,1596593800.0,0.0060553510855422335,000016
2024-04-10,3.26,3.26,3.14,3.18,12671379.0,40366724.0,1596593800.0,0.007936507707846542,000016
2024-04-11,3.14,3.22,3.13,3.16,10696816.0,34000189.0,1596593800.0,0.006699772979201097,000016
2024-04-12,3.18,3.27,3.17,3.18,13796333.0,44315011.0,1596593800.0,0.00864110395518259,000016
2024-04-15,3.15,3.18,2.93,3.04,21307297.0,64909625.0,1596593800.0,0.013345471465566257,000016
2024-04-16,3.01,3.03,2.82,2.83,20254000.0,58711200.0,1596593800.0,0.012685756389633982,000016
2024-04-17,2.86,3.01,2.86,3.01,18682305.0,55343237.0,1596593800.0,0.011701351339332521,000016
2024-04-18,3.0,3.09,2.95,3.0,19755589.0,59775174.0,1596593800.0,0.012373584940640506,000016
2024-04-19,2.97,3.01,2.92,2.93,15174469.0,44800240.0,1596593800.0,0.00950427654172276,000016
2024-04-22,2.93,2.98,2.87,2.92,11931800.0,34908828.0,1596593800.0,0.007473284688942172,000016
2024-04-23,2.91,2.95,2.89,2.94,11829848.0,34644676.0,1596593800.0,0.007409428747625101,000016
2024-04-24,2.92,2.99,2.92,2.99,11058000.0,32807535.0,1596593800.0,0.0069259945767044815,000016
2024-04-25,2.98,3.04,2.95,2.98,11192500.0,33572069.0,1596593800.0,0.007010236417052352,000016
2024-04-26,2.97,3.06,2.97,3.04,15692588.0,47647959.0,1596593800.0,0.009828791769077395,000016
2024-04-29,3.0,3.11,3.0,3.09,23100486.0,71069209.0,1596593800.0,0.01446860560275256,000016
2024-04-30,3.11,3.12,3.05,3.07,14336000.0,44164884.0,1596593800.0,0.008979115414327677,000016
2024-05-06,3.1,3.16,3.1,3.13,16041400.0,50228943.0,1596593800.0,0.010047264369935546,000016
2024-05-07,3.12,3.14,3.09,3.12,10237809.0,31843586.0,1596593800.0,0.006412281570929312,000016
2024-05-08,3.12,3.12,3.04,3.04,11649402.0,35753835.0,1596593800.0,0.007296409393547689,000016
2024-05-09,3.05,3.13,3.04,3.1,11464432.0,35545095.0,1596593800.0,0.007180556507234338,000016
2024-05-10,3.11,3.11,3.03,3.05,12792119.0,39176949.0,1596593800.0,0.008012131200810124,000016
2024-05-13,3.04,3.05,2.96,2.99,16244600.0,48739035.0,1596593800.0,0.010174535313866306,000016
2024-05-14,2.99,3.04,2.96,2.97,16355100.0,48895081.0,1596593800.0,0.010243745152962513,000016
2024-05-15,2.96,3.01,2.93,2.94,11393979.0,33773034.0,1596593800.0,0.007136429441226691,000016
2024-05-16,2.95,3.01,2.95,2.97,14054400.0,41922957.0,1596593800.0,0.008802739932974812,000016
2024-05-17,2.98,3.02,2.94,3.02,14486950.0,43311883.0,1596593800.0,0.009073660438866793,000016
2024-05-20,3.02,3.05,2.96,2.97,20046000.0,60250131.0,1596593800.0,0.01255547904545289,000016
2024-05-21,2.97,2.98,2.9,2.91,17907375.0,52484472.0,1596593800.0,0.011215986808917834,000016
2024-05-22,2.9,2.94,2.9,2.92,10523600.0,30669471.0,1596593800.0,0.0065912820155007495,000016
2024-05-23,2.92,2.92,2.79,2.81,19633726.0,55658535.0,1596593800.0,0.012297258075285023,000016
2024-05-24,2.79,2.82,2.73,2.73,14022200.0,38720509.0,1596593800.0,0.008782571997962162,000016
2024-05-27,2.74,2.78,2.66,2.73,14286648.0,38596175.0,1596593800.0,0.00894820460908717,000016
2024-05-28,2.73,2.76,2.67,2.69,11427860.0,30960512.0,1596593800.0,0.007157650242660344,000016
2024-05-29,2.67,2.74,2.64,2.66,12856700.0,34454252.0,1596593800.0,0.008052580437178198,000016
2024-05-30,2.64,2.7,2.61,2.69,13204144.0,35267408.0,1596593800.0,0.008270196213965004,000016
2024-05-31,2.69,2.75,2.68,2.72,10895758.0,29672108.0,1596593800.0,0.006824376995576458,000016
2024-06-03,2.73,2.73,2.59,2.6,15624880.0,41123521.0,1596593800.0,0.009786383988212907,000016
2024-06-04,2.59,2.59,2.5,2.52,22352710.0,56617555.0,1596593800.0,0.01400024852908736,000016
2024-06-05,2.53,2.54,2.49,2.49,15322834.0,38512359.0,1596593800.0,0.009597202494460394,000016
2024-06-06,2.48,2.53,2.32,2.35,29821304.0,71312231.0,1596593800.0,0.018678078293927987,000016
2024-06-07,2.36,2.44,2.34,2.41,18477300.0,44178511.0,1596593800.0,0.011572949863640958,000016
2024-06-11,2.41,2.46,2.34,2.45,15395212.0,37082650.0,1596593800.0,0.009642535252235102,000016
2024-06-12,2.45,2.51,2.44,2.47,11140420.0,27607011.0,1596593800.0,0.00697761697433624,000016
2024-06-13,2.48,2.5,2.4,2.42,11024100.0,26886783.0,1596593800.0,0.006904761874936506,000016
2024-06-14,2.42,2.44,2.38,2.43,10824148.0,26086209.0,1596593800.0,0.006779525261841803,000016
2024-06-17,2.42,2.43,2.36,2.39,10095872.0,24180864.0,1596593800.0,0.006323381689193582,000016
2024-06-18,2.38,2.44,2.37,2.43,10631920.0,25714245.0,1596593800.0,0.006659126447816596,000016
2024-06-19,2.43,2.44,2.37,2.38,9655100.0,23102285.0,1596593800.0,0.006047311470206135,000016
2024-06-20,2.39,2.39,2.28,2.29,16379160.0,37920439.0,1596593800.0,0.010258814734217307,000016
2024-06-21,2.28,2.31,2.2,2.22,21633389.0,48474293.0,1596593800.0,0.013549713771906167,000016
2024-06-24,2.21,2.22,2.06,2.1,28970344.0,61305916.0,1596593800.0,0.018145093636214797,000016
2024-06-25,2.1,2.13,2.05,2.09,15409964.0,32122812.0,1596593800.0,0.009651774922337791,000016
2024-06-26,2.09,2.22,2.04,2.22,22615553.0,48409060.0,1596593800.0,0.014164875875128664,000016
2024-06-27,2.22,2.24,2.14,2.14,13837710.0,30112608.0,1596593800.0,0.008667019751673844,000016
2024-06-28,2.14,2.21,2.12,2.13,16904365.0,36749654.0,1596593800.0,0.010587768159941495,000016
2024-07-01,2.11,2.15,2.09,2.14,12770200.0,27041113.0,1596593800.0,0.007998402599333657,000016
2024-07-02,2.13,2.22,2.11,2.16,15429752.0,33464173.0,1596593800.0,0.00966416880736979,000016
2024-07-03,2.16,2.23,2.14,2.18,16002400.0,35047893.0,1596593800.0,0.01002283736790159,000016
2024-07-04,2.19,2.2,2.09,2.1,15260104.0,32358957.0,1596593800.0,0.009557912601188856,000016
2024-07-05,2.1,2.15,2.07,2.14,12962900.0,27448442.0,1596593800.0,0.008119097042716813,000016
2024-07-08,2.13,2.13,2.04,2.05,16034500.0,33149257.0,1596593800.0,0.010042942669575693,000016
2024-07-09,1.95,2.02,1.88,1.98,44744708.0,87152799.0,1596593800.0,0.028025104444223698,000016
2024-07-10,1.98,1.98,1.87,1.93,33766844.0,64990769.0,1596593800.0,0.021149301719698522,000016
2024-07-11,1.97,2.06,1.96,2.04,28255004.0,56960263.0,1596593800.0,0.017697052312241224,000016
2024-07-12,2.06,2.14,2.04,2.1,28420721.0,59665588.0,1596593800.0,0.01780084640188381,000016
2024-07-15,2.11,2.14,2.05,2.07,24296600.0,50594304.0,1596593800.0,0.015217771733799793,000016
2024-07-16,2.09,2.18,2.06,2.15,23576924.0,50525183.0,1596593800.0,0.014767014628266751,000016
2024-07-17,2.15,2.17,2.09,2.12,21430902.0,45464615.0,1596593800.0,0.013422889403679257,000016
2024-07-18,2.1,2.26,2.05,2.14,41638034.0,89657497.0,1596593800.0,0.02607929080020228,000016
2024-07-19,2.1,2.11,2.03,2.1,34802200.0,72184034.0,1596593800.0,0.021797779748361792,000016
2024-07-22,2.09,2.12,2.05,2.1,20728622.0,43261470.0,1596593800.0,0.012983027993720132,000016
2024-07-23,2.1,2.15,2.07,2.07,19079437.0,40244560.0,1596593800.0,0.011950088369377358,000016
2024-07-24,2.06,2.09,2.01,2.02,16351500.0,33379886.0,1596593800.0,0.010241490352774763,000016
2024-07-25,2.0,2.03,1.96,2.01,13574900.0,27145482.0,1596593800.0,0.008502413074634263,000016
2024-07-26,2.03,2.1,2.02,2.07,18919100.0,39154439.0,1596593800.0,0.011849663953348685,000016
2024-07-29,2.09,2.28,2.05,2.28,54539504.0,119903863.0,1596593800.0,0.03415991218304869,000016
2024-07-30,2.29,2.41,2.26,2.3,86534713.0,200734436.0,1596593800.0,0.054199579755351675,000016
2024-07-31,2.32,2.53,2.32,2.53,25072279.0,61719452.0,1596593800.0,0.01570360538792021,000016
2024-08-01,2.78,2.78,2.6,2.78,36185000.0,100125693.0,1596593800.0,0.022663873553811872,000016
2024-08-02,3.06,3.06,3.06,3.06,18876229.0,57761261.0,1596593800.0,0.011822812414779513,000016
2024-08-05,3.37,3.37,2.87,2.95,211466937.0,664992428.0,1596593800.0,0.13244880256957028,000016
2024-08-06,2.77,2.88,2.66,2.66,100472773.0,272074865.0,1596593800.0,0.06292945206225904,000016
2024-08-07,2.5,2.53,2.39,2.39,98101137.0,237226146.0,1596593800.0,0.061444017257238505,000016
2024-08-08,2.35,2.46,2.34,2.37,92630504.0,220772963.0,1596593800.0,0.05801757716959693,000016
2024-08-09,2.34,2.38,2.27,2.28,62438579.0,144755485.0,1596593800.0,0.03910736657000672,000016
2024-08-12,2.26,2.3,2.21,2.23,48199404.0,107911824.0,1596593800.0,0.03018889588572873,000016
2024-08-13,2.24,2.3,2.2,2.27,39287736.0,88549306.0,1596593800.0,0.024607220696961245,000016
2024-08-14,2.27,2.31,2.25,2.26,31710226.0,72123261.0,1596593800.0,0.01986117320510702,000016
2024-08-15,2.26,2.49,2.24,2.49,65841802.0,157833885.0,1596593800.0,0.04123891875316064,000016
2024-08-16,2.51,2.55,2.39,2.42,97469512.0,240080712.0,1596593800.0,0.061048409432630894,000016
2024-08-19,2.42,2.66,2.42,2.66,110019437.0,281186566.0,1596593800.0,0.06890884644547661,000016
2024-08-20,2.59,2.89,2.52,2.7,143413753.0,384315107.0,1596593800.0,0.0898248214417468,000016
2024-08-21,2.76,2.92,2.7,2.9,151713776.0,429620039.0,1596593800.0,0.09502340294694868,000016
2024-08-22,2.79,2.83,2.61,2.61,115152160.0,311705479.0,1596593800.0,0.07212364221882861,000016
2024-08-23,2.63,2.87,2.6,2.87,106909791.0,294708700.0,1596593800.0,0.06696117133863354,000016
2024-08-26,2.94,3.16,2.87,3.04,205631850.0,621562256.0,1596593800.0,0.1287940927742548,000016
2024-08-27,2.89,3.18,2.78,2.95,145814498.0,428740755.0,1596593800.0,0.09132848818528545,000016
2024-08-28,3.0,3.05,2.78,2.88,113679615.0,329349146.0,1596593800.0,0.07120133812369808,000016
2024-08-29,2.76,2.85,2.68,2.7,99067927.0,271415701.0,1596593800.0,0.06204955011099254,000016
2024-08-30,2.71,2.86,2.65,2.77,98218945.0,273305978.0,1596593800.0,0.06151780434071584,000016
2024-09-02,2.77,2.83,2.62,2.64,74614127.0,201593192.0,1596593800.0,0.04673331876899434,000016
2024-09-03,2.58,2.85,2.54,2.69,80643900.0,218932281.0,1596593800.0,0.05050996690579658,000016
2024-09-04,2.69,2.7,2.57,2.59,58220002.0,152278584.0,1596593800.0,0.036465130955663234,000016
2024-09-05,2.56,2.69,2.54,2.6,55443156.0,144491219.0,1596593800.0,0.034725899599509905,000016
2024-09-06,2.59,2.61,2.47,2.5,49737384.0,124840653.0,1596593800.0,0.031152184105938528,000016
2024-09-09,2.5,2.5,2.42,2.49,31709756.0,78260285.0,1596593800.0,0.019860878828415845,000016
2024-09-10,2.49,2.56,2.44,2.54,52924016.0,133017956.0,1596593800.0,0.033148078114796635,000016
2024-09-11,2.5,2.51,2.43,2.47,31464915.0,77442843.0,1596593800.0,0.01970752673598006,000016
2024-09-12,2.47,2.54,2.47,2.51,34382086.0,86007979.0,1596593800.0,0.021534648324451715,000016
2024-09-13,2.5,2.6,2.45,2.46,43696600.0,109971518.0,1596593800.0,0.02736863941222871,000016
2024-09-18,2.46,2.64,2.45,2.58,58533000.0,149341696.0,1596593800.0,0.036661172052653596,000016
2024-09-19,2.57,2.68,2.5,2.6,69904300.0,180739645.0,1596593800.0,0.04378339687903084,000016
2024-09-20,2.59,2.72,2.56,2.62,64567795.0,170440134.0,1596593800.0,0.04044096563571774,000016
2024-09-23,2.69,2.88,2.61,2.88,73740228.0,204064994.0,1596593800.0,0.04618596664975149,000016
2024-09-24,2.97,2.97,2.79,2.9,131847502.0,378820394.0,1596593800.0,0.08258049229553566,000016
2024-09-25,2.9,2.97,2.83,2.87,102678978.0,297824366.0,1596593800.0,0.06431127190898524,000016
2024-09-26,2.85,2.93,2.82,2.92,79593900.0,230902976.0,1596593800.0,0.04985231685103625,000016
2024-09-27,2.94,3.1,2.92,3.03,99702291.0,299194064.0,1596593800.0,0.062446873462743,000016
2024-09-30,3.11,3.32,3.03,3.31,122032513.0,391563473.0,1596593800.0,0.07643303700665754,000016
2024-10-08,3.64,3.64,3.32,3.64,134497920.0,477447318.0,1596593800.0,0.08424053757442876,000016
2024-10-09,3.6,3.63,3.28,3.28,107478374.0,368006566.0,1596593800.0,0.06731729385395334,000016
2024-10-10,3.25,3.39,3.12,3.21,73855950.0,239683984.0,1596593800.0,0.04625844720178671,000016
2024-10-11,3.19,3.23,3.01,3.06,44342620.0,137960824.0,1596593800.0,0.027773263305920393,000016
2024-10-14,3.08,3.2,3.05,3.19,48487750.0,151982994.0,1596593800.0,0.030369496612100085,000016
2024-10-15,3.16,3.19,3.07,3.07,46740067.0,146445723.0,1596593800.0,0.029274864401953708,000016
2024-10-16,3.02,3.11,2.99,3.09,32374858.0,99489654.0,1596593800.0,0.02027745441576937,000016
2024-10-17,3.11,3.35,3.11,3.13,71843277.0,230051282.0,1596593800.0,0.044997842907820385,000016
2024-10-18,3.15,3.44,3.15,3.44,61408072.0,208132819.0,1596593800.0,0.038461925631929676,000016
2024-10-21,3.78,3.78,3.67,3.78,91288132.0,342941801.0,1596593800.0,0.057176804770255274,000016
2024-10-22,4.16,4.16,4.02,4.16,76854779.0,318904905.0,1596593800.0,0.04813671392185038,000016
2024-10-23,4.57,4.58,3.89,3.97,328172858.0,1410463971.0,1596593800.0,0.20554561717576506,000016
2024-10-24,3.63,4.37,3.63,4.37,188697374.0,768198932.0,1596593800.0,0.11818746508974293,000016
2024-10-25,4.81,4.81,4.81,4.81,21660578.0,104187380.0,1596593800.0,0.013566743150324146,000016
2024-10-28,5.29,5.29,5.29,5.29,9034878.0,47794505.0,1596593800.0,0.005658845725193221,000016
2024-10-29,5.82,5.82,5.82,5.82,13953767.0,81210924.0,1596593800.0,0.008739710125393197,000016
2024-10-30,6.4,6.4,6.4,6.4,18699052.0,119673933.0,1596593800.0,0.011711840544539257,000016
2024-10-31,7.04,7.04,7.04,7.04,13491381.0,94979322.0,1596593800.0,0.008450102336611854,000016
2024-11-01,7.74,7.74,7.58,7.74,424973015.0,3288005942.0,1596593800.0,0.266174787225154,000016
2024-11-04,7.0,7.47,6.97,6.97,423591387.0,2994188888.0,1596593800.0,0.26530942748243164,000016
2024-11-05,6.98,7.35,6.34,6.98,402838838.0,2804203231.0,1596593800.0,0.252311413209797,000016
2024-11-06,6.78,6.98,6.29,6.36,287051590.0,1902586828.0,1596593800.0,0.17978999417384683,000016
2024-11-07,6.24,6.73,5.72,6.38,330290586.0,2027904941.0,1596593800.0,0.20687202092354362,000016
2024-11-08,6.19,6.67,6.09,6.41,237428634.0,1521446122.0,1596593800.0,0.14870948014454272,000016
2024-11-11,6.21,6.39,6.06,6.07,170028515.0,1045340936.0,1596593800.0,0.10649453542911165,000016
2024-11-12,6.01,6.14,5.81,5.88,142973846.0,850114693.0,1596593800.0,0.0895492930011378,000016
2024-11-13,5.86,5.92,5.6,5.79,120431121.0,690882412.0,1596593800.0,0.07543003173380732,000016
2024-11-14,5.75,6.02,5.66,5.95,154674411.0,908527285.0,1596593800.0,0.09687774748968711,000016
2024-11-15,5.8,5.87,5.36,5.36,148948840.0,827500986.0,1596593800.0,0.0932916312214165,000016
2024-11-18,5.23,5.35,4.93,4.95,144113952.0,730834188.0,1596593800.0,0.09026337945193073,000016
2024-11-19,4.92,5.28,4.92,5.17,118989849.0,602769237.0,1596593800.0,0.07452731496264109,000016
2024-11-20,5.19,5.52,5.19,5.35,137782488.0,735274957.0,1596593800.0,0.08629777216972782,000016
2024-11-21,5.35,5.86,5.29,5.55,188426641.0,1050250856.0,1596593800.0,0.11801789597329014,000016
2024-11-22,5.46,5.46,5.05,5.05,138772067.0,727057531.0,1596593800.0,0.0869175785350037,000016
2024-11-25,5.01,5.19,4.86,4.98,88925479.0,439946679.0,1596593800.0,0.05569699631803656,000016
2024-11-26,4.98,5.05,4.89,4.89,56528360.0,279958620.0,1596593800.0,0.03540559909477289,000016
2024-11-27,4.86,4.98,4.71,4.97,71924656.0,349389899.0,1596593800.0,0.045048813292397856,000016
2024-11-28,5.17,5.38,5.09,5.11,126698400.0,660166808.0,1596593800.0,0.07935543780766278,000016
2024-11-29,5.02,5.1,4.88,5.03,98563100.0,490812044.0,1596593800.0,0.06173336010699779,000016
2024-12-02,5.01,5.35,4.94,5.25,113437563.0,585904313.0,1596593800.0,0.07104973287507442,000016
2024-12-03,5.27,5.43,5.13,5.32,120489582.0,633654211.0,1596593800.0,0.07546664780985621,000016
2024-12-04,5.34,5.45,5.07,5.1,98830934.0,516735103.0,1596593800.0,0.06190111348296605,000016
2024-12-05,5.05,5.25,5.02,5.22,73889297.0,380829285.0,1596593800.0,0.046279333541192506,000016
2024-12-06,5.21,5.24,5.08,5.2,67456076.0,349166499.0,1596593800.0,0.042249992452682704,000016
2024-12-09,5.16,5.25,5.05,5.09,59201302.0,303220234.0,1596593800.0,0.03707975190684067,000016
2024-12-10,5.24,5.5,5.2,5.28,124136349.0,659790996.0,1596593800.0,0.07775073973104493,000016
2024-12-11,5.22,5.44,5.16,5.42,102154199.0,548217100.0,1596593800.0,0.06398258530128327,000016
2024-12-12,5.4,5.64,5.31,5.57,155885912.0,859286473.0,1596593800.0,0.09763655101253682,000016
2024-12-13,5.47,5.48,5.2,5.2,132427273.0,703131846.0,1596593800.0,0.08294362222877227,000016
2024-12-16,5.17,5.18,5.06,5.07,77082816.0,393513531.0,1596593800.0,0.04827954110807646,000016
2024-12-17,5.05,5.06,4.85,4.86,62058802.0,304975372.0,1596593800.0,0.03886949955586699,000016
2024-12-18,4.85,5.07,4.8,4.97,53491128.0,264676446.0,1596593800.0,0.03350327929370639,000016
2024-12-19,4.89,5.47,4.84,5.47,125529975.0,658054904.0,1596593800.0,0.07862361422172627,000016
2024-12-20,5.5,5.8,5.33,5.59,265528835.0,1482606979.0,1596593800.0,0.16630957416971054,000016
2024-12-23,5.48,5.79,5.32,5.34,167058105.0,927679005.0,1596593800.0,0.1046340684775301,000016
2024-12-24,5.29,5.4,5.1,5.22,118361978.0,620140581.0,1596593800.0,0.0741340583935626,000016
2024-12-25,5.21,5.49,5.0,5.17,140225393.0,733202073.0,1596593800.0,0.08782784512879857,000016
2024-12-26,5.07,5.35,5.05,5.22,108859148.0,561775078.0,1596593800.0,0.06818211870796442,000016
2024-12-27,5.13,5.74,5.1,5.52,315611879.0,1776588281.0,1596593800.0,0.19767825667367617,000016
