日期,开盘,最高,最低,收盘,成交量,成交额,outstanding_share,换手率,股票代码
2020-01-02,7.9,7.98,7.8,7.81,20467207.0,160973443.0,512717581.0,0.03991906608718378,000537
2020-01-03,7.81,7.81,7.65,7.71,15591131.0,120125107.0,512717581.0,0.030408809016439792,000537
2020-01-06,7.65,7.73,7.61,7.66,12484936.0,95715275.0,512717581.0,0.024350512763087796,000537
2020-01-07,7.65,7.93,7.65,7.89,20642263.0,161034463.0,512717581.0,0.040260493817550605,000537
2020-01-08,7.8,7.86,7.71,7.72,14193826.0,110200775.0,512717581.0,0.02768351725391683,000537
2020-01-09,7.79,7.92,7.79,7.88,12185612.0,95691105.0,512717581.0,0.023766713784679056,000537
2020-01-10,7.92,7.93,7.77,7.83,7732163.0,60515704.0,512717581.0,0.01508074481261059,000537
2020-01-13,7.83,7.88,7.74,7.87,8938194.0,69844513.0,512717581.0,0.0174329773957956,000537
2020-01-14,7.86,7.91,7.78,7.79,9427528.0,73944217.0,512717581.0,0.018387370258715587,000537
2020-01-15,7.8,7.83,7.66,7.68,9168449.0,70617203.0,512717581.0,0.017882064785291613,000537
2020-01-16,7.72,7.73,7.51,7.61,6824336.0,52067213.0,512717581.0,0.013310126769380277,000537
2020-01-17,7.63,7.67,7.56,7.58,5383715.0,40955818.0,512717581.0,0.010500351849647224,000537
2020-01-20,7.61,7.62,7.51,7.61,5453294.0,41156667.0,512717581.0,0.01063605813821313,000537
2020-01-21,7.61,7.61,7.42,7.45,8525306.0,63862543.0,512717581.0,0.016627684159712868,000537
2020-01-22,7.46,7.59,7.37,7.55,6829651.0,51192011.0,512717581.0,0.013320493100079593,000537
2020-01-23,7.47,7.52,7.15,7.23,9391425.0,68778833.0,512717581.0,0.018316955275227826,000537
2020-02-03,6.51,6.51,6.51,6.51,3637300.0,23678823.0,512717581.0,0.007094158918650383,000537
2020-02-04,6.18,6.51,6.18,6.48,12098783.0,77468615.0,512717581.0,0.02359736324313794,000537
2020-02-05,6.52,6.72,6.42,6.55,12544554.0,82417408.0,512717581.0,0.024466791202153063,000537
2020-02-06,6.57,6.62,6.47,6.58,9172668.0,60161198.0,512717581.0,0.017890293486932333,000537
2020-02-07,6.57,6.58,6.47,6.57,7705564.0,50254180.0,512717581.0,0.01502886634971856,000537
2020-02-10,6.48,6.68,6.44,6.65,11365936.0,74799139.0,512717581.0,0.022168024700522215,000537
2020-02-11,6.62,6.75,6.61,6.66,11763194.0,78736537.0,512717581.0,0.022942833317822195,000537
2020-02-12,6.65,6.66,6.55,6.63,9997867.0,66030741.0,512717581.0,0.019499754583215668,000537
2020-02-13,6.65,6.81,6.62,6.62,15266722.0,102493220.0,512717581.0,0.029776084467834935,000537
2020-02-14,6.6,6.8,6.58,6.78,13392939.0,90039789.0,512717581.0,0.02612147407521803,000537
2020-02-17,6.75,6.91,6.73,6.89,14012142.0,95658894.0,512717581.0,0.027329162328841618,000537
2020-02-18,6.91,6.92,6.75,6.84,14407651.0,98144759.0,512717581.0,0.02810055971144863,000537
2020-02-19,6.84,6.91,6.78,6.86,10217171.0,70108578.0,512717581.0,0.019927483235648982,000537
2020-02-20,6.88,6.91,6.76,6.89,11967933.0,81863976.0,512717581.0,0.023342154518395577,000537
2020-02-21,6.89,6.9,6.81,6.85,13274433.0,90900393.0,512717581.0,0.025890340982865575,000537
2020-02-24,6.81,6.83,6.63,6.7,19144905.0,128353033.0,512717581.0,0.03734005953659701,000537
2020-02-25,6.55,6.65,6.48,6.62,15876474.0,104361739.0,512717581.0,0.030965339571611062,000537
2020-02-26,6.56,7.02,6.52,6.89,29396321.0,201973266.0,512717581.0,0.05733433392836982,000537
2020-02-27,6.9,6.9,6.77,6.79,13831560.0,94368766.0,512717581.0,0.026976956735173863,000537
2020-02-28,6.65,6.76,6.55,6.55,15477218.0,102618915.0,512717581.0,0.030186634072140388,000537
2020-03-02,6.6,6.87,6.59,6.81,14893018.0,100796585.0,512717581.0,0.029047215371380056,000537
2020-03-03,6.9,6.9,6.73,6.77,15790195.0,107332266.0,512717581.0,0.0307970617453822,000537
2020-03-04,6.78,7.39,6.74,7.23,36720942.0,259318963.0,512717581.0,0.07162021229773277,000537
2020-03-05,7.17,7.39,7.1,7.35,32082814.0,233282458.0,512717581.0,0.06257404697811601,000537
2020-03-06,7.23,7.26,7.07,7.13,16889106.0,120442536.0,512717581.0,0.03294036839356987,000537
2020-03-09,7.19,7.29,7.1,7.17,24402189.0,175232284.0,512717581.0,0.04759382144143795,000537
2020-03-10,7.07,7.21,6.97,7.19,19115802.0,135914755.0,512717581.0,0.03728329729344702,000537
2020-03-11,7.22,7.58,7.13,7.32,29754199.0,219644975.0,512717581.0,0.05803233612931248,000537
2020-03-12,7.14,7.37,7.07,7.26,20998848.0,151556520.0,512717581.0,0.04095597416231374,000537
2020-03-13,6.95,7.68,6.88,7.57,38251204.0,280506868.0,512717581.0,0.07460482225983978,000537
2020-03-16,7.62,7.88,7.34,7.34,49600293.0,379345584.0,512717581.0,0.09673998871515194,000537
2020-03-17,7.34,7.48,6.93,7.09,25531475.0,182452691.0,512717581.0,0.04979637123073414,000537
2020-03-18,7.15,7.18,6.74,6.78,28356790.0,197130086.0,512717581.0,0.05530684152607593,000537
2020-03-19,6.78,6.78,6.45,6.64,17593170.0,116631233.0,512717581.0,0.03431356881830818,000537
2020-03-20,6.7,6.78,6.64,6.78,10308105.0,69134427.0,512717581.0,0.020104840134202457,000537
2020-03-23,6.53,6.63,6.48,6.49,9388607.0,61490658.0,512717581.0,0.01831145907204614,000537
2020-03-24,6.65,6.65,6.48,6.65,11034215.0,72823038.0,512717581.0,0.021521038889438824,000537
2020-03-25,6.8,6.95,6.66,6.87,15753143.0,107110351.0,512717581.0,0.030724795840382933,000537
2020-03-26,6.75,6.81,6.67,6.69,11131800.0,74979206.0,512717581.0,0.021711367841704653,000537
2020-03-27,6.79,6.9,6.7,6.74,11323200.0,76953480.0,512717581.0,0.022084672770368685,000537
2020-03-30,6.66,6.7,6.51,6.65,9780457.0,64493157.0,512717581.0,0.019075719972239454,000537
2020-03-31,6.71,6.75,6.58,6.63,7351578.0,49067173.0,512717581.0,0.01433845507240369,000537
2020-04-01,6.62,6.75,6.55,6.65,5867200.0,39172051.0,512717581.0,0.011443336872819268,000537
2020-04-02,6.6,6.73,6.58,6.73,7100174.0,47257310.0,512717581.0,0.013848118853564337,000537
2020-04-03,6.73,6.73,6.62,6.67,5819100.0,38790229.0,512717581.0,0.011349523042784054,000537
2020-04-07,6.76,6.8,6.7,6.77,8862080.0,59810947.0,512717581.0,0.01728452529892865,000537
2020-04-08,6.75,6.75,6.68,6.74,6432031.0,43188801.0,512717581.0,0.012544978441065004,000537
2020-04-09,6.77,6.78,6.7,6.71,6000227.0,40386380.0,512717581.0,0.011702791599806677,000537
2020-04-10,6.74,6.77,6.6,6.63,8123055.0,54346313.0,512717581.0,0.01584313723776911,000537
2020-04-13,6.58,6.61,6.54,6.57,3597183.0,23630829.0,512717581.0,0.0070159150637746515,000537
2020-04-14,6.57,6.69,6.56,6.68,4577325.0,30409384.0,512717581.0,0.008927575666651462,000537
2020-04-15,6.64,6.71,6.59,6.61,4645900.0,30850870.0,512717581.0,0.009061323762174639,000537
2020-04-16,6.57,6.65,6.57,6.65,4398093.0,29099857.0,512717581.0,0.00857800310147742,000537
2020-04-17,6.68,6.7,6.63,6.67,5430863.0,36216785.0,512717581.0,0.0105923089069965,000537
2020-04-20,6.66,6.67,6.61,6.63,4747115.0,31496730.0,512717581.0,0.009258732635501336,000537
2020-04-21,6.61,6.62,6.49,6.56,5235540.0,34251054.0,512717581.0,0.01021135259256889,000537
2020-04-22,6.52,6.59,6.5,6.59,3437188.0,22498185.0,512717581.0,0.0067038621794402635,000537
2020-04-23,6.58,6.59,6.5,6.53,3818217.0,24997109.0,512717581.0,0.007447017893462873,000537
2020-04-24,6.53,6.54,6.39,6.42,4276827.0,27610280.0,512717581.0,0.008341486928648932,000537
2020-04-27,6.44,6.54,6.41,6.44,3977419.0,25752521.0,512717581.0,0.00775752411735614,000537
2020-04-28,6.45,6.46,6.28,6.35,4782161.0,30330929.0,512717581.0,0.009327086055198096,000537
2020-04-29,6.35,6.52,6.31,6.51,5590044.0,36118245.0,512717581.0,0.010902774172668755,000537
2020-04-30,6.66,6.73,6.61,6.66,12120464.0,80722878.0,512717581.0,0.023639649680746954,000537
2020-05-06,6.63,6.66,6.58,6.64,7066349.0,46760680.0,512717581.0,0.01378214686186078,000537
2020-05-07,6.63,6.63,6.52,6.56,7826951.0,51331125.0,512717581.0,0.015265618519915742,000537
2020-05-08,6.57,6.63,6.56,6.61,6348895.0,41927186.0,512717581.0,0.0123828306952478,000537
2020-05-11,6.62,6.64,6.56,6.59,4413476.0,29098119.0,512717581.0,0.008608005973565397,000537
2020-05-12,6.57,6.59,6.5,6.57,3478786.0,22794991.0,512717581.0,0.0067849945640931705,000537
2020-05-13,6.52,6.56,6.5,6.53,2816309.0,18386639.0,512717581.0,0.005492905069701521,000537
2020-05-14,6.53,6.54,6.45,6.45,3588508.0,23251162.0,512717581.0,0.006998995417713207,000537
2020-05-15,6.5,6.5,6.44,6.45,2682528.0,17370035.0,512717581.0,0.005231979747540586,000537
2020-05-18,6.49,6.49,6.39,6.47,3304189.0,21338181.0,512717581.0,0.006444462063414205,000537
2020-05-19,6.48,6.51,6.43,6.45,3000593.0,19407078.0,512717581.0,0.005852331012616476,000537
2020-05-20,6.44,6.47,6.32,6.34,3882172.0,24806325.0,512717581.0,0.007571755180363125,000537
2020-05-21,6.36,6.42,6.32,6.34,2819005.0,17941202.0,512717581.0,0.0054981633251230365,000537
2020-05-22,6.35,6.38,6.3,6.31,3514702.0,22292507.0,512717581.0,0.006855044824374767,000537
2020-05-25,6.31,6.45,6.3,6.39,3175703.0,20315486.0,512717581.0,0.006193864064123052,000537
2020-05-26,6.43,6.48,6.38,6.47,3377595.0,21774777.0,512717581.0,0.006587632500161917,000537
2020-05-27,6.48,6.51,6.43,6.46,2820581.0,18266392.0,512717581.0,0.005501237142090511,000537
2020-05-28,6.48,6.57,6.43,6.48,4020625.0,26122552.0,512717581.0,0.00784179273150378,000537
2020-05-29,6.47,6.52,6.44,6.47,2812957.0,18223860.0,512717581.0,0.005486367357471208,000537
2020-06-01,6.5,6.64,6.5,6.61,6350167.0,41733102.0,512717581.0,0.012385311593206319,000537
2020-06-02,6.78,6.91,6.72,6.74,15585647.0,105964205.0,512717581.0,0.030398113069580894,000537
2020-06-03,6.69,6.84,6.69,6.75,9686222.0,65477655.0,512717581.0,0.018891924831420985,000537
2020-06-04,6.75,6.81,6.66,6.8,8159105.0,55066976.0,512717581.0,0.0159134488505086,000537
2020-06-05,6.81,6.89,6.77,6.83,6097457.0,41642090.0,512717581.0,0.011892428163098235,000537
2020-06-08,6.88,7.15,6.87,7.1,18659420.0,131619177.0,512717581.0,0.036393173730471316,000537
2020-06-09,7.12,7.13,6.9,6.94,12329458.0,85789496.0,512717581.0,0.024047269797054217,000537
2020-06-10,6.94,7.1,6.82,7.07,7803951.0,54176975.0,512717581.0,0.015220759515948801,000537
2020-06-11,7.08,7.78,7.08,7.34,22320733.0,165803767.0,512717581.0,0.04353416739965466,000537
2020-06-12,7.13,7.51,7.13,7.4,12876310.0,95034494.0,512717581.0,0.025113845276938142,000537
2020-06-15,7.41,7.61,7.34,7.43,11222799.0,83753818.0,512717581.0,0.02188885151570412,000537
2020-06-16,7.43,7.48,7.35,7.43,6408368.0,47537364.0,512717581.0,0.012498826327548928,000537
2020-06-17,7.43,7.46,7.3,7.37,7212311.0,53139747.0,512717581.0,0.014066829902600901,000537
2020-06-18,7.38,7.59,7.37,7.46,7713597.0,57753010.0,512717581.0,0.015044533844451884,000537
2020-06-19,7.44,7.52,7.43,7.51,6921158.0,51825869.0,512717581.0,0.013498967572949288,000537
2020-06-22,7.55,7.55,7.34,7.35,8377708.0,61928739.0,512717581.0,0.016339810278516664,000537
2020-06-23,7.4,7.41,7.21,7.28,6353795.0,46290954.0,512717581.0,0.012392387613484235,000537
2020-06-24,7.31,7.46,7.3,7.38,6312518.0,46670491.0,512717581.0,0.01231188130449539,000537
2020-06-29,7.4,7.4,7.15,7.24,6768377.0,48957606.0,512717581.0,0.013200984812728706,000537
2020-06-30,7.3,7.38,7.21,7.3,4830425.0,35369613.0,512717581.0,0.009421219749435508,000537
2020-07-01,7.31,7.74,7.27,7.56,13290634.0,99972480.0,512717581.0,0.025921939275181594,000537
2020-07-02,7.59,7.75,7.54,7.71,13871126.0,106343444.0,512717581.0,0.027054125924345862,000537
2020-07-03,7.79,7.9,7.65,7.73,15169365.0,117413878.0,512717581.0,0.029586200204825823,000537
2020-07-06,7.81,8.23,7.8,8.13,22505665.0,182150209.0,512717581.0,0.043894857196246605,000537
2020-07-07,8.26,8.34,8.05,8.08,21772978.0,177959913.0,512717581.0,0.04246583071626717,000537
2020-07-08,8.02,8.16,7.91,8.12,15255121.0,122414826.0,512717581.0,0.029753457976312306,000537
2020-07-09,8.06,8.17,8.02,8.13,14103922.0,114211906.0,512717581.0,0.027508169258584483,000537
2020-07-10,7.81,7.94,7.64,7.72,16870901.0,131261307.0,512717581.0,0.032904861516734295,000537
2020-07-13,7.68,7.83,7.58,7.8,16892027.0,130497051.0,512717581.0,0.03294606548707367,000537
2020-07-14,7.81,7.87,7.54,7.72,14450854.0,111506109.0,512717581.0,0.02818482247442184,000537
2020-07-15,7.73,7.82,7.47,7.55,13037326.0,99539973.0,512717581.0,0.02542788951097037,000537
2020-07-16,7.59,7.72,7.35,7.37,13456172.0,101334852.0,512717581.0,0.026244803179472014,000537
2020-07-17,7.41,7.44,7.11,7.19,11270978.0,81391471.0,512717581.0,0.021982819426666002,000537
2020-07-20,7.24,7.54,7.19,7.53,11127886.0,82816878.0,512717581.0,0.021703734009464366,000537
2020-07-21,7.54,7.75,7.51,7.59,10841607.0,82486529.0,512717581.0,0.021145377887870787,000537
2020-07-22,7.57,7.83,7.52,7.66,11967466.0,92338138.0,512717581.0,0.0233412436855759,000537
2020-07-23,7.66,7.68,7.36,7.53,8029904.0,60311756.0,512717581.0,0.015661456321311516,000537
2020-07-24,7.52,8.11,7.49,8.11,38590866.0,304887169.0,512717581.0,0.07526729612964062,000537
2020-07-27,8.17,8.24,7.63,7.83,26989039.0,210982778.0,512717581.0,0.05263919163325901,000537
2020-07-28,7.65,7.8,7.5,7.55,15320500.0,116931228.0,512717581.0,0.02988097262067555,000537
2020-07-29,7.45,7.71,7.44,7.7,10559836.0,79946541.0,512717581.0,0.020595814131054734,000537
2020-07-30,7.66,8.12,7.62,7.93,15263625.0,119689802.0,512717581.0,0.02977004410543121,000537
2020-07-31,7.88,8.35,7.78,8.29,26737012.0,217504298.0,512717581.0,0.0521476403205296,000537
2020-08-03,8.37,8.56,8.29,8.34,20269106.0,169464600.0,512717581.0,0.03953269158523355,000537
2020-08-04,8.38,8.55,8.18,8.31,16439447.0,137320124.0,512717581.0,0.03206335731249286,000537
2020-08-05,8.4,8.54,8.0,8.35,12193329.0,101908825.0,512717581.0,0.023781764955705702,000537
2020-08-06,8.31,8.46,8.26,8.31,12695082.0,106056945.0,512717581.0,0.024760379730376363,000537
2020-08-07,8.33,8.85,8.25,8.47,22823639.0,195064064.0,512717581.0,0.0445150309756981,000537
2020-08-10,8.48,8.64,8.42,8.52,11994902.0,102322241.0,512717581.0,0.02339475462613403,000537
2020-08-11,8.66,8.86,7.79,7.8,37989498.0,310610687.0,512717581.0,0.07409439310800618,000537
2020-08-12,7.78,7.78,7.41,7.59,18443405.0,139908970.0,512717581.0,0.035971859915605274,000537
2020-08-13,7.66,7.75,7.52,7.65,9512061.0,72863195.0,512717581.0,0.018552242701425914,000537
2020-08-14,7.66,7.78,7.52,7.74,8706354.0,66579185.0,512717581.0,0.016980798635808824,000537
2020-08-17,7.74,7.95,7.71,7.89,12527009.0,98267923.0,512717581.0,0.024432571583692192,000537
2020-08-18,7.9,7.92,7.74,7.77,8629139.0,67422802.0,512717581.0,0.01683019915792589,000537
2020-08-19,7.8,7.82,7.63,7.64,6696068.0,51646609.0,512717581.0,0.01305995395543107,000537
2020-08-20,7.6,7.68,7.52,7.56,6310133.0,47792189.0,512717581.0,0.012307229620823165,000537
2020-08-21,7.56,7.68,7.47,7.52,7542142.0,57031841.0,512717581.0,0.014710129473793097,000537
2020-08-24,7.5,7.59,7.46,7.51,6314844.0,47525414.0,512717581.0,0.01231641791507048,000537
2020-08-25,7.54,7.56,7.42,7.46,5247480.0,39273513.0,512717581.0,0.010234640266802163,000537
2020-08-26,7.47,7.53,7.39,7.43,7288670.0,54329791.0,512717581.0,0.014215759845379672,000537
2020-08-27,7.44,7.46,7.36,7.46,4197028.0,31124552.0,512717581.0,0.008185847639189888,000537
2020-08-28,7.5,7.9,7.48,7.88,25614781.0,198740724.0,512717581.0,0.0499588505431024,000537
2020-08-31,7.94,8.06,7.72,7.83,11053176.0,87370751.0,512717581.0,0.021558020262230877,000537
2020-09-01,7.87,7.87,7.71,7.79,6300976.0,48949135.0,512717581.0,0.01228936988606989,000537
2020-09-02,7.78,7.8,7.63,7.68,5314155.0,40933988.0,512717581.0,0.010364682618519375,000537
2020-09-03,7.71,7.71,7.52,7.56,6164892.0,46863831.0,512717581.0,0.012023952812337832,000537
2020-09-04,7.48,7.54,7.39,7.43,7755101.0,57665909.0,512717581.0,0.01512548289230597,000537
2020-09-07,7.41,7.57,7.32,7.35,7254600.0,53989975.0,512717581.0,0.014149310007764294,000537
2020-09-08,7.35,7.5,7.35,7.49,6719975.0,50036660.0,512717581.0,0.013106581964467491,000537
2020-09-09,7.43,7.52,7.37,7.38,6479918.0,48074177.0,512717581.0,0.012638376837715655,000537
2020-09-10,7.43,7.61,7.33,7.36,9043517.0,67258718.0,512717581.0,0.01763839847730909,000537
2020-09-11,7.33,7.51,7.2,7.47,8561941.0,63494081.0,512717581.0,0.016699136751466302,000537
2020-09-14,7.41,7.62,7.31,7.39,6760977.0,50059803.0,512717581.0,0.013186551915800211,000537
2020-09-15,7.32,7.37,7.29,7.33,4638679.0,33953782.0,512717581.0,0.009047239985320496,000537
2020-09-16,7.34,7.45,7.28,7.38,5239446.0,38625261.0,512717581.0,0.010218970821677362,000537
2020-09-17,7.39,7.42,7.29,7.37,4251916.0,31293830.0,512717581.0,0.00829290072656978,000537
2020-09-18,7.32,7.53,7.31,7.51,8175602.0,60877310.0,512717581.0,0.01594562445870176,000537
2020-09-21,7.51,7.56,7.4,7.42,5608766.0,41811769.0,512717581.0,0.010939289401897844,000537
2020-09-22,7.36,7.39,7.23,7.23,7985597.0,58345516.0,512717581.0,0.015575040326147895,000537
2020-09-23,7.26,7.27,7.1,7.12,6334202.0,45349259.0,512717581.0,0.01235417359327883,000537
2020-09-24,7.12,7.12,6.89,6.93,7789682.0,54144316.0,512717581.0,0.015192929379966006,000537
2020-09-25,6.94,6.99,6.78,6.83,5297300.0,36265299.0,512717581.0,0.010331808770177513,000537
2020-09-28,6.82,6.87,6.78,6.82,3733017.0,25458835.0,512717581.0,0.007280844539637505,000537
2020-09-29,6.81,6.88,6.71,6.76,6744070.0,45811293.0,512717581.0,0.013153576647101555,000537
2020-09-30,6.76,6.78,6.6,6.69,5686885.0,38115526.0,512717581.0,0.011091652033675826,000537
2020-10-09,6.75,6.86,6.73,6.76,6920947.0,47063143.0,512717581.0,0.013498556040347678,000537
2020-10-12,6.81,6.97,6.77,6.97,8424524.0,57964974.0,512717581.0,0.016431119805895636,000537
2020-10-13,6.94,6.95,6.82,6.86,5780339.0,39634231.0,512717581.0,0.011273923918750896,000537
2020-10-14,6.86,6.86,6.7,6.75,5356101.0,36201335.0,512717581.0,0.010446493739406218,000537
2020-10-15,6.74,6.79,6.67,6.73,6052942.0,40777266.0,512717581.0,0.011805606486507433,000537
2020-10-16,6.75,6.79,6.66,6.73,5212519.0,35092249.0,512717581.0,0.010166452630380934,000537
2020-10-19,6.73,6.86,6.71,6.75,6803052.0,46170835.0,512717581.0,0.013268614637187563,000537
2020-10-20,6.74,6.74,6.64,6.67,5191794.0,34619124.0,512717581.0,0.010126030767023767,000537
2020-10-21,6.72,6.74,6.55,6.62,7001090.0,46342938.0,512717581.0,0.01365486626447475,000537
2020-10-22,6.58,6.69,6.56,6.69,5897801.0,39141878.0,512717581.0,0.011503020802401547,000537
2020-10-23,6.64,6.72,6.62,6.64,4145292.0,27614338.0,512717581.0,0.008084942185744943,000537
2020-10-26,6.64,6.64,6.46,6.49,6259978.0,40863344.0,512717581.0,0.012209407736303078,000537
2020-10-27,6.5,6.5,6.37,6.43,4878293.0,31327140.0,512717581.0,0.009514581088648099,000537
2020-10-28,6.4,6.44,6.32,6.42,4097890.0,26124723.0,512717581.0,0.007992489728960552,000537
2020-10-29,6.36,6.43,6.32,6.4,4491203.0,28602371.0,512717581.0,0.008759604051884463,000537
2020-10-30,6.35,6.48,6.23,6.29,9679548.0,61524571.0,512717581.0,0.018878907918704665,000537
2020-11-02,6.25,6.29,6.13,6.17,7971629.0,49378720.0,512717581.0,0.015547797257999624,000537
2020-11-03,6.19,6.31,6.15,6.31,7873333.0,49270158.0,512717581.0,0.015356081577393774,000537
2020-11-04,6.29,6.35,6.19,6.25,6343788.0,39686961.0,512717581.0,0.012372870045975662,000537
2020-11-05,6.29,6.44,6.29,6.41,7115255.0,45329589.0,1731406933.0000002,0.0041095220680856534,000537
2020-11-06,6.43,6.46,6.33,6.37,4857298.0,31025171.0,1731406933.0000002,0.0028054051924025648,000537
2020-11-09,6.39,6.5,6.39,6.45,7038519.0,45476166.0,1731406933.0000002,0.004065202042251496,000537
2020-11-10,6.46,6.52,6.37,6.4,5930298.0,38186194.0,1731406933.0000002,0.0034251324093548603,000537
2020-11-11,6.4,6.51,6.33,6.41,6273719.0,40308617.0,1731406933.0000002,0.0036234803502430005,000537
2020-11-12,6.44,6.44,6.34,6.37,4761819.0,30356045.0,1731406933.0000002,0.00275025986626334,000537
2020-11-13,6.39,6.39,6.24,6.31,6010921.0,37737535.0,1731406933.0000002,0.003471697430242414,000537
2020-11-16,6.32,6.46,6.29,6.44,6331735.0,40548920.0,1731406933.0000002,0.00365698835976649,000537
2020-11-17,6.49,6.99,6.45,6.86,26029861.0,176590875.0,1731406933.0000002,0.015033935988056944,000537
2020-11-18,6.83,6.88,6.71,6.78,13030031.0,88409432.0,1731406933.0000002,0.007525689513916252,000537
2020-11-19,6.79,6.85,6.69,6.73,11472095.0,77519878.0,1731406933.0000002,0.00662588024879995,000537
2020-11-20,6.76,6.8,6.63,6.67,7767717.0,51861380.0,1731406933.0000002,0.0044863612660606105,000537
2020-11-23,6.67,6.87,6.64,6.82,10673574.0,72359574.0,1731406933.0000002,0.006164682488307905,000537
2020-11-24,6.81,6.84,6.69,6.7,8460900.0,56985945.0,1731406933.0000002,0.0048867194873361405,000537
2020-11-25,6.76,6.82,6.64,6.66,6772221.0,45529801.0,1731406933.0000002,0.003911397644842398,000537
2020-11-26,6.63,6.71,6.58,6.65,4289765.0,28411721.0,1731406933.0000002,0.0024776180100926047,000537
2020-11-27,6.64,6.77,6.61,6.7,6277000.0,41957504.0,1731406933.0000002,0.0036253753409222367,000537
2020-11-30,6.72,6.88,6.63,6.66,10685220.0,72542978.0,1731406933.0000002,0.006171408809993484,000537
2020-12-01,6.67,6.81,6.58,6.79,8612547.0,57787702.0,1731406933.0000002,0.00497430548292716,000537
2020-12-02,6.78,6.86,6.72,6.78,8074423.0,54914806.0,1731406933.0000002,0.0046635039089334635,000537
2020-12-03,6.8,6.87,6.71,6.81,9315405.0,63219969.0,1731406933.0000002,0.00538025164532479,000537
2020-12-04,6.82,6.82,6.7,6.73,5400421.0,36341121.0,1731406933.0000002,0.0031190940137005903,000537
2020-12-07,6.7,6.75,6.62,6.63,4826101.0,32101218.0,1731406933.0000002,0.0027873868979130393,000537
2020-12-08,6.65,6.66,6.59,6.59,3342900.0,22106880.0,1731406933.0000002,0.0019307419511182006,000537
2020-12-09,6.59,6.63,6.51,6.52,4247179.0,27868976.0,1731406933.0000002,0.0024530218281157822,000537
2020-12-10,6.53,6.59,6.48,6.56,3039702.0,19885814.0,1731406933.0000002,0.0017556254061736505,000537
2020-12-11,6.52,6.58,6.43,6.49,4043112.0,26200465.0,1731406933.0000002,0.0023351598765949952,000537
2020-12-14,6.49,6.58,6.46,6.57,3812003.0,24957194.0,1731406933.0000002,0.0022016794130510736,000537
2020-12-15,6.57,6.57,6.41,6.45,3282879.0,21172771.0,1731406933.0000002,0.0018960759238221207,000537
2020-12-16,6.45,6.47,6.41,6.43,2909700.0,18713615.0,1731406933.0000002,0.0016805408044418403,000537
2020-12-17,6.42,6.46,6.34,6.44,3756205.0,24073094.0,1731406933.0000002,0.0021694524426396065,000537
2020-12-18,6.47,6.49,6.37,6.37,4157186.0,26702905.0,1731406933.0000002,0.002401045023423156,000537
2020-12-21,6.35,6.4,6.25,6.35,3964242.0,25086831.0,1731406933.0000002,0.0022896073271066195,000537
2020-12-22,6.34,6.34,6.2,6.22,6027101.0,37711410.0,1731406933.0000002,0.0034810424315194766,000537
2020-12-23,6.22,6.25,6.15,6.18,5142547.0,31882624.0,1731406933.0000002,0.002970155023631293,000537
2020-12-24,6.2,6.2,6.14,6.14,3392278.0,20906172.0,1731406933.0000002,0.0019592609543974833,000537
2020-12-25,6.17,6.22,6.14,6.19,3184509.0,19695580.0,1731406933.0000002,0.0018392608573434652,000537
2020-12-28,6.19,6.26,6.14,6.21,4651906.0,28817119.0,1731406933.0000002,0.0026867779672914128,000537
2020-12-29,6.21,6.33,6.21,6.24,3493000.0,21892640.0,1731406933.0000002,0.0020174344536946585,000537
2020-12-30,6.28,6.28,6.19,6.22,3100232.0,19294182.0,1731406933.0000002,0.0017905854140414254,000537
2020-12-31,6.22,6.29,6.21,6.27,3632269.0,22726468.0,1731406933.0000002,0.002097871350039234,000537
2021-01-04,6.26,6.29,6.11,6.12,13241211.0,81614924.0,1731406933.0000002,0.007647659685096108,000537
2021-01-05,6.1,6.1,5.92,6.02,10954714.0,65467376.0,1731406933.0000002,0.006327059105059041,000537
2021-01-06,5.99,6.03,5.92,5.97,6768769.0,40416253.0,1731406933.0000002,0.003909403890552631,000537
2021-01-07,5.97,6.02,5.79,5.81,8535852.0,50226919.0,1731406933.0000002,0.004930009137256931,000537
2021-01-08,5.82,5.94,5.7,5.92,6661108.0,38934569.0,1731406933.0000002,0.003847222667901838,000537
2021-01-11,5.92,5.94,5.78,5.83,5694351.0,33239714.0,1731406933.0000002,0.0032888576864674017,000537
2021-01-12,5.84,5.9,5.79,5.86,4885880.0,28520522.0,1731406933.0000002,0.002821913154485445,000537
2021-01-13,5.85,5.91,5.72,5.84,5860108.0,34052909.0,1731406933.0000002,0.003384593123839593,000537
2021-01-14,5.84,6.1,5.78,5.96,6941100.0,41139857.0,1731406933.0000002,0.004008936240062982,000537
2021-01-15,5.95,6.01,5.9,5.97,5838248.0,34839973.0,1731406933.0000002,0.003371967553511003,000537
2021-01-18,5.96,6.03,5.93,5.98,5966198.0,35620178.0,1731406933.0000002,0.0034458669919164514,000537
2021-01-19,5.96,6.22,5.89,6.1,12315749.0,74734708.0,1731406933.0000002,0.00711314524925724,000537
2021-01-20,6.08,6.09,5.95,5.98,5743226.0,34458697.0,1731406933.0000002,0.0033170861745648325,000537
2021-01-21,5.96,6.0,5.92,5.96,4665700.0,27795401.0,1731406933.0000002,0.0026947448985408444,000537
2021-01-22,5.95,5.96,5.82,5.82,4713526.0,27605106.0,1731406933.0000002,0.0027223675209806955,000537
2021-01-25,5.8,5.81,5.7,5.71,5200978.0,29813835.0,1731406933.0000002,0.0030039027226189344,000537
2021-01-26,5.68,5.79,5.68,5.7,3378570.0,19327602.0,1731406933.0000002,0.001951343693735804,000537
2021-01-27,5.71,5.77,5.68,5.7,4147001.0,23721444.0,1731406933.0000002,0.002395162524164387,000537
2021-01-28,5.7,5.7,5.61,5.63,4621700.0,26058265.0,1731406933.0000002,0.002669332039690983,000537
2021-01-29,5.64,5.66,5.51,5.54,5063408.0,28288152.0,1731406933.0000002,0.002924447109164948,000537
2021-02-01,5.53,5.56,5.46,5.5,4556255.0,25029487.0,1731406933.0000002,0.002631533299976684,000537
2021-02-02,5.5,5.58,5.44,5.45,5348524.0,29323198.0,1731406933.0000002,0.003089120124252153,000537
2021-02-03,5.44,5.44,5.26,5.3,6426995.0,34186378.0,1731406933.0000002,0.0037120071991764395,000537
2021-02-04,5.28,5.34,5.21,5.29,4499610.0,23703403.0,1731406933.0000002,0.002598817132032357,000537
2021-02-05,5.26,5.46,5.26,5.38,6001426.0,32245643.0,1731406933.0000002,0.0034662134508156085,000537
2021-02-08,5.39,5.49,5.37,5.38,4343901.0,23575419.0,1731406933.0000002,0.0025088850675175156,000537
2021-02-09,5.38,5.45,5.33,5.44,3905264.0,21118016.0,1731406933.0000002,0.0022555437000782758,000537
2021-02-10,5.43,5.48,5.4,5.44,3322098.0,18063215.0,1731406933.0000002,0.001918727444531955,000537
2021-02-18,5.48,5.56,5.47,5.53,4796700.0,26506467.0,1731406933.0000002,0.0027704059101165673,000537
2021-02-19,5.52,5.73,5.52,5.71,6629381.0,37407782.0,1731406933.0000002,0.0038288982639761667,000537
2021-02-22,5.71,5.92,5.7,5.79,8938674.0,51895254.0,1731406933.0000002,0.0051626650151573574,000537
2021-02-23,5.76,5.83,5.68,5.69,5645587.0,32386749.0,1731406933.0000002,0.003260693308082069,000537
2021-02-24,5.71,5.77,5.68,5.72,5803580.0,33222416.0,1731406933.0000002,0.003351944530997208,000537
2021-02-25,5.77,6.2,5.75,6.03,21585472.0,130130899.0,1731406933.0000002,0.012467012571446135,000537
2021-02-26,5.9,5.96,5.81,5.82,10573510.0,61995101.0,1731406933.0000002,0.00610688902676353,000537
2021-03-01,5.81,5.85,5.76,5.81,7565492.0,43861357.0,1731406933.0000002,0.004369563189221675,000537
2021-03-02,5.81,5.86,5.73,5.75,6138500.0,35514017.0,1731406933.0000002,0.00354538259204256,000537
2021-03-03,5.75,5.8,5.73,5.79,5923662.0,34172271.0,1731406933.0000002,0.0034212996881883223,000537
2021-03-04,5.76,5.82,5.72,5.77,5299300.0,30569258.0,1731406933.0000002,0.003060690065978845,000537
2021-03-05,5.75,5.81,5.72,5.8,5603100.0,32299480.0,1731406933.0000002,0.003236154305037659,000537
2021-03-08,5.81,5.88,5.78,5.81,5664053.0,32990190.0,1731406933.0000002,0.0032713586228893766,000537
2021-03-09,5.84,5.9,5.69,5.82,5817800.0,33746841.0,1731406933.0000002,0.003360157504925504,000537
2021-03-10,5.82,5.85,5.66,5.67,4367501.0,25047437.0,1731406933.0000002,0.002522515600900623,000537
2021-03-11,5.66,5.77,5.66,5.75,3018712.0,17307275.0,1731406933.0000002,0.001743502317372319,000537
2021-03-12,5.75,5.89,5.7,5.84,4601771.0,26718674.0,1731406933.0000002,0.0026578217473269177,000537
2021-03-15,5.84,5.92,5.83,5.89,4494406.0,26409480.0,1731406933.0000002,0.0025958114839083873,000537
2021-03-16,5.88,6.03,5.87,6.01,5941194.0,35407488.0,1731406933.0000002,0.003431425557310044,000537
2021-03-17,6.01,6.02,5.92,5.96,3826418.0,22810119.0,1731406933.0000002,0.0022100050121492726,000537
2021-03-18,5.97,6.03,5.93,5.95,4365204.0,26063509.0,1731406933.0000002,0.0025211889341556653,000537
2021-03-19,5.95,5.98,5.87,5.92,4233250.0,25067059.0,1731406933.0000002,0.0024449769255948796,000537
2021-03-22,5.94,5.98,5.92,5.96,2997131.0,17854180.0,1731406933.0000002,0.001731037887671436,000537
2021-03-23,5.96,5.96,5.85,5.88,3410900.0,20057395.0,1731406933.0000002,0.001970016369340713,000537
2021-03-24,5.86,5.9,5.8,5.85,3045461.0,17821426.0,1731406933.0000002,0.0017589516028581132,000537
2021-03-25,5.84,5.92,5.81,5.82,3840205.0,22492514.0,1731406933.0000002,0.002217967900443887,000537
2021-03-26,5.81,5.88,5.8,5.83,3762802.0,22022311.0,1731406933.0000002,0.002173262638772164,000537
2021-03-29,5.83,5.85,5.73,5.79,4045800.0,23357064.0,1731406933.0000002,0.0023367123712447323,000537
2021-03-30,5.77,5.78,5.7,5.72,2946552.0,16893971.0,1731406933.0000002,0.0017018252288585468,000537
2021-03-31,5.72,5.77,5.71,5.75,3896245.0,22345930.0,1731406933.0000002,0.0022503346415790283,000537
2021-04-01,5.78,5.78,5.75,5.77,1690793.0,9745436.0,1731406933.0000002,0.0009765428148484836,000537
2021-04-02,5.73,5.79,5.73,5.78,2438508.0,14056757.0,1731406933.0000002,0.0014083968092785729,000537
2021-04-06,5.77,5.79,5.73,5.74,2529440.0,14559293.0,1731406933.0000002,0.001460915947481654,000537
2021-04-07,5.73,5.8,5.72,5.78,3269950.0,18851710.0,1731406933.0000002,0.0018886085862750786,000537
2021-04-08,5.77,5.78,5.71,5.73,3602600.0,20665205.0,1731406933.0000002,0.0020807355748297673,000537
2021-04-09,5.71,5.73,5.67,5.71,2734322.0,15568879.0,1731406933.0000002,0.001579248614456137,000537
2021-04-12,5.7,5.75,5.67,5.75,3508700.0,20093352.0,1731406933.0000002,0.0020265022237842684,000537
2021-04-13,5.73,5.74,5.6,5.63,5155463.0,29087133.0,1731406933.0000002,0.0029776148528336747,000537
2021-04-14,5.64,5.64,5.6,5.62,2791412.0,15686766.0,1731406933.0000002,0.0016122217988138318,000537
2021-04-15,5.62,5.63,5.57,5.61,2139610.0,11977043.0,1731406933.0000002,0.001235763793721623,000537
2021-04-16,5.61,5.78,5.57,5.77,5665983.0,32388579.0,1731406933.0000002,0.0032724733232889274,000537
2021-04-19,5.77,5.81,5.76,5.78,4129200.0,23880357.0,1731406933.0000002,0.0023848812900646964,000537
2021-04-20,5.77,5.82,5.75,5.77,2704764.0,15642114.0,1731406933.0000002,0.001562176948958769,000537
2021-04-21,5.77,5.78,5.7,5.75,2194127.0,12585525.0,1731406933.0000002,0.0012672509034015746,000537
2021-04-22,5.74,5.78,5.72,5.73,2797714.0,16086888.0,1731406933.0000002,0.0016158616132791006,000537
2021-04-23,5.72,5.73,5.6,5.64,4227847.0,23852190.0,1731406933.0000002,0.002441856342041111,000537
2021-04-26,5.62,5.65,5.6,5.62,1873809.0,10550134.0,1731406933.0000002,0.0010822464461045333,000537
2021-04-27,5.62,5.64,5.56,5.58,2390025.0,13351412.0,1731406933.0000002,0.0013803947266508951,000537
2021-04-28,5.6,5.62,5.55,5.61,2462971.0,13773338.0,1731406933.0000002,0.0014225257812341217,000537
2021-04-29,5.6,5.66,5.59,5.65,2768420.0,15595027.0,1731406933.0000002,0.0015989424249348316,000537
2021-04-30,5.58,5.6,5.4,5.43,8849227.0,48280149.0,1731406933.0000002,0.005111003560940459,000537
2021-05-06,5.42,5.47,5.4,5.44,3539913.0,19246484.0,1731406933.0000002,0.0020445297593133754,000537
2021-05-07,5.46,5.48,5.43,5.44,2477582.0,13519197.0,1731406933.0000002,0.0014309645830671972,000537
2021-05-10,5.44,5.46,5.31,5.34,4442086.0,23867833.0,1731406933.0000002,0.0025655932844760067,000537
2021-05-11,5.34,5.49,5.31,5.49,4574717.0,24763595.0,1731406933.0000002,0.0026421963045240963,000537
2021-05-12,5.47,5.47,5.41,5.45,2969800.0,16164534.0,1731406933.0000002,0.0017152524593708552,000537
2021-05-13,5.44,5.5,5.43,5.45,5760756.0,31460733.0,1731406933.0000002,0.003327210888556607,000537
2021-05-14,5.45,5.58,5.43,5.58,5355717.0,29569881.0,1731406933.0000002,0.0030932745491091315,000537
2021-05-17,5.56,5.59,5.51,5.55,3862153.0,21388562.0,1731406933.0000002,0.0022306442964901765,000537
2021-05-18,5.56,5.62,5.5,5.56,4365548.0,24286686.0,1731406933.0000002,0.0025213876165066733,000537
2021-05-19,5.6,5.6,5.51,5.52,2658594.0,14731795.0,1731406933.0000002,0.0015355107741156305,000537
2021-05-20,5.51,5.54,5.46,5.48,2437627.0,13407337.0,1731406933.0000002,0.0014078879745366016,000537
2021-05-21,5.48,5.52,5.46,5.48,2072825.0,11350749.0,1731406933.0000002,0.0011971911169423508,000537
2021-05-24,5.48,5.54,5.46,5.52,2445212.0,13479801.0,1731406933.0000002,0.0014122688048633335,000537
2021-05-25,5.54,5.57,5.48,5.56,3612993.0,20025647.0,1731406933.0000002,0.0020867382076030995,000537
2021-05-26,5.55,5.66,5.53,5.6,5030088.0,28148020.0,1731406933.0000002,0.002905202644235917,000537
2021-05-27,5.61,5.64,5.56,5.6,3447422.0,19308870.0,1731406933.0000002,0.001991110197316046,000537
2021-05-28,5.58,5.63,5.55,5.58,3372916.0,18844137.0,1731406933.0000002,0.0019480781413735966,000537
2021-05-31,5.6,5.62,5.53,5.55,3844200.0,21390380.0,1731406933.0000002,0.0022202752725144596,000537
2021-06-01,5.53,5.56,5.48,5.5,3570300.0,19674713.0,1731406933.0000002,0.002062080226174074,000537
2021-06-02,5.51,5.59,5.49,5.54,3641600.0,20174161.0,1731406933.0000002,0.002103260608810326,000537
2021-06-03,5.54,5.63,5.52,5.59,5063250.0,28236247.0,1731406933.0000002,0.002924355853899078,000537
2021-06-04,5.58,5.6,5.51,5.54,3341789.0,18517355.0,1731406933.0000002,0.0019301002764322416,000537
2021-06-07,5.57,5.57,5.45,5.47,3826400.0,20981749.0,1731406933.0000002,0.0022099946159797428,000537
2021-06-08,5.47,5.49,5.39,5.41,4476547.0,24305665.0,1731406933.0000002,0.0025854967510402127,000537
2021-06-09,5.41,5.43,5.38,5.39,3679053.0,19872992.0,1731406933.0000002,0.0021248921497763226,000537
2021-06-10,5.4,5.42,5.36,5.4,3927946.0,21185952.0,1731406933.0000002,0.002268644028815379,000537
2021-06-11,5.4,5.42,5.35,5.36,4328712.0,23298554.0,1731406933.0000002,0.002500112433129549,000537
2021-06-15,5.36,5.38,5.29,5.31,3827569.0,20325299.0,1731406933.0000002,0.0022106697894341857,000537
2021-06-16,5.32,5.34,5.28,5.31,3039184.0,16142623.0,1731406933.0000002,0.0017553262275171908,000537
2021-06-17,5.3,5.32,5.26,5.26,3268671.0,17282139.0,1731406933.0000002,0.001887869880673511,000537
2021-06-18,5.27,5.29,5.23,5.25,3544287.0,18599916.0,1731406933.0000002,0.0020470560285090413,000537
2021-06-21,5.24,5.28,5.21,5.25,3031406.0,15888898.0,1731406933.0000002,0.001750833927150504,000537
2021-06-22,5.26,5.32,5.25,5.31,3830500.0,20286445.0,1731406933.0000002,0.002212362632372571,000537
2021-06-23,5.32,5.33,5.28,5.3,2975064.0,15773525.0,1731406933.0000002,0.0017182927613932568,000537
2021-06-24,5.3,5.33,5.28,5.31,2602960.0,13793312.0,1731406933.0000002,0.0015033785243598766,000537
2021-06-25,5.3,5.35,5.28,5.35,4631672.0,24659100.0,1731406933.0000002,0.0026750915176103197,000537
2021-06-28,5.34,5.34,5.28,5.29,2541696.0,13493157.0,1731406933.0000002,0.0014679945838012882,000537
2021-06-29,5.3,5.3,5.2,5.23,3989101.0,20940947.0,1731406933.0000002,0.002303965014791817,000537
2021-06-30,5.24,5.26,5.21,5.23,2489800.0,13027860.0,1731406933.0000002,0.0014380212719178245,000537
2021-07-01,5.23,5.34,5.22,5.29,4270081.0,22541329.0,1731406933.0000002,0.0024662492211471347,000537
2021-07-02,5.28,5.37,5.21,5.22,5090410.0,26823893.0,1731406933.0000002,0.002940042518589129,000537
2021-07-05,5.24,5.25,5.16,5.17,3435605.0,17835982.0,1731406933.0000002,0.0019842851120199364,000537
2021-07-06,5.18,5.31,5.16,5.26,4624716.0,24239309.0,1731406933.0000002,0.0026710739756521462,000537
2021-07-07,5.3,5.31,5.22,5.25,2935700.0,15441411.0,1731406933.0000002,0.0016955574937622129,000537
2021-07-08,5.25,5.29,5.24,5.27,3261300.0,17156338.0,1731406933.0000002,0.0018836126492511854,000537
2021-07-09,5.26,5.31,5.23,5.27,3441584.0,18117044.0,1731406933.0000002,0.001987738372998648,000537
2021-07-12,5.29,5.31,5.23,5.29,6001149.0,31673904.0,1731406933.0000002,0.003466053465317849,000537
2021-07-13,5.03,5.07,4.99,5.01,5260800.0,26429681.0,1731406933.0000002,0.0030384538144852162,000537
2021-07-14,5.01,5.03,4.94,4.94,3656876.0,18159909.0,1731406933.0000002,0.0021120834913510187,000537
2021-07-15,4.91,4.95,4.88,4.91,3614340.0,17733902.0,1731406933.0000002,0.002087516187622889,000537
2021-07-16,4.92,4.94,4.89,4.89,2656136.0,13035175.0,1731406933.0000002,0.0015340911194098815,000537
2021-07-19,4.9,4.91,4.81,4.84,3305729.0,15985166.0,1731406933.0000002,0.0019092732834748325,000537
2021-07-20,4.85,4.87,4.83,4.85,2227629.0,10812005.0,1731406933.0000002,0.0012866004851558486,000537
2021-07-21,4.82,4.86,4.78,4.82,3487241.0,16793124.0,1731406933.0000002,0.0020141082570101962,000537
2021-07-22,4.81,4.86,4.78,4.83,3752729.0,18085734.0,1731406933.0000002,0.0021674448267904674,000537
2021-07-23,4.83,4.83,4.79,4.79,2438101.0,11715766.0,1731406933.0000002,0.0014081617403342115,000537
2021-07-26,4.78,4.78,4.56,4.57,7707183.0,35654868.0,1731406933.0000002,0.00445139894793294,000537
2021-07-27,4.56,4.58,4.43,4.45,6108021.0,27532556.0,1731406933.0000002,0.0035277789892042663,000537
2021-07-28,4.45,4.51,4.4,4.43,5420416.0,24112581.0,1731406933.0000002,0.0031306424253529307,000537
2021-07-29,4.43,4.46,4.35,4.37,5526338.0,24301808.0,1731406933.0000002,0.0031918192625141804,000537
2021-07-30,4.36,4.41,4.32,4.37,5229577.0,22830735.0,1731406933.0000002,0.0030204205033063703,000537
2021-08-02,4.37,4.45,4.26,4.39,6405721.0,27904134.0,1731406933.0000002,0.0036997200819225314,000537
2021-08-03,4.38,4.46,4.35,4.45,6897753.0,30457050.0,1731406933.0000002,0.003983900531141052,000537
2021-08-04,4.43,4.43,4.36,4.37,4361550.0,19163604.0,1731406933.0000002,0.002519078511741179,000537
2021-08-05,4.35,4.53,4.35,4.44,6128970.0,27236691.0,1731406933.0000002,0.0035398783978416695,000537
2021-08-06,4.43,4.49,4.36,4.49,4652716.0,20622586.0,1731406933.0000002,0.00268724579492024,000537
2021-08-09,4.45,4.7,4.44,4.63,9430758.0,43569434.0,1731406933.0000002,0.0054468754977545185,000537
2021-08-10,4.61,4.64,4.54,4.6,3183475.0,14606792.0,1731406933.0000002,0.0018386636551604935,000537
2021-08-11,4.6,4.84,4.59,4.68,7471811.0,35362539.0,1731406933.0000002,0.004315456324905451,000537
2021-08-12,4.67,4.71,4.63,4.64,3389901.0,15778284.0,1731406933.0000002,0.001957888082454617,000537
2021-08-13,4.64,4.72,4.61,4.67,4547600.0,21230444.0,1731406933.0000002,0.0026265344751279216,000537
2021-08-16,4.65,4.74,4.62,4.7,3024753.0,14219525.0,1731406933.0000002,0.0017469913873794103,000537
2021-08-17,4.71,4.75,4.6,4.62,5657110.0,26453230.0,1731406933.0000002,0.003267348589275863,000537
2021-08-18,4.63,4.75,4.6,4.74,5791912.0,27176329.0,1731406933.0000002,0.0033452055028822037,000537
2021-08-19,4.7,4.77,4.66,4.7,6143905.0,28978204.0,1731406933.0000002,0.003548504330726276,000537
2021-08-20,4.7,4.78,4.68,4.76,6564804.0,31047304.0,1731406933.0000002,0.0037916008506591785,000537
2021-08-23,4.76,4.81,4.69,4.7,4190190.0,19780831.0,1731406933.0000002,0.002420106977820447,000537
2021-08-24,4.72,4.75,4.66,4.68,2603491.0,12216079.0,1731406933.0000002,0.0015036852113609965,000537
2021-08-25,4.67,4.7,4.63,4.69,2354594.0,11010725.0,1731406933.0000002,0.0013599310220620445,000537
2021-08-26,4.68,4.81,4.66,4.77,5685101.0,27032965.0,1731406933.0000002,0.003283515210459192,000537
2021-08-27,4.71,4.74,4.64,4.65,4341900.0,20310998.0,1731406933.0000002,0.002507729360004821,000537
2021-08-30,4.65,4.68,4.54,4.55,5335959.0,24498550.0,1731406933.0000002,0.0030818630203555963,000537
2021-08-31,4.57,4.69,4.54,4.68,4685591.0,21594820.0,1731406933.0000002,0.002706233243435903,000537
2021-09-01,4.65,4.83,4.64,4.82,7664809.0,36570937.0,1731406933.0000002,0.004426925209730577,000537
2021-09-02,4.81,4.84,4.77,4.81,4988231.0,24002786.0,1731406933.0000002,0.002881027507125039,000537
2021-09-03,4.8,4.89,4.79,4.82,5579712.0,26974330.0,1731406933.0000002,0.0032226462154290097,000537
2021-09-06,5.3,5.3,5.3,5.3,3907789.0,20711282.0,1731406933.0000002,0.0022570020516372736,000537
2021-09-07,5.83,5.83,5.83,5.83,2639398.0,15387690.0,1731406933.0000002,0.0015244238368774048,000537
2021-09-08,6.41,6.41,6.41,6.41,2697940.0,17293795.0,1731406933.0000002,0.001558235645577145,000537
2021-09-09,7.05,7.05,7.05,7.05,2262327.0,15949405.0,1731406933.0000002,0.0013066408346188595,000537
2021-09-10,7.76,7.76,7.76,7.76,3052755.0,23689379.0,1731406933.0000002,0.0017631643617774513,000537
2021-09-13,8.54,8.54,8.54,8.54,2034200.0,17372068.0,1731406933.0000002,0.0011748826698269896,000537
2021-09-14,9.39,9.39,9.39,9.39,3767959.0,35381135.0,1731406933.0000002,0.0021762411413423625,000537
2021-09-15,10.33,10.33,10.33,10.33,22303896.0,230399246.0,1731406933.0000002,0.012881949110226878,000537
2021-09-16,11.36,11.36,11.36,11.36,9248014.0,105057439.0,1731406933.0000002,0.005341328964171358,000537
2021-09-17,12.0,12.5,12.0,12.5,114798247.0,1415376529.0,1731406933.0000002,0.066303446527784,000537
2021-09-22,13.22,13.75,12.32,13.75,136123656.0,1775536955.0,1731406933.0000002,0.07862025581943305,000537
2021-09-23,14.5,15.13,14.03,15.13,84639511.0,1256174095.0,1731406933.0000002,0.04888481695827886,000537
2021-09-24,15.99,16.64,15.84,16.64,56052577.0,919127274.0,1731406933.0000002,0.032374005169817574,000537
2021-09-27,17.0,17.5,14.98,14.98,62181228.0,980761498.0,1731406933.0000002,0.035913699324432585,000537
2021-09-28,14.41,16.48,14.13,16.48,77700032.0,1196623578.0,1731406933.0000002,0.044876816951038505,000537
2021-09-29,15.56,15.77,14.83,14.83,48050149.0,732496898.0,1731406933.0000002,0.027752083051177198,000537
2021-09-30,14.31,15.81,13.71,15.31,68241965.0,996511291.0,1731406933.0000002,0.03941416873141283,000537
2021-10-08,15.32,16.09,13.96,15.5,59511129.0,899076746.0,1731406933.0000002,0.034371543665292686,000537
2021-10-11,15.44,16.6,15.1,15.85,60376536.0,961801534.0,1731406933.0000002,0.034871372436626365,000537
2021-10-12,15.0,15.55,14.27,14.5,59335767.0,866641774.0,1731406933.0000002,0.03427026071634657,000537
2021-10-13,14.08,14.26,13.2,13.49,44441557.0,607951031.0,1731406933.0000002,0.025667886707024058,000537
2021-10-14,13.6,14.68,13.58,14.07,46816799.0,660914518.0,1731406933.0000002,0.027039743290666374,000537
2021-10-15,14.92,15.48,14.3,14.48,64942423.0,969846486.0,1731406933.0000002,0.037508468842431274,000537
2021-10-18,14.61,15.93,14.23,15.18,78379570.0,1189195594.0,1731406933.0000002,0.04526929429824571,000537
2021-10-19,15.42,16.7,14.78,16.7,57661915.0,905787928.0,1731406933.0000002,0.03330350242972025,000537
2021-10-20,17.12,17.46,16.25,17.2,73401250.0,1242585408.0,1731406933.0000002,0.0423939910375766,000537
2021-10-21,16.68,16.8,15.8,16.4,47235957.0,772787123.0,1731406933.0000002,0.027281834269979786,000537
2021-10-22,16.66,17.19,15.68,16.76,47647888.0,790896947.0,1731406933.0000002,0.027519751187227107,000537
2021-10-25,16.45,18.28,16.05,16.7,57582322.0,984084834.0,1731406933.0000002,0.033257532300755774,000537
2021-10-26,16.7,17.87,16.65,16.95,51549079.0,890460267.0,1731406933.0000002,0.02977294246516685,000537
2021-10-27,16.49,18.65,16.02,18.65,78467121.0,1417926322.0,1731406933.0000002,0.04531986068927217,000537
2021-10-28,18.7,18.96,16.79,16.79,87044402.0,1528094465.0,1731406933.0000002,0.050273797765831164,000537
2021-10-29,16.79,17.1,15.68,16.74,39754026.0,658797415.0,1731406933.0000002,0.022960532987538865,000537
2021-11-01,16.39,17.88,16.39,17.41,39089665.0,676187732.0,1731406933.0000002,0.022576821343939943,000537
2021-11-02,17.42,17.45,15.7,16.1,38540014.0,631885978.0,1731406933.0000002,0.022259362178492555,000537
2021-11-03,15.74,16.37,15.3,15.68,29748815.0,472699779.0,1731406933.0000002,0.017181873557855273,000537
2021-11-04,15.8,16.4,15.63,16.03,22995705.0,367926955.0,1731406933.0000002,0.013281513757228323,000537
2021-11-05,15.97,15.97,15.18,15.37,26480961.0,408264084.0,1731406933.0000002,0.015294475547765406,000537
2021-11-08,15.34,15.84,14.85,14.99,23032928.0,350629303.0,1731406933.0000002,0.013303012458250331,000537
2021-11-09,15.27,16.08,14.98,15.24,23786121.0,367632672.0,1731406933.0000002,0.013738030353607229,000537
2021-11-10,15.0,15.63,14.73,15.55,17587366.0,268914920.0,1731406933.0000002,0.010157846584064704,000537
2021-11-11,15.38,15.9,15.35,15.54,18168659.0,283928727.0,1731406933.0000002,0.010493581060414986,000537
2021-11-12,15.34,17.09,15.34,17.09,35610163.0,584687126.0,1731406933.0000002,0.020567182862262452,000537
2021-11-15,17.6,18.58,17.1,18.28,46462206.0,831524562.0,1731406933.0000002,0.026834942793890263,000537
2021-11-16,17.9,18.78,17.9,18.09,28131395.0,514685622.0,1731406933.0000002,0.016247708417833854,000537
2021-11-17,18.23,18.43,17.0,18.15,28553840.0,508315932.0,1731406933.0000002,0.016491697853216344,000537
2021-11-18,18.21,18.87,17.23,17.42,36888765.0,657610766.0,1731406933.0000002,0.02130565859297041,000537
2021-11-19,17.3,19.09,17.17,19.03,46728541.0,855352381.0,1731406933.0000002,0.026988768561203396,000537
2021-11-22,19.01,20.93,19.01,20.93,79812670.0,1633758766.0,1731406933.0000002,0.04609700266228516,000537
2021-11-23,20.59,21.66,20.3,20.94,48460217.0,1012153898.0,1731406933.0000002,0.027988923964878218,000537
2021-11-24,21.01,22.0,19.99,20.5,40366404.0,840309562.0,1731406933.0000002,0.0233142210711016,000537
2021-11-25,20.67,21.2,19.57,20.02,36450425.0,737086125.0,1731406933.0000002,0.021052488762328406,000537
2021-11-26,19.84,20.52,19.59,20.05,27438016.0,548251341.0,1731406933.0000002,0.015847236993823448,000537
2021-11-29,19.74,21.23,19.11,20.58,31610874.0,648318757.0,1731406933.0000002,0.018257333615516947,000537
2021-11-30,20.77,20.97,20.01,20.6,21771849.0,446520238.0,1731406933.0000002,0.01257465739857933,000537
2021-12-01,20.75,21.2,19.4,20.58,26919997.0,548137687.0,1731406933.0000002,0.015548047363629216,000537
2021-12-02,20.47,20.52,18.58,19.1,40484770.0,780120398.0,1731406933.0000002,0.02338258512679757,000537
2021-12-03,19.11,20.3,18.86,19.99,35962880.0,709360545.0,1731406933.0000002,0.0207708998471476,000537
2021-12-06,21.99,21.99,21.99,21.99,30668391.0,674397918.0,1731406933.0000002,0.017712988446257998,000537
2021-12-07,21.5,22.58,20.27,21.0,77311571.0,1659875792.0,1731406933.0000002,0.04465245548372769,000537
2021-12-08,21.5,23.1,21.12,23.1,69425265.0,1574743075.0,1731406933.0000002,0.04009760136498194,000537
2021-12-09,23.14,24.24,22.0,24.22,62232949.0,1440999416.0,1731406933.0000002,0.03594357156244562,000537
2021-12-10,23.5,24.88,22.9,23.81,39057135.0,934266825.0,1731406933.0000002,0.022558033155340263,000537
2021-12-13,23.81,25.65,23.81,24.99,34133988.0,849368899.0,1731406933.0000002,0.019714595886973958,000537
2021-12-14,25.55,26.6,24.49,26.5,36577597.0,933052197.0,1731406933.0000002,0.021125938855184195,000537
2021-12-15,26.51,29.15,25.89,28.3,47516299.0,1315689112.0,1731406933.0000002,0.02744374998988178,000537
2021-12-16,28.3,28.39,26.04,26.61,44783597.0,1215714230.0,1731406933.0000002,0.025865437030683298,000537
2021-12-17,26.6,27.76,25.52,25.86,39682441.0,1052042665.0,1731406933.0000002,0.022919187998885062,000537
2021-12-20,25.81,26.25,23.68,24.1,56900958.0,1395072244.0,1731406933.0000002,0.03286400031990631,000537
2021-12-21,24.73,26.09,24.11,25.36,41819845.0,1043502037.0,1731406933.0000002,0.02415367768427435,000537
2021-12-22,24.86,25.56,24.25,24.95,29318051.0,726026570.0,1731406933.0000002,0.016933079359455237,000537
2021-12-23,24.88,26.93,24.74,26.4,34421606.0,896278591.0,1731406933.0000002,0.019880713969625763,000537
2021-12-24,26.6,27.01,25.48,26.32,25595442.0,673740124.0,1731406933.0000002,0.014783030789677448,000537
2021-12-27,26.64,26.64,24.0,24.75,33452028.0,839993843.0,1731406933.0000002,0.019320719677400063,000537
2021-12-28,24.9,25.03,22.99,24.3,26213805.0,624903133.0,1731406933.0000002,0.015140175599608735,000537
2021-12-29,24.31,24.41,23.5,24.03,15472541.0,371291392.0,1731406933.0000002,0.008936397738220215,000537
2021-12-30,24.03,26.06,24.03,25.4,26328985.0,668005969.0,1731406933.0000002,0.015206699533297986,000537
2021-12-31,25.8,25.85,23.8,24.1,29460461.0,720876282.0,1731406933.0000002,0.017015330387382708,000537
2022-01-04,24.3,24.35,22.96,23.49,23716221.0,558557930.0,1731406933.0000002,0.01369765856193438,000537
2022-01-05,23.15,23.48,21.14,21.14,34752134.0,758695784.0,1731406933.0000002,0.02007161536530592,000537
2022-01-06,20.68,21.49,19.81,20.88,41891396.0,863165906.0,1731406933.0000002,0.024195003035719042,000537
2022-01-07,21.01,21.32,19.99,20.06,24352257.0,500023065.0,1731406933.0000002,0.014065010677648706,000537
2022-01-10,20.19,20.46,19.3,19.46,20892655.0,412123197.0,1731406933.0000002,0.012066865738951039,000537
2022-01-11,19.61,20.27,18.79,19.11,36854946.0,716226442.0,1731406933.0000002,0.021286125923119424,000537
2022-01-12,19.7,20.91,19.63,20.79,33774489.0,684979362.0,1731406933.0000002,0.01950696185643609,000537
2022-01-13,20.46,20.59,18.71,18.71,36759583.0,708732846.0,1731406933.0000002,0.021231047594517168,000537
2022-01-14,18.51,20.03,17.85,19.43,46896551.0,880078945.0,1731406933.0000002,0.027085805252461695,000537
2022-01-17,19.44,20.6,19.26,19.56,24614467.0,487802573.0,1731406933.0000002,0.014216453989444662,000537
2022-01-18,19.3,21.49,19.1,20.66,36404252.0,747651188.0,1731406933.0000002,0.021025820854790347,000537
2022-01-19,20.49,21.19,19.99,20.83,27395495.0,566732423.0,1731406933.0000002,0.015822678353569927,000537
2022-01-20,20.65,21.77,20.11,21.2,27521853.0,577730039.0,1731406933.0000002,0.015895658308536988,000537
2022-01-21,21.05,23.08,20.92,22.1,42757639.0,954554457.0,1731406933.0000002,0.024695314651370866,000537
2022-01-24,22.37,23.88,21.6,23.83,29683215.0,690355443.0,1731406933.0000002,0.017143985295570024,000537
2022-01-25,23.3,23.64,21.45,21.71,28524185.0,633558480.0,1731406933.0000002,0.016474570163916513,000537
2022-01-26,21.74,23.28,21.71,22.03,21518803.0,480510184.0,1731406933.0000002,0.01242850689220383,000537
2022-01-27,21.81,22.84,21.05,21.12,20347914.0,442394215.0,1731406933.0000002,0.011752242417525307,000537
2022-01-28,21.08,22.07,20.0,21.17,22388632.0,470504676.0,1731406933.0000002,0.012930889655851919,000537
2022-02-07,21.48,21.7,20.5,20.7,15565443.0,325069855.0,1731406933.0000002,0.0089900546794218,000537
2022-02-08,20.8,20.8,18.63,18.68,25932432.0,492778400.0,1731406933.0000002,0.01497766441021869,000537
2022-02-09,18.68,20.25,18.2,20.03,27749155.0,533447671.0,1731406933.0000002,0.016026939982225423,000537
2022-02-10,19.9,20.82,19.41,19.88,19414771.0,390184125.0,1731406933.0000002,0.011213291705122216,000537
2022-02-11,19.87,19.92,18.87,18.95,18432818.0,355904369.0,1731406933.0000002,0.010646150046344996,000537
2022-02-14,18.65,19.18,17.88,18.16,23199059.0,426009483.0,1731406933.0000002,0.013398963904922748,000537
2022-02-15,18.24,19.19,18.02,19.09,17568150.0,326928642.0,1731406933.0000002,0.010146748095527002,000537
2022-02-16,18.98,19.5,18.0,18.23,23040132.0,428441702.0,1731406933.0000002,0.013307173236322023,000537
2022-02-17,18.05,18.91,17.68,18.04,23639342.0,431965253.0,1731406933.0000002,0.01365325594430896,000537
2022-02-18,18.07,19.1,17.76,18.62,21931901.0,406325906.0,1731406933.0000002,0.012667097827775649,000537
2022-02-21,18.62,19.1,18.35,18.67,13095622.0,243578230.0,1731406933.0000002,0.007563572578116734,000537
2022-02-22,18.46,19.06,18.08,18.79,16972675.0,315370456.0,1731406933.0000002,0.009802822592717432,000537
2022-02-23,18.78,20.4,18.55,20.06,28210868.0,560002719.0,1731406933.0000002,0.01629360923900147,000537
2022-02-24,19.99,21.2,19.01,19.65,29736210.0,599831411.0,1731406933.0000002,0.017174593351359763,000537
2022-02-25,19.91,21.47,19.8,20.98,23480335.0,484255992.0,1731406933.0000002,0.013561419070510327,000537
2022-02-28,21.0,21.66,20.85,21.3,23104890.0,491051583.0,1731406933.0000002,0.013344575188899279,000537
2022-03-01,21.3,21.88,20.98,21.5,15720099.0,336920189.0,1731406933.0000002,0.009079378568019167,000537
2022-03-02,21.18,21.4,20.12,20.65,19595907.0,403345209.0,1731406933.0000002,0.011317909514227408,000537
2022-03-03,20.8,20.95,20.3,20.5,8420316.0,172753328.0,1731406933.0000002,0.0048632795904369865,000537
2022-03-04,20.14,21.19,19.95,20.83,11930741.0,246464503.0,1731406933.0000002,0.006890778113801164,000537
2022-03-07,20.6,21.16,19.64,19.89,16823006.0,342346072.0,1731406933.0000002,0.009716379020644709,000537
2022-03-08,19.72,20.01,18.7,18.79,15018771.0,288843969.0,1731406933.0000002,0.008674316080031544,000537
2022-03-09,19.2,19.56,18.01,19.01,21480784.0,407443371.0,1731406933.0000002,0.01240654844946263,000537
2022-03-10,19.56,20.09,18.87,19.43,17577599.0,343772675.0,1731406933.0000002,0.010152205506965009,000537
2022-03-11,19.19,19.19,17.49,17.86,34949139.0,625524289.0,1731406933.0000002,0.020185398552981303,000537
2022-03-14,17.77,17.94,16.88,16.94,23327512.0,403124695.0,1731406933.0000002,0.013473153858510048,000537
2022-03-15,16.8,16.85,15.38,15.49,37150949.0,595448865.0,1731406933.0000002,0.021457086888077046,000537
2022-03-16,16.0,16.5,15.0,16.32,26969025.0,429814975.0,1731406933.0000002,0.015576364219167648,000537
2022-03-17,16.64,16.94,16.25,16.68,27591863.0,457924592.0,1731406933.0000002,0.01593609363235696,000537
2022-03-18,16.46,17.49,16.11,17.49,22415012.0,379744084.0,1731406933.0000002,0.012946125819862358,000537
2022-03-21,17.15,17.55,16.86,17.05,20494501.0,351224667.0,1731406933.0000002,0.011836905934348593,000537
2022-03-22,16.85,17.08,16.69,16.8,11685645.0,196724406.0,1731406933.0000002,0.006749219248967856,000537
2022-03-23,17.3,18.18,17.11,17.43,29916384.0,526154036.0,1731406933.0000002,0.0172786555429601,000537
2022-03-24,17.03,17.6,16.84,17.2,18109402.0,311578598.0,1731406933.0000002,0.010459356292758935,000537
2022-03-25,17.08,17.55,16.78,16.78,14978440.0,256261198.0,1731406933.0000002,0.008651022307070776,000537
2022-03-28,16.82,17.65,16.53,16.63,16110946.0,272495020.0,1731406933.0000002,0.009305118105357614,000537
2022-03-29,16.61,17.5,16.6,16.81,16964479.0,288161560.0,1731406933.0000002,0.009798088870191672,000537
2022-03-30,16.9,17.82,16.85,17.63,24611722.0,430937824.0,1731406933.0000002,0.014214868573591414,000537
2022-03-31,17.51,17.63,16.7,17.01,20401656.0,345466606.0,1731406933.0000002,0.011783281914350517,000537
2022-04-01,16.8,17.17,16.32,16.98,14623409.0,244929879.0,1731406933.0000002,0.008445968836836116,000537
2022-04-06,16.97,16.97,16.32,16.47,11963817.0,197899105.0,1731406933.0000002,0.006909881652876574,000537
2022-04-07,16.66,16.66,15.42,15.7,22354015.0,351931780.0,1731406933.0000002,0.012910896089151792,000537
2022-04-08,15.76,15.78,14.93,15.3,15003485.0,229608976.0,1731406933.0000002,0.008665487421841112,000537
2022-04-11,15.22,15.22,14.2,14.3,20887483.0,302581379.0,1731406933.0000002,0.012063878572906233,000537
2022-04-12,14.45,14.6,13.88,14.24,20618163.0,292464399.0,1731406933.0000002,0.011908328774146128,000537
2022-04-13,14.22,14.22,13.24,13.44,29656222.0,402024549.0,1731406933.0000002,0.01712839508423061,000537
2022-04-14,13.43,13.58,12.89,13.01,20709001.0,272797112.0,1731406933.0000002,0.011960793621241667,000537
2022-04-15,13.08,13.98,12.68,13.29,21784409.0,288812871.0,1862520719.9999998,0.011696196861638137,000537
2022-04-18,13.0,14.3,12.76,13.72,20003706.0,270615110.0,1862520719.9999998,0.010740125350122282,000537
2022-04-19,13.65,13.96,13.13,13.26,13736417.0,184963602.0,1862520719.9999998,0.007375175402075528,000537
2022-04-20,13.21,13.4,12.56,12.71,16096368.0,206872771.0,1862520719.9999998,0.00864224909132823,000537
2022-04-21,12.79,12.83,11.7,11.84,21356501.0,258873349.0,1862520719.9999998,0.011466450155786725,000537
2022-04-22,11.73,12.31,11.5,12.1,24661636.0,293352414.0,1862520719.9999998,0.013240999541739329,000537
2022-04-25,11.75,11.95,10.89,10.89,20898591.0,236053085.0,1862520719.9999998,0.011220595172761355,000537
2022-04-26,10.65,10.85,10.0,10.12,25873595.0,270181374.0,1862520719.9999998,0.013891708544321592,000537
2022-04-27,10.28,11.02,10.14,10.98,26315228.0,278063405.0,1862520719.9999998,0.014128824295710387,000537
2022-04-28,10.8,11.67,10.66,11.07,22777721.0,253202796.0,1862520719.9999998,0.01222951280778235,000537
2022-04-29,10.86,11.17,10.5,11.05,40498831.0,439773042.0,1862520719.9999998,0.02174409689251672,000537
2022-05-05,11.03,11.25,10.56,10.75,33495488.0,361496524.0,1862520719.9999998,0.017983954562395422,000537
2022-05-06,10.58,10.66,10.0,10.33,27510617.0,283597130.0,1862520719.9999998,0.014770636752969923,000537
2022-05-09,10.28,10.67,10.12,10.48,16745830.0,174660035.0,1862520719.9999998,0.008990949641623317,000537
2022-05-10,10.21,11.06,10.15,10.8,30059595.0,320027591.0,1862520719.9999998,0.016139200319876174,000537
2022-05-11,10.89,11.88,10.79,11.36,50577252.0,580690362.0,1862520719.9999998,0.027155269445807834,000537
2022-05-12,11.35,11.59,11.15,11.48,38119805.0,433512051.0,1862520719.9999998,0.020466781706460695,000537
2022-05-13,11.3,11.55,10.97,11.34,34262049.0,382693953.0,1862520719.9999998,0.01839552635956716,000537
2022-05-16,11.41,11.54,10.95,11.12,32895269.0,369229641.0,1862520719.9999998,0.017661692912602875,000537
2022-05-17,11.14,11.32,10.91,11.27,20273311.0,225731719.0,1862520719.9999998,0.010884878102188309,000537
2022-05-18,11.19,12.4,11.05,12.05,65881153.0,786313844.0,1862520719.9999998,0.03537203763295584,000537
2022-05-19,11.78,13.2,11.34,12.79,93629422.0,1133673465.0,1862520719.9999998,0.050270271355692626,000537
2022-05-20,13.06,13.7,12.51,13.04,92181073.0,1201402704.0,1862520719.9999998,0.04949264295969819,000537
2022-05-23,13.15,13.26,12.58,13.06,61725565.0,795049066.0,1862520719.9999998,0.033140874266354474,000537
2022-05-24,13.06,13.12,11.92,12.09,54042974.0,675645457.0,1862520719.9999998,0.029016039080628324,000537
2022-05-25,11.93,12.6,11.84,12.3,33480080.0,409088789.0,1862520719.9999998,0.017975681902749518,000537
2022-05-26,12.29,12.49,12.05,12.33,21796106.0,267843149.0,1862520719.9999998,0.011702477060228356,000537
2022-05-27,12.25,12.5,12.0,12.15,26178766.0,320332706.0,1862520719.9999998,0.014055556922878154,000537
2022-05-30,12.22,12.9,11.99,12.71,31328907.0,392347095.0,1862520719.9999998,0.016820702536936075,000537
2022-05-31,12.9,13.43,12.5,13.39,50170801.0,650353896.0,1862520719.9999998,0.02693704314870656,000537
2022-06-01,13.16,13.2,12.4,12.82,39903116.0,507208321.0,1862520719.9999998,0.02142425347085535,000537
2022-06-02,12.57,13.17,12.47,12.94,34383518.0,444237098.0,1862520719.9999998,0.018460743889066645,000537
2022-06-06,12.93,13.81,12.64,13.8,44100320.0,588235032.0,1862520719.9999998,0.023677760749958265,000537
2022-06-07,13.7,13.77,13.25,13.65,35783417.0,483806962.0,1862520719.9999998,0.01921235915163403,000537
2022-06-08,13.52,13.62,12.78,13.0,34494849.0,451459479.0,1862520719.9999998,0.018520518257643868,000537
2022-06-09,12.91,12.91,12.33,12.37,26933519.0,338270662.0,1862520719.9999998,0.014460788924807238,000537
2022-06-10,12.34,12.85,12.21,12.6,30231191.0,381818698.0,1862520719.9999998,0.016231331375470552,000537
2022-06-13,12.51,12.59,12.24,12.45,19831008.0,246029327.0,1862520719.9999998,0.010647402623257798,000537
2022-06-14,12.2,12.32,11.8,12.19,24359531.0,293269123.0,1862520719.9999998,0.0130787973193662,000537
2022-06-15,12.25,12.5,11.92,11.95,32058859.0,393229477.0,1862520719.9999998,0.017212618713847116,000537
2022-06-16,12.15,12.25,11.86,11.95,20057254.0,241235670.0,1862520719.9999998,0.010768875634307038,000537
2022-06-17,11.81,12.3,11.8,12.1,24310006.0,293930974.0,1862520719.9999998,0.01305220701115207,000537
2022-06-20,12.1,13.1,12.09,12.66,31969695.0,403828013.0,1862520719.9999998,0.01716474595783289,000537
2022-06-21,12.61,13.54,12.6,12.98,40588461.0,529907053.0,1862520719.9999998,0.02179221984708981,000537
2022-06-22,12.84,13.43,12.67,12.99,30723579.0,403420456.0,1862520719.9999998,0.016495697830411254,000537
2022-06-23,13.1,13.65,12.8,13.5,28018936.0,371339271.0,1862520719.9999998,0.015043556669801774,000537
2022-06-24,13.5,13.7,13.25,13.42,25341353.0,340366968.0,1862520719.9999998,0.013605944206623378,000537
2022-06-27,13.45,14.17,13.18,14.0,36628697.0,504011082.0,1862520719.9999998,0.01966619571351668,000537
2022-06-28,13.97,14.2,13.46,13.55,24052298.0,328564968.0,1862520719.9999998,0.012913841839031999,000537
2022-06-29,13.45,13.65,12.96,13.0,25219455.0,333051440.0,1862520719.9999998,0.01354049634411584,000537
2022-06-30,13.0,13.2,12.81,12.99,19577163.0,254267120.0,1862520719.9999998,0.010511111522023766,000537
2022-07-01,12.92,13.82,12.86,13.39,31397658.0,423861250.0,1862520719.9999998,0.016857615414877104,000537
2022-07-04,13.38,13.78,13.09,13.52,26498251.0,354097603.0,1862520719.9999998,0.014227090585064741,000537
2022-07-05,13.21,13.38,12.6,12.8,27990868.0,361706263.0,1862520719.9999998,0.015028486770337784,000537
2022-07-06,12.65,13.3,12.6,12.93,22759608.0,294772722.0,1862520719.9999998,0.012219787815300118,000537
2022-07-07,12.75,12.85,12.29,12.42,28680620.0,358400731.0,1862520719.9999998,0.015398819294745889,000537
2022-07-08,12.44,12.91,12.08,12.13,24777931.0,309865611.0,1862520719.9999998,0.013303439115565922,000537
2022-07-11,12.25,12.36,11.83,11.92,17990358.0,216345558.0,1862520719.9999998,0.00965914516108041,000537
2022-07-12,11.88,11.92,11.54,11.69,18500372.0,217245664.0,1862520719.9999998,0.009932975134902124,000537
2022-07-13,11.67,12.65,11.6,12.5,30750731.0,375240065.0,1862520719.9999998,0.016510275923265972,000537
2022-07-14,12.58,12.65,11.97,12.01,25353201.0,309895524.0,1862520719.9999998,0.013612305478137179,000537
2022-07-15,11.95,11.95,11.03,11.06,42856664.0,484189541.0,1862520719.9999998,0.02301003341321218,000537
2022-07-18,11.07,12.17,11.04,12.17,28481091.0,333860429.0,1862520719.9999998,0.015291690822102641,000537
2022-07-19,12.38,13.39,12.38,13.39,75455594.0,994288080.0,1862520719.9999998,0.040512619907927795,000537
2022-07-20,13.86,14.73,13.02,14.73,118391814.0,1668025614.0,1862520719.9999998,0.06356536747682465,000537
2022-07-21,15.21,16.2,14.39,16.0,146912008.0,2237445856.0,1862520719.9999998,0.07887805296469401,000537
2022-07-22,15.49,15.49,14.4,14.4,44120466.0,645743287.0,1862520719.9999998,0.02368857727392155,000537
2022-07-25,13.8,14.56,12.96,13.81,118875222.0,1610928045.0,1862520719.9999998,0.0638249125088928,000537
2022-07-26,13.66,14.37,13.13,13.45,100467369.0,1382481912.0,1862520719.9999998,0.053941611452247365,000537
2022-07-27,13.6,14.02,13.2,13.66,82274701.0,1117615597.0,1862520719.9999998,0.0441738446807722,000537
2022-07-28,13.55,13.8,13.22,13.32,63711075.0,854823545.0,1862520719.9999998,0.03420690804449145,000537
2022-07-29,13.2,13.56,12.96,13.0,49677137.0,657512209.0,1862520719.9999998,0.026671991600716264,000537
2022-08-01,12.7,12.95,12.48,12.82,42994560.0,546740804.0,1862520719.9999998,0.02308407071036504,000537
2022-08-02,12.69,12.77,11.79,11.85,52683081.0,639285709.0,1862520719.9999998,0.02828590331064881,000537
2022-08-03,12.17,12.24,11.44,11.47,40627821.0,483157376.0,1862520719.9999998,0.021813352497898657,000537
2022-08-04,11.53,11.71,11.26,11.49,28825879.0,330709790.0,1862520719.9999998,0.01547680983651017,000537
2022-08-05,11.44,11.62,11.3,11.5,26011491.0,297499236.0,1862520719.9999998,0.013965745841474453,000537
2022-08-08,11.51,11.98,11.42,11.95,38164286.0,447273572.0,1862520719.9999998,0.02049066385688316,000537
2022-08-09,11.9,12.12,11.71,11.99,32274968.0,386148519.0,1862520719.9999998,0.017328649100880878,000537
2022-08-10,11.93,12.64,11.76,12.34,49369587.0,603211907.0,1862520719.9999998,0.02650686592093322,000537
2022-08-11,12.34,12.49,12.22,12.33,26505090.0,326747482.0,1862520719.9999998,0.014230762490524134,000537
2022-08-12,12.59,13.56,12.58,13.12,98366306.0,1308444953.0,1862520719.9999998,0.05281353648511358,000537
2022-08-15,13.12,13.12,12.65,13.0,59464038.0,765988562.0,1862520719.9999998,0.031926645089886574,000537
2022-08-16,12.82,13.76,12.82,13.45,57779358.0,765782546.0,1862520719.9999998,0.031022128977979912,000537
2022-08-17,13.56,14.8,13.56,13.94,88797096.0,1261715388.0,1862520719.9999998,0.047675762769500904,000537
2022-08-18,13.95,14.18,13.65,13.99,47566006.0,660880243.0,1862520719.9999998,0.025538511056134725,000537
2022-08-19,14.03,15.39,13.41,15.26,114318192.0,1693315621.0,1862520719.9999998,0.061378212211244565,000537
2022-08-22,15.26,15.69,14.3,14.35,92911445.0,1385701248.0,1862520719.9999998,0.049884784637456284,000537
2022-08-23,14.49,15.46,14.12,15.34,58272893.0,870135147.0,1862520719.9999998,0.031287111264995754,000537
2022-08-24,15.25,15.5,14.5,14.66,57612255.0,858699910.0,1862520719.9999998,0.030932410244542144,000537
2022-08-25,14.7,15.07,14.24,14.6,33848124.0,494135717.0,1862520719.9999998,0.01817328722120203,000537
2022-08-26,14.61,15.94,14.43,14.99,51305502.0,781923981.0,1862520719.9999998,0.02754627180738156,000537
2022-08-29,15.19,16.18,14.72,15.93,50359312.0,781418532.0,1862520719.9999998,0.02703825598246231,000537
2022-08-30,16.05,16.08,15.57,15.7,32333169.0,510194044.0,1862520719.9999998,0.017359897612306833,000537
2022-08-31,15.6,15.98,14.5,14.88,35290968.0,533677000.0,1862520719.9999998,0.01894795994537983,000537
2022-09-01,14.92,14.94,14.13,14.29,31898966.0,460953309.0,1862520719.9999998,0.017126771078283632,000537
2022-09-02,14.3,14.83,14.22,14.48,23638289.0,343447066.0,1862520719.9999998,0.01269155760049746,000537
2022-09-05,14.6,14.98,14.49,14.64,20287030.0,297802897.0,1862520719.9999998,0.01089224392628502,000537
2022-09-06,14.74,15.63,14.55,15.5,33110187.0,503024013.0,1862520719.9999998,0.01777708384366323,000537
2022-09-07,15.46,16.88,15.31,16.55,46070781.0,740771197.0,1862520719.9999998,0.024735714617982883,000537
2022-09-08,16.6,17.28,16.28,16.45,49456417.0,825877808.0,1862520719.9999998,0.02655348553652601,000537
2022-09-09,16.3,16.62,15.92,16.38,27097424.0,440724790.0,1862520719.9999998,0.014548790630366787,000537
2022-09-13,16.55,16.69,15.65,15.92,25572700.0,408550461.0,1862520719.9999998,0.013730155979150666,000537
2022-09-14,15.58,15.98,14.6,14.96,43415017.0,656740972.0,1862520719.9999998,0.023309816923808506,000537
2022-09-15,14.84,14.98,13.57,13.77,42070324.0,591591279.0,1862520719.9999998,0.02258784213686493,000537
2022-09-16,13.95,14.28,13.72,13.78,23876949.0,334577446.0,1862520719.9999998,0.012819695772297236,000537
2022-09-19,13.7,13.82,13.28,13.39,14466089.0,195043708.0,1862520719.9999998,0.007766941245088539,000537
2022-09-20,13.56,13.78,13.39,13.58,16495907.0,224563592.0,1862520719.9999998,0.008856764288775269,000537
2022-09-21,13.54,13.88,13.1,13.75,16701476.0,227368118.0,1862520719.9999998,0.008967135678361743,000537
2022-09-22,13.6,14.08,13.5,13.82,16602529.0,230558177.0,1862520719.9999998,0.008914010363331691,000537
2022-09-23,13.82,13.95,13.17,13.54,16224276.0,218108535.0,1862520719.9999998,0.008710923763575636,000537
2022-09-26,13.25,13.68,12.97,13.12,16427757.0,218476448.0,1862520719.9999998,0.008820174091808226,000537
2022-09-27,13.11,13.35,12.8,13.35,15005047.0,196049729.0,1862520719.9999998,0.008056311448712368,000537
2022-09-28,13.3,13.35,12.56,12.8,15638758.0,200648742.0,1862520719.9999998,0.008396555180336465,000537
2022-09-29,12.92,12.98,12.58,12.73,11009584.0,139957658.0,1862520719.9999998,0.005911120280047141,000537
2022-09-30,12.56,12.9,12.3,12.42,12568849.0,158218209.0,1862520719.9999998,0.006748300228305649,000537
2022-10-10,12.38,12.6,11.92,12.09,11728172.0,143590069.0,1862520719.9999998,0.006296935048325262,000537
2022-10-11,12.0,12.4,11.89,12.28,12530396.0,152635555.0,1862520719.9999998,0.006727654551945066,000537
2022-10-12,12.27,12.55,11.82,12.51,13394706.0,163255601.0,1862520719.9999998,0.007191708449825998,000537
2022-10-13,12.38,13.58,12.35,13.15,30819936.0,397947379.0,1862520719.9999998,0.016547432556884522,000537
2022-10-14,13.05,13.49,12.9,13.3,21855195.0,287993023.0,1862520719.9999998,0.011734202344873781,000537
2022-10-17,13.09,13.23,12.64,13.02,21970772.0,283145536.0,1862520719.9999998,0.011796256419633283,000537
2022-10-18,13.01,13.53,12.96,13.42,24400438.0,324026091.0,1862520719.9999998,0.013100760564961664,000537
2022-10-19,13.38,13.4,12.78,12.91,19270670.0,252529111.0,1862520719.9999998,0.01034655335270579,000537
2022-10-20,12.79,13.27,12.46,12.85,22079374.0,283142441.0,1862520719.9999998,0.01185456556961149,000537
2022-10-21,12.84,13.32,12.8,13.02,16482662.0,215583353.0,1862520719.9999998,0.008849652958491652,000537
2022-10-24,12.97,13.2,12.5,12.62,18427914.0,235807087.0,1862520719.9999998,0.009894071943532527,000537
2022-10-25,12.5,12.87,12.33,12.7,12763048.0,161020409.0,1862520719.9999998,0.006852566987818531,000537
2022-10-26,12.69,12.94,12.57,12.75,14933197.0,190512136.0,1862520719.9999998,0.008017734696664208,000537
2022-10-27,12.77,14.03,12.69,14.03,35935573.0,497165636.0,1862520719.9999998,0.019294052739450868,000537
2022-10-28,14.0,14.1,13.0,13.16,35445713.0,478057520.0,1862520719.9999998,0.019031043584846672,000537
2022-10-31,13.13,13.32,12.68,13.18,21173724.0,275627869.0,1862520719.9999998,0.011368315945499925,000537
2022-11-01,13.16,13.69,13.13,13.58,23747865.0,320209964.0,1862520719.9999998,0.012750389697678104,000537
2022-11-02,13.61,14.09,13.29,13.85,26977440.0,370672493.0,1862520719.9999998,0.014484370407433644,000537
2022-11-03,13.6,13.89,13.43,13.64,28222313.0,384926660.0,1862520719.9999998,0.015152751159729382,000537
2022-11-04,13.7,13.87,13.5,13.65,45140654.0,616662512.0,1862520719.9999998,0.02423632312664957,000537
2022-11-07,13.84,13.85,13.53,13.57,25987453.0,355654081.0,1862520719.9999998,0.013952839676328542,000537
2022-11-08,13.57,14.38,13.34,13.93,38234624.0,530594651.0,1862520719.9999998,0.02052842880588196,000537
2022-11-09,13.87,14.09,13.76,13.88,16761089.0,233146268.0,1862520719.9999998,0.008999142302159195,000537
2022-11-10,13.84,14.48,13.75,14.2,29646206.0,421497775.0,1862520719.9999998,0.01591724896354442,000537
2022-11-11,14.5,14.53,13.92,14.13,23244736.0,329983671.0,1862520719.9999998,0.012480256327027602,000537
2022-11-14,14.13,14.13,13.53,13.53,23362145.0,321024423.0,1862520719.9999998,0.012543294015005644,000537
2022-11-15,13.53,14.08,13.43,13.86,24337162.0,336022689.0,1862520719.9999998,0.013066787251633906,000537
2022-11-16,13.86,14.18,13.55,13.63,19840669.0,272791633.0,1862520719.9999998,0.010652589679646626,000537
2022-11-17,13.62,13.7,13.25,13.69,16598832.0,223706760.0,1862520719.9999998,0.00891202541897091,000537
2022-11-18,13.63,14.05,13.49,13.88,25060159.0,347499568.0,1862520719.9999998,0.013454969241899227,000537
2022-11-21,13.78,14.44,13.6,14.16,27662623.0,391457273.0,1862520719.9999998,0.014852249804769959,000537
2022-11-22,14.22,14.27,13.95,14.19,16681412.0,234871509.0,1862520719.9999998,0.008956363180754308,000537
2022-11-23,14.12,15.24,13.75,14.78,40478788.0,587735933.0,1862520719.9999998,0.021733335669951635,000537
2022-11-24,14.78,14.99,14.51,14.7,18418183.0,271726947.0,1862520719.9999998,0.009888847303669191,000537
2022-11-25,14.68,15.19,14.53,14.72,20448890.0,304251933.0,1862520719.9999998,0.01097914765748217,000537
2022-11-28,14.41,14.66,14.26,14.51,16917526.0,244585671.0,1862520719.9999998,0.009083134387895563,000537
2022-11-29,14.58,14.66,14.41,14.53,13394773.0,194680808.0,1862520719.9999998,0.0071917444225801696,000537
2022-11-30,14.53,15.02,14.46,14.62,14911982.0,219907685.0,1862520719.9999998,0.00800634421935451,000537
2022-12-01,14.63,14.85,14.45,14.69,13386927.0,196361285.0,1862520719.9999998,0.007187531851994646,000537
2022-12-02,14.77,15.04,14.62,14.92,15743213.0,233480331.0,1862520719.9999998,0.008452637777903487,000537
2022-12-05,14.95,15.0,14.69,14.86,14338993.0,212406890.0,1862520719.9999998,0.007698702541145423,000537
2022-12-06,14.88,14.88,14.02,14.18,24716631.0,354230180.0,1862520719.9999998,0.013270526730032836,000537
2022-12-07,14.16,14.17,13.83,14.0,12384647.0,173057439.0,1862520719.9999998,0.006649400925859231,000537
2022-12-08,13.95,14.2,13.85,13.88,8684591.0,121550391.0,1862520719.9999998,0.004662815777963534,000537
2022-12-09,13.87,14.02,13.43,13.45,21016631.0,286639804.0,1862520719.9999998,0.011283971648916745,000537
2022-12-12,13.39,13.44,12.8,12.9,35055201.0,455846330.0,1862520719.9999998,0.01882137504489078,000537
2022-12-13,12.88,13.19,12.86,12.98,14078732.0,183643961.0,1862520719.9999998,0.007558966646019381,000537
2022-12-14,13.04,13.04,12.61,12.68,10918863.0,139667029.0,1862520719.9999998,0.00586241156017851,000537
2022-12-15,12.7,12.93,12.58,12.85,11288592.0,144255686.0,1862520719.9999998,0.0060609215665530965,000537
2022-12-16,12.71,13.08,12.68,12.87,12531637.0,160810022.0,1862520719.9999998,0.006728320853257408,000537
2022-12-19,12.86,13.07,12.3,12.43,16638795.0,210483488.0,1862520719.9999998,0.0089334818245673,000537
2022-12-20,12.37,12.63,12.16,12.55,11053845.0,137430438.0,1862520719.9999998,0.005934884310978297,000537
2022-12-21,12.52,12.59,12.06,12.14,13322046.0,162722430.0,1862520719.9999998,0.007152696803287107,000537
2022-12-22,12.15,12.25,11.82,11.93,9693214.0,116398628.0,1862520719.9999998,0.0052043523037961165,000537
2022-12-23,11.83,12.02,11.79,11.87,7004000.0,83327992.0,1862520719.9999998,0.0037604950778748927,000537
2022-12-26,11.87,12.44,11.87,12.33,12063494.0,147823391.0,1862520719.9999998,0.006476971703165805,000537
2022-12-27,12.36,12.71,12.27,12.47,14667561.0,182804768.0,1862520719.9999998,0.00787511292760276,000537
2022-12-28,12.4,13.72,12.33,13.47,49438174.0,656659450.0,1862520719.9999998,0.026543690746162547,000537
2022-12-29,13.21,13.65,13.11,13.27,28491029.0,379576629.0,1862520719.9999998,0.015297026601669164,000537
2022-12-30,13.33,13.64,13.13,13.23,17169206.0,228847498.0,1862520719.9999998,0.00921826308595375,000537
2023-01-03,13.23,13.85,13.1,13.74,21384601.0,289331501.0,1862520719.9999998,0.011481537236267634,000537
2023-01-04,13.74,14.35,13.69,14.05,23671495.0,331731769.0,1862520719.9999998,0.01270938612699031,000537
2023-01-05,14.1,14.32,13.84,14.09,19855448.0,279625547.0,1862520719.9999998,0.010660524624928738,000537
2023-01-06,14.15,14.42,13.78,14.0,27098533.0,380983701.0,1862520719.9999998,0.014549386059984343,000537
2023-01-09,14.05,14.18,13.72,13.93,20629200.0,287506410.0,1862520719.9999998,0.011075957318745965,000537
2023-01-10,13.89,13.89,13.5,13.58,21103228.0,289036449.0,1862520719.9999998,0.0113304661652301,000537
2023-01-11,13.58,13.8,13.39,13.51,13306468.0,180525405.0,1862520719.9999998,0.00714433286948883,000537
2023-01-12,13.83,14.53,13.57,14.18,34913606.0,496014182.0,1862520719.9999998,0.01874535172956358,000537
2023-01-13,14.17,14.2,13.81,13.93,13509339.0,189116073.0,1862520719.9999998,0.007253255684586425,000537
2023-01-16,13.7,14.04,13.5,13.75,17387300.0,239480854.0,1862520719.9999998,0.009335359232943192,000537
2023-01-17,13.78,13.83,13.48,13.55,8859539.0,120499037.0,1862520719.9999998,0.004756746545080047,000537
2023-01-18,13.51,13.65,13.39,13.43,8942721.0,120761351.0,1862520719.9999998,0.004801407524744209,000537
2023-01-19,13.32,13.36,12.8,13.22,15265543.0,201492970.0,1862520719.9999998,0.0081961735169314,000537
2023-01-20,13.25,13.68,13.2,13.41,11744984.0,158056695.0,1862520719.9999998,0.006305961525088431,000537
2023-01-30,13.3,13.55,13.2,13.35,18953037.0,253181520.0,1862520719.9999998,0.010176014041873318,000537
2023-01-31,13.3,13.72,13.25,13.43,14904586.0,200481437.0,1862520719.9999998,0.008002373256819394,000537
2023-02-01,13.43,13.75,13.38,13.74,16585544.0,225761192.0,1862520719.9999998,0.00890489100169581,000537
2023-02-02,13.74,13.75,13.28,13.32,20961949.0,282052755.0,1862520719.9999998,0.011254612512444964,000537
2023-02-03,13.0,13.24,12.76,13.03,21585922.0,279527802.0,1862520719.9999998,0.011589627845858274,000537
2023-02-06,12.98,13.17,12.92,12.98,10705300.0,139590869.0,1862520719.9999998,0.0057477481378032675,000537
2023-02-07,13.01,13.09,12.96,13.04,9578067.0,124646787.0,1862520719.9999998,0.005142529098951448,000537
2023-02-08,13.02,13.23,12.8,13.0,14805300.0,192242765.0,1862520719.9999998,0.007949065930391368,000537
2023-02-09,12.96,13.1,12.88,13.08,11513959.0,150065404.0,1862520719.9999998,0.006181922636543878,000537
2023-02-10,13.02,13.43,13.0,13.16,15044104.0,198440458.0,1862520719.9999998,0.008077281416767274,000537
2023-02-13,13.15,13.36,13.04,13.06,13872628.0,182221237.0,1862520719.9999998,0.0074483080113063125,000537
2023-02-14,13.07,13.14,12.83,12.98,11873500.0,154032778.0,1862520719.9999998,0.0063749626366572726,000537
2023-02-15,13.0,13.01,12.83,12.96,8858915.0,114347341.0,1862520719.9999998,0.00475641151525015,000537
2023-02-16,12.96,13.08,12.55,12.73,13773421.0,177020053.0,1862520719.9999998,0.0073950431005138035,000537
2023-02-17,12.63,12.8,12.58,12.62,7701672.0,97515671.0,1862520719.9999998,0.0041350799039701425,000537
2023-02-20,12.58,12.66,12.38,12.59,10472718.0,130938338.0,1862520719.9999998,0.00562287328540431,000537
2023-02-21,12.59,12.95,12.57,12.82,12977119.0,165393076.0,1862520719.9999998,0.0069675031588373425,000537
2023-02-22,12.78,12.82,12.67,12.72,6123479.0,77936296.0,1862520719.9999998,0.0032877373842047784,000537
2023-02-23,12.73,12.81,12.62,12.75,7354213.0,93473080.0,1862520719.9999998,0.00394852681155676,000537
2023-02-24,12.79,12.9,12.61,12.79,8682471.0,110622170.0,1862520719.9999998,0.004661677535592732,000537
2023-02-27,12.67,12.86,12.44,12.52,12929687.0,163024424.0,1862520719.9999998,0.006942036596510992,000537
2023-02-28,12.57,12.67,12.36,12.64,11090904.0,138325272.0,1862520719.9999998,0.0059547815392894,000537
2023-03-01,12.64,12.68,12.55,12.66,9103893.0,114954710.0,1862520719.9999998,0.004887941864077625,000537
2023-03-02,12.63,12.75,12.49,12.53,8113376.0,102351739.0,1862520719.9999998,0.004356126572379823,000537
2023-03-03,12.55,12.61,12.43,12.53,7917330.0,99178285.0,1862520719.9999998,0.0042508681460467195,000537
2023-03-06,12.56,12.68,12.27,12.58,10721864.0,133787707.0,1862520719.9999998,0.0057566414616853235,000537
2023-03-07,12.58,12.88,12.49,12.76,19681548.0,251139952.0,1862520719.9999998,0.010567156536116281,000537
2023-03-08,12.68,13.06,12.65,12.95,17092616.0,220710665.0,1862520719.9999998,0.009177141395774647,000537
2023-03-09,12.95,13.04,12.77,12.8,12542519.0,161433873.0,1862520719.9999998,0.0067341634728230034,000537
2023-03-10,12.7,12.8,12.37,12.38,10958100.0,137141427.0,1862520719.9999998,0.005883478171453578,000537
2023-03-13,12.38,12.5,12.23,12.34,6870198.0,84652427.0,1862520719.9999998,0.003688655877073948,000537
2023-03-14,12.3,12.74,12.26,12.5,11362544.0,142327925.0,1862520719.9999998,0.006100626896650042,000537
2023-03-15,12.52,12.74,12.47,12.6,6536920.0,82142241.0,1862520719.9999998,0.0035097166596890265,000537
2023-03-16,12.56,12.59,12.25,12.27,8166815.0,101182622.0,1862520719.9999998,0.0043848183337257055,000537
2023-03-17,12.33,12.37,12.12,12.14,8921610.0,109284936.0,1862520719.9999998,0.004790072885739494,000537
2023-03-20,12.13,12.22,11.92,12.03,10993544.0,132374310.0,1862520719.9999998,0.005902508295317113,000537
2023-03-21,12.0,12.07,11.93,12.04,6845366.0,82283282.0,1862520719.9999998,0.0036753234079457656,000537
2023-03-22,12.08,12.2,11.99,12.18,7147574.0,86384854.0,1862520719.9999998,0.0038375809317170986,000537
2023-03-23,12.17,12.33,12.04,12.26,7429371.0,90898298.0,1862520719.9999998,0.003988879651228793,000537
2023-03-24,12.26,12.28,12.06,12.1,8996243.0,109229252.0,1862520719.9999998,0.004830143849352721,000537
2023-03-27,12.09,12.12,11.95,11.99,7378027.0,88636491.0,1862520719.9999998,0.003961312709584246,000537
2023-03-28,12.06,12.1,11.82,11.85,7290172.0,86562073.0,1862520719.9999998,0.003914142764543312,000537
2023-03-29,11.86,11.93,11.52,11.66,10294993.0,120324134.0,1862520719.9999998,0.005527451528163403,000537
2023-03-30,11.71,11.82,11.37,11.42,12325643.0,142213836.0,1862520719.9999998,0.006617721278289995,000537
2023-03-31,11.4,11.53,11.36,11.47,9337820.0,106899087.0,1862520719.9999998,0.005013538856093907,000537
2023-04-03,11.49,11.6,11.42,11.51,10454376.0,120347167.0,1862520719.9999998,0.005613025341269761,000537
2023-04-04,11.5,11.61,10.84,11.09,24530102.0,271865333.0,1862520719.9999998,0.013170378045512429,000537
2023-04-06,11.11,11.25,11.02,11.1,8731051.0,97194119.0,1862520719.9999998,0.0046877604669010075,000537
2023-04-07,11.17,11.54,11.15,11.41,12092070.0,137627262.0,1862520719.9999998,0.006492314351273365,000537
2023-04-10,11.41,12.18,11.33,11.94,21798813.0,257996169.0,1862520719.9999998,0.011703930466878244,000537
2023-04-11,12.12,12.12,11.6,11.73,14182646.0,166221540.0,1862520719.9999998,0.007614758777019137,000537
2023-04-12,11.7,11.76,11.47,11.55,10229473.0,118379810.0,1862520719.9999998,0.005492273396024288,000537
2023-04-13,11.98,12.11,11.7,11.86,16869345.0,199781798.0,1862520719.9999998,0.00905726568239198,000537
2023-04-14,11.75,12.14,11.74,12.03,15313039.0,183045507.0,1862520719.9999998,0.008221674441291585,000537
2023-04-17,11.95,12.15,11.91,12.05,12813781.0,154447223.0,1862520719.9999998,0.006879805879421305,000537
2023-04-18,12.05,12.09,11.88,11.92,12644301.0,151286237.0,1862520719.9999998,0.006788810918570614,000537
2023-04-19,11.96,11.97,11.64,11.68,12119165.0,142796727.0,1862520719.9999998,0.006506861840441701,000537
2023-04-20,11.71,11.71,11.39,11.6,10015623.0,115390501.0,1862520719.9999998,0.0053774558814035645,000537
2023-04-21,11.61,11.85,11.5,11.51,8458335.0,98549520.0,1862520719.9999998,0.004541337397846506,000537
2023-04-24,11.55,11.64,11.38,11.45,7992586.0,91719635.0,1862520719.9999998,0.004291273602583063,000537
2023-04-25,11.42,11.54,11.14,11.27,9448734.0,106563764.0,1862520719.9999998,0.005073089334544424,000537
2023-04-26,11.22,11.77,11.22,11.69,10885034.0,125967743.0,1862520719.9999998,0.005844248540762543,000537
2023-04-27,11.69,11.72,11.43,11.59,7815430.0,90451794.0,1862520719.9999998,0.004196157345299225,000537
2023-04-28,11.66,11.73,11.47,11.67,8424807.0,97800522.0,1862520719.9999998,0.004523335987370922,000537
2023-05-04,11.64,11.9,11.62,11.77,8005307.0,94240679.0,1862520719.9999998,0.004298103593714652,000537
2023-05-05,11.7,11.88,11.63,11.82,8968076.0,105504204.0,1862520719.9999998,0.00481502079611764,000537
2023-05-08,11.85,11.91,11.67,11.71,10078943.0,118458472.0,1862520719.9999998,0.005411452818629583,000537
2023-05-09,11.75,11.82,11.53,11.53,7749301.0,90533237.0,1862520719.9999998,0.004160652236931893,000537
2023-05-10,11.55,11.67,11.52,11.62,5969395.0,69232919.0,1862520719.9999998,0.0032050086401186457,000537
2023-05-11,11.63,11.93,11.6,11.74,7428391.0,87451653.0,1862520719.9999998,0.003988353482585687,000537
2023-05-12,11.73,12.15,11.7,11.8,13904508.0,166185509.0,1862520719.9999998,0.007465424599410632,000537
2023-05-15,11.85,11.98,11.78,11.92,8543897.0,101551875.0,1862520719.9999998,0.004587276215643927,000537
2023-05-16,11.86,11.89,11.61,11.77,8765570.0,103010384.0,1862520719.9999998,0.004706293951994263,000537
2023-05-17,11.73,11.84,11.67,11.75,6856361.0,80526535.0,1862520719.9999998,0.0036812266979773522,000537
2023-05-18,11.75,11.82,11.51,11.55,6956706.0,81014596.0,1862520719.9999998,0.0037351026086839996,000537
2023-05-19,11.55,11.55,11.38,11.43,6461300.0,73832608.0,1862520719.9999998,0.003469115769085243,000537
2023-05-22,11.4,11.78,11.38,11.68,9658072.0,112682744.0,1862520719.9999998,0.005185484325779743,000537
2023-05-23,11.66,11.71,11.29,11.3,12608569.0,143885009.0,1862520719.9999998,0.00676962616555482,000537
2023-05-24,11.28,11.37,11.14,11.29,5131100.0,58015564.0,1862520719.9999998,0.0027549223720850745,000537
2023-05-25,11.3,11.56,11.26,11.44,6832980.0,78103114.0,1862520719.9999998,0.0036686732805850347,000537
2023-05-26,11.43,11.7,11.35,11.67,9133847.0,105522964.0,1862520719.9999998,0.004904024369726207,000537
2023-05-29,11.72,11.97,11.7,11.81,10814249.0,128135465.0,1862520719.9999998,0.005806243594433678,000537
2023-05-30,11.78,12.5,11.78,12.12,25695208.0,314348993.0,1862520719.9999998,0.0137959313547932,000537
2023-05-31,12.02,12.2,11.85,11.89,10294690.0,123040242.0,1862520719.9999998,0.005527288845409463,000537
2023-06-01,11.79,11.95,11.68,11.79,8104076.0,95862535.0,1862520719.9999998,0.004351133339338099,000537
2023-06-02,11.84,12.01,11.82,11.92,6263179.0,74753202.0,1862520719.9999998,0.003362743261186378,000537
2023-06-05,11.96,12.12,11.85,12.09,9727690.0,116763936.0,1862520719.9999998,0.005222862701897889,000537
2023-06-06,12.02,12.09,11.6,11.61,9525968.0,111963917.0,1862520719.9999998,0.005114556792688997,000537
2023-06-07,11.67,11.74,11.38,11.45,7744910.0,89004144.0,1862520719.9999998,0.00415829467926671,000537
2023-06-08,11.45,11.68,11.42,11.53,5522731.0,63895442.0,1862520719.9999998,0.002965191710726311,000537
2023-06-09,11.48,11.84,11.48,11.76,7490175.0,87748015.0,1862520719.9999998,0.004021525730999654,000537
2023-06-12,11.71,11.86,11.69,11.8,6488275.0,76525813.0,1862520719.9999998,0.003483598829440137,000537
2023-06-13,11.78,11.84,11.65,11.68,5748703.0,67271999.0,1862520719.9999998,0.0030865176093181936,000537
2023-06-14,11.71,11.76,11.6,11.61,5512594.0,64234555.0,1862520719.9999998,0.002959749086710832,000537
2023-06-15,11.46,11.89,11.46,11.73,7463392.0,87274757.0,1862520719.9999998,0.0040071457567462665,000537
2023-06-16,11.72,11.83,11.63,11.7,6758464.0,79084280.0,1862520719.9999998,0.0036286651350649138,000537
2023-06-19,11.71,11.72,11.53,11.58,5277265.0,61226545.0,1862520719.9999998,0.0028333993513908404,000537
2023-06-20,11.54,11.74,11.49,11.58,5880179.0,68381196.0,1862520719.9999998,0.0031571079649519284,000537
2023-06-21,11.52,11.74,11.48,11.54,5954487.0,69237186.0,1862520719.9999998,0.0031970044338620837,000537
2023-06-26,11.54,11.74,11.45,11.63,7600735.0,88570971.0,1862520719.9999998,0.004080886144450517,000537
2023-06-27,11.65,11.72,11.43,11.59,6149546.0,70983050.0,1862520719.9999998,0.0033017329332046307,000537
2023-06-28,11.57,11.8,11.52,11.78,10735854.0,125707920.0,1862520719.9999998,0.005764152787519058,000537
2023-06-29,11.74,11.74,11.61,11.65,6629649.0,77287543.0,1862520719.9999998,0.003559503488369247,000537
2023-06-30,11.65,11.71,11.58,11.67,5835423.0,67982855.0,1862520719.9999998,0.0031330781651653255,000537
2023-07-03,11.73,12.35,11.69,12.2,30076628.0,365767364.0,1862520719.9999998,0.016148345453037432,000537
2023-07-04,12.25,12.28,12.01,12.1,11162510.0,135161249.0,1862520719.9999998,0.005993227286083562,000537
2023-07-05,12.12,12.35,12.1,12.32,12981810.0,158953256.0,1862520719.9999998,0.00697002178853613,000537
2023-07-06,12.53,12.67,12.14,12.2,14445879.0,178272001.0,1862520719.9999998,0.007756090359091416,000537
2023-07-07,12.31,13.42,12.3,13.42,59080719.0,776177928.0,1862520719.9999998,0.031720838520389726,000537
2023-07-10,13.58,13.82,13.22,13.34,49706364.0,667433140.0,1862520719.9999998,0.026687683775136743,000537
2023-07-11,13.4,13.45,12.92,13.15,27860699.0,364595773.0,1862520719.9999998,0.014958598151863784,000537
2023-07-12,13.25,13.4,13.08,13.27,24943603.0,331009038.0,1862520719.9999998,0.013392389535403398,000537
2023-07-13,13.21,13.23,12.91,13.02,18964280.0,246735800.0,1862520719.9999998,0.010182050484786018,000537
2023-07-14,12.93,13.2,12.79,13.1,20933387.0,271964238.0,1862520719.9999998,0.011239277381032305,000537
2023-07-17,13.07,13.07,12.77,12.82,13952411.0,179773330.0,1862520719.9999998,0.007491144044829741,000537
2023-07-18,12.78,12.91,12.65,12.85,8944360.0,114596235.0,1862520719.9999998,0.004802287514954465,000537
2023-07-19,12.83,12.85,12.56,12.62,9499938.0,120204922.0,1862520719.9999998,0.0051005811092399555,000537
2023-07-20,12.61,12.69,12.27,12.28,13412785.0,166707524.0,1862520719.9999998,0.007201415187477754,000537
2023-07-21,12.3,12.45,12.21,12.32,7194326.0,88639923.0,1862520719.9999998,0.003862682397433947,000537
2023-07-24,12.3,12.45,12.13,12.27,7213497.0,88815069.0,1862520719.9999998,0.0038729754372880216,000537
2023-07-25,12.4,12.58,12.33,12.56,10331614.0,128843727.0,1862520719.9999998,0.005547113591305444,000537
2023-07-26,12.53,12.58,12.37,12.4,6468659.0,80514252.0,1862520719.9999998,0.0034730668660695493,000537
2023-07-27,12.39,12.48,12.28,12.3,4612000.0,57031021.0,1862520719.9999998,0.0024762140632722737,000537
2023-07-28,12.28,12.52,12.21,12.44,6758628.0,83762558.0,1862520719.9999998,0.0036287531877766174,000537
2023-07-31,12.49,12.62,12.43,12.48,6571322.0,82234943.0,1862520719.9999998,0.003528187326689177,000537
2023-08-01,12.49,12.69,12.43,12.54,7874238.0,98859052.0,1862520719.9999998,0.00422773175913984,000537
2023-08-02,12.54,12.54,12.31,12.33,6788874.0,84175827.0,1862520719.9999998,0.0036449924702045737,000537
2023-08-03,12.27,12.43,12.24,12.36,8237102.0,101579616.0,1862520719.9999998,0.004422555900478789,000537
2023-08-04,12.37,12.53,12.26,12.28,7383942.0,91238577.0,1862520719.9999998,0.0039644885131801385,000537
2023-08-07,12.27,12.31,12.17,12.22,5342800.0,65363774.0,1862520719.9999998,0.0028685855371316355,000537
2023-08-08,12.23,12.32,12.09,12.13,5499050.0,66855535.0,1862520719.9999998,0.0029524772213003893,000537
2023-08-09,12.16,12.2,12.06,12.08,3863470.0,46735027.0,1862520719.9999998,0.0020743232322269147,000537
2023-08-10,12.08,12.19,12.0,12.12,5492800.0,66546343.0,1862520719.9999998,0.0029491215539336393,000537
2023-08-11,12.12,12.18,11.89,11.89,5288400.0,63444407.0,1862520719.9999998,0.0028393778083714424,000537
2023-08-14,11.84,12.05,11.74,12.0,5303112.0,63131358.0,1862520719.9999998,0.0028472767808993826,000537
2023-08-15,12.0,12.07,11.78,11.9,6664604.0,79263781.0,1862520719.9999998,0.003578271064818007,000537
2023-08-16,11.84,11.96,11.76,11.85,3407142.0,40413826.0,1862520719.9999998,0.0018293176357254165,000537
2023-08-17,11.84,11.88,11.67,11.83,3551502.0,41869511.0,1862520719.9999998,0.001906825498295665,000537
2023-08-18,11.84,11.9,11.71,11.71,3561542.0,42110305.0,1862520719.9999998,0.0019122160423536124,000537
2023-08-21,11.67,11.76,11.54,11.55,5707459.0,66398320.0,1862520719.9999998,0.0030643734261383147,000537
2023-08-22,11.65,11.81,11.55,11.75,6843390.0,79889787.0,1862520719.9999998,0.003674262480151094,000537
2023-08-23,11.75,12.19,11.43,11.43,9729344.0,113500358.0,1862520719.9999998,0.005223750745709826,000537
2023-08-24,11.43,11.55,11.34,11.5,5132869.0,58763106.0,1862520719.9999998,0.0027558721601765594,000537
2023-08-25,11.45,11.54,11.26,11.34,5948500.0,67634072.0,1862520719.9999998,0.0031937899729781267,000537
2023-08-28,11.8,11.99,11.22,11.24,9548600.0,110201626.0,1862520719.9999998,0.005126708066904084,000537
2023-08-29,11.25,11.5,11.21,11.48,8037735.0,91446522.0,1862520719.9999998,0.004315514406733688,000537
2023-08-30,11.55,11.58,11.4,11.52,6941699.0,79803565.0,1862520719.9999998,0.003727045248656348,000537
2023-08-31,11.53,11.64,11.22,11.39,7257640.0,82484257.0,1862520719.9999998,0.003896676113219294,000537
2023-09-01,11.38,11.42,11.28,11.29,3987900.0,45194531.0,1862520719.9999998,0.0021411305426980703,000537
2023-09-04,11.3,11.56,11.3,11.55,6657700.0,76214765.0,1862520719.9999998,0.003574564260418,000537
2023-09-05,11.54,11.74,11.48,11.64,7502300.0,87320062.0,1862520719.9999998,0.004028035725691149,000537
2023-09-06,11.58,11.7,11.51,11.6,5732989.0,66573193.0,1862520719.9999998,0.0030780806561980156,000537
2023-09-07,11.58,11.64,11.3,11.4,4959615.0,56741563.0,1862520719.9999998,0.0026628509131431306,000537
2023-09-08,11.4,11.48,11.31,11.38,3423300.0,38993065.0,1862520719.9999998,0.0018379929754553284,000537
2023-09-11,11.36,11.51,11.34,11.48,4084700.0,46778981.0,1862520719.9999998,0.0021931031188742968,000537
2023-09-12,11.49,11.6,11.46,11.5,3915700.0,45111131.0,1862520719.9999998,0.0021023658732773724,000537
2023-09-13,11.5,11.56,11.38,11.45,3738940.0,42824854.0,1862520719.9999998,0.0020074622310778914,000537
2023-09-14,11.47,11.48,11.35,11.43,4276500.0,48719891.0,1862520719.9999998,0.002296081839025125,000537
2023-09-15,11.44,11.46,11.2,11.24,5954366.0,67344155.0,1862520719.9999998,0.0031969394681418636,000537
2023-09-18,11.24,11.35,11.18,11.33,4469626.0,50432159.0,1862520719.9999998,0.0023997724975644836,000537
2023-09-19,11.35,11.37,11.25,11.28,3826971.0,43191976.0,1862520719.9999998,0.0020547266717118725,000537
2023-09-20,11.28,11.29,11.18,11.18,3231999.0,36288878.0,1862520719.9999998,0.001735282171787061,000537
2023-09-21,11.17,11.24,10.96,10.97,7218200.0,79736628.0,1862520719.9999998,0.003875500509868154,000537
2023-09-22,10.96,11.11,10.81,11.06,7103700.0,77678688.0,1862520719.9999998,0.003814024683709291,000537
2023-09-25,11.06,11.09,10.93,10.95,4002700.0,43910485.0,1862520719.9999998,0.0021490767630225347,000537
2023-09-26,10.93,10.97,10.82,10.87,3569293.0,38787095.0,1862520719.9999998,0.0019163776067951611,000537
2023-09-27,10.86,11.01,10.84,10.87,3534259.0,38520325.0,1862520719.9999998,0.0018975676147108852,000537
2023-09-28,10.9,11.02,10.9,10.97,3691700.0,40444757.0,1862520719.9999998,0.001982098754853047,000537
2023-10-09,10.97,11.1,10.89,11.1,4400400.0,48517386.0,1862520719.9999998,0.0023626045889035803,000537
2023-10-10,11.09,11.13,10.93,11.03,6097100.0,67286117.0,1862520719.9999998,0.003273574320289978,000537
2023-10-11,11.02,11.15,10.95,10.97,5011995.0,55322101.0,1862520719.9999998,0.00269097409021039,000537
2023-10-12,11.0,11.09,10.96,11.07,4383300.0,48418129.0,1862520719.9999998,0.002353423482988152,000537
2023-10-13,11.03,11.13,11.0,11.08,3480034.0,38456620.0,1862520719.9999998,0.0018684538446369608,000537
2023-10-16,11.08,11.13,10.73,10.78,7870500.0,85372566.0,1862520719.9999998,0.004225724801601134,000537
2023-10-17,10.82,10.88,10.67,10.73,4102905.0,44045684.0,1862520719.9999998,0.0022028775067801667,000537
2023-10-18,10.73,10.75,10.6,10.6,3506300.0,37356033.0,1862520719.9999998,0.0018825562380857704,000537
2023-10-19,10.57,10.63,10.45,10.49,5276144.0,55495818.0,1862520719.9999998,0.0028327974788919397,000537
2023-10-20,10.46,10.76,10.38,10.76,7362257.0,78380565.0,1862520719.9999998,0.003952845689684462,000537
2023-10-23,10.71,10.74,10.2,10.3,8918992.0,92445608.0,1862520719.9999998,0.00478866726379291,000537
2023-10-24,10.42,10.65,10.29,10.54,7306101.0,76852582.0,1862520719.9999998,0.003922695152620907,000537
2023-10-25,10.63,10.66,10.51,10.54,4344100.0,45989357.0,1862520719.9999998,0.002332376737263895,000537
2023-10-26,10.53,10.76,10.41,10.73,4890992.0,51928013.0,1862520719.9999998,0.002626006759269771,000537
2023-10-27,10.7,11.11,10.64,10.99,7742515.0,84773879.0,1862520719.9999998,0.004157008787531771,000537
2023-10-30,11.01,11.15,10.95,11.03,4516800.0,49920574.0,1862520719.9999998,0.0024251005379419353,000537
2023-10-31,11.05,11.06,10.91,10.97,3801450.0,41690000.0,1862520719.9999998,0.00204102427381318,000537
2023-11-01,11.0,11.03,10.86,10.95,3141609.0,34398494.0,1862520719.9999998,0.0016867511680621736,000537
2023-11-02,10.93,10.98,10.78,10.88,4787365.0,51941344.0,1862520719.9999998,0.002570368720515496,000537
2023-11-03,10.89,11.08,10.84,10.91,3826109.0,41992613.0,1862520719.9999998,0.00205426385806865,000537
2023-11-06,11.0,11.08,10.92,11.06,5963045.0,65602405.0,1862520719.9999998,0.0032015992820740276,000537
2023-11-07,11.03,11.11,10.9,10.95,4221200.0,46250476.0,1862520719.9999998,0.00226639089416412,000537
2023-11-08,10.97,11.0,10.83,10.85,5445301.0,59350025.0,1862520719.9999998,0.0029236190188531167,000537
2023-11-09,10.82,10.98,10.82,10.85,3964100.0,43229268.0,1862520719.9999998,0.0021283521613654857,000537
2023-11-10,10.85,10.88,10.65,10.75,4648476.0,49829040.0,1862520719.9999998,0.0024957982749314062,000537
2023-11-13,10.81,10.91,10.73,10.8,3232774.0,34860175.0,1862520719.9999998,0.001735698274540538,000537
2023-11-14,10.77,10.88,10.74,10.79,3270773.0,35304568.0,1862520719.9999998,0.0017561001952236001,000537
2023-11-15,10.85,10.91,10.78,10.82,4223670.0,45742956.0,1862520719.9999998,0.0022677170539074595,000537
2023-11-16,10.81,10.82,10.67,10.69,4422739.0,47414769.0,1862520719.9999998,0.0023745985494325133,000537
2023-11-17,10.69,10.73,10.58,10.69,6208623.0,66238266.0,1862520719.9999998,0.0033334517749687106,000537
2023-11-20,10.7,10.79,10.6,10.61,9855900.0,104830888.0,1862520719.9999998,0.005291699519992455,000537
2023-11-21,10.61,10.83,10.61,10.72,5980418.0,64219682.0,1862520719.9999998,0.0032109269635400358,000537
2023-11-22,10.72,10.75,10.53,10.55,7036100.0,74681108.0,1862520719.9999998,0.003777729785470521,000537
2023-11-23,10.55,10.66,10.53,10.62,3795800.0,40271812.0,1862520719.9999998,0.0020379907505136373,000537
2023-11-24,10.62,10.65,10.45,10.45,4359700.0,45906534.0,1862520719.9999998,0.0023407524830113035,000537
2023-11-27,10.52,10.52,10.31,10.36,5229800.0,54155439.0,1862520719.9999998,0.0028079150711407927,000537
2023-11-28,10.34,10.4,10.27,10.35,5354771.0,55298932.0,1862520719.9999998,0.002875012848179214,000537
2023-11-29,10.38,10.4,10.16,10.2,6527930.0,66928927.0,1862520719.9999998,0.0035048898677486934,000537
2023-11-30,10.21,10.23,10.06,10.12,4072443.0,41285832.0,1862520719.9999998,0.0021865222524880155,000537
2023-12-01,10.17,10.3,10.01,10.05,4284700.0,43207302.0,1862520719.9999998,0.0023004844746103014,000537
2023-12-04,10.15,10.16,9.96,9.98,5166901.0,51743599.0,1862520719.9999998,0.002774144171668598,000537
2023-12-05,9.99,10.05,9.8,9.8,7667205.0,76012126.0,1862520719.9999998,0.004116574338029378,000537
2023-12-06,9.81,9.93,9.76,9.85,4981418.0,49103645.0,1862520719.9999998,0.002674557091638691,000537
2023-12-07,9.91,9.92,9.78,9.88,3676000.0,36180588.0,1862520719.9999998,0.0019736693184277706,000537
2023-12-08,10.01,10.03,9.76,9.78,5068200.0,49997579.0,1862520719.9999998,0.002721150935706101,000537
2023-12-11,9.72,9.83,9.58,9.69,8469776.0,82137771.0,1862520719.9999998,0.004547480148301385,000537
2023-12-12,9.76,9.81,9.65,9.78,5553100.0,54026179.0,1862520719.9999998,0.0029814970326880446,000537
2023-12-13,10.08,10.27,9.8,9.81,14249381.0,141893346.0,1862520719.9999998,0.007650589250894348,000537
2023-12-14,9.79,9.95,9.72,9.75,7346153.0,72070729.0,1862520719.9999998,0.003944199342920599,000537
2023-12-15,9.74,9.89,9.73,9.75,6228109.0,61110531.0,1862520719.9999998,0.0033439139404580695,000537
2023-12-18,9.74,9.77,9.58,9.59,5441700.0,52534306.0,1862520719.9999998,0.00292168561754309,000537
2023-12-19,9.58,9.65,9.38,9.45,5452767.0,51652733.0,1862520719.9999998,0.002927627564862742,000537
2023-12-20,9.47,9.49,9.35,9.37,3620019.0,34068191.0,1862520719.9999998,0.0019436127400504842,000537
2023-12-21,9.39,9.57,9.29,9.5,4544119.0,42723184.0,1862520719.9999998,0.002439768294228695,000537
2023-12-22,9.51,9.51,9.34,9.47,5599900.0,52781855.0,1862520719.9999998,0.00300662426993027,000537
2023-12-25,9.46,9.47,9.34,9.35,3636300.0,34137739.0,1862520719.9999998,0.0019523541193141737,000537
2023-12-26,9.36,9.38,9.25,9.29,3251900.0,30235623.0,1862520719.9999998,0.001745967153589572,000537
2023-12-27,9.26,9.33,9.22,9.27,3144400.0,29172227.0,1862520719.9999998,0.0016882496748814695,000537
2023-12-28,9.27,9.6,9.24,9.57,8192991.0,77694812.0,1862520719.9999998,0.0043988724055644335,000537
2023-12-29,9.63,9.69,9.55,9.63,5502700.0,52933007.0,1862520719.9999998,0.0029544369310425716,000537
2024-01-02,9.66,9.85,9.51,9.75,9774991.0,95093190.0,1862520719.9999998,0.005248258929436232,000537
2024-01-03,9.73,9.81,9.66,9.75,6098800.0,59486304.0,1862520719.9999998,0.0032744870618137342,000537
2024-01-04,9.77,9.94,9.72,9.86,7493195.0,73646286.0,1862520719.9999998,0.004023147189471267,000537
2024-01-05,9.85,10.03,9.8,9.89,5846320.0,57889614.0,1862520719.9999998,0.0031389288383326017,000537
2024-01-08,9.9,9.9,9.56,9.64,6000780.0,58280055.0,1862520719.9999998,0.003221859459367518,000537
2024-01-09,9.61,9.7,9.42,9.67,5137941.0,49212223.0,1862520719.9999998,0.0027585953513580242,000537
2024-01-10,9.67,9.8,9.58,9.63,3886231.0,37664724.0,1862520719.9999998,0.002086543767416451,000537
2024-01-11,9.6,9.74,9.6,9.69,4010655.0,38779553.0,1862520719.9999998,0.002153347856446934,000537
2024-01-12,9.7,9.94,9.7,9.82,6449000.0,63548973.0,1862520719.9999998,0.0034625118157074787,000537
2024-01-15,9.87,9.95,9.79,9.85,5573100.0,55014362.0,1862520719.9999998,0.0029922351682616453,000537
2024-01-16,9.86,9.94,9.71,9.82,5363600.0,52639001.0,1862520719.9999998,0.00287975319812818,000537
2024-01-17,9.82,9.86,9.6,9.65,6141700.0,59802565.0,1862520719.9999998,0.0032975203626191074,000537
2024-01-18,9.6,9.6,9.19,9.41,8492256.0,79593369.0,1862520719.9999998,0.0045595498126861115,000537
2024-01-19,9.47,9.56,9.34,9.5,5197100.0,49260207.0,1862520719.9999998,0.002790358219477956,000537
2024-01-22,9.5,9.55,8.9,8.9,9594577.0,87607692.0,1862520719.9999998,0.005151393429867455,000537
2024-01-23,8.85,9.06,8.7,8.98,5846800.0,52051200.0,1862520719.9999998,0.003139186553586368,000537
2024-01-24,9.05,9.3,8.91,9.29,6512900.0,59292406.0,1862520719.9999998,0.0034968201588651323,000537
2024-01-25,9.43,10.09,9.3,10.02,13802212.0,134893803.0,1862520719.9999998,0.0074105011835787805,000537
2024-01-26,10.03,10.07,9.63,9.7,13325592.0,130791467.0,1862520719.9999998,0.0071546006747243065,000537
2024-01-29,9.84,9.95,9.68,9.68,8808400.0,86185843.0,1862520719.9999998,0.0047292896693251285,000537
2024-01-30,9.56,9.64,9.23,9.26,9009701.0,85206972.0,1862520719.9999998,0.004837369540780197,000537
2024-01-31,9.2,9.4,9.02,9.05,8532680.0,78426862.0,1862520719.9999998,0.004581253732307473,000537
2024-02-01,9.02,9.28,8.86,9.0,7724735.0,69951236.0,1862520719.9999998,0.00414746258500684,000537
2024-02-02,9.02,9.07,8.35,8.52,11161080.0,97259565.0,1862520719.9999998,0.0059924595093900496,000537
2024-02-05,8.51,8.54,7.84,8.17,12139186.0,99411402.0,1862520719.9999998,0.006517611251057653,000537
2024-02-06,8.2,8.99,8.12,8.97,14327770.0,124555864.0,1862520719.9999998,0.0076926768363682965,000537
2024-02-07,8.97,9.68,8.91,9.66,16158534.0,152181080.0,1862520719.9999998,0.008675626438131653,000537
2024-02-08,9.7,10.42,9.67,9.97,17364111.0,175768958.0,1862520719.9999998,0.00932290890165238,000537
2024-02-19,10.04,10.12,9.69,9.8,11112645.0,109207977.0,1862520719.9999998,0.005966454429564682,000537
2024-02-20,9.81,9.9,9.7,9.83,6504600.0,63832608.0,1862520719.9999998,0.003492363832602088,000537
2024-02-21,9.79,10.05,9.68,9.79,7343699.0,72537714.0,1862520719.9999998,0.003942881773685718,000537
2024-02-22,9.79,9.88,9.7,9.76,6099303.0,59488885.0,1862520719.9999998,0.0032747571259234103,000537
2024-02-23,9.8,9.81,9.6,9.75,7171493.0,69612730.0,1862520719.9999998,0.0038504232049563457,000537
2024-02-26,9.71,9.86,9.56,9.58,8195726.0,79093895.0,1862520719.9999998,0.004400340845604123,000537
2024-02-27,9.55,9.69,9.51,9.69,5745701.0,55298603.0,1862520719.9999998,0.003084905815168596,000537
2024-02-28,9.72,10.09,9.7,9.73,13932330.0,137949995.0,1862520719.9999998,0.0074803624198070675,000537
2024-02-29,9.64,9.9,9.61,9.84,9342692.0,91385180.0,1862520719.9999998,0.005016154665919636,000537
2024-03-01,9.85,10.03,9.77,9.98,9828266.0,97416136.0,1862520719.9999998,0.005276862638070411,000537
2024-03-04,10.07,10.12,9.78,9.97,11320124.0,112520883.0,1862520719.9999998,0.006077851311098435,000537
2024-03-05,9.96,9.96,9.77,9.87,7429400.0,73207742.0,1862520719.9999998,0.003988895221525375,000537
2024-03-06,9.85,10.06,9.8,9.94,7346972.0,73000944.0,1862520719.9999998,0.003944639069572338,000537
2024-03-07,9.95,10.05,9.81,9.87,10855067.0,107693308.0,1862520719.9999998,0.005828159055325839,000537
2024-03-08,9.87,9.92,9.73,9.85,5475931.0,53704847.0,1862520719.9999998,0.0029400644734840858,000537
2024-03-11,9.91,10.17,9.89,10.17,10680629.0,107482620.0,1862520719.9999998,0.005734502110666452,000537
2024-03-12,10.2,10.2,9.93,9.99,8889690.0,88955667.0,1862520719.9999998,0.004772934821364028,000537
2024-03-13,10.0,10.0,9.85,9.89,6066900.0,60111047.0,1862520719.9999998,0.0032573597355738415,000537
2024-03-14,9.91,9.98,9.76,9.8,5436743.0,53662266.0,1862520719.9999998,0.002919024170641173,000537
2024-03-15,9.78,9.86,9.73,9.84,4867318.0,47691607.0,1862520719.9999998,0.0026132960281913,000537
2024-03-18,9.85,9.9,9.81,9.9,5232900.0,51561232.0,1862520719.9999998,0.0028095794821547007,000537
2024-03-19,9.87,9.94,9.78,9.78,6296985.0,61980056.0,1862520719.9999998,0.003380893931746435,000537
2024-03-20,9.76,9.79,9.71,9.78,4197700.0,40954186.0,1862520719.9999998,0.0022537735848651395,000537
2024-03-21,9.78,9.8,9.63,9.66,5474200.0,53063503.0,1862520719.9999998,0.002939135087850191,000537
2024-03-22,9.71,9.71,9.45,9.48,9029800.0,85911258.0,1862520719.9999998,0.004848160830124886,000537
2024-03-25,9.52,9.64,9.33,9.43,6590320.0,62371496.0,1862520719.9999998,0.00353838748167054,000537
2024-03-26,9.44,9.59,9.36,9.55,5466101.0,51743392.0,1862520719.9999998,0.0029347866798496614,000537
2024-03-27,9.58,9.6,9.28,9.28,5625520.0,53058671.0,1862520719.9999998,0.003020379821600052,000537
2024-03-28,9.28,9.42,9.27,9.3,4596362.0,42949848.0,1862520719.9999998,0.002467817915067275,000537
2024-03-29,9.34,9.52,9.32,9.5,4774100.0,45029613.0,1862520719.9999998,0.0025632466520963057,000537
2024-04-01,9.52,9.67,9.47,9.59,6931818.0,66219372.0,1862520719.9999998,0.003721740072776211,000537
2024-04-02,9.63,9.73,9.59,9.68,5230575.0,50552547.0,1862520719.9999998,0.00280833117389427,000537
2024-04-03,9.73,9.85,9.66,9.68,6037115.0,58762341.0,1862520719.9999998,0.003241367967170857,000537
2024-04-08,9.66,9.82,9.61,9.68,10334437.0,100399325.0,1862520719.9999998,0.005548629279141658,000537
2024-04-09,9.7,9.79,9.62,9.74,5608700.0,54439400.0,1862520719.9999998,0.0030113490495826544,000537
2024-04-10,9.74,9.8,9.59,9.67,7115311.0,69107768.0,1862520719.9999998,0.0038202587083165447,000537
2024-04-11,9.58,9.83,9.51,9.7,7774430.0,75586523.0,1862520719.9999998,0.004174144167373344,000537
2024-04-12,9.7,9.74,9.47,9.48,8132621.0,77922634.0,1862520719.9999998,0.00436645934333552,000537
2024-04-15,9.46,9.74,9.34,9.68,9981975.0,95900649.0,1862520719.9999998,0.005359390042114539,000537
2024-04-16,9.67,10.3,9.64,9.86,25998273.0,260963897.0,1862520719.9999998,0.01395864900767386,000537
2024-04-17,9.7,10.17,9.5,10.15,24850895.0,245926570.0,1862520719.9999998,0.013342613981765531,000537
2024-04-18,10.03,10.29,9.88,9.92,19281224.0,193021266.0,1862520719.9999998,0.01035221986684798,000537
2024-04-19,9.84,10.12,9.8,9.99,17578477.0,175284214.0,1862520719.9999998,0.009438003460170903,000537
2024-04-22,9.98,9.98,9.66,9.68,16287600.0,159390035.0,1862520719.9999998,0.008744922848428769,000537
2024-04-23,9.51,9.59,8.96,9.0,25530567.0,234509414.0,1862520719.9999998,0.01370753448584454,000537
2024-04-24,9.01,9.42,9.01,9.33,14714667.0,136489919.0,1862520719.9999998,0.007900404458319263,000537
2024-04-25,9.3,9.35,9.19,9.27,7306806.0,67665216.0,1862520719.9999998,0.003923073671899876,000537
2024-04-26,9.21,9.33,9.17,9.33,8968382.0,83101408.0,1862520719.9999998,0.004815185089591917,000537
2024-04-29,9.33,9.67,9.32,9.65,12069293.0,115047420.0,1862520719.9999998,0.006480085225575371,000537
2024-04-30,9.45,9.55,9.25,9.31,13447832.0,125680730.0,1862520719.9999998,0.007220232159350153,000537
2024-05-06,9.35,9.7,9.35,9.56,16904722.0,160938411.0,1862520719.9999998,0.009076259833501344,000537
2024-05-07,9.61,9.76,9.48,9.56,13103101.0,125816388.0,1862520719.9999998,0.007035143748629009,000537
2024-05-08,9.56,9.62,9.38,9.39,9730900.0,92192901.0,1862520719.9999998,0.0052245861726574515,000537
2024-05-09,9.4,9.63,9.4,9.57,9534000.0,91078510.0,1862520719.9999998,0.0051188692279353545,000537
2024-05-10,9.58,9.87,9.54,9.81,15195416.0,147798616.0,1862520719.9999998,0.008158521855262906,000537
2024-05-13,9.81,10.46,9.7,10.32,37391407.0,377917765.0,1862520719.9999998,0.020075699882683724,000537
2024-05-14,10.32,10.36,10.12,10.17,35621465.0,364318663.0,1862520719.9999998,0.019125406025013243,000537
2024-05-15,10.15,10.27,9.89,9.92,18406948.0,184271559.0,1862520719.9999998,0.009882815156010721,000537
2024-05-16,9.99,10.15,9.93,9.99,15319202.0,153791665.0,1862520719.9999998,0.00822498339776859,000537
2024-05-17,9.96,10.05,9.86,10.03,11830901.0,117750252.0,1862520719.9999998,0.006352090944792282,000537
2024-05-20,10.05,10.15,9.94,10.07,14783703.0,148763653.0,1862520719.9999998,0.007937470354692217,000537
2024-05-21,10.2,10.24,9.98,10.0,11207702.0,112947124.0,1862520719.9999998,0.00601749117722567,000537
2024-05-22,10.07,10.15,10.03,10.04,10175956.0,102589434.0,1862520719.9999998,0.005463539755949669,000537
2024-05-23,10.08,10.09,9.69,9.77,15912001.0,156292598.0,1862520719.9999998,0.008543261199263331,000537
2024-05-24,9.78,10.18,9.68,10.04,26515858.0,266461488.0,1862520719.9999998,0.014236543902716961,000537
2024-05-27,10.24,10.26,9.93,10.01,19073100.0,192125650.0,1862520719.9999998,0.010240476680441977,000537
2024-05-28,9.95,10.42,9.93,10.26,35131201.0,359745156.0,1862520719.9999998,0.01886217996007046,000537
2024-05-29,10.26,10.27,9.98,10.12,17118302.0,173412506.0,1862520719.9999998,0.009190932383291823,000537
2024-05-30,10.3,10.45,10.15,10.2,30141214.0,310438893.0,1862520719.9999998,0.01618302211424526,000537
2024-05-31,10.28,10.98,10.17,10.69,38794108.0,411301926.0,1862520719.9999998,0.020828819558044973,000537
2024-06-03,10.68,11.14,10.57,10.96,41596887.0,453035589.0,1862520719.9999998,0.022333650602286995,000537
2024-06-04,10.91,11.09,10.65,10.97,29911397.0,326168235.0,1862520719.9999998,0.016059631809089352,000537
2024-06-05,10.97,11.08,10.71,10.74,23379678.0,254633951.0,1862520719.9999998,0.01255270760155624,000537
2024-06-06,10.7,10.78,10.46,10.5,24083863.0,255473171.0,1862520719.9999998,0.012930789301501034,000537
2024-06-07,10.68,10.8,10.52,10.75,17783370.0,189091917.0,1862520719.9999998,0.00954801190077499,000537
2024-06-11,10.72,11.05,10.46,10.97,22397734.0,241701366.0,1862520719.9999998,0.012025495211672062,000537
2024-06-12,10.98,11.04,10.84,10.85,16672664.0,182062360.0,1862520719.9999998,0.008951666320254414,000537
2024-06-13,10.89,11.42,10.82,11.35,32764143.0,368779846.0,1862520719.9999998,0.01759129047434168,000537
2024-06-14,11.33,11.4,11.16,11.26,18244208.0,205611866.0,1862520719.9999998,0.009795438946848334,000537
2024-06-17,11.22,11.55,11.11,11.16,19051356.0,215452620.0,1862520719.9999998,0.01022880217944636,000537
2024-06-18,11.17,11.23,10.94,11.18,16585533.0,183560028.0,1862520719.9999998,0.008904885095721245,000537
2024-06-19,11.18,11.19,10.81,10.83,15503703.0,170084566.0,1862520719.9999998,0.008324043235341834,000537
2024-06-20,10.83,10.9,10.5,10.52,16931620.0,180972714.0,1862520719.9999998,0.009090701552034279,000537
2024-06-21,10.43,10.52,10.12,10.19,17998942.0,184920456.0,1862520719.9999998,0.0096637539688686,000537
2024-06-24,10.16,10.27,9.77,9.81,16410701.0,163575874.0,1862520719.9999998,0.00881101660979106,000537
2024-06-25,9.82,9.86,9.57,9.67,13099439.0,126869702.0,1862520719.9999998,0.0070331775960054835,000537
2024-06-26,9.67,9.85,9.53,9.84,11422540.0,110512473.0,1862520719.9999998,0.006132839155743729,000537
2024-06-27,9.74,9.76,9.41,9.45,12275900.0,117259825.0,1862520719.9999998,0.006591013924398114,000537
2024-06-28,9.42,9.7,9.4,9.53,11101800.0,105857129.0,1862520719.9999998,0.005960631675549897,000537
2024-07-01,9.51,9.79,9.49,9.7,10114599.0,97990074.0,1862520719.9999998,0.005430596766730199,000537
2024-07-02,9.71,9.71,9.51,9.57,10419800.0,99853724.0,1862520719.9999998,0.005594461252490121,000537
2024-07-03,9.52,9.55,9.35,9.4,9831500.0,92783734.0,1862520719.9999998,0.005278598994592662,000537
2024-07-04,9.4,9.47,9.1,9.13,10553193.0,97587346.0,1862520719.9999998,0.005666080858418585,000537
2024-07-05,9.11,9.26,8.99,9.23,10417622.0,94759034.0,1862520719.9999998,0.005593291869526155,000537
2024-07-08,9.2,9.2,8.98,9.0,8168400.0,73827617.0,1862520719.9999998,0.004385669330969913,000537
2024-07-09,8.85,9.0,8.55,8.92,14419600.0,126068993.0,1862520719.9999998,0.007741980985854483,000537
2024-07-10,8.86,8.89,8.78,8.83,8487592.0,74878926.0,1862520719.9999998,0.004557045679470348,000537
2024-07-11,8.97,9.33,8.81,9.31,13524626.0,122909149.0,1862520719.9999998,0.007261463378512107,000537
2024-07-12,9.28,9.34,9.19,9.21,6362100.0,58915886.0,1862520719.9999998,0.0034158546166401845,000537
2024-07-15,9.17,9.18,8.95,8.97,8010625.0,72477677.0,1862520719.9999998,0.004300958863963672,000537
2024-07-16,8.98,9.0,8.9,8.96,5647601.0,50505460.0,1862520719.9999998,0.0030322352601800857,000537
2024-07-17,8.93,9.02,8.79,8.84,6558901.0,58172738.0,1862520719.9999998,0.003521518407591192,000537
2024-07-18,8.78,8.92,8.68,8.88,5271366.0,46328997.0,1862520719.9999998,0.0028302321383034067,000537
2024-07-19,8.87,8.92,8.79,8.85,4296372.0,38032315.0,1862520719.9999998,0.0023067512505310548,000537
2024-07-22,8.86,8.92,8.81,8.85,4925445.0,43623751.0,1862520719.9999998,0.002644504808515634,000537
2024-07-23,8.83,8.9,8.66,8.66,5056041.0,44502167.0,1862520719.9999998,0.0027146226861841302,000537
2024-07-24,8.68,8.73,8.5,8.51,9262300.0,79798962.0,1862520719.9999998,0.004972991656167992,000537
2024-07-25,8.49,8.67,8.43,8.6,6673200.0,56978537.0,1862520719.9999998,0.0035828863154875406,000537
2024-07-26,8.57,8.78,8.55,8.75,5176201.0,45016514.0,1862520719.9999998,0.002779137404710322,000537
2024-07-29,8.75,8.76,8.52,8.56,6461300.0,55398453.0,1862520719.9999998,0.003469115769085243,000537
2024-07-30,8.54,8.61,8.47,8.52,5097194.0,43473148.0,1862520719.9999998,0.0027367180108471495,000537
2024-07-31,8.51,8.82,8.44,8.8,8046781.0,69789929.0,1862520719.9999998,0.004320371265453627,000537
2024-08-01,8.79,8.88,8.67,8.69,6189374.0,54074446.0,1862520719.9999998,0.003323116856385899,000537
2024-08-02,8.65,8.73,8.58,8.59,4641739.0,40129154.0,1862520719.9999998,0.002492181133963439,000537
2024-08-05,8.59,8.75,8.55,8.56,7310834.0,63175317.0,1862520719.9999998,0.0039252363324043995,000537
2024-08-06,8.6,8.75,8.6,8.74,5420300.0,47065151.0,1862520719.9999998,0.0029101958124793377,000537
2024-08-07,8.77,8.93,8.72,8.82,6591953.0,58186308.0,1862520719.9999998,0.0035392642504401242,000537
2024-08-08,8.8,8.85,8.69,8.7,4713371.0,41217057.0,1862520719.9999998,0.0025306408403338466,000537
2024-08-09,8.7,8.76,8.65,8.65,3943000.0,34311797.0,1862520719.9999998,0.0021170234283353372,000537
2024-08-12,8.79,8.87,8.6,8.61,5495000.0,47899713.0,1862520719.9999998,0.002950302748846735,000537
2024-08-13,8.6,8.65,8.5,8.58,4260600.0,36428657.0,1862520719.9999998,0.002287545021244113,000537
2024-08-14,8.58,8.59,8.51,8.52,2876000.0,24570720.0,1862520719.9999998,0.001544143895483751,000537
2024-08-15,8.51,8.66,8.46,8.56,4264500.0,36586531.0,1862520719.9999998,0.002289638957680965,000537
2024-08-16,8.55,8.59,8.38,8.4,6959772.0,58752385.0,1862520719.9999998,0.003736748764867432,000537
2024-08-19,8.39,8.49,8.33,8.4,3860600.0,32519829.0,1862520719.9999998,0.002072782309772103,000537
2024-08-20,8.4,8.42,8.31,8.34,4176251.0,34890349.0,1862520719.9999998,0.0022422574713692315,000537
2024-08-21,8.34,8.42,8.32,8.39,2586460.0,21661339.0,1862520719.9999998,0.0013886879067847365,000537
2024-08-22,8.39,8.44,8.34,8.36,4245600.0,35555697.0,1862520719.9999998,0.0022794914195639125,000537
2024-08-23,8.35,8.4,8.33,8.37,2675000.0,22356592.0,1862520719.9999998,0.0014362256329690658,000537
2024-08-26,8.37,8.5,8.36,8.41,3544249.0,29865689.0,1862520719.9999998,0.0019029313134298986,000537
2024-08-27,8.37,8.4,8.32,8.34,2229437.0,18611434.0,1862520719.9999998,0.001196999837940058,000537
2024-08-28,8.34,8.46,8.32,8.39,2540900.0,21333937.0,1862520719.9999998,0.0013642264339480746,000537
2024-08-29,8.35,8.49,8.35,8.43,3647214.0,30791989.0,1862520719.9999998,0.0019582139198966874,000537
2024-08-30,8.43,8.65,8.4,8.52,6261000.0,53514565.0,1862520719.9999998,0.0033615733413156343,000537
2024-09-02,8.5,8.57,8.4,8.4,5438301.0,46050144.0,1862520719.9999998,0.0029198606714023567,000537
2024-09-03,8.39,8.44,8.33,8.37,3874139.0,32417186.0,1862520719.9999998,0.0020800514906486518,000537
2024-09-04,8.34,8.35,8.29,8.29,3539639.0,29407742.0,1862520719.9999998,0.0019004561731801838,000537
2024-09-05,8.3,8.35,8.24,8.27,3598400.0,29795229.0,1862520719.9999998,0.0019320053524022006,000537
2024-09-06,8.3,8.31,8.16,8.17,4503601.0,37008363.0,1862520719.9999998,0.0024180139053701375,000537
2024-09-09,8.12,8.15,8.03,8.04,4023641.0,32510192.0,1862520719.9999998,0.002160320127874873,000537
2024-09-10,8.09,8.11,7.86,8.03,5123900.0,40808553.0,1862520719.9999998,0.0027510566432785784,000537
2024-09-11,8.01,8.03,7.88,7.92,2600499.0,20653533.0,1862520719.9999998,0.0013962255410506254,000537
2024-09-12,7.97,8.08,7.92,7.99,3054800.0,24523226.0,1862520719.9999998,0.0016401428275117393,000537
2024-09-13,8.0,8.04,7.89,7.92,2551543.0,20286357.0,1862520719.9999998,0.001369940732793566,000537
2024-09-18,7.91,7.94,7.71,7.79,4195843.0,32757312.0,1862520719.9999998,0.0022527765489771304,000537
2024-09-19,7.89,8.06,7.79,8.04,4086739.0,32536776.0,1862520719.9999998,0.0021941978717960253,000537
2024-09-20,8.04,8.05,7.91,7.97,3062500.0,24400259.0,1862520719.9999998,0.0016442770097075754,000537
2024-09-23,7.92,8.01,7.9,7.93,1910500.0,15203268.0,1862520719.9999998,0.0010257604006681871,000537
2024-09-24,7.99,8.31,7.97,8.27,7046700.0,57470576.0,1862520719.9999998,0.0037834209973245294,000537
2024-09-25,8.35,8.72,8.35,8.4,11112951.0,95066878.0,1862520719.9999998,0.0059666187230389585,000537
2024-09-26,8.44,8.74,8.35,8.73,10797000.0,92623411.0,1862520719.9999998,0.005796982489408226,000537
2024-09-27,8.95,9.18,8.86,9.08,15402951.0,138699923.0,1862520719.9999998,0.008269948803576264,000537
2024-09-30,9.25,9.95,9.25,9.88,26395143.0,254784920.0,1862520719.9999998,0.014171731200928602,000537
2024-10-08,10.87,10.87,9.73,10.02,36841763.0,377582802.0,1862520719.9999998,0.01978059229322292,000537
2024-10-09,9.8,9.95,9.28,9.3,21879242.0,209763657.0,1862520719.9999998,0.011747113342180699,000537
2024-10-10,9.33,9.85,9.1,9.45,18761143.0,177749762.0,1862520719.9999998,0.010072984852485293,000537
2024-10-11,9.31,9.43,9.01,9.1,12328000.0,113300707.0,1862520719.9999998,0.006618986767567343,000537
2024-10-14,9.11,9.29,8.95,9.03,16177609.0,146334822.0,1862520719.9999998,0.008685867934934975,000537
2024-10-15,9.0,9.03,8.75,8.78,12890031.0,114771400.0,1862520719.9999998,0.006920745021295657,000537
2024-10-16,8.76,8.97,8.7,8.9,8932639.0,79197182.0,1862520719.9999998,0.004795994430601557,000537
2024-10-17,8.91,8.99,8.65,8.66,11123521.0,97680028.0,1862520719.9999998,0.005972293827689606,000537
2024-10-18,8.73,9.04,8.61,8.87,13866877.0,122027494.0,1862520719.9999998,0.007445220260422124,000537
2024-10-21,8.95,8.95,8.74,8.79,13094750.0,115332640.0,1862520719.9999998,0.007030660040120253,000537
2024-10-22,8.78,8.96,8.73,8.95,13217847.0,117305114.0,1862520719.9999998,0.007096751653855427,000537
2024-10-23,8.95,9.42,8.91,9.3,23811607.0,220089351.0,1862520719.9999998,0.012784613209564725,000537
2024-10-24,9.31,9.55,9.09,9.43,18929881.0,176199988.0,1862520719.9999998,0.010163581428506204,000537
2024-10-25,9.43,9.72,9.4,9.53,13969165.0,133149791.0,1862520719.9999998,0.007500139380999746,000537
2024-10-28,9.53,9.75,9.42,9.74,13324498.0,128291102.0,1862520719.9999998,0.007154013298708431,000537
2024-10-29,9.73,9.78,9.26,9.28,17651239.0,166788248.0,1862520719.9999998,0.00947706987120122,000537
2024-10-30,9.6,9.92,9.54,9.63,21370201.0,207722517.0,1862520719.9999998,0.011473805778654641,000537
2024-10-31,9.99,10.17,9.85,9.94,21149981.0,211131281.0,1862520719.9999998,0.011355568167853726,000537
2024-11-01,9.96,10.04,9.7,9.89,16901750.0,166974095.0,1862520719.9999998,0.009074664146555106,000537
2024-11-04,9.88,9.98,9.78,9.95,11876169.0,117582029.0,1862520719.9999998,0.00637639564084957,000537
2024-11-05,9.94,10.09,9.92,10.04,13189923.0,132238612.0,1862520719.9999998,0.007081759068967567,000537
2024-11-06,10.04,10.22,9.97,10.13,14662800.0,148399803.0,1862520719.9999998,0.007872556714429465,000537
2024-11-07,10.05,10.18,10.0,10.13,13967853.0,141251450.0,1862520719.9999998,0.007499434959306118,000537
2024-11-08,10.27,10.32,9.91,10.03,19574600.0,197101176.0,1862520719.9999998,0.01050973542995001,000537
2024-11-11,10.08,10.12,9.85,9.95,15957125.0,158362837.0,1862520719.9999998,0.008567488580744489,000537
2024-11-12,9.95,10.04,9.85,9.9,13622458.0,135365652.0,1862520719.9999998,0.007313990042483931,000537
2024-11-13,9.85,9.97,9.8,9.9,9877540.0,97631242.0,1862520719.9999998,0.0053033181826830905,000537
2024-11-14,9.92,9.94,9.63,9.65,9557465.0,93132478.0,1862520719.9999998,0.005131467745497081,000537
2024-11-15,9.6,9.88,9.55,9.58,12937357.0,125196382.0,1862515020.0,0.006946175929362438,000537
2024-11-18,9.6,9.9,9.6,9.68,13574907.0,132664537.0,1862515020.0,0.007288481893692326,000537
2024-11-19,9.69,9.77,9.56,9.71,10174052.0,98301047.0,1862515020.0,0.005462534202811422,000537
2024-11-20,9.71,9.8,9.63,9.73,8667753.0,84251833.0,1862515020.0,0.004653789583935811,000537
2024-11-21,9.73,9.79,9.53,9.62,17052945.0,164456939.0,2066596652.0,0.008251704551779173,000537
2024-11-22,9.64,9.69,9.31,9.31,16263758.0,154461853.0,2066596652.0,0.00786982693708535,000537
2024-11-25,9.3,9.43,9.21,9.34,11215931.0,104710333.0,2066596652.0,0.005427247251729313,000537
2024-11-26,9.34,9.38,9.22,9.26,7668696.0,71318085.0,2066596652.0,0.0037107850690546846,000537
2024-11-27,9.23,9.39,9.09,9.39,9323462.0,85958802.0,2066596652.0,0.0045115054217169034,000537
2024-11-28,9.38,9.43,9.28,9.31,8576375.0,80259851.0,2066596652.0,0.004149999464917356,000537
2024-11-29,9.26,9.41,9.26,9.33,8651236.0,80783389.0,2066596652.0,0.004186223756642377,000537
2024-12-02,9.33,9.47,9.31,9.45,13989239.0,131383252.0,2066596652.0,0.006769215940837593,000537
2024-12-03,9.45,9.47,9.35,9.43,9440014.0,88804544.0,2066596652.0,0.004567903461405588,000537
2024-12-04,9.4,9.45,9.28,9.31,9646623.0,90372180.0,2066596652.0,0.00466787894515567,000537
2024-12-05,9.31,9.35,9.25,9.3,6836806.0,63612925.0,2066596652.0,0.0033082440123879575,000537
2024-12-06,9.36,9.45,9.32,9.4,11698003.0,109919241.0,2066596652.0,0.0056605157995775176,000537
2024-12-09,9.41,9.46,9.26,9.34,15209236.0,142146419.0,2066596652.0,0.007359557069484694,000537
2024-12-10,9.51,9.56,9.32,9.36,18100749.0,169840787.0,2066596652.0,0.008758723664089241,000537
2024-12-11,9.37,9.46,9.33,9.39,13598924.0,127954757.0,2066596652.0,0.006580347445564331,000537
2024-12-12,9.42,9.68,9.37,9.56,19070186.0,181955532.0,2066596652.0,0.009227821975586942,000537
2024-12-13,9.55,9.72,9.49,9.5,20717529.0,198155020.0,2066596652.0,0.010024950432369131,000537
2024-12-16,9.55,9.62,9.41,9.45,12197958.0,115833095.0,2066596652.0,0.00590243770510086,000537
2024-12-17,9.48,9.6,9.36,9.38,11877044.0,112440905.0,2066596652.0,0.005747151476562055,000537
2024-12-18,9.45,9.66,9.45,9.49,16448789.0,156964360.0,2066596652.0,0.007959361099361734,000537
2024-12-19,9.39,9.41,9.18,9.25,15338879.0,142375429.0,2066596652.0,0.007422289678615041,000537
2024-12-20,9.25,9.73,9.19,9.49,21603600.0,204372546.0,2066596652.0,0.010453708990137279,000537
2024-12-23,9.5,9.6,9.35,9.37,15798092.0,149843998.0,2066596652.0,0.007644497045280222,000537
2024-12-24,9.35,9.58,9.35,9.52,13628688.0,129103535.0,2066596652.0,0.006594749868974432,000537
2024-12-25,9.49,9.57,9.42,9.49,10261795.0,97205273.0,2066596652.0,0.0049655529007408845,000537
2024-12-26,9.5,9.54,9.37,9.4,10932665.0,103098656.0,2066596652.0,0.005290178414554017,000537
2024-12-27,9.39,9.48,9.3,9.48,11860726.0,111428060.0,2066596652.0,0.005739255402606739,000537
2024-12-30,9.48,9.53,9.34,9.38,8956386.0,84295178.0,2066596652.0,0.00433388198482381,000537
2024-12-31,9.38,9.43,9.12,9.12,11940143.0,110442554.0,2066602352.0,0.005777668349426131,000537
