日期,开盘,最高,最低,收盘,成交量,成交额,outstanding_share,换手率,股票代码
2020-01-02,4.93,4.94,4.88,4.94,8085300.0,39751433.0,362649713.0,0.022295067968246263,000554
2020-01-03,4.93,5.17,4.91,5.06,29056556.0,146480888.0,362649713.0,0.08012292567290685,000554
2020-01-06,5.21,5.57,5.13,5.57,46951019.0,247465932.0,362649713.0,0.12946658253663088,000554
2020-01-07,5.36,5.47,5.31,5.39,34369774.0,185196769.0,362649713.0,0.09477402785094717,000554
2020-01-08,5.6,5.88,5.43,5.71,60076503.0,339546068.0,362649713.0,0.16565986638461783,000554
2020-01-09,5.21,5.46,5.21,5.35,36503656.0,194247432.0,362649713.0,0.10065816872713201,000554
2020-01-10,5.32,5.32,5.12,5.22,20172940.0,105023915.0,362649713.0,0.05562651582740946,000554
2020-01-13,5.18,5.2,5.11,5.2,11380591.0,58656012.0,362649713.0,0.03138177307753722,000554
2020-01-14,5.17,5.27,5.15,5.23,12445445.0,64729389.0,362649713.0,0.034318088651017355,000554
2020-01-15,5.22,5.22,5.12,5.13,9193294.0,47322431.0,362649713.0,0.025350341308556335,000554
2020-01-16,5.13,5.16,5.08,5.13,7834446.0,40073294.0,362649713.0,0.021603342617287552,000554
2020-01-17,5.12,5.14,5.09,5.1,6271072.0,32044899.0,362649713.0,0.01729236719401457,000554
2020-01-20,5.09,5.12,5.03,5.09,6667326.0,33763936.0,362649713.0,0.018385030405359788,000554
2020-01-21,5.07,5.1,4.98,5.01,8650974.0,43437547.0,362649713.0,0.023854903753915285,000554
2020-01-22,5.0,5.02,4.88,4.95,9167895.0,45402391.0,362649713.0,0.02528030402715361,000554
2020-01-23,4.9,4.93,4.71,4.76,9109046.0,44022986.0,362649713.0,0.025118028978007214,000554
2020-02-03,4.28,4.28,4.28,4.28,4175900.0,17872852.0,362649713.0,0.011514968440082565,000554
2020-02-04,3.9,4.19,3.88,4.08,14563014.0,59228785.0,362649713.0,0.04015724672585085,000554
2020-02-05,4.05,4.46,4.05,4.27,15969248.0,68321384.0,362649713.0,0.044034911451867054,000554
2020-02-06,4.37,4.43,4.28,4.38,12530453.0,54616626.0,362649713.0,0.03455249666776932,000554
2020-02-07,4.35,4.4,4.26,4.29,11358465.0,48971269.0,362649713.0,0.03132076103421596,000554
2020-02-10,4.28,4.52,4.23,4.49,15123425.0,66428774.0,362649713.0,0.041702569884565166,000554
2020-02-11,4.45,4.48,4.39,4.4,11994662.0,53072622.0,362649713.0,0.03307506271209982,000554
2020-02-12,4.39,4.45,4.36,4.44,11171852.0,49329584.0,362649713.0,0.030806179074516462,000554
2020-02-13,4.52,4.59,4.38,4.39,15277630.0,68287416.0,362649713.0,0.04212778737260437,000554
2020-02-14,4.35,4.41,4.3,4.4,8850634.0,38647514.0,362649713.0,0.024405462579257575,000554
2020-02-17,4.41,4.53,4.39,4.53,15460935.0,69310468.0,362649713.0,0.0426332475823578,000554
2020-02-18,4.51,4.63,4.48,4.61,14980557.0,68330520.0,362649713.0,0.04130861396821235,000554
2020-02-19,4.59,4.76,4.56,4.61,16892972.0,78336599.0,362649713.0,0.04658206361244246,000554
2020-02-20,4.62,4.69,4.57,4.67,15392303.0,71417671.0,362649713.0,0.042443996088313465,000554
2020-02-21,4.64,4.95,4.63,4.91,28539300.0,135850446.0,362649713.0,0.07869660164325017,000554
2020-02-24,4.77,4.83,4.64,4.78,24492624.0,115699470.0,362649713.0,0.06753796603721564,000554
2020-02-25,4.61,4.67,4.51,4.63,18223311.0,83753774.0,362649713.0,0.05025044925376792,000554
2020-02-26,4.57,4.73,4.52,4.67,15826002.0,73869022.0,362649713.0,0.04363991320737651,000554
2020-02-27,4.65,4.69,4.59,4.62,8985349.0,41573818.0,362649713.0,0.02477693674612118,000554
2020-02-28,4.52,4.87,4.38,4.61,23600365.0,109214434.0,362649713.0,0.06507757804291989,000554
2020-03-02,4.55,4.77,4.55,4.72,16088331.0,75379888.0,362649713.0,0.04436328066251634,000554
2020-03-03,4.81,4.83,4.69,4.73,17227095.0,82320396.0,362649713.0,0.0475034017192232,000554
2020-03-04,4.69,4.82,4.66,4.78,12891501.0,61025758.0,362649713.0,0.03554807997324956,000554
2020-03-05,4.79,4.97,4.76,4.97,22292611.0,108613339.0,362649713.0,0.06147147012908294,000554
2020-03-06,4.87,5.08,4.85,5.04,22002300.0,109222955.0,362649713.0,0.06067094281693255,000554
2020-03-09,4.8,5.15,4.75,5.0,28089784.0,138990962.0,362649713.0,0.07745706943383132,000554
2020-03-10,4.89,5.08,4.75,5.05,24621602.0,121180751.0,362649713.0,0.06789362053072961,000554
2020-03-11,5.0,5.28,4.98,5.06,25203719.0,129493017.0,362649713.0,0.06949879759038993,000554
2020-03-12,4.91,5.05,4.8,4.9,16619021.0,81597832.0,362649713.0,0.04582664870329017,000554
2020-03-13,4.7,4.98,4.57,4.84,16772408.0,79608415.0,362649713.0,0.04624961057117947,000554
2020-03-16,4.85,5.02,4.69,4.72,18875772.0,92091548.0,362649713.0,0.052049598616392675,000554
2020-03-17,4.72,4.83,4.48,4.57,12081902.0,55787666.0,362649713.0,0.03331562542833172,000554
2020-03-18,4.64,4.66,4.32,4.36,12408269.0,56070926.0,362649713.0,0.03421557650591606,000554
2020-03-19,4.36,4.45,4.25,4.42,7797960.0,33955429.0,362649713.0,0.02150273313465989,000554
2020-03-20,4.5,4.54,4.43,4.51,7416460.0,33208141.0,362649713.0,0.02045075381046834,000554
2020-03-23,4.41,4.46,4.35,4.37,7041043.0,30928787.0,362649713.0,0.019415548248345092,000554
2020-03-24,4.44,4.61,4.37,4.55,9848643.0,44246407.0,362649713.0,0.027157454278751905,000554
2020-03-25,4.59,4.64,4.53,4.61,9043529.0,41472030.0,362649713.0,0.0249373670399127,000554
2020-03-26,4.54,4.63,4.53,4.56,5943047.0,27271645.0,362649713.0,0.01638784421152982,000554
2020-03-27,4.6,4.64,4.53,4.55,5851629.0,26860747.0,362649713.0,0.016135760736145956,000554
2020-03-30,4.5,4.51,4.36,4.4,6126644.0,27124478.0,362649713.0,0.016894109605982234,000554
2020-03-31,4.45,4.64,4.43,4.55,9748854.0,44318326.0,362649713.0,0.026882287922836437,000554
2020-04-01,4.51,4.59,4.43,4.45,7857392.0,35459827.0,362649713.0,0.021666615795722415,000554
2020-04-02,4.46,4.9,4.43,4.9,35958993.0,172635066.0,362649713.0,0.09915627039252614,000554
2020-04-03,4.9,5.34,4.83,5.12,61822663.0,312800213.0,362649713.0,0.17047487088456623,000554
2020-04-07,5.1,5.63,4.97,5.63,63198929.0,336015660.0,362649713.0,0.17426989939462603,000554
2020-04-08,5.46,5.85,5.4,5.56,67749112.0,380985799.0,362649713.0,0.18681694641241864,000554
2020-04-09,5.66,5.73,5.35,5.64,50888344.0,281486330.0,362649713.0,0.14032368474533993,000554
2020-04-10,5.35,5.35,5.09,5.16,44933767.0,234389990.0,362649713.0,0.12390404676812745,000554
2020-04-13,5.27,5.36,5.06,5.12,28305124.0,147758659.0,362649713.0,0.07805086557451653,000554
2020-04-14,5.02,5.23,4.92,5.18,28715535.0,145799255.0,362649713.0,0.07918256645635344,000554
2020-04-15,5.05,5.25,5.0,5.12,29086039.0,149235288.0,362649713.0,0.08020422451016802,000554
2020-04-16,5.01,5.23,5.01,5.09,23907983.0,122195911.0,362649713.0,0.0659258290933764,000554
2020-04-17,5.16,5.2,5.01,5.06,20143489.0,102497914.0,362649713.0,0.055545305229567354,000554
2020-04-20,4.96,5.06,4.87,5.06,21479385.0,106702135.0,362649713.0,0.0592290141975102,000554
2020-04-21,5.0,5.3,4.98,5.16,35075336.0,181644789.0,362649713.0,0.09671960225706838,000554
2020-04-22,5.08,5.28,5.01,5.26,29534462.0,152313320.0,362649713.0,0.08144074279192935,000554
2020-04-23,5.27,5.62,5.19,5.35,49635411.0,268326541.0,362649713.0,0.13686874474377428,000554
2020-04-24,5.35,5.35,4.93,5.0,30900083.0,158355594.0,362649713.0,0.08520641790774008,000554
2020-04-27,4.95,4.98,4.81,4.82,16827417.0,81777841.0,362649713.0,0.046401296890037795,000554
2020-04-28,4.78,4.82,4.51,4.63,15792987.0,73460739.0,362649713.0,0.04354887494423579,000554
2020-04-29,4.63,4.75,4.62,4.64,7832315.0,36611481.0,362649713.0,0.021597466423474047,000554
2020-04-30,4.72,4.83,4.63,4.82,12023365.0,56990575.0,362649713.0,0.03315421071352123,000554
2020-05-06,4.87,4.94,4.79,4.84,12529006.0,60733328.0,362649713.0,0.034548506591538374,000554
2020-05-07,4.81,4.83,4.7,4.73,8683100.0,41284774.0,362649713.0,0.02394349061569504,000554
2020-05-08,4.76,4.85,4.75,4.84,9409377.0,45164569.0,362649713.0,0.025946186258253016,000554
2020-05-11,4.82,4.84,4.75,4.78,7028872.0,33597142.0,362649713.0,0.019381986936799257,000554
2020-05-12,4.78,4.81,4.6,4.73,8687325.0,40911514.0,362649713.0,0.023955140976493754,000554
2020-05-13,4.74,4.76,4.69,4.74,5628572.0,26620171.0,362649713.0,0.015520685108056324,000554
2020-05-14,4.72,4.72,4.56,4.61,11932467.0,55276788.0,362649713.0,0.03290356112869721,000554
2020-05-15,4.66,4.67,4.55,4.57,8038812.0,36919176.0,362649713.0,0.022166878152196413,000554
2020-05-18,4.61,4.68,4.59,4.61,7324312.0,33931823.0,362649713.0,0.020196657373337007,000554
2020-05-19,4.7,4.75,4.64,4.66,8970126.0,42160773.0,362649713.0,0.024734959599981815,000554
2020-05-20,4.61,4.72,4.6,4.65,6810983.0,31566911.0,362649713.0,0.018781161974888976,000554
2020-05-21,4.71,4.77,4.64,4.71,10445135.0,49106352.0,362649713.0,0.028802270139946313,000554
2020-05-22,4.66,4.66,4.44,4.45,11881145.0,53735814.0,362649713.0,0.03276204164540453,000554
2020-05-25,4.47,4.48,4.36,4.4,4885806.0,21581099.0,362649713.0,0.013472521347342139,000554
2020-05-26,4.45,4.48,4.41,4.48,4636145.0,20643380.0,362649713.0,0.01278408567222553,000554
2020-05-27,4.46,4.47,4.41,4.43,3745358.0,16636764.0,362649713.0,0.010327756691206866,000554
2020-05-28,4.41,4.46,4.35,4.45,5286516.0,23268510.0,362649713.0,0.014577471897792457,000554
2020-05-29,4.42,4.44,4.39,4.41,5025093.0,22215422.0,362649713.0,0.013856602721204966,000554
2020-06-01,4.44,4.53,4.42,4.52,6856632.0,30756103.0,362649713.0,0.018907038263670156,000554
2020-06-02,4.52,4.97,4.51,4.97,17917905.0,85284434.0,362649713.0,0.04940829775315443,000554
2020-06-03,4.97,4.98,4.77,4.78,24144537.0,116996662.0,362649713.0,0.06657812245393946,000554
2020-06-04,4.73,4.87,4.69,4.83,14558312.0,69459106.0,362649713.0,0.04014428104621166,000554
2020-06-05,4.79,4.89,4.7,4.76,12711394.0,60862421.0,362649713.0,0.035051438190439155,000554
2020-06-08,5.0,5.24,4.95,4.95,40816523.0,209413921.0,362649713.0,0.11255082118319504,000554
2020-06-09,4.85,5.14,4.73,5.03,32961599.0,160424035.0,362649713.0,0.09089101085266818,000554
2020-06-10,4.93,4.94,4.78,4.8,16344674.0,79040342.0,362649713.0,0.04507014183132692,000554
2020-06-11,4.79,4.83,4.73,4.74,9939978.0,47485681.0,362649713.0,0.02740930888314256,000554
2020-06-12,4.62,4.7,4.57,4.69,9792183.0,45475169.0,362649713.0,0.027001766853735246,000554
2020-06-15,4.69,4.74,4.61,4.65,7694359.0,36068535.0,362649713.0,0.021217055257948047,000554
2020-06-16,4.65,4.73,4.65,4.7,5615725.0,26382965.0,362649713.0,0.015485259738782698,000554
2020-06-17,4.7,4.78,4.68,4.78,7350782.0,34796847.0,362649713.0,0.020269647917796643,000554
2020-06-18,4.76,4.87,4.72,4.85,9553005.0,46018517.0,362649713.0,0.026342237860808675,000554
2020-06-19,4.84,4.84,4.76,4.78,6910250.0,33175785.0,362649713.0,0.01905488892528091,000554
2020-06-22,4.8,4.88,4.74,4.78,8293790.0,39925254.0,362649713.0,0.022869975358287407,000554
2020-06-23,4.74,4.81,4.68,4.72,6614605.0,31202435.0,362649713.0,0.01823965320496476,000554
2020-06-24,4.72,4.76,4.68,4.72,4967816.0,23455889.0,362649713.0,0.01369866243352025,000554
2020-06-29,4.68,4.71,4.58,4.59,7251722.0,33511335.0,362649713.0,0.0199964917661468,000554
2020-06-30,4.63,4.66,4.6,4.61,5001813.0,23125097.0,362649713.0,0.013792408543833592,000554
2020-07-01,4.62,4.69,4.59,4.69,7304173.0,33885894.0,362649713.0,0.020141124446443448,000554
2020-07-02,4.66,4.84,4.66,4.82,11928809.0,56701286.0,362649713.0,0.032893474260105096,000554
2020-07-03,4.79,4.93,4.78,4.87,15738547.0,76505644.0,362649713.0,0.043398757632547746,000554
2020-07-06,4.9,5.1,4.87,5.06,26834937.0,133930984.0,362649713.0,0.07399685161201272,000554
2020-07-07,5.06,5.13,5.0,5.03,25888303.0,130725539.0,362649713.0,0.07138652554234891,000554
2020-07-08,4.99,5.2,4.96,5.17,24787424.0,126289304.0,362649713.0,0.06835087168537204,000554
2020-07-09,5.15,5.48,5.08,5.26,32288398.0,168711560.0,362649713.0,0.08903467131656051,000554
2020-07-10,5.19,5.21,5.05,5.06,22661780.0,116384836.0,362649713.0,0.06248944694463332,000554
2020-07-13,5.08,5.34,5.08,5.26,23812617.0,124681266.0,362649713.0,0.06566285907966513,000554
2020-07-14,5.27,5.34,5.08,5.23,20413615.0,106484973.0,362649713.0,0.05629017277065927,000554
2020-07-15,5.3,5.47,5.12,5.15,17705910.0,92925234.0,362649713.0,0.04882372538924359,000554
2020-07-16,5.16,5.23,4.87,4.89,14524979.0,73466017.0,362649713.0,0.040052365903843964,000554
2020-07-17,4.91,4.98,4.79,4.87,10050101.0,49040050.0,362649713.0,0.027712971056453036,000554
2020-07-20,4.87,5.09,4.87,5.06,12682896.0,63422683.0,362649713.0,0.03497285547279614,000554
2020-07-21,5.09,5.14,5.0,5.07,10101121.0,51151932.0,362649713.0,0.02785365778022827,000554
2020-07-22,5.13,5.31,5.07,5.18,23160496.0,120480445.0,362649713.0,0.06386464726086795,000554
2020-07-23,5.13,5.3,5.06,5.13,15320016.0,78801456.0,362649713.0,0.042244665998122544,000554
2020-07-24,5.19,5.25,4.96,5.0,17082855.0,87470060.0,362649713.0,0.04710566253777788,000554
2020-07-27,5.03,5.07,4.82,4.93,9770887.0,48345959.0,362649713.0,0.026943043520346037,000554
2020-07-28,4.95,5.04,4.91,4.96,8684171.0,43266797.0,362649713.0,0.023946443878751947,000554
2020-07-29,4.95,5.04,4.86,5.03,8889926.0,44065867.0,362649713.0,0.02451380955594469,000554
2020-07-30,5.03,5.08,5.0,5.04,8410324.0,42408941.0,362649713.0,0.023191315747711622,000554
2020-07-31,5.01,5.07,4.95,5.04,9794672.0,49170511.0,362649713.0,0.027008630226049567,000554
2020-08-03,5.05,5.21,5.05,5.2,15722033.0,80884739.0,362649713.0,0.04335322057734539,000554
2020-08-04,5.21,5.23,5.12,5.18,13516885.0,69939888.0,362649713.0,0.03727256499993425,000554
2020-08-05,5.17,5.31,5.1,5.24,18971972.0,99225053.0,362649713.0,0.05231486836996339,000554
2020-08-06,5.29,5.35,5.17,5.25,15759926.0,82884364.0,362649713.0,0.04345770983693016,000554
2020-08-07,5.29,5.37,5.16,5.27,16907127.0,88964799.0,362649713.0,0.04662109576797045,000554
2020-08-10,5.29,5.43,5.21,5.35,19226099.0,102875420.0,362649713.0,0.05301561895900356,000554
2020-08-11,5.37,5.37,5.13,5.16,16657062.0,87642260.0,362649713.0,0.04593154607018812,000554
2020-08-12,5.16,5.25,5.05,5.25,13786525.0,71301178.0,362649713.0,0.038016092404849086,000554
2020-08-13,5.23,5.35,5.2,5.25,13137021.0,69289867.0,362649713.0,0.036225096916042504,000554
2020-08-14,5.25,5.25,5.06,5.16,10949015.0,56344415.0,362649713.0,0.030191710092432916,000554
2020-08-17,5.15,5.35,5.15,5.34,18472202.0,97408239.0,362649713.0,0.05093676166786323,000554
2020-08-18,5.34,5.42,5.3,5.35,12778250.0,68386682.0,362649713.0,0.035235792396725266,000554
2020-08-19,5.38,5.5,5.29,5.39,21154890.0,114346247.0,362649713.0,0.058334225125941296,000554
2020-08-20,5.38,5.39,5.2,5.22,12781291.0,67461797.0,362649713.0,0.03524417789901849,000554
2020-08-21,5.27,5.31,5.2,5.24,8009774.0,42076994.0,362649713.0,0.022086806394356638,000554
2020-08-24,5.24,5.24,5.14,5.16,8480702.0,43875898.0,362649713.0,0.02338538180505881,000554
2020-08-25,5.18,5.2,5.07,5.17,8979824.0,46109173.0,362649713.0,0.02476170165892286,000554
2020-08-26,5.17,5.19,5.02,5.05,9363845.0,47689348.0,362649713.0,0.0258206325948478,000554
2020-08-27,5.1,5.14,5.02,5.1,7466892.0,37931536.0,362649713.0,0.020589819134918218,000554
2020-08-28,5.09,5.15,5.03,5.15,7449497.0,37960524.0,362649713.0,0.020541852738209666,000554
2020-08-31,5.15,5.2,5.1,5.14,9467107.0,48779157.0,362649713.0,0.026105375685213903,000554
2020-09-01,5.15,5.15,5.06,5.15,7118162.0,36353053.0,362649713.0,0.019628202490815153,000554
2020-09-02,5.14,5.23,5.08,5.18,8342852.0,43070558.0,362649713.0,0.02300526293260847,000554
2020-09-03,5.14,5.17,5.06,5.08,5956190.0,30445138.0,362649713.0,0.016424085795429817,000554
2020-09-04,5.03,5.11,4.93,5.09,5799200.0,29215231.0,362649713.0,0.01599118872044992,000554
2020-09-07,5.08,5.12,4.98,5.0,7892600.0,39891548.0,362649713.0,0.02176370121655108,000554
2020-09-08,5.0,5.11,4.96,5.1,7799846.0,39288806.0,362649713.0,0.021507933745421162,000554
2020-09-09,5.02,5.15,5.0,5.02,9054730.0,46044179.0,362649713.0,0.024968253594068058,000554
2020-09-10,5.04,5.08,4.8,4.81,12491501.0,61484360.0,362649713.0,0.03444508723490979,000554
2020-09-11,4.81,4.84,4.75,4.82,5524300.0,26490389.0,362649713.0,0.015233156961025915,000554
2020-09-14,4.82,4.85,4.73,4.8,6352501.0,30514870.0,362649713.0,0.017516906183240245,000554
2020-09-15,4.8,4.82,4.75,4.78,4679500.0,22334325.0,362649713.0,0.01290363629765233,000554
2020-09-16,4.79,5.0,4.78,4.8,9213205.0,44564732.0,362649713.0,0.025405245529589046,000554
2020-09-17,4.83,4.88,4.74,4.76,8649202.0,41564701.0,362649713.0,0.02385001749608444,000554
2020-09-18,4.78,4.97,4.73,4.9,14371915.0,69752689.0,362649713.0,0.03963029470259087,000554
2020-09-21,4.91,4.92,4.83,4.85,5980600.0,29114571.0,362649713.0,0.016491395927287003,000554
2020-09-22,4.82,4.83,4.75,4.76,5172013.0,24763750.0,362649713.0,0.014261731953997162,000554
2020-09-23,4.78,4.79,4.73,4.75,4497554.0,21395920.0,362649713.0,0.012401923505727412,000554
2020-09-24,4.71,4.72,4.58,4.61,6053400.0,28041193.0,362649713.0,0.01669214060566484,000554
2020-09-25,4.66,4.69,4.55,4.57,5445900.0,25113238.0,362649713.0,0.01501697038431132,000554
2020-09-28,4.63,4.63,4.46,4.48,5371613.0,24424201.0,362649713.0,0.014812125330428704,000554
2020-09-29,4.5,4.58,4.48,4.55,4355711.0,19794247.0,362649713.0,0.012010794008266594,000554
2020-09-30,4.58,4.59,4.5,4.56,4283200.0,19455214.0,362649713.0,0.011810846242142207,000554
2020-10-09,4.61,4.66,4.6,4.64,4366726.0,20229567.0,362649713.0,0.012041167670798625,000554
2020-10-12,4.65,4.75,4.63,4.75,6517141.0,30691947.0,362649713.0,0.01797089799434089,000554
2020-10-13,4.75,4.75,4.68,4.71,3584164.0,16857205.0,362649713.0,0.009883267162547017,000554
2020-10-14,4.7,4.72,4.66,4.67,3655300.0,17114684.0,362649713.0,0.01007942339113336,000554
2020-10-15,4.7,4.73,4.65,4.66,3662500.0,17137506.0,362649713.0,0.010099277260423476,000554
2020-10-16,4.67,4.72,4.65,4.72,4553063.0,21359321.0,362649713.0,0.012554988565508667,000554
2020-10-19,4.74,4.74,4.67,4.69,2907022.0,13655949.0,362649713.0,0.008016060390484853,000554
2020-10-20,4.66,4.68,4.61,4.67,2754700.0,12808588.0,362649713.0,0.007596035240761379,000554
2020-10-21,4.67,4.73,4.55,4.58,5699800.0,26202943.0,362649713.0,0.015717095024972486,000554
2020-10-22,4.58,4.6,4.5,4.58,3379515.0,15386166.0,362649713.0,0.00931895126027578,000554
2020-10-23,4.58,4.63,4.51,4.52,3571294.0,16302325.0,362649713.0,0.009847778371190935,000554
2020-10-26,4.51,4.53,4.45,4.46,3749368.0,16811332.0,362649713.0,0.010338814193408723,000554
2020-10-27,4.46,4.52,4.45,4.52,2928914.0,13138230.0,362649713.0,0.008076427183054189,000554
2020-10-28,4.5,4.53,4.44,4.5,2912910.0,13063468.0,362649713.0,0.008032296443593216,000554
2020-10-29,4.45,4.53,4.41,4.5,2798900.0,12574397.0,362649713.0,0.007717915938347923,000554
2020-10-30,4.51,4.52,4.3,4.36,7147792.0,31581063.0,362649713.0,0.01970990667790767,000554
2020-11-02,4.33,4.4,4.24,4.25,5276198.0,22598200.0,362649713.0,0.014549020200106982,000554
2020-11-03,4.28,4.53,4.27,4.47,7441485.0,32601721.0,362649713.0,0.020519759793660722,000554
2020-11-04,4.45,4.49,4.4,4.42,3761080.0,16682721.0,362649713.0,0.010371109820787311,000554
2020-11-05,4.44,4.47,4.41,4.46,3028573.0,13452723.0,362649713.0,0.008351235066329695,000554
2020-11-06,4.45,4.47,4.4,4.45,3121796.0,13836934.0,362649713.0,0.008608295796445314,000554
2020-11-09,4.48,4.54,4.45,4.5,5632270.0,25353158.0,362649713.0,0.015530882275922276,000554
2020-11-10,4.67,4.72,4.53,4.54,11827184.0,54767351.0,362649713.0,0.03261324516752065,000554
2020-11-11,4.53,4.63,4.51,4.57,7016899.0,32101099.0,362649713.0,0.019348971606658903,000554
2020-11-12,4.6,4.62,4.52,4.55,4695392.0,21402800.0,362649713.0,0.01294745819914657,000554
2020-11-13,4.52,4.54,4.43,4.47,6590895.0,29517842.0,362649713.0,0.01817427331039967,000554
2020-11-16,4.49,4.64,4.47,4.58,7958148.0,36341457.0,362649713.0,0.021944448636582816,000554
2020-11-17,4.61,4.67,4.53,4.57,8103162.0,37237944.0,362649713.0,0.022344322108976824,000554
2020-11-18,4.58,4.65,4.56,4.63,7156124.0,33038343.0,362649713.0,0.019732882016647288,000554
2020-11-19,4.61,4.67,4.58,4.6,5821051.0,26815662.0,362649713.0,0.016051442456263575,000554
2020-11-20,4.62,4.66,4.54,4.64,6917196.0,31865090.0,362649713.0,0.01907404239418218,000554
2020-11-23,4.66,4.77,4.63,4.72,13591303.0,63982568.0,362649713.0,0.03747777128393867,000554
2020-11-24,4.75,4.89,4.69,4.86,17419369.0,83485496.0,362649713.0,0.04803359378365205,000554
2020-11-25,4.96,5.13,4.79,4.79,31839657.0,158012432.0,362649713.0,0.0877972761555722,000554
2020-11-26,4.76,4.89,4.68,4.71,11223817.0,53412793.0,362649713.0,0.030949471618636024,000554
2020-11-27,4.71,4.75,4.6,4.67,9559977.0,44485896.0,362649713.0,0.026361463024237936,000554
2020-11-30,4.67,4.78,4.62,4.65,8068610.0,38007653.0,362649713.0,0.022249045596239036,000554
2020-12-01,4.65,4.73,4.61,4.71,5921593.0,27694290.0,362649713.0,0.016328685196008965,000554
2020-12-02,4.69,4.73,4.65,4.69,5238018.0,24574455.0,362649713.0,0.014443739543232453,000554
2020-12-03,4.72,4.8,4.7,4.72,5955411.0,28271471.0,362649713.0,0.0164219377170719,000554
2020-12-04,4.72,4.8,4.67,4.77,8119798.0,38567897.0,362649713.0,0.022390195576964374,000554
2020-12-07,4.78,4.78,4.67,4.67,5277065.0,24892941.0,362649713.0,0.014551410936867334,000554
2020-12-08,4.68,4.69,4.6,4.6,5877850.0,27265845.0,362649713.0,0.016208064667625973,000554
2020-12-09,4.61,4.63,4.48,4.54,7536195.0,34297228.0,362649713.0,0.02078092089928112,000554
2020-12-10,4.5,4.57,4.48,4.53,4058315.0,18372457.0,362649713.0,0.011190729937238362,000554
2020-12-11,4.61,4.64,4.52,4.55,6046600.0,27673845.0,362649713.0,0.016673389729113062,000554
2020-12-14,4.54,4.54,4.46,4.5,4136700.0,18581287.0,362649713.0,0.011406875151725268,000554
2020-12-15,4.47,4.48,4.44,4.45,4036333.0,17995364.0,362649713.0,0.011130114971302901,000554
2020-12-16,4.46,4.53,4.4,4.51,5560831.0,24917966.0,362649713.0,0.015333890530336639,000554
2020-12-17,4.51,4.61,4.46,4.6,4965355.0,22582429.0,362649713.0,0.013691876270697614,000554
2020-12-18,4.57,4.69,4.57,4.66,7072402.0,32859384.0,362649713.0,0.01950202012154908,000554
2020-12-21,4.62,4.64,4.52,4.54,7627269.0,34815919.0,362649713.0,0.02103205580091001,000554
2020-12-22,4.51,4.53,4.34,4.37,8524300.0,37756871.0,362649713.0,0.023505602498574155,000554
2020-12-23,4.38,4.42,4.34,4.39,5452664.0,23897712.0,362649713.0,0.015035621991516646,000554
2020-12-24,4.42,4.44,4.35,4.39,3821035.0,16721338.0,362649713.0,0.010536434644855213,000554
2020-12-25,4.39,4.46,4.35,4.44,4126190.0,18232710.0,362649713.0,0.01137789401752539,000554
2020-12-28,4.41,4.42,4.34,4.35,4851186.0,21198609.0,362649713.0,0.013377057325838833,000554
2020-12-29,4.35,4.41,4.32,4.37,3561684.0,15550413.0,362649713.0,0.009821278970652322,000554
2020-12-30,4.36,4.42,4.35,4.38,3659774.0,16047736.0,362649713.0,0.010091760364911691,000554
2020-12-31,4.38,4.43,4.37,4.41,4645284.0,20459852.0,362649713.0,0.012809286298814747,000554
2021-01-04,4.43,4.46,4.38,4.44,5166545.0,22846397.0,362649713.0,0.014246654043264058,000554
2021-01-05,4.4,4.41,4.34,4.37,5934950.0,25928550.0,362649713.0,0.016365516881023976,000554
2021-01-06,4.43,4.58,4.42,4.49,14995314.0,67335471.0,362649713.0,0.04134930612781155,000554
2021-01-07,4.44,4.48,4.32,4.33,10937685.0,47841059.0,362649713.0,0.03016046782311944,000554
2021-01-08,4.31,4.37,4.25,4.33,5915459.0,25417448.0,362649713.0,0.016311770802366524,000554
2021-01-11,4.35,4.42,4.28,4.33,8396481.0,36374157.0,362649713.0,0.02315314392651953,000554
2021-01-12,4.33,4.44,4.32,4.36,5486680.0,23956429.0,362649713.0,0.015129420493985059,000554
2021-01-13,4.35,4.44,4.33,4.39,6691743.0,29322682.0,362649713.0,0.018452359839589892,000554
2021-01-14,4.38,4.38,4.27,4.3,4959629.0,21384637.0,362649713.0,0.01367608692964828,000554
2021-01-15,4.3,4.34,4.29,4.31,3393568.0,14644944.0,362649713.0,0.009357702152655502,000554
2021-01-18,4.3,4.33,4.27,4.3,3299235.0,14208111.0,362649713.0,0.00909758061769099,000554
2021-01-19,4.31,4.36,4.3,4.34,4350897.0,18843156.0,362649713.0,0.011997519490660675,000554
2021-01-20,4.35,4.37,4.3,4.32,3256358.0,14104628.0,362649713.0,0.008979348068586504,000554
2021-01-21,4.3,4.35,4.3,4.34,4226628.0,18296300.0,362649713.0,0.011654849979158815,000554
2021-01-22,4.33,4.33,4.24,4.26,4076201.0,17425891.0,362649713.0,0.011240050257533225,000554
2021-01-25,4.26,4.26,4.12,4.13,6345299.0,26430936.0,362649713.0,0.017497046798986438,000554
2021-01-26,4.15,4.15,4.06,4.07,3917026.0,16028429.0,362649713.0,0.010801128084720144,000554
2021-01-27,4.09,4.12,4.07,4.1,2378636.0,9751273.0,362649713.0,0.006559045587883865,000554
2021-01-28,4.07,4.13,4.03,4.06,2828966.0,11550130.0,362649713.0,0.007800822387525231,000554
2021-01-29,4.1,4.1,4.01,4.04,2366563.0,9567534.0,362649713.0,0.006525754509558925,000554
2021-02-01,4.04,4.04,3.99,4.02,2859400.0,11463736.0,362649713.0,0.007884743590021812,000554
2021-02-02,4.01,4.1,4.01,4.1,2542826.0,10297647.0,362649713.0,0.007011796532153881,000554
2021-02-03,4.09,4.15,4.08,4.08,3001990.0,12326631.0,362649713.0,0.008277932926421481,000554
2021-02-04,4.1,4.1,4.01,4.05,2911648.0,11770635.0,362649713.0,0.008028816501503753,000554
2021-02-05,4.05,4.14,4.05,4.07,3199273.0,13089372.0,362649713.0,0.00882193721741619,000554
2021-02-08,4.06,4.29,4.06,4.17,6021595.0,25004493.0,362649713.0,0.0166044388955576,000554
2021-02-09,4.17,4.23,4.14,4.19,3347307.0,14032940.0,362649713.0,0.009230138284984663,000554
2021-02-10,4.16,4.2,4.15,4.17,2914930.0,12180993.0,362649713.0,0.008037866556921831,000554
2021-02-18,4.36,4.41,4.3,4.31,8065705.0,35042605.0,362649713.0,0.022241035111476844,000554
2021-02-19,4.25,4.41,4.23,4.37,9993812.0,43200937.0,362649713.0,0.027557755160832018,000554
2021-02-22,4.38,4.57,4.37,4.47,13904798.0,62385553.0,362649713.0,0.03834222805520323,000554
2021-02-23,4.52,4.65,4.47,4.52,14196253.0,64570211.0,362649713.0,0.03914590992658527,000554
2021-02-24,4.43,4.53,4.38,4.41,8551200.0,38041777.0,362649713.0,0.023579778760227505,000554
2021-02-25,4.49,4.51,4.41,4.42,5134200.0,22873428.0,362649713.0,0.014157463292960058,000554
2021-02-26,4.38,4.46,4.26,4.43,4727305.0,20860663.0,362649713.0,0.013035457717293161,000554
2021-03-01,4.45,4.48,4.43,4.47,4160401.0,18561744.0,362649713.0,0.011472230228953745,000554
2021-03-02,4.46,4.47,4.34,4.37,4751673.0,20849043.0,362649713.0,0.01310265203491282,000554
2021-03-03,4.4,4.51,4.38,4.51,6555265.0,29329146.0,362649713.0,0.018076024232232056,000554
2021-03-04,4.52,4.67,4.51,4.55,12306285.0,56609390.0,362649713.0,0.03393435747734895,000554
2021-03-05,4.62,4.76,4.58,4.62,13690701.0,63828971.0,362649713.0,0.03775185946445241,000554
2021-03-08,4.7,4.8,4.66,4.7,16788925.0,79317661.0,362649713.0,0.046295155898827364,000554
2021-03-09,4.66,4.66,4.39,4.48,11449400.0,51751493.0,362649713.0,0.03157151264586827,000554
2021-03-10,4.53,4.55,4.39,4.4,5145401.0,22794114.0,362649713.0,0.014188349847115417,000554
2021-03-11,4.41,4.52,4.38,4.5,5427810.0,24179708.0,362649713.0,0.014967087537719904,000554
2021-03-12,4.52,4.56,4.47,4.54,4789937.0,21653660.0,362649713.0,0.013208164320262401,000554
2021-03-15,4.52,4.61,4.5,4.57,6329051.0,28891703.0,362649713.0,0.017452243233955077,000554
2021-03-16,4.57,4.63,4.51,4.6,5674618.0,25958002.0,362649713.0,0.015647656117130305,000554
2021-03-17,4.58,4.66,4.57,4.61,5017300.0,23081533.0,362649713.0,0.013835113665180261,000554
2021-03-18,4.59,4.61,4.52,4.54,4501200.0,20463157.0,362649713.0,0.01241197728453738,000554
2021-03-19,4.45,4.52,4.4,4.46,4459600.0,19938701.0,362649713.0,0.012297266039750045,000554
2021-03-22,4.42,4.55,4.42,4.55,3536011.0,15975118.0,362649713.0,0.00975048613922383,000554
2021-03-23,4.57,4.57,4.46,4.49,3856200.0,17375806.0,362649713.0,0.010633401493964507,000554
2021-03-24,4.46,4.49,4.38,4.43,3203100.0,14226457.0,362649713.0,0.008832490100440255,000554
2021-03-25,4.44,4.52,4.41,4.41,3830500.0,17082900.0,362649713.0,0.010562534210526178,000554
2021-03-26,4.38,4.45,4.38,4.45,3070600.0,13595679.0,362649713.0,0.008467123755865209,000554
2021-03-29,4.47,4.57,4.44,4.53,6371500.0,28762613.0,362649713.0,0.017569295580829536,000554
2021-03-30,4.52,4.61,4.51,4.55,6151436.0,28084915.0,362649713.0,0.016962473095904533,000554
2021-03-31,4.51,4.63,4.5,4.57,4602142.0,21048333.0,362649713.0,0.01269032301702111,000554
2021-04-01,4.57,4.6,4.52,4.53,3531153.0,16067439.0,362649713.0,0.009737090292416694,000554
2021-04-02,4.57,4.59,4.51,4.55,4224032.0,19209792.0,362649713.0,0.011647691556286989,000554
2021-04-06,4.53,4.62,4.53,4.61,5886225.0,27018704.0,362649713.0,0.016231158578084964,000554
2021-04-07,4.62,4.65,4.6,4.63,5583300.0,25837183.0,362649713.0,0.01539584838993103,000554
2021-04-08,4.64,4.66,4.57,4.59,4817500.0,22220887.0,362649713.0,0.013284168792379548,000554
2021-04-09,4.63,4.65,4.54,4.58,4357800.0,20057546.0,362649713.0,0.012016554387842573,000554
2021-04-12,4.56,4.64,4.54,4.57,3759692.0,17204697.0,362649713.0,0.010367282435985272,000554
2021-04-13,4.59,4.59,4.41,4.43,4724501.0,21101794.0,362649713.0,0.0130277257381974,000554
2021-04-14,4.41,4.49,4.41,4.46,3328700.0,14815755.0,362649713.0,0.009178829820278941,000554
2021-04-15,4.48,4.63,4.46,4.57,7374200.0,33522756.0,362649713.0,0.020334222627662744,000554
2021-04-16,4.56,4.66,4.56,4.65,8404220.0,38895834.0,362649713.0,0.023174484078524557,000554
2021-04-19,4.62,4.68,4.61,4.63,5139790.0,23823990.0,362649713.0,0.014172877616478357,000554
2021-04-20,4.63,4.66,4.58,4.59,4300500.0,19863705.0,362649713.0,0.011858550678075402,000554
2021-04-21,4.58,4.61,4.52,4.56,3769259.0,17217419.0,362649713.0,0.010393663264804514,000554
2021-04-22,4.57,4.62,4.54,4.58,3965400.0,18158029.0,362649713.0,0.010934518511531264,000554
2021-04-23,4.58,4.59,4.46,4.49,4875188.0,21958121.0,362649713.0,0.01344324240510291,000554
2021-04-26,4.49,4.73,4.47,4.61,10605247.0,49020227.0,362649713.0,0.029243776073248955,000554
2021-04-27,4.61,4.62,4.51,4.52,4585659.0,20838311.0,362649713.0,0.012644871443755975,000554
2021-04-28,4.53,4.66,4.49,4.65,7715129.0,35534507.0,362649713.0,0.021274328155886337,000554
2021-04-29,4.67,4.74,4.61,4.7,8647406.0,40574344.0,362649713.0,0.02384506505868929,000554
2021-04-30,4.71,4.73,4.62,4.69,6411791.0,29969569.0,362649713.0,0.017680397281880655,000554
2021-05-06,4.73,4.83,4.7,4.79,8986438.0,42907447.0,362649713.0,0.02477993964385131,000554
2021-05-07,4.76,4.86,4.73,4.78,7874247.0,37671190.0,362649713.0,0.021713093152234207,000554
2021-05-10,4.78,4.93,4.77,4.93,14492115.0,70535161.0,362649713.0,0.03996174402046197,000554
2021-05-11,4.85,4.86,4.65,4.75,10803610.0,51226914.0,362649713.0,0.029790758444637182,000554
2021-05-12,4.72,4.95,4.72,4.92,14694030.0,71853106.0,362649713.0,0.040518520967366654,000554
2021-05-13,4.91,5.06,4.83,4.84,15037767.0,74216765.0,362649713.0,0.041466369504613396,000554
2021-05-14,4.81,4.92,4.77,4.81,7977741.0,38406338.0,362649713.0,0.021998475978388544,000554
2021-05-17,4.8,4.83,4.68,4.7,8410400.0,39974430.0,362649713.0,0.023191525316331906,000554
2021-05-18,4.73,4.96,4.73,4.95,15902840.0,77557654.0,362649713.0,0.04385179259744788,000554
2021-05-19,4.92,4.92,4.79,4.83,10436852.0,50418956.0,362649713.0,0.02877942991781714,000554
2021-05-20,4.75,4.81,4.73,4.78,6071202.0,28893383.0,362649713.0,0.01674122929748465,000554
2021-05-21,4.75,4.81,4.71,4.74,5547600.0,26407119.0,362649713.0,0.015297406288034205,000554
2021-05-24,4.77,4.79,4.71,4.74,5578900.0,26446074.0,362649713.0,0.015383715469809293,000554
2021-05-25,4.79,4.8,4.73,4.75,5373100.0,25590757.0,362649713.0,0.014816225705933482,000554
2021-05-26,4.74,4.82,4.74,4.78,4499465.0,21474818.0,362649713.0,0.012407193053534831,000554
2021-05-27,4.78,4.86,4.77,4.8,6061800.0,29125701.0,362649713.0,0.016715303453169975,000554
2021-05-28,4.87,4.88,4.72,4.74,5700796.0,27225573.0,362649713.0,0.015719841476890952,000554
2021-05-31,4.73,4.74,4.63,4.67,5475012.0,25516784.0,362649713.0,0.015097246195807688,000554
2021-06-01,4.66,4.78,4.64,4.78,6379170.0,30147405.0,362649713.0,0.017590445466587203,000554
2021-06-02,4.76,4.83,4.75,4.78,7391816.0,35403955.0,362649713.0,0.020382798427859228,000554
2021-06-03,4.81,4.9,4.78,4.79,7268205.0,35153092.0,362649713.0,0.020041943339411936,000554
2021-06-04,4.74,4.78,4.7,4.71,4480900.0,21205570.0,362649713.0,0.012356000403066636,000554
2021-06-07,4.7,4.76,4.69,4.69,4272166.0,20148130.0,362649713.0,0.011780420187455105,000554
2021-06-08,4.68,4.71,4.66,4.7,3316600.0,15534802.0,362649713.0,0.009145464289944165,000554
2021-06-09,4.71,4.86,4.7,4.82,8953830.0,42967779.0,362649713.0,0.024690023675821852,000554
2021-06-10,4.78,4.83,4.75,4.79,6210800.0,29731678.0,362649713.0,0.017126168248201536,000554
2021-06-11,4.82,5.03,4.79,4.93,19130888.0,94148677.0,362649713.0,0.05275307635497839,000554
2021-06-15,4.92,4.98,4.87,4.89,11277260.0,55573424.0,362649713.0,0.031096839720923756,000554
2021-06-16,4.95,5.09,4.9,4.96,19601262.0,97891932.0,362649713.0,0.054050124120737966,000554
2021-06-17,4.88,4.89,4.78,4.83,12684169.0,61313400.0,362649713.0,0.034976365747185906,000554
2021-06-18,4.8,4.85,4.69,4.73,9382401.0,44485654.0,362649713.0,0.02587180042797938,000554
2021-06-21,4.74,4.79,4.67,4.72,6875501.0,32427520.0,362649713.0,0.018959069188619487,000554
2021-06-22,4.75,4.93,4.75,4.85,14308206.0,69459374.0,362649713.0,0.039454618291673654,000554
2021-06-23,4.86,4.89,4.81,4.86,7690400.0,37243685.0,362649713.0,0.021206138387320328,000554
2021-06-24,4.85,4.85,4.73,4.75,7140290.0,34114733.0,362649713.0,0.019689220049100106,000554
2021-06-25,4.77,4.8,4.7,4.74,6808600.0,32268907.0,362649713.0,0.018774590895650315,000554
2021-06-28,4.75,4.78,4.7,4.73,5635300.0,26682635.0,362649713.0,0.0155392374459152,000554
2021-06-29,4.7,4.72,4.6,4.6,7080701.0,32918197.0,362649713.0,0.019524904463387786,000554
2021-06-30,4.61,4.65,4.58,4.63,4064949.0,18737684.0,362649710.0,0.01120902316452976,000554
2021-07-01,4.65,4.65,4.54,4.54,5088340.0,23318373.0,362649710.0,0.01403100529158013,000554
2021-07-02,4.58,4.62,4.52,4.54,4753717.0,21718098.0,362649710.0,0.013108288436243338,000554
2021-07-05,4.52,4.6,4.5,4.59,3344822.0,15272951.0,362649710.0,0.009223286018896857,000554
2021-07-06,4.63,4.65,4.58,4.6,3558300.0,16402287.0,362649710.0,0.00981194773325477,000554
2021-07-07,4.55,4.61,4.53,4.6,3102753.0,14191726.0,362649710.0,0.008555785140432072,000554
2021-07-08,4.58,4.6,4.47,4.49,6047100.0,27282351.0,362649710.0,0.016674768607977102,000554
2021-07-09,4.5,4.54,4.44,4.52,4378226.0,19719167.0,362649710.0,0.012072878811898126,000554
2021-07-12,4.53,4.58,4.52,4.55,4364732.0,19843555.0,362649710.0,0.01203566935156242,000554
2021-07-13,4.55,4.56,4.49,4.55,4081679.0,18457931.0,362649710.0,0.011255155836192451,000554
2021-07-14,4.55,4.57,4.51,4.52,4573400.0,20748213.0,362649710.0,0.012611067578132077,000554
2021-07-15,4.51,4.51,4.44,4.45,5197308.0,23210113.0,362649710.0,0.014331482575844332,000554
2021-07-16,4.46,4.48,4.44,4.47,3249900.0,14490659.0,362649710.0,0.008961540324959863,000554
2021-07-19,4.49,4.49,4.4,4.4,3537093.0,15631092.0,362649710.0,0.009753469815266086,000554
2021-07-20,4.39,4.39,4.28,4.33,4433300.0,19129010.0,362649710.0,0.012224744368332737,000554
2021-07-21,4.33,4.38,4.32,4.35,3071232.0,13336042.0,362649710.0,0.008468866554450023,000554
2021-07-22,4.37,4.41,4.36,4.38,4154300.0,18216888.0,362649710.0,0.011455406926976448,000554
2021-07-23,4.38,4.44,4.36,4.43,5082414.0,22404765.0,362649710.0,0.014014664454026448,000554
2021-07-26,4.41,4.41,4.34,4.39,4347217.0,18994755.0,362649710.0,0.011987372056632832,000554
2021-07-27,4.38,4.44,4.36,4.37,2844200.0,12535564.0,362649710.0,0.007842829930844284,000554
2021-07-28,4.36,4.37,4.2,4.22,4255100.0,18116119.0,362649710.0,0.01173336109933743,000554
2021-07-29,4.22,4.28,4.22,4.26,2224406.0,9457397.0,362649710.0,0.006133759213539699,000554
2021-07-30,4.26,4.29,4.22,4.25,3226300.0,13713795.0,362649710.0,0.008896463752859475,000554
2021-08-02,4.25,4.32,4.19,4.31,5011968.0,21325624.0,362649710.0,0.013820410886306788,000554
2021-08-03,4.27,4.41,4.26,4.34,4771406.0,20813701.0,362649710.0,0.013157065533018075,000554
2021-08-04,4.37,4.38,4.32,4.34,2509571.0,10892573.0,362649710.0,0.00692009653061628,000554
2021-08-05,4.32,4.36,4.26,4.28,3100800.0,13355912.0,362649710.0,0.008550399778342578,000554
2021-08-06,4.27,4.32,4.26,4.31,1949686.0,8372566.0,362649710.0,0.005376223794581278,000554
2021-08-09,4.31,4.38,4.28,4.36,3111133.0,13501919.0,362649710.0,0.008578892838491448,000554
2021-08-10,4.36,4.41,4.33,4.4,3817711.0,16729907.0,362649710.0,0.010527268862285869,000554
2021-08-11,4.4,4.51,4.38,4.48,5868485.0,26144461.0,362649710.0,0.0161822409840063,000554
2021-08-12,4.46,4.51,4.43,4.48,3924587.0,17501619.0,362649710.0,0.010821977494480831,000554
2021-08-13,4.47,4.5,4.45,4.47,2925817.0,13090388.0,362649710.0,0.008067887328518751,000554
2021-08-16,4.45,4.54,4.45,4.5,4151121.0,18717323.0,362649710.0,0.011446640892115976,000554
2021-08-17,4.51,4.51,4.4,4.41,3505586.0,15596980.0,362649710.0,0.009666589834030199,000554
2021-08-18,4.4,4.46,4.38,4.44,2984254.0,13206227.0,362649710.0,0.008229026296477667,000554
2021-08-19,4.43,4.44,4.37,4.41,2777464.0,12230536.0,362649710.0,0.007658806620857356,000554
2021-08-20,4.41,4.41,4.33,4.38,3045401.0,13277469.0,362649710.0,0.008397638040300652,000554
2021-08-23,4.38,4.49,4.36,4.46,4008297.0,17851089.0,362649710.0,0.011052806301706405,000554
2021-08-24,4.53,4.53,4.45,4.49,4841466.0,21741093.0,362649710.0,0.013350254712736431,000554
2021-08-25,4.5,4.56,4.48,4.56,5901242.0,26804438.0,362649710.0,0.016272567817578014,000554
2021-08-26,4.56,4.62,4.54,4.6,6880917.0,31563250.0,362649710.0,0.018974003867258022,000554
2021-08-27,4.6,4.6,4.54,4.58,4159800.0,18999461.0,362649710.0,0.011470573077254081,000554
2021-08-30,4.63,4.63,4.54,4.57,4364425.0,19992321.0,362649710.0,0.012034822804628743,000554
2021-08-31,4.55,4.64,4.54,4.6,6518814.0,29902505.0,362649710.0,0.017975511410170435,000554
2021-09-01,4.6,4.69,4.54,4.57,5904905.0,27153845.0,362649710.0,0.016282668473662918,000554
2021-09-02,4.55,4.67,4.54,4.66,6603468.0,30546691.0,362649710.0,0.018208943280280027,000554
2021-09-03,4.66,4.78,4.65,4.72,9410581.0,44491152.0,362649710.0,0.0259495064810613,000554
2021-09-06,4.72,4.85,4.7,4.84,11402907.0,54533871.0,362649710.0,0.03144330930252226,000554
2021-09-07,4.84,4.9,4.77,4.88,10931410.0,53007808.0,362649710.0,0.030143164873894426,000554
2021-09-08,4.89,4.98,4.85,4.87,14437232.0,70667325.0,362649710.0,0.03981040547364563,000554
2021-09-09,4.87,5.07,4.87,4.98,26871321.0,134324789.0,362649710.0,0.074097180444457,000554
2021-09-10,4.95,4.99,4.84,4.86,13243579.0,65066893.0,362649710.0,0.03651892896867338,000554
2021-09-13,4.9,5.01,4.85,4.99,14123182.0,69964148.0,362649710.0,0.03894441829279279,000554
2021-09-14,5.06,5.4,4.93,5.07,37188607.0,190008875.0,362649710.0,0.10254690952324214,000554
2021-09-15,5.06,5.32,5.01,5.24,32313569.0,167810960.0,362649710.0,0.08910408062921103,000554
2021-09-16,5.28,5.34,5.13,5.15,25304481.0,132050958.0,362649710.0,0.06977664755336492,000554
2021-09-17,5.1,5.19,4.92,5.03,18878538.0,95666978.0,362649710.0,0.05205722624181886,000554
2021-09-22,4.93,5.18,4.92,5.17,16678577.0,84930216.0,362649710.0,0.045990873672558566,000554
2021-09-23,5.22,5.3,5.04,5.12,10863719.0,55578314.0,362649710.0,0.029956508168722924,000554
2021-09-24,5.12,5.22,4.98,4.98,14412401.0,73430432.0,362649710.0,0.039741934441364916,000554
2021-09-27,5.03,5.11,4.76,4.84,12554374.0,61668309.0,362649710.0,0.034618458677383196,000554
2021-09-28,4.91,5.32,4.91,5.32,34408186.0,178173685.0,362649710.0,0.09487994902849915,000554
2021-09-29,5.15,5.29,5.0,5.02,30296225.0,155275902.0,362649710.0,0.08354129112635993,000554
2021-09-30,5.03,5.52,4.92,5.36,36153385.0,188988543.0,362649710.0,0.09969230362820365,000554
2021-10-08,5.72,5.9,5.56,5.73,66162796.0,380164653.0,362649710.0,0.18244271034988557,000554
2021-10-11,5.6,5.67,5.27,5.46,42217842.0,231057851.0,362649710.0,0.11641493384897508,000554
2021-10-12,5.6,5.72,5.31,5.44,33669149.0,184933493.0,362649710.0,0.09284206790072988,000554
2021-10-13,5.36,5.41,4.9,4.9,31630150.0,158140686.0,362649710.0,0.08721956512801292,000554
2021-10-14,4.78,4.89,4.74,4.78,17641952.0,84830502.0,362649710.0,0.04864736276777941,000554
2021-10-15,4.82,4.89,4.66,4.82,18367045.0,87719214.0,362649710.0,0.05064679356837208,000554
2021-10-18,4.82,5.22,4.78,5.17,28490037.0,142392552.0,362649710.0,0.0785607604649677,000554
2021-10-19,5.17,5.58,5.09,5.57,36579511.0,196185925.0,362649710.0,0.10086733834696848,000554
2021-10-20,5.41,5.63,5.4,5.47,24480397.0,134284342.0,362649710.0,0.06750425086511168,000554
2021-10-21,5.6,5.65,5.42,5.44,14547599.0,79926806.0,362649710.0,0.04011474047504408,000554
2021-10-22,5.45,5.48,5.14,5.14,18811469.0,98557080.0,362649710.0,0.05187228469036967,000554
2021-10-25,5.28,5.43,5.11,5.36,18863143.0,100287845.0,362649710.0,0.052014774808450834,000554
2021-10-26,5.36,5.63,5.21,5.27,24680847.0,131595713.0,362649710.0,0.06805698810568468,000554
2021-10-27,5.19,5.25,5.02,5.12,15442893.0,79100202.0,362649710.0,0.04258349744716465,000554
2021-10-28,5.12,5.12,4.79,4.84,16553377.0,80617702.0,362649710.0,0.04564563694260227,000554
2021-10-29,4.86,5.21,4.8,5.2,17352501.0,87195567.0,362649710.0,0.04784920688341375,000554
2021-11-01,5.13,5.15,4.98,5.0,14655693.0,73900189.0,362649710.0,0.040412807720155076,000554
2021-11-02,5.01,5.07,4.8,4.9,12840246.0,62959019.0,362649710.0,0.03540674553414092,000554
2021-11-03,4.86,4.95,4.78,4.83,10131400.0,49100800.0,362649710.0,0.027937151804147315,000554
2021-11-04,4.8,4.83,4.72,4.79,11008705.0,52575923.0,362649710.0,0.030356304434932542,000554
2021-11-05,4.77,4.77,4.63,4.64,10075500.0,47260804.0,362649710.0,0.02778300856768919,000554
2021-11-08,4.71,4.73,4.63,4.69,6896900.0,32322184.0,362649710.0,0.019018076699964824,000554
2021-11-09,4.67,4.69,4.59,4.61,7609607.0,35197754.0,362649710.0,0.020983353330132265,000554
2021-11-10,4.68,4.69,4.53,4.65,7187631.0,33055965.0,362649710.0,0.019819762161122367,000554
2021-11-11,4.58,4.67,4.57,4.64,6321621.0,29307737.0,362649710.0,0.017431755288043662,000554
2021-11-12,4.63,4.74,4.6,4.67,7465550.0,34890263.0,362649710.0,0.020586118764578634,000554
2021-11-15,4.67,4.78,4.62,4.75,8879181.0,41770593.0,362649710.0,0.02448418061605509,000554
2021-11-16,4.74,4.8,4.67,4.67,8445173.0,39993017.0,362649710.0,0.023287411425201472,000554
2021-11-17,4.73,4.76,4.64,4.75,7979614.0,37618924.0,362649710.0,0.022003640923909742,000554
2021-11-18,4.7,4.78,4.6,4.62,9488547.0,44500960.0,362649710.0,0.026164496312433283,000554
2021-11-19,4.65,4.77,4.62,4.75,8956295.0,42201328.0,362649710.0,0.024696821072874978,000554
2021-11-22,4.71,4.8,4.68,4.73,7798300.0,36934002.0,362649710.0,0.021503670856375428,000554
2021-11-23,4.72,4.78,4.7,4.76,6924900.0,32927877.0,362649710.0,0.019095286192287318,000554
2021-11-24,4.8,4.88,4.75,4.78,8151107.0,39077588.0,362649710.0,0.02247652976201194,000554
2021-11-25,4.75,4.78,4.71,4.73,5778901.0,27403868.0,362649710.0,0.015935214728284217,000554
2021-11-26,4.73,4.74,4.69,4.7,4130701.0,19440792.0,362649710.0,0.011390333112357928,000554
2021-11-29,4.6,4.66,4.54,4.65,6135946.0,28338362.0,362649710.0,0.016919759842080117,000554
2021-11-30,4.68,4.73,4.65,4.68,4852533.0,22792743.0,362649710.0,0.013380771764576896,000554
2021-12-01,4.66,4.78,4.66,4.77,6114870.0,29001216.0,362649710.0,0.016861643154216226,000554
2021-12-02,4.79,4.8,4.71,4.71,4321401.0,20510696.0,362649710.0,0.011916184904711491,000554
2021-12-03,4.71,4.76,4.65,4.74,5557501.0,26213305.0,362649710.0,0.015324708242562775,000554
2021-12-06,4.73,4.82,4.71,4.71,5229903.0,24861455.0,362649710.0,0.014421362697353323,000554
2021-12-07,4.74,4.81,4.7,4.8,8832910.0,42152800.0,362649710.0,0.0243565891725103,000554
2021-12-08,4.8,4.92,4.76,4.85,8674910.0,42075801.0,362649710.0,0.023920907037261935,000554
2021-12-09,4.83,4.86,4.78,4.83,6621101.0,31953814.0,362649710.0,0.018257565958070116,000554
2021-12-10,4.8,4.9,4.8,4.85,5845902.0,28419460.0,362649710.0,0.01611996877096634,000554
2021-12-13,4.86,4.95,4.82,4.89,7082001.0,34649498.0,362649710.0,0.019528489351335755,000554
2021-12-14,4.86,4.89,4.78,4.83,6748601.0,32605345.0,362649710.0,0.018609144896324335,000554
2021-12-15,4.85,4.87,4.81,4.84,5714200.0,27665277.0,362649710.0,0.015756802893900013,000554
2021-12-16,4.84,4.95,4.84,4.94,9376580.0,46042085.0,362649710.0,0.025855749340044972,000554
2021-12-17,4.95,5.1,4.94,4.99,11537377.0,57856570.0,362649710.0,0.03181410788940104,000554
2021-12-20,4.98,5.13,4.97,5.08,12525536.0,63683070.0,362649710.0,0.034538938415254766,000554
2021-12-21,5.08,5.21,5.02,5.2,12770107.0,65529308.0,362649710.0,0.03521333851335494,000554
2021-12-22,5.27,5.33,5.16,5.19,17221411.0,89857091.0,362649710.0,0.04748772858525104,000554
2021-12-23,5.19,5.48,5.09,5.38,27540304.0,146404112.0,362649710.0,0.07594188893739913,000554
2021-12-24,5.92,5.92,5.81,5.92,41433706.0,245203454.0,362649710.0,0.1142526930464111,000554
2021-12-27,5.9,5.93,5.41,5.72,63254626.0,360634129.0,362649710.0,0.17442348430390306,000554
2021-12-28,5.64,5.69,5.35,5.41,35124655.0,192025070.0,362649710.0,0.0968555993054565,000554
2021-12-29,5.4,5.51,5.26,5.32,21176609.0,114084855.0,362649710.0,0.058394115357213436,000554
2021-12-30,5.32,5.4,5.28,5.34,18114259.0,96557765.0,362649710.0,0.04994974075672086,000554
2021-12-31,5.34,5.39,5.28,5.33,11943038.0,63763911.0,362649710.0,0.03293271074172374,000554
2022-01-04,5.36,5.46,5.35,5.44,15438013.0,83576941.0,362649710.0,0.042570040935645585,000554
2022-01-05,5.46,5.98,5.38,5.98,30296845.0,174052973.0,362649710.0,0.08354300076511849,000554
2022-01-06,6.37,6.58,6.21,6.58,21634419.0,139831891.0,362649710.0,0.05965651813150492,000554
2022-01-07,7.24,7.24,6.38,6.68,132296565.0,921686266.0,362649710.0,0.36480537927356954,000554
2022-01-10,6.05,6.36,6.01,6.01,87887066.0,535063336.0,362649710.0,0.2423469909847715,000554
2022-01-11,5.97,6.15,5.92,5.99,51070977.0,307577745.0,362649710.0,0.14082729309227904,000554
2022-01-12,6.05,6.34,5.97,6.2,55903702.0,345223092.0,362649710.0,0.1541534446560015,000554
2022-01-13,6.2,6.68,6.15,6.35,53437125.0,342591400.0,362649710.0,0.14735190330084644,000554
2022-01-14,6.21,6.32,6.02,6.02,41196845.0,252826993.0,362649710.0,0.11359955313351829,000554
2022-01-17,6.02,6.11,5.9,5.96,32898574.0,196409048.0,362649710.0,0.0907172213097868,000554
2022-01-18,5.95,5.97,5.67,5.78,34223375.0,197378911.0,362649710.0,0.09437033604687013,000554
2022-01-19,5.8,5.87,5.66,5.7,22617742.0,129826728.0,362649710.0,0.0623680134750418,000554
2022-01-20,5.62,5.69,5.45,5.47,20002997.0,110891536.0,362649710.0,0.05515790154637101,000554
2022-01-21,5.42,5.53,5.36,5.46,18016801.0,98105413.0,362649710.0,0.04968100208876494,000554
2022-01-24,5.47,5.52,5.36,5.43,13819795.0,75120221.0,362649710.0,0.038107834141105475,000554
2022-01-25,5.4,5.44,5.2,5.26,14046731.0,74478088.0,362649710.0,0.038733606046451825,000554
2022-01-26,5.26,5.41,5.25,5.35,15963709.0,85420755.0,362649710.0,0.04401963812407295,000554
2022-01-27,5.32,5.45,5.25,5.26,17463835.0,93439846.0,362649710.0,0.0481562083697792,000554
2022-01-28,5.26,5.52,5.23,5.43,20482583.0,110688207.0,362649710.0,0.05648035124583444,000554
2022-02-07,5.65,5.88,5.61,5.85,34025133.0,196433173.0,362649710.0,0.09382368732626313,000554
2022-02-08,5.7,5.88,5.68,5.87,22439746.0,129657199.0,362649710.0,0.061877192732347694,000554
2022-02-09,5.74,5.83,5.7,5.79,16145840.0,93175783.0,362649710.0,0.04452186105429396,000554
2022-02-10,5.83,5.87,5.74,5.82,16251077.0,94477092.0,362649710.0,0.044812050173706194,000554
2022-02-11,5.79,6.07,5.71,5.83,31064818.0,182352825.0,362649710.0,0.08566067238823932,000554
2022-02-14,6.06,6.21,5.83,5.9,33757544.0,200923480.0,362649710.0,0.09308581551051012,000554
2022-02-15,5.79,5.9,5.7,5.8,21069169.0,121741269.0,362649710.0,0.058097851505244553,000554
2022-02-16,5.63,5.75,5.53,5.69,20146089.0,114227196.0,362649710.0,0.05555247514192139,000554
2022-02-17,5.68,5.75,5.57,5.67,17154350.0,96984248.0,362649710.0,0.0473028090936568,000554
2022-02-18,5.61,5.79,5.56,5.7,14050587.0,80007983.0,362649710.0,0.03874423889653738,000554
2022-02-21,5.7,5.75,5.66,5.75,12866653.0,73473170.0,362649710.0,0.03547956235784664,000554
2022-02-22,5.86,6.07,5.82,6.04,44020946.0,261784897.0,362649710.0,0.12138696043628437,000554
2022-02-23,5.9,5.93,5.79,5.84,29059739.0,169903910.0,362649710.0,0.08013170340050733,000554
2022-02-24,5.83,6.42,5.82,6.42,87127160.0,545743401.0,362649710.0,0.24025156396788516,000554
2022-02-25,6.05,6.34,5.78,6.23,71582732.0,438318679.0,362649710.0,0.19738808559918605,000554
2022-02-28,6.3,6.53,6.11,6.19,69249470.0,437384124.0,362649710.0,0.19095415793935144,000554
2022-03-01,6.1,6.3,6.02,6.29,43313551.0,268035510.0,362649710.0,0.11943633154980325,000554
2022-03-02,6.7,6.86,6.36,6.44,68917585.0,447246731.0,362649710.0,0.19003899106937105,000554
2022-03-03,6.51,6.73,6.45,6.59,69235026.0,455940872.0,362649710.0,0.19091432887124052,000554
2022-03-04,6.35,6.37,6.1,6.16,54871144.0,341876636.0,362649710.0,0.15130618469266113,000554
2022-03-07,6.38,6.43,6.12,6.16,32674312.0,203894247.0,362649710.0,0.09009882291095725,000554
2022-03-08,5.95,6.06,5.76,5.95,31506445.0,186485057.0,362649710.0,0.08687845083345028,000554
2022-03-09,6.05,6.27,5.67,6.05,43085153.0,260553596.0,362649710.0,0.11880652820596492,000554
2022-03-10,5.71,6.0,5.71,5.88,31720472.0,186445110.0,362649710.0,0.08746862640535408,000554
2022-03-11,5.78,5.88,5.47,5.67,25956779.0,145745543.0,362649710.0,0.07157534746132846,000554
2022-03-14,5.65,5.73,5.33,5.33,22843541.0,126367706.0,362649710.0,0.06299065012350348,000554
2022-03-15,5.26,5.26,4.82,4.86,29623935.0,149525585.0,362649710.0,0.08168746364087813,000554
2022-03-16,4.91,5.27,4.91,5.24,38992374.0,198698244.0,362649710.0,0.10752076432103035,000554
2022-03-17,5.3,5.69,5.22,5.37,40123590.0,215543095.0,362649710.0,0.11064007193056903,000554
2022-03-18,5.39,5.61,5.37,5.49,25490387.0,140301241.0,362649710.0,0.07028927997764013,000554
2022-03-21,5.43,5.53,5.32,5.42,19391429.0,104967321.0,362649710.0,0.05347151387491803,000554
2022-03-22,5.57,5.64,5.42,5.49,21634393.0,118869737.0,362649710.0,0.05965644643697633,000554
2022-03-23,5.54,5.67,5.46,5.53,27206445.0,150971401.0,362649710.0,0.07502127879820998,000554
2022-03-24,5.6,5.62,5.33,5.36,20597135.0,112322330.0,362649710.0,0.05679622630885325,000554
2022-03-25,5.38,5.45,5.34,5.37,14428920.0,77932834.0,362649710.0,0.03978748528435332,000554
2022-03-28,5.39,5.56,5.33,5.43,18720395.0,102258644.0,362649710.0,0.05162114978666328,000554
2022-03-29,5.35,5.4,5.23,5.27,14102768.0,74531451.0,362649710.0,0.03888812705792595,000554
2022-03-30,5.25,5.26,5.14,5.23,13027242.0,67720710.0,362649710.0,0.035922383613652964,000554
2022-03-31,5.23,5.27,5.15,5.21,10572961.0,55045462.0,362649710.0,0.029154748255554926,000554
2022-04-01,5.15,5.2,5.12,5.16,8297551.0,42813228.0,362649710.0,0.022880346436786065,000554
2022-04-06,5.2,5.4,5.17,5.37,20397203.0,108758032.0,362649710.0,0.05624491744388821,000554
2022-04-07,5.27,5.34,5.19,5.24,12600600.0,66064922.0,362649710.0,0.034745926034243896,000554
2022-04-08,5.19,5.24,5.05,5.1,11932822.0,61070739.0,362649710.0,0.03290454030695351,000554
2022-04-11,5.11,5.13,4.91,5.01,10553839.0,53166658.0,362649710.0,0.0291020196872624,000554
2022-04-12,4.99,5.16,4.95,5.15,9816354.0,49723218.0,362649710.0,0.027068418171353286,000554
2022-04-13,5.2,5.28,5.17,5.19,16786153.0,87715530.0,362649710.0,0.04628751254206159,000554
2022-04-14,5.18,5.23,5.15,5.17,10487355.0,54356225.0,362649710.0,0.028918691262706374,000554
2022-04-15,5.19,5.28,5.05,5.09,12960576.0,66878113.0,362649710.0,0.035738553327396845,000554
2022-04-18,5.08,5.09,4.92,5.04,7461701.0,37271447.0,362649710.0,0.02057550521686616,000554
2022-04-19,5.03,5.24,4.95,5.2,10926513.0,56169541.0,362649710.0,0.030129661485183593,000554
2022-04-20,5.14,5.21,5.06,5.08,9010600.0,46297618.0,362649710.0,0.02484656612575259,000554
2022-04-21,5.08,5.08,4.76,4.77,12922328.0,63214178.0,362649710.0,0.035633085160884315,000554
2022-04-22,4.78,4.92,4.65,4.83,8525115.0,41027736.0,362649710.0,0.02350785004074593,000554
2022-04-25,4.8,4.8,4.42,4.45,11237079.0,51307573.0,362649710.0,0.03098604159920602,000554
2022-04-26,4.49,4.54,4.2,4.23,8842435.0,38510222.0,362649710.0,0.024382854187309292,000554
2022-04-27,4.21,4.44,4.15,4.44,8800784.0,37648243.0,362649710.0,0.024268002309997712,000554
2022-04-28,4.36,4.42,4.25,4.33,6871901.0,29871771.0,362649710.0,0.018949142410730178,000554
2022-04-29,4.37,4.61,4.37,4.53,13121800.0,59311117.0,362649710.0,0.03618312558418977,000554
2022-05-05,4.6,4.78,4.54,4.69,10664784.0,49932963.0,362649710.0,0.029407948513180942,000554
2022-05-06,4.6,4.84,4.57,4.78,14027454.0,66451155.0,362649710.0,0.03868045006846965,000554
2022-05-09,4.78,4.9,4.7,4.87,8252801.0,40024495.0,362649710.0,0.022756949123163506,000554
2022-05-10,4.74,4.85,4.71,4.85,8014389.0,38453888.0,362649710.0,0.02209953235589241,000554
2022-05-11,4.8,4.9,4.78,4.82,8600171.0,41640649.0,362649710.0,0.023714815599880115,000554
2022-05-12,4.81,4.95,4.74,4.82,7181015.0,34770748.0,362649710.0,0.01980151866107931,000554
2022-05-13,4.85,4.95,4.82,4.9,7715716.0,37805140.0,362649710.0,0.021275946973733965,000554
2022-05-16,4.93,4.96,4.86,4.91,5111300.0,25100021.0,362649710.0,0.014094317075284577,000554
2022-05-17,5.0,5.1,4.91,4.94,11582329.0,57892322.0,362649710.0,0.031938062214361074,000554
2022-05-18,4.87,5.22,4.83,5.1,16517241.0,83544497.0,362649710.0,0.04554599257779635,000554
2022-05-19,5.04,5.42,5.02,5.26,22168317.0,116644915.0,362649710.0,0.06112873218621904,000554
2022-05-20,5.3,5.34,5.2,5.28,14101847.0,74239577.0,362649710.0,0.03888558741712492,000554
2022-05-23,5.27,5.34,5.22,5.3,9300500.0,49154487.0,362649710.0,0.025645960119477278,000554
2022-05-24,5.27,5.37,5.06,5.07,11283074.0,58443900.0,362649710.0,0.03111287197775506,000554
2022-05-25,5.07,5.26,5.07,5.22,8785523.0,45630963.0,362649710.0,0.024225920379200083,000554
2022-05-26,5.21,5.35,5.16,5.31,10845931.0,57038170.0,362649710.0,0.02990745808124319,000554
2022-05-27,5.4,5.84,5.35,5.84,44527513.0,253502319.0,362649710.0,0.12278380975404612,000554
2022-05-30,6.42,6.42,5.68,5.7,88879341.0,540175961.0,362649710.0,0.24508317130599663,000554
2022-05-31,5.72,6.07,5.7,5.89,65286341.0,382229494.0,362649710.0,0.1800259015786887,000554
2022-06-01,5.68,5.92,5.6,5.73,41453779.0,238451783.0,362649710.0,0.11430804397996072,000554
2022-06-02,5.89,5.9,5.57,5.64,28492612.0,161827331.0,362649710.0,0.0785678609807795,000554
2022-06-06,5.75,5.95,5.7,5.78,33309393.0,192913712.0,362649710.0,0.09185004725358804,000554
2022-06-07,5.74,5.83,5.61,5.75,25585898.0,146546932.0,362649710.0,0.07055264982839776,000554
2022-06-08,5.74,5.93,5.61,5.74,22822325.0,131556679.0,362649710.0,0.06293214738817797,000554
2022-06-09,5.76,6.31,5.76,6.31,33361414.0,206947040.0,362649710.0,0.09199349421787763,000554
2022-06-10,6.43,6.94,6.06,6.38,117300129.0,765852895.0,362649710.0,0.32345297890904146,000554
2022-06-13,6.05,6.21,5.87,5.96,79789926.0,479868240.0,362649710.0,0.22001927424676557,000554
2022-06-14,5.89,6.56,5.79,6.56,91665559.0,570908413.0,362649710.0,0.2527661169231322,000554
2022-06-15,6.5,6.61,6.21,6.24,79780485.0,512063437.0,362649710.0,0.21999324086044353,000554
2022-06-16,6.18,6.35,5.89,6.02,55407577.0,335380491.0,362649710.0,0.1527853889639123,000554
2022-06-17,6.02,6.02,5.82,5.93,37238804.0,220569013.0,362649710.0,0.10268532684060329,000554
2022-06-20,5.68,5.7,5.41,5.44,46744840.0,256009072.0,362649710.0,0.12889804875343758,000554
2022-06-21,5.47,5.51,5.32,5.43,23354643.0,126841462.0,362649710.0,0.06440000462153961,000554
2022-06-22,5.42,5.44,5.29,5.32,17734324.0,94800441.0,362649710.0,0.04890207688295132,000554
2022-06-23,5.29,5.37,5.24,5.36,13858878.0,73700436.0,362649710.0,0.038215604804978334,000554
2022-06-24,5.32,5.37,5.25,5.36,12244022.0,65251926.0,362649710.0,0.03376266866448066,000554
2022-06-27,5.36,5.43,5.33,5.4,16968966.0,91461380.0,362649710.0,0.04679161607491703,000554
2022-06-28,5.45,5.53,5.43,5.47,18518464.0,101322000.0,362649710.0,0.05106432871544279,000554
2022-06-29,5.46,5.49,5.28,5.28,16490832.0,88622106.0,362649710.0,0.0454731702391269,000554
2022-06-30,5.29,5.32,5.26,5.27,10960272.0,58031200.0,362647685.0,0.030222920077374822,000554
2022-07-01,5.26,5.3,5.11,5.22,11592186.0,60463530.0,362647685.0,0.03196542120488099,000554
2022-07-04,5.28,5.34,5.24,5.3,12903181.0,68269050.0,362647685.0,0.0355804863334506,000554
2022-07-05,5.33,5.36,5.21,5.28,10277700.0,54279648.0,362647685.0,0.02834072965335488,000554
2022-07-06,5.11,5.14,5.04,5.11,13366767.0,68096846.0,362647685.0,0.03685882346112316,000554
2022-07-07,5.09,5.14,5.08,5.11,9553603.0,48844953.0,362647685.0,0.02634403415535384,000554
2022-07-08,5.23,5.25,5.11,5.15,8417064.0,43482506.0,362647685.0,0.02321003096986542,000554
2022-07-11,5.15,5.19,5.08,5.11,8086764.0,41481046.0,362647685.0,0.022299229622822492,000554
2022-07-12,5.1,5.15,5.06,5.08,8291221.0,42353229.0,362647685.0,0.02286301924138851,000554
2022-07-13,5.05,5.22,5.03,5.21,10118937.0,52119809.0,362647685.0,0.027902941114872966,000554
2022-07-14,5.2,5.2,5.05,5.1,10273537.0,52563486.0,362647685.0,0.028329250192235474,000554
2022-07-15,5.09,5.09,4.97,4.97,10655301.0,53470933.0,362647685.0,0.029381963378588782,000554
2022-07-18,4.98,5.16,4.98,5.16,12104647.0,61868767.0,362647685.0,0.03337853101144159,000554
2022-07-19,5.2,5.25,5.15,5.21,11823792.0,61536464.0,362647685.0,0.03260407411672847,000554
2022-07-20,5.4,5.4,5.24,5.34,18435526.0,97934073.0,362647685.0,0.05083591254691175,000554
2022-07-21,5.31,5.35,5.21,5.23,10141150.0,53305898.0,362647685.0,0.027964193401648213,000554
2022-07-22,5.23,5.32,5.18,5.24,9774100.0,51314984.0,362647685.0,0.026952054030070536,000554
2022-07-25,5.2,5.27,5.18,5.24,7437797.0,38936419.0,362647685.0,0.02050970489443494,000554
2022-07-26,5.31,5.34,5.21,5.3,7851400.0,41370298.0,362647685.0,0.021650214036248432,000554
2022-07-27,5.29,5.42,5.25,5.39,13494063.0,72340848.0,362647685.0,0.03720984183312793,000554
2022-07-28,5.42,5.57,5.38,5.56,21755825.0,119321072.0,362647685.0,0.059991627962549934,000554
2022-07-29,5.56,5.61,5.43,5.47,15467310.0,85240859.0,362647685.0,0.042651065041267255,000554
2022-08-01,5.45,5.65,5.36,5.55,18234164.0,100253585.0,362647685.0,0.050280657382384776,000554
2022-08-02,5.46,5.56,5.3,5.34,15463259.0,83196459.0,362647685.0,0.04263989441984167,000554
2022-08-03,5.36,5.51,5.3,5.38,15497165.0,84040954.0,362647685.0,0.0427333901221512,000554
2022-08-04,5.38,5.43,5.29,5.38,8160320.0,43752586.0,362647685.0,0.022502060091738902,000554
2022-08-05,5.38,5.41,5.23,5.32,11871463.0,63012271.0,362647685.0,0.03273552676890795,000554
2022-08-08,5.32,5.37,5.27,5.37,7529985.0,40191922.0,362647685.0,0.02076391305241615,000554
2022-08-09,5.38,5.54,5.34,5.5,13670110.0,74622828.0,362647685.0,0.037695290954359736,000554
2022-08-10,5.45,5.57,5.45,5.54,12679807.0,69965129.0,362647685.0,0.034964533139098905,000554
2022-08-11,5.55,5.64,5.5,5.6,12165633.0,68036217.0,362647685.0,0.033546699739721214,000554
2022-08-12,5.62,5.8,5.61,5.73,19877330.0,113898653.0,362647685.0,0.05481168313538248,000554
2022-08-15,5.67,5.79,5.62,5.74,14262431.0,81397677.0,362647685.0,0.0393286144926032,000554
2022-08-16,5.71,5.78,5.66,5.74,11011102.0,62840441.0,362647685.0,0.030363083663418396,000554
2022-08-17,5.75,5.82,5.7,5.71,11069676.0,63560235.0,362647685.0,0.03052460130829182,000554
2022-08-18,5.71,5.73,5.6,5.67,10655901.0,60207362.0,362647685.0,0.029383617876948532,000554
2022-08-19,5.69,5.85,5.64,5.74,22112885.0,127269986.0,362647685.0,0.06097621993643776,000554
2022-08-22,5.62,5.79,5.6,5.79,16585411.0,94825503.0,362647685.0,0.045734225492160524,000554
2022-08-23,5.8,5.95,5.77,5.93,21773317.0,127787620.0,362647685.0,0.06003986210473121,000554
2022-08-24,5.85,5.95,5.72,5.77,19904678.0,115676132.0,362647685.0,0.05488709517061994,000554
2022-08-25,5.85,6.1,5.73,6.0,43859000.0,261511441.0,362647685.0,0.12094107260053238,000554
2022-08-26,5.91,5.95,5.75,5.86,29279196.0,170857050.0,362647685.0,0.0807373029280471,000554
2022-08-29,5.9,6.39,5.86,6.18,53581716.0,329123508.0,362647685.0,0.14775143539107385,000554
2022-08-30,6.2,6.25,5.95,6.01,32374533.0,196252554.0,362647685.0,0.08927268624367476,000554
2022-08-31,5.91,5.92,5.51,5.53,40870220.0,231695048.0,362647685.0,0.11269951992110469,000554
2022-09-01,5.59,5.79,5.57,5.68,29579597.0,168763131.0,362647685.0,0.08156565786432636,000554
2022-09-02,5.71,5.81,5.63,5.78,17461129.0,100257497.0,362647685.0,0.04814901548316791,000554
2022-09-05,5.83,6.15,5.83,6.03,22891505.0,137591260.0,362647685.0,0.06312326245788664,000554
2022-09-06,6.05,6.1,5.92,6.01,16754310.0,100204280.0,362647685.0,0.046199964022933165,000554
2022-09-07,5.97,6.04,5.92,5.95,15959910.0,95194349.0,362647685.0,0.04400940819462283,000554
2022-09-08,5.84,5.92,5.78,5.83,13576500.0,79356764.0,362647685.0,0.03743716163526592,000554
2022-09-09,5.87,5.99,5.71,5.88,19829283.0,116175547.0,362647685.0,0.05467919366423089,000554
2022-09-13,6.0,6.05,5.78,5.81,20692000.0,122383827.0,362647685.0,0.05705813343327974,000554
2022-09-14,5.78,6.03,5.74,5.87,23449967.0,138514126.0,362647685.0,0.06466321989619209,000554
2022-09-15,5.9,6.06,5.57,5.67,24317694.0,139984836.0,362647685.0,0.06705597472654486,000554
2022-09-16,5.67,5.71,5.36,5.36,16943760.0,93175790.0,362647685.0,0.046722371880024545,000554
2022-09-19,5.36,5.43,5.23,5.3,10306200.0,54848036.0,362647685.0,0.028419318325443053,000554
2022-09-20,5.33,5.6,5.3,5.58,19445484.0,107490280.0,362647685.0,0.05362086897094076,000554
2022-09-21,5.59,5.75,5.48,5.71,17553773.0,98707976.0,362647685.0,0.048404481059902534,000554
2022-09-22,5.65,5.87,5.65,5.82,19285078.0,111856175.0,362647685.0,0.0531785498644504,000554
2022-09-23,5.9,5.92,5.69,5.7,15519940.0,89665001.0,362647685.0,0.04279619212239008,000554
2022-09-26,5.6,5.61,5.33,5.34,15172346.0,82538583.0,362647685.0,0.041837702617624595,000554
2022-09-27,5.38,5.47,5.23,5.44,12892100.0,68869640.0,362647685.0,0.03554993050624327,000554
2022-09-28,5.44,5.96,5.37,5.42,30389205.0,168840193.0,362647685.0,0.08379814971106185,000554
2022-09-29,5.59,5.8,5.33,5.38,27844966.0,153663646.0,362647685.0,0.07678241762387095,000554
2022-09-30,5.24,5.28,5.05,5.15,21328531.0,110392023.0,362647685.0,0.05881336592566419,000554
2022-10-10,5.33,5.65,5.29,5.35,31421213.0,170882660.0,362647685.0,0.08664390894981172,000554
2022-10-11,5.3,5.36,5.13,5.28,15557067.0,81511858.0,362647685.0,0.04289856972339421,000554
2022-10-12,5.22,5.25,5.0,5.23,18745000.0,95802066.0,362647685.0,0.05168928625588772,000554
2022-10-13,5.18,5.28,5.07,5.2,20149801.0,103855503.0,362647685.0,0.05556302117301535,000554
2022-10-14,5.21,5.36,5.18,5.29,20534804.0,108802136.0,362647685.0,0.05662466589301404,000554
2022-10-17,5.26,5.37,5.11,5.35,19108978.0,100384265.0,362647685.0,0.05269295459586348,000554
2022-10-18,5.35,5.48,5.29,5.44,18951068.0,102455247.0,362647685.0,0.052257518202549674,000554
2022-10-19,5.4,5.41,5.3,5.31,11579836.0,61922471.0,362647685.0,0.03193136611364278,000554
2022-10-20,5.3,5.44,5.28,5.3,12913835.0,69027641.0,362647685.0,0.03560986470932525,000554
2022-10-21,5.25,5.34,5.22,5.28,10431700.0,55076022.0,362647685.0,0.028765384232357638,000554
2022-10-24,5.25,5.32,5.1,5.12,13687400.0,71242636.0,362647685.0,0.03774296808209323,000554
2022-10-25,5.16,5.18,4.98,5.08,11752992.0,59408040.0,362647685.0,0.03240884331027785,000554
2022-10-26,5.08,5.16,5.06,5.12,8799304.0,44959650.0,362647685.0,0.024264056724917462,000554
2022-10-27,5.17,5.2,5.11,5.11,8700176.0,44831630.0,362647685.0,0.02399071153590847,000554
2022-10-28,5.12,5.12,4.91,4.94,12353784.0,61830959.0,362647685.0,0.03406552560786373,000554
2022-10-31,4.94,4.97,4.87,4.88,8615355.0,42334124.0,362647685.0,0.023756817860287733,000554
2022-11-01,4.91,5.01,4.87,5.01,7872540.0,38944566.0,362647685.0,0.021708507528456992,000554
2022-11-02,5.01,5.07,4.99,5.05,8176481.0,41195545.0,362647685.0,0.022546624005058795,000554
2022-11-03,5.01,5.23,5.0,5.15,13428652.0,68851428.0,362647685.0,0.03702947117944514,000554
2022-11-04,5.11,5.22,5.1,5.2,12267858.0,63511648.0,362647685.0,0.03382858489776379,000554
2022-11-07,5.2,5.34,5.19,5.31,17422432.0,92179799.0,362647685.0,0.048042308611455774,000554
2022-11-08,5.28,5.36,5.27,5.34,11160499.0,59454158.0,362647685.0,0.030775045482504596,000554
2022-11-09,5.31,5.41,5.31,5.41,9306121.0,50149803.0,362647685.0,0.02566160321690734,000554
2022-11-10,5.35,5.39,5.31,5.34,6521979.0,34832060.0,362647685.0,0.017984339263050857,000554
2022-11-11,5.4,5.48,5.33,5.36,7887100.0,42401897.0,362647685.0,0.02174865668865362,000554
2022-11-14,5.38,5.41,5.28,5.32,7766345.0,41522236.0,362647685.0,0.021415675106267396,000554
2022-11-15,5.32,5.37,5.28,5.37,7435800.0,39557966.0,362647685.0,0.020504198172394236,000554
2022-11-16,5.36,5.45,5.34,5.45,11051036.0,59745485.0,362647685.0,0.03047320155924889,000554
2022-11-17,5.42,5.43,5.35,5.39,7038162.0,37862696.0,362647685.0,0.01940771247443645,000554
2022-11-18,5.36,5.4,5.3,5.31,6495700.0,34676438.0,362647685.0,0.01791187499239103,000554
2022-11-21,5.3,5.31,5.24,5.28,5317900.0,28062258.0,362647685.0,0.014664094712199803,000554
2022-11-22,5.29,5.46,5.28,5.35,11245357.0,60349202.0,362647685.0,0.03100904118552418,000554
2022-11-23,5.35,5.8,5.32,5.62,39911017.0,222224849.0,362647685.0,0.11005452027082428,000554
2022-11-24,5.51,5.63,5.48,5.54,23533099.0,130610706.0,362647685.0,0.06489245615893012,000554
2022-11-25,5.6,5.64,5.47,5.57,14965600.0,83181562.0,362647685.0,0.04126760108781612,000554
2022-11-28,5.53,5.67,5.49,5.64,17904191.0,100305658.0,362647685.0,0.049370757736947914,000554
2022-11-29,5.59,5.69,5.55,5.66,15335072.0,86331232.0,362647685.0,0.042286419117772665,000554
2022-11-30,5.66,5.82,5.63,5.74,19243757.0,110298674.0,362647685.0,0.05306460731991161,000554
2022-12-01,5.74,5.82,5.69,5.75,14639280.0,84199710.0,362647685.0,0.04036777457989288,000554
2022-12-02,5.74,5.83,5.65,5.8,15619370.0,90005008.0,362647685.0,0.04307037007557349,000554
2022-12-05,5.78,6.03,5.76,5.99,19324995.0,114663914.0,362647685.0,0.05328862088282736,000554
2022-12-06,5.92,5.95,5.84,5.86,14110682.0,82993721.0,362647685.0,0.03891016703994677,000554
2022-12-07,5.84,6.12,5.74,5.98,27420446.0,162356681.0,362647685.0,0.07561180488440178,000554
2022-12-08,5.88,6.09,5.82,5.85,17881628.0,105486272.0,362647685.0,0.049308540326129476,000554
2022-12-09,5.88,5.88,5.71,5.74,12085000.0,69678606.0,362647685.0,0.03332435446265154,000554
2022-12-12,5.75,5.77,5.55,5.6,17046474.0,95789281.0,362647685.0,0.047005605454230326,000554
2022-12-13,5.64,5.95,5.61,5.76,19228497.0,111048511.0,362647685.0,0.05302252791162861,000554
2022-12-14,5.75,5.99,5.66,5.87,21781801.0,126937034.0,362647685.0,0.06006325671153809,000554
2022-12-15,5.91,5.92,5.65,5.71,29381750.0,168647624.0,362647685.0,0.08102009530269026,000554
2022-12-16,5.7,5.89,5.64,5.65,22930030.0,131595999.0,362647685.0,0.06322949504006899,000554
2022-12-19,5.6,5.69,5.43,5.49,12076678.0,66510007.0,362647685.0,0.033301406570401794,000554
2022-12-20,5.52,5.64,5.4,5.52,10008377.0,55507182.0,362647685.0,0.02759807221711618,000554
2022-12-21,5.56,5.83,5.47,5.66,30372818.0,173468235.0,362647685.0,0.08375296260335979,000554
2022-12-22,5.7,5.85,5.5,5.53,23618400.0,133728021.0,362647685.0,0.06512767343323865,000554
2022-12-23,5.44,5.55,5.3,5.43,16581294.0,89927565.0,362647685.0,0.045722872875915366,000554
2022-12-26,5.46,5.65,5.45,5.63,18094834.0,100956016.0,362647685.0,0.049896455288277936,000554
2022-12-27,5.67,5.82,5.62,5.69,15615562.0,89200068.0,362647685.0,0.0430598695259836,000554
2022-12-28,5.7,5.7,5.47,5.58,11811725.0,65754397.0,362647685.0,0.03257079939721661,000554
2022-12-29,5.57,5.77,5.46,5.51,28852045.0,161581196.0,362647685.0,0.07955943521327043,000554
2022-12-30,5.54,5.55,5.34,5.53,18171819.0,99209614.0,362647685.0,0.050108741215320315,000554
2023-01-03,5.5,5.57,5.44,5.53,21988110.0,120886901.0,362647685.0,0.0606321532150412,000554
2023-01-04,5.5,5.52,5.43,5.46,13907801.0,76143837.0,362647685.0,0.038350723237072365,000554
2023-01-05,5.46,5.46,5.37,5.44,12375677.0,66859895.0,362647685.0,0.03412589549551378,000554
2023-01-06,5.43,5.65,5.41,5.62,29233256.0,162648857.0,362647685.0,0.08061062350363549,000554
2023-01-09,5.62,5.8,5.6,5.69,25635498.0,146221408.0,362647685.0,0.07068981565400038,000554
2023-01-10,5.72,5.84,5.7,5.75,22332559.0,128629320.0,362647685.0,0.06158197039090433,000554
2023-01-11,5.75,5.8,5.63,5.65,11717593.0,66978858.0,362647685.0,0.03231123066454981,000554
2023-01-12,5.7,5.86,5.68,5.74,19919831.0,114988384.0,362647685.0,0.05492887952669545,000554
2023-01-13,5.74,5.88,5.67,5.76,18499212.0,106873715.0,362647685.0,0.051011526517810254,000554
2023-01-16,5.76,5.98,5.74,5.92,21509367.0,125876158.0,362647685.0,0.05931202070130408,000554
2023-01-17,5.91,5.94,5.8,5.82,11158800.0,65178003.0,362647685.0,0.030770360494649235,000554
2023-01-18,5.86,5.91,5.81,5.83,9117600.0,53344320.0,362647685.0,0.025141757074776307,000554
2023-01-19,5.8,5.85,5.76,5.81,10429900.0,60462155.0,362647685.0,0.028760420737278386,000554
2023-01-20,5.82,5.93,5.8,5.92,12330134.0,72438973.0,362647685.0,0.03400031079751688,000554
2023-01-30,5.96,6.0,5.88,5.9,11948399.0,70672777.0,362647685.0,0.03294767757858429,000554
2023-01-31,5.9,6.01,5.86,5.98,12119134.0,72216356.0,362647685.0,0.03341847887433778,000554
2023-02-01,5.98,6.04,5.95,6.03,12887873.0,77348261.0,362647685.0,0.03553827456529882,000554
2023-02-02,6.0,6.03,5.96,5.99,8510448.0,50977939.0,362647685.0,0.02346753709457707,000554
2023-02-03,5.98,5.98,5.84,5.88,11501901.0,67796998.0,362647685.0,0.031716460564197455,000554
2023-02-06,5.9,6.02,5.87,5.94,9377188.0,55888454.0,362647685.0,0.02585757027512805,000554
2023-02-07,6.01,6.01,5.85,5.9,7851169.0,46432283.0,362647685.0,0.021649577054379927,000554
2023-02-08,5.94,6.04,5.88,5.9,11541597.0,68739615.0,362647685.0,0.03182592217567858,000554
2023-02-09,5.9,5.96,5.81,5.95,9675800.0,56952763.0,362647685.0,0.026680992048797994,000554
2023-02-10,5.92,6.08,5.89,6.03,15748131.0,94428787.0,362647685.0,0.04342542818107332,000554
2023-02-13,6.04,6.05,5.94,6.02,14616000.0,87571516.0,362647685.0,0.04030358004353454,000554
2023-02-14,6.02,6.11,6.01,6.08,15582260.0,94667770.0,362647685.0,0.04296803935202289,000554
2023-02-15,6.09,6.12,5.97,6.01,15045002.0,90913576.0,362647685.0,0.041486551885751045,000554
2023-02-16,6.02,6.02,5.8,5.81,16866978.0,99850585.0,362647685.0,0.04651064572492721,000554
2023-02-17,5.81,5.92,5.81,5.83,10965192.0,64323636.0,362647685.0,0.03023648696392478,000554
2023-02-20,5.83,5.88,5.78,5.87,7902100.0,46075014.0,362647685.0,0.02179001914764739,000554
2023-02-21,5.88,6.03,5.85,6.0,14013700.0,83690551.0,362647685.0,0.038642739440071155,000554
2023-02-22,5.97,5.99,5.92,5.98,8244212.0,49094900.0,362647685.0,0.022733392052399288,000554
2023-02-23,6.0,6.07,5.95,6.01,11950200.0,71900429.0,362647685.0,0.03295264383116081,000554
2023-02-24,6.04,6.15,6.02,6.14,16347274.0,99818226.0,362647685.0,0.04507756336566715,000554
2023-02-27,6.14,6.15,6.04,6.06,10567345.0,64417541.0,362647685.0,0.02913942494903835,000554
2023-02-28,6.07,6.15,6.04,6.09,8324793.0,50607994.0,362647685.0,0.022955593939611114,000554
2023-03-01,6.09,6.1,6.04,6.09,6309700.0,38293103.0,362647685.0,0.01739898050086822,000554
2023-03-02,6.09,6.13,6.05,6.08,7854849.0,47787825.0,362647685.0,0.021659724644319735,000554
2023-03-03,6.09,6.19,6.06,6.14,11441200.0,70017999.0,362647685.0,0.03154907772263871,000554
2023-03-06,6.18,6.22,6.07,6.1,10903201.0,66793700.0,362647685.0,0.03006554695089257,000554
2023-03-07,6.14,6.35,6.1,6.17,29617827.0,184829273.0,362647685.0,0.08167107698481517,000554
2023-03-08,6.11,6.14,5.99,6.08,16779949.0,101588274.0,362647685.0,0.0462706634953426,000554
2023-03-09,6.14,6.14,5.99,6.02,9948389.0,60109175.0,362647685.0,0.027432655471108274,000554
2023-03-10,6.0,6.01,5.85,5.87,11727300.0,69345794.0,362647685.0,0.03233799769051331,000554
2023-03-13,5.92,6.04,5.91,5.99,11136343.0,66413813.0,362647685.0,0.03070843537854102,000554
2023-03-14,5.96,5.97,5.74,5.78,12131700.0,70762034.0,362647685.0,0.033453129584985496,000554
2023-03-15,5.78,5.88,5.76,5.86,9514700.0,55385025.0,362647685.0,0.02623675923920485,000554
2023-03-16,5.8,5.81,5.65,5.66,12216301.0,69677789.0,362647685.0,0.03368641661120765,000554
2023-03-17,5.68,5.8,5.65,5.75,10730455.0,61534444.0,362647685.0,0.02958920032813666,000554
2023-03-20,5.77,5.77,5.56,5.58,13481600.0,76003310.0,362647685.0,0.037175475144698635,000554
2023-03-21,5.62,5.64,5.51,5.64,9828000.0,54801333.0,362647685.0,0.0271006831327215,000554
2023-03-22,5.63,5.73,5.63,5.67,10185987.0,57836826.0,362647685.0,0.02808783130657514,000554
2023-03-23,5.67,5.69,5.62,5.65,6469261.0,36543278.0,362647685.0,0.017838969522168603,000554
2023-03-24,5.65,5.71,5.61,5.66,8110800.0,45841778.0,362647685.0,0.022365508827114116,000554
2023-03-27,5.68,5.68,5.51,5.6,7577800.0,42296371.0,362647685.0,0.020895762784201972,000554
2023-03-28,5.71,5.83,5.65,5.68,19942083.0,114078854.0,362647685.0,0.05499023935586408,000554
2023-03-29,5.69,5.72,5.5,5.53,13890102.0,77077217.0,362647685.0,0.038301918292956975,000554
2023-03-30,5.55,5.58,5.46,5.5,8892137.0,49041773.0,362647685.0,0.024520043468635407,000554
2023-03-31,5.53,5.57,5.5,5.54,6591400.0,36507059.0,362647685.0,0.018175767480771318,000554
2023-04-03,5.7,5.72,5.57,5.61,14193701.0,80051526.0,362647685.0,0.03913909170549372,000554
2023-04-04,5.64,5.77,5.59,5.65,15504401.0,87904575.0,362647685.0,0.0427533433723698,000554
2023-04-06,5.65,5.65,5.52,5.55,11355900.0,63028754.0,362647685.0,0.03131386320582744,000554
2023-04-07,5.55,5.62,5.51,5.6,9454227.0,52466500.0,362647685.0,0.02607000510702281,000554
2023-04-10,5.57,5.59,5.46,5.48,11146400.0,61413517.0,362647685.0,0.030736167528547714,000554
2023-04-11,5.49,5.49,5.35,5.42,10100800.0,54423234.0,362647685.0,0.02785292838695496,000554
2023-04-12,5.42,5.55,5.39,5.55,13883901.0,76539104.0,362647685.0,0.03828481905240895,000554
2023-04-13,5.56,5.73,5.55,5.59,15615001.0,88033738.0,362647685.0,0.04305832257001723,000554
2023-04-14,5.61,5.62,5.54,5.61,7462723.0,41667094.0,362647685.0,0.020578438271293527,000554
2023-04-17,5.61,5.79,5.6,5.76,17928761.0,102795902.0,362647685.0,0.04943850944477972,000554
2023-04-18,5.76,5.76,5.63,5.67,12079571.0,68523585.0,362647685.0,0.03330938400999306,000554
2023-04-19,5.65,5.66,5.59,5.62,7247371.0,40723933.0,362647685.0,0.019984605720011695,000554
2023-04-20,5.62,5.65,5.5,5.63,10518026.0,58549098.0,362647685.0,0.029003427941364082,000554
2023-04-21,5.62,5.62,5.4,5.42,10186390.0,55934775.0,362647685.0,0.02808894257797344,000554
2023-04-24,5.43,5.48,5.26,5.41,10257247.0,55102726.0,362647685.0,0.028284330561768236,000554
2023-04-25,5.43,5.43,5.27,5.37,8503853.0,45506320.0,362647685.0,0.02344935140010614,000554
2023-04-26,5.35,5.43,5.31,5.39,6220400.0,33452252.0,362647685.0,0.017152735994991945,000554
2023-04-27,5.38,5.44,5.32,5.42,7319502.0,39515836.0,362647685.0,0.020183506755323696,000554
2023-04-28,5.45,5.56,5.43,5.55,11635902.0,64342715.0,362647685.0,0.03208596795537244,000554
2023-05-04,5.5,5.68,5.47,5.66,13530536.0,76227469.0,362647685.0,0.037310416030919925,000554
2023-05-05,5.65,5.7,5.6,5.66,9518291.0,53780419.0,362647685.0,0.02624666141188796,000554
2023-05-08,5.65,5.75,5.65,5.73,8955820.0,51178573.0,362647685.0,0.024695649167042113,000554
2023-05-09,5.71,5.74,5.64,5.65,9177100.0,52164689.0,362647685.0,0.025305828162118283,000554
2023-05-10,5.66,5.66,5.58,5.62,5823800.0,32710602.0,362647685.0,0.016059112579196528,000554
2023-05-11,5.62,5.7,5.61,5.69,5214519.0,29533341.0,362647685.0,0.014379021887317439,000554
2023-05-12,5.68,5.7,5.59,5.61,7533902.0,42450980.0,362647685.0,0.020774714169208057,000554
2023-05-15,5.58,5.6,5.48,5.57,6748702.0,37316447.0,362647685.0,0.018609527315747238,000554
2023-05-16,5.57,5.64,5.53,5.57,5404800.0,30168004.0,362647685.0,0.014903721224637075,000554
2023-05-17,5.54,5.65,5.48,5.64,7184547.0,40126476.0,362647685.0,0.0198113687117567,000554
2023-05-18,5.64,5.73,5.61,5.68,8197193.0,46542180.0,362647685.0,0.022603737288437398,000554
2023-05-19,5.69,5.69,5.59,5.6,5413671.0,30422111.0,362647685.0,0.014928182982885993,000554
2023-05-22,5.59,5.6,5.51,5.52,4953918.0,27449383.0,362647685.0,0.013660415342234986,000554
2023-05-23,5.54,5.54,5.42,5.44,5011455.0,27428145.0,362647685.0,0.013819073462443307,000554
2023-05-24,5.44,5.47,5.39,5.42,5182205.0,28109706.0,362647685.0,0.014289916120655782,000554
2023-05-25,5.42,5.46,5.35,5.45,5166980.0,27926515.0,362647685.0,0.0142479332247771,000554
2023-05-26,5.45,5.49,5.38,5.46,5085684.0,27649079.0,362647685.0,0.014023759727019903,000554
2023-05-29,5.49,5.55,5.46,5.49,5676880.0,31261851.0,362647685.0,0.01565398108083883,000554
2023-05-30,5.46,5.5,5.39,5.46,5877796.0,31966322.0,362647685.0,0.016208006401585054,000554
2023-05-31,5.45,5.48,5.43,5.48,4329884.0,23637933.0,362647685.0,0.011939643293186884,000554
2023-06-01,5.47,5.53,5.43,5.5,5349301.0,29303023.0,362647685.0,0.014750682883857372,000554
2023-06-02,5.5,5.54,5.5,5.53,5773400.0,31904325.0,362647685.0,0.01592013471697744,000554
2023-06-05,5.52,5.66,5.52,5.64,10287817.0,57659704.0,362647685.0,0.02836862725319755,000554
2023-06-06,5.62,5.67,5.51,5.51,7202400.0,40187262.0,362647685.0,0.019860598310451092,000554
2023-06-07,5.51,5.54,5.45,5.49,4874200.0,26756135.0,362647685.0,0.013440593175163934,000554
2023-06-08,5.5,5.51,5.44,5.49,4209500.0,23047587.0,362647685.0,0.011607684742286442,000554
2023-06-09,5.48,5.54,5.45,5.51,5704601.0,31320982.0,362647685.0,0.015730421662556594,000554
2023-06-12,5.52,5.59,5.46,5.58,5978118.0,33095889.0,362647685.0,0.016484644042329955,000554
2023-06-13,5.55,5.58,5.48,5.51,5323561.0,29397068.0,362647685.0,0.014679704904224055,000554
2023-06-14,5.53,5.53,5.48,5.5,3594200.0,19779596.0,362647685.0,0.009910996674361785,000554
2023-06-15,5.5,5.5,5.43,5.47,5583299.0,30453011.0,362647685.0,0.015395931729165733,000554
2023-06-16,5.5,5.69,5.49,5.57,12452600.0,69532861.0,362647685.0,0.03433801045772566,000554
2023-06-19,5.57,5.65,5.52,5.58,8088094.0,45104087.0,362647685.0,0.02230289709418661,000554
2023-06-20,5.57,5.58,5.46,5.49,6477784.0,35696103.0,362647685.0,0.017862471671368865,000554
2023-06-21,5.48,5.56,5.44,5.49,6617796.0,36399203.0,362647685.0,0.018248554378611295,000554
2023-06-26,5.47,5.49,5.4,5.42,6975266.0,37978530.0,362647685.0,0.019234276926378285,000554
2023-06-27,5.46,5.58,5.42,5.57,10363548.0,57365806.0,362647685.0,0.028577455278668056,000554
2023-06-28,5.59,5.62,5.53,5.61,6926901.0,38687213.0,362647685.0,0.01910091057109602,000554
2023-06-29,5.63,5.65,5.59,5.64,6464711.0,36401122.0,362647685.0,0.01782642290960716,000554
2023-06-30,5.65,5.69,5.63,5.63,7134100.0,40320300.0,362647685.0,0.019672261247166103,000554
2023-07-03,5.65,5.74,5.65,5.7,7814646.0,44571775.0,362647685.0,0.02154886498172462,000554
2023-07-04,5.72,5.75,5.68,5.73,4898500.0,28056767.0,362647685.0,0.01350760035873385,000554
2023-07-05,5.73,5.79,5.71,5.74,6388636.0,36733914.0,362647685.0,0.01761664630507706,000554
2023-07-06,5.75,5.75,5.69,5.74,4849946.0,27751055.0,362647685.0,0.013373712836468266,000554
2023-07-07,5.74,5.77,5.69,5.73,4596400.0,26321214.0,362647685.0,0.012674560434599217,000554
2023-07-10,5.76,5.81,5.71,5.76,5658879.0,32603293.0,362647685.0,0.015604343372549035,000554
2023-07-11,5.78,5.79,5.73,5.79,4246819.0,24473044.0,362647685.0,0.011710591782765688,000554
2023-07-12,5.81,5.86,5.77,5.77,5493300.0,31919063.0,362647685.0,0.015147759732700349,000554
2023-07-13,5.78,5.91,5.76,5.89,9767328.0,57195379.0,362647685.0,0.026933380258583477,000554
2023-07-14,5.88,5.96,5.82,5.94,8821434.0,52178745.0,362647685.0,0.024325080139419614,000554
2023-07-17,5.92,5.93,5.85,5.92,6208611.0,36561482.0,362647685.0,0.017120227859720102,000554
2023-07-18,5.92,5.98,5.88,5.94,5316500.0,31544284.0,362647685.0,0.014660234216027052,000554
2023-07-19,5.95,5.97,5.88,5.92,4797200.0,28368810.0,362647685.0,0.013228265885662555,000554
2023-07-20,5.93,5.94,5.8,5.84,6872279.0,40346825.0,362647685.0,0.018950290555418824,000554
2023-07-21,5.84,5.88,5.79,5.82,4675335.0,27244689.0,362647685.0,0.012892223481310793,000554
2023-07-24,5.83,5.86,5.76,5.81,7176213.0,41690157.0,362647685.0,0.01978838772953976,000554
2023-07-25,5.86,5.93,5.86,5.9,6007557.0,35388587.0,362647685.0,0.01656582200435114,000554
2023-07-26,5.89,5.94,5.83,5.84,4677100.0,27399886.0,362647685.0,0.012897090463985728,000554
2023-07-27,5.82,5.87,5.75,5.79,4372201.0,25427360.0,362647685.0,0.012056332305002858,000554
2023-07-28,5.78,5.87,5.75,5.87,5285600.0,30772983.0,362647685.0,0.014575027550499874,000554
2023-07-31,5.87,5.91,5.81,5.88,8309875.0,48654017.0,362647685.0,0.02291445759539317,000554
2023-08-01,5.9,6.05,5.89,5.96,12512839.0,74556529.0,362647685.0,0.034504119335547395,000554
2023-08-02,5.95,5.97,5.89,5.91,7773300.0,45991037.0,362647685.0,0.021434853499754176,000554
2023-08-03,5.92,5.93,5.82,5.84,5821862.0,34037935.0,362647685.0,0.016053768549494533,000554
2023-08-04,5.85,5.91,5.82,5.83,5630800.0,32955926.0,362647685.0,0.015526915606809953,000554
2023-08-07,5.83,5.86,5.79,5.81,4654700.0,27088339.0,362647685.0,0.01283532252522169,000554
2023-08-08,5.8,5.85,5.75,5.84,5111200.0,29659224.0,362647685.0,0.014094120027265582,000554
2023-08-09,5.84,5.84,5.73,5.75,4978101.0,28704463.0,362647685.0,0.013727099898624749,000554
2023-08-10,5.79,5.92,5.77,5.92,11781300.0,69223223.0,362647685.0,0.032486902542890904,000554
2023-08-11,5.91,5.92,5.78,5.78,9074400.0,52981576.0,362647685.0,0.025022633192874236,000554
2023-08-14,5.77,5.78,5.67,5.77,6822263.0,39069974.0,362647685.0,0.018812371572149978,000554
2023-08-15,5.78,5.81,5.72,5.8,7262900.0,41942365.0,362647685.0,0.02002742689505932,000554
2023-08-16,5.77,5.78,5.66,5.67,6004603.0,34348534.0,362647685.0,0.01655767635742663,000554
2023-08-17,5.66,6.2,5.6,5.91,28324595.0,166723297.0,362647685.0,0.07810499328018597,000554
2023-08-18,6.0,6.02,5.8,5.85,30929826.0,182015263.0,362647685.0,0.0852889106406401,000554
2023-08-21,5.83,5.9,5.71,5.72,15495119.0,89275068.0,362647685.0,0.04272774828274445,000554
2023-08-22,5.72,5.75,5.56,5.67,11608600.0,65500904.0,362647685.0,0.03201068276500924,000554
2023-08-23,5.65,5.75,5.6,5.68,9163141.0,52088791.0,362647685.0,0.025267336257778675,000554
2023-08-24,5.68,5.72,5.58,5.67,9734804.0,54884118.0,362647685.0,0.02684369541749591,000554
2023-08-25,5.65,5.77,5.59,5.59,9442100.0,53505142.0,362647685.0,0.026036564937674977,000554
2023-08-28,5.83,6.05,5.73,5.88,26608581.0,156268947.0,362647685.0,0.07337308936633637,000554
2023-08-29,5.85,5.95,5.83,5.86,15812433.0,92775744.0,362647685.0,0.043602740770287834,000554
2023-08-30,5.86,5.92,5.82,5.85,8455492.0,49539003.0,362647685.0,0.023315996074812943,000554
2023-08-31,5.85,5.88,5.77,5.8,8105566.0,47040677.0,362647685.0,0.022351076086422558,000554
2023-09-01,5.8,5.84,5.76,5.83,5870386.0,34121094.0,362647685.0,0.016187573346842128,000554
2023-09-04,5.84,6.0,5.83,5.99,15465202.0,91995101.0,362647685.0,0.042645252237029994,000554
2023-09-05,5.94,6.01,5.9,5.95,9530185.0,56641488.0,362647685.0,0.026279459084372757,000554
2023-09-06,6.0,6.11,5.91,5.98,12009700.0,71769047.0,362647685.0,0.033116714918502786,000554
2023-09-07,5.96,6.04,5.92,5.94,12258100.0,73194141.0,362647685.0,0.033801677239439706,000554
2023-09-08,5.89,5.94,5.86,5.9,8909397.0,52542839.0,362647685.0,0.02456763787145091,000554
2023-09-11,5.92,5.98,5.89,5.94,8651300.0,51395681.0,362647685.0,0.02385593609952315,000554
2023-09-12,5.94,5.96,5.9,5.92,5786620.0,34290931.0,362647685.0,0.015956588830837292,000554
2023-09-13,5.96,6.05,5.92,5.98,13085890.0,78358270.0,362647685.0,0.03608430590147018,000554
2023-09-14,5.98,6.09,5.97,6.04,16217307.0,97760782.0,362647685.0,0.044719179718464216,000554
2023-09-15,6.07,6.21,6.05,6.08,22414264.0,137094044.0,362647685.0,0.06180727170504342,000554
2023-09-18,6.06,6.08,5.92,5.95,11987774.0,71576829.0,362647685.0,0.03305625403344296,000554
2023-09-19,5.95,6.05,5.93,5.94,10018381.0,59953195.0,362647685.0,0.02762565821976776,000554
2023-09-20,5.92,6.0,5.89,5.91,9394650.0,55744402.0,362647685.0,0.025905721692391335,000554
2023-09-21,5.9,5.94,5.81,5.83,8510900.0,49848122.0,362647685.0,0.023468783483341416,000554
2023-09-22,5.82,5.91,5.82,5.87,7897677.0,46243441.0,362647685.0,0.021777822737238762,000554
2023-09-25,5.86,5.94,5.8,5.82,9023868.0,52876068.0,362647685.0,0.024883291341016005,000554
2023-09-26,5.83,5.92,5.77,5.86,9211500.0,53787625.0,362647685.0,0.02540068606807734,000554
2023-09-27,5.86,6.14,5.82,5.98,22859069.0,136853294.0,362647685.0,0.0630338202765585,000554
2023-09-28,6.1,6.16,6.02,6.13,26148667.0,159252608.0,362647685.0,0.0721048777686255,000554
2023-10-09,6.12,6.13,5.95,6.04,17227023.0,103860705.0,362647685.0,0.047503468828154795,000554
2023-10-10,6.04,6.2,6.01,6.07,17998595.0,109846802.0,362647685.0,0.049631076508871136,000554
2023-10-11,6.06,6.1,5.73,5.79,25503212.0,148984079.0,362647685.0,0.07032503737063701,000554
2023-10-12,5.75,5.77,5.62,5.65,19937927.0,112880775.0,362647685.0,0.05497877919722554,000554
2023-10-13,5.65,5.65,5.56,5.61,12720200.0,71143763.0,362647685.0,0.035075916726174605,000554
2023-10-16,5.71,6.17,5.7,6.17,57664312.0,350694460.0,362647685.0,0.15900918270028389,000554
2023-10-17,6.19,6.28,6.11,6.15,75563122.0,468190013.0,362647685.0,0.2083651023444421,000554
2023-10-18,6.26,6.39,6.11,6.15,40096430.0,248028115.0,362647685.0,0.11056579611145181,000554
2023-10-19,6.2,6.21,5.88,5.92,30494700.0,181939531.0,362647685.0,0.08408905188516508,000554
2023-10-20,5.99,6.14,5.84,6.01,33039009.0,197658868.0,362647685.0,0.09110497699716462,000554
2023-10-23,5.8,5.92,5.68,5.73,24557096.0,142158965.0,362647685.0,0.06771612508708004,000554
2023-10-24,5.74,6.26,5.74,6.02,28684211.0,171388370.0,362647685.0,0.07909663341708634,000554
2023-10-25,5.95,6.07,5.89,6.02,19983088.0,120053196.0,362647685.0,0.05510331053126673,000554
2023-10-26,6.01,6.06,5.86,5.95,15073347.0,89560122.0,362647685.0,0.041564713145762947,000554
2023-10-27,5.94,5.97,5.85,5.94,17551701.0,103691173.0,362647685.0,0.04839876752556686,000554
2023-10-30,5.9,6.03,5.87,5.97,18153165.0,108537126.0,362647685.0,0.05005730286131566,000554
2023-10-31,5.95,5.96,5.79,5.83,16676218.0,97443809.0,362647685.0,0.04598462554641704,000554
2023-11-01,5.84,5.87,5.8,5.84,9091080.0,53105573.0,362647685.0,0.025068628247275314,000554
2023-11-02,5.85,5.91,5.84,5.85,10729412.0,62957795.0,362647685.0,0.02958632425848796,000554
2023-11-03,5.87,5.91,5.83,5.85,10870612.0,63718069.0,362647685.0,0.029975682872482697,000554
2023-11-06,5.84,5.88,5.77,5.87,16055400.0,93409802.0,362647685.0,0.044272721608577204,000554
2023-11-07,5.84,5.96,5.8,5.95,20279801.0,119512189.0,362647685.0,0.055921495817628064,000554
2023-11-08,5.98,5.98,5.86,5.9,12173918.0,71929767.0,362647685.0,0.03356954560457211,000554
2023-11-09,5.89,5.91,5.85,5.85,9417149.0,55300314.0,362647685.0,0.02596776262338473,000554
2023-11-10,5.84,5.94,5.82,5.93,14184534.0,83560671.0,362647685.0,0.03911381372805399,000554
2023-11-13,5.94,6.05,5.93,6.04,20023401.0,120241521.0,362647685.0,0.05521447351856113,000554
2023-11-14,6.04,6.04,5.95,5.98,12102200.0,72347453.0,362647685.0,0.033371783415631066,000554
2023-11-15,6.02,6.03,5.94,6.0,10825190.0,64831007.0,362647685.0,0.029850431831655012,000554
2023-11-16,5.99,6.02,5.96,5.97,9734196.0,58313557.0,362647685.0,0.026842018859158028,000554
2023-11-17,5.94,5.97,5.88,5.91,9386400.0,55506887.0,362647685.0,0.02588297233994476,000554
2023-11-20,5.93,6.01,5.89,6.0,13936302.0,82944299.0,362647685.0,0.038429314666657804,000554
2023-11-21,5.99,6.05,5.96,5.97,12633518.0,75834204.0,362647685.0,0.03483689134814138,000554
2023-11-22,5.97,6.08,5.96,6.0,13920970.0,83809082.0,362647685.0,0.03838703671857163,000554
2023-11-23,6.01,6.04,5.98,6.04,10085010.0,60640338.0,362647685.0,0.027809387505120846,000554
2023-11-24,6.06,6.08,6.0,6.02,9689900.0,58544475.0,362647685.0,0.026719872760252145,000554
2023-11-27,6.02,6.07,5.98,5.98,9309201.0,55998445.0,362647685.0,0.025670096308487395,000554
2023-11-28,5.98,6.03,5.93,6.03,9115158.0,54565375.0,362647685.0,0.02513502326645212,000554
2023-11-29,6.03,6.05,5.94,5.95,7666366.0,45901468.0,362647685.0,0.02113998328708482,000554
2023-11-30,5.95,5.98,5.89,5.93,8969100.0,53095225.0,362647685.0,0.024732268730737934,000554
2023-12-01,5.94,5.95,5.87,5.9,8864750.0,52362117.0,362647685.0,0.02444452389100457,000554
2023-12-04,5.88,5.96,5.86,5.94,9628063.0,57080914.0,362647685.0,0.02654935740179894,000554
2023-12-05,5.93,5.94,5.83,5.83,8766719.0,51573271.0,362647685.0,0.024174203676496652,000554
2023-12-06,5.83,5.91,5.78,5.9,7012649.0,41142910.0,362647685.0,0.01933736044668257,000554
2023-12-07,5.88,5.9,5.79,5.84,6857800.0,40004392.0,362647685.0,0.018910364752500766,000554
2023-12-08,5.83,5.85,5.68,5.69,13575650.0,78185739.0,362647685.0,0.037434817762589605,000554
2023-12-11,5.68,5.77,5.6,5.74,11110911.0,63547817.0,362647685.0,0.030638306708065707,000554
2023-12-12,5.74,5.88,5.73,5.8,8055383.0,46602367.0,362647685.0,0.02221269660111025,000554
2023-12-13,5.8,5.92,5.79,5.85,10708316.0,62694246.0,362647685.0,0.029528152096159114,000554
2023-12-14,5.88,6.0,5.85,5.93,13235697.0,78543600.0,362647685.0,0.036497398294435546,000554
2023-12-15,5.93,5.96,5.87,5.9,9828100.0,58056577.0,362647685.0,0.027100958882448126,000554
2023-12-18,5.89,5.91,5.82,5.84,9560300.0,55971510.0,362647685.0,0.026362501114545925,000554
2023-12-19,5.83,5.9,5.74,5.77,8845800.0,51194669.0,362647685.0,0.024392269317809103,000554
2023-12-20,5.8,5.9,5.78,5.82,11031800.0,64574796.0,362647685.0,0.03042015834183527,000554
2023-12-21,5.85,5.85,5.69,5.83,8951419.0,51673783.0,362647685.0,0.02468351342157334,000554
2023-12-22,5.82,5.85,5.75,5.77,7733914.0,44907372.0,362647685.0,0.021326246712425587,000554
2023-12-25,5.75,5.76,5.63,5.7,9100000.0,51615652.0,362647685.0,0.025093225122890278,000554
2023-12-26,5.69,5.73,5.62,5.62,6650800.0,37659626.0,362647685.0,0.018339562818386668,000554
2023-12-27,5.65,5.75,5.6,5.7,8453213.0,48004602.0,362647685.0,0.023309711738543154,000554
2023-12-28,5.73,5.78,5.66,5.76,9335700.0,53528713.0,362647685.0,0.025743167228545798,000554
2023-12-29,5.76,5.79,5.73,5.77,6916800.0,39862280.0,362647685.0,0.019073057091209614,000554
2024-01-02,5.79,5.91,5.77,5.88,10698801.0,62718235.0,362653197.0,0.029501466107301408,000554
2024-01-03,5.86,5.91,5.83,5.91,8129995.0,47819330.0,362653197.0,0.02241809824718021,000554
2024-01-04,5.9,5.97,5.89,5.94,10851988.0,64371056.0,362653197.0,0.02992387242073589,000554
2024-01-05,5.94,5.98,5.86,5.9,9630602.0,57065949.0,362653197.0,0.026555955054768206,000554
2024-01-08,5.89,5.89,5.78,5.79,7157000.0,41714788.0,362653197.0,0.019735107974244607,000554
2024-01-09,5.77,5.92,5.75,5.89,13010300.0,76214585.0,362653197.0,0.035875321402447195,000554
2024-01-10,5.9,5.91,5.8,5.8,7657600.0,44705374.0,362653197.0,0.02111549012485336,000554
2024-01-11,5.8,5.82,5.76,5.78,8849184.0,51198651.0,362653197.0,0.024401229806337542,000554
2024-01-12,5.81,5.87,5.79,5.84,9384184.0,54781267.0,362653197.0,0.02587646842115113,000554
2024-01-15,5.84,5.9,5.76,5.87,9560401.0,55918176.0,362653197.0,0.026362378931406468,000554
2024-01-16,5.89,6.3,5.69,6.3,40685486.0,243536288.0,362653197.0,0.11218841123300508,000554
2024-01-17,6.37,6.93,6.14,6.93,66784723.0,450440709.0,362653197.0,0.18415589205463423,000554
2024-01-18,6.94,7.23,6.29,6.89,108418504.0,709697885.0,362653197.0,0.29895918441331154,000554
2024-01-19,6.62,6.65,6.2,6.22,94317560.0,599250378.0,362653197.0,0.2600764608728928,000554
2024-01-22,6.18,6.23,5.71,5.72,55065870.0,327393963.0,362653197.0,0.15184167809776677,000554
2024-01-23,6.29,6.29,6.29,6.29,27303584.0,171739543.0,362653197.0,0.07528841390580654,000554
2024-01-24,6.1,6.29,5.74,6.0,103854977.0,619684261.0,362653197.0,0.2863754624504248,000554
2024-01-25,5.8,6.59,5.75,6.29,92057623.0,557569380.0,362653197.0,0.25384478549075085,000554
2024-01-26,6.25,6.58,6.23,6.41,80354174.0,511624216.0,362653197.0,0.2215730473761686,000554
2024-01-29,6.38,6.55,6.11,6.13,63191619.0,400936611.0,362653197.0,0.17424806818951055,000554
2024-01-30,6.1,6.2,5.96,5.97,39822756.0,241236778.0,362653197.0,0.10980947177476558,000554
2024-01-31,5.97,6.4,5.82,6.08,59603973.0,367241234.0,362653197.0,0.16435529451571332,000554
2024-02-01,5.71,5.71,5.47,5.47,55178455.0,305303755.0,362653197.0,0.15215212620888602,000554
2024-02-02,5.26,5.55,4.99,5.18,47805755.0,252503102.0,362653197.0,0.13182223511461283,000554
2024-02-05,5.05,5.07,4.66,4.66,35459745.0,167152910.0,362653197.0,0.09777866372980024,000554
2024-02-06,4.4,4.68,4.19,4.44,47656407.0,206242302.0,362653197.0,0.13141041467228537,000554
2024-02-07,4.4,4.6,4.23,4.38,37155806.0,164189143.0,362653197.0,0.1024554762163037,000554
2024-02-08,4.39,4.73,4.35,4.7,36143442.0,164690490.0,362653197.0,0.0996639276835053,000554
2024-02-19,4.71,4.9,4.7,4.87,30932362.0,148702600.0,362653197.0,0.08529460723325706,000554
2024-02-20,4.8,4.85,4.72,4.81,22756900.0,108865930.0,362653197.0,0.06275113576346054,000554
2024-02-21,4.77,5.03,4.75,4.9,30880087.0,151713694.0,362653197.0,0.08515046125458532,000554
2024-02-22,4.9,5.09,4.86,5.07,32410331.0,161191176.0,362653197.0,0.08937004076652329,000554
2024-02-23,5.03,5.09,4.97,5.09,26490343.0,133352033.0,362653197.0,0.07304593815562034,000554
2024-02-26,5.08,5.18,5.04,5.12,27724734.0,141629204.0,362653197.0,0.0764497162284771,000554
2024-02-27,5.09,5.23,5.02,5.23,25385201.0,130961925.0,362653197.0,0.06999855842991506,000554
2024-02-28,5.23,5.37,5.0,5.01,36898780.0,192138727.0,362653197.0,0.10174673849628299,000554
2024-02-29,4.96,5.51,4.93,5.51,30829096.0,161802830.0,362653197.0,0.08500985584858914,000554
2024-03-01,5.9,5.9,5.32,5.46,69082388.0,385810611.0,362653197.0,0.19049160071240182,000554
2024-03-04,5.5,5.54,5.24,5.38,38848824.0,208207889.0,362653197.0,0.10712389776616253,000554
2024-03-05,5.32,5.36,5.17,5.2,27121192.0,141810921.0,362653197.0,0.07478547610873537,000554
2024-03-06,5.13,5.3,5.12,5.25,20145100.0,105644164.0,362653197.0,0.055549213867815424,000554
2024-03-07,5.26,5.32,5.19,5.26,23693159.0,124617852.0,362653197.0,0.06533282815648252,000554
2024-03-08,5.23,5.26,5.16,5.21,14406870.0,74924525.0,362653197.0,0.03972630082728872,000554
2024-03-11,5.21,5.29,5.14,5.27,19164669.0,99975949.0,362653197.0,0.05284571915686159,000554
2024-03-12,5.27,5.31,5.2,5.27,15075200.0,79224054.0,362653197.0,0.0415691909645567,000554
2024-03-13,5.28,5.29,5.23,5.27,13193000.0,69438341.0,362653197.0,0.03637910849576765,000554
2024-03-14,5.27,5.33,5.21,5.29,16687908.0,88114239.0,362653197.0,0.0460161612748722,000554
2024-03-15,5.3,5.34,5.25,5.33,15258806.0,80893456.0,362653197.0,0.04207547631242859,000554
2024-03-18,5.32,5.41,5.3,5.41,20826671.0,111518589.0,362653197.0,0.0574286154714362,000554
2024-03-19,5.43,5.47,5.33,5.36,21253700.0,114989265.0,362653197.0,0.05860612887413757,000554
2024-03-20,5.39,5.54,5.35,5.48,27556420.0,150301301.0,362653197.0,0.07598559788789067,000554
2024-03-21,5.45,5.5,5.37,5.47,23543105.0,127995199.0,362653197.0,0.0649190609506746,000554
2024-03-22,5.44,5.47,5.32,5.35,17106885.0,92056676.0,362653197.0,0.04717147164705679,000554
2024-03-25,5.31,5.52,5.29,5.38,25575789.0,138586918.0,362653197.0,0.07052409633107412,000554
2024-03-26,5.38,5.38,5.22,5.31,18697946.0,99204042.0,362653197.0,0.05155875132130712,000554
2024-03-27,5.27,5.35,5.13,5.13,14179932.0,74065497.0,362653197.0,0.03910052942398299,000554
2024-03-28,5.13,5.29,5.11,5.28,13371650.0,69887383.0,362653197.0,0.0368717278949012,000554
2024-03-29,5.29,5.44,5.27,5.42,22227823.0,119788185.0,362653197.0,0.06129222955671338,000554
2024-04-01,5.41,5.47,5.38,5.45,18837086.0,102280884.0,362653197.0,0.05194242365937284,000554
2024-04-02,5.47,5.71,5.45,5.64,37234416.0,208329983.0,362653197.0,0.10267223978174388,000554
2024-04-03,5.7,5.83,5.62,5.8,39912807.0,228834258.0,362653197.0,0.11005778338691993,000554
2024-04-08,5.71,6.28,5.62,5.88,52945909.0,313498418.0,362653197.0,0.1459959802863671,000554
2024-04-09,5.8,5.88,5.67,5.73,34707859.0,199517457.0,362653197.0,0.09570537165290728,000554
2024-04-10,5.66,5.75,5.53,5.62,21395331.0,120209601.0,362653197.0,0.05899667003349208,000554
2024-04-11,5.62,5.74,5.6,5.68,20429815.0,116089818.0,362653197.0,0.056334302769154965,000554
2024-04-12,5.66,5.9,5.62,5.87,36138844.0,209974037.0,362653197.0,0.09965124890378396,000554
2024-04-15,5.98,6.18,5.76,5.8,56717272.0,338428523.0,362653197.0,0.1563953453855806,000554
2024-04-16,5.76,5.79,5.37,5.41,43035103.0,237658233.0,362653197.0,0.1186673752113648,000554
2024-04-17,5.38,5.75,5.36,5.7,34439518.0,192541147.0,362653197.0,0.0949654333255471,000554
2024-04-18,5.57,5.69,5.52,5.58,25677901.0,143554877.0,362653197.0,0.07080566561226262,000554
2024-04-19,5.63,6.07,5.62,6.03,68900286.0,407765058.0,362653197.0,0.18998946257738353,000554
2024-04-22,5.76,5.82,5.56,5.58,49532659.0,281062529.0,362653197.0,0.13658409579662412,000554
2024-04-23,5.6,5.73,5.4,5.64,30703601.0,170712645.0,362653197.0,0.08466380898883955,000554
2024-04-24,5.6,5.67,5.5,5.67,23356443.0,130342971.0,362653197.0,0.06440434881923846,000554
2024-04-25,5.61,5.68,5.56,5.64,22311563.0,125324068.0,362653197.0,0.06152313886812364,000554
2024-04-26,5.62,5.65,5.54,5.6,25038375.0,140133017.0,362653197.0,0.06904220121903407,000554
2024-04-29,5.54,5.68,5.47,5.64,27346069.0,152755052.0,362653197.0,0.07540556439655487,000554
2024-04-30,5.63,5.7,5.6,5.65,22780117.0,128809561.0,362653197.0,0.06281515560443274,000554
2024-05-06,5.61,5.82,5.5,5.79,31887376.0,181836402.0,362653197.0,0.08792801570145817,000554
2024-05-07,5.76,5.91,5.75,5.85,27995073.0,163308414.0,362653197.0,0.07719516395163614,000554
2024-05-08,5.82,5.83,5.67,5.69,22864562.0,131349987.0,362653197.0,0.06304800892186813,000554
2024-05-09,5.68,5.76,5.68,5.71,15164165.0,86753470.0,362653197.0,0.041814507980195745,000554
2024-05-10,5.71,5.83,5.71,5.83,25228256.0,145875377.0,362653197.0,0.06956578959925727,000554
2024-05-13,5.77,5.77,5.65,5.72,15308500.0,87625206.0,362653197.0,0.04221250529882961,000554
2024-05-14,5.74,5.76,5.67,5.68,12921110.0,73672425.0,362653197.0,0.03562938395935332,000554
2024-05-15,5.68,5.83,5.65,5.74,20311647.0,116804172.0,362653197.0,0.05600845978478993,000554
2024-05-16,5.76,5.8,5.71,5.76,17169375.0,98852147.0,362653197.0,0.047343785032177725,000554
2024-05-17,5.75,5.76,5.68,5.73,12786125.0,72989615.0,362653197.0,0.03525716884828676,000554
2024-05-20,5.74,6.0,5.73,5.96,44874731.0,264497595.0,362653197.0,0.12374006729078967,000554
2024-05-21,5.88,5.9,5.77,5.8,24793400.0,144282431.0,362653197.0,0.06836669359349395,000554
2024-05-22,5.78,5.8,5.71,5.73,18226890.0,104583002.0,362653197.0,0.05025983543170033,000554
2024-05-23,5.69,5.71,5.56,5.6,18995857.0,106759594.0,362653197.0,0.05238022760350848,000554
2024-05-24,5.57,5.69,5.57,5.63,11793575.0,66580985.0,362653197.0,0.0325202565358882,000554
2024-05-27,5.61,5.67,5.59,5.66,9999555.0,56426796.0,362653197.0,0.02757332648028469,000554
2024-05-28,5.64,5.74,5.63,5.66,11988450.0,68179740.0,362653197.0,0.03305761564815324,000554
2024-05-29,5.66,5.71,5.61,5.64,10541278.0,59625250.0,362653197.0,0.029067103467448546,000554
2024-05-30,5.62,5.64,5.44,5.46,14890600.0,82298196.0,362653197.0,0.04106016470606214,000554
2024-05-31,5.44,5.47,5.37,5.45,10999250.0,59688048.0,362653197.0,0.030329940811193234,000554
2024-06-03,5.46,5.47,5.26,5.29,11010100.0,58741998.0,362653197.0,0.030359859201792724,000554
2024-06-04,5.23,5.29,5.14,5.28,8462900.0,44073612.0,362653197.0,0.02333606892206716,000554
2024-06-05,5.27,5.28,5.15,5.18,6546800.0,34178371.0,362653197.0,0.018052508716750675,000554
2024-06-06,5.2,5.32,5.06,5.23,15867100.0,82361512.0,362653197.0,0.04375281986001629,000554
2024-06-07,5.21,5.28,5.18,5.26,8259600.0,43256555.0,362653197.0,0.022775478248437998,000554
2024-06-11,5.28,5.32,5.18,5.27,7427434.0,38968968.0,362653197.0,0.02048081765566236,000554
2024-06-12,5.25,5.32,5.22,5.31,8203801.0,43253136.0,362653197.0,0.022621614997095973,000554
2024-06-13,5.28,5.3,5.18,5.2,7374600.0,38531225.0,362653197.0,0.020335130259447293,000554
2024-06-14,5.16,5.23,5.15,5.21,5302300.0,27515018.0,362653197.0,0.014620855527712334,000554
2024-06-17,5.18,5.21,5.12,5.13,5360600.0,27613114.0,362653197.0,0.014781615174896694,000554
2024-06-18,5.13,5.18,5.13,5.17,5335900.0,27555173.0,362653197.0,0.014713506027633338,000554
2024-06-19,5.18,5.26,5.16,5.18,5754900.0,29977394.0,362653197.0,0.015868879821291083,000554
2024-06-20,5.16,5.19,5.08,5.09,6245029.0,32002914.0,362653197.0,0.017220388656879814,000554
2024-06-21,5.08,5.14,5.05,5.09,4193400.0,21367005.0,362653197.0,0.011563113284783754,000554
2024-06-24,5.08,5.08,4.9,4.9,7294386.0,36079577.0,362653197.0,0.020113943735618027,000554
2024-06-25,4.94,5.02,4.91,4.98,6317749.0,31446300.0,362653197.0,0.017420910810280268,000554
2024-06-26,4.96,5.09,4.89,5.07,7101700.0,35516475.0,362653197.0,0.019582620693124622,000554
2024-06-27,5.07,5.09,5.0,5.0,4732000.0,23816048.0,362653197.0,0.013048278738874595,000554
2024-06-28,5.01,5.13,5.01,5.07,7181186.0,36437293.0,362653197.0,0.0198017997894556,000554
2024-07-01,5.03,5.13,5.03,5.13,6566915.0,33498881.0,362653197.0,0.01810797493121231,000554
2024-07-02,5.14,5.19,5.11,5.18,7105116.0,36623637.0,362653197.0,0.01959204016061659,000554
2024-07-03,5.16,5.19,5.13,5.14,5272090.0,27206397.0,362653197.0,0.014537552801444075,000554
2024-07-04,5.15,5.17,4.99,5.01,7040700.0,35661706.0,362653197.0,0.019414415916482325,000554
2024-07-05,5.01,5.05,4.93,5.04,4531300.0,22699552.0,362653197.0,0.012494857449167888,000554
2024-07-08,5.04,5.04,4.87,4.9,6356000.0,31388665.0,362653197.0,0.01752638623505641,000554
2024-07-09,4.88,4.97,4.79,4.97,6750348.0,32978868.0,362653197.0,0.01861378323930783,000554
2024-07-10,4.95,4.99,4.91,4.92,3982100.0,19727843.0,362653197.0,0.010980462968316257,000554
2024-07-11,4.96,5.1,4.96,5.1,7709800.0,38935450.0,362653197.0,0.02125942929437349,000554
2024-07-12,5.09,5.21,5.09,5.16,7684001.0,39566915.0,362653197.0,0.021188289703675218,000554
2024-07-15,5.18,5.2,5.12,5.14,5340400.0,27494302.0,362653197.0,0.0147259145767299,000554
2024-07-16,5.15,5.17,5.1,5.14,5003300.0,25703353.0,362653197.0,0.013796376376629598,000554
2024-07-17,5.11,5.14,5.07,5.09,5394700.0,27516448.0,362653197.0,0.014875644402495091,000554
2024-07-18,5.13,5.15,5.01,5.1,6111700.0,31025724.0,362653197.0,0.016852739891880783,000554
2024-07-19,5.09,5.09,4.98,5.04,6629402.0,33360632.0,362653197.0,0.018280280043967184,000554
2024-07-22,4.97,5.01,4.93,4.98,6066600.0,30116854.0,362653197.0,0.016728378655379673,000554
2024-07-23,4.95,5.03,4.94,4.94,6103400.0,30444058.0,362653197.0,0.01682985301243601,000554
2024-07-24,4.9,4.98,4.88,4.91,5741980.0,28262522.0,362653197.0,0.015833253498107172,000554
2024-07-25,4.9,4.95,4.85,4.92,5109580.0,25044488.0,362653197.0,0.014089438731736867,000554
2024-07-26,4.91,5.03,4.91,4.99,5815180.0,28996517.0,362653197.0,0.01603509923007793,000554
2024-07-29,5.0,5.06,4.97,5.04,4957768.0,24900669.0,362653197.0,0.01367082391941522,000554
2024-07-30,5.03,5.08,4.99,5.07,4539080.0,22880362.0,362653197.0,0.01251631045182817,000554
2024-07-31,5.07,5.2,5.05,5.19,8632691.0,44417173.0,362653197.0,0.02380426002421261,000554
2024-08-01,5.2,5.26,5.19,5.22,8702505.0,45502988.0,362653197.0,0.02399676901235204,000554
2024-08-02,5.2,5.25,5.16,5.19,5550501.0,28908234.0,362653197.0,0.015305258704227004,000554
2024-08-05,5.14,5.25,5.12,5.12,8394800.0,43570853.0,362653197.0,0.023148286212405843,000554
2024-08-06,5.17,5.21,5.14,5.21,5163600.0,26724585.0,362653197.0,0.014238396470002718,000554
2024-08-07,5.18,5.23,5.17,5.2,3718478.0,19347552.0,362653197.0,0.010253537072775343,000554
2024-08-08,5.22,5.24,5.17,5.23,5333200.0,27834306.0,362653197.0,0.014706060898175399,000554
2024-08-09,5.24,5.29,5.21,5.26,7063800.0,37149984.0,362653197.0,0.019478113135178013,000554
2024-08-12,5.27,5.3,5.22,5.29,7639501.0,40232184.0,362653197.0,0.021065582940386983,000554
2024-08-13,5.33,5.34,5.22,5.28,9998291.0,52807381.0,362653197.0,0.027569841056716234,000554
2024-08-14,5.26,5.3,5.2,5.25,7140100.0,37618275.0,362653197.0,0.019688506978748625,000554
2024-08-15,5.21,5.28,5.21,5.25,5623201.0,29496635.0,362653197.0,0.015505725708520364,000554
2024-08-16,5.26,5.28,5.22,5.23,4984447.0,26164154.0,362653197.0,0.01374439007082571,000554
2024-08-19,5.21,5.27,5.2,5.24,4592507.0,24046158.0,362653197.0,0.012663633019068627,000554
2024-08-20,5.24,5.26,5.09,5.13,6025933.0,31053481.0,362653197.0,0.016616241218466356,000554
2024-08-21,5.12,5.13,5.07,5.11,3456992.0,17634352.0,362653197.0,0.009532501101872266,000554
2024-08-22,5.11,5.12,5.0,5.02,5602092.0,28289245.0,362653197.0,0.015447518583436064,000554
2024-08-23,4.98,5.01,4.88,4.92,7396478.0,36458756.0,362653197.0,0.020395457867699425,000554
2024-08-26,4.92,5.02,4.9,5.01,7130055.0,35458689.0,362653197.0,0.01966080833970974,000554
2024-08-27,5.03,5.06,5.0,5.0,5699848.0,28637888.0,362653197.0,0.015717076389099086,000554
2024-08-28,5.0,5.06,4.92,4.99,6001200.0,30054278.0,362653197.0,0.01654804107517629,000554
2024-08-29,4.95,5.01,4.91,4.99,6059400.0,30094483.0,362653197.0,0.016708524976825172,000554
2024-08-30,4.97,5.08,4.95,5.05,9466901.0,47587245.0,362653197.0,0.02610455685573344,000554
2024-09-02,5.04,5.06,4.93,4.94,7508500.0,37514314.0,362653197.0,0.020704353531453907,000554
2024-09-03,4.91,5.0,4.89,5.0,7286300.0,36013696.0,362653197.0,0.02009164695161918,000554
2024-09-04,4.95,4.98,4.91,4.93,5957600.0,29380941.0,362653197.0,0.016427816021707373,000554
2024-09-05,4.9,4.96,4.9,4.95,4395910.0,21715111.0,362653197.0,0.012121525568682633,000554
2024-09-06,4.95,4.96,4.86,4.86,5185200.0,25404768.0,362653197.0,0.014297957505666219,000554
2024-09-09,4.85,4.86,4.77,4.85,5254390.0,25344826.0,362653197.0,0.014488745841664262,000554
2024-09-10,4.85,4.92,4.81,4.9,5448911.0,26539151.0,362653197.0,0.015025128814733708,000554
2024-09-11,4.86,4.89,4.84,4.86,3880900.0,18892640.0,362653197.0,0.01070140848641133,000554
2024-09-12,4.87,4.9,4.84,4.85,3531900.0,17202184.0,362653197.0,0.009739056567589006,000554
2024-09-13,4.85,5.04,4.85,4.91,11811300.0,58598707.0,362653197.0,0.03256913243205188,000554
2024-09-18,4.9,4.93,4.75,4.93,10888600.0,52637559.0,362653197.0,0.030024828376185527,000554
2024-09-19,4.9,5.03,4.87,5.01,11775000.0,58700344.0,362653197.0,0.03246903680267294,000554
2024-09-20,4.99,5.02,4.93,4.98,7041222.0,35026365.0,362653197.0,0.019415855308177524,000554
2024-09-23,4.95,4.99,4.93,4.98,4400210.0,21843457.0,362653197.0,0.012133382626708237,000554
2024-09-24,4.99,5.15,4.96,5.13,13979496.0,70808602.0,362653197.0,0.03854783610248995,000554
2024-09-25,5.17,5.24,5.12,5.14,13657709.0,70561676.0,362653197.0,0.03766052281623757,000554
2024-09-26,5.11,5.25,5.1,5.24,13164075.0,68016552.0,362653197.0,0.0362993490996303,000554
2024-09-27,5.29,5.41,5.22,5.37,17568200.0,93348041.0,362653197.0,0.04844352716405255,000554
2024-09-30,5.4,5.9,5.4,5.9,44166956.0,250494786.0,362653197.0,0.12178840932705193,000554
2024-10-08,6.49,6.49,5.97,6.32,64125416.0,400321711.0,362653197.0,0.176822971727449,000554
2024-10-09,6.1,6.13,5.69,5.69,38794102.0,226220108.0,362653197.0,0.10697300429423762,000554
2024-10-10,5.69,5.88,5.58,5.73,25553533.0,146807793.0,362653197.0,0.07046272640469788,000554
2024-10-11,5.74,5.82,5.58,5.65,16186926.0,92474583.0,362653197.0,0.04463472577631792,000554
2024-10-14,5.58,5.73,5.57,5.72,15523754.0,88133592.0,362653197.0,0.04280605859376996,000554
2024-10-15,5.69,5.89,5.61,5.73,24345769.0,140772351.0,362653197.0,0.06713237109557316,000554
2024-10-16,5.68,5.82,5.6,5.81,22336534.0,127263052.0,362653197.0,0.06159199528578815,000554
2024-10-17,5.79,5.81,5.67,5.68,14892938.0,85289178.0,362653197.0,0.04106661163668164,000554
2024-10-18,5.64,5.79,5.6,5.76,18018304.0,102790531.0,362653197.0,0.049684668849065736,000554
2024-10-21,5.75,5.8,5.67,5.7,17116690.0,97990917.0,362653197.0,0.04719850849681052,000554
2024-10-22,5.7,5.77,5.67,5.75,12324548.0,70633936.0,362653197.0,0.03398439087798804,000554
2024-10-23,5.79,5.85,5.76,5.79,17511619.0,101654530.0,362653197.0,0.048287507582623075,000554
2024-10-24,5.79,5.82,5.75,5.82,11005043.0,63793140.0,362653197.0,0.030345914750063544,000554
2024-10-25,5.82,5.95,5.79,5.91,23362670.0,137178523.0,362653197.0,0.06442151949373275,000554
2024-10-28,5.93,6.34,5.88,6.17,44493040.0,270696921.0,362653197.0,0.12268757139896384,000554
2024-10-29,6.13,6.48,6.04,6.12,64314197.0,404172782.0,362653197.0,0.17734352690678196,000554
2024-10-30,6.1,6.57,6.07,6.24,50188222.0,316196387.0,362653197.0,0.13839178150137746,000554
2024-10-31,6.23,6.38,6.12,6.16,38462499.0,240127279.0,362653197.0,0.10605862382622261,000554
2024-11-01,6.11,6.78,6.09,6.35,66559089.0,430178354.0,362653197.0,0.18353371637311114,000554
2024-11-04,6.4,6.91,6.25,6.74,59581827.0,393931629.0,362653197.0,0.1642942279094261,000554
2024-11-05,6.68,6.7,6.49,6.63,44976331.0,295857344.0,362653197.0,0.12402022475483651,000554
2024-11-06,6.57,6.86,6.49,6.79,46297567.0,307807805.0,362653197.0,0.12766347403798015,000554
2024-11-07,6.69,6.74,6.43,6.58,46082810.0,302102153.0,362653197.0,0.12707129119835114,000554
2024-11-08,6.6,6.61,6.32,6.4,36801217.0,237520709.0,362653197.0,0.10147771287950344,000554
2024-11-11,6.37,6.42,6.23,6.42,24939639.0,157616116.0,362653197.0,0.06876994110712334,000554
2024-11-12,6.4,6.46,6.25,6.31,20423575.0,130075533.0,362653197.0,0.05631709624774106,000554
2024-11-13,6.24,6.36,6.18,6.3,14433283.0,90529597.0,362653197.0,0.03979913349557484,000554
2024-11-14,6.28,6.33,6.14,6.18,14270452.0,88879779.0,362653197.0,0.03935013428269874,000554
2024-11-15,6.12,6.23,5.99,5.99,18735575.0,114631755.0,362653197.0,0.051662511608852574,000554
2024-11-18,6.02,6.04,5.82,5.84,20227373.0,119613945.0,362653197.0,0.05577607799222021,000554
2024-11-19,5.87,5.99,5.82,5.97,14357991.0,84494457.0,362653197.0,0.039591519167001855,000554
2024-11-20,5.96,6.12,5.93,6.1,14840662.0,89671240.0,362653197.0,0.04092246290055455,000554
2024-11-21,6.09,6.13,6.02,6.1,12111101.0,73577908.0,362653197.0,0.033395820304873806,000554
2024-11-22,6.1,6.17,5.87,5.9,15744767.0,95069812.0,362653197.0,0.04341549207409855,000554
2024-11-25,6.01,6.18,5.97,6.16,21705193.0,132596444.0,362653197.0,0.059851100664638564,000554
2024-11-26,6.13,6.19,6.06,6.09,12127600.0,74169765.0,362653197.0,0.03344131556077251,000554
2024-11-27,6.04,6.09,5.89,6.09,14008200.0,83967041.0,362653197.0,0.038626986100993896,000554
2024-11-28,6.07,6.19,6.04,6.13,12935800.0,79461407.0,362653197.0,0.03566989097851521,000554
2024-11-29,6.13,6.31,6.13,6.24,19232747.0,119999567.0,362653197.0,0.053033441202505104,000554
2024-12-02,6.25,6.31,6.22,6.29,17331023.0,108678230.0,362653197.0,0.0477895221753691,000554
2024-12-03,6.27,6.34,6.23,6.34,14548400.0,91709666.0,362653197.0,0.0401165634836524,000554
2024-12-04,6.33,6.48,6.28,6.38,24327900.0,155426167.0,362653197.0,0.06708309812583839,000554
2024-12-05,6.33,6.4,6.32,6.38,12292315.0,78207288.0,362653197.0,0.03389550981953704,000554
2024-12-06,6.36,6.45,6.31,6.43,15548008.0,99303479.0,362653197.0,0.04287293791594508,000554
2024-12-09,6.43,6.49,6.37,6.46,13631730.0,87788580.0,362653197.0,0.03758888688357544,000554
2024-12-10,6.57,6.59,6.35,6.37,17139508.0,110261861.0,362653197.0,0.04726142811309616,000554
2024-12-11,6.35,6.49,6.31,6.46,14399400.0,92727864.0,362653197.0,0.03970570263578843,000554
2024-12-12,6.49,6.64,6.46,6.6,22624663.0,148511695.0,362653197.0,0.06238649813970894,000554
2024-12-13,6.55,6.58,6.38,6.4,13598602.0,87954695.0,362653197.0,0.037497537902581896,000554
2024-12-16,6.38,6.49,6.38,6.41,11167601.0,71969171.0,362653197.0,0.03079416117762778,000554
2024-12-17,6.38,6.44,6.1,6.15,16513048.0,102586111.0,362653197.0,0.045533992631533314,000554
2024-12-18,6.21,6.39,6.15,6.17,14501100.0,90438338.0,362653197.0,0.03998613584537075,000554
2024-12-19,6.11,6.18,6.03,6.14,11595700.0,70766078.0,362653197.0,0.03197462505755878,000554
2024-12-20,6.12,6.18,6.08,6.11,10544900.0,64637856.0,362653197.0,0.0290770909707436,000554
2024-12-23,6.14,6.15,5.86,5.91,14182001.0,84536384.0,362653197.0,0.039106234599112055,000554
2024-12-24,5.92,5.99,5.87,5.98,10005939.0,59412709.0,362653197.0,0.02759093007526968,000554
2024-12-25,5.98,5.99,5.78,5.89,11365301.0,66678812.0,362653197.0,0.03133931010127011,000554
2024-12-26,5.87,5.95,5.84,5.91,6585310.0,38947449.0,362653197.0,0.018158698322463706,000554
2024-12-27,5.92,6.12,5.9,6.09,11863000.0,71802983.0,362653197.0,0.03271169287389462,000554
2024-12-30,6.07,6.08,6.0,6.01,8251400.0,49691501.0,362653197.0,0.022752867114528705,000554
2024-12-31,6.03,6.17,5.94,5.94,13514261.0,81793429.0,362653197.0,0.037264971360503406,000554
