日期,开盘,最高,最低,收盘,成交量,成交额,outstanding_share,换手率,股票代码
2020-01-02,5.5,5.78,5.49,5.61,38383408.0,214571603.0,292002672.0,0.1314488245504822,000609
2020-01-03,5.5,5.5,5.36,5.37,26827039.0,145346362.0,292002672.0,0.09187258053583838,000609
2020-01-06,5.33,5.48,5.23,5.48,19139500.0,102590234.0,292002672.0,0.06554563308927529,000609
2020-01-07,5.44,5.5,5.36,5.44,15414250.0,83603959.0,292002672.0,0.052788044350498275,000609
2020-01-08,5.4,5.4,5.2,5.22,14709900.0,77976967.0,292002672.0,0.05037590888894332,000609
2020-01-09,5.26,5.34,5.22,5.3,10246844.0,54098549.0,292002672.0,0.03509161039457886,000609
2020-01-10,5.33,5.33,5.12,5.15,10549379.0,54642160.0,292002672.0,0.036127679680958535,000609
2020-01-13,5.15,5.22,5.08,5.2,7770802.0,40101347.0,292002672.0,0.026612092097568204,000609
2020-01-14,5.25,5.26,5.16,5.17,6768819.0,35200649.0,292002672.0,0.02318067486724916,000609
2020-01-15,5.19,5.2,5.07,5.13,6845041.0,34988549.0,292002672.0,0.023441706725204212,000609
2020-01-16,4.91,5.0,4.85,4.86,14127401.0,69558853.0,292002672.0,0.048381067554066765,000609
2020-01-17,4.91,4.91,4.74,4.78,8113600.0,39179136.0,292002672.0,0.027786047108500432,000609
2020-01-20,4.74,4.85,4.55,4.8,8864130.0,41748942.0,292002672.0,0.030356331807813046,000609
2020-01-21,4.93,5.07,4.87,4.91,13696700.0,68018220.0,292002672.0,0.046906077626577336,000609
2020-01-22,4.86,4.95,4.77,4.92,6890325.0,33597913.0,292002672.0,0.023596787497889744,000609
2020-01-23,4.9,4.98,4.75,4.81,6895817.0,33610609.0,292002672.0,0.023615595544961315,000609
2020-02-03,4.33,4.36,4.33,4.33,2672000.0,11570931.0,292002672.0,0.009150601197238359,000609
2020-02-04,3.95,4.39,3.95,4.3,11087775.0,46435070.0,292002672.0,0.03797148472668771,000609
2020-02-05,4.31,4.49,4.27,4.43,8092245.0,35663607.0,292002672.0,0.027712914216072655,000609
2020-02-06,4.45,4.66,4.39,4.63,9669584.0,44219173.0,292002672.0,0.03311471067634614,000609
2020-02-07,4.6,4.77,4.6,4.69,8877027.0,41527953.0,292002672.0,0.030400499211870227,000609
2020-02-10,4.65,4.78,4.6,4.76,7772847.0,36561930.0,292002672.0,0.02661909545814019,000609
2020-02-11,4.75,4.81,4.65,4.67,5725211.0,26958121.0,292002672.0,0.01960670757149784,000609
2020-02-12,4.66,4.74,4.63,4.71,5891679.0,27649314.0,292002672.0,0.02017679824518866,000609
2020-02-13,4.72,4.74,4.58,4.62,6392297.0,29716028.0,292002672.0,0.02189122776246376,000609
2020-02-14,4.6,5.08,4.59,5.08,15495951.0,76056759.0,292002672.0,0.05306783973538434,000609
2020-02-17,5.23,5.5,5.11,5.32,44272725.0,235545116.0,292002672.0,0.15161753382859455,000609
2020-02-18,5.16,5.22,5.03,5.16,30338923.0,155578550.0,292002672.0,0.10389947048155779,000609
2020-02-19,5.08,5.19,5.06,5.06,18242541.0,93344853.0,292002672.0,0.06247388380062495,000609
2020-02-20,4.99,5.32,4.97,5.25,25498982.0,131766871.0,292002672.0,0.08732448174309856,000609
2020-02-21,5.18,5.23,5.09,5.12,19084991.0,98288762.0,292002672.0,0.0653589601399264,000609
2020-02-24,5.05,5.15,5.03,5.13,12215116.0,62293091.0,292002672.0,0.04183220624775653,000609
2020-02-25,5.04,5.08,4.88,5.03,13357074.0,66810657.0,292002672.0,0.04574298552994063,000609
2020-02-26,4.95,5.19,4.93,5.01,15293785.0,77786253.0,292002672.0,0.05237549675572832,000609
2020-02-27,5.02,5.09,4.95,5.01,8502949.0,42636190.0,292002672.0,0.02911942189350925,000609
2020-02-28,4.9,4.94,4.65,4.69,12860260.0,61463522.0,292002672.0,0.044041583290717286,000609
2020-03-02,4.74,4.94,4.71,4.92,10777741.0,52228676.0,292002672.0,0.03690973416845994,000609
2020-03-03,4.94,5.08,4.9,4.92,10424141.0,51838015.0,292002672.0,0.03569878634535235,000609
2020-03-04,4.85,5.16,4.85,5.12,15587718.0,78673874.0,292002672.0,0.05338210740756509,000609
2020-03-05,5.11,5.35,5.06,5.18,20690569.0,107138214.0,292002672.0,0.07085746461936485,000609
2020-03-06,5.1,5.24,5.06,5.15,14262809.0,73445828.0,292002672.0,0.04884478933809208,000609
2020-03-09,5.42,5.5,5.06,5.08,20969797.0,110218710.0,292002672.0,0.07181371614298104,000609
2020-03-10,4.88,5.12,4.8,5.08,14726402.0,73353323.0,292002672.0,0.05043242207043914,000609
2020-03-11,5.08,5.25,5.07,5.13,14978954.0,77359713.0,292002672.0,0.0512973182656356,000609
2020-03-12,5.05,5.13,4.95,5.02,9810400.0,49380523.0,292002672.0,0.033596952838842516,000609
2020-03-13,4.78,5.0,4.65,4.94,11436809.0,55095167.0,292002672.0,0.039166795706581756,000609
2020-03-16,4.99,5.15,4.74,4.82,14548235.0,72797493.0,292002672.0,0.04982226669487463,000609
2020-03-17,4.8,4.93,4.6,4.9,10368909.0,49670010.0,292002672.0,0.035509637391263324,000609
2020-03-18,4.89,4.93,4.66,4.71,7864501.0,37852326.0,292002672.0,0.026932976147560732,000609
2020-03-19,4.7,4.72,4.56,4.65,7148609.0,33222605.0,292002672.0,0.024481313650444952,000609
2020-03-20,4.68,4.78,4.65,4.72,5276300.0,24843668.0,292002672.0,0.018069355200968844,000609
2020-03-23,4.6,4.68,4.51,4.55,4382210.0,20207841.0,292002672.0,0.015007431164876463,000609
2020-03-24,4.62,4.68,4.51,4.67,4002300.0,18444779.0,292002672.0,0.013706381426537084,000609
2020-03-25,4.74,4.88,4.7,4.78,6644710.0,31661647.0,292002672.0,0.0227556479346189,000609
2020-03-26,4.75,4.75,4.66,4.7,5201310.0,24431553.0,292002672.0,0.017812542482487967,000609
2020-03-27,4.75,4.78,4.67,4.69,3877100.0,18352885.0,292002672.0,0.013277618226726363,000609
2020-03-30,4.62,4.64,4.5,4.58,4498201.0,20492292.0,292002672.0,0.015404656982042958,000609
2020-03-31,4.59,4.64,4.53,4.55,3195400.0,14649926.0,292002672.0,0.010943050548523748,000609
2020-04-01,4.55,4.66,4.53,4.57,4449500.0,20429232.0,292002672.0,0.015237874261643743,000609
2020-04-02,4.52,4.65,4.5,4.65,3747916.0,17192126.0,292002672.0,0.012835211316148504,000609
2020-04-03,4.65,4.79,4.53,4.72,4817196.0,22229592.0,292002672.0,0.016497095615618202,000609
2020-04-07,4.72,4.79,4.66,4.75,8491051.0,40162399.0,292002672.0,0.029078675691022442,000609
2020-04-08,4.72,4.79,4.68,4.77,5572196.0,26440349.0,292002672.0,0.01908268839402949,000609
2020-04-09,4.77,4.93,4.77,4.82,5676207.0,27436421.0,292002672.0,0.019438887189361063,000609
2020-04-10,4.8,4.83,4.69,4.74,4633606.0,21971910.0,292002672.0,0.01586836849218969,000609
2020-04-13,4.72,4.77,4.68,4.74,3444196.0,16300942.0,292002672.0,0.011795083847725887,000609
2020-04-14,4.71,4.84,4.71,4.81,4048600.0,19348889.0,292002672.0,0.013864941619438331,000609
2020-04-15,4.78,4.84,4.68,4.69,4494005.0,21354821.0,292002672.0,0.015390287250522145,000609
2020-04-16,4.66,4.71,4.61,4.69,3307440.0,15407548.0,292002672.0,0.01132674566758759,000609
2020-04-17,4.7,4.77,4.66,4.67,4199016.0,19734997.0,292002672.0,0.014380060193421793,000609
2020-04-20,4.7,4.72,4.63,4.72,2615916.0,12278814.0,292002672.0,0.008958534461629858,000609
2020-04-21,4.72,4.75,4.63,4.67,3334900.0,15606130.0,292002672.0,0.011420785902945436,000609
2020-04-22,4.64,4.74,4.59,4.7,3826297.0,17895666.0,292002672.0,0.013103636942061955,000609
2020-04-23,4.68,4.72,4.63,4.65,2769400.0,12953291.0,292002672.0,0.009484159788784398,000609
2020-04-24,4.64,4.64,4.46,4.49,4578140.0,20834156.0,292002672.0,0.01567841817557067,000609
2020-04-27,4.8,4.94,4.8,4.94,7629630.0,37606417.0,292002672.0,0.02612863076814585,000609
2020-04-28,5.43,5.43,5.43,5.43,7801979.0,42364746.0,292002672.0,0.026718861668498704,000609
2020-04-29,5.6,5.97,5.52,5.97,82999410.0,484526654.0,292002672.0,0.2842419537859571,000609
2020-04-30,5.97,6.57,5.7,6.57,61058500.0,375085812.0,292002672.0,0.2091025386233452,000609
2020-05-06,7.23,7.23,7.15,7.23,25050539.0,181074590.0,292002672.0,0.08578873209762958,000609
2020-05-07,7.5,7.95,7.02,7.25,108969821.0,838000552.0,292002672.0,0.37318090363227907,000609
2020-05-08,6.53,7.66,6.53,6.92,94213485.0,649755927.0,292002672.0,0.3226459688012718,000609
2020-05-11,6.96,7.61,6.66,7.61,96609576.0,704951662.0,292002672.0,0.3308516848092404,000609
2020-05-12,7.0,7.32,6.85,6.87,88424546.0,613821399.0,292002672.0,0.30282101665151884,000609
2020-05-13,6.66,6.77,6.3,6.35,61106040.0,393398164.0,292002672.0,0.2092653453527302,000609
2020-05-14,6.43,6.64,6.35,6.49,54192040.0,350747411.0,292002672.0,0.18558747982963664,000609
2020-05-15,6.41,6.86,6.24,6.65,60136734.0,393080566.0,292002672.0,0.20594583463263652,000609
2020-05-18,6.53,7.2,6.53,6.98,63675735.0,441880916.0,292002672.0,0.21806559016692834,000609
2020-05-19,7.22,7.68,7.16,7.68,27766670.0,208250934.0,292002672.0,0.09509046547354882,000609
2020-05-20,7.92,8.38,7.08,7.24,89070244.0,702219839.0,292002672.0,0.30503229093739254,000609
2020-05-21,6.72,7.0,6.52,6.61,62409853.0,421669220.0,292002672.0,0.21373041750796035,000609
2020-05-22,6.72,6.72,6.13,6.19,42356964.0,272048410.0,292002672.0,0.14505676852162502,000609
2020-05-25,6.2,6.23,5.82,5.96,35121546.0,210643087.0,292002672.0,0.12027816649568193,000609
2020-05-26,5.95,6.26,5.86,6.17,36576000.0,221693647.0,292002672.0,0.12525912776578976,000609
2020-05-27,6.09,6.45,5.96,6.31,39056079.0,240622436.0,292002672.0,0.13375247127875597,000609
2020-05-28,6.23,6.62,6.06,6.21,43887681.0,279733910.0,292002672.0,0.15029890205936197,000609
2020-05-29,6.06,6.24,5.92,5.96,32981512.0,199618969.0,292002672.0,0.11294934999772879,000609
2020-06-01,5.98,6.28,5.9,6.23,30981401.0,190131672.0,292002672.0,0.10609971747107848,000609
2020-06-02,6.28,6.42,6.11,6.12,27056601.0,168099994.0,292002672.0,0.09265874457477567,000609
2020-06-03,6.11,6.28,6.02,6.11,28484800.0,174679508.0,292002672.0,0.09754979228409252,000609
2020-06-04,6.21,6.26,5.96,5.96,25074636.0,152606607.0,292002672.0,0.08587125531508835,000609
2020-06-05,5.9,6.03,5.79,5.88,22383914.0,131751267.0,292002672.0,0.07665653826619778,000609
2020-06-08,5.9,5.95,5.83,5.88,14609245.0,85898695.0,292002672.0,0.05003120313912744,000609
2020-06-09,5.86,5.92,5.73,5.86,13935500.0,81250785.0,292002672.0,0.04772387836231855,000609
2020-06-10,5.86,5.91,5.7,5.87,13929436.0,80766240.0,292002672.0,0.04770311142906254,000609
2020-06-11,5.85,5.91,5.75,5.76,14358980.0,83420955.0,292002672.0,0.049174139064042534,000609
2020-06-12,5.59,5.9,5.56,5.87,19918176.0,114650977.0,292002672.0,0.0682123073175166,000609
2020-06-15,5.89,5.89,5.7,5.71,16797649.0,96983063.0,292002672.0,0.057525668806208734,000609
2020-06-16,5.7,5.82,5.69,5.73,11717501.0,67221488.0,292002672.0,0.04012806088294973,000609
2020-06-17,5.74,5.74,5.53,5.62,17600982.0,98834729.0,292002672.0,0.0602767840425789,000609
2020-06-18,5.59,5.62,5.46,5.57,14733601.0,81686229.0,292002672.0,0.050457075954428256,000609
2020-06-19,5.55,5.61,5.49,5.56,9793365.0,54335621.0,292002672.0,0.03353861433158392,000609
2020-06-22,5.57,5.68,5.51,5.53,9997165.0,55833277.0,292002672.0,0.034236553150445145,000609
2020-06-23,5.53,5.53,5.43,5.45,9216200.0,50357922.0,292002672.0,0.03156203995283988,000609
2020-06-24,5.48,5.66,5.43,5.56,16245100.0,90108024.0,292002672.0,0.05563339502591949,000609
2020-06-29,5.51,5.53,5.27,5.31,13967200.0,74729488.0,292002672.0,0.047832439012749854,000609
2020-06-30,5.33,5.84,5.31,5.84,26101367.0,148858757.0,292002672.0,0.08938742519452014,000609
2020-07-01,5.83,6.42,5.74,6.08,52454542.0,316426959.0,292002672.0,0.17963719866234648,000609
2020-07-02,5.95,6.36,5.85,6.08,39500203.0,239957178.0,292002672.0,0.13527342996368197,000609
2020-07-03,5.99,6.25,5.95,6.06,26872201.0,162449474.0,292002672.0,0.09202724350412793,000609
2020-07-06,6.21,6.59,6.13,6.44,40437093.0,256966729.0,292002672.0,0.1384819280009876,000609
2020-07-07,6.36,6.59,6.27,6.43,41321076.0,265232186.0,292002672.0,0.14150923934011125,000609
2020-07-08,6.3,6.37,6.1,6.34,28269238.0,176225099.0,292002672.0,0.09681157301190724,000609
2020-07-09,6.34,6.6,6.23,6.56,33979195.0,218343260.0,292002672.0,0.11636604133540257,000609
2020-07-10,6.5,6.51,6.26,6.27,23235563.0,148507146.0,292002672.0,0.07957311774188149,000609
2020-07-13,6.24,6.79,6.23,6.65,29271403.0,190506000.0,292002672.0,0.10024361352419406,000609
2020-07-14,6.6,6.7,6.36,6.45,20387148.0,132643617.0,292002672.0,0.06981836111417501,000609
2020-07-15,6.45,6.98,6.17,6.57,28636911.0,186348271.0,292002672.0,0.09807071559947918,000609
2020-07-16,6.6,6.95,6.45,6.8,45040760.0,303208931.0,292002672.0,0.15424776660947814,000609
2020-07-17,6.98,7.09,6.12,6.25,36342124.0,236563975.0,292002672.0,0.12445818988944046,000609
2020-07-20,5.9,6.19,5.63,6.19,26119108.0,154173789.0,292002672.0,0.08944818148787351,000609
2020-07-21,6.09,6.11,5.91,6.01,14685010.0,88503178.0,292002672.0,0.05029066994291066,000609
2020-07-22,5.98,6.04,5.91,6.0,11786966.0,70345571.0,292002672.0,0.04036595254169455,000609
2020-07-23,5.96,6.17,5.9,6.02,13494152.0,81258104.0,292002672.0,0.046212426439714224,000609
2020-07-24,5.95,6.0,5.6,5.64,15367584.0,89326401.0,292002672.0,0.05262823074440908,000609
2020-07-27,5.61,5.75,5.47,5.68,10636266.0,59205962.0,292002672.0,0.03642523517730002,000609
2020-07-28,5.68,5.71,5.63,5.67,5575802.0,31604032.0,292002672.0,0.019095037596094325,000609
2020-07-29,5.67,5.95,5.58,5.8,10994089.0,63175276.0,292002672.0,0.03765064519683573,000609
2020-07-30,5.77,5.86,5.74,5.76,8119666.0,46913438.0,292002672.0,0.027806820891008832,000609
2020-07-31,5.71,5.81,5.66,5.77,6999365.0,40219876.0,292002672.0,0.023970208738363873,000609
2020-08-03,5.79,5.92,5.79,5.92,10538137.0,61843915.0,292002672.0,0.03608918003325668,000609
2020-08-04,5.89,6.04,5.82,5.95,11952858.0,70791955.0,292002672.0,0.040934070630696144,000609
2020-08-05,5.92,5.93,5.72,5.88,9673621.0,56401745.0,292002672.0,0.0331285358923017,000609
2020-08-06,5.89,5.95,5.78,5.84,6316001.0,36893183.0,292002672.0,0.021629942482170164,000609
2020-08-07,5.81,5.86,5.7,5.73,7770714.0,44752022.0,292002672.0,0.026611790730462905,000609
2020-08-10,5.77,6.2,5.74,6.04,19515951.0,116664186.0,292002672.0,0.06683483704560074,000609
2020-08-11,6.0,6.18,5.88,5.99,18584851.0,111923063.0,292002672.0,0.06364616759397325,000609
2020-08-12,6.0,6.25,5.99,6.25,20987504.0,128350692.0,292002672.0,0.07187435599904374,000609
2020-08-13,6.27,6.27,6.07,6.11,13964600.0,85941858.0,292002672.0,0.047823534984638774,000609
2020-08-14,6.12,6.16,5.96,6.04,9280854.0,55874895.0,292002672.0,0.031783455734953,000609
2020-08-17,6.05,6.25,5.93,6.15,12766203.0,77981554.0,292002672.0,0.04371947322454638,000609
2020-08-18,6.13,6.15,6.04,6.06,10233491.0,62303066.0,292002672.0,0.03504588136097604,000609
2020-08-19,6.03,6.06,5.93,5.93,8283519.0,49583455.0,292002672.0,0.02836795616719562,000609
2020-08-20,5.93,6.02,5.86,5.89,6631234.0,39338630.0,292002672.0,0.022709497671993907,000609
2020-08-21,5.87,6.03,5.87,5.93,4698305.0,27941393.0,292002672.0,0.016089938382481652,000609
2020-08-24,5.92,5.92,5.83,5.85,6172594.0,36219181.0,292002672.0,0.02113882711319847,000609
2020-08-25,5.83,5.88,5.74,5.79,6389601.0,37097173.0,292002672.0,0.021881994970237805,000609
2020-08-26,5.81,5.81,5.61,5.67,5960392.0,34000262.0,292002672.0,0.02041211458503366,000609
2020-08-27,5.63,5.76,5.63,5.76,4411359.0,25181824.0,292002672.0,0.015107255593880318,000609
2020-08-28,5.72,5.81,5.71,5.79,4417734.0,25439388.0,292002672.0,0.015129087585883461,000609
2020-08-31,5.82,5.85,5.75,5.76,5067051.0,29387043.0,292002672.0,0.01735275559396251,000609
2020-09-01,5.76,5.8,5.71,5.76,3465700.0,19922817.0,292002672.0,0.011868727009456955,000609
2020-09-02,5.76,5.77,5.68,5.75,5267701.0,30146097.0,292002672.0,0.01803990684030453,000609
2020-09-03,5.78,5.92,5.77,5.83,7155410.0,41735690.0,292002672.0,0.024504604533207835,000609
2020-09-04,5.74,5.88,5.62,5.84,6481600.0,37344998.0,292002672.0,0.022197057155696163,000609
2020-09-07,5.88,5.94,5.74,5.75,6065400.0,35370518.0,292002672.0,0.020771727732683213,000609
2020-09-08,5.8,5.93,5.72,5.93,7061735.0,41397036.0,292002672.0,0.024183802674244022,000609
2020-09-09,5.91,6.05,5.87,5.9,9795500.0,58342007.0,292002672.0,0.0335459259085136,000609
2020-09-10,5.9,5.95,5.48,5.53,9212325.0,52642915.0,292002672.0,0.03154876952632817,000609
2020-09-11,5.51,5.66,5.48,5.62,3869400.0,21637642.0,292002672.0,0.013251248605012766,000609
2020-09-14,5.65,5.69,5.56,5.61,4157300.0,23356896.0,292002672.0,0.014237198487005626,000609
2020-09-15,5.62,5.62,5.51,5.6,4714610.0,26241177.0,292002672.0,0.016145776912616743,000609
2020-09-16,5.6,5.77,5.54,5.7,6390994.0,36153254.0,292002672.0,0.02188676547452963,000609
2020-09-17,5.69,5.7,5.6,5.63,3334200.0,18833201.0,292002672.0,0.011418388664607836,000609
2020-09-18,5.63,5.72,5.58,5.69,5654816.0,32013861.0,292002672.0,0.019365631010390207,000609
2020-09-21,5.68,5.73,5.62,5.64,3896600.0,22079635.0,292002672.0,0.013344398437559503,000609
2020-09-22,5.61,5.62,5.5,5.53,5194300.0,28811714.0,292002672.0,0.017788535852850004,000609
2020-09-23,5.56,5.65,5.54,5.56,3250396.0,18142184.0,292002672.0,0.01113139129083038,000609
2020-09-24,5.53,5.53,5.39,5.4,4449619.0,24194525.0,292002672.0,0.015238281792161135,000609
2020-09-25,5.37,5.43,5.23,5.32,4433320.0,23644606.0,292002672.0,0.01518246380978322,000609
2020-09-28,5.32,5.35,5.16,5.16,3399300.0,17760261.0,292002672.0,0.011641331830004624,000609
2020-09-29,5.17,5.25,5.12,5.17,2834600.0,14713146.0,292002672.0,0.009707445416800844,000609
2020-09-30,5.17,5.25,5.15,5.19,2579469.0,13410150.0,292002672.0,0.008833717110643426,000609
2020-10-09,5.28,5.42,5.24,5.39,4109001.0,21999158.0,292002672.0,0.014071792466337432,000609
2020-10-12,5.44,5.52,5.36,5.51,3790484.0,20773450.0,292002672.0,0.01298099080408415,000609
2020-10-13,5.48,5.51,5.43,5.47,3121092.0,17041428.0,292002672.0,0.010688573425108932,000609
2020-10-14,5.44,5.49,5.4,5.46,3148400.0,17104208.0,292002672.0,0.0107820931172849,000609
2020-10-15,5.32,5.47,5.32,5.47,3006300.0,16268801.0,292002672.0,0.010295453734752125,000609
2020-10-16,5.46,5.56,5.41,5.45,5053300.0,27721094.0,292002672.0,0.017305663559133457,000609
2020-10-19,5.42,5.6,5.42,5.53,6301173.0,34908193.0,292002672.0,0.021579162124927404,000609
2020-10-20,5.55,5.59,5.49,5.57,3124573.0,17356514.0,292002672.0,0.010700494548899197,000609
2020-10-21,5.59,5.59,5.38,5.4,4194473.0,22797638.0,292002672.0,0.014364502116610769,000609
2020-10-22,5.4,5.51,5.33,5.5,5909081.0,32199106.0,292002672.0,0.020236393590261394,000609
2020-10-23,5.5,5.59,5.42,5.57,6324112.0,35059116.0,292002672.0,0.02165771962525055,000609
2020-10-26,5.61,5.61,5.45,5.53,4709000.0,25918913.0,292002672.0,0.01612656475965398,000609
2020-10-27,5.48,5.54,5.38,5.51,3910300.0,21310565.0,292002672.0,0.01339131581645253,000609
2020-10-28,5.52,5.53,5.41,5.5,3750900.0,20505969.0,292002672.0,0.012845430400719072,000609
2020-10-29,5.44,5.57,5.38,5.41,3973000.0,21769909.0,292002672.0,0.013606039878977546,000609
2020-10-30,5.4,5.43,5.08,5.16,7167600.0,37496789.0,292002672.0,0.024546350726544038,000609
2020-11-02,5.16,5.2,4.94,5.09,5477780.0,27609141.0,292002672.0,0.01875934888705402,000609
2020-11-03,5.09,5.22,5.03,5.14,4153896.0,21441819.0,292002672.0,0.014225541059432497,000609
2020-11-04,5.14,5.17,5.02,5.1,4005400.0,20330520.0,292002672.0,0.013716997767746455,000609
2020-11-05,5.1,5.21,5.08,5.16,3291196.0,16945185.0,292002672.0,0.011271116039650487,000609
2020-11-06,5.16,5.28,5.05,5.24,6184400.0,31851573.0,292002672.0,0.021179258250075193,000609
2020-11-09,5.26,5.38,5.25,5.27,4778901.0,25379241.0,292002672.0,0.016365949555420506,000609
2020-11-10,5.27,5.31,5.19,5.2,3281500.0,17181335.0,292002672.0,0.011237910864048531,000609
2020-11-11,5.2,5.24,5.13,5.16,2233776.0,11558149.0,292002672.0,0.007649847806872123,000609
2020-11-12,5.16,5.28,5.14,5.26,2919904.0,15244347.0,292002672.0,0.009999579729873156,000609
2020-11-13,5.22,5.28,5.18,5.25,2438670.0,12796184.0,292002672.0,0.008351533166792392,000609
2020-11-16,5.25,5.29,5.18,5.25,2382128.0,12446727.0,292002672.0,0.00815789795238586,000609
2020-11-17,5.25,5.34,5.2,5.25,3221538.0,16957526.0,292002672.0,0.011032563428049726,000609
2020-11-18,5.24,5.31,5.21,5.26,3609700.0,18991252.0,292002672.0,0.012361873181763213,000609
2020-11-19,5.23,5.28,5.21,5.26,2786712.0,14619599.0,292002672.0,0.00954344691749944,000609
2020-11-20,5.26,5.31,5.2,5.28,2218600.0,11639550.0,292002672.0,0.007597875679712958,000609
2020-11-23,5.29,5.4,5.25,5.33,4411900.0,23514289.0,292002672.0,0.015109108316652664,000609
2020-11-24,5.34,5.39,5.3,5.32,3915200.0,20937995.0,292002672.0,0.013408096484815729,000609
2020-11-25,5.38,5.38,5.15,5.18,4815200.0,25234127.0,292002672.0,0.016490260061729847,000609
2020-11-26,5.18,5.2,5.1,5.15,2282410.0,11752270.0,292002672.0,0.00781640107731617,000609
2020-11-27,5.13,5.19,5.02,5.13,3620200.0,18460878.0,292002672.0,0.012397831756827212,000609
2020-11-30,5.15,5.35,5.14,5.16,6057400.0,31857948.0,292002672.0,0.020744330723110643,000609
2020-12-01,5.15,5.68,5.12,5.68,9030306.0,49623488.0,292002672.0,0.03092542249065447,000609
2020-12-02,5.68,6.08,5.5,5.6,29682233.0,171682615.0,292002672.0,0.10165055270453141,000609
2020-12-03,5.56,5.69,5.45,5.49,15969045.0,88164420.0,292002672.0,0.054688009841225016,000609
2020-12-04,5.48,5.72,5.39,5.6,14611325.0,80604908.0,292002672.0,0.05003832636161631,000609
2020-12-07,5.55,5.58,5.41,5.49,8202808.0,44870391.0,292002672.0,0.02809155116224416,000609
2020-12-08,5.49,5.49,5.39,5.45,5599634.0,30421687.0,292002672.0,0.019176653287611013,000609
2020-12-09,5.44,5.45,5.24,5.24,6879094.0,36623966.0,292002672.0,0.023558325521076055,000609
2020-12-10,5.25,5.27,5.16,5.19,4021600.0,20959029.0,292002672.0,0.013772476712130909,000609
2020-12-11,5.2,5.21,4.99,5.03,6566054.0,33182911.0,292002672.0,0.022486280536501393,000609
2020-12-14,5.05,5.07,5.0,5.04,2593476.0,13059752.0,292002672.0,0.0088816858497788,000609
2020-12-15,5.0,5.01,4.9,4.96,4856100.0,23971899.0,292002672.0,0.01663032727316961,000609
2020-12-16,4.95,5.01,4.88,4.88,4823600.0,23878424.0,292002672.0,0.016519026921781043,000609
2020-12-17,4.88,5.05,4.85,4.97,4828200.0,23824681.0,292002672.0,0.01653478020228527,000609
2020-12-18,4.94,5.0,4.79,4.96,6865900.0,33505674.0,292002672.0,0.023513141003038494,000609
2020-12-21,4.88,4.88,4.77,4.87,4820400.0,23309717.0,292002672.0,0.016508068117952017,000609
2020-12-22,4.86,4.86,4.75,4.75,3851800.0,18439929.0,292002672.0,0.013190975183953112,000609
2020-12-23,4.76,4.8,4.71,4.72,2541240.0,12067206.0,292002672.0,0.008702797075774704,000609
2020-12-24,4.69,4.71,4.53,4.53,5135344.0,23549339.0,292002672.0,0.01758663359080495,000609
2020-12-25,4.55,4.68,4.53,4.62,3200800.0,14773913.0,292002672.0,0.010961543529985232,000609
2020-12-28,4.57,4.63,4.51,4.54,2996542.0,13658463.0,292002672.0,0.010262036232325984,000609
2020-12-29,4.64,4.64,4.51,4.52,2319800.0,10573443.0,292002672.0,0.007944447850805968,000609
2020-12-30,4.52,4.57,4.47,4.55,2323501.0,10522354.0,292002672.0,0.007957122392359479,000609
2020-12-31,4.52,4.66,4.52,4.58,4192600.0,19261816.0,292002672.0,0.01435808779174459,000609
2021-01-04,4.58,4.64,4.49,4.55,3974844.0,18007748.0,292002672.0,0.013612354889684023,000609
2021-01-05,4.52,4.52,4.38,4.41,6064340.0,26814807.0,292002672.0,0.020768097628914847,000609
2021-01-06,4.44,4.46,4.39,4.42,3309400.0,14620908.0,292002672.0,0.011333457934932869,000609
2021-01-07,4.44,4.44,4.12,4.22,6090598.0,25842941.0,292002672.0,0.020858021463584415,000609
2021-01-08,4.18,4.27,4.05,4.18,4348890.0,18173765.0,292002672.0,0.01489332262000671,000609
2021-01-11,4.18,4.18,3.95,3.96,6089708.0,24524006.0,292002672.0,0.020854973546269466,000609
2021-01-12,3.95,4.05,3.9,3.96,3541016.0,14039017.0,292002672.0,0.012126656156077914,000609
2021-01-13,3.96,3.97,3.77,3.94,5182605.0,19958675.0,292002672.0,0.017748484849481102,000609
2021-01-14,3.9,4.02,3.82,3.96,4518100.0,17846087.0,292002672.0,0.01547280361872853,000609
2021-01-15,3.97,4.19,3.97,4.11,5677942.0,23328589.0,292002672.0,0.019444828915812114,000609
2021-01-18,4.1,4.17,4.02,4.14,4234800.0,17504647.0,292002672.0,0.014502607017239898,000609
2021-01-19,4.16,4.35,4.16,4.26,5900501.0,25198996.0,292002672.0,0.02020701029749481,000609
2021-01-20,4.22,4.34,4.22,4.24,3135501.0,13335472.0,292002672.0,0.010737918863975326,000609
2021-01-21,4.24,4.31,4.16,4.21,3915400.0,16531198.0,292002672.0,0.013408781410055042,000609
2021-01-22,4.24,4.28,4.14,4.17,3136696.0,13083519.0,292002672.0,0.010742011292280229,000609
2021-01-25,4.17,4.17,4.03,4.04,3352801.0,13637902.0,292002672.0,0.011482090136490259,000609
2021-01-26,4.04,4.11,3.96,4.0,2316100.0,9297445.0,292002672.0,0.007931776733878654,000609
2021-01-27,4.05,4.13,3.98,3.99,3184900.0,12868940.0,292002672.0,0.01090709197345975,000609
2021-01-28,3.93,4.3,3.9,4.03,5351400.0,21814824.0,292002672.0,0.018326544628331345,000609
2021-01-29,3.99,4.05,3.83,3.84,5159853.0,20144825.0,292002672.0,0.017670567754256714,000609
2021-02-01,3.67,3.83,3.58,3.76,4996300.0,18641003.0,292002672.0,0.0171104598659289,000609
2021-02-02,3.78,3.79,3.63,3.66,3464250.0,12766721.0,292002672.0,0.011863761301471926,000609
2021-02-03,3.58,3.64,3.37,3.46,8496810.0,29604953.0,292002672.0,0.029098398113288498,000609
2021-02-04,3.46,3.52,3.27,3.31,6375810.0,21453306.0,292002672.0,0.021834765950360893,000609
2021-02-05,3.3,3.42,3.28,3.3,4114620.0,13773937.0,292002672.0,0.014091035440935965,000609
2021-02-08,3.3,3.36,3.22,3.22,3721501.0,12196760.0,292002672.0,0.012744749815166075,000609
2021-02-09,3.22,3.27,3.15,3.26,4114301.0,13181917.0,292002672.0,0.014089942985179259,000609
2021-02-10,3.26,3.29,3.21,3.25,2729642.0,8862017.0,292002672.0,0.00934800350046112,000609
2021-02-18,3.23,3.52,3.23,3.41,5769811.0,19655432.0,292002672.0,0.019759445899864916,000609
2021-02-19,3.41,3.68,3.4,3.64,4611704.0,16436437.0,292002672.0,0.015793362329232386,000609
2021-02-22,3.65,3.84,3.64,3.74,5476201.0,20632194.0,292002672.0,0.018753941402289635,000609
2021-02-23,3.75,3.79,3.59,3.7,4785424.0,17702891.0,292002672.0,0.01638828839210074,000609
2021-02-24,3.71,3.85,3.71,3.8,4117500.0,15590331.0,292002672.0,0.014100898364382091,000609
2021-02-25,3.8,3.94,3.77,3.8,7313610.0,28233832.0,292002672.0,0.025046380397505404,000609
2021-02-26,3.72,3.89,3.68,3.83,5384582.0,20582410.0,292002672.0,0.018440180574785973,000609
2021-03-01,3.9,3.98,3.83,3.97,4562200.0,17791938.0,292002672.0,0.015623829633997322,000609
2021-03-02,3.95,4.02,3.85,3.86,3945400.0,15487034.0,292002672.0,0.013511520195952179,000609
2021-03-03,3.86,4.0,3.81,3.91,3274456.0,12770366.0,292002672.0,0.011213787797119883,000609
2021-03-04,3.92,3.95,3.85,3.88,2291406.0,8930210.0,292002672.0,0.007847209014580523,000609
2021-03-05,3.85,3.95,3.83,3.93,2601201.0,10182419.0,292002672.0,0.008908141087147312,000609
2021-03-08,3.98,4.03,3.92,3.93,3375500.0,13388862.0,292002672.0,0.011559825726526229,000609
2021-03-09,3.93,3.98,3.76,3.87,3267210.0,12697470.0,292002672.0,0.011188972955699528,000609
2021-03-10,3.87,3.92,3.76,3.79,2330700.0,8887585.0,292002672.0,0.007981776276348595,000609
2021-03-11,3.78,3.82,3.71,3.8,2221401.0,8370447.0,292002672.0,0.0076074680576895546,000609
2021-03-12,3.81,3.83,3.66,3.76,3020800.0,11304948.0,292002672.0,0.01034511081460241,000609
2021-03-15,3.74,3.87,3.72,3.8,2365500.0,8995428.0,292002672.0,0.008100953267989274,000609
2021-03-16,3.81,4.05,3.77,3.93,5416700.0,21324479.0,292002672.0,0.01855017271896745,000609
2021-03-17,3.94,4.03,3.89,3.9,2719900.0,10698586.0,292002672.0,0.009314640792054123,000609
2021-03-18,3.89,3.93,3.86,3.89,2277300.0,8865644.0,292002672.0,0.00779890123745169,000609
2021-03-19,3.89,3.95,3.83,3.89,2360400.0,9180948.0,292002672.0,0.00808348767438676,000609
2021-03-22,3.86,3.92,3.8,3.91,2782901.0,10769727.0,292002672.0,0.009530395667064307,000609
2021-03-23,3.91,3.91,3.77,3.81,3071000.0,11720786.0,292002672.0,0.010517027049670285,000609
2021-03-24,3.77,3.84,3.73,3.78,2505403.0,9471693.0,292002672.0,0.00858006874676818,000609
2021-03-25,3.78,3.84,3.74,3.75,2712500.0,10267708.0,292002672.0,0.009289298558199495,000609
2021-03-26,4.11,4.13,3.98,4.13,6934189.0,28589479.0,292002672.0,0.023747005301376148,000609
2021-03-29,4.3,4.3,3.95,3.96,21704635.0,87923329.0,292002672.0,0.07433026160801706,000609
2021-03-30,3.9,3.94,3.64,3.7,15434688.0,57936281.0,292002672.0,0.0528580368607038,000609
2021-03-31,3.65,3.76,3.55,3.67,7442800.0,27265222.0,292002672.0,0.025488807855840442,000609
2021-04-01,3.67,4.0,3.61,3.75,13462701.0,50964323.0,292002672.0,0.04610471852120586,000609
2021-04-02,3.71,3.89,3.71,3.8,8585821.0,32776649.0,292002672.0,0.0294032275156715,000609
2021-04-06,3.78,3.93,3.77,3.81,6111600.0,23526371.0,292002672.0,0.020929945462964804,000609
2021-04-07,3.81,3.99,3.78,3.93,8187614.0,31878056.0,292002672.0,0.028039517391813457,000609
2021-04-08,3.9,3.96,3.83,3.84,6212267.0,24066557.0,292002672.0,0.021274692308295044,000609
2021-04-09,3.82,3.88,3.76,3.8,3868800.0,14692602.0,292002672.0,0.013249193829294823,000609
2021-04-12,3.81,3.82,3.71,3.72,3278400.0,12284575.0,292002672.0,0.011227294522839161,000609
2021-04-13,3.71,3.77,3.64,3.68,4487900.0,16497275.0,292002672.0,0.015369379907592079,000609
2021-04-14,3.64,3.77,3.63,3.76,3471370.0,12926342.0,292002672.0,0.011888144639991513,000609
2021-04-15,3.68,3.78,3.61,3.76,3277501.0,12215710.0,292002672.0,0.011224215783888443,000609
2021-04-16,3.78,3.9,3.73,3.88,5681300.0,21930084.0,292002672.0,0.0194563288105802,000609
2021-04-19,3.92,3.94,3.84,3.85,4619020.0,17895657.0,292002672.0,0.0158184168944865,000609
2021-04-20,3.85,3.91,3.83,3.88,3825670.0,14813891.0,292002672.0,0.013101489701436705,000609
2021-04-21,3.9,3.9,3.81,3.82,2809101.0,10774578.0,292002672.0,0.009620120873414474,000609
2021-04-22,3.78,3.9,3.77,3.81,2268700.0,8692786.0,292002672.0,0.007769449452161178,000609
2021-04-23,3.81,3.81,3.67,3.69,3251073.0,12063651.0,292002672.0,0.011133709762765459,000609
2021-04-26,3.71,3.73,3.64,3.64,2704600.0,9922003.0,292002672.0,0.009262244011246583,000609
2021-04-27,3.64,3.67,3.55,3.61,2844872.0,10224854.0,292002672.0,0.009742623177092024,000609
2021-04-28,3.25,3.25,3.25,3.25,2047800.0,6655350.0,292002672.0,0.00701294952533859,000609
2021-04-30,3.09,3.09,3.09,3.09,161200.0,498108.0,292002672.0,0.0005520497428872842,000609
2021-05-06,2.94,2.94,2.94,2.94,901400.0,2650116.0,292002672.0,0.0030869580535893178,000609
2021-05-07,2.79,2.79,2.79,2.79,1347600.0,3759804.0,292002672.0,0.004615026262499406,000609
2021-05-10,2.7,2.79,2.65,2.74,25539308.0,68834642.0,292002672.0,0.0874625832191015,000609
2021-05-11,2.68,2.78,2.66,2.76,11814966.0,32452001.0,292002672.0,0.04046184207519855,000609
2021-05-12,2.75,2.8,2.72,2.78,7806562.0,21516288.0,292002672.0,0.02673455673035759,000609
2021-05-13,2.77,2.88,2.76,2.81,7780732.0,21862791.0,292002672.0,0.026646098635700156,000609
2021-05-14,2.81,2.83,2.78,2.8,5897831.0,16556041.0,292002672.0,0.020197866545549968,000609
2021-05-17,2.79,2.79,2.66,2.66,2902100.0,7730873.0,292002672.0,0.009938607685069403,000609
2021-05-18,2.58,2.61,2.53,2.53,9194279.0,23323005.0,292002672.0,0.031486968721984844,000609
2021-05-19,2.53,2.62,2.5,2.51,4595098.0,11675272.0,292002672.0,0.015736492986612123,000609
2021-05-20,2.51,2.53,2.38,2.38,9084194.0,22006472.0,292002672.0,0.0311099687471353,000609
2021-05-21,2.35,2.4,2.33,2.4,4594622.0,10880392.0,292002672.0,0.015734862864542554,000609
2021-05-24,2.41,2.5,2.4,2.47,3811953.0,9343839.0,292002672.0,0.013054514103898338,000609
2021-05-25,2.47,2.53,2.45,2.47,2804086.0,6945608.0,292002672.0,0.009602946373038669,000609
2021-05-26,2.47,2.49,2.45,2.47,2894601.0,7133989.0,292002672.0,0.009912926413221314,000609
2021-05-27,2.47,2.53,2.46,2.49,4445327.0,11107741.0,292002672.0,0.01522358329652545,000609
2021-05-28,2.49,2.59,2.49,2.52,3472168.0,8794640.0,292002672.0,0.011890877491696377,000609
2021-05-31,2.52,2.53,2.48,2.51,2530075.0,6346988.0,292002672.0,0.008664561124289986,000609
2021-06-01,2.5,2.59,2.5,2.56,3887859.0,9902955.0,292002672.0,0.013314463779975274,000609
2021-06-02,2.57,2.61,2.56,2.56,4009700.0,10365633.0,292002672.0,0.01373172366039171,000609
2021-06-03,2.56,2.69,2.54,2.66,7744682.0,20504473.0,292002672.0,0.026522640861313763,000609
2021-06-04,2.64,2.67,2.61,2.63,6001962.0,15817502.0,292002672.0,0.020554476296025127,000609
2021-06-07,2.65,2.71,2.63,2.69,5104278.0,13631933.0,292002672.0,0.017480244153382268,000609
2021-06-08,2.68,2.77,2.68,2.76,4360609.0,11919152.0,292002672.0,0.014933455814404329,000609
2021-06-09,2.78,2.85,2.78,2.82,6606409.0,18610374.0,292002672.0,0.022624481326664024,000609
2021-06-10,2.84,2.89,2.7,2.72,6942428.0,19158828.0,292002672.0,0.023775220796609698,000609
2021-06-11,2.72,2.77,2.69,2.69,3879303.0,10569583.0,292002672.0,0.01328516267823741,000609
2021-06-15,2.71,2.73,2.65,2.67,3471900.0,9343870.0,292002672.0,0.011889959691875696,000609
2021-06-16,2.67,2.74,2.66,2.72,3222358.0,8736044.0,292002672.0,0.011035371621530916,000609
2021-06-17,2.75,2.75,2.69,2.72,3209958.0,8725927.0,292002672.0,0.010992906256693432,000609
2021-06-18,2.71,2.72,2.66,2.7,3212877.0,8656456.0,292002672.0,0.011002902740561224,000609
2021-06-21,2.71,2.82,2.68,2.8,5250060.0,14493321.0,292002672.0,0.017979493009570816,000609
2021-06-22,2.8,2.87,2.77,2.85,4022000.0,11347215.0,292002672.0,0.013773846562609536,000609
2021-06-23,2.84,2.94,2.83,2.93,5116180.0,14824638.0,292002672.0,0.01752100405437386,000609
2021-06-24,2.96,3.08,2.94,3.08,5318246.0,16108503.0,292002672.0,0.018213004571410223,000609
2021-06-25,3.23,3.23,3.05,3.16,14542679.0,46072576.0,292002672.0,0.049803239471726476,000609
2021-06-28,3.1,3.24,3.07,3.16,8076360.0,25493082.0,292002672.0,0.02765851402894012,000609
2021-06-29,3.1,3.13,3.01,3.06,7521666.0,22990577.0,292002672.0,0.02575889442545923,000609
2021-06-30,3.07,3.09,2.99,3.0,3501810.0,10632235.0,292089522.0,0.011988824439926332,000609
2021-07-01,2.98,3.1,2.9,2.91,6265002.0,18862832.0,292089522.0,0.02144891044739359,000609
2021-07-02,2.89,2.98,2.89,2.95,3809700.0,11177388.0,292089522.0,0.013042919081499953,000609
2021-07-05,2.96,3.1,2.94,3.09,5731823.0,17446813.0,292089522.0,0.019623514601800746,000609
2021-07-06,3.11,3.2,3.1,3.11,5905615.0,18520651.0,292089522.0,0.0202185102689168,000609
2021-07-07,3.08,3.2,3.07,3.14,5021798.0,15769338.0,292089522.0,0.01719266739051324,000609
2021-07-08,3.13,3.17,3.09,3.1,4408100.0,13738066.0,292089522.0,0.015091606059049252,000609
2021-07-09,3.1,3.15,3.08,3.13,3775182.0,11789093.0,292089522.0,0.012924742983419994,000609
2021-07-12,3.18,3.2,3.09,3.1,4390710.0,13769768.0,292089522.0,0.015032069517372144,000609
2021-07-13,3.26,3.26,3.26,3.26,1692702.0,5518209.0,292089522.0,0.00579514796836841,000609
2021-07-14,3.38,3.42,3.21,3.24,12961828.0,43285850.0,292089522.0,0.0443762169599497,000609
2021-07-15,3.09,3.25,3.08,3.2,8766430.0,27449355.0,292089522.0,0.030012819152068042,000609
2021-07-16,3.2,3.32,3.19,3.3,5863094.0,19149072.0,292089522.0,0.020072935036676873,000609
2021-07-19,3.35,3.46,3.28,3.43,7379492.0,24956379.0,292089522.0,0.025264487234841652,000609
2021-07-20,3.4,3.43,3.28,3.37,6205783.0,20764576.0,292089522.0,0.021246167810155134,000609
2021-07-21,3.35,3.4,3.3,3.31,5002201.0,16720825.0,292089522.0,0.017125574946163253,000609
2021-07-22,3.3,3.35,3.27,3.29,3497800.0,11583049.0,292089522.0,0.011975095772179051,000609
2021-07-23,3.29,3.32,3.18,3.25,5358350.0,17284835.0,292089522.0,0.018344889482204706,000609
2021-07-26,3.25,3.26,3.1,3.13,3580340.0,11361370.0,292089522.0,0.012257680369650508,000609
2021-07-27,3.13,3.2,3.02,3.04,3929570.0,12223231.0,292089522.0,0.013453306962514048,000609
2021-07-28,3.03,3.06,2.89,2.91,3516413.0,10347931.0,292089522.0,0.012038819386338686,000609
2021-07-29,2.95,3.02,2.91,2.98,2985713.0,8853757.0,292089522.0,0.010221910664772151,000609
2021-07-30,2.95,2.99,2.91,2.96,2425342.0,7144497.0,292089522.0,0.008303420072699493,000609
2021-08-02,2.99,3.0,2.93,2.99,1919532.0,5687008.0,292089522.0,0.006571724952187775,000609
2021-08-03,2.96,3.14,2.95,3.14,2300710.0,7026238.0,292089522.0,0.007876728970784511,000609
2021-08-04,3.3,3.3,3.3,3.3,456800.0,1507440.0,292089522.0,0.0015639040964981962,000609
2021-08-05,3.47,3.47,3.37,3.47,16202558.0,55940612.0,292089522.0,0.055471205844898466,000609
2021-08-06,3.53,3.64,3.49,3.64,7748399.0,27884035.0,292089522.0,0.026527480160688545,000609
2021-08-09,3.79,3.82,3.73,3.82,3822507.0,14521408.0,292089522.0,0.013086765228093324,000609
2021-08-10,3.69,3.95,3.65,3.68,18755661.0,70351864.0,292089522.0,0.06421202948868532,000609
2021-08-11,3.65,3.86,3.58,3.86,6932936.0,25757074.0,292089522.0,0.023735654577845485,000609
2021-08-12,3.92,4.05,3.83,3.9,19737197.0,79091065.0,292089522.0,0.0675724239091329,000609
2021-08-13,3.84,4.1,3.76,3.96,15076239.0,59175007.0,292089522.0,0.05161513119939989,000609
2021-08-16,3.94,4.16,3.88,4.13,21261987.0,87595037.0,292089522.0,0.07279270702493737,000609
2021-08-17,4.01,4.19,3.92,3.92,18776553.0,75702812.0,292089522.0,0.06428355550528786,000609
2021-08-18,3.86,4.12,3.86,4.12,16032487.0,65540913.0,292089522.0,0.05488894942284167,000609
2021-08-19,4.08,4.15,3.91,3.92,13453850.0,54247666.0,292089522.0,0.046060707374501436,000609
2021-08-20,3.95,3.97,3.77,3.94,8788452.0,34223735.0,292089522.0,0.030088213845616826,000609
2021-08-23,3.93,4.14,3.9,4.09,6588758.0,26606766.0,292089522.0,0.02255732405217877,000609
2021-08-24,4.06,4.18,4.02,4.06,7732292.0,31491653.0,292089522.0,0.02647233610796898,000609
2021-08-25,4.02,4.09,3.98,4.06,4467767.0,18082653.0,292089522.0,0.015295882472634538,000609
2021-08-26,4.07,4.26,4.04,4.26,11306120.0,47984595.0,292089522.0,0.0387077219428638,000609
2021-08-27,4.22,4.47,4.22,4.47,5666090.0,24971663.0,292089522.0,0.019398470582590772,000609
2021-08-30,4.69,4.69,4.57,4.69,3102621.0,14538439.0,292089522.0,0.010622157819136011,000609
2021-08-31,4.92,4.92,4.92,4.92,1487278.0,7317408.0,292089522.0,0.005091856735620937,000609
2021-09-01,5.17,5.17,4.67,4.82,19871767.0,97326247.0,292089522.0,0.0680331388265273,000609
2021-09-02,4.76,5.06,4.71,4.8,14690047.0,72230429.0,292089522.0,0.05029296121070718,000609
2021-09-03,5.04,5.04,4.8,4.96,18937698.0,94010709.0,292089522.0,0.06483525280307727,000609
2021-09-06,4.74,5.06,4.71,4.85,15442317.0,74777991.0,292089522.0,0.05286843873844951,000609
2021-09-07,5.08,5.09,4.94,5.09,12020846.0,60867475.0,292089522.0,0.04115466353496926,000609
2021-09-08,5.34,5.34,5.34,5.34,1229900.0,6567666.0,292089522.0,0.004210695377152214,000609
2021-09-09,5.61,5.61,5.61,5.61,1071700.0,6012237.0,292089522.0,0.003669080604678452,000609
2021-09-10,5.85,5.89,5.62,5.89,33047429.0,193601962.0,292089522.0,0.11314143956180667,000609
2021-09-13,5.91,6.14,5.74,5.96,19111825.0,112752882.0,292089522.0,0.06543139537884553,000609
2021-09-14,5.89,5.96,5.66,5.68,15258424.0,87867794.0,292089522.0,0.052238861207763554,000609
2021-09-15,5.42,5.63,5.4,5.4,15643767.0,84756261.0,292089522.0,0.05355812455333472,000609
2021-09-16,5.36,5.53,5.13,5.13,13965802.0,73690231.0,292089522.0,0.04781343029483954,000609
2021-09-17,5.14,5.18,4.87,4.92,10667729.0,52981478.0,292089522.0,0.03652212146110465,000609
2021-09-22,4.86,5.08,4.71,4.95,8392400.0,41179122.0,292089522.0,0.02873228708286222,000609
2021-09-23,4.85,4.98,4.7,4.91,14196478.0,67620883.0,292089522.0,0.04860317447470779,000609
2021-09-24,4.84,4.85,4.66,4.66,9152600.0,43123603.0,292089522.0,0.03133491382138658,000609
2021-09-27,4.5,4.56,4.43,4.43,5534986.0,24615981.0,292089522.0,0.018949621890236787,000609
2021-09-28,4.54,4.56,4.21,4.21,14532208.0,62112338.0,292089522.0,0.04975258236069146,000609
2021-09-29,4.15,4.24,4.01,4.17,9896595.0,40602241.0,292089522.0,0.033882060993615515,000609
2021-09-30,4.34,4.38,4.3,4.38,2976613.0,12964157.0,292089522.0,0.0101907558327272,000609
2021-10-08,4.6,4.6,4.35,4.52,13676610.0,61497571.0,292089522.0,0.0468233502740985,000609
2021-10-11,4.55,4.75,4.5,4.75,6187054.0,28645227.0,292089522.0,0.021182047057477126,000609
2021-10-12,4.8,4.99,4.73,4.99,11609434.0,57381550.0,292089522.0,0.039746150154609104,000609
2021-10-13,4.89,5.11,4.88,4.9,8272581.0,41105719.0,292089522.0,0.028322073805851892,000609
2021-10-14,4.91,4.92,4.66,4.66,5767401.0,27056014.0,292089522.0,0.019745319724272754,000609
2021-10-15,4.43,4.64,4.43,4.51,9698800.0,43444496.0,292089522.0,0.03320488846566704,000609
2021-10-18,4.53,4.53,4.28,4.34,7881300.0,34021539.0,292089522.0,0.026982481076469427,000609
2021-10-19,4.34,4.46,4.26,4.29,5633527.0,24381489.0,292089522.0,0.0192869876379886,000609
2021-10-20,4.25,4.38,4.13,4.38,6363729.0,26929355.0,292089522.0,0.02178691298621797,000609
2021-10-21,4.25,4.35,4.22,4.27,3568500.0,15260203.0,292089522.0,0.0122171448519129,000609
2021-10-22,4.22,4.25,4.1,4.17,4534102.0,18822142.0,292089522.0,0.015522987503810561,000609
2021-10-25,4.14,4.14,3.96,3.96,6209000.0,24836094.0,292089522.0,0.02125718155682421,000609
2021-10-26,4.11,4.16,4.03,4.16,1888353.0,7800614.0,292089522.0,0.006464980280942772,000609
2021-10-27,4.3,4.37,4.25,4.37,6650823.0,28915450.0,292089522.0,0.022769810277549086,000609
2021-10-28,4.59,4.59,4.5,4.59,4977400.0,22830781.0,292089522.0,0.01704066604621305,000609
2021-10-29,4.66,4.76,4.47,4.71,11767652.0,54202876.0,292089522.0,0.040287826552025376,000609
2021-11-01,4.64,4.95,4.56,4.95,7885313.0,37868252.0,292089522.0,0.026996220015040456,000609
2021-11-02,4.9,4.97,4.7,4.7,7930727.0,38269965.0,292089522.0,0.027151699744984346,000609
2021-11-03,4.63,4.9,4.56,4.82,7281040.0,34157403.0,292089522.0,0.024927426188194452,000609
2021-11-04,4.77,4.87,4.71,4.8,5312889.0,25338323.0,292089522.0,0.018189248842688716,000609
2021-11-05,4.74,5.04,4.71,4.91,7769336.0,38080966.0,292089522.0,0.02659916023964735,000609
2021-11-08,4.83,5.1,4.76,4.99,6613470.0,32615415.0,292089522.0,0.022641928251024356,000609
2021-11-09,4.96,5.24,4.94,5.24,12966600.0,67405987.0,292089522.0,0.044392554416929755,000609
2021-11-10,5.15,5.2,5.05,5.09,9870300.0,50514476.0,292089522.0,0.03379203722343727,000609
2021-11-11,5.05,5.32,5.05,5.13,8842666.0,45842367.0,292089522.0,0.030273821325230557,000609
2021-11-12,5.02,5.11,4.98,5.09,6347923.0,32069783.0,292089522.0,0.021732799439481434,000609
2021-11-15,5.01,5.3,4.99,5.12,5197996.0,26737300.0,292089522.0,0.017795900258277667,000609
2021-11-16,5.12,5.29,5.06,5.25,6645999.0,34547420.0,292089522.0,0.022753294792957346,000609
2021-11-17,5.27,5.45,5.23,5.41,6135972.0,32982144.0,292089522.0,0.021007162317859523,000609
2021-11-18,5.37,5.54,5.28,5.38,7356702.0,39718341.0,292089522.0,0.025186463210412593,000609
2021-11-19,5.4,5.65,5.31,5.62,8640929.0,48127647.0,292089522.0,0.029583152934873166,000609
2021-11-22,5.51,5.83,5.5,5.78,7967340.0,45020453.0,292089522.0,0.027277048301650477,000609
2021-11-23,5.75,5.75,5.49,5.49,9344700.0,52137985.0,292089522.0,0.03199258890224758,000609
2021-11-24,5.22,5.35,5.22,5.22,14101755.0,73861955.0,292089522.0,0.048278880061983186,000609
2021-11-25,5.2,5.48,5.18,5.33,11904458.0,64081861.0,292089522.0,0.04075619665672225,000609
2021-11-26,5.31,5.6,5.27,5.6,14677278.0,81362823.0,292089522.0,0.05024924516121465,000609
2021-11-29,5.68,5.75,5.36,5.48,13588750.0,75952015.0,292089522.0,0.04652255208250846,000609
2021-11-30,5.26,5.75,5.21,5.21,26154073.0,141493416.0,292089522.0,0.08954129138531713,000609
2021-12-01,4.95,4.95,4.95,4.95,3312600.0,16397370.0,292089522.0,0.011341043585945544,000609
2021-12-02,4.83,5.1,4.77,4.9,15389725.0,75210312.0,292089522.0,0.05268838435087719,000609
2021-12-03,4.83,4.84,4.66,4.72,9999398.0,47270850.0,292089522.0,0.0342340181583097,000609
2021-12-06,4.71,4.89,4.6,4.77,4794763.0,23013777.0,292089522.0,0.016415388567070886,000609
2021-12-07,4.79,5.01,4.78,5.01,5831169.0,29008081.0,292089522.0,0.019963636353925767,000609
2021-12-08,5.11,5.13,4.92,4.94,7247022.0,36316846.0,292089522.0,0.02481096189407301,000609
2021-12-09,5.0,5.04,4.89,4.99,3110611.0,15430724.0,292089522.0,0.010649512446393061,000609
2021-12-10,5.03,5.07,4.92,4.98,3366521.0,16793346.0,292089522.0,0.011525647948439589,000609
2021-12-13,4.92,5.03,4.8,4.83,4110501.0,20201444.0,292089522.0,0.014072743766549763,000609
2021-12-14,4.79,4.86,4.66,4.76,3133000.0,14796435.0,292089522.0,0.010726163604047392,000609
2021-12-15,4.74,4.9,4.72,4.78,2022400.0,9694506.0,292089522.0,0.006923904651396568,000609
2021-12-16,4.8,4.83,4.75,4.75,1536200.0,7337412.0,292089522.0,0.00525934648213776,000609
2021-12-17,4.75,4.79,4.66,4.73,1812900.0,8559014.0,292089522.0,0.0062066587927792904,000609
2021-12-20,4.68,4.76,4.5,4.56,2555792.0,11857213.0,292089522.0,0.00875002972547574,000609
2021-12-21,4.56,4.79,4.38,4.79,4156610.0,19144279.0,292089522.0,0.014230602903995988,000609
2021-12-22,4.79,4.96,4.7,4.74,2930500.0,14162607.0,292089522.0,0.010032883000849308,000609
2021-12-23,4.62,4.76,4.62,4.7,1427490.0,6708962.0,292089522.0,0.004887166065477693,000609
2021-12-24,4.77,4.92,4.72,4.79,2184600.0,10553440.0,292089522.0,0.00747921385553844,000609
2021-12-27,4.78,4.93,4.74,4.84,2049002.0,9955912.0,292089522.0,0.007014979469205335,000609
2021-12-28,4.81,4.88,4.79,4.81,1110200.0,5355420.0,292089522.0,0.0038008895094840136,000609
2021-12-29,4.79,4.86,4.75,4.8,1366800.0,6551573.0,292089522.0,0.0046793873009932895,000609
2021-12-30,5.03,5.04,4.83,4.87,4350202.0,21565319.0,292089522.0,0.01489338600786919,000609
2021-12-31,4.78,4.88,4.74,4.84,2569590.0,12367258.0,292089022.0,0.008797283726739994,000609
2022-01-04,4.84,4.95,4.79,4.82,2433306.0,11787223.0,292089022.0,0.008330699946675846,000609
2022-01-05,4.86,4.89,4.75,4.82,2193100.0,10563886.0,292089022.0,0.007508327375617698,000609
2022-01-06,4.81,4.89,4.76,4.81,1767810.0,8519958.0,292089022.0,0.0060522986721493425,000609
2022-01-07,4.8,4.83,4.79,4.83,2283600.0,10979758.0,292089022.0,0.007818164422488977,000609
2022-01-10,4.82,4.87,4.74,4.76,1712360.0,8207635.0,292089022.0,0.005862459288182354,000609
2022-01-11,4.8,4.82,4.75,4.79,1629800.0,7801350.0,292089022.0,0.005579805734705086,000609
2022-01-12,4.8,4.82,4.74,4.78,1491111.0,7100443.0,292089022.0,0.005104988163505851,000609
2022-01-13,4.83,5.02,4.73,4.77,3842508.0,18725922.0,292089022.0,0.013155263329273635,000609
2022-01-14,4.75,4.79,4.61,4.75,1549156.0,7332151.0,292089022.0,0.005303711825225667,000609
2022-01-17,4.51,4.68,4.51,4.52,5313400.0,24204741.0,292089022.0,0.018191029445810532,000609
2022-01-18,4.68,4.68,4.56,4.65,2350098.0,10907125.0,292089022.0,0.008045827891470703,000609
2022-01-19,4.64,4.88,4.58,4.84,3770802.0,18144118.0,292089022.0,0.012909769679738255,000609
2022-01-20,4.94,4.94,4.83,4.83,2564410.0,12512353.0,292089022.0,0.008779549407372113,000609
2022-01-21,4.93,4.93,4.78,4.82,1582810.0,7628793.0,292089022.0,0.005418930123296452,000609
2022-01-24,4.77,4.82,4.73,4.75,927400.0,4422636.0,292089022.0,0.003175059417330652,000609
2022-01-25,4.73,4.77,4.51,4.53,1638000.0,7539442.0,292089022.0,0.005607879367681268,000609
2022-01-26,4.5,4.6,4.46,4.58,1134900.0,5165453.0,292089022.0,0.003885459276179164,000609
2022-01-27,4.59,4.61,4.38,4.39,1848800.0,8324381.0,292089022.0,0.006329577151995805,000609
2022-01-28,4.39,4.53,4.37,4.46,1063400.0,4748409.0,292089022.0,0.003640670891081966,000609
2022-02-07,4.46,4.53,4.4,4.49,792587.0,3549733.0,292089022.0,0.002713511773133329,000609
2022-02-08,4.5,4.66,4.5,4.62,787278.0,3610223.0,292089022.0,0.00269533580758814,000609
2022-02-09,4.66,4.69,4.65,4.66,824700.0,3846597.0,292089022.0,0.002823454282372858,000609
2022-02-10,4.67,4.78,4.63,4.76,1352500.0,6348875.0,292089022.0,0.004630437634181267,000609
2022-02-11,4.77,4.81,4.68,4.68,982100.0,4655977.0,292089022.0,0.0033623310909644526,000609
2022-02-14,4.66,4.68,4.49,4.62,1192900.0,5510425.0,292089022.0,0.004084028875278989,000609
2022-02-15,4.63,4.66,4.56,4.57,984232.0,4514491.0,292089022.0,0.00336963023553826,000609
2022-02-16,4.61,4.62,4.54,4.58,979900.0,4478291.0,292089022.0,0.0033547991406537698,000609
2022-02-17,4.58,4.64,4.57,4.58,1031600.0,4739011.0,292089022.0,0.0035317999729548204,000609
2022-02-18,4.58,4.63,4.51,4.62,1796210.0,8250827.0,292089022.0,0.006149529303432705,000609
2022-02-21,4.58,4.62,4.54,4.59,1428300.0,6541510.0,292089022.0,0.004889947558522073,000609
2022-02-22,4.56,4.59,4.52,4.53,1174200.0,5339493.0,292089022.0,0.004020007297638184,000609
2022-02-23,4.53,4.58,4.52,4.54,1548274.0,7026489.0,292089022.0,0.005300692197873839,000609
2022-02-24,4.53,4.64,4.39,4.47,2643500.0,11920270.0,292089022.0,0.009050323021041168,000609
2022-02-25,4.46,4.53,4.46,4.47,762327.0,3432510.0,292089022.0,0.002609913220223662,000609
2022-02-28,4.47,4.53,4.39,4.45,746928.0,3311178.0,292089022.0,0.002557192991662658,000609
2022-03-01,4.44,4.67,4.43,4.67,3829428.0,17641383.0,292089022.0,0.013110482461062847,000609
2022-03-02,4.67,4.78,4.65,4.77,3572502.0,16849126.0,292089022.0,0.012230867067643508,000609
2022-03-03,4.79,5.01,4.75,5.01,6052053.0,29981389.0,292089022.0,0.020719892033463687,000609
2022-03-04,5.18,5.23,4.97,5.03,8267648.0,42320971.0,292089022.0,0.02830523360100812,000609
2022-03-07,5.04,5.23,4.78,4.78,10174000.0,50603821.0,292089022.0,0.034831846573131396,000609
2022-03-08,4.54,4.62,4.54,4.54,6138532.0,27943540.0,292089022.0,0.021015962729335307,000609
2022-03-09,4.5,4.55,4.32,4.45,4203319.0,18694802.0,292089022.0,0.014390540839977204,000609
2022-03-10,4.55,4.61,4.49,4.54,3942500.0,18012392.0,292089022.0,0.013497597318121734,000609
2022-03-11,4.59,4.76,4.55,4.72,5881100.0,27453221.0,292089022.0,0.02013461498734451,000609
2022-03-14,4.75,4.75,4.54,4.56,2876400.0,13362151.0,292089022.0,0.009847682669840293,000609
2022-03-15,4.5,4.54,4.33,4.33,3457600.0,15206570.0,292089022.0,0.011837486997371643,000609
2022-03-16,4.43,4.43,4.23,4.39,3003757.0,13050536.0,292089022.0,0.010283703849711955,000609
2022-03-17,4.41,4.47,4.33,4.35,3434754.0,15053503.0,292089022.0,0.011759271117008979,000609
2022-03-18,4.3,4.47,4.3,4.45,2072610.0,9118807.0,292089022.0,0.007095816151556699,000609
2022-03-21,4.4,4.53,4.4,4.49,1601900.0,7168666.0,292089022.0,0.005484286910310515,000609
2022-03-22,4.48,4.62,4.43,4.6,2163557.0,9820676.0,292089022.0,0.007407183553786558,000609
2022-03-23,4.57,4.74,4.57,4.73,2487020.0,11621385.0,292089022.0,0.00851459593712495,000609
2022-03-24,4.7,4.81,4.6,4.72,2793337.0,13125264.0,292089022.0,0.0095633070386329,000609
2022-03-25,4.72,4.81,4.6,4.68,2164500.0,10237705.0,292089022.0,0.0074104120215788185,000609
2022-03-28,4.65,4.65,4.51,4.57,1999500.0,9131944.0,292089022.0,0.006845515748277592,000609
2022-03-29,4.6,4.62,4.53,4.57,1000200.0,4570137.0,292089022.0,0.0034242985003387085,000609
2022-03-30,4.56,4.66,4.56,4.63,1442310.0,6680162.0,292089022.0,0.0049379123875460135,000609
2022-03-31,4.6,4.79,4.6,4.71,2719110.0,12855672.0,292089022.0,0.009309182458764232,000609
2022-04-01,4.67,4.78,4.67,4.76,1270300.0,6037412.0,292089022.0,0.004349016581663929,000609
2022-04-06,4.81,4.84,4.74,4.79,2312000.0,11082922.0,292089022.0,0.00791539505377234,000609
2022-04-07,4.79,4.8,4.55,4.77,6885507.0,31917521.0,292089022.0,0.023573316630845508,000609
2022-04-08,4.74,4.92,4.72,4.9,5942478.0,28882976.0,292089022.0,0.02034474955378501,000609
2022-04-11,4.9,4.95,4.72,4.87,6211908.0,30048580.0,292089022.0,0.02126717381387925,000609
2022-04-12,5.11,5.11,4.9,4.99,12271974.0,62022149.0,292089022.0,0.04201449926454271,000609
2022-04-13,4.86,5.08,4.85,4.98,6660759.0,33074957.0,292089022.0,0.022803866281561242,000609
2022-04-14,4.98,5.02,4.87,4.89,3973900.0,19599198.0,292089022.0,0.013605098790737846,000609
2022-04-15,4.86,4.97,4.85,4.87,2700899.0,13257871.0,292089022.0,0.009246835028260665,000609
2022-04-18,4.88,4.92,4.77,4.82,2180600.0,10515507.0,292089022.0,0.007465532203397908,000609
2022-04-19,4.81,4.93,4.75,4.88,2008900.0,9758651.0,292089022.0,0.006877697717786874,000609
2022-04-20,4.88,4.9,4.67,4.72,2701242.0,12918459.0,292089022.0,0.009248009327786376,000609
2022-04-21,4.65,4.78,4.53,4.6,2758242.0,12779742.0,292089022.0,0.009443155313108617,000609
2022-04-22,4.57,4.59,4.45,4.51,1633586.0,7387219.0,292089022.0,0.005592767536467016,000609
2022-04-25,4.48,4.59,4.28,4.28,2816600.0,12409536.0,292089022.0,0.009642950565940818,000609
2022-04-26,4.29,4.38,4.13,4.26,1475301.0,6288134.0,292089022.0,0.00505086082968226,000609
2022-04-27,4.06,4.27,4.05,4.15,3214451.0,13164168.0,292089022.0,0.011005038730966069,000609
2022-04-28,4.05,4.05,3.94,3.94,3468556.0,13746141.0,292089022.0,0.011874996109918845,000609
2022-04-29,3.89,4.14,3.87,4.14,2604502.0,10631092.0,292089022.0,0.008916808930942977,000609
2022-05-05,4.19,4.23,4.11,4.21,1689080.0,7025262.0,292089022.0,0.005782757559440218,000609
2022-05-06,4.19,4.19,4.04,4.09,1075410.0,4404207.0,292089022.0,0.0036817884925507403,000609
2022-05-09,4.09,4.21,4.02,4.19,1127300.0,4669226.0,292089022.0,0.003859439811469532,000609
2022-05-10,4.16,4.4,4.13,4.32,2733400.0,11815057.0,292089022.0,0.009358105899645896,000609
2022-05-11,4.32,4.43,4.32,4.36,1840780.0,8074724.0,292089022.0,0.0063021197694995874,000609
2022-05-12,4.35,4.48,4.33,4.45,1968011.0,8688495.0,292089022.0,0.006737709574035275,000609
2022-05-16,4.9,4.9,4.9,4.9,537820.0,2635318.0,292089022.0,0.0018412879618597922,000609
2022-05-17,5.39,5.39,5.39,5.39,1340493.0,7225257.0,292089022.0,0.004589330303553825,000609
2022-05-18,5.5,5.93,5.4,5.93,38095112.0,219681486.0,292089022.0,0.13042295030177478,000609
2022-05-19,6.0,6.52,6.0,6.52,40504894.0,258016119.0,292089022.0,0.13867311315794675,000609
2022-05-20,6.99,7.17,6.33,6.61,88956717.0,619752705.0,292089022.0,0.3045534419297689,000609
2022-05-23,5.95,5.95,5.95,5.95,7499700.0,44623215.0,292089022.0,0.025676076247740664,000609
2022-05-24,5.36,5.68,5.36,5.36,61461270.0,334876639.0,292089022.0,0.2104196507597605,000609
2022-05-25,5.16,5.28,4.93,5.1,37054700.0,189418916.0,292089022.0,0.1268609814442119,000609
2022-05-26,5.08,5.28,5.04,5.1,23764950.0,122035540.0,292089022.0,0.08136201024357567,000609
2022-05-27,5.09,5.09,4.9,4.92,21629294.0,107428157.0,292089022.0,0.07405034893779747,000609
2022-05-30,4.96,5.01,4.78,4.98,19188966.0,94199448.0,292089022.0,0.06569560837517543,000609
2022-05-31,5.03,5.1,4.9,5.09,15426683.0,77108555.0,292089022.0,0.052815004461208404,000609
2022-06-01,5.06,5.06,4.96,4.99,9894300.0,49548886.0,292089022.0,0.03387426179954137,000609
2022-06-02,4.94,5.21,4.94,5.04,12098000.0,61179342.0,292089022.0,0.04141887948120145,000609
2022-06-06,5.01,5.07,4.95,5.0,10630204.0,53159854.0,292089022.0,0.03639371287291995,000609
2022-06-07,5.02,5.12,4.93,5.11,13044648.0,65774674.0,292089022.0,0.04465983661652303,000609
2022-06-08,5.11,5.12,4.95,5.01,9011200.0,45298861.0,292089022.0,0.030850868472557656,000609
2022-06-09,5.0,5.41,4.96,5.24,24607136.0,128222752.0,292089022.0,0.08424532983646335,000609
2022-06-10,5.1,5.18,5.02,5.11,15539284.0,78848650.0,292089022.0,0.05320050679617805,000609
2022-06-13,5.02,5.08,4.9,4.91,12689900.0,63166318.0,292089022.0,0.04344531647615295,000609
2022-06-14,4.88,5.02,4.82,5.0,7630707.0,37637636.0,292089022.0,0.026124593617900503,000609
2022-06-15,5.01,5.15,4.95,5.03,11605085.0,58765588.0,292089022.0,0.039731328896024036,000609
2022-06-16,5.03,5.23,5.03,5.06,9285883.0,47484153.0,292089022.0,0.03179127697582554,000609
2022-06-17,5.06,5.1,4.98,5.0,7334122.0,36862901.0,292089022.0,0.025109201125675995,000609
2022-06-20,5.0,5.07,4.99,5.03,6011416.0,30230331.0,292089022.0,0.02058076664038404,000609
2022-06-21,5.07,5.38,5.06,5.17,14588210.0,76131378.0,292089022.0,0.049944396746276896,000609
2022-06-22,5.18,5.65,5.1,5.48,25107498.0,134809629.0,292089022.0,0.08595837607344244,000609
2022-06-23,5.37,5.38,5.21,5.29,15480842.0,81814244.0,292089022.0,0.05300042395978853,000609
2022-06-24,5.31,5.35,5.19,5.33,10480500.0,55038744.0,292089022.0,0.03588118419596064,000609
2022-06-27,5.34,5.41,5.23,5.27,8849301.0,47060291.0,292089022.0,0.030296588825580718,000609
2022-06-28,5.26,5.31,5.22,5.23,6950116.0,36508351.0,292089022.0,0.02379451289340138,000609
2022-06-29,5.23,5.28,5.19,5.25,7441432.0,38991010.0,292089022.0,0.025476589120148444,000609
2022-06-30,5.27,5.33,5.14,5.16,7375432.0,38404239.0,292089147.0,0.025250619804781722,000609
2022-07-01,5.12,5.21,5.07,5.14,4572500.0,23564089.0,292089147.0,0.015654467298642904,000609
2022-07-04,5.2,5.21,5.08,5.09,5519000.0,28333688.0,292089147.0,0.01889491635236964,000609
2022-07-05,5.1,5.25,5.06,5.11,5680900.0,29232748.0,292089147.0,0.01944919918575407,000609
2022-07-06,5.12,5.13,5.02,5.11,3925092.0,19909511.0,292089147.0,0.01343799329866919,000609
2022-07-07,5.11,5.19,5.08,5.12,3540127.0,18189183.0,292089147.0,0.0121200223848098,000609
2022-07-08,5.15,5.16,5.08,5.08,3688502.0,18838982.0,292089147.0,0.012628000861668442,000609
2022-07-11,5.08,5.15,5.05,5.14,3143392.0,16055340.0,292089147.0,0.010761755554032961,000609
2022-07-12,5.15,5.21,5.1,5.21,4514600.0,23308129.0,292089147.0,0.015456240145752488,000609
2022-07-13,5.21,5.34,5.17,5.32,7266301.0,38401513.0,292089147.0,0.02487699756951257,000609
2022-07-14,5.33,5.38,5.07,5.09,8487700.0,43860927.0,292089147.0,0.029058594224317412,000609
2022-07-15,5.02,5.08,4.96,4.96,5660200.0,28328607.0,292089147.0,0.019378330410886508,000609
2022-07-18,4.95,5.19,4.95,5.14,6120241.0,31293886.0,292089147.0,0.020953332442714825,000609
2022-07-19,5.15,5.23,5.11,5.18,3412400.0,17621232.0,292089147.0,0.011682734654978467,000609
2022-07-20,5.18,5.21,5.14,5.19,2495401.0,12912349.0,292089147.0,0.008543285588081094,000609
2022-07-21,5.19,5.27,5.16,5.23,4502801.0,23528494.0,292089147.0,0.01541584494407798,000609
2022-07-22,5.26,5.42,5.25,5.29,8460900.0,45110283.0,292089147.0,0.02896684141434396,000609
2022-07-25,5.29,5.41,5.26,5.33,6099020.0,32638420.0,292089147.0,0.020880679965832486,000609
2022-07-26,5.33,5.53,5.31,5.53,9360821.0,51021281.0,292089147.0,0.03204782203016944,000609
2022-07-27,5.5,5.6,5.36,5.38,8102142.0,43878989.0,292089147.0,0.027738593108356743,000609
2022-07-28,5.38,5.43,5.3,5.35,5762641.0,30838844.0,292089147.0,0.01972904867978542,000609
2022-07-29,5.38,5.4,5.25,5.28,4573901.0,24332277.0,292089147.0,0.015659263779492637,000609
2022-08-01,5.25,5.28,5.16,5.17,3773202.0,19581504.0,292089147.0,0.012917980824532313,000609
2022-08-02,5.13,5.15,4.84,4.92,8197541.0,40499703.0,292089147.0,0.028065202299351437,000609
2022-08-03,4.93,5.09,4.92,4.98,5372766.0,26830839.0,292089147.0,0.018394267829471938,000609
2022-08-04,4.99,5.05,4.91,5.0,5264500.0,26169239.0,292089147.0,0.018023607018853048,000609
2022-08-05,5.02,5.02,4.91,4.97,5092155.0,25214758.0,292089147.0,0.017433564554865163,000609
2022-08-08,5.0,5.09,4.96,5.08,3654385.0,18449465.0,292089147.0,0.012511197480404844,000609
2022-08-09,5.08,5.12,5.0,5.01,3688800.0,18561124.0,292089147.0,0.012629021098137549,000609
2022-08-10,5.01,5.06,4.98,5.04,2738500.0,13756364.0,292089147.0,0.00937556231762353,000609
2022-08-11,5.07,5.13,5.03,5.06,3438100.0,17490190.0,292089147.0,0.011770721491408238,000609
2022-08-12,5.07,5.12,5.04,5.08,2886801.0,14666733.0,292089147.0,0.009883287447171051,000609
2022-08-15,5.11,5.14,5.06,5.08,3346601.0,17066608.0,292089147.0,0.01145746438843207,000609
2022-08-16,5.08,5.59,5.08,5.59,10547786.0,57104607.0,292089147.0,0.03611153001860764,000609
2022-08-17,5.43,5.86,5.3,5.53,25617743.0,143090641.0,292089147.0,0.08770522035178527,000609
2022-08-18,5.45,5.65,5.34,5.4,13598208.0,73806573.0,292089147.0,0.04655499233595283,000609
2022-08-19,5.4,5.55,5.38,5.45,8650258.0,47251719.0,292089147.0,0.029615129794603425,000609
2022-08-22,5.38,5.62,5.33,5.57,9615474.0,52858642.0,292089147.0,0.032919655176369834,000609
2022-08-23,5.51,5.75,5.5,5.72,11973301.0,67935928.0,292089147.0,0.04099194072417898,000609
2022-08-24,5.71,5.77,5.46,5.47,10385700.0,58051121.0,292089147.0,0.035556610393333105,000609
2022-08-25,5.54,5.63,5.4,5.46,7150900.0,39277903.0,292089147.0,0.024481909285044404,000609
2022-08-26,5.45,5.58,5.4,5.5,5886900.0,32364260.0,292089147.0,0.020154463322117202,000609
2022-08-29,5.4,5.61,5.32,5.61,6453700.0,35533964.0,292089147.0,0.02209496678080956,000609
2022-08-30,5.62,6.17,5.61,5.91,26816976.0,158559250.0,292089147.0,0.09181092921607252,000609
2022-08-31,5.92,6.29,5.81,5.87,28358806.0,171029619.0,292089147.0,0.09708955738776559,000609
2022-09-01,5.65,6.09,5.65,5.87,20486277.0,120774967.0,292089147.0,0.07013707017330569,000609
2022-09-02,6.0,6.13,5.87,5.99,16172129.0,97326960.0,292089147.0,0.0553670999628069,000609
2022-09-05,6.01,6.17,5.92,6.1,13720023.0,83129302.0,292089147.0,0.046972039669793006,000609
2022-09-06,6.07,6.44,6.07,6.33,16691758.0,104820216.0,292089147.0,0.057146108205109035,000609
2022-09-07,6.3,6.33,6.1,6.16,10584200.0,65400733.0,292089147.0,0.036236197437352916,000609
2022-09-08,6.17,6.23,5.97,6.04,10084450.0,60811528.0,292089147.0,0.03452524718420982,000609
2022-09-09,6.06,6.12,6.0,6.01,5776339.0,34937672.0,292089147.0,0.01977594532124126,000609
2022-09-13,6.01,6.05,5.86,5.93,6323409.0,37569305.0,292089147.0,0.021648900909009124,000609
2022-09-14,5.86,5.97,5.85,5.93,3786609.0,22444818.0,292089147.0,0.01296388119480523,000609
2022-09-15,5.93,6.06,5.79,5.93,6894300.0,40772641.0,292089147.0,0.023603410365671682,000609
2022-09-16,5.82,5.97,5.74,5.75,6756700.0,39517044.0,292089147.0,0.023132321311479607,000609
2022-09-19,5.72,5.77,5.57,5.73,5921100.0,33546591.0,292089147.0,0.020271550863202734,000609
2022-09-20,5.76,5.91,5.7,5.73,3863400.0,22363656.0,292089147.0,0.013226783807889993,000609
2022-09-21,5.8,6.3,5.62,6.3,9519156.0,57669809.0,292089147.0,0.032589899685660007,000609
2022-09-22,6.35,6.5,6.13,6.2,27045185.0,170696945.0,292089147.0,0.09259222835828268,000609
2022-09-23,6.18,6.37,5.81,5.94,27281700.0,166099287.0,292089147.0,0.09340196402436,000609
2022-09-26,5.82,6.53,5.81,6.53,36592035.0,230214445.0,292089147.0,0.12527694156332347,000609
2022-09-27,6.64,6.79,6.17,6.33,38995862.0,247366237.0,292089147.0,0.13350671327750496,000609
2022-09-28,6.25,6.37,6.17,6.26,26374326.0,164981246.0,292089147.0,0.09029546722596989,000609
2022-09-29,6.24,6.28,5.63,5.63,26981373.0,157895193.0,292089147.0,0.09237376080940111,000609
2022-09-30,5.34,5.49,5.07,5.25,25071195.0,132082580.0,292089147.0,0.0858340518896445,000609
2022-10-10,5.25,5.47,5.18,5.22,14334900.0,76524211.0,292089147.0,0.049077140137630655,000609
2022-10-11,5.15,5.36,5.15,5.26,9701000.0,51113962.0,292089147.0,0.033212463043003786,000609
2022-10-12,5.36,5.59,5.28,5.57,13453199.0,73296470.0,292089147.0,0.046058537738137874,000609
2022-10-13,5.53,5.53,5.37,5.37,10790483.0,58620081.0,292089147.0,0.03694243045600048,000609
2022-10-14,5.39,5.45,5.35,5.42,7812600.0,42176753.0,292089147.0,0.026747313552187544,000609
2022-10-17,5.32,5.52,5.32,5.49,6644077.0,36074310.0,292089147.0,0.022746743822015407,000609
2022-10-18,5.5,5.62,5.44,5.57,7589700.0,41964986.0,292089147.0,0.02598419036774413,000609
2022-10-19,5.51,5.8,5.49,5.65,9500001.0,53394912.0,292089147.0,0.03252432039181517,000609
2022-10-20,5.6,5.66,5.45,5.47,8832594.0,48826204.0,292089147.0,0.030239377569204924,000609
2022-10-21,5.76,6.02,5.62,5.7,27356554.0,159524649.0,292089147.0,0.09365823510039556,000609
2022-10-24,5.61,5.73,5.41,5.47,18072291.0,101080699.0,292089147.0,0.06187251798164209,000609
2022-10-25,5.45,5.53,5.34,5.38,7773700.0,41998558.0,292089147.0,0.026614135033233535,000609
2022-10-26,5.39,5.46,5.36,5.41,6705521.0,36235243.0,292089147.0,0.022957104256941117,000609
2022-10-27,5.42,5.95,5.39,5.93,37416106.0,218560906.0,292089147.0,0.1280982411852502,000609
2022-10-28,5.73,5.81,5.52,5.66,22313100.0,126460342.0,292089147.0,0.07639140388875866,000609
2022-10-31,5.61,5.88,5.61,5.7,15836519.0,90822610.0,292089147.0,0.05421810143462811,000609
2022-11-01,5.7,5.72,5.55,5.66,9197600.0,51657268.0,292089147.0,0.031489016604920275,000609
2022-11-02,5.66,5.69,5.52,5.59,10468200.0,58397302.0,292089147.0,0.0358390584091096,000609
2022-11-03,5.55,5.65,5.47,5.6,6306400.0,35095630.0,292089147.0,0.021590668687186794,000609
2022-11-04,5.66,5.66,5.54,5.62,10045945.0,56230704.0,292089147.0,0.03439342099211923,000609
2022-11-07,5.62,6.08,5.6,5.95,22340737.0,131290504.0,292089147.0,0.07648602226223764,000609
2022-11-08,6.02,6.15,5.94,5.99,13841338.0,83331668.0,292089147.0,0.047387375197476954,000609
2022-11-09,6.16,6.35,6.05,6.08,12980002.0,80054427.0,292089147.0,0.04443849466272706,000609
2022-11-10,6.1,6.49,6.01,6.26,20970372.0,132172178.0,292089147.0,0.07179442377569749,000609
2022-11-11,6.27,6.69,6.27,6.54,22751377.0,148386410.0,292089147.0,0.07789189442221899,000609
2022-11-14,6.57,6.72,6.29,6.33,18012905.0,115568531.0,292089147.0,0.061669203340855384,000609
2022-11-15,6.33,6.65,6.3,6.57,18292537.0,119338332.0,292089147.0,0.06262655489900829,000609
2022-11-16,6.57,6.77,6.47,6.48,14803791.0,97071262.0,292089147.0,0.050682441138424086,000609
2022-11-17,6.42,6.52,6.38,6.47,7844500.0,50520320.0,292089147.0,0.026856526784954458,000609
2022-11-18,6.43,6.62,6.3,6.5,11026600.0,71155435.0,292089147.0,0.03775080352437744,000609
2022-11-21,6.5,6.7,6.37,6.57,10728850.0,70440562.0,292089147.0,0.03673142295834771,000609
2022-11-22,6.58,6.68,6.52,6.62,7380143.0,48695163.0,292089147.0,0.02526674844238564,000609
2022-11-23,6.65,6.65,6.26,6.43,10474920.0,67109118.0,292089147.0,0.03586206508384921,000609
2022-11-24,6.48,6.61,6.42,6.49,7618252.0,49680088.0,292089147.0,0.026081941346488988,000609
2022-11-25,6.53,6.58,6.38,6.49,7681700.0,49802237.0,292089147.0,0.026299162700488835,000609
2022-11-28,6.38,6.45,6.27,6.45,6343100.0,40590886.0,292089147.0,0.021716315259053428,000609
2022-11-29,6.98,6.98,6.4,6.65,19422893.0,127900824.0,292089147.0,0.06649645561805143,000609
2022-11-30,6.6,6.65,6.35,6.42,15608881.0,101278935.0,292089147.0,0.05343875717504834,000609
2022-12-01,6.46,6.63,6.34,6.49,10342085.0,67265493.0,292089147.0,0.03540728954232593,000609
2022-12-02,6.4,6.51,6.34,6.5,7017700.0,45160353.0,292089147.0,0.024025884125027076,000609
2022-12-05,6.65,6.79,6.53,6.61,13043312.0,86586487.0,292089147.0,0.04465524355822779,000609
2022-12-06,6.53,6.81,6.53,6.64,8691100.0,57610797.0,292089147.0,0.0297549569686682,000609
2022-12-07,6.6,6.65,6.5,6.5,6348300.0,41609007.0,292089147.0,0.021734118043078128,000609
2022-12-08,6.55,6.6,6.4,6.5,4781195.0,30973900.0,292089147.0,0.01636895807018807,000609
2022-12-09,6.5,6.53,6.35,6.46,6867700.0,44239352.0,292089147.0,0.023512342278160715,000609
2022-12-12,6.46,6.5,6.35,6.5,5851421.0,37672871.0,292089147.0,0.02003299698088406,000609
2022-12-13,6.5,7.15,6.45,7.15,34819478.0,243772839.0,292089147.0,0.1192083935936175,000609
2022-12-14,7.06,7.36,6.73,6.78,29892248.0,210214794.0,292089147.0,0.1023394682993819,000609
2022-12-15,6.82,6.9,6.68,6.77,10028814.0,68101967.0,292089147.0,0.03433477108959478,000609
2022-12-16,6.88,7.14,6.5,6.59,16518426.0,111885570.0,292089147.0,0.05655268663576877,000609
2022-12-19,6.54,6.67,6.19,6.25,12607345.0,80139772.0,292089147.0,0.04316266156920921,000609
2022-12-20,6.2,6.42,5.96,6.29,9518700.0,59370033.0,292089147.0,0.03258833851844554,000609
2022-12-21,6.31,6.38,6.22,6.23,4829300.0,30319719.0,292089147.0,0.016533650940478112,000609
2022-12-22,6.35,6.66,6.24,6.42,8835294.0,57110500.0,292089147.0,0.03024862132244852,000609
2022-12-23,6.33,6.52,6.32,6.4,4184601.0,26796928.0,292089147.0,0.014326451506258806,000609
2022-12-26,6.45,6.45,6.33,6.39,3908900.0,24894600.0,292089147.0,0.013382558168106122,000609
2022-12-27,6.41,6.43,6.32,6.35,3447358.0,21928181.0,292089147.0,0.01180241729419683,000609
2022-12-28,6.37,6.75,6.3,6.66,10321700.0,68050204.0,292089147.0,0.035337499205336784,000609
2022-12-29,6.66,6.66,6.21,6.24,10087058.0,64643438.0,292089147.0,0.03453417596512068,000609
2022-12-30,6.25,6.55,6.16,6.5,8096100.0,51779032.0,292089147.0,0.027717907642764966,000609
2023-01-03,6.48,6.62,6.44,6.62,5120026.0,33612655.0,292089147.0,0.017528984053625244,000609
2023-01-04,6.62,6.92,6.54,6.7,7268926.0,49123542.0,292089147.0,0.024885984551832732,000609
2023-01-05,6.76,6.8,6.57,6.72,6129600.0,41017376.0,292089147.0,0.020985374030346976,000609
2023-01-06,6.74,6.79,6.57,6.57,5862450.0,38960746.0,292089147.0,0.020070756001077987,000609
2023-01-09,6.72,6.85,6.56,6.66,6580001.0,44119995.0,292089147.0,0.022527372439483346,000609
2023-01-10,6.63,6.78,6.56,6.56,5232145.0,34772305.0,292089147.0,0.017912836042483976,000609
2023-01-11,6.56,6.62,6.43,6.43,4222801.0,27401751.0,292089147.0,0.014457233496594106,000609
2023-01-12,6.4,6.46,6.25,6.3,4781200.0,30372137.0,292089147.0,0.016368975188249636,000609
2023-01-13,6.3,6.32,6.15,6.27,5164102.0,32208919.0,292089147.0,0.017679883189908457,000609
2023-01-16,6.29,6.29,6.02,6.09,9918702.0,60419717.0,292089147.0,0.03395779029064712,000609
2023-01-17,6.09,6.25,6.07,6.15,5786079.0,35651526.0,292089147.0,0.019809291305164446,000609
2023-01-18,6.2,6.21,6.1,6.16,3646909.0,22471554.0,292089147.0,0.012485602554757023,000609
2023-01-19,6.16,6.16,6.08,6.12,3411593.0,20888970.0,292089147.0,0.011679971799842327,000609
2023-01-20,6.1,6.1,5.54,5.65,18425420.0,104434475.0,292089147.0,0.06308149477392257,000609
2023-01-30,5.61,5.61,5.41,5.59,16811683.0,93026411.0,292089147.0,0.057556684911678695,000609
2023-01-31,5.58,6.15,5.49,6.15,18215160.0,105896834.0,292089147.0,0.062361646049108425,000609
2023-02-01,6.26,6.26,5.93,6.07,30683140.0,186081600.0,292089147.0,0.1050471758883941,000609
2023-02-02,6.07,6.11,5.87,5.92,20585693.0,122563362.0,292089147.0,0.07047743201495946,000609
2023-02-03,5.87,5.88,5.75,5.82,13756426.0,79765767.0,292089147.0,0.04709666942880284,000609
2023-02-06,5.8,5.93,5.77,5.85,13058608.0,76441950.0,292089147.0,0.04470761113215891,000609
2023-02-07,5.83,5.9,5.79,5.88,11090449.0,64842398.0,292089147.0,0.037969397746914574,000609
2023-02-08,5.88,6.05,5.85,5.91,10791857.0,64117889.0,292089147.0,0.036947134499317774,000609
2023-02-09,5.82,5.94,5.81,5.89,6328501.0,37238491.0,292089147.0,0.02166633394290408,000609
2023-02-10,5.9,6.05,5.88,5.96,9788212.0,58555198.0,292089147.0,0.03351104311999651,000609
2023-02-13,6.0,6.14,5.95,6.09,11935982.0,72501140.0,292089147.0,0.04086417493629094,000609
2023-02-14,6.15,6.15,5.98,6.0,9230765.0,55793645.0,292089147.0,0.03160256070726243,000609
2023-02-15,5.99,6.02,5.87,5.92,6519201.0,38565340.0,292089147.0,0.02231921681088685,000609
2023-02-16,5.92,5.95,5.71,5.75,7990024.0,46740224.0,292089147.0,0.027354744543110328,000609
2023-02-17,5.76,5.87,5.73,5.75,5440500.0,31513151.0,292089147.0,0.018626162785842913,000609
2023-02-20,5.63,5.84,5.6,5.71,9886595.0,56138154.0,292089147.0,0.03384786837013153,000609
2023-02-21,5.75,5.82,5.68,5.69,6304350.0,36173764.0,292089147.0,0.021583650281946285,000609
2023-02-22,5.69,5.71,5.62,5.67,4577951.0,25893784.0,292089147.0,0.015673129409358028,000609
2023-02-23,5.69,5.74,5.67,5.69,5233800.0,29821338.0,292089147.0,0.017918502120861067,000609
2023-02-24,5.66,5.71,5.59,5.67,4586410.0,25829518.0,292089147.0,0.015702089745908976,000609
2023-02-27,5.71,5.72,5.58,5.59,4527279.0,25544978.0,292089147.0,0.015499648126261945,000609
2023-02-28,5.61,5.65,5.58,5.65,3293200.0,18498644.0,292089147.0,0.011274640067335332,000609
2023-03-01,5.65,5.7,5.61,5.69,3431540.0,19456397.0,292089147.0,0.011748262594638615,000609
2023-03-02,5.7,5.72,5.62,5.62,3706055.0,20967117.0,292089147.0,0.012688095528588742,000609
2023-03-03,5.62,5.68,5.61,5.64,3956901.0,22295203.0,292089147.0,0.013546894982715671,000609
2023-03-06,5.66,5.66,5.5,5.54,5593000.0,30965762.0,292089147.0,0.01914826366349038,000609
2023-03-07,5.54,5.57,5.45,5.45,3887979.0,21402747.0,292089147.0,0.013310932774917515,000609
2023-03-08,5.45,5.56,5.4,5.55,3258624.0,17963210.0,292089147.0,0.011156265248020325,000609
2023-03-09,5.54,5.56,5.51,5.51,1802400.0,9962469.0,292089147.0,0.006170718831946194,000609
2023-03-10,5.52,5.52,5.41,5.43,2334900.0,12726579.0,292089147.0,0.007993792388321775,000609
2023-03-13,5.45,5.45,5.28,5.34,4913600.0,26236646.0,292089147.0,0.016822261458417007,000609
2023-03-14,5.34,5.39,5.14,5.24,6161601.0,32266182.0,292089147.0,0.021094933047957443,000609
2023-03-15,5.26,5.35,5.16,5.28,4113500.0,21781609.0,292089147.0,0.01408302924723184,000609
2023-03-16,5.28,5.33,5.17,5.18,3575300.0,18692447.0,292089147.0,0.012240441100675336,000609
2023-03-17,5.24,5.28,5.19,5.21,2631400.0,13780627.0,292089147.0,0.009008893438960948,000609
2023-03-20,5.18,5.24,5.08,5.1,4688000.0,24077000.0,292089147.0,0.016049894520730003,000609
2023-03-21,5.1,5.24,5.07,5.23,3989700.0,20648156.0,292089147.0,0.013659186042951469,000609
2023-03-22,5.24,5.31,5.19,5.27,2704300.0,14243280.0,292089147.0,0.009258474776538,000609
2023-03-23,5.27,5.31,5.22,5.27,3874101.0,20436054.0,292089147.0,0.013263419883245439,000609
2023-03-24,5.3,5.32,5.23,5.3,2814243.0,14855951.0,292089147.0,0.009634876985004856,000609
2023-03-27,5.3,5.34,5.23,5.23,2448010.0,12899856.0,292089147.0,0.008381037176982135,000609
2023-03-28,5.23,5.27,5.14,5.15,2425200.0,12558068.0,292089147.0,0.008302944580135325,000609
2023-03-29,5.16,5.19,5.04,5.06,2937200.0,14920229.0,292089147.0,0.010055834084105836,000609
2023-03-30,5.06,5.07,4.95,4.99,3786800.0,18896809.0,292089147.0,0.012964535104756906,000609
2023-03-31,5.0,5.08,5.0,5.02,3056345.0,15382000.0,292089147.0,0.010463740373071786,000609
2023-04-03,5.06,5.09,4.99,5.09,2741445.0,13858420.0,292089147.0,0.009385644855883673,000609
2023-04-04,5.08,5.08,4.92,4.94,3321300.0,16546997.0,292089147.0,0.011370843573314965,000609
2023-04-06,4.93,4.96,4.79,4.89,5622900.0,27351309.0,292089147.0,0.019250629671632408,000609
2023-04-07,4.88,5.06,4.86,5.05,4812701.0,24117507.0,292089147.0,0.016476822399703883,000609
2023-04-10,5.05,5.05,4.88,4.91,4512159.0,22251445.0,292089147.0,0.015447883108097816,000609
2023-04-11,4.9,4.94,4.84,4.91,3853900.0,18826399.0,292089147.0,0.013194259490921791,000609
2023-04-12,4.93,5.03,4.89,5.03,4649601.0,23088670.0,292089147.0,0.015918431231544527,000609
2023-04-13,5.01,5.08,4.98,5.05,3490800.0,17590902.0,292089147.0,0.011951145860273953,000609
2023-04-14,5.07,5.1,4.95,4.96,2738600.0,13704304.0,292089147.0,0.009375904678854774,000609
2023-04-17,4.98,4.99,4.89,4.93,2361901.0,11635383.0,292089147.0,0.008086233344370032,000609
2023-04-18,4.97,4.97,4.77,4.78,4322100.0,20848710.0,292089147.0,0.014797194775607325,000609
2023-04-19,4.8,4.8,4.58,4.59,6667800.0,30952156.0,292089147.0,0.022827962176903478,000609
2023-04-20,4.61,4.62,4.42,4.49,7809301.0,34986061.0,292089147.0,0.026736019055168796,000609
2023-04-21,4.53,4.63,4.41,4.44,4949312.0,22272902.0,292089147.0,0.01694452550131895,000609
2023-04-24,4.4,4.49,4.29,4.4,5534241.0,24292534.0,292089147.0,0.018947095627623575,000609
2023-04-25,4.38,4.43,4.29,4.38,4000401.0,17407958.0,292089147.0,0.013695822118306916,000609
2023-04-26,4.37,4.49,4.34,4.48,3753900.0,16702045.0,292089147.0,0.012851898259677549,000609
2023-04-27,4.49,4.52,4.38,4.38,3834610.0,17057264.0,292089147.0,0.013128218009414777,000609
2023-04-28,4.38,4.56,4.36,4.52,5074400.0,22777661.0,292089147.0,0.01737277831825775,000609
2023-05-04,4.63,4.88,4.63,4.83,12087602.0,58098145.0,292089147.0,0.04138326303510346,000609
2023-05-05,4.88,4.99,4.84,4.98,8537700.0,41958350.0,292089147.0,0.029229774839939535,000609
2023-05-08,4.96,4.98,4.83,4.84,4636600.0,22588594.0,292089147.0,0.01587392084787046,000609
2023-05-09,4.83,4.94,4.79,4.84,5308300.0,25732861.0,292089147.0,0.018173561238138028,000609
2023-05-10,4.82,4.9,4.73,4.75,3485200.0,16648584.0,292089147.0,0.011931973631324274,000609
2023-05-11,4.76,4.91,4.74,4.89,3414600.0,16589296.0,292089147.0,0.011690266602065841,000609
2023-05-12,4.86,4.95,4.83,4.84,2852900.0,13918915.0,292089147.0,0.009767223566166942,000609
2023-05-15,4.93,4.93,4.77,4.85,3102800.0,14950353.0,292089147.0,0.0106227842830463,000609
2023-05-16,4.85,4.85,4.71,4.76,2745500.0,13075132.0,292089147.0,0.009399527603810628,000609
2023-05-17,4.76,4.79,4.69,4.78,2773201.0,13131270.0,292089147.0,0.009494365088477594,000609
2023-05-18,4.79,4.9,4.76,4.89,4542568.0,22069389.0,292089147.0,0.015551991734906878,000609
2023-05-19,4.9,4.95,4.76,4.81,2856126.0,13757866.0,292089147.0,0.00977826813948688,000609
2023-05-22,4.83,4.86,4.76,4.82,3116300.0,14968523.0,292089147.0,0.010669003049264271,000609
2023-05-23,4.84,4.92,4.81,4.89,2516300.0,12263204.0,292089147.0,0.008614835661798827,000609
2023-05-24,4.84,4.86,4.74,4.75,3745700.0,17886376.0,292089147.0,0.012823824638715522,000609
2023-05-25,4.75,4.77,4.61,4.75,2695600.0,12686358.0,292089147.0,0.009228689349419752,000609
2023-05-26,4.76,4.84,4.66,4.8,2742400.0,13007628.0,292089147.0,0.009388914405642056,000609
2023-05-29,4.79,4.81,4.61,4.63,3260899.0,15247441.0,292089147.0,0.01116405396603113,000609
2023-05-30,4.65,4.69,4.57,4.69,2841001.0,13182326.0,292089147.0,0.00972648600326119,000609
2023-05-31,4.7,4.77,4.67,4.67,2433002.0,11451670.0,292089147.0,0.008329655603396999,000609
2023-06-01,4.72,4.74,4.54,4.55,4620734.0,21203221.0,292089147.0,0.01581960181492125,000609
2023-06-02,4.55,4.8,4.54,4.73,4669631.0,21842454.0,292089147.0,0.015987006186162746,000609
2023-06-05,4.73,4.78,4.65,4.76,3138200.0,14837667.0,292089147.0,0.01074398015890676,000609
2023-06-06,4.76,4.78,4.64,4.66,2886500.0,13582192.0,292089147.0,0.009882256939865006,000609
2023-06-07,4.73,4.85,4.61,4.73,3184199.0,15123213.0,292089147.0,0.0109014629016668,000609
2023-06-08,4.73,4.95,4.71,4.85,8965100.0,43591051.0,292089147.0,0.03069302674227742,000609
2023-06-09,4.89,4.89,4.66,4.67,6524100.0,30813695.0,292089147.0,0.022335989087605503,000609
2023-06-12,4.68,4.72,4.56,4.7,4608653.0,21405936.0,292089147.0,0.015778241154574633,000609
2023-06-13,4.72,4.8,4.65,4.66,4149202.0,19592835.0,292089147.0,0.014205259054010658,000609
2023-06-14,4.71,4.71,4.56,4.58,3974411.0,18300249.0,292089147.0,0.013606842434306538,000609
2023-06-15,4.59,4.61,4.53,4.6,2936500.0,13410716.0,292089147.0,0.010053437555487127,000609
2023-06-16,4.64,4.66,4.55,4.55,3247602.0,14932401.0,292089147.0,0.011118530193112585,000609
2023-06-19,4.55,4.57,4.32,4.34,6040500.0,26616383.0,292089147.0,0.020680330173308357,000609
2023-06-20,4.33,4.36,4.13,4.16,7602403.0,31794693.0,292089147.0,0.026027680514949088,000609
2023-06-21,4.18,4.44,4.16,4.17,7218652.0,30596160.0,292089147.0,0.024713865866437004,000609
2023-06-26,4.17,4.26,4.09,4.09,4758922.0,19831779.0,292089147.0,0.01629270395315304,000609
2023-06-27,4.13,4.5,4.12,4.5,7225872.0,31480778.0,292089147.0,0.024738584347332837,000609
2023-06-28,4.86,4.95,4.72,4.95,12093624.0,58898432.0,292089147.0,0.04140388002844898,000609
2023-06-29,5.2,5.21,4.75,4.81,40087171.0,200523368.0,292089147.0,0.13724293220658418,000609
2023-06-30,4.7,5.17,4.7,4.81,32180401.0,157637884.0,292089522.0,0.11017307563672209,000609
2023-07-03,4.58,4.74,4.55,4.71,22929390.0,106731419.0,292089522.0,0.0785012411366129,000609
2023-07-04,4.68,4.7,4.59,4.67,12155092.0,56353957.0,292089522.0,0.041614269203398536,000609
2023-07-05,4.69,4.89,4.66,4.74,16991772.0,81308835.0,292089522.0,0.05817316514352747,000609
2023-07-06,4.72,4.85,4.64,4.77,13412600.0,63650488.0,292089522.0,0.04591948354792405,000609
2023-07-07,4.76,4.92,4.72,4.84,14154303.0,68643586.0,292089522.0,0.048458783810807156,000609
2023-07-10,4.82,4.83,4.71,4.76,8131300.0,38668879.0,292089522.0,0.02783838305572632,000609
2023-07-11,4.93,5.09,4.78,4.81,14853501.0,72184858.0,292089522.0,0.050852563619177,000609
2023-07-12,4.83,4.85,4.65,4.66,9428200.0,44610381.0,292089522.0,0.03227846016331938,000609
2023-07-13,4.7,4.75,4.62,4.66,5536000.0,25821843.0,292089522.0,0.018953093428664653,000609
2023-07-14,4.59,5.13,4.55,5.13,21099847.0,104163647.0,292089522.0,0.07223760323727052,000609
2023-07-17,5.0,5.1,4.9,5.03,25158600.0,126090138.0,292089522.0,0.08613318214132995,000609
2023-07-18,5.05,5.08,4.9,4.98,10452100.0,51938371.0,292089522.0,0.035783892309563914,000609
2023-07-19,5.01,5.38,4.99,5.23,32998036.0,172122068.0,292089522.0,0.11297233729596093,000609
2023-07-20,5.18,5.35,5.12,5.25,24388655.0,128017219.0,292089522.0,0.08349719234365414,000609
2023-07-21,5.25,5.39,5.2,5.33,25236790.0,133947161.0,292089522.0,0.08640087404436234,000609
2023-07-24,5.3,5.33,5.1,5.18,18170990.0,94596344.0,292089522.0,0.06221034522422889,000609
2023-07-25,5.32,5.5,5.25,5.36,23100001.0,123526361.0,292089522.0,0.0790853463069449,000609
2023-07-26,5.36,5.9,5.3,5.61,56530168.0,318739853.0,292089522.0,0.19353713071569886,000609
2023-07-27,5.43,5.58,5.3,5.36,44796935.0,244021295.0,292089522.0,0.15336714132456966,000609
2023-07-28,5.41,5.9,5.41,5.9,49458901.0,283926630.0,292089522.0,0.16932788503108304,000609
2023-07-31,6.19,6.35,5.81,5.81,76365066.0,460957636.0,292089522.0,0.26144404454193326,000609
2023-08-01,5.65,5.9,5.65,5.72,46700395.0,267145119.0,292089522.0,0.15988384205031497,000609
2023-08-02,5.59,5.83,5.59,5.62,31806119.0,180916925.0,292089522.0,0.10889168081832117,000609
2023-08-03,5.62,5.85,5.52,5.8,39556253.0,225572574.0,292089522.0,0.13542510093874577,000609
2023-08-04,5.9,6.38,5.75,6.38,71240647.0,435093930.0,292089522.0,0.24390004308336674,000609
2023-08-07,6.3,6.92,6.08,6.25,89076616.0,573285927.0,292089522.0,0.30496340775962516,000609
2023-08-08,6.38,6.5,5.63,5.72,68459694.0,406712888.0,292089522.0,0.23437915037568516,000609
2023-08-09,5.57,5.6,5.35,5.37,45642300.0,249441060.0,292089522.0,0.15626133963134767,000609
2023-08-10,5.37,5.62,5.2,5.43,40777400.0,219260770.0,292089522.0,0.13960582947580022,000609
2023-08-11,5.62,5.72,5.4,5.42,31036001.0,170545373.0,292089522.0,0.10625509873647573,000609
2023-08-14,5.25,5.54,5.22,5.39,22045300.0,118931522.0,292089522.0,0.075474463613248,000609
2023-08-15,5.43,5.47,5.25,5.34,16152800.0,86120946.0,292089522.0,0.05530085396216301,000609
2023-08-16,5.31,5.87,5.27,5.87,32909810.0,185101567.0,292089522.0,0.11267028606387325,000609
2023-08-17,5.8,6.14,5.77,5.93,50765134.0,300578543.0,292089522.0,0.1737999146713657,000609
2023-08-18,5.95,6.04,5.72,5.73,32289407.0,189424061.0,292089522.0,0.11054626944132559,000609
2023-08-21,5.73,5.82,5.55,5.56,19415807.0,109325221.0,292089522.0,0.0664721105606794,000609
2023-08-22,5.69,5.75,5.48,5.62,16648828.0,92816520.0,292089522.0,0.056999059350030364,000609
2023-08-23,5.52,5.65,5.35,5.52,16887400.0,92688656.0,292089522.0,0.05781583633801147,000609
2023-08-24,5.47,5.6,5.29,5.4,12608400.0,68015015.0,292089522.0,0.043166218061050476,000609
2023-08-25,5.36,5.94,5.35,5.94,27649375.0,158099255.0,292089522.0,0.09466061915086431,000609
2023-08-28,6.53,6.53,6.53,6.53,11179400.0,73001482.0,292089522.0,0.03827388234761807,000609
2023-08-29,6.6,7.18,6.37,7.18,69552770.0,485194709.0,292089522.0,0.238121414023198,000609
2023-08-30,7.75,7.75,6.76,6.9,115031370.0,832828731.0,292089522.0,0.3938223090385283,000609
2023-08-31,6.46,6.85,6.21,6.21,69494822.0,446269784.0,292089522.0,0.23792302279162209,000609
2023-09-01,6.46,6.83,6.45,6.83,92959043.0,630627937.0,292089522.0,0.31825531557410675,000609
2023-09-04,6.9,7.51,6.88,7.51,67411168.0,492174119.0,292089522.0,0.23078940846087592,000609
2023-09-05,6.9,7.09,6.76,6.76,63740762.0,434050051.0,292089522.0,0.2182233774205704,000609
2023-09-06,6.41,6.8,6.12,6.47,79243952.0,512778800.0,292089522.0,0.2713002214437531,000609
2023-09-07,6.39,6.9,6.27,6.56,74022840.0,490680832.0,292089522.0,0.25342518106486545,000609
2023-09-08,6.27,6.37,5.9,6.06,68047040.0,411351959.0,292089522.0,0.23296638487429205,000609
2023-09-11,5.93,5.98,5.58,5.79,44240301.0,253801154.0,292089522.0,0.15146144475528295,000609
2023-09-12,5.8,5.82,5.66,5.69,27253900.0,155864399.0,292089522.0,0.09330666780987783,000609
2023-09-13,5.72,5.84,5.65,5.83,32850580.0,188542975.0,292089522.0,0.11246750576694771,000609
2023-09-14,5.73,5.75,5.5,5.55,29738300.0,166342753.0,292089522.0,0.10181227931894113,000609
2023-09-15,5.6,5.64,5.47,5.49,20559300.0,113857788.0,292089522.0,0.07038698224854502,000609
2023-09-18,5.48,5.55,5.32,5.51,15510601.0,85085413.0,292089522.0,0.05310221638145582,000609
2023-09-19,5.5,5.85,5.46,5.66,35043300.0,198729127.0,292089522.0,0.11997451931877241,000609
2023-09-20,5.53,5.93,5.53,5.87,42678741.0,246540580.0,292089522.0,0.14611527557636936,000609
2023-09-21,5.76,6.13,5.72,5.83,40696947.0,241441177.0,292089522.0,0.1393303899480516,000609
2023-09-22,5.77,6.05,5.66,5.92,33067648.0,193895686.0,292089522.0,0.11321066149028106,000609
2023-09-25,5.8,5.81,5.59,5.64,32437839.0,183264138.0,292089522.0,0.11105444241166583,000609
2023-09-26,5.62,5.63,5.43,5.44,20872000.0,114764668.0,292089522.0,0.07145754444419954,000609
2023-09-27,5.48,5.48,5.23,5.25,19592700.0,104238650.0,292089522.0,0.06707772283594617,000609
2023-09-28,5.28,5.48,5.25,5.45,19249800.0,103682051.0,292089522.0,0.0659037676811974,000609
2023-10-09,5.45,5.45,5.21,5.27,15273200.0,80479525.0,292089522.0,0.05228944843834556,000609
2023-10-10,5.3,5.8,5.3,5.8,22475393.0,127858239.0,292089522.0,0.07694693341310614,000609
2023-10-11,5.68,5.96,5.68,5.92,48825016.0,285573230.0,292089522.0,0.167157711326598,000609
2023-10-12,5.85,5.92,5.72,5.86,23662507.0,137934192.0,292089522.0,0.08101114630192041,000609
2023-10-13,5.84,5.87,5.74,5.76,16079523.0,93068140.0,292089522.0,0.05504998224482698,000609
2023-10-16,5.75,5.77,5.6,5.65,12609586.0,71317086.0,292089522.0,0.04317027846004007,000609
2023-10-17,5.69,5.89,5.69,5.75,16581606.0,95542646.0,292089522.0,0.056768917578631936,000609
2023-10-18,5.69,5.75,5.59,5.62,11062768.0,62424177.0,292089522.0,0.03787458010903931,000609
2023-10-19,5.59,5.6,5.42,5.48,10446600.0,57471522.0,292089522.0,0.035765062466020264,000609
2023-10-20,5.44,5.9,5.4,5.7,28079368.0,160109332.0,292089522.0,0.09613274658993073,000609
2023-10-23,5.5,5.56,5.31,5.43,21565700.0,117141776.0,292089522.0,0.07383250125624156,000609
2023-10-24,5.43,5.97,5.43,5.97,24484168.0,140283871.0,292089522.0,0.0838241914066332,000609
2023-10-25,6.1,6.28,6.05,6.14,44680000.0,274514377.0,292089522.0,0.15296680173279203,000609
2023-10-26,6.09,6.25,6.0,6.06,27755300.0,168894251.0,292089522.0,0.09502326481947544,000609
2023-10-27,6.06,6.19,5.99,6.05,22250900.0,135122971.0,292089522.0,0.07617835740098887,000609
2023-10-30,6.11,6.35,5.95,6.14,29560368.0,182361089.0,292089522.0,0.10120310991504858,000609
2023-10-31,6.16,6.25,6.03,6.19,23451300.0,144034191.0,292089522.0,0.08028805634458877,000609
2023-11-01,6.15,6.5,6.11,6.19,32156800.0,200561134.0,292089522.0,0.11009227506627232,000609
2023-11-02,6.14,6.81,6.07,6.81,57720487.0,378284663.0,292089522.0,0.19761231626788722,000609
2023-11-03,6.39,6.6,6.27,6.39,54309737.0,348789218.0,292089522.0,0.18593524556488542,000609
2023-11-06,6.34,6.51,6.24,6.42,37987462.0,241918727.0,292089522.0,0.13005417565098415,000609
2023-11-07,6.37,6.42,6.22,6.36,34076100.0,215020809.0,292089522.0,0.11666320574142335,000609
2023-11-08,6.35,6.42,6.23,6.29,24918900.0,157579308.0,292089522.0,0.08531254332361843,000609
2023-11-09,6.39,6.4,6.15,6.17,24415500.0,153316345.0,292089522.0,0.08358909909818675,000609
2023-11-10,6.21,6.6,6.19,6.28,24268661.0,153731820.0,292089522.0,0.08308637993525834,000609
2023-11-13,6.28,6.29,6.17,6.29,16765901.0,104464655.0,292089522.0,0.057399871399700535,000609
2023-11-14,6.27,6.43,6.23,6.34,16140094.0,102184900.0,292089522.0,0.05525735359996926,000609
2023-11-15,6.35,6.57,6.32,6.48,28178639.0,181118535.0,292089522.0,0.09647261157146199,000609
2023-11-16,6.39,6.4,6.26,6.29,17457500.0,110193414.0,292089522.0,0.059767635211508886,000609
2023-11-17,6.26,6.31,6.23,6.29,10968593.0,68747402.0,292089522.0,0.03755216183345324,000609
2023-11-20,6.32,6.47,6.28,6.4,15360500.0,97688319.0,292089522.0,0.05258832940950206,000609
2023-11-21,6.48,7.04,6.45,7.04,77324887.0,531794329.0,292089522.0,0.2647300953164626,000609
2023-11-22,6.99,7.5,6.81,6.82,73484093.0,522084326.0,292089522.0,0.2515807225703906,000609
2023-11-23,6.74,6.99,6.63,6.93,47421132.0,322614021.0,292089522.0,0.16235136294960967,000609
2023-11-24,6.9,7.43,6.87,7.03,60027344.0,427340874.0,292089522.0,0.2055100901565377,000609
2023-11-27,6.87,7.73,6.75,7.4,84829599.0,633548974.0,292089522.0,0.29042328673467444,000609
2023-11-28,7.0,7.02,6.66,6.66,66658538.0,449460485.0,292089522.0,0.22821269843428343,000609
2023-11-29,6.55,7.33,6.54,7.33,28063360.0,201524523.0,292089522.0,0.09607794147439497,000609
2023-11-30,7.5,8.06,7.18,7.66,107917052.0,840841570.0,292089522.0,0.36946567360947646,000609
2023-12-01,7.38,7.39,7.06,7.23,68336763.0,493792626.0,292089522.0,0.23395828283083706,000609
2023-12-04,7.2,7.34,6.96,7.04,44568100.0,316363141.0,292089522.0,0.15258370000687665,000609
2023-12-05,7.03,7.74,6.93,7.74,50595232.0,377377358.0,292089522.0,0.1732182368390469,000609
2023-12-06,7.84,7.84,7.38,7.55,69477201.0,523703890.0,292089522.0,0.23786269539651614,000609
2023-12-07,7.34,8.27,7.32,7.73,75356780.0,586172187.0,292089522.0,0.2579920686097052,000609
2023-12-08,7.64,7.94,7.26,7.29,52734264.0,394755560.0,292089522.0,0.18054144372902223,000609
2023-12-11,7.29,8.02,7.21,8.02,60683665.0,469160194.0,292089522.0,0.20775707592824916,000609
2023-12-12,8.0,8.82,7.88,8.82,83212287.0,712384240.0,292089522.0,0.28488624456717077,000609
2023-12-13,8.82,9.58,8.4,8.42,120426617.0,1072588118.0,292089522.0,0.41229351938204756,000609
2023-12-14,8.56,8.72,8.01,8.08,73132479.0,603537187.0,292089522.0,0.25037693409625283,000609
2023-12-15,8.18,8.69,8.14,8.25,72901601.0,609941348.0,292089522.0,0.24958649834758537,000609
2023-12-18,8.11,8.8,7.82,8.6,70269598.0,587102338.0,292089522.0,0.24057555203914505,000609
2023-12-19,8.35,8.4,8.13,8.31,42766801.0,352998047.0,292089522.0,0.1464167584895428,000609
2023-12-20,8.29,8.67,8.16,8.44,38034632.0,321075825.0,292089522.0,0.13021566723643035,000609
2023-12-21,8.32,8.98,8.05,8.65,57130117.0,490031399.0,292089522.0,0.19559112086191163,000609
2023-12-22,8.48,8.6,7.79,7.79,53755310.0,436943007.0,292089522.0,0.18403710489827158,000609
2023-12-25,7.53,7.63,7.01,7.13,46464507.0,333830448.0,292089522.0,0.15907625402598316,000609
2023-12-26,7.1,7.13,6.71,6.76,31331707.0,215530087.0,292089522.0,0.10726748013918828,000609
2023-12-27,6.73,6.94,6.57,6.85,26059992.0,176135390.0,292089522.0,0.08921919492887527,000609
2023-12-28,6.76,7.01,6.7,6.95,24568700.0,169580946.0,292089522.0,0.08411359583107537,000609
2023-12-29,6.99,7.15,6.59,6.62,35840972.0,245657668.0,292089522.0,0.12270543549316364,000609
2024-01-02,6.64,6.72,6.36,6.39,31705301.0,204566916.0,292089522.0,0.10854651951534229,000609
2024-01-03,6.41,6.48,6.32,6.4,23220172.0,148410690.0,292089522.0,0.07949676469394201,000609
2024-01-04,6.38,6.41,6.19,6.29,18520300.0,116174913.0,292089522.0,0.0634062457057258,000609
2024-01-05,6.29,6.39,6.25,6.31,17397172.0,109822246.0,292089522.0,0.05956109579309045,000609
2024-01-08,6.38,6.46,6.18,6.19,16451272.0,103463614.0,292089522.0,0.05632270506437406,000609
2024-01-09,6.22,6.36,6.18,6.2,14517400.0,90735307.0,292089522.0,0.049701885574656116,000609
2024-01-10,6.16,6.2,6.04,6.04,14418300.0,87910959.0,292089522.0,0.049362606030078686,000609
2024-01-11,6.08,6.25,6.07,6.23,17639549.0,108929714.0,292089522.0,0.060390899609195844,000609
2024-01-12,6.23,6.42,6.16,6.19,18475000.0,115405133.0,292089522.0,0.06325115626708444,000609
2024-01-15,6.15,6.32,6.11,6.25,14708200.0,91493040.0,292089522.0,0.05035510996522498,000609
2024-01-16,6.26,6.3,6.06,6.14,15334600.0,94179659.0,292089522.0,0.05249965796445105,000609
2024-01-17,6.12,6.15,5.88,5.93,13137900.0,78933897.0,292089522.0,0.044979018453116575,000609
2024-01-18,5.86,6.0,5.74,6.0,15177801.0,88757531.0,292089522.0,0.05196283966666904,000609
2024-01-19,5.92,5.94,5.78,5.8,10293200.0,60238143.0,292089522.0,0.035239881011548235,000609
2024-01-22,5.75,5.82,5.42,5.46,14311600.0,80376378.0,292089522.0,0.04899730706533184,000609
2024-01-23,5.47,5.6,5.34,5.45,11380700.0,61721798.0,292089522.0,0.03896305462131572,000609
2024-01-24,5.46,5.88,5.46,5.84,22177400.0,125313763.0,292089522.0,0.07592672221908733,000609
2024-01-25,5.75,6.14,5.74,6.1,25172600.0,150771433.0,292089522.0,0.08618111265216834,000609
2024-01-26,6.1,6.35,6.07,6.19,22782700.0,141962754.0,292089522.0,0.07799903209126413,000609
2024-01-29,6.31,6.34,5.92,5.95,17671842.0,107298064.0,292089522.0,0.06050145817966041,000609
2024-01-30,5.96,6.0,5.68,5.72,11239211.0,65064828.0,292089522.0,0.03847865176074341,000609
2024-01-31,5.72,5.73,5.2,5.22,16386200.0,88372671.0,292089522.0,0.056099924049997245,000609
2024-02-01,5.23,5.24,4.94,5.07,13226463.0,67079331.0,292089522.0,0.045282223441072286,000609
2024-02-02,5.14,5.28,4.7,4.88,14552600.0,73143563.0,292089522.0,0.04982239657333549,000609
2024-02-05,4.85,4.87,4.39,4.39,13671800.0,60933332.0,292089522.0,0.046806882720017595,000609
2024-02-06,3.95,4.3,3.95,4.0,21959200.0,87829215.0,292089522.0,0.07517969097159193,000609
2024-02-07,4.0,4.01,3.6,3.6,15331800.0,55547961.0,292089522.0,0.05249007186228337,000609
2024-02-08,3.31,3.79,3.24,3.73,38664997.0,131559242.0,292089522.0,0.13237378984104742,000609
2024-02-19,3.75,3.99,3.45,3.88,30258458.0,113946674.0,292089522.0,0.10359309636584636,000609
2024-02-20,3.8,4.27,3.77,4.27,25428346.0,102189523.0,292089522.0,0.08705668668251647,000609
2024-02-21,4.3,4.7,4.2,4.57,43980438.0,199803186.0,292089522.0,0.1505717757311404,000609
2024-02-22,4.4,4.72,4.3,4.62,32398776.0,147272001.0,292089522.0,0.11092070601560299,000609
2024-02-23,4.61,4.78,4.57,4.72,23531089.0,109820456.0,292089522.0,0.08056122259668048,000609
2024-02-26,4.73,5.03,4.65,4.81,22628487.0,108670790.0,292089522.0,0.07747106724355556,000609
2024-02-27,4.8,5.08,4.71,5.08,22043813.0,109639857.0,292089522.0,0.07546937270827538,000609
2024-02-28,5.11,5.43,4.62,4.62,33161325.0,166367274.0,292089522.0,0.11353137480912444,000609
2024-02-29,4.58,4.75,4.53,4.74,19850672.0,92717923.0,292089522.0,0.0679609178175176,000609
2024-03-01,4.85,4.87,4.62,4.75,13944630.0,65718117.0,292089522.0,0.04774094566802023,000609
2024-03-04,4.72,4.76,4.56,4.65,10565838.0,49026779.0,292089522.0,0.036173286626830795,000609
2024-03-05,4.65,4.71,4.53,4.56,8180000.0,37565423.0,292089522.0,0.02800511276128556,000609
2024-03-06,4.52,4.79,4.52,4.74,13431635.0,62836226.0,292089522.0,0.04598465192462467,000609
2024-03-07,4.76,4.79,4.59,4.61,10588161.0,49659846.0,292089522.0,0.03624971182636261,000609
2024-03-08,4.61,4.66,4.47,4.56,8109200.0,36775487.0,292089522.0,0.02776272132076001,000609
2024-03-11,4.55,4.7,4.54,4.7,8895800.0,41109679.0,292089522.0,0.0304557313082939,000609
2024-03-12,4.7,5.03,4.69,4.94,20688696.0,100955295.0,292089522.0,0.07082998341857671,000609
2024-03-13,4.88,4.93,4.75,4.82,13594000.0,65541126.0,292089522.0,0.046540526024072854,000609
2024-03-14,4.83,5.08,4.78,4.96,18871997.0,93402135.0,292089522.0,0.06461031833932064,000609
2024-03-15,4.93,4.99,4.82,4.95,12446300.0,61012007.0,292089522.0,0.042611251217700305,000609
2024-03-18,4.95,5.1,4.91,5.1,14120201.0,70782639.0,292089522.0,0.04834203193362068,000609
2024-03-19,5.11,5.19,5.04,5.07,12879086.0,65874833.0,292089522.0,0.044092940793679,000609
2024-03-20,5.04,5.17,5.0,5.16,9066011.0,46345568.0,292089522.0,0.03103846703545908,000609
2024-03-21,5.16,5.45,5.16,5.38,17512901.0,92976486.0,292089522.0,0.05995730651372013,000609
2024-03-22,5.38,5.5,5.25,5.35,16854301.0,90717403.0,292089522.0,0.05770251833956577,000609
2024-03-25,5.34,5.46,5.15,5.3,14296056.0,75691278.0,292089522.0,0.04894409050386957,000609
2024-03-26,5.25,5.56,5.13,5.36,16516886.0,87823006.0,292089522.0,0.05654734167424191,000609
2024-03-27,5.36,5.36,5.04,5.09,16101000.0,83178679.0,292089522.0,0.05512351107206098,000609
2024-03-28,5.05,5.33,5.04,5.15,12091332.0,62607334.0,292089522.0,0.04139597996260886,000609
2024-03-29,5.2,5.21,5.02,5.05,10292200.0,52214819.0,292089522.0,0.035236457403631204,000609
2024-04-01,5.09,5.18,5.06,5.13,8753600.0,44992540.0,292089522.0,0.02996889426249258,000609
2024-04-02,5.14,5.4,5.13,5.35,16963881.0,90018950.0,292089522.0,0.05807767729511366,000609
2024-04-03,5.31,5.33,5.13,5.16,11822500.0,61699741.0,292089522.0,0.0404756045990585,000609
2024-04-08,5.13,5.13,4.87,4.88,12999529.0,64908518.0,292089522.0,0.04450529040202955,000609
2024-04-09,4.89,5.03,4.86,4.99,8898601.0,44252845.0,292089522.0,0.030465320834069495,000609
2024-04-10,5.01,5.03,4.67,4.8,9743900.0,46734485.0,292089522.0,0.033359293182724986,000609
2024-04-11,4.77,4.86,4.7,4.81,5671500.0,27264986.0,292089522.0,0.019416992301421892,000609
2024-04-12,4.81,4.9,4.67,4.69,5848380.0,27869778.0,292089522.0,0.020022560069785728,000609
2024-04-15,4.5,4.57,4.22,4.22,8136500.0,35087235.0,292089522.0,0.027856185816894863,000609
2024-04-16,3.8,3.8,3.8,3.8,3578000.0,13596400.0,292089522.0,0.012249669127124663,000609
2024-04-17,3.42,4.04,3.42,3.86,19847801.0,76519816.0,292089522.0,0.06795108863918782,000609
2024-04-18,3.93,4.25,3.86,4.2,17369900.0,71142164.0,292089522.0,0.059467727157977275,000609
2024-04-19,4.15,4.58,4.11,4.49,21137900.0,92752371.0,292089522.0,0.07236788178933717,000609
2024-04-22,4.45,4.53,4.06,4.08,16387600.0,68630708.0,292089522.0,0.056104717101081086,000609
2024-04-23,3.96,4.26,3.87,3.95,15853000.0,64484815.0,292089522.0,0.05427445630863814,000609
2024-04-24,3.89,4.04,3.59,3.65,28626900.0,107857250.0,292089522.0,0.09800728147995669,000609
2024-04-25,3.68,3.82,3.6,3.73,23383700.0,87036401.0,292089522.0,0.08005662044939771,000609
2024-04-29,3.54,3.54,3.54,3.54,250100.0,885354.0,292089522.0,0.0008562443400485965,000609
2024-04-30,3.36,3.36,3.36,3.36,247500.0,831600.0,292089522.0,0.0008473429594643248,000609
2024-05-06,3.19,3.19,3.19,3.19,424800.0,1355112.0,292089522.0,0.0014543486431533139,000609
2024-05-07,3.03,3.03,3.03,3.03,218600.0,662358.0,292089522.0,0.0007484006906622279,000609
2024-05-08,2.88,2.88,2.88,2.88,260400.0,749952.0,292089522.0,0.0008915075015939805,000609
2024-05-09,2.74,2.74,2.74,2.74,111400.0,305236.0,292089522.0,0.00038138992195687184,000609
2024-05-10,2.6,2.6,2.6,2.6,185100.0,481260.0,292089522.0,0.0006337098254418041,000609
2024-05-13,2.47,2.47,2.47,2.47,1820100.0,4495647.0,292089522.0,0.006231308769781889,000609
2024-05-14,2.35,2.43,2.35,2.35,48752248.0,114789942.0,292089522.0,0.16690858222569174,000609
2024-05-15,2.23,2.3,2.23,2.23,42339072.0,94671311.0,292089522.0,0.14495238209880051,000609
2024-05-16,2.2,2.34,2.18,2.34,34194942.0,77356172.0,292089522.0,0.11707007415349874,000609
2024-05-17,2.39,2.43,2.22,2.31,32532666.0,75797461.0,292089522.0,0.11137909287961381,000609
2024-05-20,2.31,2.31,2.19,2.19,19392005.0,42674035.0,292089522.0,0.06639062184503831,000609
2024-05-21,2.13,2.13,2.08,2.08,6578200.0,13722634.0,292089522.0,0.022521177599790793,000609
2024-05-22,1.98,1.98,1.98,1.98,3308900.0,6551622.0,292089522.0,0.011328376236652542,000609
2024-05-23,1.88,2.07,1.88,2.02,22777676.0,44586125.0,292089522.0,0.07798183188508899,000609
2024-05-24,1.95,2.09,1.92,2.02,20020980.0,39504009.0,292089522.0,0.06854398563465074,000609
2024-05-27,2.05,2.08,1.92,1.92,13927900.0,27427978.0,292089522.0,0.04768366870756836,000609
2024-05-28,1.92,1.96,1.82,1.82,8100400.0,14899248.0,292089522.0,0.027732593571090168,000609
2024-05-29,1.81,1.9,1.73,1.73,18151802.0,32128376.0,292089522.0,0.062144653035516965,000609
2024-05-30,1.68,1.68,1.64,1.64,5824000.0,9570545.0,292089522.0,0.019939092508768595,000609
2024-05-31,1.56,1.64,1.56,1.56,18095801.0,28496128.0,292089522.0,0.061952927568555506,000609
2024-06-03,1.51,1.52,1.48,1.48,2582905.0,3841459.0,292089522.0,0.008842854006930108,000609
2024-06-04,1.41,1.41,1.41,1.41,394400.0,556104.0,292089522.0,0.0013502709624756755,000609
2024-06-05,1.34,1.4,1.34,1.34,26865288.0,36220262.0,292089522.0,0.0919762126900259,000609
2024-06-06,1.27,1.27,1.27,1.27,3893100.0,4944237.0,292089522.0,0.013328447981780052,000609
2024-06-07,1.22,1.27,1.21,1.21,15784900.0,19242081.0,292089522.0,0.05404130860948857,000609
2024-06-11,1.17,1.27,1.15,1.27,17907032.0,21683671.0,292089522.0,0.06130665652566613,000609
2024-06-12,1.27,1.33,1.27,1.33,2705101.0,3572846.0,292089522.0,0.00926120519995921,000609
2024-06-13,1.4,1.4,1.4,1.4,615100.0,861140.0,292089522.0,0.0021058612297636613,000609
2024-06-14,1.47,1.47,1.39,1.47,16660103.0,24371952.0,292089522.0,0.05703766052929485,000609
2024-06-17,1.53,1.54,1.53,1.54,3773700.0,5797033.0,292089522.0,0.012919669196486959,000609
2024-06-18,1.62,1.62,1.55,1.62,6474602.0,10463361.0,292089522.0,0.02216649866680257,000609
2024-06-19,1.68,1.7,1.67,1.7,7618158.0,12905701.0,292089522.0,0.026081586041966955,000609
2024-06-20,1.79,1.79,1.79,1.79,2911758.0,5212047.0,292089522.0,0.009968717741268377,000609
2024-06-21,1.88,1.88,1.83,1.88,5381689.0,10079550.0,292089522.0,0.01842479306738021,000609
2024-06-24,1.97,1.97,1.97,1.97,2395338.0,4718816.0,292089522.0,0.008200698140756997,000609
2024-06-25,2.07,2.07,2.07,2.07,1105689.0,2288776.0,292089522.0,0.0037854456141703024,000609
2024-06-26,2.16,2.16,1.97,1.97,6975100.0,14558881.0,292089522.0,0.023880007582059038,000609
2024-06-27,1.87,1.87,1.87,1.87,811800.0,1518066.0,292089522.0,0.0027792849070429853,000609
2024-06-28,1.78,1.78,1.78,1.78,260200.0,463156.0,292089522.0,0.000890822780010575,000609
2024-07-01,1.69,1.87,1.69,1.87,12591405.0,21436395.0,291084522.0,0.043256868876044186,000609
2024-07-02,1.96,1.96,1.87,1.88,22378409.0,43440721.0,291084522.0,0.07687941923617636,000609
2024-07-03,1.79,1.87,1.79,1.79,11674690.0,21088965.0,291084522.0,0.040107560236404466,000609
2024-07-04,1.76,1.88,1.71,1.8,8044889.0,14288025.0,291084522.0,0.027637639214633337,000609
2024-07-05,1.8,1.87,1.74,1.82,6304500.0,11442046.0,291084522.0,0.0216586576183532,000609
2024-07-08,1.83,1.86,1.73,1.8,7816002.0,13926059.0,291084522.0,0.026851314340925348,000609
2024-07-09,1.76,1.82,1.71,1.71,6504700.0,11480085.0,291084522.0,0.02234643036086955,000609
2024-07-10,1.76,1.77,1.72,1.74,3713301.0,6480520.0,291084522.0,0.012756779283509963,000609
2024-07-11,1.83,1.83,1.83,1.83,2447317.0,4478590.0,291084522.0,0.008407582042441955,000609
2024-07-12,1.92,1.92,1.84,1.86,8145718.0,15423333.0,291084522.0,0.027984030013110762,000609
2024-07-15,1.84,1.85,1.77,1.84,4990501.0,8960485.0,291084522.0,0.017144508288214653,000609
2024-07-16,1.84,1.86,1.78,1.81,2632501.0,4786622.0,291084522.0,0.009043768393841292,000609
2024-07-17,1.82,1.9,1.81,1.88,11869372.0,22399461.0,291084522.0,0.04077637628564806,000609
2024-07-18,1.88,1.89,1.79,1.83,9954602.0,18082269.0,291084522.0,0.03419832126972385,000609
2024-07-19,1.8,1.89,1.79,1.84,4621101.0,8542572.0,291084522.0,0.015875461079995178,000609
2024-07-22,1.88,1.91,1.85,1.86,3800401.0,7119501.0,291084522.0,0.01305600508707227,000609
2024-07-23,1.88,1.91,1.81,1.82,5964903.0,11142042.0,291084522.0,0.020491996479290644,000609
2024-07-24,1.79,1.82,1.76,1.78,3622603.0,6464689.0,291084522.0,0.012445192808980753,000609
2024-07-25,1.78,1.8,1.76,1.77,2173400.0,3869391.0,291084522.0,0.007466559833092053,000609
2024-07-26,1.78,1.8,1.75,1.79,1846000.0,3291370.0,291084522.0,0.006341800612813072,000609
2024-07-29,1.78,1.79,1.74,1.74,3014602.0,5321702.0,291084522.0,0.010356448976699626,000609
2024-07-30,1.74,1.81,1.73,1.8,3352956.0,5918363.0,291084522.0,0.011518839878404801,000609
2024-07-31,1.78,1.82,1.76,1.81,3765617.0,6737964.0,291084522.0,0.012936507149631267,000609
2024-08-01,1.81,1.82,1.78,1.81,3014238.0,5414867.0,291084522.0,0.010355198480804143,000609
2024-08-02,1.79,1.9,1.78,1.87,4867510.0,9015421.0,291084522.0,0.016721981528100626,000609
2024-08-05,1.87,1.94,1.85,1.88,4879155.0,9265486.0,291084522.0,0.01676198709047127,000609
2024-08-06,1.88,1.91,1.86,1.9,3159401.0,5963381.0,291084522.0,0.010853895556837611,000609
2024-08-07,1.89,2.0,1.89,2.0,10646640.0,21135910.0,291084522.0,0.03657576818873248,000609
2024-08-08,2.03,2.1,1.98,2.1,13189251.0,27171273.0,291084522.0,0.045310725934098274,000609
2024-08-09,2.13,2.15,2.0,2.0,13710210.0,27966766.0,291084522.0,0.047100443217657585,000609
2024-08-12,1.94,1.95,1.9,1.9,2943600.0,5621544.0,291084522.0,0.01011252669765794,000609
2024-08-13,1.81,1.87,1.81,1.83,7449110.0,13545566.0,291084522.0,0.025590883186842894,000609
2024-08-14,1.81,1.85,1.78,1.81,3507512.0,6341317.0,291084522.0,0.012049805932312677,000609
2024-08-15,1.8,1.82,1.77,1.82,3964300.0,7109884.0,291084522.0,0.013619068347440335,000609
2024-08-16,1.82,1.82,1.77,1.79,2997001.0,5370609.0,291084522.0,0.010295982003467707,000609
2024-08-19,1.79,1.8,1.77,1.77,1864200.0,3325075.0,291084522.0,0.006404325407587285,000609
2024-08-20,1.79,1.81,1.75,1.76,2271062.0,4017932.0,291084522.0,0.007802070630193109,000609
2024-08-21,1.78,1.78,1.75,1.77,1214900.0,2135594.0,291084522.0,0.004173701822592958,000609
2024-08-22,1.78,1.85,1.75,1.81,3616004.0,6581771.0,291084522.0,0.012422522417732675,000609
2024-08-23,1.81,1.81,1.72,1.72,6864100.0,11869833.0,291084522.0,0.023581123286246047,000609
2024-08-26,1.73,1.74,1.69,1.69,2659811.0,4557228.0,291084522.0,0.009137589940285453,000609
2024-08-27,1.69,1.72,1.68,1.72,2330485.0,3971242.0,291084522.0,0.008006214085130916,000609
2024-08-28,1.71,1.81,1.69,1.81,6582510.0,11756230.0,291084522.0,0.022613741035670733,000609
2024-08-29,1.9,1.9,1.88,1.9,7886785.0,14975182.0,291084522.0,0.027094484261172773,000609
2024-08-30,1.98,2.0,1.95,2.0,13633800.0,27210788.0,291084522.0,0.04683794214245442,000609
2024-09-02,2.0,2.04,1.91,1.93,14895316.0,29406452.0,291084522.0,0.05117178988994819,000609
2024-09-03,1.97,2.03,1.93,2.03,14378066.0,28724789.0,291084522.0,0.04939481460989534,000609
2024-09-04,2.05,2.05,1.93,1.93,13075585.0,25805017.0,291084522.0,0.044920234542735325,000609
2024-09-05,1.94,2.03,1.94,2.03,5756254.0,11594713.0,291084522.0,0.019775197803200268,000609
2024-09-06,2.08,2.1,1.96,2.0,9740788.0,19621105.0,291084522.0,0.03346377860654508,000609
2024-09-09,1.98,1.99,1.93,1.95,3925039.0,7645711.0,291084522.0,0.013484189997570534,000609
2024-09-10,1.96,2.01,1.91,1.94,3373300.0,6576567.0,291084522.0,0.01158873023142055,000609
2024-09-11,1.91,1.96,1.91,1.93,2488200.0,4790479.0,291084522.0,0.008548032656988886,000609
2024-09-12,1.93,1.98,1.92,1.93,2791640.0,5439879.0,291084522.0,0.009590479015576102,000609
2024-09-13,1.94,2.0,1.93,1.96,3625018.0,7095756.0,291084522.0,0.012453489368287333,000609
2024-09-18,1.96,1.96,1.86,1.86,5778801.0,10888957.0,291084522.0,0.01985265640472632,000609
2024-09-19,1.88,1.9,1.83,1.87,2567758.0,4807213.0,291084522.0,0.008821348460431023,000609
2024-09-20,1.88,1.9,1.85,1.88,1182881.0,2208781.0,291084522.0,0.004063702844358038,000609
2024-09-23,1.88,1.88,1.83,1.85,3136500.0,5822343.0,291084522.0,0.010775220813698916,000609
2024-09-24,1.85,1.88,1.83,1.88,5022101.0,9317528.0,291084522.0,0.01725306782199845,000609
2024-09-25,1.9,1.97,1.89,1.97,4597900.0,9025493.0,291084522.0,0.015795755708371193,000609
2024-09-26,1.97,2.05,1.92,2.0,7948800.0,15842713.0,291084522.0,0.02730753234622348,000609
2024-09-27,2.0,2.05,1.97,2.0,9172698.0,18416730.0,291084522.0,0.031512146152518544,000609
2024-09-30,2.01,2.09,1.98,2.08,17358562.0,35219759.0,291084522.0,0.05963409486953071,000609
2024-10-08,2.18,2.18,2.01,2.05,20965800.0,43877250.0,291084522.0,0.07202650232292324,000609
2024-10-09,2.01,2.04,1.95,1.95,8417000.0,16502072.0,291084522.0,0.02891599986893154,000609
2024-10-10,1.93,1.93,1.85,1.85,8855200.0,16504595.0,291084522.0,0.030421404543110677,000609
2024-10-11,1.85,1.89,1.82,1.84,6068308.0,11241555.0,291084522.0,0.02084723694102842,000609
2024-10-14,1.86,1.89,1.84,1.86,5405900.0,10052890.0,291084522.0,0.01857158176208352,000609
2024-10-15,1.86,1.87,1.8,1.86,4098400.0,7524542.0,291084522.0,0.014079759280364623,000609
2024-10-16,1.83,1.88,1.83,1.88,5786381.0,10723360.0,291084522.0,0.019878696951121298,000609
2024-10-17,1.92,1.95,1.85,1.86,7213400.0,13642199.0,291084522.0,0.024781118385951144,000609
2024-10-18,1.83,1.87,1.82,1.85,6869132.0,12683981.0,291084522.0,0.023598410361372633,000609
2024-10-21,1.84,1.85,1.81,1.82,6460502.0,11788213.0,291084522.0,0.02219459130156017,000609
2024-10-22,1.82,1.84,1.77,1.84,5988228.0,10807138.0,291084522.0,0.020572127844021883,000609
2024-10-23,1.84,1.93,1.82,1.93,10237196.0,19249381.0,291084522.0,0.0351691526902966,000609
2024-10-24,1.96,2.03,1.96,2.03,16077360.0,32359096.0,291084522.0,0.055232617280832265,000609
2024-10-25,2.06,2.13,2.05,2.13,12905739.0,27192647.0,291084522.0,0.04433674079036054,000609
2024-10-28,2.23,2.24,2.2,2.24,6244210.0,13947652.0,291084522.0,0.021451535647092908,000609
2024-10-29,2.24,2.35,2.13,2.33,33570432.0,74817494.0,291084522.0,0.11532881160888382,000609
2024-10-30,2.24,2.45,2.24,2.45,27533715.0,65395905.0,291084522.0,0.09459010328278465,000609
2024-10-31,2.42,2.54,2.33,2.34,27927127.0,67825952.0,291084522.0,0.09594164199496667,000609
2024-11-01,2.34,2.39,2.22,2.22,17875036.0,40650448.0,291084522.0,0.06140840425723495,000609
2024-11-04,2.2,2.33,2.13,2.33,13793065.0,31409769.0,291084522.0,0.04738508562815305,000609
2024-11-05,2.37,2.45,2.37,2.45,5898484.0,14271321.0,291084522.0,0.020263818768075894,000609
2024-11-06,2.57,2.57,2.4,2.45,22896548.0,57359662.0,291084522.0,0.07865944861197395,000609
2024-11-07,2.38,2.54,2.37,2.48,15182600.0,37472345.0,291084522.0,0.05215873346917429,000609
2024-11-08,2.47,2.53,2.36,2.37,21457400.0,51787680.0,291084522.0,0.07371535886748386,000609
2024-11-11,2.38,2.49,2.29,2.49,12622400.0,30543453.0,291084522.0,0.04336334997571599,000609
2024-11-12,2.61,2.61,2.49,2.61,15590914.0,40396440.0,291084522.0,0.05356146693364892,000609
2024-11-13,2.65,2.74,2.56,2.74,22336314.0,60107011.0,291084522.0,0.07673480488254886,000609
2024-11-14,2.83,2.88,2.79,2.88,4551600.0,13010232.0,291084522.0,0.01563669537880822,000609
2024-11-15,2.85,2.86,2.74,2.74,18999800.0,52643711.0,291084522.0,0.06527245031599448,000609
2024-11-18,2.6,2.63,2.6,2.6,4746800.0,12343952.0,291084522.0,0.01630729097990308,000609
2024-11-19,2.49,2.56,2.47,2.47,9678201.0,24026293.0,291084522.0,0.033248765456515755,000609
2024-11-20,2.47,2.56,2.42,2.49,12128701.0,30256048.0,291084522.0,0.04166728246718663,000609
2024-11-21,2.5,2.61,2.45,2.61,9044800.0,22834549.0,291084522.0,0.03107276174581347,000609
2024-11-22,2.61,2.73,2.49,2.53,13178201.0,34624914.0,291084522.0,0.04527276445155679,000609
2024-11-25,2.54,2.63,2.47,2.54,6436201.0,16370025.0,291084522.0,0.022111106958823457,000609
2024-11-26,2.54,2.57,2.41,2.49,6050001.0,15129827.0,291084522.0,0.020784344555427787,000609
2024-11-27,2.47,2.5,2.37,2.49,8264300.0,20055471.0,291084522.0,0.02839140996991932,000609
2024-11-28,2.5,2.6,2.5,2.53,6348936.0,16170458.0,291084522.0,0.02181131430959424,000609
2024-11-29,2.52,2.54,2.48,2.52,6267701.0,15750410.0,291084522.0,0.02153223729291934,000609
2024-12-02,2.46,2.5,2.39,2.47,8918001.0,21830128.0,291084522.0,0.03063715287479284,000609
2024-12-03,2.5,2.51,2.41,2.44,7016200.0,17184071.0,291084522.0,0.024103651928287687,000609
2024-12-04,2.45,2.45,2.32,2.32,11730600.0,27602747.0,291084522.0,0.04029963503177953,000609
2024-12-05,2.33,2.44,2.28,2.44,7763600.0,18396916.0,291084522.0,0.026671291027971594,000609
2024-12-06,2.47,2.55,2.38,2.42,10585800.0,25903431.0,291084522.0,0.03636675673191583,000609
2024-12-09,2.44,2.53,2.38,2.52,9500100.0,23341906.0,291084522.0,0.032636912243654094,000609
2024-12-10,2.54,2.58,2.47,2.47,9058400.0,22817131.0,291084522.0,0.031119483570479917,000609
2024-12-11,2.48,2.56,2.45,2.5,7549700.0,18878054.0,291084522.0,0.025936452917960373,000609
2024-12-12,2.51,2.62,2.49,2.59,10631210.0,27272359.0,291084522.0,0.03652275953030577,000609
2024-12-13,2.58,2.58,2.47,2.49,9128800.0,23058797.0,291084522.0,0.03136133772169446,000609
2024-12-16,2.5,2.61,2.47,2.61,13609000.0,35009996.0,291084522.0,0.046752743521003844,000609
2024-12-17,2.61,2.67,2.48,2.48,12420068.0,31414027.0,291084522.0,0.04266825290009752,000609
2024-12-18,2.43,2.44,2.36,2.4,8256510.0,19749437.0,291084522.0,0.028364647983584644,000609
2024-12-19,2.36,2.42,2.34,2.37,6187910.0,14707116.0,291084522.0,0.021258121034686963,000609
2024-12-20,2.38,2.43,2.35,2.39,4164399.0,9976454.0,291084522.0,0.014306494111699968,000609
2024-12-23,2.37,2.37,2.27,2.27,6145100.0,14014851.0,291084522.0,0.02111105034983619,000609
2024-12-24,2.16,2.21,2.16,2.17,9963060.0,21565957.0,291084522.0,0.03422737812215244,000609
2024-12-25,2.17,2.19,2.06,2.07,9944000.0,20744564.0,291084522.0,0.03416189885905373,000609
2024-12-26,2.07,2.17,2.02,2.17,8037712.0,17052235.0,291084522.0,0.027612983145836933,000609
2024-12-27,2.17,2.28,2.17,2.28,7944914.0,17940732.0,291084522.0,0.0272941822719107,000609
2024-12-30,2.28,2.39,2.19,2.39,10844502.0,25030728.0,291084522.0,0.03725550889992014,000609
2024-12-31,2.39,2.51,2.39,2.51,17372173.0,43407256.0,291058272.0,0.05968623698831003,000609
