日期,开盘,最高,最低,收盘,成交量,成交额,outstanding_share,换手率,股票代码
2020-01-02,5.53,5.63,5.47,5.63,11969025.0,66760641.0,863459250.0,0.013861713798306058,000720
2020-01-03,5.63,5.66,5.56,5.59,7376946.0,41371140.0,863459250.0,0.008543479035055795,000720
2020-01-06,5.59,5.83,5.56,5.81,16211364.0,93122815.0,863459250.0,0.018774903390055754,000720
2020-01-07,5.83,5.83,5.75,5.77,9272260.0,53514347.0,863459250.0,0.01073850329358334,000720
2020-01-08,5.77,5.83,5.63,5.68,11816300.0,67823493.0,863459250.0,0.013684838051129801,000720
2020-01-09,5.71,5.77,5.66,5.7,9824013.0,55957711.0,863459250.0,0.011377506234370643,000720
2020-01-10,5.73,5.92,5.69,5.81,14501927.0,84537820.0,863459250.0,0.016795149278903434,000720
2020-01-13,5.8,5.87,5.74,5.85,8695298.0,50546316.0,863459250.0,0.010070304997022153,000720
2020-01-14,5.89,5.92,5.82,5.88,6267845.0,36843707.0,863459250.0,0.007258993403568263,000720
2020-01-15,5.92,5.93,5.82,5.88,4283828.0,25074319.0,863459250.0,0.00496123934047843,000720
2020-01-16,5.9,5.91,5.81,5.85,4992300.0,29250625.0,863459250.0,0.005781743608630054,000720
2020-01-17,5.8,5.85,5.75,5.8,5320502.0,30810844.0,863459250.0,0.006161844927829541,000720
2020-01-20,5.79,5.9,5.71,5.9,7009711.0,40775347.0,863459250.0,0.008118172339922238,000720
2020-01-21,5.93,5.93,5.8,5.88,6039601.0,35448655.0,863459250.0,0.00699465666735286,000720
2020-01-22,5.86,5.86,5.75,5.79,6036301.0,34982212.0,863459250.0,0.0069908348309430934,000720
2020-01-23,5.77,5.77,5.3,5.55,13425972.0,74715314.0,863459250.0,0.015549051098821398,000720
2020-02-03,5.0,5.0,5.0,5.0,1318900.0,6594500.0,863459250.0,0.0015274606184368285,000720
2020-02-04,4.5,4.98,4.5,4.74,18255826.0,86934609.0,863459250.0,0.021142660756717817,000720
2020-02-05,4.77,4.97,4.73,4.82,10503704.0,50863724.0,863459250.0,0.012164678298367874,000720
2020-02-06,4.83,4.87,4.73,4.86,9922901.0,47705652.0,863459250.0,0.011492031615852166,000720
2020-02-07,4.85,4.9,4.79,4.85,7335208.0,35527698.0,863459250.0,0.00849514091139796,000720
2020-02-10,4.85,4.92,4.79,4.89,6954221.0,33727906.0,863459250.0,0.008053907581625884,000720
2020-02-11,4.89,4.92,4.85,4.9,5836400.0,28503208.0,863459250.0,0.006759323036958606,000720
2020-02-12,4.86,4.92,4.85,4.89,7327536.0,35749470.0,863459250.0,0.008486255720811376,000720
2020-02-13,4.9,4.9,4.75,4.79,6948276.0,33450334.0,863459250.0,0.008047022485427078,000720
2020-02-14,4.79,4.9,4.76,4.85,6184746.0,30063845.0,863459250.0,0.007162753772109107,000720
2020-02-17,4.86,4.94,4.86,4.93,8818844.0,43247881.0,863459250.0,0.010213387603410352,000720
2020-02-18,4.91,4.96,4.88,4.95,7579848.0,37292694.0,863459250.0,0.00877846638390868,000720
2020-02-19,4.96,5.45,4.92,5.45,28055032.0,148934277.0,863459250.0,0.032491437204477225,000720
2020-02-20,5.43,5.71,5.33,5.56,25173380.0,139572325.0,863459250.0,0.02915410310330221,000720
2020-02-21,5.56,5.68,5.43,5.67,31897716.0,175635627.0,863459250.0,0.03694177345369802,000720
2020-02-24,5.62,5.65,5.49,5.54,14007661.0,77700317.0,863459250.0,0.016222723886506515,000720
2020-02-25,5.4,5.44,5.26,5.37,16103765.0,86304050.0,863459250.0,0.018650289518584693,000720
2020-02-26,5.37,5.52,5.29,5.34,10199613.0,55173376.0,863459250.0,0.011812500705736837,000720
2020-02-27,5.36,5.42,5.28,5.33,6810061.0,36227530.0,863459250.0,0.007886951237131342,000720
2020-02-28,5.18,5.25,4.96,5.0,10521207.0,53706687.0,863459250.0,0.012184949087058828,000720
2020-03-02,5.01,5.17,5.01,5.11,7828124.0,40139149.0,863459250.0,0.009066002825263613,000720
2020-03-03,5.19,5.31,5.1,5.17,10167300.0,52783288.0,863459250.0,0.011775077978491748,000720
2020-03-04,5.16,5.3,5.1,5.26,7680943.0,39743777.0,863459250.0,0.008895547763255764,000720
2020-03-05,5.3,5.35,5.23,5.34,7406315.0,39317429.0,863459250.0,0.008577492220970474,000720
2020-03-06,5.28,5.29,5.21,5.24,6149952.0,32240645.0,863459250.0,0.007122457718763219,000720
2020-03-09,5.2,5.21,5.06,5.07,9010477.0,46219078.0,863459250.0,0.010435323959990006,000720
2020-03-10,5.0,5.15,4.93,5.14,7964502.0,40113507.0,863459250.0,0.009223946584624578,000720
2020-03-11,5.13,5.38,5.11,5.22,8883054.0,46808509.0,863459250.0,0.010287751274886452,000720
2020-03-12,5.21,5.23,5.09,5.22,5991820.0,30965307.0,863459250.0,0.006939319950536172,000720
2020-03-13,4.95,5.2,4.95,5.19,10693897.0,53948292.0,863459250.0,0.012384946944514174,000720
2020-03-16,5.24,5.41,5.15,5.17,16031053.0,85181282.0,863459250.0,0.018566079406758338,000720
2020-03-17,5.18,5.45,5.09,5.41,20879469.0,111340268.0,863459250.0,0.024181186315393576,000720
2020-03-18,5.45,5.65,5.39,5.42,16513344.0,91210400.0,863459250.0,0.019124636165516785,000720
2020-03-19,5.48,5.48,5.2,5.45,10915554.0,58449938.0,863459250.0,0.012641655063629234,000720
2020-03-20,5.48,5.81,5.4,5.74,19350897.0,108656493.0,863459250.0,0.022410897792802614,000720
2020-03-23,5.57,5.7,5.5,5.53,12885600.0,72055030.0,863459250.0,0.014923228861118808,000720
2020-03-24,5.58,5.64,5.44,5.6,9542477.0,53004427.0,863459250.0,0.011051450314534242,000720
2020-03-25,5.66,5.68,5.59,5.62,7546539.0,42441457.0,863459250.0,0.008739890156947186,000720
2020-03-26,5.59,5.6,5.44,5.47,7267701.0,39972123.0,863459250.0,0.00841695887790883,000720
2020-03-27,5.49,5.54,5.37,5.42,6394853.0,34779538.0,863459250.0,0.007406085463789982,000720
2020-03-30,5.42,5.44,5.18,5.2,7802003.0,41001787.0,863459250.0,0.00903575125288194,000720
2020-03-31,5.25,5.3,5.21,5.28,4093521.0,21535996.0,863459250.0,0.004740838667256156,000720
2020-04-01,5.26,5.29,5.19,5.2,3706993.0,19393786.0,863459250.0,0.004293188126712407,000720
2020-04-02,5.2,5.63,5.16,5.63,11016951.0,59834190.0,863459250.0,0.012759086198914424,000720
2020-04-03,5.64,6.0,5.57,5.95,26196699.0,153343207.0,863459250.0,0.03033924183451622,000720
2020-04-07,6.0,6.14,5.93,5.97,21509750.0,129623706.0,863459250.0,0.024911135065146386,000720
2020-04-08,6.05,6.12,5.9,6.09,15942153.0,96479460.0,863459250.0,0.01846312145014371,000720
2020-04-09,6.1,6.14,5.9,5.95,9922500.0,59486180.0,863459250.0,0.011491567204821768,000720
2020-04-10,5.99,6.0,5.75,5.81,10048201.0,58753857.0,863459250.0,0.01163714558619877,000720
2020-04-13,5.79,5.79,5.61,5.62,8555100.0,48385236.0,863459250.0,0.009907937172483821,000720
2020-04-14,5.69,5.69,5.55,5.62,10118035.0,56748964.0,863459250.0,0.01171802259342291,000720
2020-04-15,5.59,5.8,5.51,5.57,12872317.0,72315181.0,863459250.0,0.014907845390503374,000720
2020-04-16,5.5,5.58,5.44,5.56,10280500.0,56382524.0,863459250.0,0.011906178548669205,000720
2020-04-17,5.56,5.66,5.5,5.57,8558559.0,47839205.0,863459250.0,0.009911943151920602,000720
2020-04-20,5.57,5.66,5.42,5.5,7161821.0,39368616.0,863459250.0,0.008294335835767582,000720
2020-04-21,5.5,5.68,5.45,5.63,8960945.0,49686515.0,863459250.0,0.01037795935361165,000720
2020-04-22,5.6,5.65,5.54,5.58,5939801.0,33149700.0,863459250.0,0.006879075069263546,000720
2020-04-23,5.6,5.62,5.47,5.49,4791710.0,26425519.0,863459250.0,0.005549433861528497,000720
2020-04-24,5.51,5.53,5.45,5.48,3701194.0,20280488.0,863459250.0,0.004286472117821426,000720
2020-04-27,5.48,5.55,5.4,5.4,5563500.0,30337343.0,863459250.0,0.006443268747193339,000720
2020-04-28,5.42,5.46,5.17,5.37,5325800.0,28283369.0,863459250.0,0.006167980712465586,000720
2020-04-29,5.37,5.43,5.3,5.32,4120101.0,22039448.0,863459250.0,0.00477162182233846,000720
2020-04-30,5.62,5.85,5.51,5.79,31268571.0,181011489.0,863459250.0,0.036213140342175966,000720
2020-05-06,5.64,5.95,5.62,5.79,13378685.0,77520864.0,863459250.0,0.01549428649933393,000720
2020-05-07,5.76,5.83,5.68,5.74,8830504.0,50616897.0,863459250.0,0.010226891425391528,000720
2020-05-08,5.73,5.79,5.65,5.7,7614015.0,43417202.0,863459250.0,0.00881803628833671,000720
2020-05-11,5.68,5.74,5.6,5.63,6262901.0,35323677.0,863459250.0,0.007253267597747085,000720
2020-05-12,5.65,5.65,5.49,5.55,7212839.0,39954426.0,863459250.0,0.008353421426662578,000720
2020-05-13,5.5,5.59,5.47,5.57,9267354.0,51251028.0,863459250.0,0.010732821496787486,000720
2020-05-14,5.58,5.65,5.52,5.6,5173791.0,28938531.0,863459250.0,0.005991934187977024,000720
2020-05-15,5.62,5.64,5.5,5.52,4709602.0,26071753.0,863459250.0,0.005454341939124516,000720
2020-05-18,5.55,5.58,5.5,5.52,4984472.0,27595740.0,863459250.0,0.005772677749413189,000720
2020-05-19,5.53,5.67,5.52,5.62,5044202.0,28219444.0,863459250.0,0.00584185298842997,000720
2020-05-20,5.72,5.72,5.48,5.53,5156736.0,28573308.0,863459250.0,0.005972182242532002,000720
2020-05-21,5.56,5.56,5.43,5.44,3017300.0,16498010.0,863459250.0,0.0034944324239968476,000720
2020-05-22,5.4,5.56,5.37,5.5,4261251.0,23256831.0,863459250.0,0.0049350921887743975,000720
2020-05-25,5.49,5.5,5.39,5.43,2820205.0,15333060.0,863459250.0,0.0032661703490929075,000720
2020-05-26,5.43,5.52,5.42,5.51,2803293.0,15396057.0,863459250.0,0.003246584016558975,000720
2020-05-27,5.6,5.6,5.39,5.4,3787644.0,20578290.0,863459250.0,0.004386592650434864,000720
2020-05-28,5.41,5.44,5.36,5.39,2126200.0,11457923.0,863459250.0,0.0024624207801352523,000720
2020-05-29,5.4,5.44,5.37,5.39,2390762.0,12909687.0,863459250.0,0.0027688185632385085,000720
2020-06-01,5.4,5.47,5.39,5.46,3873211.0,21087010.0,863459250.0,0.0044856905522756285,000720
2020-06-02,5.47,5.5,5.43,5.49,3517402.0,19216482.0,863459250.0,0.004073616676177828,000720
2020-06-03,5.49,5.54,5.42,5.42,4569201.0,24966513.0,863459250.0,0.00529173901374037,000720
2020-06-04,5.43,5.45,5.35,5.37,3685997.0,19819259.0,863459250.0,0.004268871982088327,000720
2020-06-05,5.38,5.4,5.3,5.33,3353398.0,17838971.0,863459250.0,0.0038836783554058864,000720
2020-06-08,5.34,5.36,5.18,5.26,6787010.0,35738007.0,863459250.0,0.007860255130742996,000720
2020-06-09,5.26,5.3,5.2,5.24,4261410.0,22333458.0,863459250.0,0.004935276331801414,000720
2020-06-10,5.27,5.27,5.2,5.21,2229800.0,11613608.0,863459250.0,0.002582403280757025,000720
2020-06-11,5.2,5.23,5.09,5.13,4262222.0,21987746.0,863459250.0,0.004936216735184666,000720
2020-06-12,5.12,5.19,5.04,5.18,3976485.0,20300466.0,863459250.0,0.0046052955017854055,000720
2020-06-15,5.18,5.18,5.06,5.07,4404361.0,22478953.0,863459250.0,0.005100832494411288,000720
2020-06-16,5.06,5.11,5.03,5.09,4153372.0,20999448.0,863459250.0,0.004810154040274628,000720
2020-06-17,5.07,5.29,5.04,5.26,7847285.0,40616958.0,863459250.0,0.009088193797217413,000720
2020-06-18,5.25,5.25,5.14,5.17,3765152.0,19512178.0,863459250.0,0.00436054393997169,000720
2020-06-19,5.17,5.23,5.12,5.23,2863566.0,14878297.0,863459250.0,0.003316388121384999,000720
2020-06-22,5.19,5.25,5.18,5.2,3640451.0,18978807.0,863459250.0,0.004216123690840071,000720
2020-06-23,5.19,5.19,5.11,5.13,2539150.0,13056848.0,863459250.0,0.0029406714908665347,000720
2020-06-24,5.1,5.18,5.04,5.09,3989410.0,20286504.0,863459250.0,0.004620264361056992,000720
2020-06-29,5.05,5.09,5.0,5.03,4995686.0,25117634.0,863459250.0,0.005785665044412924,000720
2020-06-30,5.07,5.07,5.0,5.02,3389588.0,17009343.0,863460000.0,0.003925587751604012,000720
2020-07-01,5.02,5.33,5.02,5.18,8224505.0,42682617.0,863460000.0,0.009525056169365113,000720
2020-07-02,5.19,5.3,5.11,5.17,7147850.0,37203857.0,863460000.0,0.008278148379774397,000720
2020-07-03,5.2,5.2,5.09,5.11,7950600.0,40813937.0,863460000.0,0.009207838232228475,000720
2020-07-06,5.13,5.28,5.1,5.23,19301483.0,100256645.0,863460000.0,0.02235365042966669,000720
2020-07-07,5.26,5.29,5.17,5.22,14817547.0,77437643.0,863460000.0,0.01716066407245269,000720
2020-07-08,5.22,5.25,5.13,5.24,14128591.0,73334781.0,863460000.0,0.016362762606258543,000720
2020-07-09,5.26,5.44,5.23,5.36,21561790.0,114772888.0,863460000.0,0.024971382577073636,000720
2020-07-10,5.33,5.68,5.25,5.48,28428898.0,157068487.0,863460000.0,0.0329243948764274,000720
2020-07-13,5.37,5.52,5.35,5.47,20301931.0,110194676.0,863460000.0,0.023512300511894006,000720
2020-07-14,5.45,5.51,5.29,5.36,16296571.0,87595560.0,863460000.0,0.01887356797072244,000720
2020-07-15,5.18,5.3,5.06,5.15,17712814.0,91504769.0,863460000.0,0.02051376323164941,000720
2020-07-16,5.16,5.19,5.02,5.05,11414501.0,57938031.0,863460000.0,0.013219490190628402,000720
2020-07-17,5.1,5.1,5.02,5.08,6799666.0,34408052.0,863460000.0,0.007874905612303987,000720
2020-07-20,5.1,5.18,5.07,5.18,7014936.0,35989994.0,863460000.0,0.008124216524216524,000720
2020-07-21,5.2,5.2,5.07,5.09,7093348.0,36319265.0,863460000.0,0.00821502791096287,000720
2020-07-22,5.1,5.13,5.05,5.1,7094335.0,36085371.0,863460000.0,0.00821617098649619,000720
2020-07-23,5.11,5.12,4.93,5.1,9594295.0,48143412.0,863460000.0,0.011111452759826744,000720
2020-07-24,5.06,5.11,4.88,4.9,8705801.0,43307990.0,863460000.0,0.010082460102378801,000720
2020-07-27,4.93,4.98,4.75,4.85,6259333.0,30117528.0,863460000.0,0.007249129085307947,000720
2020-07-28,4.8,4.85,4.77,4.8,8072303.0,38834934.0,863460000.0,0.009348786278461075,000720
2020-07-29,4.79,4.88,4.73,4.87,8207146.0,39554291.0,863460000.0,0.009504952169179811,000720
2020-07-30,4.84,4.86,4.78,4.8,6124526.0,29410638.0,863460000.0,0.00709300488731383,000720
2020-07-31,4.76,4.86,4.72,4.78,6248700.0,29901355.0,863460000.0,0.007236814675839066,000720
2020-08-03,4.81,5.02,4.79,4.97,11633652.0,57387852.0,863460000.0,0.013473295809881176,000720
2020-08-04,4.96,4.98,4.9,4.93,6702357.0,33033996.0,863460000.0,0.0077622090195260925,000720
2020-08-05,4.92,4.93,4.83,4.85,6270082.0,30468818.0,863460000.0,0.007261577838000602,000720
2020-08-06,4.85,4.86,4.78,4.82,6130500.0,29480258.0,863460000.0,0.0070999235633381974,000720
2020-08-07,4.82,4.82,4.72,4.77,6096000.0,29073835.0,863460000.0,0.007059968035577791,000720
2020-08-10,4.77,4.86,4.76,4.84,5713890.0,27560833.0,863460000.0,0.00661743450767841,000720
2020-08-11,4.84,4.87,4.74,4.76,5436162.0,26103002.0,863460000.0,0.006295789034813425,000720
2020-08-12,4.78,4.78,4.59,4.71,8396856.0,39071136.0,863460000.0,0.009724661246612466,000720
2020-08-13,4.71,4.75,4.68,4.7,4884261.0,23043497.0,863460000.0,0.005656615245639636,000720
2020-08-14,4.7,4.7,4.6,4.68,6274508.0,29125594.0,863460000.0,0.007266703726866329,000720
2020-08-17,4.69,4.78,4.66,4.73,7089600.0,33461107.0,863460000.0,0.00821068723507748,000720
2020-08-18,4.74,4.82,4.72,4.75,6285801.0,29953341.0,863460000.0,0.007279782502953235,000720
2020-08-19,4.73,4.87,4.67,4.81,11045500.0,53072699.0,863460000.0,0.012792138605146735,000720
2020-08-20,4.78,4.84,4.72,4.72,4641000.0,22069823.0,863460000.0,0.005374887082204155,000720
2020-08-21,4.72,4.77,4.68,4.7,5660659.0,26685961.0,863460000.0,0.006555786023672202,000720
2020-08-24,4.72,4.72,4.63,4.63,5893340.0,27428866.0,863460000.0,0.006825261158594492,000720
2020-08-25,4.64,4.66,4.59,4.61,5177498.0,23911733.0,863460000.0,0.005996222175896973,000720
2020-08-26,4.6,4.61,4.51,4.51,5990289.0,27249991.0,863460000.0,0.00693754082412619,000720
2020-08-27,4.51,4.58,4.44,4.58,6161100.0,27844635.0,863460000.0,0.0071353623792648185,000720
2020-08-28,4.56,4.58,4.5,4.56,7116425.0,32326709.0,863460000.0,0.008241754105575243,000720
2020-08-31,4.57,4.59,4.46,4.47,8064105.0,36504039.0,863460000.0,0.009339291918560212,000720
2020-09-01,4.47,4.48,4.29,4.34,10299413.0,45080560.0,863460000.0,0.011928071943112593,000720
2020-09-02,4.32,4.39,4.3,4.31,7608500.0,32942779.0,863460000.0,0.00881164153521877,000720
2020-09-03,4.32,4.34,4.13,4.17,17010774.0,71413021.0,863460000.0,0.01970070877631853,000720
2020-09-04,4.16,4.29,4.08,4.24,10053100.0,42428818.0,863460000.0,0.011642809163134366,000720
2020-09-07,4.22,4.27,4.11,4.12,9236900.0,38659410.0,863460000.0,0.010697542445509925,000720
2020-09-08,4.12,4.24,4.08,4.2,6589702.0,27434136.0,863460000.0,0.007631739744747875,000720
2020-09-09,4.18,4.31,4.15,4.19,10507701.0,44539030.0,863460000.0,0.012169296782711416,000720
2020-09-10,4.22,4.25,4.06,4.07,9225706.0,38018118.0,863460000.0,0.010684578324415724,000720
2020-09-11,4.06,4.07,3.91,4.0,9066160.0,36060585.0,863460000.0,0.010499803117689296,000720
2020-09-14,4.0,4.13,4.0,4.09,6344400.0,25865955.0,863460000.0,0.007347647835452714,000720
2020-09-15,4.08,4.12,4.03,4.06,3634203.0,14796602.0,863460000.0,0.004208884024737684,000720
2020-09-16,4.04,4.09,3.99,4.01,4037175.0,16272406.0,863460000.0,0.004675578486554096,000720
2020-09-17,3.99,4.03,3.95,4.01,5076700.0,20246771.0,863460000.0,0.005879484863224701,000720
2020-09-18,4.01,4.05,3.95,4.03,6138166.0,24580302.0,863460000.0,0.007108801797419684,000720
2020-09-21,4.03,4.03,3.96,3.97,5188099.0,20688369.0,863460000.0,0.006008499525166192,000720
2020-09-22,3.94,3.95,3.84,3.86,8565435.0,33306992.0,863460000.0,0.009919897852824683,000720
2020-09-23,3.88,3.9,3.83,3.84,4986900.0,19253022.0,863460000.0,0.005775484677923702,000720
2020-09-24,3.84,3.85,3.7,3.72,7845460.0,29343438.0,863460000.0,0.00908607231371459,000720
2020-09-25,3.74,3.74,3.68,3.71,4392200.0,16259165.0,863460000.0,0.005086744029833461,000720
2020-09-28,3.7,3.78,3.62,3.63,5819771.0,21488471.0,863460000.0,0.006740058601440715,000720
2020-09-29,3.63,3.75,3.61,3.74,8093356.0,29980910.0,863460000.0,0.009373168415444838,000720
2020-09-30,3.76,3.79,3.64,3.69,6373785.0,23644171.0,863460000.0,0.007381679521923424,000720
2020-10-09,3.72,4.06,3.72,4.06,14959525.0,59215648.0,863460000.0,0.017325093229564773,000720
2020-10-12,4.06,4.12,4.03,4.07,13257871.0,54013035.0,863460000.0,0.015354354573460264,000720
2020-10-13,4.06,4.09,4.01,4.07,5494632.0,22229519.0,863460000.0,0.006363504968383017,000720
2020-10-14,4.03,4.15,4.01,4.15,6311878.0,25661514.0,863460000.0,0.007309983091283904,000720
2020-10-15,4.08,4.21,4.06,4.11,9177292.0,37901611.0,863460000.0,0.01062850855858986,000720
2020-10-16,4.09,4.15,4.02,4.14,5206000.0,21285742.0,863460000.0,0.006029231232483265,000720
2020-10-19,4.15,4.18,4.04,4.07,5433195.0,22262771.0,863460000.0,0.0062923528594260305,000720
2020-10-20,4.08,4.09,4.02,4.08,2806387.0,11375616.0,863460000.0,0.0032501644546359993,000720
2020-10-21,4.1,4.11,3.97,3.99,4804901.0,19285141.0,863460000.0,0.0055647059504783086,000720
2020-10-22,3.98,4.0,3.92,3.92,3315666.0,13067711.0,863460000.0,0.0038399763741227156,000720
2020-10-23,3.95,3.96,3.82,3.83,3324100.0,12899545.0,863460000.0,0.0038497440529960854,000720
2020-10-26,3.82,3.86,3.75,3.8,3077395.0,11684496.0,863460000.0,0.003564027285572001,000720
2020-10-27,3.79,3.83,3.75,3.81,2952396.0,11197261.0,863460000.0,0.003419262038774234,000720
2020-10-28,3.82,3.93,3.77,3.8,4201452.0,16070839.0,863460000.0,0.004865832812174275,000720
2020-10-29,3.76,3.81,3.71,3.77,2492360.0,9392978.0,863460000.0,0.0028864799759108703,000720
2020-10-30,3.76,3.83,3.72,3.72,4347547.0,16367995.0,863460000.0,0.005035029995599101,000720
2020-11-02,3.75,3.76,3.63,3.64,5155700.0,18920445.0,863460000.0,0.005970977231139833,000720
2020-11-03,3.64,3.94,3.64,3.91,8668711.0,33133690.0,863460000.0,0.010039505014708267,000720
2020-11-04,3.91,3.93,3.84,3.85,4074900.0,15763649.0,863460000.0,0.004719268987561671,000720
2020-11-05,3.88,3.88,3.81,3.84,3774400.0,14476587.0,863460000.0,0.004371250550112339,000720
2020-11-06,3.85,3.85,3.77,3.81,2861345.0,10919416.0,863460000.0,0.003313813031292706,000720
2020-11-09,3.83,3.86,3.79,3.84,3076972.0,11798053.0,863460000.0,0.003563537396057721,000720
2020-11-10,3.83,3.87,3.74,3.74,3807550.0,14471504.0,863460000.0,0.004409642600699511,000720
2020-11-11,3.74,3.8,3.72,3.77,2372154.0,8914330.0,863460000.0,0.002747265652143701,000720
2020-11-12,3.75,3.79,3.74,3.78,2540717.0,9554553.0,863460000.0,0.002942483728256086,000720
2020-11-13,3.79,3.83,3.75,3.82,2724150.0,10339933.0,863460000.0,0.0031549232158988257,000720
2020-11-16,3.82,3.92,3.79,3.89,4190767.0,16136960.0,863460000.0,0.004853458179880944,000720
2020-11-17,3.88,3.89,3.81,3.82,3573067.0,13720224.0,863460000.0,0.004138080513283765,000720
2020-11-18,3.83,3.94,3.81,3.92,4760070.0,18563191.0,863460000.0,0.0055127857688833295,000720
2020-11-19,3.91,3.92,3.84,3.86,6023801.0,23346872.0,863460000.0,0.006976352118222037,000720
2020-11-20,3.83,3.94,3.83,3.88,7840735.0,30427262.0,863460000.0,0.009080600143608274,000720
2020-11-23,3.9,4.02,3.86,3.98,8388236.0,33197520.0,863460000.0,0.009714678155328562,000720
2020-11-24,3.99,4.0,3.94,3.95,5276576.0,20922293.0,863460000.0,0.006110967502837421,000720
2020-11-25,3.95,4.28,3.94,4.1,18826206.0,77713217.0,863460000.0,0.021803217288583143,000720
2020-11-26,4.08,4.24,4.08,4.18,13046394.0,54534040.0,863460000.0,0.015109436453338893,000720
2020-11-27,4.18,4.32,4.16,4.21,11088328.0,46875228.0,863460000.0,0.012841739049869131,000720
2020-11-30,4.21,4.33,4.15,4.16,8525801.0,36217585.0,863460000.0,0.009873996479281033,000720
2020-12-01,4.14,4.18,4.09,4.11,7684153.0,31706018.0,863460000.0,0.008899257637875524,000720
2020-12-02,4.16,4.18,4.07,4.1,5657660.0,23221711.0,863460000.0,0.006552312788085146,000720
2020-12-03,4.1,4.1,4.05,4.09,4498545.0,18320045.0,863460000.0,0.005209905496490862,000720
2020-12-04,4.08,4.08,4.02,4.06,3582702.0,14488881.0,863460000.0,0.004149239107775693,000720
2020-12-07,4.05,4.13,4.04,4.08,3087829.0,12612097.0,863460000.0,0.003576111226924235,000720
2020-12-08,4.14,4.14,4.06,4.08,2118649.0,8644883.0,863460000.0,0.0024536735922914784,000720
2020-12-09,4.08,4.09,4.03,4.03,3388000.0,13744504.0,863460000.0,0.003923748639195794,000720
2020-12-10,4.02,4.04,3.98,3.98,2870201.0,11503578.0,863460000.0,0.0033240694415491165,000720
2020-12-11,3.98,4.01,3.85,3.9,3438300.0,13451977.0,863460000.0,0.003982002640539226,000720
2020-12-14,3.92,3.92,3.85,3.88,1810000.0,7027141.0,863460000.0,0.002096217543372015,000720
2020-12-15,3.87,4.14,3.85,4.02,6322250.0,25219111.0,863460000.0,0.007321995228499294,000720
2020-12-16,4.01,4.15,3.98,4.04,3856300.0,15678656.0,863460000.0,0.004466101498621824,000720
2020-12-17,4.03,4.07,3.98,3.99,2846041.0,11403889.0,863460000.0,0.003296088990804438,000720
2020-12-18,4.0,4.05,3.96,4.04,3181347.0,12699789.0,863460000.0,0.0036844173441734416,000720
2020-12-21,4.0,4.04,3.96,3.97,3485602.0,13868517.0,863460000.0,0.004036784564426841,000720
2020-12-22,3.95,3.98,3.86,3.9,3727585.0,14613920.0,863460000.0,0.004317032636138327,000720
2020-12-23,3.92,4.03,3.88,3.88,5654501.0,22261537.0,863460000.0,0.00654865425149978,000720
2020-12-24,3.86,3.92,3.84,3.86,3512220.0,13572299.0,863460000.0,0.004067611701758043,000720
2020-12-25,3.84,3.94,3.81,3.9,3590300.0,14009086.0,863460000.0,0.004158038588932898,000720
2020-12-28,3.89,3.89,3.74,3.77,5889200.0,22428784.0,863460000.0,0.0068204664952632435,000720
2020-12-29,3.8,3.8,3.71,3.74,3737241.0,14014781.0,863460000.0,0.004328215551386283,000720
2020-12-30,3.73,3.74,3.67,3.69,2604000.0,9638431.0,863460000.0,0.0030157737474810647,000720
2020-12-31,3.67,3.75,3.67,3.74,2906434.0,10819503.0,863460000.0,0.0033660320107474577,000720
2021-01-04,3.74,3.84,3.68,3.68,7420980.0,27592013.0,863460000.0,0.008594468765200473,000720
2021-01-05,3.69,3.74,3.66,3.72,4381155.0,16214504.0,863460000.0,0.005073952470293934,000720
2021-01-06,3.7,3.72,3.65,3.67,3336700.0,12269302.0,863460000.0,0.0038643365066129295,000720
2021-01-07,3.69,3.7,3.56,3.6,6125708.0,22117908.0,863460000.0,0.0070943737984388395,000720
2021-01-08,3.6,3.64,3.53,3.62,6193484.0,22238985.0,863460000.0,0.007172867301322586,000720
2021-01-11,3.65,3.65,3.55,3.55,3732852.0,13389664.0,863460000.0,0.0043231325133764155,000720
2021-01-12,3.57,3.58,3.46,3.47,4518301.0,15827143.0,863460000.0,0.005232785537257082,000720
2021-01-13,3.5,3.5,3.32,3.32,5735500.0,19339242.0,863460000.0,0.0066424617237625366,000720
2021-01-14,3.33,3.65,3.32,3.65,5606823.0,19833780.0,863460000.0,0.006493436870266139,000720
2021-01-15,4.02,4.02,4.02,4.02,16319321.0,65603670.0,863460000.0,0.01889991545641952,000720
2021-01-18,3.96,4.24,3.81,3.98,31075772.0,123625870.0,863460000.0,0.03598982234266787,000720
2021-01-19,3.77,4.05,3.76,3.91,18990748.0,73619240.0,863460000.0,0.02199377851898177,000720
2021-01-20,3.91,3.91,3.76,3.76,10552300.0,40136732.0,863460000.0,0.012220948277858848,000720
2021-01-21,3.75,3.76,3.67,3.7,6819589.0,25310841.0,863460000.0,0.00789797906098719,000720
2021-01-22,3.7,3.7,3.55,3.57,6619690.0,23921264.0,863460000.0,0.007666469784355963,000720
2021-01-25,3.54,3.58,3.48,3.5,5250389.0,18482973.0,863460000.0,0.006080639520070414,000720
2021-01-26,3.5,3.62,3.45,3.5,3719701.0,13164462.0,863460000.0,0.004307901929446645,000720
2021-01-27,3.5,3.55,3.46,3.52,2755894.0,9607386.0,863460000.0,0.0031916869339633567,000720
2021-01-28,3.49,3.54,3.47,3.49,2402700.0,8400837.0,863460000.0,0.0027826419289833926,000720
2021-01-29,3.52,3.67,3.49,3.53,6142028.0,21884307.0,863460000.0,0.00711327450026637,000720
2021-02-01,3.54,3.54,3.4,3.48,2957977.0,10242758.0,863460000.0,0.0034257255692215043,000720
2021-02-02,3.48,3.53,3.42,3.5,2807500.0,9759896.0,863460000.0,0.0032514534547054873,000720
2021-02-03,3.53,3.61,3.48,3.56,3361300.0,11903223.0,863460000.0,0.003892826535102958,000720
2021-02-04,3.57,3.57,3.4,3.45,3664700.0,12710755.0,863460000.0,0.004244203553146642,000720
2021-02-05,3.45,3.54,3.45,3.48,2245500.0,7863610.0,863460000.0,0.0026005836981446736,000720
2021-02-08,3.48,3.55,3.45,3.46,1976201.0,6893322.0,863460000.0,0.0022887001134968615,000720
2021-02-09,3.48,3.52,3.44,3.47,1601600.0,5574317.0,863460000.0,0.0018548629930743752,000720
2021-02-10,3.47,3.52,3.47,3.49,1872727.0,6542903.0,863460000.0,0.0021688636416278694,000720
2021-02-18,3.52,3.57,3.52,3.55,2375264.0,8425258.0,863460000.0,0.0027508674402983344,000720
2021-02-19,3.55,3.69,3.55,3.68,4982600.0,18157134.0,863460000.0,0.005770504713594145,000720
2021-02-22,3.7,3.83,3.7,3.73,6377801.0,23948996.0,863460000.0,0.007386330576980984,000720
2021-02-23,3.73,3.77,3.67,3.72,2776551.0,10287075.0,863460000.0,0.0032156104509763047,000720
2021-02-24,3.71,3.78,3.69,3.72,5659800.0,21071509.0,863460000.0,0.0065547911889375305,000720
2021-02-25,3.72,3.81,3.72,3.74,5414750.0,20408556.0,863460000.0,0.006270991128714706,000720
2021-02-26,3.74,3.74,3.65,3.67,3982400.0,14727071.0,863460000.0,0.004612141847914206,000720
2021-03-01,3.68,3.72,3.65,3.7,3171600.0,11688223.0,863460000.0,0.0036731290389826975,000720
2021-03-02,3.69,3.77,3.67,3.72,3782740.0,14084434.0,863460000.0,0.004380909364649202,000720
2021-03-03,3.74,3.75,3.71,3.73,2368800.0,8831627.0,863460000.0,0.002743381279966646,000720
2021-03-04,3.72,3.82,3.71,3.76,8117800.0,30651835.0,863460000.0,0.009401477775461515,000720
2021-03-05,3.78,3.81,3.74,3.75,3287010.0,12376296.0,863460000.0,0.0038067889653255506,000720
2021-03-08,3.78,3.79,3.72,3.73,3436200.0,12876191.0,863460000.0,0.003979570564936419,000720
2021-03-09,3.73,3.8,3.6,3.7,5003920.0,18485419.0,863460000.0,0.005795196071618836,000720
2021-03-10,3.7,3.73,3.62,3.63,3144620.0,11543303.0,863460000.0,0.0036418826581428206,000720
2021-03-11,3.65,3.73,3.63,3.7,2964057.0,10940726.0,863460000.0,0.003432767007157251,000720
2021-03-12,3.71,3.85,3.68,3.79,6561711.0,24844643.0,863460000.0,0.007599322493224933,000720
2021-03-15,3.79,3.84,3.74,3.78,3163656.0,11984322.0,863460000.0,0.0036639288444166493,000720
2021-03-16,3.78,3.84,3.76,3.83,3218867.0,12270646.0,863460000.0,0.0037278704282769325,000720
2021-03-17,3.84,3.9,3.77,3.78,3454800.0,13167702.0,863460000.0,0.004001111805989855,000720
2021-03-18,3.78,3.81,3.75,3.78,2346781.0,8884764.0,863460000.0,0.0027178803882055916,000720
2021-03-19,3.78,3.84,3.73,3.79,4321082.0,16392522.0,863460000.0,0.005004380052347532,000720
2021-03-22,3.84,3.97,3.83,3.95,8812765.0,34515914.0,863460000.0,0.010206338452273412,000720
2021-03-23,3.96,3.98,3.84,3.85,5868200.0,22867320.0,863460000.0,0.0067961457392351704,000720
2021-03-24,3.85,3.92,3.82,3.88,6131321.0,23753642.0,863460000.0,0.0071008743890857715,000720
2021-03-25,3.85,3.9,3.83,3.86,3871120.0,14970373.0,863460000.0,0.004483265003590206,000720
2021-03-26,3.83,3.93,3.82,3.9,3380701.0,13183980.0,863460000.0,0.003915295439279179,000720
2021-03-29,3.9,3.91,3.85,3.87,4336500.0,16803663.0,863460000.0,0.005022236119797095,000720
2021-03-30,3.87,3.87,3.75,3.79,5566150.0,21104723.0,863460000.0,0.006446332198364719,000720
2021-03-31,3.76,3.86,3.76,3.84,3067301.0,11739620.0,863460000.0,0.003552337108841174,000720
2021-04-01,3.88,3.88,3.77,3.78,3484301.0,13227198.0,863460000.0,0.00403527783568434,000720
2021-04-02,3.8,3.81,3.71,3.71,4740905.0,17812648.0,863460000.0,0.005490590183679615,000720
2021-04-06,3.71,3.76,3.69,3.7,3769151.0,14009687.0,863460000.0,0.00436517151923656,000720
2021-04-07,3.72,3.75,3.68,3.73,5979184.0,22237514.0,863460000.0,0.006924679776712297,000720
2021-04-08,3.73,3.83,3.72,3.76,4860310.0,18382565.0,863460000.0,0.005628876844323998,000720
2021-04-09,3.76,3.77,3.7,3.72,3402042.0,12673050.0,863460000.0,0.003940011118059899,000720
2021-04-12,3.72,3.75,3.68,3.7,3533515.0,13120905.0,863460000.0,0.004092274106501749,000720
2021-04-13,3.71,4.07,3.7,4.07,23331950.0,92958764.0,863460000.0,0.027021460171866674,000720
2021-04-14,4.08,4.18,3.88,4.0,24989560.0,99895037.0,863460000.0,0.02894119009566164,000720
2021-04-15,3.95,4.07,3.88,3.91,17441209.0,69327274.0,863460000.0,0.020199208996363467,000720
2021-04-16,3.95,4.26,3.91,4.11,22981248.0,94893214.0,863460000.0,0.026615301229935377,000720
2021-04-19,4.07,4.16,4.04,4.1,11209447.0,45929607.0,863460000.0,0.012982010747457902,000720
2021-04-20,4.08,4.13,4.0,4.02,8379610.0,33946285.0,863460000.0,0.009704688115257222,000720
2021-04-21,4.03,4.08,3.96,3.98,6564100.0,26329831.0,863460000.0,0.007602089268755935,000720
2021-04-22,3.97,4.05,3.96,4.02,5204521.0,20838357.0,863460000.0,0.006027518356380145,000720
2021-04-23,4.01,4.13,3.97,4.09,8389051.0,34060828.0,863460000.0,0.0097156220322887,000720
2021-04-26,4.06,4.09,3.95,4.0,11231774.0,44894700.0,863460000.0,0.013007868343640702,000720
2021-04-27,3.98,3.99,3.74,3.79,11178500.0,42973321.0,863460000.0,0.012946170059991198,000720
2021-04-28,3.83,4.11,3.76,4.04,11647614.0,46379042.0,863460000.0,0.013489465638246125,000720
2021-04-29,4.03,4.05,3.96,3.97,6365100.0,25383140.0,863460000.0,0.007371621152108957,000720
2021-04-30,4.0,4.0,3.92,3.94,4453819.0,17595558.0,863460000.0,0.005158106918676024,000720
2021-05-06,3.95,3.99,3.91,3.94,4292056.0,16892035.0,863460000.0,0.004970764134991777,000720
2021-05-07,3.96,4.12,3.9,4.06,9811000.0,39589938.0,863460000.0,0.011362425590067867,000720
2021-05-10,4.05,4.1,4.01,4.09,5850200.0,23791767.0,863460000.0,0.006775299376925393,000720
2021-05-11,4.08,4.18,4.05,4.18,9248125.0,38165342.0,863460000.0,0.01071054246867255,000720
2021-05-12,4.19,4.19,4.12,4.14,4770600.0,19765072.0,863460000.0,0.005524980890834549,000720
2021-05-13,4.11,4.17,4.06,4.07,5851100.0,23983888.0,863460000.0,0.0067763416950408824,000720
2021-05-14,4.04,4.11,4.04,4.11,3707601.0,15137566.0,863460000.0,0.004293888541449517,000720
2021-05-17,4.09,4.14,4.02,4.1,5460258.0,22256467.0,863460000.0,0.00632369536515878,000720
2021-05-18,4.1,4.1,4.01,4.02,3886699.0,15697970.0,863460000.0,0.004501307530169319,000720
2021-05-19,4.01,4.02,3.95,3.96,4774143.0,18978751.0,863460000.0,0.005529084149815857,000720
2021-05-20,3.93,3.95,3.85,3.91,6955300.0,27077868.0,863460000.0,0.008055150209621754,000720
2021-05-21,3.91,4.06,3.88,4.03,7564144.0,30107541.0,863460000.0,0.008760271465962522,000720
2021-05-24,4.06,4.08,3.96,3.98,4855000.0,19513372.0,863460000.0,0.005622727167442615,000720
2021-05-25,3.98,4.01,3.94,3.99,3050900.0,12122358.0,863460000.0,0.003533342598383249,000720
2021-05-26,3.99,4.01,3.96,3.98,3111618.0,12397832.0,863460000.0,0.003603662010979084,000720
2021-05-27,3.98,4.0,3.95,3.96,2639001.0,10486647.0,863460000.0,0.0030563094989924256,000720
2021-05-28,3.96,3.98,3.91,3.94,3879501.0,15272606.0,863460000.0,0.0044929713015078865,000720
2021-05-31,3.93,4.0,3.86,3.96,3870239.0,15192703.0,863460000.0,0.004482244689968267,000720
2021-06-01,3.95,3.97,3.91,3.93,2927983.0,11526437.0,1289650962.0,0.00227036856193963,000720
2021-06-02,3.95,3.97,3.9,3.9,2923976.0,11491146.0,1289650962.0,0.002267261519710323,000720
2021-06-03,3.9,3.94,3.89,3.9,2360363.0,9229723.0,1289650962.0,0.0018302339699258876,000720
2021-06-04,3.92,4.07,3.9,3.94,6229613.0,24896609.0,1289650962.0,0.004830464353191403,000720
2021-06-07,3.93,4.04,3.92,4.01,4209886.0,16823083.0,1289650962.0,0.003264360764304226,000720
2021-06-08,3.99,4.05,3.96,3.98,3479448.0,13871392.0,1289650962.0,0.002697976508778815,000720
2021-06-09,3.98,4.0,3.94,3.94,2593401.0,10246947.0,1289650962.0,0.0020109324743015234,000720
2021-06-10,3.94,3.96,3.88,3.9,4777700.0,18661582.0,1289650962.0,0.0037046457846165665,000720
2021-06-11,3.89,3.9,3.81,3.81,6544560.0,25163153.0,1289650962.0,0.005074675391123385,000720
2021-06-15,3.84,3.84,3.72,3.74,5117801.0,19333240.0,1289650962.0,0.003968361324728729,000720
2021-06-16,3.75,3.8,3.72,3.76,2490701.0,9363316.0,1289650962.0,0.0019312985244762683,000720
2021-06-17,3.76,3.79,3.74,3.76,2705700.0,10189160.0,1289650962.0,0.002098009523293016,000720
2021-06-18,3.77,3.85,3.72,3.85,3113245.0,11816035.0,1289650962.0,0.0024140213838727007,000720
2021-06-21,3.84,4.24,3.84,4.24,24908771.0,102824422.0,1289650962.0,0.01931435073050409,000720
2021-06-22,4.25,4.4,4.16,4.31,26895500.0,114786169.0,1289650962.0,0.020854867551364648,000720
2021-06-23,4.23,4.46,4.23,4.43,22177732.0,97358037.0,1289650962.0,0.0171966932553647,000720
2021-06-24,4.38,4.6,4.37,4.41,17793000.0,79241980.0,1289650962.0,0.013796756273035681,000720
2021-06-25,4.53,4.85,4.11,4.23,47148074.0,210343478.0,1289650962.0,0.03655878636098749,000720
2021-06-28,4.17,4.35,4.14,4.16,17710705.0,74720755.0,1289650962.0,0.013732944433689338,000720
2021-06-29,4.21,4.21,4.05,4.09,13894325.0,56822461.0,1289650962.0,0.010773709638810008,000720
2021-06-30,4.11,4.13,4.02,4.06,7528104.0,30457043.0,1289650962.0,0.005837318950489799,000720
2021-07-01,4.02,4.09,4.01,4.01,7631567.0,30876619.0,1289650962.0,0.005917544533262637,000720
2021-07-02,4.01,4.04,3.93,4.0,8366291.0,33193902.0,1289650962.0,0.00648725216862204,000720
2021-07-05,4.01,4.08,3.97,4.07,6403850.0,25821021.0,1289650962.0,0.004965568350423174,000720
2021-07-06,4.07,4.1,3.99,4.01,5565286.0,22386336.0,1289650962.0,0.004315342805133348,000720
2021-07-07,4.02,4.05,3.98,4.04,4856171.0,19522646.0,1289650962.0,0.00376549248059259,000720
2021-07-08,4.04,4.1,3.98,3.99,5438171.0,21811904.0,1289650962.0,0.00421677737638907,000720
2021-07-09,3.97,4.04,3.96,4.0,6455200.0,25768579.0,1289650962.0,0.005005385325335802,000720
2021-07-12,3.99,4.01,3.97,3.99,5910845.0,23553902.0,1289650962.0,0.004583290498099904,000720
2021-07-13,4.0,4.1,3.96,4.09,6475600.0,26053090.0,1289650962.0,0.0050212035587967095,000720
2021-07-14,4.1,4.5,4.09,4.5,16953450.0,74092218.0,1289650962.0,0.013145766179795243,000720
2021-07-15,4.82,4.82,4.2,4.28,33658830.0,147873079.0,1289650962.0,0.026099177988284244,000720
2021-07-16,4.32,4.35,4.17,4.2,12630822.0,53474311.0,1289650962.0,0.00979398486270427,000720
2021-07-19,4.25,4.31,4.12,4.17,9395169.0,39508152.0,1289650962.0,0.007285047874837316,000720
2021-07-20,4.15,4.22,4.13,4.16,5242946.0,21845888.0,1289650962.0,0.004065399208378988,000720
2021-07-21,4.16,4.38,4.16,4.3,9649140.0,41349790.0,1289650962.0,0.0074819779027932055,000720
2021-07-22,4.3,4.45,4.27,4.39,8911520.0,38978889.0,1289650962.0,0.006910024698605234,000720
2021-07-23,4.39,4.41,4.31,4.35,6315401.0,27430653.0,1289650962.0,0.004896984677316125,000720
2021-07-26,4.34,4.4,4.18,4.29,7690806.0,32890836.0,1289650962.0,0.00596347866718375,000720
2021-07-27,4.29,4.35,4.21,4.28,7597848.0,32451270.0,1289650962.0,0.005891398699239678,000720
2021-07-28,4.24,4.25,3.98,4.13,10398310.0,43016575.0,1289650962.0,0.008062887018573014,000720
2021-07-29,4.19,4.22,4.1,4.12,6651670.0,27570803.0,1289650962.0,0.00515772887082916,000720
2021-07-30,4.12,4.18,4.09,4.13,4882249.0,20141908.0,1289650962.0,0.003785713455700117,000720
2021-08-02,4.17,4.23,4.09,4.19,5766788.0,24078351.0,1289650962.0,0.004471588181547062,000720
2021-08-03,4.19,4.24,4.16,4.2,6658196.0,27998752.0,1289650962.0,0.005162789154729448,000720
2021-08-04,4.2,4.25,4.15,4.17,5764800.0,24131325.0,1289650962.0,0.004470046679188225,000720
2021-08-05,4.17,4.19,4.12,4.13,4373200.0,18131717.0,1289650962.0,0.003390995028002003,000720
2021-08-06,4.15,4.17,4.09,4.13,5720500.0,23583029.0,1289650962.0,0.0044356962996628235,000720
2021-08-09,4.12,4.38,4.1,4.3,11859479.0,50448685.0,1289650962.0,0.009195882722878936,000720
2021-08-10,4.33,4.39,4.24,4.33,8200350.0,35449481.0,1289650962.0,0.006358580919664371,000720
2021-08-11,4.31,4.37,4.28,4.29,5250900.0,22717677.0,1289650962.0,0.004071566768621539,000720
2021-08-12,4.3,4.33,4.22,4.3,7634900.0,32639646.0,1289650962.0,0.005920128953464852,000720
2021-08-13,4.36,4.37,4.28,4.31,4566600.0,19642038.0,1289650962.0,0.0035409580844402147,000720
2021-08-16,4.31,4.35,4.3,4.33,5208800.0,22530403.0,1289650962.0,0.004038922277018392,000720
2021-08-17,4.36,4.36,4.19,4.21,6287101.0,26803413.0,1289650962.0,0.004875040755407121,000720
2021-08-18,4.22,4.27,4.21,4.25,3163240.0,13420488.0,1289650962.0,0.00245278768690594,000720
2021-08-19,4.26,4.28,4.16,4.2,3812444.0,16047022.0,1289650962.0,0.0029561828063056957,000720
2021-08-20,4.21,4.25,4.15,4.24,4083700.0,17108450.0,1289650962.0,0.0031665156855053005,000720
2021-08-23,4.23,4.34,4.23,4.31,5487851.0,23611775.0,1289650962.0,0.004255299427287986,000720
2021-08-24,4.3,4.42,4.29,4.37,7061800.0,30741753.0,1289650962.0,0.005475745149717494,000720
2021-08-25,4.37,4.74,4.33,4.6,18946734.0,86328243.0,1289650962.0,0.014691365771260519,000720
2021-08-26,4.58,4.63,4.52,4.54,10081300.0,46131848.0,1289650962.0,0.007817076323012118,000720
2021-08-27,4.53,4.57,4.41,4.47,7394900.0,33102609.0,1289650962.0,0.005734032089218881,000720
2021-08-30,4.45,4.53,4.39,4.5,9119206.0,40619733.0,1289650962.0,0.007071065170887687,000720
2021-08-31,4.5,4.56,4.41,4.44,7804700.0,34871361.0,1289650962.0,0.006051792484918877,000720
2021-09-01,4.43,4.65,4.4,4.52,10964701.0,49583304.0,1289650962.0,0.008502068639561097,000720
2021-09-02,4.5,4.55,4.45,4.55,6369769.0,28702771.0,1289650962.0,0.004939141820296646,000720
2021-09-03,4.54,4.7,4.54,4.64,11909518.0,55014258.0,1289650962.0,0.009234683143670621,000720
2021-09-06,4.68,4.68,4.58,4.6,6012551.0,27668453.0,1289650962.0,0.00466215369674574,000720
2021-09-07,4.61,4.68,4.56,4.64,6062400.0,28053305.0,1289650962.0,0.004700806790853229,000720
2021-09-08,4.63,4.85,4.63,4.79,12480659.0,59503455.0,1289650962.0,0.00967754793176357,000720
2021-09-09,4.82,4.82,4.71,4.8,9761699.0,46573235.0,1289650962.0,0.007569256556720965,000720
2021-09-10,4.8,4.93,4.76,4.79,12467010.0,60607926.0,1289650962.0,0.009666964448013182,000720
2021-09-13,4.8,5.18,4.77,5.15,22374424.0,111907001.0,1289650962.0,0.017349208940457488,000720
2021-09-14,5.11,5.17,4.92,4.97,15043712.0,75459830.0,1289650962.0,0.011664948457581191,000720
2021-09-15,4.96,5.04,4.85,5.02,8638945.0,42816231.0,1289650962.0,0.006698669062055878,000720
2021-09-16,5.06,5.12,4.93,4.95,9263701.0,46461021.0,1289650962.0,0.007183107114217777,000720
2021-09-17,4.96,5.11,4.92,5.08,9308461.0,46620306.0,1289650962.0,0.007217814179399651,000720
2021-09-22,5.04,5.37,5.0,5.28,22081988.0,115776013.0,1289650962.0,0.017122453012988176,000720
2021-09-23,5.26,5.33,5.14,5.2,15074898.0,78494049.0,1289650962.0,0.011689130194282754,000720
2021-09-24,5.2,5.4,5.17,5.34,13357722.0,70715118.0,1289650962.0,0.010357625740289256,000720
2021-09-27,5.36,5.45,5.11,5.11,18336032.0,95824943.0,1289650962.0,0.014217825241307424,000720
2021-09-28,5.15,5.34,5.1,5.32,13771182.0,72336275.0,1289650962.0,0.010678224113169002,000720
2021-09-29,5.27,5.32,5.05,5.05,14063300.0,72394144.0,1289650962.0,0.010904733462293188,000720
2021-09-30,5.06,5.14,4.95,5.09,10515777.0,53280729.0,1289650962.0,0.008153971353374603,000720
2021-10-08,5.16,5.4,5.13,5.2,8712366.0,45708680.0,1289650962.0,0.006755599969846725,000720
2021-10-11,5.19,5.24,5.08,5.14,8363600.0,42887784.0,1289650962.0,0.006485165557531682,000720
2021-10-12,5.08,5.13,4.81,4.92,13022181.0,64142757.0,1289650962.0,0.010097446040597766,000720
2021-10-13,4.98,4.98,4.7,4.72,10630540.0,50804069.0,1289650962.0,0.008242958996839023,000720
2021-10-14,4.72,5.15,4.62,5.1,15611182.0,77783354.0,1289650962.0,0.01210496673905478,000720
2021-10-15,5.05,5.1,4.85,4.96,9677179.0,47751741.0,1289650962.0,0.007503719444362342,000720
2021-10-18,4.97,5.01,4.87,4.94,6200700.0,30629422.0,1289650962.0,0.00480804510887497,000720
2021-10-19,4.94,4.96,4.87,4.91,5224355.0,25671026.0,1289650962.0,0.0040509836800323345,000720
2021-10-20,4.91,5.04,4.87,4.99,5611856.0,28024081.0,1289650962.0,0.004351453350833076,000720
2021-10-21,5.0,5.05,4.89,4.93,6082000.0,30184853.0,1289650962.0,0.004716004701433317,000720
2021-10-22,4.89,4.95,4.76,4.8,5837500.0,28130829.0,1289650962.0,0.004526418520982734,000720
2021-10-25,4.8,4.89,4.76,4.83,4653500.0,22423467.0,1289650962.0,0.0036083406573692764,000720
2021-10-26,4.86,4.86,4.72,4.79,4560000.0,21732461.0,1289650962.0,0.0035358404206734502,000720
2021-10-27,4.78,4.83,4.69,4.78,3999910.0,18979451.0,1289650962.0,0.0031015446177754258,000720
2021-10-28,4.76,4.95,4.7,4.93,7953254.0,38656135.0,1289650962.0,0.006166981791465527,000720
2021-10-29,4.93,5.3,4.87,5.17,14523183.0,74599866.0,1289650962.0,0.011261328396543311,000720
2021-11-01,5.16,5.19,5.07,5.1,6933500.0,35529066.0,1289650962.0,0.0053762608677060016,000720
2021-11-02,5.1,5.13,4.87,4.9,8570400.0,42548551.0,1289650962.0,0.006645519022223627,000720
2021-11-03,4.88,5.01,4.87,4.95,5238401.0,25879197.0,1289650962.0,0.0040618749990123295,000720
2021-11-04,4.95,5.02,4.91,5.0,4082500.0,20292394.0,1289650962.0,0.0031655852011840705,000720
2021-11-05,5.0,5.02,4.85,4.88,5597200.0,27460524.0,1289650962.0,0.004340089035656455,000720
2021-11-08,4.91,5.18,4.86,5.12,11361500.0,57840605.0,1289650962.0,0.008809748013044167,000720
2021-11-09,5.1,5.22,5.04,5.07,5861000.0,29921510.0,1289650962.0,0.0045446405056068185,000720
2021-11-10,5.07,5.14,4.98,5.14,7022020.0,35551473.0,1289650962.0,0.005444899594468724,000720
2021-11-11,5.09,5.18,5.06,5.13,5617501.0,28685597.0,1289650962.0,0.004355830504160861,000720
2021-11-12,5.12,5.19,5.07,5.17,6857001.0,35298347.0,1289650962.0,0.0053169432676311995,000720
2021-11-15,5.19,5.35,5.12,5.31,14749613.0,77775964.0,1289650962.0,0.011436903033923376,000720
2021-11-16,5.34,5.62,5.26,5.53,19460606.0,106400126.0,1289650962.0,0.015089823970526375,000720
2021-11-17,5.51,5.62,5.43,5.5,9839077.0,54262249.0,1289650962.0,0.007629255736561068,000720
2021-11-18,5.46,5.74,5.45,5.59,10858993.0,60981562.0,1289650962.0,0.008420102275703958,000720
2021-11-19,5.56,5.69,5.49,5.62,9127626.0,50856991.0,1289650962.0,0.007077594069208317,000720
2021-11-22,5.65,5.74,5.57,5.67,9116478.0,51550454.0,1289650962.0,0.007068949869864091,000720
2021-11-23,5.68,5.95,5.66,5.86,15423541.0,89864774.0,1289650962.0,0.01195946923195487,000720
2021-11-24,5.87,5.93,5.82,5.86,7885653.0,46142892.0,1289650962.0,0.006114563732632644,000720
2021-11-25,5.9,5.99,5.8,5.91,10871120.0,63980937.0,1289650962.0,0.008429505595173588,000720
2021-11-26,5.95,5.97,5.86,5.93,8296999.0,49174867.0,1289650962.0,0.006433522902299824,000720
2021-11-29,5.88,6.21,5.84,6.18,18279306.0,111110997.0,1289650962.0,0.014173839696635685,000720
2021-11-30,6.2,6.3,5.8,5.93,24956413.0,149930143.0,1289650962.0,0.019351292508864117,000720
2021-12-01,5.93,6.01,5.87,5.95,9100999.0,54016988.0,1289650962.0,0.007056947397523827,000720
2021-12-02,5.9,5.99,5.9,5.91,7475428.0,44365222.0,1289650962.0,0.005796473790402212,000720
2021-12-03,5.96,6.14,5.88,6.08,11178546.0,67582466.0,1289650962.0,0.008667884822622263,000720
2021-12-06,6.09,6.23,6.0,6.06,9304335.0,56596002.0,1289650962.0,0.007214614864141822,000720
2021-12-07,6.06,6.13,5.89,5.93,9821970.0,58519700.0,1289650962.0,0.007615990907158336,000720
2021-12-08,5.93,6.02,5.87,5.99,6619802.0,39305357.0,1289650962.0,0.0051330183088716995,000720
2021-12-09,6.07,6.07,5.94,6.02,5924900.0,35480563.0,1289650962.0,0.0045941887957123085,000720
2021-12-10,6.08,6.08,5.94,5.99,3732401.0,22294693.0,1289650962.0,0.002894117175868861,000720
2021-12-13,5.98,6.14,5.94,5.96,12578944.0,75642059.0,1289650962.0,0.009753758474690302,000720
2021-12-14,5.98,6.03,5.76,5.98,6539900.0,38935469.0,1289650962.0,0.005071062010342609,000720
2021-12-15,5.97,6.09,5.96,6.0,7779000.0,46887870.0,1289650962.0,0.006031864612372538,000720
2021-12-16,5.99,6.05,5.96,6.02,6694300.0,40104318.0,1289650962.0,0.0051907843263408505,000720
2021-12-17,6.02,6.12,5.99,6.06,8286003.0,50238962.0,1289650962.0,0.006424996564302955,000720
2021-12-20,6.06,6.3,6.02,6.18,13528048.0,83866065.0,1289650962.0,0.01048969713403742,000720
2021-12-21,6.23,6.27,6.14,6.15,8382259.0,51904096.0,1289650962.0,0.006499633813323205,000720
2021-12-22,6.19,6.19,5.97,6.01,10645171.0,64232511.0,1289650962.0,0.008254303926925617,000720
2021-12-23,5.85,6.06,5.8,6.02,11994337.0,71253871.0,1289650962.0,0.00930045210170595,000720
2021-12-24,6.06,6.06,5.8,5.84,11844972.0,69739317.0,1289650962.0,0.009184633942838869,000720
2021-12-27,5.85,5.94,5.74,5.77,10805901.0,62862875.0,1289650962.0,0.008378934547718346,000720
2021-12-28,5.79,5.85,5.19,5.23,32570702.0,175492843.0,1289650962.0,0.025255439618708245,000720
2021-12-29,5.19,5.19,4.71,4.93,35894953.0,175459441.0,1289650962.0,0.0278330758148188,000720
2021-12-30,4.92,4.92,4.78,4.8,17775400.0,86185292.0,1289650962.0,0.013783109169657642,000720
2021-12-31,4.82,4.91,4.79,4.89,15778900.0,76651026.0,1289650962.0,0.012235015880211472,000720
2022-01-04,4.91,5.2,4.91,4.98,17525848.0,88133166.0,1289650962.0,0.013589605650214682,000720
2022-01-05,4.99,5.01,4.83,4.85,11071100.0,53956902.0,1289650962.0,0.008584570807306542,000720
2022-01-06,4.86,4.93,4.82,4.9,6804099.0,33151605.0,1289650962.0,0.005275922866329781,000720
2022-01-07,4.88,5.0,4.83,4.86,9853754.0,48461670.0,1289650962.0,0.00764063633521331,000720
2022-01-10,4.86,4.92,4.81,4.91,7134090.0,34818025.0,1289650962.0,0.005531799076035583,000720
2022-01-11,4.91,4.98,4.89,4.91,6041361.0,29821955.0,1289650962.0,0.004684493074491267,000720
2022-01-12,4.93,4.94,4.83,4.85,8969701.0,43622040.0,1289650962.0,0.006955138455516463,000720
2022-01-13,4.85,4.87,4.77,4.78,8257200.0,39837088.0,1289650962.0,0.006402662614382635,000720
2022-01-14,4.75,4.87,4.7,4.79,7585900.0,36477629.0,1289650962.0,0.005882134177014633,000720
2022-01-17,4.78,4.87,4.7,4.81,5270877.0,25301583.0,1289650962.0,0.004087057006359213,000720
2022-01-18,4.84,4.84,4.73,4.76,6801200.0,32488513.0,1289650962.0,0.00527367497129041,000720
2022-01-19,4.72,4.8,4.72,4.78,3894401.0,18574686.0,1289650962.0,0.0030197325592348917,000720
2022-01-20,4.78,4.88,4.74,4.81,9371700.0,45237500.0,1289650962.0,0.007266849927724863,000720
2022-01-21,4.81,4.81,4.58,4.58,7668366.0,35955550.0,1289650962.0,0.0059460786103767505,000720
2022-01-24,4.58,4.74,4.45,4.69,8006502.0,37093303.0,1289650962.0,0.0062082704824129,000720
2022-01-25,4.69,4.71,4.55,4.57,6616300.0,30618384.0,1289650962.0,0.00513030284546091,000720
2022-01-26,4.59,4.63,4.44,4.47,7410700.0,33423663.0,1289650962.0,0.005746283466115074,000720
2022-01-27,4.47,4.54,4.4,4.45,7193955.0,32134630.0,1289650962.0,0.005578218612610937,000720
2022-01-28,4.45,4.52,4.39,4.41,5855700.0,26012994.0,1289650962.0,0.004540530866521387,000720
2022-02-07,4.41,4.48,4.35,4.46,6386900.0,28263781.0,1289650962.0,0.004952425259385803,000720
2022-02-08,4.42,4.71,4.42,4.64,9772300.0,45004091.0,1289650962.0,0.007577476610295429,000720
2022-02-09,4.64,4.92,4.63,4.87,14655465.0,70980750.0,1289650962.0,0.011363900335694085,000720
2022-02-10,4.88,4.92,4.79,4.84,7198802.0,34857810.0,1289650962.0,0.005581976993865105,000720
2022-02-11,4.84,4.84,4.67,4.68,6040800.0,28570841.0,1289650962.0,0.004684058073071092,000720
2022-02-14,4.7,4.76,4.58,4.67,6527200.0,30634033.0,1289650962.0,0.005061214384609593,000720
2022-02-15,4.68,4.71,4.59,4.62,4553954.0,21116447.0,1289650962.0,0.003531152330501654,000720
2022-02-16,4.62,4.77,4.6,4.71,7964700.0,37619517.0,1289650962.0,0.006175857061082857,000720
2022-02-17,4.72,4.74,4.67,4.68,4257502.0,20008903.0,1289650962.0,0.0033012823821706263,000720
2022-02-18,4.7,4.74,4.65,4.73,4272665.0,20104194.0,1289650962.0,0.0033130398269729665,000720
2022-02-21,4.7,4.78,4.7,4.77,3562151.0,16926709.0,1289650962.0,0.0027621047127943756,000720
2022-02-22,4.76,4.78,4.67,4.72,6339601.0,29822994.0,1289650962.0,0.004915749444460927,000720
2022-02-23,4.71,4.73,4.68,4.71,3476900.0,16361942.0,1289650962.0,0.0026960007804034034,000720
2022-02-24,4.69,4.77,4.5,4.55,10794100.0,49791249.0,1289650962.0,0.008369784009822651,000720
2022-02-25,4.57,4.69,4.57,4.64,5900900.0,27397077.0,1289650962.0,0.0045755791092877115,000720
2022-02-28,4.64,4.69,4.57,4.61,5150806.0,23716870.0,1289650962.0,0.003993953520580555,000720
2022-03-01,4.65,4.78,4.64,4.66,4864968.0,22846336.0,1289650962.0,0.003772313706070806,000720
2022-03-02,4.7,4.73,4.64,4.71,3846900.0,18049213.0,1289650962.0,0.002982900112782609,000720
2022-03-03,4.72,4.75,4.69,4.72,4322463.0,20427870.0,1289650962.0,0.003351653375496804,000720
2022-03-04,4.73,4.74,4.68,4.71,4273601.0,20123427.0,1289650962.0,0.003313765604743526,000720
2022-03-07,4.71,4.74,4.61,4.63,6894050.0,32216942.0,1289650962.0,0.005345671195645571,000720
2022-03-08,4.61,4.63,4.44,4.46,5291100.0,23923508.0,1289650962.0,0.00410273799338274,000720
2022-03-09,4.46,4.51,4.21,4.36,7035266.0,30760944.0,1289650962.0,0.0054551705905679,000720
2022-03-10,4.43,4.73,4.41,4.67,12449430.0,57592636.0,1289650962.0,0.009653332852707166,000720
2022-03-11,4.63,4.7,4.55,4.67,7864481.0,36300680.0,1289650962.0,0.006098146887591745,000720
2022-03-14,4.64,4.7,4.55,4.55,6877201.0,31690176.0,1289650962.0,0.005332606420371902,000720
2022-03-15,4.54,4.54,4.22,4.24,9379000.0,40953926.0,1289650962.0,0.007272510374012345,000720
2022-03-16,4.28,4.38,4.12,4.29,6931051.0,29459261.0,1289650962.0,0.005374361904287092,000720
2022-03-17,4.37,4.43,4.3,4.34,5208100.0,22750891.0,1289650962.0,0.0040383794944976745,000720
2022-03-18,4.29,4.42,4.29,4.4,5537451.0,24246578.0,1289650962.0,0.00429375944589882,000720
2022-03-21,4.44,4.47,4.33,4.36,5383400.0,23657245.0,1289650962.0,0.0041743077457573365,000720
2022-03-22,4.33,4.45,4.3,4.4,5909977.0,25886728.0,1289650962.0,0.004582617447774214,000720
2022-03-23,4.38,4.49,4.37,4.42,4807100.0,21268023.0,1289650962.0,0.003727442650486698,000720
2022-03-24,4.36,4.43,4.33,4.34,4175100.0,18258861.0,1289650962.0,0.0032373875746389744,000720
2022-03-25,4.34,4.39,4.3,4.33,3067700.0,13325710.0,1289650962.0,0.0023787056268640226,000720
2022-03-28,4.32,4.41,4.22,4.36,5106457.0,22067443.0,1289650962.0,0.003959565146278703,000720
2022-03-29,4.39,4.62,4.33,4.49,9976187.0,44736815.0,1289650962.0,0.007735571324297589,000720
2022-03-30,4.52,4.79,4.45,4.73,17242527.0,80594342.0,1289650962.0,0.013369917526568713,000720
2022-03-31,4.66,5.2,4.63,4.97,34429401.0,172254046.0,1289650962.0,0.026696681516529586,000720
2022-04-01,4.7,5.12,4.7,5.08,29564702.0,146370356.0,1289650962.0,0.022924576394027455,000720
2022-04-06,5.18,5.4,4.96,5.22,34577601.0,178469242.0,1289650962.0,0.026811596330201474,000720
2022-04-07,5.12,5.74,5.03,5.64,67422715.0,371376224.0,1289650962.0,0.05227981600187415,000720
2022-04-08,5.44,5.49,5.08,5.08,56454638.0,297455194.0,1289650962.0,0.043775129599756,000720
2022-04-11,5.08,5.15,4.85,4.89,27363043.0,135988372.0,1289650962.0,0.021217402077198622,000720
2022-04-12,4.85,4.92,4.75,4.85,14980801.0,72335625.0,1289650962.0,0.011616167041637116,000720
2022-04-13,4.82,4.84,4.68,4.68,12351919.0,58599911.0,1289650962.0,0.009577722472167628,000720
2022-04-14,4.73,4.85,4.71,4.78,11213181.0,53600211.0,1289650962.0,0.00869474092634376,000720
2022-04-15,4.81,4.86,4.72,4.85,8330500.0,40079915.0,1289650962.0,0.006459499698337759,000720
2022-04-18,4.85,5.09,4.71,4.95,13244700.0,65355426.0,1289650962.0,0.01026998807449422,000720
2022-04-19,4.92,5.14,4.91,5.08,11314200.0,57336312.0,1289650962.0,0.008773071422715691,000720
2022-04-20,5.08,5.14,4.93,4.96,8600000.0,43126273.0,1289650962.0,0.006668470968813963,000720
2022-04-21,4.91,4.99,4.82,4.82,9025338.0,44341231.0,1289650962.0,0.006998279585666684,000720
2022-04-22,4.73,4.84,4.73,4.77,6458738.0,30818933.0,1289650962.0,0.005008128703276228,000720
2022-04-25,4.75,4.75,4.33,4.4,11221200.0,50866516.0,1289650962.0,0.008700958887820378,000720
2022-04-26,4.4,4.48,4.25,4.28,6637800.0,28946531.0,1289650962.0,0.005146974022882945,000720
2022-04-27,4.18,4.34,4.18,4.33,6575801.0,28055487.0,1289650962.0,0.005098899775023004,000720
2022-04-28,4.34,4.76,4.31,4.76,11649200.0,54548032.0,1289650962.0,0.009032831629059025,000720
2022-04-29,5.23,5.24,5.03,5.24,14114791.0,73908074.0,1289650962.0,0.01094465976911356,000720
2022-05-05,5.38,5.47,5.0,5.12,34596852.0,178492767.0,1289650962.0,0.026826523624924804,000720
2022-05-06,5.07,5.19,5.0,5.04,18218412.0,92566058.0,1289650962.0,0.014126622269754877,000720
2022-05-09,4.97,5.18,4.93,5.15,15175929.0,77109078.0,1289650962.0,0.011767469995497899,000720
2022-05-10,5.09,5.16,5.03,5.11,10699842.0,54568967.0,1289650962.0,0.008296696017197248,000720
2022-05-11,5.13,5.23,5.04,5.07,11369690.0,58066672.0,1289650962.0,0.008816098568536561,000720
2022-05-12,5.05,5.13,4.94,5.13,10818223.0,54698525.0,1289650962.0,0.008388489070890175,000720
2022-05-13,5.17,5.5,5.07,5.34,22536843.0,119706469.0,1289650962.0,0.017475149217932348,000720
2022-05-16,5.35,5.39,5.23,5.31,12390895.0,65818587.0,1289650962.0,0.009607944602921173,000720
2022-05-17,5.28,5.31,5.19,5.26,7690500.0,40300760.0,1289650962.0,0.005963241393681836,000720
2022-05-18,5.25,5.38,5.22,5.33,9251902.0,49088179.0,1289650962.0,0.007173958127129285,000720
2022-05-19,5.25,5.55,5.25,5.44,15844602.0,86211159.0,1289650962.0,0.012285961447606008,000720
2022-05-20,5.42,5.89,5.34,5.72,26175790.0,146084289.0,1289650962.0,0.02029680182567103,000720
2022-05-23,5.67,5.84,5.61,5.69,13725300.0,78836399.0,1289650962.0,0.010642647045146779,000720
2022-05-24,5.69,5.77,5.49,5.49,15097600.0,84665724.0,1289650962.0,0.01170673340683322,000720
2022-05-25,5.49,5.56,5.44,5.56,7894000.0,43516830.0,1289650962.0,0.006121036026490398,000720
2022-05-26,5.61,5.61,5.44,5.49,9203000.0,50803474.0,1289650962.0,0.007136039340231966,000720
2022-05-27,5.48,5.62,5.44,5.56,9680968.0,53808458.0,1289650962.0,0.007506657448606626,000720
2022-05-30,5.63,5.8,5.47,5.74,14338051.0,81225462.0,1289650962.0,0.011117776377078375,000720
2022-05-31,5.7,5.85,5.7,5.78,11762910.0,67938856.0,1289650962.0,0.009121002772531564,000720
2022-06-01,5.78,5.83,5.59,5.75,12943346.0,73779462.0,1289650962.0,0.010036317097710969,000720
2022-06-02,5.75,5.76,5.65,5.66,6549800.0,37177394.0,1289650962.0,0.005078738505992756,000720
2022-06-06,5.66,5.66,5.51,5.54,11008700.0,61359622.0,1289650962.0,0.008536185622602591,000720
2022-06-07,5.55,5.59,5.48,5.54,6064989.0,33479715.0,1289650962.0,0.004702814310776283,000720
2022-06-08,5.52,5.85,5.52,5.76,18398600.0,105543151.0,1289650962.0,0.014266340693816347,000720
2022-06-09,5.71,5.77,5.51,5.55,11368601.0,64012374.0,1289650962.0,0.008815254154015045,000720
2022-06-10,5.52,5.57,5.43,5.56,5718600.0,31549398.0,1289650962.0,0.0044342230328208755,000720
2022-06-13,5.54,5.62,5.45,5.51,6302700.0,34799148.0,1289650962.0,0.0048871362761795075,000720
2022-06-14,5.5,5.63,5.42,5.56,7724600.0,42477859.0,1289650962.0,0.005989682656476784,000720
2022-06-15,5.58,5.78,5.58,5.63,14806196.0,84470387.0,1289650962.0,0.011480777695880167,000720
2022-06-16,5.6,5.69,5.46,5.48,11791304.0,65430228.0,1289650962.0,0.009143019582379066,000720
2022-06-17,5.53,5.54,5.46,5.5,5229100.0,28750693.0,1289650962.0,0.004054662970119197,000720
2022-06-20,5.49,5.96,5.46,5.84,24798000.0,144174299.0,1289650962.0,0.019228458498214963,000720
2022-06-21,5.89,6.05,5.84,5.95,19039700.0,113448684.0,1289650962.0,0.014763451942433397,000720
2022-06-22,5.96,6.0,5.87,5.89,11187500.0,66458882.0,1289650962.0,0.00867482778646584,000720
2022-06-23,5.93,5.94,5.81,5.91,8992800.0,52897985.0,1289650962.0,0.006973049503296536,000720
2022-06-24,5.91,5.96,5.74,5.77,13574740.0,79175603.0,1289650962.0,0.010525902278976472,000720
2022-06-27,6.2,6.21,5.64,5.66,20945476.0,122463084.0,1289650962.0,0.01624119751558019,000720
2022-06-28,5.66,5.88,5.61,5.74,10178486.0,58556208.0,1289650962.0,0.007892434697381321,000720
2022-06-29,5.7,5.75,5.47,5.5,15566920.0,86462808.0,1289650962.0,0.012070645824866217,000720
2022-06-30,5.51,5.57,5.39,5.48,10643000.0,58396177.0,1289650962.0,0.008252620525707792,000720
2022-07-01,5.48,5.84,5.46,5.75,16154556.0,92411476.0,1289650962.0,0.012526300895358073,000720
2022-07-04,5.7,5.9,5.7,5.85,14967080.0,87193744.0,1289650962.0,0.011605527728827452,000720
2022-07-05,5.85,5.9,5.75,5.78,9190413.0,53492532.0,1289650962.0,0.007126279335105866,000720
2022-07-06,5.81,5.85,5.72,5.77,8365698.0,48237518.0,1289650962.0,0.006486792354286632,000720
2022-07-07,5.77,6.0,5.77,5.9,11270545.0,66493838.0,1289650962.0,0.008739221178512951,000720
2022-07-08,5.9,5.95,5.84,5.88,7253802.0,42584102.0,1289650962.0,0.005624624191921473,000720
2022-07-11,5.83,5.88,5.7,5.73,9748822.0,56273636.0,1289650962.0,0.0075592716845505675,000720
2022-07-12,5.74,5.79,5.69,5.72,7395814.0,42344122.0,1289650962.0,0.005734740808110218,000720
2022-07-13,5.71,6.03,5.66,5.91,13456653.0,78510354.0,1289650962.0,0.010434337193942248,000720
2022-07-14,5.95,5.95,5.8,5.86,8722400.0,51016284.0,1289650962.0,0.006763380369579409,000720
2022-07-15,5.82,5.9,5.74,5.77,10005172.0,57945144.0,1289650962.0,0.0077580463976732955,000720
2022-07-18,5.76,5.82,5.69,5.78,10782304.0,61996160.0,1289650962.0,0.008360637348944962,000720
2022-07-19,5.77,5.89,5.72,5.78,10644389.0,61579881.0,1289650962.0,0.008253697561309616,000720
2022-07-20,5.78,5.82,5.68,5.75,10023341.0,57488162.0,1289650962.0,0.007772134705700317,000720
2022-07-21,5.73,5.89,5.69,5.83,12902280.0,75080380.0,1289650962.0,0.010004474373431282,000720
2022-07-22,5.82,5.96,5.82,5.95,14579111.0,86197384.0,1289650962.0,0.011304695169141432,000720
2022-07-25,5.94,6.0,5.59,5.65,19115300.0,110250386.0,1289650962.0,0.01482207245467088,000720
2022-07-26,5.67,5.7,5.56,5.68,7603669.0,42820623.0,1289650962.0,0.0058959123236012444,000720
2022-07-27,5.68,5.77,5.61,5.63,6211098.0,35080256.0,1289650962.0,0.0048161077555184265,000720
2022-07-28,5.66,5.7,5.6,5.64,6721189.0,37898742.0,1289650962.0,0.005211634153768809,000720
2022-07-29,5.64,5.79,5.59,5.63,8538700.0,48465378.0,1289650962.0,0.006620938728071139,000720
2022-08-01,5.6,5.63,5.47,5.54,7724800.0,42649253.0,1289650962.0,0.005989837737196989,000720
2022-08-02,5.51,5.52,5.18,5.25,11744800.0,62445427.0,1289650962.0,0.009106960213317004,000720
2022-08-03,5.26,5.4,5.19,5.21,7583748.0,40183019.0,1289650962.0,0.005880465508465228,000720
2022-08-04,5.28,5.35,5.22,5.35,5052245.0,26721624.0,1289650962.0,0.003917528966259942,000720
2022-08-05,5.34,5.4,5.32,5.39,4837700.0,25966527.0,1289650962.0,0.0037511700006780595,000720
2022-08-08,5.42,5.51,5.37,5.51,6627813.0,36113436.0,1289650962.0,0.0051392300671195094,000720
2022-08-09,5.49,5.96,5.47,5.73,19737467.0,114297139.0,1289650962.0,0.015304502986909725,000720
2022-08-10,5.77,5.77,5.67,5.73,7843718.0,44793932.0,1289650962.0,0.0060820471826236655,000720
2022-08-11,5.76,5.82,5.71,5.79,7385900.0,42629757.0,1289650962.0,0.005727053456809657,000720
2022-08-12,5.79,5.95,5.76,5.88,11684783.0,68644656.0,1289650962.0,0.009060422815394294,000720
2022-08-15,5.82,5.94,5.81,5.89,11009800.0,64603721.0,1289650962.0,0.008537038566563718,000720
2022-08-16,5.93,6.04,5.88,6.02,17192631.0,102695069.0,1289650962.0,0.013331227988491975,000720
2022-08-17,6.02,6.16,6.01,6.08,15228500.0,92762837.0,1289650962.0,0.011808233738207377,000720
2022-08-18,6.08,6.12,5.98,6.04,10783552.0,64889023.0,1289650962.0,0.008361605052639042,000720
2022-08-19,6.03,6.06,5.96,6.04,9528290.0,57265225.0,1289650962.0,0.007388270377609349,000720
2022-08-22,6.06,6.06,5.97,6.0,6468700.0,38847670.0,1289650962.0,0.005015853273949638,000720
2022-08-23,6.0,6.02,5.95,5.97,5535500.0,33099386.0,1289650962.0,0.0042922466334732205,000720
2022-08-24,6.02,6.04,5.82,5.87,11696400.0,69045187.0,1289650962.0,0.0090694306790274,000720
2022-08-25,5.85,5.89,5.7,5.85,11148000.0,64589876.0,1289650962.0,0.008644199344225357,000720
2022-08-26,5.85,5.92,5.75,5.77,7445400.0,43409083.0,1289650962.0,0.005773189971070638,000720
2022-08-29,5.7,5.82,5.65,5.8,7164600.0,41232860.0,1289650962.0,0.0055554566399028515,000720
2022-08-30,5.86,5.9,5.73,5.75,7844100.0,45494985.0,1289650962.0,0.006082343386799257,000720
2022-08-31,5.77,5.8,5.51,5.53,15244800.0,85923158.0,1289650962.0,0.011820872816904082,000720
2022-09-01,5.56,5.71,5.5,5.54,8843800.0,49345151.0,1289650962.0,0.006857514366743829,000720
2022-09-02,5.55,5.61,5.52,5.59,5946303.0,33136449.0,1289650962.0,0.004610784758985044,000720
2022-09-05,5.61,5.67,5.55,5.61,5918000.0,33176065.0,1289650962.0,0.004588838510865237,000720
2022-09-06,5.63,5.79,5.57,5.77,8009800.0,45601104.0,1289650962.0,0.00621082776348908,000720
2022-09-07,5.76,5.82,5.72,5.8,4811700.0,27793865.0,1289650962.0,0.0037310095070514126,000720
2022-09-08,5.8,5.84,5.73,5.76,4723000.0,27255395.0,1289650962.0,0.0036622312076405057,000720
2022-09-09,5.77,5.8,5.69,5.72,4167890.0,23889973.0,1289650962.0,0.0032317969146755847,000720
2022-09-13,5.72,5.77,5.63,5.66,6735600.0,38174572.0,1289650962.0,0.005222808495063179,000720
2022-09-14,5.61,5.64,5.56,5.58,5526000.0,30892141.0,1289650962.0,0.004284880299263484,000720
2022-09-15,5.62,5.63,5.35,5.43,8813200.0,48285865.0,1289650962.0,0.006833787016552468,000720
2022-09-16,5.41,5.51,5.33,5.34,6233100.0,33713525.0,1289650962.0,0.004833168185548176,000720
2022-09-19,5.36,5.36,5.22,5.26,5654740.0,29800588.0,1289650962.0,0.004384705758859427,000720
2022-09-20,5.35,5.35,5.25,5.27,5034100.0,26666094.0,1289650962.0,0.0039034592679193457,000720
2022-09-21,5.27,5.37,5.19,5.32,6233800.0,33013305.0,1289650962.0,0.004833710968068894,000720
2022-09-22,5.3,5.33,5.2,5.21,7038900.0,36937781.0,1289650962.0,0.005457988407254024,000720
2022-09-23,5.25,5.27,5.08,5.12,6423500.0,33164276.0,1289650962.0,0.004980805031183313,000720
2022-09-26,5.11,5.12,4.94,4.96,7994400.0,40224203.0,1289650962.0,0.0061988865480332965,000720
2022-09-27,5.04,5.05,4.92,5.0,6570303.0,32708309.0,1289650962.0,0.005094636606024569,000720
2022-09-28,5.02,5.27,4.96,4.99,12024089.0,60960677.0,1289650962.0,0.009323521909643641,000720
2022-09-29,5.02,5.07,4.83,4.85,6718500.0,33042210.0,1289650962.0,0.005209549093485652,000720
2022-09-30,4.94,4.94,4.79,4.86,4663834.0,22587830.0,1289650962.0,0.003616353678182268,000720
2022-10-10,4.86,4.88,4.71,4.74,6442174.0,30872923.0,1289650962.0,0.004995284918028852,000720
2022-10-11,4.71,4.85,4.69,4.82,5110300.0,24411944.0,1289650962.0,0.003962545022317442,000720
2022-10-12,4.88,4.97,4.75,4.97,6544200.0,31934697.0,1289650962.0,0.005074396245827016,000720
2022-10-13,4.97,5.2,4.95,5.13,10912100.0,55770572.0,1289650962.0,0.008461281634743587,000720
2022-10-14,5.11,5.19,5.08,5.17,6939100.0,35703134.0,1289650962.0,0.005380603127871741,000720
2022-10-17,5.18,5.25,5.15,5.19,5097800.0,26509229.0,1289650962.0,0.0039528524773046305,000720
2022-10-18,5.21,5.24,5.17,5.19,3969700.0,20642124.0,1289650962.0,0.0030781196749884642,000720
2022-10-19,5.21,5.21,5.12,5.13,3741397.0,19287917.0,1289650962.0,0.0029010927066636808,000720
2022-10-20,5.13,5.17,5.05,5.11,4950700.0,25307261.0,1289650962.0,0.003838790607593871,000720
2022-10-21,5.11,5.16,5.07,5.07,2888400.0,14740143.0,1289650962.0,0.0022396757612002617,000720
2022-10-24,5.07,5.1,4.91,4.93,6535800.0,32665889.0,1289650962.0,0.005067882855578407,000720
2022-10-25,4.91,4.98,4.87,4.95,5992000.0,29497128.0,1289650962.0,0.004646218377341078,000720
2022-10-26,4.89,5.08,4.89,5.01,7960700.0,39936924.0,1289650962.0,0.006172755446678758,000720
2022-10-27,5.06,5.07,4.96,4.99,4568100.0,22937779.0,1289650962.0,0.0035421211898417518,000720
2022-10-28,5.0,5.0,4.72,4.75,7486700.0,36226723.0,1289650962.0,0.005805214139792965,000720
2022-10-31,4.8,4.8,4.67,4.79,7104600.0,33647157.0,1289650962.0,0.005508932423841359,000720
2022-11-01,4.8,4.91,4.79,4.87,7204151.0,34958894.0,1289650962.0,0.005586124627726986,000720
2022-11-02,4.9,4.93,4.85,4.9,4200060.0,20535403.0,1289650962.0,0.0032567416485205555,000720
2022-11-03,4.9,4.96,4.8,4.93,3504160.0,17222317.0,1289650962.0,0.0027171382825673415,000720
2022-11-04,4.93,5.04,4.89,5.03,5355776.0,26752160.0,1289650962.0,0.0041528879966826245,000720
2022-11-07,5.0,5.09,5.0,5.09,4890701.0,24758002.0,1289650962.0,0.003792267166935979,000720
2022-11-08,5.05,5.1,5.03,5.05,3469000.0,17516126.0,1289650962.0,0.002689875091955307,000720
2022-11-09,5.1,5.1,5.02,5.04,2236289.0,11285772.0,1289650962.0,0.0017340265435323266,000720
2022-11-10,5.03,5.06,4.98,5.05,2883300.0,14518141.0,1289650962.0,0.002235721202835035,000720
2022-11-11,5.09,5.15,5.02,5.05,5945700.0,30086689.0,1289650962.0,0.004610317190613626,000720
2022-11-14,5.04,5.08,4.99,5.0,4847501.0,24387604.0,1289650962.0,0.0037587697313717044,000720
2022-11-15,4.99,5.1,4.96,5.06,4684300.0,23685575.0,1289650962.0,0.003632223088280843,000720
2022-11-16,5.09,5.12,5.04,5.1,4893175.0,24923232.0,1289650962.0,0.0037941855154449144,000720
2022-11-17,5.13,5.13,5.05,5.06,3866165.0,19633820.0,1289650962.0,0.002997838263156353,000720
2022-11-18,5.06,5.09,5.03,5.06,4828304.0,24447970.0,1289650962.0,0.0037438843084428297,000720
2022-11-21,5.04,5.09,4.98,5.0,5154427.0,25882532.0,1289650962.0,0.003996761257019866,000720
2022-11-22,5.03,5.03,4.93,4.95,4790192.0,23860086.0,1289650962.0,0.0037143321264005696,000720
2022-11-23,5.0,5.0,4.91,4.99,4756667.0,23582774.0,1289650962.0,0.0036883367206762105,000720
2022-11-24,5.02,5.03,4.95,4.97,5033665.0,25098322.0,1289650962.0,0.0039031219673529,000720
2022-11-25,4.97,5.0,4.93,4.94,3799900.0,18829200.0,1289650962.0,0.0029464561435344396,000720
2022-11-28,4.92,5.12,4.83,5.09,11099958.0,55497959.0,1289650962.0,0.008606947404424919,000720
2022-11-29,5.1,5.18,5.05,5.12,9814269.0,50132060.0,1289650962.0,0.007610019524026843,000720
2022-11-30,5.12,5.22,5.1,5.11,9603104.0,49506808.0,1289650962.0,0.007446281422616424,000720
2022-12-01,5.18,5.2,5.13,5.17,8117500.0,42013048.0,1289650962.0,0.006294338731319459,000720
2022-12-02,5.2,5.21,5.15,5.2,5773000.0,29947850.0,1289650962.0,0.004476404988716629,000720
2022-12-05,5.2,5.23,5.15,5.22,8301964.0,43139824.0,1289650962.0,0.006437372781178913,000720
2022-12-06,5.21,5.74,5.15,5.74,37125955.0,208660132.0,1289650962.0,0.02878759919848763,000720
2022-12-07,6.05,6.2,5.49,5.8,78894483.0,460428556.0,1289650962.0,0.061175066219196134,000720
2022-12-08,5.52,5.66,5.5,5.57,37892824.0,210713103.0,1289650962.0,0.029382232182601976,000720
2022-12-09,5.45,5.52,5.34,5.36,26188641.0,141226665.0,1289650962.0,0.020306766537347802,000720
2022-12-12,5.3,5.37,5.28,5.33,13461411.0,71629280.0,1289650962.0,0.010438026564275924,000720
2022-12-13,5.29,5.48,5.28,5.45,18856245.0,101315370.0,1289650962.0,0.014621200274807379,000720
2022-12-14,5.41,5.72,5.37,5.44,23098601.0,127775425.0,1289650962.0,0.017910738394036882,000720
2022-12-15,5.46,5.5,5.3,5.38,15106830.0,81183104.0,1289650962.0,0.01171389038207068,000720
2022-12-16,5.31,5.46,5.29,5.4,9373001.0,50456645.0,1289650962.0,0.007267858727809796,000720
2022-12-19,5.35,5.38,5.1,5.14,12639600.0,65556850.0,1289650962.0,0.009800791355514066,000720
2022-12-20,5.13,5.24,5.1,5.18,7411200.0,38376305.0,1289650962.0,0.005746671167915587,000720
2022-12-21,5.21,5.33,5.13,5.13,7142500.0,37209458.0,1289650962.0,0.0055383202203202015,000720
2022-12-22,5.16,5.19,5.05,5.06,8945000.0,45712909.0,1289650962.0,0.0069359852111675465,000720
2022-12-23,5.04,5.2,4.95,5.09,12398636.0,62599405.0,1289650962.0,0.009613947002196708,000720
2022-12-26,5.04,5.12,4.98,5.05,7847300.0,39611683.0,1289650962.0,0.006084824678322537,000720
2022-12-27,5.06,5.17,5.04,5.06,8632300.0,44027689.0,1289650962.0,0.006693516505127067,000720
2022-12-28,5.06,5.15,5.0,5.15,8205600.0,41849762.0,1289650962.0,0.006362651788569751,000720
2022-12-29,5.12,5.15,4.97,4.97,8568500.0,43183627.0,1289650962.0,0.006644045755381679,000720
2022-12-30,5.02,5.1,4.98,5.08,6341501.0,32031395.0,1289650962.0,0.004917222711302874,000720
2023-01-03,5.1,5.11,5.05,5.1,5029300.0,25548220.0,1289650962.0,0.0038997373306344264,000720
2023-01-04,5.1,5.16,5.08,5.12,6220100.0,31820800.0,1289650962.0,0.004823087938734853,000720
2023-01-05,5.13,5.13,5.05,5.1,6132092.0,31139584.0,1289650962.0,0.0047548462186158555,000720
2023-01-06,5.12,5.12,5.05,5.09,4590300.0,23324546.0,1289650962.0,0.003559335149784504,000720
2023-01-09,5.11,5.11,5.02,5.03,4761600.0,24039993.0,1289650962.0,0.0036921617866400662,000720
2023-01-10,5.06,5.08,5.02,5.04,3663100.0,18511998.0,1289650962.0,0.002840380930914236,000720
2023-01-11,5.05,5.19,5.02,5.14,11021891.0,56444828.0,1289650962.0,0.00854641397150371,000720
2023-01-12,5.18,5.19,5.07,5.09,5718400.0,29223972.0,1289650962.0,0.004434067952100671,000720
2023-01-13,5.09,5.11,5.07,5.11,3985300.0,20308828.0,1289650962.0,0.003090215971164452,000720
2023-01-16,5.1,5.17,5.1,5.17,5458801.0,28096609.0,1289650962.0,0.004232773952678213,000720
2023-01-17,5.19,5.21,5.15,5.18,4876010.0,25283982.0,1289650962.0,0.0037808757126333225,000720
2023-01-18,5.21,5.21,5.15,5.17,3393200.0,17553424.0,1289650962.0,0.002631099498997621,000720
2023-01-19,5.14,5.19,5.14,5.17,2724500.0,14084888.0,1289650962.0,0.002112587110992284,000720
2023-01-20,5.17,5.22,5.15,5.21,4787498.0,24862635.0,1289650962.0,0.0037122431890994085,000720
2023-01-30,5.25,5.28,5.19,5.21,6756398.0,35247513.0,1289650962.0,0.0052389353391572935,000720
2023-01-31,5.23,5.23,5.17,5.21,5699350.0,29567157.0,1289650962.0,0.004419296513501147,000720
2023-02-01,5.23,5.24,5.17,5.22,6224200.0,32354376.0,1289650962.0,0.004826267093499055,000720
2023-02-02,5.25,5.25,5.19,5.2,4933600.0,25699127.0,1289650962.0,0.0038255312060163455,000720
2023-02-03,5.21,5.21,5.16,5.2,5525900.0,28631561.0,1289650962.0,0.004284802758903382,000720
2023-02-06,5.21,5.36,5.16,5.31,11376372.0,60172921.0,1289650962.0,0.00882127981539861,000720
2023-02-07,5.31,5.46,5.28,5.46,12991877.0,70152843.0,1289650962.0,0.010073948209872308,000720
2023-02-08,5.45,5.5,5.39,5.43,9736354.0,52928679.0,1289650962.0,0.007549603952452989,000720
2023-02-09,5.43,5.46,5.36,5.39,7114154.0,38358618.0,1289650962.0,0.0055163406298455505,000720
2023-02-10,5.39,5.47,5.36,5.41,7805101.0,42101951.0,1289650962.0,0.006052103421762888,000720
2023-02-13,5.4,5.54,5.37,5.46,9254961.0,50577079.0,1289650962.0,0.0071763300867448195,000720
2023-02-14,5.46,5.58,5.45,5.52,8168798.0,45174417.0,1289650962.0,0.006334115385244833,000720
2023-02-15,5.56,5.56,5.48,5.5,6819678.0,37563885.0,1289650962.0,0.005288002879030148,000720
2023-02-16,5.52,5.54,5.33,5.38,9824192.0,53552609.0,1289650962.0,0.0076177138539598125,000720
2023-02-17,5.38,5.43,5.35,5.39,6518107.0,35105010.0,1289650962.0,0.005054163639665474,000720
2023-02-20,5.38,5.42,5.32,5.37,6173080.0,33064835.0,1289650962.0,0.004786628461414663,000720
2023-02-21,5.4,5.46,5.36,5.45,5941102.0,32212321.0,1289650962.0,0.004606751884856114,000720
2023-02-22,5.45,5.46,5.35,5.41,4936400.0,26611194.0,1289650962.0,0.003827702336099215,000720
2023-02-23,5.42,5.42,5.33,5.35,3783501.0,20286096.0,1289650962.0,0.0029337402998812325,000720
2023-02-24,5.39,5.39,5.31,5.34,3362900.0,17935705.0,1289650962.0,0.002607604769886567,000720
2023-02-27,5.33,5.36,5.28,5.32,4811886.0,25580320.0,1289650962.0,0.003731153732121203,000720
2023-02-28,5.31,5.36,5.29,5.36,4233300.0,22539938.0,1256531571.0,0.003369035922138402,000720
2023-03-01,5.38,5.38,5.33,5.37,3036430.0,16245180.0,1256531571.0,0.0024165170777073934,000720
2023-03-02,5.36,5.37,5.29,5.32,4642101.0,24716112.0,1256531571.0,0.0036943767328548884,000720
2023-03-03,5.32,5.37,5.31,5.36,4361884.0,23284032.0,1256531571.0,0.003471368408617566,000720
2023-03-06,5.36,5.37,5.27,5.29,5355454.0,28420066.0,1256531571.0,0.004262092671287127,000720
2023-03-07,5.29,5.35,5.24,5.26,5112800.0,27068322.0,1256531571.0,0.004068978542203298,000720
2023-03-08,5.26,5.39,5.22,5.37,6339900.0,33726721.0,1256531571.0,0.005045555675894753,000720
2023-03-09,5.4,5.55,5.3,5.49,13356255.0,73095744.0,1256531571.0,0.010629462329681488,000720
2023-03-10,5.49,5.51,5.35,5.37,6719700.0,36516647.0,1256531571.0,0.0053478162865833795,000720
2023-03-13,5.37,5.38,5.24,5.28,6740300.0,35646639.0,1256531571.0,0.005364210621970914,000720
2023-03-14,5.3,5.32,5.2,5.3,7789300.0,40981343.0,1256531571.0,0.006199048380297323,000720
2023-03-15,5.31,5.42,5.26,5.41,7181600.0,38498523.0,1256531571.0,0.005715415486365046,000720
2023-03-16,5.41,5.44,5.29,5.32,5571600.0,29832918.0,1256531571.0,0.0044341106332615975,000720
2023-03-17,5.39,5.43,5.33,5.35,4082400.0,21888536.0,1256531571.0,0.0032489434362170913,000720
2023-03-20,5.37,5.37,5.28,5.3,5632801.0,29972455.0,1256531571.0,0.0044828169303515256,000720
2023-03-21,5.29,5.3,5.25,5.28,4817364.0,25398933.0,1256531571.0,0.0038338583058172915,000720
2023-03-22,5.28,5.3,5.23,5.26,4562010.0,23954764.0,1256531571.0,0.0036306369893828955,000720
2023-03-23,5.26,5.26,5.17,5.24,6032844.0,31451943.0,1256531571.0,0.0048011877610037385,000720
2023-03-24,5.23,5.26,5.18,5.22,4531900.0,23576750.0,1256531571.0,0.0036066742011052902,000720
2023-03-27,5.2,5.26,5.18,5.24,5230486.0,27304455.0,1256531571.0,0.004162637947757542,000720
2023-03-28,5.26,5.26,5.18,5.18,3490600.0,18181357.0,1256531571.0,0.002777964422511116,000720
2023-03-29,5.18,5.23,5.1,5.12,5268592.0,27044964.0,1256531571.0,0.004192964284858386,000720
2023-03-30,5.15,5.18,5.08,5.14,4987079.0,25583570.0,1256531571.0,0.003968924550006392,000720
2023-03-31,5.14,5.21,5.14,5.19,3421241.0,17703667.0,1256531571.0,0.0027227656502711146,000720
2023-04-03,5.19,5.29,5.17,5.26,6311798.0,32980697.0,1256531571.0,0.005023190937396669,000720
2023-04-04,5.27,5.3,5.2,5.22,4016766.0,21032138.0,1256531571.0,0.0031967091736527487,000720
2023-04-06,5.24,5.24,5.11,5.15,4281590.0,22055205.0,1256531571.0,0.0034074671093162687,000720
2023-04-07,5.15,5.23,5.14,5.18,3792824.0,19651607.0,1256531571.0,0.003018486831159772,000720
2023-04-10,5.2,5.2,5.14,5.16,4131625.0,21311115.0,1256531571.0,0.0032881187352195866,000720
2023-04-11,5.16,5.17,5.07,5.11,4905665.0,25031224.0,1256531571.0,0.0039041319081985883,000720
2023-04-12,5.1,5.16,5.06,5.15,4780005.0,24441019.0,1256531571.0,0.003804126462334626,000720
2023-04-13,5.14,5.2,5.13,5.17,5065273.0,26182943.0,1256531571.0,0.004031154582107989,000720
2023-04-14,5.19,5.24,5.15,5.2,4654199.0,24181363.0,1256531571.0,0.0037040048236082084,000720
2023-04-17,5.19,5.44,5.19,5.31,13338245.0,71214239.0,1256531571.0,0.01061512922384025,000720
2023-04-18,5.31,5.5,5.25,5.32,9098200.0,48489239.0,1256531571.0,0.007240725350624716,000720
2023-04-19,5.31,5.35,5.26,5.33,6171707.0,32770222.0,1256531571.0,0.004911700702504673,000720
2023-04-20,5.3,5.37,5.28,5.35,6587599.0,35164327.0,1256531571.0,0.00524268482546548,000720
2023-04-21,5.39,5.39,5.2,5.2,7420065.0,39297593.0,1256531571.0,0.005905195835306234,000720
2023-04-24,5.2,5.23,5.15,5.19,9116400.0,47243200.0,1256531571.0,0.00725520966635545,000720
2023-04-25,5.19,5.2,4.92,4.99,10338048.0,51928410.0,1256531571.0,0.008227447872059873,000720
2023-04-26,4.99,5.02,4.94,4.99,4766100.0,23736507.0,1256531571.0,0.00379306028594804,000720
2023-04-27,5.0,5.05,4.91,4.93,4068079.0,20193473.0,1256531571.0,0.00323754618975666,000720
2023-04-28,4.94,5.06,4.93,5.03,2983745.0,14940504.0,1256531571.0,0.002374588167033011,000720
2023-05-04,5.03,5.21,5.0,5.15,8366000.0,43055782.0,1256531571.0,0.00665801018699593,000720
2023-05-05,5.13,5.2,5.11,5.18,4838500.0,24999179.0,1256531571.0,0.003850679212261512,000720
2023-05-08,5.18,5.24,5.18,5.22,6447207.0,33582009.0,1256531571.0,0.005130955042274859,000720
2023-05-09,5.24,5.4,5.21,5.26,10834242.0,57602133.0,1256531571.0,0.008622339661054168,000720
2023-05-10,5.26,5.33,5.22,5.23,6791711.0,35722212.0,1256531571.0,0.005405125630544145,000720
2023-05-11,5.27,5.32,5.23,5.31,5620879.0,29716435.0,1256531571.0,0.0044733289077063705,000720
2023-05-12,5.32,5.41,5.26,5.27,6407727.0,34102505.0,1256531571.0,0.005099535218920496,000720
2023-05-15,5.27,5.3,5.22,5.28,5464901.0,28735401.0,1256531571.0,0.00434919513852788,000720
2023-05-16,5.3,5.3,5.23,5.24,4243048.0,22336040.0,1256531571.0,0.0033767937853111055,000720
2023-05-17,5.28,5.28,5.18,5.22,5415608.0,28213944.0,1256531571.0,0.0043099657223017755,000720
2023-05-18,5.25,5.27,5.19,5.25,4267584.0,22337715.0,1256531571.0,0.0033963205529357926,000720
2023-05-19,5.23,5.27,5.19,5.22,4927500.0,25737672.0,1256531571.0,0.003921509107867852,000720
2023-05-22,5.25,5.26,5.2,5.24,3497130.0,18294933.0,1256531571.0,0.0027831612676606594,000720
2023-05-23,5.2,5.34,5.19,5.27,7031872.0,37183242.0,1256531571.0,0.005596255726709473,000720
2023-05-24,5.24,5.26,5.16,5.17,6560601.0,34178000.0,1256531571.0,0.005221198696009525,000720
2023-05-25,5.15,5.22,5.13,5.2,4566822.0,23584019.0,1256531571.0,0.0036344665787947797,000720
2023-05-26,5.17,5.32,5.17,5.3,6432800.0,33884507.0,1256531571.0,0.005119489353443392,000720
2023-05-29,5.3,5.34,5.28,5.3,5235300.0,27790956.0,1256531571.0,0.004166469128852474,000720
2023-05-30,5.3,5.32,5.24,5.3,4474501.0,23624736.0,1256531571.0,0.003560993693488343,000720
2023-05-31,5.32,5.32,5.16,5.19,6196202.0,32373118.0,1256531571.0,0.004931194840626889,000720
2023-06-01,5.17,5.2,5.08,5.1,5332900.0,27434675.0,1256531571.0,0.004244143261562347,000720
2023-06-02,5.08,5.13,5.03,5.04,6767700.0,34205406.0,1256531571.0,0.005386016679719383,000720
2023-06-05,5.05,5.14,4.96,5.1,8320400.0,41993306.0,1256531571.0,0.006621719813516727,000720
2023-06-06,5.1,5.11,4.98,4.99,4542200.0,22854660.0,1256531571.0,0.0036148713687990572,000720
2023-06-07,4.97,5.01,4.96,5.0,4603900.0,22964533.0,1256531571.0,0.003663974790809295,000720
2023-06-08,5.02,5.11,4.96,5.06,5998361.0,30148125.0,1256531571.0,0.004773744757743138,000720
2023-06-09,5.08,5.08,4.97,5.01,7698500.0,38536260.0,1256531571.0,0.006126785969948383,000720
2023-06-12,5.0,5.03,4.97,5.01,4123088.0,20603267.0,1256531571.0,0.0032813246361320437,000720
2023-06-13,5.0,5.02,4.96,4.96,4075300.0,20298513.0,1256531571.0,0.0032432929613990576,000720
2023-06-14,4.98,4.99,4.92,4.95,4236101.0,20990909.0,1256531571.0,0.0033712650742461926,000720
2023-06-15,4.93,4.97,4.91,4.96,4688400.0,23118555.0,1256531571.0,0.0037312233995591346,000720
2023-06-16,4.97,5.0,4.93,4.94,5313120.0,26342747.0,1256531571.0,0.004228401516224219,000720
2023-06-19,4.94,5.2,4.9,5.13,13559983.0,68975251.0,1256531571.0,0.010791597531615064,000720
2023-06-20,5.16,5.19,4.95,4.98,7958301.0,39860334.0,1256531571.0,0.006333546393638525,000720
2023-06-21,4.96,4.96,4.86,4.87,6272407.0,30783090.0,1256531571.0,0.004991841943937913,000720
2023-06-26,4.87,4.87,4.71,4.72,6206700.0,29601145.0,1256531571.0,0.0049395495849423425,000720
2023-06-27,4.72,4.8,4.71,4.78,3742541.0,17857828.0,1256531571.0,0.0029784695318252376,000720
2023-06-28,4.79,4.82,4.66,4.82,4761215.0,22611777.0,1256531571.0,0.003789172600104928,000720
2023-06-29,4.8,4.85,4.78,4.8,3345300.0,16092694.0,1256531571.0,0.0026623286491223386,000720
2023-06-30,4.81,5.04,4.78,4.99,11932501.0,58889503.0,1256531571.0,0.009496379776994876,000720
2023-07-03,5.01,5.03,4.88,4.92,7885000.0,38815383.0,1256531571.0,0.00627521041411223,000720
2023-07-04,4.91,4.92,4.86,4.87,4350500.0,21276531.0,1256531571.0,0.0034623085487121437,000720
2023-07-05,4.9,4.91,4.85,4.88,2847900.0,13881233.0,1256531571.0,0.002266477075250503,000720
2023-07-06,4.88,4.88,4.77,4.8,5284701.0,25403549.0,1256531571.0,0.004205784495963134,000720
2023-07-07,4.78,4.87,4.76,4.81,4596451.0,22100681.0,1256531571.0,0.0036580465672995015,000720
2023-07-10,4.81,4.88,4.78,4.8,3444101.0,16547765.0,1256531571.0,0.002740958587502136,000720
2023-07-11,4.81,4.84,4.79,4.81,2185837.0,10503453.0,1256531571.0,0.0017395798485671317,000720
2023-07-12,4.79,4.9,4.77,4.81,4227901.0,20353969.0,1256531571.0,0.0033647391737521254,000720
2023-07-13,4.8,4.84,4.75,4.78,4546200.0,21779811.0,1256531571.0,0.0036180547348937243,000720
2023-07-14,4.78,4.83,4.77,4.78,2796467.0,13416336.0,1256531571.0,0.002225544558163752,000720
2023-07-17,4.78,4.79,4.72,4.75,2722434.0,12914809.0,1256531571.0,0.002166626022642132,000720
2023-07-18,4.78,4.78,4.7,4.76,2791227.0,13237497.0,1256531571.0,0.0022213743485797383,000720
2023-07-19,4.77,4.88,4.75,4.86,4923287.0,23746051.0,1256531571.0,0.003918156227528643,000720
2023-07-20,4.89,4.89,4.76,4.77,2823601.0,13571453.0,1256531571.0,0.002247138922066925,000720
2023-07-21,4.78,4.8,4.75,4.77,1839915.0,8782249.0,1256531571.0,0.0014642807570172862,000720
2023-07-24,4.77,4.82,4.71,4.79,2352100.0,11217893.0,1256531571.0,0.0018718988478165345,000720
2023-07-25,4.8,4.89,4.79,4.85,4814667.0,23352742.0,1256531571.0,0.0038317119212279626,000720
2023-07-26,4.85,4.92,4.81,4.89,4663912.0,22790488.0,1256531571.0,0.0037117348323275835,000720
2023-07-27,4.91,4.92,4.86,4.88,2624401.0,12798420.0,1256531571.0,0.002088607290552511,000720
2023-07-28,4.88,4.95,4.84,4.92,4841901.0,23770860.0,1256531571.0,0.0038533858692835024,000720
2023-07-31,4.92,4.95,4.89,4.92,4765900.0,23454450.0,1256531571.0,0.0037929011176433066,000720
2023-08-01,4.93,4.95,4.88,4.93,3273700.0,16101663.0,1256531571.0,0.0026053463960278,000720
2023-08-02,4.94,4.96,4.92,4.94,3143200.0,15527407.0,1256531571.0,0.002501489077189291,000720
2023-08-03,4.95,4.96,4.91,4.94,3045060.0,15017228.0,1256531571.0,0.0024233851900566372,000720
2023-08-04,4.94,4.98,4.92,4.92,3264110.0,16133730.0,1256531571.0,0.0025977142758158364,000720
2023-08-07,4.92,4.94,4.85,4.88,4438500.0,21644786.0,1256531571.0,0.0035323426027948166,000720
2023-08-08,4.88,4.92,4.84,4.85,2040600.0,9917682.0,1256531571.0,0.0016239942131943456,000720
2023-08-09,4.83,4.88,4.8,4.8,2725500.0,13138769.0,1256531571.0,0.0021690660727536944,000720
2023-08-10,4.81,4.87,4.79,4.87,2775500.0,13438402.0,1256531571.0,0.0022088581489370313,000720
2023-08-11,4.87,4.88,4.77,4.77,4091901.0,19639560.0,1256531571.0,0.0032565047265334488,000720
2023-08-14,4.77,4.79,4.72,4.78,2793419.0,13274115.0,1256531571.0,0.0022231188331996157,000720
2023-08-15,4.79,4.79,4.72,4.75,2244261.0,10648276.0,1256531571.0,0.0017860760937458372,000720
2023-08-16,4.73,4.76,4.69,4.69,3244100.0,15297320.0,1256531571.0,0.0025817894869272647,000720
2023-08-17,4.69,4.73,4.6,4.7,4923100.0,23027982.0,1256531571.0,0.003918007405163718,000720
2023-08-18,4.7,4.78,4.64,4.66,4302900.0,20313216.0,1256531571.0,0.003424426492185607,000720
2023-08-21,4.67,4.69,4.5,4.53,6427600.0,29414432.0,1256531571.0,0.005115350977520325,000720
2023-08-22,4.55,4.56,4.39,4.47,6015783.0,26809778.0,1256531571.0,0.004787609908768461,000720
2023-08-23,4.48,4.49,4.37,4.39,3482666.0,15395249.0,1256531571.0,0.0027716502158623437,000720
2023-08-24,4.43,4.43,4.33,4.34,3813200.0,16631616.0,1256531571.0,0.0030347028980460054,000720
2023-08-25,4.34,4.45,4.29,4.35,4875000.0,21392845.0,1256531571.0,0.003879727427875348,000720
2023-08-28,4.55,4.65,4.44,4.45,8665187.0,39312194.0,1256531571.0,0.006896115624937211,000720
2023-08-29,4.48,4.53,4.44,4.5,4815349.0,21635608.0,1256531571.0,0.0038322546851471033,000720
2023-08-30,4.53,4.6,4.47,4.49,3796900.0,17086055.0,1256531571.0,0.0030217306812102378,000720
2023-08-31,4.47,4.55,4.41,4.44,4030834.0,17902437.0,1256531571.0,0.003207905072207692,000720
2023-09-01,4.49,4.49,4.38,4.4,2700500.0,11952391.0,1256531571.0,0.002149170034662026,000720
2023-09-04,4.4,4.44,4.33,4.43,4960194.0,21764188.0,1256531571.0,0.003947528350642612,000720
2023-09-05,4.45,4.45,4.33,4.37,5535999.0,24223621.0,1256531571.0,0.004405777879177538,000720
2023-09-06,4.37,4.39,4.31,4.38,2973248.0,12950591.0,1256531571.0,0.0023662342185590815,000720
2023-09-07,4.37,4.38,4.26,4.27,4746700.0,20446682.0,1256531571.0,0.0037776209603889053,000720
2023-09-08,4.27,4.33,4.23,4.29,3718300.0,15943576.0,1256531571.0,0.002959177537450032,000720
2023-09-11,4.29,4.37,4.25,4.36,4969966.0,21405288.0,1256531571.0,0.0039553053140118834,000720
2023-09-12,4.38,4.55,4.35,4.36,6293866.0,27781583.0,1256531571.0,0.005008919907194278,000720
2023-09-13,4.36,4.4,4.28,4.3,3588766.0,15498212.0,1256531571.0,0.0028560890015233847,000720
2023-09-14,4.29,4.36,4.27,4.3,3189735.0,13776148.0,1256531571.0,0.0025385235624931224,000720
2023-09-15,4.33,4.43,4.29,4.38,6127034.0,26722466.0,1256531571.0,0.004876148074117908,000720
2023-09-18,4.39,4.4,4.29,4.32,4311434.0,18573753.0,1256531571.0,0.003431218203748579,000720
2023-09-19,4.34,4.43,4.32,4.34,4564500.0,19876303.0,1256531571.0,0.0036326186347768255,000720
2023-09-20,4.33,4.34,4.24,4.27,2904800.0,12435729.0,1256531571.0,0.0023117604579471407,000720
2023-09-21,4.27,4.3,4.24,4.24,2683000.0,11433466.0,1256531571.0,0.002135242807997858,000720
2023-09-22,4.25,4.31,4.18,4.3,3450566.0,14683389.0,1256531571.0,0.0027461037029526416,000720
2023-09-25,4.3,4.36,4.26,4.28,3940810.0,16959882.0,1256531571.0,0.0031362602348811177,000720
2023-09-26,4.29,4.36,4.27,4.31,3648502.0,15725680.0,1256531571.0,0.002903629390781141,000720
2023-09-27,4.3,4.32,4.27,4.29,3078400.0,13226812.0,1256531571.0,0.0024499185464556864,000720
2023-09-28,4.32,4.36,4.29,4.33,2780280.0,12058823.0,1256531571.0,0.0022126622714201583,000720
2023-10-09,4.33,4.36,4.27,4.28,3227956.0,13875485.0,1256531571.0,0.002568941421369189,000720
2023-10-10,4.3,4.33,4.23,4.24,3240400.0,13825083.0,1256531571.0,0.0025788448732896978,000720
2023-10-11,4.26,4.26,4.2,4.22,3064699.0,12929692.0,1256531571.0,0.0024390147217399284,000720
2023-10-12,4.22,4.27,4.22,4.27,2240900.0,9522555.0,1256531571.0,0.0017834012703847933,000720
2023-10-13,4.25,4.26,4.18,4.21,2637900.0,11122562.0,1256531571.0,0.002099350355280488,000720
2023-10-16,4.21,4.23,4.16,4.19,2569508.0,10761237.0,1256531571.0,0.0020449211617938725,000720
2023-10-17,4.19,4.23,4.17,4.19,1879000.0,7894603.0,1256531571.0,0.0014953862229698006,000720
2023-10-18,4.21,4.21,4.11,4.12,3283800.0,13619926.0,1256531571.0,0.002613384395416834,000720
2023-10-19,4.13,4.17,4.06,4.1,3410600.0,14046922.0,1256531571.0,0.0027142971006177768,000720
2023-10-20,4.09,4.14,4.07,4.09,2793202.0,11458670.0,1256531571.0,0.00222294613558898,000720
2023-10-23,4.09,4.11,3.95,3.97,3597900.0,14426160.0,1256531571.0,0.0028633582180005567,000720
2023-10-24,3.98,4.18,3.98,4.16,6062320.0,24808108.0,1256531571.0,0.004824645985755339,000720
2023-10-25,4.19,4.21,4.14,4.18,4292600.0,17946110.0,1256531571.0,0.0034162293244918394,000720
2023-10-26,4.19,4.27,4.14,4.24,4643013.0,19509121.0,1256531571.0,0.0036951025403244723,000720
2023-10-27,4.23,4.33,4.22,4.32,4671700.0,20026365.0,1256531571.0,0.0037179328461139,000720
2023-10-30,4.34,4.35,4.3,4.33,4135020.0,17899696.0,1256531571.0,0.003290820617192435,000720
2023-10-31,4.31,4.4,4.29,4.39,5859051.0,25619659.0,1256531571.0,0.004662876075081125,000720
2023-11-01,4.35,4.49,4.35,4.47,7252500.0,32023251.0,1256531571.0,0.0057718406503930175,000720
2023-11-02,4.47,4.49,4.38,4.4,4996201.0,22110879.0,1256531571.0,0.00397618421638528,000720
2023-11-03,4.42,4.44,4.35,4.36,2962500.0,13016135.0,1256531571.0,0.0023576805138627115,000720
2023-11-06,4.37,4.43,4.37,4.42,4044600.0,17797788.0,1256531571.0,0.0032188606266224887,000720
2023-11-07,4.43,4.44,4.35,4.39,2572003.0,11310908.0,1256531571.0,0.0020469067863954213,000720
2023-11-08,4.42,4.42,4.34,4.36,3131401.0,13687231.0,1256531571.0,0.002492098943051547,000720
2023-11-09,4.35,4.4,4.32,4.37,3787510.0,16531503.0,1256531571.0,0.003014257729303007,000720
2023-11-10,4.33,4.44,4.33,4.42,4301600.0,18881777.0,1256531571.0,0.0034233918982048404,000720
2023-11-13,4.45,4.47,4.39,4.44,3784101.0,16725270.0,1256531571.0,0.003011544705548827,000720
2023-11-14,4.45,4.5,4.42,4.47,4005401.0,17916418.0,1256531571.0,0.0031876644347362763,000720
2023-11-15,4.51,4.51,4.45,4.47,3565700.0,15955025.0,1256531571.0,0.002837732120938488,000720
2023-11-16,4.45,4.53,4.44,4.47,4206900.0,18906665.0,1256531571.0,0.0033480257059136003,000720
2023-11-17,4.48,4.49,4.43,4.46,2440200.0,10872348.0,1256531571.0,0.0019420124860515741,000720
2023-11-20,4.48,4.48,4.44,4.47,4057200.0,18055788.0,1256531571.0,0.0032288882298206895,000720
2023-11-21,4.48,4.5,4.45,4.46,3378400.0,15120173.0,1256531571.0,0.002688671003555708,000720
2023-11-22,4.46,4.52,4.45,4.51,7248701.0,32611891.0,1256531571.0,0.005768817248444608,000720
2023-11-23,4.48,4.51,4.4,4.46,7002201.0,31235249.0,1256531571.0,0.0055726423128607564,000720
2023-11-24,4.47,4.5,4.42,4.45,5440200.0,24263383.0,1256531571.0,0.004329537057051788,000720
2023-11-27,4.49,4.49,4.4,4.46,5174700.0,23057932.0,1256531571.0,0.004118241132518269,000720
2023-11-28,4.46,4.53,4.43,4.51,5251600.0,23649942.0,1256531571.0,0.004179441345688241,000720
2023-11-29,4.51,4.54,4.46,4.46,3410401.0,15325669.0,1256531571.0,0.002714138728154567,000720
2023-11-30,4.46,4.49,4.44,4.46,3410200.0,15227029.0,1256531571.0,0.00271397876400831,000720
2023-12-01,4.46,4.51,4.41,4.43,3563400.0,15818350.0,1256531571.0,0.002835901685434054,000720
2023-12-04,4.42,4.46,4.37,4.4,5880107.0,25921796.0,1256531571.0,0.004679633314203452,000720
2023-12-05,4.41,4.43,4.37,4.37,4222500.0,18567256.0,1256531571.0,0.0033604408336828013,000720
2023-12-06,4.38,4.45,4.34,4.41,5756200.0,25446411.0,1256531571.0,0.004581022978530478,000720
2023-12-07,4.39,4.43,4.35,4.4,5207800.0,22821441.0,1256531571.0,0.004144583486951638,000720
2023-12-08,4.42,4.48,4.36,4.36,5437900.0,24064238.0,1256531571.0,0.004327706621547355,000720
2023-12-11,4.33,4.43,4.28,4.42,5912700.0,25778719.0,1256531571.0,0.004705572176984322,000720
2023-12-12,4.4,4.44,4.38,4.42,3890500.0,17160062.0,1256531571.0,0.0030962214478254444,000720
2023-12-13,4.42,4.49,4.41,4.44,5222128.0,23257722.0,1256531571.0,0.004155986304302735,000720
2023-12-14,4.46,4.48,4.41,4.41,4636600.0,20525554.0,1256531571.0,0.0036899988086331976,000720
2023-12-15,4.43,4.47,4.38,4.39,3783000.0,16688774.0,1256531571.0,0.00301066848403127,000720
2023-12-18,4.39,4.41,4.31,4.33,5122900.0,22297542.0,1256531571.0,0.004077016541592332,000720
2023-12-19,4.32,4.34,4.21,4.25,4793006.0,20425255.0,1256531571.0,0.0038144731979838174,000720
2023-12-20,4.27,4.3,4.2,4.22,3245254.0,13754399.0,1256531571.0,0.0025827078880455764,000720
2023-12-21,4.24,4.28,4.15,4.26,4858054.0,20436668.0,1256531571.0,0.0038662410974152914,000720
2023-12-22,4.26,4.28,4.2,4.21,4441500.0,18764668.0,1256531571.0,0.003534730127365817,000720
2023-12-25,4.21,4.23,4.14,4.14,5298900.0,22097120.0,1256531571.0,0.0042170846497576785,000720
2023-12-26,4.16,4.17,4.07,4.07,6202900.0,25527347.0,1256531571.0,0.004936525387152409,000720
2023-12-27,4.12,4.13,4.05,4.12,5075512.0,20767061.0,1256531571.0,0.004039303203468813,000720
2023-12-28,4.12,4.18,4.08,4.17,4868802.0,20145161.0,1256531571.0,0.0038747948021116614,000720
2023-12-29,4.16,4.21,4.13,4.14,6569000.0,27312792.0,1256531571.0,0.005227882968966802,000720
2024-01-02,4.16,4.26,4.15,4.25,6494968.0,27407565.0,1256531571.0,0.005168965229286706,000720
2024-01-03,4.26,4.3,4.22,4.28,4827400.0,20577368.0,1256531571.0,0.003841845371348811,000720
2024-01-04,4.26,4.29,4.24,4.27,4125019.0,17612653.0,1256531571.0,0.003282861406114244,000720
2024-01-05,4.29,4.35,4.23,4.25,4567200.0,19597129.0,1256531571.0,0.0036347674068907257,000720
2024-01-08,4.25,4.29,4.18,4.18,4955811.0,20919289.0,1256531571.0,0.003944040177244381,000720
2024-01-09,4.19,4.25,4.17,4.24,5657588.0,23849887.0,1256531571.0,0.004502543454198653,000720
2024-01-10,4.24,4.26,4.17,4.23,3886211.0,16416331.0,1256531571.0,0.0030928080835304376,000720
2024-01-11,4.25,4.27,4.2,4.21,4326219.0,18308946.0,1256531571.0,0.0034429847206759916,000720
2024-01-12,4.22,4.31,4.21,4.24,4959100.0,21138268.0,1256531571.0,0.003946657700015721,000720
2024-01-15,4.24,4.26,4.19,4.25,4056701.0,17183031.0,1256531571.0,0.0032284911049003796,000720
2024-01-16,4.26,4.28,4.1,4.16,6362600.0,26520486.0,1256531571.0,0.005063621278481987,000720
2024-01-17,4.14,4.16,4.03,4.04,6918200.0,28484047.0,1256531571.0,0.005505790829031227,000720
2024-01-18,4.05,4.06,3.81,3.94,9038500.0,35240198.0,1256531571.0,0.007193213611661812,000720
2024-01-19,3.96,3.96,3.88,3.9,4960910.0,19362333.0,1256531571.0,0.003948098173173558,000720
2024-01-22,3.9,3.91,3.63,3.68,6977500.0,26390761.0,1256531571.0,0.005552984231384664,000720
2024-01-23,3.69,3.73,3.57,3.71,7646043.0,27965100.0,1256531571.0,0.006085038511141397,000720
2024-01-24,3.75,3.83,3.65,3.82,7131900.0,26717850.0,1256531571.0,0.005675862162638809,000720
2024-01-25,3.85,3.99,3.8,3.99,6325700.0,24677130.0,1256531571.0,0.005034254726258684,000720
2024-01-26,4.05,4.39,4.05,4.39,39397693.0,170271629.0,1256531571.0,0.03135432002607438,000720
2024-01-29,4.28,4.65,4.21,4.24,47564965.0,206997712.0,1256531571.0,0.03785417421875507,000720
2024-01-30,4.06,4.25,4.03,4.05,29235233.0,121174658.0,1256531571.0,0.0232666123754721,000720
2024-01-31,4.06,4.13,3.68,3.7,20712521.0,79673279.0,1256531571.0,0.016483884271619308,000720
2024-02-01,3.7,3.7,3.48,3.6,13994600.0,50056457.0,1256531571.0,0.011137483787106531,000720
2024-02-02,3.6,3.61,3.24,3.34,14766101.0,50079427.0,1256531571.0,0.011751476318456943,000720
2024-02-05,3.27,3.31,3.01,3.01,12403800.0,37870028.0,1256531571.0,0.009871459091257485,000720
2024-02-06,2.95,3.0,2.71,2.8,17592005.0,49428305.0,1256531571.0,0.014000448063552873,000720
2024-02-07,2.84,2.88,2.59,2.66,20017325.0,54764755.0,1256531571.0,0.015930618427732288,000720
2024-02-08,2.64,2.86,2.57,2.85,13608520.0,37009046.0,1256531571.0,0.010830225291649278,000720
2024-02-19,2.86,3.14,2.85,3.14,6462604.0,19953124.0,1256531571.0,0.005143208614214756,000720
2024-02-20,3.36,3.44,3.03,3.37,26331480.0,87699557.0,1256531571.0,0.02095568516360024,000720
2024-02-21,3.36,3.47,3.31,3.38,15616729.0,53213816.0,1256531571.0,0.012428441402050534,000720
2024-02-22,3.35,3.56,3.35,3.45,13607104.0,46986989.0,1256531571.0,0.010829098380051765,000720
2024-02-23,3.44,3.69,3.41,3.68,13844502.0,49742597.0,1256531571.0,0.011018029566087202,000720
2024-02-26,3.5,4.04,3.31,3.85,57883854.0,200749615.0,1256531571.0,0.046066374563063006,000720
2024-02-27,3.6,3.75,3.54,3.68,41553607.0,151686473.0,1256531571.0,0.03307008590872883,000720
2024-02-28,3.64,3.71,3.41,3.43,25881320.0,93302032.0,1256531571.0,0.02059742914330642,000720
2024-02-29,3.38,3.48,3.36,3.47,14292026.0,49085958.0,1256531571.0,0.011374187748124634,000720
2024-03-01,3.46,3.49,3.42,3.44,10289110.0,35457052.0,1256531571.0,0.008188500979574671,000720
2024-03-04,3.44,3.45,3.32,3.34,12655771.0,42456548.0,1256531571.0,0.010071988075817316,000720
2024-03-05,3.34,3.37,3.24,3.25,12829289.0,42336729.0,1256531571.0,0.010210080905320922,000720
2024-03-06,3.25,3.42,3.24,3.34,10978551.0,36506139.0,1256531571.0,0.00873718675549299,000720
2024-03-07,3.42,3.42,3.31,3.32,6964700.0,23388074.0,1256531571.0,0.00554279745988173,000720
2024-03-08,3.32,3.35,3.28,3.33,4845711.0,16061278.0,1256531571.0,0.0038564180254886727,000720
2024-03-11,3.33,3.65,3.33,3.56,19936410.0,69830382.0,1256531571.0,0.01586622291084479,000720
2024-03-12,3.58,3.6,3.48,3.54,10521222.0,37104632.0,1256531571.0,0.008373225347316004,000720
2024-03-13,3.55,3.59,3.48,3.56,7922400.0,28097311.0,1256531571.0,0.006304974887097365,000720
2024-03-14,3.55,3.56,3.46,3.49,7634040.0,26689928.0,1256531571.0,0.006075486025332825,000720
2024-03-15,3.48,3.5,3.42,3.47,8420100.0,29126432.0,1256531571.0,0.006701065213426301,000720
2024-03-18,3.48,3.52,3.41,3.45,14567995.0,50202389.0,1256531571.0,0.01159381533756942,000720
2024-03-19,3.45,3.48,3.42,3.42,9891801.0,34062065.0,1256531571.0,0.007872305979648163,000720
2024-03-20,3.41,3.48,3.36,3.47,8064386.0,27779871.0,1256531571.0,0.00641797324167671,000720
2024-03-21,3.47,3.49,3.42,3.48,8047202.0,27883554.0,1256531571.0,0.0064042975009340215,000720
2024-03-22,3.48,3.49,3.33,3.38,12127802.0,41029073.0,1256531571.0,0.009651808422408512,000720
2024-03-25,3.36,3.42,3.33,3.34,7836700.0,26449269.0,1256531571.0,0.006236771268519126,000720
2024-03-26,3.35,3.36,3.28,3.34,7399250.0,24578575.0,1256531571.0,0.005888630393991111,000720
2024-03-27,3.33,3.36,3.2,3.21,7599300.0,25007861.0,1256531571.0,0.006047838490800642,000720
2024-03-28,3.2,3.33,3.18,3.28,6240972.0,20401188.0,1256531571.0,0.004966824665641449,000720
2024-03-29,3.3,3.33,3.24,3.29,6306655.0,20719252.0,1256531571.0,0.005019097924440451,000720
2024-04-01,3.3,3.42,3.3,3.41,8251674.0,27736853.0,1256531571.0,0.0065670248089612065,000720
2024-04-02,3.43,3.45,3.39,3.43,7742163.0,26512733.0,1256531571.0,0.006161534798396243,000720
2024-04-03,3.43,3.44,3.32,3.35,6453509.0,21701191.0,1256531571.0,0.005135970435557006,000720
2024-04-08,3.38,3.38,3.22,3.23,9137009.0,29869994.0,1256531571.0,0.007271611164316698,000720
2024-04-09,3.24,3.27,3.2,3.26,5412600.0,17565101.0,1256531571.0,0.004307571830998586,000720
2024-04-10,3.25,3.27,3.14,3.17,6643100.0,21168644.0,1256531571.0,0.005286854825870507,000720
2024-04-11,3.16,3.27,3.13,3.23,5696243.0,18344034.0,1256531571.0,0.00453330670829599,000720
2024-04-12,3.26,3.27,3.18,3.18,4594500.0,14775746.0,1256531571.0,0.003656493880486828,000720
2024-04-15,3.19,3.19,2.86,2.86,16698000.0,49683902.0,1256531571.0,0.013288961762187192,000720
2024-04-16,2.86,2.87,2.58,2.59,18903001.0,50111780.0,1256531571.0,0.015043793117713873,000720
2024-04-17,2.63,2.85,2.62,2.85,10292300.0,28663555.0,1256531571.0,0.008191039714035168,000720
2024-04-18,2.97,2.98,2.85,2.88,14706320.0,42810211.0,1256531571.0,0.011703900116330622,000720
2024-04-19,2.88,2.92,2.79,2.8,10694801.0,30418051.0,1256531571.0,0.008511366723152553,000720
2024-04-22,2.84,2.84,2.71,2.73,8240000.0,22867357.0,1256531571.0,0.006557734155013921,000720
2024-04-23,2.76,2.77,2.71,2.75,7894601.0,21638805.0,1256531571.0,0.006282851288580953,000720
2024-04-24,2.8,2.82,2.72,2.82,7729866.0,21478189.0,1256531571.0,0.006151748335179713,000720
2024-04-25,2.84,2.88,2.79,2.86,6349000.0,18093677.0,1256531571.0,0.0050527978337601195,000720
2024-04-26,2.86,2.87,2.77,2.86,8371062.0,23612597.0,1256531571.0,0.006662038736788731,000720
2024-04-29,2.85,3.04,2.85,3.04,10436695.0,30981026.0,1256531571.0,0.008305955250845026,000720
2024-04-30,3.06,3.07,2.95,3.02,10406600.0,31238901.0,1256531571.0,0.008282004400190276,000720
2024-05-06,3.08,3.15,3.05,3.13,10539156.0,32715373.0,1256531571.0,0.008387497969201444,000720
2024-05-07,3.15,3.16,3.08,3.15,7972611.0,24952614.0,1256531571.0,0.006344934885842196,000720
2024-05-08,3.15,3.17,3.08,3.11,7482700.0,23353416.0,1256531571.0,0.005955043369141101,000720
2024-05-09,3.11,3.18,3.11,3.14,5541515.0,17407349.0,1256531571.0,0.0044101677410220835,000720
2024-05-10,3.15,3.18,3.09,3.14,5393511.0,16892515.0,1256531571.0,0.0042923800121533115,000720
2024-05-13,3.13,3.13,3.02,3.05,9972800.0,30379475.0,1256531571.0,0.007936768347223644,000720
2024-05-14,3.09,3.12,3.05,3.11,8583600.0,26505157.0,1256531571.0,0.006831185302545812,000720
2024-05-15,3.11,3.13,3.06,3.08,4396315.0,13606575.0,1256531571.0,0.003498770028118935,000720
2024-05-16,3.1,3.12,3.07,3.09,5207523.0,16159935.0,1256531571.0,0.004144363038849582,000720
2024-05-17,3.09,3.17,3.06,3.16,7042172.0,22025542.0,1256531571.0,0.00560445289440324,000720
2024-05-20,3.16,3.19,3.12,3.14,6450653.0,20351383.0,1256531571.0,0.005133697512165415,000720
2024-05-21,3.13,3.15,3.05,3.08,8017600.0,24735730.0,1256531571.0,0.0063807390001504385,000720
2024-05-22,3.05,3.13,3.05,3.08,5220000.0,16118058.0,1256531571.0,0.004154292753540373,000720
2024-05-23,3.06,3.08,2.98,3.0,6122300.0,18433479.0,1256531571.0,0.00487238056034487,000720
2024-05-24,3.01,3.06,2.95,2.96,6968700.0,20934251.0,1256531571.0,0.005545980825976397,000720
2024-05-27,2.97,3.02,2.9,2.95,10531851.0,31056977.0,1256531571.0,0.008381684346871058,000720
2024-05-28,2.95,3.0,2.92,2.93,7179589.0,21227016.0,1256531571.0,0.005713815049060952,000720
2024-05-29,2.95,3.01,2.92,2.94,6747900.0,19988609.0,1256531571.0,0.005370259017550782,000720
2024-05-30,2.95,2.96,2.89,2.9,5611400.0,16425903.0,1256531571.0,0.004465785125903534,000720
2024-05-31,2.93,2.96,2.88,2.94,5324400.0,15568224.0,1256531571.0,0.00423737860861118,000720
2024-06-03,2.92,2.92,2.79,2.82,7351290.0,20903683.0,1256531571.0,0.005850461834516055,000720
2024-06-04,2.8,2.88,2.72,2.85,8454606.0,23581014.0,1256531571.0,0.006728526521041945,000720
2024-06-05,2.86,2.88,2.78,2.79,5420500.0,15268891.0,1256531571.0,0.004313858979035553,000720
2024-06-06,2.79,2.81,2.61,2.63,11121901.0,29722782.0,1256531571.0,0.008851270637910618,000720
2024-06-07,2.66,2.74,2.62,2.73,10214503.0,27329975.0,1256531571.0,0.008129125631018466,000720
2024-06-11,2.72,2.72,2.61,2.67,7422200.0,19626667.0,1256531571.0,0.005906894956959263,000720
2024-06-12,2.68,2.68,2.63,2.66,5332230.0,14179692.0,1256531571.0,0.0042436100477414905,000720
2024-06-13,2.66,2.66,2.57,2.6,8048798.0,20881091.0,1256531571.0,0.006405567664005794,000720
2024-06-14,2.59,2.61,2.54,2.58,6222800.0,16106027.0,1256531571.0,0.004952362633473377,000720
2024-06-17,2.58,2.58,2.47,2.48,8182354.0,20504259.0,1256531571.0,0.006511857074540628,000720
2024-06-18,2.48,2.54,2.47,2.51,5757460.0,14431681.0,1256531571.0,0.004582025738850298,000720
2024-06-19,2.51,2.53,2.49,2.49,4102000.0,10282313.0,1256531571.0,0.0032645419300809594,000720
2024-06-20,2.49,2.5,2.43,2.43,7576300.0,18609713.0,1256531571.0,0.006029534135756307,000720
2024-06-21,2.43,2.46,2.38,2.38,5763900.0,13950629.0,1256531571.0,0.004587150958262711,000720
2024-06-24,2.37,2.37,2.26,2.27,10417955.0,23979771.0,1256531571.0,0.008291041180691511,000720
2024-06-25,2.27,2.5,2.27,2.5,16526444.0,39890605.0,1256531571.0,0.013152430373753021,000720
2024-06-26,2.51,2.59,2.37,2.46,19137305.0,46604192.0,1256531571.0,0.015230261970075083,000720
2024-06-27,2.45,2.49,2.4,2.41,9458810.0,23051486.0,1256531571.0,0.0075277137624741785,000720
2024-06-28,2.41,2.48,2.38,2.41,7788600.0,18903063.0,1256531571.0,0.006198491291230756,000720
2024-07-01,2.42,2.55,2.39,2.48,11844900.0,29385011.0,1256531571.0,0.009426663263680145,000720
2024-07-02,2.47,2.57,2.44,2.51,11373800.0,28651167.0,1256531571.0,0.009051742321880744,000720
2024-07-03,2.52,2.6,2.49,2.5,8127500.0,20616967.0,1256531571.0,0.006468201983601413,000720
2024-07-04,2.49,2.52,2.41,2.41,8108300.0,19939430.0,1256531571.0,0.006452921826347012,000720
2024-07-05,2.41,2.65,2.38,2.65,11844900.0,30183731.0,1256531571.0,0.009426663263680145,000720
2024-07-08,2.8,2.92,2.64,2.67,49414630.0,139570010.0,1256531571.0,0.0393262144306281,000720
2024-07-09,2.42,2.53,2.4,2.5,42175857.0,103339259.0,1256531571.0,0.033565298296830456,000720
2024-07-10,2.45,2.47,2.36,2.37,23690502.0,56895163.0,1256531571.0,0.018853885208109905,000720
2024-07-11,2.34,2.51,2.33,2.47,21809791.0,53435314.0,1256531571.0,0.01735713730029311,000720
2024-07-12,2.49,2.52,2.41,2.43,11361626.0,27969260.0,1256531571.0,0.009042053747171626,000720
2024-07-15,2.41,2.42,2.34,2.36,9523400.0,22499041.0,1256531571.0,0.007579117166487813,000720
2024-07-16,2.34,2.37,2.31,2.33,6729700.0,15663414.0,1256531571.0,0.005355774701820047,000720
2024-07-17,2.33,2.38,2.32,2.35,6911900.0,16222970.0,1256531571.0,0.005500777027432126,000720
2024-07-18,2.32,2.35,2.26,2.32,6428376.0,14734886.0,1256531571.0,0.005115968550542691,000720
2024-07-19,2.32,2.37,2.29,2.34,4625400.0,10790066.0,1256531571.0,0.00368108538356813,000720
2024-07-22,2.36,2.39,2.32,2.35,3279876.0,7685221.0,1256531571.0,0.002610261513277966,000720
2024-07-23,2.36,2.46,2.32,2.34,7443700.0,17730253.0,1256531571.0,0.005924005549718098,000720
2024-07-24,2.31,2.34,2.27,2.27,5651300.0,12951820.0,1256531571.0,0.004497539202697837,000720
2024-07-25,2.35,2.37,2.26,2.3,3994100.0,9190883.0,1256531571.0,0.0031786706296773183,000720
2024-07-26,2.29,2.35,2.28,2.35,6016200.0,13959955.0,1256531571.0,0.00478794177468383,000720
2024-07-29,2.35,2.36,2.32,2.33,4407302.0,10300544.0,1256531571.0,0.0035075139389394616,000720
2024-07-30,2.34,2.37,2.32,2.37,5327200.0,12536492.0,1256531571.0,0.004239606964877447,000720
2024-07-31,2.38,2.43,2.36,2.43,7444028.0,17884161.0,1256531571.0,0.00592426658573786,000720
2024-08-01,2.41,2.45,2.41,2.43,5538000.0,13427997.0,1256531571.0,0.004407370358066395,000720
2024-08-02,2.42,2.46,2.4,2.41,5382300.0,13092815.0,1256531571.0,0.004283457832831484,000720
2024-08-05,2.4,2.44,2.36,2.38,6755000.0,16221034.0,1256531571.0,0.005375909492368815,000720
2024-08-06,2.39,2.42,2.39,2.41,5850218.0,14071356.0,1256531571.0,0.004655846406902577,000720
2024-08-07,2.41,2.43,2.4,2.4,4339500.0,10477666.0,1256531571.0,0.0034535542919518097,000720
2024-08-08,2.4,2.43,2.37,2.42,5149400.0,12400100.0,1256531571.0,0.004098106341969501,000720
2024-08-09,2.43,2.52,2.42,2.43,9784300.0,24193778.0,1256531571.0,0.007786752220012465,000720
2024-08-12,2.42,2.44,2.37,2.38,7033101.0,16896696.0,1256531571.0,0.005597233815942059,000720
2024-08-13,2.39,2.44,2.35,2.4,6272800.0,14983912.0,1256531571.0,0.004992154709656714,000720
2024-08-14,2.39,2.4,2.37,2.39,3418800.0,8155391.0,1256531571.0,0.002720823001111844,000720
2024-08-15,2.38,2.42,2.36,2.42,6463700.0,15518865.0,1256531571.0,0.005144080856524695,000720
2024-08-16,2.42,2.42,2.35,2.36,6443400.0,15309815.0,1256531571.0,0.005127925273594259,000720
2024-08-19,2.37,2.39,2.34,2.36,3897900.0,9209621.0,1256531571.0,0.0031021106751005782,000720
2024-08-20,2.36,2.38,2.31,2.33,3676900.0,8591119.0,1256531571.0,0.002926229698370229,000720
2024-08-21,2.32,2.34,2.3,2.33,3391400.0,7862635.0,1256531571.0,0.002699016943363375,000720
2024-08-22,2.33,2.35,2.28,2.28,4763300.0,11043321.0,1256531571.0,0.003790831929681773,000720
2024-08-23,2.28,2.29,2.23,2.28,5391100.0,12203297.0,1256531571.0,0.0042904612382397515,000720
2024-08-26,2.28,2.33,2.25,2.3,4764900.0,10945872.0,1256531571.0,0.0037921052761196398,000720
2024-08-27,2.3,2.3,2.26,2.26,2880500.0,6552718.0,1256531571.0,0.002292421508922039,000720
2024-08-28,2.26,2.3,2.25,2.28,3808300.0,8660416.0,1256531571.0,0.0030308032745800383,000720
2024-08-29,2.27,2.28,2.23,2.24,6409900.0,14446534.0,1256531571.0,0.005101264582551424,000720
2024-08-30,2.24,2.32,2.23,2.3,7676700.0,17548716.0,1256531571.0,0.006109436624732447,000720
2024-09-02,2.3,2.34,2.28,2.29,6152600.0,14229059.0,1256531571.0,0.004896494558511972,000720
2024-09-03,2.29,2.31,2.25,2.28,5282410.0,12043357.0,1256531571.0,0.004203961223032414,000720
2024-09-04,2.27,2.28,2.22,2.24,5557700.0,12477905.0,1256531571.0,0.00442304843608263,000720
2024-09-05,2.24,2.26,2.23,2.26,3313200.0,7452972.0,1256531571.0,0.0026367821362126365,000720
2024-09-06,2.26,2.28,2.23,2.23,2958300.0,6666360.0,1256531571.0,0.002354337979463311,000720
2024-09-09,2.23,2.35,2.2,2.31,9302000.0,21203729.0,1256531571.0,0.007402917853147997,000720
2024-09-10,2.31,2.32,2.25,2.31,6096776.0,13946658.0,1256531571.0,0.004852067501294801,000720
2024-09-11,2.32,2.32,2.25,2.27,4478900.0,10223022.0,1256531571.0,0.003564494600350953,000720
2024-09-12,2.27,2.34,2.27,2.33,6917700.0,16040811.0,1256531571.0,0.005505392908269393,000720
2024-09-13,2.33,2.56,2.31,2.56,35275529.0,88363297.0,1256531571.0,0.028073730747510205,000720
2024-09-18,2.52,2.53,2.39,2.45,33095900.0,80702099.0,1256531571.0,0.026339091483121996,000720
2024-09-19,2.49,2.51,2.43,2.49,20623183.0,51114574.0,1256531571.0,0.01641278538157797,000720
2024-09-20,2.5,2.67,2.47,2.55,32096439.0,82484805.0,1256531571.0,0.02554367891803651,000720
2024-09-23,2.55,2.77,2.46,2.63,26104482.0,67616395.0,1256531571.0,0.020775030729410938,000720
2024-09-24,2.65,2.69,2.57,2.66,26794002.0,70529164.0,1256531571.0,0.021323779376809626,000720
2024-09-25,2.68,2.91,2.68,2.81,32263311.0,90441267.0,1256531571.0,0.02567648258477383,000720
2024-09-26,2.75,2.89,2.75,2.86,17839200.0,50504288.0,1256531571.0,0.014197176108995672,000720
2024-09-27,2.91,2.93,2.82,2.86,27179000.0,77702076.0,1256531571.0,0.02163017677173827,000720
2024-09-30,2.92,3.15,2.9,3.14,34699554.0,104996039.0,1256531571.0,0.027615345925916253,000720
2024-10-08,3.45,3.45,3.05,3.23,38421704.0,126026988.0,1256531571.0,0.030577587453232403,000720
2024-10-09,3.22,3.22,2.96,3.02,23508322.0,71916546.0,1256531571.0,0.0187088987993283,000720
2024-10-10,3.08,3.21,3.01,3.21,23241549.0,72800972.0,1256531571.0,0.018496589768535153,000720
2024-10-11,3.23,3.27,3.09,3.13,15398961.0,48652707.0,1256531571.0,0.012255132585124676,000720
2024-10-14,3.13,3.19,3.03,3.07,15225725.0,46835198.0,1256531571.0,0.012117264182930744,000720
2024-10-15,3.05,3.16,3.02,3.07,10447244.0,32410187.0,1256531571.0,0.008314350583078186,000720
2024-10-16,3.04,3.36,3.02,3.28,26820024.0,86163834.0,1256531571.0,0.021344488764938482,000720
2024-10-17,3.34,3.5,3.22,3.37,34834902.0,117102123.0,1256531571.0,0.0277230614844615,000720
2024-10-18,3.36,3.45,3.2,3.45,30097470.0,99251318.0,1256531571.0,0.023952816383313938,000720
2024-10-21,3.43,3.49,3.31,3.37,26684874.0,90087713.0,1256531571.0,0.02123693078301492,000720
2024-10-22,3.35,3.67,3.33,3.63,34858665.0,123763901.0,1256531571.0,0.02774197306658839,000720
2024-10-23,3.56,3.75,3.54,3.69,25565102.0,93025286.0,1256531571.0,0.02034576972837557,000720
2024-10-24,3.69,3.86,3.65,3.69,22398110.0,83777763.0,1256531571.0,0.0178253459896552,000720
2024-10-25,3.72,4.06,3.68,4.06,48092607.0,190928532.0,1256531571.0,0.03827409363198563,000720
2024-10-28,4.16,4.23,3.99,4.11,50580074.0,207527172.0,1256531571.0,0.04025372315933636,000720
2024-10-29,4.07,4.07,3.79,3.81,47969379.0,188114943.0,1256531571.0,0.03817602367270723,000720
2024-10-30,3.75,3.86,3.68,3.85,24493600.0,92062493.0,1256531571.0,0.019493023944083615,000720
2024-10-31,3.8,3.95,3.8,3.9,24934884.0,96756964.0,1256531571.0,0.01984421607501337,000720
2024-11-01,3.87,3.93,3.74,3.77,16550100.0,62965336.0,1256531571.0,0.01317125680083688,000720
2024-11-04,3.71,3.83,3.71,3.79,12231302.0,46028770.0,1256531571.0,0.00973417802010802,000720
2024-11-05,3.79,3.9,3.75,3.82,15585118.0,59551270.0,1256531571.0,0.012403284055645905,000720
2024-11-06,3.82,4.04,3.77,3.93,24040504.0,93401622.0,1256531571.0,0.01913243133307631,000720
2024-11-07,3.88,4.1,3.82,4.04,18768600.0,75427985.0,1256531571.0,0.014936831221091539,000720
2024-11-08,4.04,4.4,4.04,4.21,29050998.0,122558587.0,1256531571.0,0.02311999051235936,000720
2024-11-11,4.16,4.27,4.11,4.22,17408401.0,72969877.0,1256531571.0,0.013854328376441566,000720
2024-11-12,4.25,4.3,4.12,4.14,13066303.0,54708587.0,1256531571.0,0.01039870648821127,000720
2024-11-13,4.15,4.34,4.15,4.24,15884202.0,67430509.0,1256531571.0,0.012641307521910247,000720
2024-11-14,4.21,4.29,4.1,4.11,15502802.0,64668362.0,1256531571.0,0.012337773564783754,000720
2024-11-15,4.08,4.24,4.06,4.06,12000400.0,49525950.0,1256531571.0,0.009550416620610323,000720
2024-11-18,4.06,4.11,3.78,3.81,19840000.0,77486834.0,1256531571.0,0.015789495829548084,000720
2024-11-19,3.85,3.94,3.77,3.93,15245800.0,59171772.0,1256531571.0,0.012133240701518354,000720
2024-11-20,3.95,4.07,3.9,4.0,13077266.0,52398985.0,1256531571.0,0.010407431298835229,000720
2024-11-21,4.0,4.22,3.99,4.17,16060835.0,66549226.0,1256531571.0,0.012781879397760074,000720
2024-11-22,4.17,4.23,3.96,3.97,15671935.0,64029432.0,1256531571.0,0.01247237662920608,000720
2024-11-25,3.97,4.05,3.9,3.98,10519800.0,41684588.0,1256531571.0,0.008372093660669351,000720
2024-11-26,3.98,4.02,3.88,3.9,10027235.0,39483849.0,1256531571.0,0.007980089980564443,000720
2024-11-27,3.9,3.9,3.75,3.9,13372900.0,51096161.0,1256531571.0,0.01064270911184292,000720
2024-11-28,3.9,3.96,3.85,3.87,11198600.0,43628831.0,1256531571.0,0.008912310886934333,000720
2024-11-29,3.89,3.93,3.82,3.91,9750035.0,37898644.0,1256531571.0,0.007759482710204024,000720
2024-12-02,3.94,4.05,3.92,4.0,13949178.0,55773903.0,1256531571.0,0.01110133507341854,000720
2024-12-03,4.0,4.04,3.96,4.0,10241966.0,41021267.0,1256531571.0,0.008150981826782927,000720
2024-12-04,4.01,4.01,3.81,3.88,13643900.0,53224274.0,1256531571.0,0.010858382164756607,000720
2024-12-05,3.9,3.98,3.86,3.91,7243900.0,28361755.0,1256531571.0,0.005764996413289484,000720
2024-12-06,3.91,4.02,3.88,4.0,10973400.0,43456239.0,1256531571.0,0.008733087375804582,000720
2024-12-09,4.07,4.08,3.87,3.95,12799501.0,50569549.0,1256531571.0,0.010186374378013938,000720
2024-12-10,4.05,4.09,3.9,3.93,15620800.0,62203051.0,1256531571.0,0.012431681272893381,000720
2024-12-11,3.92,4.04,3.91,4.01,10269500.0,40929849.0,1256531571.0,0.008172894527295567,000720
2024-12-12,4.04,4.14,4.01,4.07,10090601.0,40956119.0,1256531571.0,0.008030519274553111,000720
2024-12-13,4.03,4.05,3.93,3.94,9998800.0,39746312.0,1256531571.0,0.00795746022683898,000720
2024-12-16,3.97,4.05,3.9,3.91,11518567.0,45754833.0,1256531571.0,0.009166953911737408,000720
2024-12-17,3.94,3.97,3.54,3.59,28833949.0,105741137.0,1256531571.0,0.022947253905489018,000720
2024-12-18,3.66,3.67,3.52,3.59,14326100.0,51764232.0,1256531571.0,0.011401305252202055,000720
2024-12-19,3.59,3.6,3.46,3.53,15073400.0,53170730.0,1256531571.0,0.01199603762283821,000720
2024-12-20,3.52,3.56,3.4,3.42,21635300.0,74874831.0,1256531571.0,0.017218270116986976,000720
2024-12-23,3.42,3.44,3.32,3.32,16131137.0,54249926.0,1256531571.0,0.012837828648556893,000720
2024-12-24,3.33,3.37,3.25,3.36,12674921.0,41949044.0,1256531571.0,0.010087228440995535,000720
2024-12-25,3.35,3.38,3.17,3.23,16357200.0,52852526.0,1256531571.0,0.013017738970921566,000720
2024-12-26,3.22,3.28,3.17,3.19,12727200.0,41000077.0,1256531571.0,0.010128834240011307,000720
2024-12-27,3.2,3.4,3.19,3.31,14934700.0,49509244.0,1256531571.0,0.011885654403505632,000720
2024-12-30,3.27,3.4,3.24,3.32,13170600.0,43654031.0,1256531571.0,0.010481710371605139,000720
2024-12-31,3.33,3.37,3.23,3.25,9686642.0,31902589.0,1256531571.0,0.007709031928494219,000720
