日期,开盘,最高,最低,收盘,成交量,成交额,outstanding_share,换手率,股票代码
2020-01-02,4.76,4.89,4.72,4.78,71572522.0,342727898.0,2419524410.0,0.029581235760295553,000717
2020-01-03,4.75,4.76,4.66,4.67,50062711.0,235306120.0,2419524410.0,0.020691136982577497,000717
2020-01-06,4.55,4.65,4.52,4.61,39403111.0,181006689.0,2419524410.0,0.01628547777288182,000717
2020-01-07,4.61,5.07,4.6,5.07,161003333.0,788956247.0,2419524410.0,0.06654338031663008,000717
2020-01-08,5.0,5.17,4.93,4.95,137186028.0,691429754.0,2419524410.0,0.056699584196383455,000717
2020-01-09,5.08,5.08,4.81,4.89,88683437.0,436059250.0,2419524410.0,0.036653251619809035,000717
2020-01-10,4.9,4.91,4.71,4.72,78399506.0,373481247.0,2419524410.0,0.03240285804762763,000717
2020-01-13,4.7,4.73,4.6,4.71,46482329.0,216800595.0,2419524410.0,0.019211349473428126,000717
2020-01-14,4.72,4.83,4.71,4.75,51873379.0,246894888.0,2419524410.0,0.02143949397063533,000717
2020-01-15,4.72,4.73,4.64,4.67,32586000.0,152282692.0,2419524410.0,0.013467936039545887,000717
2020-01-16,4.69,4.7,4.62,4.65,23428342.0,108756424.0,2419524410.0,0.009683036014503363,000717
2020-01-17,4.65,4.68,4.6,4.61,27192810.0,126352074.0,2419524410.0,0.011238907070997478,000717
2020-01-20,4.62,4.67,4.52,4.66,26500065.0,121887542.0,2419524410.0,0.01095259253863035,000717
2020-01-21,4.63,4.64,4.47,4.48,33873100.0,154187411.0,2419524410.0,0.013999900087802792,000717
2020-01-22,4.45,4.54,4.32,4.5,34197538.0,151287158.0,2419524410.0,0.014133991729391148,000717
2020-01-23,4.44,4.46,4.19,4.2,41067616.0,176860609.0,2419524410.0,0.01697342495503073,000717
2020-02-03,3.78,3.78,3.78,3.78,4218900.0,15947442.0,2419524410.0,0.0017436897857128872,000717
2020-02-04,3.4,3.75,3.4,3.68,54039391.0,195467191.0,2419524410.0,0.022334716184987776,000717
2020-02-05,3.68,3.88,3.66,3.77,41167062.0,155731264.0,2419524410.0,0.017014526420917574,000717
2020-02-06,3.8,3.83,3.74,3.82,37400377.0,141734990.0,2419524410.0,0.015457739068646139,000717
2020-02-07,3.79,3.81,3.74,3.8,29051734.0,109535844.0,2419524410.0,0.0120072084744952,000717
2020-02-10,3.78,4.04,3.75,4.03,60339737.0,238259435.0,2419524410.0,0.024938676688118225,000717
2020-02-11,4.0,4.43,4.0,4.13,87288617.0,369411232.0,2419524410.0,0.036076766425348857,000717
2020-02-12,4.01,4.13,3.97,4.11,58375903.0,237312558.0,2419524410.0,0.02412701552368302,000717
2020-02-13,4.11,4.18,4.04,4.06,40142590.0,164813596.0,2419524410.0,0.016591107671445234,000717
2020-02-14,4.03,4.24,4.02,4.11,60323784.0,248184203.0,2419524410.0,0.024932083243582568,000717
2020-02-17,4.09,4.19,4.07,4.18,49405257.0,204343154.0,2419524410.0,0.020419408374557378,000717
2020-02-18,4.18,4.23,4.14,4.17,40679066.0,169676323.0,2419524410.0,0.016812835543990233,000717
2020-02-19,4.17,4.28,4.14,4.2,43007459.0,180787196.0,2419524410.0,0.017775170534444,000717
2020-02-20,4.23,4.27,4.11,4.26,64206780.0,269428444.0,2419524410.0,0.026536942439857426,000717
2020-02-21,4.23,4.38,4.22,4.35,79400275.0,341751130.0,2419524410.0,0.03281648024373517,000717
2020-02-24,4.3,4.4,4.22,4.32,70337064.0,301513632.0,2419524410.0,0.0290706155760586,000717
2020-02-25,4.22,4.25,4.08,4.19,55362811.0,231971104.0,2419524410.0,0.022881691447783327,000717
2020-02-26,4.12,4.43,4.1,4.31,98657025.0,426563179.0,2419524410.0,0.04077537907542747,000717
2020-02-27,4.29,4.39,4.16,4.2,83082281.0,352730149.0,2419524410.0,0.03433826939567847,000717
2020-02-28,4.05,4.18,3.91,3.92,70198851.0,282947393.0,2419524410.0,0.029013491539851832,000717
2020-03-02,3.96,4.31,3.96,4.29,126397257.0,530327390.0,2419524410.0,0.0522405380485498,000717
2020-03-03,4.4,4.43,4.27,4.35,103441961.0,451156750.0,2419524410.0,0.04275301401071626,000717
2020-03-04,4.3,4.5,4.3,4.5,117084218.0,517550384.0,2419524410.0,0.048391418377961314,000717
2020-03-05,4.5,4.66,4.44,4.54,116208353.0,528598040.0,2419524410.0,0.04802941955026608,000717
2020-03-06,4.45,4.49,4.37,4.37,79467688.0,351035104.0,2419524410.0,0.032844342330896344,000717
2020-03-09,4.28,4.28,4.12,4.12,66581502.0,278203216.0,2419524410.0,0.02751842540823963,000717
2020-03-10,4.09,4.2,4.0,4.17,64925433.0,267020537.0,2419524410.0,0.026833964861714292,000717
2020-03-11,4.16,4.23,4.1,4.1,57556038.0,239449846.0,2419524410.0,0.023788161740430632,000717
2020-03-12,4.02,4.09,4.0,4.03,40931118.0,165328732.0,2419524410.0,0.01691700973581002,000717
2020-03-13,3.81,4.02,3.75,3.96,48337442.0,187736718.0,2419524410.0,0.01997807577399064,000717
2020-03-16,4.0,4.03,3.81,3.85,38376744.0,151014024.0,2419524410.0,0.01586127581163771,000717
2020-03-17,3.87,3.93,3.73,3.83,29366456.0,112261726.0,2419524410.0,0.012137284450872723,000717
2020-03-18,3.87,3.92,3.74,3.76,29266373.0,112827163.0,2419524410.0,0.012095919710105343,000717
2020-03-19,3.74,3.8,3.66,3.75,31644513.0,118135778.0,2419524410.0,0.01307881535280729,000717
2020-03-20,3.79,3.8,3.69,3.79,29156663.0,109304037.0,2419524410.0,0.012050576088215617,000717
2020-03-23,3.67,3.73,3.64,3.66,24195724.0,88957929.0,2419524410.0,0.010000198344764788,000717
2020-03-24,3.72,3.74,3.63,3.73,29234892.0,108047591.0,2419524410.0,0.012082908475389178,000717
2020-03-25,3.79,3.82,3.73,3.79,33490837.0,126472708.0,2419524410.0,0.013841909121305373,000717
2020-03-26,3.77,3.79,3.71,3.72,18919824.0,71045371.0,2419524410.0,0.007819645845193188,000717
2020-03-27,3.76,3.87,3.73,3.8,35279711.0,134233795.0,2419524410.0,0.014581258554031286,000717
2020-03-30,3.76,3.92,3.67,3.83,38704396.0,145924994.0,2419524410.0,0.01599669581345534,000717
2020-03-31,3.81,3.9,3.77,3.85,32978936.0,127091476.0,2419524410.0,0.013630338203531494,000717
2020-04-01,3.81,3.88,3.74,3.77,28044427.0,106827526.0,2419524410.0,0.011590884094448958,000717
2020-04-02,3.71,3.82,3.71,3.81,21055940.0,79377668.0,2419524410.0,0.008702511912248077,000717
2020-04-03,3.8,3.81,3.71,3.71,22531954.0,84446213.0,2419524410.0,0.009312554941324191,000717
2020-04-07,3.77,3.81,3.75,3.8,28985890.0,109650853.0,2419524410.0,0.011979994861882795,000717
2020-04-08,3.78,3.9,3.77,3.88,39541861.0,151965441.0,2419524410.0,0.01634282375353262,000717
2020-04-09,3.89,3.9,3.83,3.87,24444981.0,94366726.0,2419524410.0,0.010103217350884259,000717
2020-04-10,3.87,3.87,3.78,3.8,19593432.0,74744007.0,2419524410.0,0.008098050971926339,000717
2020-04-13,3.79,3.88,3.77,3.85,25184482.0,97048161.0,2419524410.0,0.010408856342143703,000717
2020-04-14,3.86,3.88,3.82,3.87,22010168.0,84817513.0,2419524410.0,0.009096898509901787,000717
2020-04-15,3.87,3.87,3.81,3.82,18003367.0,69025517.0,2419524410.0,0.007440870166711812,000717
2020-04-16,3.8,3.8,3.75,3.78,20379561.0,76944813.0,2419524410.0,0.00842296151911937,000717
2020-04-17,3.79,3.86,3.77,3.81,26433136.0,100744903.0,2419524410.0,0.010924930490781864,000717
2020-04-20,3.82,3.93,3.78,3.87,42524054.0,164123221.0,2419524410.0,0.017575377137856608,000717
2020-04-21,3.84,3.85,3.77,3.79,28744862.0,109171567.0,2419524410.0,0.011880376937383327,000717
2020-04-22,3.76,3.8,3.75,3.78,16442002.0,62047320.0,2419524410.0,0.006795551196774246,000717
2020-04-23,3.79,3.8,3.74,3.75,19743529.0,74437131.0,2419524410.0,0.00816008671720737,000717
2020-04-24,3.75,3.77,3.7,3.72,17630382.0,65787003.0,2419524410.0,0.007286713838113334,000717
2020-04-27,3.72,3.75,3.68,3.7,12913200.0,47968278.0,2419524410.0,0.005337081926774196,000717
2020-04-28,3.7,3.7,3.55,3.59,21896795.0,79176531.0,2419524410.0,0.00905004095412288,000717
2020-04-29,3.59,3.66,3.58,3.66,12482611.0,45353722.0,2419524410.0,0.00515911761353133,000717
2020-04-30,3.72,3.77,3.7,3.75,22769211.0,85229718.0,2419524410.0,0.009410614295063053,000717
2020-05-06,3.71,3.83,3.71,3.82,27141224.0,102970114.0,2419524410.0,0.011217586352021967,000717
2020-05-07,3.82,3.9,3.8,3.87,33390049.0,128804066.0,2419524410.0,0.013800253000960631,000717
2020-05-08,3.89,3.9,3.85,3.87,22312310.0,86327069.0,2419524410.0,0.00922177511736697,000717
2020-05-11,3.89,3.95,3.87,3.92,32438596.0,126904586.0,2419524410.0,0.013407013322919936,000717
2020-05-12,3.92,3.93,3.84,3.9,23483349.0,91189093.0,2419524410.0,0.009705770647711713,000717
2020-05-13,3.87,3.9,3.87,3.89,11901700.0,46265529.0,2419524410.0,0.004919024561525296,000717
2020-05-14,3.86,3.87,3.81,3.83,14374598.0,55187564.0,2419524410.0,0.005941084099250728,000717
2020-05-15,3.84,3.86,3.8,3.83,16584891.0,63435789.0,2419524410.0,0.006854607844191991,000717
2020-05-18,3.84,3.9,3.84,3.85,16980857.0,65739119.0,2419524410.0,0.007018262320403703,000717
2020-05-19,3.9,3.92,3.84,3.86,14115659.0,54543667.0,2419524410.0,0.0058340634802688356,000717
2020-05-20,3.86,3.86,3.81,3.82,14019795.0,53635851.0,2419524410.0,0.005794442470617603,000717
2020-05-21,3.85,4.03,3.84,3.93,39725323.0,156118073.0,2419524410.0,0.016418649398953572,000717
2020-05-22,3.94,4.0,3.9,3.91,25475108.0,100419625.0,2419524410.0,0.01052897333654096,000717
2020-05-25,3.89,3.9,3.83,3.87,19770699.0,76179992.0,2419524410.0,0.0081713161968058,000717
2020-05-26,3.86,3.91,3.83,3.9,22673460.0,87645870.0,2419524410.0,0.009371039988805072,000717
2020-05-27,3.76,3.76,3.67,3.72,22515187.0,83751314.0,2419524410.0,0.009305625067035386,000717
2020-05-28,3.73,3.74,3.65,3.68,18789006.0,69433107.0,2419524410.0,0.00776557819476597,000717
2020-05-29,3.68,3.71,3.65,3.68,12850106.0,47267427.0,2419524410.0,0.00531100490116568,000717
2020-06-01,3.69,3.79,3.68,3.78,23490270.0,87961590.0,2419524410.0,0.00970863112722223,000717
2020-06-02,3.78,3.85,3.76,3.85,29823377.0,113725221.0,2419524410.0,0.012326131894656107,000717
2020-06-03,3.87,3.93,3.84,3.86,27852591.0,107913800.0,2419524410.0,0.01151159743827507,000717
2020-06-04,3.89,3.9,3.79,3.81,18134200.0,69499178.0,2419524410.0,0.007494944016704506,000717
2020-06-05,3.83,3.83,3.71,3.76,15193191.0,57135239.0,2419524410.0,0.006279412159350771,000717
2020-06-08,3.78,3.85,3.77,3.82,27171612.0,103693116.0,2419524410.0,0.01123014584506713,000717
2020-06-09,3.82,3.82,3.77,3.78,18101536.0,68598573.0,2419524410.0,0.007481443842924486,000717
2020-06-10,3.78,3.86,3.74,3.82,24488376.0,93278443.0,2419524410.0,0.01012115269380564,000717
2020-06-11,3.81,3.81,3.73,3.75,21369219.0,80545852.0,2419524410.0,0.008831991490426832,000717
2020-06-12,3.7,3.84,3.67,3.83,28106652.0,106202340.0,2419524410.0,0.011616601958564246,000717
2020-06-15,3.79,3.87,3.77,3.78,23898481.0,91172255.0,2419524410.0,0.009877346515383988,000717
2020-06-16,3.8,4.02,3.78,3.97,76400777.0,300102167.0,2419524410.0,0.03157677462737398,000717
2020-06-17,3.95,4.15,3.93,4.05,75882411.0,308198379.0,2419524410.0,0.03136253169688005,000717
2020-06-18,4.02,4.22,4.0,4.08,81821803.0,337134354.0,2419524410.0,0.033817308336227946,000717
2020-06-19,4.03,4.06,3.89,3.97,63930171.0,252909184.0,2419524410.0,0.026422618732745085,000717
2020-06-22,3.94,3.95,3.9,3.92,32288900.0,126592551.0,2419524410.0,0.01334514331268929,000717
2020-06-23,3.92,3.92,3.86,3.87,32824628.0,127319642.0,2419524410.0,0.013566562033569233,000717
2020-06-24,3.87,3.89,3.84,3.84,22368990.0,86369267.0,2419524410.0,0.00924520120877805,000717
2020-06-29,3.82,3.83,3.78,3.79,21642107.0,82247663.0,2419524410.0,0.008944777291996818,000717
2020-06-30,3.82,3.83,3.79,3.8,21313300.0,81170002.0,2419524410.0,0.008808879923637556,000717
2020-07-01,3.8,3.92,3.78,3.88,35179780.0,135294340.0,2419524410.0,0.014539956635527393,000717
2020-07-02,3.87,3.98,3.86,3.98,47959331.0,188307026.0,2419524410.0,0.019821800847216912,000717
2020-07-03,4.03,4.16,3.99,4.11,76978653.0,314779581.0,2419524410.0,0.03181561330063209,000717
2020-07-06,4.19,4.52,4.16,4.52,132281090.0,578146959.0,2419524410.0,0.05467235191067984,000717
2020-07-07,4.77,4.8,4.44,4.54,167520181.0,773608839.0,2419524410.0,0.06923682204140276,000717
2020-07-08,4.49,4.99,4.49,4.89,191792434.0,931115311.0,2419524410.0,0.07926865015592052,000717
2020-07-09,4.79,5.25,4.68,4.98,187968196.0,920833353.0,2419524410.0,0.07768807589752731,000717
2020-07-10,4.83,4.9,4.64,4.66,131140655.0,625155411.0,2419524410.0,0.05420100514712311,000717
2020-07-13,4.62,4.94,4.6,4.91,122617579.0,586266680.0,2419524410.0,0.05067838063266326,000717
2020-07-14,4.87,5.01,4.75,4.82,91428759.0,444656987.0,2419524410.0,0.03778790518587907,000717
2020-07-15,4.84,4.87,4.6,4.63,76241758.0,358508999.0,2419524410.0,0.031511051380547966,000717
2020-07-16,4.63,4.73,4.37,4.4,62494984.0,286419692.0,2419524410.0,0.0258294496809809,000717
2020-07-17,4.42,4.49,4.33,4.41,44676734.0,197177345.0,2419524410.0,0.0184650891784142,000717
2020-07-20,4.45,4.85,4.44,4.8,98010830.0,458703046.0,2419524410.0,0.04050830386125346,000717
2020-07-21,4.81,4.89,4.66,4.7,53897576.0,255074385.0,2419524410.0,0.022276103426458093,000717
2020-07-22,4.8,4.81,4.63,4.68,57433425.0,270393098.0,2419524410.0,0.023737485252318658,000717
2020-07-23,4.71,4.72,4.5,4.62,45261066.0,208899988.0,2419524410.0,0.018706596144653073,000717
2020-07-24,4.6,4.6,4.33,4.39,53037416.0,236985901.0,2419524410.0,0.021920595543815986,000717
2020-07-27,4.42,4.45,4.3,4.39,34558864.0,151502551.0,2419524410.0,0.0142833293423975,000717
2020-07-28,4.43,4.54,4.37,4.43,40165458.0,178547264.0,2419524410.0,0.016600559115665214,000717
2020-07-29,4.39,4.49,4.31,4.49,44262076.0,195600413.0,2419524410.0,0.01829370921701096,000717
2020-07-30,4.49,4.57,4.41,4.44,35217160.0,157308322.0,2419524410.0,0.014555405952692993,000717
2020-07-31,4.4,4.53,4.37,4.43,46193913.0,204823311.0,2419524410.0,0.01909214588167763,000717
2020-08-03,4.48,4.63,4.47,4.62,60065148.0,273863039.0,2419524410.0,0.024825187855823286,000717
2020-08-04,4.64,4.66,4.53,4.59,46656400.0,213970967.0,2419524410.0,0.019283293777556887,000717
2020-08-05,4.6,4.6,4.5,4.54,33526057.0,151987591.0,2419524410.0,0.013856465701042462,000717
2020-08-06,4.57,4.66,4.51,4.62,52219313.0,239925484.0,2419524410.0,0.021582470002854817,000717
2020-08-07,4.64,4.66,4.43,4.46,45417402.0,204610144.0,2419524410.0,0.018771210495867656,000717
2020-08-10,4.42,4.55,4.4,4.51,32682963.0,146461968.0,2419524410.0,0.01350801127069431,000717
2020-08-11,4.5,4.53,4.36,4.38,39913124.0,176959050.0,2419524410.0,0.016496268372014483,000717
2020-08-12,4.35,4.38,4.25,4.33,29615154.0,127739433.0,2419524410.0,0.012240072419852132,000717
2020-08-13,4.3,4.47,4.3,4.39,32223747.0,142117991.0,2419524410.0,0.013318215293393134,000717
2020-08-14,4.34,4.42,4.31,4.41,22449001.0,97939371.0,2419524410.0,0.009278270104330131,000717
2020-08-17,4.41,4.54,4.38,4.53,41800839.0,187089698.0,2419524410.0,0.017276469221486384,000717
2020-08-18,4.51,4.67,4.5,4.63,67304264.0,309755101.0,2419524410.0,0.027817146097732486,000717
2020-08-19,4.55,4.62,4.5,4.52,41352844.0,188083586.0,2419524410.0,0.017091310932465444,000717
2020-08-20,4.51,4.58,4.43,4.45,41514410.0,186147839.0,2419524410.0,0.017158086865509244,000717
2020-08-21,4.44,4.48,4.38,4.44,34137038.0,151103878.0,2419524410.0,0.014108986815305575,000717
2020-08-24,4.44,4.45,4.38,4.4,23198882.0,102230606.0,2419524410.0,0.009588199194898802,000717
2020-08-25,4.41,4.43,4.35,4.36,22226081.0,97408400.0,2419524410.0,0.009186136295273003,000717
2020-08-26,4.35,4.37,4.27,4.28,22414191.0,96675683.0,2419524410.0,0.009263882979382713,000717
2020-08-27,4.29,4.35,4.26,4.35,17180134.0,74173708.0,2419524410.0,0.007100624374357934,000717
2020-08-28,4.35,4.48,4.33,4.46,39816190.0,176389609.0,2419524410.0,0.016456205126692647,000717
2020-08-31,4.44,4.48,4.38,4.38,30677183.0,135959249.0,2419524410.0,0.012679013641362685,000717
2020-09-01,4.39,4.4,4.34,4.39,14377600.0,62817971.0,2419524410.0,0.005942324838954611,000717
2020-09-02,4.41,4.44,4.37,4.41,22157791.0,97783171.0,2419524410.0,0.009157911740183683,000717
2020-09-03,4.4,4.5,4.38,4.42,27716062.0,123284352.0,2419524410.0,0.011455169406619047,000717
2020-09-04,4.33,4.37,4.29,4.32,26977514.0,116752060.0,2419524410.0,0.011149924294419498,000717
2020-09-07,4.31,4.37,4.26,4.27,20259932.0,87448313.0,2419524410.0,0.008373518331232708,000717
2020-09-08,4.27,4.37,4.25,4.37,25519329.0,110009905.0,2419524410.0,0.010547250068867873,000717
2020-09-09,4.33,4.52,4.31,4.48,61962301.0,275789275.0,2419524410.0,0.025609289471892536,000717
2020-09-10,4.54,4.56,4.33,4.35,39156268.0,173684601.0,2419524410.0,0.016183456483499583,000717
2020-09-11,4.3,4.35,4.2,4.26,32266436.0,137438930.0,2419524410.0,0.013335858843432788,000717
2020-09-14,4.26,4.3,4.21,4.24,21464366.0,91011771.0,2419524410.0,0.008871316160848321,000717
2020-09-15,4.22,4.24,4.2,4.23,14797766.0,62406888.0,2419524410.0,0.0061159812808005524,000717
2020-09-16,4.22,4.25,4.16,4.2,15217458.0,63988717.0,2419524410.0,0.006289441816377459,000717
2020-09-17,4.19,4.23,4.16,4.2,15761496.0,66096136.0,2419524410.0,0.006514295096530975,000717
2020-09-18,4.2,4.32,4.18,4.32,23917841.0,101954951.0,2419524410.0,0.009885348087891372,000717
2020-09-21,4.35,4.42,4.28,4.34,33301877.0,144338314.0,2419524410.0,0.01376381112848537,000717
2020-09-22,4.3,4.37,4.26,4.3,19209502.0,83008479.0,2419524410.0,0.007939371027052378,000717
2020-09-23,4.31,4.34,4.24,4.27,16661834.0,71106200.0,2419524410.0,0.006886408721952096,000717
2020-09-24,4.24,4.24,4.17,4.21,14120895.0,59267505.0,2419524410.0,0.005836227541924241,000717
2020-09-25,4.22,4.22,4.16,4.21,11007162.0,46160713.0,2419524410.0,0.004549308101421469,000717
2020-09-28,4.2,4.25,4.18,4.22,8747402.0,36877592.0,2419524410.0,0.0036153394294542373,000717
2020-09-29,4.21,4.28,4.2,4.22,12895154.0,54662017.0,2419524410.0,0.005329623436202489,000717
2020-09-30,4.21,4.23,4.13,4.15,13199576.0,55085820.0,2419524410.0,0.005455442377619989,000717
2020-10-09,4.21,4.26,4.19,4.23,11749438.0,49761393.0,2419524410.0,0.004856094012293928,000717
2020-10-12,4.25,4.34,4.24,4.33,22077762.0,94924020.0,2419524410.0,0.009124835405153032,000717
2020-10-13,4.31,4.32,4.26,4.29,12992565.0,55712858.0,2419524410.0,0.005369883827706454,000717
2020-10-14,4.29,4.29,4.22,4.24,10858571.0,46036687.0,2419524410.0,0.004487894792514204,000717
2020-10-15,4.24,4.32,4.21,4.26,16982398.0,72423129.0,2419524410.0,0.007018899222430246,000717
2020-10-16,4.26,4.38,4.24,4.36,30529148.0,132239170.0,2419524410.0,0.012617830129682386,000717
2020-10-19,4.36,4.43,4.28,4.31,26988221.0,117469377.0,2419524410.0,0.011154349544256096,000717
2020-10-20,4.3,4.31,4.25,4.29,15979591.0,68334402.0,2419524410.0,0.006604434712026733,000717
2020-10-21,4.29,4.3,4.25,4.26,14528129.0,61989556.0,2419524410.0,0.006004539131721345,000717
2020-10-22,4.25,4.32,4.22,4.3,19755855.0,84494915.0,2419524410.0,0.008165181106810988,000717
2020-10-23,4.29,4.3,4.24,4.25,9865867.0,42070270.0,2419524410.0,0.004077605896110798,000717
2020-10-26,4.23,4.26,4.21,4.24,8788764.0,37209795.0,2419524410.0,0.003632434524601469,000717
2020-10-27,4.22,4.24,4.18,4.22,14347411.0,60408879.0,2419524410.0,0.005929847593478092,000717
2020-10-28,4.22,4.31,4.19,4.3,19545401.0,83481932.0,2419524410.0,0.008078199549968582,000717
2020-10-29,4.26,4.32,4.25,4.32,13552088.0,58068924.0,2419524410.0,0.005601137125952782,000717
2020-10-30,4.3,4.32,4.19,4.2,19895373.0,84461800.0,2419524410.0,0.008222844505214147,000717
2020-11-02,4.2,4.23,4.17,4.2,14053903.0,58954535.0,2419524410.0,0.005808539455900757,000717
2020-11-03,4.21,4.3,4.19,4.29,19828567.0,84541905.0,2419524410.0,0.008195233293802562,000717
2020-11-04,4.3,4.34,4.23,4.34,21155936.0,90574871.0,2419524410.0,0.008743840695535698,000717
2020-11-05,4.34,4.46,4.33,4.43,39847927.0,175444885.0,2419524410.0,0.016469322167326265,000717
2020-11-06,4.44,4.49,4.39,4.43,28845321.0,127850307.0,2419524410.0,0.011921897080591966,000717
2020-11-09,4.55,4.62,4.48,4.51,44190597.0,199711004.0,2419524410.0,0.01826416663430149,000717
2020-11-10,4.52,4.59,4.43,4.44,33262139.0,149180720.0,2419524410.0,0.013747387239626981,000717
2020-11-11,4.44,4.88,4.44,4.88,93268438.0,442856302.0,2419524410.0,0.038548252546871394,000717
2020-11-12,4.8,4.88,4.68,4.83,104296362.0,500413574.0,2419524410.0,0.043106141673520046,000717
2020-11-13,4.79,4.83,4.62,4.72,77565452.0,365760588.0,2419524410.0,0.03205813988873954,000717
2020-11-16,4.74,4.96,4.67,4.89,95505030.0,461284279.0,2419524410.0,0.03947264578330913,000717
2020-11-17,4.91,4.99,4.79,4.9,75341981.0,368120099.0,2419524410.0,0.031139169618875636,000717
2020-11-18,4.85,4.93,4.76,4.85,56608492.0,273842045.0,2419524410.0,0.023396536842544193,000717
2020-11-19,4.86,4.93,4.75,4.81,54553654.0,262512369.0,2419524410.0,0.022547263327671905,000717
2020-11-20,4.8,4.91,4.72,4.88,65455840.0,316558325.0,2419524410.0,0.0270531843900678,000717
2020-11-23,4.99,5.11,4.83,4.89,123876824.0,615604083.0,2419524410.0,0.05119883208783167,000717
2020-11-24,4.88,4.97,4.82,4.97,73561664.0,360687319.0,2419524410.0,0.030403356831601464,000717
2020-11-25,4.98,5.02,4.72,4.72,76245406.0,369666963.0,2419524410.0,0.03151255911487167,000717
2020-11-26,4.72,4.77,4.66,4.73,37162179.0,175512508.0,2419524410.0,0.015359290795499764,000717
2020-11-27,4.76,5.2,4.75,4.92,137011548.0,686081602.0,2419524410.0,0.056627470850769385,000717
2020-11-30,4.88,5.03,4.8,4.8,96418504.0,473893787.0,2419524410.0,0.039850188574869556,000717
2020-12-01,4.77,4.9,4.68,4.89,65557190.0,314208725.0,2419524410.0,0.027095072787465698,000717
2020-12-02,4.92,5.1,4.8,4.98,100702027.0,500774465.0,2419524410.0,0.04162058732856512,000717
2020-12-03,4.96,5.0,4.77,4.81,70948305.0,343523429.0,2419524410.0,0.02932324414945663,000717
2020-12-04,4.78,4.87,4.68,4.83,48556825.0,230679275.0,2419524410.0,0.020068747725508585,000717
2020-12-07,4.82,4.84,4.68,4.72,33127886.0,156894005.0,2419524410.0,0.013691899888705814,000717
2020-12-08,4.68,4.71,4.51,4.6,39653538.0,182892973.0,2419524410.0,0.0163889803451084,000717
2020-12-09,4.59,4.67,4.56,4.57,26586703.0,122720429.0,2419524410.0,0.010988400402209622,000717
2020-12-10,4.65,4.81,4.63,4.72,55205523.0,260253467.0,2419524410.0,0.022816683630813215,000717
2020-12-11,4.78,4.8,4.54,4.6,40492418.0,188763194.0,2419524410.0,0.01673569311086223,000717
2020-12-14,4.54,4.56,4.31,4.38,44009211.0,193601216.0,2419524410.0,0.018189199008742385,000717
2020-12-15,4.36,4.41,4.28,4.41,21212657.0,92057135.0,2419524410.0,0.008767283732425746,000717
2020-12-16,4.39,4.44,4.3,4.34,22148550.0,96548692.0,2419524410.0,0.009154092394546249,000717
2020-12-17,4.35,4.48,4.3,4.45,31440539.0,138258669.0,2419524410.0,0.012994512008250414,000717
2020-12-18,4.46,4.67,4.45,4.59,48239143.0,220197479.0,2419524410.0,0.01993744836821051,000717
2020-12-21,4.64,4.67,4.54,4.63,32223328.0,148312194.0,2419524410.0,0.013318042118864178,000717
2020-12-22,4.64,4.66,4.31,4.36,54148280.0,241364538.0,2419524410.0,0.022379720483993795,000717
2020-12-23,4.35,4.42,4.31,4.36,30193048.0,131775777.0,2419524410.0,0.012478918532588807,000717
2020-12-24,4.35,4.36,4.22,4.22,27649117.0,118203254.0,2419524410.0,0.01142750074590072,000717
2020-12-25,4.22,4.45,4.18,4.38,35350940.0,153068750.0,2419524410.0,0.01461069781064949,000717
2020-12-28,4.36,4.41,4.26,4.3,24984452.0,107712758.0,2419524410.0,0.010326183070002588,000717
2020-12-29,4.3,4.33,4.21,4.22,25428693.0,108187201.0,2419524410.0,0.010509789814437127,000717
2020-12-30,4.24,4.3,4.23,4.25,21080393.0,89831210.0,2419524410.0,0.008712618443886664,000717
2020-12-31,4.25,4.29,4.21,4.27,24551666.0,104397605.0,2419524410.0,0.010147310727069706,000717
2021-01-04,4.27,4.36,4.23,4.31,38548312.0,165536019.0,2419524410.0,0.01593218561494075,000717
2021-01-05,4.28,4.29,4.16,4.23,46706819.0,196933292.0,2419524410.0,0.019304132170338384,000717
2021-01-06,4.21,4.25,4.16,4.2,24174219.0,101356661.0,2419524410.0,0.00999131023439437,000717
2021-01-07,4.21,4.29,4.19,4.23,38626585.0,163975328.0,2419524410.0,0.01596453618750637,000717
2021-01-08,4.19,4.26,4.07,4.19,38441788.0,160208676.0,2419524410.0,0.015888158780758076,000717
2021-01-11,4.15,4.16,4.03,4.05,32689043.0,133587558.0,2419524410.0,0.01351052416123382,000717
2021-01-12,4.02,4.11,4.02,4.11,17410557.0,70838494.0,2419524410.0,0.007195859206066038,000717
2021-01-13,4.1,4.1,4.02,4.06,21309518.0,86503265.0,2419524410.0,0.008807316806528933,000717
2021-01-14,4.06,4.15,4.04,4.12,23093359.0,94643739.0,2419524410.0,0.009544586078385545,000717
2021-01-15,4.13,4.15,4.06,4.08,18721102.0,76714268.0,2419524410.0,0.00773751317516156,000717
2021-01-18,4.07,4.12,4.06,4.09,14652969.0,59915241.0,2419524410.0,0.006056136048654289,000717
2021-01-19,4.08,4.13,4.03,4.09,17315718.0,70708732.0,2419524410.0,0.0071566618333889845,000717
2021-01-20,4.1,4.24,4.1,4.17,35895758.0,149711373.0,2419524410.0,0.014835873468207746,000717
2021-01-21,4.14,4.19,4.11,4.14,25094734.0,103976775.0,2419524410.0,0.010371763101989121,000717
2021-01-22,4.14,4.14,4.05,4.06,16706027.0,68143018.0,2419524410.0,0.0069046738817567874,000717
2021-01-25,4.06,4.08,4.03,4.06,14289810.0,57926908.0,2419524410.0,0.0059060408487468,000717
2021-01-26,4.06,4.09,4.02,4.03,14773354.0,59859251.0,2419524410.0,0.006105891694640931,000717
2021-01-27,4.02,4.08,4.02,4.03,11785431.0,47764316.0,2419524410.0,0.004870970076305202,000717
2021-01-28,4.02,4.07,4.01,4.03,15967474.0,64398764.0,2419524410.0,0.006599426703035412,000717
2021-01-29,4.04,4.05,3.96,3.98,17847781.0,71290857.0,2419524410.0,0.007376565793771017,000717
2021-02-01,3.97,4.01,3.9,3.98,16750281.0,66301315.0,2419524410.0,0.0069229642531277455,000717
2021-02-02,3.98,4.08,3.92,4.05,20799194.0,83526494.0,2419524410.0,0.00859639766973874,000717
2021-02-03,4.04,4.12,3.95,4.07,22686980.0,92215220.0,2419524410.0,0.00937662786382056,000717
2021-02-04,4.06,4.13,4.01,4.08,16199340.0,66091433.0,2419524410.0,0.006695257932942285,000717
2021-02-05,4.07,4.13,4.05,4.08,13095369.0,53588617.0,2419524410.0,0.0054123731696511385,000717
2021-02-08,4.07,4.11,4.03,4.07,21129894.0,86168492.0,2419524410.0,0.008733077423261045,000717
2021-02-09,4.08,4.15,4.04,4.1,26406412.0,107821275.0,2419524410.0,0.010913885344930246,000717
2021-02-10,4.07,4.08,4.05,4.06,13201062.0,53621124.0,2419524410.0,0.005456056547906454,000717
2021-02-18,4.11,4.24,4.1,4.23,35599908.0,148950023.0,2419524410.0,0.014713597371807462,000717
2021-02-19,4.2,4.34,4.19,4.32,33559062.0,143644426.0,2419524410.0,0.013870106811610964,000717
2021-02-22,4.41,4.75,4.41,4.59,97902647.0,452417400.0,2419524410.0,0.04046359135512917,000717
2021-02-23,4.57,4.64,4.46,4.5,56931708.0,257765353.0,2419524410.0,0.02353012342619846,000717
2021-02-24,4.5,4.53,4.37,4.43,34116153.0,151637492.0,2419524410.0,0.01410035495364149,000717
2021-02-25,4.48,4.58,4.47,4.5,46334512.0,210109338.0,2419524410.0,0.01915025606209941,000717
2021-02-26,4.4,4.45,4.35,4.35,29683252.0,130198144.0,2419524410.0,0.012268217620503362,000717
2021-03-01,4.36,4.55,4.35,4.51,38298888.0,170317946.0,2419524410.0,0.015829097586992313,000717
2021-03-02,4.5,4.6,4.37,4.42,32452251.0,145001994.0,2419524410.0,0.013412656994024707,000717
2021-03-03,4.57,4.86,4.57,4.78,124592125.0,591910933.0,2419524410.0,0.05149446911345689,000717
2021-03-04,4.72,5.09,4.71,4.85,144228614.0,708182743.0,2419524410.0,0.05961031573142922,000717
2021-03-05,4.72,4.75,4.45,4.57,96825158.0,440937454.0,2419524410.0,0.04001826044813493,000717
2021-03-08,4.62,4.86,4.56,4.58,69462503.0,327245990.0,2419524410.0,0.028709155697255396,000717
2021-03-09,4.53,4.88,4.48,4.7,81570333.0,382381325.0,2419524410.0,0.03371337468754862,000717
2021-03-10,4.7,4.84,4.55,4.72,59031353.0,278338846.0,2419524410.0,0.024397915869755576,000717
2021-03-11,4.69,5.04,4.63,5.02,91351598.0,446356816.0,2419524410.0,0.037756014207767384,000717
2021-03-12,5.06,5.18,4.86,4.9,115691330.0,577811169.0,2419524410.0,0.04781573168753441,000717
2021-03-15,5.04,5.17,4.93,5.01,99951950.0,504699171.0,2419524410.0,0.0413105772303409,000717
2021-03-16,4.94,4.99,4.81,4.9,66291356.0,323625939.0,2419524410.0,0.027398506799937595,000717
2021-03-17,4.86,4.95,4.66,4.89,68317058.0,328479752.0,2419524410.0,0.028235738278829765,000717
2021-03-18,4.84,5.01,4.82,4.86,58957633.0,288715185.0,2419524410.0,0.024367447071964032,000717
2021-03-19,4.78,4.89,4.74,4.82,40102263.0,193231155.0,2419524410.0,0.01657444034631583,000717
2021-03-22,4.92,5.05,4.9,4.93,62512293.0,309526075.0,2419524410.0,0.025836603566235565,000717
2021-03-23,4.93,5.0,4.73,4.75,48706033.0,235932009.0,2419524410.0,0.020130416043209087,000717
2021-03-24,4.71,4.77,4.57,4.62,43518407.0,201886795.0,2419524410.0,0.017986347573157983,000717
2021-03-25,4.62,4.66,4.58,4.61,18729358.0,86422991.0,2419524410.0,0.00774092541599942,000717
2021-03-26,4.6,4.71,4.56,4.69,29333139.0,135631818.0,2419524410.0,0.012123514389342326,000717
2021-03-29,4.74,4.8,4.65,4.74,34487108.0,163093259.0,2419524410.0,0.014253672274378914,000717
2021-03-30,4.7,4.85,4.65,4.84,38533250.0,184342024.0,2419524410.0,0.015925960424594352,000717
2021-03-31,4.82,4.93,4.76,4.87,38028354.0,183975921.0,2419524410.0,0.015717284703897657,000717
2021-04-01,4.85,5.35,4.84,5.1,91590351.0,464822177.0,2419524410.0,0.037854691864836365,000717
2021-04-02,5.08,5.16,4.96,5.0,58184134.0,292563414.0,2419524410.0,0.02404775655890159,000717
2021-04-06,5.04,5.18,5.03,5.04,44944858.0,228796882.0,2419524410.0,0.018575905997989084,000717
2021-04-07,5.06,5.33,4.98,5.29,88037616.0,457593236.0,2419524410.0,0.036386330981467555,000717
2021-04-08,5.29,5.62,5.19,5.3,164147644.0,882778748.0,2419524410.0,0.06784293777800737,000717
2021-04-09,5.42,5.53,5.24,5.43,125728917.0,681485124.0,2419524410.0,0.05196431020921174,000717
2021-04-12,5.35,5.7,5.3,5.55,133215830.0,738554034.0,2419524410.0,0.055058684032867435,000717
2021-04-13,5.5,5.54,5.25,5.41,78942770.0,424888562.0,2419524410.0,0.0326273914302026,000717
2021-04-14,5.34,5.55,5.32,5.46,80640312.0,438418826.0,2419524410.0,0.033328992948659694,000717
2021-04-15,5.37,5.43,5.26,5.34,64034206.0,341155843.0,2419524410.0,0.026465616852363146,000717
2021-04-16,5.34,5.43,5.32,5.33,49863616.0,267625742.0,2419524410.0,0.020608850150017705,000717
2021-04-19,5.32,5.39,5.24,5.26,49329982.0,261663901.0,2419524410.0,0.020388296888478177,000717
2021-04-20,5.25,5.32,5.2,5.22,43539259.0,228373853.0,2419524410.0,0.01799496579577802,000717
2021-04-21,5.2,5.22,5.02,5.17,49264546.0,252127878.0,2419524410.0,0.020361251904046713,000717
2021-04-22,5.17,5.37,5.16,5.28,66704313.0,352996121.0,2419524410.0,0.027569183730615884,000717
2021-04-23,5.29,5.44,5.21,5.39,70774598.0,378556443.0,2419524410.0,0.029251450288116747,000717
2021-04-26,5.5,5.54,5.25,5.26,68078426.0,367564686.0,2419524410.0,0.028137110631588958,000717
2021-04-27,5.24,5.39,5.16,5.29,39810517.0,209557517.0,2419524410.0,0.016453860451029714,000717
2021-04-28,5.25,5.69,5.22,5.48,89208996.0,489772817.0,2419524410.0,0.03687046744860078,000717
2021-04-29,5.3,5.35,4.97,5.14,109050251.0,556669194.0,2419524410.0,0.045070944748187104,000717
2021-04-30,5.13,5.21,4.98,4.99,68333117.0,346830921.0,2419524410.0,0.028242375533628114,000717
2021-05-06,5.11,5.49,5.1,5.49,113590331.0,612203701.0,2419524410.0,0.04694737962986701,000717
2021-05-07,5.59,5.67,5.45,5.5,103935493.0,578233646.0,2419524410.0,0.04295699294060852,000717
2021-05-10,5.73,5.8,5.53,5.75,98617646.0,558925006.0,2419524410.0,0.04075910356283614,000717
2021-05-11,5.64,5.68,5.36,5.55,78731886.0,433362662.0,2419524410.0,0.03254023215248322,000717
2021-05-12,5.58,5.77,5.54,5.64,74305893.0,420342248.0,2419524410.0,0.030710949925898866,000717
2021-05-13,5.57,5.93,5.42,5.44,94820470.0,533403696.0,2419524410.0,0.039189714147169936,000717
2021-05-14,5.45,5.64,5.33,5.37,85600099.0,467043350.0,2419524410.0,0.03537889456548198,000717
2021-05-17,5.32,5.42,5.26,5.31,51890024.0,276024517.0,2419524410.0,0.0214463734217916,000717
2021-05-18,5.38,5.43,5.28,5.32,35737690.0,191095394.0,2419524410.0,0.014770543273832893,000717
2021-05-19,5.26,5.28,5.13,5.16,38970870.0,202289089.0,2419524410.0,0.01610683068082789,000717
2021-05-20,4.98,4.98,4.78,4.9,53993592.0,262456300.0,2419524410.0,0.022315787258372813,000717
2021-05-21,4.92,5.01,4.86,4.94,35058233.0,173262797.0,2419524410.0,0.01448972072986856,000717
2021-05-24,4.86,5.0,4.8,4.89,27087354.0,132699690.0,2419524410.0,0.011195321645876678,000717
2021-05-25,4.9,4.97,4.8,4.94,32634773.0,159413960.0,2419524410.0,0.013488094133342511,000717
2021-05-26,4.91,4.99,4.87,4.94,26920702.0,133018129.0,2419524410.0,0.01112644364683223,000717
2021-05-27,4.93,4.98,4.91,4.98,24638899.0,121975187.0,2419524410.0,0.010183364506746184,000717
2021-05-28,5.08,5.14,4.97,4.99,32268584.0,162419871.0,2419524410.0,0.013336746621208918,000717
2021-05-31,5.06,5.07,4.92,4.97,24739655.0,122948819.0,2419524410.0,0.010225007401351243,000717
2021-06-01,4.93,5.03,4.86,5.02,40838669.0,201990902.0,2419524410.0,0.01687880016056544,000717
2021-06-02,5.01,5.07,4.96,5.05,28751921.0,144010780.0,2419524410.0,0.01188329445289622,000717
2021-06-03,5.08,5.22,5.03,5.1,37187056.0,190565462.0,2419524410.0,0.015369572568189134,000717
2021-06-04,5.07,5.32,5.03,5.25,50535569.0,262739593.0,2419524410.0,0.020886571258026697,000717
2021-06-07,5.25,5.37,5.15,5.31,46239503.0,242410077.0,2419524410.0,0.019110988427680296,000717
2021-06-08,5.26,5.34,5.21,5.3,45784091.0,241669838.0,2419524410.0,0.018922764660183774,000717
2021-06-09,5.07,5.32,5.04,5.1,66347704.0,343669539.0,2419524410.0,0.02742179567429948,000717
2021-06-10,5.13,5.27,5.06,5.17,48364105.0,249157917.0,2419524410.0,0.019989095708275992,000717
2021-06-11,5.19,5.33,5.14,5.26,43595531.0,228353783.0,2419524410.0,0.018018223259008162,000717
2021-06-15,5.22,5.29,5.09,5.15,31023774.0,159966510.0,2419524410.0,0.012822261214550011,000717
2021-06-16,5.12,5.18,5.03,5.06,19872319.0,101150467.0,2419524410.0,0.008213316186382266,000717
2021-06-17,5.05,5.17,5.02,5.07,25429300.0,129888678.0,2419524410.0,0.010510040690186713,000717
2021-06-18,5.05,5.19,4.88,5.11,30222489.0,152487358.0,2419524410.0,0.012491086626400269,000717
2021-06-21,5.18,5.23,5.04,5.06,27387864.0,140129537.0,2419524410.0,0.0113195237406181,000717
2021-06-22,5.06,5.11,4.7,4.77,72281747.0,350237642.0,2419524410.0,0.029874361548598717,000717
2021-06-23,4.76,4.77,4.67,4.72,37905908.0,178651962.0,2419524410.0,0.015666677237614644,000717
2021-06-24,4.72,4.73,4.59,4.6,39516013.0,183759825.0,2419524410.0,0.016332140662304786,000717
2021-06-25,4.63,4.8,4.55,4.73,42759775.0,200334424.0,2419524410.0,0.017672801656090753,000717
2021-06-28,4.73,4.73,4.59,4.6,39240356.0,182011786.0,2419524410.0,0.016218210420947975,000717
2021-06-29,4.59,4.64,4.55,4.56,19967996.0,91635032.0,2419524410.0,0.008252859908117232,000717
2021-06-30,4.6,4.64,4.56,4.59,13553292.0,62263487.0,2419524410.0,0.005601634744408303,000717
2021-07-01,4.59,4.63,4.51,4.53,20940900.0,95783185.0,2419524410.0,0.00865496537809263,000717
2021-07-02,4.53,4.54,4.4,4.41,36665685.0,162985269.0,2419524410.0,0.015154087658078226,000717
2021-07-05,4.44,4.52,4.4,4.41,34577831.0,153567953.0,2419524410.0,0.014291168486289418,000717
2021-07-06,4.42,4.47,4.35,4.42,22625076.0,99808864.0,2419524410.0,0.009351042670406455,000717
2021-07-07,4.43,4.5,4.4,4.48,30152461.0,134289715.0,2419524410.0,0.01246214374832449,000717
2021-07-08,4.47,4.49,4.38,4.38,26881723.0,118930018.0,2419524410.0,0.011110333455986915,000717
2021-07-09,4.36,4.57,4.34,4.56,38496333.0,172544423.0,2419524410.0,0.015910702467349772,000717
2021-07-12,4.59,4.72,4.56,4.57,36477566.0,168857708.0,2419524410.0,0.01507633725422923,000717
2021-07-13,4.56,4.62,4.49,4.61,24250610.0,110549803.0,2419524410.0,0.010022882968144967,000717
2021-07-14,4.6,4.65,4.55,4.58,20967570.0,96175905.0,2419524410.0,0.008665988205508537,000717
2021-07-15,4.51,4.75,4.46,4.71,53341450.0,248806179.0,2419524410.0,0.022046254123139843,000717
2021-07-16,4.67,4.84,4.64,4.72,59948486.0,285076255.0,2419524410.0,0.024776970941987726,000717
2021-07-19,4.74,4.79,4.65,4.65,30721294.0,144376251.0,2419524410.0,0.01269724491020944,000717
2021-07-20,4.6,4.65,4.55,4.62,22972796.0,105784529.0,2419524410.0,0.009494756864221923,000717
2021-07-21,4.65,4.66,4.56,4.6,27226882.0,125059351.0,2419524410.0,0.011252989177323489,000717
2021-07-22,4.6,4.81,4.59,4.78,61295696.0,290741826.0,2419524410.0,0.025333778715627836,000717
2021-07-23,4.85,4.94,4.77,4.8,61659302.0,299695456.0,2419524410.0,0.025484058662586503,000717
2021-07-26,4.83,4.85,4.65,4.73,33843261.0,160748353.0,2419524410.0,0.01398756749885404,000717
2021-07-27,4.78,4.81,4.5,4.52,42924336.0,200272743.0,2419524410.0,0.01774081543570788,000717
2021-07-28,4.53,4.55,4.33,4.45,34568102.0,153705260.0,2419524410.0,0.01428714744812184,000717
2021-07-29,4.54,4.54,4.4,4.5,27899300.0,124668910.0,2419524410.0,0.011530902471862229,000717
2021-07-30,4.47,4.82,4.42,4.79,77653749.0,364829604.0,2419524410.0,0.03209463342426043,000717
2021-08-02,4.65,4.66,4.41,4.53,62755383.0,282520660.0,2419524410.0,0.025937073724335766,000717
2021-08-03,4.47,4.53,4.33,4.35,49523351.0,218627070.0,2419524410.0,0.02046821714024369,000717
2021-08-04,4.42,4.5,4.36,4.45,39104237.0,173517827.0,2419524410.0,0.01616195184408162,000717
2021-08-05,4.43,4.49,4.4,4.42,21852980.0,96945639.0,2419524410.0,0.009031932023368178,000717
2021-08-06,4.42,4.51,4.38,4.48,26340491.0,117703900.0,2419524410.0,0.010886639907881732,000717
2021-08-09,4.5,4.55,4.46,4.55,24007279.0,108497345.0,2419524410.0,0.009922313203692787,000717
2021-08-10,4.55,4.57,4.49,4.54,25307422.0,114454710.0,2419524410.0,0.01045966798078305,000717
2021-08-11,4.6,4.73,4.58,4.7,54517478.0,253704906.0,2419524410.0,0.022532311628961826,000717
2021-08-12,4.67,5.17,4.65,4.95,91897251.0,454918672.0,2419524410.0,0.03798153497447046,000717
2021-08-13,4.97,5.04,4.9,5.01,56999989.0,283981750.0,2419524410.0,0.023558344261548493,000717
2021-08-16,5.02,5.07,4.95,5.02,39419918.0,197457421.0,2419524410.0,0.01629242417934523,000717
2021-08-17,5.0,5.11,4.92,4.95,39924402.0,200597376.0,2419524410.0,0.016500929618643526,000717
2021-08-18,4.95,5.03,4.86,4.98,39920345.0,197879850.0,2419524410.0,0.016499252842834513,000717
2021-08-19,4.9,5.03,4.81,4.99,44509302.0,218805349.0,2419524410.0,0.01839588880196501,000717
2021-08-20,4.98,5.07,4.93,5.07,41354248.0,207412887.0,2419524410.0,0.017091891211793973,000717
2021-08-23,5.08,5.15,4.95,5.01,45080523.0,227238647.0,2419524410.0,0.018631976934673704,000717
2021-08-24,5.02,5.18,4.99,5.14,46547272.0,238375253.0,2419524410.0,0.01923819069880762,000717
2021-08-25,5.15,5.18,5.04,5.17,36626245.0,187219317.0,2419524410.0,0.015137786933920622,000717
2021-08-26,5.24,5.4,5.21,5.29,98329163.0,523479588.0,2419524410.0,0.04063987227969318,000717
2021-08-27,5.2,5.38,5.19,5.37,54802034.0,291232033.0,2419524410.0,0.022649919865863226,000717
2021-08-30,5.45,5.56,5.28,5.41,58924980.0,317778476.0,2419524410.0,0.024353951444532028,000717
2021-08-31,5.4,5.6,5.36,5.5,69571925.0,383247983.0,2419524410.0,0.028754380287487988,000717
2021-09-01,5.54,5.74,5.38,5.45,74911404.0,414444716.0,2419524410.0,0.03096121026528515,000717
2021-09-02,5.41,5.6,5.37,5.54,55442402.0,305454665.0,2419524410.0,0.022914586755502085,000717
2021-09-03,5.55,5.67,5.47,5.62,64188775.0,358050948.0,2419524410.0,0.026529500894764687,000717
2021-09-06,5.65,5.73,5.49,5.65,47879530.0,267257800.0,2419524410.0,0.019788818745581492,000717
2021-09-07,5.6,5.91,5.6,5.88,65850945.0,383745270.0,2419524410.0,0.0272164830112212,000717
2021-09-08,5.85,6.01,5.8,5.94,54259504.0,321618979.0,2419524410.0,0.022425689848692205,000717
2021-09-09,5.99,6.53,5.95,6.53,83987089.0,528099419.0,2419524410.0,0.034712230491611366,000717
2021-09-10,6.71,6.95,6.45,6.52,148213219.0,990228394.0,2419524410.0,0.06125717037093253,000717
2021-09-13,6.52,6.81,6.43,6.7,112658717.0,748438010.0,2419524410.0,0.04656233949712456,000717
2021-09-14,6.7,6.74,6.35,6.41,88646929.0,578069225.0,2419524410.0,0.03663816270404976,000717
2021-09-15,6.41,6.53,6.33,6.44,53992486.0,347379931.0,2419524410.0,0.02231533014374507,000717
2021-09-16,6.61,6.69,6.31,6.35,71664450.0,465760152.0,2419524410.0,0.029619230003965945,000717
2021-09-17,6.32,6.4,5.9,6.08,62032019.0,379527051.0,2419524410.0,0.02563810422561515,000717
2021-09-22,6.01,6.18,5.91,6.17,39659118.0,239362377.0,2419524410.0,0.016391286583465385,000717
2021-09-23,6.22,6.44,6.11,6.24,52759380.0,331491414.0,2419524410.0,0.021805682051374717,000717
2021-09-24,6.3,6.33,5.93,5.96,38237187.0,232723367.0,2419524410.0,0.015803596294364314,000717
2021-09-27,5.94,5.97,5.43,5.48,55305279.0,308799251.0,2419524410.0,0.022857913221053225,000717
2021-09-28,5.51,5.61,5.36,5.55,44192401.0,242665852.0,2419524410.0,0.018264912235376043,000717
2021-09-29,5.5,5.58,5.24,5.24,43851740.0,235288290.0,2419524410.0,0.018124115557073467,000717
2021-09-30,5.33,5.38,5.2,5.27,34802104.0,183465352.0,2419524410.0,0.01438386149615246,000717
2021-10-08,5.37,5.44,5.19,5.28,33075883.0,174964927.0,2419524410.0,0.013670406821810076,000717
2021-10-11,5.24,5.31,5.08,5.28,34960451.0,182615178.0,2419524410.0,0.014449307002445162,000717
2021-10-12,5.23,5.29,4.95,5.01,44398247.0,225464425.0,2419524410.0,0.018349989285704294,000717
2021-10-13,4.97,5.01,4.82,4.95,26737084.0,131765302.0,2419524410.0,0.01105055352593033,000717
2021-10-14,4.94,5.08,4.9,4.99,24642428.0,123443590.0,2419524410.0,0.010184823057850447,000717
2021-10-15,5.01,5.04,4.89,4.95,26783386.0,132690104.0,2419524410.0,0.011069690344640913,000717
2021-10-18,4.94,5.05,4.91,5.0,33620982.0,167783954.0,2419524410.0,0.01389569861789491,000717
2021-10-19,4.98,5.08,4.97,5.07,27610810.0,139061259.0,2419524410.0,0.011411668295588718,000717
2021-10-20,5.0,5.08,4.86,5.02,25446271.0,126824406.0,2419524410.0,0.01051705487856599,000717
2021-10-21,5.09,5.15,4.96,4.99,33099855.0,167632808.0,2419524410.0,0.013680314554049075,000717
2021-10-22,4.94,5.0,4.72,4.76,34383054.0,166709522.0,2419524410.0,0.014210666301977917,000717
2021-10-25,4.72,4.82,4.67,4.77,23645858.0,112364664.0,2419524410.0,0.009772936326771757,000717
2021-10-26,4.77,4.81,4.69,4.72,20713333.0,98329679.0,2419524410.0,0.008560910943651112,000717
2021-10-27,4.7,4.73,4.56,4.59,23975942.0,110715593.0,2419524410.0,0.00990936148480519,000717
2021-10-28,4.58,4.62,4.4,4.49,36612366.0,164553860.0,2419524410.0,0.01513205068263808,000717
2021-10-29,4.51,4.52,4.37,4.43,46409987.0,205829662.0,2419524410.0,0.019181450209051622,000717
2021-11-01,4.43,4.52,4.39,4.45,33227229.0,148475536.0,2419524410.0,0.013732958784243058,000717
2021-11-02,4.45,4.46,4.23,4.27,38111010.0,164888840.0,2419524410.0,0.015751446789495294,000717
2021-11-03,4.27,4.34,4.2,4.28,38150366.0,162422851.0,2419524410.0,0.015767712796086235,000717
2021-11-04,4.28,4.29,4.17,4.2,38190448.0,160466208.0,2419524410.0,0.0157842788616462,000717
2021-11-05,4.17,4.18,4.04,4.06,32494971.0,133227719.0,2419524410.0,0.013430313356499676,000717
2021-11-08,4.08,4.13,4.04,4.04,32166187.0,131071006.0,2419524410.0,0.013294425494140808,000717
2021-11-09,4.05,4.07,3.97,4.0,38069205.0,152766819.0,2419524410.0,0.015734168600514346,000717
2021-11-10,3.92,4.03,3.88,4.02,52337489.0,206093582.0,2419524410.0,0.021631312659499063,000717
2021-11-11,4.02,4.13,3.99,4.09,52472720.0,212818838.0,2419524410.0,0.021687204222089248,000717
2021-11-12,4.07,4.09,3.95,3.97,46662668.0,186294733.0,2419524410.0,0.019285884369317025,000717
2021-11-15,3.97,4.0,3.93,3.99,31090613.0,123504285.0,2419524410.0,0.012849886065005643,000717
2021-11-16,4.0,4.0,3.92,3.92,31066120.0,122871540.0,2419524410.0,0.012839763001192453,000717
2021-11-17,3.93,3.97,3.91,3.96,22030516.0,86909439.0,2419524410.0,0.00910530842712184,000717
2021-11-18,3.97,4.05,3.96,3.98,47037369.0,188354604.0,2419524410.0,0.019440749928205932,000717
2021-11-19,3.99,4.11,3.92,4.1,55873216.0,225322829.0,2419524410.0,0.023092644062227087,000717
2021-11-22,4.14,4.15,4.06,4.11,47351556.0,194898855.0,2419524410.0,0.01957060478674815,000717
2021-11-23,4.12,4.26,4.11,4.2,58873589.0,246979791.0,2419524410.0,0.0243327113199077,000717
2021-11-24,4.22,4.27,4.15,4.2,42545431.0,178851696.0,2419524410.0,0.0175842123452683,000717
2021-11-25,4.23,4.24,4.13,4.17,30916679.0,128625558.0,2419524410.0,0.012777998383574895,000717
2021-11-26,4.14,4.21,4.11,4.17,31747800.0,132424238.0,2419524410.0,0.013121504320760294,000717
2021-11-29,4.09,4.12,4.05,4.09,28535948.0,116457683.0,2419524410.0,0.0117940318692631,000717
2021-11-30,4.12,4.17,4.07,4.1,27449837.0,113120218.0,2419524410.0,0.011345137452033393,000717
2021-12-01,4.08,4.16,4.06,4.15,21013273.0,86661782.0,2419524410.0,0.008684877454904453,000717
2021-12-02,4.16,4.25,4.13,4.2,37562074.0,157336589.0,2419524410.0,0.01552456914456176,000717
2021-12-03,4.19,4.23,4.13,4.2,32952920.0,137881260.0,2419524410.0,0.013619585677170332,000717
2021-12-06,4.23,4.29,4.18,4.19,37830161.0,160478783.0,2419524410.0,0.015635370671875138,000717
2021-12-07,4.23,4.33,4.16,4.28,60740242.0,258881820.0,2419524410.0,0.0251042071528429,000717
2021-12-08,4.28,4.3,4.24,4.28,30399300.0,129808259.0,2419524410.0,0.012564163384489268,000717
2021-12-09,4.26,4.29,4.24,4.25,28066600.0,119516103.0,2419524410.0,0.01160004829213523,000717
2021-12-10,4.23,4.26,4.2,4.21,25697218.0,108597318.0,2419524410.0,0.010620772369062398,000717
2021-12-13,4.23,4.27,4.21,4.23,23336424.0,99002731.0,2419524410.0,0.009645045903876623,000717
2021-12-14,4.23,4.24,4.15,4.16,29729982.0,124249614.0,2419524410.0,0.012287531333482185,000717
2021-12-15,4.17,4.25,4.16,4.19,28501315.0,120034011.0,2419524410.0,0.011779717899188295,000717
2021-12-16,4.22,4.37,4.2,4.34,54971259.0,236906288.0,2419524410.0,0.02271986129703895,000717
2021-12-17,4.4,4.48,4.31,4.32,54933272.0,241297592.0,2419524410.0,0.022704161104123766,000717
2021-12-20,4.31,4.42,4.28,4.28,36727290.0,158965336.0,2419524410.0,0.015179549273487181,000717
2021-12-21,4.27,4.38,4.27,4.37,41235471.0,179015393.0,2419524410.0,0.017042800159226334,000717
2021-12-22,4.39,4.41,4.31,4.37,40699461.0,177238917.0,2419524410.0,0.016821264886515447,000717
2021-12-23,4.81,4.81,4.75,4.81,90001603.0,432446220.0,2419524410.0,0.037198055381470606,000717
2021-12-24,4.8,4.88,4.55,4.56,158360991.0,740282232.0,2419524410.0,0.06545128883407297,000717
2021-12-27,4.49,5.02,4.43,5.02,154345666.0,737754690.0,2419524410.0,0.06379173748447531,000717
2021-12-28,5.04,5.28,4.79,4.8,179721362.0,890398305.0,2419524410.0,0.07427962340747783,000717
2021-12-29,4.76,5.08,4.68,4.93,131807365.0,646663203.0,2419524410.0,0.05447655930034614,000717
2021-12-30,4.89,4.94,4.8,4.86,85709296.0,415626517.0,2419524410.0,0.03542402616223243,000717
2021-12-31,4.84,4.85,4.71,4.75,70809959.0,336888655.0,2419524410.0,0.029266065143769306,000717
2022-01-04,4.75,4.84,4.71,4.83,56711591.0,270512509.0,2419524410.0,0.023439148109276567,000717
2022-01-05,4.78,4.79,4.61,4.67,60145130.0,281765903.0,2419524410.0,0.02485824476554878,000717
2022-01-06,4.63,4.83,4.6,4.77,58877231.0,279954608.0,2419524410.0,0.024334216574405217,000717
2022-01-07,4.76,4.94,4.75,4.85,78598748.0,382462398.0,2419524410.0,0.03248520563592909,000717
2022-01-10,4.86,4.99,4.85,4.88,55493947.0,271917160.0,2419524410.0,0.02293589052899863,000717
2022-01-11,4.86,5.0,4.81,4.89,56157064.0,276290014.0,2419524410.0,0.023209959679638032,000717
2022-01-12,4.86,4.88,4.71,4.79,44737993.0,213715677.0,2419524410.0,0.018490407790512847,000717
2022-01-13,4.78,4.86,4.72,4.74,37409558.0,178736445.0,2419524410.0,0.01546153361602167,000717
2022-01-14,4.71,4.73,4.5,4.62,46053237.0,212246242.0,2419524410.0,0.019034003876819743,000717
2022-01-17,4.59,4.64,4.56,4.62,24568483.0,113000129.0,2419524410.0,0.010154261266576765,000717
2022-01-18,4.6,4.7,4.57,4.64,33037869.0,152805869.0,2419524410.0,0.013654695469677035,000717
2022-01-19,4.72,4.86,4.68,4.81,67792916.0,323821718.0,2419524410.0,0.0280191081023233,000717
2022-01-20,4.81,5.03,4.78,4.83,70573516.0,344275842.0,2419524410.0,0.029168342219783597,000717
2022-01-21,4.79,4.81,4.66,4.67,39882884.0,188296549.0,2419524410.0,0.016483770048015347,000717
2022-01-24,4.65,4.76,4.57,4.7,30316043.0,142134174.0,2419524410.0,0.012529752902968233,000717
2022-01-25,4.7,5.03,4.42,4.45,46997735.0,214648403.0,2419524410.0,0.019424369023001507,000717
2022-01-26,4.45,4.78,4.42,4.63,53809143.0,248135895.0,2419524410.0,0.022239553681543556,000717
2022-01-27,4.58,4.63,4.51,4.54,25557615.0,116874237.0,2419524410.0,0.010563073839788209,000717
2022-01-28,4.64,4.64,4.32,4.41,39326261.0,173400840.0,2419524410.0,0.016253715332427664,000717
2022-02-07,4.47,4.71,4.46,4.68,52120856.0,240876928.0,2419524410.0,0.02154177729498501,000717
2022-02-08,4.69,4.79,4.63,4.78,50989153.0,240892165.0,2419524410.0,0.021074039505143905,000717
2022-02-09,4.78,4.87,4.71,4.78,42771353.0,205425289.0,2419524410.0,0.01767758689402931,000717
2022-02-10,4.82,4.86,4.76,4.84,37078034.0,178719714.0,2419524410.0,0.015324513299702565,000717
2022-02-11,4.84,4.93,4.78,4.8,45924831.0,222455027.0,2419524410.0,0.018980933116521027,000717
2022-02-14,4.75,4.8,4.67,4.69,35890401.0,169475061.0,2419524410.0,0.014833659396724168,000717
2022-02-15,4.69,4.72,4.56,4.65,31030956.0,143634227.0,2419524410.0,0.012825229566499806,000717
2022-02-16,4.66,4.78,4.66,4.72,31281983.0,147902017.0,2419524410.0,0.012928980121345418,000717
2022-02-17,4.7,4.77,4.67,4.77,30987651.0,146772215.0,2419524410.0,0.01280733142097128,000717
2022-02-18,4.72,4.92,4.72,4.9,53530880.0,259953443.0,2419524410.0,0.02212454636901142,000717
2022-02-21,4.92,4.96,4.87,4.93,44566766.0,218820729.0,2419524410.0,0.01841963892399829,000717
2022-02-22,4.89,4.93,4.8,4.85,34267423.0,166186043.0,2419524410.0,0.014162875504942725,000717
2022-02-23,4.86,4.88,4.78,4.82,28558279.0,137369197.0,2419524410.0,0.01180326136903905,000717
2022-02-24,4.82,4.82,4.63,4.67,45069323.0,212257039.0,2419524410.0,0.018627347925785135,000717
2022-02-25,4.68,4.85,4.65,4.72,44004296.0,209207413.0,2419524410.0,0.018187167617788158,000717
2022-02-28,4.73,4.76,4.63,4.72,20510911.0,96388540.0,2419524410.0,0.008477249047468795,000717
2022-03-01,4.74,4.86,4.73,4.79,26298255.0,125789359.0,2419524410.0,0.010869183584719446,000717
2022-03-02,4.76,4.85,4.74,4.81,27976265.0,134470718.0,2419524410.0,0.011562712442318365,000717
2022-03-03,4.85,4.94,4.82,4.91,46252108.0,225901511.0,2419524410.0,0.019116198129201765,000717
2022-03-04,4.88,4.93,4.75,4.84,43164374.0,208337421.0,2419524410.0,0.017840024188885948,000717
2022-03-07,4.9,4.95,4.77,4.81,43206598.0,209426107.0,2419524410.0,0.017857475552395852,000717
2022-03-08,4.76,4.81,4.55,4.58,44728797.0,208473570.0,2419524410.0,0.01848660704357184,000717
2022-03-09,4.59,4.61,4.29,4.49,42896033.0,191761165.0,2419524410.0,0.017729117682263845,000717
2022-03-10,4.58,4.67,4.49,4.63,31219223.0,143754402.0,2419524410.0,0.012903041139394828,000717
2022-03-11,4.6,4.63,4.44,4.59,26688584.0,120969236.0,2419524410.0,0.011030508264225365,000717
2022-03-14,4.53,4.62,4.44,4.44,21783905.0,98524261.0,2419524410.0,0.009003383024352295,000717
2022-03-15,4.44,4.44,4.03,4.05,44633216.0,187654955.0,2419524410.0,0.018447102999055918,000717
2022-03-16,4.14,4.19,3.93,4.16,34071021.0,138483782.0,2419524410.0,0.014081701701038014,000717
2022-03-17,4.2,4.3,4.18,4.21,28732179.0,121430840.0,2419524410.0,0.011875134998121387,000717
2022-03-18,4.18,4.29,4.18,4.28,22061550.0,93641816.0,2419524410.0,0.009118134914786828,000717
2022-03-21,4.35,4.35,4.19,4.24,25133127.0,106643727.0,2419524410.0,0.010387631096476517,000717
2022-03-22,4.21,4.34,4.2,4.31,21816648.0,93404270.0,2419524410.0,0.009016915849177153,000717
2022-03-23,4.35,4.46,4.29,4.36,30466953.0,133459502.0,2419524410.0,0.012592124664698051,000717
2022-03-24,4.33,4.42,4.31,4.33,19998965.0,87279493.0,2419524410.0,0.008265659530998492,000717
2022-03-25,4.33,4.37,4.27,4.3,19325559.0,83457995.0,2419524410.0,0.007987337891747081,000717
2022-03-28,4.28,4.39,4.2,4.35,19276954.0,82954883.0,2419524410.0,0.007967249233083786,000717
2022-03-29,4.34,4.34,4.26,4.29,12356278.0,53068305.0,2419524410.0,0.005106903633181365,000717
2022-03-30,4.33,4.35,4.26,4.34,22716489.0,98034480.0,2419524410.0,0.009388824062328844,000717
2022-03-31,4.35,4.44,4.34,4.4,26532095.0,116658791.0,2423264515.0,0.010948905839938815,000717
2022-04-01,4.39,4.45,4.35,4.44,23493783.0,103320241.0,2423264515.0,0.00969509636879241,000717
2022-04-06,4.44,4.71,4.42,4.7,52305371.0,240831405.0,2423264515.0,0.021584672525937598,000717
2022-04-07,4.69,4.82,4.65,4.66,55834711.0,263690128.0,2423264515.0,0.02304111278582396,000717
2022-04-08,4.68,4.77,4.6,4.76,48659396.0,228342356.0,2423264515.0,0.020080100912962032,000717
2022-04-11,4.73,4.76,4.63,4.68,33259153.0,156197076.0,2423264515.0,0.013724937081414737,000717
2022-04-12,4.66,4.72,4.61,4.67,29054538.0,135714780.0,2423264515.0,0.01198983347470014,000717
2022-04-13,4.65,4.78,4.6,4.7,32608497.0,153206202.0,2423264515.0,0.013456433170276502,000717
2022-04-14,4.69,4.82,4.67,4.79,36085080.0,171973913.0,2423264515.0,0.014891102385494223,000717
2022-04-15,4.6,4.71,4.31,4.6,65462546.0,301294695.0,2423264515.0,0.027014197416248633,000717
2022-04-18,4.55,4.55,4.36,4.42,39395224.0,174077709.0,2423264515.0,0.016257087807023823,000717
2022-04-19,4.44,4.51,4.37,4.47,32235661.0,142937959.0,2423264515.0,0.013302576256311004,000717
2022-04-20,4.48,4.5,4.25,4.28,35123101.0,153279549.0,2423264515.0,0.01449412591262246,000717
2022-04-21,4.27,4.29,4.03,4.04,37536257.0,155406300.0,2423264515.0,0.01548995446747587,000717
2022-04-22,4.04,4.07,3.95,4.02,30412023.0,121811871.0,2423264515.0,0.012550022010288051,000717
2022-04-25,3.98,4.0,3.73,3.73,42757101.0,165428833.0,2423264515.0,0.0176444217027624,000717
2022-04-26,3.76,3.84,3.63,3.65,28468857.0,105985322.0,2423264515.0,0.011748142567094043,000717
2022-04-27,3.62,3.75,3.54,3.74,26769743.0,97683980.0,2423264515.0,0.011046975199898884,000717
2022-04-28,3.72,3.72,3.55,3.62,29628794.0,107729475.0,2423264515.0,0.012226809667949106,000717
2022-04-29,3.61,3.72,3.6,3.7,30755648.0,112319008.0,2423264515.0,0.012691824524158478,000717
2022-05-05,3.68,3.7,3.61,3.64,38752357.0,141211242.0,2423264515.0,0.01599179815497773,000717
2022-05-06,3.56,3.56,3.46,3.47,30935244.0,108561579.0,2423264515.0,0.012765937770520278,000717
2022-05-09,3.44,3.49,3.39,3.44,21641351.0,74645879.0,2423264515.0,0.00893065980459009,000717
2022-05-10,3.4,3.48,3.34,3.48,30052732.0,102493834.0,2423264515.0,0.012401754663584466,000717
2022-05-11,3.46,3.53,3.45,3.46,48889079.0,171116320.0,2423264515.0,0.02017488338453221,000717
2022-05-12,3.44,3.47,3.39,3.44,28425228.0,97485563.0,2423264515.0,0.011730138341913532,000717
2022-05-13,3.44,3.5,3.42,3.49,22883238.0,79243310.0,2423264515.0,0.009443144922212505,000717
2022-05-16,3.51,3.52,3.45,3.49,21859855.0,76070080.0,2423264515.0,0.009020829077753404,000717
2022-05-17,3.48,3.49,3.42,3.46,17234231.0,59423586.0,2423264515.0,0.007111989175478023,000717
2022-05-18,3.46,3.51,3.44,3.48,18824967.0,65443539.0,2423264515.0,0.007768432576581513,000717
2022-05-19,3.44,3.5,3.43,3.49,16902836.0,58498998.0,2423264515.0,0.006975233572468666,000717
2022-05-20,3.5,3.56,3.5,3.55,31435700.0,111014195.0,2423264515.0,0.012972459178687721,000717
2022-05-23,3.58,3.64,3.56,3.62,35497040.0,128229379.0,2423264515.0,0.014648437997698324,000717
2022-05-24,3.62,3.63,3.48,3.49,32229600.0,114752217.0,2423264515.0,0.013300075084869552,000717
2022-05-25,3.48,3.55,3.47,3.54,18756180.0,66065908.0,2423264515.0,0.0077400464884866274,000717
2022-05-26,3.56,3.61,3.53,3.59,20806133.0,74317808.0,2423264515.0,0.008585993345427253,000717
2022-05-27,3.59,3.62,3.55,3.59,18465414.0,66249023.0,2423264515.0,0.007620057111264224,000717
2022-05-30,3.6,3.62,3.57,3.6,17147767.0,61750176.0,2423264515.0,0.00707630838228983,000717
2022-05-31,3.61,3.64,3.57,3.63,20460518.0,73861393.0,2423264515.0,0.008443369625292433,000717
2022-06-01,3.62,3.7,3.61,3.69,26697747.0,97684703.0,2423264515.0,0.011017264865119357,000717
2022-06-02,3.68,3.83,3.68,3.8,48913261.0,185022962.0,2423264515.0,0.020184862484977212,000717
2022-06-06,3.8,3.84,3.75,3.82,29824309.0,113030551.0,2423264515.0,0.012307492151759586,000717
2022-06-07,3.81,3.82,3.76,3.79,27153464.0,102868229.0,2423264515.0,0.011205323988330676,000717
2022-06-08,3.79,3.83,3.71,3.79,27400868.0,103293670.0,2423264515.0,0.011307419322318596,000717
2022-06-09,3.79,3.82,3.72,3.73,21532501.0,80999342.0,2423264515.0,0.00888574105992717,000717
2022-06-10,3.72,3.77,3.72,3.76,22434033.0,84029299.0,2423264515.0,0.009257773083018136,000717
2022-06-13,3.72,3.76,3.68,3.71,24692599.0,91642261.0,2423264515.0,0.010189807529121516,000717
2022-06-14,3.7,3.76,3.6,3.75,24756024.0,91128760.0,2423264515.0,0.01021598089963365,000717
2022-06-15,3.76,3.82,3.73,3.76,29584563.0,111745095.0,2423264515.0,0.012208557017556954,000717
2022-06-16,3.76,3.8,3.72,3.73,21748782.0,81650914.0,2423264515.0,0.008974992975539858,000717
2022-06-17,3.73,3.75,3.67,3.74,20078501.0,74546550.0,2423404340.0,0.008285245952807033,000717
2022-06-20,3.72,3.76,3.71,3.75,15047075.0,56228899.0,2423404340.0,0.0062090649717991345,000717
2022-06-21,3.75,3.82,3.74,3.78,32391763.0,122393940.0,2423404340.0,0.013366223071136368,000717
2022-06-22,3.77,3.85,3.7,3.77,44883938.0,169736232.0,2423404340.0,0.018521027324726175,000717
2022-06-23,3.82,3.83,3.72,3.78,40870590.0,153504262.0,2423404340.0,0.01686494875221689,000717
2022-06-24,3.59,3.6,3.55,3.56,31343229.0,111673119.0,2423404340.0,0.01293355321794959,000717
2022-06-27,3.55,3.58,3.53,3.53,25045745.0,88790317.0,2423404340.0,0.010334942702958105,000717
2022-06-28,3.54,3.61,3.51,3.61,24910345.0,88781057.0,2423404340.0,0.01027907088752676,000717
2022-06-29,3.61,3.62,3.53,3.55,18982724.0,67801676.0,2423404340.0,0.00783308162268951,000717
2022-06-30,3.54,3.56,3.5,3.5,29975753.0,105629050.0,2423404340.0,0.0123692742912229,000717
2022-07-01,3.51,3.54,3.47,3.5,15731274.0,55086325.0,2423404340.0,0.006491394663426245,000717
2022-07-04,3.47,3.52,3.47,3.51,16966547.0,59187009.0,2423404340.0,0.00700112099328831,000717
2022-07-05,3.5,3.58,3.5,3.54,24679324.0,87433358.0,2423404340.0,0.010183741768820963,000717
2022-07-06,3.53,3.53,3.46,3.47,19163679.0,66779301.0,2423404340.0,0.007907751374250654,000717
2022-07-07,3.46,3.5,3.45,3.47,11821657.0,41123836.0,2423404340.0,0.004878119926120129,000717
2022-07-08,3.49,3.49,3.45,3.46,10194400.0,35352718.0,2423404340.0,0.004206644277941666,000717
2022-07-11,3.45,3.46,3.39,3.39,15323400.0,52210065.0,2423404340.0,0.006323088453328428,000717
2022-07-12,3.4,3.46,3.39,3.42,13620692.0,46717592.0,2423404340.0,0.005620478504218574,000717
2022-07-13,3.41,3.44,3.41,3.43,8166833.0,27975141.0,2423404340.0,0.0033699836487046976,000717
2022-07-14,3.43,3.43,3.38,3.39,12697883.0,43162929.0,2423404340.0,0.005239688148779993,000717
2022-07-15,3.37,3.38,3.22,3.23,21827659.0,71902591.0,2423404340.0,0.009007023153222545,000717
2022-07-18,3.22,3.34,3.21,3.34,13299681.0,43967053.0,2423404340.0,0.0054880156730263184,000717
2022-07-19,3.34,3.37,3.32,3.36,10010227.0,33485860.0,2423404340.0,0.004130646642318054,000717
2022-07-20,3.37,3.43,3.35,3.42,12472244.0,42507658.0,2423404340.0,0.005146579872841195,000717
2022-07-21,3.41,3.43,3.39,3.41,8673408.0,29603135.0,2423404340.0,0.0035790181014530987,000717
2022-07-22,3.41,3.42,3.34,3.38,9981443.0,33740901.0,2423404340.0,0.004118769136148366,000717
2022-07-25,3.38,3.42,3.35,3.37,7799786.0,26369540.0,2423404340.0,0.003218524400265785,000717
2022-07-26,3.37,3.42,3.33,3.42,8446172.0,28591465.0,2423404340.0,0.0034852508351949224,000717
2022-07-27,3.41,3.42,3.38,3.4,5758610.0,19564017.0,2423404340.0,0.0023762481171425154,000717
2022-07-28,3.42,3.43,3.4,3.42,8855886.0,30254011.0,2423404340.0,0.0036543163077771825,000717
2022-07-29,3.43,3.44,3.4,3.41,7877372.0,26941330.0,2423404340.0,0.0032505396932647236,000717
2022-08-01,3.41,3.44,3.38,3.41,9992735.0,34150377.0,2423404340.0,0.004123428697003984,000717
2022-08-02,3.41,3.41,3.27,3.35,17115106.0,56965317.0,2423404340.0,0.00706242277341139,000717
2022-08-03,3.32,3.38,3.28,3.28,13267993.0,44129744.0,2423404340.0,0.005474939852587703,000717
2022-08-04,3.31,3.35,3.29,3.34,9894201.0,32815894.0,2423404340.0,0.0040827693656767155,000717
2022-08-05,3.35,3.39,3.31,3.39,8902269.0,29828868.0,2423404340.0,0.0036734559120249824,000717
2022-08-08,3.4,3.42,3.36,3.38,11810785.0,39999497.0,2423404340.0,0.004873633675179438,000717
2022-08-09,3.38,3.38,3.34,3.34,7748278.0,25967826.0,2423404340.0,0.0031972700024132166,000717
2022-08-10,3.35,3.35,3.31,3.32,10531001.0,35065360.0,2423404340.0,0.004345540208118964,000717
2022-08-11,3.34,3.37,3.33,3.37,10795050.0,36252763.0,2423404340.0,0.004454498088420523,000717
2022-08-12,3.37,3.41,3.35,3.4,14219408.0,48255234.0,2423404340.0,0.005867534263803456,000717
2022-08-15,3.41,3.44,3.37,3.38,12291518.0,41741786.0,2423404340.0,0.0050720046164479515,000717
2022-08-16,3.39,3.42,3.37,3.41,10347034.0,35107800.0,2423404340.0,0.004269627576882197,000717
2022-08-17,3.42,3.42,3.38,3.41,8467035.0,28760283.0,2423404340.0,0.003493859798897612,000717
2022-08-18,3.4,3.41,3.34,3.35,11728501.0,39432218.0,2423404340.0,0.00483967978698924,000717
2022-08-19,3.35,3.37,3.33,3.34,10677585.0,35793749.0,2423404340.0,0.004406027018999232,000717
2022-08-22,3.34,3.38,3.31,3.37,12109145.0,40636007.0,2423404340.0,0.004996749737602599,000717
2022-08-23,3.36,3.37,3.33,3.34,8335104.0,27826699.0,2423404340.0,0.0034394194408350364,000717
2022-08-24,3.34,3.36,3.27,3.27,13785340.0,45505907.0,2423404340.0,0.005688419292011336,000717
2022-08-25,3.29,3.32,3.27,3.32,10802197.0,35576654.0,2423404340.0,0.004457447245472871,000717
2022-08-26,3.31,3.31,3.27,3.29,9907722.0,32606016.0,2423404340.0,0.004088348707009413,000717
2022-08-29,3.27,3.34,3.23,3.33,13174842.0,43343727.0,2423404340.0,0.0054365017766700875,000717
2022-08-30,3.34,3.36,3.3,3.34,9586406.0,31885788.0,2423404340.0,0.003955760019807508,000717
2022-08-31,3.33,3.34,3.28,3.29,9125260.0,30120000.0,2423404340.0,0.0037654715102144283,000717
2022-09-01,3.29,3.34,3.26,3.27,10508078.0,34626357.0,2423404340.0,0.004336081200547821,000717
2022-09-02,3.28,3.31,3.27,3.31,8490462.0,27991332.0,2423404340.0,0.0035035267783666674,000717
2022-09-05,3.31,3.37,3.28,3.36,15104209.0,50460131.0,2423404340.0,0.00623264089722642,000717
2022-09-06,3.37,3.4,3.34,3.37,16544072.0,55818280.0,2423404340.0,0.00682678978779084,000717
2022-09-07,3.36,3.37,3.33,3.35,9805568.0,32824303.0,2423404340.0,0.004046195609272532,000717
2022-09-08,3.36,3.39,3.33,3.36,9643453.0,32417847.0,2423404340.0,0.0039793000453238435,000717
2022-09-09,3.38,3.4,3.36,3.39,14312139.0,48451608.0,2423404340.0,0.005905799029806144,000717
2022-09-13,3.4,3.41,3.35,3.37,13185216.0,44516619.0,2423404340.0,0.005440782531568793,000717
2022-09-14,3.34,3.34,3.31,3.32,10319200.0,34264050.0,2423404340.0,0.004258142081234368,000717
2022-09-15,3.33,3.36,3.26,3.28,13375872.0,44323505.0,2423404340.0,0.005519455329522105,000717
2022-09-16,3.29,3.3,3.2,3.2,18395600.0,59514515.0,2423404340.0,0.007590809216756623,000717
2022-09-19,3.19,3.22,3.1,3.12,19177901.0,60407800.0,2423404340.0,0.007913619978084218,000717
2022-09-20,3.13,3.16,3.1,3.11,9602059.0,29991951.0,2423404340.0,0.003962219115279789,000717
2022-09-21,3.11,3.19,3.05,3.18,14843602.0,46324708.0,2423404340.0,0.006125103332941956,000717
2022-09-22,3.16,3.19,3.14,3.14,11236151.0,35502094.0,2423404340.0,0.004636515176002367,000717
2022-09-23,3.14,3.18,3.1,3.14,9988100.0,31467286.0,2423404340.0,0.004121516098299964,000717
2022-09-26,3.13,3.14,3.0,3.01,17456612.0,53353525.0,2423404340.0,0.007203342715809447,000717
2022-09-27,3.02,3.09,3.0,3.05,10327149.0,31325805.0,2423404340.0,0.004261422177695696,000717
2022-09-28,3.05,3.05,2.97,2.99,12616200.0,37930894.0,2423404340.0,0.005205982258825203,000717
2022-09-29,3.0,3.02,2.93,2.95,9467200.0,28180257.0,2423404340.0,0.003906570539524577,000717
2022-09-30,2.96,3.03,2.94,3.0,9886502.0,29617154.0,2423521440.0,0.004079395311642055,000717
2022-10-10,3.0,3.07,2.98,2.99,11212994.0,33845374.0,2423521440.0,0.00462673604405992,000717
2022-10-11,3.0,3.01,2.93,2.98,8866631.0,26361485.0,2423521440.0,0.0036585733691714317,000717
2022-10-12,2.99,3.06,2.96,3.05,8253050.0,24812041.0,2423521440.0,0.003405395910176062,000717
2022-10-13,3.05,3.06,3.0,3.03,8451297.0,25571229.0,2423521440.0,0.00348719712584841,000717
2022-10-14,3.05,3.08,3.04,3.07,8950184.0,27421334.0,2423521440.0,0.003693049235000785,000717
2022-10-17,3.06,3.12,3.04,3.11,12595445.0,38902185.0,2423521440.0,0.0051971667310688205,000717
2022-10-18,3.12,3.13,3.08,3.08,7853317.0,24280271.0,2423521440.0,0.0032404569938527137,000717
2022-10-19,3.09,3.09,3.05,3.06,5560664.0,17082749.0,2423521440.0,0.0022944562850659165,000717
2022-10-20,3.06,3.09,3.03,3.05,5855275.0,17909748.0,2423521440.0,0.0024160194761883354,000717
2022-10-21,3.06,3.09,3.03,3.04,7484058.0,22855313.0,2423521440.0,0.0030880923421911215,000717
2022-10-24,3.06,3.14,3.0,3.03,13402969.0,41229390.0,2423521440.0,0.005530369477564845,000717
2022-10-25,3.03,3.05,2.96,2.99,8809600.0,26390717.0,2423521440.0,0.0036350410830283393,000717
2022-10-26,3.01,3.03,2.99,3.0,9343701.0,28123595.0,2423521440.0,0.003855423288518545,000717
2022-10-27,2.94,2.95,2.79,2.8,42947783.0,122516116.0,2423521440.0,0.017721230887893444,000717
2022-10-28,2.79,2.79,2.61,2.64,27125777.0,72576840.0,2423521440.0,0.011192711792143255,000717
2022-10-31,2.61,2.72,2.57,2.69,19404000.0,51547137.0,2423521440.0,0.008006531190415217,000717
2022-11-01,2.69,2.76,2.67,2.76,12924562.0,35112539.0,2423521440.0,0.0053329678816458085,000717
2022-11-02,2.75,2.78,2.74,2.76,12033400.0,33233952.0,2423521440.0,0.004965254196389531,000717
2022-11-03,2.76,2.83,2.74,2.81,13369324.0,37309672.0,2423521440.0,0.0055164867862691576,000717
2022-11-04,2.83,2.84,2.81,2.83,9928300.0,28082970.0,2423521440.0,0.004096642115945135,000717
2022-11-07,2.83,2.9,2.82,2.88,18601384.0,53453584.0,2423521440.0,0.007675353596211635,000717
2022-11-08,2.88,2.9,2.84,2.88,10374475.0,29807818.0,2423521440.0,0.004280744056466858,000717
2022-11-09,2.88,2.91,2.88,2.89,7989481.0,23157837.0,2423521440.0,0.003296641353418355,000717
2022-11-10,2.88,2.96,2.86,2.94,14990253.0,43737016.0,2423521440.0,0.006185318913456776,000717
2022-11-11,2.99,3.01,2.94,2.97,11434126.0,33896565.0,2423521440.0,0.004717980130598721,000717
2022-11-14,2.97,3.01,2.96,2.99,14681517.0,43832887.0,2423521440.0,0.006057927426464195,000717
2022-11-15,2.99,3.03,2.95,3.02,11217357.0,33668576.0,2423521440.0,0.004628536316971885,000717
2022-11-16,3.04,3.05,3.01,3.03,11862362.0,35928203.0,2423521440.0,0.00489468003220966,000717
2022-11-17,3.03,3.07,3.03,3.07,11235954.0,34278134.0,2423521440.0,0.004636209861630108,000717
2022-11-18,3.06,3.08,3.02,3.02,12094311.0,36863335.0,2423521440.0,0.004990387458672534,000717
2022-11-21,3.04,3.07,3.0,3.06,14270800.0,43422765.0,2423521440.0,0.005888456262223123,000717
2022-11-22,3.06,3.11,3.04,3.05,12387897.0,38002500.0,2423521440.0,0.0051115277115105695,000717
2022-11-23,3.06,3.1,3.04,3.07,14004959.0,43136676.0,2423521440.0,0.005778764226653592,000717
2022-11-24,3.07,3.1,3.05,3.09,11649215.0,35845349.0,2423521440.0,0.004806730738061884,000717
2022-11-25,3.08,3.12,3.06,3.11,11333090.0,35152884.0,2423521440.0,0.004676290381817294,000717
2022-11-28,3.1,3.1,3.03,3.08,15380494.0,47285226.0,2423521440.0,0.006346341214955375,000717
2022-11-29,3.12,3.15,3.09,3.14,15897251.0,49652673.0,2423521440.0,0.006559566892051097,000717
2022-11-30,3.12,3.16,3.08,3.09,12358752.0,38524020.0,2423521440.0,0.005099501822439004,000717
2022-12-01,3.1,3.13,3.06,3.07,14873296.0,45968565.0,2423521440.0,0.006137059798406405,000717
2022-12-02,3.08,3.09,3.02,3.05,16064260.0,48863922.0,2423521440.0,0.006628478599306305,000717
2022-12-05,3.05,3.2,3.05,3.16,36006791.0,112802044.0,2423521440.0,0.014857219913845697,000717
2022-12-06,3.17,3.18,3.09,3.11,19553858.0,60931927.0,2423521440.0,0.00806836600546022,000717
2022-12-07,3.13,3.13,3.03,3.07,21150762.0,64924528.0,2423521440.0,0.008727284871884608,000717
2022-12-08,3.07,3.1,3.04,3.07,20099945.0,61710998.0,2423521440.0,0.008293693906830055,000717
2022-12-09,3.1,3.2,3.07,3.14,53066071.0,166909827.0,2423521440.0,0.02189626636849559,000717
2022-12-12,3.15,3.18,3.02,3.04,38166739.0,117288522.0,2423521440.0,0.015748463525043128,000717
2022-12-13,3.03,3.09,3.03,3.05,19810597.0,60692632.0,2423521440.0,0.008174302349064426,000717
2022-12-14,3.08,3.09,3.0,3.02,19613358.0,59414698.0,2423521440.0,0.00809291705709028,000717
2022-12-15,3.02,3.03,2.96,2.97,15093261.0,45038326.0,2423521440.0,0.006227822354235084,000717
2022-12-16,2.96,3.07,2.95,3.04,20152348.0,61038774.0,2423521440.0,0.008315316575041316,000717
2022-12-19,3.04,3.06,2.96,2.99,23354756.0,69972951.0,2423521440.0,0.009636702863251748,000717
2022-12-20,2.98,3.0,2.92,2.93,13676563.0,40382443.0,2423521440.0,0.0056432605770551795,000717
2022-12-21,2.92,2.98,2.9,2.9,9509580.0,27829176.0,2423521440.0,0.00392386873210414,000717
2022-12-22,2.93,3.01,2.88,2.88,15229053.0,44886130.0,2423521440.0,0.006283853218150197,000717
2022-12-23,2.88,2.91,2.85,2.88,8836019.0,25422887.0,2423521440.0,0.0036459421625748027,000717
2022-12-26,2.89,2.91,2.82,2.84,12377118.0,35272401.0,2423521440.0,0.005107080051249722,000717
2022-12-27,2.84,2.91,2.84,2.9,10270991.0,29573146.0,2423521440.0,0.004238044207275509,000717
2022-12-28,2.9,2.93,2.86,2.9,10411938.0,30199839.0,2423521440.0,0.004296202141294034,000717
2022-12-29,2.9,2.91,2.84,2.85,8217668.0,23586340.0,2423521440.0,0.0033907964932218633,000717
2022-12-30,2.86,2.87,2.83,2.85,7997444.0,22813870.0,2423521440.0,0.003299927068109618,000717
2023-01-03,2.85,2.89,2.84,2.87,8117264.0,23272924.0,2423558565.0,0.0033493162151004177,000717
2023-01-04,2.87,2.92,2.84,2.87,26531605.0,76094248.0,2423558565.0,0.010947375228788829,000717
2023-01-05,2.87,2.88,2.82,2.83,19242710.0,54691549.0,2423558565.0,0.007939857644826503,000717
2023-01-06,2.83,2.85,2.77,2.78,19505818.0,54676178.0,2423558565.0,0.008048420319481737,000717
2023-01-09,2.79,2.82,2.77,2.79,13683673.0,38166982.0,2423558565.0,0.005646107833998226,000717
2023-01-10,2.79,2.79,2.72,2.73,17117685.0,47090238.0,2423558565.0,0.007063037488429747,000717
2023-01-11,2.74,2.75,2.72,2.73,10999086.0,30090204.0,2423558565.0,0.004538403221958039,000717
2023-01-12,2.73,2.73,2.69,2.7,11095802.0,30031630.0,2423558565.0,0.00457830982929022,000717
2023-01-13,2.69,2.72,2.69,2.71,10513600.0,28448667.0,2423558565.0,0.004338083738446815,000717
2023-01-16,2.72,2.76,2.71,2.74,12489400.0,34210792.0,2423558565.0,0.005153331213186507,000717
2023-01-17,2.74,2.75,2.72,2.73,11115037.0,30362709.0,2423558565.0,0.004586246505662635,000717
2023-01-18,2.73,2.77,2.73,2.76,10797233.0,29721513.0,2423558565.0,0.004455115364624993,000717
2023-01-19,2.76,2.81,2.75,2.81,12082900.0,33519682.0,2423558565.0,0.004985602648310667,000717
2023-01-20,2.81,2.87,2.8,2.87,17254150.0,49073815.0,2423558565.0,0.007119345184876933,000717
2023-01-30,2.92,2.98,2.89,2.94,27635802.0,81273966.0,2423558565.0,0.011402985015136204,000717
2023-01-31,2.94,2.94,2.88,2.92,15311992.0,44548773.0,2423558565.0,0.006317978950923351,000717
2023-02-01,2.94,2.98,2.92,2.96,35829134.0,106063088.0,2423558565.0,0.014783688134229181,000717
2023-02-02,2.98,2.99,2.93,2.95,18181582.0,53697107.0,2423558565.0,0.007502018834028052,000717
2023-02-03,2.95,2.96,2.88,2.92,15859500.0,46179762.0,2423558565.0,0.006543889728532308,000717
2023-02-06,2.9,2.93,2.89,2.9,9152882.0,26566938.0,2423558565.0,0.0037766291816430687,000717
2023-02-07,2.92,2.93,2.9,2.93,9162444.0,26714528.0,2423558565.0,0.0037805746196193117,000717
2023-02-08,2.93,2.94,2.89,2.89,9313711.0,27082089.0,2423558565.0,0.0038429898639565164,000717
2023-02-09,2.9,2.92,2.89,2.92,7001500.0,20389320.0,2423558565.0,0.0028889336949033044,000717
2023-02-10,2.92,2.93,2.89,2.91,12623220.0,36710431.0,2423558565.0,0.005208547539266912,000717
2023-02-13,2.91,2.93,2.89,2.92,15894010.0,46262362.0,2423558565.0,0.006558129120349935,000717
2023-02-14,2.94,3.0,2.92,2.98,25319096.0,75239485.0,2423558565.0,0.010447074135384057,000717
2023-02-15,2.98,2.99,2.94,2.96,13878542.0,41059849.0,2423558565.0,0.0057265139784232946,000717
2023-02-16,2.97,2.98,2.87,2.9,22911442.0,67360652.0,2423558565.0,0.009453636619670464,000717
2023-02-17,2.9,2.94,2.89,2.91,12938002.0,37738358.0,2423558565.0,0.005338431753556572,000717
2023-02-20,2.92,2.97,2.91,2.95,22876900.0,67484006.0,2423558565.0,0.009439384024128172,000717
2023-02-21,2.97,3.03,2.95,3.02,28686892.0,86157251.0,2423558565.0,0.01183668198255403,000717
2023-02-22,2.99,3.03,2.98,3.02,18748616.0,56453923.0,2423558565.0,0.0077359863593805915,000717
2023-02-23,3.07,3.08,2.99,3.02,19408409.0,58662725.0,2423558565.0,0.008008227768987295,000717
2023-02-24,3.02,3.04,2.99,3.03,15534701.0,46839320.0,2423558565.0,0.0064098723358063355,000717
2023-02-27,3.03,3.04,2.97,2.97,15661173.0,47039740.0,2423558565.0,0.006462056756610707,000717
2023-02-28,2.98,3.0,2.95,2.99,13314154.0,39570956.0,2423558565.0,0.005493638236053933,000717
2023-03-01,2.99,3.03,2.97,3.02,15810059.0,47459294.0,2423558565.0,0.006523489561309611,000717
2023-03-02,3.02,3.07,3.0,3.04,21200700.0,64410517.0,2423558565.0,0.008747756421557736,000717
2023-03-03,3.05,3.11,3.03,3.09,27779835.0,85553393.0,2423558565.0,0.01146241539246649,000717
2023-03-06,3.12,3.13,3.03,3.06,23182533.0,70932721.0,2423558565.0,0.009565493211013038,000717
2023-03-07,3.03,3.1,3.01,3.02,23067719.0,70465366.0,2423558565.0,0.009518119072150418,000717
2023-03-08,3.01,3.07,3.0,3.04,15788967.0,48012450.0,2423558565.0,0.006514786656290272,000717
2023-03-09,3.06,3.07,3.01,3.04,14911438.0,45333380.0,2423558565.0,0.006152703803136691,000717
2023-03-10,3.02,3.03,2.98,2.98,19388181.0,58109155.0,2423558565.0,0.007999881364533891,000717
2023-03-13,2.98,3.01,2.94,2.98,19756120.0,58523336.0,2423558565.0,0.008151699028572887,000717
2023-03-14,2.98,3.0,2.93,2.94,15163848.0,44896519.0,2423558565.0,0.0062568523075900995,000717
2023-03-15,2.96,3.06,2.94,3.04,30023702.0,90260620.0,2423558565.0,0.012388271706567982,000717
2023-03-16,3.03,3.05,2.94,2.95,22303382.0,66527613.0,2423558565.0,0.009202741094065535,000717
2023-03-17,2.97,2.99,2.94,2.95,15632500.0,46397064.0,2423558565.0,0.006450225806695123,000717
2023-03-20,2.95,2.97,2.89,2.89,20788600.0,60754430.0,2423558565.0,0.008577717204865647,000717
2023-03-21,2.9,2.91,2.86,2.88,15510000.0,44675287.0,2423558565.0,0.006399680298214704,000717
2023-03-22,2.89,2.9,2.85,2.87,19636600.0,56319725.0,2423558565.0,0.008102383116951828,000717
2023-03-23,2.85,2.86,2.81,2.83,24120656.0,68182790.0,2423558565.0,0.009952578142051211,000717
2023-03-24,2.84,2.84,2.79,2.83,22353750.0,62956087.0,2423558565.0,0.009223523756687101,000717
2023-03-27,2.83,2.83,2.77,2.78,20649000.0,57628341.0,2423558565.0,0.008520115956017758,000717
2023-03-28,2.78,2.8,2.75,2.76,18266000.0,50616866.0,2423558565.0,0.007536851084925195,000717
2023-03-29,2.77,2.78,2.72,2.73,14704539.0,40261996.0,2423558565.0,0.006067333883470648,000717
2023-03-30,2.74,2.75,2.7,2.71,14954043.0,40680495.0,2423558565.0,0.006170283324677983,000717
2023-03-31,2.72,2.77,2.71,2.76,18494008.0,50875391.0,2423560965.0,0.007630923367343475,000717
2023-04-03,2.77,2.77,2.73,2.74,17412771.0,47794225.0,2423560965.0,0.007184787695241658,000717
2023-04-04,2.74,2.76,2.72,2.74,12974243.0,35537000.0,2423560965.0,0.005353380083013509,000717
2023-04-06,2.75,2.75,2.71,2.73,15850337.0,43153079.0,2423560965.0,0.006540102447969573,000717
2023-04-07,2.72,2.74,2.71,2.73,12826528.0,34967059.0,2423560965.0,0.00529243051247114,000717
2023-04-10,2.73,2.73,2.7,2.7,16893801.0,45761961.0,2423560965.0,0.0069706523763886415,000717
2023-04-11,2.7,2.73,2.67,2.72,15578301.0,41999225.0,2423560965.0,0.006427856045288302,000717
2023-04-12,2.73,2.78,2.72,2.76,20610505.0,56781961.0,2423560965.0,0.008504223866305753,000717
2023-04-13,2.76,2.8,2.75,2.77,16117261.0,44732045.0,2423560965.0,0.0066502395577245155,000717
2023-04-14,2.77,2.78,2.74,2.76,10335381.0,28470458.0,2423560965.0,0.004264543433921828,000717
2023-04-17,2.76,2.8,2.74,2.78,14678554.0,40677473.0,2423560965.0,0.006056606048694962,000717
2023-04-18,2.78,2.79,2.75,2.76,10426100.0,28826421.0,2423560965.0,0.004301975543660401,000717
2023-04-19,2.75,2.76,2.73,2.73,12227817.0,33569756.0,2423560965.0,0.005045392782186521,000717
2023-04-20,2.73,2.74,2.69,2.71,14967411.0,40469112.0,2423560965.0,0.006175793064896141,000717
2023-04-21,2.7,2.72,2.64,2.66,17511311.0,46867933.0,2423560965.0,0.007225446874615758,000717
2023-04-24,2.65,2.65,2.6,2.62,14620267.0,38309732.0,2423560965.0,0.0060325559006517504,000717
2023-04-25,2.63,2.64,2.55,2.57,18566296.0,48057577.0,2423560965.0,0.007660750551822822,000717
2023-04-26,2.57,2.61,2.56,2.6,10062309.0,26020115.0,2423560965.0,0.004151869561077866,000717
2023-04-27,2.6,2.64,2.58,2.6,10381060.0,27064170.0,2423560965.0,0.00428339131959901,000717
2023-04-28,2.6,2.69,2.59,2.69,15368614.0,40778588.0,2423560965.0,0.00634133583679006,000717
2023-05-04,2.68,2.79,2.66,2.78,28821511.0,79548407.0,2423560965.0,0.011892216212518509,000717
2023-05-05,2.79,2.9,2.77,2.82,37415602.0,105923110.0,2423560965.0,0.015438275554169935,000717
2023-05-08,2.82,2.88,2.81,2.85,28664457.0,81705877.0,2423560965.0,0.011827413221272112,000717
2023-05-09,2.87,2.94,2.86,2.88,33744190.0,97763737.0,2423560965.0,0.013923392267542979,000717
2023-05-10,2.88,2.93,2.86,2.91,26251725.0,76394756.0,2423560965.0,0.010831881425355438,000717
2023-05-11,2.91,3.0,2.9,2.99,32311486.0,95753992.0,2423560965.0,0.013332235692284308,000717
2023-05-12,2.98,2.98,2.91,2.92,20501045.0,60237766.0,2423560965.0,0.008459058920351937,000717
2023-05-15,2.91,2.91,2.86,2.91,18884596.0,54444388.0,2423560965.0,0.007792086220533759,000717
2023-05-16,2.96,2.98,2.86,2.87,14233600.0,41231110.0,2423560965.0,0.005873010914747094,000717
2023-05-17,2.88,2.9,2.84,2.88,13585200.0,38984896.0,2423560965.0,0.005605470708676809,000717
2023-05-18,2.89,2.9,2.85,2.86,8118889.0,23304705.0,2423560965.0,0.0033499833993241427,000717
2023-05-19,2.87,2.88,2.79,2.81,14046100.0,39568442.0,2423560965.0,0.005795645417155826,000717
2023-05-22,2.83,2.83,2.77,2.81,13511300.0,37784746.0,2423560965.0,0.00557497838722617,000717
2023-05-23,2.79,2.8,2.75,2.75,12362769.0,34274835.0,2423560965.0,0.005101076134884851,000717
2023-05-24,2.75,2.76,2.69,2.7,12835075.0,34756233.0,2423560965.0,0.00529595714131334,000717
2023-05-25,2.7,2.76,2.67,2.73,16155713.0,43816029.0,2423560965.0,0.006666105467662539,000717
2023-05-26,2.73,2.8,2.71,2.79,16836662.0,46460440.0,2423560965.0,0.006947075911498682,000717
2023-05-29,2.79,2.91,2.79,2.87,24142200.0,69103826.0,2423560965.0,0.009961457685055594,000717
2023-05-30,2.87,2.87,2.81,2.84,15959563.0,45240447.0,2423560965.0,0.006585170841782393,000717
2023-05-31,2.85,2.87,2.8,2.87,14331100.0,40911220.0,2423560965.0,0.005913240973494553,000717
2023-06-01,2.86,2.87,2.82,2.85,10563157.0,30082412.0,2423560965.0,0.004358527453011688,000717
2023-06-02,2.85,2.9,2.84,2.89,22165698.0,63755741.0,2423560965.0,0.00914592136121486,000717
2023-06-05,2.9,3.0,2.89,2.97,27802530.0,82082174.0,2423560965.0,0.011471768361312916,000717
2023-06-06,2.95,2.95,2.81,2.82,28738823.0,81956345.0,2423560965.0,0.011858097821772764,000717
2023-06-07,2.84,2.85,2.8,2.83,11371101.0,32109537.0,2423560965.0,0.004691898064136381,000717
2023-06-08,2.83,2.86,2.81,2.83,15622526.0,44244209.0,2423560965.0,0.006446103987320162,000717
2023-06-09,2.84,2.88,2.82,2.85,16447301.0,46976846.0,2423560965.0,0.006786419338124634,000717
2023-06-12,2.85,2.86,2.8,2.81,13169499.0,37137639.0,2423560965.0,0.0054339458302011395,000717
2023-06-13,2.82,2.85,2.8,2.81,11147101.0,31483155.0,2423560965.0,0.004599472083014013,000717
2023-06-14,2.82,2.83,2.78,2.8,9434200.0,26402559.0,2423560965.0,0.003892701746002911,000717
2023-06-15,2.79,2.8,2.75,2.79,11699587.0,32454710.0,2423560965.0,0.004827436639292464,000717
2023-06-16,2.79,2.82,2.78,2.81,13604200.0,38130597.0,2423560965.0,0.005613310412432724,000717
2023-06-19,2.81,2.81,2.75,2.75,10932800.0,30275903.0,2423560965.0,0.004511048064351045,000717
2023-06-20,2.75,2.77,2.72,2.74,11205800.0,30697553.0,2423560965.0,0.004623692228843932,000717
2023-06-21,2.73,2.77,2.72,2.76,11107800.0,30481916.0,2423560965.0,0.004583255862102896,000717
2023-06-26,2.74,2.75,2.65,2.67,21590000.0,57819764.0,2423560965.0,0.008908379162642604,000717
2023-06-27,2.67,2.77,2.66,2.77,18251172.0,50007512.0,2423560965.0,0.007530725351487084,000717
2023-06-28,2.78,2.79,2.73,2.78,8554351.0,23571733.0,2423560965.0,0.0035296619823219507,000717
2023-06-29,2.77,2.78,2.73,2.74,9390300.0,25835673.0,2423560965.0,0.0038745879041668756,000717
2023-06-30,2.73,2.79,2.72,2.78,11384501.0,31537457.0,2423560965.0,0.004697427118364237,000717
2023-07-03,2.78,2.82,2.77,2.81,11449600.0,32091773.0,2423560965.0,0.004724288006511939,000717
2023-07-04,2.81,2.82,2.78,2.8,10651000.0,29799118.0,2423560965.0,0.004394772879171207,000717
2023-07-05,2.8,2.84,2.78,2.84,14108891.0,39733687.0,2423560965.0,0.005821553987605177,000717
2023-07-06,2.82,2.85,2.81,2.84,10221000.0,28904762.0,2423560965.0,0.004217348004695231,000717
2023-07-07,2.83,2.86,2.8,2.84,8840702.0,25078908.0,2423560965.0,0.003647814982859323,000717
2023-07-10,2.85,2.87,2.83,2.85,8175654.0,23299171.0,2423560965.0,0.0033734055458349075,000717
2023-07-11,2.86,2.87,2.83,2.84,7317048.0,20781350.0,2423560965.0,0.0030191309835690475,000717
2023-07-12,2.84,2.86,2.81,2.82,13599478.0,38620988.0,2423560965.0,0.0056113620397413855,000717
2023-07-13,2.82,2.86,2.82,2.84,11008397.0,31299589.0,2423560965.0,0.0045422405951318825,000717
2023-07-14,2.85,2.85,2.82,2.83,11843895.0,33557048.0,2423560965.0,0.0048869804271666015,000717
2023-07-17,2.82,2.84,2.78,2.83,8876184.0,24995808.0,2423560965.0,0.0036624554233155014,000717
2023-07-18,2.82,2.86,2.81,2.84,9388831.0,26589856.0,2423560965.0,0.003873981771281747,000717
2023-07-19,2.84,2.87,2.83,2.86,12452185.0,35520768.0,2423560965.0,0.005137970605992162,000717
2023-07-20,2.86,2.89,2.83,2.84,7803300.0,22338144.0,2423560965.0,0.0032197663325543783,000717
2023-07-21,2.83,2.86,2.82,2.86,7318301.0,20830321.0,2423560965.0,0.003019647991400951,000717
2023-07-24,2.86,2.86,2.83,2.84,6670785.0,18939942.0,2423560965.0,0.0027524725378633087,000717
2023-07-25,2.85,2.91,2.84,2.9,15884400.0,45763687.0,2423560965.0,0.0065541573863399805,000717
2023-07-26,2.9,2.97,2.89,2.96,30223006.0,88698084.0,2423560965.0,0.012470495455434107,000717
2023-07-27,2.95,3.03,2.93,2.99,59497637.0,178071409.0,2423560965.0,0.02454967622405158,000717
2023-07-28,2.97,3.04,2.97,3.03,40651920.0,122636905.0,2423560965.0,0.01677363210048236,000717
2023-07-31,3.04,3.09,3.03,3.08,32307233.0,98809496.0,2423560965.0,0.013330480836490945,000717
2023-08-01,3.08,3.24,3.05,3.17,65276870.0,206947195.0,2423560965.0,0.026934280153336272,000717
2023-08-02,3.15,3.18,3.11,3.17,29639872.0,93400047.0,2423560965.0,0.012229885044381378,000717
2023-08-03,3.14,3.16,3.09,3.15,27118919.0,84631334.0,2423560965.0,0.011189699533718971,000717
2023-08-04,3.14,3.18,3.09,3.11,20575601.0,64336795.0,2423560965.0,0.008489821917890149,000717
2023-08-07,3.09,3.1,3.04,3.06,18271001.0,56063636.0,2423560965.0,0.007538907113896349,000717
2023-08-08,3.07,3.07,3.02,3.04,15520642.0,47247713.0,2423560965.0,0.006404065020085022,000717
2023-08-09,3.05,3.06,3.01,3.02,13620200.0,41290228.0,2423560965.0,0.005619912268227179,000717
2023-08-10,3.01,3.05,3.0,3.02,13142500.0,39792872.0,2423560965.0,0.005422805611163984,000717
2023-08-11,3.03,3.03,2.95,2.99,30579239.0,91358390.0,2423560965.0,0.012617482886385737,000717
2023-08-14,2.96,2.98,2.91,2.95,19940700.0,58868056.0,2423560965.0,0.008227851615030448,000717
2023-08-15,2.98,3.02,2.94,2.98,22463698.0,66828495.0,2423560965.0,0.009268880925386584,000717
2023-08-16,2.97,3.02,2.96,2.98,15089802.0,45101744.0,2423560965.0,0.006226293548179837,000717
2023-08-17,2.97,3.04,2.95,3.03,20745918.0,62175877.0,2423560965.0,0.00856009743497416,000717
2023-08-18,3.02,3.11,3.01,3.03,24110700.0,73985991.0,2423560965.0,0.00994846028146026,000717
2023-08-21,3.03,3.08,3.0,3.01,19174404.0,58175264.0,2423560965.0,0.00791166563453872,000717
2023-08-22,3.0,3.02,2.93,2.99,19048100.0,56604873.0,2423560965.0,0.007859550584897294,000717
2023-08-23,3.01,3.01,2.92,2.94,22677180.0,67423264.0,2423560965.0,0.009356967011556073,000717
2023-08-24,2.94,2.97,2.86,2.87,21880891.0,63650478.0,2423560965.0,0.009028405439761652,000717
2023-08-25,2.88,2.97,2.85,2.91,17189700.0,50177350.0,2423560965.0,0.007092745034371356,000717
2023-08-28,3.03,3.1,2.99,3.02,34166353.0,104061007.0,2423560965.0,0.014097583470527633,000717
2023-08-29,3.0,3.06,2.93,2.95,33918000.0,100566413.0,2423560965.0,0.013995109052270117,000717
2023-08-30,2.93,2.96,2.88,2.89,23330601.0,67829780.0,2423560965.0,0.009626578962497854,000717
2023-08-31,2.89,2.91,2.85,2.85,18452313.0,52919653.0,2423560965.0,0.007613719343759112,000717
2023-09-01,2.85,2.97,2.85,2.93,21958424.0,64166247.0,2423560965.0,0.00906039679509362,000717
2023-09-04,2.95,3.1,2.94,3.1,54519960.0,166584160.0,2423560965.0,0.022495807114965644,000717
2023-09-05,3.1,3.11,3.01,3.03,21329304.0,64746231.0,2423560965.0,0.008800811825255652,000717
2023-09-06,3.02,3.03,2.94,2.96,26228601.0,77762861.0,2423560965.0,0.010822340093268502,000717
2023-09-07,2.96,2.96,2.88,2.89,20754081.0,60478314.0,2423560965.0,0.008563465619277294,000717
2023-09-08,2.89,2.89,2.84,2.86,25235518.0,72083935.0,2423560965.0,0.01041257817089821,000717
2023-09-11,2.87,2.9,2.85,2.89,19345272.0,55672267.0,2423560965.0,0.007982168503031654,000717
2023-09-12,2.89,2.98,2.88,2.91,20842576.0,60823678.0,2423560965.0,0.008599980071060437,000717
2023-09-13,2.9,2.97,2.89,2.92,17868375.0,52266801.0,2423560965.0,0.007372777189452711,000717
2023-09-14,2.91,2.95,2.9,2.95,19375418.0,56767923.0,2423560965.0,0.007994607224580381,000717
2023-09-15,2.94,3.04,2.94,3.03,36265392.0,109106501.0,2423560965.0,0.014963680519586187,000717
2023-09-18,3.02,3.03,2.95,3.0,22784267.0,67925130.0,2423560965.0,0.009401152819772371,000717
2023-09-19,3.0,3.02,2.97,3.01,12977600.0,39039252.0,2423560965.0,0.005354765234882383,000717
2023-09-20,3.01,3.07,3.0,3.03,23393226.0,71092395.0,2423560965.0,0.009652419038693339,000717
2023-09-21,3.01,3.04,3.0,3.01,13598300.0,40984826.0,2423560965.0,0.005610875978108518,000717
2023-09-22,2.99,3.01,2.96,2.98,15220500.0,45318496.0,2423560965.0,0.006280221632468817,000717
2023-09-25,2.97,2.98,2.94,2.96,15674401.0,46434494.0,2423560965.0,0.006467508441653747,000717
2023-09-26,2.97,2.97,2.93,2.94,10999100.0,32423594.0,2423560965.0,0.004538404504299317,000717
2023-09-27,2.95,2.98,2.89,2.89,17378397.0,50742024.0,2423560965.0,0.007170604433299247,000717
2023-09-28,2.9,2.92,2.88,2.91,11094901.0,32160546.0,2423560965.0,0.0045779335284846035,000717
2023-10-09,2.9,2.92,2.87,2.89,12114200.0,34981628.0,2423560965.0,0.004998512591574109,000717
2023-10-10,2.9,2.91,2.84,2.85,15696800.0,44828242.0,2423560965.0,0.006476750627149996,000717
2023-10-11,2.84,2.87,2.8,2.81,15138916.0,42830442.0,2423560965.0,0.0062465587697728905,000717
2023-10-12,2.82,2.86,2.8,2.85,13158190.0,37276221.0,2423560965.0,0.005429279556002422,000717
2023-10-13,2.84,2.85,2.82,2.84,11436800.0,32439447.0,2423560965.0,0.004719006521876375,000717
2023-10-16,2.83,2.9,2.83,2.88,17416243.0,49941470.0,2423560965.0,0.007186220297949055,000717
2023-10-17,2.89,2.91,2.87,2.87,8097757.0,23363966.0,2423560965.0,0.0033412639982836165,000717
2023-10-18,2.88,2.88,2.81,2.82,11409571.0,32266518.0,2423560965.0,0.004707771401162174,000717
2023-10-19,2.81,2.83,2.77,2.78,10061001.0,28148456.0,2423560965.0,0.0041513298593666694,000717
2023-10-20,2.79,2.83,2.76,2.8,9535800.0,26668762.0,2423560965.0,0.0039346235302977,000717
2023-10-23,2.78,2.79,2.7,2.71,11265500.0,30743047.0,2423560965.0,0.004648325403276992,000717
2023-10-24,2.72,2.78,2.72,2.78,12093342.0,33280584.0,2423560965.0,0.004989906247314063,000717
2023-10-25,2.8,2.89,2.79,2.88,16765036.0,47942009.0,2423560965.0,0.00691752187880283,000717
2023-10-26,2.86,2.89,2.84,2.89,11421900.0,32684625.0,2423560965.0,0.004712858543667788,000717
2023-10-27,2.89,2.92,2.87,2.9,10219472.0,29682504.0,2423560965.0,0.004216717527466861,000717
2023-10-30,2.89,2.94,2.88,2.9,14651501.0,42705438.0,2423560965.0,0.006045443548394501,000717
2023-10-31,2.9,2.93,2.88,2.9,13804779.0,40057918.0,2423560965.0,0.005696072514519972,000717
2023-11-01,2.89,2.95,2.89,2.94,14347446.0,41998476.0,2423560965.0,0.005919985594420564,000717
2023-11-02,2.93,2.94,2.89,2.92,13051201.0,38119920.0,2423560965.0,0.005385134184152863,000717
2023-11-03,2.93,2.94,2.85,2.86,17616900.0,50923342.0,2423560965.0,0.0072690145840833015,000717
2023-11-06,2.86,2.88,2.81,2.84,21079902.0,59661812.0,2423560965.0,0.008697904572827611,000717
2023-11-07,2.83,2.84,2.79,2.81,21994630.0,61788503.0,2423560965.0,0.009075335969524497,000717
2023-11-08,2.81,2.82,2.76,2.77,20394753.0,56763151.0,2423560965.0,0.008415201141845425,000717
2023-11-09,2.78,2.81,2.76,2.79,17275562.0,48165553.0,2423560965.0,0.007128173068260323,000717
2023-11-10,2.79,2.8,2.76,2.79,12629222.0,35089567.0,2423560965.0,0.005211018902509845,000717
2023-11-13,2.8,2.85,2.79,2.85,21355800.0,60229762.0,2423560965.0,0.00881174449845127,000717
2023-11-14,2.85,2.87,2.81,2.87,19453964.0,55393414.0,2423560965.0,0.008027016559907334,000717
2023-11-15,2.87,2.95,2.86,2.93,29454075.0,85773782.0,2423560965.0,0.012153222231816231,000717
2023-11-16,2.95,2.95,2.89,2.92,16036590.0,46781501.0,2423560965.0,0.006616953413424861,000717
2023-11-17,2.92,2.94,2.89,2.9,12777800.0,37225433.0,2423560965.0,0.005272324560649127,000717
2023-11-20,2.89,2.91,2.87,2.88,14368000.0,41445329.0,2423560965.0,0.005928466503420516,000717
2023-11-21,2.89,2.94,2.88,2.91,16193429.0,47214233.0,2423560965.0,0.006681667692234018,000717
2023-11-22,2.91,2.92,2.87,2.89,11235747.0,32497427.0,2423560965.0,0.004636048839811216,000717
2023-11-23,2.87,2.93,2.85,2.91,14326801.0,41433684.0,2423560965.0,0.005911467137365781,000717
2023-11-24,2.91,2.94,2.9,2.92,16022353.0,46779578.0,2423560965.0,0.006611078999615758,000717
2023-11-27,2.92,2.94,2.87,2.89,16183810.0,46859975.0,2423560965.0,0.006677698739053589,000717
2023-11-28,2.88,2.9,2.84,2.89,16904253.0,48458942.0,2423560965.0,0.00697496503868637,000717
2023-11-29,2.9,2.92,2.85,2.87,15117552.0,43641115.0,2423560965.0,0.006237743641823345,000717
2023-11-30,2.86,2.87,2.82,2.83,16550545.0,46971381.0,2423560965.0,0.0068290194631023034,000717
2023-12-01,2.83,2.86,2.81,2.85,12402604.0,35265101.0,2423560965.0,0.005117512692733108,000717
2023-12-04,2.85,2.89,2.84,2.87,15261800.0,43723641.0,2423560965.0,0.006297262672738253,000717
2023-12-05,2.87,2.88,2.8,2.8,16629500.0,46996836.0,2423560965.0,0.0068615975583680025,000717
2023-12-06,2.8,2.83,2.78,2.79,15879646.0,44535654.0,2423560965.0,0.0065521958099370526,000717
2023-12-07,2.79,2.8,2.75,2.78,30641390.0,84900915.0,2423560965.0,0.012643127382603309,000717
2023-12-08,2.78,2.81,2.75,2.78,47663042.0,132609186.0,2423560965.0,0.019666533125565506,000717
2023-12-11,2.77,2.77,2.7,2.75,43127874.0,117757274.0,2423560965.0,0.017795250304338848,000717
2023-12-12,2.74,2.77,2.7,2.76,22326799.0,61099069.0,2423560965.0,0.009212394209361265,000717
2023-12-13,2.76,2.78,2.73,2.73,15894165.0,43689571.0,2423560965.0,0.0065581865814545335,000717
2023-12-14,2.74,2.75,2.71,2.71,12682401.0,34657456.0,2423560965.0,0.005232961408090677,000717
2023-12-15,2.73,2.74,2.69,2.69,16805001.0,45564920.0,2423560965.0,0.006934012076729417,000717
2023-12-18,2.69,2.7,2.63,2.64,24214670.0,64418231.0,2423560965.0,0.009991359965644602,000717
2023-12-19,2.64,2.65,2.6,2.62,15934727.0,41697170.0,2423560965.0,0.006574923111125451,000717
2023-12-20,2.62,2.64,2.58,2.58,13474200.0,35133097.0,2423560965.0,0.005559670334102778,000717
2023-12-21,2.57,2.61,2.54,2.61,15475356.0,39892682.0,2423560965.0,0.006385379292490791,000717
2023-12-22,2.6,2.62,2.56,2.57,16629400.0,42944881.0,2423560965.0,0.0068615562967692875,000717
2023-12-25,2.57,2.57,2.52,2.55,14276441.0,36301725.0,2423560965.0,0.005890687796252734,000717
2023-12-26,2.55,2.57,2.52,2.53,10046000.0,25549340.0,2423560965.0,0.004145140206943381,000717
2023-12-27,2.53,2.56,2.51,2.55,11892700.0,30134338.0,2423560965.0,0.004907118150419624,000717
2023-12-28,2.54,2.59,2.53,2.57,19887204.0,51060797.0,2423560965.0,0.008205778310181688,000717
2023-12-29,2.57,2.58,2.52,2.54,27552511.0,70123297.0,2423560965.0,0.011368606524820803,000717
2024-01-02,2.54,2.59,2.52,2.56,26478400.0,67780135.0,2423523840.0,0.010925578516281483,000717
2024-01-03,2.56,2.6,2.55,2.58,18590238.0,47977277.0,2423523840.0,0.00767074690711522,000717
2024-01-04,2.58,2.6,2.55,2.57,14678131.0,37765394.0,2423523840.0,0.006056524288203412,000717
2024-01-05,2.57,2.6,2.54,2.55,16520700.0,42439920.0,2423523840.0,0.006816809361363658,000717
2024-01-08,2.55,2.55,2.49,2.49,18962600.0,47619511.0,2423523840.0,0.007824391774912353,000717
2024-01-09,2.5,2.52,2.48,2.5,12507733.0,31235455.0,2423523840.0,0.005160969656481696,000717
2024-01-10,2.5,2.53,2.47,2.5,15056413.0,37680057.0,2423523840.0,0.0062126118800630405,000717
2024-01-11,2.5,2.53,2.47,2.52,14082463.0,35230616.0,2423523840.0,0.005810738383328633,000717
2024-01-12,2.51,2.55,2.5,2.52,13288475.0,33645936.0,2423523840.0,0.005483121222360247,000717
2024-01-15,2.51,2.52,2.48,2.5,12514500.0,31260047.0,2423523840.0,0.0051637618716389435,000717
2024-01-16,2.5,2.5,2.43,2.47,20778400.0,51146344.0,2423523840.0,0.008573631361513654,000717
2024-01-17,2.46,2.48,2.41,2.41,16218868.0,39664253.0,2423523840.0,0.006692266744939468,000717
2024-01-18,2.42,2.44,2.33,2.4,29215301.0,69454353.0,2423523840.0,0.012054884923269416,000717
2024-01-19,2.39,2.41,2.36,2.38,14407200.0,34482352.0,2423523840.0,0.005944732113714219,000717
2024-01-22,2.38,2.38,2.23,2.26,25665780.0,59256680.0,2423523840.0,0.01059027337647316,000717
2024-01-23,2.24,2.3,2.21,2.28,20764540.0,46942005.0,2423523840.0,0.008567912416326798,000717
2024-01-24,2.28,2.37,2.26,2.37,26545815.0,61384720.0,2423523840.0,0.01095339544916546,000717
2024-01-25,2.37,2.48,2.36,2.48,30544529.0,74337491.0,2423523840.0,0.01260335404829358,000717
2024-01-26,2.49,2.68,2.47,2.59,55184695.0,141492506.0,2423523840.0,0.022770436209119362,000717
2024-01-29,2.57,2.85,2.54,2.85,177145683.0,484268785.0,2423523840.0,0.07309426054583396,000717
2024-01-30,2.82,2.82,2.57,2.72,173434992.0,457678034.0,2423523840.0,0.07156314666168087,000717
2024-01-31,2.57,2.85,2.45,2.45,142358407.0,372172947.0,2423523840.0,0.05874025443875972,000717
2024-02-01,2.31,2.45,2.26,2.4,75078024.0,178774768.0,2423523840.0,0.030978867531998366,000717
2024-02-02,2.39,2.49,2.16,2.25,88322657.0,203329420.0,2423523840.0,0.03644389856713768,000717
2024-02-05,2.25,2.26,2.03,2.03,74713527.0,155872746.0,2423523840.0,0.030828467938652505,000717
2024-02-06,1.96,2.11,1.91,2.05,58906955.0,117981963.0,2423523840.0,0.02430632372075201,000717
2024-02-07,2.05,2.09,2.0,2.03,66426786.0,135509134.0,2423523840.0,0.0274091737426441,000717
2024-02-08,2.03,2.17,2.02,2.15,51480856.0,107613160.0,2423523840.0,0.021242149613019692,000717
2024-02-19,2.16,2.3,2.16,2.25,52029708.0,116235434.0,2423523840.0,0.02146861819192998,000717
2024-02-20,2.25,2.25,2.16,2.23,35003293.0,77176529.0,2423523840.0,0.014443139540149932,000717
2024-02-21,2.21,2.31,2.19,2.26,46564638.0,105347188.0,2423523840.0,0.019213608395946293,000717
2024-02-22,2.49,2.49,2.49,2.49,32387755.0,80645510.0,2423523840.0,0.013363910214310085,000717
2024-02-23,2.74,2.74,2.74,2.74,63581885.0,174214365.0,2423523840.0,0.026235304126407934,000717
2024-02-26,2.84,2.98,2.6,2.61,209802965.0,577466111.0,2423523840.0,0.08656938361291301,000717
2024-02-27,2.49,2.6,2.43,2.59,127429451.0,322395205.0,2423523840.0,0.052580234160188824,000717
2024-02-28,2.58,2.8,2.49,2.57,157510948.0,414112802.0,2423523840.0,0.06499253087603216,000717
2024-02-29,2.51,2.76,2.49,2.71,147372948.0,389244536.0,2423523840.0,0.06080936591900825,000717
2024-03-01,2.7,2.71,2.58,2.64,112307582.0,295318282.0,2423523840.0,0.0463406136743429,000717
2024-03-04,2.6,2.61,2.48,2.52,89791685.0,226703135.0,2423523840.0,0.03705005229079983,000717
2024-03-05,2.52,2.52,2.42,2.43,52874694.0,130058395.0,2423523840.0,0.021817278265354303,000717
2024-03-06,2.43,2.48,2.41,2.45,43982700.0,107941266.0,2423523840.0,0.018148243179650338,000717
2024-03-07,2.44,2.53,2.43,2.47,52293630.0,130014202.0,2423523840.0,0.021577518296663423,000717
2024-03-08,2.45,2.47,2.41,2.44,34314272.0,83487688.0,2423523840.0,0.014158834104970059,000717
2024-03-11,2.44,2.46,2.42,2.45,35169164.0,85707536.0,2423523840.0,0.014511581614975984,000717
2024-03-12,2.45,2.47,2.41,2.46,44197446.0,107816706.0,2423523840.0,0.018236852169772756,000717
2024-03-13,2.46,2.46,2.42,2.43,26448587.0,64438378.0,2423523840.0,0.01091327700741743,000717
2024-03-14,2.42,2.45,2.34,2.36,49204297.0,117843220.0,2423523840.0,0.020302790584473887,000717
2024-03-15,2.36,2.44,2.34,2.44,44297939.0,106339647.0,2423523840.0,0.018278317823355927,000717
2024-03-18,2.44,2.46,2.41,2.44,31315200.0,76006332.0,2423523840.0,0.012921350094909733,000717
2024-03-19,2.43,2.48,2.42,2.43,38459155.0,94110552.0,2423523840.0,0.01586910529421489,000717
2024-03-20,2.42,2.44,2.41,2.43,26158262.0,63413505.0,2423523840.0,0.010793482435889717,000717
2024-03-21,2.44,2.45,2.42,2.43,23699475.0,57650306.0,2423523840.0,0.009778932069428292,000717
2024-03-22,2.42,2.43,2.36,2.37,30676330.0,73199804.0,2423523840.0,0.012657738081091045,000717
2024-03-25,2.37,2.39,2.33,2.33,24211992.0,57247722.0,2423523840.0,0.009990408016782703,000717
2024-03-26,2.32,2.35,2.29,2.34,27638702.0,64150849.0,2423523840.0,0.0114043450053291,000717
2024-03-27,2.33,2.35,2.27,2.28,21380900.0,49327589.0,2423523840.0,0.008822236301995693,000717
2024-03-28,2.27,2.33,2.26,2.31,19753273.0,45500185.0,2423523840.0,0.008150641092930202,000717
2024-03-29,2.31,2.35,2.29,2.35,18813400.0,43817000.0,2423523840.0,0.007762828526580535,000717
2024-04-01,2.35,2.39,2.35,2.38,21534500.0,51090714.0,2423523840.0,0.008885615088482067,000717
2024-04-02,2.38,2.44,2.38,2.4,30716800.0,74188948.0,2423523840.0,0.012674436905889897,000717
2024-04-03,2.39,2.42,2.38,2.41,26141350.0,62683013.0,2423523840.0,0.010786504167419289,000717
2024-04-08,2.41,2.43,2.36,2.36,31662801.0,76029009.0,2423523840.0,0.013064778021742093,000717
2024-04-09,2.35,2.41,2.34,2.39,18817079.0,44826920.0,2423523840.0,0.00776434656405113,000717
2024-04-10,2.38,2.4,2.33,2.35,21968100.0,51843848.0,2423523840.0,0.009064528121167564,000717
2024-04-11,2.33,2.42,2.32,2.39,28072045.0,66851970.0,2423523840.0,0.011583151994081478,000717
2024-04-12,2.37,2.4,2.34,2.35,18345400.0,43375448.0,2423523840.0,0.00756972128650486,000717
2024-04-15,2.34,2.37,2.23,2.3,34010730.0,78556078.0,2423523840.0,0.014033585904399438,000717
2024-04-16,2.3,2.31,2.2,2.21,32949391.0,74099366.0,2423523840.0,0.013595653756803976,000717
2024-04-17,2.23,2.3,2.22,2.29,28448438.0,64443164.0,2423523840.0,0.01173846014240157,000717
2024-04-18,2.28,2.33,2.27,2.32,27126300.0,62676985.0,2423523840.0,0.011192916509540091,000717
2024-04-19,2.31,2.38,2.3,2.32,22154800.0,51702766.0,2423523840.0,0.009141564706043907,000717
2024-04-22,2.34,2.37,2.29,2.31,21052500.0,48864839.0,2423523840.0,0.008686731136096438,000717
2024-04-23,2.3,2.31,2.27,2.28,18129345.0,41395988.0,2423523840.0,0.007480572173781464,000717
2024-04-24,2.29,2.3,2.27,2.28,14405384.0,32871678.0,2423523840.0,0.005943982791603156,000717
2024-04-25,2.28,2.31,2.26,2.28,16566016.0,37946607.0,2423523840.0,0.00683550775386637,000717
2024-04-26,2.28,2.31,2.26,2.31,21801542.0,49857209.0,2423523840.0,0.008995802574816017,000717
2024-04-29,2.22,2.27,2.15,2.27,51061035.0,113772574.0,2423523840.0,0.02106892210311412,000717
2024-04-30,2.26,2.26,2.18,2.19,35585201.0,78523280.0,2423523840.0,0.01468324776206864,000717
2024-05-06,2.2,2.23,2.19,2.21,27137520.0,60020339.0,2423523840.0,0.011197546131834215,000717
2024-05-07,2.21,2.22,2.18,2.19,20848006.0,45745662.0,2423523840.0,0.00860235234987414,000717
2024-05-08,2.18,2.2,2.17,2.17,12338393.0,26902485.0,2423523840.0,0.005091096194869698,000717
2024-05-09,2.17,2.2,2.17,2.2,15345227.0,33591046.0,2423523840.0,0.006331782979283588,000717
2024-05-10,2.19,2.2,2.17,2.19,13763300.0,30075546.0,2423523840.0,0.005679044609687025,000717
2024-05-13,2.18,2.19,2.15,2.16,21348401.0,46137937.0,2423523840.0,0.008808826489612745,000717
2024-05-14,2.16,2.18,2.15,2.16,11129316.0,24064114.0,2423523840.0,0.004592204052756502,000717
2024-05-15,2.16,2.16,2.14,2.14,12769701.0,27426709.0,2423523840.0,0.005269063497225593,000717
2024-05-16,2.14,2.24,2.14,2.23,44437208.0,97611852.0,2423523840.0,0.018335783319548448,000717
2024-05-17,2.22,2.23,2.17,2.22,32648978.0,71753149.0,2423523840.0,0.013471696651434632,000717
2024-05-20,2.22,2.24,2.2,2.21,26129700.0,57923564.0,2423523840.0,0.01078169711753279,000717
2024-05-21,2.2,2.22,2.17,2.17,18267400.0,39979024.0,2423523840.0,0.007537536746492248,000717
2024-05-22,2.18,2.22,2.17,2.2,18794976.0,41358980.0,2423523840.0,0.007755226373180633,000717
2024-05-23,2.19,2.2,2.14,2.14,23022400.0,49707153.0,2423523840.0,0.009499555820338042,000717
2024-05-24,2.14,2.16,2.13,2.13,11688063.0,25032779.0,2423523840.0,0.004822755529403004,000717
2024-05-27,2.13,2.14,2.08,2.1,14399600.0,30211084.0,2423523840.0,0.0059415961841745284,000717
2024-05-28,2.1,2.11,2.08,2.09,10525000.0,22029884.0,2423523840.0,0.004342849790163401,000717
2024-05-29,2.08,2.12,2.07,2.1,12085001.0,25415018.0,2423523840.0,0.004986541003037957,000717
2024-05-30,2.1,2.15,2.09,2.1,15635963.0,33174500.0,2423523840.0,0.006451747138579829,000717
2024-05-31,2.1,2.11,2.08,2.09,9684269.0,20229225.0,2423523840.0,0.003995945424658995,000717
2024-06-03,2.09,2.09,2.0,2.03,19000799.0,38595186.0,2423523840.0,0.007840153534450068,000717
2024-06-04,2.03,2.04,2.0,2.04,10662716.0,21582182.0,2423523840.0,0.004399674483911823,000717
2024-06-05,2.03,2.04,1.98,1.98,13499485.0,26972563.0,2423523840.0,0.0055701886555405205,000717
2024-06-06,1.99,2.0,1.88,1.91,30053586.0,57763539.0,2423523840.0,0.01240078001460881,000717
2024-06-07,1.91,1.95,1.9,1.95,16958600.0,32613936.0,2423523840.0,0.006997496669972927,000717
2024-06-11,1.93,1.94,1.88,1.91,12381616.0,23577031.0,2423523840.0,0.005108930968882072,000717
2024-06-12,1.9,1.92,1.89,1.9,9304430.0,17672253.0,2423523840.0,0.0038392153798660384,000717
2024-06-13,1.91,1.91,1.85,1.86,15658200.0,29355712.0,2423523840.0,0.0064609226208395786,000717
2024-06-14,1.86,1.9,1.85,1.89,12531200.0,23564050.0,2423523840.0,0.005170652664180105,000717
2024-06-17,1.88,1.88,1.83,1.84,13191030.0,24386089.0,2423523840.0,0.005442913241571414,000717
2024-06-18,1.84,1.86,1.82,1.85,11353894.0,20909496.0,2423523840.0,0.004684869945409739,000717
2024-06-19,1.85,1.86,1.83,1.84,7669601.0,14142696.0,2423523840.0,0.0031646484649393834,000717
2024-06-20,1.84,1.84,1.77,1.77,17236297.0,30919791.0,2423523840.0,0.00711208064699706,000717
2024-06-21,1.77,1.8,1.75,1.77,12004726.0,21370582.0,2423523840.0,0.004953417747274976,000717
2024-06-24,1.75,1.75,1.68,1.7,22121812.0,37848799.0,2423523840.0,0.009127953121352419,000717
2024-06-25,1.7,1.73,1.68,1.69,21008240.0,35799627.0,2423523840.0,0.00866846847275082,000717
2024-06-26,1.69,1.76,1.68,1.75,19398515.0,33283503.0,2423523840.0,0.00800426002824053,000717
2024-06-27,1.74,1.77,1.71,1.71,14743214.0,25649435.0,2423523840.0,0.006083378985865475,000717
2024-06-28,1.7,1.74,1.69,1.69,12832002.0,21996816.0,2423523840.0,0.005294770279627206,000717
2024-07-01,1.69,1.74,1.68,1.73,12071348.0,20673707.0,2423523840.0,0.004980907470668826,000717
2024-07-02,1.73,1.8,1.72,1.79,21443800.0,38112776.0,2423523840.0,0.008848190245159709,000717
2024-07-03,1.79,1.81,1.77,1.79,17614900.0,31606547.0,2423523840.0,0.00726830069061751,000717
2024-07-04,1.78,1.8,1.71,1.72,13578537.0,23695287.0,2423523840.0,0.005602807274220995,000717
2024-07-05,1.72,1.76,1.71,1.75,10832417.0,18882316.0,2423523840.0,0.004469696902176956,000717
2024-07-08,1.75,1.76,1.7,1.7,8305800.0,14289976.0,2423523840.0,0.0034271583645737935,000717
2024-07-09,1.7,1.72,1.66,1.71,11343500.0,19182988.0,2423523840.0,0.004680581149141904,000717
2024-07-10,1.7,1.71,1.68,1.68,8243501.0,13955139.0,2423523840.0,0.003401452407416797,000717
2024-07-11,1.7,1.73,1.69,1.73,12480000.0,21429178.0,2423523840.0,0.00514952640201798,000717
2024-07-12,1.73,1.76,1.72,1.72,8827052.0,15334665.0,2423523840.0,0.0036422385677873093,000717
2024-07-15,1.72,1.73,1.69,1.7,8072040.0,13752055.0,2423523840.0,0.0033307037738898415,000717
2024-07-16,1.69,1.71,1.68,1.7,6004601.0,10170703.0,2423523840.0,0.0024776323223624653,000717
2024-07-17,1.7,1.71,1.69,1.69,7658200.0,13014662.0,2423523840.0,0.00315994415800754,000717
2024-07-18,1.69,1.69,1.66,1.69,9401500.0,15751758.0,2423523840.0,0.0038792686272894265,000717
2024-07-19,1.68,1.69,1.66,1.69,8514300.0,14284772.0,2423523840.0,0.0035131901157613534,000717
2024-07-22,1.68,1.7,1.67,1.69,7141500.0,12016693.0,2423523840.0,0.0029467422115393755,000717
2024-07-23,1.68,1.71,1.68,1.68,10283601.0,17439349.0,2423523840.0,0.004243243177669752,000717
2024-07-24,1.68,1.68,1.64,1.65,12004200.0,19915701.0,2423523840.0,0.004953200707941045,000717
2024-07-25,1.65,1.66,1.62,1.64,8281940.0,13602507.0,2423523840.0,0.003417313196308397,000717
2024-07-26,1.64,1.67,1.64,1.66,7500440.0,12435670.0,2423523840.0,0.003094848862720492,000717
2024-07-29,1.67,1.68,1.65,1.68,6434902.0,10743927.0,2423523840.0,0.0026551841140543516,000717
2024-07-30,1.67,1.69,1.66,1.69,7735800.0,13018753.0,2423523840.0,0.003191963649097011,000717
2024-07-31,1.69,1.75,1.68,1.75,13008224.0,22421405.0,2423523840.0,0.0053674834079618546,000717
2024-08-01,1.75,1.76,1.73,1.74,10453396.0,18216871.0,2423523840.0,0.004313304382431823,000717
2024-08-02,1.72,1.75,1.71,1.73,8940796.0,15491425.0,2423523840.0,0.0036891718795718552,000717
2024-08-05,1.72,1.76,1.71,1.72,14758100.0,25564932.0,2423523840.0,0.006089521281540189,000717
2024-08-06,1.72,1.74,1.71,1.73,7991500.0,13794209.0,2423523840.0,0.00329747117321528,000717
2024-08-07,1.73,1.73,1.71,1.71,5671800.0,9747578.0,2423523840.0,0.0023403112056863446,000717
2024-08-08,1.71,1.73,1.7,1.73,7548600.0,12972959.0,2423523840.0,0.003114720753066741,000717
2024-08-09,1.73,1.75,1.73,1.73,12487900.0,21707126.0,2423523840.0,0.005152786118250027,000717
2024-08-12,1.74,1.9,1.74,1.8,47170856.0,85066854.0,2423523840.0,0.019463747466168933,000717
2024-08-13,1.78,1.78,1.72,1.74,35241441.0,61563955.0,2423523840.0,0.014541404717520749,000717
2024-08-14,1.73,1.74,1.71,1.71,14567128.0,25076718.0,2423523840.0,0.006010721974164694,000717
2024-08-15,1.71,1.74,1.7,1.74,14177334.0,24425766.0,2423523840.0,0.00584988427429705,000717
2024-08-16,1.75,1.76,1.7,1.71,13831887.0,23843619.0,2423523840.0,0.005707345135915807,000717
2024-08-19,1.7,1.71,1.68,1.7,8646600.0,14667274.0,2423523840.0,0.0035677800470904383,000717
2024-08-20,1.69,1.7,1.65,1.67,9057244.0,15126435.0,2423523840.0,0.0037372209220768384,000717
2024-08-21,1.66,1.67,1.65,1.65,4529500.0,7506374.0,2423523840.0,0.001868972743424715,000717
2024-08-22,1.66,1.67,1.64,1.64,5940000.0,9816853.0,2423523840.0,0.002450976508652789,000717
2024-08-23,1.63,1.65,1.62,1.64,5854500.0,9563332.0,2423523840.0,0.002415697301331271,000717
2024-08-26,1.64,1.67,1.63,1.66,8686400.0,14348213.0,2423523840.0,0.0035842024149430277,000717
2024-08-27,1.66,1.66,1.63,1.63,4879500.0,8011459.0,2423523840.0,0.0020133905511736166,000717
2024-08-28,1.63,1.65,1.62,1.63,3472900.0,5670573.0,2423523840.0,0.0014329960129461734,000717
2024-08-29,1.63,1.64,1.62,1.64,4312000.0,7039002.0,2423523840.0,0.001779227391466469,000717
2024-08-30,1.63,1.68,1.62,1.67,11789122.0,19546689.0,2423523840.0,0.004864454727212421,000717
2024-09-02,1.66,1.67,1.64,1.64,7495976.0,12391873.0,2423523840.0,0.003093006916738232,000717
2024-09-03,1.64,1.66,1.63,1.65,5102700.0,8396532.0,2423523840.0,0.0021054878502866307,000717
2024-09-04,1.64,1.65,1.63,1.63,5362400.0,8786524.0,2423523840.0,0.0022126458636363157,000717
2024-09-05,1.63,1.65,1.63,1.65,3874801.0,6371627.0,2423523840.0,0.0015988293310950058,000717
2024-09-06,1.65,1.66,1.63,1.63,6564900.0,10797366.0,2423523840.0,0.0027088241888307565,000717
2024-09-09,1.63,1.66,1.6,1.65,12808375.0,20974489.0,2423523840.0,0.0052850212523595395,000717
2024-09-10,1.65,1.66,1.62,1.65,8160900.0,13375229.0,2423523840.0,0.003367369392165748,000717
2024-09-11,1.65,1.65,1.62,1.63,6292043.0,10269429.0,2423523840.0,0.002596237303776636,000717
2024-09-12,1.64,1.74,1.63,1.7,33895695.0,57631443.0,2423523840.0,0.013986119897215453,000717
2024-09-13,1.74,1.87,1.7,1.87,77834651.0,142319241.0,2423523840.0,0.03211631332663103,000717
2024-09-18,1.83,1.83,1.74,1.78,70425805.0,125069356.0,2423523840.0,0.029059258191576114,000717
2024-09-19,1.78,1.82,1.76,1.82,45451496.0,81556707.0,2423523840.0,0.01875430117493707,000717
2024-09-20,1.8,1.81,1.73,1.77,33247700.0,58468703.0,2423523840.0,0.013718742704837597,000717
2024-09-23,1.76,1.95,1.73,1.95,82189908.0,154087121.0,2423523840.0,0.033913389521268336,000717
2024-09-24,1.99,2.15,1.95,2.15,105676227.0,218979237.0,2423523840.0,0.0436043686700437,000717
2024-09-25,2.37,2.37,2.37,2.37,22986900.0,54478953.0,2423523840.0,0.009484907728409224,000717
2024-09-26,2.61,2.61,2.61,2.61,26971804.0,70396408.0,2423523840.0,0.01112916801346588,000717
2024-09-27,2.87,2.87,2.87,2.87,28907943.0,82965796.0,2423523840.0,0.011928062155972025,000717
2024-09-30,3.16,3.16,2.9,3.16,365413130.0,1141709519.0,2423523840.0,0.1507776090207555,000717
2024-10-08,3.47,3.48,2.84,3.18,400925447.0,1314948424.0,2423523840.0,0.16543078321853852,000717
2024-10-09,2.86,2.94,2.86,2.86,66626600.0,191076808.0,2423523840.0,0.02749162145646564,000717
2024-10-10,2.57,3.0,2.57,2.85,255590408.0,691585183.0,2423523840.0,0.1054623040143067,000717
2024-10-11,2.61,2.7,2.57,2.57,114608000.0,298879512.0,2423523840.0,0.04728981745853179,000717
2024-10-14,2.48,2.58,2.39,2.53,134940895.0,335579197.0,2423523840.0,0.05567962351878494,000717
2024-10-15,2.5,2.65,2.43,2.53,111300678.0,284533542.0,2423523840.0,0.04592514262207546,000717
2024-10-16,2.49,2.59,2.46,2.55,83359069.0,211267833.0,2423523840.0,0.03439581143134123,000717
2024-10-17,2.55,2.81,2.46,2.73,233286598.0,627599750.0,2423523840.0,0.09625925445816948,000717
2024-10-18,2.6,3.0,2.56,2.72,203801704.0,557279524.0,2423523840.0,0.08409312944905878,000717
2024-10-21,2.7,2.77,2.62,2.65,127819095.0,342848519.0,2423523840.0,0.052741009966710294,000717
2024-10-22,2.61,2.79,2.56,2.7,131980907.0,348574763.0,2423523840.0,0.05445826643900478,000717
2024-10-23,2.68,2.96,2.65,2.84,198096991.0,562354265.0,2423523840.0,0.08173923760535402,000717
2024-10-24,2.83,2.83,2.68,2.73,121674839.0,331295349.0,2423523840.0,0.050205752875944476,000717
2024-10-25,2.74,2.8,2.69,2.74,93263000.0,255536959.0,2423523840.0,0.038482394297388055,000717
2024-10-28,2.86,3.01,2.81,3.01,120608560.0,356635340.0,2423523840.0,0.049765782374148214,000717
2024-10-29,3.16,3.17,2.88,2.89,233663849.0,710645410.0,2423523840.0,0.0964149166364297,000717
2024-10-30,2.82,2.99,2.78,2.93,126612171.0,367340411.0,2423523840.0,0.05224300620042591,000717
2024-10-31,2.9,3.11,2.88,3.06,170356395.0,511252542.0,2423523840.0,0.07029284886258845,000717
2024-11-01,3.08,3.16,2.91,2.91,138948152.0,419119454.0,2423523840.0,0.05733310715028906,000717
2024-11-04,2.87,2.88,2.67,2.76,98596704.0,269575759.0,2423523840.0,0.04068319955127819,000717
2024-11-05,2.75,2.98,2.72,2.9,111642838.0,318830844.0,2423523840.0,0.04606632547093079,000717
2024-11-06,2.9,2.97,2.82,2.92,97625101.0,282994024.0,2423523840.0,0.04028229447910032,000717
2024-11-07,2.88,3.15,2.85,3.07,158800943.0,481570979.0,2423523840.0,0.06552481159005227,000717
2024-11-08,3.11,3.19,2.99,3.01,127884415.0,392490158.0,2423523840.0,0.05276796245585932,000717
2024-11-11,2.98,3.07,2.95,3.05,93566426.0,280188188.0,2423523840.0,0.03860759463377096,000717
2024-11-12,3.05,3.06,2.91,2.94,74502501.0,221310402.0,2423523840.0,0.030741393903515303,000717
2024-11-13,2.91,2.97,2.85,2.9,60171260.0,174374175.0,2423523840.0,0.024828004167683368,000717
2024-11-14,2.9,2.9,2.75,2.76,56887926.0,159919552.0,2423523840.0,0.023473227315147848,000717
2024-11-15,2.74,2.78,2.65,2.66,46962300.0,127910442.0,2423523840.0,0.019377692608132133,000717
2024-11-18,2.83,2.93,2.78,2.93,50463422.0,146711771.0,2423523840.0,0.02082233364785056,000717
2024-11-19,3.11,3.12,2.8,3.01,208672016.0,624014176.0,2423523840.0,0.08610272882646783,000717
2024-11-20,2.91,2.97,2.82,2.94,124925004.0,361729029.0,2423523840.0,0.05154684345915079,000717
2024-11-21,2.93,2.93,2.83,2.85,83895209.0,239762790.0,2423523840.0,0.03461703475547408,000717
2024-11-22,2.83,2.85,2.7,2.72,68145039.0,189603643.0,2423523840.0,0.028118163260981165,000717
2024-11-25,2.72,2.76,2.68,2.75,46987742.0,128055415.0,2423523840.0,0.019388190544888554,000717
2024-11-26,2.74,2.77,2.68,2.69,34609400.0,94089157.0,2423523840.0,0.014280610501442395,000717
2024-11-27,2.67,2.68,2.59,2.68,48130800.0,126799871.0,2423523840.0,0.019859841774859537,000717
2024-11-28,2.67,2.75,2.66,2.71,43109870.0,117148044.0,2423523840.0,0.01778809405068613,000717
2024-11-29,2.71,2.72,2.64,2.7,40286525.0,108349501.0,2423523840.0,0.016623118920918063,000717
2024-12-02,2.7,2.93,2.7,2.87,101443623.0,287939518.0,2423523840.0,0.04185790183933161,000717
2024-12-03,2.88,2.91,2.8,2.85,52621399.0,149158164.0,2423523840.0,0.021712763097886424,000717
2024-12-04,2.81,2.93,2.8,2.87,78385087.0,225070108.0,2423523840.0,0.03234343549927696,000717
2024-12-05,2.87,3.16,2.85,3.16,148495917.0,453482108.0,2423523840.0,0.06127272797943675,000717
2024-12-06,3.41,3.48,3.24,3.48,366952478.0,1254451240.0,2423523840.0,0.15141277834510594,000717
2024-12-09,3.47,3.83,3.38,3.83,422474794.0,1549846289.0,2423523840.0,0.1743225245104253,000717
2024-12-10,4.03,4.2,3.51,3.52,441999904.0,1712163838.0,2423523840.0,0.1823790204597286,000717
2024-12-11,3.53,3.87,3.53,3.87,178497376.0,673493034.0,2423523840.0,0.07365199923100406,000717
2024-12-12,3.98,4.16,3.64,3.86,433746803.0,1682710505.0,2423523840.0,0.1789736068781564,000717
2024-12-13,3.65,3.97,3.51,3.68,295383587.0,1097129945.0,2423523840.0,0.12188185737013423,000717
2024-12-16,3.7,3.86,3.53,3.6,229005550.0,843714873.0,2423523840.0,0.0944927985523757,000717
2024-12-17,3.5,3.54,3.24,3.24,178346226.0,589640656.0,2423523840.0,0.07358963136917192,000717
2024-12-18,3.35,3.56,3.35,3.56,104330247.0,366765176.0,2423523840.0,0.04304898729611836,000717
2024-12-19,3.58,3.75,3.34,3.38,227815930.0,793420452.0,2423523840.0,0.09400193480250642,000717
2024-12-20,3.34,3.41,3.25,3.26,141226437.0,466402738.0,2423523840.0,0.05827317836493822,000717
2024-12-23,3.25,3.25,3.04,3.05,117291719.0,364020122.0,2423523840.0,0.04839717978594343,000717
2024-12-24,3.05,3.13,2.98,3.06,89605100.0,274170009.0,2423523840.0,0.03697306315748889,000717
2024-12-25,3.06,3.06,2.86,2.91,81040731.0,237793353.0,2423523840.0,0.03343921345539559,000717
2024-12-26,2.91,2.93,2.86,2.88,66239396.0,191423701.0,2423523840.0,0.027331852448375337,000717
2024-12-27,2.88,3.02,2.88,2.9,90668105.0,266924130.0,2423523840.0,0.03741168273384924,000717
2024-12-30,2.88,2.88,2.79,2.82,71091800.0,200539138.0,2423523840.0,0.02933406258549534,000717
2024-12-31,2.85,2.88,2.71,2.72,55856705.0,154547159.0,2423536215.0,0.023047604840516073,000717
