日期,开盘,最高,最低,收盘,成交量,成交额,outstanding_share,换手率,股票代码
2020-01-02,1.5,1.52,1.49,1.51,12893558.0,19427712.0,1336276522.0,0.009648869667112208,000816
2020-01-03,1.51,1.55,1.5,1.54,16903911.0,25855675.0,1336276522.0,0.012650009726055787,000816
2020-01-06,1.52,1.55,1.52,1.54,17385634.0,26596937.0,1336276522.0,0.013010506219161127,000816
2020-01-07,1.53,1.57,1.52,1.56,22342749.0,34665084.0,1336276522.0,0.016720153824568953,000816
2020-01-08,1.55,1.55,1.5,1.51,19248540.0,29461362.0,1336276522.0,0.014404608389879352,000816
2020-01-09,1.51,1.59,1.51,1.57,29546593.0,46083747.0,1336276522.0,0.022111136814540248,000816
2020-01-10,1.56,1.59,1.52,1.53,17800046.0,27469479.0,1336276522.0,0.01332063065312166,000816
2020-01-13,1.53,1.53,1.5,1.52,10028339.0,15171013.0,1336276522.0,0.007504688464473374,000816
2020-01-14,1.52,1.54,1.51,1.53,12451622.0,18977869.0,1336276522.0,0.009318147699971338,000816
2020-01-15,1.53,1.53,1.49,1.49,11217901.0,16844726.0,1336276522.0,0.008394894930287491,000816
2020-01-16,1.5,1.5,1.47,1.47,9584600.0,14213172.0,1336276522.0,0.007172617225703229,000816
2020-01-17,1.48,1.5,1.47,1.48,8287911.0,12294297.0,1336276522.0,0.006202242472684857,000816
2020-01-20,1.48,1.48,1.45,1.46,6668592.0,9755480.0,1336276522.0,0.00499042817127337,000816
2020-01-21,1.46,1.47,1.4,1.41,15436651.0,22057854.0,1336276522.0,0.01155198848880172,000816
2020-01-22,1.4,1.42,1.37,1.4,8423047.0,11749514.0,1336276522.0,0.006303371241899287,000816
2020-01-23,1.39,1.39,1.33,1.34,16140067.0,21880096.0,1336276522.0,0.012078388517851996,000816
2020-02-03,1.27,1.27,1.27,1.27,2017200.0,2561844.0,1336276522.0,0.0015095677928853113,000816
2020-02-04,1.21,1.23,1.21,1.21,23155495.0,28057421.0,1336276522.0,0.017328370751693863,000816
2020-02-05,1.22,1.25,1.21,1.23,13692039.0,16922994.0,1336276522.0,0.010246411408551261,000816
2020-02-06,1.23,1.27,1.23,1.26,15287882.0,19217820.0,1336276522.0,0.011440657489902379,000816
2020-02-07,1.25,1.27,1.24,1.27,14901181.0,18680481.0,1336276522.0,0.011151270530217397,000816
2020-02-10,1.26,1.29,1.25,1.29,13358472.0,17059316.0,1336276522.0,0.009996787176958273,000816
2020-02-11,1.29,1.31,1.27,1.29,13068700.0,16922924.0,1336276522.0,0.009779936850525613,000816
2020-02-12,1.29,1.31,1.28,1.31,10832343.0,14012250.0,1336276522.0,0.008106363332483964,000816
2020-02-13,1.31,1.31,1.27,1.28,13277160.0,17077850.0,1336276522.0,0.00993593749602674,000816
2020-02-14,1.27,1.28,1.26,1.27,9551900.0,12118894.0,1336276522.0,0.0071481462427430125,000816
2020-02-17,1.27,1.32,1.27,1.32,19465832.0,25367757.0,1336276522.0,0.014567218445824044,000816
2020-02-18,1.32,1.32,1.3,1.32,13560470.0,17760616.0,1336276522.0,0.010147951997019372,000816
2020-02-19,1.31,1.32,1.3,1.3,11199784.0,14648935.0,1336276522.0,0.008381337107709807,000816
2020-02-20,1.3,1.35,1.3,1.33,17731725.0,23463037.0,1336276522.0,0.013269502762393068,000816
2020-02-21,1.32,1.35,1.32,1.34,14154301.0,18949732.0,1336276522.0,0.010592344299228808,000816
2020-02-24,1.33,1.34,1.31,1.33,13184437.0,17476219.0,1336276522.0,0.009866548414894623,000816
2020-02-25,1.31,1.32,1.28,1.31,19477971.0,25302977.0,1336276522.0,0.014576302643443435,000816
2020-02-26,1.29,1.34,1.29,1.33,19613133.0,25868544.0,1336276522.0,0.014677450869708538,000816
2020-02-27,1.32,1.33,1.3,1.32,13418602.0,17595099.0,1336276522.0,0.010041785348377168,000816
2020-02-28,1.28,1.31,1.27,1.28,20370701.0,26158052.0,1336276522.0,0.015244375445219414,000816
2020-03-02,1.27,1.31,1.27,1.3,13428153.0,17386410.0,1336276522.0,0.010048932821106618,000816
2020-03-03,1.31,1.32,1.29,1.3,14944938.0,19523482.0,1336276522.0,0.01118401599814982,000816
2020-03-04,1.29,1.31,1.29,1.31,10342739.0,13437776.0,1336276522.0,0.007739969107980781,000816
2020-03-05,1.31,1.35,1.3,1.34,27272103.0,36212912.0,1336276522.0,0.020409026538296092,000816
2020-03-06,1.32,1.35,1.32,1.34,19870716.0,26528750.0,1336276522.0,0.01487021261906149,000816
2020-03-09,1.33,1.34,1.31,1.31,16442601.0,21783361.0,1336276522.0,0.012304789262772066,000816
2020-03-10,1.29,1.32,1.27,1.31,17428953.0,22572330.0,1336276522.0,0.01304292391062454,000816
2020-03-11,1.32,1.34,1.31,1.32,17822051.0,23637110.0,1336276522.0,0.01333709805312287,000816
2020-03-12,1.3,1.31,1.28,1.29,15709113.0,20287032.0,1336276522.0,0.011755884909575624,000816
2020-03-13,1.23,1.28,1.23,1.27,18242609.0,22839043.0,1336276522.0,0.01365182183452296,000816
2020-03-16,1.28,1.29,1.25,1.25,15839411.0,20131019.0,1336276522.0,0.011853393170668908,000816
2020-03-17,1.23,1.26,1.22,1.25,15298085.0,18991527.0,1336276522.0,0.011448292885594827,000816
2020-03-18,1.26,1.27,1.23,1.23,10343711.0,12939143.0,1336276522.0,0.007740696502336663,000816
2020-03-19,1.23,1.24,1.19,1.23,12306471.0,14994527.0,1336276522.0,0.009209524224507777,000816
2020-03-20,1.23,1.24,1.22,1.24,6657959.0,8185439.0,1336276522.0,0.004982470985896735,000816
2020-03-23,1.22,1.23,1.18,1.19,12732200.0,15274680.0,1336276522.0,0.009528117713947234,000816
2020-03-24,1.2,1.22,1.19,1.21,9015613.0,10857273.0,1336276522.0,0.006746816883758735,000816
2020-03-25,1.23,1.23,1.21,1.23,8849600.0,10810902.0,1336276522.0,0.006622581370175416,000816
2020-03-26,1.22,1.23,1.2,1.21,9430352.0,11444617.0,1336276522.0,0.0070571860275488695,000816
2020-03-27,1.22,1.23,1.2,1.22,12223810.0,14849634.0,1336276522.0,0.009147665021985621,000816
2020-03-30,1.2,1.2,1.18,1.19,11063631.0,13149100.0,1336276522.0,0.00827944726847487,000816
2020-03-31,1.2,1.2,1.18,1.19,10201341.0,12129223.0,1336276522.0,0.0076341541829468736,000816
2020-04-01,1.18,1.22,1.18,1.18,13374938.0,16052623.0,1336276522.0,0.010009109476818302,000816
2020-04-02,1.19,1.2,1.17,1.2,11709439.0,13936464.0,1336276522.0,0.008762736460021408,000816
2020-04-03,1.2,1.21,1.19,1.2,7305539.0,8752772.0,1336276522.0,0.005467086250281362,000816
2020-04-07,1.21,1.22,1.2,1.21,10185941.0,12332881.0,1336276522.0,0.0076226296221643865,000816
2020-04-08,1.21,1.22,1.2,1.21,6624124.0,8025025.0,1336276522.0,0.004957150627839886,000816
2020-04-09,1.21,1.22,1.2,1.21,8992172.0,10894857.0,1336276522.0,0.006729274855881962,000816
2020-04-10,1.21,1.22,1.18,1.2,9769560.0,11716607.0,1336276522.0,0.00731103169078952,000816
2020-04-13,1.19,1.2,1.18,1.19,7921973.0,9428093.0,1336276522.0,0.00592839346465746,000816
2020-04-14,1.19,1.21,1.18,1.2,9091064.0,10889572.0,1336276522.0,0.006803280496459998,000816
2020-04-15,1.2,1.2,1.18,1.19,8380590.0,9965879.0,1336276522.0,0.006271598626500451,000816
2020-04-16,1.18,1.25,1.18,1.25,22848502.0,27908479.0,1336276522.0,0.01709863312258359,000816
2020-04-17,1.25,1.3,1.24,1.27,34088384.0,43432589.0,1336276522.0,0.025509977492517825,000816
2020-04-20,1.26,1.28,1.24,1.26,14927313.0,18751098.0,1336276522.0,0.011170826362838693,000816
2020-04-21,1.26,1.3,1.25,1.27,17973542.0,23029945.0,1336276522.0,0.013450466055557922,000816
2020-04-22,1.26,1.29,1.25,1.27,12783754.0,16251214.0,1336276522.0,0.009566698052036868,000816
2020-04-23,1.28,1.28,1.25,1.25,8264301.0,10430474.0,1336276522.0,0.0061845739739787185,000816
2020-04-24,1.25,1.27,1.24,1.25,7791900.0,9779118.0,1336276522.0,0.005831053581887297,000816
2020-04-27,1.25,1.3,1.25,1.28,13236633.0,16916587.0,1336276522.0,0.009905609192466228,000816
2020-04-28,1.3,1.31,1.23,1.27,19360500.0,24596228.0,1336276522.0,0.014488393443464241,000816
2020-04-29,1.26,1.26,1.23,1.23,11583800.0,14381365.0,1336276522.0,0.00866871475273888,000816
2020-04-30,1.24,1.28,1.23,1.26,12295126.0,15487536.0,1336276522.0,0.009201034215281977,000816
2020-05-06,1.25,1.32,1.24,1.32,25532951.0,33229158.0,1336276522.0,0.019107535438686693,000816
2020-05-07,1.3,1.31,1.28,1.29,16628101.0,21550257.0,1336276522.0,0.012443607835833847,000816
2020-05-08,1.29,1.34,1.29,1.31,15395667.0,20283308.0,1336276522.0,0.01152131819015825,000816
2020-05-11,1.31,1.37,1.31,1.36,27505605.0,37113673.0,1336276522.0,0.020583767316986506,000816
2020-05-12,1.36,1.37,1.33,1.35,14325418.0,19298099.0,1336276522.0,0.01072039938152861,000816
2020-05-13,1.35,1.35,1.31,1.33,13614500.0,18046751.0,1336276522.0,0.010188385245011436,000816
2020-05-14,1.31,1.32,1.3,1.3,9105900.0,11925672.0,1336276522.0,0.00681438298891253,000816
2020-05-15,1.31,1.32,1.28,1.3,7881924.0,10220589.0,1336276522.0,0.005898422871490067,000816
2020-05-18,1.3,1.3,1.24,1.24,27203081.0,34171601.0,1336276522.0,0.020357374055547463,000816
2020-05-19,1.23,1.26,1.21,1.24,12587802.0,15550892.0,1336276522.0,0.00942005774460505,000816
2020-05-20,1.24,1.24,1.2,1.22,11367510.0,13809150.0,1336276522.0,0.008506854541593152,000816
2020-05-21,1.22,1.23,1.2,1.2,7242195.0,8775997.0,1336276522.0,0.0054196828880602,000816
2020-05-22,1.21,1.26,1.2,1.24,16517687.0,20460131.0,1336276522.0,0.012360979728415822,000816
2020-05-25,1.23,1.24,1.2,1.22,8358799.0,10183621.0,1336276522.0,0.006255291372993231,000816
2020-05-26,1.22,1.26,1.21,1.25,9047900.0,11240737.0,1336276522.0,0.006770978798952512,000816
2020-05-27,1.25,1.25,1.23,1.25,6621300.0,8190097.0,1336276522.0,0.004955037292797696,000816
2020-05-28,1.25,1.25,1.22,1.23,6625300.0,8180703.0,1336276522.0,0.004958030685208731,000816
2020-05-29,1.23,1.25,1.22,1.24,6443965.0,7983231.0,1336276522.0,0.004822328981994941,000816
2020-06-01,1.23,1.25,1.21,1.24,15115078.0,18605583.0,1336276522.0,0.011311339944353224,000816
2020-06-02,1.24,1.25,1.23,1.24,6490580.0,8020622.0,1336276522.0,0.004857213228805048,000816
2020-06-03,1.25,1.28,1.24,1.26,13500172.0,16990170.0,1336276522.0,0.010102828103119214,000816
2020-06-04,1.25,1.29,1.25,1.28,16404161.0,20855353.0,1336276522.0,0.012276022761702013,000816
2020-06-05,1.28,1.3,1.26,1.28,15419281.0,19681500.0,1336276522.0,0.0115389896822568,000816
2020-06-08,1.27,1.28,1.26,1.27,10481641.0,13297962.0,1336276522.0,0.007843916156150202,000816
2020-06-09,1.28,1.29,1.26,1.28,9081064.0,11613581.0,1336276522.0,0.006795797015432409,000816
2020-06-10,1.28,1.28,1.24,1.24,11507400.0,14503814.0,1336276522.0,0.008611540957688098,000816
2020-06-11,1.24,1.26,1.24,1.25,7120840.0,8891353.0,1336276522.0,0.00532886710404989,000816
2020-06-12,1.23,1.25,1.21,1.24,7664511.0,9471603.0,1336276522.0,0.00573572226542494,000816
2020-06-15,1.23,1.26,1.23,1.23,7692700.0,9551832.0,1336276522.0,0.005756817450093612,000816
2020-06-16,1.24,1.25,1.23,1.25,6054965.0,7509244.0,1336276522.0,0.0045312215700217175,000816
2020-06-17,1.24,1.25,1.22,1.24,8745463.0,10798577.0,1336276522.0,0.0065446506437984095,000816
2020-06-18,1.23,1.25,1.23,1.24,5685764.0,7058173.0,1336276522.0,0.004254930702135018,000816
2020-06-19,1.24,1.25,1.23,1.24,7430384.0,9217864.0,1336276522.0,0.005560513769170301,000816
2020-06-22,1.24,1.28,1.23,1.26,16296220.0,20520631.0,1336276522.0,0.01219524531914211,000816
2020-06-23,1.26,1.26,1.24,1.25,6514321.0,8151313.0,1336276522.0,0.0048749797611126475,000816
2020-06-24,1.25,1.26,1.24,1.25,6652638.0,8326559.0,1336276522.0,0.004978489025641955,000816
2020-06-29,1.25,1.26,1.23,1.25,6405767.0,7967443.0,1336276522.0,0.004793743581165755,000816
2020-06-30,1.25,1.26,1.24,1.25,6446117.0,8060302.0,1336277472.0000002,0.004823935997627893,000816
2020-07-01,1.25,1.27,1.24,1.27,13221287.0,16620021.0,1336277472.0000002,0.00989411800844907,000816
2020-07-02,1.27,1.28,1.25,1.28,13807975.0,17483948.0,1336277472.0000002,0.010333164548028838,000816
2020-07-03,1.27,1.28,1.26,1.27,16484891.0,20942031.0,1336277472.0000002,0.01233642813369228,000816
2020-07-06,1.27,1.31,1.27,1.31,28603928.0,36928487.0,1336277472.0000002,0.02140568003229796,000816
2020-07-07,1.31,1.32,1.29,1.31,22452377.0,29365893.0,1336277472.0000002,0.01680218178519139,000816
2020-07-08,1.3,1.32,1.28,1.31,21764669.0,28293959.0,1336277472.0000002,0.016287537174015904,000816
2020-07-09,1.31,1.38,1.3,1.35,32778836.0,44175472.0,1336277472.0000002,0.024529962292142864,000816
2020-07-10,1.36,1.42,1.34,1.42,32951486.0,45544769.0,1336277472.0000002,0.02465916450023038,000816
2020-07-13,1.49,1.49,1.49,1.49,2365525.0,3524632.0,1336277472.0000002,0.0017702348872644913,000816
2020-07-14,1.55,1.56,1.46,1.55,80333559.0,121255163.0,1336277472.0000002,0.06011742372620047,000816
2020-07-15,1.53,1.53,1.47,1.47,38214535.0,57193703.0,1336277472.0000002,0.028597754434043166,000816
2020-07-16,1.46,1.48,1.4,1.4,24273164.0,34791093.0,1336277472.0000002,0.018164763313468474,000816
2020-07-17,1.4,1.45,1.4,1.42,18750907.0,26590763.0,1336277472.0000002,0.014032195702540435,000816
2020-07-20,1.42,1.48,1.41,1.47,21690596.0,31444212.0,1336277472.0000002,0.016232104824408802,000816
2020-07-21,1.46,1.47,1.44,1.45,13726982.0,19948241.0,1336277472.0000002,0.010272553633232243,000816
2020-07-22,1.46,1.47,1.43,1.45,14184771.0,20546418.0,1336277472.0000002,0.010615138919291753,000816
2020-07-23,1.44,1.45,1.41,1.43,13768967.0,19697444.0,1336277472.0000002,0.010303973005989581,000816
2020-07-24,1.43,1.43,1.36,1.36,25250700.0,34954632.0,1336277472.0000002,0.018896300004375137,000816
2020-07-27,1.35,1.43,1.35,1.41,21548881.0,30015092.0,1336277472.0000002,0.016126052748421996,000816
2020-07-28,1.4,1.44,1.4,1.41,12753851.0,18054205.0,1336277472.0000002,0.009544313413374672,000816
2020-07-29,1.41,1.45,1.4,1.44,15354408.0,22010796.0,1336277472.0000002,0.011490433926884308,000816
2020-07-30,1.41,1.44,1.39,1.42,22250072.0,31429927.0,1336277472.0000002,0.01665078732989371,000816
2020-07-31,1.42,1.43,1.39,1.41,12442697.0,17550762.0,1336277472.0000002,0.009311462073349985,000816
2020-08-03,1.41,1.44,1.4,1.43,21942682.0,31211311.0,1336277472.0000002,0.016420752770125273,000816
2020-08-04,1.43,1.43,1.41,1.42,14319979.0,20339155.0,1336277472.0000002,0.010716321497635782,000816
2020-08-05,1.42,1.47,1.41,1.44,20592000.0,29764017.0,1336277472.0000002,0.01540997317658888,000816
2020-08-06,1.43,1.46,1.42,1.44,16891834.0,24268022.0,1336277472.0000002,0.012640962939170164,000816
2020-08-07,1.44,1.51,1.43,1.5,40041806.0,59169442.0,1336277472.0000002,0.029965188247968903,000816
2020-08-10,1.48,1.51,1.47,1.49,20254002.0,30243936.0,1336277472.0000002,0.015157033194375365,000816
2020-08-11,1.5,1.55,1.48,1.48,24998410.0,37864033.0,1336277472.0000002,0.018707499395754234,000816
2020-08-12,1.48,1.49,1.43,1.46,19191165.0,27881106.0,1336277472.0000002,0.01436166170733738,000816
2020-08-13,1.45,1.49,1.45,1.47,13810950.0,20372079.0,1336277472.0000002,0.010335390882051777,000816
2020-08-14,1.47,1.53,1.46,1.51,22532920.0,33772337.0,1336277472.0000002,0.016862455943581153,000816
2020-08-17,1.51,1.58,1.5,1.56,25591700.0,39804232.0,1336277472.0000002,0.019151486525996,000816
2020-08-18,1.56,1.57,1.52,1.55,19455495.0,30061343.0,1336277472.0000002,0.014559472420709938,000816
2020-08-19,1.55,1.56,1.53,1.54,17055849.0,26332882.0,1336277472.0000002,0.012763703165984375,000816
2020-08-20,1.53,1.54,1.52,1.53,13498000.0,20653282.0,1336277472.0000002,0.010101195509790049,000816
2020-08-21,1.53,1.59,1.52,1.57,15622670.0,24267464.0,1336277472.0000002,0.011691187142905,000816
2020-08-24,1.57,1.57,1.54,1.55,12429197.0,19273717.0,1336277472.0000002,0.009301359381145055,000816
2020-08-25,1.55,1.57,1.54,1.55,10294100.0,15973224.0,1336277472.0000002,0.007703564727910042,000816
2020-08-26,1.54,1.55,1.48,1.5,17065749.0,25851196.0,1336277472.0000002,0.012771111806934658,000816
2020-08-27,1.5,1.53,1.49,1.52,9918881.0,14974731.0,1336277472.0000002,0.007422770500766175,000816
2020-08-28,1.54,1.59,1.53,1.57,25010789.0,39135922.0,1336277472.0000002,0.018716763190332372,000816
2020-08-31,1.55,1.58,1.53,1.54,21731724.0,33750802.0,1336277472.0000002,0.016262882863298016,000816
2020-09-01,1.54,1.54,1.5,1.52,12629587.0,19160591.0,1336277472.0000002,0.009451320750844774,000816
2020-09-02,1.52,1.53,1.49,1.52,11663839.0,17631616.0,1336277472.0000002,0.008728605581101945,000816
2020-09-03,1.52,1.54,1.49,1.5,12680200.0,19185494.0,1336277472.0000002,0.00948919686644242,000816
2020-09-04,1.49,1.5,1.47,1.5,13059814.0,19349004.0,1336277472.0000002,0.00977328008115967,000816
2020-09-07,1.49,1.5,1.48,1.48,12704000.0,18875326.0,1336277472.0000002,0.009507007538625928,000816
2020-09-08,1.48,1.51,1.47,1.5,11191295.0,16611013.0,1336277472.0000002,0.00837497842663623,000816
2020-09-09,1.49,1.53,1.48,1.52,14982851.0,22650518.0,1336277472.0000002,0.011212380148544476,000816
2020-09-10,1.52,1.53,1.46,1.48,15996600.0,23807204.0,1336277472.0000002,0.01197101675003019,000816
2020-09-11,1.47,1.49,1.44,1.48,10622450.0,15523198.0,1336277472.0000002,0.007949284652761098,000816
2020-09-14,1.46,1.49,1.45,1.48,10467802.0,15389908.0,1336277472.0000002,0.007833554197641968,000816
2020-09-15,1.48,1.48,1.45,1.47,8386894.0,12297192.0,1336277472.0000002,0.006276311750917551,000816
2020-09-16,1.46,1.48,1.45,1.47,5853540.0,8572705.0,1336277472.0000002,0.004380482439204063,000816
2020-09-17,1.47,1.47,1.44,1.45,11589601.0,16820867.0,1336277472.0000002,0.00867304975414567,000816
2020-09-18,1.45,1.46,1.43,1.46,10635564.0,15358226.0,1336277472.0000002,0.007959098482803725,000816
2020-09-21,1.45,1.45,1.41,1.41,13904121.0,19788267.0,1336277472.0000002,0.010405115173564789,000816
2020-09-22,1.4,1.42,1.39,1.41,7772601.0,10961094.0,1336277472.0000002,0.005816607076647625,000816
2020-09-23,1.41,1.42,1.4,1.41,3175079.0,4482964.0,1336277472.0000002,0.0023760626565438345,000816
2020-09-24,1.41,1.41,1.36,1.38,8134900.0,11257179.0,1336277472.0000002,0.006087732653177587,000816
2020-09-25,1.37,1.4,1.37,1.39,6856100.0,9499026.0,1336277472.0000002,0.005130745779720815,000816
2020-09-28,1.4,1.44,1.4,1.41,11716400.0,16611676.0,1336277472.0000002,0.008767939477767382,000816
2020-09-29,1.41,1.42,1.39,1.4,9476600.0,13312560.0,1336277472.0000002,0.007091790588833633,000816
2020-09-30,1.4,1.43,1.39,1.42,9351636.0,13212668.0,1336277472.0000002,0.006998274083004221,000816
2020-10-09,1.43,1.44,1.42,1.43,8447139.0,12064832.0,1336277472.0000002,0.006321395950316521,000816
2020-10-12,1.45,1.5,1.45,1.5,26073898.0,38974396.0,1336277472.0000002,0.019512338227909598,000816
2020-10-13,1.49,1.54,1.48,1.51,20748393.0,31442156.0,1336277472.0000002,0.015527009498218941,000816
2020-10-14,1.51,1.52,1.48,1.5,12942444.0,19330560.0,1336277472.0000002,0.009685446526782424,000816
2020-10-15,1.49,1.51,1.48,1.5,8356700.0,12509418.0,1336277472.0000002,0.0062537161443667584,000816
2020-10-16,1.5,1.5,1.48,1.5,6714942.0,10004075.0,1336277472.0000002,0.005025110533330909,000816
2020-10-19,1.5,1.51,1.49,1.5,7845990.0,11753269.0,1336277472.0000002,0.005871527556516345,000816
2020-10-20,1.5,1.53,1.5,1.52,13782983.0,20824037.0,1336277472.0000002,0.010314461845541011,000816
2020-10-21,1.51,1.52,1.49,1.5,9432100.0,14120272.0,1336277472.0000002,0.007058489121935896,000816
2020-10-22,1.49,1.51,1.48,1.5,7700451.0,11533736.0,1336277472.0000002,0.005762613799419046,000816
2020-10-23,1.5,1.51,1.48,1.5,5867610.0,8778011.0,1336277472.0000002,0.004391011689524314,000816
2020-10-27,1.65,1.65,1.65,1.65,2682437.0,4426021.0,1336277472.0000002,0.0020073952126014737,000816
2020-10-28,1.82,1.82,1.82,1.82,1013700.0,1844934.0,1336277472.0000002,0.0007585999324547468,000816
2020-10-29,2.0,2.0,2.0,2.0,4217574.0,8435148.0,1336277472.0000002,0.003156211257297915,000816
2020-10-30,2.2,2.2,2.18,2.2,119498336.0,262869727.0,1336277472.0000002,0.08942628945255464,000816
2020-11-02,2.39,2.39,2.15,2.29,206744423.0,474381015.0,1336277472.0000002,0.1547166867151974,000816
2020-11-03,2.4,2.52,2.4,2.52,164953579.0,411471862.0,1336277472.0000002,0.12344261012880413,000816
2020-11-04,2.62,2.77,2.56,2.77,66252957.0,179659790.0,1336277472.0000002,0.04958023942500468,000816
2020-11-05,3.05,3.05,3.05,3.05,17397994.0,53063882.0,1336277472.0000002,0.01301974654557373,000816
2020-11-06,3.3,3.36,3.2,3.36,274781827.0,916565777.0,1336277472.0000002,0.20563231271775864,000816
2020-11-09,3.6,3.7,3.26,3.7,183601287.0,650739068.0,1336277472.0000002,0.13739757711039222,000816
2020-11-10,4.0,4.07,3.56,3.88,304741802.0,1198611958.0,1336277472.0000002,0.22805278722831,000816
2020-11-11,3.9,4.27,3.9,4.27,190173557.0,789482631.0,1336277472.0000002,0.14231591939911112,000816
2020-11-12,4.47,4.7,4.3,4.7,304501489.0,1410130819.0,1336277472.0000002,0.2278729495785438,000816
2020-11-13,5.0,5.12,4.28,4.36,415763723.0,1962257096.0,1336277472.0000002,0.3111357721070672,000816
2020-11-16,4.4,4.8,4.17,4.8,339484626.0,1545678558.0,1336277472.0000002,0.25405249516920686,000816
2020-11-17,4.7,4.75,4.32,4.32,311540542.0,1380378232.0,1336277472.0000002,0.23314060779137338,000816
2020-11-18,4.05,4.2,3.96,4.09,294882524.0,1197582957.0,1336277472.0000002,0.22067462048780237,000816
2020-11-19,4.15,4.33,3.84,4.23,351187816.0,1428822407.0,1336277472.0000002,0.26281054897556483,000816
2020-11-20,4.05,4.25,3.9,4.16,246013259.0,1007191289.0,1336277472.0000002,0.18410342474141475,000816
2020-11-23,4.3,4.58,4.15,4.58,365819438.0,1626417819.0,1336277472.0000002,0.2737600877551874,000816
2020-11-24,4.12,4.19,4.12,4.12,176361500.0,726995030.0,1336277472.0000002,0.13197970009629853,000816
2020-11-25,3.85,3.91,3.71,3.71,311562496.0,1177134864.0,1336277472.0000002,0.23315703701394133,000816
2020-11-26,3.61,3.72,3.53,3.68,159834941.0,581831487.0,1336277472.0000002,0.11961208981602885,000816
2020-11-27,3.67,3.72,3.57,3.61,135671115.0,491606722.0,1336277472.0000002,0.10152914932924947,000816
2020-11-30,3.51,3.73,3.46,3.55,155923535.0,561994450.0,1336277472.0000002,0.11668499863776793,000816
2020-12-01,3.51,3.71,3.46,3.69,189895039.0,681956664.0,1336277472.0000002,0.14210749113040497,000816
2020-12-02,3.66,3.95,3.55,3.79,257123481.0,964445614.0,1336277472.0000002,0.19241773238544874,000816
2020-12-03,3.67,3.71,3.5,3.53,189540062.0,679598483.0,1336277472.0000002,0.14184184495478794,000816
2020-12-04,3.4,3.49,3.37,3.4,125403807.0,428423333.0,1336277472.0000002,0.09384563432945457,000816
2020-12-07,3.4,3.47,3.32,3.35,98673497.0,333986398.0,1336277472.0000002,0.07384207177594324,000816
2020-12-08,3.34,3.45,3.29,3.43,130558366.0,439981647.0,1336277472.0000002,0.09770303603531826,000816
2020-12-09,3.39,3.45,3.26,3.27,112859547.0,378177166.0,1336277472.0000002,0.08445816783177797,000816
2020-12-10,3.23,3.6,3.21,3.39,203758431.0,705113845.0,1336277472.0000002,0.15248212685576126,000816
2020-12-11,3.32,3.37,3.07,3.18,166510282.0,534993502.0,1336277472.0000002,0.12460756503721106,000816
2020-12-14,3.12,3.25,3.11,3.22,99117198.0,314635784.0,1336277472.0000002,0.07417411434142622,000816
2020-12-15,3.22,3.54,3.18,3.54,223183352.0,763338558.0,1336277472.0000002,0.16701871929784354,000816
2020-12-16,3.58,3.89,3.48,3.89,305454559.0,1132513879.0,1336277472.0000002,0.22858617719778482,000816
2020-12-17,3.99,4.28,3.89,4.28,262105890.0,1091871271.0,1336277472.0000002,0.19614630605701025,000816
2020-12-18,4.5,4.7,4.0,4.23,466333869.0,2052491744.0,1336277472.0000002,0.34897981801791533,000816
2020-12-21,4.13,4.6,4.12,4.35,356312679.0,1572289508.0,1336277472.0000002,0.26664572775196793,000816
2020-12-22,4.01,4.29,3.92,4.05,315996845.0,1281934449.0,1336277472.0000002,0.23647547131588548,000816
2020-12-23,3.91,4.3,3.68,4.15,295463400.0,1159583224.0,1336277472.0000002,0.221109317631301,000816
2020-12-24,4.0,4.13,3.84,3.85,195933156.0,776465737.0,1336277472.0000002,0.1466261013191727,000816
2020-12-25,3.71,3.93,3.61,3.76,174886258.0,655008392.0,1336277472.0000002,0.1308757063293513,000816
2020-12-28,3.76,4.14,3.7,4.14,240754553.0,965656743.0,1336277472.0000002,0.18016808488110167,000816
2020-12-29,4.34,4.55,4.02,4.04,366522303.0,1588063305.0,1336277472.0000002,0.2742860750704925,000816
2020-12-30,4.09,4.24,3.79,4.02,244970261.0,981897698.0,1336277472.0000002,0.18332289972183258,000816
2020-12-31,3.93,4.08,3.86,3.95,181804942.0,718337822.0,1336277472.0000002,0.13605328669343905,000816
2021-01-04,3.95,4.3,3.88,4.18,238532417.0,973534905.0,1336277472.0000002,0.1785051548036574,000816
2021-01-05,4.05,4.12,3.95,3.96,180494803.0,722819960.0,1336277472.0000002,0.135072847355463,000816
2021-01-06,3.94,3.96,3.81,3.87,121595041.0,469121431.0,1336277472.0000002,0.09099535354585397,000816
2021-01-07,3.82,3.9,3.68,3.69,118268130.0,446216979.0,1336277472.0000002,0.0885056677809502,000816
2021-01-08,3.67,3.67,3.48,3.56,98755314.0,349208887.0,1336277472.0000002,0.07390329932913813,000816
2021-01-11,3.55,3.55,3.25,3.37,109075882.0,369998357.0,1336277472.0000002,0.08162667132055039,000816
2021-01-12,3.32,3.5,3.32,3.48,78790222.0,270095447.0,1336277472.0000002,0.058962471231424,000816
2021-01-13,3.46,3.46,3.32,3.34,71146797.0,239247352.0,1336277472.0000002,0.053242532700573726,000816
2021-01-14,3.31,3.32,3.16,3.18,72296881.0,231880005.0,1336277472.0000002,0.05410319526811568,000816
2021-01-15,3.13,3.4,3.1,3.33,85926609.0,282866087.0,1336277472.0000002,0.0643029691067036,000816
2021-01-18,3.33,3.49,3.29,3.42,77916666.0,265968151.0,1336277472.0000002,0.05830874772092243,000816
2021-01-19,3.39,3.39,3.31,3.32,70334792.0,234493137.0,1336277472.0000002,0.052634870731398505,000816
2021-01-20,3.26,3.45,3.23,3.35,59630096.0,199116829.0,1336277472.0000002,0.04462403748433468,000816
2021-01-21,3.36,3.52,3.32,3.42,95955457.0,327743767.0,1336277472.0000002,0.07180803314478086,000816
2021-01-22,3.34,3.36,3.26,3.28,72505961.0,238943110.0,1336277472.0000002,0.0542596597782051,000816
2021-01-25,3.2,3.25,3.17,3.24,56737548.0,181860698.0,1336277472.0000002,0.04245940621529837,000816
2021-01-26,3.2,3.38,3.16,3.24,56758688.0,186010023.0,1336277472.0000002,0.04247522628294372,000816
2021-01-27,3.2,3.22,3.14,3.17,44878756.0,142061669.0,1336277472.0000002,0.033584908030238794,000816
2021-01-28,3.13,3.26,3.11,3.16,49249997.0,156969662.0,1336277472.0000002,0.03685611561368894,000816
2021-01-29,3.14,3.19,2.97,3.05,53606837.0,165579485.0,1336277472.0000002,0.040116546243772935,000816
2021-02-01,3.02,3.09,2.88,2.94,56504202.0,167282363.0,1336277472.0000002,0.04228478230305748,000816
2021-02-02,2.94,3.23,2.84,3.23,119098951.0,365582088.0,1336277472.0000002,0.08912741065801638,000816
2021-02-03,3.25,3.34,3.09,3.15,126534201.0,407474702.0,1336277472.0000002,0.09469156193332876,000816
2021-02-04,3.05,3.08,2.96,2.99,73614917.0,221150341.0,1336277472.0000002,0.05508954430685784,000816
2021-02-05,2.99,3.06,2.95,2.99,43843317.0,131141933.0,1336277472.0000002,0.03281003976994382,000816
2021-02-08,2.97,3.06,2.88,2.99,42323860.0,125629046.0,1336277472.0000002,0.03167295781515651,000816
2021-02-09,3.03,3.03,2.95,3.0,41484101.0,124323199.0,1336277472.0000002,0.0310445262075031,000816
2021-02-10,2.98,3.12,2.96,3.03,43255489.0,130827981.0,1336277472.0000002,0.03237014011413342,000816
2021-02-18,3.06,3.32,3.04,3.22,92054552.0,292436260.0,1336277472.0000002,0.06888880036436024,000816
2021-02-19,3.19,3.38,3.15,3.3,93196171.0,304271366.0,1336277472.0000002,0.06974312816971592,000816
2021-02-22,3.4,3.63,3.36,3.63,153575849.0,543770861.0,1336277472.0000002,0.11492811352281779,000816
2021-02-23,3.71,3.84,3.54,3.6,209021154.0,775811216.0,1336277472.0000002,0.156420472828266,000816
2021-02-24,3.51,3.6,3.37,3.46,119056883.0,413755072.0,1336277472.0000002,0.08909592917241067,000816
2021-02-25,3.46,3.48,3.28,3.35,87750591.0,294557710.0,1336277472.0000002,0.06566794160546918,000816
2021-02-26,3.37,3.69,3.31,3.69,151871413.0,543167869.0,1336277472.0000002,0.11365260298274338,000816
2021-03-01,3.7,4.05,3.66,3.88,290606971.0,1120660508.0,1336277472.0000002,0.21747502078670075,000816
2021-03-02,3.73,3.85,3.66,3.69,170642101.0,636123122.0,1336277472.0000002,0.12769960174858053,000816
2021-03-03,3.66,3.98,3.6,3.88,205321924.0,785602502.0,1336277472.0000002,0.15365216304417348,000816
2021-03-04,3.73,3.84,3.66,3.77,137266216.0,513023191.0,1336277472.0000002,0.1027228392876775,000816
2021-03-05,3.7,3.87,3.56,3.72,133716018.0,495977962.0,1336277472.0000002,0.10006605723874687,000816
2021-03-08,3.72,3.73,3.55,3.55,105633433.0,381804449.0,1336277472.0000002,0.07905052297401896,000816
2021-03-09,3.5,3.5,3.27,3.34,85497985.0,288612599.0,1336277472.0000002,0.06398220937754459,000816
2021-03-10,3.33,3.39,3.27,3.31,48577471.0,161944407.0,1336277472.0000002,0.03635283241533237,000816
2021-03-11,3.31,3.38,3.22,3.36,54559293.0,181159279.0,1336277472.0000002,0.04082931437760554,000816
2021-03-12,3.36,3.44,3.28,3.37,61104585.0,204927668.0,1336277472.0000002,0.04572746774556115,000816
2021-03-15,3.37,3.39,3.3,3.32,41706901.0,139235387.0,1336277472.0000002,0.03121125804626301,000816
2021-03-16,3.33,3.37,3.3,3.33,43117602.0,143624281.0,1336277472.0000002,0.03226695271264739,000816
2021-03-17,3.32,3.65,3.28,3.52,117482063.0,410818272.0,1336277472.0000002,0.08791741645106473,000816
2021-03-18,3.44,3.46,3.36,3.38,70885968.0,240873094.0,1336277472.0000002,0.05304734195204631,000816
2021-03-19,3.33,3.44,3.32,3.4,55811251.0,188528421.0,1336277472.0000002,0.04176621410556863,000816
2021-03-22,3.36,3.41,3.33,3.39,45729415.0,154231399.0,1336277472.0000002,0.034221496626413224,000816
2021-03-23,3.38,3.41,3.3,3.34,47577600.0,159186131.0,1336277472.0000002,0.035604581381433326,000816
2021-03-24,3.3,3.36,3.25,3.25,42831313.0,141035341.0,1336277472.0000002,0.03205270903496904,000816
2021-03-25,3.25,3.31,3.23,3.24,33520814.0,109548093.0,1336277472.0000002,0.025085219725982176,000816
2021-03-26,3.22,3.25,3.17,3.24,41656201.0,133667991.0,1336277472.0000002,0.03117331682442671,000816
2021-03-29,3.24,3.27,3.18,3.19,41416400.0,133079344.0,1336277472.0000002,0.030993862328616728,000816
2021-03-30,3.19,3.19,3.1,3.11,42756833.0,133448409.0,1336277472.0000002,0.03199697210790065,000816
2021-03-31,3.08,3.17,3.06,3.13,31809241.0,98997538.0,1336277472.0000002,0.023804368229295415,000816
2021-04-01,3.13,3.14,3.09,3.12,25090176.0,77944206.0,1336277472.0000002,0.018776172258930364,000816
2021-04-02,3.13,3.18,3.11,3.15,28973172.0,91182850.0,1336277472.0000002,0.02168200288270668,000816
2021-04-06,3.14,3.21,3.13,3.2,31848934.0,101438342.0,1336277472.0000002,0.023834072389420626,000816
2021-04-07,3.2,3.37,3.16,3.28,65764266.0,215282243.0,1336277472.0000002,0.0492145287023143,000816
2021-04-08,3.27,3.38,3.2,3.27,62771652.0,205352107.0,1336277472.0000002,0.046975013285264745,000816
2021-04-09,3.21,3.24,3.2,3.2,32220461.0,103596348.0,1336277472.0000002,0.024112103717333338,000816
2021-04-12,3.2,3.2,3.12,3.13,29529760.0,93213830.0,1336277472.0000002,0.022098524160407303,000816
2021-04-13,3.13,3.19,3.11,3.17,25844050.0,81661923.0,1336277472.0000002,0.019340332035471145,000816
2021-04-14,3.17,3.2,3.14,3.16,19711133.0,62275381.0,1336277472.0000002,0.014750778496997663,000816
2021-04-15,3.18,3.19,3.13,3.13,16587301.0,52118978.0,1336277472.0000002,0.012413066408411319,000816
2021-04-16,3.13,3.2,3.13,3.17,28745859.0,91067335.0,1336277472.0000002,0.021511893751360044,000816
2021-04-19,3.17,3.25,3.15,3.22,41408384.0,133004354.0,1336277472.0000002,0.03098786357448971,000816
2021-04-20,3.2,3.28,3.19,3.21,40202767.0,130012458.0,1336277472.0000002,0.030085643021302084,000816
2021-04-21,3.19,3.2,3.15,3.16,25701600.0,81275387.0,1336277472.0000002,0.019233729924019848,000816
2021-04-22,3.15,3.19,3.14,3.15,21062800.0,66456235.0,1336277472.0000002,0.01576229521289123,000816
2021-04-23,3.15,3.28,3.12,3.19,44546349.0,142093542.0,1336277472.0000002,0.03333615205929326,000816
2021-04-26,3.16,3.18,3.13,3.13,29486795.0,92701239.0,1336277472.0000002,0.022066371407030647,000816
2021-04-27,3.13,3.15,3.05,3.12,27259427.0,84229806.0,1336277472.0000002,0.020399525975096283,000816
2021-04-28,3.13,3.14,3.08,3.09,17275791.0,53453194.0,1336277472.0000002,0.01292829622738712,000816
2021-04-29,3.08,3.1,3.06,3.07,17365700.0,53410473.0,1336277472.0000002,0.012995579409124393,000816
2021-04-30,3.08,3.09,3.03,3.04,19300500.0,58944299.0,1336277472.0000002,0.014443482288983763,000816
2021-05-06,3.03,3.11,3.02,3.06,26072739.0,79842444.0,1336277472.0000002,0.019511470893075113,000816
2021-05-07,3.07,3.12,3.04,3.09,29558134.0,91067038.0,1336277472.0000002,0.02211975777437936,000816
2021-05-10,3.09,3.09,3.03,3.06,30337111.0,92513075.0,1336277472.0000002,0.022702703319988315,000816
2021-05-11,3.06,3.06,3.02,3.04,23836540.0,72382955.0,1336277472.0000002,0.017838016803743584,000816
2021-05-12,3.04,3.33,3.02,3.17,99904595.0,317737682.0,1336277472.0000002,0.07476336097358077,000816
2021-05-13,3.12,3.13,3.06,3.07,57684795.0,178301400.0,1336277472.0000002,0.04316827620663502,000816
2021-05-14,3.06,3.08,3.05,3.07,28328400.0,86849730.0,1336277472.0000002,0.0211994893228283,000816
2021-05-17,3.07,3.07,3.04,3.05,21272400.0,64879782.0,1336277472.0000002,0.01591914886371743,000816
2021-05-18,3.05,3.06,3.04,3.05,15730301.0,47963923.0,1336277472.0000002,0.011771732540290852,000816
2021-05-19,3.05,3.06,3.03,3.05,16751301.0,50982058.0,1336277472.0000002,0.01253579541001197,000816
2021-05-20,3.05,3.06,3.03,3.05,20748100.0,63123879.0,1336277472.0000002,0.015526790232380716,000816
2021-05-21,3.04,3.06,3.04,3.05,15634701.0,47678728.0,1336277472.0000002,0.011700190512528522,000816
2021-05-24,3.06,3.09,3.04,3.05,18229181.0,55712521.0,1336277472.0000002,0.013641763317850797,000816
2021-05-25,3.05,3.05,3.03,3.05,17468479.0,53110882.0,1336277472.0000002,0.013072493824097033,000816
2021-05-26,3.03,3.15,3.03,3.08,44844203.0,138107071.0,1336277472.0000002,0.03355905037662716,000816
2021-05-27,3.06,3.07,3.04,3.05,30610500.0,93431450.0,1336277472.0000002,0.02290729331400417,000816
2021-05-28,3.05,3.06,3.03,3.03,21453662.0,65253926.0,1336277472.0000002,0.016054795841084116,000816
2021-05-31,3.03,3.04,3.02,3.02,21604003.0,65391600.0,1336277472.0000002,0.016167303163216087,000816
2021-06-01,3.03,3.04,3.01,3.03,20060930.0,60753441.0,1336277472.0000002,0.015012548232198287,000816
2021-06-02,3.03,3.07,3.02,3.05,28615336.0,86962039.0,1336277472.0000002,0.02141421718138491,000816
2021-06-03,3.04,3.04,3.02,3.03,22320965.0,67566194.0,1336277472.0000002,0.016703839934225872,000816
2021-06-04,3.03,3.08,3.01,3.04,36590290.0,111639241.0,1336277472.0000002,0.02738225463401361,000816
2021-06-07,3.04,3.06,3.01,3.01,29139019.0,88170324.0,1336277472.0000002,0.021806114082270477,000816
2021-06-08,3.01,3.03,2.97,2.97,32418705.0,97072517.0,1336277472.0000002,0.02426045913314626,000816
2021-06-09,2.97,3.01,2.95,2.97,22787768.0,67789227.0,1336277472.0000002,0.017053170825287994,000816
2021-06-10,2.96,2.97,2.92,2.93,26033621.0,76580015.0,1336277472.0000002,0.019482197032803076,000816
2021-06-11,2.92,2.94,2.89,2.89,25782426.0,74870851.0,1336277472.0000002,0.01929421586477213,000816
2021-06-15,2.89,2.9,2.83,2.83,20637674.0,58992789.0,1336277472.0000002,0.01544415320353466,000816
2021-06-16,2.83,2.84,2.73,2.74,28381810.0,78621771.0,1336277472.0000002,0.021239458566581295,000816
2021-06-17,2.74,2.79,2.71,2.76,18430320.0,50768622.0,1336277472.0000002,0.013792285199881,000816
2021-06-18,2.78,3.0,2.76,2.91,60811442.0,178054348.0,1336277472.0000002,0.04550809489363298,000816
2021-06-21,2.84,2.9,2.81,2.88,38805575.0,110797679.0,1336277472.0000002,0.029040057782250776,000816
2021-06-22,2.86,2.94,2.85,2.9,29961940.0,86798932.0,1336277472.0000002,0.022421945013527844,000816
2021-06-23,2.89,2.92,2.86,2.87,21837401.0,62734734.0,1336277472.0000002,0.016341965989530652,000816
2021-06-24,2.87,2.87,2.8,2.82,24263515.0,68508715.0,1336277472.0000002,0.018157542507758445,000816
2021-06-25,2.81,2.83,2.78,2.81,16675700.0,46759294.0,1336277472.0000002,0.012479219585316781,000816
2021-06-28,2.81,2.84,2.78,2.79,14636500.0,41090978.0,1336277472.0000002,0.010953189219072608,000816
2021-06-29,2.78,2.79,2.75,2.76,14363301.0,39671062.0,1336277472.0000002,0.010748741411095194,000816
2021-06-30,2.77,2.77,2.74,2.75,11324470.0,31206843.0,1336277472.0000002,0.008474639614368952,000816
2021-07-01,2.75,2.84,2.75,2.77,20468600.0,57085519.0,1336277472.0000002,0.015317627086360096,000816
2021-07-02,2.75,2.79,2.72,2.75,14306900.0,39301100.0,1336277472.0000002,0.01070653385975813,000816
2021-07-05,2.75,2.84,2.72,2.8,23054755.0,63736902.0,1336277472.0000002,0.017252969898155997,000816
2021-07-06,2.78,2.82,2.76,2.79,18857887.0,52567846.0,1336277472.0000002,0.014112253925657736,000816
2021-07-07,2.79,2.99,2.78,2.9,66678470.0,193570234.0,1336277472.0000002,0.049898671044871126,000816
2021-07-08,2.82,2.92,2.8,2.8,45311872.0,128574871.0,1336277472.0000002,0.03390902933668554,000816
2021-07-09,2.8,2.81,2.74,2.78,20532803.0,56952058.0,1336277472.0000002,0.01536567324544404,000816
2021-07-12,2.8,2.84,2.8,2.8,18873803.0,53075596.0,1336277472.0000002,0.014124164625593566,000816
2021-07-13,2.82,2.82,2.78,2.81,21103323.0,59197150.0,1336277472.0000002,0.015792620501500154,000816
2021-07-14,2.82,2.83,2.78,2.78,16855200.0,47175671.0,1336277472.0000002,0.012613547974263834,000816
2021-07-15,2.79,2.79,2.75,2.76,15558100.0,42958604.0,1336277472.0000002,0.0116428663402626,000816
2021-07-16,2.74,2.77,2.74,2.75,12273018.0,33829975.0,1336277472.0000002,0.00918448320589513,000816
2021-07-19,2.75,2.83,2.75,2.8,25941500.0,72318794.0,1337777472.0000002,0.019391491143304285,000816
2021-07-20,2.78,2.8,2.75,2.77,15125900.0,41879176.0,1337777472.0000002,0.011306738464796032,000816
2021-07-21,2.77,2.79,2.75,2.77,16542475.0,45784366.0,1337777472.0000002,0.012365640284903823,000816
2021-07-22,2.77,2.78,2.75,2.77,15535975.0,42871212.0,1337777472.0000002,0.011613273003299607,000816
2021-07-23,2.77,2.83,2.75,2.81,32736771.0,91253298.0,1337777472.0000002,0.024471013815965944,000816
2021-07-26,2.85,2.94,2.81,2.9,70586787.0,203492667.0,1337777472.0000002,0.05276422161188852,000816
2021-07-27,2.88,2.9,2.77,2.78,46723369.0,131576995.0,1337777472.0000002,0.03492611437846069,000816
2021-07-28,2.75,2.75,2.56,2.67,30003320.0,80180619.0,1337777472.0000002,0.022427736023349625,000816
2021-07-29,2.69,2.71,2.66,2.69,21305183.0,57112688.0,1337777472.0000002,0.015925804886031146,000816
2021-07-30,2.68,2.68,2.63,2.67,16880200.0,44913929.0,1337777472.0000002,0.012618092585132124,000816
2021-08-02,2.66,2.77,2.64,2.73,22338367.0,60382901.0,1337777472.0000002,0.016698118683822472,000816
2021-08-03,2.73,2.8,2.72,2.76,25728574.0,71037155.0,1337777472.0000002,0.01923232715343557,000816
2021-08-04,2.78,2.78,2.71,2.76,21992525.0,60167928.0,1337777472.0000002,0.016439598857290367,000816
2021-08-05,2.88,3.04,2.88,3.04,90927286.0,272007726.0,1337777472.0000002,0.06796891703076906,000816
2021-08-06,3.25,3.25,2.95,2.96,162142831.0,501773993.0,1337777472.0000002,0.12120314057732912,000816
2021-08-09,2.9,3.18,2.9,3.17,145790391.0,452132815.0,1337777472.0000002,0.1089795530657583,000816
2021-08-10,3.09,3.13,3.05,3.07,78886779.0,242709317.0,1337777472.0000002,0.05896853598682815,000816
2021-08-11,3.07,3.12,3.02,3.09,58262543.0,178612579.0,1337777472.0000002,0.04355174475534896,000816
2021-08-12,3.07,3.08,2.99,3.0,51884933.0,156506572.0,1337777472.0000002,0.038784427220493654,000816
2021-08-13,3.0,3.05,2.97,3.0,37390781.0,112141826.0,1337777472.0000002,0.027949925740713918,000816
2021-08-16,3.02,3.02,2.94,2.94,30815300.0,91493857.0,1337777472.0000002,0.023034697956103713,000816
2021-08-17,2.94,2.96,2.88,2.9,27463886.0,80059232.0,1337777472.0000002,0.02052948758281975,000816
2021-08-18,2.91,2.92,2.87,2.91,21669792.0,62788351.0,1337777472.0000002,0.01619835320414186,000816
2021-08-19,2.9,2.9,2.81,2.89,28784206.0,82214821.0,1337777472.0000002,0.021516437974521366,000816
2021-08-20,2.87,2.88,2.82,2.86,19300000.0,54930142.0,1337777472.0000002,0.01442691359658357,000816
2021-08-23,2.86,2.97,2.86,2.92,31358058.0,91471401.0,1337777472.0000002,0.023440414161795656,000816
2021-08-24,2.93,2.98,2.9,2.96,35160245.0,103568533.0,1337777472.0000002,0.02628258117356008,000816
2021-08-25,3.0,3.0,2.93,2.96,22859955.0,67735142.0,1337777472.0000002,0.017088010135066764,000816
2021-08-26,2.99,3.1,2.93,3.04,71315789.0,216702631.0,1337777472.0000002,0.05330915678627902,000816
2021-08-27,3.06,3.15,3.03,3.05,56090240.0,173009304.0,1337777472.0000002,0.041927929849307544,000816
2021-08-30,3.01,3.04,2.96,3.0,33571173.0,100501427.0,1337777472.0000002,0.02509473638378027,000816
2021-08-31,3.02,3.09,3.0,3.07,41833534.0,127527654.0,1337777472.0000002,0.03127092126724047,000816
2021-09-01,3.08,3.12,2.98,3.0,35804845.0,108193441.0,1337777472.0000002,0.026764425137516437,000816
2021-09-02,3.0,3.04,2.97,3.01,26451331.0,79404473.0,1337777472.0000002,0.019772594137390284,000816
2021-09-03,3.0,3.07,2.98,3.02,36421404.0,110252439.0,1337777472.0000002,0.027225308216283068,000816
2021-09-06,3.0,3.03,2.94,2.97,29745281.0,88320836.0,1337777472.0000002,0.022234849683580256,000816
2021-09-07,2.96,3.03,2.95,3.02,31311759.0,93696583.0,1337777472.0000002,0.023405805266841863,000816
2021-09-08,3.32,3.32,3.32,3.32,39584348.0,131420035.0,1337777472.0000002,0.029589635666999774,000816
2021-09-09,3.65,3.65,3.65,3.65,17378051.0,63429886.0,1337777472.0000002,0.01299024042766957,000816
2021-09-10,4.02,4.02,4.02,4.02,38186315.0,153508986.0,1337777472.0000002,0.028544594149063376,000816
2021-09-13,4.42,4.42,4.05,4.42,354077169.0,1522997871.0,1337777472.0000002,0.2646756851650735,000816
2021-09-14,4.56,4.75,4.19,4.19,341111384.0,1535664616.0,1337777472.0000002,0.25498365097300724,000816
2021-09-15,4.28,4.45,4.15,4.18,233594740.0,994439235.0,1337777472.0000002,0.17461404821743026,000816
2021-09-16,4.1,4.2,3.76,3.8,228396286.0,906531396.0,1337777472.0000002,0.17072815978769895,000816
2021-09-17,3.76,3.85,3.58,3.85,170428633.0,636792337.0,1337777472.0000002,0.12739684780698712,000816
2021-09-22,3.85,3.91,3.74,3.78,122216119.0,467123150.0,1337777472.0000002,0.09135758491827853,000816
2021-09-23,3.79,3.85,3.71,3.71,89154862.0,334996632.0,1337777472.0000002,0.06664401506680476,000816
2021-09-24,3.73,3.75,3.54,3.57,94872242.0,346452287.0,1337777472.0000002,0.0709178050802159,000816
2021-09-27,3.57,3.69,3.4,3.42,91258210.0,321085298.0,1337777472.0000002,0.06821628552584864,000816
2021-09-28,3.4,3.47,3.34,3.42,63936651.0,217653982.0,1337777472.0000002,0.04779318858196469,000816
2021-09-29,3.4,3.53,3.37,3.46,89324612.0,309118845.0,1337777472.0000002,0.06677090463069181,000816
2021-09-30,3.47,3.47,3.32,3.36,75618181.0,255081768.0,1340881472.0,0.056394381292487576,000816
2021-10-08,3.39,3.54,3.36,3.46,71020803.0,245254141.0,1340881472.0,0.052965757587856356,000816
2021-10-11,3.43,3.73,3.43,3.53,102359898.0,364871515.0,1340881472.0,0.07633776745928517,000816
2021-10-12,3.46,3.51,3.26,3.32,73294469.0,246954944.0,1340881472.0,0.05466140783545706,000816
2021-10-13,3.29,3.42,3.21,3.37,61542823.0,202869828.0,1340881472.0,0.045897287929711955,000816
2021-10-14,3.33,3.37,3.27,3.3,35416530.0,117529034.0,1340881472.0,0.02641287148757023,000816
2021-10-15,3.31,3.45,3.3,3.33,44307354.0,149347870.0,1340881472.0,0.033043453075619796,000816
2021-10-18,3.33,3.43,3.27,3.41,50494001.0,170039166.0,1340881472.0,0.03765731875218274,000816
2021-10-19,3.4,3.47,3.36,3.4,47765699.0,163325279.0,1340881472.0,0.03562261094469057,000816
2021-10-20,3.41,3.5,3.37,3.5,55274500.0,190414683.0,1340881472.0,0.04122251008327752,000816
2021-10-21,3.51,3.51,3.36,3.39,54636208.0,186937131.0,1340881472.0,0.04074648590565356,000816
2021-10-22,3.35,3.37,3.25,3.26,48195851.0,158496405.0,1340881472.0,0.03594340887424836,000816
2021-10-25,3.25,3.31,3.23,3.31,24438000.0,80157478.0,1340881472.0,0.018225324542332104,000816
2021-10-26,3.32,3.35,3.25,3.29,29747701.0,98062440.0,1340881472.0,0.022185183121092453,000816
2021-10-27,3.27,3.32,3.18,3.19,37029450.0,119486127.0,1340881472.0,0.027615751856701024,000816
2021-10-28,3.14,3.15,3.04,3.05,45452182.0,139972653.0,1340881472.0,0.03389724069511194,000816
2021-10-29,3.06,3.13,3.02,3.12,31955790.0,98535520.0,1340881472.0,0.023831927480015176,000816
2021-11-01,3.28,3.43,3.18,3.43,34203714.0,115062566.0,1340881472.0,0.02550837990846666,000816
2021-11-02,3.6,3.6,3.36,3.47,137103366.0,477282201.0,1340881472.0,0.10224868406564126,000816
2021-11-03,3.53,3.59,3.39,3.4,77316445.0,268063277.0,1340881472.0,0.057660909345460774,000816
2021-11-04,3.45,3.59,3.41,3.52,79258703.0,278307496.0,1340881472.0,0.05910940277352121,000816
2021-11-05,3.48,3.54,3.41,3.42,52601003.0,181883275.0,1340881472.0,0.039228674643063455,000816
2021-11-08,3.42,3.53,3.42,3.44,43805560.0,151340727.0,1340881472.0,0.03266922611337268,000816
2021-11-09,3.41,3.46,3.4,3.42,34345805.0,117737563.0,1340881472.0,0.0256143482606045,000816
2021-11-10,3.42,3.68,3.37,3.64,96223473.0,338323779.0,1340881472.0,0.07176135624909284,000816
2021-11-11,3.6,3.6,3.5,3.53,62965600.0,222861743.0,1340881472.0,0.04695836381875221,000816
2021-11-12,3.52,3.53,3.46,3.49,37954800.0,132449686.0,1340881472.0,0.02830585759633794,000816
2021-11-15,3.49,3.58,3.42,3.53,52973920.0,185939148.0,1340881472.0,0.039506787964626304,000816
2021-11-16,3.5,3.64,3.5,3.5,52858610.0,188301073.0,1340881472.0,0.039420792295055296,000816
2021-11-17,3.48,3.59,3.45,3.54,41576683.0,146131016.0,1340881472.0,0.031006978519873232,000816
2021-11-18,3.55,3.89,3.54,3.89,96642608.0,367111575.0,1340881472.0,0.07207393794162292,000816
2021-11-19,3.8,3.92,3.71,3.83,129207670.0,494901292.0,1340881472.0,0.09636024711959029,000816
2021-11-22,3.83,4.03,3.81,3.97,104147429.0,409739692.0,1340881472.0,0.07767086888348025,000816
2021-11-23,3.93,4.3,3.87,4.11,124429084.0,503817351.0,1340881472.0,0.09279648246194873,000816
2021-11-24,4.1,4.12,4.01,4.01,62252984.0,252155685.0,1340881472.0,0.046426910431647754,000816
2021-11-25,4.01,4.03,3.9,3.91,67197784.0,264702671.0,1340881472.0,0.050114633845876576,000816
2021-11-26,3.92,3.99,3.87,3.94,63483282.0,249510085.0,1340881472.0,0.04734443970301948,000816
2021-11-29,3.84,4.13,3.79,4.07,87562290.0,352746607.0,1340881472.0,0.06530203588345204,000816
2021-11-30,4.1,4.12,3.93,3.98,61013500.0,243366807.0,1340881472.0,0.04550253044289958,000816
2021-12-01,3.95,4.06,3.92,4.03,43052545.0,172369186.0,1340881472.0,0.03210764403790643,000816
2021-12-02,4.03,4.18,4.01,4.01,51158700.0,208685997.0,1340881472.0,0.03815303669137431,000816
2021-12-03,4.0,4.03,3.94,3.97,36141933.0,143810577.0,1340881472.0,0.02695386113889118,000816
2021-12-06,3.94,4.25,3.88,4.17,96514815.0,394872160.0,1340881472.0,0.07197863272436954,000816
2021-12-07,4.16,4.18,4.02,4.07,56007412.0,229249000.0,1340881472.0,0.041769099782146886,000816
2021-12-08,4.06,4.11,4.02,4.08,33607401.0,136457455.0,1340881472.0,0.02506366274855948,000816
2021-12-09,4.09,4.22,4.06,4.17,66278903.0,275418570.0,1340881472.0,0.049429352544592395,000816
2021-12-10,4.11,4.34,4.1,4.15,67027159.0,281963406.0,1340881472.0,0.04998738546221034,000816
2021-12-13,4.14,4.15,4.02,4.07,52437615.0,213351129.0,1340881472.0,0.03910682345530985,000816
2021-12-14,4.05,4.13,4.01,4.06,34043857.0,138128764.0,1340881472.0,0.025389162063088003,000816
2021-12-15,4.07,4.09,4.01,4.02,29140830.0,117513072.0,1340881472.0,0.021732592036292974,000816
2021-12-16,4.02,4.03,3.9,3.93,42255795.0,166633988.0,1340881472.0,0.03151344535842762,000816
2021-12-17,3.9,3.96,3.89,3.93,23489546.0,92293133.0,1340881472.0,0.01751798834610193,000816
2021-12-20,3.88,3.94,3.76,3.8,41464252.0,159271251.0,1340881472.0,0.030923129945373724,000816
2021-12-21,3.74,4.05,3.73,3.93,38090973.0,148592095.0,1340881472.0,0.028407412433841133,000816
2021-12-22,3.9,3.98,3.87,3.91,28747801.0,112481095.0,1340881472.0,0.021439479626130593,000816
2021-12-23,3.9,3.95,3.87,3.92,24077300.0,94274215.0,1340881472.0,0.01795632239148428,000816
2021-12-24,3.92,3.93,3.81,3.82,28766235.0,110983205.0,1340881472.0,0.02145322729912402,000816
2021-12-27,3.86,3.95,3.82,3.89,30101460.0,117399218.0,1340881472.0,0.022449008826337186,000816
2021-12-28,3.89,4.28,3.85,4.07,74536026.0,302751234.0,1340881472.0,0.055587333822150094,000816
2021-12-29,4.05,4.1,3.96,3.98,43768546.0,175359560.0,1340881472.0,0.032641621883787206,000816
2021-12-30,3.99,4.05,3.97,3.99,26299477.0,105479962.0,1340881472.0,0.019613573271896174,000816
2021-12-31,4.0,4.2,3.96,4.1,56113016.0,229397920.0,1344438222.0,0.04173714722014203,000816
2022-01-04,4.09,4.18,4.05,4.15,49445303.0,203713886.0,1344438222.0,0.03677766831594884,000816
2022-01-05,4.14,4.21,4.07,4.17,46337003.0,191606712.0,1344438222.0,0.034465698937857184,000816
2022-01-06,4.13,4.18,4.09,4.12,29769833.0,122889142.0,1344438222.0,0.022142953475180208,000816
2022-01-07,4.11,4.12,3.98,3.98,36666764.0,148392949.0,1344438222.0,0.027272925895735208,000816
2022-01-10,3.96,4.01,3.9,3.96,20933000.0,82992262.0,1344438222.0,0.01557007206241121,000816
2022-01-11,3.95,3.99,3.93,3.94,15300430.0,60496359.0,1344438222.0,0.01138053779610559,000816
2022-01-12,3.94,3.97,3.93,3.96,12696400.0,50152133.0,1344438222.0,0.009443647013480995,000816
2022-01-13,3.96,3.96,3.88,3.88,20515919.0,80380016.0,1344438222.0,0.015259845089408653,000816
2022-01-14,3.88,3.9,3.8,3.8,23144101.0,88897214.0,1344438222.0,0.017214700252697814,000816
2022-01-17,3.77,3.83,3.77,3.82,14933401.0,56795466.0,1344438222.0,0.011107539755738959,000816
2022-01-18,3.82,3.82,3.73,3.74,21347384.0,80308380.0,1344438222.0,0.015878292993071422,000816
2022-01-19,3.72,3.77,3.72,3.76,14855701.0,55710095.0,1344438222.0,0.011049746099824884,000816
2022-01-20,3.76,3.94,3.74,3.88,43945146.0,169351551.0,1344438222.0,0.03268662351374298,000816
2022-01-21,3.81,3.81,3.71,3.72,26911800.0,100674441.0,1344438222.0,0.020017133966903834,000816
2022-01-24,3.69,3.7,3.58,3.62,23261600.0,84619932.0,1344438222.0,0.01730209660760448,000816
2022-01-25,3.61,3.63,3.42,3.42,24032317.0,84539857.0,1344438222.0,0.01787535983933072,000816
2022-01-26,3.44,3.49,3.43,3.45,11321603.0,39087929.0,1344438222.0,0.008421065999713893,000816
2022-01-27,3.45,3.46,3.35,3.35,14682004.0,49734351.0,1344438222.0,0.010920549386165846,000816
2022-01-28,3.36,3.52,3.34,3.48,20653135.0,71195249.0,1344438222.0,0.015361907049381701,000816
2022-02-07,3.56,3.61,3.51,3.58,16789714.0,59916632.0,1344438222.0,0.012488274823831958,000816
2022-02-08,3.59,3.66,3.55,3.64,14708302.0,53146250.0,1344438222.0,0.010940109972565181,000816
2022-02-09,3.64,3.72,3.61,3.7,22616614.0,83219016.0,1344438222.0,0.016822352734330397,000816
2022-02-10,3.7,3.77,3.68,3.76,25730900.0,95870311.0,1344438222.0,0.01913877452972324,000816
2022-02-11,3.73,3.73,3.66,3.71,19995813.0,73730479.0,1344438222.0,0.014872987596450527,000816
2022-02-14,3.78,3.85,3.66,3.68,28580000.0,106751021.0,1344438222.0,0.02125794962708223,000816
2022-02-15,3.62,3.67,3.59,3.64,17342808.0,62851306.0,1344438222.0,0.012899668959277773,000816
2022-02-16,3.66,3.83,3.63,3.77,29194390.0,109109043.0,1344438222.0,0.02171493603965687,000816
2022-02-17,3.76,3.85,3.7,3.83,38657826.0,146812238.0,1344438222.0,0.028753887956630857,000816
2022-02-18,3.8,3.83,3.76,3.82,19605705.0,74532821.0,1344438222.0,0.014582823278286713,000816
2022-02-21,3.8,3.96,3.78,3.91,36045803.0,140018132.0,1344438222.0,0.026811051939878573,000816
2022-02-22,3.9,3.98,3.86,3.96,41328004.0,161988928.0,1344438222.0,0.030739979958707243,000816
2022-02-23,4.36,4.36,4.36,4.36,37992147.0,165645761.0,1344438222.0,0.02825875252451726,000816
2022-02-24,4.65,4.8,4.43,4.44,306298828.0,1422603789.0,1344438222.0,0.22782662898734518,000816
2022-02-25,4.11,4.35,4.0,4.03,180148172.0,739217884.0,1344438222.0,0.1339951282640639,000816
2022-02-28,3.96,3.98,3.8,3.92,97620809.0,378326687.0,1344523222.0,0.07260626473582767,000816
2022-03-01,3.92,3.96,3.86,3.95,54505593.0,213146276.0,1344523222.0,0.04053897478908698,000816
2022-03-02,3.92,4.03,3.9,3.97,54512301.0,216675919.0,1344523222.0,0.04054396391823718,000816
2022-03-03,3.97,4.02,3.92,3.94,48487400.0,191468930.0,1344523222.0,0.036062895163591305,000816
2022-03-04,3.9,4.02,3.87,4.02,68019501.0,269502809.0,1344523222.0,0.05059005295484588,000816
2022-03-07,4.1,4.14,3.95,3.97,53755512.0,215745605.0,1344523222.0,0.039981095990322735,000816
2022-03-08,3.93,3.96,3.68,3.71,61320700.0,233112794.0,1344523222.0,0.04560776563515539,000816
2022-03-09,3.75,3.77,3.51,3.76,48878711.0,179739100.0,1344523222.0,0.03635393587869173,000816
2022-03-10,3.8,3.83,3.74,3.74,34626400.0,130521511.0,1344523222.0,0.025753664520939006,000816
2022-03-11,3.69,3.79,3.61,3.77,35764410.0,133208635.0,1344523222.0,0.02660006864500255,000816
2022-03-14,3.77,3.79,3.63,3.64,27650700.0,102742708.0,1344523222.0,0.020565431334736737,000816
2022-03-15,3.6,3.64,3.43,3.43,34556550.0,122332496.0,1344523222.0,0.025701713019576244,000816
2022-03-16,3.47,3.57,3.38,3.55,38104401.0,133149362.0,1344523222.0,0.02834045584078428,000816
2022-03-17,3.57,3.65,3.55,3.58,30477800.0,109774560.0,1344523222.0,0.02266810978144638,000816
2022-03-18,3.59,3.64,3.54,3.61,26485702.0,95281533.0,1344523222.0,0.019698954667813094,000816
2022-03-21,3.6,3.75,3.59,3.72,41133201.0,151948905.0,1344523222.0,0.030593150290713238,000816
2022-03-22,3.71,3.72,3.66,3.7,25521139.0,94212873.0,1344523222.0,0.018981553150147077,000816
2022-03-23,3.71,3.72,3.66,3.7,20228200.0,74570328.0,1344523222.0,0.01504488704175018,000816
2022-03-24,3.67,3.67,3.62,3.64,16662952.0,60723809.0,1344523222.0,0.0123932050613552,000816
2022-03-25,3.66,3.78,3.63,3.72,38755942.0,144692506.0,1344523222.0,0.028825044719086302,000816
2022-03-28,3.7,3.73,3.64,3.68,23861600.0,87990765.0,1344523222.0,0.017747257622300852,000816
2022-03-29,3.68,3.86,3.64,3.79,57548635.0,216976055.0,1344523222.0,0.04280226184148421,000816
2022-03-30,3.68,3.69,3.61,3.67,43394531.0,158733848.0,1344523222.0,0.03227503273275558,000816
2022-03-31,3.72,4.04,3.68,4.0,165340074.0,658296880.0,1344523222.0,0.1229730147420243,000816
2022-04-01,3.85,4.28,3.85,3.97,142949429.0,577240901.0,1344523222.0,0.106319791775229,000816
2022-04-06,3.9,4.0,3.82,3.97,82327001.0,322005715.0,1344523222.0,0.061231371576860726,000816
2022-04-07,3.95,3.98,3.82,3.82,52206700.0,202930430.0,1344523222.0,0.03882915456256805,000816
2022-04-08,3.81,3.85,3.74,3.81,36176381.0,136899573.0,1344523222.0,0.026906475401880414,000816
2022-04-11,3.81,4.08,3.76,3.91,76741000.0,298928214.0,1344523222.0,0.05707673824022654,000816
2022-04-12,3.83,3.88,3.76,3.84,44861900.0,170565150.0,1344523222.0,0.03336640027181323,000816
2022-04-13,3.82,3.94,3.76,3.81,45619550.0,175434004.0,1344523222.0,0.03392990857542809,000816
2022-04-14,3.79,3.84,3.76,3.82,34482351.0,131230740.0,1344523222.0,0.025646526914356264,000816
2022-04-15,3.78,3.8,3.61,3.67,40642750.0,150816611.0,1344523222.0,0.030228373400307103,000816
2022-04-18,3.67,3.72,3.6,3.64,19534275.0,71625987.0,1344523222.0,0.014528774721304144,000816
2022-04-19,3.66,3.75,3.64,3.7,23027393.0,85134858.0,1344523222.0,0.017126809431931105,000816
2022-04-20,3.71,3.75,3.62,3.66,28854139.0,106527303.0,1344523222.0,0.021460498805724607,000816
2022-04-21,3.67,3.71,3.44,3.47,37731200.0,133980592.0,1344523222.0,0.028062884584376484,000816
2022-04-22,3.47,3.47,3.36,3.41,20231889.0,69046113.0,1344523222.0,0.01504763076527956,000816
2022-04-25,3.38,3.38,3.07,3.08,42586617.0,135893146.0,1344523222.0,0.031674140173385566,000816
2022-04-26,3.04,3.12,2.97,2.98,30618004.0,92806942.0,1344523222.0,0.022772387638240434,000816
2022-04-27,2.92,3.13,2.84,3.09,34754021.0,103764664.0,1344523222.0,0.02584858366990704,000816
2022-04-28,3.08,3.11,2.98,3.02,19033925.0,57822201.0,1344523222.0,0.014156635369738524,000816
2022-04-29,3.03,3.14,3.0,3.12,22972025.0,70971298.0,1344523222.0,0.017085629034974004,000816
2022-05-05,3.08,3.32,3.06,3.28,34281125.0,111166564.0,1344523222.0,0.0254968634524633,000816
2022-05-06,3.22,3.27,3.15,3.22,20836125.0,66968157.0,1344523222.0,0.01549703616796289,000816
2022-05-09,3.22,3.31,3.22,3.26,16004601.0,52217498.0,1344523222.0,0.011903551190579585,000816
2022-05-10,3.21,3.26,3.18,3.25,15337690.0,49500431.0,1344523222.0,0.011407530750703538,000816
2022-05-11,3.24,3.32,3.24,3.24,21332900.0,69926348.0,1344523222.0,0.015866516584419395,000816
2022-05-12,3.21,3.26,3.18,3.24,14832201.0,47792658.0,1344523222.0,0.01103156922640344,000816
2022-05-13,3.25,3.28,3.22,3.27,14978000.0,48760439.0,1344523222.0,0.011140008409613026,000816
2022-05-16,3.28,3.38,3.27,3.33,29489425.0,97937378.0,1344523222.0,0.02193299789655846,000816
2022-05-17,3.33,3.33,3.22,3.27,18101200.0,59044222.0,1344523222.0,0.013462913621584142,000816
2022-05-18,3.28,3.33,3.26,3.31,18636169.0,61356784.0,1344523222.0,0.013860801133860966,000816
2022-05-19,3.26,3.35,3.23,3.33,24537402.0,80814415.0,1344523222.0,0.018249890815199322,000816
2022-05-20,3.32,3.66,3.31,3.66,64436439.0,227764848.0,1344523222.0,0.04792512166814773,000816
2022-05-23,3.59,3.99,3.55,3.84,131705013.0,499806180.0,1344523222.0,0.09795666660490004,000816
2022-05-24,3.75,4.21,3.68,3.8,159093840.0,621170911.0,1344523222.0,0.11832732778192209,000816
2022-05-25,3.76,4.18,3.73,4.18,175449432.0,704342843.0,1344523222.0,0.13049193136211967,000816
2022-05-26,4.21,4.24,3.98,4.03,145673432.0,594019341.0,1344523222.0,0.10834579099594012,000816
2022-05-27,4.07,4.43,4.02,4.43,208948059.0,906264831.0,1344523222.0,0.15540680561038314,000816
2022-05-30,4.45,4.87,4.3,4.31,248558256.0,1124571042.0,1344523222.0,0.18486720938167628,000816
2022-05-31,4.16,4.46,4.05,4.22,166022854.0,700396575.0,1344523222.0,0.12348083787875254,000816
2022-06-01,4.25,4.39,4.08,4.12,119863375.0,503384786.0,1344523222.0,0.08914935275100812,000816
2022-06-02,4.08,4.19,4.03,4.05,91683634.0,375057930.0,1344523222.0,0.06819044290184822,000816
2022-06-06,4.08,4.34,4.05,4.23,97044800.0,405045741.0,1344523222.0,0.07217785339225624,000816
2022-06-07,4.23,4.25,4.03,4.11,89376425.0,367252767.0,1344523222.0,0.06647443758319854,000816
2022-06-08,4.11,4.17,3.93,4.07,77671600.0,314224236.0,1344523222.0,0.0577688795024769,000816
2022-06-09,4.1,4.11,3.95,3.96,42406501.0,169376760.0,1344523222.0,0.03154017744440267,000816
2022-06-10,3.95,4.04,3.92,4.02,36786800.0,147385431.0,1344523222.0,0.02736047946072589,000816
2022-06-13,4.02,4.14,3.95,4.06,64896400.0,261820628.0,1344523222.0,0.04826722137492394,000816
2022-06-14,4.02,4.07,3.89,4.05,48643100.0,193494575.0,1344523222.0,0.03617869829547652,000816
2022-06-15,4.05,4.33,4.02,4.2,116942797.0,487926951.0,1344523222.0,0.08697714928719914,000816
2022-06-16,4.16,4.38,4.11,4.18,73179022.0,308238144.0,1344523222.0,0.05442748834872857,000816
2022-06-17,4.15,4.6,4.13,4.6,159038723.0,701985281.0,1344523222.0,0.11828633406824118,000816
2022-06-20,4.84,5.06,4.57,5.06,237117787.0,1167125737.0,1344523222.0,0.17635826820996328,000816
2022-06-21,5.21,5.48,4.74,4.83,297780090.0,1521734541.0,1344523222.0,0.2214763457614717,000816
2022-06-22,4.81,5.18,4.65,4.8,216139193.0,1065504609.0,1344523222.0,0.16075526957317215,000816
2022-06-23,4.69,5.05,4.57,4.91,185919443.0,882096000.0,1344523222.0,0.13827908656232937,000816
2022-06-24,4.89,4.96,4.69,4.74,128324291.0,614846090.0,1344523222.0,0.0954422273265876,000816
2022-06-27,4.7,4.8,4.57,4.61,116848041.0,545028509.0,1344523222.0,0.08690667374728318,000816
2022-06-28,4.54,4.6,4.44,4.46,100447491.0,450752324.0,1344523222.0,0.07470863229166301,000816
2022-06-29,4.48,4.53,4.38,4.39,77503660.0,345696514.0,1344523222.0,0.05764397277178453,000816
2022-06-30,4.4,4.5,4.35,4.43,58621311.0,259446391.0,1345618222.0,0.04356459361323958,000816
2022-07-01,4.39,4.78,4.37,4.63,110092291.0,507046634.0,1345618222.0,0.0818153984540795,000816
2022-07-04,4.55,4.96,4.53,4.86,116572798.0,556557262.0,1345618222.0,0.08663140562018935,000816
2022-07-05,4.81,4.91,4.68,4.74,77638650.0,369740357.0,1345618222.0,0.057697383054612056,000816
2022-07-06,4.98,5.21,4.89,5.21,146653991.0,748619136.0,1345618222.0,0.10898632955640816,000816
2022-07-07,5.21,5.68,5.07,5.16,222038357.0,1174423016.0,1345618222.0,0.16500843505967328,000816
2022-07-08,5.15,5.25,4.89,4.89,153755988.0,773785570.0,1345618222.0,0.11426419877955547,000816
2022-07-11,4.84,4.98,4.78,4.81,73061945.0,355559699.0,1345618222.0,0.05429619174702288,000816
2022-07-12,4.83,5.0,4.75,4.75,74683018.0,362848871.0,1345618222.0,0.05550089674692292,000816
2022-07-13,4.74,4.85,4.6,4.85,67803737.0,321376150.0,1345618222.0,0.05038853955115361,000816
2022-07-14,4.82,4.87,4.76,4.8,41951492.0,201414310.0,1345618222.0,0.031176370321180147,000816
2022-07-15,4.8,4.93,4.6,4.61,65831702.0,312245733.0,1345824972.0000002,0.04891550043254807,000816
2022-07-18,4.52,4.69,4.51,4.69,43320080.0,200511852.0,1345824972.0000002,0.03218849471608704,000816
2022-07-19,4.69,4.82,4.62,4.74,39021054.0,184925099.0,1345974972.0000002,0.028990920939650274,000816
2022-07-20,4.76,4.92,4.67,4.88,69457145.0,335131909.0,1345974972.0000002,0.05160359326503137,000816
2022-07-21,4.81,4.83,4.67,4.68,54280151.0,257927230.0,1345974972.0000002,0.040327756555045356,000816
2022-07-22,4.69,4.74,4.61,4.65,30757460.0,143766484.0,1345974972.0000002,0.022851435308858026,000816
2022-07-25,4.65,4.65,4.43,4.44,47312208.0,212971274.0,1345974972.0000002,0.03515088243409031,000816
2022-07-26,4.45,4.64,4.43,4.59,37680365.0,171341283.0,1345974972.0000002,0.02799484818355151,000816
2022-07-27,4.59,4.59,4.5,4.53,24932200.0,112941914.0,1345974972.0000002,0.01852352422493633,000816
2022-07-28,4.58,4.59,4.46,4.47,25816498.0,116495982.0,1345974972.0000002,0.019180518610713064,000816
2022-07-29,4.47,4.52,4.43,4.48,24141606.0,108154428.0,1345974972.0000002,0.01793614777556205,000816
2022-08-01,4.45,4.55,4.4,4.54,29442700.0,131751903.0,1345974972.0000002,0.021874626655390732,000816
2022-08-02,4.46,4.49,4.16,4.21,53670506.0,228725187.0,1345974972.0000002,0.039874817226542,000816
2022-08-03,4.19,4.4,4.16,4.19,38335163.0,164384801.0,1345974972.0000002,0.02848133419824094,000816
2022-08-04,4.2,4.28,4.14,4.27,25235540.0,106613112.0,1345974972.0000002,0.01874889245711769,000816
2022-08-05,4.26,4.32,4.21,4.29,21919898.0,93220453.0,1345974972.0000002,0.016285516785968884,000816
2022-08-08,4.26,4.41,4.23,4.38,26365557.0,114592977.0,1345974972.0000002,0.0195884452151611,000816
2022-08-09,4.36,4.43,4.35,4.36,21237030.0,93141021.0,1345974972.0000002,0.01577817600014036,000816
2022-08-10,4.36,4.42,4.33,4.39,20423565.0,89477402.0,1345974972.0000002,0.015173807407170715,000816
2022-08-11,4.39,4.49,4.36,4.47,26775981.0,119225782.0,1345974972.0000002,0.019893372133222693,000816
2022-08-12,4.48,4.59,4.46,4.47,27360100.0,123738225.0,1345974972.0000002,0.020327346770308292,000816
2022-08-15,4.45,4.58,4.42,4.53,24420097.0,110288411.0,1345974972.0000002,0.018143054297446472,000816
2022-08-16,4.51,4.6,4.51,4.59,33270633.0,152187902.0,1345974972.0000002,0.024718611929732074,000816
2022-08-17,4.57,4.6,4.49,4.52,30453431.0,137816416.0,1345974972.0000002,0.02262555518008547,000816
2022-08-18,4.48,4.52,4.44,4.45,23314331.0,104125945.0,1345974972.0000002,0.017321518962092556,000816
2022-08-19,4.44,4.46,4.33,4.35,25318721.0,110947661.0,1345974972.0000002,0.018810692268949557,000816
2022-08-22,4.36,4.41,4.25,4.41,26292600.0,113699711.0,1345974972.0000002,0.019534241384096103,000816
2022-08-23,4.39,4.47,4.3,4.32,25038903.0,109069274.0,1345974972.0000002,0.018602799844631878,000816
2022-08-24,4.33,4.35,4.15,4.16,33713400.0,142352908.0,1345974972.0000002,0.0250475682693452,000816
2022-08-25,4.17,4.2,4.07,4.13,24162300.0,99821431.0,1345974972.0000002,0.017951522504238655,000816
2022-08-26,4.16,4.31,4.11,4.2,32441091.0,137093221.0,1345974972.0000002,0.024102298835315932,000816
2022-08-29,4.1,4.18,4.1,4.16,18558281.0,76858078.0,1345974972.0000002,0.013787983718912714,000816
2022-08-30,4.17,4.2,4.08,4.12,21942200.0,90644111.0,1345974972.0000002,0.016302086187676895,000816
2022-08-31,4.13,4.13,3.94,3.96,30118901.0,120440610.0,1345974972.0000002,0.02237701415446527,000816
2022-09-01,3.98,4.05,3.92,3.92,18505500.0,73538761.0,1345974972.0000002,0.013748769765386096,000816
2022-09-02,3.97,4.09,3.96,4.05,26851800.0,108294820.0,1345974972.0000002,0.01994970230397419,000816
2022-09-05,4.03,4.07,3.99,4.03,16919601.0,68076556.0,1345974972.0000002,0.012570516801556096,000816
2022-09-06,4.05,4.08,4.02,4.08,16573901.0,67244373.0,1345974972.0000002,0.012313676958920449,000816
2022-09-07,4.07,4.12,4.05,4.09,15041500.0,61549264.0,1345974972.0000002,0.011175170647972493,000816
2022-09-08,4.09,4.09,4.0,4.01,15127901.0,61020959.0,1345974972.0000002,0.011239362777690637,000816
2022-09-09,4.03,4.04,3.96,4.01,11739929.0,46889815.0,1345974972.0000002,0.008722249108804378,000816
2022-09-13,4.02,4.06,4.0,4.02,11986900.0,48258312.0,1345974972.0000002,0.008905737661814411,000816
2022-09-14,3.95,3.98,3.91,3.95,15103200.0,59537334.0,1345974972.0000002,0.01122101102486176,000816
2022-09-15,3.99,3.99,3.72,3.8,32910100.0,125748336.0,1345974972.0000002,0.02445075182274637,000816
2022-09-16,3.76,3.8,3.7,3.71,16329000.0,61086535.0,1345974972.0000002,0.012131726324551596,000816
2022-09-19,3.7,3.74,3.63,3.66,12462433.0,45783820.0,1345974972.0000002,0.009259037693310093,000816
2022-09-20,3.69,3.79,3.69,3.76,17880971.0,66968742.0,1345974972.0000002,0.013284772281783555,000816
2022-09-21,3.74,3.82,3.71,3.77,16449570.0,61871610.0,1345974972.0000002,0.012221304513231317,000816
2022-09-22,3.77,3.79,3.72,3.75,12778600.0,48003370.0,1345974972.0000002,0.009493935820375714,000816
2022-09-23,3.76,3.76,3.63,3.65,13725670.0,50612647.0,1345974972.0000002,0.010197567031729322,000816
2022-09-26,3.64,3.66,3.56,3.58,12561300.0,45363827.0,1345974972.0000002,0.00933249151084512,000816
2022-09-27,3.58,3.67,3.56,3.64,13459520.0,48564467.0,1345974972.0000002,0.00999982932817862,000816
2022-09-28,3.63,3.65,3.49,3.5,15681800.0,55788824.0,1345974972.0000002,0.011650885288526746,000816
2022-09-29,3.55,3.57,3.43,3.44,14694392.0,51083653.0,1345974972.0000002,0.010917284723478497,000816
2022-09-30,3.45,3.5,3.42,3.43,12582301.0,43462149.0,1350082972.0,0.009319650170360048,000816
2022-10-10,3.42,3.48,3.33,3.36,13844500.0,47264795.0,1350082972.0,0.010254554932643059,000816
2022-10-11,3.36,3.42,3.31,3.41,14495030.0,49006904.0,1350082972.0,0.010736399392199726,000816
2022-10-12,3.42,3.64,3.4,3.59,35966200.0,126492832.0,1350082972.0,0.02663999231596856,000816
2022-10-13,3.56,3.95,3.52,3.95,38549309.0,145872442.0,1350082972.0,0.02855328879742363,000816
2022-10-14,4.01,4.13,3.8,3.95,99359766.0,393707800.0,1350082972.0,0.0735953034448019,000816
2022-10-17,3.83,3.97,3.81,3.94,43882609.0,171612857.0,1350082972.0,0.032503638598591254,000816
2022-10-18,3.91,3.97,3.86,3.91,37685200.0,147251608.0,1350082972.0,0.027913247394101642,000816
2022-10-19,3.93,3.93,3.82,3.82,25427377.0,98096083.0,1350082972.0,0.0188339365263841,000816
2022-10-20,3.85,3.86,3.73,3.77,24208603.0,91681509.0,1350082972.0,0.017931196453902093,000816
2022-10-21,3.79,3.8,3.71,3.72,15616816.0,58547320.0,1350082972.0,0.011567300916969125,000816
2022-10-24,3.75,3.82,3.69,3.72,22857700.0,85803279.0,1350082972.0,0.016930589063084634,000816
2022-10-25,3.68,3.82,3.58,3.81,28521692.0,106358052.0,1350082972.0,0.021125880846973602,000816
2022-10-26,3.82,3.82,3.73,3.75,25467910.0,95849906.0,1350082972.0,0.018863959125617356,000816
2022-10-27,3.72,3.78,3.7,3.7,17711011.0,66194954.0,1350082972.0,0.013118461137068545,000816
2022-10-28,3.67,3.67,3.53,3.55,23707509.0,85301707.0,1350082972.0,0.017560038524802608,000816
2022-10-31,3.56,3.7,3.54,3.65,21666600.0,78966487.0,1350082972.0,0.01604834699003966,000816
2022-11-01,3.65,3.76,3.65,3.76,28283043.0,105221395.0,1350082972.0,0.02094911467411649,000816
2022-11-02,3.76,3.84,3.73,3.77,32552081.0,122621677.0,1350082972.0,0.02411117070218111,000816
2022-11-03,3.75,3.99,3.73,3.89,60505413.0,235252579.0,1350082972.0,0.0448160700155842,000816
2022-11-04,3.82,4.1,3.82,4.03,80455414.0,321635475.0,1350082972.0,0.05959294033670695,000816
2022-11-07,4.02,4.4,3.98,4.28,108571156.0,454680344.0,1350082972.0,0.08041813596031341,000816
2022-11-08,4.22,4.24,4.11,4.15,60305292.0,250667165.0,1350082972.0,0.04466784134805012,000816
2022-11-09,4.18,4.38,4.13,4.23,72276147.0,304564656.0,1350082972.0,0.05353459639071723,000816
2022-11-10,4.15,4.19,4.04,4.04,63744051.0,261252361.0,1350082972.0,0.047214913691986035,000816
2022-11-11,4.11,4.13,4.03,4.06,43961723.0,178960999.0,1350082972.0,0.032562237959994064,000816
2022-11-14,4.03,4.06,3.93,3.95,35276821.0,140649161.0,1350082972.0,0.026129372587924173,000816
2022-11-15,3.97,4.03,3.95,4.03,26040795.0,104419580.0,1350082972.0,0.019288292305045085,000816
2022-11-16,4.01,4.04,3.96,3.98,19576801.0,78278268.0,1350082972.0,0.014500442866114453,000816
2022-11-17,3.97,4.01,3.95,3.99,16183900.0,64412256.0,1350082972.0,0.011987337323442666,000816
2022-11-18,4.01,4.01,3.93,3.94,20854178.0,82671009.0,1350082972.0,0.015446589900402062,000816
2022-11-21,3.96,4.29,3.95,4.19,79248678.0,327075557.0,1350082972.0,0.05869911675324796,000816
2022-11-22,4.16,4.17,4.04,4.1,47068039.0,192674707.0,1350082972.0,0.03486307136388355,000816
2022-11-23,4.08,4.08,3.99,4.05,20726085.0,83707365.0,1350082972.0,0.015351712027962679,000816
2022-11-24,4.02,4.11,4.02,4.07,22086156.0,89878693.0,1350082972.0,0.01635911011253018,000816
2022-11-25,4.06,4.07,3.98,3.99,20531584.0,82366091.0,1350082972.0,0.015207646067548507,000816
2022-11-28,3.93,3.98,3.86,3.96,21151519.0,82976924.0,1350082972.0,0.0156668289569391,000816
2022-11-29,3.96,4.04,3.95,4.02,15268300.0,61192103.0,1350082972.0,0.011309156782698834,000816
2022-11-30,4.0,4.08,4.0,4.06,25425640.0,103112040.0,1350082972.0,0.018832649938792058,000816
2022-12-01,4.08,4.09,4.04,4.04,21281752.0,86297731.0,1350082972.0,0.015763291917143,000816
2022-12-02,4.02,4.09,4.01,4.05,16854700.0,68403374.0,1350082972.0,0.012484195675049221,000816
2022-12-05,4.03,4.15,4.02,4.07,32851855.0,133897205.0,1350082972.0,0.024333211870181264,000816
2022-12-06,4.05,4.23,4.03,4.14,42163366.0,174252892.0,1350082972.0,0.031230203531520433,000816
2022-12-07,4.12,4.34,4.06,4.23,72720495.0,305256488.0,1350082972.0,0.05386372282902921,000816
2022-12-08,4.2,4.21,4.1,4.11,29658684.0,123124366.0,1350082972.0,0.021968045383213678,000816
2022-12-09,4.1,4.13,4.07,4.07,19545860.0,80064772.0,1350082972.0,0.014477525015403276,000816
2022-12-12,4.09,4.12,3.99,4.06,27879100.0,112866884.0,1350082972.0,0.02064991602604999,000816
2022-12-13,4.06,4.12,4.04,4.08,24606600.0,100293966.0,1350082972.0,0.018225990928207928,000816
2022-12-14,4.08,4.1,3.99,4.08,33447734.0,135194550.0,1350082972.0,0.024774576595430167,000816
2022-12-15,4.09,4.33,4.04,4.18,62939003.0,263743133.0,1350082972.0,0.04661861848887907,000816
2022-12-16,4.13,4.23,4.08,4.17,35764476.0,147965294.0,1350082972.0,0.02649057631400154,000816
2022-12-19,4.16,4.16,4.07,4.07,25227700.0,103584574.0,1350082972.0,0.018686036727526403,000816
2022-12-20,4.04,4.12,4.03,4.09,15441400.0,63083977.0,1350082972.0,0.01143737112477262,000816
2022-12-21,4.06,4.07,3.9,3.92,31948891.0,126475889.0,1350082972.0,0.023664390754200255,000816
2022-12-22,3.94,4.02,3.88,3.9,37015900.0,145869201.0,1350082972.0,0.027417500085320682,000816
2022-12-23,3.87,3.88,3.62,3.68,43323727.0,161398240.0,1350082972.0,0.03208967737428808,000816
2022-12-26,3.8,3.99,3.69,3.75,62451066.0,236589115.0,1350082972.0,0.046257205886750495,000816
2022-12-27,3.73,3.75,3.59,3.73,45206519.0,165462357.0,1350082972.0,0.03348425240341451,000816
2022-12-28,3.7,3.7,3.63,3.63,18981242.0,69226238.0,1350082972.0,0.014059315163335013,000816
2022-12-29,3.62,3.65,3.6,3.6,12540637.0,45459635.0,1350082972.0,0.009288789844836292,000816
2022-12-30,3.6,3.66,3.6,3.65,12467000.0,45392306.0,1350082972.0,0.009234247271137348,000816
2023-01-03,3.65,3.71,3.63,3.7,15843030.0,58306383.0,1351528822.0,0.011722302730144811,000816
2023-01-04,3.7,3.74,3.68,3.7,17464800.0,64796538.0,1351528822.0,0.012922254942484682,000816
2023-01-05,3.7,3.71,3.68,3.71,11810503.0,43679224.0,1351528822.0,0.008738624591462837,000816
2023-01-06,3.71,3.73,3.69,3.71,13531300.0,50263817.0,1351528822.0,0.010011847161332679,000816
2023-01-09,3.71,3.73,3.7,3.71,12214300.0,45339885.0,1351528822.0,0.009037395134441314,000816
2023-01-10,3.71,3.71,3.64,3.65,14696900.0,53780041.0,1351528822.0,0.010874277899787179,000816
2023-01-11,3.64,3.67,3.6,3.62,10837100.0,39447043.0,1351528822.0,0.00801840095719394,000816
2023-01-12,3.61,3.66,3.61,3.62,9079737.0,32992946.0,1351528822.0,0.0067181231004483895,000816
2023-01-13,3.64,3.64,3.61,3.63,7933650.0,28764089.0,1351528822.0,0.005870130085912441,000816
2023-01-16,3.63,3.67,3.62,3.66,10410300.0,37972338.0,1351528822.0,0.007702610429420794,000816
2023-01-17,3.66,3.69,3.6,3.68,16991408.0,61923027.0,1351528822.0,0.01257199086206391,000816
2023-01-18,3.68,3.7,3.66,3.69,10315217.0,37993016.0,1351528822.0,0.007632258248651689,000816
2023-01-19,3.68,3.73,3.67,3.72,12204960.0,45304680.0,1351528822.0,0.009030484442010664,000816
2023-01-20,3.74,3.78,3.72,3.78,19411560.0,72805799.0,1351528822.0,0.014362668175492302,000816
2023-01-30,3.81,3.85,3.79,3.81,23999349.0,91552969.0,1351528822.0,0.017757186239273557,000816
2023-01-31,3.77,3.88,3.74,3.85,31286506.0,119578633.0,1351528822.0,0.02314897432501813,000816
2023-02-01,3.84,3.9,3.82,3.89,29164589.0,112595338.0,1351528822.0,0.02157896193204528,000816
2023-02-02,3.88,4.03,3.86,3.97,52171906.0,206462195.0,1351528822.0,0.03860214088723296,000816
2023-02-03,3.99,4.36,3.93,4.14,118647321.0,492845848.0,1351528822.0,0.08778748856012188,000816
2023-02-06,4.15,4.16,4.02,4.04,63492354.0,258069270.0,1351528822.0,0.046978172397421504,000816
2023-02-07,4.17,4.32,4.11,4.16,98453536.0,413288491.0,1351528822.0,0.07284604989356268,000816
2023-02-08,4.12,4.43,4.08,4.25,101547187.0,433042330.0,1351528822.0,0.07513505102298144,000816
2023-02-09,4.19,4.38,4.12,4.32,104601931.0,444980524.0,1351528822.0,0.07739526475299985,000816
2023-02-10,4.26,4.45,4.25,4.4,109887469.0,478293007.0,1351528822.0,0.08130604927639494,000816
2023-02-13,4.35,4.41,4.3,4.37,71373628.0,310592268.0,1351528822.0,0.05280954933271856,000816
2023-02-14,4.3,4.33,4.09,4.11,124306757.0,517159343.0,1351528822.0,0.09197492127178625,000816
2023-02-15,4.08,4.11,4.03,4.05,63249065.0,256684956.0,1351528822.0,0.04679816217785402,000816
2023-02-16,4.07,4.08,3.95,3.98,51951491.0,209374114.0,1351528822.0,0.038439055204995104,000816
2023-02-17,3.99,4.02,3.94,3.96,28951007.0,115152774.0,1351528822.0,0.021420932005843676,000816
2023-02-20,3.95,4.0,3.92,4.0,26815295.0,106201588.0,1351528822.0,0.019840712653333262,000816
2023-02-21,3.99,4.05,3.97,4.02,24711425.0,99145144.0,1351528822.0,0.018284053286730426,000816
2023-02-22,4.02,4.06,4.01,4.03,22075636.0,88963035.0,1351528822.0,0.01633382554678512,000816
2023-02-23,4.02,4.03,3.96,3.97,19516766.0,77839639.0,1351528822.0,0.014440510392607816,000816
2023-02-24,3.98,3.99,3.94,3.99,13908120.0,55059579.0,1351528822.0,0.010290657345670723,000816
2023-02-27,3.98,3.98,3.93,3.94,12912642.0,51115248.0,1351528822.0,0.009554100356433242,000816
2023-02-28,3.93,3.96,3.91,3.95,13014571.0,51186860.0,1351528822.0,0.009629517911975392,000816
2023-03-01,3.94,3.97,3.93,3.97,16639023.0,65757444.0,1351528822.0,0.01231126020337286,000816
2023-03-02,3.96,3.97,3.92,3.93,16670600.0,65611674.0,1351528822.0,0.012334624115030526,000816
2023-03-03,3.94,3.96,3.93,3.96,12181158.0,48041427.0,1351528822.0,0.009012873274854956,000816
2023-03-06,3.95,3.98,3.95,3.96,13210612.0,52301207.0,1351528822.0,0.009774569202638876,000816
2023-03-07,3.96,3.97,3.84,3.85,23660661.0,92270709.0,1351528822.0,0.017506590029642742,000816
2023-03-08,3.83,3.89,3.81,3.86,11980424.0,46207642.0,1351528822.0,0.008864349620211058,000816
2023-03-09,3.87,3.88,3.8,3.82,11964352.0,45773679.0,1351528822.0,0.008852457901929968,000816
2023-03-10,3.81,3.81,3.75,3.77,16553646.0,62346698.0,1351528822.0,0.012248089519470122,000816
2023-03-13,3.77,3.78,3.7,3.76,16192050.0,60490227.0,1351528822.0,0.01198054361581347,000816
2023-03-14,3.77,3.77,3.68,3.71,14275500.0,53112953.0,1351528822.0,0.010562482847295135,000816
2023-03-15,3.71,3.75,3.71,3.74,12009000.0,44827440.0,1351528822.0,0.008885493083476395,000816
2023-03-16,3.76,3.95,3.75,3.85,43311652.0,167686471.0,1351528822.0,0.032046413879585026,000816
2023-03-17,3.8,3.84,3.8,3.84,21870275.0,83463323.0,1351528822.0,0.016181878361747584,000816
2023-03-20,3.83,3.83,3.75,3.75,16713024.0,63002402.0,1351528822.0,0.012366013752683404,000816
2023-03-21,3.75,3.78,3.75,3.78,9856800.0,37083068.0,1351528822.0,0.00729307421310768,000816
2023-03-22,3.78,3.8,3.76,3.78,10386713.0,39245999.0,1351528822.0,0.0076851583413735,000816
2023-03-23,3.77,3.79,3.75,3.78,11023321.0,41465624.0,1351528822.0,0.008156186402068458,000816
2023-03-24,3.78,3.8,3.76,3.79,10454610.0,39468776.0,1351528822.0,0.007735395523810739,000816
2023-03-27,3.8,3.86,3.79,3.85,23233670.0,89110980.0,1351528822.0,0.017190658180429096,000816
2023-03-28,3.85,3.85,3.78,3.8,14984250.0,57063554.0,1351528822.0,0.011086888977939977,000816
2023-03-29,3.8,3.81,3.71,3.71,14375700.0,53837881.0,1351528822.0,0.0106366211108445,000816
2023-03-30,3.71,3.73,3.71,3.72,8554826.0,31813630.0,1351528822.0,0.0063297399661374,000816
2023-03-31,3.72,3.74,3.71,3.73,10681811.0,39804796.0,1352792222.0,0.007896120946206918,000816
2023-04-03,3.73,3.73,3.68,3.71,15717600.0,58249146.0,1352792222.0,0.01161863569614758,000816
2023-04-04,3.7,3.73,3.69,3.71,14459879.0,53626836.0,1352792222.0,0.01068891346715623,000816
2023-04-06,3.7,3.7,3.63,3.64,15908700.0,58087465.0,1352792222.0,0.011759899074878033,000816
2023-04-07,3.64,3.67,3.63,3.67,9173214.0,33594428.0,1352792222.0,0.006780948212755174,000816
2023-04-10,3.7,3.7,3.61,3.62,11142483.0,40517036.0,1352792222.0,0.00823665513357749,000816
2023-04-11,3.63,3.64,3.59,3.62,10270137.0,37011512.0,1352792222.0,0.0075918066595743626,000816
2023-04-12,3.62,3.63,3.6,3.62,9010000.0,32571566.0,1352792222.0,0.006660298494826799,000816
2023-04-13,3.62,3.69,3.59,3.68,20309217.0,74442095.0,1352792222.0,0.01501281325374149,000816
2023-04-14,3.71,3.71,3.63,3.65,11416323.0,41743342.0,1352792222.0,0.008439080898263769,000816
2023-04-17,3.65,3.66,3.61,3.64,10259176.0,37196132.0,1352792222.0,0.0075837041588194464,000816
2023-04-18,3.64,3.65,3.6,3.61,8875800.0,32132853.0,1352792222.0,0.006561096268633041,000816
2023-04-19,3.6,3.61,3.53,3.55,18649830.0,66394169.0,1352792222.0,0.013786174770008399,000816
2023-04-20,3.55,3.55,3.43,3.49,18855391.0,65632924.0,1352792222.0,0.01393812789086246,000816
2023-04-21,3.47,3.52,3.43,3.43,13319882.0,46072952.0,1352792222.0,0.009846214210418487,000816
2023-04-24,3.42,3.42,3.35,3.37,12902436.0,43542378.0,1352792222.0,0.009537633193163052,000816
2023-04-25,3.37,3.38,3.23,3.29,17353751.0,57058241.0,1352792222.0,0.01282809785403985,000816
2023-04-26,3.29,3.39,3.27,3.37,13600510.0,45481450.0,1352792222.0,0.010053657744936384,000816
2023-04-27,3.38,3.38,3.32,3.34,10980537.0,36708718.0,1352792222.0,0.0081169427362364,000816
2023-04-28,3.35,3.41,3.34,3.4,12027850.0,40678740.0,1352792222.0,0.008891128884683963,000816
2023-05-04,3.4,3.46,3.38,3.45,9827533.0,33792773.0,1352792222.0,0.007264628551360787,000816
2023-05-05,3.45,3.46,3.36,3.4,11351147.0,38483496.0,1352792222.0,0.008390902028707849,000816
2023-05-08,3.39,3.42,3.37,3.41,10359095.0,35165362.0,1352792222.0,0.007657565464624618,000816
2023-05-09,3.4,3.4,3.32,3.32,16767636.0,56085173.0,1352792222.0,0.012394834718379983,000816
2023-05-10,3.32,3.35,3.3,3.33,8955047.0,29785478.0,1352792222.0,0.006619676587702912,000816
2023-05-11,3.34,3.36,3.31,3.35,8190579.0,27328452.0,1352792222.0,0.006054572806377357,000816
2023-05-12,3.34,3.35,3.28,3.28,10659630.0,35242568.0,1352792222.0,0.007879724488835803,000816
2023-05-15,3.27,3.32,3.26,3.32,9920609.0,32646379.0,1352792222.0,0.0073334314306842605,000816
2023-05-16,3.32,3.32,3.25,3.27,7211400.0,23645387.0,1352792222.0,0.005330752116048166,000816
2023-05-17,3.25,3.31,3.23,3.3,9825365.0,32204036.0,1352792222.0,0.007263025940135838,000816
2023-05-18,3.31,3.33,3.3,3.32,7882963.0,26127992.0,1352792222.0,0.005827179423271403,000816
2023-05-19,3.31,3.32,3.27,3.32,6906800.0,22784312.0,1352792222.0,0.005105588195790203,000816
2023-05-22,3.31,3.35,3.29,3.31,11300891.0,37478202.0,1352792222.0,0.008353752199500745,000816
2023-05-23,3.31,3.31,3.26,3.27,8743700.0,28691662.0,1352792222.0,0.0064634463872604965,000816
2023-05-24,3.26,3.3,3.25,3.28,7622700.0,25018963.0,1352792222.0,0.005634789937460182,000816
2023-05-25,3.29,3.29,3.23,3.26,9483642.0,30827227.0,1352792222.0,0.007010420259497914,000816
2023-05-26,3.26,3.26,3.2,3.23,7914247.0,25508386.0,1353201571.9999998,0.005848535180389224,000816
2023-05-29,3.22,3.22,3.11,3.11,17565100.0,55194028.0,1353201571.9999998,0.012980401710618174,000816
2023-05-30,3.1,3.11,3.0,3.08,19939100.0,60667483.0,1353201571.9999998,0.014734759708068092,000816
2023-05-31,3.08,3.11,3.06,3.06,10248810.0,31577329.0,1353201571.9999998,0.0075737497000188244,000816
2023-06-01,3.07,3.19,3.04,3.13,16933351.0,52844997.0,1353201571.9999998,0.012513546651422307,000816
2023-06-02,3.13,3.17,3.13,3.16,9989700.0,31467301.0,1353201571.9999998,0.00738227046635444,000816
2023-06-05,3.14,3.17,3.13,3.13,6515553.0,20467217.0,1353201571.9999998,0.004814916812703792,000816
2023-06-06,3.14,3.14,3.05,3.06,10026212.0,30944575.0,1435891571.9999998,0.006982569015315595,000816
2023-06-07,3.06,3.07,3.04,3.05,6519300.0,19920972.0,1435891571.9999998,0.004540245327103292,000816
2023-06-08,3.06,3.08,3.04,3.07,8354527.0,25589226.0,1435891571.9999998,0.005818355064486722,000816
2023-06-09,3.05,3.07,3.02,3.04,9021288.0,27465646.0,1435891571.9999998,0.00628270837152041,000816
2023-06-12,3.04,3.06,3.01,3.05,15138323.0,45970216.0,1435891571.9999998,0.010542803715265489,000816
2023-06-13,3.05,3.06,3.01,3.02,9966002.0,30191927.0,1435891571.9999998,0.006940636879788025,000816
2023-06-14,3.04,3.08,3.0,3.03,14782587.0,44878142.0,1435891571.9999998,0.010295057989239317,000816
2023-06-15,3.04,3.1,3.0,3.07,20717211.0,63162692.0,1435891571.9999998,0.01442811658205067,000816
2023-06-16,3.07,3.35,3.06,3.23,47415601.0,152588419.0,1435891571.9999998,0.033021714121461536,000816
2023-06-19,3.22,3.22,3.13,3.15,26643510.0,84330066.0,1435891571.9999998,0.01855537738332794,000816
2023-06-20,3.14,3.15,3.09,3.12,16666727.0,51956392.0,1435891571.9999998,0.011607232276449355,000816
2023-06-21,3.11,3.16,3.08,3.09,13373800.0,41665029.0,1435891571.9999998,0.00931393446468394,000816
2023-06-26,3.09,3.13,3.02,3.07,16675215.0,51180526.0,1435891571.9999998,0.011613143586304163,000816
2023-06-27,3.06,3.12,3.06,3.11,9942401.0,30785116.0,1435891571.9999998,0.0069242004019506856,000816
2023-06-28,3.09,3.42,3.05,3.42,63847719.0,210355167.0,1435891571.9999998,0.044465557319950624,000816
2023-06-29,3.33,3.42,3.28,3.32,74737163.0,249567031.0,1435891571.9999998,0.052049308218935636,000816
2023-06-30,3.29,3.37,3.26,3.36,46827559.0,155917696.0,1436891571.9999998,0.032589486856562905,000816
2023-07-03,3.35,3.38,3.3,3.32,32241820.0,107404797.0,1436891571.9999998,0.02243858940248555,000816
2023-07-04,3.29,3.42,3.29,3.33,27628878.0,92431203.0,1436891571.9999998,0.019228227472685048,000816
2023-07-05,3.31,3.54,3.3,3.46,80983464.0,278430726.0,1436891571.9999998,0.05636017746786534,000816
2023-07-06,3.48,3.49,3.37,3.4,46034800.0,157129467.0,1436891571.9999998,0.032037768817813075,000816
2023-07-07,3.36,3.61,3.36,3.49,76218031.0,265144751.0,1436891571.9999998,0.05304368992429445,000816
2023-07-10,3.46,3.47,3.39,3.4,44118756.0,150774750.0,1436891571.9999998,0.030704304249339703,000816
2023-07-11,3.37,3.39,3.32,3.35,28246144.0,94533507.0,1436891571.9999998,0.01965781173083532,000816
2023-07-12,3.34,3.38,3.29,3.3,24440006.0,81334571.0,1436891571.9999998,0.017008942411696464,000816
2023-07-13,3.28,3.36,3.28,3.33,15649999.0,52023204.0,1436891571.9999998,0.010891565727688743,000816
2023-07-14,3.33,3.34,3.29,3.31,15991098.0,52885616.0,1436891571.9999998,0.011128952463505717,000816
2023-07-17,3.3,3.31,3.23,3.27,18862768.0,61442346.0,1436891571.9999998,0.013127481827835512,000816
2023-07-18,3.27,3.35,3.25,3.33,21780101.0,72189776.0,1436891571.9999998,0.015157790207986552,000816
2023-07-19,3.33,3.33,3.28,3.29,11887300.0,39149338.0,1436891571.9999998,0.008272927638829523,000816
2023-07-20,3.3,3.31,3.25,3.25,13357484.0,43859585.0,1436891571.9999998,0.009296097395440775,000816
2023-07-21,3.28,3.38,3.26,3.27,25311531.0,83931174.0,1436891571.9999998,0.01761547739108042,000816
2023-07-24,3.25,3.26,3.17,3.19,17531500.0,56069059.0,1436891571.9999998,0.012200990208048908,000816
2023-07-25,3.21,3.33,3.2,3.27,20857988.0,68140741.0,1436891571.9999998,0.014516048675104904,000816
2023-07-26,3.24,3.32,3.23,3.3,17030266.0,55682033.0,1436891571.9999998,0.011852158041609004,000816
2023-07-27,3.29,3.31,3.26,3.27,12170400.0,39980478.0,1436891571.9999998,0.00846995015988583,000816
2023-07-28,3.26,3.29,3.22,3.28,12611615.0,41110768.0,1436891571.9999998,0.008777012299157672,000816
2023-07-31,3.29,3.38,3.28,3.35,31105118.0,103935710.0,1436891571.9999998,0.021647505355400613,000816
2023-08-01,3.33,3.4,3.33,3.4,31880718.0,107480928.0,1436891571.9999998,0.022187281644101678,000816
2023-08-02,3.42,3.42,3.34,3.34,21492000.0,72298057.0,1436891571.9999998,0.014957287257301836,000816
2023-08-03,3.33,3.35,3.3,3.33,12856237.0,42740838.0,1436891571.9999998,0.008947256181693298,000816
2023-08-04,3.33,3.35,3.3,3.31,17036900.0,56496262.0,1436891571.9999998,0.011856774952257848,000816
2023-08-07,3.3,3.36,3.3,3.35,20126736.0,67286775.0,1436891571.9999998,0.014007136232266803,000816
2023-08-08,3.33,3.34,3.27,3.28,16400200.0,54039326.0,1436891571.9999998,0.011413665665233648,000816
2023-08-09,3.27,3.28,3.24,3.25,11079100.0,36068935.0,1436891571.9999998,0.007710463486523952,000816
2023-08-10,3.25,3.27,3.24,3.26,7229820.0,23514365.0,1436891571.9999998,0.0050315696332861514,000816
2023-08-11,3.25,3.26,3.19,3.19,9923800.0,31893688.0,1436891571.9999998,0.006906436222036663,000816
2023-08-14,3.18,3.2,3.14,3.2,10569700.0,33436721.0,1436891571.9999998,0.007355948219035139,000816
2023-08-15,3.19,3.21,3.15,3.18,7220588.0,22949651.0,1436891571.9999998,0.005025144653016311,000816
2023-08-16,3.16,3.18,3.14,3.14,5880214.0,18576820.0,1436891571.9999998,0.004092315742248644,000816
2023-08-17,3.15,3.21,3.11,3.21,10709789.0,33964134.0,1436891571.9999998,0.007453442701381508,000816
2023-08-18,3.2,3.21,3.16,3.16,7065400.0,22511605.0,1436891571.9999998,0.004917142070898026,000816
2023-08-21,3.16,3.18,3.1,3.1,9748900.0,30551245.0,1436891571.9999998,0.006784715137851753,000816
2023-08-22,3.1,3.14,3.06,3.11,9370394.0,29019275.0,1436891571.9999998,0.006521295122468713,000816
2023-08-23,3.11,3.11,3.05,3.07,7379500.0,22743872.0,1436891571.9999998,0.005135738940780704,000816
2023-08-24,3.1,3.1,3.05,3.06,7447800.0,22836195.0,1436891571.9999998,0.005183272102872353,000816
2023-08-25,3.05,3.1,3.03,3.03,9432700.0,28854475.0,1436891571.9999998,0.006564656779822773,000816
2023-08-28,3.19,3.21,3.07,3.07,12591788.0,39290396.0,1436891571.9999998,0.008763213763216367,000816
2023-08-29,3.08,3.15,3.07,3.14,12425898.0,38766391.0,1436891571.9999998,0.008647763159125832,000816
2023-08-30,3.13,3.19,3.12,3.14,10161446.0,31970138.0,1436891571.9999998,0.00707182518013962,000816
2023-08-31,3.13,3.14,3.1,3.1,6450000.0,20056340.0,1436891571.9999998,0.0044888564493577535,000816
2023-09-01,3.1,3.12,3.1,3.12,5085790.0,15820302.0,1436891571.9999998,0.003539438952182817,000816
2023-09-04,3.12,3.2,3.11,3.2,18085711.0,57339252.0,1436891571.9999998,0.012586691544739608,000816
2023-09-05,3.2,3.21,3.15,3.17,9669600.0,30648316.0,1436891571.9999998,0.006729526561660424,000816
2023-09-06,3.16,3.17,3.14,3.16,7798316.0,24606361.0,1436891571.9999998,0.005427212569105389,000816
2023-09-07,3.15,3.15,3.08,3.08,10264401.0,31898520.0,1436891571.9999998,0.007143476376378942,000816
2023-09-08,3.08,3.1,3.07,3.09,5523000.0,17058676.0,1436891571.9999998,0.003843713824775639,000816
2023-09-11,3.1,3.12,3.07,3.11,7799370.0,24156732.0,1436891571.9999998,0.0054279460969654855,000816
2023-09-12,3.11,3.14,3.09,3.13,10613300.0,33103838.0,1436891571.9999998,0.007386291496739325,000816
2023-09-13,3.11,3.13,3.06,3.07,10149100.0,31321938.0,1436891571.9999998,0.007063233021732834,000816
2023-09-14,3.07,3.08,3.04,3.06,8280654.0,25320449.0,1436891571.9999998,0.005762894126015517,000816
2023-09-15,3.06,3.09,3.05,3.07,6657800.0,20436965.0,1436891571.9999998,0.00463347418116807,000816
2023-09-18,3.08,3.1,3.05,3.09,6686700.0,20608330.0,1436891571.9999998,0.0046535870418481385,000816
2023-09-19,3.09,3.09,3.05,3.06,5591878.0,17143491.0,1436891571.9999998,0.0038916492440808892,000816
2023-09-20,3.06,3.07,3.04,3.05,4705600.0,14371630.0,1436891571.9999998,0.00327484696249579,000816
2023-09-21,3.03,3.05,3.02,3.02,9163200.0,27761203.0,1436891571.9999998,0.006377099134380615,000816
2023-09-22,3.01,3.06,3.01,3.06,7478100.0,22723784.0,1436891571.9999998,0.00520435928898329,000816
2023-09-25,3.05,3.05,3.02,3.03,6386300.0,19361820.0,1436891571.9999998,0.004444524642253244,000816
2023-09-26,3.02,3.04,3.01,3.02,5661500.0,17145286.0,1436891571.9999998,0.003940102447757972,000816
2023-09-27,3.02,3.08,3.01,3.06,11879600.0,36306515.0,1436891571.9999998,0.008267568848959747,000816
2023-09-28,3.06,3.08,3.04,3.07,9135639.0,27991481.0,1436891571.9999998,0.0063579181463804995,000816
2023-10-09,3.07,3.07,3.03,3.03,8473325.0,25775563.0,1436891571.9999998,0.005896982879651827,000816
2023-10-10,3.03,3.06,3.03,3.04,5998601.0,18234416.0,1436891571.9999998,0.00417470678852308,000816
2023-10-11,3.04,3.09,3.01,3.05,12910180.0,39347835.0,1436891571.9999998,0.008984797636491394,000816
2023-10-12,3.05,3.09,3.04,3.09,11142601.0,34203825.0,1436891571.9999998,0.007754656800227931,000816
2023-10-13,3.07,3.1,3.05,3.06,9136312.0,28030305.0,1436891571.9999998,0.006358386518534052,000816
2023-10-16,3.07,3.07,3.03,3.04,6740750.0,20512420.0,1436891571.9999998,0.00469120296294702,000816
2023-10-17,3.05,3.05,3.02,3.03,7916400.0,24009973.0,1436891571.9999998,0.005509392743518716,000816
2023-10-18,3.02,3.04,3.01,3.03,9622650.0,29074612.0,1436891571.9999998,0.006696851862389518,000816
2023-10-19,3.02,3.03,3.0,3.0,7850785.0,23617717.0,1436891571.9999998,0.005463728198414126,000816
2023-10-20,3.0,3.0,2.95,2.97,7470800.0,22244287.0,1436891571.9999998,0.0051992788778080475,000816
2023-10-23,2.97,2.97,2.85,2.87,11813000.0,34235491.0,1436891571.9999998,0.008221218796319867,000816
2023-10-24,2.87,2.94,2.87,2.93,9726050.0,28333206.0,1436891571.9999998,0.006768812754926508,000816
2023-10-25,2.95,3.02,2.95,3.02,11965341.0,35903013.0,1436891571.9999998,0.008327240018079806,000816
2023-10-26,3.01,3.01,2.96,2.99,7055594.0,21044190.0,1436891571.9999998,0.00491031761720153,000816
2023-10-27,2.98,3.04,2.97,3.03,10478600.0,31630396.0,1436891571.9999998,0.007292547471355063,000816
2023-10-30,3.02,3.05,3.01,3.03,8300800.0,25204840.0,1436891571.9999998,0.005776914668965712,000816
2023-10-31,3.04,3.05,3.01,3.02,6500700.0,19674695.0,1436891571.9999998,0.004524140948889915,000816
2023-11-01,3.03,3.08,3.02,3.04,10883016.0,33182962.0,1436891571.9999998,0.00757399946667653,000816
2023-11-02,3.06,3.08,3.03,3.04,10443600.0,31934934.0,1436891571.9999998,0.007268189335583354,000816
2023-11-03,3.05,3.08,3.04,3.06,12986160.0,39784878.0,1436891571.9999998,0.00903767566951809,000816
2023-11-06,3.06,3.12,3.06,3.11,15661960.0,48434018.0,1436891571.9999998,0.010899889946602041,000816
2023-11-07,3.1,3.13,3.09,3.12,12924900.0,40269264.0,1436891571.9999998,0.008995041972450237,000816
2023-11-08,3.13,3.14,3.09,3.11,12596700.0,39264592.0,1436891571.9999998,0.008766632253585243,000816
2023-11-09,3.12,3.13,3.08,3.08,9791192.0,30265291.0,1436891571.9999998,0.006814148117224813,000816
2023-11-10,3.07,3.1,3.06,3.09,9635800.0,29661394.0,1436891571.9999998,0.006706003561972317,000816
2023-11-13,3.09,3.13,3.09,3.13,10531000.0,32748893.0,1436891571.9999998,0.007329015080338993,000816
2023-11-14,3.13,3.13,3.1,3.12,7472110.0,23251371.0,1436891571.9999998,0.005200190568032646,000816
2023-11-15,3.13,3.15,3.11,3.13,11384400.0,35675294.0,1436891571.9999998,0.007922936025126885,000816
2023-11-16,3.14,3.15,3.11,3.12,8082700.0,25284101.0,1436891571.9999998,0.00562512868577115,000816
2023-11-17,3.11,3.14,3.1,3.14,7697509.0,24068390.0,1436891571.9999998,0.005357056266455714,000816
2023-11-20,3.15,3.17,3.12,3.16,12837458.0,40431270.0,1436891571.9999998,0.008934186997931673,000816
2023-11-21,3.16,3.17,3.12,3.14,11765990.0,37063200.0,1436891571.9999998,0.00818850234024478,000816
2023-11-22,3.13,3.15,3.1,3.1,9943400.0,30993240.0,1436891571.9999998,0.00692007677806882,000816
2023-11-23,3.11,3.15,3.1,3.13,12937560.0,40478594.0,1436891571.9999998,0.009003852658132232,000816
2023-11-24,3.14,3.14,3.09,3.1,12525303.0,38920336.0,1436891571.9999998,0.008716943744451165,000816
2023-11-27,3.09,3.12,3.06,3.1,11419300.0,35304138.0,1436891571.9999998,0.00794722456622496,000816
2023-11-28,3.1,3.16,3.08,3.12,12909100.0,40233677.0,1436891571.9999998,0.008984046014016152,000816
2023-11-29,3.12,3.14,3.1,3.1,10620400.0,33109300.0,1436891571.9999998,0.0073912327185673005,000816
2023-11-30,3.1,3.11,3.05,3.07,12823200.0,39446776.0,1436891571.9999998,0.008924264189365014,000816
2023-12-01,3.06,3.1,3.05,3.08,7879700.0,24226257.0,1436891571.9999998,0.005483851498295239,000816
2023-12-04,3.07,3.15,3.06,3.08,16525779.0,51253706.0,1436891571.9999998,0.011501061960435804,000816
2023-12-05,3.08,3.09,3.02,3.02,12832876.0,39214901.0,1436891571.9999998,0.008930998169985788,000816
2023-12-06,3.01,3.1,3.0,3.08,15496634.0,47616348.0,1436891571.9999998,0.010784831856470797,000816
2023-12-07,3.07,3.08,3.01,3.03,13262520.0,40236845.0,1436891571.9999998,0.009230007509571503,000816
2023-12-08,3.03,3.04,2.97,2.97,15187800.0,45533723.0,1436891571.9999998,0.010569899842101658,000816
2023-12-11,2.97,3.01,2.93,3.0,16856800.0,50188856.0,1436891571.9999998,0.011731434945043997,000816
2023-12-12,3.0,3.03,2.99,3.02,8779100.0,26399228.0,1436891571.9999998,0.00610978599295452,000816
2023-12-13,3.01,3.06,3.0,3.03,13584510.0,41286103.0,1436891571.9999998,0.00945409539920386,000816
2023-12-14,3.03,3.04,3.01,3.01,6566613.0,19857916.0,1436891571.9999998,0.004570012886121933,000816
2023-12-15,3.02,3.19,3.01,3.08,43230569.0,134106870.0,1436891571.9999998,0.030086173405434943,000816
2023-12-18,3.07,3.11,2.99,2.99,33861400.0,102855809.0,1436891571.9999998,0.02356573081771824,000816
2023-12-19,2.98,3.29,2.94,3.13,74260675.0,232433189.0,1436891571.9999998,0.05168147440424963,000816
2023-12-20,3.12,3.38,3.11,3.28,110262135.0,356196234.0,1436891571.9999998,0.07673657299452795,000816
2023-12-21,3.18,3.38,3.14,3.25,93075891.0,299653550.0,1436891571.9999998,0.06477586257287896,000816
2023-12-22,3.23,3.24,3.09,3.16,58909668.0,185425622.0,1436891571.9999998,0.04099799118315102,000816
2023-12-25,3.13,3.14,3.04,3.06,30906245.0,94777710.0,1436891571.9999998,0.021509100340105555,000816
2023-12-26,3.07,3.09,3.0,3.01,26838687.0,81320608.0,1436891571.9999998,0.018678296625154123,000816
2023-12-27,3.01,3.01,2.93,2.96,27166895.0,80359870.0,1436891571.9999998,0.01890671191159301,000816
2023-12-28,2.96,3.04,2.93,3.02,25696899.0,77098803.0,1436891571.9999998,0.017883672992968187,000816
2023-12-29,3.02,3.04,3.01,3.02,19407600.0,58604303.0,1436891571.9999998,0.01350665588008613,000816
2024-01-02,3.02,3.06,3.01,3.03,14011100.0,42561129.0,1436891571.9999998,0.009750979317456809,000816
2024-01-03,3.02,3.03,2.99,3.02,16689201.0,50253117.0,1436891571.9999998,0.011614794967981066,000816
2024-01-04,3.01,3.04,3.0,3.01,12184500.0,36739026.0,1436891571.9999998,0.008479763008868147,000816
2024-01-05,3.0,3.02,2.94,2.95,19137900.0,56964604.0,1436891571.9999998,0.013318959045296706,000816
2024-01-08,2.94,2.96,2.92,2.92,11379700.0,33418570.0,1436891571.9999998,0.007919665075466114,000816
2024-01-09,2.93,2.96,2.92,2.94,8753540.0,25704212.0,1436891571.9999998,0.00609199759437381,000816
2024-01-10,2.93,2.95,2.89,2.92,9429940.0,27553263.0,1436891571.9999998,0.006562735966830489,000816
2024-01-11,2.91,2.97,2.91,2.95,12619500.0,37036857.0,1436891571.9999998,0.00878249983917367,000816
2024-01-12,2.94,3.0,2.93,2.96,18046200.0,53695012.0,1436891571.9999998,0.012559193993240294,000816
2024-01-15,2.95,2.97,2.93,2.95,8058021.0,23772334.0,1436891571.9999998,0.00560795341626515,000816
2024-01-16,2.95,2.96,2.91,2.94,8501000.0,24908309.0,1436891571.9999998,0.005916243205579886,000816
2024-01-17,2.93,2.94,2.88,2.88,8146020.0,23706602.0,1436891571.9999998,0.0056691960331158526,000816
2024-01-18,2.87,2.88,2.79,2.85,14763735.0,41799547.0,1436891571.9999998,0.010274773189357952,000816
2024-01-19,2.84,2.85,2.82,2.82,6030830.0,17069007.0,1436891571.9999998,0.004197136455888407,000816
2024-01-22,2.82,2.82,2.6,2.63,14452304.0,39220247.0,1436891571.9999998,0.010058033801314552,000816
2024-01-23,2.63,2.67,2.59,2.65,9352800.0,24660811.0,1436891571.9999998,0.006509050635589643,000816
2024-01-24,2.67,2.72,2.63,2.72,10943536.0,29314690.0,1436891571.9999998,0.007616118163159497,000816
2024-01-25,2.74,2.82,2.71,2.82,14458199.0,40221852.0,1436891571.9999998,0.010062136407325244,000816
2024-01-26,2.81,2.86,2.8,2.82,9075901.0,25674985.0,1436891571.9999998,0.0063163436802453465,000816
2024-01-29,2.82,2.84,2.75,2.76,9876157.0,27424747.0,1436891571.9999998,0.006873279231677477,000816
2024-01-30,2.76,2.79,2.69,2.69,9029100.0,24709953.0,1436891571.9999998,0.006283772677038154,000816
2024-01-31,2.64,2.68,2.53,2.53,15414601.0,40159783.0,1436891571.9999998,0.010727741257849066,000816
2024-02-01,2.53,2.53,2.41,2.42,17470666.0,42923336.0,1436891571.9999998,0.012158652984290733,000816
2024-02-02,2.4,2.47,2.21,2.31,21651606.0,50836944.0,1436891571.9999998,0.015068364532101246,000816
2024-02-05,2.32,2.54,2.27,2.32,38233639.0,91188595.0,1436891571.9999998,0.026608576280242813,000816
2024-02-06,2.19,2.4,2.09,2.28,35411014.0,77422757.0,1436891571.9999998,0.024644179623596545,000816
2024-02-07,2.29,2.3,2.17,2.2,20491369.0,45643168.0,1436891571.9999998,0.014260901378576673,000816
2024-02-08,2.18,2.36,2.18,2.35,24619127.0,56380422.0,1436891571.9999998,0.017133601087055444,000816
2024-02-19,2.39,2.44,2.35,2.41,20176017.0,48417966.0,1436891571.9999998,0.014041433183380105,000816
2024-02-20,2.42,2.42,2.36,2.4,14365000.0,34255334.0,1436891571.9999998,0.009997274867445602,000816
2024-02-21,2.39,2.49,2.37,2.42,24033607.0,58806405.0,1436891571.9999998,0.016726110353996845,000816
2024-02-22,2.41,2.47,2.4,2.45,16879281.0,41145515.0,1436891571.9999998,0.011747080523623533,000816
2024-02-23,2.45,2.49,2.43,2.49,20054930.0,49374209.0,1436891571.9999998,0.013957163080917566,000816
2024-02-26,2.54,2.6,2.51,2.56,28933715.0,74003780.0,1436891571.9999998,0.020136324524283593,000816
2024-02-27,2.56,2.62,2.53,2.62,21436101.0,55526400.0,1436891571.9999998,0.014918384530687471,000816
2024-02-28,2.61,2.66,2.47,2.48,33234257.0,85605322.0,1436891571.9999998,0.02312927269365319,000816
2024-02-29,2.45,2.72,2.42,2.64,41793502.0,107846989.0,1436891571.9999998,0.02908605131689088,000816
2024-03-01,2.62,2.65,2.57,2.62,23582800.0,61362507.0,1436891571.9999998,0.016412372693630082,000816
2024-03-04,2.62,2.75,2.6,2.69,35233380.0,94650317.0,1436891571.9999998,0.024520555821034493,000816
2024-03-05,2.65,2.66,2.58,2.59,25783300.0,67132961.0,1436891571.9999998,0.017943803486934227,000816
2024-03-06,2.57,2.6,2.56,2.58,11739781.0,30351861.0,1436891571.9999998,0.00817026227223219,000816
2024-03-07,2.6,2.68,2.59,2.59,20963752.0,55146798.0,1436891571.9999998,0.01458965478572659,000816
2024-03-08,2.58,2.6,2.54,2.58,14483317.0,37178688.0,1436891571.9999998,0.010079617197448496,000816
2024-03-11,2.58,2.61,2.57,2.6,12217100.0,31647140.0,1436891571.9999998,0.008502450872472653,000816
2024-03-12,2.61,2.63,2.58,2.61,14494099.0,37740256.0,1436891571.9999998,0.010087120895159655,000816
2024-03-13,2.62,2.64,2.58,2.61,15916300.0,41468450.0,1436891571.9999998,0.011076897039521366,000816
2024-03-14,2.61,2.67,2.57,2.59,18272200.0,47866402.0,1436891571.9999998,0.012716477955651898,000816
2024-03-15,2.57,2.68,2.57,2.65,25211696.0,66295470.0,1436891571.9999998,0.017545997548658463,000816
2024-03-18,2.65,2.68,2.62,2.66,20122525.0,53222581.0,1436891571.9999998,0.014004205600560099,000816
2024-03-19,2.66,2.71,2.63,2.66,22184538.0,59280070.0,1436891571.9999998,0.015439256818189483,000816
2024-03-20,2.64,2.67,2.64,2.67,16625875.0,44144317.0,1436891571.9999998,0.011570723444955945,000816
2024-03-21,2.66,2.67,2.63,2.67,15848800.0,42040560.0,1436891571.9999998,0.011029920634818785,000816
2024-03-22,2.65,2.67,2.59,2.61,16873100.0,44231274.0,1436891571.9999998,0.01174277887684625,000816
2024-03-25,2.6,2.6,2.52,2.52,14592200.0,37490185.0,1436891571.9999998,0.010155393965940809,000816
2024-03-26,2.53,2.55,2.45,2.5,16116900.0,40286817.0,1436891571.9999998,0.011216503954830075,000816
2024-03-27,2.51,2.52,2.43,2.43,14778200.0,36534514.0,1436891571.9999998,0.010284840058899031,000816
2024-03-28,2.44,2.51,2.43,2.47,13185330.0,32649855.0,1436891571.9999998,0.00917628738099384,000816
2024-03-29,2.48,2.51,2.47,2.51,13338092.0,33266832.0,1436891571.9999998,0.009282601596329777,000816
2024-04-01,2.51,2.58,2.48,2.58,16165792.0,41247550.0,1436891571.9999998,0.011250530182662942,000816
2024-04-02,2.58,2.63,2.56,2.62,19201900.0,50127911.0,1436891571.9999998,0.013363499636422116,000816
2024-04-03,2.65,2.76,2.6,2.71,59032601.0,158856683.0,1436891571.9999998,0.04108354600328883,000816
2024-04-08,2.69,2.87,2.64,2.66,52451623.0,142648828.0,1436891571.9999998,0.036503535842299456,000816
2024-04-09,2.64,2.71,2.61,2.68,26082000.0,69437054.0,1436891571.9999998,0.018151682777077353,000816
2024-04-10,2.67,2.75,2.6,2.63,21621192.0,57415421.0,1436891571.9999998,0.015047198008062368,000816
2024-04-11,2.59,2.68,2.58,2.63,17199550.0,45211066.0,1436891571.9999998,0.011969970688922658,000816
2024-04-12,2.63,2.73,2.61,2.66,27137918.0,72510810.0,1436891571.9999998,0.018886545463014243,000816
2024-04-15,2.61,2.62,2.39,2.46,39841393.0,98654253.0,1436891571.9999998,0.027727487429371606,000816
2024-04-16,2.44,2.44,2.21,2.21,33061246.0,74834562.0,1436891571.9999998,0.023008866252853213,000816
2024-04-17,2.21,2.34,2.21,2.31,20610835.0,47288551.0,1436891571.9999998,0.014344043351379615,000816
2024-04-18,2.31,2.33,2.24,2.25,20700848.0,46901667.0,1436891571.9999998,0.014406687604957296,000816
2024-04-19,2.25,2.27,2.21,2.22,14890778.0,33193507.0,1436891571.9999998,0.0103631883505821,000816
2024-04-22,2.21,2.23,2.13,2.19,12937301.0,28345996.0,1436891571.9999998,0.009003672407927522,000816
2024-04-23,2.21,2.22,2.18,2.2,10432150.0,22963692.0,1436891571.9999998,0.007260220745452324,000816
2024-04-24,2.21,2.22,2.17,2.2,12745300.0,27914979.0,1436891571.9999998,0.008870049938604555,000816
2024-04-25,2.2,2.23,2.17,2.22,11178572.0,24749491.0,1436891571.9999998,0.0077796907002806205,000816
2024-04-26,2.2,2.22,2.18,2.22,14730100.0,32442299.0,1436891571.9999998,0.01025136502088134,000816
2024-04-29,2.21,2.3,2.2,2.29,23910478.0,54312417.0,1436891571.9999998,0.016640419128298712,000816
2024-04-30,2.29,2.31,2.23,2.25,15094001.0,34100691.0,1436891571.9999998,0.010504620734180214,000816
2024-05-06,2.27,2.3,2.26,2.29,17722574.0,40532579.0,1436891571.9999998,0.012333967534747293,000816
2024-05-07,2.29,2.31,2.27,2.3,15333120.0,35145636.0,1436891571.9999998,0.010671034821825793,000816
2024-05-08,2.31,2.53,2.3,2.53,65912456.0,162118176.0,1436891571.9999998,0.045871558636993666,000816
2024-05-09,2.44,2.47,2.4,2.42,57875022.0,141021734.0,1436891571.9999998,0.04027793267618944,000816
2024-05-10,2.43,2.5,2.4,2.45,35860146.0,87404186.0,1436891571.9999998,0.024956751573179947,000816
2024-05-13,2.42,2.43,2.35,2.38,24602300.0,58373758.0,1436891571.9999998,0.01712189039132314,000816
2024-05-14,2.36,2.4,2.35,2.38,13541545.0,32194606.0,1436891571.9999998,0.009424194047677246,000816
2024-05-15,2.39,2.44,2.36,2.38,17270200.0,41384952.0,1436891571.9999998,0.012019139325844695,000816
2024-05-16,2.37,2.49,2.35,2.42,26745905.0,64895040.0,1436891571.9999998,0.018613725295063534,000816
2024-05-17,2.4,2.42,2.38,2.41,14433093.0,34596077.0,1436891571.9999998,0.01004466396856283,000816
2024-05-20,2.42,2.43,2.38,2.39,16613956.0,39897031.0,1436891571.9999998,0.011562428455805573,000816
2024-05-21,2.37,2.38,2.33,2.34,14043800.0,32977161.0,1436891571.9999998,0.009773736775734948,000816
2024-05-22,2.32,2.35,2.32,2.33,9692096.0,22600380.0,1436891571.9999998,0.006745182579441005,000816
2024-05-23,2.32,2.33,2.25,2.26,15914951.0,36242535.0,1436891571.9999998,0.01107595820737405,000816
2024-05-24,2.26,2.28,2.24,2.25,10169845.0,22991770.0,1436891571.9999998,0.007077670436778094,000816
2024-05-27,2.26,2.27,2.22,2.24,7638556.0,17091159.0,1436891571.9999998,0.005316028118508584,000816
2024-05-28,2.24,2.25,2.22,2.22,8223500.0,18362237.0,1436891571.9999998,0.0057231179862470526,000816
2024-05-29,2.23,2.26,2.22,2.24,7771237.0,17425365.0,1436891571.9999998,0.005408367027432187,000816
2024-05-30,2.24,2.26,2.21,2.22,8596187.0,19187420.0,1436891571.9999998,0.005982488287571361,000816
2024-05-31,2.22,2.23,2.21,2.22,6862700.0,15238527.0,1436891571.9999998,0.004776073667443016,000816
2024-06-03,2.22,2.22,2.12,2.14,17320771.0,37350012.0,1436891571.9999998,0.012054334048247867,000816
2024-06-04,2.14,2.15,2.1,2.13,11059600.0,23429796.0,1436891571.9999998,0.007696892525165428,000816
2024-06-05,2.11,2.14,2.1,2.1,10153100.0,21476877.0,1436891571.9999998,0.007066016808678172,000816
2024-06-06,2.15,2.16,1.89,1.89,32553313.0,64503037.0,1436891571.9999998,0.022655371939226607,000816
2024-06-07,1.7,1.92,1.7,1.91,43052340.0,79478401.0,1436891571.9999998,0.029962135514564774,000816
2024-06-11,1.85,1.88,1.82,1.85,18598621.0,34347686.0,1436891571.9999998,0.012943649585272955,000816
2024-06-12,1.84,1.93,1.83,1.88,18311795.0,34638481.0,1436891571.9999998,0.012744033966677065,000816
2024-06-13,1.89,1.9,1.72,1.81,29911576.0,53745500.0,1436891571.9999998,0.02081686369582242,000816
2024-06-14,1.81,1.83,1.75,1.76,21475795.0,38179570.0,1436891571.9999998,0.014946009440439535,000816
2024-06-17,1.76,1.78,1.73,1.74,13935601.0,24387591.0,1436891571.9999998,0.009698436034810288,000816
2024-06-18,1.74,1.88,1.73,1.82,23426771.0,42435514.0,1436891571.9999998,0.016303784820306543,000816
2024-06-19,1.83,1.83,1.77,1.77,13890901.0,24875407.0,1436891571.9999998,0.009667327215696134,000816
2024-06-20,1.8,1.84,1.73,1.73,16230900.0,28763599.0,1436891571.9999998,0.011295841882772212,000816
2024-06-21,1.71,1.76,1.56,1.63,50643617.0,83360026.0,1436891571.9999998,0.0352452599673262,000816
2024-06-24,1.61,1.65,1.54,1.55,32011890.0,50816241.0,1436891571.9999998,0.022278570369400154,000816
2024-06-25,1.53,1.57,1.48,1.52,28147485.0,42816254.0,1436891571.9999998,0.01958915032177529,000816
2024-06-26,1.51,1.59,1.49,1.58,25327820.0,39146139.0,1436891571.9999998,0.017626813667468575,000816
2024-06-27,1.59,1.6,1.53,1.53,20854810.0,32539104.0,1436891571.9999998,0.014513836956376834,000816
2024-06-28,1.54,1.57,1.49,1.49,21716001.0,33206994.0,1436891571.9999998,0.015113180022187507,000816
2024-07-01,1.5,1.5,1.43,1.48,28258975.0,41400592.0,1436513922.0,0.019671911679530522,000816
2024-07-02,1.48,1.55,1.47,1.54,27834541.0,42595226.0,1436513922.0,0.01937645056808576,000816
2024-07-03,1.54,1.61,1.54,1.57,26626306.0,41875682.0,1436513922.0,0.01853536230468917,000816
2024-07-04,1.58,1.59,1.48,1.49,24517448.0,37004333.0,1436513922.0,0.017067323625980145,000816
2024-07-05,1.49,1.53,1.46,1.52,17460262.0,26263743.0,1436513922.0,0.012154606880308397,000816
2024-07-08,1.52,1.53,1.45,1.45,17120300.0,25284592.0,1436513922.0,0.011917949236554632,000816
2024-07-09,1.46,1.48,1.39,1.43,23551822.0,33501456.0,1436513922.0,0.01639512269203055,000816
2024-07-10,1.56,1.57,1.5,1.57,47913380.0,74183121.0,1436513922.0,0.0333539266596819,000816
2024-07-11,1.65,1.73,1.62,1.73,46919225.0,79072443.0,1436513922.0,0.032661865841631575,000816
2024-07-12,1.9,1.9,1.9,1.9,16802640.0,31925016.0,1436513922.0,0.011696816677283828,000816
2024-07-15,1.84,2.05,1.76,1.8,116898315.0,216962474.0,1436513922.0,0.08137638849837753,000816
2024-07-16,1.74,1.89,1.74,1.78,79099095.0,142237728.0,1436513922.0,0.05506322896604687,000816
2024-07-17,1.8,1.82,1.7,1.73,47827800.0,83318601.0,1436513922.0,0.03329435188028759,000816
2024-07-18,1.7,1.81,1.68,1.76,53529200.0,93206699.0,1436513922.0,0.037263265729769936,000816
2024-07-19,1.73,1.8,1.69,1.71,45400714.0,78266046.0,1436513922.0,0.031604785240640365,000816
2024-07-22,1.69,1.71,1.67,1.69,32004800.0,53950315.0,1436513922.0,0.022279491698514845,000816
2024-07-23,1.69,1.73,1.67,1.67,28411489.0,48349818.0,1436513922.0,0.019778081204005205,000816
2024-07-24,1.67,1.67,1.63,1.63,24090900.0,39594011.0,1436513922.0,0.016770390896357772,000816
2024-07-25,1.62,1.67,1.61,1.65,20342728.0,33404317.0,1436513922.0,0.01416117706097665,000816
2024-07-26,1.65,1.75,1.64,1.75,41683451.0,71171207.0,1436513922.0,0.02901708807803674,000816
2024-07-29,1.73,1.78,1.72,1.75,33299201.0,58207901.0,1436513922.0,0.023180562673307665,000816
2024-07-30,1.74,1.77,1.73,1.77,20447100.0,35884185.0,1436513922.0,0.01423383350962052,000816
2024-07-31,1.74,1.8,1.74,1.8,28880333.0,51352002.0,1436513922.0,0.020104457435254845,000816
2024-08-01,1.8,1.85,1.79,1.82,31498535.0,57226034.0,1436513922.0,0.02192706559790654,000816
2024-08-02,1.8,1.83,1.78,1.79,23438200.0,42384848.0,1436513922.0,0.01631602704369753,000816
2024-08-05,1.8,1.82,1.75,1.75,26440301.0,47350066.0,1436513922.0,0.018405878700561595,000816
2024-08-06,1.78,1.81,1.77,1.8,23590170.0,42229114.0,1436513922.0,0.016421817873617517,000816
2024-08-07,1.79,1.8,1.77,1.79,14467279.0,25834173.0,1436513922.0,0.010071102534013589,000816
2024-08-08,1.8,1.83,1.76,1.81,21974600.0,39464944.0,1436513922.0,0.015297171620450191,000816
2024-08-09,1.81,1.82,1.77,1.78,16822700.0,30153835.0,1436513922.0,0.011710781038988078,000816
2024-08-12,1.76,1.79,1.76,1.78,12181711.0,21586438.0,1436513922.0,0.008480050776702462,000816
2024-08-13,1.77,1.8,1.75,1.8,13502000.0,24061856.0,1436513922.0,0.009399143157068546,000816
2024-08-14,1.81,1.83,1.79,1.82,15187400.0,27497747.0,1436513922.0,0.010572400146916223,000816
2024-08-15,1.83,1.86,1.77,1.85,25699833.0,46938978.0,1436513922.0,0.017890416936731924,000816
2024-08-16,1.87,1.87,1.8,1.8,23839800.0,43532080.0,1436513922.0,0.016595592729660994,000816
2024-08-19,1.8,1.87,1.78,1.84,29882528.0,54785394.0,1436513922.0,0.02080211513606201,000816
2024-08-20,1.83,1.84,1.78,1.8,22010198.0,39640927.0,1436513922.0,0.01532195244537282,000816
2024-08-21,1.79,1.82,1.77,1.77,14178698.0,25393992.0,1436513922.0,0.009870212730176381,000816
2024-08-22,1.78,1.81,1.77,1.78,18748000.0,33634341.0,1436513922.0,0.013051039542935943,000816
2024-08-23,1.78,1.79,1.72,1.74,17110600.0,29813913.0,1436513922.0,0.011911196778502227,000816
2024-08-26,1.72,1.81,1.72,1.8,17338001.0,30877919.0,1436513922.0,0.01206949736753056,000816
2024-08-27,1.8,1.81,1.74,1.75,14157095.0,25007928.0,1436513922.0,0.00985517424035101,000816
2024-08-28,1.75,1.8,1.73,1.76,13537201.0,23978418.0,1436513922.0,0.009423647618501814,000816
2024-08-29,1.76,1.82,1.74,1.81,18964500.0,33958870.0,1436513922.0,0.013201751622146827,000816
2024-08-30,1.8,1.85,1.79,1.84,21600900.0,39520846.0,1436513922.0,0.015037027953008588,000816
2024-09-02,1.83,1.88,1.81,1.81,19411300.0,35732061.0,1436513922.0,0.013512782370375107,000816
2024-09-03,1.82,1.84,1.79,1.82,11721600.0,21322692.0,1436513922.0,0.008159753846089074,000816
2024-09-04,1.82,1.85,1.79,1.79,15733400.0,28564738.0,1436513922.0,0.01095248696100002,000816
2024-09-05,1.8,1.82,1.8,1.81,10312900.0,18669097.0,1436513922.0,0.007179115943158955,000816
2024-09-06,1.81,1.83,1.76,1.77,12616400.0,22571419.0,1436513922.0,0.008782650698180981,000816
2024-09-09,1.74,1.79,1.73,1.78,11323300.0,20049391.0,1436513922.0,0.007882485388122817,000816
2024-09-10,1.78,1.81,1.76,1.79,11501900.0,20533524.0,1436513922.0,0.008006814151850594,000816
2024-09-11,1.81,1.85,1.77,1.78,27524900.0,49863125.0,1436513922.0,0.019160900272848173,000816
2024-09-12,1.76,1.81,1.75,1.78,18832258.0,33722816.0,1436513922.0,0.013109694038871975,000816
2024-09-13,1.79,1.79,1.75,1.75,14239110.0,25124742.0,1436513922.0,0.009912267317378634,000816
2024-09-18,1.75,1.76,1.69,1.72,16285201.0,27990806.0,1436513922.0,0.011336612023451034,000816
2024-09-19,1.72,1.83,1.72,1.82,34179568.0,61451088.0,1436513922.0,0.023793412285495412,000816
2024-09-20,1.81,1.83,1.79,1.79,16265800.0,29275077.0,1436513922.0,0.011323106411216529,000816
2024-09-23,1.79,1.81,1.78,1.79,14234000.0,25491323.0,1436513922.0,0.00990871009463144,000816
2024-09-24,1.8,1.97,1.79,1.97,31696574.0,61193841.0,1436513922.0,0.022064926426797277,000816
2024-09-25,2.04,2.1,1.96,1.98,96991600.0,194790677.0,1436513922.0,0.06751873303459707,000816
2024-09-26,1.96,2.03,1.95,2.03,58397982.0,116754381.0,1436513922.0,0.040652569463924766,000816
2024-09-27,2.06,2.19,2.05,2.15,67627405.0,143075066.0,1436513922.0,0.04707744489231619,000816
2024-09-30,2.25,2.37,2.17,2.35,81843432.0,186759690.0,1436513922.0,0.05697364344791919,000816
2024-10-08,2.58,2.59,2.35,2.52,95446059.0,238270180.0,1436513922.0,0.06644283604791962,000816
2024-10-09,2.5,2.5,2.27,2.27,64786515.0,152615874.0,1436513922.0,0.045099816999893995,000816
2024-10-10,2.26,2.33,2.22,2.26,36696416.0,83699952.0,1436513922.0,0.02554546491892614,000816
2024-10-11,2.24,2.27,2.17,2.2,31473721.0,69728186.0,1436513922.0,0.021909791835626916,000816
2024-10-14,2.2,2.25,2.19,2.23,27667855.0,61354824.0,1436513922.0,0.019260415493557604,000816
2024-10-15,2.22,2.25,2.2,2.21,24718650.0,54932652.0,1436513922.0,0.01720738631309972,000816
2024-10-16,2.19,2.36,2.17,2.3,66236335.0,151473183.0,1436513922.0,0.04610907975592874,000816
2024-10-17,2.28,2.33,2.2,2.21,46489405.0,104745075.0,1436513922.0,0.03236265537564348,000816
2024-10-18,2.21,2.26,2.18,2.23,34356726.0,76300473.0,1436513922.0,0.02391673723020138,000816
2024-10-21,2.26,2.3,2.25,2.29,34668159.0,78978677.0,1436513922.0,0.02413353498985442,000816
2024-10-22,2.3,2.4,2.28,2.36,44959633.0,105393770.0,1436513922.0,0.03129773565814422,000816
2024-10-23,2.37,2.38,2.33,2.36,30390743.0,71507641.0,1436513922.0,0.021155898689577755,000816
2024-10-24,2.35,2.43,2.32,2.38,33841529.0,80068381.0,1436513922.0,0.023558093299147296,000816
2024-10-25,2.38,2.55,2.37,2.47,59728122.0,146632630.0,1436513922.0,0.04157851941792737,000816
2024-10-28,2.47,2.67,2.45,2.65,88815691.0,229629191.0,1436513922.0,0.0618272399868882,000816
2024-10-29,2.65,2.66,2.5,2.51,69682462.0,178331860.0,1436513922.0,0.04850803109724404,000816
2024-10-30,2.47,2.56,2.47,2.54,39828318.0,100291546.0,1436513922.0,0.02772567490647682,000816
2024-10-31,2.54,2.74,2.52,2.65,69115811.0,181276767.0,1436513922.0,0.04811356850880558,000816
2024-11-01,2.63,2.74,2.56,2.6,65566075.0,172474229.0,1436513922.0,0.04564249186580455,000816
2024-11-04,2.62,2.78,2.62,2.72,85233450.0,230541128.0,1436513922.0,0.05933353564811466,000816
2024-11-05,2.73,2.76,2.69,2.74,71333174.0,194781576.0,1436513922.0,0.04965714074019256,000816
2024-11-06,2.75,3.01,2.74,2.89,156001286.0,457022282.0,1436513922.0,0.10859712781815978,000816
2024-11-07,2.88,3.06,2.8,3.0,135391951.0,397557373.0,1436513922.0,0.09425035770728855,000816
2024-11-08,3.0,3.0,2.88,2.88,85007045.0,248373816.0,1436513922.0,0.05917592840426367,000816
2024-11-11,2.87,2.9,2.82,2.86,48764107.0,138981057.0,1436513922.0,0.03394614298767652,000816
2024-11-12,2.86,2.93,2.79,2.81,53075750.0,151411716.0,1436513922.0,0.03694760571906243,000816
2024-11-13,2.82,2.85,2.73,2.78,41522465.0,115401581.0,1436513922.0,0.028905020942776496,000816
2024-11-14,2.78,2.78,2.68,2.68,30383701.0,82787659.0,1436513922.0,0.021150996544257648,000816
2024-11-15,2.67,2.71,2.62,2.62,28755220.0,76726085.0,1436513922.0,0.020017362560583663,000816
2024-11-18,2.63,2.67,2.57,2.58,29289000.0,76393700.0,1436513922.0,0.02038894266978082,000816
2024-11-19,2.58,2.62,2.52,2.62,30025550.0,77237362.0,1436513922.0,0.02090167699746108,000816
2024-11-20,2.6,2.68,2.6,2.66,25861000.0,68512597.0,1436513922.0,0.018002610071467168,000816
2024-11-21,2.66,2.71,2.65,2.69,26785801.0,71799296.0,1436513922.0,0.018646391510572496,000816
2024-11-22,2.68,2.7,2.56,2.58,29958501.0,79298426.0,1436513922.0,0.02085500219746565,000816
2024-11-25,2.58,2.65,2.55,2.64,25490550.0,66342644.0,1436513922.0,0.01774472882553797,000816
2024-11-26,2.65,2.73,2.64,2.67,37034820.0,99561770.0,1436513922.0,0.025781037992613342,000816
2024-11-27,2.66,2.67,2.57,2.67,28041301.0,73451525.0,1436513922.0,0.01952038234405639,000816
2024-11-28,2.67,2.8,2.66,2.76,59946852.0,165142565.0,1436513922.0,0.04173078386636061,000816
2024-11-29,2.76,2.77,2.71,2.76,36734801.0,100784241.0,1436513922.0,0.025572185857311865,000816
2024-12-02,2.79,2.93,2.77,2.92,67039418.0,193085223.0,1436513922.0,0.04666812968068123,000816
2024-12-03,2.91,2.99,2.88,2.96,60429754.0,177394444.0,1436513922.0,0.04206694628887836,000816
2024-12-04,2.96,2.98,2.88,2.91,48591355.0,142401236.0,1436513922.0,0.03382588519041168,000816
2024-12-05,2.9,2.97,2.88,2.96,43946501.0,129078190.0,1436513922.0,0.030592464386850544,000816
2024-12-06,2.97,3.26,2.97,3.26,94827630.0,304633075.0,1436513922.0,0.06601232925607525,000816
2024-12-09,3.39,3.59,3.21,3.21,261016694.0,882972170.0,1436513922.0,0.18170147187755553,000816
2024-12-10,3.27,3.38,3.16,3.16,157007872.0,508539908.0,1436513922.0,0.10929784222446262,000816
2024-12-11,3.15,3.48,3.15,3.48,138262436.0,467392671.0,1436513922.0,0.09624858755806753,000816
2024-12-12,3.41,3.82,3.37,3.66,290739014.0,1050500342.0,1436513922.0,0.20239206146726088,000816
2024-12-13,3.55,4.03,3.55,4.03,203599607.0,801492905.0,1436513922.0,0.1417317325519105,000816
2024-12-16,4.2,4.43,3.86,4.43,343826321.0,1437163224.0,1436513922.0,0.2393477123572214,000816
2024-12-17,4.56,4.8,3.99,4.08,394194777.0,1768112416.0,1436513922.0,0.27441069032674503,000816
2024-12-18,3.68,4.13,3.68,3.71,297406132.0,1139775533.0,1436513922.0,0.20703324029462486,000816
2024-12-19,3.72,3.87,3.37,3.46,244020679.0,865557582.0,1436513922.0,0.1698700411202837,000816
2024-12-20,3.41,3.46,3.35,3.41,151461274.0,516044370.0,1436513922.0,0.1054366906441997,000816
2024-12-23,3.39,3.42,3.16,3.18,143908057.0,466816613.0,1436513922.0,0.10017867198922976,000816
2024-12-24,3.16,3.2,3.06,3.13,98253200.0,305759197.0,1436513922.0,0.06839697025922732,000816
2024-12-25,3.13,3.14,2.91,2.95,100743826.0,300433400.0,1436513922.0,0.07013076897976628,000816
2024-12-26,2.98,3.1,2.98,3.01,98707251.0,300406372.0,1436513922.0,0.0687130486438822,000816
2024-12-27,3.01,3.18,3.0,3.11,129599332.0,402862326.0,1436513922.0,0.09021794360305545,000816
2024-12-30,3.12,3.13,3.0,3.04,76442196.0,231528798.0,1436513922.0,0.05321368267254426,000816
2024-12-31,3.07,3.11,3.01,3.02,83178810.0,254383833.0,1436725522.0,0.05789471177780052,000816
