日期,开盘,最高,最低,收盘,成交量,成交额,outstanding_share,换手率,股票代码
2020-01-02,20.12,21.13,20.12,20.85,70638746.0,1461522044.0,4197957251.0,0.016826933143059775,000876
2020-01-03,20.72,20.95,20.16,20.43,45142392.0,922191969.0,4197957251.0,0.010753418698879457,000876
2020-01-06,20.15,20.72,20.14,20.61,31586508.0,647574725.0,4197957251.0,0.0075242567066341,000876
2020-01-07,20.81,21.75,20.73,21.49,59403977.0,1267409639.0,4197957251.0,0.014150686500166078,000876
2020-01-08,21.53,21.55,20.86,20.95,39617713.0,839397818.0,4197957251.0,0.009437378856243146,000876
2020-01-09,21.12,21.2,20.71,20.8,26625291.0,556483695.0,4197957251.0,0.00634243976487792,000876
2020-01-10,20.79,20.79,20.13,20.28,33234962.0,674319778.0,4197957251.0,0.007916936741574265,000876
2020-01-13,20.17,20.65,20.07,20.61,25418381.0,519223933.0,4197957251.0,0.006054940410349595,000876
2020-01-14,20.55,20.76,20.23,20.4,21746776.0,444097820.0,4197957251.0,0.0051803233572280125,000876
2020-01-15,20.61,20.78,20.07,20.24,23884348.0,484083514.0,4197957251.0,0.00568951672728694,000876
2020-01-16,20.14,20.32,19.75,19.97,23012973.0,460499527.0,4197957251.0,0.0054819455330370635,000876
2020-01-17,19.99,20.11,19.52,19.55,23259082.0,459155365.0,4197957251.0,0.005540571427796085,000876
2020-01-20,19.66,19.9,19.18,19.9,25675440.0,503365910.0,4197957251.0,0.00611617471661576,000876
2020-01-21,19.85,19.85,19.04,19.13,26066648.0,504374568.0,4197957251.0,0.006209364803272028,000876
2020-01-22,19.0,19.29,18.48,19.14,27716858.0,523641564.0,4197957251.0,0.006602463136897723,000876
2020-01-23,18.95,19.23,18.0,18.14,39677688.0,732065866.0,4197957251.0,0.009451665566758293,000876
2020-02-03,16.33,16.33,16.33,16.33,19624300.0,320464819.0,4197957251.0,0.004674726021882494,000876
2020-02-04,15.69,17.23,15.68,17.13,56620491.0,952594139.0,4197957251.0,0.013487629247894883,000876
2020-02-05,17.8,18.79,17.52,18.23,46668533.0,851737122.0,4197957251.0,0.011116962419968197,000876
2020-02-06,18.6,19.4,18.2,19.24,48700819.0,925159206.0,4197957251.0,0.011601075496516532,000876
2020-02-07,19.01,19.58,18.6,19.16,33901665.0,648055930.0,4197957251.0,0.00807575279427256,000876
2020-02-10,19.15,20.88,18.98,20.41,69287541.0,1406391517.0,4197957251.0,0.016505061118355823,000876
2020-02-11,20.5,20.89,20.13,20.29,45530324.0,931436765.0,4197957251.0,0.010845828405983452,000876
2020-02-12,20.35,20.58,20.04,20.28,36626908.0,743958518.0,4197957251.0,0.008724935917647818,000876
2020-02-13,20.25,20.45,19.8,19.98,31380966.0,630048851.0,4197957251.0,0.007475294321428525,000876
2020-02-14,20.19,21.1,20.1,21.0,62322585.0,1294566229.0,4197957251.0,0.014845931312224314,000876
2020-02-17,20.99,21.37,20.65,21.08,55767103.0,1168436134.0,4197957251.0,0.013284342756638519,000876
2020-02-18,21.02,21.14,20.71,20.95,34962169.0,731104653.0,4197957251.0,0.008328376615000455,000876
2020-02-19,21.01,22.28,21.01,21.55,65021001.0,1410430344.0,4197957251.0,0.015488723946512623,000876
2020-02-20,21.68,22.0,21.19,21.68,40237733.0,869407749.0,4197957251.0,0.009585074500321537,000876
2020-02-21,21.53,21.94,21.1,21.41,41618626.0,893046467.0,4197957251.0,0.009914018536059646,000876
2020-02-24,21.06,22.12,20.94,21.86,43940163.0,949778043.0,4197957251.0,0.010467034410494049,000876
2020-02-25,21.45,22.68,21.31,22.58,61528917.0,1363639664.0,4210117181.0,0.014614537875020728,000876
2020-02-26,22.71,24.84,22.71,24.83,125989716.0,3060617741.0,4210117181.0,0.02992546539288356,000876
2020-02-27,24.7,26.05,23.99,25.28,103198907.0,2594565463.0,4210117181.0,0.02451212224346874,000876
2020-02-28,24.23,25.48,24.15,24.2,60574357.0,1498963540.0,4210117181.0,0.014387807843774122,000876
2020-03-02,24.72,26.32,24.31,26.0,85695233.0,2193417408.0,4210117181.0,0.020354595683639714,000876
2020-03-03,26.5,27.43,25.88,26.49,80373118.0,2133935068.0,4210117181.0,0.019090470536715448,000876
2020-03-04,26.55,28.1,26.55,27.05,73408355.0,2003411843.0,4210117181.0,0.017436178577472237,000876
2020-03-05,27.5,29.48,27.18,28.15,102957359.0,2912959641.0,4210117181.0,0.02445474901854044,000876
2020-03-06,28.31,29.42,28.31,28.71,69288570.0,1998894853.0,4210117181.0,0.016457634555326645,000876
2020-03-09,28.5,29.78,28.0,29.19,89679667.0,2620330429.0,4210117181.0,0.021300990719383968,000876
2020-03-10,28.88,29.73,26.8,28.56,93901315.0,2632547429.0,4210117181.0,0.022303729555027792,000876
2020-03-11,28.5,30.5,28.2,29.65,86921355.0,2566240328.0,4210117181.0,0.020645827957537794,000876
2020-03-12,29.07,29.24,27.5,27.77,73759828.0,2078219860.0,4210117181.0,0.01751966152696974,000876
2020-03-13,25.9,28.73,25.6,28.14,64478484.0,1775447441.0,4210117181.0,0.015315128113532667,000876
2020-03-16,28.33,28.8,26.69,27.2,61624568.0,1701401246.0,4210117181.0,0.014637257195145989,000876
2020-03-17,27.36,28.0,25.67,26.91,46170128.0,1230191511.0,4210117181.0,0.01096647100664156,000876
2020-03-18,27.44,29.6,27.29,28.98,103818052.0,3008487175.0,4210117181.0,0.02465918347083651,000876
2020-03-19,29.31,29.58,27.6,29.02,80534154.0,2296163789.0,4210117181.0,0.019128720303426633,000876
2020-03-20,29.0,29.3,27.91,28.23,54285592.0,1539571036.0,4210117181.0,0.01289408101156603,000876
2020-03-23,27.28,27.67,26.09,26.4,55460230.0,1482193286.0,4210117181.0,0.013173084647213291,000876
2020-03-24,27.19,28.06,26.59,27.73,51200400.0,1396998719.0,4210117181.0,0.012161276705328834,000876
2020-03-25,28.3,28.66,27.77,28.02,40060183.0,1127001530.0,4210117181.0,0.009515218051599406,000876
2020-03-26,27.58,29.24,27.58,28.71,52150903.0,1502215727.0,4210117181.0,0.012387043105439872,000876
2020-03-27,28.77,29.0,27.92,27.94,34935592.0,994252753.0,4210117181.0,0.008298009413529433,000876
2020-03-30,27.4,28.85,27.03,28.57,39792095.0,1128813515.0,4210117181.0,0.009451540964127859,000876
2020-03-31,29.19,31.43,29.07,31.43,91531339.0,2808507538.0,4210117181.0,0.02174080555597723,000876
2020-04-01,31.69,32.9,30.7,31.99,87272843.0,2766628000.0,4210117181.0,0.020729314469881497,000876
2020-04-02,31.93,32.19,30.71,31.9,55008819.0,1727519862.0,4210117181.0,0.013065864116146558,000876
2020-04-03,31.9,34.29,31.61,32.66,81179247.0,2670655828.0,4210117181.0,0.019281944779674293,000876
2020-04-07,32.77,34.18,32.0,33.95,72020560.0,2408628301.0,4210117181.0,0.01710654523466101,000876
2020-04-08,33.5,34.15,32.39,32.88,59123050.0,1950366180.0,4210117181.0,0.014043088935105818,000876
2020-04-09,32.44,32.87,31.23,32.62,56439699.0,1809287105.0,4210117181.0,0.013405731140859663,000876
2020-04-10,32.4,33.88,32.01,32.75,43702510.0,1436459246.0,4210117181.0,0.010380354779013454,000876
2020-04-13,32.0,33.12,31.77,32.4,30148152.0,979164391.0,4210117181.0,0.007160881919405179,000876
2020-04-14,32.58,33.48,32.48,32.9,32169562.0,1056769236.0,4210117181.0,0.007641013448551802,000876
2020-04-15,32.98,33.27,32.3,32.5,32565517.0,1066104192.0,4210117181.0,0.007735061899693951,000876
2020-04-16,32.27,32.66,31.84,32.32,30129405.0,971288707.0,4210117181.0,0.007156429074224383,000876
2020-04-17,32.49,33.28,32.02,32.67,35630346.0,1164709777.0,4210117181.0,0.008463029523453068,000876
2020-04-20,32.6,33.1,32.11,33.05,29684802.0,973790453.0,4210117181.0,0.007050825600286303,000876
2020-04-21,33.04,33.7,32.51,33.25,31581600.0,1044325647.0,4210117181.0,0.00750135890338773,000876
2020-04-22,32.85,35.55,32.82,34.96,64108383.0,2205192674.0,4210117181.0,0.015227220584100887,000876
2020-04-23,34.72,35.33,33.78,33.79,47575343.0,1638603647.0,4210117181.0,0.011300242001506419,000876
2020-04-24,33.86,34.06,32.89,33.4,33088771.0,1103372772.0,4210117181.0,0.00785934680139726,000876
2020-04-27,33.8,34.84,33.5,34.0,36137327.0,1233370828.0,4210117181.0,0.008583449212075506,000876
2020-04-28,33.83,34.58,33.37,34.25,31568952.0,1074451444.0,4210117181.0,0.007498354711471865,000876
2020-04-29,34.2,34.39,33.26,33.65,24509803.0,827690999.0,4210117181.0,0.005821643898799595,000876
2020-04-30,33.73,33.86,32.49,32.9,35871070.0,1180564097.0,4210117181.0,0.008520207029363442,000876
2020-05-06,32.59,32.59,31.52,32.46,45075209.0,1448114377.0,4210117181.0,0.01070640247340897,000876
2020-05-07,32.45,33.42,32.32,32.44,33641086.0,1104373115.0,4210117181.0,0.007990534361328504,000876
2020-05-08,32.55,32.79,32.0,32.43,30415256.0,984802244.0,4210117181.0,0.007224325284166003,000876
2020-05-11,32.16,32.33,30.58,30.87,68081521.0,2119263808.0,4210117181.0,0.01617093255913344,000876
2020-05-12,30.75,31.15,30.38,30.66,39161709.0,1200608488.0,4210117181.0,0.009301809739817786,000876
2020-05-13,30.56,31.02,30.52,30.85,28159325.0,866484820.0,4210117181.0,0.006688489604774257,000876
2020-05-14,30.71,30.8,29.98,30.1,42737114.0,1293660867.0,4210117181.0,0.010151050947671948,000876
2020-05-15,30.31,30.42,29.86,30.15,27957485.0,841997557.0,4210117181.0,0.0066405479463066755,000876
2020-05-18,30.4,31.19,30.26,30.83,51814535.0,1593710842.0,4210117181.0,0.012307147942065796,000876
2020-05-19,30.86,30.92,29.39,29.7,60928029.0,1812856165.0,4210117181.0,0.014471813106524551,000876
2020-05-20,29.28,29.28,28.59,28.81,51650479.0,1489192656.0,4210117181.0,0.012268180855653005,000876
2020-05-21,29.01,29.1,28.13,28.28,31779595.0,904400541.0,4210117181.0,0.007548387285612704,000876
2020-05-22,28.5,28.9,28.0,28.21,31941095.0,906769241.0,4210117181.0,0.00758674726303301,000876
2020-05-25,28.5,29.6,28.34,28.42,34826521.0,999444146.0,4210117181.0,0.008272102533670547,000876
2020-05-26,28.51,28.67,27.79,28.26,25543750.0,715815065.0,4210117181.0,0.00606723017479831,000876
2020-05-27,28.27,28.58,27.8,27.98,25005525.0,701440465.0,4210117181.0,0.005939389315064292,000876
2020-05-28,28.14,28.18,27.38,27.94,27734148.0,770910844.0,4210117181.0,0.006587500254188293,000876
2020-05-29,27.82,28.22,27.36,28.02,38290893.0,1064521940.0,4210117181.0,0.009094970841382858,000876
2020-06-01,28.37,28.37,27.63,28.17,35241634.0,989390664.0,4210117181.0,0.008370701451979372,000876
2020-06-02,28.26,29.78,28.26,28.98,54289312.0,1577626810.0,4210117181.0,0.012894964597423637,000876
2020-06-03,29.02,29.19,28.28,28.58,35636882.0,1016045795.0,4210117181.0,0.00846458197430396,000876
2020-06-04,28.61,29.01,28.35,28.46,19983514.0,571155957.0,4210117181.0,0.004746545794540914,000876
2020-06-05,28.37,28.37,27.59,27.93,30392256.0,844828015.0,4210117181.0,0.00721886225332596,000876
2020-06-08,27.96,28.37,27.44,28.11,29391678.0,821374644.0,4210117181.0,0.006981201884983828,000876
2020-06-09,28.7,28.9,27.9,28.06,23137285.0,654485318.0,4210117181.0,0.005495639196081559,000876
2020-06-10,28.1,28.5,27.89,28.04,23080983.0,650035371.0,4210117181.0,0.005482266171631293,000876
2020-06-11,27.91,27.94,26.87,26.9,46619676.0,1262730004.0,4210117181.0,0.01107324903221025,000876
2020-06-12,26.4,27.47,26.21,27.47,32828660.0,890181941.0,4210117181.0,0.007797564435534888,000876
2020-06-15,27.9,29.13,27.9,28.18,57341521.0,1637213706.0,4210117181.0,0.01361993467991313,000876
2020-06-16,28.48,28.48,27.3,27.88,36954858.0,1021992202.0,4210117181.0,0.008777631693192532,000876
2020-06-17,27.85,28.37,27.32,28.18,33514106.0,936335719.0,4210117181.0,0.007960373680629865,000876
2020-06-18,28.5,29.26,28.25,28.97,49928178.0,1445722367.0,4210117181.0,0.011859094617442669,000876
2020-06-19,28.98,29.36,28.55,29.1,38371835.0,1112509393.0,4210117181.0,0.009114196434524373,000876
2020-06-22,29.4,29.64,28.7,29.0,38585547.0,1122114824.0,4210117181.0,0.009164957966997737,000876
2020-06-23,28.73,28.95,28.35,28.42,33386367.0,952446797.0,4210117181.0,0.007930032719913504,000876
2020-06-24,28.66,28.83,28.21,28.4,23356107.0,663996891.0,4210117181.0,0.005547614471493733,000876
2020-06-29,28.63,29.37,28.62,29.03,40949864.0,1189641764.0,4210117181.0,0.009726537822938568,000876
2020-06-30,29.35,29.85,29.01,29.8,37691076.0,1112007182.0,4210117181.0,0.008952500460105364,000876
2020-07-01,29.8,31.86,29.8,31.3,76693630.0,2394278044.0,4210117181.0,0.01821650721412545,000876
2020-07-02,31.17,31.28,30.37,30.45,57628401.0,1767903448.0,4210117181.0,0.013688075301104071,000876
2020-07-03,30.05,30.7,29.51,30.33,44681894.0,1344445852.0,4210117181.0,0.010612981083198025,000876
2020-07-06,30.81,31.66,30.62,31.56,64685302.0,2012805132.0,4210117181.0,0.015364252161892498,000876
2020-07-07,32.05,32.35,31.01,32.05,75073647.0,2391460541.0,4210117181.0,0.017831723862414744,000876
2020-07-08,31.9,32.1,31.35,31.53,63893781.0,2018290947.0,4210117181.0,0.015176247656086321,000876
2020-07-09,31.42,32.43,31.2,32.43,70155906.0,2231212466.0,4210117181.0,0.016663646873443166,000876
2020-07-10,32.15,32.4,31.37,31.99,58777169.0,1876626276.0,4210117181.0,0.013960934214671684,000876
2020-07-13,32.05,34.01,32.0,33.66,71939443.0,2398259975.0,4210117181.0,0.0170872780749805,000876
2020-07-14,34.1,34.35,32.55,33.72,63990910.0,2129171038.0,4210117181.0,0.015199318035323825,000876
2020-07-15,33.72,34.05,32.93,32.96,62245798.0,2093060499.0,4210117181.0,0.014784813658135564,000876
2020-07-16,33.0,33.09,30.55,31.0,69856331.0,2210642111.0,4210117181.0,0.016592490896751598,000876
2020-07-17,30.99,31.7,30.23,30.9,45077501.0,1396569795.0,4210117181.0,0.010706946876308335,000876
2020-07-20,31.35,31.9,30.57,31.71,41552938.0,1307128285.0,4210117181.0,0.009869781816887628,000876
2020-07-21,32.51,32.85,31.79,31.99,37414974.0,1204638839.0,4210117181.0,0.008886919862670681,000876
2020-07-22,31.66,32.3,31.25,32.11,39066020.0,1250477574.0,4210117181.0,0.009279081393815485,000876
2020-07-23,31.99,32.58,31.2,31.71,39293334.0,1249092549.0,4210117181.0,0.009333073715223034,000876
2020-07-24,31.62,33.25,30.78,31.43,66636861.0,2140177745.0,4210117181.0,0.01582779246637791,000876
2020-07-27,31.44,32.18,30.39,30.8,41891910.0,1297835926.0,4210117181.0,0.00995029549036203,000876
2020-07-28,31.02,32.29,30.77,32.13,56889572.0,1808844028.0,4210117181.0,0.013512586361429354,000876
2020-07-29,32.11,32.72,31.53,32.43,48334859.0,1543892269.0,4210117181.0,0.011480644581137135,000876
2020-07-30,32.43,33.68,32.33,32.82,55460608.0,1835718083.0,4210117181.0,0.013173174430937531,000876
2020-07-31,32.05,32.95,31.97,32.52,44533324.0,1441199300.0,4210117181.0,0.010577692279202145,000876
2020-08-03,32.8,34.25,32.7,34.0,64788066.0,2177158728.0,4211733768.9999995,0.015382754360416936,000876
2020-08-04,34.0,35.37,33.88,34.85,64833713.0,2255622510.0,4290640173.0,0.015110498756801717,000876
2020-08-05,34.85,37.7,34.45,37.27,75443831.0,2726099833.0,4290640173.0,0.017583350725784572,000876
2020-08-06,37.12,37.42,35.91,36.42,53196662.0,1944724389.0,4290640173.0,0.012398304181915372,000876
2020-08-07,36.1,36.35,34.7,35.13,54714332.0,1928962763.0,4290640173.0,0.012752020629533223,000876
2020-08-10,34.99,35.3,34.31,35.05,31982207.0,1113723969.0,4290640173.0,0.007453947595339405,000876
2020-08-11,35.34,36.36,34.6,34.69,44178281.0,1567705694.0,4290640173.0,0.010296431119534013,000876
2020-08-12,34.7,34.9,33.5,34.18,33517801.0,1140532690.0,4290640173.0,0.007811841508155291,000876
2020-08-13,34.39,35.69,34.05,34.65,36455853.0,1274082425.0,4290640173.0,0.008496599931499312,000876
2020-08-14,34.83,35.27,34.3,34.96,21887649.0,762130123.0,4299725176.0,0.00509047627559348,000876
2020-08-17,34.9,35.46,34.78,35.06,27868324.0,976532919.0,4299725176.0,0.006481419825516774,000876
2020-08-18,35.03,35.78,34.77,35.18,31183139.0,1100536874.0,4299725176.0,0.007252356307341816,000876
2020-08-19,35.28,35.52,34.87,35.06,25825693.0,909748914.0,4299725176.0,0.00600635899804774,000876
2020-08-20,34.7,35.08,34.12,34.33,23951065.0,825856032.0,4303449246.0,0.005565550708483945,000876
2020-08-21,34.47,35.6,34.47,35.26,33471718.0,1177783211.0,4303449246.0,0.007777881435713812,000876
2020-08-24,35.43,36.96,35.43,36.68,45930930.0,1681460936.0,4303449246.0,0.010673050238176319,000876
2020-08-25,36.71,37.38,36.37,36.67,31068114.0,1145246978.0,4303449246.0,0.007219351785983629,000876
2020-08-26,36.65,37.45,35.89,36.22,30034464.0,1098141024.0,4303449246.0,0.006979160734361313,000876
2020-08-27,36.22,37.39,35.91,37.38,33917204.0,1253301615.0,4303449246.0,0.007881399793787646,000876
2020-08-28,37.28,38.98,36.72,38.87,51515135.0,1960229579.0,4303449246.0,0.01197066168443433,000876
2020-08-31,40.06,40.5,37.91,38.0,67305268.0,2616292528.0,4303449246.0,0.015639842403755398,000876
2020-09-01,38.15,39.59,37.9,39.5,43251321.0,1670424437.0,4303449246.0,0.010050384825660844,000876
2020-09-02,39.57,42.2,39.56,41.26,63217485.0,2600205183.0,4303449246.0,0.01468995714513418,000876
2020-09-03,40.84,41.14,39.91,40.18,36888476.0,1490115312.0,4303449246.0,0.008571839445832284,000876
2020-09-04,39.5,40.27,38.99,39.69,30339745.0,1199532733.0,4303449246.0,0.007050099412279673,000876
2020-09-07,39.06,39.1,35.72,36.15,77778989.0,2872605042.0,4303449246.0,0.018073639202854444,000876
2020-09-08,36.12,36.22,33.59,34.08,69089059.0,2379635934.0,4303449246.0,0.01605434502665911,000876
2020-09-09,33.8,34.39,32.39,32.88,34713247.0,1155514895.0,4303449246.0,0.008066377692792708,000876
2020-09-10,33.37,33.67,32.18,32.36,31447904.0,1033461055.0,4303449246.0,0.007307604250062997,000876
2020-09-11,32.4,32.62,31.69,32.2,28722587.0,919394393.0,4303449246.0,0.006674317589941898,000876
2020-09-14,32.45,32.77,30.36,30.71,57080949.0,1774813760.0,4303449246.0,0.013263999581976249,000876
2020-09-15,30.68,31.23,30.0,31.05,38200066.0,1171853367.0,4303449246.0,0.008876615899561605,000876
2020-09-16,31.0,31.26,29.79,30.45,42098391.0,1279921676.0,4303449246.0,0.009782476472594608,000876
2020-09-17,30.1,30.17,28.41,28.65,79885059.0,2308282211.0,4303449246.0,0.01856303035855532,000876
2020-09-18,29.13,29.78,29.08,29.59,62980841.0,1854983649.0,4303449246.0,0.014634967766504943,000876
2020-09-21,29.66,29.86,28.69,29.53,46406061.0,1363698130.0,4303449246.0,0.010783457256556198,000876
2020-09-22,29.2,29.48,28.71,28.71,30946320.0,898220597.0,4303449246.0,0.007191050301979093,000876
2020-09-23,28.75,29.1,28.63,29.08,24164962.0,698367822.0,4303449246.0,0.005615254327086817,000876
2020-09-24,28.8,29.04,28.21,28.27,33358361.0,950183671.0,4303449246.0,0.007751540472100644,000876
2020-09-25,28.32,28.69,28.03,28.54,29654846.0,841693765.0,4303449246.0,0.0068909482382216525,000876
2020-09-28,28.54,28.66,27.3,27.5,36942623.0,1024361829.0,4303449246.0,0.00858442167857276,000876
2020-09-29,28.0,28.45,27.7,28.09,25235164.0,709633426.0,4303449246.0,0.005863939030640539,000876
2020-09-30,28.18,28.3,27.57,27.7,22643460.0,631585440.0,4324312053.0,0.00523631498432012,000876
2020-10-09,28.07,28.16,27.05,27.77,33515611.0,924381945.0,4324312053.0,0.007750507037702905,000876
2020-10-12,27.82,28.91,27.55,28.91,47516122.0,1351822566.0,4324312053.0,0.0109881343940097,000876
2020-10-13,28.34,30.27,28.0,30.01,53270949.0,1558670981.0,4324312053.0,0.012318941914250424,000876
2020-10-14,29.8,29.8,28.75,29.03,44562696.0,1298555048.0,4324312053.0,0.010305152693382648,000876
2020-10-15,28.92,28.99,28.2,28.78,26229078.0,750541278.0,4324312053.0,0.006065491499810594,000876
2020-10-16,28.7,29.2,28.49,29.13,24169350.0,697158966.0,4324312053.0,0.005589178048155074,000876
2020-10-19,29.2,29.35,28.62,28.68,19841393.0,575953142.0,4324312053.0,0.0045883351517694,000876
2020-10-20,28.68,28.78,28.11,28.76,16761692.0,477316765.0,4324312053.0,0.003876152274526891,000876
2020-10-21,28.98,28.98,28.29,28.48,13878156.0,395122630.0,4324312053.0,0.0032093326822637607,000876
2020-10-22,28.48,28.5,27.52,27.58,25255602.0,702348111.0,4324312053.0,0.0058403745359863375,000876
2020-10-23,27.58,27.85,26.44,26.7,30361325.0,819940860.0,4324312053.0,0.007021076330265475,000876
2020-10-26,26.45,27.2,25.52,26.7,21931421.0,579092115.0,4324312053.0,0.0050716554983086925,000876
2020-10-27,26.75,27.78,26.58,27.7,24656192.0,677547020.0,4324312053.0,0.00570176058013545,000876
2020-10-28,27.66,28.34,27.4,27.7,22232882.0,620828197.0,4324312053.0,0.005141368552386476,000876
2020-10-29,27.27,28.0,27.13,27.86,18323131.0,508069522.0,4324348638.0,0.004237200219932869,000876
2020-10-30,27.86,28.02,26.88,26.88,21732931.0,594400680.0,4324348638.0,0.00502571203649561,000876
2020-11-02,27.3,27.83,26.88,27.11,19773632.0,539920276.0,4324348638.0,0.004572626690234961,000876
2020-11-03,27.13,27.53,26.78,27.41,17670988.0,481534800.0,4324348638.0,0.0040863929991021225,000876
2020-11-04,27.53,28.21,27.33,27.68,22334477.0,619922455.0,4324348638.0,0.005164818766862802,000876
2020-11-05,27.9,28.23,27.61,27.71,24278942.0,675055476.0,4324348638.0,0.005614473769910686,000876
2020-11-06,27.71,27.73,26.8,27.09,30524812.0,824493488.0,4324348638.0,0.007058823086502491,000876
2020-11-09,27.11,27.47,26.8,27.16,31065520.0,844031018.0,4324348638.0,0.007183861108471523,000876
2020-11-10,27.0,27.0,26.32,26.36,35086085.0,930417247.0,4324348638.0,0.008113611537164871,000876
2020-11-11,26.37,26.71,25.94,26.05,25461857.0,667866038.0,4324348638.0,0.0058880213256292955,000876
2020-11-12,26.09,26.09,25.1,25.69,39180208.0,1000779981.0,4324348638.0,0.009060372157717779,000876
2020-11-13,25.69,25.89,25.42,25.85,21044465.0,539843074.0,4324348638.0,0.004866505169142193,000876
2020-11-16,26.01,26.37,25.3,26.19,36460734.0,946582680.0,4324348638.0,0.008431497331090075,000876
2020-11-17,26.19,26.28,25.53,25.7,27948136.0,722980445.0,4324348638.0,0.006462970111708185,000876
2020-11-18,25.79,25.95,25.62,25.8,21117537.0,544597157.0,4324348638.0,0.004883402974133651,000876
2020-11-19,25.7,26.5,25.51,26.3,36159003.0,947937853.0,4324348638.0,0.008361722429652075,000876
2020-11-20,26.12,26.21,25.6,26.09,30402424.0,787310219.0,4324348638.0,0.007030521020631917,000876
2020-11-23,26.02,26.08,25.42,25.71,30220543.0,775674534.0,4324348638.0,0.006988461275864409,000876
2020-11-24,25.66,26.08,25.41,25.78,16693794.0,430269940.0,4324348638.0,0.0038604181571541456,000876
2020-11-25,25.78,25.85,24.95,24.95,24776177.0,628623005.0,4324348638.0,0.005729458717153508,000876
2020-11-26,24.9,25.19,24.5,24.88,26762244.0,665751312.0,4324348638.0,0.006188734128610284,000876
2020-11-27,24.88,26.31,24.88,25.9,46127628.0,1192143788.0,4324348638.0,0.010666953999651126,000876
2020-11-30,26.42,26.59,25.77,25.97,42264538.0,1101331172.0,4324348638.0,0.009773619459958076,000876
2020-12-01,25.97,26.2,25.76,26.19,30405041.0,791098892.0,4324348638.0,0.007031126198479282,000876
2020-12-02,26.15,26.4,26.01,26.12,26188539.0,685486666.0,4324348638.0,0.006056065593294099,000876
2020-12-03,26.3,26.77,26.03,26.67,45985117.0,1217491548.0,4324348638.0,0.010633998516194568,000876
2020-12-04,26.7,26.84,26.29,26.57,31277309.0,827958135.0,4324348638.0,0.007232837039352515,000876
2020-12-07,26.76,27.08,26.54,26.94,40894768.0,1099556507.0,4324348638.0,0.009456861928439175,000876
2020-12-08,27.06,27.17,26.58,26.59,30716300.0,823255389.0,4324348638.0,0.007103104437528934,000876
2020-12-09,26.66,26.78,25.47,25.54,39777947.0,1033996465.0,4324348638.0,0.00919859852428485,000876
2020-12-10,25.43,25.43,24.23,24.46,63407555.0,1568737017.0,4324348638.0,0.014662914650962516,000876
2020-12-11,24.13,24.17,23.21,23.46,63267159.0,1487565164.0,4324348638.0,0.014630448258506025,000876
2020-12-14,23.61,23.76,23.05,23.49,40570464.0,951834762.0,4324348638.0,0.009381867050100691,000876
2020-12-15,23.49,23.59,23.0,23.1,37738777.0,873760334.0,4324348638.0,0.008727043113122833,000876
2020-12-16,23.09,23.3,22.5,22.65,44932711.0,1021348446.0,4324348638.0,0.01039063099703757,000876
2020-12-17,22.61,22.9,22.22,22.85,38805673.0,876757115.0,4324348638.0,0.008973761425939867,000876
2020-12-18,22.89,23.28,22.71,22.77,34993256.0,803271954.0,4324348638.0,0.008092144951611554,000876
2020-12-21,22.58,22.95,22.12,22.87,35529998.0,802878489.0,4324348638.0,0.008216265841237198,000876
2020-12-22,22.68,22.8,21.89,21.93,38518400.0,858840497.0,4324348638.0,0.00890732991820351,000876
2020-12-23,21.73,21.89,21.22,21.58,54839650.0,1175442355.0,4324348638.0,0.012681597759741037,000876
2020-12-24,21.36,22.16,21.03,21.31,38180424.0,825977162.0,4324348638.0,0.008829173407641422,000876
2020-12-25,21.37,21.37,20.5,20.79,42369283.0,881575878.0,4324348638.0,0.009797841605018157,000876
2020-12-28,21.13,22.42,21.07,22.25,75517710.0,1642942473.0,4324348638.0,0.017463372249034652,000876
2020-12-29,22.5,22.97,22.05,22.42,57127799.0,1289759037.0,4324348638.0,0.01321072924092944,000876
2020-12-30,22.22,22.54,21.87,22.25,34006977.0,753308878.0,4324348638.0,0.007864069215225936,000876
2020-12-31,22.3,22.54,21.93,22.4,30741460.0,684475541.0,4324674354.0,0.0071083872411263635,000876
2021-01-04,22.78,24.64,22.78,24.64,99582703.0,2403794249.0,4324674354.0,0.02302663619236289,000876
2021-01-05,25.3,26.65,24.9,26.45,141081314.0,3669868083.0,4324674354.0,0.03262241326205529,000876
2021-01-06,26.84,27.19,25.5,25.72,87538577.0,2273557084.0,4324674354.0,0.02024165748318908,000876
2021-01-07,25.91,25.92,24.66,25.72,81197584.0,2044027891.0,4324636853.0,0.018775584346156893,000876
2021-01-08,25.73,25.75,24.4,24.54,67948042.0,1678045706.0,4324636853.0,0.01571184918170978,000876
2021-01-11,24.48,24.49,23.17,23.55,65051100.0,1548780643.0,4324636853.0,0.015041979757184482,000876
2021-01-12,23.08,23.98,23.02,23.91,46609256.0,1095496675.0,4324636853.0,0.010777611527697907,000876
2021-01-13,23.91,23.95,23.2,23.49,38259055.0,896879875.0,4324636853.0,0.008846767092931676,000876
2021-01-14,23.52,23.95,23.2,23.33,37895130.0,892642390.0,4324636853.0,0.008762615518505826,000876
2021-01-15,23.2,23.43,22.56,22.69,40411510.0,924512170.0,4324636853.0,0.009344486340388683,000876
2021-01-18,22.78,23.22,22.75,22.98,29397263.0,675243933.0,4324636853.0,0.006797625788997086,000876
2021-01-19,22.94,22.94,22.14,22.2,43238860.0,967588695.0,4324636853.0,0.009998263777918187,000876
2021-01-20,22.1,22.33,21.77,21.96,35518595.0,780114908.0,4324636853.0,0.008213081515818087,000876
2021-01-21,21.98,22.49,21.87,22.29,36940443.0,819234659.0,4324636853.0,0.008541860104247694,000876
2021-01-22,22.29,22.3,21.71,21.79,32307727.0,705798525.0,4324559904.0,0.0074707548784598826,000876
2021-01-25,21.63,21.7,21.21,21.35,41394236.0,882832518.0,4324559904.0,0.009571895619184837,000876
2021-01-26,21.99,23.13,21.87,22.75,87661404.0,1976931065.0,4324559904.0,0.02027059537755914,000876
2021-01-27,22.6,23.75,22.32,23.04,70294521.0,1625551766.0,4324559904.0,0.016254722459730784,000876
2021-01-28,22.7,22.71,21.9,22.03,45910448.0,1019738299.0,4324559904.0,0.010616212752084934,000876
2021-01-29,21.86,22.08,20.89,21.15,43568824.0,933051750.0,4324559904.0,0.010074741700236603,000876
2021-02-01,20.65,22.8,20.01,22.77,63640453.0,1398897693.0,4324559904.0,0.014716053058054714,000876
2021-02-02,22.59,22.91,22.04,22.15,47094386.0,1050103925.0,4324592779.0,0.010889900715898133,000876
2021-02-03,22.0,23.98,21.65,23.48,99884622.0,2323864596.0,4324592779.0,0.023096884979560292,000876
2021-02-04,23.61,24.13,23.05,23.45,69466377.0,1640145663.0,4324592779.0,0.016063102481538874,000876
2021-02-05,23.3,24.9,23.25,23.48,82394067.0,1989124290.0,4324592779.0,0.019052445215212252,000876
2021-02-08,24.05,24.74,23.6,24.7,80090291.0,1949521546.0,4324592779.0,0.018519730086244034,000876
2021-02-09,24.4,24.5,23.68,23.96,64912156.0,1555808292.0,4324592779.0,0.01501000425177836,000876
2021-02-10,23.55,24.35,23.1,23.84,57594765.0,1366730161.0,4324592779.0,0.013317962625215769,000876
2021-02-18,24.33,24.46,23.21,23.34,57158130.0,1349485575.0,4324592779.0,0.013216997049423229,000876
2021-02-19,23.3,25.67,23.25,25.67,112710680.0,2810619855.0,4324592779.0,0.026062726772175467,000876
2021-02-22,26.8,28.2,26.3,27.3,177525229.0,4821183397.0,4324592779.0,0.04105016080636618,000876
2021-02-23,26.91,27.17,25.8,25.91,99011524.0,2611964789.0,4324592779.0,0.022894993600506126,000876
2021-02-24,25.92,26.35,25.18,25.47,69526703.0,1794835285.0,4324592779.0,0.016077052003050575,000876
2021-02-25,25.48,25.78,24.58,24.65,59021960.0,1470766420.0,4324592779.0,0.013647980981378779,000876
2021-02-26,23.98,24.45,23.65,24.07,45916921.0,1103744320.0,4324768140.0,0.010617198312971294,000876
2021-03-01,24.47,25.11,24.4,24.58,43420716.0,1070334201.0,4324768140.0,0.010040010144913803,000876
2021-03-02,24.64,24.77,23.7,24.02,38429137.0,924817085.0,4324768140.0,0.008885825957828112,000876
2021-03-03,24.06,24.65,24.06,24.44,35228334.0,859740590.0,4324768140.0,0.008145716223297926,000876
2021-03-04,24.45,24.46,23.38,23.58,43531721.0,1033181131.0,4324768140.0,0.010065677416870722,000876
2021-03-05,22.0,22.87,21.8,22.49,70279264.0,1568356482.0,4324768140.0,0.016250411981623598,000876
2021-03-08,22.52,22.79,21.53,21.59,49061778.0,1085757213.0,4324768140.0,0.01134437186267285,000876
2021-03-09,21.6,22.2,20.8,21.84,41052197.0,886111362.0,4324768140.0,0.009492346334201398,000876
2021-03-10,22.15,22.2,21.4,21.68,25749623.0,557749721.0,4324768140.0,0.005953989246692887,000876
2021-03-11,21.6,21.86,21.37,21.85,26253762.0,569519203.0,4324768140.0,0.006070559426568473,000876
2021-03-12,21.84,22.17,21.38,22.02,27496442.0,597741090.0,4324768140.0,0.006357899686155198,000876
2021-03-15,21.91,21.93,20.97,21.22,35194567.0,749191013.0,4324768140.0,0.008137908405882771,000876
2021-03-16,21.22,21.35,20.88,21.25,21530121.0,454633015.0,4324768140.0,0.004978329543465421,000876
2021-03-17,21.18,21.73,21.18,21.41,25910932.0,556797303.0,4324768140.0,0.005991288124870435,000876
2021-03-18,21.2,21.35,20.98,21.27,15994070.0,339379560.0,4324768140.0,0.0036982491274087123,000876
2021-03-19,21.09,21.1,20.86,20.89,20455051.0,428465658.0,4324768140.0,0.004729745118775316,000876
2021-03-22,20.88,21.15,20.56,21.05,25076399.0,522692224.0,4324768140.0,0.005798322173174352,000876
2021-03-23,20.99,21.09,20.58,20.66,23230710.0,481730162.0,4324768140.0,0.005371550392525783,000876
2021-03-24,20.63,20.65,20.11,20.17,26446629.0,535878213.0,4324768140.0,0.00611515534333362,000876
2021-03-25,20.02,20.2,19.85,20.06,22447241.0,449443000.0,4324768140.0,0.0051903917790145394,000876
2021-03-26,20.06,20.31,19.96,20.2,19457193.0,392253744.0,4324768140.0,0.004499014136743988,000876
2021-03-29,20.21,20.53,19.99,20.13,19046608.0,385264834.0,4324768140.0,0.004404076099210257,000876
2021-03-30,20.13,20.3,19.95,20.26,18875170.0,379766284.0,4324768140.0,0.004364435130157059,000876
2021-03-31,20.11,20.17,19.99,20.0,16815800.0,337034071.0,4324969390.0,0.003888073760448048,000876
2021-04-01,19.92,20.04,19.21,19.41,43739681.0,854064312.0,4324969390.0,0.010113292616852485,000876
2021-04-02,19.37,19.6,19.05,19.59,34864809.0,673470215.0,4324969390.0,0.008061284567842919,000876
2021-04-06,19.53,19.53,19.22,19.32,21599654.0,417598835.0,4324969390.0,0.004994174999236238,000876
2021-04-07,19.37,19.54,19.22,19.27,19773995.0,381926468.0,4324969390.0,0.004572054323834186,000876
2021-04-08,19.21,19.29,19.13,19.17,17062783.0,327437907.0,4324969390.0,0.003945180060569169,000876
2021-04-09,19.18,19.2,18.4,18.65,39843053.0,745832100.0,4324969390.0,0.009212331789474237,000876
2021-04-12,18.65,19.1,18.4,18.43,30714620.0,573799483.0,4324969390.0,0.007101696504723701,000876
2021-04-13,18.35,18.51,17.92,18.03,32400624.0,588781155.0,4324969390.0,0.007491526778181429,000876
2021-04-14,17.85,18.2,17.43,18.11,44661485.0,795413065.0,4324969390.0,0.010326427998141277,000876
2021-04-15,17.21,17.73,17.21,17.52,47063498.0,820260383.0,4324969390.0,0.010881810657161668,000876
2021-04-16,17.45,17.8,17.4,17.7,24270922.0,426961294.0,4324969390.0,0.005611813590199768,000876
2021-04-19,17.7,17.92,17.48,17.84,25285379.0,449395865.0,4324969390.0,0.005846371782067109,000876
2021-04-20,17.85,18.25,17.7,17.71,34646735.0,621998908.0,4324969390.0,0.008010862476878709,000876
2021-04-21,17.6,17.93,17.51,17.75,18664805.0,330881689.0,4324969390.0,0.004315592393129053,000876
2021-04-22,17.85,17.88,17.55,17.58,19027767.0,336162928.0,4324969390.0,0.004399514836797493,000876
2021-04-23,17.51,17.71,17.35,17.68,17801508.0,313018915.0,4324969390.0,0.004115984737639958,000876
2021-04-26,17.68,17.73,17.1,17.14,29819509.0,518751883.0,4324969390.0,0.006894732959023324,000876
2021-04-27,17.0,17.02,16.4,16.95,43752856.0,729705320.0,4324969390.0,0.010116338881186857,000876
2021-04-28,16.89,17.08,16.76,16.83,21083612.0,356666836.0,4324969390.0,0.004874858085411791,000876
2021-04-29,16.85,17.44,16.7,16.98,29468616.0,502512058.0,4324969390.0,0.006813601055336024,000876
2021-04-30,16.85,17.07,16.6,16.62,23921242.0,401112242.0,4324969390.0,0.0055309621509251885,000876
2021-05-06,16.62,16.62,15.95,15.97,44723281.0,721687704.0,4324969390.0,0.010340716191750896,000876
2021-05-07,15.96,16.1,15.72,15.75,31349664.0,498158012.0,4324969390.0,0.0072485285265799304,000876
2021-05-10,15.75,15.75,15.19,15.44,45236404.0,695110324.0,4324969390.0,0.010459358187503843,000876
2021-05-11,15.44,15.87,15.32,15.67,33562434.0,522667770.0,4324969390.0,0.007760155268983302,000876
2021-05-12,15.76,16.07,15.66,15.96,31133169.0,496029129.0,4324969390.0,0.007198471524904827,000876
2021-05-13,15.82,15.88,15.62,15.68,22466254.0,353672790.0,4324969390.0,0.005194546359552385,000876
2021-05-14,15.76,15.94,15.5,15.92,26752489.0,422922002.0,4324969390.0,0.006185590367843043,000876
2021-05-17,15.93,16.17,15.8,15.86,32865317.0,524878180.0,4324969390.0,0.007598971006821392,000876
2021-05-18,15.82,15.94,15.68,15.8,15449163.0,244223997.0,4324969390.0,0.0035720860905330016,000876
2021-05-19,15.75,15.77,15.55,15.62,16563532.0,258694739.0,4324969390.0,0.0038297454863605407,000876
2021-05-20,15.6,16.6,15.54,16.34,49061050.0,788338354.0,4324969390.0,0.01134367566009525,000876
2021-05-21,16.32,16.32,15.68,15.7,44571578.0,707778225.0,4324969390.0,0.010305640105351127,000876
2021-05-24,15.61,15.66,15.0,15.24,48292190.0,735756502.0,4324969390.0,0.011165903303653208,000876
2021-05-25,15.2,15.35,15.0,15.33,35766135.0,544637791.0,4324969390.0,0.008269685117933285,000876
2021-05-26,15.3,15.6,15.17,15.34,32682790.0,502021405.0,4324969390.0,0.007556767933564496,000876
2021-05-27,15.25,15.48,15.16,15.47,30386623.0,466516653.0,4324969390.0,0.007025858511336192,000876
2021-05-28,15.5,15.53,15.13,15.18,33186630.0,506369289.0,4324969390.0,0.007673263555745073,000876
2021-05-31,15.09,15.24,14.68,15.23,45445109.0,677950593.0,4324969390.0,0.010507614020361888,000876
2021-06-01,15.19,15.57,15.17,15.52,41816662.0,644587016.0,4324969390.0,0.009668660799469844,000876
2021-06-02,15.53,16.0,15.36,15.36,66725089.0,1046404209.0,4324969390.0,0.015427875432894105,000876
2021-06-03,15.28,15.55,15.06,15.15,33808116.0,514963312.0,4324969390.0,0.00781696075772689,000876
2021-06-04,15.06,15.17,14.93,15.02,32668232.0,490738104.0,4324969390.0,0.007553401898180833,000876
2021-06-07,15.07,15.08,14.69,14.7,38877070.0,576077930.0,4324969390.0,0.008988981538202285,000876
2021-06-08,14.71,14.89,14.58,14.72,32816433.0,483261927.0,4324969390.0,0.007587668267867209,000876
2021-06-09,14.61,14.97,14.45,14.68,42934517.0,632051584.0,4324969390.0,0.009927126212562629,000876
2021-06-10,14.65,14.66,14.18,14.19,63895145.0,917563129.0,4324969390.0,0.014773548489784802,000876
2021-06-11,14.18,14.24,13.88,13.91,44694072.0,628549267.0,4324969390.0,0.01033396261794121,000876
2021-06-15,13.7,13.77,13.41,13.51,60494255.0,819876211.0,4324969390.0,0.013987209976531186,000876
2021-06-16,13.57,13.95,13.52,13.58,47635957.0,651871224.0,4324969390.0,0.01101417205637148,000876
2021-06-17,13.68,13.68,13.27,13.48,41678327.0,558490655.0,4324969390.0,0.009636675601997729,000876
2021-06-18,13.4,14.08,13.31,13.73,68724861.0,943171486.0,4324969390.0,0.01589025373425822,000876
2021-06-21,13.73,13.78,13.42,13.47,39337888.0,533407863.0,4324969390.0,0.009095529806743904,000876
2021-06-22,13.46,14.24,13.42,14.18,74936207.0,1045459832.0,4324969390.0,0.017326413262776872,000876
2021-06-23,14.19,14.47,13.97,14.44,61530262.0,875500930.0,4324969390.0,0.014226750862622869,000876
2021-06-24,14.32,14.32,14.02,14.04,43031147.0,608563903.0,4324969390.0,0.009949468567221467,000876
2021-06-25,14.13,14.22,13.93,14.11,41463620.0,583516781.0,4324969390.0,0.009587032013653164,000876
2021-06-28,14.5,15.2,14.5,15.1,122646154.0,1824892347.0,4324969390.0,0.028357692954677768,000876
2021-06-29,15.11,15.11,14.53,14.81,72584837.0,1073081668.0,4324969390.0,0.016782740050791434,000876
2021-06-30,14.8,14.8,14.45,14.67,42182964.0,615440842.0,4324985390.0,0.009753319421039708,000876
2021-07-01,14.75,14.87,14.45,14.46,35183433.0,514790831.0,4324985390.0,0.008134925283527952,000876
2021-07-02,14.3,14.69,14.2,14.28,32096852.0,461824479.0,4324985390.0,0.007421262525929596,000876
2021-07-05,14.26,14.26,13.88,14.0,40840150.0,571849451.0,4324985390.0,0.009442841146799805,000876
2021-07-06,14.0,14.13,13.74,14.04,41154345.0,573101261.0,4324985390.0,0.009515487634976727,000876
2021-07-07,14.0,14.11,13.78,13.84,38162703.0,528395571.0,4324985390.0,0.008823776165403417,000876
2021-07-08,13.8,13.82,13.5,13.51,40032093.0,545007753.0,4324985390.0,0.009256006527226673,000876
2021-07-09,13.51,13.7,13.43,13.65,32336038.0,438522154.0,4324985390.0,0.007476565834133373,000876
2021-07-12,13.65,13.74,13.55,13.61,35874965.0,489202047.0,4324985390.0,0.00829481761555731,000876
2021-07-13,13.55,13.75,13.35,13.73,37954163.0,514100840.0,4324985390.0,0.008775558661482554,000876
2021-07-14,13.66,13.87,13.56,13.79,42076987.0,579463639.0,4324985390.0,0.009728815985665098,000876
2021-07-15,13.76,13.76,12.7,12.95,93616351.0,1227218346.0,4324985390.0,0.02164547219430029,000876
2021-07-16,12.73,12.89,12.6,12.6,53172396.0,675520692.0,4324985390.0,0.012294237137295857,000876
2021-07-19,12.59,12.59,12.01,12.39,58978237.0,723151207.0,4324985390.0,0.01363663265461343,000876
2021-07-20,12.34,12.49,12.31,12.37,21446435.0,265090982.0,4324985390.0,0.0049587300455597606,000876
2021-07-21,12.42,12.53,12.22,12.33,31758143.0,392407016.0,4324985390.0,0.0073429480417273735,000876
2021-07-22,12.28,12.5,12.2,12.33,37620643.0,464947169.0,4324985390.0,0.008698443950119332,000876
2021-07-23,12.24,12.28,12.02,12.05,43118864.0,521691406.0,4324985390.0,0.009969713215609266,000876
2021-07-26,12.02,12.16,11.8,11.89,45906800.0,548115532.0,4324985390.0,0.010614324872898588,000876
2021-07-27,11.89,11.95,11.13,11.17,58698324.0,675542614.0,4324985390.0,0.01357191266720094,000876
2021-07-28,11.15,11.15,10.66,10.92,58076064.0,630893343.0,4324985390.0,0.013428037036675401,000876
2021-07-29,11.15,11.32,10.89,10.91,40646065.0,450029883.0,4324985390.0,0.009397965850700827,000876
2021-07-30,10.86,11.57,10.8,11.41,65869382.0,742626771.0,4324985390.0,0.01522996636064937,000876
2021-08-02,11.25,12.09,10.83,11.82,79309474.0,924339451.0,4324985390.0,0.01833751258059163,000876
2021-08-03,11.81,12.12,11.66,11.8,48916562.0,580840082.0,4324985390.0,0.011310225952000269,000876
2021-08-04,11.75,11.8,11.56,11.72,35737403.0,416531930.0,4324985390.0,0.008263011265339789,000876
2021-08-05,11.62,11.92,11.58,11.62,34751723.0,406786786.0,4324985390.0,0.00803510760529991,000876
2021-08-06,11.6,11.85,11.35,11.73,37033733.0,431422968.0,4324985390.0,0.008562741757608574,000876
2021-08-09,11.82,12.67,11.77,12.49,103758080.0,1282637238.0,4324985390.0,0.02399038855481544,000876
2021-08-10,12.37,12.45,12.06,12.37,68990184.0,844627802.0,4325115089.0,0.015951063169500783,000876
2021-08-11,12.29,12.54,12.21,12.31,44951723.0,555472798.0,4325115089.0,0.010393185400852116,000876
2021-08-12,12.45,12.5,12.12,12.17,39720891.0,486218391.0,4325115089.0,0.00918377665857298,000876
2021-08-13,12.09,12.24,11.99,12.18,30087303.0,363996181.0,4325115089.0,0.0069564167382552625,000876
2021-08-16,12.18,12.22,12.03,12.08,25186772.0,304821994.0,4325115089.0,0.005823376137217051,000876
2021-08-17,12.05,12.35,11.92,11.95,42938226.0,519218570.0,4325115089.0,0.009927649349540811,000876
2021-08-18,11.84,11.93,11.63,11.89,32948079.0,388190850.0,4325115089.0,0.007617850235661093,000876
2021-08-19,11.78,11.95,11.65,11.72,23053260.0,270899911.0,4325115089.0,0.005330091691347361,000876
2021-08-20,11.7,11.73,11.44,11.59,27460548.0,315975004.0,4325115089.0,0.006349090702774592,000876
2021-08-23,11.5,11.74,11.5,11.69,22235827.0,259352271.0,4325115089.0,0.005141094870874545,000876
2021-08-24,11.67,11.9,11.63,11.67,24837599.0,291636754.0,4325115089.0,0.005742644643877591,000876
2021-08-25,11.64,11.78,11.53,11.61,26594513.0,308962996.0,4325115089.0,0.0061488567246770895,000876
2021-08-26,11.6,11.6,11.18,11.2,33297942.0,377631895.0,4325115089.0,0.007698741262327597,000876
2021-08-27,11.1,11.26,11.08,11.11,21881102.0,243822625.0,4325115089.0,0.005059079712271675,000876
2021-08-30,11.11,11.5,10.8,10.83,33617721.0,368067464.0,4325115089.0,0.007772676635934947,000876
2021-08-31,10.81,11.27,10.79,10.94,40246405.0,442406863.0,4325115089.0,0.009305279552527532,000876
2021-09-01,10.86,11.45,10.75,11.43,57722540.0,646634391.0,4325115089.0,0.01334589688649092,000876
2021-09-02,11.4,11.54,11.28,11.42,31993408.0,364588103.0,4325115089.0,0.00739712293006222,000876
2021-09-03,11.45,11.85,11.32,11.72,51825064.0,603661675.0,4325422589.0,0.011981503063260578,000876
2021-09-06,11.65,11.9,11.57,11.78,39778162.0,467993477.0,4325422589.0,0.009196364327767652,000876
2021-09-07,11.75,11.85,11.65,11.82,31956784.0,376033203.0,4325422589.0,0.007388129909264687,000876
2021-09-08,11.82,12.03,11.7,11.95,46704684.0,554458259.0,4325422589.0,0.010797715839089311,000876
2021-09-09,11.91,12.09,11.84,11.95,33995175.0,405935679.0,4325422589.0,0.00785938814081502,000876
2021-09-10,12.08,12.35,11.97,12.09,54644538.0,665751740.0,4325422589.0,0.012633340876095378,000876
2021-09-13,12.04,12.06,11.75,12.06,49083939.0,585313009.0,4325422589.0,0.011347778856296162,000876
2021-09-14,12.06,12.11,11.62,11.64,43746561.0,517568330.0,4325422589.0,0.010113823585989508,000876
2021-09-15,11.64,11.71,11.45,11.63,24159514.0,279633565.0,4325422589.0,0.00558546905022417,000876
2021-09-16,11.63,12.79,11.58,12.79,127754904.0,1593651296.0,4325422589.0,0.029535820228269494,000876
2021-09-17,12.91,13.7,12.45,13.3,197928215.0,2571832838.0,4325422589.0,0.04575927806530443,000876
2021-09-22,12.94,12.98,12.56,12.68,95130480.0,1212667946.0,4325422589.0,0.02199333777049362,000876
2021-09-23,12.69,13.83,12.51,13.44,121970090.0,1581661794.0,4325422589.0,0.028198421654841918,000876
2021-09-24,13.25,14.48,13.09,14.12,169373779.0,2355847547.0,4325422589.0,0.03915774135704917,000876
2021-09-27,14.0,15.5,13.72,14.42,177699275.0,2600983805.0,4325422589.0,0.041082523463004,000876
2021-09-28,14.41,14.75,13.71,14.39,102867690.0,1460419393.0,4325422589.0,0.023782113281047554,000876
2021-09-29,14.03,15.24,13.78,14.72,138917828.0,2019429076.0,4325422589.0,0.03211659095536295,000876
2021-09-30,14.6,15.16,14.53,14.76,113167294.0,1678851473.0,4325422589.0,0.02616329194927594,000876
2021-10-08,14.69,15.45,14.4,14.91,104940090.0,1578544787.0,4325422589.0,0.024261234096958198,000876
2021-10-11,14.92,15.49,14.5,15.11,121734627.0,1834529191.0,4325422589.0,0.028143984661656837,000876
2021-10-12,15.0,15.0,14.1,14.2,105542264.0,1530442550.0,4325422589.0,0.02440045147690424,000876
2021-10-13,14.35,14.5,13.69,14.48,95317352.0,1338760422.0,4325422589.0,0.0220365409480225,000876
2021-10-14,14.18,14.36,13.84,13.89,72895519.0,1022692357.0,4325422589.0,0.01685280859848952,000876
2021-10-15,13.54,14.25,13.48,13.54,90413573.0,1247546226.0,4325422589.0,0.020902829987047077,000876
2021-10-18,13.5,13.84,13.1,13.73,80586531.0,1090068086.0,4325422589.0,0.018630903534128652,000876
2021-10-19,13.58,14.94,13.56,14.81,142339962.0,2049594443.0,4325422589.0,0.032907758507107567,000876
2021-10-20,14.63,15.11,14.38,14.83,97104383.0,1427414027.0,4325422589.0,0.022449686938554064,000876
2021-10-21,14.7,14.93,14.5,14.62,56886528.0,834215830.0,4325422589.0,0.013151669421773577,000876
2021-10-22,14.7,14.78,14.45,14.75,50278575.0,736229806.0,4325422589.0,0.01162396828644296,000876
2021-10-25,15.38,15.48,14.6,14.73,83712408.0,1252386004.0,4325422589.0,0.01935357904979952,000876
2021-10-26,14.51,14.8,14.25,14.28,62417086.0,902408632.0,4325422589.0,0.014430286224225385,000876
2021-10-27,14.33,14.55,14.01,14.3,55262688.0,790047820.0,4325422589.0,0.012776251767986501,000876
2021-10-28,14.22,14.36,13.82,14.07,54467252.0,765866459.0,4325422589.0,0.01259235389821006,000876
2021-10-29,13.99,14.6,13.85,14.39,62266724.0,892839623.0,4325422589.0,0.01439552384045683,000876
2021-11-01,14.2,14.57,14.01,14.38,49126583.0,703306072.0,4325422589.0,0.011357637777389431,000876
2021-11-02,14.14,14.48,14.03,14.19,59267004.0,841236283.0,4325422589.0,0.01370201472353757,000876
2021-11-03,14.24,15.61,14.16,15.61,141338062.0,2141745651.0,4325422589.0,0.032676127960176056,000876
2021-11-04,15.7,16.56,15.2,16.2,217723144.0,3482024918.0,4325422589.0,0.050335693107464836,000876
2021-11-05,16.31,16.39,15.75,15.82,115855780.0,1851854053.0,4325422589.0,0.02678484647826858,000876
2021-11-08,15.72,16.04,15.58,15.74,72610311.0,1143686627.0,4325422589.0,0.016786870994907083,000876
2021-11-09,15.7,15.81,15.3,15.57,70274404.0,1096290079.0,4325422589.0,0.016246829657457083,000876
2021-11-10,15.45,15.73,15.16,15.37,62521043.0,962330826.0,4325422589.0,0.014454320176483454,000876
2021-11-11,15.3,15.96,15.26,15.58,76301999.0,1195377914.0,4325422589.0,0.01764035708188234,000876
2021-11-12,15.59,15.95,15.47,15.7,56865090.0,894567459.0,4325422589.0,0.013146713143038056,000876
2021-11-15,15.9,16.2,15.59,16.19,80397920.0,1284634325.0,4325422589.0,0.018587298314957777,000876
2021-11-16,16.11,16.39,15.75,15.77,59894373.0,955564722.0,4325422589.0,0.013847056967871215,000876
2021-11-17,15.68,15.7,15.27,15.64,52493297.0,812197913.0,4325422589.0,0.012135992708202875,000876
2021-11-18,15.5,15.77,15.41,15.58,39780723.0,619769925.0,4325422589.0,0.009196956408644676,000876
2021-11-19,15.49,15.56,15.06,15.37,55892832.0,853530413.0,4325422589.0,0.012921935568131837,000876
2021-11-22,15.41,15.46,15.11,15.28,45900595.0,699130391.0,4325422589.0,0.010611817471136807,000876
2021-11-23,15.3,15.66,15.26,15.33,45850440.0,706616231.0,4325422589.0,0.01060022207231322,000876
2021-11-24,15.3,15.42,14.73,14.8,70652011.0,1056706398.0,4325422589.0,0.016334129104442978,000876
2021-11-25,14.7,15.0,14.57,14.64,45551221.0,671558875.0,4325422589.0,0.010531045247657765,000876
2021-11-26,14.67,14.75,14.45,14.75,32518458.0,476381071.0,4325422589.0,0.007517984042229267,000876
2021-11-29,14.51,14.76,14.45,14.63,30629900.0,447746712.0,4325422589.0,0.007081365894258523,000876
2021-11-30,14.6,14.74,14.19,14.37,50990361.0,736450248.0,4325422589.0,0.011788527005355222,000876
2021-12-01,14.31,14.32,14.15,14.19,49506068.0,703685693.0,4325422589.0,0.011445371401605727,000876
2021-12-02,14.16,14.58,14.14,14.55,52442467.0,758352507.0,4325422589.0,0.012124241255262931,000876
2021-12-03,14.44,14.91,14.4,14.79,44848780.0,660619230.0,4325422589.0,0.010368647011289745,000876
2021-12-06,14.68,14.69,14.4,14.41,41838203.0,606042173.0,4325422589.0,0.009672627850605605,000876
2021-12-07,14.3,14.49,14.18,14.48,33570104.0,480518377.0,4325422589.0,0.007761115430749419,000876
2021-12-08,14.48,14.8,14.41,14.67,39452935.0,577142785.0,4325422589.0,0.009121174680211112,000876
2021-12-09,14.67,14.89,14.54,14.75,41791340.0,616509508.0,4325422589.0,0.009661793533487279,000876
2021-12-10,14.65,14.92,14.61,14.7,35353713.0,521073108.0,4325422589.0,0.008173470284708868,000876
2021-12-13,14.59,14.79,14.5,14.63,35638522.0,522262303.0,4325422589.0,0.008239315642969192,000876
2021-12-14,14.5,14.62,14.31,14.32,36618099.0,528582338.0,4325422589.0,0.008465785306879295,000876
2021-12-15,14.36,14.45,14.2,14.22,31626183.0,451822474.0,4325422589.0,0.007311697839750659,000876
2021-12-16,14.17,14.32,13.91,14.18,43423067.0,613053255.0,4325422589.0,0.010039034592927262,000876
2021-12-17,14.28,14.42,14.17,14.33,35471873.0,506379076.0,4325422589.0,0.008200787846766387,000876
2021-12-20,14.34,14.68,14.3,14.33,47992447.0,695216514.0,4325422589.0,0.011095435419893952,000876
2021-12-21,14.35,14.42,14.15,14.34,29926941.0,426632075.0,4325422589.0,0.006918847900805652,000876
2021-12-22,14.35,14.93,14.28,14.8,71966819.0,1059606266.0,4325422589.0,0.016638101253509684,000876
2021-12-23,14.84,15.35,14.83,15.02,79726390.0,1202199968.0,4325422589.0,0.018432046432353803,000876
2021-12-24,14.91,15.14,14.77,15.01,56890419.0,852161548.0,4325422589.0,0.013152568987057647,000876
2021-12-27,15.14,15.3,14.8,14.84,49573265.0,741993864.0,4325422589.0,0.011460906762282598,000876
2021-12-28,14.71,14.93,14.61,14.67,35661308.0,524175295.0,4325422589.0,0.00824458356755486,000876
2021-12-29,14.66,14.75,14.4,14.52,32407420.0,470880995.0,4325422589.0,0.007492313024492784,000876
2021-12-30,14.51,14.64,14.45,14.52,24177762.0,351780140.0,4325422589.0,0.005589687828765348,000876
2021-12-31,14.48,15.54,14.42,15.21,115907616.0,1755227094.0,4325422589.0,0.026796830509639713,000876
2022-01-04,15.22,16.53,15.22,16.2,168925662.0,2717998603.0,4325422589.0,0.03905414061266419,000876
2022-01-05,16.2,17.7,16.12,17.1,195699543.0,3347513119.0,4325422589.0,0.04524402852513979,000876
2022-01-06,16.78,17.28,16.58,17.12,103855089.0,1764919837.0,4325422589.0,0.02401039132317714,000876
2022-01-07,17.12,17.41,16.8,16.89,76615999.0,1310360792.0,4325422589.0,0.017712951144899104,000876
2022-01-10,16.72,18.54,16.61,18.41,151043651.0,2711199924.0,4325422589.0,0.03491997553814042,000876
2022-01-11,18.22,18.39,17.71,18.0,100014324.0,1803726085.0,4325422589.0,0.023122439933232614,000876
2022-01-12,17.8,17.98,17.41,17.65,86680380.0,1531382600.0,4325422589.0,0.020039748305850445,000876
2022-01-13,17.6,18.02,17.04,17.12,80801545.0,1411727635.0,4325422589.0,0.018680612896757588,000876
2022-01-14,17.0,17.3,16.6,16.66,82495914.0,1392983784.0,4325422589.0,0.019072336240578133,000876
2022-01-17,16.6,16.79,16.25,16.57,64192075.0,1059687647.0,4325422589.0,0.014840648209321126,000876
2022-01-18,16.69,16.8,16.15,16.61,65786448.0,1084998476.0,4325422589.0,0.015209253349557517,000876
2022-01-19,16.5,16.79,16.28,16.49,50275366.0,829582470.0,4325422589.0,0.01162322639361423,000876
2022-01-20,16.49,17.4,16.44,17.05,110487488.0,1884876225.0,4325422589.0,0.025543744160624025,000876
2022-01-21,16.88,16.91,16.11,16.15,70659928.0,1160687866.0,4325422589.0,0.01633595944583439,000876
2022-01-24,15.75,16.46,15.71,16.17,43005646.0,693391572.0,4325422589.0,0.009942530496180381,000876
2022-01-25,16.15,16.34,15.63,15.65,39711553.0,632342299.0,4325422589.0,0.009180964907565474,000876
2022-01-26,15.64,15.99,15.48,15.91,34983374.0,551436415.0,4325422589.0,0.0080878511359714,000876
2022-01-27,15.89,16.38,15.34,15.43,46043834.0,728368626.0,4325422589.0,0.010644933079393043,000876
2022-01-28,15.47,16.45,15.45,16.09,67257939.0,1077885899.0,4325422589.0,0.015549449242495737,000876
2022-02-07,16.15,16.28,14.98,15.9,76376832.0,1187239573.0,4325422589.0,0.017657657819199965,000876
2022-02-08,15.7,15.98,15.36,15.95,55227056.0,864166304.0,4325422589.0,0.012768013960173083,000876
2022-02-09,15.95,17.18,15.85,17.07,91810805.0,1540653595.0,4325422589.0,0.0212258578464644,000876
2022-02-10,16.9,18.28,16.88,17.93,125446093.0,2224728747.0,4325422589.0,0.029002043249837017,000876
2022-02-11,17.77,18.05,17.43,17.6,65407891.0,1158651482.0,4325422589.0,0.015121734270852304,000876
2022-02-14,17.5,17.62,16.41,16.56,70802982.0,1194344068.0,4325422589.0,0.01636903228370318,000876
2022-02-15,16.6,16.66,15.9,16.22,62796408.0,1016809324.0,4325422589.0,0.01451798216426247,000876
2022-02-16,16.25,16.28,15.86,15.96,51273377.0,820189643.0,4325422589.0,0.011853957837644242,000876
2022-02-17,15.93,16.39,15.7,16.38,61837436.0,997106099.0,4325422589.0,0.014296276196748737,000876
2022-02-18,16.21,16.75,16.05,16.38,51925949.0,851867363.0,4325422589.0,0.012004826795895757,000876
2022-02-21,16.36,16.85,16.2,16.77,48732655.0,809022293.0,4325422589.0,0.01126656505746565,000876
2022-02-22,16.65,16.84,16.4,16.59,39073741.0,647615825.0,4325422589.0,0.009033508332658315,000876
2022-02-23,16.71,16.92,15.88,15.99,75808499.0,1221251398.0,4325422589.0,0.017526264183478607,000876
2022-02-24,15.79,16.08,15.1,15.43,85933966.0,1335494916.0,4325422589.0,0.019867183895173394,000876
2022-02-25,15.44,15.62,15.33,15.51,40112592.0,620618902.0,4325422589.0,0.009273681628706175,000876
2022-02-28,15.49,15.65,15.28,15.37,35400745.0,545380923.0,4325422589.0,0.008184343673154106,000876
2022-03-01,15.58,16.91,15.47,16.91,121992204.0,1985633128.0,4325422589.0,0.028203534218885083,000876
2022-03-02,17.0,17.29,16.6,17.06,115741136.0,1962091083.0,4325422589.0,0.026758341784763818,000876
2022-03-03,16.87,16.99,16.45,16.47,63038928.0,1049226331.0,4325422589.0,0.014574050674335164,000876
2022-03-04,16.5,17.29,16.4,16.72,71324873.0,1199124015.0,4325422589.0,0.016489688933836563,000876
2022-03-07,16.69,17.28,16.45,16.51,68331861.0,1148529256.0,4325422589.0,0.015797730648046977,000876
2022-03-08,16.41,17.14,16.1,16.23,67356617.0,1115194490.0,4325422589.0,0.015572262735968248,000876
2022-03-09,16.15,16.46,15.05,15.93,71015760.0,1125421393.0,4325422589.0,0.01641822470262223,000876
2022-03-10,16.2,16.3,15.68,15.71,53798313.0,856976872.0,4325422589.0,0.012437701032221617,000876
2022-03-11,15.46,16.25,15.33,16.23,63210870.0,1004348351.0,4325422589.0,0.014613802166001496,000876
2022-03-14,16.01,16.23,15.2,15.22,66506227.0,1036968038.0,4325422589.0,0.015375659980398738,000876
2022-03-15,14.93,15.13,14.27,14.27,68333773.0,1007665412.0,4325422589.0,0.015798172685781015,000876
2022-03-16,14.46,14.56,13.45,14.46,81518420.0,1145963776.0,4325422589.0,0.018846348148111546,000876
2022-03-17,14.51,15.11,14.25,14.84,60608841.0,898058772.0,4325422589.0,0.014012235741805806,000876
2022-03-18,14.7,15.36,14.6,15.19,55255311.0,832933897.0,4325422589.0,0.012774546269888174,000876
2022-03-21,15.18,15.79,15.04,15.59,55800680.0,862399363.0,4325422589.0,0.012900630828975402,000876
2022-03-22,15.53,16.4,15.41,16.06,74951118.0,1201712226.0,4325422589.0,0.017328045169646197,000876
2022-03-23,15.96,16.3,15.87,16.1,50015814.0,804825467.0,4325422589.0,0.011563220233601087,000876
2022-03-24,16.06,16.5,15.99,16.27,44082497.0,718419676.0,4325422589.0,0.010191489061000971,000876
2022-03-25,16.21,16.77,16.09,16.26,53085838.0,872873119.0,4325422589.0,0.01227298302251503,000876
2022-03-28,16.24,16.43,16.07,16.31,45821166.0,744365010.0,4325422589.0,0.010593454178680252,000876
2022-03-29,16.19,17.22,16.09,16.84,91466466.0,1543014805.0,4325422589.0,0.021146249671097742,000876
2022-03-30,16.8,17.47,16.6,17.1,69721791.0,1190326283.0,4325422589.0,0.016119070348712232,000876
2022-03-31,17.0,17.29,16.76,16.98,45402838.0,771459949.0,4323675876.0,0.010500980948184285,000876
2022-04-01,17.23,17.43,16.85,17.14,49338283.0,849505762.0,4323675876.0,0.01141118909349069,000876
2022-04-06,17.14,17.54,16.77,16.9,56897188.0,969488325.0,4323675876.0,0.013159448032593458,000876
2022-04-07,16.89,16.98,16.08,16.17,57253226.0,936222243.0,4323675876.0,0.013241794168199116,000876
2022-04-08,16.2,16.25,15.51,15.69,47257922.0,743791599.0,4323675876.0,0.010930033461185379,000876
2022-04-11,15.81,16.27,15.69,16.0,63400749.0,1016745971.0,4323675876.0,0.014663622070268247,000876
2022-04-12,15.94,16.19,15.67,15.95,42887335.0,682781178.0,4323675876.0,0.009919183636789336,000876
2022-04-13,15.96,16.27,15.41,15.45,45204536.0,709776945.0,4323675876.0,0.010455116733176693,000876
2022-04-14,15.43,15.69,15.12,15.5,39333033.0,608486586.0,4323675876.0,0.009097128029029898,000876
2022-04-15,15.4,15.91,15.12,15.63,38532496.0,599885340.0,4323675876.0,0.008911976083565244,000876
2022-04-18,15.5,16.36,15.5,16.35,54584676.0,875630622.0,4323675876.0,0.012624599430079944,000876
2022-04-19,16.65,17.1,16.3,16.79,96020696.0,1604740986.0,4323675876.0,0.022208116138629816,000876
2022-04-20,16.59,17.0,16.3,16.4,60232195.0,1003932999.0,4323675876.0,0.013930784066016331,000876
2022-04-21,16.4,16.76,15.47,15.56,64526459.0,1031733130.0,4323675876.0,0.014923981549629,000876
2022-04-22,15.42,15.55,14.8,15.2,49351695.0,748479341.0,4323675876.0,0.011414291083645512,000876
2022-04-25,15.0,15.66,14.79,14.8,65729163.0,1000966415.0,4323675876.0,0.015202148561794738,000876
2022-04-26,14.81,15.06,13.89,13.99,65617297.0,943384723.0,4323675876.0,0.015176275669559463,000876
2022-04-27,13.75,14.76,13.39,14.72,59054633.0,838985280.0,4323675876.0,0.013658432013325136,000876
2022-04-28,14.55,14.69,14.05,14.3,44662516.0,639454000.0,4323675876.0,0.010329755809845539,000876
2022-04-29,14.3,14.44,13.9,14.03,76497517.0,1074502613.0,4323675876.0,0.017692703892219327,000876
2022-05-05,14.0,14.39,13.75,14.1,56670337.0,802177095.0,4323675876.0,0.013106980871199792,000876
2022-05-06,13.81,13.95,13.57,13.77,45341081.0,622845906.0,4323675876.0,0.01048669750007875,000876
2022-05-09,13.77,14.3,13.77,14.1,36372383.0,509358045.0,4323675876.0,0.008412375035302021,000876
2022-05-10,13.9,14.13,13.7,14.12,43696790.0,608676204.0,4323675876.0,0.010106398179047961,000876
2022-05-11,14.16,14.25,14.05,14.09,53497213.0,756409981.0,4323675876.0,0.012373085895951189,000876
2022-05-12,14.03,14.36,13.8,14.06,47824178.0,672134796.0,4323675876.0,0.011060999800069195,000876
2022-05-13,14.0,14.14,13.72,13.91,45689788.0,634526524.0,4323675876.0,0.010567348087680752,000876
2022-05-16,14.05,14.51,13.86,14.5,75769139.0,1078564456.0,4323675876.0,0.017524241218122245,000876
2022-05-17,14.36,14.55,14.15,14.29,60334504.0,861247091.0,4323675876.0,0.013954446570545844,000876
2022-05-18,14.21,14.38,14.16,14.34,35657104.0,509168623.0,4323675876.0,0.008246941959254302,000876
2022-05-19,14.18,14.23,13.88,14.06,49552358.0,694109227.0,4323675876.0,0.011460701361787277,000876
2022-05-20,14.02,14.28,13.97,14.17,40090977.0,566189956.0,4323675876.0,0.009272428866034637,000876
2022-05-23,14.2,14.74,14.2,14.5,58829456.0,851560047.0,4323675876.0,0.013606352022489115,000876
2022-05-24,14.45,14.48,14.02,14.04,48953305.0,695463321.0,4323675876.0,0.0113221495791883,000876
2022-05-25,13.97,14.34,13.92,14.26,38341411.0,543980592.0,4323675876.0,0.008867781050107559,000876
2022-05-26,14.22,14.34,14.06,14.2,30101300.0,426716102.0,4323675876.0,0.006961969597926447,000876
2022-05-27,14.18,14.3,14.0,14.12,32114147.0,453574546.0,4323675876.0,0.0074275102762120186,000876
2022-05-30,14.14,14.3,14.0,14.1,37435753.0,527841810.0,4323675876.0,0.008658316227587639,000876
2022-05-31,14.05,14.35,13.98,14.28,49932771.0,710768662.0,4323675876.0,0.011548685061516392,000876
2022-06-01,14.25,14.33,14.02,14.1,48662375.0,688830049.0,4323675876.0,0.01125486192665752,000876
2022-06-02,14.01,14.05,13.8,13.96,42503975.0,591832023.0,4323675876.0,0.009830518341102403,000876
2022-06-06,13.95,14.04,13.7,14.0,43902568.0,609546892.0,4323675876.0,0.010153991478338096,000876
2022-06-07,13.96,14.27,13.9,14.1,48614597.0,687202989.0,4323675876.0,0.011243811607121495,000876
2022-06-08,14.11,14.53,14.04,14.3,63561961.0,907062050.0,4323675876.0,0.014700907936420904,000876
2022-06-09,14.3,14.66,14.16,14.49,81243291.0,1171104903.0,4323675876.0,0.018790328722596412,000876
2022-06-10,14.34,14.35,14.14,14.35,54950791.0,782441579.0,4323675876.0,0.012709276221425992,000876
2022-06-13,14.35,14.94,14.34,14.65,84346906.0,1239854993.0,4323675876.0,0.01950814733088471,000876
2022-06-14,14.49,15.25,14.45,15.14,97698061.0,1461151598.0,4323675876.0,0.022596064969232676,000876
2022-06-15,15.14,15.5,14.98,15.08,81606318.0,1241015565.0,4323675876.0,0.018874291306844482,000876
2022-06-16,15.09,15.93,15.09,15.71,93402835.0,1453309676.0,4323675876.0,0.021602644989755934,000876
2022-06-17,15.5,15.82,15.31,15.62,59035717.0,917187222.0,4323675876.0,0.01365405703228065,000876
2022-06-20,15.72,16.0,15.48,15.81,61237782.0,963488506.0,4323675876.0,0.014163360935522633,000876
2022-06-21,15.76,16.05,15.52,15.68,54508040.0,858803928.0,4323675876.0,0.012606874697191107,000876
2022-06-22,15.74,16.2,15.47,15.92,77711044.0,1233136852.0,4323675876.0,0.01797337409849822,000876
2022-06-23,15.83,16.05,15.54,15.82,48091355.0,757556351.0,4323675876.0,0.011122793747548713,000876
2022-06-24,15.82,16.01,15.71,15.78,49860590.0,789290537.0,4323675876.0,0.011531990701885814,000876
2022-06-27,16.0,16.31,15.9,16.3,67870465.0,1095187468.0,4323675876.0,0.01569739891390508,000876
2022-06-28,16.35,16.73,15.9,16.07,84889455.0,1376470266.0,4323675876.0,0.019633630603812634,000876
2022-06-29,15.78,15.95,15.13,15.15,89329021.0,1380067386.0,4323675876.0,0.020660434214287527,000876
2022-06-30,15.23,15.39,15.1,15.3,43961875.0,671206577.0,4323561858.0,0.010167976414783146,000876
2022-07-01,15.3,15.73,15.25,15.54,47278926.0,734077235.0,4323561858.0,0.010935179732080984,000876
2022-07-04,15.9,17.09,15.84,17.09,136136451.0,2244299590.0,4323564999.0,0.03148708323605337,000876
2022-07-05,17.12,17.49,16.76,17.36,147040209.0,2513888898.0,4323564999.0,0.03400902011048961,000876
2022-07-06,16.85,17.48,16.76,16.92,74938545.0,1277943291.0,4323564999.0,0.017332582028333696,000876
2022-07-07,17.09,17.68,16.9,17.35,89462697.0,1552256756.0,4323564999.0,0.020691882051198925,000876
2022-07-08,17.37,17.79,17.15,17.44,74190240.0,1296373187.0,4323564999.0,0.017159506105993434,000876
2022-07-11,17.4,17.89,17.23,17.47,98678269.0,1728674519.0,4323564999.0,0.022823357350432654,000876
2022-07-12,17.52,18.01,17.23,17.37,87893041.0,1549010159.0,4501090716.0,0.01952705389552962,000876
2022-07-13,17.19,17.68,16.94,17.44,58756103.0,1014861048.0,4501090716.0,0.013053747792982717,000876
2022-07-14,17.43,17.62,17.11,17.28,50796808.0,882101620.0,4501090716.0,0.01128544417454927,000876
2022-07-15,17.04,17.26,16.84,16.84,49096280.0,836314318.0,4501090716.0,0.010907640635963578,000876
2022-07-18,16.76,17.03,16.49,16.97,54525046.0,917183819.0,4501090716.0,0.012113740744255641,000876
2022-07-19,16.97,17.1,16.53,16.91,44690798.0,751131022.0,4501090716.0,0.009928881868818571,000876
2022-07-20,16.91,16.99,16.55,16.64,39734122.0,665158848.0,4501090716.0,0.008827665227620797,000876
2022-07-21,16.5,16.73,16.22,16.38,37920753.0,626263396.0,4501090716.0,0.00842479198768497,000876
2022-07-22,16.4,16.55,16.1,16.25,32211775.0,524941144.0,4501090716.0,0.007156437635326255,000876
2022-07-25,16.26,16.26,15.86,15.94,32323285.0,516361071.0,4501090716.0,0.007181211630572255,000876
2022-07-26,16.06,16.13,15.88,15.94,24694401.0,394409498.0,4501090716.0,0.005486314886349427,000876
2022-07-27,15.98,15.99,15.75,15.82,25030502.0,396789679.0,4501090716.0,0.005560985898601027,000876
2022-07-28,16.14,16.28,15.62,15.66,52368702.0,831466895.0,4501090716.0,0.01163466930667389,000876
2022-07-29,15.59,16.08,15.46,15.9,64046611.0,1016577261.0,4501090716.0,0.014229131346394308,000876
2022-08-01,15.8,15.88,15.57,15.75,36528491.0,574302613.0,4501090716.0,0.00811547540469522,000876
2022-08-02,15.55,15.67,15.07,15.26,51296937.0,787263206.0,4501090716.0,0.01139655702064726,000876
2022-08-03,15.26,15.5,15.05,15.08,37903765.0,577920633.0,4501090716.0,0.008421017791368593,000876
2022-08-04,15.09,15.29,14.98,15.21,24974871.0,378578774.0,4501090716.0,0.005548626449856249,000876
2022-08-05,15.28,15.35,15.03,15.31,26619767.0,404390385.0,4501090716.0,0.005914070317528788,000876
2022-08-08,15.32,15.59,15.16,15.21,34884179.0,534488067.0,4501090716.0,0.00775016128335237,000876
2022-08-09,15.13,15.14,14.81,14.93,37339872.0,556940549.0,4501090716.0,0.008295738601150201,000876
2022-08-10,14.93,14.95,14.61,14.8,33885611.0,499728072.0,4501090716.0,0.007528311055706348,000876
2022-08-11,14.85,15.03,14.76,15.02,30779024.0,459709896.0,4501090716.0,0.006838125677091997,000876
2022-08-12,15.02,15.07,14.85,15.07,33608947.0,502759053.0,4501090716.0,0.007466845065026234,000876
2022-08-15,15.07,15.18,14.87,15.12,48715542.0,732736139.0,4501090716.0,0.010823052694057278,000876
2022-08-16,15.14,15.48,15.04,15.47,53729151.0,822457326.0,4501090716.0,0.011936918047221157,000876
2022-08-17,15.4,15.58,15.31,15.43,40047939.0,616410411.0,4501090716.0,0.008897385439853907,000876
2022-08-18,15.35,15.38,15.01,15.03,35028633.0,530201832.0,4501090716.0,0.007782254393470438,000876
2022-08-19,14.96,15.61,14.96,15.45,63501287.0,978036636.0,4501090716.0,0.014107977600689619,000876
2022-08-22,15.5,15.64,15.31,15.5,50548081.0,781007763.0,4501090716.0,0.011230184901698836,000876
2022-08-23,15.43,15.71,15.35,15.54,50488355.0,787344253.0,4501090716.0,0.011216915673467621,000876
2022-08-24,15.57,15.94,15.33,15.35,62968978.0,984492848.0,4501090716.0,0.013989715376356347,000876
2022-08-25,15.51,15.93,15.36,15.78,63197890.0,988845391.0,4501090716.0,0.014040572382900626,000876
2022-08-26,15.78,15.78,15.51,15.6,41775839.0,652827592.0,4501095578.0,0.009281260145682691,000876
2022-08-29,15.59,15.9,15.51,15.65,43324965.0,678840189.0,4501095578.0,0.009625426576533808,000876
2022-08-30,15.6,15.84,15.37,15.84,51369567.0,803664825.0,4501095578.0,0.01141268078178099,000876
2022-08-31,15.74,16.29,15.69,15.71,66113878.0,1056469225.0,4501095578.0,0.014688396825685002,000876
2022-09-01,15.69,15.9,15.59,15.65,38934800.0,613104188.0,4501095578.0,0.00865007181591557,000876
2022-09-02,15.73,15.8,15.43,15.71,36131798.0,564744742.0,4501095578.0,0.008027334095414758,000876
2022-09-05,15.84,15.95,15.36,15.61,47568474.0,740535743.0,4501095578.0,0.010568199047471994,000876
2022-09-06,15.57,15.8,15.47,15.66,34753181.0,543136177.0,4501095578.0,0.007721049330714745,000876
2022-09-07,15.6,15.61,15.13,15.32,49413324.0,756030029.0,4501095578.0,0.010978065927219465,000876
2022-09-08,15.26,15.61,15.01,15.05,45126076.0,688381446.0,4501095578.0,0.010025576044321891,000876
2022-09-09,15.06,15.24,14.8,15.16,37591913.0,565499632.0,4501095578.0,0.008351725118599558,000876
2022-09-13,15.23,15.71,15.16,15.62,54260883.0,840084271.0,4501095578.0,0.012055039058759574,000876
2022-09-14,15.43,15.55,15.28,15.38,34428053.0,530884242.0,4501095867.0,0.007648815758937933,000876
2022-09-15,15.43,15.43,14.89,14.99,40455313.0,610463405.0,4501095867.0,0.008987880772902454,000876
2022-09-16,15.03,15.15,14.7,14.7,39973873.0,594275218.0,4501095867.0,0.008880920153927484,000876
2022-09-19,14.66,15.08,14.62,14.86,30346461.0,451072865.0,4501095867.0,0.0067420161437765705,000876
2022-09-20,14.86,14.96,14.66,14.78,22522415.0,332848966.0,4501095867.0,0.005003762564828749,000876
2022-09-21,14.7,14.71,14.32,14.37,29937850.0,431362542.0,4501095867.0,0.006651235806704492,000876
2022-09-22,14.28,14.43,14.18,14.3,18916917.0,270584831.0,4501095867.0,0.004202735857880807,000876
2022-09-23,14.21,14.32,13.9,14.14,25971331.0,366561574.0,4501095867.0,0.005770001743444315,000876
2022-09-26,14.01,14.1,13.54,13.58,35787527.0,493073443.0,4501095867.0,0.007950847539679829,000876
2022-09-27,13.6,13.92,13.5,13.88,27354205.0,375333972.0,4501095867.0,0.006077232258159321,000876
2022-09-28,13.84,14.09,13.76,13.9,27305194.0,380833820.0,4501095867.0,0.006066343576503077,000876
2022-09-29,14.02,14.23,13.77,13.9,25456403.0,356737584.0,4501095867.0,0.005655601158516716,000876
2022-09-30,13.86,14.0,13.76,13.9,16905703.0,234872838.0,4501096906.0,0.0037559073605957153,000876
2022-10-10,14.4,14.62,14.21,14.48,58240327.0,842355109.0,4501096906.0,0.01293914088416207,000876
2022-10-11,14.33,14.54,14.18,14.44,33621682.0,481792773.0,4501096906.0,0.007469664106805169,000876
2022-10-12,14.46,14.75,14.37,14.66,46543258.0,679397800.0,4501096906.0,0.010340425672230572,000876
2022-10-13,14.57,15.08,14.46,14.75,46843582.0,689912855.0,4501096906.0,0.010407148074851958,000876
2022-10-14,14.75,14.83,14.64,14.76,37628658.0,554193478.0,4501096906.0,0.008359886220143513,000876
2022-10-17,14.61,14.88,14.43,14.81,35447684.0,521242211.0,4501096906.0,0.007875343441894783,000876
2022-10-18,14.89,15.18,14.67,14.81,42042112.0,625786298.0,4501096906.0,0.00934041476511148,000876
2022-10-19,14.81,14.95,14.28,14.29,40266358.0,584058824.0,4501096906.0,0.008945898931063805,000876
2022-10-20,14.28,14.47,14.15,14.25,26169159.0,374203228.0,4501096906.0,0.00581395147594274,000876
2022-10-21,14.25,14.35,14.1,14.17,21709180.0,308635977.0,4501096906.0,0.004823086561647113,000876
2022-10-24,14.2,14.22,13.65,13.78,38848330.0,539345495.0,4501096906.0,0.008630858391032383,000876
2022-10-25,13.75,13.88,13.52,13.62,33493611.0,457022816.0,4501096906.0,0.007441210820267552,000876
2022-10-26,13.65,13.76,12.26,13.24,73103825.0,978047331.0,4501096906.0,0.01624133550702985,000876
2022-10-27,13.1,13.34,12.88,13.24,41897336.0,549215118.0,4501096906.0,0.009308250161010863,000876
2022-10-28,13.14,13.17,12.68,12.7,36659285.0,471614873.0,4501096906.0,0.008144522494313078,000876
2022-10-31,12.49,12.97,12.41,12.89,36602670.0,465381074.0,4501096906.0,0.008131944449187115,000876
2022-11-01,12.83,13.3,12.81,13.29,33509898.0,442083086.0,4501096906.0,0.007444829271578451,000876
2022-11-02,13.28,13.37,13.16,13.25,26114221.0,346749530.0,4501096906.0,0.005801746006665514,000876
2022-11-03,13.17,13.24,12.98,13.2,24790607.0,325489771.0,4501096906.0,0.005507681242533106,000876
2022-11-04,13.22,13.5,13.18,13.41,32637274.0,435480876.0,4501096906.0,0.007250960084084002,000876
2022-11-07,13.43,13.58,13.33,13.47,31801381.0,426891587.0,4501096906.0,0.007065251351866806,000876
2022-11-08,13.52,13.67,13.24,13.34,31294632.0,419674895.0,4501096906.0,0.0069526679059684305,000876
2022-11-09,13.21,13.35,13.15,13.24,21570949.0,286132513.0,4501096906.0,0.004792376047546487,000876
2022-11-10,13.14,13.48,13.12,13.48,26611967.0,354683860.0,4501096906.0,0.005912329273454661,000876
2022-11-11,13.65,13.71,13.47,13.53,35909329.0,486736606.0,4501096906.0,0.007977906219289028,000876
2022-11-14,13.55,13.79,13.5,13.54,35315383.0,480746063.0,4501096906.0,0.007845950384432802,000876
2022-11-15,13.5,13.68,13.45,13.68,28301763.0,384494207.0,4501096906.0,0.006287747984779779,000876
2022-11-16,13.7,13.75,13.51,13.55,23752878.0,323389728.0,4501096906.0,0.005277130996299416,000876
2022-11-17,13.5,13.79,13.42,13.64,26386340.0,359141831.0,4501101453.0,0.005862196236970711,000876
2022-11-18,13.6,13.69,13.43,13.46,22589849.0,305304583.0,4501101453.0,0.005018738021322267,000876
2022-11-21,13.3,13.4,13.05,13.37,21451589.0,283947795.0,4501101453.0,0.0047658532525860844,000876
2022-11-22,13.4,13.5,13.24,13.28,18545409.0,248074791.0,4501101453.0,0.004120193511221441,000876
2022-11-23,13.21,13.28,13.08,13.16,16334637.0,214919919.0,4501101453.0,0.0036290310650769508,000876
2022-11-24,13.15,13.33,13.13,13.16,13778985.0,181888258.0,4501101453.0,0.0030612473733104277,000876
2022-11-25,13.1,13.42,13.1,13.33,22603264.0,300231864.0,4501101453.0,0.005021718402933318,000876
2022-11-28,13.17,13.37,12.98,13.35,25756915.0,339447143.0,4501101453.0,0.005722358242521489,000876
2022-11-29,13.46,13.53,13.39,13.51,23722843.0,319731211.0,4501101453.0,0.005270452854198308,000876
2022-11-30,13.51,13.81,13.46,13.62,32208646.0,439416219.0,4501101453.0,0.007155725401064405,000876
2022-12-01,13.71,13.85,13.65,13.66,28556144.0,391856429.0,4501101453.0,0.006344256910931707,000876
2022-12-02,13.66,13.88,13.6,13.75,36459941.0,501501624.0,4501101453.0,0.008100226440285926,000876
2022-12-05,13.79,13.86,13.67,13.77,35023427.0,481589808.0,4501101453.0,0.007781079223765721,000876
2022-12-06,13.7,13.93,13.67,13.8,26878970.0,371115459.0,4501101453.0,0.00597164278136523,000876
2022-12-07,13.76,14.1,13.72,13.9,38410353.0,534955036.0,4501101453.0,0.008533545266881146,000876
2022-12-08,13.81,13.84,13.47,13.53,35124010.0,477659854.0,4501101453.0,0.007803425531897248,000876
2022-12-09,13.49,13.55,13.18,13.46,42771498.0,570597223.0,4501101453.0,0.009502451443633346,000876
2022-12-12,13.4,13.46,13.18,13.19,28210245.0,374199018.0,4501101453.0,0.00626740927627787,000876
2022-12-13,13.2,13.7,13.15,13.61,55783088.0,755570786.0,4501101453.0,0.012393208325224569,000876
2022-12-14,13.69,13.69,13.4,13.59,28667561.0,387232728.0,4501101453.0,0.00636901018547204,000876
2022-12-15,13.57,13.69,13.33,13.34,24426184.0,327472627.0,4501101453.0,0.005426712606915328,000876
2022-12-16,13.25,13.4,13.2,13.4,21403800.0,284626379.0,4501101453.0,0.004755236073546908,000876
2022-12-19,13.4,13.41,12.93,12.95,33705414.0,441493761.0,4501101453.0,0.007488259118784186,000876
2022-12-20,12.96,12.99,12.62,12.7,29998688.0,382470648.0,4501101453.0,0.0066647437995439466,000876
2022-12-21,12.7,12.98,12.63,12.77,23222513.0,298104547.0,4501101453.0,0.005159295617414292,000876
2022-12-22,12.84,13.19,12.82,13.0,35113961.0,458505647.0,4501101453.0,0.007801192967245033,000876
2022-12-23,13.04,13.07,12.76,12.83,18885843.0,243344432.0,4501101453.0,0.004195826998614421,000876
2022-12-26,12.98,13.08,12.83,12.96,16688000.0,215766111.0,4501101453.0,0.003707536960509386,000876
2022-12-27,13.0,13.1,12.96,13.1,21370734.0,278843134.0,4501101453.0,0.004747889871657154,000876
2022-12-28,13.01,13.1,12.83,12.87,20703841.0,268103526.0,4501101453.0,0.0045997276924742096,000876
2022-12-29,12.83,12.86,12.71,12.73,16904699.0,215825068.0,4501101453.0,0.0037556805098745236,000876
2022-12-30,12.73,12.91,12.66,12.91,18829115.0,240821398.0,4502211016.0,0.004182192912123602,000876
2023-01-03,12.92,12.92,12.51,12.7,32516463.0,411020747.0,4502211016.0,0.007222332068497608,000876
2023-01-04,12.66,12.77,12.57,12.65,20796982.0,263503400.0,4502211016.0,0.004619281931942215,000876
2023-01-05,12.65,12.74,12.54,12.74,23854704.0,301440854.0,4502211016.0,0.0052984420133185516,000876
2023-01-06,12.7,12.72,12.62,12.66,22336063.0,282748353.0,4502211016.0,0.00496113196840883,000876
2023-01-09,12.66,12.87,12.6,12.8,33518535.0,427628337.0,4502211016.0,0.00744490537668748,000876
2023-01-10,12.77,12.77,12.6,12.69,24380864.0,308567249.0,4502211016.0,0.005415309036683322,000876
2023-01-11,12.68,12.81,12.6,12.77,24093810.0,306574471.0,4502211016.0,0.005351550585784449,000876
2023-01-12,12.73,12.79,12.6,12.64,20363856.0,258280543.0,4502211016.0,0.004523078977780192,000876
2023-01-13,12.63,12.87,12.61,12.77,29911902.0,382097346.0,4502211016.0,0.006643824977038793,000876
2023-01-16,12.81,13.1,12.81,13.02,42782867.0,554820813.0,4502211016.0,0.009502634782767366,000876
2023-01-17,13.02,13.02,12.85,12.94,20304863.0,261970040.0,4502211016.0,0.004509975860269629,000876
2023-01-18,12.9,12.94,12.81,12.82,19861204.0,254956263.0,4502211016.0,0.004411433388932031,000876
2023-01-19,12.81,12.82,12.7,12.8,16343956.0,208329324.0,4502211016.0,0.003630206567821165,000876
2023-01-20,12.84,12.87,12.79,12.86,18064256.0,231796031.0,4502211016.0,0.0040123077163205095,000876
2023-01-30,12.95,13.14,12.91,12.99,36357159.0,472769475.0,4502211016.0,0.00807540092429999,000876
2023-01-31,13.1,13.35,13.06,13.11,42893994.0,564505421.0,4502211016.0,0.00952731754410509,000876
2023-02-01,13.12,13.32,13.04,13.29,33418329.0,440785113.0,4502211574.0,0.007422647392447932,000876
2023-02-02,13.3,13.33,13.16,13.31,26161217.0,346691958.0,4502211574.0,0.005810748022389585,000876
2023-02-03,13.28,13.41,13.11,13.18,27348472.0,361643996.0,4502211574.0,0.006074452866217077,000876
2023-02-06,13.18,13.35,13.07,13.34,27065189.0,358253166.0,4502211574.0,0.00601153201157845,000876
2023-02-07,13.38,13.45,13.23,13.27,24748566.0,328972230.0,4502211574.0,0.005496979782763092,000876
2023-02-08,13.28,13.32,13.14,13.15,17771809.0,234821522.0,4502211574.0,0.003947350920296844,000876
2023-02-09,13.12,13.21,13.11,13.19,16411073.0,216093580.0,4502211574.0,0.003645113680301689,000876
2023-02-10,13.15,13.34,13.14,13.26,19873940.0,263311940.0,4502211574.0,0.004414261674144947,000876
2023-02-13,13.3,13.39,13.18,13.32,24364738.0,323392694.0,4502211574.0,0.0054117265702715725,000876
2023-02-14,13.36,13.41,13.25,13.31,21223352.0,282605941.0,4502211574.0,0.004713983705822173,000876
2023-02-15,13.3,13.31,13.16,13.18,18572839.0,245058067.0,4502211574.0,0.00412527014662239,000876
2023-02-16,13.18,13.29,12.92,13.0,28138031.0,369567535.0,4502211574.0,0.006249824233604531,000876
2023-02-17,13.01,13.08,12.98,13.0,16800940.0,218852558.0,4502211574.0,0.0037317082335766747,000876
2023-02-20,13.03,13.19,12.93,13.18,21830595.0,285086158.0,4502211574.0,0.004848860308136199,000876
2023-02-21,13.15,13.5,13.12,13.34,38493902.0,513034569.0,4502211574.0,0.008549998454603946,000876
2023-02-22,13.25,13.55,13.24,13.46,36064334.0,484091519.0,4502211574.0,0.008010359665962691,000876
2023-02-23,13.43,13.49,13.27,13.37,24733633.0,330910206.0,4502211574.0,0.005493662968403181,000876
2023-02-24,13.37,13.43,13.25,13.28,18359498.0,244385242.0,4502211574.0,0.0040778843237898885,000876
2023-02-27,13.32,13.36,13.13,13.17,18362510.0,242206196.0,4502211574.0,0.004078553328333654,000876
2023-02-28,13.19,13.23,13.13,13.2,12703450.0,167501948.0,4502211574.0,0.002821602181772544,000876
2023-03-01,13.2,13.26,13.16,13.25,17101494.0,225977069.0,4502211574.0,0.0037984652029149617,000876
2023-03-02,13.26,13.28,13.16,13.17,17417060.0,229875051.0,4502211574.0,0.003868556533545085,000876
2023-03-03,13.17,13.22,13.12,13.21,16365961.0,215755750.0,4502211574.0,0.0036350937158334444,000876
2023-03-06,13.19,13.34,13.14,13.29,26506489.0,351568772.0,4502211574.0,0.005887437443649555,000876
2023-03-07,13.25,13.34,13.0,13.02,29210570.0,384530808.0,4502211574.0,0.0064880491553727234,000876
2023-03-08,13.0,13.03,12.91,13.03,18758664.0,243217063.0,4502211574.0,0.004166544306431566,000876
2023-03-09,13.03,13.09,12.89,12.91,17294298.0,224302878.0,4502211574.0,0.0038412894897862032,000876
2023-03-10,12.8,12.9,12.69,12.81,23433766.0,299025453.0,4502211574.0,0.00520494552839955,000876
2023-03-13,12.72,13.25,12.71,13.15,30080563.0,391357012.0,4502211574.0,0.006681285964816366,000876
2023-03-14,13.13,13.54,13.1,13.35,62868852.0,841741836.0,4502211574.0,0.013963993243468127,000876
2023-03-15,13.3,13.67,13.26,13.33,35492917.0,476334174.0,4502211574.0,0.007883440486220028,000876
2023-03-16,13.36,13.4,12.95,12.96,34132104.0,446262008.0,4502211574.0,0.007581186143519074,000876
2023-03-17,13.01,13.08,12.88,12.99,22115987.0,286813374.0,4502211574.0,0.004912249599223299,000876
2023-03-20,13.03,13.06,12.73,12.8,31292259.0,401129566.0,4502211574.0,0.00695041947400049,000876
2023-03-21,12.8,12.86,12.75,12.85,15727312.0,201559846.0,4502211574.0,0.003493241430683595,000876
2023-03-22,12.85,12.92,12.8,12.86,14460218.0,185946093.0,4502211574.0,0.003211803302072005,000876
2023-03-23,12.83,12.91,12.8,12.88,12704953.0,163396429.0,4502211574.0,0.0028219360177052398,000876
2023-03-24,12.85,12.96,12.82,12.91,12822168.0,165353730.0,4502211574.0,0.0028479710003073257,000876
2023-03-27,12.91,13.11,12.8,13.04,26024399.0,337793713.0,4502211574.0,0.005780358957426464,000876
2023-03-28,13.02,13.08,12.93,12.94,17430217.0,226590646.0,4502211574.0,0.003871478875106281,000876
2023-03-29,12.91,12.95,12.76,12.8,20410743.0,261490506.0,4502211574.0,0.004533492632347802,000876
2023-03-30,12.81,12.88,12.78,12.86,16595962.0,212865035.0,4502211574.0,0.003686179942284516,000876
2023-03-31,12.8,13.45,12.8,13.23,74948690.0,990270562.0,4502212057.0,0.016647081268300196,000876
2023-04-03,13.11,13.97,13.07,13.89,116463939.0,1591800189.0,4502212057.0,0.025868159368220536,000876
2023-04-04,13.99,14.49,13.91,14.15,88318630.0,1256278844.0,4502212057.0,0.019616719266406603,000876
2023-04-06,14.35,14.39,13.91,14.21,48276882.0,681449510.0,4502212057.0,0.01072292495084489,000876
2023-04-07,14.2,14.25,13.93,14.1,32185301.0,453680365.0,4502212057.0,0.007148775000493052,000876
2023-04-10,14.1,14.29,13.9,13.97,37143459.0,521427471.0,4502212057.0,0.008250046539289431,000876
2023-04-11,14.28,14.4,13.5,13.64,63379581.0,871052290.0,4502212057.0,0.014077431315448143,000876
2023-04-12,13.73,13.73,13.39,13.51,32179708.0,434731314.0,4502212057.0,0.007147532722268661,000876
2023-04-13,13.45,13.6,13.35,13.51,28666826.0,386621776.0,4502212057.0,0.006367275827318944,000876
2023-04-14,13.51,13.65,13.36,13.39,34435068.0,463154029.0,4502212057.0,0.007648477584804265,000876
2023-04-17,13.44,13.46,13.31,13.45,30301145.0,405599702.0,4502212057.0,0.006730279386304793,000876
2023-04-18,13.52,13.55,13.3,13.32,27411886.0,366658633.0,4502212057.0,0.006088537290770264,000876
2023-04-19,13.34,13.45,13.2,13.33,23622231.0,314937011.0,4502212057.0,0.005246805503812812,000876
2023-04-20,13.33,13.42,13.22,13.33,21166747.0,281591680.0,4502212057.0,0.004701410491558283,000876
2023-04-21,13.31,13.47,13.2,13.22,31023718.0,412980028.0,4502212057.0,0.006890772270880621,000876
2023-04-24,13.22,13.22,12.89,13.0,25467553.0,331196620.0,4502212057.0,0.005656675580263545,000876
2023-04-25,12.99,13.1,12.83,12.98,22041454.0,285451891.0,4502212264.0,0.004895694096043624,000876
2023-04-26,12.9,13.1,12.87,13.01,19152919.0,249648500.0,4502212264.0,0.004254112839847215,000876
2023-04-27,13.05,13.05,12.53,12.73,43153946.0,549141087.0,4502212264.0,0.009585053629092953,000876
2023-04-28,12.68,13.07,12.66,13.01,26358575.0,339610083.0,4502212264.0,0.005854582914884975,000876
2023-05-04,12.9,13.01,12.76,12.82,28567633.0,366856682.0,4502212264.0,0.006345243476952156,000876
2023-05-05,12.8,12.81,12.58,12.75,21188810.0,268883741.0,4502212264.0,0.0047063107551430184,000876
2023-05-08,12.69,12.75,12.54,12.63,20861010.0,263477521.0,4502212264.0,0.004633502104466747,000876
2023-05-09,12.63,12.84,12.58,12.71,21378893.0,271856726.0,4502212264.0,0.0047485306659010955,000876
2023-05-10,12.7,12.7,12.52,12.59,20600471.0,259157553.0,4502212264.0,0.004575632998186866,000876
2023-05-11,12.61,12.68,12.57,12.64,10993589.0,138785169.0,4502212264.0,0.002441819344659846,000876
2023-05-12,12.65,12.72,12.59,12.67,10002380.0,126603243.0,4502212264.0,0.0022216589119930484,000876
2023-05-15,12.67,12.68,12.55,12.63,16044671.0,202015228.0,4502212264.0,0.0035637304638642424,000876
2023-05-16,12.64,12.72,12.59,12.64,14768740.0,186870222.0,4502212264.0,0.0032803295655542196,000876
2023-05-17,12.58,12.64,12.53,12.59,10096403.0,126936623.0,4502212264.0,0.002242542645252765,000876
2023-05-18,12.59,12.6,12.13,12.21,43026092.0,530235676.0,4502212264.0,0.009556655589972868,000876
2023-05-19,12.15,12.18,11.96,12.08,21266542.0,257309967.0,4502212264.0,0.004723576045058723,000876
2023-05-22,12.04,12.17,12.01,12.14,10460484.0,126630494.0,4502212264.0,0.0023234097787087366,000876
2023-05-23,12.14,12.19,12.07,12.07,9370844.0,113616545.0,4502212691.0,0.002081386341150092,000876
2023-05-24,12.06,12.08,11.97,11.99,9481059.0,113833390.0,4502212691.0,0.002105866526242263,000876
2023-05-25,12.0,12.04,11.62,11.65,23894725.0,281555479.0,4502212691.0,0.005307329226752429,000876
2023-05-26,11.63,11.66,11.47,11.55,15432503.0,178194132.0,4502212691.0,0.003427759650460281,000876
2023-05-29,11.55,11.61,11.27,11.4,18685990.0,212928022.0,4502212691.0,0.0041504014320233274,000876
2023-05-30,11.36,11.39,11.2,11.36,14644554.0,165340113.0,4502212691.0,0.0032527459285241482,000876
2023-05-31,11.34,11.4,11.21,11.27,13679849.0,154394530.0,4502212691.0,0.003038472399881563,000876
2023-06-01,11.26,11.47,11.23,11.42,12196389.0,138952758.0,4502212691.0,0.0027089766381718904,000876
2023-06-02,11.41,11.56,11.4,11.55,11434737.0,131508744.0,4502212691.0,0.002539803821986961,000876
2023-06-05,11.57,11.6,11.39,11.57,11629281.0,133486930.0,4502212691.0,0.002583014574866072,000876
2023-06-06,11.55,11.69,11.42,11.47,12911102.0,149191053.0,4502212691.0,0.0028677236919103163,000876
2023-06-07,11.53,11.56,11.4,11.54,10175238.0,116816716.0,4502212691.0,0.002260052711490169,000876
2023-06-08,11.55,11.9,11.52,11.89,23874173.0,281339287.0,4502212691.0,0.005302764360227779,000876
2023-06-09,11.91,11.93,11.7,11.84,15814289.0,187056760.0,4502212691.0,0.003512559287039689,000876
2023-06-12,11.8,11.91,11.77,11.84,10026777.0,118890700.0,4502212691.0,0.0022270775923233697,000876
2023-06-13,11.82,11.92,11.75,11.82,9750193.0,115156383.0,4502212691.0,0.002165644688330874,000876
2023-06-14,11.81,11.88,11.74,11.76,8544025.0,100870669.0,4502212691.0,0.0018977390866228181,000876
2023-06-15,11.81,11.85,11.76,11.85,9318021.0,110050569.0,4502212691.0,0.00206965366576903,000876
2023-06-16,11.86,12.03,11.86,11.99,14977904.0,179231322.0,4502212691.0,0.0033267872994852256,000876
2023-06-19,11.99,12.2,11.91,12.0,19560394.0,236397304.0,4502212691.0,0.004344617933999778,000876
2023-06-20,12.0,12.0,11.88,11.88,9412166.0,112249729.0,4502212691.0,0.0020905644948349686,000876
2023-06-21,11.86,11.92,11.7,11.71,10661012.0,125613337.0,4502212691.0,0.002367949435465709,000876
2023-06-26,11.62,11.85,11.53,11.69,12127050.0,141445460.0,4502212691.0,0.0026935755443633705,000876
2023-06-27,11.68,11.8,11.64,11.77,8865773.0,103919439.0,4502212691.0,0.0019692035024739796,000876
2023-06-28,11.73,11.78,11.6,11.67,7860230.0,91713352.0,4502212691.0,0.001745859322842018,000876
2023-06-29,11.67,11.84,11.63,11.69,11500099.0,135059302.0,4502212691.0,0.0025543215723657156,000876
2023-06-30,11.61,11.76,11.53,11.68,10206850.0,119157736.0,4502212829.0,0.002267074078385378,000876
2023-07-03,11.67,11.84,11.67,11.81,11365035.0,133958571.0,4502212829.0,0.0025243220237823193,000876
2023-07-04,11.88,11.95,11.74,11.83,9738901.0,115019156.0,4502212829.0,0.002163136521949616,000876
2023-07-05,11.79,11.81,11.63,11.68,10794136.0,126232759.0,4502212829.0,0.0023975179339528288,000876
2023-07-06,11.68,11.96,11.61,11.83,17920894.0,211512346.0,4502212829.0,0.003980463536633932,000876
2023-07-07,11.75,11.98,11.7,11.89,15580702.0,184601443.0,4502212829.0,0.003460676469943931,000876
2023-07-10,11.9,12.04,11.71,11.73,18516440.0,219267642.0,4502212829.0,0.004112742045584891,000876
2023-07-11,11.73,11.76,11.65,11.76,10135265.0,118651044.0,4502212829.0,0.002251174119249972,000876
2023-07-12,11.73,11.83,11.7,11.73,10383218.0,122065130.0,4502212829.0,0.0023062477040442907,000876
2023-07-13,11.72,11.78,11.7,11.74,8838780.0,103734079.0,4502212829.0,0.0019632079458942876,000876
2023-07-14,11.74,11.82,11.67,11.76,10473354.0,123180861.0,4502212829.0,0.002326268081450576,000876
2023-07-17,11.76,11.92,11.66,11.81,14939223.0,176600098.0,4502212829.0,0.003318195644544462,000876
2023-07-18,11.79,11.92,11.73,11.87,13749116.0,162985076.0,4502212829.0,0.003053857407947962,000876
2023-07-19,11.85,11.95,11.8,11.89,10182400.0,120844013.0,4502212829.0,0.0022616434155249927,000876
2023-07-20,11.9,11.95,11.83,11.87,11697400.0,139097198.0,4502214494.0,0.002598143650327825,000876
2023-07-21,11.87,12.03,11.86,11.91,12990072.0,155031861.0,4502214494.0,0.0028852628006310176,000876
2023-07-24,11.89,11.99,11.72,11.77,13139300.0,155190215.0,4502214494.0,0.0029184082672006075,000876
2023-07-25,11.86,11.89,11.78,11.89,15987997.0,189425920.0,4502214632.0,0.0035511405623275937,000876
2023-07-26,11.89,11.99,11.86,11.98,13647968.0,162995941.0,4502214632.0,0.0030313899082010714,000876
2023-07-27,12.02,12.26,11.98,12.06,29319439.0,356067147.0,4502214632.0,0.006512225959111049,000876
2023-07-28,12.03,12.19,11.95,12.14,20813218.0,251705387.0,4502214632.0,0.0046228844471491205,000876
2023-07-31,12.28,12.51,12.22,12.51,38662086.0,478685676.0,4502214632.0,0.008587348485166577,000876
2023-08-01,12.52,12.52,12.29,12.34,24021217.0,297522943.0,4502214632.0,0.005335422445048817,000876
2023-08-02,12.34,12.44,12.24,12.28,15444197.0,190101302.0,4502214750.0,0.0034303554711600554,000876
2023-08-03,12.23,12.37,12.23,12.32,14923924.0,183437938.0,4502214750.0,0.0033147961233968236,000876
2023-08-04,12.37,12.41,12.26,12.29,15289194.0,188269385.0,4502214750.0,0.0033959273044449957,000876
2023-08-07,12.36,12.4,12.25,12.32,14143681.0,174312105.0,4502214750.0,0.003141494083550768,000876
2023-08-08,12.28,12.35,12.13,12.24,16085011.0,196447896.0,4511774750.0,0.003565118360574184,000876
2023-08-09,12.18,12.25,12.09,12.11,12790906.0,155165295.0,4511774750.0,0.00283500544879817,000876
2023-08-10,12.13,12.22,12.1,12.2,10816069.0,131600321.0,4511774750.0,0.0023972980920645474,000876
2023-08-11,12.19,12.2,11.92,11.93,17755116.0,213002258.0,4511774750.0,0.003935284224905067,000876
2023-08-14,11.88,11.89,11.75,11.86,11924353.0,140904874.0,4511774750.0,0.0026429406742878732,000876
2023-08-15,11.85,11.89,11.71,11.75,8888617.0,104825910.0,4511774750.0,0.0019700932543230353,000876
2023-08-16,11.74,11.84,11.68,11.76,6580213.0,77435804.0,4511774750.0,0.0014584533503140865,000876
2023-08-17,11.71,11.83,11.64,11.82,8351567.0,98058063.0,4511774750.0,0.0018510602729003703,000876
2023-08-18,11.81,11.81,11.56,11.57,12323481.0,143766339.0,4511774750.0,0.002731404310465632,000876
2023-08-21,11.55,11.6,11.38,11.38,11182068.0,128516439.0,4511774750.0,0.002478418941459788,000876
2023-08-22,11.39,11.49,11.25,11.41,11811034.0,134199766.0,4511774750.0,0.0026178243938263985,000876
2023-08-23,11.36,11.51,11.33,11.36,8664880.0,98825739.0,4511774750.0,0.0019205036776270802,000876
2023-08-24,11.38,11.55,11.26,11.51,11835060.0,135322830.0,4511774750.0,0.0026231495710196968,000876
2023-08-25,11.6,11.99,11.57,11.8,28786733.0,340474641.0,4511774750.0,0.006380356865111673,000876
2023-08-28,12.2,12.25,11.66,11.72,29752922.0,355502978.0,4511774750.0,0.006594505188894902,000876
2023-08-29,11.72,11.86,11.66,11.83,15027411.0,177150721.0,4511774750.0,0.00333070949519366,000876
2023-08-30,11.84,11.86,11.7,11.72,12379641.0,145733420.0,4511774750.0,0.0027438517403822076,000876
2023-08-31,11.7,11.79,11.59,11.67,13595949.0,158388046.0,4511774750.0,0.003013437007244211,000876
2023-09-01,11.66,11.75,11.62,11.7,9045754.0,105637886.0,4511774750.0,0.002004921455797411,000876
2023-09-04,11.72,11.78,11.64,11.77,15259821.0,178952003.0,4511774750.0,0.0033822213753024796,000876
2023-09-05,11.76,11.76,11.65,11.69,10925578.0,127654901.0,4511774750.0,0.002421569915475058,000876
2023-09-06,11.68,11.68,11.6,11.63,8633626.0,100411594.0,4511774750.0,0.001913576470101926,000876
2023-09-07,11.62,11.73,11.5,11.51,12156738.0,140931385.0,4511774750.0,0.002694447013339928,000876
2023-09-08,11.45,11.49,11.4,11.42,7584936.0,86683560.0,4511774750.0,0.0016811424373523965,000876
2023-09-11,11.46,11.53,11.44,11.52,8023236.0,92206065.0,4511774750.0,0.0017782882445538755,000876
2023-09-12,11.54,11.69,11.5,11.64,12013480.0,139625890.0,4511774750.0,0.002662694984939131,000876
2023-09-13,11.59,11.66,11.47,11.52,9282416.0,107134341.0,4511774750.0,0.0020573757588407977,000876
2023-09-14,11.58,11.58,11.44,11.49,6981331.0,80153489.0,4511774750.0,0.0015473580546103282,000876
2023-09-15,11.5,11.56,11.41,11.41,8530340.0,97883437.0,4511774750.0,0.001890683926541324,000876
2023-09-18,11.39,11.45,11.31,11.43,9638041.0,109849381.0,4511774750.0,0.002136197291320893,000876
2023-09-19,11.42,11.5,11.34,11.44,9535609.0,108848772.0,4511774750.0,0.0021134940302593784,000876
2023-09-20,11.43,11.54,11.39,11.46,10574900.0,121522595.0,4511774750.0,0.002343844847307592,000876
2023-09-21,11.48,11.49,11.23,11.24,13989200.0,158406232.0,4511774750.0,0.0031005980517976876,000876
2023-09-22,11.21,11.36,11.1,11.35,13393591.0,150748045.0,4511774750.0,0.0029685859206512915,000876
2023-09-25,11.34,11.36,11.16,11.18,11285974.0,126827629.0,4511774750.0,0.002501448903228159,000876
2023-09-26,11.19,11.23,11.16,11.16,7820736.0,87521332.0,4511774750.0,0.001733405684758531,000876
2023-09-27,11.16,11.26,11.14,11.17,7607727.0,85090822.0,4511774750.0,0.0016861938863415111,000876
2023-09-28,11.2,11.22,10.93,11.0,20290378.0,223646368.0,4511774853.0,0.004497205348469103,000876
2023-10-09,10.96,10.96,10.46,10.7,23568100.0,251411314.0,4511774853.0,0.005223687078341008,000876
2023-10-10,10.7,10.89,10.68,10.73,11188900.0,120638522.0,4511774853.0,0.002479933144837713,000876
2023-10-11,10.74,10.78,10.55,10.6,13429773.0,142875666.0,4511774853.0,0.0029766053133325533,000876
2023-10-12,10.64,10.77,10.59,10.68,11240471.0,119870554.0,4511774853.0,0.002491363458113587,000876
2023-10-13,10.65,10.67,10.53,10.58,7965042.0,84288692.0,4511774853.0,0.0017653899539565522,000876
2023-10-16,10.58,10.63,10.47,10.5,9456878.0,99620805.0,4511774853.0,0.0020960438648023115,000876
2023-10-17,10.49,10.53,10.37,10.45,9142962.0,95404203.0,4511774853.0,0.0020264668113748182,000876
2023-10-18,10.41,10.47,10.2,10.22,17178142.0,176856875.0,4511774853.0,0.0038074023105514215,000876
2023-10-19,10.21,10.21,9.9,9.9,28694234.0,287039783.0,4511774853.0,0.006359855031533862,000876
2023-10-20,9.88,9.98,9.83,9.86,15299044.0,151301984.0,4511774853.0,0.003390914772670284,000876
2023-10-23,9.85,10.04,9.7,9.76,17573577.0,173254384.0,4511774853.0,0.0038950474198230123,000876
2023-10-24,9.79,9.93,9.73,9.91,17079438.0,168192022.0,4511774853.0,0.0037855253323741153,000876
2023-10-25,9.97,10.15,9.95,10.05,17460038.0,175563492.0,4511775858.0,0.00386988151661855,000876
2023-10-26,10.01,10.2,9.97,10.17,17098637.0,172533942.0,4511775858.0,0.0037897797980548527,000876
2023-10-27,10.15,10.37,10.09,10.32,17119845.0,176009842.0,4511775858.0,0.003794480386175248,000876
2023-10-30,10.29,10.4,10.23,10.31,16205270.0,167455408.0,4511775858.0,0.003591771956327534,000876
2023-10-31,10.33,10.34,10.12,10.16,17194870.0,175322570.0,4511775858.0,0.0038111090934429127,000876
2023-11-01,10.2,10.23,10.11,10.13,14974457.0,151916068.0,4511775858.0,0.0033189718353247148,000876
2023-11-02,10.15,10.22,9.98,9.99,16310245.0,164126690.0,4511775858.0,0.0036150388479692956,000876
2023-11-03,10.01,10.11,10.01,10.08,12956226.0,130550227.0,4511775858.0,0.0028716466437548813,000876
2023-11-06,10.1,10.16,9.97,10.16,20844301.0,210319281.0,4511775858.0,0.004619977068018612,000876
2023-11-07,10.16,10.22,10.1,10.16,13323621.0,135395731.0,4511775858.0,0.0029530768857622624,000876
2023-11-08,10.12,10.14,10.02,10.09,12441684.0,125495546.0,4511775858.0,0.0027576024145656926,000876
2023-11-09,10.07,10.18,10.06,10.09,12622815.0,127571471.0,4511775858.0,0.0027977486908215997,000876
2023-11-10,10.1,10.1,9.97,10.02,12398504.0,124064588.0,4511775858.0,0.002748031903671754,000876
2023-11-13,10.02,10.05,9.9,9.98,14642002.0,145768074.0,4511775858.0,0.0032452857723500855,000876
2023-11-14,9.99,10.18,9.99,10.01,21363008.0,214988758.0,4511775858.0,0.004734944437038122,000876
2023-11-15,10.08,10.1,10.01,10.04,15246282.0,153185432.0,4511775858.0,0.0033792197307333524,000876
2023-11-16,10.03,10.1,9.93,9.93,16698027.0,166713395.0,4511775858.0,0.0037009877098376017,000876
2023-11-17,9.91,9.94,9.85,9.89,12024895.0,118858109.0,4511775858.0,0.0026652243769331326,000876
2023-11-20,9.91,10.2,9.9,10.12,38371581.0,386529866.0,4511775858.0,0.008504762250536427,000876
2023-11-21,10.16,10.21,10.07,10.12,21686056.0,220066670.0,4511775858.0,0.0048065455116853015,000876
2023-11-22,10.08,10.24,10.07,10.16,27108486.0,276083933.0,4511775858.0,0.006008384913876633,000876
2023-11-23,10.14,10.2,10.09,10.19,15213171.0,154258891.0,4511775858.0,0.0033718809353139633,000876
2023-11-24,10.18,10.44,10.15,10.27,29887384.0,307924187.0,4511775858.0,0.006624306025088891,000876
2023-11-27,10.23,10.3,10.07,10.13,20467491.0,207589555.0,4511775858.0,0.0045364600645460525,000876
2023-11-28,10.18,10.18,9.98,10.07,18467592.0,185542766.0,4511775858.0,0.004093198018082928,000876
2023-11-29,10.06,10.1,9.97,9.99,12892000.0,128903471.0,4511775858.0,0.002857411450779566,000876
2023-11-30,9.99,10.04,9.91,10.0,12631372.0,125993229.0,4511775858.0,0.002799645283265311,000876
2023-12-01,9.8,9.8,9.01,9.12,97153840.0,894605118.0,4511775858.0,0.021533392406392012,000876
2023-12-04,9.03,9.4,8.83,9.28,62329488.0,572499908.0,4511775858.0,0.013814845852654944,000876
2023-12-05,9.25,9.44,9.21,9.22,41202974.0,385120106.0,4511775858.0,0.009132318469886188,000876
2023-12-06,9.18,9.66,9.11,9.54,42861877.0,402787547.0,4511775858.0,0.009500001407206431,000876
2023-12-07,9.55,9.69,9.41,9.64,33677361.0,322690686.0,4511775858.0,0.007464324926577503,000876
2023-12-08,9.63,9.7,9.42,9.42,25010988.0,237587028.0,4511775858.0,0.005543490808758169,000876
2023-12-11,9.36,9.7,9.3,9.68,28134363.0,268309140.0,4511775858.0,0.006235762565667774,000876
2023-12-12,9.65,9.73,9.56,9.69,15486050.0,149612253.0,4511775858.0,0.003432362441618437,000876
2023-12-13,9.66,9.69,9.45,9.45,16832287.0,160628502.0,4511775858.0,0.0037307453937797104,000876
2023-12-14,9.46,9.51,9.26,9.3,20012807.0,187507881.0,4511775858.0,0.004435682895131977,000876
2023-12-15,9.34,9.4,9.25,9.31,15531038.0,144601237.0,4511775858.0,0.0034423336816392,000876
2023-12-18,9.31,9.5,9.15,9.2,17841099.0,165577254.0,4511775858.0,0.0039543407211520215,000876
2023-12-19,9.16,9.2,9.03,9.1,16034669.0,145966541.0,4511775858.0,0.003553959572607829,000876
2023-12-20,9.15,9.15,8.93,8.95,15830230.0,142377331.0,4511775858.0,0.0035086472595775835,000876
2023-12-21,8.95,9.05,8.83,9.03,16539741.0,147824958.0,4511775858.0,0.0036659048500099494,000876
2023-12-22,9.05,9.14,8.9,9.08,15301107.0,138209205.0,4511775858.0,0.003391371265234515,000876
2023-12-25,9.05,9.07,8.95,9.04,12992147.0,117064358.0,4511775858.0,0.00287960825380169,000876
2023-12-26,9.02,9.07,8.96,8.99,9013800.0,81090075.0,4511775858.0,0.001997838608054363,000876
2023-12-27,9.02,9.11,8.96,9.1,15310327.0,138456452.0,4511775858.0,0.0033934148064675425,000876
2023-12-28,9.07,9.29,9.03,9.26,20111417.0,184819118.0,4511775858.0,0.004457539034067858,000876
2023-12-29,9.25,9.37,9.17,9.32,20286451.0,188697155.0,4511776322.0,0.0044963334953199395,000876
2024-01-02,9.32,9.4,9.24,9.36,18963226.0,176923005.0,4511776322.0,0.004203051003998775,000876
2024-01-03,9.36,9.47,9.25,9.3,16581487.0,154644106.0,4511776322.0,0.0036751571480054413,000876
2024-01-04,9.27,9.3,9.13,9.18,15700894.0,144205156.0,4511776322.0,0.003479980584019741,000876
2024-01-05,9.15,9.15,8.96,9.0,16597782.0,150306869.0,4511776322.0,0.003678768807546395,000876
2024-01-08,8.99,8.99,8.43,8.53,38960514.0,337013482.0,4511776322.0,0.008635293777757451,000876
2024-01-09,8.52,8.72,8.42,8.7,22584912.0,194308131.0,4511776322.0,0.005005769432733859,000876
2024-01-10,8.7,8.78,8.57,8.71,22237349.0,192751222.0,4511776322.0,0.004928734807079826,000876
2024-01-11,8.69,8.95,8.65,8.89,19764422.0,175113383.0,4511776322.0,0.004380629842757528,000876
2024-01-12,8.89,9.1,8.83,8.92,13598092.0,121857829.0,4511776322.0,0.0030139109365182755,000876
2024-01-15,8.92,8.96,8.77,8.77,12070902.0,106576971.0,4511776322.0,0.0026754211952265306,000876
2024-01-16,8.77,8.87,8.73,8.84,12182315.0,107324510.0,4511776322.0,0.0027001150169163905,000876
2024-01-17,8.84,8.84,8.65,8.66,11333900.0,99112836.0,4511776322.0,0.0025120704554289293,000876
2024-01-18,8.6,8.64,8.36,8.62,26909540.0,228135581.0,4511776322.0,0.005964289468160386,000876
2024-01-19,8.62,8.72,8.53,8.61,15155072.0,130829631.0,4511776322.0,0.0033590033987504933,000876
2024-01-22,8.62,8.62,8.18,8.22,21710259.0,181883761.0,4511776322.0,0.004811909423376773,000876
2024-01-23,8.23,8.29,8.09,8.21,17762852.0,145574759.0,4511776322.0,0.003936997477775229,000876
2024-01-24,8.27,8.31,8.03,8.3,20333296.0,166474626.0,4511776322.0,0.004506716323868327,000876
2024-01-25,8.31,8.46,8.23,8.46,16740287.0,140257767.0,4511776322.0,0.003710353928312495,000876
2024-01-26,8.45,8.59,8.34,8.5,18036319.0,153131703.0,4511776322.0,0.003997609303469367,000876
2024-01-29,8.54,8.65,8.41,8.42,13682916.0,116925338.0,4511776322.0,0.0030327115139286375,000876
2024-01-30,8.36,8.54,8.27,8.27,14246306.0,119854204.0,4511776322.0,0.003157582509250998,000876
2024-01-31,8.35,8.57,8.17,8.17,23576357.0,196127807.0,4511776322.0,0.0052255154771389395,000876
2024-02-01,8.18,8.52,8.18,8.39,28833374.0,241157562.0,4511776322.0,0.006390692255598925,000876
2024-02-02,8.36,8.64,8.0,8.2,34536791.0,288939658.0,4511776322.0,0.007654810109178989,000876
2024-02-05,8.15,8.25,7.75,8.0,35014373.0,280898696.0,4511776322.0,0.007760662431172713,000876
2024-02-06,7.96,8.38,7.88,8.38,31425183.0,257266281.0,4511776322.0,0.006965146487153359,000876
2024-02-07,8.38,8.46,8.23,8.39,39433677.0,328617402.0,4511776322.0,0.008740166662898676,000876
2024-02-08,8.39,8.58,8.31,8.56,39401654.0,332754412.0,4511776322.0,0.008733069014940408,000876
2024-02-19,8.56,8.6,8.41,8.52,30562887.0,259368732.0,4511776322.0,0.006774025310379737,000876
2024-02-20,8.5,8.71,8.42,8.69,22684156.0,194461612.0,4511776322.0,0.005027766090572608,000876
2024-02-21,8.58,8.91,8.54,8.74,27350853.0,239971254.0,4511776322.0,0.0060621030494427955,000876
2024-02-22,8.7,8.8,8.68,8.78,15791309.0,138045180.0,4511776322.0,0.0035000203629332316,000876
2024-02-23,8.79,8.8,8.61,8.72,22042686.0,191320793.0,4511776322.0,0.004885589272791968,000876
2024-02-26,8.68,8.82,8.62,8.72,20149667.0,175821805.0,4511776322.0,0.004466016389542106,000876
2024-02-27,8.67,8.9,8.66,8.84,21997232.0,193819111.0,4511776322.0,0.004875514748534557,000876
2024-02-28,8.84,9.02,8.69,8.69,31459137.0,279208504.0,4511776322.0,0.006972672126187022,000876
2024-02-29,8.65,8.86,8.63,8.86,21064795.0,185144381.0,4511776322.0,0.004668847366675817,000876
2024-03-01,8.86,8.88,8.74,8.85,15476073.0,136519895.0,4511776322.0,0.0034301507644642496,000876
2024-03-04,8.94,8.98,8.85,8.91,19488886.0,173627900.0,4511776322.0,0.00431955943936531,000876
2024-03-05,8.85,9.12,8.81,8.98,32364165.0,291444847.0,4511776322.0,0.007173264517167702,000876
2024-03-06,8.93,8.98,8.76,8.83,23375315.0,206722849.0,4511776322.0,0.005180956087299578,000876
2024-03-07,8.84,9.0,8.78,8.82,21134107.0,187188101.0,4511776322.0,0.004684209830382633,000876
2024-03-08,8.82,8.84,8.67,8.74,16711960.0,145942488.0,4511776322.0,0.0037040754699009214,000876
2024-03-11,8.75,9.03,8.75,9.0,28167179.0,251557704.0,4511776322.0,0.006243035334587227,000876
2024-03-12,8.98,9.09,8.95,9.08,24654510.0,222757619.0,4511776322.0,0.005464479672846689,000876
2024-03-13,9.08,9.09,8.97,8.99,17573307.0,158436661.0,4511776322.0,0.0038949863082330346,000876
2024-03-14,9.0,9.03,8.87,8.92,14250222.0,127455513.0,4511776322.0,0.0031584504600802327,000876
2024-03-15,8.92,9.03,8.88,9.03,14725248.0,132321937.0,4511776322.0,0.0032637362646277036,000876
2024-03-18,9.03,9.13,8.98,9.13,24131495.0,218717131.0,4511776322.0,0.005348557481081617,000876
2024-03-19,9.12,9.43,9.08,9.33,47171904.0,440191219.0,4511776322.0,0.010455284267968637,000876
2024-03-20,9.3,9.47,9.21,9.36,31448047.0,293835114.0,4511776322.0,0.006970214114262556,000876
2024-03-21,9.46,9.87,9.42,9.84,66015441.0,641601411.0,4511776322.0,0.014631807139485227,000876
2024-03-22,9.81,9.82,9.41,9.46,52365531.0,500262004.0,4511776322.0,0.011606411147790938,000876
2024-03-25,9.41,9.46,9.25,9.3,29718617.0,277684188.0,4511776322.0,0.006586899455783792,000876
2024-03-26,9.35,9.61,9.35,9.43,34867863.0,330515317.0,4511776322.0,0.007728189633422169,000876
2024-03-27,9.36,9.58,9.26,9.37,27274147.0,256474827.0,4511776322.0,0.006045101763358205,000876
2024-03-28,9.29,9.45,9.23,9.37,22882717.0,213617607.0,4511776322.0,0.0050717755861302205,000876
2024-03-29,9.33,9.53,9.26,9.48,24882652.0,234127380.0,4511189459.0,0.0055157630212932275,000876
2024-04-01,9.45,9.7,9.43,9.63,27261757.0,261494442.0,4511189459.0,0.006043141669789932,000876
2024-04-02,9.6,9.6,9.48,9.5,21423545.0,204105793.0,4511189459.0,0.0047489792203825945,000876
2024-04-03,9.48,9.74,9.46,9.73,32354241.0,312912243.0,4511189459.0,0.007171997827635463,000876
2024-04-08,9.71,9.8,9.6,9.62,27828375.0,269372170.0,4511189459.0,0.006168744463720383,000876
2024-04-09,9.6,9.7,9.48,9.66,21530360.0,206469238.0,4511189459.0,0.004772657011122884,000876
2024-04-10,9.65,9.69,9.4,9.46,21206719.0,202311345.0,4511189459.0,0.004700915178299986,000876
2024-04-11,9.33,9.36,9.2,9.24,28020356.0,259864324.0,4511189459.0,0.0062113010891392045,000876
2024-04-12,9.17,9.31,8.96,8.99,24511195.0,222587419.0,4511189459.0,0.005433421766647199,000876
2024-04-15,8.95,9.06,8.81,8.9,24300035.0,216990145.0,4511189459.0,0.005386613712603109,000876
2024-04-16,8.9,8.97,8.77,8.78,24565593.0,217629917.0,4511189459.0,0.005445480227169506,000876
2024-04-17,8.89,9.0,8.86,8.96,19189848.0,171307678.0,4511189459.0,0.004253833312568041,000876
2024-04-18,8.94,9.06,8.78,9.01,21513770.0,192795144.0,4511189459.0,0.004768979488786308,000876
2024-04-19,8.97,9.04,8.89,8.98,14586551.0,130796794.0,4511189459.0,0.0032334157393676425,000876
2024-04-22,8.98,9.38,8.96,9.3,30081509.0,277993783.0,4511189459.0,0.00666819899128515,000876
2024-04-23,9.25,9.33,9.18,9.2,16012576.0,147911422.0,4511189459.0,0.0035495241655289565,000876
2024-04-24,9.18,9.25,9.05,9.18,14689746.0,134271503.0,4511189459.0,0.003256291080990487,000876
2024-04-25,9.16,9.19,9.08,9.14,11710385.0,106991345.0,4511189459.0,0.00259585306855985,000876
2024-04-26,9.15,9.26,9.11,9.25,17117189.0,157522510.0,4511189459.0,0.0037943848635863735,000876
2024-04-29,9.25,9.34,9.2,9.3,23747287.0,220693358.0,4511189459.0,0.005264085495816016,000876
2024-04-30,9.12,9.19,8.86,8.92,40535151.0,364491157.0,4511189459.0,0.008985468548462487,000876
2024-05-06,8.93,9.0,8.8,8.87,37303658.0,331732885.0,4511189459.0,0.00826914017667286,000876
2024-05-07,8.88,9.0,8.87,8.95,27506276.0,246079564.0,4511189459.0,0.0060973444476209926,000876
2024-05-08,8.95,9.25,8.91,9.13,42438398.0,386341977.0,4511189459.0,0.009407363265431854,000876
2024-05-09,9.14,9.39,9.08,9.35,40952251.0,379721879.0,4511189459.0,0.009077927533790152,000876
2024-05-10,9.35,9.55,9.3,9.4,37404808.0,352603350.0,4511189459.0,0.008291562201045655,000876
2024-05-13,9.4,9.64,9.33,9.57,42900488.0,408935673.0,4511189459.0,0.00950979523026058,000876
2024-05-14,9.52,9.77,9.48,9.67,42411734.0,408513661.0,4511189459.0,0.009401452629170103,000876
2024-05-15,9.62,9.7,9.46,9.5,29654662.0,283551360.0,4511189459.0,0.006573579378458111,000876
2024-05-16,9.51,9.73,9.49,9.61,28467432.0,274185421.0,4511189459.0,0.006310404885169776,000876
2024-05-17,9.6,9.96,9.6,9.93,44045355.0,433721148.0,4511189459.0,0.00976357907383557,000876
2024-05-20,9.97,10.58,9.97,10.52,87182329.0,909752160.0,4511189459.0,0.019325796398567973,000876
2024-05-21,10.46,10.8,10.41,10.6,70406387.0,747013691.0,4511189459.0,0.015607056107904423,000876
2024-05-22,10.6,10.7,10.44,10.64,45094900.0,476331792.0,4511189459.0,0.009996232791782644,000876
2024-05-23,10.6,10.77,10.27,10.38,46056738.0,480050320.0,4511189459.0,0.010209444408971785,000876
2024-05-24,10.39,10.64,10.3,10.46,45720521.0,479501285.0,4511189459.0,0.01013491484131436,000876
2024-05-27,10.42,10.45,10.17,10.4,38234800.0,394556950.0,4511189459.0,0.008475547380019714,000876
2024-05-28,10.38,10.5,10.07,10.1,35573502.0,362296648.0,4511189459.0,0.007885614719423825,000876
2024-05-29,10.1,10.39,10.05,10.23,32899691.0,337249757.0,4511189459.0,0.007292908289268106,000876
2024-05-30,10.2,10.28,10.06,10.09,23411912.0,237093723.0,4511189459.0,0.005189742575163257,000876
2024-05-31,10.11,10.18,10.01,10.02,21143812.0,212846548.0,4511189459.0,0.00468697051900963,000876
2024-06-03,10.19,10.28,10.0,10.1,39077224.0,395656700.0,4511189459.0,0.00866228837320042,000876
2024-06-04,10.12,10.13,9.9,10.07,27243201.0,273093138.0,4511189459.0,0.006039028342214434,000876
2024-06-05,10.06,10.07,9.83,9.85,28890685.0,286646875.0,4511189459.0,0.00640422781232607,000876
2024-06-06,9.88,9.89,9.6,9.69,30014305.0,291676731.0,4511189459.0,0.0066533018115921255,000876
2024-06-07,9.75,9.83,9.63,9.72,18719221.0,182189582.0,4511189459.0,0.004149508942182515,000876
2024-06-11,9.79,9.93,9.66,9.91,25988914.0,254812835.0,4511189459.0,0.005760989254874033,000876
2024-06-12,9.93,10.05,9.73,9.76,33723230.0,331755744.0,4511189459.0,0.007475463025105459,000876
2024-06-13,9.71,9.71,9.36,9.37,36612182.0,346761624.0,4511189459.0,0.00811585998166343,000876
2024-06-14,9.34,9.64,9.27,9.44,35297446.0,332792448.0,4511189459.0,0.007824421102416839,000876
2024-06-17,9.5,9.57,9.37,9.47,21526812.0,203677294.0,4511189459.0,0.004771870522319377,000876
2024-06-18,9.61,9.68,9.43,9.49,23127275.0,220546551.0,4511189459.0,0.005126646799074284,000876
2024-06-19,9.48,9.49,9.32,9.36,14956382.0,140196066.0,4511189459.0,0.003315396556923902,000876
2024-06-20,9.34,9.45,9.28,9.38,16137656.0,151316843.0,4511189459.0,0.0035772507775759105,000876
2024-06-21,9.39,9.76,9.38,9.61,43828444.0,421782259.0,4511189459.0,0.00971549618971567,000876
2024-06-24,9.61,9.61,9.24,9.25,28186082.0,263656808.0,4511189459.0,0.006248037741746284,000876
2024-06-25,9.26,9.34,9.14,9.2,16071000.0,148490677.0,4511189459.0,0.0035624750736056375,000876
2024-06-26,9.22,9.25,9.0,9.22,17977109.0,163631160.0,4511189459.0,0.003985004213054045,000876
2024-06-27,9.18,9.26,9.11,9.12,13271811.0,121701656.0,4511189459.0,0.002941975973436943,000876
2024-06-28,9.1,9.21,8.98,9.14,13678722.0,124933652.0,4511189572.0,0.0030321762767188806,000876
2024-07-01,9.17,9.47,9.15,9.41,24641770.0,230739205.0,4511189572.0,0.0054623663241612054,000876
2024-07-02,9.47,9.5,9.32,9.35,12926196.0,121316581.0,4511189572.0,0.002865363069694558,000876
2024-07-03,9.32,9.4,9.26,9.37,10974058.0,102372897.0,4511189572.0,0.0024326306453875623,000876
2024-07-04,9.37,9.43,9.08,9.14,15339100.0,140787866.0,4511189572.0,0.0034002339638321897,000876
2024-07-05,9.11,9.2,9.06,9.19,10430100.0,95283481.0,4511189572.0,0.0023120509199474628,000876
2024-07-08,9.38,9.4,9.23,9.27,18414839.0,171485100.0,4511189572.0,0.004082036169416823,000876
2024-07-09,9.25,9.3,8.99,9.14,21275065.0,194027279.0,4511189572.0,0.004716065388173849,000876
2024-07-10,9.07,9.33,8.94,9.27,19645080.0,180622588.0,4511189572.0,0.0043547449484129105,000876
2024-07-11,9.32,9.47,9.32,9.4,19449183.0,182983675.0,4511189572.0,0.004311320260340414,000876
2024-07-12,9.42,9.52,9.29,9.31,15938598.0,149620553.0,4511189572.0,0.003533125297798946,000876
2024-07-15,9.34,9.59,9.32,9.52,25842836.0,245308844.0,4511189572.0,0.005728607851108945,000876
2024-07-16,9.46,9.68,9.43,9.55,20010801.0,191250284.0,4511189572.0,0.004435814696017833,000876
2024-07-17,9.51,9.64,9.44,9.63,17968161.0,172229599.0,4511189572.0,0.003983020600935189,000876
2024-07-18,9.59,9.63,9.47,9.59,14505966.0,138549096.0,4511189572.0,0.003215552299117613,000876
2024-07-19,9.52,9.65,9.43,9.62,17014541.0,162465872.0,4511189572.0,0.003771630681540332,000876
2024-07-22,9.63,9.66,9.5,9.58,13110146.0,125179370.0,4511189572.0,0.0029061394540747976,000876
2024-07-23,9.55,9.63,9.28,9.3,13336438.0,125935489.0,4511189572.0,0.002956301832841708,000876
2024-07-24,9.27,9.33,9.08,9.11,13663183.0,125246422.0,4511189572.0,0.0030287317307178775,000876
2024-07-25,9.09,9.28,9.04,9.21,10516246.0,96584967.0,4511189572.0,0.002331146991754041,000876
2024-07-26,9.21,9.3,9.18,9.24,7765350.0,71622421.0,4511189572.0,0.0017213530657629388,000876
2024-07-29,9.24,9.27,9.11,9.13,8311539.0,76106100.0,4511189572.0,0.0018424273392517055,000876
2024-07-30,9.11,9.35,9.07,9.27,11698609.0,108023866.0,4511189572.0,0.002593242605589176,000876
2024-07-31,9.28,9.49,9.21,9.47,14832548.0,139273271.0,4511189572.0,0.0032879460646172997,000876
2024-08-01,9.47,9.68,9.47,9.56,19068480.0,183047142.0,4511189572.0,0.004226929437493389,000876
2024-08-02,9.53,9.78,9.5,9.69,21928280.0,212711209.0,4511189572.0,0.004860864224395312,000876
2024-08-05,9.61,9.88,9.61,9.73,28059284.0,274015726.0,4511189572.0,0.006219930143073136,000876
2024-08-06,9.79,9.85,9.67,9.76,22084710.0,215385571.0,4511189572.0,0.004895540222267565,000876
2024-08-07,9.76,9.76,9.46,9.58,19018825.0,182334637.0,4511189572.0,0.00421592236292747,000876
2024-08-08,9.58,9.72,9.54,9.69,15642844.0,151240071.0,4511189572.0,0.003467565206545924,000876
2024-08-09,9.71,9.75,9.6,9.6,10457229.0,100991850.0,4511189572.0,0.0023180646330860956,000876
2024-08-12,9.63,9.84,9.6,9.68,17159601.0,166993161.0,4511189572.0,0.0038037862798996555,000876
2024-08-13,9.69,9.86,9.63,9.74,18218747.0,177661636.0,4511189572.0,0.004038568255495161,000876
2024-08-14,9.73,9.73,9.57,9.59,11804170.0,113458333.0,4511189572.0,0.0026166424202755715,000876
2024-08-15,9.59,9.74,9.57,9.62,15132835.0,146171287.0,4511189572.0,0.0033545109906101727,000876
2024-08-16,9.59,9.63,9.45,9.46,14738600.0,139984438.0,4511189572.0,0.0032671205155020253,000876
2024-08-19,9.41,9.45,9.37,9.41,11630121.0,109352159.0,4511189572.0,0.0025780608006778748,000876
2024-08-20,9.39,9.42,9.24,9.25,11044471.0,102562023.0,4511189572.0,0.002448239167014992,000876
2024-08-21,9.23,9.3,9.08,9.09,12216329.0,112122466.0,4511189572.0,0.0027080061267706797,000876
2024-08-22,9.11,9.16,8.98,9.0,13621722.0,122982907.0,4511189572.0,0.00301954102850103,000876
2024-08-23,8.96,9.03,8.91,8.94,9922449.0,88864383.0,4511189572.0,0.002199519404280091,000876
2024-08-26,8.95,9.09,8.92,9.09,11970508.0,107940717.0,4511189572.0,0.0026535147346275164,000876
2024-08-27,9.05,9.09,8.84,8.9,13005960.0,116257019.0,4511189572.0,0.00288304443704278,000876
2024-08-28,8.85,8.9,8.7,8.89,10336570.0,91115732.0,4511189572.0,0.002291318029319119,000876
2024-08-29,8.88,9.02,8.81,8.96,9039659.0,80788507.0,4511189572.0,0.002003830443328574,000876
2024-08-30,8.97,9.1,8.88,9.01,16308922.0,147207013.0,4511189572.0,0.003615215397115216,000876
2024-09-02,9.09,9.26,8.91,8.91,21530607.0,195540690.0,4511189572.0,0.004772711644315709,000876
2024-09-03,8.91,9.03,8.87,8.94,12607651.0,112773489.0,4511189572.0,0.0027947508741935885,000876
2024-09-04,8.89,8.99,8.83,8.83,11345600.0,100779634.0,4511189572.0,0.0025149907400078553,000876
2024-09-05,8.81,8.91,8.81,8.85,10808238.0,95708539.0,4511189572.0,0.0023958731566246848,000876
2024-09-06,8.83,8.87,8.75,8.75,8237800.0,72420671.0,4511189572.0,0.0018260815398072126,000876
2024-09-09,8.7,8.81,8.65,8.72,10638481.0,92843765.0,4511189572.0,0.00235824294905069,000876
2024-09-10,8.76,8.79,8.57,8.66,10752800.0,93066522.0,4511189572.0,0.0023835841585422074,000876
2024-09-11,8.62,8.67,8.43,8.53,12498836.0,106969034.0,4511189572.0,0.0027706297420036687,000876
2024-09-12,8.51,8.59,8.42,8.42,8227960.0,69891883.0,4511189572.0,0.001823900296956973,000876
2024-09-13,8.42,8.51,8.39,8.42,9440394.0,79836406.0,4511189572.0,0.002092661780075599,000876
2024-09-18,8.43,8.46,8.16,8.27,15447412.0,127349797.0,4511189572.0,0.003424243595498363,000876
2024-09-19,8.34,8.55,8.33,8.43,17204637.0,145303956.0,4511189572.0,0.003813769456017886,000876
2024-09-20,8.44,8.45,8.18,8.28,20783961.0,171468312.0,4511189572.0,0.004607201862897018,000876
2024-09-23,8.2,8.33,8.17,8.24,9052176.0,74736303.0,4511189572.0,0.00200660509950301,000876
2024-09-24,8.3,8.59,8.28,8.59,23571794.0,199085890.0,4511189572.0,0.0052251836514043085,000876
2024-09-25,8.65,8.81,8.62,8.63,25542836.0,222559633.0,4511189572.0,0.005662106544699203,000876
2024-09-26,8.65,9.13,8.58,9.12,31041648.0,274728721.0,4511189572.0,0.006881033817037738,000876
2024-09-27,9.24,9.74,9.24,9.59,49153579.0,465677891.0,4511189572.0,0.01089592406071469,000876
2024-09-30,9.89,10.47,9.74,10.41,88056233.0,891089973.0,4511745054.0,0.01951711188156156,000876
2024-10-08,11.45,11.45,10.13,10.53,124288731.0,1337529525.0,4511745054.0,0.02754781786479906,000876
2024-10-09,10.4,10.4,9.63,9.65,77620786.0,774280478.0,4511745054.0,0.01720416049022614,000876
2024-10-10,9.91,10.27,9.8,9.83,62795684.0,629355339.0,4511745054.0,0.01391826959378543,000876
2024-10-11,9.8,9.91,9.51,9.63,32163827.0,311779880.0,4511745054.0,0.007128910568979149,000876
2024-10-14,9.66,9.74,9.52,9.67,34779894.0,334924367.0,4511745054.0,0.00770874541529447,000876
2024-10-15,9.65,9.71,9.41,9.44,33001433.0,316058118.0,4511745054.0,0.007314560686610995,000876
2024-10-16,9.39,9.7,9.3,9.44,34086436.0,322103057.0,4511745054.0,0.00755504479797231,000876
2024-10-17,9.49,9.53,9.17,9.19,34062901.0,317509092.0,4511745054.0,0.007549828412800206,000876
2024-10-18,9.16,9.46,9.04,9.35,51346006.0,472961040.0,4511745054.0,0.011380520261107821,000876
2024-10-21,9.42,9.43,9.25,9.35,39689728.0,370483956.0,4511745054.0,0.008796979333930246,000876
2024-10-22,9.33,9.56,9.28,9.53,42125474.0,398026549.0,4511745054.0,0.009336847161311257,000876
2024-10-23,9.67,9.7,9.51,9.63,47092835.0,452612743.0,4511745054.0,0.010437831578769876,000876
2024-10-24,9.56,9.69,9.47,9.52,23322340.0,223209625.0,4511745054.0,0.005169250416603881,000876
2024-10-25,9.53,9.73,9.53,9.69,31405370.0,303463232.0,4511745054.0,0.006960803330887854,000876
2024-10-28,9.7,9.97,9.6,9.97,37848052.0,372450494.0,4511745054.0,0.008388783396890935,000876
2024-10-29,9.99,10.02,9.75,9.82,30949604.0,304641921.0,4511745054.0,0.006859785654901058,000876
2024-10-30,9.87,9.97,9.78,9.96,31986437.0,316248083.0,4511745054.0,0.007089593187815793,000876
2024-10-31,9.97,9.99,9.75,9.81,39646374.0,389030438.0,4511745054.0,0.008787370191684594,000876
2024-11-01,9.73,9.92,9.73,9.77,31050556.0,305171101.0,4511745054.0,0.006882161032674343,000876
2024-11-04,9.8,9.96,9.7,9.95,33913754.0,335222957.0,4511745054.0,0.007516770915487105,000876
2024-11-05,9.97,10.09,9.75,10.05,36820956.0,368569295.0,4511745054.0,0.008161134008969648,000876
2024-11-06,10.05,10.2,9.98,10.15,38096691.0,385027013.0,4511745054.0,0.008443892672132356,000876
2024-11-07,10.15,10.43,10.1,10.42,51258912.0,530228275.0,4511745054.0,0.01136121642213696,000876
2024-11-08,10.5,10.55,10.24,10.28,44146443.0,456253986.0,4511745054.0,0.009784782267531024,000876
2024-11-11,10.2,10.25,10.08,10.2,34695331.0,352162141.0,4511745054.0,0.007690002556602791,000876
2024-11-12,10.19,10.45,10.13,10.22,46179317.0,474908602.0,4511745054.0,0.010235356042349639,000876
2024-11-13,10.12,10.18,10.02,10.13,25566062.0,258087410.0,4511745054.0,0.005666557328485077,000876
2024-11-14,10.13,10.13,9.9,9.92,24198124.0,241950232.0,4511745054.0,0.005363362448537855,000876
2024-11-15,9.89,9.95,9.73,9.74,24768400.0,244136436.0,4511745054.0,0.005489760547981531,000876
2024-11-18,9.74,9.92,9.65,9.69,26853481.0,263003832.0,4511745054.0,0.00595190567698243,000876
2024-11-19,9.77,9.84,9.65,9.81,18359615.0,179116917.0,4511745054.0,0.004069293539474893,000876
2024-11-20,9.81,9.84,9.73,9.83,19517154.0,191117603.0,4491903649.0,0.004344962742988702,000876
2024-11-21,9.8,9.88,9.7,9.8,21618988.0,211613810.0,4491903649.0,0.004812878834748131,000876
2024-11-22,9.77,9.79,9.43,9.45,26202540.0,251691052.0,4491903649.0,0.00583328184384215,000876
2024-11-25,9.44,9.62,9.37,9.47,20015555.0,189644667.0,4491903649.0,0.004455918150527542,000876
2024-11-26,9.5,9.55,9.39,9.4,14430150.0,136567796.0,4491903649.0,0.0032124798587815835,000876
2024-11-27,9.37,9.5,9.29,9.5,18455724.0,173133463.0,4491903649.0,0.004108664264005009,000876
2024-11-28,9.48,9.54,9.45,9.47,18851078.0,178932521.0,4491903649.0,0.004196679063718715,000876
2024-11-29,9.44,9.58,9.43,9.53,21126760.0,201200774.0,4491904025.0,0.004703297283828321,000876
2024-12-02,9.5,9.65,9.39,9.64,30190256.0,288669051.0,4491904025.0,0.006721037633924069,000876
2024-12-03,9.64,9.72,9.55,9.63,23870047.0,229748927.0,4499686825.0,0.005304824075173276,000876
2024-12-04,9.61,9.62,9.41,9.46,29886702.0,284327025.0,4499686825.0,0.006641951576263311,000876
2024-12-05,9.41,9.44,9.32,9.39,22737187.0,212889562.0,4499686825.0,0.005053059887117811,000876
2024-12-06,9.37,9.52,9.36,9.5,21222035.0,200807180.0,4499686825.0,0.004716336008562107,000876
2024-12-09,9.49,9.55,9.4,9.46,20537900.0,194529806.0,4499686825.0,0.004564295427382327,000876
2024-12-10,9.7,9.74,9.5,9.51,33156244.0,318783456.0,4499686825.0,0.007368567033551274,000876
2024-12-11,9.51,9.67,9.46,9.67,28026013.0,269701643.0,4499686825.0,0.006228436353456665,000876
2024-12-12,9.7,9.97,9.59,9.96,50358071.0,495094491.0,4499686825.0,0.011191461307976694,000876
2024-12-13,9.9,9.9,9.69,9.75,42185840.0,412283193.0,4499686825.0,0.009375283578763284,000876
2024-12-16,9.78,9.82,9.61,9.65,25215497.0,244551139.0,4499686825.0,0.005603833773476002,000876
2024-12-17,9.61,9.66,9.49,9.54,22288598.0,213274189.0,4499686825.0,0.004953366504567793,000876
2024-12-18,9.56,9.59,9.45,9.46,26087091.0,247631110.0,4499686825.0,0.005797534809547551,000876
2024-12-19,9.41,9.43,9.3,9.41,26382293.0,246862874.0,4499686825.0,0.005863139819736233,000876
2024-12-20,9.39,9.53,9.34,9.34,31125007.0,293293042.0,4499686919.0,0.006917149472905362,000876
2024-12-23,9.39,9.45,9.23,9.24,26564170.0,247463407.0,4499686919.0,0.0059035596205221225,000876
2024-12-24,9.24,9.32,9.22,9.3,16648393.0,154287748.0,4499686919.0,0.0036999003041082467,000876
2024-12-25,9.3,9.31,9.18,9.24,14920320.0,137601661.0,4499686919.0,0.0033158573626531013,000876
2024-12-26,9.22,9.27,9.12,9.15,17510795.0,160822298.0,4499686919.0,0.0038915585273411775,000876
2024-12-27,9.13,9.35,9.1,9.29,23121334.0,213994482.0,4499686919.0,0.005138431721187045,000876
2024-12-30,9.28,9.35,9.11,9.12,23617935.0,216564440.0,4499686919.0,0.005248795177342871,000876
2024-12-31,9.15,9.16,8.98,8.98,25083400.0,227222735.0,4499676119.0,0.005574490104762138,000876
