日期,开盘,最高,最低,收盘,成交量,成交额,outstanding_share,换手率,股票代码
2020-01-02,8.83,8.97,8.83,8.92,6381776.0,56843847.0,554838705.0,0.01150203823649974,001965
2020-01-03,8.93,8.96,8.83,8.87,3096511.0,27507130.0,554838705.0,0.005580921035420555,001965
2020-01-06,8.81,8.83,8.68,8.8,9542196.0,83650886.0,554838705.0,0.017198144098472725,001965
2020-01-07,8.8,8.85,8.72,8.82,3775429.0,33218624.0,554838705.0,0.006804552324805819,001965
2020-01-08,8.79,8.82,8.59,8.69,3794128.0,32987114.0,554838705.0,0.0068382540111364435,001965
2020-01-09,8.71,8.76,8.66,8.72,3328946.0,28999911.0,554838705.0,0.005999844585463806,001965
2020-01-10,8.74,8.74,8.61,8.7,3303642.0,28615664.0,554838705.0,0.005954238538567708,001965
2020-01-13,8.68,8.68,8.58,8.68,2627794.0,22688931.0,554838705.0,0.004736140388763974,001965
2020-01-14,8.69,8.75,8.67,8.74,2345333.0,20437989.0,554838705.0,0.004227053698425743,001965
2020-01-15,8.73,8.74,8.63,8.64,1839434.0,15948416.0,554838705.0,0.003315258981436776,001965
2020-01-16,8.62,8.64,8.5,8.52,3150019.0,26970017.0,554838705.0,0.00567735987344286,001965
2020-01-17,8.55,8.62,8.52,8.52,1671032.0,14317933.0,554838705.0,0.003011743746319933,001965
2020-01-20,8.52,8.57,8.45,8.56,1797735.0,15294816.0,554838705.0,0.003240103806384596,001965
2020-01-21,8.56,8.57,8.38,8.39,3969560.0,33461910.0,554838705.0,0.00715443959519731,001965
2020-01-22,8.35,8.41,8.25,8.4,1964871.0,16367804.0,554838705.0,0.0035413372972961576,001965
2020-01-23,8.38,8.39,8.16,8.26,4225261.0,35061883.0,554838705.0,0.007615296052570809,001965
2020-02-03,7.43,7.49,7.43,7.43,6055232.0,45008665.0,554838705.0,0.010913499626887061,001965
2020-02-04,7.4,7.5,7.21,7.42,5072537.0,37517472.0,554838705.0,0.009142363274746667,001965
2020-02-05,7.41,7.6,7.4,7.46,5318605.0,39778361.0,554838705.0,0.009585857929648221,001965
2020-02-06,7.45,7.47,7.35,7.47,11531201.0,85189408.0,554838705.0,0.02078297872171697,001965
2020-02-07,7.41,7.43,7.35,7.42,8789458.0,64894351.0,554838705.0,0.015841465133547235,001965
2020-02-10,7.41,7.5,7.36,7.49,6405556.0,47618771.0,554838705.0,0.011544897539186636,001965
2020-02-11,7.5,7.63,7.45,7.51,7507302.0,56494276.0,554838705.0,0.013530602555926592,001965
2020-02-12,7.49,7.52,7.43,7.51,6059763.0,45312069.0,554838705.0,0.010921665964165207,001965
2020-02-13,7.5,7.59,7.41,7.42,9404765.0,70368247.0,554838705.0,0.016950448689407854,001965
2020-02-14,7.39,7.44,7.34,7.44,7440615.0,54938995.0,554838705.0,0.013410410868866835,001965
2020-02-17,7.39,7.54,7.29,7.54,16728335.0,124024093.0,554838705.0,0.030149906358821886,001965
2020-02-18,7.48,7.54,7.45,7.5,13231867.0,99116531.0,554838705.0,0.023848132584766233,001965
2020-02-19,7.49,7.75,7.45,7.68,14876794.0,112989524.0,554838705.0,0.0268128266213872,001965
2020-02-20,7.65,7.83,7.6,7.74,10839948.0,83749397.0,554838705.0,0.019537115746097778,001965
2020-02-21,7.75,7.8,7.68,7.73,9248868.0,71556838.0,554838705.0,0.01666947153587636,001965
2020-02-24,7.71,7.73,7.58,7.64,9293082.0,71075464.0,554838705.0,0.01674915955980396,001965
2020-02-25,7.5,7.58,7.44,7.53,8713611.0,65364716.0,554838705.0,0.01570476414402272,001965
2020-02-26,7.45,7.7,7.44,7.62,6754145.0,51398430.0,554838705.0,0.01217316841657613,001965
2020-02-27,7.64,7.68,7.59,7.64,4333060.0,33118494.0,554838705.0,0.007809584949557548,001965
2020-02-28,7.54,7.57,7.4,7.4,6122706.0,45757592.0,554841961.0,0.011035044986440742,001965
2020-03-02,7.4,7.59,7.4,7.58,6146511.0,46292936.0,554841961.0,0.011077949095490274,001965
2020-03-03,7.66,7.74,7.54,7.58,8306949.0,63384331.0,554841961.0,0.0149717389525267,001965
2020-03-04,7.57,7.68,7.52,7.66,5648330.0,43005673.0,554841961.0,0.010180069996544475,001965
2020-03-05,7.68,7.78,7.63,7.77,9878172.0,76084138.0,554841961.0,0.017803577765092643,001965
2020-03-06,7.69,7.72,7.63,7.68,7846316.0,60208133.0,554841961.0,0.014141533177949387,001965
2020-03-09,7.59,7.63,7.51,7.52,6977921.0,52857606.0,554841961.0,0.012576411826213699,001965
2020-03-10,7.45,7.6,7.41,7.59,7746639.0,58131418.0,554841961.0,0.013961883823707414,001965
2020-03-11,7.61,7.66,7.5,7.5,7299566.0,55382620.0,554841961.0,0.013156117440800408,001965
2020-03-12,7.45,7.47,7.4,7.43,5699811.0,42327199.0,554841961.0,0.010272854976085703,001965
2020-03-13,7.2,7.32,7.1,7.29,6923627.0,50106625.0,554841961.0,0.012478556934521396,001965
2020-03-16,7.36,7.36,7.11,7.14,5542194.0,40012047.0,554841961.0,0.009988779489588748,001965
2020-03-17,7.13,7.23,6.84,6.99,5539525.0,38875745.0,554841961.0,0.009983969110800545,001965
2020-03-18,7.04,7.06,6.88,6.88,4429185.0,30799874.0,554841961.0,0.007982786651566896,001965
2020-03-19,6.81,6.9,6.66,6.75,5057596.0,34130002.0,554841961.0,0.009115381235558714,001965
2020-03-20,6.87,6.87,6.71,6.82,3473281.0,23546465.0,554841961.0,0.006259946514751792,001965
2020-03-23,6.65,7.02,6.6,6.8,5879693.0,40214486.0,554841961.0,0.010597059006501493,001965
2020-03-24,6.92,7.08,6.85,7.05,6654788.0,46415661.0,554841961.0,0.011994024366877328,001965
2020-03-25,7.15,7.16,7.03,7.07,3589722.0,25437792.0,554841961.0,0.006469809877987941,001965
2020-03-26,7.08,7.08,6.91,6.92,3674976.0,25611283.0,554841961.0,0.006623464442697405,001965
2020-03-27,6.95,7.2,6.94,7.07,5900985.0,41799932.0,554841961.0,0.01063543389790593,001965
2020-03-30,7.0,7.0,6.88,6.95,3220650.0,22352014.0,554841961.0,0.005804625868950817,001965
2020-03-31,6.98,7.04,6.9,6.93,2760739.0,19224618.0,554842885.0,0.004975713079568462,001965
2020-04-01,6.95,6.95,6.87,6.87,2134913.0,14758317.0,554842885.0,0.0038477793582952767,001965
2020-04-02,6.83,6.91,6.78,6.91,3009771.0,20596641.0,554842885.0,0.00542454644615295,001965
2020-04-03,6.9,6.95,6.86,6.94,2338758.0,16184522.0,554842885.0,0.004215171651701003,001965
2020-04-07,6.97,7.04,6.95,7.01,3588029.0,25095119.0,554842885.0,0.0064667477893313886,001965
2020-04-08,7.01,7.03,6.96,7.0,2217326.0,15522719.0,554842885.0,0.003996313298673732,001965
2020-04-09,7.0,7.04,7.0,7.04,2241378.0,15752524.0,554842885.0,0.004039662507342056,001965
2020-04-10,7.03,7.04,6.92,6.95,2613846.0,18217364.0,554842885.0,0.004710966060238837,001965
2020-04-13,6.93,6.93,6.87,6.9,2117431.0,14597847.0,554842885.0,0.003816271339588323,001965
2020-04-14,6.9,6.95,6.87,6.94,2216006.0,15328053.0,554842885.0,0.003993934246809347,001965
2020-04-15,6.92,6.94,6.89,6.91,1740135.0,12033542.0,554842885.0,0.0031362662242663524,001965
2020-04-16,6.88,6.9,6.84,6.9,1930235.0,13268806.0,554842885.0,0.0034788857389781614,001965
2020-04-17,6.9,7.03,6.9,6.98,3455315.0,24053906.0,554842885.0,0.006227555752111699,001965
2020-04-20,7.0,7.24,7.0,7.16,5728171.0,40940921.0,554842885.0,0.010323951437171264,001965
2020-04-21,7.21,7.22,6.95,7.0,6107162.0,42922722.0,554842885.0,0.011007011471364547,001965
2020-04-22,7.0,7.02,6.95,6.99,2350925.0,16430888.0,554842885.0,0.00423710038202977,001965
2020-04-23,6.99,7.04,6.99,7.0,2203235.0,15451105.0,554842885.0,0.003970916920021422,001965
2020-04-24,7.01,7.04,6.92,6.93,2268478.0,15812073.0,554842885.0,0.004088505163042687,001965
2020-04-27,6.94,7.08,6.93,7.07,3903780.0,27463494.0,554842885.0,0.007035829611476409,001965
2020-04-28,7.05,7.08,6.8,7.03,3050395.0,21336997.0,554842885.0,0.005497763569591417,001965
2020-04-29,7.29,7.29,7.11,7.14,8981372.0,64640186.0,554842885.0,0.016187234697981213,001965
2020-04-30,7.14,7.2,7.1,7.2,5370609.0,38443558.0,554842885.0,0.009679513147221848,001965
2020-05-06,7.27,7.28,7.11,7.17,4234396.0,30295473.0,554842885.0,0.007631702801776038,001965
2020-05-07,7.13,7.17,7.06,7.12,3667321.0,26044307.0,554842885.0,0.006609656713900188,001965
2020-05-08,7.12,7.14,7.09,7.13,2624585.0,18671242.0,554842885.0,0.004730321089005223,001965
2020-05-11,7.13,7.17,7.06,7.1,2878194.0,20428904.0,554842885.0,0.005187403637698265,001965
2020-05-12,7.08,7.09,7.03,7.05,1593973.0,11237818.0,554842885.0,0.0028728366950222313,001965
2020-05-13,7.05,7.06,6.99,7.05,2449877.0,17187635.0,554842885.0,0.004415442760881758,001965
2020-05-14,7.01,7.01,6.9,6.9,2406525.0,16741976.0,554842885.0,0.0043373089302568965,001965
2020-05-15,6.93,6.94,6.86,6.87,2345485.0,16166608.0,554842885.0,0.004227295804649275,001965
2020-05-18,6.87,6.9,6.85,6.88,1862441.0,12802298.0,554842885.0,0.00335669979799777,001965
2020-05-19,6.89,6.96,6.88,6.92,1667315.0,11505559.0,554842885.0,0.0030050218630811136,001965
2020-05-20,6.92,6.92,6.82,6.84,1767658.0,12122958.0,554842885.0,0.003185871257950798,001965
2020-05-21,6.88,6.88,6.74,6.74,2473600.0,16799702.0,554842885.0,0.004458199008896005,001965
2020-05-22,6.75,6.76,6.65,6.7,2835995.0,19008711.0,554842885.0,0.005111347872830702,001965
2020-05-25,6.73,6.73,6.65,6.67,1709504.0,11416791.0,554842885.0,0.0030810596048284913,001965
2020-05-26,6.68,6.73,6.67,6.71,1566984.0,10492726.0,554843435.0,0.002824191296414997,001965
2020-05-27,6.73,6.73,6.67,6.71,2064453.0,13825844.0,554843435.0,0.00372078476516533,001965
2020-05-28,6.71,6.84,6.68,6.79,2988152.0,20224395.0,554843435.0,0.005385576924056063,001965
2020-05-29,6.76,6.81,6.74,6.77,1183885.0,8012913.0,554843435.0,0.0021337280488864393,001965
2020-06-01,6.77,6.86,6.77,6.83,2419499.0,16511458.0,554843435.0,0.00436068780375855,001965
2020-06-02,6.85,6.85,6.81,6.84,1822698.0,12449388.0,554843435.0,0.0032850672550536713,001965
2020-06-03,6.84,6.88,6.84,6.86,2483758.0,17039226.0,554843435.0,0.00447650245694986,001965
2020-06-04,6.84,7.1,6.82,6.93,3936774.0,27232529.0,554843435.0,0.007095288060856303,001965
2020-06-05,6.93,6.93,6.85,6.88,1938752.0,13330688.0,554843435.0,0.0034942325667059572,001965
2020-06-08,6.94,6.94,6.85,6.86,1718200.0,11827414.0,554843435.0,0.003096729440441158,001965
2020-06-09,6.86,6.92,6.83,6.85,2276813.0,15620885.0,554843435.0,0.00410352336601045,001965
2020-06-10,6.85,6.89,6.78,6.79,2018138.0,13770207.0,554843435.0,0.0036373107667751355,001965
2020-06-11,6.82,6.82,6.68,6.73,2922049.0,19720289.0,554843435.0,0.0052664388107971395,001965
2020-06-12,6.68,6.73,6.66,6.71,3664043.0,24524958.0,554843435.0,0.0066037421890014795,001965
2020-06-15,6.69,6.69,6.63,6.64,4211269.0,28021143.0,554843435.0,0.007590013207960188,001965
2020-06-16,6.65,6.68,6.64,6.67,3206987.0,21344231.0,554843435.0,0.005779985483652699,001965
2020-06-17,6.68,6.68,6.63,6.65,3093411.0,20555863.0,554843435.0,0.005575286296755048,001965
2020-06-18,6.66,6.72,6.63,6.71,2827971.0,18875691.0,554843435.0,0.005096881068800968,001965
2020-06-19,6.71,6.77,6.69,6.77,3115340.0,20999857.0,554843435.0,0.005614809157830263,001965
2020-06-22,6.77,6.78,6.69,6.72,2227110.0,15003141.0,554843435.0,0.0040139431405545965,001965
2020-06-23,6.73,6.74,6.66,6.67,2054937.0,13733256.0,554843435.0,0.0037036339809986218,001965
2020-06-24,6.7,6.75,6.67,6.73,2435151.0,16324957.0,554843435.0,0.004388897563508163,001965
2020-06-29,6.73,6.73,6.59,6.68,5579988.0,37055452.0,554843435.0,0.010056869466248619,001965
2020-06-30,6.69,6.74,6.66,6.73,2778158.0,18653769.0,554843655.0,0.005007100603862903,001965
2020-07-01,6.73,6.95,6.71,6.87,6796409.0,46364065.0,554843655.0,0.012249232623918175,001965
2020-07-02,6.87,6.97,6.85,6.95,5621328.0,38835782.0,554843655.0,0.010131372954062167,001965
2020-07-03,7.01,7.65,6.98,7.65,33400414.0,250313167.0,554843655.0,0.06019788403275514,001965
2020-07-06,7.98,8.16,7.71,8.08,47356034.0,375591600.0,554843655.0,0.08535023077807387,001965
2020-07-07,7.83,7.91,7.5,7.73,30900792.0,238721042.0,554843655.0,0.055692791512592855,001965
2020-07-08,7.6,7.89,7.55,7.79,23228681.0,179484180.0,554843655.0,0.04186527283978763,001965
2020-07-09,7.65,7.78,7.55,7.71,24700881.0,189111540.0,554843655.0,0.04451863291110358,001965
2020-07-10,7.63,7.72,7.47,7.5,15027951.0,114161216.0,554843655.0,0.02708501911227587,001965
2020-07-13,7.45,7.63,7.44,7.57,13358755.0,100801730.0,554843655.0,0.024076611275297,001965
2020-07-14,7.53,7.62,7.45,7.54,10041111.0,75524495.0,554843655.0,0.018097189919203456,001965
2020-07-15,7.56,7.58,7.27,7.28,10777806.0,79920620.0,554843655.0,0.0194249423290242,001965
2020-07-16,7.33,7.4,7.18,7.19,8635765.0,62883334.0,554843655.0,0.015564321448354672,001965
2020-07-17,7.19,7.24,7.08,7.13,6099168.0,43607620.0,554843655.0,0.010992588533791559,001965
2020-07-20,7.17,7.32,7.15,7.32,6047854.0,43823273.0,554843655.0,0.010900104823222678,001965
2020-07-21,7.33,7.36,7.23,7.26,3912831.0,28467492.0,554843655.0,0.007052132550745309,001965
2020-07-22,7.24,7.35,7.22,7.25,5267009.0,38359038.0,554843655.0,0.009492780448214732,001965
2020-07-23,7.23,7.23,7.07,7.14,5624968.0,40176870.0,554843655.0,0.010137933360705008,001965
2020-07-24,7.13,7.17,7.01,7.04,5122379.0,36307874.0,554843655.0,0.009232112422732851,001965
2020-07-27,7.06,7.12,6.99,7.02,3519919.0,24728011.0,554843655.0,0.006343983513698107,001965
2020-07-28,7.05,7.17,7.05,7.09,2863327.0,20314113.0,554843655.0,0.005160601503138754,001965
2020-07-29,7.09,7.16,7.05,7.15,2788702.0,19871378.0,554843655.0,0.005026104155412933,001965
2020-07-30,7.13,7.19,7.12,7.14,3317015.0,23714408.0,554843655.0,0.005978287703407188,001965
2020-07-31,7.14,7.19,7.12,7.16,3366860.0,24099528.0,554843655.0,0.006068123821295208,001965
2020-08-03,7.19,7.25,7.18,7.25,4054658.0,29277473.0,554843655.0,0.007307748702650299,001965
2020-08-04,7.28,7.33,7.2,7.29,5328870.0,38716718.0,554843655.0,0.009604273117262195,001965
2020-08-05,7.28,7.29,7.18,7.25,3405253.0,24582421.0,554843655.0,0.006137319890591522,001965
2020-08-06,7.22,7.26,7.15,7.18,4379034.0,31449815.0,554843655.0,0.007892374654622301,001965
2020-08-07,7.18,7.18,7.06,7.15,3995386.0,28424905.0,554843655.0,0.0072009222129430315,001965
2020-08-10,7.16,7.23,7.14,7.2,4120707.0,29589247.0,554843655.0,0.007426789443956063,001965
2020-08-11,7.23,7.34,7.15,7.16,5982634.0,43426574.0,554843655.0,0.010782558196506725,001965
2020-08-12,7.17,7.22,7.1,7.22,4084054.0,29216688.0,554843655.0,0.007360729393219789,001965
2020-08-13,7.2,7.34,7.2,7.3,5517802.0,40242495.0,554845030.0,0.009944762414110476,001965
2020-08-14,7.29,7.31,7.23,7.3,3258134.0,23691777.0,554845030.0,0.00587215136449902,001965
2020-08-17,7.3,7.44,7.3,7.39,5650217.0,41684741.0,554845030.0,0.010183414637416866,001965
2020-08-18,7.41,7.44,7.35,7.38,3649561.0,26948704.0,554845030.0,0.006577622223632426,001965
2020-08-19,7.38,7.49,7.35,7.43,5208548.0,38764002.0,554845030.0,0.00938739236791938,001965
2020-08-20,7.44,7.48,7.37,7.41,3628842.0,26888172.0,554845030.0,0.006540280265284164,001965
2020-08-21,7.41,7.45,7.32,7.34,3835308.0,28226442.0,554845030.0,0.006912394979909976,001965
2020-08-24,7.1,7.1,7.03,7.04,2847031.0,20087152.0,554845030.0,0.005131218351185375,001965
2020-08-25,7.08,7.12,7.06,7.07,2193067.0,15539358.0,554845030.0,0.003952575730920758,001965
2020-08-26,7.07,7.1,7.0,7.03,2903647.0,20472766.0,554845030.0,0.005233257653943481,001965
2020-08-27,7.03,7.08,6.98,7.05,2323752.0,16322458.0,554845030.0,0.004188109966489202,001965
2020-08-28,7.04,7.13,7.01,7.11,3498364.0,24711701.0,554845030.0,0.0063051191068612435,001965
2020-08-31,7.1,7.15,7.06,7.06,3269891.0,23226526.0,554845030.0,0.005893341064981694,001965
2020-09-01,7.06,7.1,7.04,7.08,2452373.0,17324869.0,554845030.0,0.00441992424443272,001965
2020-09-02,7.07,7.1,7.01,7.05,2130077.0,15010043.0,554845030.0,0.0038390485357686272,001965
2020-09-03,7.04,7.07,7.01,7.02,2564581.0,18050764.0,554845030.0,0.0046221572895768755,001965
2020-09-04,6.98,7.0,6.92,6.97,2566462.0,17845594.0,554845030.0,0.004625547425377497,001965
2020-09-07,6.99,7.09,6.94,6.96,3066800.0,21505368.0,554845030.0,0.005527309129902452,001965
2020-09-08,6.98,7.09,6.96,7.06,2448635.0,17197745.0,554845030.0,0.004413187228152697,001965
2020-09-09,7.0,7.13,7.0,7.06,3578771.0,25322728.0,554845030.0,0.0064500370490837775,001965
2020-09-10,7.07,7.19,7.06,7.09,5987711.0,42666862.0,554845030.0,0.010791681778243557,001965
2020-09-11,7.1,7.11,6.95,7.05,2908869.0,20420165.0,554845030.0,0.005242669290918944,001965
2020-09-14,7.07,7.09,6.97,7.01,2724343.0,19094980.0,554845030.0,0.004910097149108464,001965
2020-09-15,7.0,7.02,6.92,6.94,2255102.0,15667118.0,554845030.0,0.004064381724749341,001965
2020-09-16,6.98,6.98,6.91,6.95,1545041.0,10724075.0,554845030.0,0.0027846351980480026,001965
2020-09-17,6.93,6.97,6.91,6.94,1606467.0,11140619.0,554845030.0,0.002895343588100627,001965
2020-09-18,6.96,7.03,6.94,6.99,2513764.0,17571922.0,554845030.0,0.004530569553808565,001965
2020-09-21,7.02,7.07,6.98,7.0,1423470.0,9970824.0,554845030.0,0.0025655271707128746,001965
2020-09-22,6.95,6.97,6.89,6.9,2507222.0,17361001.0,554845030.0,0.004518778874165999,001965
2020-09-23,6.91,6.92,6.88,6.91,1355044.0,9347064.0,554845030.0,0.0024422026453044016,001965
2020-09-24,6.89,6.89,6.77,6.8,2297360.0,15680865.0,554845030.0,0.00414054353158755,001965
2020-09-25,6.81,6.82,6.69,6.71,2406515.0,16207099.0,554845030.0,0.0043372741394115035,001965
2020-09-28,6.71,6.73,6.62,6.65,1788678.0,11908787.0,554845030.0,0.0032237433937184227,001965
2020-09-29,6.67,6.69,6.63,6.65,1267489.0,8443156.0,554845030.0,0.0022844018265784955,001965
2020-09-30,6.66,6.71,6.64,6.65,1195657.0,7983107.0,554849121.0,0.002154922761425804,001965
2020-10-09,6.69,6.73,6.68,6.72,1480547.0,9923336.0,554849121.0,0.0026683776615372885,001965
2020-10-12,6.72,6.85,6.71,6.83,2320473.0,15742131.0,554849121.0,0.004182169372130987,001965
2020-10-13,6.84,6.87,6.79,6.85,1565006.0,10689854.0,554849121.0,0.002820597421474513,001965
2020-10-14,6.81,6.85,6.7,6.74,2052161.0,13864100.0,554849121.0,0.0036985928648519927,001965
2020-10-15,6.78,6.93,6.78,6.86,3498853.0,24019332.0,554849121.0,0.0063059539387825755,001965
2020-10-16,6.85,6.93,6.83,6.87,2035559.0,13985078.0,554849121.0,0.0036686712170172116,001965
2020-10-19,6.88,6.92,6.83,6.86,1630165.0,11205137.0,554849121.0,0.002938032950402746,001965
2020-10-20,6.88,6.9,6.83,6.88,1453444.0,9987316.0,554849121.0,0.002619530147908444,001965
2020-10-21,6.88,6.9,6.83,6.87,1318606.0,9046414.0,554849121.0,0.0023765127312871783,001965
2020-10-22,6.88,6.89,6.82,6.86,1100558.0,7549801.0,554849121.0,0.001983526617139581,001965
2020-10-23,6.87,6.92,6.86,6.87,1187126.0,8179548.0,554849121.0,0.0021395474104031246,001965
2020-10-26,6.87,6.9,6.83,6.9,1044834.0,7168324.0,554849121.0,0.0018830957109869874,001965
2020-10-27,6.89,6.93,6.85,6.91,1588451.0,10934333.0,554849121.0,0.002862852151837508,001965
2020-10-28,6.9,6.95,6.87,6.92,1543987.0,10668188.0,554849121.0,0.00278271505092643,001965
2020-10-29,6.89,6.9,6.85,6.88,1122181.0,7721429.0,554849121.0,0.0020224975719119864,001965
2020-10-30,6.9,6.97,6.84,6.85,3464999.0,23937764.0,554849121.0,0.006244939153467632,001965
2020-11-02,6.85,6.9,6.77,6.89,3134701.0,21450954.0,554849121.0,0.005649645789021625,001965
2020-11-03,6.89,6.98,6.89,6.96,2643179.0,18361226.0,554849121.0,0.00476377973751895,001965
2020-11-04,6.96,6.98,6.9,6.93,1758810.0,12198111.0,554849121.0,0.003169888774141178,001965
2020-11-05,6.97,6.99,6.91,6.99,2289555.0,15948199.0,554849121.0,0.0041264461154296396,001965
2020-11-06,6.99,7.04,6.94,7.03,2679385.0,18764722.0,554849121.0,0.004829033513058408,001965
2020-11-09,7.03,7.11,7.02,7.07,4081388.0,28871163.0,554849121.0,0.007355851970431436,001965
2020-11-10,7.1,7.15,7.03,7.07,3591002.0,25481986.0,554849121.0,0.006472033322370533,001965
2020-11-11,7.08,7.16,7.06,7.15,3445361.0,24553524.0,554849121.0,0.006209545747843043,001965
2020-11-12,7.12,7.18,7.11,7.14,3169951.0,22683542.0,554849121.0,0.005713176573636493,001965
2020-11-13,7.13,7.14,7.01,7.05,3350947.0,23658286.0,554849121.0,0.0060393841734138745,001965
2020-11-16,7.07,7.17,7.07,7.13,3137855.0,22373964.0,554849121.0,0.005655330217239364,001965
2020-11-17,7.13,7.25,7.1,7.18,4606192.0,33107545.0,554849121.0,0.008301701896361119,001965
2020-11-18,7.17,7.38,7.14,7.28,8975940.0,65428644.0,554849121.0,0.01617726271931861,001965
2020-11-19,7.29,7.35,7.22,7.25,3165487.0,22991438.0,554849121.0,0.005705131143210372,001965
2020-11-20,7.25,7.26,7.16,7.2,3999176.0,28771024.0,554849121.0,0.007207681960083703,001965
2020-11-23,7.2,7.3,7.19,7.23,3054337.0,22110760.0,554849121.0,0.005504806413850298,001965
2020-11-24,7.23,7.24,7.15,7.17,2552812.0,18353087.0,554849121.0,0.004600912037851097,001965
2020-11-25,7.18,7.21,7.1,7.11,2481478.0,17743730.0,554849121.0,0.004472347357291749,001965
2020-11-26,7.1,7.13,7.07,7.12,2706175.0,19236649.0,554849121.0,0.004877316909365708,001965
2020-11-27,7.1,7.19,7.03,7.18,4000220.0,28463270.0,554849121.0,0.007209563552683361,001965
2020-11-30,7.16,7.31,7.14,7.15,7665044.0,55234783.0,554849049.0,0.013814647450175228,001965
2020-12-01,7.13,7.2,7.13,7.19,3366289.0,24133910.0,554849049.0,0.006067035720917312,001965
2020-12-02,7.22,7.53,7.22,7.42,13554798.0,100535332.0,554849049.0,0.024429703942774533,001965
2020-12-03,7.42,7.49,7.33,7.41,7994814.0,59296264.0,554849049.0,0.014408989281695607,001965
2020-12-04,7.44,7.52,7.39,7.44,3786920.0,28181066.0,554849049.0,0.0068251356054860966,001965
2020-12-07,7.41,7.5,7.34,7.42,5233349.0,38874796.0,554849049.0,0.009432023014966004,001965
2020-12-08,7.41,7.75,7.39,7.54,10910634.0,82779430.0,554849049.0,0.019664148329467532,001965
2020-12-09,7.58,7.63,7.42,7.43,6979951.0,52663355.0,554849049.0,0.012579909819760725,001965
2020-12-10,7.4,7.59,7.4,7.53,5680377.0,42802085.0,554849049.0,0.010237698001353157,001965
2020-12-11,7.61,7.65,7.33,7.41,7692906.0,57722124.0,554849049.0,0.013864862909767734,001965
2020-12-14,7.45,7.46,7.22,7.4,7516840.0,55165010.0,554849049.0,0.013547540567200287,001965
2020-12-15,7.36,7.38,7.25,7.28,4736020.0,34556388.0,554849049.0,0.008535690938888138,001965
2020-12-16,7.27,7.37,7.25,7.28,2819312.0,20566804.0,554849049.0,0.005081223451822119,001965
2020-12-17,7.28,7.33,7.14,7.29,4206492.0,30462889.0,554849049.0,0.007581326862831119,001965
2020-12-18,7.25,7.34,7.13,7.16,5076248.0,36668283.0,554849049.0,0.009148881140102667,001965
2020-12-21,7.13,7.21,6.94,6.97,8097185.0,56922406.0,554849049.0,0.014593491715617954,001965
2020-12-22,6.99,6.99,6.82,6.85,4688996.0,32404561.0,554849049.0,0.00845093996006831,001965
2020-12-23,6.83,6.9,6.8,6.85,3534785.0,24177510.0,554849049.0,0.006370714713075051,001965
2020-12-24,6.85,6.93,6.8,6.88,4989723.0,34217937.0,554849049.0,0.008992937825148909,001965
2020-12-25,6.86,7.01,6.81,6.96,3445551.0,23902575.0,1932801802.0,0.0017826716616440737,001965
2020-12-28,6.98,6.98,6.68,6.73,8252836.0,56140776.0,1932801802.0,0.004269882194573823,001965
2020-12-29,6.73,6.92,6.73,6.88,5171496.0,35366376.0,1932801802.0,0.002675647339861079,001965
2020-12-30,6.89,6.96,6.84,6.87,3367501.0,23248795.0,1932801802.0,0.001742289869822876,001965
2020-12-31,6.88,6.93,6.83,6.89,3398678.0,23402492.0,1932801802.0,0.0017584203390555407,001965
2021-01-04,6.92,6.93,6.81,6.83,4832896.0,33134232.0,1932801802.0,0.0025004612449135125,001965
2021-01-05,6.85,6.91,6.74,6.88,4984862.0,33991508.0,1932801802.0,0.002579085964655987,001965
2021-01-06,6.89,7.11,6.82,7.03,8943711.0,62257348.0,1932801802.0,0.00462732960552155,001965
2021-01-07,7.02,7.03,6.86,6.9,4123470.0,28608169.0,1932801802.0,0.0021334158503645683,001965
2021-01-08,6.98,7.03,6.88,7.01,4759975.0,33150578.0,1932801802.0,0.0024627331136977074,001965
2021-01-11,7.01,7.31,6.97,7.22,11952013.0,86118748.0,1932801802.0,0.006183775795134528,001965
2021-01-12,7.22,7.37,7.15,7.24,4580370.0,33163122.0,1932801802.0,0.0023698084279828295,001965
2021-01-13,7.3,7.3,6.99,7.13,7102686.0,50273485.0,1932801802.0,0.0036748134199018094,001965
2021-01-14,7.12,7.25,7.08,7.17,4721058.0,33867977.0,1932801802.0,0.002442598095218456,001965
2021-01-15,7.1,7.34,7.1,7.27,5592662.0,40479682.0,1932801802.0,0.002893551731073976,001965
2021-01-18,7.25,7.38,7.18,7.21,5323816.0,38603651.0,1932801802.0,0.0027544552134063046,001965
2021-01-19,7.22,7.32,7.12,7.3,6115154.0,44072430.0,1932801802.0,0.003163880535330751,001965
2021-01-20,7.3,7.31,7.13,7.14,3615654.0,26036437.0,1932801802.0,0.0018706801681675999,001965
2021-01-21,7.16,7.19,7.08,7.09,4130622.0,29423653.0,1932801802.0,0.002137116178040484,001965
2021-01-22,7.08,7.13,6.99,7.0,4416727.0,31084149.0,1932801802.0,0.0022851422196676946,001965
2021-01-25,6.92,6.95,6.72,6.75,9524025.0,64805445.0,1932801802.0,0.004927574565661544,001965
2021-01-26,6.72,6.83,6.71,6.77,4513217.0,30637355.0,1932801802.0,0.002335064565507892,001965
2021-01-27,6.77,6.84,6.72,6.73,3934451.0,26607800.0,1932801802.0,0.002035620515217214,001965
2021-01-28,6.74,6.76,6.63,6.64,4616708.0,30898361.0,1932801802.0,0.002388609114096842,001965
2021-01-29,6.65,6.69,6.61,6.65,3389259.0,22533903.0,1932801802.0,0.0017535471027049466,001965
2021-02-01,6.63,6.63,6.5,6.61,4735692.0,31051259.0,1932801802.0,0.002450169487166072,001965
2021-02-02,6.59,6.72,6.58,6.66,2531143.0,16812746.0,1932801802.0,0.0013095719371644088,001965
2021-02-03,6.65,6.65,6.5,6.53,4679973.0,30642186.0,1932801802.0,0.002421341389043262,001965
2021-02-04,6.54,6.56,6.42,6.45,3781056.0,24402613.0,1932801802.0,0.0019562564542766293,001965
2021-02-05,6.45,6.52,6.43,6.47,2702753.0,17536088.0,1932801802.0,0.001398360140808685,001965
2021-02-08,6.51,6.55,6.45,6.49,2486386.0,16172919.0,1932801802.0,0.001286415398323392,001965
2021-02-09,6.5,6.62,6.46,6.6,3344629.0,21949804.0,1932801802.0,0.0017304562715841259,001965
2021-02-10,6.63,6.72,6.58,6.7,4451462.0,29647403.0,1932801802.0,0.0023031135398330926,001965
2021-02-18,6.72,6.83,6.71,6.81,4541941.0,30748225.0,1932801802.0,0.00234992589271189,001965
2021-02-19,6.76,6.93,6.72,6.9,4867238.0,33455123.0,1932801802.0,0.0025182292333148395,001965
2021-02-22,6.91,7.07,6.9,7.02,5780742.0,40359789.0,1932801802.0,0.002990861242998779,001965
2021-02-23,6.97,7.08,6.88,7.0,3723483.0,26050932.0,1932801802.0,0.0019264691269156836,001965
2021-02-24,7.01,7.12,6.92,6.96,5435763.0,38164962.0,1932801802.0,0.002812374757916332,001965
2021-02-25,6.99,7.07,6.93,6.98,4193840.0,29283638.0,1932801802.0,0.0021698241359565953,001965
2021-02-26,6.96,7.2,6.96,7.14,9929549.0,70593724.0,1932801802.0,0.005137386042234246,001965
2021-03-01,7.1,7.21,7.08,7.08,4844147.0,34508078.0,1932801802.0,0.002506282328062523,001965
2021-03-02,7.1,7.12,7.02,7.06,4177582.0,29516192.0,1932801802.0,0.0021614125130042694,001965
2021-03-03,7.08,7.1,6.98,7.06,6825075.0,48252382.0,1932801802.0,0.003531182034773372,001965
2021-03-04,7.06,7.14,7.02,7.08,6556681.0,46335734.0,1932801802.0,0.003392319374503563,001965
2021-03-05,7.1,7.31,7.02,7.25,10062781.0,72244771.0,1932801802.0,0.005206318097172387,001965
2021-03-08,7.25,7.26,6.99,7.03,7877688.0,56197880.0,1932801802.0,0.00407578676295129,001965
2021-03-09,7.05,7.16,6.99,7.07,5759832.0,40763417.0,1932801802.0,0.0029800427514295124,001965
2021-03-10,7.06,7.12,6.95,6.95,4451541.0,31303049.0,1932801802.0,0.002303154413139356,001965
2021-03-11,6.97,7.23,6.89,7.19,6926561.0,48956278.0,1932801802.0,0.0035836892291970244,001965
2021-03-12,7.16,7.42,7.13,7.42,8677144.0,63490375.0,1932801802.0,0.00448941220513204,001965
2021-03-15,7.4,7.65,7.39,7.5,8346457.0,62861785.0,1932801802.0,0.0043183201667979405,001965
2021-03-16,7.5,7.58,7.41,7.48,5377410.0,40323621.0,1932801802.0,0.0027821838713289857,001965
2021-03-17,7.45,7.52,7.31,7.48,4368016.0,32334105.0,1932801802.0,0.0022599399459790033,001965
2021-03-18,7.48,7.48,7.33,7.39,4448221.0,32885313.0,1932801802.0,0.0023014366995090375,001965
2021-03-19,7.36,7.65,7.36,7.59,7776623.0,58568525.0,1932801802.0,0.0040234973870331685,001965
2021-03-22,7.54,7.61,7.42,7.5,3751523.0,28140864.0,1932801802.0,0.0019409765637211467,001965
2021-03-23,7.51,7.62,7.48,7.56,4250594.0,32027392.0,1932801802.0,0.002199187726129821,001965
2021-03-24,7.48,7.67,7.37,7.61,6940089.0,52434249.0,1932801802.0,0.00359068839485695,001965
2021-03-25,7.59,7.6,7.44,7.54,5442480.0,40814513.0,1932801802.0,0.0028158500237159857,001965
2021-03-26,7.52,7.59,7.5,7.53,3013928.0,22713480.0,1932801802.0,0.0015593569898792964,001965
2021-03-29,7.45,7.75,7.43,7.74,6000662.0,46034368.0,1932801802.0,0.003104644249498687,001965
2021-03-30,7.73,7.8,7.66,7.74,4078508.0,31536381.0,1932801802.0,0.0021101532478807155,001965
2021-03-31,7.76,7.9,7.6,7.86,6152019.0,47964050.0,1932802778.0,0.0031829522753303906,001965
2021-04-01,7.83,8.0,7.71,7.81,5105282.0,40125982.0,1932802778.0,0.0026413879667964756,001965
2021-04-02,7.82,7.85,7.59,7.6,4289699.0,32894033.0,1932802778.0,0.002219418891998302,001965
2021-04-06,7.55,7.73,7.54,7.64,5075053.0,38794588.0,1932802778.0,0.0026257479851366397,001965
2021-04-07,7.64,7.74,7.6,7.64,3957408.0,30300047.0,1932802778.0,0.002047497057146717,001965
2021-04-08,7.65,7.86,7.6,7.64,4661697.0,35882061.0,1932802778.0,0.0024118844680178744,001965
2021-04-09,7.7,7.7,7.56,7.65,2998602.0,22884587.0,1932802778.0,0.0015514267850457323,001965
2021-04-12,7.69,7.77,7.48,7.52,4834784.0,36747284.0,1932802778.0,0.002501436802053272,001965
2021-04-13,7.51,7.59,7.39,7.4,3991009.0,29937739.0,1932802778.0,0.002064881655504326,001965
2021-04-14,7.39,7.69,7.35,7.6,5623954.0,42438453.0,1932802778.0,0.0029097402301022563,001965
2021-04-15,7.65,7.74,7.6,7.69,9757557.0,74960892.0,1932802778.0,0.005048397648774489,001965
2021-04-16,7.69,8.12,7.69,8.06,10851176.0,86792643.0,1932802778.0,0.005614217924101101,001965
2021-04-19,8.05,8.1,7.91,8.03,7013364.0,56237275.0,1932802778.0,0.003628597847555453,001965
2021-04-20,8.02,8.02,7.88,7.94,3314718.0,26299512.0,1932802778.0,0.0017149799440116492,001965
2021-04-21,8.04,8.05,7.71,7.77,4944741.0,38676853.0,1932802778.0,0.002558326724424855,001965
2021-04-22,7.74,7.81,7.63,7.66,4831668.0,37254034.0,1932802778.0,0.0024998246354962553,001965
2021-04-23,7.62,7.76,7.4,7.74,6418836.0,49060664.0,1932802778.0,0.0033209989519168625,001965
2021-04-26,7.68,7.68,7.52,7.54,3590619.0,27246264.0,1932802778.0,0.0018577265310615154,001965
2021-04-27,7.5,7.55,7.43,7.48,2899917.0,21729643.0,1932802778.0,0.0015003688079343188,001965
2021-04-28,7.57,7.57,7.18,7.28,8100763.0,59237954.0,1932802778.0,0.00419119999836838,001965
2021-04-29,7.34,7.68,7.32,7.56,9015894.0,67933102.0,1932802778.0,0.004664673552119657,001965
2021-04-30,7.55,7.81,7.53,7.76,5288698.0,40885183.0,1932802778.0,0.0027362843535813667,001965
2021-05-06,7.72,8.16,7.72,8.01,9894298.0,79456556.0,1932802778.0,0.005119145167122685,001965
2021-05-07,7.99,8.15,7.91,8.08,6208758.0,49933771.0,1932802778.0,0.003212308089925562,001965
2021-05-10,8.06,8.28,7.96,8.24,7703138.0,62919859.0,1932802778.0,0.0039854754389224084,001965
2021-05-11,8.26,8.32,8.08,8.24,4766788.0,39231986.0,1932802778.0,0.002466256802948366,001965
2021-05-12,8.25,8.38,8.22,8.34,4637847.0,38615517.0,1932802778.0,0.0023995448748263338,001965
2021-05-13,8.3,8.39,8.21,8.31,2995419.0,24869259.0,1932802778.0,0.0015497799538034397,001965
2021-05-14,8.3,8.34,8.16,8.3,3171482.0,26237310.0,1932802778.0,0.0016408720207251276,001965
2021-05-17,8.33,8.34,8.14,8.24,3398901.0,27914143.0,1932802778.0,0.0017585348276025709,001965
2021-05-18,8.24,8.32,8.2,8.28,1804714.0,14899114.0,1932802778.0,0.0009337289973617784,001965
2021-05-19,8.28,8.4,8.08,8.15,3654582.0,30044857.0,1932802778.0,0.0018908199230661495,001965
2021-05-20,8.14,8.25,8.09,8.18,2759888.0,22511921.0,1932802778.0,0.0014279201330907856,001965
2021-05-21,8.1,8.17,8.0,8.09,2790558.0,22574135.0,1932802778.0,0.0014437882808134084,001965
2021-05-24,8.11,8.28,8.08,8.14,3225443.0,26370000.0,1932802778.0,0.0016687905443397496,001965
2021-05-25,8.19,8.22,8.01,8.06,3555211.0,28782603.0,1932802778.0,0.0018394070209681787,001965
2021-05-26,8.04,8.14,7.97,8.06,2747080.0,22123134.0,1932802778.0,0.0014212934869860788,001965
2021-05-27,8.01,8.08,7.97,8.02,2465567.0,19760165.0,1932802778.0,0.0012756433445068238,001965
2021-05-28,8.04,8.05,7.85,7.86,3602636.0,28491443.0,1932802778.0,0.00186394392692662,001965
2021-05-31,7.9,7.93,7.73,7.77,4331120.0,33697703.0,1932802778.0,0.0022408494282493215,001965
2021-06-01,7.72,7.82,7.58,7.73,7011398.0,53813575.0,1932802778.0,0.003627580671865115,001965
2021-06-02,7.71,7.87,7.65,7.78,4633476.0,35995199.0,1932802778.0,0.0023972833921495945,001965
2021-06-03,7.8,8.06,7.71,7.77,5375584.0,42016518.0,1932802778.0,0.002781237724400663,001965
2021-06-04,7.81,7.86,7.65,7.79,3054419.0,23704235.0,1932802778.0,0.0015803055721808363,001965
2021-06-07,7.82,7.94,7.66,7.85,5822158.0,45357790.0,1932802778.0,0.003012287682049265,001965
2021-06-08,7.87,7.94,7.78,7.88,4085624.0,32000527.0,1932802778.0,0.002113833882331061,001965
2021-06-09,7.83,7.9,7.8,7.85,2460213.0,19289700.0,1932802778.0,0.0012728732739849156,001965
2021-06-10,7.82,7.94,7.82,7.9,3339070.0,26385376.0,1932802778.0,0.001727579263651079,001965
2021-06-11,7.94,7.97,7.84,7.89,2477827.0,19585164.0,1932802778.0,0.0012819864645289742,001965
2021-06-15,7.95,8.0,7.83,7.85,3050592.0,24110012.0,1932802778.0,0.0015783255460532042,001965
2021-06-16,7.85,7.87,7.63,7.74,4469634.0,34408428.0,1932803525.0,0.002312513373546336,001965
2021-06-17,7.73,7.76,7.6,7.66,2172711.0,16677011.0,1932803525.0,0.0011241240880911576,001965
2021-06-18,7.66,7.72,7.48,7.48,6230317.0,47206604.0,1932803525.0,0.003223461112013442,001965
2021-06-21,7.47,7.66,7.4,7.52,4698823.0,35458899.0,1932803525.0,0.0024310919031462343,001965
2021-06-22,7.5,7.93,7.5,7.83,4747676.0,36791259.0,1932803525.0,0.002456367622777385,001965
2021-06-23,7.81,7.86,7.64,7.75,4168282.0,32135867.0,1932803525.0,0.0021565989228004953,001965
2021-06-24,7.72,7.84,7.55,7.68,4170873.0,32005883.0,1932803525.0,0.00215793946257419,001965
2021-06-25,7.54,7.66,7.51,7.57,3215620.0,24394782.0,1932803525.0,0.0016637076445729269,001965
2021-06-28,7.61,7.66,7.41,7.44,3135263.0,23488756.0,1932803525.0,0.0016221322857945429,001965
2021-06-29,7.45,7.45,7.26,7.31,3850738.0,28209314.0,1932803525.0,0.001992307003889596,001965
2021-06-30,7.36,7.37,7.18,7.22,3149983.0,22837796.0,1932803685.0,0.0016297480310319256,001965
2021-07-01,7.23,7.33,7.14,7.18,3534077.0,25581039.0,1932803685.0,0.0018284717829477855,001965
2021-07-02,7.17,7.3,7.14,7.23,3334480.0,24059504.0,1932803685.0,0.001725203664437343,001965
2021-07-05,7.23,7.24,7.12,7.2,3228810.0,23132358.0,1932803685.0,0.001670531790195754,001965
2021-07-06,7.2,7.31,7.13,7.21,5877843.0,42436635.0,1932803685.0,0.003041096747495077,001965
2021-07-07,7.2,7.27,7.0,7.13,10699337.0,76024006.0,1932803685.0,0.005535656354049221,001965
2021-07-08,7.1,7.23,7.06,7.2,4619074.0,32936087.0,1932803685.0,0.0023898309154972456,001965
2021-07-09,7.17,7.25,7.11,7.23,3499890.0,25187466.0,1932803685.0,0.001810784006240137,001965
2021-07-12,7.19,7.28,7.12,7.17,3390089.0,24297814.0,1932803685.0,0.0017539748223317363,001965
2021-07-13,7.15,7.21,7.11,7.21,2695598.0,19339901.0,1932803685.0,0.0013946569022606143,001965
2021-07-14,7.19,7.24,7.09,7.14,4833730.0,34556187.0,1932803685.0,0.002500890306404812,001965
2021-07-15,7.13,7.26,7.11,7.26,6801353.0,48982896.0,1932803685.0,0.003518905232219691,001965
2021-07-16,7.25,7.54,7.24,7.37,7441360.0,55209049.0,1932803685.0,0.0038500340504059004,001965
2021-07-19,7.42,7.63,7.34,7.51,5597459.0,41869541.0,1932803685.0,0.0028960307989065117,001965
2021-07-20,7.51,7.59,7.41,7.48,4075323.0,30560501.0,1932803685.0,0.0021085033268652942,001965
2021-07-21,7.48,7.52,7.32,7.49,5126517.0,38027402.0,1932803685.0,0.0026523733578250083,001965
2021-07-22,7.49,7.54,7.38,7.42,3144854.0,23361741.0,1932803685.0,0.0016270943730118147,001965
2021-07-23,7.41,7.45,7.22,7.28,4472130.0,32599730.0,1932803685.0,0.002313804570379842,001965
2021-07-26,7.28,7.34,7.15,7.18,5640918.0,40855756.0,1932803685.0,0.0029185157518985174,001965
2021-07-27,7.22,7.3,7.08,7.13,4750352.0,34074104.0,1932803685.0,0.0024577519366639658,001965
2021-07-28,7.1,7.38,7.02,7.32,6636316.0,48019844.0,1932803685.0,0.003433517874320485,001965
2021-07-29,7.39,7.39,7.09,7.13,8713593.0,62410832.0,1932803685.0,0.004508265928725193,001965
2021-07-30,7.08,7.1,6.75,6.84,8665954.0,59537667.0,1932803685.0,0.004483618314293518,001965
2021-08-02,6.8,6.85,6.71,6.81,5636178.0,38302585.0,1932803685.0,0.0029160633559119067,001965
2021-08-03,6.82,6.92,6.8,6.88,3919846.0,26927463.0,1932803685.0,0.002028062151588872,001965
2021-08-04,6.85,6.89,6.68,6.82,7443400.0,50528547.0,1932803685.0,0.003851089511969758,001965
2021-08-05,6.78,6.83,6.7,6.74,4864060.0,32833940.0,1932803685.0,0.0025165825364204023,001965
2021-08-06,6.75,6.75,6.63,6.69,6942361.0,46349746.0,1932803685.0,0.003591860391139517,001965
2021-08-09,6.75,6.88,6.7,6.85,6042624.0,41164910.0,1932803685.0,0.003126351655315682,001965
2021-08-10,6.83,6.86,6.7,6.81,4523759.0,30661805.0,1932803685.0,0.0023405165434584735,001965
2021-08-11,6.8,6.85,6.77,6.79,4065326.0,27671195.0,1932803685.0,0.002103331047819272,001965
2021-08-12,6.8,6.85,6.79,6.81,3481521.0,23729816.0,1932803685.0,0.001801280195717342,001965
2021-08-13,6.82,6.85,6.72,6.84,6184678.0,41898608.0,1932803685.0,0.003199847996978545,001965
2021-08-16,6.82,6.92,6.8,6.87,4376661.0,30091770.0,1932803685.0,0.0022644105213406604,001965
2021-08-17,6.89,7.06,6.84,7.01,10345078.0,72025492.0,1932803685.0,0.00535236872750478,001965
2021-08-18,7.0,7.06,6.88,7.03,5764462.0,40113705.0,1932803685.0,0.00298243533201873,001965
2021-08-19,7.05,7.17,7.0,7.12,5597507.0,39801580.0,1932803685.0,0.0028960556332962495,001965
2021-08-20,7.11,7.3,7.07,7.29,9316543.0,67115606.0,1932803685.0,0.00482022208065068,001965
2021-08-23,7.28,7.3,7.16,7.23,6887360.0,49801029.0,1932803685.0,0.003563403802181803,001965
2021-08-24,7.25,7.44,7.23,7.39,5818885.0,42848443.0,1932803685.0,0.003010592873533351,001965
2021-08-25,7.44,7.55,7.38,7.42,3964467.0,29482396.0,1932803685.0,0.0020511483037657804,001965
2021-08-26,7.42,7.55,7.32,7.51,5510010.0,41142605.0,1932803685.0,0.002850786162486026,001965
2021-08-27,7.51,7.63,7.35,7.37,7416272.0,55121141.0,1932803685.0,0.003837053942702929,001965
2021-08-30,7.43,7.6,7.32,7.52,6999349.0,52337626.0,1932803685.0,0.0036213450203557533,001965
2021-08-31,7.51,7.58,7.48,7.5,3474821.0,26102059.0,1932803685.0,0.001797813728816437,001965
2021-09-01,7.5,7.58,7.41,7.54,5191887.0,39006372.0,1932803685.0,0.002686194692349213,001965
2021-09-02,7.57,7.58,7.38,7.48,4617735.0,34358957.0,1932803685.0,0.0023891381395001843,001965
2021-09-03,7.46,7.55,7.41,7.48,4203435.0,31463062.0,1932803685.0,0.002174786313075557,001965
2021-09-06,7.48,7.58,7.36,7.46,6553062.0,48801734.0,1932803685.0,0.0033904436600864615,001965
2021-09-07,7.44,7.62,7.41,7.59,6146172.0,46334544.0,1932803685.0,0.0031799256425776115,001965
2021-09-08,7.67,7.67,7.55,7.64,4164956.0,31693427.0,1932803685.0,0.002154877928018851,001965
2021-09-09,7.6,8.0,7.6,7.88,12978441.0,101547683.0,1932803685.0,0.0067148262913209415,001965
2021-09-10,7.88,7.95,7.64,7.67,9553937.0,74103191.0,1932803685.0,0.0049430457289303025,001965
2021-09-13,7.61,7.76,7.5,7.74,6483301.0,49730239.0,1932803685.0,0.0033543504962843655,001965
2021-09-14,7.82,7.83,7.4,7.43,7281782.0,54881908.0,1932803685.0,0.003767471086956252,001965
2021-09-15,7.42,7.57,7.28,7.35,8690346.0,64208195.0,1932803685.0,0.004496238323345291,001965
2021-09-16,7.35,7.52,7.31,7.4,6853827.0,50991008.0,1932803685.0,0.0035460543940343324,001965
2021-09-17,7.41,7.45,7.26,7.36,3760734.0,27617761.0,1932803685.0,0.0019457402886729285,001965
2021-09-22,7.3,7.79,7.26,7.71,8741639.0,66129291.0,1932803685.0,0.004522776455695758,001965
2021-09-23,7.81,8.08,7.7,7.88,8689240.0,68482916.0,1932803685.0,0.0044956660976150815,001965
2021-09-24,7.84,7.96,7.61,7.7,8568020.0,66765406.0,1932803685.0,0.004432948915864676,001965
2021-09-27,7.78,7.84,7.48,7.53,8735865.0,66687222.0,1932803685.0,0.004519789085563545,001965
2021-09-28,7.44,7.69,7.4,7.64,6216289.0,47023580.0,1932803685.0,0.003216202994770263,001965
2021-09-29,7.59,7.7,7.47,7.51,6100386.0,46229580.0,1932803685.0,0.0031562367390664406,001965
2021-09-30,7.52,7.64,7.46,7.53,5839522.0,43991886.0,1932804493.0,0.00302126884594323,001965
2021-10-08,7.62,7.66,7.43,7.59,5935479.0,44705666.0,1932804493.0,0.0030709153571902422,001965
2021-10-11,7.56,7.85,7.54,7.76,7197204.0,55741205.0,1932804493.0,0.0037237103007914003,001965
2021-10-12,7.75,7.89,7.44,7.48,7306364.0,55791010.0,1932804493.0,0.003780187818510002,001965
2021-10-13,7.45,7.56,7.3,7.48,5448467.0,40445311.0,1932804493.0,0.0028189436747134053,001965
2021-10-14,7.48,7.48,7.29,7.32,6541861.0,48017554.0,1932804493.0,0.0033846470368278474,001965
2021-10-15,7.35,7.35,7.16,7.2,4531442.0,32722292.0,1932804493.0,0.0023444906178619897,001965
2021-10-18,7.21,7.28,7.16,7.24,4006470.0,28972632.0,1932804493.0,0.0020728790803778412,001965
2021-10-19,7.24,7.34,7.23,7.32,3136936.0,22899818.0,1932804493.0,0.0016229970549845984,001965
2021-10-20,7.3,7.36,7.14,7.22,4892705.0,35288882.0,1932804493.0,0.0025314019176382366,001965
2021-10-21,7.23,7.35,7.2,7.29,4357956.0,31779056.0,1932804493.0,0.002254731927509028,001965
2021-10-22,7.3,7.32,7.2,7.2,2930445.0,21215817.0,1932804493.0,0.0015161621419099215,001965
2021-10-25,7.18,7.21,7.07,7.12,4327355.0,30754926.0,1932804493.0,0.002238899493286722,001965
2021-10-26,7.18,7.21,7.08,7.19,2829117.0,20220614.0,1932804493.0,0.001463736767089562,001965
2021-10-27,7.16,7.16,6.86,6.93,7547089.0,52496553.0,1932804493.0,0.0039047348178944865,001965
2021-10-28,6.94,7.1,6.93,7.04,4248632.0,29947986.0,1932804493.0,0.002198169558994294,001965
2021-10-29,7.03,7.06,6.93,6.98,3520538.0,24565395.0,1932804493.0,0.0018214661714365127,001965
2021-11-01,6.98,6.98,6.82,6.87,5678317.0,38965176.0,1932804493.0,0.002937864135025063,001965
2021-11-02,6.95,6.96,6.77,6.82,5718913.0,38998464.0,1932804493.0,0.002958867811365337,001965
2021-11-03,6.78,6.85,6.76,6.8,2994167.0,20359793.0,1932804493.0,0.0015491308152707198,001965
2021-11-04,6.81,6.82,6.72,6.75,4302743.0,29042774.0,1932804493.0,0.002226165665271971,001965
2021-11-05,6.75,6.78,6.66,6.69,5063794.0,33971966.0,1932804493.0,0.002619920441172112,001965
2021-11-08,6.71,6.82,6.7,6.74,4630394.0,31322736.0,1932804493.0,0.002395686690904231,001965
2021-11-09,6.78,6.8,6.74,6.79,2367821.0,16059638.0,1932804493.0,0.0012250701033526623,001965
2021-11-10,6.79,6.87,6.74,6.85,3400927.0,23142372.0,1932804493.0,0.0017595814849960616,001965
2021-11-11,6.86,6.9,6.82,6.87,4989145.0,34228464.0,1932804493.0,0.002581298324827518,001965
2021-11-12,6.88,7.07,6.85,7.04,5839916.0,40681648.0,1932804493.0,0.00302147269480711,001965
2021-11-15,7.05,7.21,7.03,7.18,5573918.0,39897090.0,1932804493.0,0.002883849877308827,001965
2021-11-16,7.14,7.18,7.09,7.12,4129192.0,29389702.0,1932804493.0,0.0021363733450302986,001965
2021-11-17,7.13,7.17,7.08,7.15,2504012.0,17864953.0,1932804493.0,0.0012955329983289727,001965
2021-11-18,7.15,7.19,7.06,7.08,2129833.0,15102059.0,1932804493.0,0.0011019391809743687,001965
2021-11-19,7.08,7.15,7.05,7.14,1975368.0,14037700.0,1932804493.0,0.001022021630824096,001965
2021-11-22,7.12,7.18,7.09,7.11,1880791.0,13399487.0,1932804493.0,0.0009730891079835668,001965
2021-11-23,7.12,7.25,7.08,7.21,2873438.0,20665439.0,1932804493.0,0.0014866676947444368,001965
2021-11-24,7.21,7.25,7.12,7.18,3243612.0,23300511.0,1932804493.0,0.0016781893935715307,001965
2021-11-25,7.18,7.23,7.12,7.16,2395712.0,17186791.0,1932804493.0,0.001239500429907165,001965
2021-11-26,7.17,7.17,7.09,7.14,2526815.0,17994207.0,1932804493.0,0.0013073308806717473,001965
2021-11-29,7.19,7.32,7.08,7.19,10710154.0,77604228.0,1932804493.0,0.005541250570758063,001965
2021-11-30,7.22,7.41,7.21,7.38,6222408.0,45768980.0,1932804493.0,0.0032193675162364185,001965
2021-12-01,7.36,7.51,7.36,7.5,4183831.0,31219515.0,1932804493.0,0.0021646426294808906,001965
2021-12-02,7.49,7.6,7.44,7.51,4718361.0,35518823.0,1932804493.0,0.002441199312754288,001965
2021-12-03,7.62,7.64,7.44,7.61,6699249.0,50710123.0,1932804493.0,0.0034660768972043154,001965
2021-12-06,7.62,7.74,7.55,7.58,6507989.0,49825848.0,1932804493.0,0.003367122243129016,001965
2021-12-07,7.62,7.82,7.6,7.81,8675564.0,67190397.0,1932804493.0,0.004488588489637788,001965
2021-12-08,7.74,7.76,7.61,7.7,5069745.0,38966398.0,1932804493.0,0.0026229993868293433,001965
2021-12-09,7.7,7.79,7.66,7.75,7602590.0,58669248.0,1932804493.0,0.0039334500864076785,001965
2021-12-10,7.69,7.7,7.31,7.31,13829612.0,102584602.0,1932804493.0,0.007155204807359686,001965
2021-12-13,7.45,7.46,7.22,7.31,9410810.0,68635700.0,1932804493.0,0.004868992199719602,001965
2021-12-14,7.24,7.4,7.23,7.33,7005188.0,51415859.0,1932804493.0,0.003624364505241245,001965
2021-12-15,7.33,7.43,7.32,7.39,3018834.0,22305297.0,1932804493.0,0.0015618930993451493,001965
2021-12-16,7.4,7.51,7.32,7.48,3574521.0,26610835.0,1932804493.0,0.0018493960527025742,001965
2021-12-17,7.49,7.52,7.42,7.49,3058333.0,22866974.0,1932804493.0,0.00158232920664056,001965
2021-12-20,7.44,7.66,7.43,7.62,5117557.0,38963981.0,1932804493.0,0.0026477364981994586,001965
2021-12-21,7.54,7.64,7.51,7.54,4641747.0,35031387.0,1932804493.0,0.002401560539004811,001965
2021-12-22,7.61,7.66,7.48,7.63,5138553.0,38958998.0,1932804493.0,0.0026585994696360633,001965
2021-12-23,7.6,7.7,7.54,7.64,2989055.0,22778924.0,1932804493.0,0.0015464859538693136,001965
2021-12-24,7.58,7.67,7.54,7.62,2987172.0,22695386.0,1932804493.0,0.0015455117218624967,001965
2021-12-27,7.58,7.66,7.53,7.64,2877432.0,21865402.0,1932804493.0,0.0014887341220600112,001965
2021-12-28,7.64,7.77,7.59,7.69,5123620.0,39286382.0,1932804493.0,0.002650873390741854,001965
2021-12-29,7.69,7.76,7.61,7.72,5051567.0,38792719.0,1932804493.0,0.002613594400414093,001965
2021-12-30,7.71,7.93,7.6,7.8,9512824.0,74150683.0,1932804493.0,0.00492177249921159,001965
2021-12-31,7.76,7.78,7.62,7.67,5325539.0,40920802.0,1932804723.0,0.0027553425013024453,001965
2022-01-04,7.67,7.75,7.66,7.7,4226939.0,32552136.0,1932804723.0,0.0021869457114318115,001965
2022-01-05,7.76,7.93,7.71,7.82,6567209.0,51514468.0,1932804723.0,0.0033977612543323655,001965
2022-01-06,7.82,7.88,7.74,7.74,3581609.0,27869162.0,1932804723.0,0.0018530630422098778,001965
2022-01-07,7.74,8.0,7.73,7.93,7442825.0,58901929.0,1932804723.0,0.003850789948633626,001965
2022-01-10,7.93,7.94,7.73,7.84,5865006.0,45853716.0,1932804723.0,0.003034453470755514,001965
2022-01-11,7.81,7.9,7.77,7.87,3734061.0,29320348.0,1932804723.0,0.0019319390911898139,001965
2022-01-12,7.87,7.91,7.76,7.84,3536250.0,27709174.0,1932804723.0,0.0018295950738940739,001965
2022-01-13,7.84,8.0,7.81,7.91,4175122.0,33091626.0,1932804723.0,0.002160136484724432,001965
2022-01-14,7.93,7.99,7.88,7.91,4005588.0,31773548.0,1932804723.0,0.002072422502042903,001965
2022-01-17,7.91,7.95,7.72,7.84,5079788.0,39749898.0,1932804723.0,0.002628195150576523,001965
2022-01-18,7.84,8.17,7.75,8.15,9052740.0,72586092.0,1932804723.0,0.004683732346198328,001965
2022-01-19,8.09,8.26,8.04,8.18,5985627.0,48856484.0,1932804723.0,0.0030968607065019055,001965
2022-01-20,8.18,8.3,8.12,8.27,5509495.0,45287045.0,1932804723.0,0.0028505181793266965,001965
2022-01-21,8.2,8.25,8.05,8.16,4151934.0,33753097.0,1932804723.0,0.0021481394113915357,001965
2022-01-24,8.1,8.19,8.02,8.14,2887288.0,23405950.0,1932804723.0,0.0014938332701911552,001965
2022-01-25,8.05,8.25,7.98,8.03,5715836.0,46546404.0,1932804723.0,0.0029572754722619744,001965
2022-01-26,8.08,8.16,7.92,8.1,4273291.0,34509649.0,1932804723.0,0.002210927440909404,001965
2022-01-27,8.06,8.14,7.9,7.92,5199213.0,41614360.0,1932804723.0,0.002689983596444264,001965
2022-01-28,8.06,8.13,7.91,7.98,4534487.0,36323616.0,1932804723.0,0.002346065769625088,001965
2022-02-07,7.97,8.5,7.93,8.37,13228047.0,110037778.0,1932804723.0,0.006843964546748471,001965
2022-02-08,8.52,8.66,8.39,8.62,14784817.0,126327055.0,1932804723.0,0.007649410633192042,001965
2022-02-09,8.65,9.32,8.59,8.97,25440662.0,228293486.0,1932804723.0,0.013162561999803226,001965
2022-02-10,8.84,9.03,8.72,8.9,15687438.0,139440975.0,1932804723.0,0.008116411251132896,001965
2022-02-11,8.9,9.0,8.77,8.86,11478414.0,102043186.0,1932804723.0,0.005938734453309798,001965
2022-02-14,8.82,8.93,8.47,8.52,11160056.0,95690709.0,1932804723.0,0.00577402148659795,001965
2022-02-15,8.63,8.67,8.44,8.64,7049924.0,60328599.0,1932804723.0,0.0036475097127543596,001965
2022-02-16,8.58,8.82,8.5,8.77,6741146.0,58527239.0,1932804723.0,0.003487753273665816,001965
2022-02-17,8.76,8.76,8.5,8.52,6346110.0,54363926.0,1932804723.0,0.0032833684254195607,001965
2022-02-18,8.5,8.65,8.44,8.64,5218769.0,44762326.0,1932804723.0,0.0027001015352961758,001965
2022-02-21,8.67,8.76,8.53,8.59,5047404.0,43490842.0,1932804723.0,0.002611440224631529,001965
2022-02-22,8.58,8.61,8.41,8.52,5589421.0,47556527.0,1932804723.0,0.002891870520330884,001965
2022-02-23,8.54,8.67,8.38,8.42,7139189.0,60462045.0,1932804723.0,0.0036936938921170053,001965
2022-02-24,8.38,8.42,8.03,8.11,11314224.0,92416219.0,1932804723.0,0.005853785364534211,001965
2022-02-25,8.1,8.24,8.0,8.05,6674410.0,54173677.0,1932804723.0,0.0034532252123433992,001965
2022-02-28,8.03,8.07,7.92,8.0,5742697.0,45809818.0,1932804723.0,0.0029711728927723654,001965
2022-03-01,8.04,8.12,7.82,7.95,10134388.0,80276451.0,1932804723.0,0.005243358462136788,001965
2022-03-02,7.9,8.11,7.84,8.05,6332009.0,50744761.0,1932804723.0,0.003276072809969018,001965
2022-03-03,8.11,8.21,8.05,8.15,7455598.0,60754416.0,1932804723.0,0.0038573984796704164,001965
2022-03-04,8.18,8.29,8.07,8.2,6494400.0,53141141.0,1932804723.0,0.003360091127012421,001965
2022-03-07,8.16,8.23,8.04,8.09,6651299.0,54134144.0,1932804723.0,0.003441267977489312,001965
2022-03-08,8.09,8.14,7.78,7.82,5862183.0,46606471.0,1932804723.0,0.003032992898993449,001965
2022-03-09,7.82,7.87,7.36,7.58,7844551.0,59513722.0,1932804723.0,0.004058636088090727,001965
2022-03-10,7.7,7.8,7.59,7.65,8015401.0,61531010.0,1932804723.0,0.004147030946591908,001965
2022-03-11,7.61,7.71,7.4,7.66,12144831.0,91283316.0,1932804723.0,0.006283527174514256,001965
2022-03-14,7.6,7.8,7.56,7.6,7062517.0,54328941.0,1932804723.0,0.0036540251148796474,001965
2022-03-15,7.57,7.57,7.07,7.11,11102671.0,80569721.0,1932804723.0,0.005744331472228093,001965
2022-03-16,7.2,7.7,7.07,7.63,12605981.0,93904904.0,1932804723.0,0.006522118271955402,001965
2022-03-17,7.67,7.69,7.42,7.42,9161859.0,68802126.0,1932804723.0,0.004740188644499706,001965
2022-03-18,7.38,7.54,7.33,7.48,6248843.0,46440116.0,1932804723.0,0.0032330441485577846,001965
2022-03-21,7.51,7.51,7.25,7.34,7319745.0,53750407.0,1932804723.0,0.0037871104684795414,001965
2022-03-22,7.32,7.52,7.28,7.48,7194195.0,53309601.0,1932804723.0,0.0037221530527065047,001965
2022-03-23,7.49,7.51,7.37,7.48,4191770.0,31237504.0,1932804723.0,0.002168749874272736,001965
2022-03-24,7.46,7.55,7.4,7.43,3885196.0,29004624.0,1932804723.0,0.002010133746967256,001965
2022-03-25,7.46,7.49,7.3,7.33,5479854.0,40435435.0,1932804723.0,0.002835182434516433,001965
2022-03-28,7.32,7.65,7.25,7.58,7327220.0,54986803.0,1932804723.0,0.003790977905221106,001965
2022-03-29,7.58,7.67,7.48,7.55,4783139.0,36227493.0,1932804723.0,0.0024747140479747264,001965
2022-03-30,7.59,7.94,7.59,7.74,7843048.0,60568341.0,1932804723.0,0.00405785846167968,001965
2022-03-31,7.82,7.85,7.66,7.81,4874934.0,37942737.0,1932805439.0,0.002522206271585311,001965
2022-04-01,7.76,7.99,7.74,7.95,6469861.0,51099740.0,1932805439.0,0.003347393829431375,001965
2022-04-06,7.88,8.03,7.78,7.97,7297833.0,57586618.0,1932805439.0,0.0037757721769324966,001965
2022-04-07,7.95,7.96,7.71,7.78,7105275.0,55745850.0,1932805439.0,0.0036761460086102335,001965
2022-04-08,7.8,7.94,7.67,7.91,6210797.0,48638654.0,1932805439.0,0.003213358610586981,001965
2022-04-11,7.9,7.97,7.71,7.8,8999144.0,70477851.0,1932805439.0,0.00465600097061813,001965
2022-04-12,7.76,8.04,7.62,7.96,7876148.0,61517844.0,1932805439.0,0.004074982324177949,001965
2022-04-13,7.92,8.13,7.87,7.89,6788519.0,54141313.0,1932805439.0,0.0035122619499209718,001965
2022-04-14,7.89,8.02,7.78,7.92,4700630.0,37199060.0,1932805439.0,0.0024320244061564853,001965
2022-04-15,7.89,8.07,7.84,7.91,4701864.0,37352065.0,1932805439.0,0.002432662856346608,001965
2022-04-18,7.92,8.02,7.78,8.01,4896001.0,38878393.0,1932805439.0,0.0025331059718732506,001965
2022-04-19,7.96,8.17,7.92,8.15,6629750.0,53499506.0,1932805439.0,0.0034301176239601838,001965
2022-04-20,8.11,8.19,7.93,7.94,5257864.0,42258028.0,1932805439.0,0.002720327609756897,001965
2022-04-21,7.97,8.06,7.73,7.76,6073293.0,48005499.0,1932805439.0,0.0031422164266788366,001965
2022-04-22,7.72,7.85,7.61,7.78,5690948.0,44010737.0,1932805439.0,0.0029443977573575114,001965
2022-04-25,7.7,7.83,7.52,7.54,7833219.0,60182256.0,1932805439.0,0.004052771604395304,001965
2022-04-26,7.54,7.57,7.3,7.32,6699695.0,49873627.0,1932805439.0,0.003466305953415728,001965
2022-04-27,7.2,7.7,7.18,7.66,8569060.0,64069067.0,1932805439.0,0.004433482970967571,001965
2022-04-28,7.68,7.87,7.61,7.85,7512541.0,58320862.0,1932805439.0,0.00388685837095267,001965
2022-04-29,7.81,7.82,7.49,7.62,8478532.0,64608024.0,1932805439.0,0.004386645354426695,001965
2022-05-05,7.55,7.59,7.33,7.41,9388986.0,69377646.0,1932805439.0,0.004857698457666644,001965
2022-05-06,7.31,7.32,7.16,7.18,6083086.0,43886156.0,1932805439.0,0.0031472831549704677,001965
2022-05-09,7.14,7.23,7.08,7.18,4536657.0,32488014.0,1932805439.0,0.002347187620885001,001965
2022-05-10,7.09,7.31,7.0,7.26,6862994.0,49066782.0,1932805439.0,0.0035507940227811,001965
2022-05-11,7.27,7.36,7.17,7.22,7942145.0,57777649.0,1932805439.0,0.0041091280269312195,001965
2022-05-12,7.15,7.2,7.09,7.14,5264507.0,37588700.0,1932805439.0,0.00272376458270097,001965
2022-05-13,7.23,7.33,7.15,7.29,5650489.0,40994921.0,1932805439.0,0.0029234649727204126,001965
2022-05-16,7.35,7.35,7.23,7.3,3768607.0,27436606.0,1932805439.0,0.0019498118765382882,001965
2022-05-17,7.32,7.34,7.25,7.33,2870051.0,20953573.0,1932805439.0,0.0014849145920682605,001965
2022-05-18,7.33,7.37,7.29,7.3,2991800.0,21901953.0,1932805439.0,0.0015479054123253633,001965
2022-05-19,7.23,7.37,7.21,7.36,3110150.0,22686709.0,1932805439.0,0.0016091376489550534,001965
2022-05-20,7.38,7.49,7.35,7.44,5647411.0,41916357.0,1932805439.0,0.0029218724689236554,001965
2022-05-23,7.48,7.48,7.32,7.36,3949176.0,29108936.0,1932805439.0,0.0020432351442694796,001965
2022-05-24,7.35,7.37,7.2,7.21,5038850.0,36566657.0,1932805439.0,0.002607013566045744,001965
2022-05-25,7.19,7.44,7.16,7.37,8750899.0,64251752.0,1932805439.0,0.004527563314664286,001965
2022-05-26,7.4,7.87,7.37,7.81,15354641.0,117787163.0,1932805439.0,0.007944224850662788,001965
2022-05-27,7.8,7.86,7.6,7.7,8334744.0,64288365.0,1932805439.0,0.004312251937945835,001965
2022-05-30,7.76,7.79,7.66,7.73,4524125.0,35007222.0,1932805439.0,0.002340703781514969,001965
2022-05-31,7.74,7.88,7.71,7.85,5555996.0,43398581.0,1932805439.0,0.002874575933972214,001965
2022-06-01,7.8,8.02,7.74,7.96,5978206.0,47345757.0,1932805439.0,0.0030930200626365268,001965
2022-06-02,7.98,8.02,7.9,7.96,4979672.0,39626492.0,1932805439.0,0.002576395895582949,001965
2022-06-06,7.98,8.0,7.86,7.9,6701215.0,53071712.0,1932805439.0,0.003467092375043756,001965
2022-06-07,7.94,7.98,7.86,7.94,5182335.0,41156069.0,1932805439.0,0.0026812502155836495,001965
2022-06-08,7.91,8.04,7.9,8.02,4283040.0,34170479.0,1932805439.0,0.002215970585335258,001965
2022-06-09,8.02,8.16,7.97,8.04,4432815.0,35767480.0,1932805439.0,0.0022934615717417795,001965
2022-06-10,8.0,8.17,7.89,8.13,7199140.0,58236131.0,1932805439.0,0.0037247101310542204,001965
2022-06-13,8.1,8.18,7.72,7.8,8066968.0,63284490.0,1932805439.0,0.00417370928145448,001965
2022-06-14,7.72,7.98,7.72,7.95,7360825.0,57894454.0,1932805439.0,0.0038083631448224626,001965
2022-06-15,7.97,8.18,7.97,8.0,5709226.0,46175646.0,1932805439.0,0.0029538544774345495,001965
2022-06-16,7.98,8.16,7.91,7.93,4794220.0,38476379.0,1932805439.0,0.002480446248371717,001965
2022-06-17,7.92,8.03,7.81,7.94,5685714.0,45114017.0,1932805439.0,0.0029416897765673143,001965
2022-06-20,7.97,8.04,7.91,7.92,3778728.0,30144797.0,1932805439.0,0.0019550483063391255,001965
2022-06-21,7.96,7.97,7.71,7.82,4464555.0,34923149.0,1932805439.0,0.0023098832970533667,001965
2022-06-22,7.83,7.84,7.5,7.51,7738715.0,58824110.0,1932805439.0,0.004003876874437955,001965
2022-06-23,7.54,7.57,7.45,7.5,6949132.0,52102761.0,1932805439.0,0.003595360329488394,001965
2022-06-24,7.52,7.53,7.42,7.47,7222252.0,53968657.0,1932805439.0,0.003736667878861448,001965
2022-06-27,7.48,7.58,7.43,7.47,7987332.0,59947444.0,1932805439.0,0.004132506996737606,001965
2022-06-28,7.53,7.57,7.47,7.55,5757938.0,43301695.0,1932805439.0,0.002979057221082251,001965
2022-06-29,7.55,7.59,7.52,7.57,4806340.0,36336907.0,1932805439.0,0.0024867169260899416,001965
2022-06-30,7.57,7.78,7.55,7.63,8042817.0,61674087.0,1932805439.0,0.004161213973073882,001965
2022-07-01,7.69,7.84,7.65,7.8,5537163.0,43009012.0,1932805439.0,0.0028648320665244156,001965
2022-07-04,7.8,7.95,7.72,7.93,9740520.0,76603441.0,1932805439.0,0.005039576050158249,001965
2022-07-05,7.61,7.65,7.41,7.44,11083247.0,83086550.0,1932805439.0,0.005734279703669646,001965
2022-07-06,7.45,7.49,7.35,7.47,5321981.0,39569547.0,1932805439.0,0.0027535006331281336,001965
2022-07-07,7.48,7.55,7.42,7.44,3552457.0,26603916.0,1932805439.0,0.0018379796167367884,001965
2022-07-08,7.45,7.48,7.35,7.38,3071537.0,22713685.0,1932805439.0,0.001589159952689889,001965
2022-07-11,7.38,7.54,7.33,7.52,4053795.0,30126927.0,1932805439.0,0.0020973631997317655,001965
2022-07-12,7.63,7.88,7.57,7.72,10951068.0,84691468.0,1932805439.0,0.00566589258237285,001965
2022-07-13,7.81,7.98,7.72,7.82,10628260.0,83221219.0,1932805439.0,0.005498877323885676,001965
2022-07-14,7.81,7.83,7.58,7.69,7105427.0,54428388.0,1932805439.0,0.0036762246507730362,001965
2022-07-15,7.66,7.76,7.57,7.57,5964797.0,45706503.0,1932805439.0,0.0030860824786824287,001965
2022-07-18,7.58,7.82,7.56,7.72,5553344.0,42830406.0,1932805439.0,0.0028732038351843648,001965
2022-07-19,7.72,7.79,7.57,7.62,4473774.0,34118879.0,1932805439.0,0.0023146530477038876,001965
2022-07-20,7.63,7.67,7.58,7.61,3885632.0,29579369.0,1932805439.0,0.0020103585811567038,001965
2022-07-21,7.61,7.61,7.47,7.47,2870609.0,21600339.0,1932805439.0,0.0014852032915869708,001965
2022-07-22,7.48,7.6,7.41,7.49,3875885.0,29123018.0,1932805439.0,0.0020053156524669734,001965
2022-07-25,7.48,7.57,7.41,7.48,4708728.0,35301582.0,1932805439.0,0.002436214170856335,001965
2022-07-26,7.49,7.54,7.46,7.52,2569490.0,19248038.0,1932805439.0,0.0013294095453960486,001965
2022-07-27,7.48,7.52,7.38,7.39,2409499.0,17866842.0,1932805439.0,0.0012466329778369378,001965
2022-07-28,7.43,7.45,7.34,7.37,3593253.0,26534455.0,1932805439.0,0.0018590867593269434,001965
2022-07-29,7.38,7.39,7.25,7.33,3439565.0,25153876.0,1932805439.0,0.0017795712546108994,001965
2022-08-01,7.3,7.3,7.15,7.18,5391248.0,38825477.0,1932805439.0,0.002789338177146965,001965
2022-08-02,7.14,7.21,7.0,7.09,7596900.0,53619084.0,1932805439.0,0.003930504253925581,001965
2022-08-03,7.12,7.22,7.02,7.08,7142307.0,50640104.0,1932805439.0,0.0036953057229057187,001965
2022-08-04,7.11,7.17,7.03,7.09,4299338.0,30546929.0,1932805439.0,0.0022244028877652596,001965
2022-08-05,7.16,7.26,7.09,7.24,4083645.0,29364903.0,1932805439.0,0.002112807071834818,001965
2022-08-08,7.28,7.28,7.19,7.19,2018252.0,14560005.0,1932805439.0,0.0010442085681651478,001965
2022-08-09,7.22,7.22,7.13,7.16,2392500.0,17148516.0,1932805439.0,0.0012378379901692733,001965
2022-08-10,7.18,7.18,7.08,7.11,2185881.0,15536955.0,1932805439.0,0.0011309369044050998,001965
2022-08-11,7.1,7.24,7.1,7.24,3212370.0,23116335.0,1932805439.0,0.0016620245034399451,001965
2022-08-12,7.24,7.36,7.19,7.33,3838252.0,28034289.0,1932805439.0,0.001985844991198827,001965
2022-08-15,7.33,7.37,7.21,7.27,4085052.0,29784448.0,1932805439.0,0.0021135350292233943,001965
2022-08-16,7.28,7.32,7.24,7.3,1655045.0,12072178.0,1932805439.0,0.0008562915679998766,001965
2022-08-17,7.31,7.43,7.26,7.41,3542857.0,26108682.0,1932805439.0,0.0018330127432966106,001965
2022-08-18,7.4,7.42,7.33,7.34,2020071.0,14851455.0,1932805439.0,0.0010451496872055314,001965
2022-08-19,7.35,7.65,7.34,7.55,9194457.0,69142394.0,1932805439.0,0.0047570525281411934,001965
2022-08-22,7.55,7.57,7.45,7.51,4437203.0,33338028.0,1932805439.0,0.0022957318468100605,001965
2022-08-23,7.5,7.52,7.41,7.46,2854067.0,21269389.0,1932805439.0,0.0014766447477903646,001965
2022-08-24,7.5,7.53,7.38,7.44,3920634.0,29162645.0,1932805439.0,0.0020284680086726514,001965
2022-08-25,7.44,7.54,7.34,7.51,4438354.0,33101970.0,1932805439.0,0.002296327354240232,001965
2022-08-26,7.5,7.63,7.44,7.62,5561214.0,42121570.0,1932805439.0,0.0028772756366400106,001965
2022-08-29,7.51,7.62,7.48,7.58,3541622.0,26748815.0,1932805439.0,0.0018323737757238378,001965
2022-08-30,7.57,7.7,7.54,7.69,3595853.0,27472183.0,1932805439.0,0.0018604319542169915,001965
2022-08-31,7.62,7.69,7.55,7.56,4417984.0,33514090.0,1932805439.0,0.002285788269659355,001965
2022-09-01,7.6,7.69,7.56,7.63,4389783.0,33492609.0,1932805439.0,0.0022711975615461832,001965
2022-09-02,7.62,7.69,7.56,7.58,2754807.0,20928635.0,1932805439.0,0.0014252893459495279,001965
2022-09-05,7.6,7.84,7.55,7.8,6259558.0,48565931.0,1932805439.0,0.0032385867059845333,001965
2022-09-06,7.8,7.9,7.71,7.89,4218057.0,33062447.0,1932805439.0,0.0021823495085891054,001965
2022-09-07,7.88,8.07,7.83,8.0,6783572.0,54227949.0,1932805439.0,0.0035097024579513305,001965
2022-09-08,8.01,8.36,8.01,8.17,7590243.0,62205453.0,1932805439.0,0.0039270600376244075,001965
2022-09-09,8.22,8.32,8.07,8.09,4150756.0,33838874.0,1932805439.0,0.00214752913886021,001965
2022-09-13,8.08,8.1,7.92,7.99,6080277.0,48653217.0,1932805439.0,0.0031458298271065657,001965
2022-09-14,7.9,8.12,7.87,7.96,3411026.0,27298976.0,1932805439.0,0.0017648056711620213,001965
2022-09-15,7.98,8.05,7.85,7.93,4164972.0,33056544.0,1932805439.0,0.002154884250612873,001965
2022-09-16,7.97,7.97,7.61,7.65,6209026.0,47971028.0,1932805439.0,0.0032124423259137984,001965
2022-09-19,7.76,7.78,7.61,7.7,3339138.0,25662658.0,1932805439.0,0.0017276120672174908,001965
2022-09-20,7.78,7.8,7.69,7.74,2850549.0,22022543.0,1932805439.0,0.0014748245956275996,001965
2022-09-21,7.73,7.96,7.65,7.93,4721424.0,37182862.0,1932805439.0,0.0024427828609809702,001965
2022-09-22,7.88,7.92,7.77,7.85,3487109.0,27319154.0,1932805439.0,0.0018041696953233792,001965
2022-09-23,7.84,7.84,7.43,7.51,14132735.0,106919754.0,1932805439.0,0.007312031886309277,001965
2022-09-26,7.43,7.65,7.37,7.42,6433712.0,48365522.0,1932805439.0,0.0033286909640158563,001965
2022-09-27,7.44,7.65,7.44,7.59,5949005.0,45087833.0,1932805439.0,0.0030779119718733366,001965
2022-09-28,7.61,7.64,7.43,7.45,4504344.0,33793308.0,1932805439.0,0.0023304694353149533,001965
2022-09-29,7.51,7.51,7.3,7.32,3788223.0,27928000.0,1932805439.0,0.001959960854601051,001965
2022-09-30,7.32,7.64,7.3,7.58,7781324.0,58669962.0,1932819439.0000002,0.004025892870792883,001965
2022-10-10,7.6,7.71,7.54,7.66,5640747.0,43048602.0,1932819439.0000002,0.0029184034919052773,001965
2022-10-11,7.65,7.72,7.59,7.65,3249761.0,24882104.0,1932819439.0000002,0.001681357779431977,001965
2022-10-12,7.69,7.81,7.6,7.78,3702671.0,28552074.0,1932819439.0000002,0.0019156838581443922,001965
2022-10-13,7.78,7.83,7.65,7.8,3634981.0,28134413.0,1932819439.0000002,0.0018806624802369858,001965
2022-10-14,7.83,7.87,7.76,7.82,2826231.0,22096175.0,1932819439.0000002,0.0014622322928737885,001965
2022-10-17,7.75,7.87,7.74,7.81,2108773.0,16453321.0,1932819439.0000002,0.0010910346602738196,001965
2022-10-18,7.82,7.95,7.79,7.92,3600471.0,28415527.0,1932819439.0000002,0.0018628077343131478,001965
2022-10-19,7.98,7.98,7.79,7.9,2722673.0,21458830.0,1932819439.0000002,0.0014086535684930059,001965
2022-10-20,7.83,7.92,7.74,7.82,3939111.0,30845213.0,1932819439.0000002,0.0020380129258416465,001965
2022-10-21,7.85,7.85,7.74,7.8,2251450.0,17568307.0,1932819439.0000002,0.0011648527299398708,001965
2022-10-24,7.81,7.93,7.71,7.77,3450174.0,26912830.0,1932819439.0000002,0.001785047237410364,001965
2022-10-25,7.72,7.79,7.63,7.69,2454583.0,18922988.0,1932819439.0000002,0.0012699494585329445,001965
2022-10-26,7.73,7.92,7.67,7.84,3004304.0,23572424.0,1932819439.0000002,0.0015543635061712557,001965
2022-10-27,7.85,8.0,7.82,7.97,3192360.0,25408042.0,1932819439.0000002,0.001651659713051965,001965
2022-10-28,7.9,7.95,7.71,7.75,3566290.0,27898234.0,1932819439.0000002,0.0018451232060482188,001965
2022-10-31,7.71,7.77,7.5,7.57,3280079.0,24908382.0,1932819439.0000002,0.0016970436729967097,001965
2022-11-01,7.57,7.72,7.52,7.67,4901989.0,37374443.0,1932819439.0000002,0.0025361856886829456,001965
2022-11-02,7.68,7.69,7.52,7.64,3293288.0,25032415.0,1932819439.0000002,0.001703877730919282,001965
2022-11-03,7.61,7.67,7.54,7.62,4406712.0,33526664.0,1932819439.0000002,0.002279939818010077,001965
2022-11-04,7.62,7.98,7.6,7.94,5303791.0,41630231.0,1932819439.0000002,0.0027440695664485188,001965
2022-11-07,7.9,7.97,7.7,7.78,6077002.0,47379546.0,1932819439.0000002,0.0031441126249972485,001965
2022-11-08,7.75,7.76,7.59,7.67,4615198.0,35322037.0,1932819439.0000002,0.0023878060758680104,001965
2022-11-09,7.66,7.7,7.6,7.62,2652352.0,20250484.0,1932819439.0000002,0.0013722709666932316,001965
2022-11-10,7.6,7.73,7.54,7.63,3712751.0,28282585.0,1932819439.0000002,0.0019208990374811725,001965
2022-11-11,7.73,7.82,7.69,7.75,5980625.0,46361072.0,1932819439.0000002,0.0030942491985150194,001965
2022-11-14,7.76,7.89,7.73,7.8,4741500.0,37073212.0,1932819439.0000002,0.002453152066006306,001965
2022-11-15,7.79,7.85,7.73,7.83,4632855.0,36161794.0,1932819439.0000002,0.0023969414351487175,001965
2022-11-16,7.83,7.89,7.75,7.8,3377709.0,26471335.0,1932819439.0000002,0.0017475553752437192,001965
2022-11-17,7.78,7.92,7.74,7.9,3477453.0,27335030.0,1932819439.0000002,0.0017991608164905255,001965
2022-11-18,7.91,7.92,7.8,7.86,3137147.0,24608309.0,1932819439.0000002,0.0016230936717105315,001965
2022-11-21,7.83,7.95,7.73,7.92,3843821.0,30263509.0,1932819439.0000002,0.0019887118902263893,001965
2022-11-22,7.9,8.15,7.89,8.06,5792272.0,46410600.0,1932819439.0000002,0.00299679933010028,001965
2022-11-23,8.01,8.13,8.0,8.03,4679771.0,37720811.0,1932819439.0000002,0.002421214783736454,001965
2022-11-24,8.0,8.06,7.84,7.9,4839124.0,38288358.0,1932819439.0000002,0.002503660663979901,001965
2022-11-25,7.88,8.11,7.88,8.06,6509588.0,52275003.0,1932819439.0000002,0.0033679234948961,001965
2022-11-28,8.01,8.02,7.83,7.95,5646468.0,44655038.0,1932819439.0000002,0.002921363416606242,001965
2022-11-29,7.97,8.01,7.89,7.96,6307978.0,50135458.0,1932819439.0000002,0.0032636147343714705,001965
2022-11-30,7.96,7.98,7.83,7.86,7560196.0,59594840.0,1932819439.0000002,0.003911485908850071,001965
2022-12-01,7.93,7.98,7.8,7.81,7125973.0,56186387.0,1932819439.0000002,0.003686828089687895,001965
2022-12-02,7.81,7.81,7.66,7.68,7177469.0,55320487.0,1932819439.0000002,0.003713471033648891,001965
2022-12-05,7.75,8.3,7.73,8.18,18891986.0,152338194.0,1932819439.0000002,0.009774314981938672,001965
2022-12-06,8.16,8.24,8.06,8.15,7481895.0,60969009.0,1932819439.0000002,0.003870974623408679,001965
2022-12-07,8.23,8.36,8.14,8.27,10708409.0,88411572.0,1932819439.0000002,0.005540304895495207,001965
2022-12-08,8.29,8.36,8.09,8.22,14426033.0,118137609.0,1932819439.0000002,0.0074637251203680584,001965
2022-12-09,8.23,8.23,8.08,8.08,16712784.0,135799102.0,1932819439.0000002,0.008646841842943611,001965
2022-12-12,8.08,8.08,7.92,7.94,7208695.0,57580871.0,1932819439.0000002,0.0037296267072570556,001965
2022-12-13,7.99,8.22,7.92,8.07,8213724.0,66356445.0,1932819439.0000002,0.004249607508215877,001965
2022-12-14,8.1,8.1,7.9,7.92,5342465.0,42585876.0,1932819439.0000002,0.0027640786781221935,001965
2022-12-15,8.0,8.01,7.86,7.87,4788499.0,37924915.0,1932819439.0000002,0.0024774683570429465,001965
2022-12-16,7.84,8.02,7.8,8.0,5589730.0,44443058.0,1932819439.0000002,0.0028920083724385593,001965
2022-12-19,7.96,8.03,7.75,7.77,5324604.0,41717245.0,1932819439.0000002,0.0027548377735453844,001965
2022-12-20,7.76,7.81,7.62,7.62,5427283.0,41746225.0,1932819439.0000002,0.0028079617218709062,001965
2022-12-21,7.67,7.88,7.62,7.69,4604887.0,35532803.0,1932819439.0000002,0.002382471382004762,001965
2022-12-22,7.76,7.79,7.6,7.62,3470535.0,26729351.0,1932819439.0000002,0.0017955815892433187,001965
2022-12-23,7.6,7.66,7.53,7.57,3601856.0,27312274.0,1932819439.0000002,0.0018635243040930527,001965
2022-12-26,7.63,7.72,7.55,7.7,3635014.0,27812473.0,6178245318.999999,0.0005883570192367106,001965
2022-12-27,7.73,7.88,7.71,7.77,4094062.0,31949960.0,6178245318.999999,0.0006626577270102085,001965
2022-12-28,7.74,7.88,7.7,7.71,3516840.0,27317197.0,6178245318.999999,0.0005692295819307528,001965
2022-12-29,7.73,7.73,7.59,7.63,3166214.0,24156543.0,6178245318.999999,0.0005124778697703895,001965
2022-12-30,7.65,7.8,7.6,7.77,4057270.0,31333292.0,6178269886.0,0.0006567000268463183,001965
2023-01-03,7.77,7.87,7.74,7.77,5234656.0,40738631.0,6178269886.0,0.0008472689112953393,001965
2023-01-04,7.75,7.84,7.73,7.79,4429724.0,34536128.0,6178269886.0,0.0007169845412609416,001965
2023-01-05,7.8,7.81,7.73,7.75,3345518.0,25957935.0,6178269886.0,0.0005414975489466664,001965
2023-01-06,7.73,7.79,7.64,7.66,3888318.0,29931413.0,6178269886.0,0.0006293538598582354,001965
2023-01-09,7.67,7.72,7.62,7.68,4640844.0,35546657.0,6178269886.0,0.000751155919963319,001965
2023-01-10,7.66,7.67,7.52,7.56,5730808.0,43440606.0,6178269886.0,0.0009275748883981336,001965
2023-01-11,7.55,7.65,7.52,7.57,3000096.0,22772607.0,6178269886.0,0.00048558836945570107,001965
2023-01-12,7.56,7.59,7.54,7.58,2332948.0,17643912.0,6178269886.0,0.0003776053884092172,001965
2023-01-13,7.58,7.65,7.58,7.64,3022107.0,23026167.0,6178269886.0,0.0004891510173176659,001965
2023-01-16,7.68,7.73,7.6,7.7,4197802.0,32238818.0,6178269886.0,0.0006794462005475428,001965
2023-01-17,7.72,7.76,7.67,7.74,3015190.0,23277894.0,6178269886.0,0.00048803144822670184,001965
2023-01-18,7.75,7.76,7.69,7.75,2046989.0,15843057.0,6178269886.0,0.00033132074800398256,001965
2023-01-19,7.74,7.78,7.7,7.77,2840428.0,22001764.0,6178269886.0,0.00045974488852233995,001965
2023-01-20,7.75,7.8,7.74,7.79,2277355.0,17708312.0,6178269886.0,0.00036860723827563784,001965
2023-01-30,7.85,7.96,7.81,7.88,5885416.0,46447638.0,6178269886.0,0.000952599369822997,001965
2023-01-31,7.88,7.91,7.84,7.88,2549402.0,20056973.0,6178269886.0,0.000412640115605335,001965
2023-02-01,7.9,7.91,7.82,7.89,3428432.0,26945117.0,6178269886.0,0.0005549178108533021,001965
2023-02-02,7.92,7.97,7.79,7.83,4051757.0,31830162.0,6178269886.0,0.0006558077058403208,001965
2023-02-03,7.8,7.85,7.76,7.8,4949478.0,38652487.0,6178269886.0,0.0008011106816838076,001965
2023-02-06,7.78,7.84,7.72,7.77,6423274.0,49921940.0,6178269886.0,0.0010396557804240928,001965
2023-02-07,7.75,7.94,7.75,7.91,7580792.0,59574621.0,6178269886.0,0.0012270088778701825,001965
2023-02-08,7.93,7.93,7.85,7.91,4267408.0,33719656.0,6178269886.0,0.0006907124613753074,001965
2023-02-09,7.95,7.97,7.88,7.91,5871093.0,46566081.0,6178269886.0,0.0009502810832695954,001965
2023-02-10,7.91,8.01,7.89,8.01,4383829.0,34972194.0,6178269886.0,0.0007095560862327793,001965
2023-02-13,8.01,8.09,7.96,8.03,5064414.0,40633944.0,6178269886.0,0.0008197139479898726,001965
2023-02-14,8.04,8.06,7.97,8.0,2563517.0,20524505.0,6178269886.0,0.00041492473577577863,001965
2023-02-15,7.99,8.04,7.95,8.01,2684110.0,21432413.0,6178269886.0,0.00043444363058373525,001965
2023-02-16,8.01,8.05,7.86,7.91,5027148.0,40095878.0,6178269886.0,0.0008136821622816365,001965
2023-02-17,7.91,7.97,7.88,7.91,3731179.0,29579849.0,6178269886.0,0.0006039197168215128,001965
2023-02-20,7.98,8.13,7.95,8.12,5882118.0,47429478.0,6178269886.0,0.0009520655634239802,001965
2023-02-21,8.12,8.16,8.04,8.08,2825795.0,22898528.0,6178269886.0,0.00045737642610972206,001965
2023-02-22,8.07,8.18,8.05,8.12,3050667.0,24765724.0,6178269886.0,0.000493773670669977,001965
2023-02-23,8.17,8.25,8.07,8.22,4440252.0,36231782.0,6178269886.0,0.00071868857818297,001965
2023-02-24,8.21,8.21,8.08,8.16,3377155.0,27496688.0,6178269886.0,0.0005466182381661013,001965
2023-02-27,8.13,8.26,8.12,8.17,3236305.0,26549064.0,6178269886.0,0.0005238205937447777,001965
2023-02-28,8.18,8.3,8.14,8.28,4111471.0,33811017.0,6178269886.0,0.0006654728711862556,001965
2023-03-01,8.27,8.51,8.24,8.47,12915401.0,108748511.0,6178269886.0,0.0020904559428953375,001965
2023-03-02,8.46,8.66,8.41,8.54,7859198.0,67361588.0,6178269886.0,0.0012720710077442545,001965
2023-03-03,8.53,8.55,8.41,8.47,5784706.0,49071918.0,6178269886.0,0.0009362986898821273,001965
2023-03-06,8.56,8.67,8.51,8.58,5450409.0,46809569.0,6178269886.0,0.0008821901763065842,001965
2023-03-07,8.56,8.72,8.41,8.46,5566286.0,47697634.0,6178269886.0,0.0009009457506240122,001965
2023-03-08,8.46,8.6,8.42,8.52,3745501.0,31870017.0,6178269886.0,0.000606237841517304,001965
2023-03-09,8.53,8.58,8.45,8.53,3402149.0,28927391.0,6178269886.0,0.000550663707279815,001965
2023-03-10,8.48,8.53,8.38,8.41,4016550.0,33889810.0,6178269886.0,0.0006501091849518469,001965
2023-03-13,8.42,8.53,8.39,8.49,7894389.0,66584199.0,6178269886.0,0.0012777669389109623,001965
2023-03-14,8.51,8.83,8.5,8.53,7857571.0,67823236.0,6178269886.0,0.0012718076654121742,001965
2023-03-15,8.56,8.73,8.5,8.69,5079725.0,43818441.0,6178269886.0,0.0008221921498623247,001965
2023-03-16,8.65,8.75,8.58,8.65,4008173.0,34726482.0,6185183893.0,0.0006480281054434285,001965
2023-03-17,8.68,8.8,8.63,8.75,4502353.0,39402827.0,6185183893.0,0.0007279254874047445,001965
2023-03-20,8.73,8.98,8.61,8.63,6845338.0,59900319.0,6185183893.0,0.0011067315246272825,001965
2023-03-21,8.7,8.73,8.58,8.61,4571955.0,39454509.0,6185183893.0,0.0007391785077197542,001965
2023-03-22,8.61,8.67,8.53,8.64,4524210.0,38900688.0,6185183893.0,0.0007314592546100715,001965
2023-03-23,8.63,8.63,8.5,8.57,3510287.0,30012268.0,6185183893.0,0.0005675315497042409,001965
2023-03-24,8.58,8.7,8.54,8.58,5146735.0,44264005.0,6185183893.0,0.000832107030128037,001965
2023-03-27,8.54,8.6,8.34,8.53,6051294.0,51192189.0,6185183893.0,0.0009783531265494744,001965
2023-03-28,8.53,8.67,8.48,8.62,4022701.0,34533686.0,6185183893.0,0.0006503769442574922,001965
2023-03-29,8.6,8.61,8.38,8.4,5187831.0,43756746.0,6185183893.0,0.0008387512949891852,001965
2023-03-30,8.42,8.58,8.42,8.5,4373574.0,37164511.0,6185183893.0,0.0007071049261687651,001965
2023-03-31,8.49,8.57,8.45,8.47,3189355.0,27074753.0,6185183893.0,0.0005156443292833234,001965
2023-04-03,8.46,8.57,8.46,8.55,3926236.0,33494685.0,6185183893.0,0.0006347808032746554,001965
2023-04-04,8.67,8.88,8.5,8.71,7376035.0,64398392.0,6185183893.0,0.0011925328539298128,001965
2023-04-06,8.84,9.05,8.76,8.95,7479104.0,66858577.0,6185183893.0,0.0012091967077105625,001965
2023-04-07,8.94,8.94,8.76,8.8,4603156.0,40614713.0,6185183893.0,0.0007442229818275186,001965
2023-04-10,8.81,8.83,8.68,8.77,4149957.0,36443256.0,6185183893.0,0.0006709512719090953,001965
2023-04-11,8.72,8.77,8.68,8.72,5910902.0,51509963.0,6185183893.0,0.0009556550140230407,001965
2023-04-12,8.75,8.85,8.69,8.84,5087210.0,44791344.0,6185183893.0,0.0008224832257222591,001965
2023-04-13,8.85,8.97,8.74,8.83,4314008.0,38039056.0,6185183893.0,0.0006974744930190874,001965
2023-04-14,8.85,8.88,8.71,8.85,3715087.0,32696857.0,6185183893.0,0.0006006429338672534,001965
2023-04-17,8.84,9.02,8.8,8.95,6071645.0,54146784.0,6185183893.0,0.0009816434086739932,001965
2023-04-18,8.97,9.0,8.89,8.92,3126216.0,27934328.0,6185183893.0,0.0005054362253542783,001965
2023-04-19,8.92,9.14,8.86,9.05,6148374.0,55361785.0,6185183893.0,0.0009940486986908087,001965
2023-04-20,9.03,9.08,8.9,9.0,3683406.0,33074672.0,6185183893.0,0.000595520854952857,001965
2023-04-21,9.0,9.25,8.95,9.01,8920583.0,81084386.0,6185183893.0,0.001442250247417179,001965
2023-04-24,9.01,9.05,8.91,9.01,7329826.0,65917522.0,6185183893.0,0.0011850619362013526,001965
2023-04-25,8.99,9.3,8.98,9.15,13230173.0,121310378.0,6185183893.0,0.0021390104528618906,001965
2023-04-26,9.18,9.22,8.95,9.16,8891609.0,80736541.0,6185183893.0,0.0014375658272768512,001965
2023-04-27,9.1,9.25,9.02,9.08,10219834.0,93288674.0,6185183893.0,0.0016523088362119939,001965
2023-04-28,9.09,9.21,9.08,9.18,18025527.0,165234890.0,6185183893.0,0.0029143073693249687,001965
2023-05-04,9.28,9.68,9.16,9.53,27583639.0,258635449.0,6185183893.0,0.004459631189174087,001965
2023-05-05,9.52,9.64,9.23,9.28,20037895.0,188385626.0,6185183893.0,0.003239660347476107,001965
2023-05-08,9.35,9.9,9.35,9.9,34590255.0,335597648.0,6185183893.0,0.005592437605476381,001965
2023-05-09,10.15,10.47,9.12,9.17,43811253.0,420374765.0,6185183893.0,0.007083257952860998,001965
2023-05-10,9.11,9.33,8.92,9.01,23037000.0,209577867.0,6185183893.0,0.003724545688297452,001965
2023-05-11,9.0,9.05,8.83,8.87,12833581.0,114463822.0,6185183893.0,0.0020748907747955942,001965
2023-05-12,8.85,9.35,8.78,9.03,19616106.0,179009567.0,6185183893.0,0.003171466902091669,001965
2023-05-15,9.07,9.35,8.96,9.3,19814263.0,181568614.0,6185183893.0,0.00320350426806623,001965
2023-05-16,9.3,9.42,9.1,9.19,9828463.0,90900701.0,6185183893.0,0.001589033272094502,001965
2023-05-17,9.11,9.12,8.78,9.09,10554111.0,94688817.0,6185183893.0,0.0017063536319339634,001965
2023-05-18,9.08,9.15,8.91,9.05,7857867.0,71118875.0,6185183893.0,0.0012704338522405189,001965
2023-05-19,9.0,9.07,8.9,8.95,5670870.0,50874896.0,6185183893.0,0.0009168474370532349,001965
2023-05-22,8.92,9.02,8.88,9.0,5108048.0,45796373.0,6185183893.0,0.0008258522443901734,001965
2023-05-23,8.93,9.03,8.88,8.88,5066080.0,45334098.0,6185183893.0,0.0008190669974636436,001965
2023-05-24,8.84,8.85,8.53,8.54,11507296.0,99395916.0,6185183893.0,0.0018604614186205895,001965
2023-05-25,8.54,8.85,8.47,8.83,11912273.0,103199811.0,6185183893.0,0.0019259367556527394,001965
2023-05-26,8.8,9.06,8.73,9.05,9524248.0,84800280.0,6185183893.0,0.0015398488007412265,001965
2023-05-29,9.01,9.3,9.01,9.25,9498793.0,87169178.0,6185183893.0,0.00153573332083952,001965
2023-05-30,9.2,9.35,9.13,9.35,8511709.0,78972298.0,6185183893.0,0.001376144856361185,001965
2023-05-31,9.39,9.43,9.27,9.42,7253782.0,68024101.0,6185183893.0,0.0011727673947106686,001965
2023-06-01,9.38,9.47,9.13,9.21,10262218.0,95036081.0,6185183893.0,0.0016591613406376049,001965
2023-06-02,9.25,9.28,9.03,9.13,7542052.0,68887194.0,6185183893.0,0.0012193739313936353,001965
2023-06-05,9.17,9.21,9.08,9.16,4289711.0,39204540.0,6185183893.0,0.0006935462347133807,001965
2023-06-06,9.15,9.39,9.02,9.08,7938401.0,73070059.0,6185183893.0,0.0012834543220265739,001965
2023-06-07,9.1,9.51,9.05,9.48,13369124.0,125542102.0,6185183893.0,0.0021614755892917477,001965
2023-06-08,9.4,9.81,9.4,9.55,11822496.0,113468195.0,6185184013.0,0.0019114218712250946,001965
2023-06-09,9.5,9.54,9.31,9.39,7465233.0,70201802.0,6185184013.0,0.0012069540670592172,001965
2023-06-12,9.39,9.43,9.21,9.37,8488987.0,79236635.0,6185184013.0,0.001372471212199649,001965
2023-06-13,9.4,9.47,9.3,9.45,6540961.0,61594491.0,6185184013.0,0.0010575208411345933,001965
2023-06-14,9.4,9.71,9.4,9.47,6426039.0,61189338.0,6185184013.0,0.0010389406340205517,001965
2023-06-15,9.54,9.54,9.38,9.41,5390504.0,50875712.0,6185184013.0,0.0008715187759442978,001965
2023-06-16,9.41,9.45,9.17,9.19,10861918.0,100746439.0,6185184013.0,0.0017561188118527201,001965
2023-06-19,9.18,9.18,8.96,9.06,5790460.0,52441666.0,6185184013.0,0.0009361823331091896,001965
2023-06-20,9.03,9.05,8.86,8.88,5658609.0,50497195.0,6185184013.0,0.0009148651015243449,001965
2023-06-21,8.85,9.19,8.78,9.1,10265651.0,93049812.0,6185184013.0,0.0016597163444812132,001965
2023-06-26,9.11,9.11,8.82,8.93,8425476.0,75228293.0,6185184013.0,0.0013622029647446805,001965
2023-06-27,8.99,9.39,8.85,9.35,9514299.0,87306471.0,6185184013.0,0.0015382402496033872,001965
2023-06-28,9.35,9.58,9.26,9.49,8830025.0,83507421.0,6185184013.0,0.0014276091028886258,001965
2023-06-29,9.48,9.62,9.39,9.6,6393757.0,61142651.0,6185184013.0,0.0010337213875224443,001965
2023-06-30,9.65,9.68,9.54,9.6,5961699.0,57142776.0,6185184109.0,0.000963867670701215,001965
2023-07-03,9.63,9.66,9.45,9.48,5966600.0,56795078.0,6185184109.0,0.0009646600480845929,001965
2023-07-04,9.48,9.53,9.32,9.34,4286843.0,40205390.0,6185184109.0,0.0006930825217898134,001965
2023-07-05,9.32,9.47,9.31,9.39,4566615.0,42881994.0,6185184109.0,0.0007383151284624113,001965
2023-07-06,9.35,9.39,9.26,9.29,3208370.0,29890498.0,6185184109.0,0.000518718593247941,001965
2023-07-07,9.33,9.47,9.27,9.45,5464535.0,51307971.0,6185184109.0,0.0008834878483323737,001965
2023-07-10,9.43,9.53,9.27,9.51,6064372.0,57060750.0,6185184109.0,0.0009804674999367912,001965
2023-07-11,9.51,9.64,9.42,9.6,5380612.0,51276243.0,6185184109.0,0.0008699194567499979,001965
2023-07-12,9.6,9.6,9.37,9.43,5777878.0,54726415.0,6185184109.0,0.0009341481026559367,001965
2023-07-13,9.42,9.67,9.41,9.65,6163693.0,59172645.0,6185184109.0,0.0009965253889583127,001965
2023-07-14,9.65,9.68,9.57,9.63,3731959.0,35929574.0,6185184109.0,0.0006033707217493597,001965
2023-07-17,9.63,9.75,9.53,9.72,5186265.0,50200732.0,6185184109.0,0.0008384980800253815,001965
2023-07-18,9.41,9.42,9.08,9.17,7008815.0,64395412.0,6185184109.0,0.0011331619037502122,001965
2023-07-19,9.2,9.21,9.11,9.17,4312895.0,39427522.0,6185184109.0,0.0006972945225226763,001965
2023-07-20,9.18,9.28,9.04,9.06,5341229.0,48692253.0,6185184109.0,0.0008635521442648782,001965
2023-07-21,9.06,9.12,9.0,9.03,4634464.0,41961349.0,6185184109.0,0.0007492847291734513,001965
2023-07-24,9.02,9.12,9.0,9.06,4021174.0,36433494.0,6185184109.0,0.0006501300412624468,001965
2023-07-25,9.1,9.15,9.0,9.15,5485833.0,49867566.0,6185184109.0,0.0008869312381530598,001965
2023-07-26,9.14,9.15,9.04,9.1,4712816.0,42781100.0,6185184109.0,0.0007619524200003082,001965
2023-07-27,9.09,9.2,9.04,9.1,3902631.0,35621327.0,6185184109.0,0.0006309644031972016,001965
2023-07-28,9.09,9.33,9.09,9.19,5297407.0,48668241.0,6185184109.0,0.0008564671490201553,001965
2023-07-31,9.19,9.27,9.16,9.18,5508820.0,50698790.0,6185184109.0,0.0008906476998775462,001965
2023-08-01,9.2,9.3,9.15,9.18,5613601.0,51652658.0,6185184109.0,0.0009075883435436796,001965
2023-08-02,9.18,9.24,9.13,9.16,4958944.0,45579564.0,6185184109.0,0.000801745576624678,001965
2023-08-03,9.16,9.22,9.1,9.21,3944391.0,36141830.0,6185184109.0,0.0006377160211384097,001965
2023-08-04,9.21,9.25,8.94,9.02,8239526.0,75188819.0,6185184109.0,0.0013321391659159745,001965
2023-08-07,9.03,9.05,8.89,8.94,5402970.0,48366773.0,6185184109.0,0.0008735342238460116,001965
2023-08-08,8.94,9.06,8.87,9.05,3909083.0,35105301.0,6185184109.0,0.0006320075411032522,001965
2023-08-09,9.05,9.09,8.94,9.06,5060444.0,45693029.0,6185184109.0,0.0008181557591206701,001965
2023-08-10,9.05,9.19,9.0,9.17,5197500.0,47439927.0,6185184109.0,0.0008403145174671792,001965
2023-08-11,9.17,9.31,9.07,9.08,7257134.0,66817624.0,6185184109.0,0.0011733092939691507,001965
2023-08-14,9.04,9.25,9.01,9.22,6887307.0,62870184.0,6185184109.0,0.0011135168943440742,001965
2023-08-15,9.29,9.54,9.19,9.52,20619513.0,194252455.0,6185184109.0,0.00333369429860572,001965
2023-08-16,9.48,9.49,9.25,9.4,12938113.0,121143324.0,6185184109.0,0.0020917910885100218,001965
2023-08-17,9.34,9.48,9.12,9.37,12269739.0,113684068.0,6185184109.0,0.0019837306026422763,001965
2023-08-18,9.37,9.63,9.33,9.54,14504972.0,138212023.0,6185184109.0,0.0023451156415690132,001965
2023-08-21,9.54,9.95,9.53,9.68,25429016.0,247951819.0,6185184109.0,0.004111278751266028,001965
2023-08-22,9.65,9.73,9.54,9.65,13659227.0,131680701.0,6185184109.0,0.00220837840220869,001965
2023-08-23,9.63,9.74,9.51,9.63,10508071.0,101095647.0,6185184109.0,0.0016989099782348937,001965
2023-08-24,9.62,9.73,9.35,9.4,11909688.0,112814072.0,6185184109.0,0.0019255187541904098,001965
2023-08-25,9.44,9.63,9.36,9.54,11891324.0,113176502.0,6185184109.0,0.0019225497237336966,001965
2023-08-28,9.8,9.97,9.3,9.39,16416695.0,155428771.0,6185184109.0,0.002654196659419116,001965
2023-08-29,9.39,9.43,9.2,9.28,12648965.0,117330110.0,6185184109.0,0.002045042601334149,001965
2023-08-30,9.28,9.42,9.26,9.35,10162316.0,94938013.0,6185184109.0,0.001643009459526502,001965
2023-08-31,9.33,9.78,9.3,9.71,16526236.0,158084691.0,6185187069.0,0.0026719056053824265,001965
2023-09-01,9.7,9.85,9.61,9.85,8383528.0,81793892.0,6185187069.0,0.0013554202817919654,001965
2023-09-04,9.82,9.9,9.65,9.84,11139562.0,109172967.0,6185187069.0,0.0018010064814096248,001965
2023-09-05,9.83,9.95,9.75,9.89,7495112.0,73989750.0,6185187069.0,0.0012117842057785626,001965
2023-09-06,9.92,9.92,9.72,9.79,5472044.0,53559014.0,6185187069.0,0.0008847014550983826,001965
2023-09-07,9.79,10.08,9.72,9.96,8365842.0,83326235.0,6185187069.0,0.0013525608694892005,001965
2023-09-08,9.97,10.05,9.88,9.96,6322720.0,62888526.0,6185187069.0,0.001022235856323459,001965
2023-09-11,9.97,10.0,9.88,9.98,3924874.0,39045217.0,6185187069.0,0.0006345602737985676,001965
2023-09-12,10.01,10.1,9.93,10.03,4984954.0,49904556.0,6185187069.0,0.00080595040123919,001965
2023-09-13,10.03,10.29,9.95,10.27,9643127.0,98279835.0,6185187069.0,0.001559067962282193,001965
2023-09-14,10.1,10.22,9.95,10.16,16587127.0,167836321.0,6185187069.0,0.002681750255078663,001965
2023-09-15,10.16,10.16,9.85,9.89,13100263.0,130714763.0,6185187069.0,0.0021180059477357094,001965
2023-09-18,9.86,10.03,9.69,9.79,15278582.0,149740083.0,6185187069.0,0.0024701891518489174,001965
2023-09-19,9.78,9.9,9.73,9.84,10253035.0,100984198.0,6185187069.0,0.0016576758124888333,001965
2023-09-20,9.8,9.85,9.72,9.81,4603492.0,45111554.0,6185187069.0,0.0007442769230170232,001965
2023-09-21,9.79,9.84,9.73,9.78,5124734.0,50136753.0,6185187069.0,0.0008285495560328379,001965
2023-09-22,9.79,9.83,9.65,9.68,7477886.0,72577468.0,6185187069.0,0.0012089991647106317,001965
2023-09-25,9.68,9.93,9.65,9.89,10330917.0,101717037.0,6185187069.0,0.001670267509252597,001965
2023-09-26,9.89,9.96,9.72,9.78,7250937.0,71160830.0,6185187069.0,0.0011723068225925634,001965
2023-09-27,9.79,9.8,9.58,9.59,6296286.0,60848407.0,6185187069.0,0.001017962097146071,001965
2023-09-28,9.6,9.72,9.5,9.65,6455956.0,62180019.0,6203239112.0,0.0010407395045454763,001965
2023-10-09,9.65,9.8,9.45,9.68,6997079.0,67424027.0,6203239112.0,0.0011279718343380216,001965
2023-10-10,9.67,9.79,9.53,9.55,5897549.0,56631207.0,6203239112.0,0.0009507208884776583,001965
2023-10-11,9.55,9.62,9.48,9.49,5223868.0,49731125.0,6203239112.0,0.0008421194001525053,001965
2023-10-12,9.5,9.67,9.5,9.59,8394918.0,80420196.0,6203239112.0,0.0013533120114232347,001965
2023-10-13,9.55,9.56,9.46,9.52,4953205.0,47109730.0,6203239112.0,0.000798486872836831,001965
2023-10-16,9.51,9.71,9.48,9.69,6591020.0,63334209.0,6203239112.0,0.0010625126455709,001965
2023-10-17,9.67,9.86,9.63,9.83,9938442.0,97142950.0,6203239112.0,0.0016021374995483166,001965
2023-10-18,9.8,9.82,9.66,9.69,3970895.0,38674865.0,6203239112.0,0.0006401325063092296,001965
2023-10-19,9.67,9.72,9.32,9.43,9375707.0,88863239.0,6203239112.0,0.001511421183468963,001965
2023-10-20,9.49,9.5,9.2,9.28,7261345.0,67591524.0,6203239112.0,0.0011705731262161283,001965
2023-10-23,9.25,9.44,9.2,9.3,8791673.0,81844498.0,6203239112.0,0.0014172713386128779,001965
2023-10-24,9.35,9.5,9.15,9.45,9997644.0,93175278.0,6203239112.0,0.001611681223227366,001965
2023-10-25,9.43,9.46,9.18,9.34,10184495.0,94595852.0,6203239112.0,0.0016418027446819465,001965
2023-10-26,9.3,9.68,9.26,9.6,8823141.0,84010151.0,6203239112.0,0.0014223441722457336,001965
2023-10-27,9.6,9.8,9.55,9.56,5003670.0,48369665.0,6203239112.0,0.0008066221387985084,001965
2023-10-30,9.55,9.66,9.29,9.32,10744196.0,101023264.0,6203239112.0,0.001732029961446374,001965
2023-10-31,9.3,9.37,9.19,9.33,7385035.0,68469978.0,6203239112.0,0.001190512709031939,001965
2023-11-01,9.32,9.36,9.2,9.27,4707205.0,43571617.0,6203239112.0,0.0007588301716266326,001965
2023-11-02,9.24,9.5,9.2,9.39,11682259.0,109670322.0,6203239112.0,0.0018832514415575215,001965
2023-11-03,9.4,9.42,9.22,9.25,9033259.0,83956693.0,6203239112.0,0.0014562164760867273,001965
2023-11-06,9.21,9.25,8.94,9.03,14318227.0,129681981.0,6203239112.0,0.0023081855691007903,001965
2023-11-07,9.02,9.22,9.0,9.18,8365546.0,76395310.0,6203239112.0,0.001348577065781178,001965
2023-11-08,9.16,9.25,9.1,9.18,7991402.0,73254108.0,6203239112.0,0.0012882627697747208,001965
2023-11-09,9.18,9.32,9.11,9.29,8369608.0,77336200.0,6203239112.0,0.0013492318849694536,001965
2023-11-10,9.27,9.5,9.21,9.34,8436501.0,78895078.0,6203239112.0,0.0013600154447826805,001965
2023-11-13,9.38,9.38,9.04,9.27,10935382.0,100256119.0,6203239112.0,0.0017628503113552073,001965
2023-11-14,9.31,9.31,9.07,9.15,8205979.0,74924366.0,6203239112.0,0.001322853891626675,001965
2023-11-15,9.17,9.2,9.03,9.1,9547721.0,86743286.0,6203239112.0,0.0015391508899810407,001965
2023-11-16,9.06,9.28,9.06,9.25,10699290.0,98440998.0,6203239112.0,0.0017247908402083856,001965
2023-11-17,9.2,9.29,9.19,9.26,5835387.0,53994733.0,6203239112.0,0.0009406999947352666,001965
2023-11-20,9.27,9.47,9.22,9.35,14639909.0,136536911.0,6203239112.0,0.0023600426705589162,001965
2023-11-21,9.34,9.59,9.32,9.51,10451277.0,99274936.0,6203239112.0,0.001684809631113894,001965
2023-11-22,9.5,9.65,9.46,9.57,7100135.0,67987133.0,6203239112.0,0.00114458509043525,001965
2023-11-23,9.6,9.68,9.54,9.66,8308975.0,79827814.0,6203239112.0,0.0013394574753577547,001965
2023-11-24,9.65,9.72,9.59,9.65,5161700.0,49871103.0,6203239112.0,0.0008320975391734988,001965
2023-11-27,9.68,9.8,9.6,9.76,7536391.0,73274126.0,6203239112.0,0.0012149122198789747,001965
2023-11-28,9.78,9.89,9.71,9.84,8965070.0,87867857.0,6203239112.0,0.001445223993164686,001965
2023-11-29,9.84,9.95,9.78,9.83,7336970.0,72195602.0,6203239112.0,0.0011827643377162148,001965
2023-11-30,9.86,9.9,9.76,9.85,7841176.0,77064293.0,6203239112.0,0.0012640454218234881,001965
2023-12-01,9.86,9.88,9.67,9.7,7177309.0,70119807.0,6203239112.0,0.0011570260101880787,001965
2023-12-04,9.74,9.92,9.7,9.91,12007416.0,118003983.0,6203239112.0,0.0019356687342217673,001965
2023-12-05,9.93,10.01,9.82,9.87,10492505.0,104414619.0,6203239112.0,0.0016914558363069594,001965
2023-12-06,9.83,9.84,9.62,9.8,11366930.0,110674545.0,6203239112.0,0.001832418482468454,001965
2023-12-07,9.8,9.85,9.75,9.8,5853279.0,57374284.0,6203239112.0,0.0009435842943208473,001965
2023-12-08,9.77,10.0,9.73,9.95,14097679.0,139724619.0,6203239112.0,0.002272631885610925,001965
2023-12-11,9.95,10.11,9.78,10.11,16376290.0,163590839.0,6204248244.0,0.0026395284901498213,001965
2023-12-12,9.98,9.99,9.76,9.88,18878831.0,185832377.0,6204248244.0,0.0030428877532837806,001965
2023-12-13,9.87,9.93,9.8,9.89,10938566.0,107978656.0,6204248244.0,0.0017630767773643586,001965
2023-12-14,9.9,9.94,9.79,9.91,7990729.0,79026982.0,6204248244.0,0.0012879447574857547,001965
2023-12-15,9.88,9.91,9.74,9.74,7517278.0,73632596.0,6204248244.0,0.001211633981162795,001965
2023-12-18,9.74,9.85,9.72,9.82,8460397.0,82940512.0,6204248244.0,0.0013636457903150273,001965
2023-12-19,9.78,9.84,9.74,9.82,5828954.0,57064562.0,6204248244.0,0.0009395101180287331,001965
2023-12-20,9.78,10.01,9.78,9.92,17161847.0,170237989.0,6204248244.0,0.0027661444747309823,001965
2023-12-21,9.86,9.98,9.76,9.92,15100519.0,149273125.0,6204248244.0,0.002433899870883374,001965
2023-12-22,9.94,9.99,9.85,9.91,9004713.0,89308938.0,6204248244.0,0.0014513785789774403,001965
2023-12-25,9.88,9.89,9.75,9.84,5891982.0,57814270.0,6204248244.0,0.000949668963632784,001965
2023-12-26,9.84,9.96,9.83,9.92,10252739.0,101495018.0,6204248244.0,0.0016525352624172011,001965
2023-12-27,9.88,9.99,9.87,9.98,11899728.0,118266367.0,6204248244.0,0.0019179967551279046,001965
2023-12-28,9.96,9.97,9.73,9.77,14556381.0,142897993.0,6204248244.0,0.0023461957722399605,001965
2023-12-29,9.71,9.81,9.61,9.77,15671533.0,152110207.0,6254145172.999999,0.0025057833751055466,001965
2024-01-02,9.75,10.06,9.72,10.05,25607057.0,255139707.0,6254145172.999999,0.004094413591572701,001965
2024-01-03,10.0,10.15,9.97,10.09,18482963.0,186021084.0,6254145172.999999,0.0029553140339296058,001965
2024-01-04,10.1,10.15,9.97,10.1,22510049.0,226307137.0,6254145172.999999,0.003599220737180672,001965
2024-01-05,10.06,10.08,9.96,9.99,17777175.0,178227541.0,6254145172.999999,0.002842462799991676,001965
2024-01-08,9.99,10.05,9.86,9.96,25196642.0,251282083.0,6254145172.999999,0.004028790714481229,001965
2024-01-09,9.95,10.16,9.81,10.12,27569550.0,276019976.0,6254145172.999999,0.0044082043568514405,001965
2024-01-10,10.06,10.23,9.98,10.0,22709477.0,229340240.0,6254145172.999999,0.0036311080686198204,001965
2024-01-11,9.99,10.07,9.84,9.89,13542367.0,134647875.0,6254145172.999999,0.002165342604847782,001965
2024-01-12,9.91,10.08,9.86,9.98,10221623.0,101915588.0,6254145172.999999,0.0016343757167851085,001965
2024-01-15,9.95,10.05,9.9,10.0,8867231.0,88606977.0,6254145172.999999,0.001417816624769289,001965
2024-01-16,10.0,10.06,9.95,10.06,15030590.0,150446164.0,6254145172.999999,0.002403300464608515,001965
2024-01-17,10.03,10.09,9.99,10.0,21184389.0,212671486.0,6254145172.999999,0.00338725571824842,001965
2024-01-18,9.98,10.0,9.66,9.88,19680067.0,193082675.0,6254145172.999999,0.0031467237257237876,001965
2024-01-19,9.88,9.97,9.8,9.91,8788024.0,86744927.0,6254145172.999999,0.0014051519043624223,001965
2024-01-22,9.86,9.87,9.52,9.53,13691748.0,133269130.0,6254145172.999999,0.002189227723575901,001965
2024-01-23,9.57,9.72,9.45,9.7,11383257.0,109526923.0,6254145172.999999,0.0018201139700343189,001965
2024-01-24,9.7,9.87,9.64,9.87,16744912.0,163784958.0,6254145172.999999,0.0026774101874529675,001965
2024-01-25,9.81,10.02,9.78,9.97,15441527.0,153390183.0,6254145172.999999,0.0024690068063439245,001965
2024-01-26,9.98,10.22,9.97,10.16,22618781.0,228359500.0,6254145172.999999,0.003616606326576552,001965
2024-01-29,10.11,10.6,10.11,10.44,41702585.0,432227618.0,6254145172.999999,0.006667991203663735,001965
2024-01-30,10.21,10.34,10.09,10.2,46703415.0,477997572.0,6254145172.999999,0.007467593685165006,001965
2024-01-31,10.18,10.65,10.15,10.57,47621661.0,496320775.0,6254145172.999999,0.007614415668761453,001965
2024-02-01,10.28,10.36,10.15,10.21,42623970.0,437825008.0,6254145172.999999,0.006815315094381485,001965
2024-02-02,10.19,10.32,10.17,10.22,38440510.0,394490129.0,6254145172.999999,0.006146405133982649,001965
2024-02-05,10.18,10.65,10.17,10.48,52048059.0,543927908.0,6254145172.999999,0.008322169946533797,001965
2024-02-06,10.38,10.83,10.36,10.69,48831130.0,516710014.0,6254145172.999999,0.007807802449295656,001965
2024-02-07,10.52,10.57,10.04,10.22,59501210.0,611019130.0,6254145172.999999,0.00951388372896665,001965
2024-02-08,10.18,10.23,9.73,10.19,41488151.0,414842458.0,6254145172.999999,0.006633704503552305,001965
2024-02-19,10.22,10.72,10.19,10.62,55096082.0,577302856.0,6254145172.999999,0.008809530395593842,001965
2024-02-20,10.55,11.22,10.5,11.17,47889915.0,521716532.0,6254145172.999999,0.007657307861471991,001965
2024-02-21,11.05,11.25,10.77,10.83,43435783.0,476091224.0,6254145172.999999,0.006945119084782078,001965
2024-02-22,10.82,10.92,10.68,10.87,30183541.0,325879008.0,6254145172.999999,0.004826165713310666,001965
2024-02-23,10.91,11.06,10.84,10.94,35170678.0,384536099.0,6254145172.999999,0.005623578766901132,001965
2024-02-26,10.88,10.9,10.23,10.37,73167213.0,762027812.0,6254145172.999999,0.011698994982699294,001965
2024-02-27,10.28,10.62,10.2,10.57,64213943.0,673607365.0,6254145172.999999,0.010267421242030067,001965
2024-02-28,10.49,10.86,10.42,10.6,46733841.0,496483785.0,6254145172.999999,0.007472458618606487,001965
2024-02-29,10.55,10.63,10.43,10.55,46770771.0,492662562.0,6254145172.999999,0.007478363502324158,001965
2024-03-01,10.51,10.65,10.47,10.56,25727784.0,271625730.0,6254145172.999999,0.004113717108945658,001965
2024-03-04,10.5,10.74,10.38,10.71,37129769.0,393927263.0,6254145172.999999,0.005936825572948689,001965
2024-03-05,10.64,11.1,10.61,11.01,52075850.0,566093772.0,6254145172.999999,0.00832661355940674,001965
2024-03-06,10.89,10.91,10.66,10.69,58182406.0,626881368.0,6254145172.999999,0.009303014942982362,001965
2024-03-07,10.7,10.96,10.7,10.87,51836910.0,563836848.0,6254145172.999999,0.00828840849806094,001965
2024-03-08,10.86,11.22,10.73,11.13,45767415.0,502543908.0,6254145172.999999,0.00731793294431095,001965
2024-03-11,11.09,11.16,10.75,10.84,40040968.0,435983493.0,6254145172.999999,0.006402308691659787,001965
2024-03-12,10.81,10.84,10.3,10.37,63295656.0,665018961.0,6254145172.999999,0.010120592702781511,001965
2024-03-13,10.37,10.57,10.26,10.48,44687871.0,466498458.0,6254145172.999999,0.007145320385737712,001965
2024-03-14,10.43,10.59,10.35,10.54,33497283.0,350652408.0,6254145172.999999,0.005356013023908104,001965
2024-03-15,10.55,10.7,10.53,10.54,31248123.0,331061329.0,6254145172.999999,0.004996385938545594,001965
2024-03-18,10.51,10.62,10.49,10.51,29678839.0,313047766.0,6254145172.999999,0.004745466914987457,001965
2024-03-19,10.51,10.59,10.38,10.55,26036833.0,273785263.0,6254145172.999999,0.004163132175505706,001965
2024-03-20,10.51,10.86,10.47,10.76,30830591.0,329932612.0,6254145172.999999,0.004929625096184189,001965
2024-03-21,10.77,10.93,10.71,10.82,18717134.0,202445367.0,6254145172.999999,0.0029927565610092374,001965
2024-03-22,10.78,10.95,10.67,10.89,25751105.0,279322508.0,6820102365.999999,0.0037757651744900517,001965
2024-03-25,10.81,11.32,10.81,11.18,40209887.0,448224986.0,6820102365.999999,0.005895789365341031,001965
2024-03-26,11.25,11.33,11.13,11.25,25738648.0,288731790.0,6820102365.999999,0.0037739386623159674,001965
2024-03-27,11.29,11.36,11.07,11.24,22323277.0,250642697.0,6820102365.999999,0.0032731586422056354,001965
2024-03-28,11.25,11.27,11.07,11.21,19191888.0,214740731.0,6820102365.999999,0.0028140175865506946,001965
2024-03-29,11.21,11.4,11.13,11.3,30262332.0,341466391.0,6820337394.0,0.004437072574536039,001965
2024-04-01,11.38,11.43,11.06,11.09,42244325.0,472599602.0,6820337394.0,0.006193876132456916,001965
2024-04-02,11.09,11.3,11.08,11.29,25387926.0,285281591.0,6820337394.0,0.003722385643609701,001965
2024-04-03,11.5,11.58,11.0,11.28,39397147.0,442255776.0,6820337394.0,0.005776422004380389,001965
2024-04-08,11.23,11.55,11.16,11.4,29203712.0,333138304.0,6820337394.0,0.004281857379327179,001965
2024-04-09,11.4,11.57,11.34,11.51,29024155.0,332502272.0,6820337394.0,0.004255530675877294,001965
2024-04-10,11.46,11.7,11.42,11.6,23625286.0,273569342.0,6820337394.0,0.0034639468160011675,001965
2024-04-11,11.54,11.81,11.54,11.75,17766449.0,208117804.0,6820337394.0,0.0026049223042293383,001965
2024-04-12,11.75,11.9,11.66,11.73,15398313.0,181243825.0,6820337394.0,0.0022577054638889616,001965
2024-04-15,11.75,12.2,11.74,12.03,23344894.0,280424293.0,6820337394.0,0.003422835653341287,001965
2024-04-16,12.03,12.19,11.81,11.95,25824437.0,310026878.0,6820337394.0,0.0037863870228353105,001965
2024-04-17,11.92,12.25,11.8,12.25,24553039.0,296264053.0,6820337394.0,0.003599974250775313,001965
2024-04-18,12.26,12.35,11.77,11.86,38871448.0,465462882.0,6820337394.0,0.005699343852724362,001965
2024-04-19,11.81,12.08,11.66,11.96,27297573.0,325003412.0,6820337394.0,0.0040023786834965484,001965
2024-04-22,11.94,12.11,11.68,11.74,20132403.0,237556626.0,6820337394.0,0.0029518192190478606,001965
2024-04-23,11.69,11.83,11.57,11.69,19535041.0,228744433.0,6820337394.0,0.002864233815937816,001965
2024-04-24,11.73,11.89,11.7,11.8,16912430.0,199603039.0,6820337394.0,0.002479705771576379,001965
2024-04-25,11.81,11.86,11.64,11.76,15287226.0,179298087.0,6820337394.0,0.0022414178532353117,001965
2024-04-26,11.74,11.78,11.35,11.46,50022638.0,572805676.0,6820337394.0,0.007334334815167064,001965
2024-04-29,11.2,11.24,10.63,10.92,82859037.0,898043579.0,6820337394.0,0.012148817897614994,001965
2024-04-30,10.79,11.19,10.77,11.08,42825685.0,473146543.0,6820337394.0,0.006279115317326485,001965
2024-05-06,11.1,11.35,10.87,11.34,41137861.0,456863203.0,6820337394.0,0.006031646035017252,001965
2024-05-07,11.24,11.32,11.09,11.27,31322581.0,350865646.0,6820337394.0,0.004592526614233947,001965
2024-05-08,11.27,11.48,11.23,11.43,24374425.0,278130299.0,6820337394.0,0.0035737858102801064,001965
2024-05-09,11.43,11.6,11.35,11.5,19672685.0,226302503.0,6820337394.0,0.00288441522223028,001965
2024-05-10,11.5,11.52,11.34,11.41,22021701.0,251586613.0,6820337394.0,0.003228828682195836,001965
2024-05-13,11.4,11.6,11.27,11.52,30031493.0,343935705.0,6820337394.0,0.0044032268882210086,001965
2024-05-14,11.47,11.6,11.28,11.31,29148215.0,332206468.0,6820337394.0,0.004273720391844885,001965
2024-05-15,11.25,11.35,11.07,11.31,25811297.0,289779401.0,6820337394.0,0.0037844604319291833,001965
2024-05-16,11.27,11.34,11.17,11.23,21927775.0,247102020.0,6820337394.0,0.003215057222724838,001965
2024-05-17,11.24,11.37,11.14,11.37,16060405.0,180591522.0,6820337394.0,0.002354781599826526,001965
2024-05-20,11.37,11.51,11.29,11.43,20052770.0,228719495.0,6820337394.0,0.002940143403703292,001965
2024-05-21,11.43,11.55,11.37,11.53,16253004.0,186349582.0,6820337394.0,0.0023830205253919145,001965
2024-05-22,11.55,11.63,11.3,11.35,21609288.0,247062027.0,6820337394.0,0.003168360559260626,001965
2024-05-23,11.34,11.48,11.28,11.34,14327332.0,162759217.0,6820337394.0,0.002100677894997404,001965
2024-05-24,11.29,11.49,11.27,11.36,12354587.0,141103773.0,6820337394.0,0.001811433406633021,001965
2024-05-27,11.43,11.63,11.36,11.6,17667006.0,204156645.0,6820337394.0,0.00259034194049433,001965
2024-05-28,11.62,11.83,11.59,11.71,15805661.0,185040813.0,6820337394.0,0.002317430954941406,001965
2024-05-29,11.66,11.89,11.65,11.72,14642347.0,172306619.0,6820337394.0,0.0021468654927366488,001965
2024-05-30,11.72,11.8,11.58,11.65,15097815.0,176114276.0,6820337394.0,0.0022136463532261438,001965
2024-05-31,11.7,11.76,11.6,11.75,21859717.0,256010677.0,6820337394.0,0.003205078537497349,001965
2024-06-03,11.87,11.88,11.56,11.67,25215734.0,293946027.0,6820337394.0,0.0036971387987613097,001965
2024-06-04,11.69,11.82,11.58,11.8,22273937.0,261106978.0,6820337394.0,0.003265811603337229,001965
2024-06-05,11.75,11.96,11.67,11.9,16457017.0,195395980.0,6820337394.0,0.002412932975204071,001965
2024-06-06,11.91,11.96,11.77,11.84,22897031.0,271328029.0,6820337394.0,0.003357169840328283,001965
2024-06-07,11.87,12.02,11.55,11.99,31596236.0,372060092.0,6820337394.0,0.004632649995848578,001965
2024-06-11,11.98,12.19,11.83,11.86,34618572.0,415155149.0,6820337394.0,0.0050757858446203435,001965
2024-06-12,11.89,12.27,11.76,12.18,35891668.0,431745536.0,6820337394.0,0.00526244757797095,001965
2024-06-13,12.18,12.35,11.93,11.97,31081444.0,376754671.0,6820337394.0,0.004557171031940887,001965
2024-06-14,12.04,12.14,11.18,11.25,104625343.0,1204225230.0,6820337394.0,0.015340200485102278,001965
2024-06-17,11.3,11.52,11.24,11.37,46030215.0,523195354.0,6820337394.0,0.006748964507312173,001965
2024-06-18,11.36,11.64,11.26,11.61,27867685.0,319023700.0,6820337394.0,0.004085968683091222,001965
2024-06-19,11.59,11.73,11.31,11.41,29740115.0,341363096.0,6820337394.0,0.004360504954808105,001965
2024-06-20,11.41,11.49,11.27,11.41,30773523.0,350791936.0,6820337394.0,0.004512023558698451,001965
2024-06-21,11.4,11.93,11.31,11.72,48100926.0,561122218.0,6820337394.0,0.007052572801210016,001965
2024-06-24,11.62,11.69,11.47,11.51,23421420.0,270231214.0,6820337394.0,0.003434055919374947,001965
2024-06-25,11.5,11.7,11.48,11.64,20289914.0,235473910.0,6820337394.0,0.0029749135310885764,001965
2024-06-26,11.64,11.72,11.43,11.53,15407323.0,178169668.0,6820337394.0,0.002259026512904502,001965
2024-06-27,11.5,11.74,11.41,11.69,22702618.0,263179232.0,6820337394.0,0.003328664945516037,001965
2024-06-28,11.65,11.95,11.61,11.86,16165407.0,190549845.0,6820337394.0,0.00237017702587867,001965
2024-07-01,11.85,12.17,11.82,12.11,18799278.0,226863552.0,6820337394.0,0.002756356014958752,001965
2024-07-02,12.11,12.27,12.01,12.17,20102929.0,244118882.0,6820337394.0,0.002947497731957511,001965
2024-07-03,12.14,12.32,11.99,12.04,18817269.0,227872590.0,6820337394.0,0.0027589938610007715,001965
2024-07-04,12.01,12.18,11.98,12.01,13462561.0,162507345.0,6820337394.0,0.0019738849007445453,001965
2024-07-05,12.02,12.09,11.85,12.05,15395483.0,184163942.0,6820337394.0,0.002257290528404613,001965
2024-07-08,12.03,12.15,11.98,12.01,9750937.0,117562219.0,6820337394.0,0.0014296854300167193,001965
2024-07-09,12.05,12.1,11.91,12.08,15148937.0,181980438.0,6820337394.0,0.0022211418768412912,001965
2024-07-10,12.04,12.11,11.72,11.76,19010045.0,224652842.0,6820337394.0,0.0027872587383614704,001965
2024-07-11,11.76,11.81,11.58,11.65,15575492.0,181626441.0,6820337394.0,0.0022836835042357438,001965
2024-07-12,11.65,11.77,11.58,11.72,19755153.0,230631620.0,6820337394.0,0.0028965067061607597,001965
2024-07-15,11.69,12.02,11.63,11.97,23948074.0,284059871.0,6820337394.0,0.003511274093429402,001965
2024-07-16,11.97,12.03,11.75,11.87,17196299.0,204132355.0,6820337394.0,0.0025213267330627897,001965
2024-07-17,11.83,11.94,11.78,11.79,20400020.0,241682154.0,6820337394.0,0.002991057307215673,001965
2024-07-18,11.79,12.35,11.69,12.32,32761577.0,396564826.0,6820337394.0,0.004803512657426754,001965
2024-07-19,12.3,12.39,11.95,12.16,25195762.0,305148325.0,6820337394.0,0.003694210497880246,001965
2024-07-22,12.11,12.18,11.81,12.14,18376655.0,220503730.0,6820337394.0,0.0026943908986330127,001965
2024-07-23,12.1,12.28,11.98,12.15,22149562.0,268785244.0,6820337394.0,0.0032475757019712038,001965
2024-07-24,12.13,12.38,12.02,12.33,22504164.0,276196878.0,6820337394.0,0.003299567558021016,001965
2024-07-25,12.29,12.55,12.16,12.49,24767782.0,307163080.0,6820337394.0,0.003631459936540494,001965
2024-07-26,12.44,12.57,12.11,12.39,22388647.0,274810646.0,6820337394.0,0.0032826304193830326,001965
2024-07-29,12.29,12.7,12.26,12.68,21721112.0,271874553.0,6820337394.0,0.003184756229084581,001965
2024-07-30,12.18,12.46,11.95,12.44,24926645.0,305384813.0,6820337394.0,0.0036547524792436975,001965
2024-07-31,12.36,12.44,11.95,12.32,35095031.0,427207041.0,6820337394.0,0.005145644412089329,001965
2024-08-01,12.23,12.94,12.17,12.76,34072557.0,432392152.0,6820337394.0,0.004995728954695756,001965
2024-08-02,12.7,12.99,12.6,12.76,21557216.0,275497823.0,6820337394.0,0.0031607257463486123,001965
2024-08-05,12.62,12.82,12.44,12.73,23703386.0,300387480.0,6820337394.0,0.003475397862406688,001965
2024-08-06,12.65,12.73,12.17,12.28,25941957.0,320898813.0,6820337394.0,0.0038036178419592124,001965
2024-08-07,12.17,12.4,12.13,12.35,15306792.0,188351803.0,6820337394.0,0.002244286626269504,001965
2024-08-08,12.33,12.45,12.19,12.24,15161922.0,186502816.0,6820337394.0,0.002223045741598982,001965
2024-08-09,12.2,12.33,12.07,12.11,12579544.0,152825012.0,6820337394.0,0.0018444166722699819,001965
2024-08-12,12.16,12.35,12.1,12.3,11567028.0,141544584.0,6820337394.0,0.0016959612599481907,001965
2024-08-13,12.3,12.52,12.2,12.37,16662076.0,206232746.0,6820337394.0,0.002442998789863093,001965
2024-08-14,12.36,12.68,12.26,12.59,16229926.0,203739790.0,6820337394.0,0.002379636821820255,001965
2024-08-15,12.58,12.9,12.5,12.8,16080902.0,204623733.0,6820337394.0,0.0023577868763716473,001965
2024-08-16,12.8,12.83,12.6,12.69,11999439.0,152355866.0,6820337394.0,0.0017593614958925886,001965
2024-08-19,12.66,12.93,12.5,12.9,18042419.0,229831548.0,6820337394.0,0.0026453851118673852,001965
2024-08-20,12.89,12.92,12.61,12.7,14788678.0,187948666.0,6820337394.0,0.002168320589683719,001965
2024-08-21,12.69,13.0,12.62,12.88,17024523.0,218908766.0,6820337394.0,0.0024961408822643943,001965
2024-08-22,12.85,13.04,12.8,13.0,15126240.0,195822966.0,6820337394.0,0.0022178140356086907,001965
2024-08-23,12.96,12.96,12.65,12.82,13755678.0,175881857.0,6820337394.0,0.0020168618068808694,001965
2024-08-26,12.75,12.81,12.4,12.74,14061792.0,177637819.0,6820337394.0,0.002061744337218635,001965
2024-08-27,12.68,12.82,12.62,12.73,10333954.0,131580106.0,6820337394.0,0.0015151675647440853,001965
2024-08-28,12.69,12.84,12.56,12.8,10970307.0,139715144.0,6820337394.0,0.0016084698404584528,001965
2024-08-29,12.78,12.8,12.2,12.24,29240077.0,360811925.0,6820337394.0,0.004287189226990901,001965
2024-08-30,12.15,12.25,11.8,12.04,35807959.0,431067934.0,6820337394.0,0.005250174138232669,001965
2024-09-02,12.02,12.48,12.02,12.4,22409890.0,276480593.0,6820337394.0,0.0032857450746812717,001965
2024-09-03,12.38,12.52,11.93,12.16,16756419.0,203422867.0,6820337394.0,0.002456831390004399,001965
2024-09-04,12.16,12.44,12.11,12.39,13289821.0,163613501.0,6820337394.0,0.001948557707964909,001965
2024-09-05,12.4,12.6,12.25,12.58,14680634.0,183211690.0,6820337394.0,0.0021524791446409786,001965
2024-09-06,12.5,12.75,12.35,12.38,11321422.0,141719226.0,6820337394.0,0.0016599504314786103,001965
2024-09-09,12.38,12.47,12.16,12.26,12601847.0,155023223.0,6820337394.0,0.001847686745099461,001965
2024-09-10,12.25,12.46,12.19,12.29,14089257.0,173274881.0,6820337394.0,0.0020657712641011907,001965
2024-09-11,12.21,12.28,11.52,11.57,23033494.0,270650607.0,6820337394.0,0.003377178088031696,001965
2024-09-12,11.5,11.88,11.2,11.82,26545790.0,308771767.0,6820337394.0,0.003892152025111384,001965
2024-09-13,11.79,11.99,11.67,11.78,15725638.0,186096380.0,6820337394.0,0.002305697957674966,001965
2024-09-18,11.77,12.08,11.74,11.86,12972409.0,155038500.0,6820337394.0,0.0019020186613366242,001965
2024-09-19,11.9,11.91,11.48,11.63,23737811.0,275521858.0,6820337394.0,0.0034804452666641786,001965
2024-09-20,11.57,11.92,11.55,11.83,18163424.0,214058207.0,6820337394.0,0.002663126902780317,001965
2024-09-23,11.92,12.15,11.66,11.98,17762305.0,211841280.0,6820337394.0,0.002604314709654377,001965
2024-09-24,11.98,12.38,11.83,12.34,19575751.0,237767818.0,6820337394.0,0.0028702027288593107,001965
2024-09-25,12.4,12.68,11.93,11.97,32589608.0,396513818.0,6820337394.0,0.004778298508908048,001965
2024-09-26,11.92,12.04,11.72,12.04,22785420.0,270956523.0,6820337394.0,0.0033408054006308883,001965
2024-09-27,12.02,12.07,11.53,11.73,55650332.0,649302925.0,6820337394.0,0.008159469068048864,001965
2024-09-30,11.69,12.67,11.66,12.59,74378607.0,895862856.0,6820337394.0,0.010905414600959841,001965
2024-10-08,13.46,13.82,11.92,12.21,117376618.0,1461860381.0,6820337394.0,0.017209796410256592,001965
2024-10-09,11.89,12.02,11.4,11.6,65523106.0,766025076.0,6820337394.0,0.009607018277078508,001965
2024-10-10,11.54,12.19,11.51,11.77,55959779.0,665191138.0,6820337394.0,0.008204840283888161,001965
2024-10-11,11.75,12.03,11.63,11.82,32194040.0,382143228.0,6820337394.0,0.004720300205136743,001965
2024-10-14,11.99,12.51,11.85,12.4,54083309.0,659994153.0,6820337394.0,0.007929711666108816,001965
2024-10-15,12.4,12.4,11.9,11.91,30190468.0,365398698.0,6820337394.0,0.004426535852399211,001965
2024-10-16,11.81,12.16,11.78,12.01,19887520.0,239099881.0,6820337394.0,0.002915914397064211,001965
2024-10-17,12.13,12.23,11.76,11.8,21223391.0,253490517.0,6820337394.0,0.0031117802205314184,001965
2024-10-18,11.79,11.91,11.64,11.79,29647401.0,349468407.0,6820337394.0,0.0043469111991558465,001965
2024-10-21,11.81,12.16,11.71,12.07,33454926.0,398208824.0,6820337394.0,0.004905171704471839,001965
2024-10-22,11.99,12.42,11.96,12.4,34289896.0,421500770.0,6820337394.0,0.005027595266792164,001965
2024-10-23,12.39,12.8,12.36,12.64,24142888.0,304497108.0,6820337394.0,0.003539837782986957,001965
2024-10-24,12.68,12.68,12.28,12.35,14721707.0,182843414.0,6820337394.0,0.0021585012807359073,001965
2024-10-25,12.36,12.39,11.98,12.02,24577942.0,297422309.0,6820337394.0,0.003603625536417268,001965
2024-10-28,12.06,12.16,11.87,12.07,15284487.0,183946823.0,6820337394.0,0.0022410162601993995,001965
2024-10-29,12.07,12.15,11.92,12.06,18182013.0,218631650.0,6820337394.0,0.002665852427769206,001965
2024-10-30,12.06,12.07,11.82,11.92,16544461.0,196940465.0,6820337394.0,0.0024257540418095042,001965
2024-10-31,11.87,11.92,11.54,11.62,28222871.0,329980717.0,6820337394.0,0.00413804616540353,001965
2024-11-01,11.65,12.03,11.59,11.94,27123985.0,322955483.0,6820337394.0,0.00397692715669192,001965
2024-11-04,11.94,12.11,11.75,12.0,16164023.0,193308921.0,6820337394.0,0.002369974103366183,001965
2024-11-05,11.99,12.03,11.8,11.9,26151954.0,310538877.0,6820337394.0,0.0038344076677213133,001965
2024-11-06,11.88,11.9,11.68,11.72,25071661.0,295158142.0,6820337394.0,0.0036760147704798427,001965
2024-11-07,11.7,11.88,11.66,11.87,22576116.0,266836407.0,6820337394.0,0.0033101171827453436,001965
2024-11-08,11.85,12.07,11.61,11.76,44322934.0,521959797.0,6820337394.0,0.00649864243358281,001965
2024-11-11,11.68,11.68,11.5,11.52,25239076.0,291739452.0,6820337394.0,0.0037005612100954664,001965
2024-11-12,11.52,11.71,11.44,11.45,26274900.0,304366625.0,6820337394.0,0.00385243404866079,001965
2024-11-13,11.46,11.63,11.33,11.55,21444148.0,247378387.0,6820337394.0,0.003144147680855919,001965
2024-11-14,11.53,11.72,11.44,11.47,21297772.0,247111203.0,6820337394.0,0.0031226859859947863,001965
2024-11-15,11.48,11.84,11.38,11.65,37318462.0,436573619.0,6820337394.0,0.0054716445601107454,001965
2024-11-18,11.68,11.79,11.44,11.51,26456966.0,307676831.0,6820337394.0,0.003879128622474714,001965
2024-11-19,11.53,11.67,11.42,11.54,20756127.0,239445770.0,6820337394.0,0.003043269826835784,001965
2024-11-20,11.54,11.66,11.46,11.64,19070434.0,221229302.0,6820337394.0,0.002796112992412469,001965
2024-11-21,11.6,11.82,11.58,11.73,17009353.0,199649613.0,6820337394.0,0.002493916652123911,001965
2024-11-22,11.71,11.92,11.51,11.52,23037155.0,270540000.0,6820337394.0,0.0033777148649957243,001965
2024-11-25,11.53,11.75,11.5,11.72,24445199.0,285699812.0,6820337394.0,0.0035841627162763205,001965
2024-11-26,11.7,12.01,11.66,11.87,21921712.0,260916268.0,6820337394.0,0.0032141682637702074,001965
2024-11-27,11.88,11.93,11.64,11.74,13565915.0,159286590.0,6820337394.0,0.0019890386965217047,001965
2024-11-28,11.74,11.82,11.63,11.73,14509363.0,170321633.0,6820337394.0,0.002127367337100391,001965
2024-11-29,11.73,11.97,11.71,11.89,20059116.0,238159224.0,6820337394.0,0.0029410738562063578,001965
2024-12-02,12.07,12.15,11.75,11.87,20733856.0,246554249.0,6820337394.0,0.0030400044458563044,001965
2024-12-03,11.86,12.14,11.83,12.09,23887750.0,288018100.0,6820337394.0,0.0035024293696987157,001965
2024-12-04,12.06,12.34,12.0,12.28,26100054.0,317556640.0,6820337394.0,0.003826798073503048,001965
2024-12-05,12.24,12.47,12.2,12.42,19221360.0,237361702.0,6820337394.0,0.002818241809695434,001965
2024-12-06,12.38,12.65,12.34,12.5,18030475.0,225560969.0,6820337394.0,0.002643633878854997,001965
2024-12-09,12.51,12.62,12.38,12.53,15539781.0,194486263.0,6820337394.0,0.00227844754625639,001965
2024-12-10,12.65,12.65,12.2,12.3,35090942.0,431623726.0,6820337394.0,0.005145044881631556,001965
2024-12-11,12.28,12.39,12.16,12.36,21646045.0,265845211.0,6820337394.0,0.003173749882086845,001965
2024-12-12,12.36,12.6,12.33,12.37,21393241.0,266515847.0,6820337394.0,0.0031366836806079566,001965
2024-12-13,12.38,12.68,12.29,12.35,49924313.0,625695996.0,6820337394.0,0.007319918372941419,001965
2024-12-16,12.49,13.2,12.37,13.05,49196533.0,637177183.0,6820337394.0,0.007213211041916968,001965
2024-12-17,13.14,13.33,12.93,13.12,22475098.0,293937319.0,6820337394.0,0.0032953058920181626,001965
2024-12-18,13.08,13.35,13.03,13.28,18812133.0,248301828.0,6820337394.0,0.0027582408190758197,001965
2024-12-19,13.25,13.28,13.09,13.15,12714232.0,167688748.0,6820337394.0,0.0018641646689187235,001965
2024-12-20,13.18,13.36,13.0,13.06,13071522.0,171533281.0,6820337394.0,0.0019165506403685108,001965
2024-12-23,13.07,13.5,12.95,13.43,24201051.0,321026106.0,6820337394.0,0.003548365660222351,001965
2024-12-24,13.36,13.5,13.24,13.43,18174152.0,243131405.0,6820337394.0,0.002664699845492717,001965
2024-12-25,13.4,13.74,13.3,13.69,16473756.0,223490206.0,6820337394.0,0.002415387252614852,001965
2024-12-26,13.69,13.75,13.45,13.57,10960689.0,148926901.0,6820337394.0,0.0016070596462929177,001965
2024-12-27,13.62,14.01,13.5,13.91,17865711.0,246633066.0,6820337394.0,0.002619476129687786,001965
2024-12-30,13.88,14.09,13.78,13.85,17559129.0,244410481.0,6820337394.0,0.002574524981043775,001965
2024-12-31,13.85,14.22,13.76,13.95,17450876.0,244998662.0,6820337394.0,0.002558652892355724,001965
