日期,开盘,最高,最低,收盘,成交量,成交额,outstanding_share,换手率,股票代码
2020-01-02,51.45,52.85,50.91,52.29,20428727.0,1065455596.0,606232395.0,0.033697847836059634,002049
2020-01-03,52.47,52.76,51.43,51.96,15482222.0,804175312.0,606232395.0,0.025538427388064604,002049
2020-01-06,51.42,52.78,51.06,52.08,18740297.0,977896623.0,606232395.0,0.030912727783212576,002049
2020-01-07,52.23,52.57,51.7,52.34,13896814.0,723914990.0,606232395.0,0.022923245465956994,002049
2020-01-08,51.86,52.3,50.3,50.3,22874528.0,1168474190.0,606232395.0,0.03773227592035889,002049
2020-01-09,50.93,51.36,50.43,51.18,15558224.0,793034717.0,606232395.0,0.025663795152352425,002049
2020-01-10,51.39,52.78,51.2,52.34,26007941.0,1358932633.0,606232395.0,0.042900942302827615,002049
2020-01-13,52.24,54.85,51.88,54.5,34853052.0,1878548642.0,606232395.0,0.057491239807466905,002049
2020-01-14,54.56,54.58,52.94,52.95,25021193.0,1338952092.0,606232395.0,0.04127326946954064,002049
2020-01-15,52.93,54.8,52.8,54.79,26117405.0,1406824500.0,606232395.0,0.04308150672152715,002049
2020-01-16,54.68,55.95,53.87,54.65,23060668.0,1261005808.0,606232395.0,0.038039319888208876,002049
2020-01-17,54.4,55.24,53.78,53.9,19604316.0,1065317632.0,606232395.0,0.0323379551500213,002049
2020-01-20,54.0,56.28,53.5,55.98,29344561.0,1624468769.0,606232395.0,0.04840480522325106,002049
2020-01-21,55.41,57.99,55.17,56.97,32365392.0,1826434102.0,606232395.0,0.053387763944881234,002049
2020-01-22,56.09,59.88,55.66,58.76,33557831.0,1937714371.0,606232395.0,0.0553547307546968,002049
2020-01-23,58.0,60.2,55.01,55.84,39025447.0,2244873849.0,606232395.0,0.06437374070054439,002049
2020-02-03,50.26,50.26,50.26,50.26,3190200.0,160339452.0,606232395.0,0.00526233838097682,002049
2020-02-04,46.1,51.34,46.1,50.88,31488411.0,1573297885.0,606232395.0,0.051941155338622244,002049
2020-02-05,50.79,52.66,49.91,50.37,32099929.0,1644716780.0,606232395.0,0.05294987411551968,002049
2020-02-06,50.0,52.12,49.73,51.79,26127713.0,1337325641.0,606232395.0,0.043098510101889226,002049
2020-02-07,51.5,55.5,51.21,55.26,37916942.0,2044706387.0,606232395.0,0.06254522574630807,002049
2020-02-10,54.8,55.94,54.08,55.03,28369688.0,1559546393.0,606232395.0,0.04679672058765517,002049
2020-02-11,55.2,55.9,54.2,54.3,22658164.0,1241410645.0,606232395.0,0.03737537648412866,002049
2020-02-12,54.0,56.73,53.71,56.4,34563319.0,1921511335.0,606232395.0,0.05701331582585586,002049
2020-02-13,56.2,58.77,55.15,57.2,44246715.0,2525038444.0,606232395.0,0.07298639162956641,002049
2020-02-14,56.83,59.77,56.62,57.4,41609707.0,2418169135.0,606232395.0,0.06863656139655816,002049
2020-02-17,58.3,58.87,57.41,58.65,34670173.0,2019337382.0,606232395.0,0.05718957496489444,002049
2020-02-18,58.39,61.45,58.16,61.35,45317991.0,2726832291.0,606232395.0,0.0747534961407003,002049
2020-02-19,61.45,67.24,60.3,64.07,58024581.0,3711460726.0,606232395.0,0.09571342851119001,002049
2020-02-20,64.72,65.75,62.42,64.35,42132261.0,2700044464.0,606232395.0,0.06949853116971752,002049
2020-02-21,64.11,66.3,63.16,66.3,43556573.0,2826218376.0,606232395.0,0.07184798001433097,002049
2020-02-24,66.3,70.15,66.1,69.9,41853107.0,2856470759.0,606232395.0,0.06903805759175902,002049
2020-02-25,67.86,69.9,63.36,68.01,51348458.0,3468268506.0,606232395.0,0.08470094706832683,002049
2020-02-26,66.0,66.64,61.28,61.57,47107422.0,3011003650.0,606232395.0,0.07770522061923134,002049
2020-02-27,62.12,63.74,61.01,61.98,28601443.0,1781587121.0,606232395.0,0.047179007977625476,002049
2020-02-28,58.7,60.79,57.44,57.95,34473853.0,2032989175.0,606232395.0,0.05686573875683433,002049
2020-03-02,59.9,60.67,58.12,60.0,26142870.0,1556621993.0,606232395.0,0.04312351206503902,002049
2020-03-03,61.4,62.86,59.6,59.83,29790203.0,1826888420.0,606232395.0,0.049139906157604794,002049
2020-03-04,59.01,60.59,57.1,58.9,25455531.0,1495390982.0,606232395.0,0.04198972408922489,002049
2020-03-05,60.1,60.49,57.6,59.19,25431917.0,1499375376.0,606232395.0,0.04195077203025417,002049
2020-03-06,57.98,58.88,57.61,57.88,17491089.0,1017979221.0,606232395.0,0.02885211866647278,002049
2020-03-09,56.06,56.8,53.49,53.58,25340099.0,1396886712.0,606232395.0,0.04179931526094049,002049
2020-03-10,53.51,56.65,53.5,56.52,24903698.0,1371106939.0,606232395.0,0.041079457655838404,002049
2020-03-11,56.79,57.3,55.1,55.1,19489555.0,1096300424.0,606232395.0,0.03214865315800222,002049
2020-03-12,54.22,55.73,53.9,54.54,15647329.0,854175870.0,606232395.0,0.025810776740164142,002049
2020-03-13,51.78,55.97,51.5,55.15,24398995.0,1318193476.0,606232395.0,0.04024693368621451,002049
2020-03-16,55.52,55.78,51.0,51.63,22030175.0,1181043763.0,606232395.0,0.036339488258459035,002049
2020-03-17,52.64,53.57,50.88,52.87,18007755.0,944253438.0,606232395.0,0.029704375992642227,002049
2020-03-18,54.89,57.97,54.51,55.55,40294097.0,2266162097.0,606232395.0,0.06646642002692714,002049
2020-03-19,55.62,57.46,55.1,56.93,30773442.0,1735850819.0,606232395.0,0.05076179078156983,002049
2020-03-20,57.32,57.45,54.83,56.08,23222442.0,1297415893.0,606232395.0,0.03830617134869541,002049
2020-03-23,53.7,54.65,51.0,51.5,20459803.0,1083809784.0,606232395.0,0.03374910870607632,002049
2020-03-24,52.72,52.93,49.9,52.28,18848276.0,974788703.0,606232395.0,0.03109084264624295,002049
2020-03-25,53.4,53.86,52.36,52.78,16098671.0,854654668.0,606232395.0,0.02655528000940959,002049
2020-03-26,52.01,53.41,51.75,52.0,10908654.0,572364004.0,606232395.0,0.017994178618580752,002049
2020-03-27,52.7,52.86,51.27,51.3,9990622.0,520548092.0,606232395.0,0.016479855056244563,002049
2020-03-30,50.2,50.36,48.88,49.85,12886346.0,638433762.0,606232395.0,0.02125644572326096,002049
2020-03-31,50.65,51.15,49.87,49.9,8612261.0,433972161.0,606232395.0,0.014206203876650307,002049
2020-04-01,49.49,51.06,49.46,49.98,11760418.0,593449256.0,606232395.0,0.019399190965372282,002049
2020-04-02,53.11,54.98,53.11,54.98,34475049.0,1867895993.0,606232395.0,0.056867711597629156,002049
2020-04-03,56.23,60.28,56.14,58.75,65046949.0,3781880887.0,606232395.0,0.1072970523127521,002049
2020-04-07,60.21,62.33,59.2,62.17,50038587.0,3056637177.0,606232395.0,0.08254027236535257,002049
2020-04-08,61.18,62.95,60.68,62.2,35911107.0,2227182974.0,606232395.0,0.05923653585024931,002049
2020-04-09,62.19,62.68,60.45,61.08,27765594.0,1701154529.0,606232395.0,0.0458002479395711,002049
2020-04-10,61.3,63.2,59.38,59.57,37553228.0,2302139461.0,606232395.0,0.061945267705464664,002049
2020-04-13,59.47,60.72,59.0,59.68,22305241.0,1334604376.0,606232395.0,0.03679321854781449,002049
2020-04-14,60.31,61.5,58.89,61.12,30356891.0,1825476286.0,606232395.0,0.050074676395345054,002049
2020-04-15,60.69,60.69,58.0,58.0,40838179.0,2421410095.0,606232395.0,0.06736390093439332,002049
2020-04-16,57.45,60.18,57.33,59.63,28332457.0,1662988627.0,606232395.0,0.04673530684548786,002049
2020-04-17,60.35,61.78,58.8,59.47,38067365.0,2293439771.0,606232395.0,0.06279335336410058,002049
2020-04-20,58.81,62.43,58.81,62.4,41577931.0,2543842034.0,606232395.0,0.06858414585383547,002049
2020-04-21,62.4,62.4,59.8,60.68,31835076.0,1937494880.0,606232395.0,0.052512990500944774,002049
2020-04-22,59.92,61.25,59.6,61.03,20052424.0,1212935870.0,606232395.0,0.03307712383136503,002049
2020-04-23,60.43,60.79,58.8,59.32,22443674.0,1334296610.0,606232395.0,0.037021568271685644,002049
2020-04-24,58.2,58.98,55.0,55.8,39239772.0,2223354099.0,606232395.0,0.06472727674013527,002049
2020-04-27,55.3,56.36,54.9,55.56,16239249.0,903864548.0,606232395.0,0.026787167980358424,002049
2020-04-28,55.5,59.85,54.91,59.68,41464136.0,2401959652.0,606232395.0,0.06839643731015067,002049
2020-04-29,58.81,59.54,58.61,58.95,19907749.0,1174101934.0,606232395.0,0.03283847772602122,002049
2020-04-30,59.65,62.23,59.38,61.58,37961324.0,2328013069.0,606232395.0,0.06261843529493338,002049
2020-05-06,61.07,64.28,61.06,63.62,39448426.0,2477234797.0,606232395.0,0.06507145828127513,002049
2020-05-07,63.5,63.95,62.25,62.61,25858028.0,1627501027.0,606232395.0,0.042653655946578044,002049
2020-05-08,63.2,64.26,62.34,62.88,26928258.0,1699807262.0,606232395.0,0.04441903504678268,002049
2020-05-11,63.7,63.88,61.24,62.3,26520598.0,1655552540.0,606232395.0,0.04374658665345655,002049
2020-05-12,62.01,68.53,62.01,68.53,54170280.0,3567686169.0,606232395.0,0.08935563398917341,002049
2020-05-13,69.0,72.22,68.7,69.98,65837561.0,4610847278.0,606232395.0,0.10860119245194741,002049
2020-05-14,69.52,71.55,69.3,69.41,45417010.0,3191793272.0,606232395.0,0.07491683119309386,002049
2020-05-15,70.12,72.5,69.36,70.18,46760545.0,3313008997.0,606232395.0,0.07713303575603214,002049
2020-05-18,71.5,73.26,68.18,68.5,51033845.0,3585721409.0,606232395.0,0.08418198271967964,002049
2020-05-19,69.88,75.35,69.0,75.35,53999743.0,3962562375.0,606232395.0,0.08907432767594019,002049
2020-05-20,76.5,78.08,74.01,75.4,59728936.0,4569141600.0,606232395.0,0.09852481736809858,002049
2020-05-21,75.76,76.95,72.0,73.21,46684503.0,3462117079.0,606232395.0,0.07700760201044683,002049
2020-05-22,74.4,74.47,70.5,72.1,42207437.0,3063769870.0,606232395.0,0.06962253642021225,002049
2020-05-25,72.12,72.99,69.4,70.42,31611491.0,2244184444.0,606232395.0,0.05214417979098593,002049
2020-05-26,71.31,72.1,70.6,71.31,29390024.0,2096467736.0,606232395.0,0.048479797916440935,002049
2020-05-27,71.79,71.84,68.18,69.01,36983836.0,2569951895.0,606232395.0,0.061006037132014364,002049
2020-05-28,68.82,70.77,67.75,70.77,36923545.0,2559450917.0,606232395.0,0.060906585171846515,002049
2020-05-29,69.89,70.2,68.45,68.9,28032608.0,1936498544.0,606232395.0,0.046240696193742666,002049
2020-06-01,70.38,73.38,69.81,72.64,36952863.0,2658104327.0,606232395.0,0.0609549461638387,002049
2020-06-02,73.31,73.38,71.79,72.69,28431036.0,2065692156.0,606232395.0,0.04689791610360908,002049
2020-06-03,72.6,76.68,71.8,74.29,38283940.0,2848126763.0,606232395.0,0.06315060085167504,002049
2020-06-04,74.29,74.78,72.36,72.9,25927226.0,1898146084.0,606232395.0,0.04276780029216354,002049
2020-06-08,70.0,70.5,65.61,66.26,63697414.0,4313923001.0,606232395.0,0.10507095055519097,002049
2020-06-09,65.56,67.35,65.51,66.76,24842645.0,1650845865.0,606232395.0,0.040978748751953446,002049
2020-06-10,66.11,66.74,65.52,65.93,19262133.0,1271486721.0,606232395.0,0.031773513192082055,002049
2020-06-11,65.93,66.38,64.53,64.58,29493739.0,1931329553.0,606232395.0,0.04865087917315933,002049
2020-06-12,63.0,64.71,62.58,63.91,30430435.0,1942490662.0,606232395.0,0.050195989608902376,002049
2020-06-15,63.51,64.22,61.85,61.87,31250218.0,1969081665.0,606232395.0,0.0515482482588216,002049
2020-06-16,62.8,63.65,62.65,63.59,23548696.0,1486026991.0,606232395.0,0.038844337904443395,002049
2020-06-17,63.95,65.19,63.04,65.0,30197054.0,1941251968.0,606232395.0,0.04981102007918927,002049
2020-06-18,64.13,65.97,64.11,65.55,25313928.0,1648991935.0,606232395.0,0.04175614534752799,002049
2020-06-19,65.3,65.81,64.66,65.11,21496630.0,1400636449.0,606232395.0,0.03545938847428304,002049
2020-06-22,65.7,66.87,65.41,65.99,27255598.0,1801889717.0,606232395.0,0.0449589929947574,002049
2020-06-23,65.81,69.98,65.48,69.03,48818571.0,3323962881.0,606232395.0,0.08052781639951788,002049
2020-06-24,69.0,72.26,68.5,71.59,46675273.0,3316998264.0,606232395.0,0.07699237682605199,002049
2020-06-29,71.93,74.2,71.14,72.24,40013003.0,2908848446.0,606232395.0,0.06600274635604057,002049
2020-06-30,72.88,73.15,71.58,72.75,28236306.0,2045266475.0,606040767.0,0.046591430044837234,002049
2020-07-01,72.91,80.03,72.91,80.03,63932843.0,5027775939.0,606040767.0,0.10549264419368673,002049
2020-07-02,86.0,88.03,85.0,88.03,24251970.0,2115941572.0,606040767.0,0.040017060436464004,002049
2020-07-03,91.0,96.83,90.73,96.83,73128982.0,6949344170.0,606040767.0,0.12066677026035776,002049
2020-07-06,103.0,106.51,101.55,106.51,19547873.0,2048825522.0,606040767.0,0.032255046301200394,002049
2020-07-07,117.16,117.16,117.16,117.16,9159177.0,1073089177.0,606040767.0,0.015113136770219948,002049
2020-07-08,115.0,126.7,108.0,120.6,79793343.0,9273755960.0,606040767.0,0.13166332587655774,002049
2020-07-09,123.0,132.66,123.0,132.66,64832250.0,8450535391.0,606040767.0,0.1069767143239062,002049
2020-07-10,131.33,138.34,126.0,129.0,64270346.0,8406013923.0,606040767.0,0.10604954237344234,002049
2020-07-13,126.86,135.0,125.31,134.75,48330297.0,6271794752.0,606040767.0,0.07974760054384263,002049
2020-07-14,136.0,137.78,121.28,126.91,62357724.0,8001763956.0,606040767.0,0.1028936127658224,002049
2020-07-15,126.02,131.0,122.66,127.0,47902318.0,6108810354.0,606040767.0,0.07904141207715157,002049
2020-07-16,126.88,126.88,114.3,114.3,41919826.0,4943357194.0,606040767.0,0.06916997714115823,002049
2020-07-17,113.5,118.58,108.01,115.0,40200902.0,4604030437.0,606040767.0,0.06633365969586663,002049
2020-07-20,120.0,126.5,118.89,126.5,39200798.0,4846218412.0,606040767.0,0.06468343407663861,002049
2020-07-21,130.33,130.78,121.6,124.5,35460627.0,4447334334.0,606040767.0,0.05851194990649862,002049
2020-07-22,123.02,128.7,123.02,124.1,27720621.0,3489706825.0,606040767.0,0.04574052194082845,002049
2020-07-23,123.0,124.47,117.1,124.1,34041188.0,4131317981.0,606040767.0,0.05616979888747319,002049
2020-07-24,122.3,125.98,115.88,116.75,37240834.0,4537185357.0,606040767.0,0.06144938761190631,002049
2020-07-27,116.0,128.43,115.81,126.0,45246104.0,5676227966.0,606040767.0,0.07465851550544289,002049
2020-07-28,127.5,128.4,121.19,126.19,24911355.0,3095413848.0,606040767.0,0.04110508130222863,002049
2020-07-29,126.0,132.41,124.88,128.99,37197755.0,4773282389.0,606040767.0,0.06137830493505398,002049
2020-07-30,128.88,128.88,123.0,123.98,31101836.0,3881934429.0,606040767.0,0.05131970932245883,002049
2020-07-31,125.0,127.7,123.83,126.84,29413199.0,3705242547.0,606040767.0,0.04853336706307746,002049
2020-08-03,130.0,139.52,127.0,139.52,50910093.0,6880440462.0,606040767.0,0.0840044032879392,002049
2020-08-04,138.89,138.9,126.1,127.1,48745379.0,6445595735.0,606040767.0,0.08043250826392014,002049
2020-08-05,131.1,138.2,128.0,132.89,41673745.0,5549093543.0,606040767.0,0.06876393019943491,002049
2020-08-06,132.84,146.18,130.01,146.18,55935851.0,8001466172.0,606040767.0,0.09229717544727482,002049
2020-08-07,149.33,160.8,141.66,156.0,63780882.0,9571534739.0,606040767.0,0.10524190033572445,002049
2020-08-10,151.09,160.0,142.72,145.21,47121440.0,7094431573.0,606040767.0,0.07775292119911134,002049
2020-08-11,141.0,149.26,138.5,142.01,32504371.0,4670639661.0,606040767.0,0.053633967828438184,002049
2020-08-12,140.0,142.92,130.0,137.73,32687214.0,4410110951.0,606040767.0,0.053935668654448786,002049
2020-08-13,136.99,142.48,135.1,136.15,23081304.0,3202223797.0,606040767.0,0.03808539830456653,002049
2020-08-14,133.26,139.07,133.0,137.5,18687322.0,2561852245.0,606040767.0,0.030835090669733774,002049
2020-08-17,137.5,146.5,137.0,143.91,23953305.0,3396249634.0,606040767.0,0.039524247054488995,002049
2020-08-18,143.94,150.58,142.0,144.37,26153369.0,3836841398.0,606040767.0,0.043154471487889194,002049
2020-08-19,142.0,143.87,135.5,136.0,25768172.0,3564296405.0,606040767.0,0.04251887563200843,002049
2020-08-20,135.88,138.3,131.0,133.65,19359221.0,2620371407.0,606040767.0,0.03194376031142473,002049
2020-08-21,134.12,135.45,123.97,128.42,31722431.0,4099970756.0,606040767.0,0.052343724593035504,002049
2020-08-24,127.58,129.83,125.19,126.68,17027617.0,2170120125.0,606040767.0,0.028096487773074184,002049
2020-08-25,127.2,127.88,121.3,121.98,21931253.0,2712937101.0,606040767.0,0.03618775203615964,002049
2020-08-26,123.34,125.5,120.21,120.96,17274420.0,2117323913.0,606040767.0,0.028503726053795322,002049
2020-08-27,121.01,128.8,117.33,126.37,25969641.0,3236328446.0,606040767.0,0.04285131036407655,002049
2020-08-28,124.6,128.89,123.12,127.69,16749557.0,2117927808.0,606040767.0,0.02763767375404962,002049
2020-08-31,129.0,129.4,125.3,125.3,12915212.0,1650964628.0,606040767.0,0.02131079739723186,002049
2020-09-01,124.9,129.56,124.0,128.22,15668842.0,2001820789.0,606040767.0,0.02585443563073043,002049
2020-09-02,128.96,128.98,124.5,125.64,11648738.0,1467161225.0,606040767.0,0.019221046890398382,002049
2020-09-03,125.0,125.56,121.46,123.3,12162004.0,1499698505.0,606040767.0,0.020067963513748243,002049
2020-09-04,121.48,128.5,121.0,124.42,16212327.0,2033883581.0,606040767.0,0.026751215236317592,002049
2020-09-07,122.38,124.8,113.61,115.71,25733025.0,3054081191.0,606040767.0,0.04246088118359206,002049
2020-09-08,116.06,116.79,111.12,113.28,14882996.0,1688013792.0,606040767.0,0.024557747284350593,002049
2020-09-09,110.55,114.37,108.44,110.9,14748334.0,1638838262.0,606040767.0,0.02433554771076976,002049
2020-09-10,112.99,116.6,111.74,112.2,13490938.0,1538221194.0,606040767.0,0.02226077639427184,002049
2020-09-11,112.3,114.98,112.0,114.2,11008300.0,1252575624.0,606040767.0,0.018164289598029633,002049
2020-09-14,114.96,115.8,111.32,112.05,11578175.0,1307931799.0,606040767.0,0.019104614129035975,002049
2020-09-15,112.05,116.28,110.91,113.92,13040959.0,1484739471.0,606040767.0,0.021518286739281352,002049
2020-09-16,112.92,113.6,111.39,111.95,7977673.0,895297280.0,606040767.0,0.013163591352922962,002049
2020-09-17,112.0,115.2,109.01,112.93,14059950.0,1573757973.0,606040767.0,0.023199676928664436,002049
2020-09-18,112.5,115.15,110.74,114.7,14030832.0,1596474999.0,606040767.0,0.023151630655896125,002049
2020-09-21,117.45,125.0,116.08,120.67,27010151.0,3267340050.0,606040767.0,0.04456820806577852,002049
2020-09-22,119.1,122.14,118.25,119.23,12432516.0,1493909433.0,606040767.0,0.020514322925078075,002049
2020-09-23,120.7,121.0,115.66,118.3,10752967.0,1269879006.0,606040767.0,0.017742976356572394,002049
2020-09-24,116.98,118.28,115.46,115.48,6895355.0,803329502.0,606040767.0,0.01137770819301996,002049
2020-09-25,116.3,116.98,114.8,115.2,6103042.0,706436227.0,606040767.0,0.0100703489473341,002049
2020-09-28,114.76,116.56,111.9,113.99,8327243.0,948399867.0,606040767.0,0.013740400734460822,002049
2020-09-29,115.19,120.83,114.55,117.89,13142840.0,1555566991.0,606040767.0,0.021686395892242014,002049
2020-09-30,118.2,119.45,116.77,118.78,8503801.0,1006884203.0,606040767.0,0.014031730970995884,002049
2020-10-09,121.16,121.85,118.57,119.59,11595224.0,1388195657.0,606040767.0,0.019132745899914025,002049
2020-10-12,120.8,126.38,120.7,124.54,17910597.0,2224995176.0,606040767.0,0.029553452466012077,002049
2020-10-13,124.01,130.33,123.05,129.63,20894007.0,2682124190.0,606040767.0,0.034476240110758095,002049
2020-10-14,128.02,131.7,126.0,126.49,14088769.0,1807324174.0,606040767.0,0.02324722983528268,002049
2020-10-15,127.0,128.3,124.03,124.65,8663183.0,1093613278.0,606040767.0,0.01429471987979317,002049
2020-10-16,124.64,125.53,121.03,122.0,9085852.0,1113968376.0,606040767.0,0.01499214655967195,002049
2020-10-19,123.98,125.5,122.0,124.11,8162974.0,1010323583.0,606040767.0,0.013469348011699021,002049
2020-10-20,123.88,126.68,123.88,126.28,9106377.0,1144504350.0,606040767.0,0.015026013918301308,002049
2020-10-21,124.36,124.36,113.65,113.65,26154296.0,3018640422.0,606040767.0,0.04315600108795981,002049
2020-10-22,109.0,114.58,107.0,110.58,17199731.0,1913229939.0,606040767.0,0.02838048516957276,002049
2020-10-23,111.0,112.94,107.55,108.7,10239513.0,1124914757.0,606040767.0,0.016895749523067976,002049
2020-10-26,108.7,108.7,102.0,103.4,16970346.0,1762355022.0,606040767.0,0.02800198752966069,002049
2020-10-27,102.25,104.79,100.33,102.3,14285819.0,1456653426.0,606040767.0,0.02357237297866465,002049
2020-10-28,103.66,107.43,102.28,105.6,13895782.0,1451347744.0,606040767.0,0.02292879086135801,002049
2020-10-29,103.13,107.88,102.58,105.02,12049551.0,1267485041.0,606040767.0,0.01988240998975569,002049
2020-10-30,105.4,111.61,105.21,107.32,19065194.0,2064655788.0,606040767.0,0.03145859987996484,002049
2020-11-02,107.82,108.5,100.28,103.19,19218683.0,1982234169.0,606040767.0,0.03171186502045992,002049
2020-11-03,103.18,108.31,101.99,108.3,14786640.0,1573475179.0,606040767.0,0.02439875467981513,002049
2020-11-04,108.5,109.26,106.03,107.35,9086603.0,977488162.0,606040767.0,0.014993385750236171,002049
2020-11-05,109.0,109.93,104.33,106.66,14975254.0,1591769985.0,606040767.0,0.02470997796753828,002049
2020-11-06,107.7,108.27,104.4,105.7,11280500.0,1195721998.0,606040767.0,0.01861343430053444,002049
2020-11-09,106.5,116.27,106.5,116.27,26408346.0,2997900397.0,606040767.0,0.04357519731011759,002049
2020-11-10,113.2,116.34,109.17,109.98,30695823.0,3463774736.0,606040767.0,0.050649765942230744,002049
2020-11-11,108.0,108.9,102.36,103.69,20996236.0,2194245073.0,606040767.0,0.034644923482515494,002049
2020-11-12,104.7,104.99,102.0,103.02,13443788.0,1383095712.0,606040767.0,0.0221829763475301,002049
2020-11-13,100.01,100.16,92.72,95.38,41050789.0,3876335116.0,606040767.0,0.06773601915133211,002049
2020-11-16,92.1,102.54,92.05,99.24,28682716.0,2786839866.0,606040767.0,0.04732803065705314,002049
2020-11-17,97.1,99.96,95.31,98.25,13440656.0,1315109409.0,606040767.0,0.022177808378359472,002049
2020-11-18,97.76,98.98,95.92,97.7,9683452.0,944806479.0,606040767.0,0.01597821883820565,002049
2020-11-19,96.5,101.35,96.1,99.65,11611288.0,1154655254.0,606040767.0,0.019159252367588663,002049
2020-11-20,99.89,107.47,99.78,104.72,18934586.0,1992895247.0,606040767.0,0.031243089625355186,002049
2020-11-23,103.73,105.6,101.8,103.95,10070135.0,1042666216.0,606040767.0,0.01661626667435064,002049
2020-11-24,103.29,105.6,102.6,104.05,7907501.0,826360621.0,606040767.0,0.01304780376267988,002049
2020-11-25,103.8,105.13,100.08,100.92,10881181.0,1109927784.0,606040767.0,0.017954536381873467,002049
2020-11-26,100.1,104.27,100.1,101.5,6942319.0,707798372.0,606040767.0,0.011455201329715168,002049
2020-11-27,100.85,102.36,99.2,100.69,6021914.0,606702086.0,606040767.0,0.009936483365317899,002049
2020-11-30,100.16,102.2,98.2,100.45,8356268.0,839953735.0,606040767.0,0.01378829355220587,002049
2020-12-01,100.01,102.12,98.68,102.0,9998652.0,1007604845.0,606040767.0,0.016498315863295712,002049
2020-12-02,102.8,108.95,102.31,108.0,21191873.0,2257669276.0,606040767.0,0.03496773509957623,002049
2020-12-03,108.0,110.4,106.81,107.2,12829351.0,1391492241.0,606040767.0,0.02116912210956924,002049
2020-12-04,107.61,109.29,106.22,108.47,9450137.0,1020354859.0,606040767.0,0.01559323648602009,002049
2020-12-07,111.3,113.0,108.51,110.8,11404510.0,1260490713.0,606040767.0,0.01881805749876229,002049
2020-12-08,110.0,111.66,106.6,111.3,12190616.0,1334957563.0,606040767.0,0.02011517485918567,002049
2020-12-09,110.0,116.9,109.8,112.59,16815356.0,1918104838.0,606040767.0,0.02774624565809118,002049
2020-12-10,111.27,113.5,108.27,113.08,12816273.0,1423062648.0,606040767.0,0.02114754270317924,002049
2020-12-11,112.3,113.0,108.57,109.24,15372265.0,1694558511.0,606040767.0,0.02536506756153584,002049
2020-12-14,109.5,113.0,108.5,112.97,12181155.0,1357855576.0,606040767.0,0.0200995636981629,002049
2020-12-15,112.2,115.86,111.4,114.9,10945377.0,1249668937.0,606040767.0,0.01806046324933121,002049
2020-12-16,114.4,114.46,111.2,114.02,9190455.0,1037278802.0,606040767.0,0.01516474715965766,002049
2020-12-17,115.02,117.95,112.8,113.0,11416185.0,1316281136.0,606040767.0,0.018837321879371195,002049
2020-12-18,114.8,115.88,112.6,115.0,9713093.0,1114658065.0,606040767.0,0.016027128089223082,002049
2020-12-21,114.98,124.34,114.5,120.73,16474025.0,1987512196.0,606040767.0,0.02718303107157146,002049
2020-12-22,120.6,123.24,118.53,118.98,12781007.0,1542054564.0,606040767.0,0.02108935189833525,002049
2020-12-23,119.06,128.7,117.78,127.1,21384252.0,2663014161.0,606040767.0,0.03528517084066062,002049
2020-12-24,127.8,136.39,127.73,131.7,19488806.0,2573927326.0,606040767.0,0.032157582560778455,002049
2020-12-25,131.92,132.5,125.56,130.12,13435067.0,1726428869.0,606040767.0,0.0221685862264774,002049
2020-12-28,129.9,130.75,126.8,127.17,9721640.0,1244725365.0,606040767.0,0.01604123110087741,002049
2020-12-29,125.83,130.45,122.28,127.51,12108229.0,1535679183.0,606040767.0,0.019979231859166332,002049
2020-12-30,126.09,135.05,125.0,132.0,13905882.0,1820023722.0,606040767.0,0.02294545640689548,002049
2020-12-31,131.46,136.36,130.0,133.81,13240339.0,1757205845.0,606817968.0,0.021819292931681944,002049
2021-01-04,137.05,144.5,137.05,141.85,16287178.0,2310161242.0,606817968.0,0.026840302790770362,002049
2021-01-05,140.0,149.0,139.9,144.65,16095408.0,2337484948.0,606817968.0,0.026524277211250936,002049
2021-01-06,144.57,147.79,142.01,143.96,12565925.0,1815405761.0,606817968.0,0.020707898682393665,002049
2021-01-07,143.97,151.88,142.5,149.5,16653377.0,2461862523.0,606817968.0,0.027443777010900904,002049
2021-01-08,149.0,150.88,139.89,140.76,17095286.0,2466259246.0,606817968.0,0.028172016818064954,002049
2021-01-11,144.0,150.48,141.0,143.63,17040922.0,2489262571.0,606817968.0,0.028082428172265327,002049
2021-01-12,144.8,148.66,141.99,144.0,14176379.0,2057101083.0,606817968.0,0.023361831302925427,002049
2021-01-13,144.02,150.5,143.66,145.87,18134927.0,2668533784.0,606817968.0,0.029885283489166557,002049
2021-01-14,142.4,142.4,131.28,131.28,28729915.0,3866111554.0,606817968.0,0.04734519495968518,002049
2021-01-15,128.7,132.23,124.79,127.74,21434450.0,2743593020.0,606817968.0,0.035322701584868034,002049
2021-01-18,127.75,133.51,122.38,132.3,20393299.0,2649699351.0,606817968.0,0.033606946523376514,002049
2021-01-19,131.1,131.5,127.3,128.81,14042746.0,1815080553.0,606817968.0,0.02314161204929911,002049
2021-01-20,129.59,131.58,128.05,129.94,10396798.0,1346486869.0,606817968.0,0.017133306111990407,002049
2021-01-21,130.0,134.55,128.06,131.51,16973890.0,2225285939.0,606817968.0,0.02797196341424089,002049
2021-01-22,131.8,135.8,129.86,131.96,14928595.0,1976915071.0,606817968.0,0.024601438631098677,002049
2021-01-25,129.37,135.57,127.0,130.08,14979506.0,1988098657.0,606817968.0,0.024685336937814602,002049
2021-01-26,130.08,133.33,126.12,130.45,13476009.0,1752714808.0,606817968.0,0.022207663105981067,002049
2021-01-27,129.33,129.6,121.88,128.15,13400472.0,1691816149.0,606817968.0,0.022083182612680975,002049
2021-01-28,126.5,127.25,122.05,122.11,8880439.0,1105608580.0,606817968.0,0.01463443646744488,002049
2021-01-29,122.31,126.5,118.6,120.86,9985209.0,1228952366.0,606817968.0,0.016455031865503362,002049
2021-02-01,120.2,124.2,120.0,121.33,7124566.0,867863464.0,606817968.0,0.011740861964720201,002049
2021-02-02,121.88,122.9,118.7,120.55,8711641.0,1048244051.0,606817968.0,0.0143562673806653,002049
2021-02-03,120.03,123.43,115.6,117.67,12263077.0,1458181108.0,606817968.0,0.02020882315073439,002049
2021-02-04,116.11,118.8,113.75,116.2,10983000.0,1271792910.0,606817968.0,0.018099332220169195,002049
2021-02-05,117.5,117.69,111.0,111.06,9915564.0,1124550637.0,606817968.0,0.01634026103854591,002049
2021-02-08,111.09,115.53,111.09,113.44,7785775.0,883207832.0,606817968.0,0.012830495157651627,002049
2021-02-09,114.11,118.46,112.61,116.42,10018428.0,1159590951.0,606817968.0,0.016509774806140874,002049
2021-02-10,116.5,117.08,114.35,116.0,6730352.0,780282299.0,606817968.0,0.011091220687123754,002049
2021-02-18,119.11,122.89,116.08,117.82,13926154.0,1656815791.0,606817968.0,0.022949475352384424,002049
2021-02-19,116.01,116.91,106.6,110.95,19497347.0,2148070766.0,606817968.0,0.03213047079713368,002049
2021-02-22,112.0,116.38,110.32,110.43,11159526.0,1264057498.0,606817968.0,0.01839023659233505,002049
2021-02-23,108.12,112.37,105.68,110.6,10863551.0,1185133150.0,606817968.0,0.017902487356801538,002049
2021-02-24,110.6,113.5,109.5,111.76,11039737.0,1234951364.0,606817968.0,0.018192831429144497,002049
2021-02-25,112.66,117.57,112.66,114.45,11987333.0,1382016420.0,606817968.0,0.019754413402603792,002049
2021-02-26,111.13,114.09,109.12,111.0,7958258.0,885579069.0,606817968.0,0.013114736905746997,002049
2021-03-01,112.0,120.0,111.36,119.96,14789389.0,1725865688.0,606817968.0,0.02437203540419884,002049
2021-03-02,120.02,121.23,115.01,117.42,14018729.0,1638432552.0,606817968.0,0.023102033458574187,002049
2021-03-03,116.0,117.19,114.08,117.19,8468195.0,981897265.0,606817968.0,0.013955082819828433,002049
2021-03-04,117.0,119.0,111.93,112.85,10886699.0,1253915205.0,606817968.0,0.017940633887096765,002049
2021-03-05,110.03,114.45,108.49,113.28,6838456.0,766349787.0,606817968.0,0.011269369663753925,002049
2021-03-08,113.45,115.14,102.88,104.2,14129671.0,1530027506.0,606817968.0,0.023284859290784877,002049
2021-03-09,103.0,104.66,96.91,97.0,13387795.0,1339519542.0,606817968.0,0.022062291668990264,002049
2021-03-10,99.74,100.58,97.03,97.49,7174138.0,707156130.0,606817968.0,0.011822553678898316,002049
2021-03-11,97.79,102.25,97.36,101.95,9113469.0,911372794.0,606817968.0,0.015018456078413287,002049
2021-03-12,102.5,104.8,100.5,101.19,6981608.0,712709233.0,606817968.0,0.011505275664480653,002049
2021-03-15,99.49,101.43,97.05,98.0,6416230.0,633216641.0,606817968.0,0.010573566272513539,002049
2021-03-16,98.68,99.12,95.2,97.01,5715166.0,554120857.0,606817968.0,0.009418254404754212,002049
2021-03-17,97.02,103.61,96.02,101.05,9657337.0,972631540.0,606817968.0,0.015914718266879006,002049
2021-03-18,100.8,102.14,100.13,101.36,4870977.0,492972852.0,606817968.0,0.008027081030665855,002049
2021-03-19,99.37,105.66,99.0,103.52,9711327.0,1003063032.0,606817968.0,0.016003690582873445,002049
2021-03-22,103.52,103.9,101.23,102.68,6029791.0,616790206.0,606817968.0,0.00993673773351418,002049
2021-03-23,102.9,104.24,101.2,101.59,4565412.0,467370337.0,606817968.0,0.0075235280442453875,002049
2021-03-24,100.78,103.5,99.62,100.01,4638323.0,468034262.0,606817968.0,0.0076436810453839425,002049
2021-03-25,99.0,102.94,98.5,102.8,4944440.0,501810724.0,606817968.0,0.008148143695046288,002049
2021-03-26,102.28,104.5,101.8,103.65,6322862.0,654489647.0,606817968.0,0.010419701349383905,002049
2021-03-29,104.02,111.5,104.02,107.9,11616047.0,1259701722.0,606817968.0,0.019142556108358348,002049
2021-03-30,108.0,111.57,108.0,108.72,8398998.0,922436424.0,606817968.0,0.013841050270284679,002049
2021-03-31,108.7,108.78,106.21,106.99,5265528.0,563892740.0,606817968.0,0.00867727766426323,002049
2021-04-01,107.7,112.0,107.49,110.5,8664777.0,959286582.0,606817968.0,0.01427903828978248,002049
2021-04-02,111.66,115.06,111.66,113.96,10464725.0,1188265993.0,606817968.0,0.017245245776901584,002049
2021-04-06,115.25,115.99,110.42,110.95,8292468.0,924265321.0,606817968.0,0.013665495152246382,002049
2021-04-07,111.64,111.64,105.78,108.81,9707409.0,1046867719.0,606817968.0,0.015997233951384908,002049
2021-04-08,107.5,110.58,107.38,109.08,4906791.0,536070062.0,606817968.0,0.008086100377304582,002049
2021-04-09,109.2,112.59,108.44,109.35,5228494.0,576352697.0,606817968.0,0.008616247830024704,002049
2021-04-12,108.15,109.2,100.19,101.4,10133513.0,1049021775.0,606817968.0,0.01669942805648761,002049
2021-04-13,101.4,104.62,101.4,102.66,5145821.0,530805046.0,606817968.0,0.008480007632206434,002049
2021-04-14,103.18,104.74,101.54,101.94,6583811.0,675930082.0,606817968.0,0.010849729815515284,002049
2021-04-15,101.05,105.7,99.85,104.22,12001847.0,1236715541.0,606817968.0,0.019778331613278795,002049
2021-04-16,105.11,108.08,104.58,105.99,10728327.0,1142138475.0,606817968.0,0.0176796462295922,002049
2021-04-19,105.2,107.92,105.2,107.34,9147676.0,977853207.0,606817968.0,0.015074827184418507,002049
2021-04-20,108.0,108.0,106.24,106.45,6144194.0,657297485.0,606817968.0,0.010125267088333811,002049
2021-04-21,105.79,112.25,104.6,112.0,12805012.0,1403521523.0,606817968.0,0.02110189986991288,002049
2021-04-22,112.55,113.23,107.62,108.87,15379749.0,1674958819.0,606817968.0,0.025344913649623508,002049
2021-04-23,108.13,108.66,106.57,107.44,8620641.0,927636654.0,606817968.0,0.014206304781008067,002049
2021-04-26,107.49,112.88,107.48,110.32,12511439.0,1386580738.0,606817968.0,0.020618108987834057,002049
2021-04-27,111.13,111.98,107.8,111.22,7743078.0,851044872.0,606817968.0,0.012760133035480584,002049
2021-04-28,111.22,112.98,109.78,112.55,7617275.0,852304127.0,606817968.0,0.012552817157187408,002049
2021-04-29,112.38,115.54,111.68,113.25,10479230.0,1191717948.0,606817968.0,0.017269149156110684,002049
2021-04-30,116.0,123.21,113.45,117.11,23058612.0,2720099014.0,606817968.0,0.037999224175906406,002049
2021-05-06,120.0,123.85,118.5,122.81,18381844.0,2234000396.0,606817968.0,0.03029218805201892,002049
2021-05-07,122.11,126.99,120.61,121.5,17285647.0,2144972499.0,606817968.0,0.028485720449200672,002049
2021-05-10,119.88,120.6,115.66,117.0,13651526.0,1606781430.0,606817968.0,0.022496904706025448,002049
2021-05-11,116.81,122.71,114.51,121.19,13928608.0,1653651960.0,606817968.0,0.022953519398753203,002049
2021-05-12,120.7,123.59,119.5,123.09,9937789.0,1214498412.0,606817968.0,0.016376886519616045,002049
2021-05-13,120.96,122.71,118.6,119.0,8070025.0,972555203.0,606817968.0,0.013298922288998535,002049
2021-05-14,120.2,129.61,117.66,128.05,17088940.0,2148924510.0,606817968.0,0.02816155898666468,002049
2021-05-17,128.68,133.32,126.61,126.98,16211879.0,2103497599.0,606817968.0,0.026716214507346295,002049
2021-05-18,126.99,130.79,126.01,127.45,10850929.0,1391558406.0,606817968.0,0.017881687049846884,002049
2021-05-19,128.34,131.11,126.66,129.96,11085107.0,1432893604.0,606817968.0,0.018267598496687888,002049
2021-05-20,128.72,129.72,125.81,127.49,10363557.0,1323271519.0,606817968.0,0.01707852691665847,002049
2021-05-21,127.49,129.33,126.11,127.56,7707114.0,985122737.0,606817968.0,0.012700866497743522,002049
2021-05-24,127.6,133.5,126.5,133.2,12705565.0,1672084937.0,606817968.0,0.020938017115538016,002049
2021-05-25,132.91,135.52,131.5,135.02,11469603.0,1537056010.0,606817968.0,0.01890122508699347,002049
2021-05-26,135.43,136.49,131.8,132.12,8662335.0,1159866506.0,606817968.0,0.014275014018701569,002049
2021-05-27,132.13,136.5,131.78,134.7,9831439.0,1319078503.0,606817968.0,0.01620162803089575,002049
2021-05-28,133.33,136.65,132.77,133.2,7998971.0,1072173741.0,606817968.0,0.013181829513657381,002049
2021-05-31,133.2,140.66,133.0,139.16,13023949.0,1786753942.0,606817968.0,0.021462695053222288,002049
2021-06-01,138.0,144.26,137.7,140.3,10542815.0,1489418072.0,606817968.0,0.017373933462695355,002049
2021-06-02,141.3,141.79,135.0,136.0,10149418.0,1397538329.0,606817968.0,0.016725638552614514,002049
2021-06-03,137.5,137.8,132.0,132.36,9453637.0,1268569963.0,606817968.0,0.015579032755338583,002049
2021-06-04,132.0,134.4,128.0,132.4,11507990.0,1511740478.0,606817968.0,0.018964484584938986,002049
2021-06-07,133.8,140.0,133.8,138.19,12560210.0,1730539901.0,606817968.0,0.02069848070154706,002049
2021-06-08,138.98,140.98,135.16,137.57,9720399.0,1343255966.0,606817968.0,0.016018640700500814,002049
2021-06-09,139.0,143.88,139.0,143.8,13089367.0,1859536806.0,606817968.0,0.021570500035028625,002049
2021-06-10,141.88,142.91,140.09,142.31,8829003.0,1250338021.0,606817968.0,0.014549672991884775,002049
2021-06-11,143.31,143.38,137.08,140.4,10149297.0,1415810418.0,606817968.0,0.01672543915179519,002049
2021-06-15,139.68,141.29,135.53,140.83,9843715.0,1364004230.0,606817968.0,0.016221858150383576,002049
2021-06-16,142.3,142.81,130.83,132.11,11153847.0,1513336012.0,606817968.0,0.018380877937352047,002049
2021-06-17,132.11,141.0,132.02,140.6,14164542.0,1948939426.0,606817968.0,0.0233423246293854,002049
2021-06-18,142.01,145.58,140.2,142.01,13177958.0,1883496123.0,606817968.0,0.021716492745646583,002049
2021-06-21,141.8,149.68,138.4,148.7,15735805.0,2295049586.0,606817968.0,0.02593167280768456,002049
2021-06-22,148.5,149.95,145.77,146.6,10390104.0,1534060627.0,606817968.0,0.017122274797241994,002049
2021-06-23,146.8,152.5,146.25,149.62,11255364.0,1694847703.0,606817968.0,0.01854817192888395,002049
2021-06-24,148.78,150.85,146.88,147.7,7687025.0,1141026134.0,606817968.0,0.012667761017913694,002049
2021-06-25,148.68,150.5,143.66,146.92,9897007.0,1449944366.0,606817968.0,0.016309680203800424,002049
2021-06-28,149.01,152.0,147.54,151.5,10298677.0,1548506153.0,606817968.0,0.016971608526924833,002049
2021-06-29,150.0,151.12,146.46,149.66,8167575.0,1215274084.0,606817968.0,0.013459678899949779,002049
2021-06-30,150.88,156.0,149.0,154.19,12303485.0,1888758585.0,606817968.0,0.020275413136744823,002049
2021-07-01,155.38,156.89,150.0,150.0,9415148.0,1444586110.0,606817968.0,0.015515605167446196,002049
2021-07-02,148.28,150.0,145.0,147.0,9309640.0,1374776835.0,606817968.0,0.015341734244757894,002049
2021-07-05,148.0,161.2,147.65,157.16,17093732.0,2677289270.0,606817968.0,0.02816945591828619,002049
2021-07-06,159.0,163.4,150.0,154.87,14072119.0,2196564795.0,606817968.0,0.02319001701017528,002049
2021-07-07,153.0,170.36,152.0,170.36,17249798.0,2838537928.0,606817968.0,0.028426643424639002,002049
2021-07-08,175.0,175.0,167.8,171.18,14695318.0,2502905218.0,606817968.0,0.024217011978788342,002049
2021-07-09,171.18,175.57,166.99,170.33,11886778.0,2026814274.0,606817968.0,0.019588704729982552,002049
2021-07-12,165.52,172.0,162.02,167.85,20650648.0,3449379854.0,606817968.0,0.034031042403147825,002049
2021-07-13,166.01,167.5,154.1,157.5,20427268.0,3240336169.0,606817968.0,0.033662925419505704,002049
2021-07-14,157.99,162.9,157.2,158.07,10639493.0,1703663861.0,606817968.0,0.01753325306939494,002049
2021-07-15,156.3,161.61,154.2,160.08,10584916.0,1672084570.0,606817968.0,0.017443313412235678,002049
2021-07-16,158.0,170.07,157.8,165.27,12548891.0,2084196064.0,606817968.0,0.020679827661266616,002049
2021-07-19,164.98,175.0,160.61,161.97,12282502.0,2046367546.0,606817968.0,0.020240834397968914,002049
2021-07-20,159.98,169.02,157.6,168.38,8202266.0,1356145443.0,606817968.0,0.013516847609232297,002049
2021-07-21,167.96,174.3,166.4,172.5,9527377.0,1635446280.0,606817968.0,0.01570055189928061,002049
2021-07-22,172.8,176.75,169.0,174.15,6750406.0,1173053402.0,606817968.0,0.011124268489030635,002049
2021-07-23,174.0,174.7,165.37,171.03,9063597.0,1540785516.0,606817968.0,0.014936269982038501,002049
2021-07-26,172.5,186.1,171.0,180.64,14202872.0,2556097472.0,606817968.0,0.02340549019471355,002049
2021-07-27,183.22,196.11,175.88,177.52,19715129.0,3698086374.0,606817968.0,0.0324893626089859,002049
2021-07-28,177.02,185.4,164.0,179.45,14046538.0,2510045344.0,606817968.0,0.023147861040265044,002049
2021-07-29,186.65,190.0,180.15,189.69,12388819.0,2312329748.0,606817968.0,0.020416038504647575,002049
2021-07-30,190.0,195.68,185.99,191.07,10699778.0,2037290770.0,606817968.0,0.017632599171816216,002049
2021-08-02,190.99,195.7,185.58,191.98,9633990.0,1841428935.0,606817968.0,0.01587624379639332,002049
2021-08-03,190.0,190.0,177.0,179.01,11402571.0,2084759243.0,606817968.0,0.018790760328969033,002049
2021-08-04,178.5,189.0,178.5,187.37,8945073.0,1670734063.0,606817968.0,0.014740949463777249,002049
2021-08-05,188.5,205.0,185.5,199.0,13758985.0,2699699493.0,606817968.0,0.022673990760932773,002049
2021-08-06,201.5,203.89,190.54,195.69,10211089.0,1998884786.0,606817968.0,0.016827268700784416,002049
2021-08-09,194.2,197.6,189.6,193.04,8099772.0,1556385669.0,606817968.0,0.013347943579679895,002049
2021-08-10,192.5,205.5,192.0,199.99,11715753.0,2347541867.0,606817968.0,0.019306865679363006,002049
2021-08-11,201.38,201.39,192.49,199.0,7010503.0,1381393733.0,606817968.0,0.011552892909723464,002049
2021-08-12,198.0,199.98,192.66,194.6,6750685.0,1321353403.0,606817968.0,0.011124728264473539,002049
2021-08-13,193.97,195.9,187.56,191.84,8040487.0,1539533573.0,606817968.0,0.01325024541791419,002049
2021-08-16,190.0,194.65,187.58,188.97,6106286.0,1159380140.0,606817968.0,0.010062796953962313,002049
2021-08-17,188.0,194.39,181.9,183.86,11446288.0,2135864826.0,606817968.0,0.01886280335060876,002049
2021-08-18,184.0,192.6,182.08,186.74,9665787.0,1811002221.0,606817968.0,0.015928643365418604,002049
2021-08-19,186.0,199.49,182.75,196.32,10504600.0,2028021266.0,606817968.0,0.017310957410542595,002049
2021-08-20,200.0,215.95,200.0,215.95,23646661.0,5023848764.0,606817968.0,0.03896829403047604,002049
2021-08-23,214.0,228.42,210.33,226.56,17617223.0,3910386201.0,606817968.0,0.029032138020013278,002049
2021-08-24,217.95,233.04,215.0,226.23,16722068.0,3745852619.0,606817968.0,0.02755697570247294,002049
2021-08-25,240.0,248.85,225.06,229.99,20363280.0,4803337685.0,606817968.0,0.033557476992836836,002049
2021-08-26,235.0,245.72,230.0,237.72,13172787.0,3132784348.0,606817968.0,0.021707971244516608,002049
2021-08-27,236.0,243.3,227.0,230.5,13168074.0,3050273310.0,606817968.0,0.02170020450020689,002049
2021-08-30,238.0,239.4,223.0,224.0,14051066.0,3208555865.0,606817968.0,0.023155322915553483,002049
2021-08-31,226.62,232.5,220.63,223.7,10677598.0,2410221571.0,606817968.0,0.017596047848075586,002049
2021-09-01,230.08,230.51,211.6,223.8,12877162.0,2845408345.0,606817968.0,0.021220798788212546,002049
2021-09-02,220.0,225.43,214.78,222.09,9762027.0,2151471382.0,606817968.0,0.016087241174111047,002049
2021-09-03,222.03,224.0,211.01,216.09,11023842.0,2384389875.0,606817968.0,0.01816663741242415,002049
2021-09-06,214.08,220.65,206.86,218.71,9328322.0,2010872701.0,606817968.0,0.015372521072085327,002049
2021-09-07,220.39,228.65,216.44,220.88,8820350.0,1970900181.0,606817968.0,0.014535413361392094,002049
2021-09-08,220.66,222.4,212.51,215.15,8126819.0,1754690699.0,606817968.0,0.013392515430591206,002049
2021-09-09,215.8,217.33,210.15,214.98,7397621.0,1576545558.0,606817968.0,0.012190840400427958,002049
2021-09-10,215.0,228.25,210.01,223.39,11089867.0,2450095314.0,606817968.0,0.018275442694208423,002049
2021-09-13,223.99,224.0,201.05,201.05,17501877.0,3564799910.0,606817968.0,0.02884205465715544,002049
2021-09-14,202.39,209.0,197.83,200.4,12735134.0,2588617212.0,606817968.0,0.020986745072782684,002049
2021-09-15,200.64,210.3,187.01,208.6,15474460.0,3070833142.0,606817968.0,0.025500991757053573,002049
2021-09-16,204.0,204.9,192.68,196.9,10826461.0,2141077935.0,606817968.0,0.0178413652378863,002049
2021-09-17,195.58,203.65,193.0,200.6,7448426.0,1479602373.0,606817968.0,0.012274564025434396,002049
2021-09-22,197.0,211.83,195.0,206.21,9518412.0,1958425545.0,606817968.0,0.015685778111303388,002049
2021-09-23,206.95,214.0,200.88,208.5,9154249.0,1899130364.0,606817968.0,0.015085659098347595,002049
2021-09-24,206.0,213.9,205.0,209.3,5761252.0,1203296062.0,606817968.0,0.009494201397806995,002049
2021-09-27,208.7,211.0,198.0,205.86,6773943.0,1390694846.0,606817968.0,0.01116305606824088,002049
2021-09-28,201.99,215.0,201.9,209.05,6070118.0,1273975208.0,606817968.0,0.010003194236331512,002049
2021-09-29,207.18,211.78,201.1,202.25,5833118.0,1196263161.0,606817968.0,0.009612632300960475,002049
2021-09-30,202.26,209.8,202.22,206.8,5666035.0,1169172317.0,606817968.0,0.009337289432405206,002049
2021-10-08,208.5,211.76,189.99,192.96,12475749.0,2450243400.0,606817968.0,0.020559293985836623,002049
2021-10-11,192.97,205.2,192.8,199.9,8779462.0,1752062826.0,606817968.0,0.014468032363866984,002049
2021-10-12,199.45,200.7,190.11,193.0,6256774.0,1221965583.0,606817968.0,0.010310792247338331,002049
2021-10-13,193.0,193.0,181.77,189.92,12652517.0,2365545933.0,606817968.0,0.020850597159641125,002049
2021-10-14,191.66,200.92,188.0,195.33,8381290.0,1642239139.0,606817968.0,0.013811868537155774,002049
2021-10-15,196.67,207.78,193.3,206.21,8186605.0,1658781801.0,606817968.0,0.013491039210625352,002049
2021-10-18,205.95,206.01,200.18,203.36,5645429.0,1145562983.0,606817968.0,0.009303331967256448,002049
2021-10-19,205.17,212.2,202.5,210.85,6369719.0,1325771470.0,606817968.0,0.010496918904682137,002049
2021-10-20,210.96,214.19,206.2,208.21,6584229.0,1379891916.0,606817968.0,0.010850418654709315,002049
2021-10-21,208.0,208.0,201.0,202.0,4508060.0,917546303.0,606817968.0,0.007429015351766908,002049
2021-10-22,204.56,204.56,200.0,200.8,5698958.0,1152779845.0,606817968.0,0.009391544582608668,002049
2021-10-25,199.5,209.52,199.49,208.58,6675816.0,1373923754.0,606817968.0,0.01100134859553137,002049
2021-10-26,210.0,211.98,195.99,197.1,11821925.0,2373734604.0,606817968.0,0.01948183083464661,002049
2021-10-27,197.13,199.13,193.6,197.2,7868130.0,1544064045.0,606817968.0,0.012966211310341423,002049
2021-10-28,197.2,199.29,195.01,198.13,6053533.0,1197458632.0,606817968.0,0.009975863140558818,002049
2021-10-29,197.58,203.7,196.51,202.65,9035909.0,1811098510.0,606817968.0,0.01489064180116697,002049
2021-11-01,204.56,209.75,202.67,206.86,7594557.0,1573105551.0,606817968.0,0.012515379241374079,002049
2021-11-02,208.0,220.77,208.0,220.13,12848416.0,2797455672.0,606817968.0,0.021173427086127416,002049
2021-11-03,220.77,221.75,213.4,215.95,6963358.0,1510993672.0,606817968.0,0.011475200747516429,002049
2021-11-04,219.08,225.62,217.2,222.4,8975702.0,1991488539.0,606817968.0,0.014791424238116826,002049
2021-11-05,223.8,228.1,215.2,216.66,6809418.0,1502265374.0,606817968.0,0.011221516762997368,002049
2021-11-08,214.59,219.34,209.33,218.25,5872700.0,1261405127.0,606817968.0,0.009677861087989405,002049
2021-11-09,217.99,225.55,216.08,224.42,7855741.0,1743196635.0,606817968.0,0.012945794973559518,002049
2021-11-10,225.0,228.78,221.83,224.3,7553802.0,1701098537.0,606817968.0,0.012448217419956161,002049
2021-11-11,222.5,228.25,217.4,221.41,8056441.0,1786172555.0,606817968.0,0.013276536663133219,002049
2021-11-12,220.15,227.5,218.41,224.95,6403691.0,1434205861.0,606817968.0,0.010552902744633297,002049
2021-11-15,226.5,227.89,212.9,213.3,8796694.0,1919591563.0,606817968.0,0.014496429677243836,002049
2021-11-16,213.3,221.7,213.02,214.79,8274643.0,1801593398.0,606817968.0,0.013636120610060776,002049
2021-11-17,215.04,216.5,204.9,213.02,7845174.0,1646302288.0,606817968.0,0.012928381184652067,002049
2021-11-18,210.15,213.68,207.36,210.82,6418761.0,1352495830.0,606817968.0,0.010577737210312797,002049
2021-11-19,212.0,212.5,205.0,208.7,6517933.0,1359300954.0,606817968.0,0.010741166781007382,002049
2021-11-22,208.7,219.3,208.69,217.94,9206565.0,1989105901.0,606817968.0,0.015171872761684604,002049
2021-11-23,215.51,216.0,208.0,209.1,8028860.0,1693273362.0,606817968.0,0.013231084811911832,002049
2021-11-24,209.17,210.5,203.9,203.95,6807292.0,1406173416.0,606817968.0,0.011218013241163617,002049
2021-11-25,203.0,206.49,201.51,203.18,5043045.0,1031022617.0,606817968.0,0.00831063888338916,002049
2021-11-26,202.4,205.8,202.2,205.36,4293889.0,875716608.0,606817968.0,0.007076074253621969,002049
2021-11-29,203.05,212.2,202.1,209.9,7479070.0,1563053652.0,606817968.0,0.012325063518883805,002049
2021-11-30,210.01,230.89,210.01,230.89,18033336.0,4088526432.0,606817968.0,0.029717867550026138,002049
2021-12-01,231.88,238.79,229.28,232.2,17604882.0,4118615564.0,606817968.0,0.029011800784382837,002049
2021-12-02,232.34,236.94,225.1,227.56,7977152.0,1828020044.0,606817968.0,0.013145873096493411,002049
2021-12-03,228.99,232.0,226.61,230.3,6584064.0,1512920731.0,606817968.0,0.010850146744501145,002049
2021-12-06,228.7,233.26,225.31,227.32,5799119.0,1327906779.0,606817968.0,0.009556603966611616,002049
2021-12-07,231.0,231.5,215.81,218.98,7663513.0,1687493302.0,606817968.0,0.012629014637219839,002049
2021-12-08,219.09,223.68,216.81,218.65,6024497.0,1319840762.0,606817968.0,0.009928013535683572,002049
2021-12-09,216.28,222.0,213.49,220.0,7996527.0,1743131997.0,606817968.0,0.013177801946695157,002049
2021-12-10,218.01,227.88,215.88,220.44,12188224.0,2720729347.0,606817968.0,0.02008546984884271,002049
2021-12-13,223.0,231.03,220.31,226.7,9576752.0,2160655577.0,606817968.0,0.015781918969149576,002049
2021-12-14,227.6,228.41,219.0,226.0,6278386.0,1408659692.0,606817968.0,0.010346407540786598,002049
2021-12-15,225.89,227.2,222.89,223.59,5136099.0,1153583855.0,606817968.0,0.008463986353152944,002049
2021-12-16,220.44,223.5,206.59,215.95,12966785.0,2779417040.0,606817968.0,0.021368492173587054,002049
2021-12-17,218.03,218.5,208.91,208.97,5812952.0,1227469520.0,606817968.0,0.00957939992970017,002049
2021-12-20,206.32,211.41,203.69,204.8,6270401.0,1296736412.0,606817968.0,0.010333248734651839,002049
2021-12-21,204.01,207.95,201.68,204.77,5021280.0,1025377221.0,606817968.0,0.008274771455020594,002049
2021-12-22,205.58,205.69,200.18,202.6,7669821.0,1555349932.0,606817968.0,0.0126394098468752,002049
2021-12-23,202.0,207.51,200.61,202.42,7271847.0,1481681887.0,606817968.0,0.011983572312413794,002049
2021-12-24,201.02,206.82,201.0,206.08,6268914.0,1284573901.0,606817968.0,0.010330798246897,002049
2021-12-27,206.12,209.97,202.05,202.48,5209648.0,1066265123.0,606817968.0,0.008585190740429755,002049
2021-12-28,203.9,210.59,199.38,209.07,8505108.0,1743599036.0,606817968.0,0.014015913253247636,002049
2021-12-29,207.71,215.57,207.65,212.4,7023826.0,1494303198.0,606817968.0,0.011574848423077676,002049
2021-12-30,213.66,233.64,213.66,233.64,14109420.0,3234330114.0,606817968.0,0.023251486844568847,002049
2021-12-31,230.0,231.99,219.97,225.0,11380434.0,2563718727.0,606837179.0,0.018753686151454476,002049
2022-01-04,224.0,229.06,219.02,228.09,7461562.0,1671436346.0,606837179.0,0.012295822105520663,002049
2022-01-05,224.95,226.5,214.48,216.5,7878959.0,1722757883.0,606837179.0,0.012983645815807868,002049
2022-01-06,215.5,217.17,208.0,213.5,6756022.0,1436609358.0,606837179.0,0.011133170863283576,002049
2022-01-07,214.51,221.69,209.67,210.98,4724196.0,1015715234.0,606837179.0,0.007784948192833123,002049
2022-01-10,206.9,210.51,201.0,205.0,7845896.0,1614459693.0,606837179.0,0.012929161678803466,002049
2022-01-11,204.98,207.0,198.5,199.77,6336166.0,1281221238.0,606837179.0,0.01044129499520991,002049
2022-01-12,202.01,215.1,198.18,213.68,9102687.0,1893791356.0,606837179.0,0.015000213096699536,002049
2022-01-13,215.12,216.59,206.11,212.1,4987211.0,1055750570.0,606837179.0,0.008218367582913043,002049
2022-01-14,210.0,222.18,209.0,217.85,6157596.0,1344223820.0,606837179.0,0.01014703154830927,002049
2022-01-17,217.85,226.95,216.3,220.31,4755497.0,1049437718.0,606837179.0,0.007836528750325629,002049
2022-01-18,220.32,225.0,219.2,221.06,4322770.0,959277214.0,606837179.0,0.0071234429095518555,002049
2022-01-19,226.89,238.56,225.0,227.35,10479500.0,2424755390.0,606837179.0,0.017269047386432465,002049
2022-01-20,229.0,234.64,221.5,222.45,7081109.0,1604460935.0,606837179.0,0.011668877987451063,002049
2022-01-21,220.23,222.2,215.08,216.89,5377141.0,1175612730.0,606837179.0,0.008860928740162113,002049
2022-01-24,218.3,229.78,216.9,226.19,5927467.0,1334038241.0,606837179.0,0.009767804618971773,002049
2022-01-25,223.39,232.5,223.39,223.39,4291711.0,971858166.0,606837179.0,0.007072261141072901,002049
2022-01-26,222.5,227.0,217.77,220.8,3865841.0,855566323.0,606837179.0,0.006370474871645925,002049
2022-01-27,222.0,224.65,213.8,215.7,3456572.0,754786821.0,606837179.0,0.005696045198970909,002049
2022-01-28,213.8,222.17,208.91,214.5,5062465.0,1092781890.0,606837179.0,0.008342377783019784,002049
2022-02-07,216.98,219.72,208.65,209.51,4154380.0,880831197.0,606837179.0,0.006845954967436166,002049
2022-02-08,208.17,209.5,191.1,194.06,11375037.0,2230941770.0,606837179.0,0.018744792497296874,002049
2022-02-09,194.5,198.7,188.1,198.02,7968779.0,1547007840.0,606837179.0,0.013131659159598064,002049
2022-02-10,198.2,202.99,195.01,196.63,5016195.0,993171929.0,606837179.0,0.008266129982784065,002049
2022-02-11,196.42,199.69,193.8,195.68,4707232.0,927269853.0,606837179.0,0.007756993412560835,002049
2022-02-14,193.03,194.0,186.31,188.81,9638333.0,1827409791.0,606837179.0,0.015882897972538362,002049
2022-02-15,186.73,196.98,186.73,196.9,6200920.0,1199212956.0,606837179.0,0.010218424669065968,002049
2022-02-16,197.0,198.8,192.32,194.1,4450823.0,866076888.0,606837179.0,0.0073344599738177875,002049
2022-02-17,193.01,197.0,191.15,196.05,4402371.0,857585167.0,606837179.0,0.007254616480906157,002049
2022-02-18,193.05,197.92,192.8,196.01,2896374.0,566910983.0,606837179.0,0.00477290136502991,002049
2022-02-21,195.17,200.5,195.17,199.58,4952331.0,985497657.0,606837179.0,0.008160889232530033,002049
2022-02-22,198.69,201.75,193.21,199.9,4596652.0,908359513.0,606837179.0,0.007574769903806438,002049
2022-02-23,199.5,211.6,198.66,209.51,9003483.0,1872152642.0,606837179.0,0.014836735967359047,002049
2022-02-24,209.42,216.61,207.55,212.77,8567526.0,1815309031.0,606837179.0,0.014118327446776296,002049
2022-02-25,212.7,215.28,209.7,212.29,4477757.0,951283898.0,606837179.0,0.007378844202293017,002049
2022-02-28,212.5,226.3,212.3,221.31,8675097.0,1912741360.0,606837179.0,0.014295592459077067,002049
2022-03-01,219.76,225.47,217.59,222.0,4963586.0,1101092350.0,606837179.0,0.008179436217437165,002049
2022-03-02,220.0,223.49,217.32,221.81,4801415.0,1059923625.0,606837179.0,0.007912196493814364,002049
2022-03-03,221.05,223.5,214.4,215.9,4776589.0,1037951618.0,606837179.0,0.0078712860142671,002049
2022-03-04,214.96,225.0,213.7,219.32,5033001.0,1113782776.0,606837179.0,0.008293824396675604,002049
2022-03-07,218.9,223.5,213.12,214.57,4160152.0,900997189.0,606837179.0,0.006855466579775924,002049
2022-03-08,214.9,217.88,208.68,212.0,4614333.0,984072040.0,606837179.0,0.007603906220123009,002049
2022-03-09,213.56,215.3,199.81,208.8,6780690.0,1401355474.0,606837179.0,0.011173820976450094,002049
2022-03-10,214.9,215.29,207.0,207.81,5018745.0,1057055625.0,606837179.0,0.00827033209842273,002049
2022-03-11,205.0,211.22,203.42,210.48,5333314.0,1102381969.0,606837179.0,0.008788706731497082,002049
2022-03-14,208.0,213.39,206.01,209.05,4500075.0,947820075.0,606837179.0,0.0074156217775180186,002049
2022-03-15,207.0,211.98,200.45,200.8,5569624.0,1142186472.0,606837179.0,0.00917811925956501,002049
2022-03-16,205.0,210.98,196.68,210.0,6325702.0,1288843435.0,606837179.0,0.010424051490095006,002049
2022-03-17,213.9,217.19,211.37,214.6,7026381.0,1507134479.0,606837179.0,0.011578692346402856,002049
2022-03-18,213.1,214.6,201.0,205.98,8201868.0,1692924324.0,606837179.0,0.013515763838853388,002049
2022-03-21,208.18,214.25,206.28,213.89,6336972.0,1338381983.0,606837179.0,0.010442623193329425,002049
2022-03-22,213.89,216.83,202.77,203.77,7481127.0,1549932293.0,606837179.0,0.012328063043744392,002049
2022-03-23,204.95,207.96,200.0,205.67,6972635.0,1433266377.0,606837179.0,0.011490124931847657,002049
2022-03-24,205.67,206.68,200.2,202.0,3366997.0,681039746.0,606837179.0,0.005548435587859722,002049
2022-03-25,202.13,205.0,195.95,199.88,6168490.0,1231723614.0,606837179.0,0.010164983645473047,002049
2022-03-28,197.0,203.61,196.2,200.28,3618226.0,727835444.0,606837179.0,0.005962432964246576,002049
2022-03-29,200.28,209.97,200.28,206.16,4666799.0,965887133.0,606837179.0,0.007690364337416445,002049
2022-03-30,207.0,207.79,201.81,206.19,4387283.0,900692479.0,606837179.0,0.00722975313943314,002049
2022-03-31,206.19,206.19,202.07,204.54,2702891.0,551199885.0,606859157.0,0.004453901648879626,002049
2022-04-01,203.63,209.9,202.5,205.94,3433100.0,710221588.0,606859157.0,0.005657161073372417,002049
2022-04-06,204.79,204.79,199.19,200.93,3246891.0,651964355.0,606859157.0,0.005350320519263417,002049
2022-04-07,200.49,202.22,192.95,195.5,5341200.0,1048419819.0,606859157.0,0.008801383217819682,002049
2022-04-08,195.5,196.0,188.51,191.07,6633316.0,1271660658.0,606859157.0,0.010930569183122666,002049
2022-04-11,190.0,190.85,173.38,173.89,13469402.0,2409399663.0,606859157.0,0.022195268613208054,002049
2022-04-12,177.38,185.36,176.74,180.1,9436407.0,1698542295.0,606859157.0,0.01554958327834872,002049
2022-04-13,178.77,178.77,172.03,174.1,6235353.0,1093093245.0,606859157.0,0.010274794288059165,002049
2022-04-14,175.92,176.73,165.37,172.35,12195418.0,2074528833.0,606859157.0,0.02009596107981279,002049
2022-04-15,170.5,178.0,169.5,173.9,6679107.0,1163170216.0,606859157.0,0.011006024911971462,002049
2022-04-18,172.15,181.99,171.12,181.57,5381636.0,962708417.0,606859157.0,0.008868014823413137,002049
2022-04-19,181.95,181.99,177.76,178.48,4743215.0,851456610.0,606859157.0,0.00781600630935194,002049
2022-04-20,179.06,181.0,173.76,174.05,3616820.0,636369035.0,606859157.0,0.005959900181583649,002049
2022-04-21,174.17,175.9,167.09,168.0,6783783.0,1157506652.0,606859157.0,0.011178513040052884,002049
2022-04-22,168.0,169.8,163.2,169.0,6240882.0,1046385378.0,606859157.0,0.010283905133526724,002049
2022-04-25,166.0,170.8,158.35,158.56,7196961.0,1175194757.0,606859157.0,0.011859359650397432,002049
2022-04-26,158.56,170.92,155.54,163.0,9941079.0,1633797494.0,606859157.0,0.016381196337455942,002049
2022-04-27,162.35,176.36,161.58,174.9,10546249.0,1794561162.0,606859157.0,0.017378412895893734,002049
2022-04-28,172.51,178.08,169.2,174.93,6382966.0,1111005059.0,606859157.0,0.010518035241577479,002049
2022-04-29,176.0,185.0,173.2,183.0,8613567.0,1547969592.0,606859157.0,0.014193683823741001,002049
2022-05-05,183.47,197.88,180.63,190.06,8932128.0,1709405795.0,606859157.0,0.014718617815962197,002049
2022-05-06,185.0,188.88,183.03,186.05,3248277.0,604081807.0,606859157.0,0.005352604409988329,002049
2022-05-09,185.98,194.56,183.35,189.96,4778752.0,909131960.0,606859157.0,0.007874565201625524,002049
2022-05-10,187.9,193.2,182.0,185.22,6961482.0,1300832782.0,606859157.0,0.011471330571024077,002049
2022-05-11,183.35,190.99,182.35,185.15,6701275.0,1259048877.0,606859157.0,0.0110425539809396,002049
2022-05-12,183.8,192.88,181.01,190.0,5206994.0,978971170.0,606859157.0,0.008580234705101435,002049
2022-05-13,191.0,193.16,186.85,188.86,4179677.0,790112309.0,606859157.0,0.006887392159759402,002049
2022-05-16,189.97,191.0,185.0,187.35,3135738.0,589017284.0,606859157.0,0.005167159404006488,002049
2022-05-17,187.5,191.08,185.15,189.87,5466874.0,1031625330.0,606859157.0,0.009008472455166398,002049
2022-05-18,190.0,190.41,185.5,188.7,3921975.0,738094696.0,606859157.0,0.006462743380833586,002049
2022-05-19,186.0,190.0,183.61,188.7,5086262.0,951024134.0,606859157.0,0.008381289037713244,002049
2022-05-20,189.1,189.7,184.01,186.11,6480696.0,1202316151.0,606859157.0,0.01067907755077345,002049
2022-05-23,185.86,188.0,182.37,187.0,4487726.0,830534832.0,606859157.0,0.007395004175573477,002049
2022-05-24,186.0,189.0,178.75,179.0,5940534.0,1092791545.0,606859157.0,0.00978898304734652,002049
2022-05-25,178.0,183.88,176.0,179.93,4496502.0,806149129.0,606859157.0,0.007409465521173639,002049
2022-05-26,179.98,187.56,177.11,182.49,6090783.0,1115609330.0,606859157.0,0.01003656767759706,002049
2022-05-27,184.42,187.36,182.01,183.0,3598598.0,665418256.0,606859157.0,0.005929873445083404,002049
2022-05-30,183.0,183.95,177.67,180.5,6844832.0,1231019384.0,606859157.0,0.011279111340821376,002049
2022-05-31,179.17,180.0,168.99,177.4,12962366.0,2274372773.0,606859157.0,0.0213597600868038,002049
2022-06-01,175.18,179.18,171.1,175.68,11195418.0,1951087333.0,606859157.0,0.018448132273960232,002049
2022-06-02,175.68,186.43,174.0,185.3,9987296.0,1826043130.0,606859157.0,0.016457354041376028,002049
2022-06-06,184.17,197.74,183.08,193.92,10662846.0,2048017392.0,606859157.0,0.017570544791169724,002049
2022-06-07,193.86,193.88,187.25,189.66,7644070.0,1451011967.0,606859157.0,0.012596118739953362,002049
2022-06-08,189.56,189.86,184.86,187.93,6821970.0,1277118785.0,606859157.0,0.011241438678661975,002049
2022-06-09,189.8,190.0,183.41,184.0,7680215.0,1427308170.0,606859157.0,0.012655679512140904,002049
2022-06-10,184.1,202.4,183.06,202.4,19815725.0,3841443384.0,606859157.0,0.03265292246385268,002049
2022-06-13,202.18,204.02,196.68,199.7,10537337.0,2102950788.0,606859157.0,0.017363727445575974,002049
2022-06-14,198.0,198.8,190.02,196.0,11307950.0,2202479168.0,606859157.0,0.018633565745140433,002049
2022-06-15,195.01,197.97,192.28,194.03,8043897.0,1568808345.0,606859157.0,0.013254965187910974,002049
2022-06-16,194.5,201.0,192.11,196.14,5708079.0,1126079262.0,606859157.0,0.009405937002282063,002049
2022-06-17,195.24,198.5,192.0,197.39,5501409.0,1075495547.0,606859157.0,0.009065380222976515,002049
2022-06-20,197.41,202.0,190.99,193.1,10011362.0,1958827980.0,606859157.0,0.016497010689417675,002049
2022-06-21,192.0,192.5,186.28,189.23,7396036.0,1395287847.0,606859157.0,0.01218740116992253,002049
2022-06-22,187.5,188.47,182.0,182.1,9978392.0,1843823448.0,606859157.0,0.016442681773688718,002049
2022-06-23,181.2,191.81,180.7,191.5,11202223.0,2096908675.0,606859157.0,0.01845934574898406,002049
2022-06-24,189.0,190.0,177.65,184.35,26391595.0,4826470685.0,606859157.0,0.04348883047339434,002049
2022-06-27,181.52,195.88,181.0,191.9,17209064.0,3260587710.0,606859157.0,0.028357591380960244,002049
2022-06-28,191.89,196.94,187.0,195.34,9174387.0,1771288271.0,606859157.0,0.015117819174639231,002049
2022-06-29,195.18,196.06,188.57,188.78,7344192.0,1407492219.0,606859157.0,0.01210197113331191,002049
2022-06-30,182.8,192.83,182.8,189.72,8512557.0,1608235588.0,606862574.0,0.014027157654312688,002049
2022-07-01,196.5,208.22,196.5,201.8,17365212.0,3522009207.0,606862574.0,0.02861473543431927,002049
2022-07-04,202.0,213.2,198.0,209.77,12922690.0,2688676891.0,606862574.0,0.02129426093097644,002049
2022-07-05,210.19,211.23,205.5,209.56,6486678.0,1349265757.0,606862574.0,0.010688874677580628,002049
2022-07-06,208.0,212.88,207.0,208.95,5155204.0,1080225595.0,606862574.0,0.008494845819903864,002049
2022-07-07,208.93,210.29,203.85,208.15,5450838.0,1130860128.0,606862574.0,0.00898199729812305,002049
2022-07-08,209.12,211.88,206.0,206.21,4832274.0,1007238034.0,606862574.0,0.007962715459859616,002049
2022-07-11,205.0,205.66,199.77,203.46,5075487.0,1025258917.0,606862574.0,0.00836348659062307,002049
2022-07-12,203.01,206.0,198.18,200.7,4826164.0,970510782.0,606862574.0,0.007952647282546048,002049
2022-07-13,200.66,202.0,197.07,199.21,4599924.0,917288098.0,606862574.0,0.007579844592624359,002049
2022-07-14,199.21,210.71,199.0,207.18,5307472.0,1101882804.0,606862574.0,0.008745756003730756,002049
2022-07-15,207.0,209.18,205.45,205.74,4275964.0,886790227.0,606862574.0,0.0070460169784666935,002049
2022-07-18,204.91,207.81,198.5,201.01,6216474.0,1247852630.0,606862574.0,0.010243627249948026,002049
2022-07-19,200.42,204.68,198.68,200.86,3672593.0,738404620.0,606862574.0,0.006051770462285914,002049
2022-07-20,200.93,207.77,200.93,206.0,4903900.0,1008979281.0,606862574.0,0.008080742181342691,002049
2022-07-21,205.98,217.49,204.46,213.0,7242497.0,1548244665.0,606862574.0,0.011934327985103263,002049
2022-07-22,214.86,222.28,210.5,219.39,6835255.0,1486220793.0,606862574.0,0.011263266665048947,002049
2022-07-25,217.9,226.4,216.0,217.23,5500286.0,1209818863.0,606862574.0,0.009063478678123262,002049
2022-07-26,217.0,219.77,214.99,219.53,3344756.0,726839284.0,606862574.0,0.0055115542518197865,002049
2022-07-27,219.42,221.5,215.88,216.5,4123855.0,899240435.0,606862574.0,0.006795368797944689,002049
2022-07-28,217.38,224.25,215.54,223.9,5226016.0,1160049787.0,606862574.0,0.008611531216291483,002049
2022-07-29,222.8,223.47,210.48,210.97,7905542.0,1688967152.0,606862574.0,0.013026906483773375,002049
2022-08-01,209.4,217.66,206.0,213.93,5706853.0,1215974954.0,606862574.0,0.009403863814478696,002049
2022-08-02,213.19,216.6,210.3,211.95,4945742.0,1054067470.0,606862574.0,0.008149690246016061,002049
2022-08-03,215.98,225.3,212.0,220.85,7190596.0,1578839062.0,606862574.0,0.011848804503801878,002049
2022-08-04,223.56,226.0,217.6,218.5,7355820.0,1625299851.0,606862574.0,0.012121063837428208,002049
2022-08-05,221.17,228.0,218.0,220.18,7565379.0,1678102463.0,606862574.0,0.012466379249810188,002049
2022-08-08,220.0,234.58,218.8,233.98,9982536.0,2288599753.0,606862574.0,0.016449417755658138,002049
2022-08-09,234.0,236.24,226.86,235.0,6164270.0,1429935577.0,606862574.0,0.01015760447932978,002049
2022-08-10,233.0,250.5,232.3,241.08,7703922.0,1871840371.0,606862574.0,0.012694673110620922,002049
2022-08-11,243.49,244.44,236.01,238.72,5836787.0,1396610071.0,606862574.0,0.00961797159697642,002049
2022-08-12,239.24,241.8,231.66,233.0,5271678.0,1239826434.0,606862574.0,0.008686773951560242,002049
2022-08-15,234.99,236.6,230.0,234.6,5426204.0,1265404856.0,606863738.0,0.00894138776174496,002049
2022-08-16,233.52,242.11,233.52,236.08,4164005.0,989306330.0,606863738.0,0.006861515591165541,002049
2022-08-17,234.98,236.0,230.3,235.2,3436600.0,802843578.0,606863738.0,0.005662885726746125,002049
2022-08-18,236.44,237.45,231.65,234.49,4092169.0,958321396.0,606863738.0,0.006743143054627528,002049
2022-08-19,235.37,235.38,226.68,227.65,4341489.0,994389314.0,606863738.0,0.007153976631241724,002049
2022-08-22,227.0,232.35,224.8,229.99,4297109.0,982390984.0,606863738.0,0.007080846540875375,002049
2022-08-23,235.0,244.85,233.96,242.0,7564595.0,1815985608.0,606863738.0,0.012465063450536898,002049
2022-08-24,177.1,177.5,160.0,161.5,9365983.0,1562401160.0,849607776.0,0.011023890393394893,002049
2022-08-25,162.1,169.56,162.0,164.49,6924102.0,1146253261.0,849607776.0,0.00814976297957047,002049
2022-08-26,164.49,165.53,157.07,157.55,8301054.0,1327305670.0,849607776.0,0.009770454360813195,002049
2022-08-29,154.93,161.45,154.47,158.1,6708154.0,1065468110.0,849607776.0,0.007895589223044022,002049
2022-08-30,157.94,158.5,151.0,154.5,11323751.0,1741272951.0,849607776.0,0.013328210169300522,002049
2022-08-31,153.4,158.91,153.02,156.01,8778497.0,1371072664.0,849607776.0,0.010332411317290015,002049
2022-09-01,156.6,162.56,155.16,155.85,6924656.0,1098905237.0,849607776.0,0.0081504150451655,002049
2022-09-02,155.8,156.8,151.55,154.72,5091143.0,786771802.0,849607776.0,0.00599234510772651,002049
2022-09-05,153.83,156.5,152.33,154.61,4210009.0,649582479.0,849607776.0,0.004955238309871589,002049
2022-09-06,154.65,160.5,152.5,159.05,7721542.0,1213514299.0,849607776.0,0.009088360792027402,002049
2022-09-07,158.88,164.47,158.15,163.24,6609742.0,1074475928.0,849607776.0,0.007779756949870478,002049
2022-09-08,161.58,166.48,159.58,163.57,6075326.0,989416524.0,849607776.0,0.007150741991325654,002049
2022-09-09,165.0,166.0,160.5,162.52,3482783.0,565177294.0,849607776.0,0.0040992833380093735,002049
2022-09-13,162.88,166.0,160.28,162.88,4463083.0,730909281.0,849607776.0,0.005253109877374757,002049
2022-09-14,160.51,168.2,159.01,166.73,8301449.0,1368550562.0,849607776.0,0.009770919281228424,002049
2022-09-15,167.77,170.0,158.01,162.5,8757454.0,1424520356.0,849607776.0,0.01030764341780224,002049
2022-09-16,161.01,164.68,159.5,159.6,7204165.0,1168021383.0,849607776.0,0.00847940097007775,002049
2022-09-19,159.6,160.95,153.65,155.59,7740776.0,1207981366.0,849607776.0,0.009110999473714798,002049
2022-09-20,156.01,156.7,151.5,155.97,6038502.0,931867128.0,849607776.0,0.007107399638489185,002049
2022-09-21,155.7,156.16,152.0,153.9,3804374.0,584400500.0,849607776.0,0.004477800353842336,002049
2022-09-22,153.0,156.5,147.96,150.9,9227810.0,1398499912.0,849607776.0,0.010861258878120249,002049
2022-09-23,150.55,152.8,148.08,149.99,7196546.0,1081285465.0,849607776.0,0.008470433302625516,002049
2022-09-26,148.0,151.74,146.5,146.52,8480541.0,1259074278.0,849607776.0,0.0099817130204797,002049
2022-09-27,146.5,151.3,145.8,150.85,5976524.0,895024971.0,849607776.0,0.007034450682805427,002049
2022-09-28,151.2,151.21,146.25,147.83,5003035.0,741165254.0,849607776.0,0.005888640783815048,002049
2022-09-29,148.8,150.0,140.13,143.86,13057304.0,1882654654.0,849607776.0,0.015368625816343752,002049
2022-09-30,143.8,147.74,143.0,144.0,5658343.0,822944947.0,849608288.0,0.006659943270233258,002049
2022-10-10,141.0,141.28,130.01,136.4,9441623.0,1284706297.0,849608288.0,0.011112913013390943,002049
2022-10-11,135.9,142.39,135.9,139.78,6634519.0,926528734.0,849608288.0,0.007808915112654833,002049
2022-10-12,139.81,145.8,138.28,145.09,7258116.0,1030690794.0,849608288.0,0.008542896888501163,002049
2022-10-13,145.44,149.03,143.1,147.28,8081375.0,1189511741.0,849608288.0,0.009511883433980814,002049
2022-10-14,148.0,150.0,144.44,148.6,5924884.0,875116784.0,849608288.0,0.00697366549230273,002049
2022-10-17,147.99,154.55,146.82,152.0,7529501.0,1143459350.0,849608288.0,0.008862320561543298,002049
2022-10-18,153.0,155.82,149.64,153.59,5520663.0,845941256.0,849608288.0,0.006497892120374419,002049
2022-10-19,153.1,155.5,152.1,152.5,3363251.0,515566321.0,849608288.0,0.00395859014972321,002049
2022-10-20,151.83,156.35,149.7,155.0,5685289.0,873763292.0,849608288.0,0.006691659062534946,002049
2022-10-21,153.99,155.35,150.8,154.5,4497834.0,690459726.0,849608288.0,0.005294009090457461,002049
2022-10-24,157.0,166.35,155.36,163.0,11217996.0,1808488227.0,849608288.0,0.013203727127483012,002049
2022-10-25,162.01,164.5,160.18,161.1,6052330.0,981467884.0,849608288.0,0.007123671091118169,002049
2022-10-26,162.0,163.04,157.03,161.61,6450745.0,1039354732.0,849608288.0,0.007592610725567686,002049
2022-10-27,161.0,162.9,157.68,157.68,6545382.0,1044776775.0,849608288.0,0.0077039997048616365,002049
2022-10-28,160.0,167.51,159.34,163.29,13220084.0,2176986299.0,849608288.0,0.015560210730900968,002049
2022-10-31,162.2,166.99,161.0,164.11,7710851.0,1261837792.0,849608288.0,0.009075771869118112,002049
2022-11-01,163.13,164.5,158.11,161.08,8651077.0,1388181962.0,849608288.0,0.010182430094184769,002049
2022-11-02,161.48,162.75,156.6,157.2,9768221.0,1551840665.0,849608288.0,0.011497323105209633,002049
2022-11-03,156.0,162.28,155.92,160.2,6206986.0,992723872.0,849608288.0,0.007305703213667331,002049
2022-11-04,160.99,162.16,158.5,161.6,6330322.0,1020389973.0,849608288.0,0.007450871289052209,002049
2022-11-07,160.35,162.3,153.0,155.45,12182243.0,1902977423.0,849608288.0,0.014338658381825955,002049
2022-11-08,156.18,156.18,152.91,155.93,4022642.0,623594916.0,849608288.0,0.004734701928896437,002049
2022-11-09,158.76,158.8,153.5,153.85,4390573.0,681994491.0,849608288.0,0.005167761499049783,002049
2022-11-10,152.5,153.79,149.63,150.1,3978147.0,601028558.0,849608288.0,0.004682330735455349,002049
2022-11-11,153.55,154.0,148.15,148.74,8883544.0,1333065550.0,849608288.0,0.010456046775287579,002049
2022-11-14,148.3,149.2,144.5,148.76,7277696.0,1073100476.0,849608288.0,0.008565942803043841,002049
2022-11-15,147.5,152.54,146.2,151.49,14499935.0,2177988481.0,849608288.0,0.017066611996139097,002049
2022-11-16,151.0,151.0,141.8,143.21,20743987.0,3002909989.0,849608288.0,0.0244159423736695,002049
2022-11-17,143.2,146.79,141.58,145.46,12362644.0,1786506043.0,849608288.0,0.01455099270406364,002049
2022-11-18,145.0,147.5,141.24,141.44,8143298.0,1170450759.0,849608288.0,0.009584767609988287,002049
2022-11-21,140.59,143.99,140.05,142.85,7589696.0,1082200668.0,849608288.0,0.008933170859086535,002049
2022-11-22,142.85,144.33,140.59,141.2,4880522.0,692593057.0,849608288.0,0.005744437841453826,002049
2022-11-23,141.0,142.49,137.31,140.56,8873880.0,1239298275.0,849608288.0,0.010444672121654256,002049
2022-11-24,140.58,141.62,138.7,140.68,5362832.0,752323701.0,849608288.0,0.006312122981549822,002049
2022-11-25,140.5,141.2,136.38,136.8,7717802.0,1065228632.0,849608288.0,0.009083953286482064,002049
2022-11-28,134.0,136.99,131.0,134.98,9595592.0,1290113261.0,849608288.0,0.011294136528009011,002049
2022-11-29,135.8,136.0,131.03,131.7,12799382.0,1692219905.0,849608288.0,0.015065039007717402,002049
2022-11-30,131.03,132.49,130.08,131.49,9564865.0,1253465439.0,849608288.0,0.011257970449553806,002049
2022-12-01,131.55,137.2,130.45,137.18,18715593.0,2512813597.0,849608288.0,0.022028496266269945,002049
2022-12-02,136.0,139.6,135.03,137.03,10068014.0,1384345906.0,849608288.0,0.011850183363559655,002049
2022-12-05,137.49,138.48,134.61,135.95,7441808.0,1014083266.0,849608288.0,0.008759104760522298,002049
2022-12-06,135.0,138.0,133.23,137.0,8661467.0,1177860984.0,849608288.0,0.01019465925925619,002049
2022-12-07,136.29,139.0,135.59,137.41,7919407.0,1089347527.0,849608288.0,0.00932124499237465,002049
2022-12-08,137.08,138.97,134.67,135.3,6971633.0,952604453.0,849608288.0,0.008205702673182963,002049
2022-12-09,136.01,136.28,133.6,135.8,8863709.0,1198445723.0,849608288.0,0.010432700722429864,002049
2022-12-12,135.0,138.65,132.5,136.96,12509380.0,1691454118.0,849608288.0,0.01472370288365172,002049
2022-12-13,137.24,137.5,130.65,131.02,11471738.0,1523242586.0,849608288.0,0.013502384760163733,002049
2022-12-14,133.68,134.24,128.37,129.4,15160371.0,1981047585.0,849608288.0,0.017843953753897468,002049
2022-12-15,128.81,132.3,127.11,130.45,8967663.0,1167586234.0,849608288.0,0.010555055931846089,002049
2022-12-16,129.92,131.68,128.02,129.64,6491369.0,841964015.0,849608288.0,0.007640425701685246,002049
2022-12-19,128.99,129.02,124.88,127.14,14295007.0,1809032846.0,849608288.0,0.016825409076047054,002049
2022-12-20,127.0,130.98,126.2,128.16,8674494.0,1118939490.0,849608288.0,0.010209992207608973,002049
2022-12-21,128.3,130.23,125.7,126.12,6055103.0,771682322.0,849608288.0,0.007126934948167549,002049
2022-12-22,126.66,126.99,123.74,124.0,6565672.0,820093816.0,849608288.0,0.007727881298634412,002049
2022-12-23,122.66,124.79,121.71,122.68,6388230.0,784124288.0,849608288.0,0.0075190297578641326,002049
2022-12-26,122.71,126.45,122.5,125.92,11127442.0,1382667258.0,849608288.0,0.013097143892268622,002049
2022-12-27,125.5,134.74,125.06,133.65,14213657.0,1861083706.0,849608288.0,0.016729659068485923,002049
2022-12-28,133.0,135.5,132.18,133.85,9218155.0,1236026768.0,849608288.0,0.010849888272276365,002049
2022-12-29,133.0,135.53,132.98,133.93,6382221.0,856905549.0,849608288.0,0.00751195708674631,002049
2022-12-30,134.5,136.52,131.51,131.82,7942392.0,1060044242.0,849606901.0000001,0.009348313897464445,002049
2023-01-03,131.5,134.76,129.62,134.23,7269895.0,968924122.0,849606901.0000001,0.00855677489371052,002049
2023-01-04,133.97,136.39,132.5,134.52,7193823.0,965968356.0,849606901.0000001,0.008467237014591998,002049
2023-01-05,134.52,138.49,133.82,134.99,9500301.0,1292428007.0,849606901.0000001,0.011181996037011943,002049
2023-01-06,133.0,134.44,125.0,126.8,27726063.0,3542869451.0,849606901.0000001,0.032633989869157144,002049
2023-01-09,126.0,129.35,125.55,125.9,14655596.0,1860549221.0,849606901.0000001,0.017249855177435755,002049
2023-01-10,125.9,126.08,123.33,124.05,13895871.0,1726331829.0,849606901.0000001,0.01635564751609756,002049
2023-01-11,124.45,125.68,122.05,122.77,10817883.0,1333595355.0,849606901.0000001,0.01273280971148797,002049
2023-01-12,123.0,123.27,119.5,120.35,16993037.0,2051501413.0,849606901.0000001,0.020001058112874247,002049
2023-01-13,120.2,120.28,117.1,118.11,17140940.0,2023154089.0,849606901.0000001,0.02017514215082864,002049
2023-01-16,117.01,120.96,116.8,119.6,14549272.0,1737452881.0,849606901.0000001,0.01712471024290797,002049
2023-01-17,119.36,126.04,118.98,124.0,21027902.0,2600760949.0,849606901.0000001,0.02475015442465197,002049
2023-01-18,124.02,124.45,122.53,124.0,10425085.0,1289345682.0,849606901.0000001,0.01227048060430008,002049
2023-01-19,123.6,127.49,123.3,126.6,14348076.0,1807366239.0,849606901.0000001,0.016887899548734948,002049
2023-01-20,126.38,127.71,125.76,126.0,8995523.0,1137048090.0,849606901.0000001,0.010587864798899508,002049
2023-01-30,127.62,129.66,124.01,129.28,14545501.0,1859728973.0,849606901.0000001,0.01712027171963849,002049
2023-01-31,129.0,129.12,125.4,125.8,11093708.0,1406791404.0,849606901.0000001,0.013057459852247596,002049
2023-02-01,126.0,128.38,125.86,127.57,9036168.0,1149731137.0,849606901.0000001,0.010635704570389311,002049
2023-02-02,128.88,129.5,126.46,127.01,10563069.0,1349428678.0,849606901.0000001,0.012432889831246791,002049
2023-02-03,126.26,127.48,125.0,127.28,7625771.0,962634843.0,849606901.0000001,0.00897564625596185,002049
2023-02-06,126.49,127.77,125.02,126.1,6784275.0,856214921.0,849606901.0000001,0.007985192907466743,002049
2023-02-07,126.0,126.41,123.1,124.42,8134864.0,1012712204.0,849606901.0000001,0.009574856313461133,002049
2023-02-08,124.45,126.1,122.0,122.57,6836510.0,845006295.0,849606901.0000001,0.008046674281898281,002049
2023-02-09,121.8,126.85,121.51,126.85,13350591.0,1668881957.0,849606901.0000001,0.015713844819629116,002049
2023-02-10,126.7,128.49,123.31,124.0,11312486.0,1418482271.0,849606901.0000001,0.013314964822772783,002049
2023-02-13,123.5,123.79,119.8,120.49,18926802.0,2299466822.0,849606901.0000001,0.022277128372807316,002049
2023-02-14,120.48,123.16,120.03,121.55,12394156.0,1503501063.0,849606901.0000001,0.01458810655305635,002049
2023-02-15,121.55,121.55,118.16,120.16,15047234.0,1796486427.0,849606901.0000001,0.01771081894731455,002049
2023-02-16,119.99,119.99,116.01,116.67,17155548.0,2025037590.0,849606901.0000001,0.02019233598480387,002049
2023-02-17,116.1,116.3,112.5,112.6,17668973.0,2010738120.0,849606901.0000001,0.02079664487094367,002049
2023-02-20,112.1,114.13,111.09,114.12,11677995.0,1316886596.0,849606901.0000001,0.01374517436976421,002049
2023-02-21,113.92,116.38,113.38,115.25,9997753.0,1150709394.0,849606901.0000001,0.011767504463808491,002049
2023-02-22,114.35,114.88,111.69,112.34,13579027.0,1529192096.0,849606901.0000001,0.01598271740026744,002049
2023-02-23,112.19,113.0,111.35,111.96,11428820.0,1279810665.0,849606901.0000001,0.013451891676666123,002049
2023-02-24,112.68,114.5,111.8,112.56,15762700.0,1781923483.0,849606901.0000001,0.018552933105236157,002049
2023-02-27,111.5,113.08,109.8,109.82,13361971.0,1481268963.0,849606901.0000001,0.015727239249437308,002049
2023-02-28,109.51,111.15,104.66,110.9,28446023.0,3073243403.0,849606901.0000001,0.03348139353213657,002049
2023-03-01,111.01,113.15,110.89,112.32,18383845.0,2062875546.0,849606901.0000001,0.021638059882001827,002049
2023-03-02,112.48,112.5,108.44,108.53,18780305.0,2067553664.0,849606901.0000001,0.02210469921783274,002049
2023-03-03,110.21,111.45,108.45,109.39,14200353.0,1557861341.0,849606901.0000001,0.016714027373466448,002049
2023-03-06,109.44,113.6,109.43,113.14,26071097.0,2920695759.0,849606901.0000001,0.03068607019236064,002049
2023-03-07,113.0,113.14,109.18,109.19,17618783.0,1955260349.0,849606901.0000001,0.020737570492026874,002049
2023-03-08,108.0,109.97,106.88,109.23,13983820.0,1518409139.0,849606901.0000001,0.01645916480144033,002049
2023-03-09,109.34,110.65,107.86,107.98,11212261.0,1221873217.0,849606901.0000001,0.013196998502252042,002049
2023-03-10,106.4,107.76,105.75,105.81,12766007.0,1358843325.0,849606901.0000001,0.015025780728680778,002049
2023-03-13,105.2,106.99,104.01,105.86,12325322.0,1298821319.0,849606901.0000001,0.014507087907940613,002049
2023-03-14,105.3,106.41,102.86,105.86,17000763.0,1781560766.0,849606901.0000001,0.02001015173015879,002049
2023-03-15,106.69,108.29,104.12,104.42,14977568.0,1589906416.0,849606901.0000001,0.017628821025784013,002049
2023-03-16,103.3,104.45,101.45,101.72,13821137.0,1421131675.0,849606901.0000001,0.016267684482944186,002049
2023-03-17,102.9,103.77,101.82,102.54,12924929.0,1327215547.0,849606901.0000001,0.015212834294056655,002049
2023-03-20,102.0,102.29,100.0,100.7,16034655.0,1619461476.0,849606901.0000001,0.01887302819824906,002049
2023-03-21,100.0,101.82,99.58,100.98,14754757.0,1486206570.0,849606901.0000001,0.01736656915407988,002049
2023-03-22,101.45,101.45,99.0,100.12,17272844.0,1726302703.0,849606901.0000001,0.020330395127051818,002049
2023-03-23,99.8,110.13,99.38,110.13,53103194.0,5669549759.0,849606901.0000001,0.0625032517244113,002049
2023-03-24,110.0,113.9,109.21,112.3,63067779.0,7043331932.0,849606901.0000001,0.07423171695729905,002049
2023-03-27,112.32,113.77,106.86,107.8,48861485.0,5366588834.0,849606901.0000001,0.05751069693818317,002049
2023-03-28,105.56,107.44,102.59,102.62,35265820.0,3674484608.0,849606901.0000001,0.041508396363649586,002049
2023-03-29,102.61,106.75,101.63,104.3,34661600.0,3618746635.0,849606901.0000001,0.04079722040770005,002049
2023-03-30,105.81,114.5,105.8,112.08,60551171.0,6733723847.0,849606901.0000001,0.0712696317893962,002049
2023-03-31,114.5,115.18,109.8,111.13,49018857.0,5483413716.0,849616257.0,0.057695290781141446,002049
2023-04-03,112.79,116.35,112.0,116.18,56789183.0,6537898869.0,849616257.0,0.06684097971538697,002049
2023-04-04,116.0,119.97,114.09,115.44,62230597.0,7263224371.0,849616257.0,0.07324553466024368,002049
2023-04-06,114.0,125.67,113.88,121.0,62838666.0,7575793706.0,849616257.0,0.07396123306524724,002049
2023-04-07,122.0,124.97,119.45,123.24,41656459.0,5088298650.0,849616257.0,0.04902973390256114,002049
2023-04-10,122.3,123.6,116.0,117.3,47691957.0,5713801085.0,849616257.0,0.05613352688000649,002049
2023-04-11,117.3,119.6,115.6,118.41,30859367.0,3628796108.0,849616257.0,0.03632153545291683,002049
2023-04-12,117.4,120.28,116.01,118.81,30382429.0,3592692623.0,849616257.0,0.03576017849197064,002049
2023-04-13,117.8,117.8,112.26,112.97,38766217.0,4444212348.0,849616257.0,0.04562791340279168,002049
2023-04-14,113.98,116.17,111.81,115.95,32594430.0,3737091768.0,849616257.0,0.03836370800517768,002049
2023-04-17,115.91,115.96,113.51,114.22,21237147.0,2429636393.0,849616257.0,0.024996163650385518,002049
2023-04-18,113.5,114.17,111.49,113.3,22112604.0,2491402367.0,849616257.0,0.026026578255552376,002049
2023-04-19,113.0,115.51,112.3,112.32,25507793.0,2906194827.0,849616257.0,0.03002272236417435,002049
2023-04-20,112.32,114.46,110.75,112.85,27679849.0,3122493902.0,849616257.0,0.03257923653407682,002049
2023-04-21,112.0,112.18,104.74,104.74,38047538.0,4100422459.0,849616257.0,0.044782026810958254,002049
2023-04-24,104.41,105.88,102.58,103.29,23080063.0,2402229367.0,849616257.0,0.02716527939507165,002049
2023-04-25,105.0,107.79,102.7,104.5,26676528.0,2805071402.0,849616257.0,0.03139832575025692,002049
2023-04-26,103.94,106.37,101.13,105.2,23751128.0,2469402975.0,849616257.0,0.02795512421556689,002049
2023-04-27,104.37,106.47,103.7,105.65,17765106.0,1872902882.0,849616257.0,0.020909564587109825,002049
2023-04-28,104.99,106.29,104.81,106.0,15238074.0,1610819088.0,849616257.0,0.017935242969344452,002049
2023-05-04,104.8,104.8,101.37,102.91,18572459.0,1911954240.0,849616257.0,0.02185982065077175,002049
2023-05-05,103.01,103.99,100.99,101.21,13972220.0,1424801166.0,849616257.0,0.016445330329878563,002049
2023-05-08,101.0,102.21,100.18,100.86,13046650.0,1318787202.0,849616257.0,0.015355932625474703,002049
2023-05-09,100.7,102.26,99.08,101.03,15033183.0,1515772708.0,849616257.0,0.017694085860694635,002049
2023-05-10,100.2,100.7,95.61,95.88,26712494.0,2599720206.0,849616257.0,0.03144065780276142,002049
2023-05-11,96.2,97.05,95.18,95.2,13224414.0,1267136212.0,849616257.0,0.015565161201947198,002049
2023-05-12,95.22,95.78,89.45,89.48,36075014.0,3302310514.0,849616257.0,0.0424603621962003,002049
2023-05-15,89.22,92.63,88.9,92.2,19761717.0,1793316616.0,849616257.0,0.023259579648085758,002049
2023-05-16,92.0,92.74,91.1,92.27,13286245.0,1221285758.0,849616257.0,0.01563793641015511,002049
2023-05-17,91.75,94.25,91.1,94.25,17726374.0,1653132229.0,849616257.0,0.02086397694718311,002049
2023-05-18,94.0,94.41,92.61,93.22,12582093.0,1177117311.0,849616257.0,0.014809148125799105,002049
2023-05-19,93.21,96.43,93.1,95.12,19231174.0,1823657367.0,849616257.0,0.022635129497057163,002049
2023-05-22,95.6,96.48,93.73,94.61,10891699.0,1031426058.0,849616257.0,0.01281955107410333,002049
2023-05-23,94.0,96.38,93.85,94.26,12480659.0,1188609337.0,849616257.0,0.01468976010895705,002049
2023-05-24,93.2,95.45,92.83,93.96,10213015.0,962601980.0,849616257.0,0.012020738675672493,002049
2023-05-25,94.07,95.55,93.39,94.86,10661747.0,1008085162.0,849616257.0,0.01254889711932619,002049
2023-05-26,94.9,95.65,94.01,94.66,10636480.0,1007862110.0,849616257.0,0.012519157810795045,002049
2023-05-29,95.3,96.1,93.6,93.63,12689809.0,1199819823.0,849616257.0,0.014935930068955825,002049
2023-05-30,93.01,93.51,91.18,93.25,17927055.0,1651660369.0,849616257.0,0.021100178877580023,002049
2023-05-31,93.6,94.17,91.42,92.15,14370478.0,1329853804.0,849616257.0,0.016914080776587587,002049
2023-06-01,91.57,93.98,90.75,93.01,11950878.0,1107664464.0,849616257.0,0.01406620683342221,002049
2023-06-02,93.8,96.96,93.26,95.63,17694176.0,1683200140.0,849616257.0,0.020826079838065056,002049
2023-06-05,95.63,96.0,91.04,91.33,26539071.0,2466064941.0,849616257.0,0.031236538591798625,002049
2023-06-06,90.7,90.75,88.02,88.36,18565559.0,1660226870.0,849616257.0,0.021851699337245616,002049
2023-06-07,88.25,89.28,86.61,86.99,15629325.0,1369662170.0,849616257.0,0.01839574616331759,002049
2023-06-08,86.74,87.48,85.64,85.85,12487201.0,1078194780.0,849616257.0,0.014697460055781394,002049
2023-06-09,85.86,87.06,84.54,87.06,15937001.0,1365651393.0,849616257.0,0.01875788141845784,002049
2023-06-12,86.51,86.79,85.75,85.75,11455503.0,987394154.0,849616257.0,0.013483149487333786,002049
2023-06-13,85.98,87.93,84.43,87.85,23122402.0,1993495114.0,849616257.0,0.027215112481069205,002049
2023-06-14,87.6,87.89,86.37,86.5,14841392.0,1290703896.0,849616257.0,0.017468347477724876,002049
2023-06-15,86.3,90.1,86.08,89.53,24437047.0,2155842530.0,849616257.0,0.028762452223180565,002049
2023-06-16,89.49,90.34,88.2,90.05,16323904.0,1463996592.0,849616257.0,0.01921326700790755,002049
2023-06-19,90.0,90.37,89.11,89.48,12815721.0,1149503342.0,849616257.0,0.015084128739782342,002049
2023-06-20,89.2,95.45,89.2,93.76,34948485.0,3250044045.0,849616257.0,0.04113443535485456,002049
2023-06-21,92.9,93.99,89.85,89.88,20958595.0,1926707298.0,849616257.0,0.024668307400337326,002049
2023-06-26,88.66,89.79,87.65,88.4,14037810.0,1242729764.0,849616257.0,0.016522529888455276,002049
2023-06-27,89.0,90.8,88.51,89.65,13035655.0,1164512251.0,849616257.0,0.015342991488921098,002049
2023-06-28,89.1,89.5,87.59,88.67,11782483.0,1041525575.0,849616257.0,0.013868005588315855,002049
2023-06-29,88.57,91.64,88.38,89.42,12529958.0,1127357932.0,849616257.0,0.014747785128598357,002049
2023-06-30,88.8,95.19,88.49,93.25,29712787.0,2759689859.0,849466943.9999999,0.03497815566558409,002049
2023-07-03,93.25,94.62,92.66,93.51,15361420.0,1438630640.0,849466943.9999999,0.01808359949554435,002049
2023-07-04,93.56,95.66,92.9,94.04,16302023.0,1536255265.0,849466943.9999999,0.01919088566676469,002049
2023-07-05,94.04,98.23,93.8,96.52,33487883.0,3242072616.0,849466943.9999999,0.03942223206745524,002049
2023-07-06,95.99,96.0,93.66,94.82,17648085.0,1673391776.0,849466943.9999999,0.020775481759064192,002049
2023-07-07,94.1,94.1,92.22,93.08,11848293.0,1103094038.0,849466943.9999999,0.013947915317585333,002049
2023-07-10,92.99,95.0,92.99,93.87,7981655.0,751038437.0,849466943.9999999,0.009396074863626478,002049
2023-07-11,93.89,96.66,93.8,95.6,14951399.0,1430929264.0,849466943.9999999,0.01760091914771436,002049
2023-07-12,95.61,95.85,93.03,93.52,11048618.0,1041627808.0,849466943.9999999,0.013006530834471178,002049
2023-07-13,93.9,96.15,93.8,94.98,12671022.0,1205557839.0,849466943.9999999,0.014916439173411794,002049
2023-07-14,94.98,96.24,92.6,93.5,13792454.0,1298485320.0,849466943.9999999,0.016236598842862097,002049
2023-07-17,93.11,93.46,92.01,92.59,7394619.0,684108284.0,849466943.9999999,0.008705010892101295,002049
2023-07-18,92.58,93.69,92.47,92.78,7101940.0,661154621.0,849466943.9999999,0.008360466584559648,002049
2023-07-19,92.78,93.4,90.4,90.81,9564181.0,873239920.0,849466943.9999999,0.011259038468246742,002049
2023-07-20,90.8,91.95,89.88,90.07,7871690.0,713954042.0,849466943.9999999,0.009266623092987597,002049
2023-07-21,90.06,90.49,88.88,89.02,6962008.0,623111598.0,849466943.9999999,0.00819573739646307,002049
2023-07-24,88.94,89.47,88.09,88.22,5542660.0,491159693.0,849466943.9999999,0.006524868376749927,002049
2023-07-25,88.85,90.18,88.84,90.08,7496187.0,672544731.0,849466943.9999999,0.00882457764006883,002049
2023-07-26,90.09,90.56,89.62,89.92,5305718.0,477657144.0,849466943.9999999,0.006245938158601261,002049
2023-07-27,89.8,90.0,88.08,88.35,8960645.0,795896665.0,849466943.9999999,0.01054855055077929,002049
2023-07-28,88.1,89.5,87.5,89.25,7701350.0,682105346.0,849467066.0,0.009066096036264695,002049
2023-07-31,89.26,95.6,88.88,93.28,21336839.0,1985481729.0,849467066.0,0.02511791198742012,002049
2023-08-01,93.8,96.38,93.13,95.22,21367158.0,2032980428.0,849467066.0,0.025153603777265214,002049
2023-08-02,94.41,95.2,93.98,94.28,8114836.0,766291107.0,849467066.0,0.009552855342834446,002049
2023-08-03,93.7,95.0,93.34,94.48,6915209.0,652255859.0,849467066.0,0.008140644030571517,002049
2023-08-04,94.33,95.2,92.94,93.92,10364970.0,971833784.0,849467066.0,0.012201732609607727,002049
2023-08-07,93.6,94.68,93.35,93.63,7098008.0,666325142.0,849467066.0,0.008355836599320262,002049
2023-08-08,93.37,93.85,92.63,93.02,6259151.0,582513685.0,849467066.0,0.007368326861067502,002049
2023-08-09,92.49,93.28,92.11,92.25,4716191.0,436600773.0,849467066.0,0.005551940962476349,002049
2023-08-10,92.3,93.25,92.01,92.7,4023994.0,372392424.0,849467066.0,0.00473708064863341,002049
2023-08-11,92.66,92.66,89.49,89.5,9579348.0,866124766.0,849467066.0,0.01127689157521735,002049
2023-08-14,88.8,89.39,87.68,88.8,6784032.0,599719012.0,849467066.0,0.0079862213280909,002049
2023-08-15,88.8,89.26,85.68,86.21,9628648.0,836516683.0,849467066.0,0.011334927962940002,002049
2023-08-16,86.22,86.88,84.87,85.07,7799874.0,668517554.0,849467066.0,0.00918207934385063,002049
2023-08-17,84.82,87.2,84.02,86.48,8388656.0,719938927.0,849467066.0,0.009875198622473729,002049
2023-08-18,86.45,89.41,86.22,87.43,12783454.0,1129207573.0,849467066.0,0.015048792956971448,002049
2023-08-21,87.2,88.5,85.98,86.78,6765457.0,590665637.0,849467066.0,0.007964354676935763,002049
2023-08-22,87.1,87.87,84.79,87.08,7042057.0,608165644.0,849467066.0,0.008289970596694092,002049
2023-08-23,86.82,86.85,82.51,82.8,11739021.0,988080778.0,849467066.0,0.013819277367958606,002049
2023-08-24,86.17,91.08,86.0,91.08,27901449.0,2507398754.0,849467066.0,0.03284582783342421,002049
2023-08-25,91.0,92.69,90.02,91.11,29760628.0,2720642465.0,849467066.0,0.035034469482304806,002049
2023-08-28,96.58,96.58,92.75,93.0,23649124.0,2232646864.0,849467066.0,0.02783995395061025,002049
2023-08-29,92.5,95.38,92.4,94.41,17772715.0,1678435086.0,849467066.0,0.020922194292580142,002049
2023-08-30,94.88,96.29,92.92,93.73,16246300.0,1533907200.0,849467066.0,0.019125285311532018,002049
2023-08-31,93.0,94.36,92.2,92.73,12355676.0,1150346818.0,849467066.0,0.014545208984005508,002049
2023-09-01,92.87,93.28,91.36,91.85,10303313.0,948402166.0,849467066.0,0.012129149454276783,002049
2023-09-04,91.8,93.14,91.36,93.14,11138093.0,1029265677.0,849467066.0,0.013111859712757834,002049
2023-09-05,93.15,93.66,91.52,92.01,10553202.0,976867213.0,849467066.0,0.012423320953092724,002049
2023-09-06,91.2,94.12,90.73,94.11,16682686.0,1547829760.0,849467066.0,0.019639002696780244,002049
2023-09-07,94.0,94.0,90.98,90.98,11939437.0,1097826849.0,849467066.0,0.014055208821950962,002049
2023-09-08,90.2,95.58,90.1,94.23,19902668.0,1860996971.0,849467066.0,0.02342959344347318,002049
2023-09-11,94.0,94.76,92.93,93.82,12497064.0,1172578182.0,849467066.0,0.0147116521642759,002049
2023-09-12,93.68,93.68,91.9,91.98,9231190.0,852271299.0,849467066.0,0.010867036957027832,002049
2023-09-13,91.85,92.4,89.02,90.16,10440729.0,943769868.0,849467066.0,0.012290916761686439,002049
2023-09-14,89.94,90.3,88.35,88.88,8737387.0,776814147.0,849467066.0,0.010285727781234547,002049
2023-09-15,89.35,90.37,87.8,89.07,8738520.0,778695722.0,849467066.0,0.01028706155866436,002049
2023-09-18,88.7,88.87,87.33,87.9,8424492.0,741335876.0,849467066.0,0.00991738507258385,002049
2023-09-19,88.1,88.5,86.56,88.24,8476715.0,743468858.0,849467066.0,0.009978862441266204,002049
2023-09-20,87.99,89.55,86.22,86.3,8317804.0,726694644.0,849467066.0,0.009791791033367737,002049
2023-09-21,85.1,88.56,85.1,86.99,8289350.0,722181096.0,849467066.0,0.009758294737703227,002049
2023-09-22,86.46,89.0,86.4,88.64,9049630.0,796925556.0,849467066.0,0.010653302949828546,002049
2023-09-25,88.7,89.0,87.61,88.33,6213146.0,547623892.0,849467066.0,0.007314169375931992,002049
2023-09-26,88.19,88.35,86.45,86.73,7635356.0,665167159.0,849467066.0,0.008988407326906303,002049
2023-09-27,86.5,87.78,86.4,86.77,5534912.0,481328819.0,849467066.0,0.006515746426830867,002049
2023-09-28,86.67,87.5,86.41,87.2,6748507.0,586889433.0,849466931.0,0.007944402252428588,002049
2023-10-09,87.2,88.8,86.5,88.49,8379920.0,735079721.0,849466931.0,0.009864916095244678,002049
2023-10-10,88.07,89.18,88.03,88.6,7285478.0,644814659.0,849466931.0,0.00857652927280344,002049
2023-10-11,88.73,89.24,80.01,81.43,33870547.0,2817611780.0,849466931.0,0.039872708123113505,002049
2023-10-12,81.5,81.5,79.11,80.69,22777039.0,1824627947.0,849466931.0,0.026813332183733943,002049
2023-10-13,79.98,79.99,77.89,78.48,17876686.0,1405341377.0,849466931.0,0.021044593200297283,002049
2023-10-16,78.0,78.11,74.12,74.38,22832831.0,1717189060.0,849466931.0,0.02687901102061853,002049
2023-10-17,74.38,74.7,73.55,74.49,12308690.0,913773886.0,849466931.0,0.014489898959939618,002049
2023-10-18,73.8,74.3,72.28,72.41,11840012.0,864809806.0,849466931.0,0.013938167064445738,002049
2023-10-19,71.8,75.99,71.61,73.59,20018557.0,1491270921.0,849466931.0,0.02356602272490346,002049
2023-10-20,73.0,74.06,72.46,72.79,9621739.0,703038491.0,849466931.0,0.011326796428288507,002049
2023-10-23,72.41,72.64,70.58,70.95,10509445.0,749752413.0,849466931.0,0.012371811799228239,002049
2023-10-24,71.5,72.73,70.5,71.78,10448898.0,748421792.0,849466931.0,0.012300535334200079,002049
2023-10-25,72.0,73.73,71.95,72.48,12024614.0,875246216.0,849466931.0,0.014155482174973566,002049
2023-10-26,71.99,72.36,70.77,71.82,9398554.0,670069409.0,849466931.0,0.011064061068199488,002049
2023-10-27,71.18,73.98,71.08,73.94,13076575.0,952636000.0,849466931.0,0.01539385998770563,002049
2023-10-30,73.0,76.05,72.7,75.64,19771391.0,1479448516.0,849466931.0,0.023275056719070798,002049
2023-10-31,75.4,75.82,74.35,75.3,12196462.0,914575887.0,849466931.0,0.014357783163662671,002049
2023-11-01,75.41,76.5,74.9,74.93,9020438.0,681476877.0,849466931.0,0.01061893956175676,002049
2023-11-02,75.19,75.5,73.53,73.62,8929632.0,662951463.0,849466931.0,0.010512041933743034,002049
2023-11-03,73.66,75.93,73.66,75.35,12154920.0,910750186.0,849466931.0,0.014308879553075858,002049
2023-11-06,76.12,77.94,75.88,77.79,15695002.0,1211657691.0,849466931.0,0.01847629545922842,002049
2023-11-07,77.41,78.07,76.88,77.79,10247771.0,795027708.0,849466931.0,0.012063766847211149,002049
2023-11-08,77.61,78.76,76.96,77.76,12457642.0,969954423.0,849466931.0,0.01466524657450144,002049
2023-11-09,77.64,78.3,76.97,77.28,8896986.0,690004029.0,849466931.0,0.010473610773201482,002049
2023-11-10,77.15,77.79,76.54,76.84,7729103.0,595403274.0,849466931.0,0.009098768554652541,002049
2023-11-13,77.0,78.39,76.87,78.3,11927036.0,927540983.0,849466931.0,0.014040612488539592,002049
2023-11-14,78.31,80.8,78.0,79.58,15353683.0,1224867478.0,849466931.0,0.018074491707317564,002049
2023-11-15,80.25,80.38,78.5,78.74,9951021.0,787748574.0,849466931.0,0.011714430117115412,002049
2023-11-16,78.5,78.5,77.46,77.46,7210266.0,561341731.0,849466931.0,0.008487989039799361,002049
2023-11-17,77.05,78.19,77.03,77.54,5277226.0,408787316.0,849466931.0,0.006212397219262676,002049
2023-11-20,77.57,78.79,76.6,77.71,9138677.0,709375103.0,849466931.0,0.01075813156050921,002049
2023-11-21,77.72,78.1,76.65,76.76,7577300.0,585835962.0,849466931.0,0.008920064717622304,002049
2023-11-22,76.48,76.84,75.4,75.4,7494576.0,569261122.0,849466931.0,0.008822681291639356,002049
2023-11-23,75.4,76.61,74.9,76.2,7181173.0,544496417.0,849466931.0,0.008453740502348055,002049
2023-11-24,75.98,76.2,74.26,74.36,7473019.0,559840337.0,849466931.0,0.00879730420017963,002049
2023-11-27,74.15,74.6,73.21,73.75,7594445.0,560157959.0,849466931.0,0.008940247963578467,002049
2023-11-28,73.74,74.25,73.26,73.79,5377272.0,396465646.0,849466931.0,0.0063301722571705386,002049
2023-11-29,73.78,74.49,73.35,73.4,5792702.0,427476426.0,849466931.0,0.006819220135127309,002049
2023-11-30,73.39,73.39,72.07,72.45,6569520.0,476554673.0,849466931.0,0.007733697169666514,002049
2023-12-01,72.37,73.23,71.24,72.42,8752542.0,630914861.0,849466931.0,0.010303570016194074,002049
2023-12-04,72.45,73.07,71.57,71.57,8046567.0,581587867.0,849466931.0,0.009472489989136494,002049
2023-12-05,71.2,71.2,69.01,69.01,10997262.0,771753203.0,849466931.0,0.012946074295151109,002049
2023-12-06,68.94,70.28,68.76,69.27,8053411.0,560250972.0,849466931.0,0.009480546806594875,002049
2023-12-07,69.16,69.39,67.35,67.89,10671665.0,725748442.0,849466931.0,0.012562778620984365,002049
2023-12-08,67.98,68.25,66.59,67.9,14610189.0,983566552.0,849466931.0,0.017199243980929025,002049
2023-12-11,67.0,68.42,66.15,68.25,12661260.0,848837795.0,849466931.0,0.014904947488768106,002049
2023-12-12,68.1,68.69,67.6,67.85,9755670.0,662979582.0,849466931.0,0.011484461188519179,002049
2023-12-13,67.65,68.13,66.26,66.47,8282138.0,555701096.0,849466931.0,0.009749806258202652,002049
2023-12-14,66.81,67.75,66.42,66.47,7121745.0,476536018.0,849466931.0,0.008383781334037593,002049
2023-12-15,66.88,67.25,65.8,65.8,7558922.0,502569427.0,849466931.0,0.008898429973138059,002049
2023-12-18,65.48,65.7,63.99,64.17,9386168.0,606973011.0,849466931.0,0.01104948015922235,002049
2023-12-19,64.2,65.13,63.85,64.66,7307007.0,471222218.0,849466931.0,0.008601873402415002,002049
2023-12-20,64.72,64.88,63.3,63.33,6236856.0,399257724.0,849466931.0,0.007342082160464937,002049
2023-12-21,63.01,64.5,63.01,64.46,10826840.0,691240431.0,849466931.0,0.012745452006300643,002049
2023-12-22,64.4,65.47,63.75,64.69,9055762.0,584978532.0,849466931.0,0.010660523287633429,002049
2023-12-25,64.69,66.36,64.67,65.75,10268163.0,674800351.0,849466931.0,0.012087772490345478,002049
2023-12-26,65.6,65.6,64.11,64.46,6930864.0,448600058.0,849466931.0,0.008159074529058978,002049
2023-12-27,64.56,64.9,63.71,64.08,8774974.0,563731261.0,849466931.0,0.010329977165408927,002049
2023-12-28,64.05,67.29,63.58,66.96,18048209.0,1191701709.0,849466931.0,0.02124651159610591,002049
2023-12-29,67.0,68.08,66.77,67.45,12191481.0,822890806.0,849469257.0000001,0.0143518801881726,002049
2024-01-02,67.44,67.44,66.06,66.06,8557094.0,568667175.0,849469257.0000001,0.010073459315314573,002049
2024-01-03,66.0,66.01,63.51,64.28,12010027.0,773961524.0,849469257.0000001,0.014138271516046163,002049
2024-01-04,64.27,64.27,61.1,62.37,11055124.0,693652301.0,849469257.0000001,0.013014154319183324,002049
2024-01-05,62.31,63.65,61.23,61.6,8732429.0,544023267.0,849469257.0000001,0.010279864666132349,002049
2024-01-08,61.54,61.66,59.59,59.6,10085494.0,606210312.0,849469257.0000001,0.01187270041486622,002049
2024-01-09,60.07,60.96,59.43,59.8,8491671.0,509603946.0,849469257.0000001,0.009996442990755578,002049
2024-01-10,59.7,60.3,58.44,59.21,8768708.0,520604673.0,849469257.0000001,0.010322572509531088,002049
2024-01-11,59.2,60.9,58.75,60.63,11115361.0,668550776.0,849469257.0000001,0.013085065655295396,002049
2024-01-12,60.35,60.68,59.4,59.49,8766085.0,526110526.0,849469257.0000001,0.01031948469913844,002049
2024-01-15,59.2,59.98,58.32,58.92,7717578.0,457165147.0,849469257.0000001,0.009085176345587276,002049
2024-01-16,58.9,59.3,58.1,59.11,8646706.0,506979937.0,849469257.0000001,0.010178951067089647,002049
2024-01-17,59.05,59.09,57.11,57.11,9227189.0,534683965.0,849469257.0000001,0.010862298928376637,002049
2024-01-18,56.85,58.89,56.25,58.7,14618748.0,838736647.0,849469257.0000001,0.01720927258936694,002049
2024-01-19,58.4,59.48,58.12,58.18,8952511.0,525207478.0,849469257.0000001,0.010538946437704925,002049
2024-01-22,58.3,58.3,55.91,56.23,10107560.0,578777433.0,849469257.0000001,0.011898676634509445,002049
2024-01-23,56.23,58.03,55.63,57.8,11987488.0,685326349.0,849469257.0000001,0.01411173847813541,002049
2024-01-24,58.0,58.15,55.27,57.56,12221591.0,692839114.0,849469257.0000001,0.0143873258499807,002049
2024-01-25,57.55,59.04,56.77,58.96,15569321.0,907008615.0,849469257.0000001,0.018328292485810346,002049
2024-01-26,58.49,58.75,57.92,58.19,10381599.0,605543140.0,849469257.0000001,0.01222127689077746,002049
2024-01-29,58.06,59.09,56.22,56.22,8864432.0,506566260.0,849469257.0000001,0.010435259342175344,002049
2024-01-30,55.6,56.0,53.58,53.73,11447591.0,626469102.0,849469257.0000001,0.01347616868493688,002049
2024-01-31,53.45,55.05,52.3,52.32,12667730.0,678139110.0,849469257.0000001,0.014912523196822411,002049
2024-02-01,52.29,54.3,51.68,52.97,11902031.0,631688123.0,849469257.0000001,0.01401113801579284,002049
2024-02-02,52.9,53.27,48.8,50.2,14648207.0,745437736.0,849469257.0000001,0.01724395189030366,002049
2024-02-05,49.5,50.1,46.3,48.41,15740586.0,762595624.0,849469257.0000001,0.018529906609674983,002049
2024-02-06,47.99,52.53,47.93,52.26,17587019.0,894255845.0,849469257.0000001,0.020703537950402834,002049
2024-02-07,52.26,53.87,51.9,52.67,17505281.0,926319042.0,849469257.0000001,0.020607315515833904,002049
2024-02-08,53.3,55.53,53.03,54.99,18263465.0,993609325.0,849469257.0000001,0.021499853996481945,002049
2024-02-19,56.8,57.15,55.0,56.04,17321281.0,968404009.0,849469257.0000001,0.020390709678149068,002049
2024-02-20,55.83,56.51,54.71,56.08,12442794.0,688702934.0,849469257.0000001,0.014647727269075258,002049
2024-02-21,55.59,58.38,55.32,57.26,20222909.0,1157965194.0,849469257.0000001,0.02380652252374567,002049
2024-02-22,57.36,59.33,57.32,58.49,17422195.0,1016208949.0,849469257.0000001,0.020509506208062803,002049
2024-02-23,58.71,59.26,57.93,59.06,14900618.0,872789346.0,849469257.0000001,0.017541091542998592,002049
2024-02-26,59.34,61.57,58.58,60.37,23491086.0,1413882707.0,849469257.0000001,0.02765383891932889,002049
2024-02-27,59.9,66.41,59.27,66.41,27436048.0,1736576812.0,849469257.0000001,0.032297870433703045,002049
2024-02-28,68.84,71.49,65.06,65.08,60298521.0,4120701155.0,849469257.0000001,0.0709837589802264,002049
2024-02-29,65.0,71.59,64.93,71.59,60093489.0,4230786660.0,849469257.0000001,0.07074239415352968,002049
2024-03-01,74.1,77.65,73.26,76.27,89763236.0,6750554761.0,849469257.0000001,0.1056697876471826,002049
2024-03-04,75.0,76.21,73.36,74.47,60031118.0,4479822922.0,849469257.0000001,0.07066897066058271,002049
2024-03-05,73.17,75.36,72.16,72.97,42076414.0,3100391356.0,849469257.0000001,0.04953259185458667,002049
2024-03-06,71.99,73.5,70.7,71.8,31114348.0,2236755858.0,849469257.0000001,0.036627985937812454,002049
2024-03-07,72.0,72.78,69.39,69.79,32074854.0,2277474931.0,849469257.0000001,0.03775869901787393,002049
2024-03-08,70.28,71.56,69.39,71.15,29098910.0,2050689163.0,849469257.0000001,0.03425540095796545,002049
2024-03-11,69.9,71.13,69.48,70.95,25156172.0,1769814963.0,849469257.0000001,0.02961398754893374,002049
2024-03-12,70.99,73.58,70.52,71.71,33268495.0,2403070116.0,849469257.0000001,0.039163859934721566,002049
2024-03-13,72.0,72.48,70.19,70.56,25723032.0,1830738251.0,849469257.0000001,0.030281298337792577,002049
2024-03-14,69.5,70.32,67.63,68.72,27960099.0,1929302007.0,849469257.0000001,0.03291478622633661,002049
2024-03-15,68.62,69.4,67.63,69.32,17934433.0,1228886378.0,849469257.0000001,0.021112515670475875,002049
2024-03-18,69.41,71.08,69.41,70.95,23366173.0,1645491011.0,849469257.0000001,0.027506790631270598,002049
2024-03-19,70.67,72.01,70.0,70.0,21526316.0,1526185585.0,849469257.0000001,0.025340900594828703,002049
2024-03-20,69.8,70.74,69.16,70.08,14725725.0,1029172759.0,849469257.0000001,0.017335206517073518,002049
2024-03-21,70.5,71.24,68.7,68.72,22427660.0,1562364503.0,849469257.0000001,0.026401967834840664,002049
2024-03-22,68.81,69.2,67.01,67.04,20172491.0,1368171902.0,849469257.0000001,0.023747170169808745,002049
2024-03-25,66.88,67.3,64.98,64.99,17266449.0,1140927032.0,849469257.0000001,0.020326161138518987,002049
2024-03-26,64.92,65.55,63.59,64.28,16452384.0,1061670856.0,849469257.0000001,0.019367839229524935,002049
2024-03-27,64.29,64.47,61.28,61.33,17839636.0,1116705431.0,849469257.0000001,0.02100092010745952,002049
2024-03-28,61.29,67.3,61.17,65.56,33629360.0,2178766197.0,849469257.0000001,0.03958867224785275,002049
2024-03-29,65.31,65.44,64.0,64.9,14785349.0,956005437.0,849470684.9999999,0.01740536696684242,002049
2024-04-01,65.03,65.51,64.45,65.36,16271181.0,1058633407.0,849470684.9999999,0.019154493836358817,002049
2024-04-02,65.45,65.55,63.85,64.35,12889783.0,831607151.0,849470684.9999999,0.015173899732631741,002049
2024-04-03,64.0,64.78,62.93,63.59,12858969.0,820159572.0,849470684.9999999,0.015137625379032358,002049
2024-04-08,63.59,63.59,61.66,61.66,11759637.0,734946339.0,849470684.9999999,0.013843487724358613,002049
2024-04-09,61.66,62.66,61.05,62.26,9824788.0,608494176.0,849470684.9999999,0.011565776398746475,002049
2024-04-10,62.15,62.15,58.95,59.35,16919066.0,1013475593.0,849470684.9999999,0.019917186430041436,002049
2024-04-11,59.16,60.77,59.02,59.36,13214629.0,793136647.0,849470684.9999999,0.01555630963298045,002049
2024-04-12,59.68,60.4,58.95,59.18,12282988.0,732441687.0,849470684.9999999,0.014459578437365382,002049
2024-04-15,59.25,61.75,58.68,60.53,18701671.0,1126410084.0,849470684.9999999,0.02201567556154101,002049
2024-04-16,59.8,60.82,58.66,58.75,14393400.0,856566502.0,849470684.9999999,0.016943963169252865,002049
2024-04-17,59.19,62.55,59.19,62.35,22779241.0,1393100244.0,849470684.9999999,0.02681580589211269,002049
2024-04-18,61.8,61.88,60.3,60.76,19288208.0,1178483372.0,849470684.9999999,0.022706149065049846,002049
2024-04-19,60.11,60.75,59.36,59.78,12979531.0,777319331.0,849470684.9999999,0.015279551406768089,002049
2024-04-22,58.87,60.64,57.38,60.07,13001348.0,774886087.0,849470684.9999999,0.01530523445903257,002049
2024-04-23,60.45,60.7,59.27,59.47,9050810.0,540959038.0,849470684.9999999,0.010654646663881051,002049
2024-04-24,59.56,60.87,59.36,60.6,12999817.0,781932690.0,849470684.9999999,0.015303432160228109,002049
2024-04-25,60.1,60.74,59.56,59.63,10902012.0,653719919.0,849470684.9999999,0.012833888434890488,002049
2024-04-26,55.2,58.28,55.0,57.88,35642012.0,2025331803.0,849470684.9999999,0.041957906999462856,002049
2024-04-29,57.5,60.28,57.4,59.78,22861366.0,1360083955.0,849470684.9999999,0.026912483742743874,002049
2024-04-30,59.78,59.85,57.8,58.5,15819290.0,927397627.0,849470684.9999999,0.01862252609694236,002049
2024-05-06,59.5,60.44,59.1,59.22,15046534.0,898423042.0,849470684.9999999,0.017712834904950254,002049
2024-05-07,59.25,59.58,58.3,58.61,13139993.0,771908174.0,849470684.9999999,0.015468447860563901,002049
2024-05-08,58.71,58.79,56.35,56.68,16616669.0,951427030.0,849470684.9999999,0.01956120357467074,002049
2024-05-09,56.67,60.95,56.6,60.25,33755462.0,1991494965.0,849470684.9999999,0.039737053433456626,002049
2024-05-10,60.0,60.19,58.68,59.42,18025385.0,1068618804.0,849470684.9999999,0.021219549206692168,002049
2024-05-13,58.64,59.28,57.68,57.81,16105383.0,938145348.0,849470684.9999999,0.018959315823829755,002049
2024-05-14,57.98,58.84,57.16,57.5,12664248.0,730994248.0,849470684.9999999,0.014908399105026211,002049
2024-05-15,57.29,57.45,56.61,56.66,11650704.0,663484892.0,849470684.9999999,0.013715251397992624,002049
2024-05-16,56.98,59.14,55.81,57.17,25897366.0,1491657830.0,849470684.9999999,0.030486474056488487,002049
2024-05-17,56.68,58.15,55.91,57.71,21008711.0,1194933965.0,849470684.9999999,0.024731531494815506,002049
2024-05-20,57.71,58.84,57.35,58.17,16515799.0,959583604.0,849470684.9999999,0.019442459041420602,002049
2024-05-21,58.0,58.06,57.02,57.1,11898385.0,683266049.0,849470684.9999999,0.014006822377866992,002049
2024-05-22,57.09,57.63,56.56,57.5,12672407.0,724325678.0,849470684.9999999,0.014918003909693485,002049
2024-05-23,57.49,57.54,56.08,56.1,13097586.0,741131421.0,849470684.9999999,0.01541852618492656,002049
2024-05-24,56.1,56.36,53.74,53.83,19670285.0,1078392434.0,849470684.9999999,0.023155931508101427,002049
2024-05-27,54.15,54.98,52.7,54.94,16503421.0,887988070.0,849470684.9999999,0.019427887614509032,002049
2024-05-28,55.0,56.68,54.51,55.09,20761242.0,1155725237.0,849470684.9999999,0.0244402100821172,002049
2024-05-29,54.19,55.35,54.02,54.76,10626298.0,583220976.0,849470684.9999999,0.012509316904797016,002049
2024-05-30,54.58,56.38,54.04,55.68,17748083.0,985093474.0,849470684.9999999,0.020893108277185577,002049
2024-05-31,55.47,56.11,55.3,55.36,13720031.0,763214505.0,849470684.9999999,0.01615127071748215,002049
2024-06-03,55.36,56.28,55.12,55.93,15786205.0,881435913.0,849470684.9999999,0.018583578313829632,002049
2024-06-04,55.89,55.89,54.9,55.68,12756120.0,706527531.0,849470684.9999999,0.015016551159737787,002049
2024-06-05,55.7,59.3,55.51,57.86,38613492.0,2240622758.0,849470684.9999999,0.04545594413302209,002049
2024-06-06,58.32,58.59,56.78,56.93,26660132.0,1534509581.0,849470684.9999999,0.03138440498391066,002049
2024-06-07,57.12,57.73,55.4,55.77,20278798.0,1144147833.0,849470684.9999999,0.02387227523925679,002049
2024-06-11,55.38,59.5,55.1,59.01,37411723.0,2183435631.0,849470684.9999999,0.04404121726696196,002049
2024-06-12,58.45,59.1,58.2,58.37,24172126.0,1415732091.0,849470684.9999999,0.02845551521298231,002049
2024-06-13,58.58,59.35,58.37,58.53,26114540.0,1536723951.0,849470695.0,0.03074213172238979,002049
2024-06-14,58.1,58.14,57.15,57.95,19307252.0,1112942732.0,849470695.0,0.022728567464001804,002049
2024-06-17,57.7,59.5,57.5,59.01,22582699.0,1327270915.0,849470695.0,0.02658443561728754,002049
2024-06-18,59.0,59.99,58.67,59.12,22181437.0,1311810924.0,849470695.0,0.02611206852756704,002049
2024-06-19,59.39,59.39,58.12,58.7,17030635.0,998490049.0,849470695.0,0.020048525629244928,002049
2024-06-20,58.41,59.98,58.23,58.6,23983605.0,1417128858.0,849470695.0,0.028233587269305388,002049
2024-06-21,57.84,58.11,56.56,57.3,19451087.0,1112153442.0,849470695.0,0.02289789055053865,002049
2024-06-24,56.02,56.8,53.95,54.04,18560784.0,1027748640.0,849470695.0,0.02184982261218558,002049
2024-06-25,54.04,54.3,51.1,51.6,23046706.0,1208464570.0,849470695.0,0.027130666349826228,002049
2024-06-26,51.6,53.37,51.03,52.99,15567667.0,811946574.0,849470695.0,0.01832631436449965,002049
2024-06-27,52.45,52.98,51.67,51.67,11465535.0,599018795.0,849470695.0,0.013497269614462687,002049
2024-06-28,51.45,54.1,51.33,52.6,18432742.0,978063900.0,849471925.0,0.021699059683461582,002049
2024-07-01,52.65,52.82,51.57,52.58,10909938.0,569657693.0,849471925.0,0.012843200203467584,002049
2024-07-02,52.47,52.8,51.52,51.76,10901001.0,568813906.0,849471925.0,0.012832679549709663,002049
2024-07-03,51.7,51.99,50.26,50.95,14014034.0,714396522.0,849471925.0,0.016497348043609562,002049
2024-07-04,50.95,51.15,49.52,49.62,12554911.0,630244714.0,849471925.0,0.0147796656140225,002049
2024-07-05,49.49,49.92,48.53,49.73,11331354.0,557492028.0,849471925.0,0.013339291937164374,002049
2024-07-08,49.65,50.28,48.54,48.76,10412507.0,515364457.0,849471925.0,0.012257623464130377,002049
2024-07-09,48.5,51.46,48.39,51.18,21737165.0,1093352278.0,849471925.0,0.02558903285708942,002049
2024-07-10,50.9,51.45,50.7,50.91,11406907.0,583028838.0,849471925.0,0.01342823307550747,002049
2024-07-11,52.01,52.26,51.25,51.82,13766395.0,712900524.0,849471925.0,0.016205826931831795,002049
2024-07-12,51.5,51.99,51.21,51.67,9500342.0,490064676.0,849471925.0,0.01118382105447452,002049
2024-07-15,51.53,52.15,51.08,51.21,8124815.0,419070396.0,849471925.0,0.009564547998452097,002049
2024-07-16,51.1,53.43,50.78,53.05,21141223.0,1109100404.0,849471925.0,0.024887488777218858,002049
2024-07-17,52.64,53.55,52.22,52.22,14473184.0,764925790.0,849471925.0,0.017037860315395354,002049
2024-07-18,51.48,52.2,50.42,52.01,16106866.0,826373348.0,849471925.0,0.018961033938820284,002049
2024-07-19,51.76,54.9,51.61,54.09,28124004.0,1513738192.0,849471925.0,0.033107632132751176,002049
2024-07-22,54.69,56.16,54.15,55.05,26238173.0,1448131530.0,849471925.0,0.030887628216788917,002049
2024-07-23,54.8,55.35,52.73,52.79,17513927.0,943565863.0,849471925.0,0.020617428880889736,002049
2024-07-24,52.69,53.72,52.2,52.34,14650612.0,776172411.0,849471925.0,0.017246728901605547,002049
2024-07-25,51.81,52.78,51.62,52.15,11313020.0,590902133.0,849471925.0,0.013317709116755094,002049
2024-07-26,52.15,53.38,51.85,52.99,13417483.0,706342268.0,849471925.0,0.01579508704775617,002049
2024-07-29,52.9,53.26,51.84,51.85,10261685.0,539201519.0,849471925.0,0.012080075512795788,002049
2024-07-30,51.62,52.48,50.83,52.46,11119498.0,575112875.0,849471925.0,0.013089894642486272,002049
2024-07-31,52.13,54.05,51.9,53.92,16272871.0,869667911.0,849471925.0,0.01915645534724411,002049
2024-08-01,54.05,54.79,53.4,54.03,17051083.0,923132156.0,849471925.0,0.02007256802512926,002049
2024-08-02,53.19,53.85,52.06,52.29,14634308.0,775120133.0,849471925.0,0.017227535801139043,002049
2024-08-05,51.51,52.52,49.89,49.89,19397340.0,988239644.0,849471925.0,0.02283458632255563,002049
2024-08-06,50.57,50.99,50.0,50.96,11694640.0,591385898.0,849471925.0,0.013766952921957957,002049
2024-08-07,50.9,51.56,50.59,50.66,8423232.0,430413880.0,849471925.0,0.009915845070453623,002049
2024-08-08,50.5,51.1,49.8,50.28,9199510.0,463160260.0,849471925.0,0.01082968103978245,002049
2024-08-09,50.9,51.1,49.91,49.91,8686682.0,438110805.0,849471925.0,0.010225978922140364,002049
2024-08-12,49.76,49.98,49.3,49.77,5090612.0,252973168.0,849471925.0,0.005992678333660056,002049
2024-08-13,49.78,50.22,49.58,50.2,6137874.0,306423261.0,849471925.0,0.007225517194108563,002049
2024-08-14,50.22,50.38,49.5,49.52,4943934.0,246335066.0,849471925.0,0.005820008707174166,002049
2024-08-15,49.5,50.3,49.31,49.83,6984399.0,348531903.0,849471925.0,0.008222048068274887,002049
2024-08-16,50.02,50.08,49.44,49.48,5873920.0,291772870.0,849471925.0,0.006914790032642927,002049
2024-08-19,49.48,49.9,48.56,48.62,8952461.0,439630752.0,849471925.0,0.010538854477150613,002049
2024-08-20,48.59,48.72,46.9,46.95,12264774.0,579932584.0,849471925.0,0.014438115774102835,002049
2024-08-21,46.54,47.05,46.2,46.26,7568503.0,352578719.0,849471925.0,0.00890965643155305,002049
2024-08-22,46.26,46.5,45.21,45.23,9095083.0,414500665.0,849471925.0,0.010706749372558722,002049
2024-08-23,44.11,45.96,43.81,45.86,9828856.0,444202389.0,849471925.0,0.011570548373332056,002049
2024-08-26,45.86,46.81,45.84,46.26,6840163.0,316964847.0,849471925.0,0.00805225316893198,002049
2024-08-27,46.22,46.25,45.3,45.59,5804163.0,264696915.0,849471925.0,0.006832671956757135,002049
2024-08-28,45.3,45.86,44.92,45.72,5615288.0,255098715.0,849471925.0,0.006610327939913964,002049
2024-08-29,45.41,46.46,45.41,46.08,6547638.0,301979734.0,849471925.0,0.007707892170774213,002049
2024-08-30,46.15,48.08,46.14,47.6,13209437.0,624559912.0,849471925.0,0.015550174892478053,002049
2024-09-02,47.3,47.73,46.35,46.37,8078260.0,379815787.0,849471925.0,0.009509743362030476,002049
2024-09-03,46.34,47.25,46.08,47.05,6018940.0,282090072.0,849471925.0,0.00708550785830856,002049
2024-09-04,46.8,47.5,46.51,47.21,6658090.0,314134294.0,849471925.0,0.007837916479700021,002049
2024-09-05,47.28,48.05,47.21,47.82,5614355.0,268385395.0,849471925.0,0.006609229610501842,002049
2024-09-06,47.83,47.96,46.46,46.46,6626598.0,311557566.0,849471925.0,0.007800844036134567,002049
2024-09-09,46.15,46.86,45.92,46.26,4534995.0,210019636.0,849471925.0,0.005338604922110875,002049
2024-09-10,46.3,46.86,45.58,46.66,4912087.0,226941131.0,849471925.0,0.005782518356919212,002049
2024-09-11,46.58,46.75,46.24,46.38,3311227.0,153851216.0,849471925.0,0.0038979828556429336,002049
2024-09-12,46.82,47.2,45.59,45.68,5616784.0,260735187.0,849471925.0,0.006612089034019576,002049
2024-09-13,45.68,45.86,44.96,45.04,4905291.0,222581385.0,849471925.0,0.005774518092519655,002049
2024-09-18,45.3,45.48,44.5,45.19,4396870.0,197561805.0,849471925.0,0.005176003903837081,002049
2024-09-19,45.85,46.68,45.24,46.19,7326104.0,337484656.0,849471925.0,0.008624303857952691,002049
2024-09-20,46.2,46.38,45.68,46.06,5600246.0,257357333.0,849471925.0,0.006592620468298584,002049
2024-09-23,45.92,46.6,45.73,45.87,4548634.0,209525648.0,849471925.0,0.005354660779401273,002049
2024-09-24,46.3,47.66,45.8,47.64,12403235.0,581469075.0,849471925.0,0.014601112332229226,002049
2024-09-25,48.02,49.79,48.02,48.54,17385191.0,852547096.0,849471925.0,0.020465880611651763,002049
2024-09-26,48.49,53.39,48.36,53.39,35838803.0,1836761728.0,849471925.0,0.04218950849964818,002049
2024-09-27,55.0,58.0,54.49,56.7,41929562.0,2342682956.0,849471925.0,0.04935956182424746,002049
2024-09-30,60.0,62.37,58.2,62.37,54061882.0,3289608779.0,849472052.0,0.06364174297755472,002049
2024-10-08,68.61,68.61,66.53,68.61,29446218.0,2014083434.0,849472052.0,0.03466413983917625,002049
2024-10-09,72.0,75.0,68.63,71.0,108698386.0,7856780300.0,849472052.0,0.12795993198843933,002049
2024-10-10,71.0,71.0,64.98,66.7,55961466.0,3790675658.0,849472052.0,0.06587793661750746,002049
2024-10-11,64.94,65.0,61.5,62.19,42426028.0,2673453774.0,849472052.0,0.04994399509685105,002049
2024-10-14,62.2,68.0,61.75,67.0,48241963.0,3121758275.0,849472052.0,0.056790524051284506,002049
2024-10-15,67.02,69.0,65.43,65.78,38856889.0,2610953741.0,849472052.0,0.045742398362035815,002049
2024-10-16,64.0,68.36,63.8,66.83,34520976.0,2295832170.0,849472052.0,0.04063815392010095,002049
2024-10-17,67.6,67.88,65.86,66.15,28472311.0,1900129503.0,849472052.0,0.033517654798606605,002049
2024-10-18,66.15,72.56,65.2,70.83,61550319.0,4235656605.0,849472052.0,0.07245714424045584,002049
2024-10-21,71.5,76.8,70.31,72.74,73551503.0,5380533143.0,849472052.0,0.08658495924242603,002049
2024-10-22,71.96,72.85,70.17,70.93,40594515.0,2891553614.0,849472052.0,0.04778793475832917,002049
2024-10-23,70.11,71.5,69.56,69.76,32335802.0,2283963324.0,849472052.0,0.038065763227723,002049
2024-10-24,68.93,70.5,68.68,69.51,20113740.0,1400913018.0,849472052.0,0.023677930254025592,002049
2024-10-25,69.62,70.8,69.06,69.73,21791069.0,1520113224.0,849472052.0,0.025652484915418973,002049
2024-10-28,69.74,69.74,68.0,68.87,23411338.0,1606441395.0,849472052.0,0.02755986844402975,002049
2024-10-29,68.87,70.83,68.14,68.21,32910305.0,2281545725.0,849472052.0,0.0387420691740427,002049
2024-10-30,66.8,67.87,66.1,66.71,30620385.0,2047109695.0,849472052.0,0.03604637130545644,002049
2024-10-31,66.71,67.67,65.68,66.98,30203938.0,2020666937.0,849472052.0,0.035556129161504184,002049
2024-11-01,66.28,66.54,64.16,64.18,30021864.0,1954232558.0,849472052.0,0.035341791327114784,002049
2024-11-04,64.18,65.77,64.18,65.45,16791392.0,1094101374.0,849472052.0,0.01976685632030658,002049
2024-11-05,65.3,68.22,65.18,68.16,33885108.0,2282483905.0,849472052.0,0.039889608987394916,002049
2024-11-06,68.4,70.66,67.8,69.85,41739549.0,2899176859.0,849472052.0,0.049135870805553,002049
2024-11-07,69.85,71.3,68.88,70.44,32019509.0,2237296430.0,849472052.0,0.037693422549468406,002049
2024-11-08,71.09,73.47,71.08,71.15,45844350.0,3310774420.0,849472052.0,0.05396804979288477,002049
2024-11-11,71.3,78.18,71.3,77.97,72238217.0,5465291020.0,849472052.0,0.08503895664362598,002049
2024-11-12,77.89,77.89,73.7,74.88,51384072.0,3879228074.0,849472052.0,0.06048942031585519,002049
2024-11-13,74.16,75.71,72.71,74.64,32613640.0,2412184867.0,849472052.0,0.0383928346120562,002049
2024-11-14,74.33,74.33,71.0,71.19,29529400.0,2135527889.0,849472052.0,0.03476206183649701,002049
2024-11-15,70.99,71.9,68.01,68.05,28427812.0,1984430484.0,849472052.0,0.03346527049720995,002049
2024-11-18,68.05,68.51,65.0,65.53,27075420.0,1803924628.0,849472052.0,0.03187323224613869,002049
2024-11-19,65.76,67.67,65.0,67.66,25686670.0,1705379298.0,849472052.0,0.030238393293249864,002049
2024-11-20,67.67,68.14,66.56,67.43,20188666.0,1357313223.0,849472052.0,0.02376613327356413,002049
2024-11-21,67.29,68.44,66.8,67.53,16514508.0,1116783405.0,849472052.0,0.019440907986458394,002049
2024-11-22,67.54,68.1,64.74,64.76,21596122.0,1433171091.0,849472052.0,0.02542299296269255,002049
2024-11-25,64.76,65.17,62.62,63.71,18283534.0,1162229821.0,849472052.0,0.021523408518212203,002049
2024-11-26,63.71,64.37,63.42,63.45,11309712.0,721763740.0,849472052.0,0.01331381294225322,002049
2024-11-27,63.28,65.1,62.44,65.1,16890869.0,1080968475.0,849472052.0,0.019883960820408487,002049
2024-11-28,65.21,66.37,64.81,64.94,16097580.0,1052708621.0,849472052.0,0.01895009960845657,002049
2024-11-29,64.6,66.99,64.36,65.98,18917493.0,1243660421.0,849472052.0,0.022269706172746456,002049
2024-12-02,66.01,66.63,65.5,66.5,16156154.0,1070507785.0,849472052.0,0.019019053024713285,002049
2024-12-03,66.52,66.93,64.8,65.64,14549029.0,956610805.0,849472052.0,0.01712714263611818,002049
2024-12-04,67.15,68.0,65.81,65.97,23168896.0,1553070199.0,849472052.0,0.027274465293414974,002049
2024-12-05,65.4,65.95,65.01,65.18,14542173.0,950059854.0,849472052.0,0.017119071740808726,002049
2024-12-06,65.21,66.49,64.87,66.22,15798489.0,1040184825.0,849472052.0,0.018598009154985124,002049
2024-12-09,66.0,66.18,64.76,65.18,12418068.0,811895898.0,849472052.0,0.014618571583094295,002049
2024-12-10,67.88,67.88,65.6,65.75,17696179.0,1177964221.0,849472052.0,0.02083197317479257,002049
2024-12-11,65.67,66.45,65.5,65.9,12533032.0,825416452.0,849472052.0,0.014753907406950217,002049
2024-12-12,65.89,66.85,65.38,66.81,14887497.0,983532566.0,849472052.0,0.01752558776353951,002049
2024-12-13,66.38,66.65,65.22,65.36,17933516.0,1180391310.0,849472052.0,0.021111366710390607,002049
2024-12-16,65.36,67.55,65.01,65.36,19024874.0,1256882314.0,849472052.0,0.022396115275608856,002049
2024-12-17,65.01,65.8,64.44,64.75,12008463.0,780691160.0,849472052.0,0.01413638385362677,002049
2024-12-18,65.0,66.37,64.2,66.03,19375983.0,1270693085.0,849472052.0,0.022809441410557435,002049
2024-12-19,65.11,68.55,65.0,68.19,38124880.0,2571013413.0,849472052.0,0.0448806760743201,002049
2024-12-20,68.05,70.55,67.2,68.89,37786386.0,2606425651.0,849472052.0,0.04448220033965285,002049
2024-12-23,68.74,70.88,67.3,67.74,34669651.0,2402464283.0,849472052.0,0.04081317439269915,002049
2024-12-24,67.8,68.25,66.18,67.98,23628050.0,1587079379.0,849472052.0,0.027814982193198747,002049
2024-12-25,67.95,68.63,66.88,67.2,19110132.0,1293590764.0,849472052.0,0.02249648114379636,002049
2024-12-26,67.0,69.17,66.66,68.99,25856672.0,1770245690.0,849472052.0,0.030438519947917016,002049
2024-12-27,69.07,69.98,67.89,68.12,27944993.0,1931497696.0,849472052.0,0.03289689511762772,002049
2024-12-30,67.9,68.55,67.04,67.31,18614061.0,1259262586.0,849472052.0,0.02191250548640769,002049
2024-12-31,67.3,67.42,64.16,64.37,25362368.0,1653949784.0,849473005.0,0.02985659091073765,002049
