日期,开盘,最高,最低,收盘,成交量,成交额,outstanding_share,换手率,股票代码
2020-01-02,7.26,7.29,7.15,7.18,32199715.0,232023280.0,1604440652.9999998,0.020069121871097346,002099
2020-01-03,7.22,7.24,7.14,7.18,23282400.0,167179542.0,1604440652.9999998,0.014511225427046071,002099
2020-01-06,7.13,7.24,7.1,7.14,27627622.0,198081774.0,1604440652.9999998,0.017219472685600173,002099
2020-01-07,7.17,7.2,7.11,7.2,20783233.0,148803267.0,1604440652.9999998,0.012953569183839424,002099
2020-01-08,7.17,7.17,7.03,7.05,23384300.0,166053011.0,1604440652.9999998,0.01457473665746115,002099
2020-01-09,7.09,7.24,7.07,7.21,25411829.0,182073093.0,1604440652.9999998,0.015838435003803164,002099
2020-01-10,7.25,7.55,7.22,7.42,46827483.0,347673122.0,1604440652.9999998,0.029186173332395614,002099
2020-01-13,7.47,7.65,7.4,7.59,44555697.0,336318847.0,1604440652.9999998,0.0277702368839192,002099
2020-01-14,7.62,7.65,7.47,7.48,31402687.0,236950734.0,1604440652.9999998,0.019572358093322386,002099
2020-01-15,7.52,7.81,7.47,7.73,51158619.0,393799334.0,1604440652.9999998,0.03188564120732237,002099
2020-01-16,7.75,7.83,7.63,7.73,28964056.0,223861526.0,1604440652.9999998,0.01805243213318156,002099
2020-01-17,7.73,7.82,7.62,7.66,25827579.0,198764471.0,1604440652.9999998,0.016097559577356337,002099
2020-01-20,7.8,7.98,7.67,7.77,33951331.0,263798426.0,1604440652.9999998,0.02116085187477483,002099
2020-01-21,7.8,8.13,7.77,8.07,51250329.0,407430589.0,1604440652.9999998,0.031942801314695936,002099
2020-01-22,8.11,8.11,7.43,7.59,67852481.0,520195315.0,1604440652.9999998,0.04229042742910355,002099
2020-01-23,7.23,7.37,7.03,7.16,67707173.0,485546692.0,1604440652.9999998,0.04219986128710989,002099
2020-02-03,6.55,6.78,6.44,6.44,60388681.0,395488975.0,1604440652.9999998,0.03763846352751323,002099
2020-02-04,6.44,6.9,6.44,6.83,51865285.0,347709439.0,1604440652.9999998,0.03232608504591413,002099
2020-02-05,6.88,7.46,6.72,7.31,66192022.0,467371192.0,1604440652.9999998,0.04125551286439512,002099
2020-02-06,7.44,7.87,7.26,7.58,87400899.0,664994865.0,1604440652.9999998,0.05447437325685864,002099
2020-02-07,7.5,7.66,7.11,7.25,67235592.0,494694445.0,1604440652.9999998,0.04190593891664499,002099
2020-02-10,7.2,7.21,6.91,7.07,47859477.0,336669769.0,1604440652.9999998,0.02982938440914711,002099
2020-02-11,7.06,7.13,6.97,7.08,26306630.0,185692068.0,1604440652.9999998,0.01639613777599788,002099
2020-02-12,7.08,7.11,6.98,7.05,29267580.0,205812752.0,1604440652.9999998,0.018241609588534904,002099
2020-02-13,7.03,7.03,6.9,6.93,30233494.0,210063280.0,1604440652.9999998,0.018843634972393088,002099
2020-02-14,6.93,7.08,6.9,7.06,26733763.0,186588094.0,1604440652.9999998,0.016662357033906446,002099
2020-02-17,7.2,7.25,7.09,7.22,35506943.0,254897528.0,1604440652.9999998,0.022130418431874528,002099
2020-02-18,7.31,7.35,7.19,7.3,28062506.0,203941104.0,1604440652.9999998,0.017490522910603414,002099
2020-02-19,7.31,7.33,7.2,7.24,25761031.0,186686252.0,1604440652.9999998,0.016056082194023043,002099
2020-02-20,7.26,7.29,7.14,7.26,33537624.0,242849750.0,1604440652.9999998,0.020903000642180813,002099
2020-02-21,7.03,7.03,6.91,6.95,31927864.0,221796290.0,1604440652.9999998,0.019899685251867028,002099
2020-02-24,6.92,7.02,6.85,6.93,29913922.0,207163244.0,1604440652.9999998,0.01864445527733708,002099
2020-02-25,6.79,7.0,6.71,6.99,48241718.0,331771820.0,1604440652.9999998,0.030067623822543472,002099
2020-02-26,6.91,6.98,6.87,6.89,32785608.0,227021879.0,1604440652.9999998,0.020434291501338568,002099
2020-02-27,6.91,6.94,6.8,6.81,24042946.0,164795041.0,1604440652.9999998,0.014985251062446124,002099
2020-02-28,6.7,6.78,6.51,6.54,33001809.0,218779939.0,1604440652.9999998,0.020569043135558098,002099
2020-03-02,6.58,6.84,6.57,6.81,25981010.0,175212715.0,1604440652.9999998,0.016193188542948246,002099
2020-03-03,6.88,6.89,6.74,6.78,29560862.0,201641358.0,1604440652.9999998,0.018424403510797854,002099
2020-03-04,6.88,7.17,6.87,7.01,55790372.0,391963496.0,1604440652.9999998,0.03477247469121565,002099
2020-03-05,7.03,7.15,6.93,7.08,49423578.0,348604961.0,1604440652.9999998,0.030804241906727606,002099
2020-03-06,7.04,7.24,6.99,7.11,39102228.0,279136906.0,1604440652.9999998,0.024371252328271694,002099
2020-03-09,7.12,7.26,6.94,6.99,45369418.0,322154370.0,1604440652.9999998,0.028277404910657052,002099
2020-03-10,6.85,7.04,6.73,7.04,34372688.0,236554297.0,1604440652.9999998,0.021423471124176263,002099
2020-03-11,7.08,7.15,6.94,6.95,25999902.0,182637881.0,1604440652.9999998,0.01620496336301696,002099
2020-03-12,6.92,6.99,6.73,6.77,28792968.0,196410070.0,1604440652.9999998,0.017945798086182005,002099
2020-03-13,6.55,6.72,6.45,6.63,29073899.0,190899566.0,1604440652.9999998,0.018120893998564123,002099
2020-03-16,6.78,6.88,6.52,6.56,31765505.0,213599882.0,1604440652.9999998,0.01979849173018929,002099
2020-03-17,6.53,6.68,6.23,6.44,25801436.0,165128621.0,1604440652.9999998,0.016081265425278404,002099
2020-03-18,6.5,6.57,6.31,6.34,20107890.0,129960634.0,1604440652.9999998,0.012532648036810872,002099
2020-03-19,6.29,6.32,6.05,6.2,24851321.0,153538104.0,1604440652.9999998,0.015489087086850326,002099
2020-03-20,6.24,6.33,6.15,6.3,17794150.0,110922787.0,1604440652.9999998,0.011090562911584367,002099
2020-03-23,6.17,6.25,6.09,6.1,14820900.0,91424654.0,1604440652.9999998,0.009237424875945225,002099
2020-03-24,6.19,6.23,6.01,6.2,14260402.0,87558021.0,1604440652.9999998,0.008888083191694098,002099
2020-03-25,6.32,6.35,6.23,6.3,19123196.0,119915391.0,1604440652.9999998,0.011918917639143118,002099
2020-03-26,6.29,6.42,6.2,6.31,18000887.0,113823917.0,1604440652.9999998,0.011219415916906466,002099
2020-03-27,6.39,6.4,6.28,6.28,14956047.0,94667612.0,1604440652.9999998,0.009321657969732335,002099
2020-03-30,6.23,6.23,6.11,6.13,15466940.0,95321597.0,1604440652.9999998,0.00964008233715579,002099
2020-03-31,6.2,6.2,6.13,6.15,9140085.0,56296311.0,1604440652.9999998,0.005696742340023468,002099
2020-04-01,6.17,6.17,6.05,6.07,13363618.0,81552430.0,1604440652.9999998,0.00832914447475048,002099
2020-04-02,5.94,5.98,5.8,5.98,27526612.0,162188710.0,1604440652.9999998,0.0171565161656372,002099
2020-04-03,5.96,6.04,5.92,5.96,13519874.0,80868644.0,1604440652.9999998,0.008426534178575194,002099
2020-04-07,5.99,6.29,5.99,6.25,32749661.0,202316131.0,1604440652.9999998,0.020411886808505097,002099
2020-04-08,6.25,6.53,6.2,6.5,37616441.0,241880148.0,1604440652.9999998,0.02344520561085534,002099
2020-04-09,6.59,6.62,6.43,6.57,27134589.0,177704586.0,1604440652.9999998,0.016912179923429055,002099
2020-04-10,6.6,6.62,6.38,6.41,18839508.0,122164934.0,1604440652.9999998,0.011742103370899816,002099
2020-04-13,6.4,6.55,6.37,6.39,15134749.0,97489267.0,1604440652.9999998,0.00943303759581315,002099
2020-04-14,6.41,6.64,6.31,6.49,21837814.0,141458867.0,1604440652.9999998,0.013610858063941118,002099
2020-04-15,6.5,6.61,6.48,6.53,17474464.0,114062836.0,1604440652.9999998,0.010891312163728878,002099
2020-04-16,6.47,6.52,6.4,6.43,15949874.0,102877096.0,1604440652.9999998,0.009941080693870952,002099
2020-04-17,6.43,6.48,6.27,6.28,18995050.0,120437736.0,1604440652.9999998,0.011839048059822504,002099
2020-04-20,6.28,6.41,6.26,6.32,13558809.0,85857732.0,1604440652.9999998,0.008450801202679326,002099
2020-04-21,6.3,6.32,6.16,6.2,10856002.0,67435389.0,1604440652.9999998,0.006766222221869868,002099
2020-04-22,6.17,6.22,6.12,6.19,8086544.0,49874544.0,1604440652.9999998,0.005040101660899514,002099
2020-04-23,6.19,6.34,6.19,6.2,12232617.0,76511491.0,1604440652.9999998,0.007624225288188333,002099
2020-04-24,6.2,6.23,6.02,6.03,15701583.0,95472834.0,1604440652.9999998,0.009786328319867124,002099
2020-04-27,6.04,6.07,5.93,5.99,8794577.0,52749085.0,1604440652.9999998,0.005481397509814905,002099
2020-04-28,5.98,6.03,5.76,5.9,11825625.0,69650024.0,1604440652.9999998,0.0073705593147919335,002099
2020-04-29,5.87,5.99,5.85,5.91,7911104.0,46763554.0,1604440652.9999998,0.004930755142116186,002099
2020-04-30,5.92,6.0,5.9,5.98,7892003.0,47028537.0,1604440652.9999998,0.004918850058581756,002099
2020-05-06,5.95,6.02,5.89,6.01,10168500.0,60571298.0,1604440652.9999998,0.006337722732833298,002099
2020-05-07,5.99,6.12,5.94,5.99,11487160.0,69128649.0,1604440652.9999998,0.0071596041763970445,002099
2020-05-08,5.99,6.04,5.97,6.01,8547691.0,51274109.0,1604440652.9999998,0.005327520830401199,002099
2020-05-11,5.99,6.03,5.95,5.97,8934834.0,53413370.0,1604440652.9999998,0.005568815514175333,002099
2020-05-12,5.98,6.01,5.92,6.01,10440365.0,62231266.0,1604440652.9999998,0.006507168077846006,002099
2020-05-13,5.99,6.01,5.95,6.0,5787494.0,34576212.0,1604440652.9999998,0.003607172374483583,002099
2020-05-14,5.95,5.99,5.93,5.96,6615022.0,39420737.0,1604440652.9999998,0.004122945892471101,002099
2020-05-15,5.99,6.03,5.92,5.97,7944060.0,47417532.0,1604440652.9999998,0.004951295633868485,002099
2020-05-18,5.95,5.99,5.94,5.96,8959232.0,53423868.0,1604440652.9999998,0.005584022059805039,002099
2020-05-19,5.99,6.09,5.95,6.09,10243572.0,61600095.0,1604440652.9999998,0.006384512871103374,002099
2020-05-20,6.09,6.42,6.09,6.4,33300549.0,209229250.0,1604440652.9999998,0.020755238866413842,002099
2020-05-21,6.48,6.54,6.31,6.45,31708705.0,203807539.0,1604440652.9999998,0.019763089984481966,002099
2020-05-22,6.48,6.53,6.33,6.33,16516243.0,106078805.0,1604440652.9999998,0.010294081597295454,002099
2020-05-25,6.34,6.53,6.34,6.5,16783683.0,107831478.0,1604440652.9999998,0.010460768971801915,002099
2020-05-26,6.54,6.65,6.46,6.61,19273524.0,126488946.0,1604440652.9999998,0.012012612597394716,002099
2020-05-27,6.62,6.82,6.55,6.65,27443284.0,184339323.0,1604440652.9999998,0.017104580308836145,002099
2020-05-28,6.68,6.73,6.56,6.69,19270972.0,127939638.0,1604440652.9999998,0.01201102201191857,002099
2020-05-29,6.7,6.81,6.65,6.75,15648844.0,105652871.0,1604440652.9999998,0.00975345767432384,002099
2020-06-01,6.75,6.9,6.75,6.88,26739781.0,183219637.0,1604440652.9999998,0.016666107873794946,002099
2020-06-02,6.88,6.91,6.82,6.85,21992192.0,150689544.0,1604440652.9999998,0.013707077266384874,002099
2020-06-03,6.87,6.93,6.84,6.9,18915671.0,129978271.0,1604440652.9999998,0.011789573496926348,002099
2020-06-04,6.9,7.06,6.86,7.01,22465500.0,156358321.0,1604440652.9999998,0.014002076024434918,002099
2020-06-05,7.02,7.16,7.0,7.13,18779388.0,133573118.0,1604440652.9999998,0.011704632368225092,002099
2020-06-08,7.18,7.34,7.09,7.19,35753177.0,257173830.0,1604440652.9999998,0.022283888739136806,002099
2020-06-09,7.12,7.24,7.02,7.2,19497830.0,139412721.0,1604440652.9999998,0.012152415836349418,002099
2020-06-10,7.27,7.49,7.13,7.42,36825204.0,270376071.0,1604440652.9999998,0.022952051190640085,002099
2020-06-11,7.44,7.52,7.33,7.43,25081334.0,185641608.0,1604440652.9999998,0.015632447328670376,002099
2020-06-12,7.32,7.66,7.26,7.64,34318178.0,258534806.0,1604440652.9999998,0.021389496667160307,002099
2020-06-15,7.74,8.14,7.67,7.99,47202461.0,373926208.0,1604440652.9999998,0.02941988593454071,002099
2020-06-16,7.99,8.08,7.93,8.04,29184952.0,233550369.0,1604440652.9999998,0.01819011002085348,002099
2020-06-17,8.08,8.5,8.04,8.45,43039268.0,358727544.0,1604440652.9999998,0.026825091921926017,002099
2020-06-18,8.58,8.58,7.73,7.89,75781807.0,607702274.0,1604440652.9999998,0.04723253980027394,002099
2020-06-19,7.82,8.02,7.81,7.88,43256855.0,342905474.0,1604440652.9999998,0.02696070740860242,002099
2020-06-22,7.99,7.99,7.62,7.66,36413645.0,282049411.0,1604440652.9999998,0.022695538742373168,002099
2020-06-23,7.72,7.74,7.51,7.67,22084916.0,168676564.0,1604440652.9999998,0.013764869369711741,002099
2020-06-24,7.67,7.78,7.48,7.55,22097867.0,167681984.0,1604440652.9999998,0.013772941341695114,002099
2020-06-29,7.53,7.68,7.44,7.62,21729917.0,164515855.0,1604440652.9999998,0.013543609082311132,002099
2020-06-30,7.66,7.92,7.66,7.91,25962465.0,203140903.0,1606986516.0000002,0.01615599430455955,002099
2020-07-01,7.91,8.25,7.7,7.88,30874115.0,245695264.0,1606986516.0000002,0.0192124294090841,002099
2020-07-02,7.92,7.92,7.67,7.74,23443284.0,181891103.0,1606986516.0000002,0.014588351405930525,002099
2020-07-03,7.75,7.76,7.61,7.74,16936819.0,129960571.0,1606986516.0000002,0.010539490425942067,002099
2020-07-06,7.76,7.9,7.7,7.82,30083022.0,234668401.0,1606986516.0000002,0.01872014587582264,002099
2020-07-07,7.87,8.24,7.86,8.15,41655842.0,337035285.0,1606986516.0000002,0.025921712214292153,002099
2020-07-08,8.15,8.27,8.02,8.17,24659581.0,200499131.0,1606986516.0000002,0.015345232056695114,002099
2020-07-09,8.17,8.5,8.09,8.36,33156912.0,275065773.0,1606986516.0000002,0.020632974620429234,002099
2020-07-10,8.33,8.48,8.16,8.25,22870012.0,189581927.0,1606986516.0000002,0.014231614125130592,002099
2020-07-13,8.21,8.43,8.21,8.4,25850259.0,215957845.0,1606986516.0000002,0.016086170445502354,002099
2020-07-14,8.46,8.57,8.23,8.38,31872201.0,267789509.0,1606986516.0000002,0.019833521117111848,002099
2020-07-15,8.32,8.46,8.05,8.09,26347290.0,216416099.0,1606986516.0000002,0.016395464266608692,002099
2020-07-16,8.11,8.11,7.38,7.4,36444442.0,283121707.0,1606986516.0000002,0.02267874785328939,002099
2020-07-17,7.47,7.7,7.35,7.48,20363427.0,152878363.0,1606986516.0000002,0.012671809500111573,002099
2020-07-20,7.56,7.7,7.51,7.68,17198580.0,130649759.0,1606986516.0000002,0.01070237978275606,002099
2020-07-21,7.68,7.87,7.67,7.82,14613710.0,113832732.0,1606986516.0000002,0.009093859752087676,002099
2020-07-22,7.8,7.97,7.77,7.88,13894508.0,109661711.0,1606986516.0000002,0.008646312748525887,002099
2020-07-23,7.78,8.04,7.65,7.97,20371036.0,160025381.0,1606986516.0000002,0.012676544449611298,002099
2020-07-24,7.95,7.99,7.42,7.55,26259330.0,200121745.0,1606986516.0000002,0.016340728275283174,002099
2020-07-27,7.54,7.66,7.47,7.59,12248119.0,92693283.0,1606986516.0000002,0.007621793262140849,002099
2020-07-28,7.61,7.69,7.45,7.5,12562480.0,94778006.0,1606986516.0000002,0.00781741469198488,002099
2020-07-29,7.5,7.99,7.46,7.97,22613617.0,176142607.0,1606986516.0000002,0.014072063937591868,002099
2020-07-30,8.01,8.34,7.99,8.13,30818131.0,252040185.0,1606986516.0000002,0.01917759153120361,002099
2020-07-31,8.1,8.18,7.96,8.17,18097248.0,146509523.0,1606986516.0000002,0.011261605383626005,002099
2020-08-03,8.23,8.98,8.22,8.89,55616394.0,484198907.0,1606986516.0000002,0.03460912300523621,002099
2020-08-04,8.93,9.23,8.84,8.9,38409927.0,346372487.0,1606986516.0000002,0.023901835278373917,002099
2020-08-05,8.95,9.12,8.73,9.06,28838622.0,259148178.0,1606986516.0000002,0.017945777212731755,002099
2020-08-06,9.06,9.18,8.41,8.59,66420870.0,578183619.0,1606986516.0000002,0.04133256212088838,002099
2020-08-07,8.33,8.48,7.73,7.89,87660078.0,696422825.0,1606986516.0000002,0.05454935503640529,002099
2020-08-10,7.75,7.81,7.37,7.71,43759803.0,333481353.0,1606986516.0000002,0.027230970866466184,002099
2020-08-11,7.7,7.85,7.59,7.75,29526178.0,227326924.0,1606986516.0000002,0.0183736314561584,002099
2020-08-12,7.75,7.82,7.55,7.75,20067171.0,154204911.0,1606986516.0000002,0.0124874544995871,002099
2020-08-13,7.69,7.75,7.55,7.6,17196209.0,131462919.0,1606986516.0000002,0.010700904350338679,002099
2020-08-14,7.59,7.7,7.55,7.7,11153703.0,85192604.0,1606986516.0000002,0.00694075705610961,002099
2020-08-17,7.67,7.8,7.66,7.78,17328120.0,134092984.0,1606986516.0000002,0.010782990291126997,002099
2020-08-18,7.76,7.83,7.73,7.82,13539704.0,105479556.0,1606986516.0000002,0.0084255243371314,002099
2020-08-19,7.79,7.79,7.63,7.69,13705821.0,105306893.0,1606986516.0000002,0.008528896081913357,002099
2020-08-20,7.6,7.75,7.45,7.64,14002919.0,106746552.0,1606986516.0000002,0.008713775044519414,002099
2020-08-21,7.66,7.76,7.65,7.74,9843590.0,76028861.0,1606986516.0000002,0.0061254963261931925,002099
2020-08-24,7.67,7.76,7.64,7.7,10086200.0,77482607.0,1606986516.0000002,0.006276468345923569,002099
2020-08-25,7.67,7.69,7.6,7.69,10090019.0,76994798.0,1606986516.0000002,0.006278844843773411,002099
2020-08-26,7.63,8.23,7.61,8.03,35478637.0,284246014.0,1606986516.0000002,0.022077744054947623,002099
2020-08-27,8.03,8.17,7.93,8.13,17541645.0,141342659.0,1606986516.0000002,0.01091586321686348,002099
2020-08-28,8.1,8.19,8.05,8.14,11579797.0,94118859.0,1606986516.0000002,0.007205908005266671,002099
2020-08-31,8.14,8.17,7.98,8.08,16502829.0,133166399.0,1606986516.0000002,0.010269425932133956,002099
2020-09-01,8.05,8.06,7.85,7.95,13356338.0,105644238.0,1606986516.0000002,0.008311418837070067,002099
2020-09-02,7.93,7.98,7.86,7.95,7705940.0,61020217.0,1606986516.0000002,0.004795273590211008,002099
2020-09-03,7.95,8.05,7.86,7.88,9120954.0,72349305.0,1606986516.0000002,0.005675812403643093,002099
2020-09-04,7.84,8.08,7.49,8.08,12714138.0,100833117.0,1606986516.0000002,0.007911788850380122,002099
2020-09-07,8.07,8.14,7.96,8.07,16146002.0,130234254.0,1606986516.0000002,0.010047378642721603,002099
2020-09-08,8.05,8.07,7.93,8.03,9900679.0,79170083.0,1606986516.0000002,0.0061610218265204155,002099
2020-09-09,7.95,7.98,7.7,7.77,14742838.0,115479775.0,1606986516.0000002,0.009174213879962636,002099
2020-09-10,7.77,7.93,7.7,7.71,10460102.0,81620329.0,1606986516.0000002,0.0065091411134155395,002099
2020-09-11,7.72,7.83,7.65,7.82,6909905.0,53650567.0,1606986516.0000002,0.004299914735563344,002099
2020-09-14,7.82,8.06,7.79,8.03,14473965.0,115701641.0,1606986516.0000002,0.009006898848179257,002099
2020-09-15,8.06,8.08,7.93,8.0,6726869.0,53697050.0,1606986516.0000002,0.004186014588811894,002099
2020-09-16,7.97,8.39,7.95,8.3,31867788.0,263324796.0,1606986516.0000002,0.01983077498330421,002099
2020-09-17,8.3,8.56,8.25,8.36,21032703.0,176551733.0,1606986516.0000002,0.013088288414736143,002099
2020-09-18,8.33,8.41,8.27,8.4,11871537.0,98961808.0,1606986516.0000002,0.007387452776859515,002099
2020-09-21,8.41,8.44,8.27,8.36,8924398.0,74543326.0,1606986516.0000002,0.00555349899401396,002099
2020-09-22,8.29,8.43,8.25,8.32,9042716.0,75423115.0,1606986516.0000002,0.005627126245283317,002099
2020-09-23,8.32,8.33,8.2,8.23,6605168.0,54428833.0,1606986516.0000002,0.004110282154974845,002099
2020-09-24,8.18,8.21,7.95,8.03,13920211.0,112115094.0,1606986516.0000002,0.008662307282234842,002099
2020-09-25,8.05,8.1,7.95,8.03,8632824.0,69127076.0,1606986516.0000002,0.005372057521358816,002099
2020-09-28,8.0,8.02,7.6,7.73,20249701.0,157046102.0,1606986516.0000002,0.012601039771263393,002099
2020-09-29,7.7,7.75,7.61,7.69,12498266.0,96069982.0,1606986516.0000002,0.007777455427012431,002099
2020-09-30,7.7,7.95,7.7,7.79,15435563.0,121052819.0,1606986516.0000002,0.009605284702961377,002099
2020-10-09,7.89,7.97,7.83,7.87,8101395.0,63804783.0,1606986516.0000002,0.00504135841796945,002099
2020-10-12,7.89,7.97,7.85,7.94,10980789.0,86923580.0,1606986516.0000002,0.006833155655426793,002099
2020-10-13,7.92,8.07,7.92,7.96,8841615.0,70590900.0,1606986516.0000002,0.005501984560522597,002099
2020-10-14,7.97,8.03,7.93,7.96,8153047.0,64948760.0,1606986516.0000002,0.00507350056694564,002099
2020-10-15,7.92,7.99,7.87,7.95,6458481.0,51130608.0,1606986516.0000002,0.004019001364165771,002099
2020-10-16,7.93,8.01,7.9,8.0,6110168.0,48675471.0,1606986516.0000002,0.0038022521901484325,002099
2020-10-19,8.01,8.21,7.96,8.12,11431286.0,92550083.0,1606986516.0000002,0.007113492170708419,002099
2020-10-20,8.12,8.2,8.05,8.17,8437894.0,68858732.0,1606986516.0000002,0.0052507559434929315,002099
2020-10-21,8.2,8.28,8.09,8.13,7964300.0,65182629.0,1606986516.0000002,0.0049560465633676784,002099
2020-10-22,8.09,8.1,7.89,8.01,7313608.0,58273603.0,1606986516.0000002,0.004551132151503379,002099
2020-10-23,7.98,8.04,7.75,7.88,9654557.0,75820399.0,1606986516.0000002,0.006007864349746665,002099
2020-10-26,7.8,7.9,7.72,7.88,3695757.0,28965911.0,1606986516.0000002,0.002299805855993878,002099
2020-10-27,7.86,7.93,7.8,7.87,4149177.0,32578477.0,1606986516.0000002,0.0025819613037748722,002099
2020-10-28,7.87,7.87,7.68,7.77,8141600.0,63266356.0,1606986516.0000002,0.005066377296223685,002099
2020-10-29,7.7,7.85,7.7,7.79,4084497.0,31767421.0,1606986516.0000002,0.002541712055037554,002099
2020-10-30,7.78,7.81,7.73,7.76,4763963.0,36993251.0,1606986516.0000002,0.0029645320309582483,002099
2020-11-02,7.8,8.36,7.8,8.17,29165895.0,237340468.0,1606986516.0000002,0.01814943355753708,002099
2020-11-03,8.17,8.26,8.13,8.22,13551382.0,110962383.0,1606986516.0000002,0.008432791355170274,002099
2020-11-04,8.2,8.31,8.14,8.25,11702669.0,96434691.0,1606986516.0000002,0.0072823691322124314,002099
2020-11-05,8.28,8.32,8.21,8.29,12161421.0,100495603.0,1606986516.0000002,0.00756784259165495,002099
2020-11-06,8.29,8.55,8.25,8.53,21539502.0,181384587.0,1606986516.0000002,0.013403660693815054,002099
2020-11-09,8.59,9.07,8.59,8.92,23556520.0,209228458.0,1606986516.0000002,0.014658816216227664,002099
2020-11-10,8.96,9.08,8.85,9.05,23959728.0,215769786.0,1606986516.0000002,0.014909725602202873,002099
2020-11-11,9.1,9.52,9.09,9.49,36069891.0,337591600.0,1606986516.0000002,0.02244567122428798,002099
2020-11-12,9.51,9.56,8.54,8.69,56557527.0,500508034.0,1606986516.0000002,0.03519477384339172,002099
2020-11-13,8.69,8.72,8.21,8.7,30900398.0,260155024.0,1606986516.0000002,0.019228784866792244,002099
2020-11-16,8.71,8.95,8.6,8.86,21837099.0,192023277.0,1606986516.0000002,0.013588850175516965,002099
2020-11-17,9.11,9.33,8.53,8.7,33083236.0,296708818.0,1606986516.0000002,0.020587127316007918,002099
2020-11-18,8.7,8.72,8.38,8.58,18624546.0,158356817.0,1606986516.0000002,0.011589733836945273,002099
2020-11-19,8.53,8.63,8.45,8.58,8669295.0,74045038.0,1606986516.0000002,0.005394752795797571,002099
2020-11-20,8.56,8.79,8.49,8.76,10966335.0,95082473.0,1606986516.0000002,0.0068241611804538615,002099
2020-11-23,8.76,9.03,8.75,8.98,17328562.0,154943543.0,1606986516.0000002,0.01078326534010569,002099
2020-11-24,8.97,8.97,8.84,8.93,7872176.0,69949288.0,1606986516.0000002,0.004898719386641075,002099
2020-11-25,8.93,8.95,8.67,8.75,8191200.0,71911098.0,1606986516.0000002,0.005097242520982048,002099
2020-11-26,8.76,8.85,8.67,8.8,6579910.0,57553428.0,1606986516.0000002,0.004094564537092855,002099
2020-11-27,8.74,8.85,8.66,8.84,6352522.0,55635113.0,1606986516.0000002,0.0039530649054929584,002099
2020-11-30,8.84,9.0,8.78,8.91,10073802.0,89717370.0,1606986516.0000002,0.006268753284299492,002099
2020-12-01,8.88,9.09,8.88,8.96,10298697.0,92627527.0,1606986516.0000002,0.006408701564985626,002099
2020-12-02,8.96,9.02,8.83,8.92,6747194.0,60071409.0,1606986516.0000002,0.004198662485852494,002099
2020-12-03,8.89,9.06,8.87,8.99,10436344.0,93816167.0,1606986516.0000002,0.006494356919669386,002099
2020-12-04,8.99,9.03,8.72,8.98,9232810.0,81827926.0,1606986516.0000002,0.005745418463735261,002099
2020-12-07,8.95,9.05,8.9,8.93,8388536.0,75130537.0,1606986516.0000002,0.005220041311161816,002099
2020-12-08,8.93,8.97,8.61,8.82,14423525.0,126040877.0,1606986516.0000002,0.008975510905904824,002099
2020-12-09,8.8,8.83,8.67,8.71,8245456.0,71973586.0,1606986516.0000002,0.005131005094258052,002099
2020-12-10,8.67,8.77,8.59,8.64,7349430.0,63757596.0,1606986516.0000002,0.004573423564432695,002099
2020-12-11,8.61,8.83,8.43,8.67,11430057.0,98649038.0,1606986516.0000002,0.007112727385199789,002099
2020-12-14,8.68,8.83,8.63,8.72,7806220.0,68124829.0,1606986516.0000002,0.004857676105105538,002099
2020-12-15,8.8,8.8,8.53,8.57,7209917.0,62080619.0,1606986516.0000002,0.004486607030123954,002099
2020-12-16,8.58,8.78,8.47,8.6,5794939.0,49857352.0,1606986516.0000002,0.003606090618871129,002099
2020-12-17,8.6,8.75,8.59,8.72,6270078.0,54441176.0,1606986516.0000002,0.0039017614258562944,002099
2020-12-18,8.74,8.85,8.63,8.75,6792459.0,59257834.0,1606986516.0000002,0.004226830114858287,002099
2020-12-21,8.71,9.24,8.71,9.17,23952716.0,216077125.0,1606986516.0000002,0.01490536215550921,002099
2020-12-22,9.17,9.23,9.02,9.06,14640446.0,133914128.0,1606986516.0000002,0.009110497103884846,002099
2020-12-23,9.04,9.11,8.9,8.94,9191172.0,82356393.0,1606986516.0000002,0.005719507854289923,002099
2020-12-24,8.93,8.93,8.66,8.68,7309609.0,64109305.0,1606986516.0000002,0.004548643642757236,002099
2020-12-25,8.75,8.85,8.68,8.78,6153256.0,53800291.0,1606986516.0000002,0.0038290651095917467,002099
2020-12-28,8.76,8.77,8.55,8.66,7222817.0,62263626.0,1606986516.0000002,0.004494634477692157,002099
2020-12-29,8.66,8.68,8.41,8.44,10580155.0,90346678.0,1606986516.0000002,0.006583848025268682,002099
2020-12-30,8.4,8.65,8.03,8.44,11140858.0,92990217.0,1606986516.0000002,0.006932763834093054,002099
2020-12-31,8.44,8.57,8.41,8.5,5702118.0,48436640.0,1608055966.0,0.0035459698670711566,002099
2021-01-04,8.51,8.59,8.3,8.31,10338497.0,86594068.0,1608055966.0,0.006429189791022485,002099
2021-01-05,8.33,8.33,8.0,8.08,17544879.0,142146742.0,1608055966.0,0.010910614662027255,002099
2021-01-06,8.01,8.16,7.7,8.16,12445236.0,99779938.0,1608055966.0,0.007739305262463732,002099
2021-01-07,8.11,8.15,7.79,8.01,11748113.0,93948229.0,1608055966.0,0.007305786146997822,002099
2021-01-08,7.98,8.18,7.95,8.1,10132000.0,81725940.0,1608055966.0,0.006300775728100498,002099
2021-01-11,8.08,8.26,7.95,8.13,12443405.0,100688200.0,1608055966.0,0.007738166620501814,002099
2021-01-12,8.13,8.21,7.83,7.87,12878566.0,102051168.0,1608055966.0,0.008008779714324944,002099
2021-01-13,7.92,7.92,7.64,7.76,11226299.0,86525999.0,1608055966.0,0.006981286247098193,002099
2021-01-14,7.76,7.87,7.66,7.83,5168400.0,40219083.0,1608055966.0,0.0032140672397468037,002099
2021-01-15,7.83,8.04,7.82,7.88,5015579.0,39617773.0,1608055966.0,0.003119032612077632,002099
2021-01-18,7.93,8.67,7.93,8.67,28915145.0,244830176.0,1608055966.0,0.01798142950952492,002099
2021-01-19,8.76,9.16,8.76,9.01,31811543.0,285737095.0,1608055966.0,0.019782609357266612,002099
2021-01-20,9.02,9.07,8.83,8.84,14904964.0,133170582.0,1608055966.0,0.009268933616207236,002099
2021-01-21,8.89,9.05,8.86,8.97,12821934.0,114866802.0,1608055966.0,0.007973562034594012,002099
2021-01-22,8.89,9.14,8.88,9.0,18922300.0,170772917.0,1608055966.0,0.011767189948661277,002099
2021-01-25,9.07,9.2,8.85,8.88,20573863.0,186073361.0,1608055966.0,0.012794245620180113,002099
2021-01-26,8.85,8.85,8.51,8.6,13732506.0,119221211.0,1608055966.0,0.008539818445597558,002099
2021-01-27,8.69,8.7,8.14,8.22,17603331.0,146354782.0,1608055966.0,0.010946964143162166,002099
2021-01-28,8.11,8.15,7.72,7.73,18377202.0,145446574.0,1608055966.0,0.011428210453217522,002099
2021-01-29,7.75,8.07,7.63,7.72,18598908.0,145058810.0,1608055966.0,0.011566082520289596,002099
2021-02-01,7.61,7.84,7.51,7.82,12904198.0,99750601.0,1608055966.0,0.008024719458053987,002099
2021-02-02,7.84,8.04,7.7,7.89,12941463.0,101339477.0,1608055966.0,0.008047893402734964,002099
2021-02-03,7.85,7.89,7.66,7.78,9351143.0,72569946.0,1608055966.0,0.005815185041886782,002099
2021-02-04,7.69,7.73,7.38,7.64,12842680.0,97128940.0,1608055966.0,0.007986463326861598,002099
2021-02-05,7.67,7.78,7.58,7.65,7371404.0,56650077.0,1608055966.0,0.0045840469211629415,002099
2021-02-08,7.65,7.81,7.61,7.8,10057162.0,77515728.0,1608055966.0,0.0062542363031163305,002099
2021-02-09,7.8,7.93,7.78,7.92,6633827.0,52230563.0,1608055966.0,0.004125370721083472,002099
2021-02-10,7.93,8.47,7.93,8.39,12249199.0,101120235.0,1608055966.0,0.007617395948270124,002099
2021-02-18,8.48,8.66,8.42,8.5,11444609.0,97810281.0,1608055966.0,0.007117046447374705,002099
2021-02-19,8.42,8.52,8.24,8.28,11693086.0,97333370.0,1608055966.0,0.007271566566856666,002099
2021-02-22,8.28,8.34,8.2,8.21,9006299.0,74522268.0,1608055966.0,0.005600737281801795,002099
2021-02-23,8.2,8.39,8.06,8.39,9825113.0,80951500.0,1608055966.0,0.006109932245977563,002099
2021-02-24,8.45,8.46,8.21,8.24,7590663.0,62818296.0,1608055966.0,0.004720397275028673,002099
2021-02-25,8.27,8.43,8.22,8.37,8257667.0,69000595.0,1608055966.0,0.005135186320996492,002099
2021-02-26,8.34,8.39,8.21,8.39,5574101.0,46270138.0,1608055966.0,0.0034663600756791074,002099
2021-03-01,8.39,8.45,8.3,8.38,5488350.0,45823361.0,1608055966.0,0.0034130341953533725,002099
2021-03-02,8.38,8.44,8.22,8.33,5867442.0,48788994.0,1608055966.0,0.0036487797216381212,002099
2021-03-03,8.32,8.36,8.27,8.35,3540303.0,29445128.0,1608055966.0,0.002201604343912493,002099
2021-03-04,8.31,8.61,8.29,8.51,10386164.0,87920569.0,1608055966.0,0.00645883241603545,002099
2021-03-05,8.51,8.57,8.37,8.51,6804137.0,57524329.0,1608055966.0,0.004231281214002225,002099
2021-03-08,8.5,8.55,8.3,8.35,6193971.0,52303071.0,1608055966.0,0.003851837952759413,002099
2021-03-09,8.31,8.38,8.15,8.22,4863207.0,40192236.0,1608055966.0,0.0030242772035460365,002099
2021-03-10,8.27,8.29,8.07,8.08,3383338.0,27605037.0,1608055966.0,0.0021039926915081015,002099
2021-03-11,8.08,8.21,8.08,8.19,2553950.0,20829928.0,1608055966.0,0.0015882220855489803,002099
2021-03-12,8.27,8.45,8.11,8.44,6479273.0,53776346.0,1608055966.0,0.004029258394604905,002099
2021-03-15,8.44,8.44,8.22,8.35,5537445.0,46135624.0,1608055966.0,0.0034435648491602314,002099
2021-03-16,8.3,8.38,8.23,8.36,3670437.0,30397476.0,1608055966.0,0.0022825306317728,002099
2021-03-17,8.41,8.41,8.27,8.36,2134300.0,17775424.0,1608055966.0,0.0013272548002847308,002099
2021-03-18,8.36,8.45,8.28,8.36,3463084.0,28988300.0,1608055966.0,0.0021535842490696,002099
2021-03-19,8.34,8.39,8.25,8.39,4227708.0,35185541.0,1608055966.0,0.0026290801373762634,002099
2021-03-22,8.4,8.77,8.36,8.71,16690416.0,144145039.0,1608055966.0,0.01037925069331822,002099
2021-03-23,8.75,8.82,8.66,8.72,8183487.0,71514229.0,1608055966.0,0.005089056085750687,002099
2021-03-24,8.64,8.86,8.63,8.8,8744290.0,76751949.0,1608055966.0,0.005437802032320559,002099
2021-03-25,8.84,8.88,8.57,8.74,11216630.0,97847339.0,1608055966.0,0.0069752733966723145,002099
2021-03-26,8.75,8.85,8.61,8.78,7137546.0,62379951.0,1608055966.0,0.004438617903178128,002099
2021-03-29,8.84,8.85,8.67,8.74,6075200.0,53092629.0,1608055966.0,0.0037779779612471523,002099
2021-03-30,8.69,8.75,8.63,8.7,5727250.0,49702130.0,1608055966.0,0.003561598676348557,002099
2021-03-31,8.68,9.04,8.63,8.91,20171296.0,179693910.0,1608055966.0,0.012543901721390709,002099
2021-04-01,8.98,9.8,8.9,9.56,34812694.0,329427956.0,1608055966.0,0.02164893183823429,002099
2021-04-02,9.7,9.79,9.37,9.69,28965406.0,278637752.0,1608055966.0,0.01801268526247301,002099
2021-04-06,9.71,10.18,9.71,10.16,25173823.0,253302935.0,1608055966.0,0.015654817700542643,002099
2021-04-07,10.2,10.3,10.08,10.16,24875030.0,253145951.0,1608055966.0,0.015469007625322911,002099
2021-04-08,10.25,11.17,10.25,11.01,49963235.0,540782135.0,1608055966.0,0.031070582154103958,002099
2021-04-09,11.24,11.38,11.0,11.3,32541418.0,365967983.0,1608055966.0,0.020236495923052968,002099
2021-04-12,11.31,11.4,11.0,11.2,22874365.0,256453517.0,1608055966.0,0.014224856275928894,002099
2021-04-13,11.2,11.29,10.5,10.78,44438683.0,481555043.0,1608055966.0,0.0276350350607138,002099
2021-04-14,10.81,10.9,10.68,10.89,15382426.0,166476064.0,1608055966.0,0.009565852386508294,002099
2021-04-15,10.83,11.02,10.75,10.84,12669734.0,137491558.0,1608055966.0,0.007878913587513782,002099
2021-04-16,10.85,11.44,10.77,11.19,26753566.0,298387276.0,1608055966.0,0.016637210747427432,002099
2021-04-19,11.1,11.24,10.93,11.03,19631679.0,217735312.0,1608055966.0,0.012208330689405869,002099
2021-04-20,11.08,11.14,10.67,10.76,25505300.0,277478247.0,1608055966.0,0.0158609529389974,002099
2021-04-21,10.76,11.0,10.55,10.8,19891486.0,215673152.0,1608055966.0,0.012369896583562067,002099
2021-04-22,10.82,10.99,10.69,10.93,9661071.0,104878902.0,1608055966.0,0.006007919627344612,002099
2021-04-23,10.88,11.2,10.87,11.01,16981053.0,187755143.0,1608055966.0,0.010559988805762748,002099
2021-04-26,11.15,11.38,10.75,10.83,20865413.0,230482106.0,1608055966.0,0.01297555149893334,002099
2021-04-27,10.75,10.94,10.63,10.86,15054388.0,162179132.0,1608055966.0,0.009361855755211942,002099
2021-04-28,10.84,11.14,10.71,11.0,17928119.0,196289720.0,1608055966.0,0.011148939700522836,002099
2021-04-29,10.85,11.04,10.18,10.65,37098104.0,393519289.0,1608055966.0,0.02307015724849467,002099
2021-04-30,10.67,10.82,10.53,10.81,16210128.0,173598170.0,1608055966.0,0.010080574521496475,002099
2021-05-06,10.96,11.62,10.75,11.58,37829741.0,428423231.0,1608055966.0,0.023525139547288618,002099
2021-05-07,11.62,11.93,11.28,11.4,27042806.0,313408796.0,1608055966.0,0.016817080109014067,002099
2021-05-10,11.25,11.53,11.2,11.4,15940924.0,181282649.0,1608055966.0,0.00991316492525609,002099
2021-05-11,11.41,11.51,11.2,11.38,11259018.0,127344529.0,1608055966.0,0.0070016331757448294,002099
2021-05-12,11.38,11.53,11.1,11.5,11427273.0,130096955.0,1608055966.0,0.007106265728067327,002099
2021-05-13,11.45,11.57,11.22,11.22,11543387.0,131347853.0,1608055966.0,0.007178473413903556,002099
2021-05-14,11.32,11.38,11.03,11.19,15671843.0,175253982.0,1608055966.0,0.009745831818890811,002099
2021-05-17,11.2,11.32,10.82,11.18,11247361.0,124875720.0,1608055966.0,0.006994384049939217,002099
2021-05-18,11.18,11.19,11.05,11.18,5907368.0,65690265.0,1608055966.0,0.0036736084594707445,002099
2021-05-19,11.2,11.29,10.85,10.9,16247798.0,178441118.0,1608055966.0,0.010104000323083282,002099
2021-05-20,10.8,10.89,10.59,10.6,14432381.0,154377265.0,1608055966.0,0.008975048944285314,002099
2021-05-21,10.56,10.6,10.23,10.41,16176100.0,168388338.0,1608055966.0,0.010059413566455434,002099
2021-05-24,10.47,10.98,10.38,10.38,20379967.0,216283255.0,1608055966.0,0.01267366772730844,002099
2021-05-25,10.54,10.6,10.31,10.38,13064996.0,136472402.0,1608055966.0,0.008124714733964675,002099
2021-05-26,10.45,10.45,10.15,10.24,10686329.0,109839004.0,1608055966.0,0.006645495695390492,002099
2021-05-27,10.25,10.25,9.22,9.22,68562411.0,654773784.0,1608055966.0,0.04263683133525963,002099
2021-05-28,9.09,9.24,8.84,8.99,38882788.0,350605195.0,1608055966.0,0.02417999673028793,002099
2021-05-31,8.97,8.97,8.63,8.75,29952612.0,262214069.0,1608055966.0,0.018626597975011025,002099
2021-06-01,8.74,8.74,8.47,8.65,29011484.0,248852533.0,1608055966.0,0.018041339737798652,002099
2021-06-02,8.58,8.6,8.14,8.2,38119765.0,318003912.0,1608055966.0,0.023705496454095427,002099
2021-06-03,8.15,8.38,7.74,8.24,51440762.0,415858751.0,1608055966.0,0.031989410249170395,002099
2021-06-04,8.19,8.19,7.98,7.98,24007850.0,193511556.0,1608055966.0,0.01492973534977078,002099
2021-06-07,8.03,8.23,8.03,8.11,19055904.0,154606881.0,1608055966.0,0.011850274121615989,002099
2021-06-08,8.11,8.11,7.93,7.99,15717933.0,125786459.0,1608055966.0,0.009774493756643294,002099
2021-06-09,7.99,7.99,7.81,7.91,13205553.0,104008674.0,1608055966.0,0.00821212276140394,002099
2021-06-10,7.9,7.92,7.8,7.82,13601460.0,106621046.0,1608055966.0,0.008458325013297454,002099
2021-06-11,7.82,7.9,7.73,7.83,13858739.0,108283834.0,1608055966.0,0.008618318822866143,002099
2021-06-15,7.8,7.86,7.51,7.53,25756408.0,196504126.0,1608055966.0,0.016017109195563907,002099
2021-06-16,7.51,7.54,7.25,7.29,22974477.0,169137831.0,1608055966.0,0.014287112815574729,002099
2021-06-17,7.29,7.36,7.11,7.14,19432362.0,140156970.0,1608055966.0,0.01208438164520948,002099
2021-06-18,7.15,7.51,7.11,7.4,24463625.0,180410309.0,1608055966.0,0.01521316764916626,002099
2021-06-21,7.4,7.5,7.33,7.42,16622877.0,123408829.0,1608055966.0,0.010337250289459142,002099
2021-06-22,7.42,7.47,7.36,7.45,8971447.0,66676595.0,1608055966.0,0.005579063906784448,002099
2021-06-23,7.47,7.89,7.46,7.86,30113838.0,233910820.0,1608055966.0,0.018726859410812324,002099
2021-06-24,7.87,7.95,7.74,7.88,17753675.0,139237023.0,1608055966.0,0.011040458401557898,002099
2021-06-25,7.9,7.94,7.8,7.82,10636841.0,83445690.0,1608055966.0,0.006614720647104642,002099
2021-06-28,7.83,7.88,7.74,7.77,9722499.0,75847451.0,1608055966.0,0.006046119790335705,002099
2021-06-29,7.7,7.87,7.63,7.72,10017200.0,77612314.0,1608055966.0,0.006229385178003189,002099
2021-06-30,7.73,8.1,7.73,8.07,17728517.0,140911191.0,1608957041.0,0.011018639123504106,002099
2021-07-01,8.1,8.26,7.98,8.1,19497788.0,158709456.0,1608957041.0,0.0121182775569208,002099
2021-07-02,8.15,8.29,8.02,8.29,20038815.0,163688299.0,1608957041.0,0.012454537000904303,002099
2021-07-05,8.36,8.75,8.35,8.67,31315168.0,269677208.0,1608957041.0,0.01946302306526281,002099
2021-07-06,8.7,8.72,8.33,8.37,20117482.0,170451194.0,1608957041.0,0.012503430164609348,002099
2021-07-07,8.32,8.35,7.99,8.05,22113643.0,179242218.0,1608957041.0,0.013744085414645946,002099
2021-07-08,8.05,8.18,7.93,8.06,12975467.0,104297706.0,1608957041.0,0.008064520474664431,002099
2021-07-09,8.04,8.14,7.93,8.03,9290499.0,74587804.0,1608957041.0,0.005774236827495259,002099
2021-07-12,8.06,8.1,7.95,7.98,9768592.0,78257851.0,1608957041.0,0.00607138149190647,002099
2021-07-13,7.99,8.04,7.75,7.95,14142785.0,111715873.0,1608957041.0,0.008790032697958155,002099
2021-07-14,8.0,8.01,7.67,7.69,13280781.0,103786693.0,1608957041.0,0.008254279425475351,002099
2021-07-15,7.58,7.78,7.35,7.77,12731198.0,96648147.0,1608957041.0,0.007912702250948414,002099
2021-07-16,7.77,7.86,7.6,7.69,9104038.0,70232705.0,1608957041.0,0.005658347468582289,002099
2021-07-19,7.69,7.69,7.53,7.6,6003489.0,45512242.0,1608957041.0,0.003731292288741723,002099
2021-07-20,7.6,7.63,7.51,7.63,6244884.0,47231021.0,1608957041.0,0.003881324262155984,002099
2021-07-21,7.65,8.15,7.6,8.12,18295088.0,145512958.0,1608957041.0,0.011370774690559311,002099
2021-07-22,8.15,8.2,8.02,8.1,9579411.0,77677307.0,1608957041.0,0.005953801596869359,002099
2021-07-23,8.06,8.08,7.78,7.87,10955101.0,86368210.0,1608957041.0,0.006808821317684889,002099
2021-07-26,7.85,7.87,7.67,7.72,7267379.0,56425835.0,1608957041.0,0.004516826002690024,002099
2021-07-27,7.67,7.86,7.61,7.64,7370674.0,57050038.0,1608957041.0,0.004581025976566145,002099
2021-07-28,7.6,7.62,7.27,7.6,7478359.0,55883104.0,1608957041.0,0.004647954426024977,002099
2021-07-29,7.61,7.68,7.55,7.57,6451564.0,49072857.0,1608957041.0,0.004009780146765274,002099
2021-07-30,7.57,7.59,7.41,7.56,7314593.0,54948748.0,1608957041.0,0.0045461704778978,002099
2021-08-02,7.6,8.07,7.6,8.05,17022153.0,134216255.0,1608957041.0,0.010579619322477609,002099
2021-08-03,8.03,8.1,7.93,8.04,10684325.0,85581464.0,1608957041.0,0.006640528446526746,002099
2021-08-04,8.07,8.18,7.97,8.11,9594793.0,77527007.0,1608957041.0,0.005963361827259626,002099
2021-08-05,8.08,8.3,8.05,8.12,10911743.0,88973495.0,1608957041.0,0.006781873426041336,002099
2021-08-06,8.2,8.44,8.07,8.32,15495818.0,128223177.0,1608957041.0,0.009630970625771978,002099
2021-08-09,8.33,8.52,8.08,8.09,17074468.0,141693336.0,1608957041.0,0.010612134174438782,002099
2021-08-10,8.11,8.18,7.97,8.13,8353615.0,67804041.0,1608957041.0,0.005191944089947893,002099
2021-08-11,8.2,8.4,8.06,8.35,17490751.0,145388920.0,1608957041.0,0.010870862648470177,002099
2021-08-12,8.3,9.06,8.28,8.97,46642011.0,410181813.0,1608957041.0,0.028988972241925755,002099
2021-08-13,9.0,9.45,8.86,9.22,34513410.0,318177834.0,1608957041.0,0.021450796460388527,002099
2021-08-16,9.24,9.32,9.04,9.07,18506420.0,169366707.0,1608957041.0,0.011502121889157387,002099
2021-08-17,9.12,9.39,9.03,9.08,20871832.0,191807346.0,1608957041.0,0.01297227425477297,002099
2021-08-18,9.08,9.25,8.92,9.09,13764759.0,124917375.0,1608957041.0,0.008555081738816916,002099
2021-08-19,9.03,9.09,8.88,8.9,13652476.0,122500052.0,1608957041.0,0.008485295537483527,002099
2021-08-20,8.88,8.97,8.67,8.77,13943624.0,122871325.0,1608957041.0,0.008666250026994973,002099
2021-08-23,8.83,9.18,8.62,9.06,15724863.0,140989795.0,1608957041.0,0.009773326819357882,002099
2021-08-24,9.08,9.16,8.82,8.87,12854675.0,115078422.0,1608957041.0,0.0079894457542574,002099
2021-08-25,8.85,9.01,8.79,8.94,8823521.0,78776519.0,1608957041.0,0.005484000364929569,002099
2021-08-26,8.94,8.95,8.71,8.72,11323761.0,99679524.0,1608957041.0,0.007037951114569255,002099
2021-08-27,8.73,8.74,8.37,8.42,18763428.0,159614099.0,1608957041.0,0.011661857664228338,002099
2021-08-30,8.4,8.42,8.22,8.23,12975701.0,107876878.0,1608957041.0,0.008064665910492758,002099
2021-08-31,8.19,8.44,8.12,8.25,13003284.0,107749677.0,1608957041.0,0.008081809314136934,002099
2021-09-01,8.25,8.28,8.08,8.18,10015212.0,81867293.0,1608957041.0,0.006224660910632728,002099
2021-09-02,8.21,8.25,7.86,7.94,17325320.0,138497568.0,1608957041.0,0.0107680438684876,002099
2021-09-03,7.93,8.33,7.85,8.04,18396337.0,149285787.0,1608957041.0,0.011433703033218523,002099
2021-09-06,7.95,7.98,7.52,7.76,31810606.0,246834111.0,1608957041.0,0.019770948005068584,002099
2021-09-07,7.66,7.97,7.61,7.73,18563665.0,143622985.0,1608957041.0,0.011537700837843563,002099
2021-09-08,7.71,8.09,7.65,8.03,21470507.0,169654073.0,1608957041.0,0.0133443631202581,002099
2021-09-09,8.03,8.07,7.86,7.89,11905284.0,94364572.0,1608957041.0,0.007399379658142159,002099
2021-09-10,7.9,7.95,7.69,7.88,17550452.0,136505310.0,1608957041.0,0.01090796805183315,002099
2021-09-13,7.89,7.92,7.76,7.8,10145136.0,79303913.0,1608957041.0,0.006305411357468307,002099
2021-09-14,7.8,7.84,7.7,7.77,9125590.0,70856863.0,1608957041.0,0.005671742481283564,002099
2021-09-15,7.75,7.75,7.62,7.65,10060229.0,76959399.0,1608957041.0,0.00625263990500788,002099
2021-09-16,7.65,7.69,7.46,7.6,12782332.0,96884431.0,1608957041.0,0.007944483087040979,002099
2021-09-17,7.56,7.57,7.36,7.54,10074869.0,75184825.0,1608957041.0,0.00626173896708781,002099
2021-09-22,7.49,7.65,7.43,7.65,5846221.0,44239395.0,1608957041.0,0.0036335469816934658,002099
2021-09-23,7.71,7.89,7.7,7.87,14781013.0,115453106.0,1608957041.0,0.009186704569074942,002099
2021-09-24,7.85,7.85,7.68,7.71,6826808.0,52909888.0,1608957041.0,0.004243002035503072,002099
2021-09-27,7.7,7.74,7.43,7.54,7017389.0,52965091.0,1608957041.0,0.004361452059427608,002099
2021-09-28,7.57,7.7,7.5,7.67,4832636.0,36875631.0,1608957041.0,0.0030035829900072514,002099
2021-09-29,7.61,7.67,7.51,7.51,5191602.0,39279652.0,1608957041.0,0.003226687765866833,002099
2021-09-30,7.5,7.6,7.5,7.59,5015449.0,37826535.0,1608957041.0,0.003117205041647846,002099
2021-10-08,7.62,7.73,7.62,7.69,5743553.0,44040192.0,1608957041.0,0.003569736701254785,002099
2021-10-11,7.73,7.91,7.71,7.85,8699299.0,68007533.0,1608957041.0,0.005406793828748346,002099
2021-10-12,7.86,7.89,7.71,7.81,9001117.0,70106851.0,1608957041.0,0.005594379943423238,002099
2021-10-13,7.86,7.92,7.8,7.87,6205400.0,48843286.0,1608957041.0,0.0038567841414480623,002099
2021-10-14,7.88,8.23,7.82,8.16,18278933.0,148054944.0,1608957041.0,0.011360734024719061,002099
2021-10-15,8.25,8.46,8.14,8.42,17058175.0,142032981.0,1608957041.0,0.010602007738751055,002099
2021-10-18,8.42,8.48,8.13,8.22,12220862.0,101225771.0,1608957041.0,0.007595517896739171,002099
2021-10-19,8.27,8.28,8.04,8.2,7924600.0,64589219.0,1608957041.0,0.004925302415206,002099
2021-10-20,8.2,8.52,8.08,8.39,11605024.0,96642057.0,1608957041.0,0.007212761872614845,002099
2021-10-21,8.35,8.4,8.17,8.25,11814460.0,97895921.0,1608957041.0,0.007342930668091094,002099
2021-10-22,8.22,8.38,8.0,8.03,6523419.0,52876944.0,1608957041.0,0.004054439511912363,002099
2021-10-25,8.05,8.16,7.98,7.99,9040182.0,72809044.0,1608957041.0,0.005618659646985566,002099
2021-10-26,7.93,8.07,7.92,7.99,5685876.0,45377551.0,1608957041.0,0.0035338892556547753,002099
2021-10-27,7.94,7.99,7.67,7.84,9354739.0,73052975.0,1608957041.0,0.005814163313015391,002099
2021-10-28,7.85,7.93,7.7,7.76,3391187.0,26351250.0,1608957041.0,0.002107692693828735,002099
2021-10-29,7.81,7.83,7.7,7.78,4315102.0,33501976.0,1608957041.0,0.002681924930275376,002099
2021-11-01,7.85,7.86,7.62,7.74,6109500.0,47051046.0,1608957041.0,0.0037971803126594476,002099
2021-11-02,7.75,7.86,7.66,7.81,6138800.0,47725239.0,1608957041.0,0.003815390867231986,002099
2021-11-03,7.81,7.86,7.68,7.75,4043531.0,31277545.0,1608957041.0,0.002513137950213302,002099
2021-11-04,7.75,7.9,7.73,7.9,5953807.0,46539744.0,1608957041.0,0.003700413900609544,002099
2021-11-05,7.9,8.13,7.88,8.09,9680768.0,77809786.0,1608957041.0,0.006016797063757031,002099
2021-11-08,8.08,8.17,7.95,8.06,7929224.0,63874482.0,1608957041.0,0.004928176326617038,002099
2021-11-09,8.08,8.08,7.93,7.96,4376340.0,34976966.0,1608957041.0,0.0027199856108526144,002099
2021-11-10,8.05,8.05,7.89,7.98,5101286.0,40619764.0,1608957041.0,0.003170554508297776,002099
2021-11-11,7.95,8.05,7.92,7.96,4206402.0,33532326.0,1608957041.0,0.0026143656373731608,002099
2021-11-12,7.94,8.0,7.85,7.97,5866582.0,46492180.0,1608957041.0,0.0036462017633197953,002099
2021-11-15,7.94,8.2,7.92,8.03,8607560.0,69362495.0,1608957041.0,0.005349776147317286,002099
2021-11-16,8.02,8.1,7.96,8.04,4423858.0,35450774.0,1608957041.0,0.002749519028333088,002099
2021-11-17,8.04,8.15,7.98,8.09,6380022.0,51536143.0,1608957041.0,0.003965315317576586,002099
2021-11-18,8.08,8.09,7.86,7.88,7390352.0,58797492.0,1608957041.0,0.004593256259599538,002099
2021-11-19,7.88,7.88,7.7,7.76,8498860.0,65805878.0,1608957041.0,0.005282216854415071,002099
2021-11-22,7.75,7.83,7.73,7.81,5378102.0,41895610.0,1608957041.0,0.0033426013640845244,002099
2021-11-23,7.81,7.85,7.7,7.81,6648702.0,51661179.0,1608957041.0,0.004132305481486127,002099
2021-11-24,7.79,7.83,7.72,7.8,4898260.0,38057186.0,1608957041.0,0.003044369660084666,002099
2021-11-25,7.8,7.88,7.75,7.83,7682617.0,60035199.0,1608957041.0,0.004774904987659021,002099
2021-11-26,7.8,7.85,7.74,7.79,4661740.0,36241910.0,1608957041.0,0.0028973675997605456,002099
2021-11-29,7.94,7.99,7.8,7.85,8475283.0,66707067.0,1608957041.0,0.005267563262430199,002099
2021-11-30,7.86,7.94,7.74,7.79,6812083.0,53130495.0,1608957041.0,0.004233850144169262,002099
2021-12-01,7.92,7.92,7.78,7.86,5716188.0,44846183.0,1608957041.0,0.003552728789108795,002099
2021-12-02,7.77,7.85,7.74,7.77,5463447.0,42585400.0,1608957041.0,0.003395645042582588,002099
2021-12-03,7.78,7.82,7.67,7.76,7112032.0,54937126.0,1608957041.0,0.004420274636779442,002099
2021-12-06,7.76,8.0,7.7,7.84,11153384.0,87494359.0,1608957041.0,0.00693205829353153,002099
2021-12-07,7.85,7.89,7.78,7.81,3792368.0,29639263.0,1608957041.0,0.00235703496324735,002099
2021-12-08,7.85,7.87,7.8,7.84,5173530.0,40553989.0,1608957041.0,0.0032154556449714433,002099
2021-12-09,7.84,7.88,7.8,7.83,4221711.0,33032993.0,1608957041.0,0.0026238804967571535,002099
2021-12-10,7.83,7.94,7.81,7.88,7778391.0,61208091.0,1608957041.0,0.0048344305048477676,002099
2021-12-13,7.88,7.98,7.82,7.86,9054541.0,71296646.0,1608957041.0,0.0056275840617673765,002099
2021-12-14,7.86,7.86,7.77,7.81,5679000.0,44334186.0,1608957041.0,0.0035296156797762508,002099
2021-12-15,7.81,7.86,7.77,7.8,4844500.0,37812559.0,1608957041.0,0.0030109567108075447,002099
2021-12-16,7.79,7.85,7.76,7.85,5178272.0,40435900.0,1608957041.0,0.003218402895817279,002099
2021-12-17,7.86,7.86,7.76,7.76,4194980.0,32665341.0,1608957041.0,0.0026072666286930403,002099
2021-12-20,7.76,7.84,7.73,7.81,6305852.0,49142387.0,1608957041.0,0.0039192171321620764,002099
2021-12-21,7.84,7.84,7.76,7.82,3796900.0,29599461.0,1608957041.0,0.0023598516947600716,002099
2021-12-22,7.82,8.43,7.77,8.33,27080123.0,220815630.0,1608957041.0,0.016830855212373565,002099
2021-12-23,8.41,8.68,8.36,8.53,26593934.0,227811521.0,1608957041.0,0.016528678716910505,002099
2021-12-24,8.51,8.58,8.2,8.25,14976587.0,125038148.0,1608957041.0,0.009308257845524416,002099
2021-12-27,8.32,8.41,8.26,8.3,12980100.0,108019003.0,1608957041.0,0.008067399979761174,002099
2021-12-28,8.28,8.31,8.11,8.14,8561900.0,69899342.0,1608957041.0,0.005321397515174552,002099
2021-12-29,8.15,8.3,8.1,8.12,6528000.0,53226878.0,1608957041.0,0.004057286697936145,002099
2021-12-30,8.17,8.19,8.05,8.18,7209544.0,58527428.0,1608957041.0,0.004480880356829863,002099
2021-12-31,8.15,8.3,8.14,8.24,7678996.0,63099029.0,1608957041.0,0.004772654461443759,002099
2022-01-04,8.35,8.45,8.27,8.29,16709374.0,139573432.0,1608957041.0,0.010385220720134815,002099
2022-01-05,8.25,8.27,8.06,8.1,8116100.0,66054876.0,1608957041.0,0.005044323616593067,002099
2022-01-06,8.05,8.25,8.04,8.23,7805450.0,63573315.0,1608957041.0,0.0048512482316797915,002099
2022-01-07,8.15,8.33,8.11,8.15,9600157.0,79086672.0,1608957041.0,0.005966695663939731,002099
2022-01-10,8.18,8.25,8.05,8.24,6428300.0,52562501.0,1608957041.0,0.003995321090738805,002099
2022-01-11,8.22,8.34,8.2,8.23,6527744.0,53950385.0,1608957041.0,0.004057127588653873,002099
2022-01-12,8.26,8.38,8.21,8.33,8263658.0,68661593.0,1608957041.0,0.005136033958286398,002099
2022-01-13,8.33,8.39,8.18,8.22,10110567.0,83737817.0,1608957041.0,0.006283926010675881,002099
2022-01-14,8.17,8.49,8.14,8.39,14729951.0,123032504.0,1608957041.0,0.009154968482468016,002099
2022-01-17,8.43,8.59,8.36,8.48,14976314.0,127078822.0,1608957041.0,0.009308088170391369,002099
2022-01-18,8.5,8.55,8.21,8.27,11226416.0,93441692.0,1608957041.0,0.006977449188464691,002099
2022-01-19,8.27,8.39,8.25,8.29,9358718.0,77775000.0,1608957041.0,0.00581663634361758,002099
2022-01-20,8.3,8.44,8.2,8.2,11919876.0,99169032.0,1608957041.0,0.007408448887231664,002099
2022-01-21,8.23,8.3,8.07,8.11,8664736.0,70804284.0,1608957041.0,0.005385312211079724,002099
2022-01-24,8.15,8.15,7.8,7.87,11150500.0,88348637.0,1608957041.0,0.006930265828023434,002099
2022-01-25,7.87,7.87,7.37,7.44,13503363.0,102933061.0,1608957041.0,0.008392618731204522,002099
2022-01-26,7.44,7.67,7.28,7.39,9433216.0,69974449.0,1608957041.0,0.005862938387800001,002099
2022-01-27,7.4,7.43,7.2,7.26,7505221.0,54615442.0,1608957041.0,0.0046646497132921275,002099
2022-01-28,7.3,7.48,7.25,7.47,5153552.0,38035154.0,1608957041.0,0.003203038905747888,002099
2022-02-07,7.58,7.85,7.47,7.82,9659190.0,74567382.0,1608957041.0,0.006003385891519275,002099
2022-02-08,7.82,8.02,7.58,7.85,7979895.0,63085237.0,1608957041.0,0.00495966939865612,002099
2022-02-09,7.87,7.89,7.75,7.86,5155457.0,40327398.0,1608957041.0,0.0032042229025554202,002099
2022-02-10,7.86,7.93,7.81,7.86,3103252.0,24427800.0,1608957041.0,0.0019287351501139302,002099
2022-02-11,7.9,7.9,7.62,7.64,6008048.0,46358343.0,1608957041.0,0.0037341258013115592,002099
2022-02-14,7.67,7.77,7.57,7.62,4598746.0,35250372.0,1608957041.0,0.0028582155289502225,002099
2022-02-15,7.6,7.63,7.4,7.45,11023328.0,82512072.0,1608957041.0,0.00685122580597228,002099
2022-02-16,7.44,7.53,6.78,6.82,53255269.0,372507134.0,1608957041.0,0.033099248546064816,002099
2022-02-17,6.7,6.7,6.31,6.49,38746719.0,250360115.0,1608957041.0,0.024081885353457365,002099
2022-02-18,6.46,6.78,6.4,6.68,24525796.0,162363183.0,1608957041.0,0.015243288276209483,002099
2022-02-21,6.75,6.82,6.67,6.75,13256607.0,89256340.0,1608957041.0,0.008239254785672057,002099
2022-02-22,6.71,6.72,6.6,6.6,11057517.0,73413304.0,1608957041.0,0.0068724749749238334,002099
2022-02-23,6.58,6.61,6.5,6.53,15646402.0,102393916.0,1608957041.0,0.009724561688903415,002099
2022-02-24,6.53,6.63,6.34,6.38,18599586.0,120257156.0,1608957041.0,0.011560026480532988,002099
2022-02-25,6.42,6.62,6.41,6.51,11795190.0,77154589.0,1608957041.0,0.0073309539654763224,002099
2022-02-28,6.52,6.71,6.4,6.7,18552311.0,122621465.0,1608957041.0,0.011530644092566546,002099
2022-03-01,6.72,6.77,6.63,6.67,9028920.0,60408887.0,1608957041.0,0.005611660081606865,002099
2022-03-02,6.58,6.72,6.58,6.71,7222028.0,48216745.0,1608957041.0,0.004488639420423158,002099
2022-03-03,6.73,6.75,6.66,6.69,5898475.0,39525886.0,1608957041.0,0.0036660239208959715,002099
2022-03-04,6.7,6.82,6.66,6.68,9139643.0,61541810.0,1608957041.0,0.005680476710751409,002099
2022-03-07,6.65,6.73,6.51,6.55,7162323.0,47317745.0,1608957041.0,0.004451531530977651,002099
2022-03-08,6.54,6.58,6.36,6.39,7278353.0,46981073.0,1608957041.0,0.0045236465701261695,002099
2022-03-09,6.41,6.5,5.98,6.26,11066220.0,68706575.0,1608957041.0,0.006877884069000448,002099
2022-03-10,6.39,6.49,6.32,6.48,6992503.0,44910968.0,1608957041.0,0.004345984896932994,002099
2022-03-11,6.47,7.13,6.41,7.13,36238298.0,253752654.0,1608957041.0,0.022522849943511947,002099
2022-03-14,7.23,7.29,6.8,7.12,47876513.0,341078242.0,1608957041.0,0.02975624070748574,002099
2022-03-15,7.1,7.2,6.82,6.82,23725117.0,166445427.0,1608957041.0,0.014745649756599064,002099
2022-03-16,6.94,6.99,6.51,6.79,21274938.0,143384378.0,1608957041.0,0.013222812951411795,002099
2022-03-17,6.8,7.17,6.8,6.86,19000260.0,132227813.0,1608957041.0,0.011809053638990229,002099
2022-03-18,6.89,7.09,6.75,6.92,17573158.0,120974441.0,1608957041.0,0.010922080299345917,002099
2022-03-21,6.88,6.96,6.74,6.85,17931518.0,122440821.0,1608957041.0,0.011144808433701369,002099
2022-03-22,6.84,6.84,6.66,6.77,11188220.0,75402653.0,1608957041.0,0.0069537095863332005,002099
2022-03-23,6.76,7.06,6.72,6.78,13985646.0,95934193.0,1608957041.0,0.008692367567071669,002099
2022-03-24,6.73,6.93,6.67,6.86,16183022.0,110656594.0,1608957041.0,0.01005808209145343,002099
2022-03-25,6.88,6.91,6.76,6.78,11417486.0,77895559.0,1608957041.0,0.007096203135979191,002099
2022-03-28,6.73,6.89,6.68,6.79,15602992.0,105725657.0,1608957041.0,0.0096975814781869,002099
2022-03-29,6.79,6.89,6.69,6.88,12763802.0,86903803.0,1608957041.0,0.007932966309695276,002099
2022-03-30,7.0,7.08,6.85,6.88,13569166.0,93962320.0,1608957041.0,0.008433516653475399,002099
2022-03-31,6.76,7.25,6.73,7.22,32907237.0,234816910.0,1608957041.0,0.02045252679931558,002099
2022-04-01,7.16,7.23,7.03,7.06,14799207.0,105253679.0,1608957041.0,0.009198012515487665,002099
2022-04-06,7.15,7.77,7.07,7.5,51415846.0,385859626.0,1608957041.0,0.03195600919714052,002099
2022-04-07,7.6,8.18,7.51,7.82,61002254.0,474530227.0,1608957041.0,0.0379141595738851,002099
2022-04-08,7.65,7.79,7.2,7.5,36920221.0,276092092.0,1608957041.0,0.022946679158725905,002099
2022-04-11,7.4,7.48,6.98,7.0,23562670.0,169463776.0,1608957041.0,0.014644685594187969,002099
2022-04-12,7.02,7.14,6.9,7.13,18148314.0,127815719.0,1608957041.0,0.011279551621042938,002099
2022-04-13,7.05,7.07,6.77,6.9,16478600.0,113676057.0,1608957041.0,0.01024178991737294,002099
2022-04-14,6.95,6.98,6.77,6.78,12351086.0,84681790.0,1608957041.0,0.0076764547997649115,002099
2022-04-15,6.75,6.86,6.59,6.79,11419041.0,76810101.0,1608957041.0,0.0070971696005648665,002099
2022-04-18,6.74,6.74,6.5,6.51,13702106.0,90674180.0,1608957041.0,0.008516141606542744,002099
2022-04-19,6.53,6.64,6.46,6.48,10724721.0,70017294.0,1608957041.0,0.006665635394052761,002099
2022-04-20,6.48,6.52,6.28,6.28,13564918.0,86614885.0,1608957041.0,0.008430876433822697,002099
2022-04-21,6.31,6.4,6.1,6.11,13502270.0,84222388.0,1608957041.0,0.008391939409151694,002099
2022-04-22,6.11,6.19,6.01,6.16,10620893.0,65009257.0,1608957041.0,0.006601104149678786,002099
2022-04-25,6.18,6.35,6.11,6.26,21001774.0,131155938.0,1608957041.0,0.01305303588897996,002099
2022-04-26,6.31,6.35,5.86,6.07,18910145.0,115670880.0,1608957041.0,0.01175304530706858,002099
2022-04-27,5.97,6.3,5.92,6.27,13647112.0,83371236.0,1608957041.0,0.008481961700803422,002099
2022-04-28,6.21,6.3,6.1,6.15,9781747.0,60538829.0,1608957041.0,0.0060795575958450965,002099
2022-04-29,6.2,6.33,6.19,6.3,9825685.0,61722104.0,1608957041.0,0.006106865969456297,002099
2022-05-05,6.28,6.54,6.24,6.48,10377100.0,66857379.0,1608957041.0,0.0064495817697844925,002099
2022-05-06,6.35,6.48,6.3,6.43,7469052.0,47897671.0,1608957041.0,0.004642169933485502,002099
2022-05-09,6.5,6.63,6.46,6.58,10775271.0,70603704.0,1608957041.0,0.006697053262095144,002099
2022-05-10,6.58,7.24,6.53,7.07,31219798.0,219214275.0,1608957041.0,0.019403748642410148,002099
2022-05-11,7.01,7.17,6.7,6.73,26364561.0,182332739.0,1608957041.0,0.01638611866455669,002099
2022-05-12,6.63,6.94,6.62,6.9,15882172.0,108923944.0,1608957041.0,0.009871097608752129,002099
2022-05-13,6.95,7.2,6.95,7.16,24408498.0,173698637.0,1608957041.0,0.01517038514889721,002099
2022-05-16,7.21,7.39,7.05,7.06,16438264.0,117674481.0,1608957041.0,0.010216720261084958,002099
2022-05-17,7.0,7.06,6.88,6.96,11874366.0,82464813.0,1608957041.0,0.007380163483184011,002099
2022-05-18,6.99,7.08,6.93,6.97,8632991.0,60481988.0,1608957041.0,0.005365582038557361,002099
2022-05-19,6.98,7.41,6.93,7.28,23341001.0,168264567.0,1608957041.0,0.014506913736797526,002099
2022-05-20,7.26,7.37,7.05,7.1,19733580.0,140925601.0,1608957041.0,0.01226482715022346,002099
2022-05-23,7.19,7.21,7.01,7.12,10051684.0,71277238.0,1608957041.0,0.006247329011191418,002099
2022-05-24,7.08,7.14,6.8,6.82,12928655.0,90467652.0,1608957041.0,0.008035425850751475,002099
2022-05-25,6.73,6.86,6.73,6.8,7371216.0,50116140.0,1608957041.0,0.004581362840749705,002099
2022-05-26,6.83,6.85,6.7,6.84,6294964.0,42715758.0,1608957041.0,0.003912450015500445,002099
2022-05-27,6.84,6.86,6.72,6.74,6646977.0,45047193.0,1608957041.0,0.004131233358392693,002099
2022-05-30,6.73,6.8,6.68,6.71,6613416.0,44463623.0,1608957041.0,0.004110374504399213,002099
2022-05-31,6.71,6.8,6.6,6.78,6529520.0,43808822.0,1608957041.0,0.004058231409299635,002099
2022-06-01,6.75,6.88,6.73,6.87,6176311.0,41972525.0,1608957041.0,0.003838704727729272,002099
2022-06-02,6.88,6.88,6.68,6.72,7007568.0,47240141.0,1608957041.0,0.004355348105282321,002099
2022-06-06,6.73,6.76,6.66,6.73,8738600.0,58707264.0,1608957041.0,0.005431220211180268,002099
2022-06-07,6.74,6.88,6.69,6.87,8956334.0,60644250.0,1608957041.0,0.005566546384876412,002099
2022-06-08,6.85,6.87,6.72,6.76,7553800.0,51301313.0,1608957041.0,0.004694842564165142,002099
2022-06-09,6.8,6.83,6.7,6.74,7085800.0,47811394.0,1608957041.0,0.004403970907511632,002099
2022-06-10,6.71,6.81,6.71,6.76,6486836.0,43854709.0,1608957041.0,0.004031702422563313,002099
2022-06-13,6.71,6.81,6.7,6.81,6175864.0,41689541.0,1608957041.0,0.00383842690800593,002099
2022-06-14,6.79,6.79,6.61,6.74,7016021.0,47005516.0,1608957041.0,0.0043606018192004666,002099
2022-06-15,6.77,6.86,6.65,6.82,8000655.0,54405791.0,1608957041.0,0.004972572167015366,002099
2022-06-16,6.81,6.93,6.76,6.86,6799890.0,46570866.0,1608957041.0,0.004226271943080425,002099
2022-06-17,6.86,6.9,6.75,6.82,6104443.0,41660695.0,1608957041.0,0.0037940372828139416,002099
2022-06-20,6.82,7.05,6.78,7.02,12032420.0,83512523.0,1608957041.0,0.007478397305450494,002099
2022-06-21,7.02,7.2,6.98,7.1,12860625.0,91528655.0,1608957041.0,0.007993143802028957,002099
2022-06-22,7.06,7.18,7.0,7.04,7847574.0,55682368.0,1608957041.0,0.004877429166861143,002099
2022-06-23,7.0,7.08,6.93,6.97,7545975.0,52678719.0,1608957041.0,0.0046899791652050705,002099
2022-06-24,6.95,7.02,6.92,6.96,6378600.0,44420872.0,1608957041.0,0.0039644315152352165,002099
2022-06-27,6.96,7.05,6.96,6.98,6217294.0,43481214.0,1608957041.0,0.003864176507867372,002099
2022-06-28,6.95,7.07,6.89,7.05,7996633.0,56002856.0,1608957041.0,0.00497007241102592,002099
2022-06-29,7.06,7.12,6.94,6.95,8420000.0,59071236.0,1608957041.0,0.0052332037372276865,002099
2022-06-30,6.99,7.01,6.89,6.93,5878700.0,40731489.0,1609723860.0,0.00365199283310617,002099
2022-07-01,6.98,7.03,6.9,7.02,4634492.0,32227372.0,1609723860.0,0.0028790602631683674,002099
2022-07-04,6.96,7.12,6.96,7.11,11045615.0,78016221.0,1609723860.0,0.006861807341291444,002099
2022-07-05,7.11,7.17,7.03,7.08,8121549.0,57541166.0,1609723860.0,0.005045305720945206,002099
2022-07-06,7.04,7.1,6.96,6.99,5893987.0,41308195.0,1609723860.0,0.003661489492986704,002099
2022-07-07,6.99,7.04,6.89,6.94,6497727.0,45104276.0,1609723860.0,0.004036547610097548,002099
2022-07-08,6.96,7.1,6.94,7.08,7644408.0,53707106.0,1609723860.0,0.004748894012169267,002099
2022-07-11,7.35,7.56,7.25,7.29,28122949.0,207037139.0,1609723860.0,0.017470666676954145,002099
2022-07-12,7.38,7.45,7.11,7.21,14611758.0,106262852.0,1609723860.0,0.00907718296478503,002099
2022-07-13,7.21,7.25,7.12,7.2,9190916.0,66062021.0,1609723860.0,0.005709622767224187,002099
2022-07-14,7.24,7.35,7.19,7.21,8390582.0,60865931.0,1609723860.0,0.005212435628555571,002099
2022-07-15,7.21,7.34,7.11,7.22,11472825.0,83173722.0,1609723860.0,0.007127200686458111,002099
2022-07-18,7.22,7.27,7.15,7.22,8654971.0,62371393.0,1609723860.0,0.005376680569299631,002099
2022-07-19,7.24,7.27,7.11,7.15,9157893.0,65561220.0,1609723860.0,0.005689108068510583,002099
2022-07-20,7.13,7.27,7.13,7.19,8146870.0,58684022.0,1609723860.0,0.005061035748081662,002099
2022-07-21,7.32,7.5,7.28,7.44,24157384.0,178809108.0,1609723860.0,0.015007160296425003,002099
2022-07-22,7.44,7.59,7.37,7.41,16873476.0,126074279.0,1609723860.0,0.010482217738885974,002099
2022-07-25,7.46,7.58,7.42,7.5,13466637.0,101262385.0,1609723860.0,0.008365805673030156,002099
2022-07-26,7.47,7.56,7.39,7.45,10278150.0,76711834.0,1609723860.0,0.006385039232753871,002099
2022-07-27,7.41,7.44,7.31,7.37,10501070.0,77330714.0,1609723860.0,0.0065235226121329905,002099
2022-07-28,7.37,7.42,7.22,7.24,14714029.0,107073199.0,1609723860.0,0.009140716221973625,002099
2022-07-29,7.24,7.31,7.22,7.27,9033859.0,65633332.0,1609723860.0,0.005612055101177416,002099
2022-08-01,7.23,7.28,7.11,7.21,6781200.0,48907569.0,1609723860.0,0.004212648000384364,002099
2022-08-02,7.17,7.17,6.84,6.92,13896203.0,96889997.0,1609723860.0,0.008632662623265086,002099
2022-08-03,6.92,7.05,6.88,6.93,7800067.0,54478147.0,1609723860.0,0.004845593206278249,002099
2022-08-04,7.0,7.01,6.86,6.94,7138762.0,49416565.0,1609723860.0,0.004434774297251207,002099
2022-08-05,6.99,7.09,6.9,7.08,8357443.0,58340935.0,1609723860.0,0.005191848867792765,002099
2022-08-08,7.03,7.15,7.02,7.04,7423136.0,52453842.0,1609723860.0,0.0046114344108684575,002099
2022-08-09,7.04,7.08,6.93,6.94,5208916.0,36262396.0,1609723860.0,0.003235906561017242,002099
2022-08-10,6.92,6.97,6.83,6.84,7120188.0,49056348.0,1609723860.0,0.004423235672235112,002099
2022-08-11,6.88,7.0,6.82,6.98,6517372.0,45193146.0,1609723860.0,0.004048751566619631,002099
2022-08-12,7.03,7.03,6.94,6.94,4486694.0,31229160.0,1609723860.0,0.0027872445153419045,002099
2022-08-15,6.96,6.99,6.89,6.95,5804940.0,40322824.0,1609723860.0,0.003606171309407068,002099
2022-08-16,6.97,6.98,6.9,6.93,5970306.0,41355509.0,1609723860.0,0.0037089007303401714,002099
2022-08-17,6.95,6.98,6.88,6.92,6095600.0,42178260.0,1609723860.0,0.003786736440621561,002099
2022-08-18,6.93,6.93,6.8,6.87,6106806.0,41771408.0,1609723860.0,0.003793697883064242,002099
2022-08-19,6.87,6.92,6.82,6.82,5969528.0,41040762.0,1609723860.0,0.0037084174176308725,002099
2022-08-22,6.8,7.06,6.76,7.03,11280346.0,78510931.0,1609723860.0,0.007007628003973303,002099
2022-08-23,7.0,7.08,6.91,6.98,7928181.0,55197741.0,1609723860.0,0.004925180769824708,002099
2022-08-24,6.99,7.12,6.95,6.97,10145642.0,71282175.0,1609723860.0,0.006302722008481629,002099
2022-08-25,6.98,7.1,6.91,6.95,6511616.0,45275579.0,1609723860.0,0.0040451757980402925,002099
2022-08-26,6.95,7.2,6.95,7.08,11418506.0,81016517.0,1609723860.0,0.007093456389470428,002099
2022-08-29,7.08,7.2,6.97,7.12,9300933.0,66311383.0,1609723860.0,0.005777968029870664,002099
2022-08-30,7.2,7.39,7.14,7.26,13745590.0,99986569.0,1609723860.0,0.008539098128296365,002099
2022-08-31,7.26,7.32,7.13,7.16,10384461.0,74667204.0,1609723860.0,0.006451082237173275,002099
2022-09-01,7.17,7.2,7.02,7.06,9501896.0,67360432.0,1609723860.0,0.005902811181540168,002099
2022-09-02,7.08,7.12,6.95,6.98,8018586.0,56244911.0,1609723860.0,0.00498134257635965,002099
2022-09-05,6.99,7.1,6.93,7.01,6474725.0,45319618.0,1609723860.0,0.004022258202720558,002099
2022-09-06,7.03,7.09,6.95,7.09,6183230.0,43580838.0,1609723860.0,0.003841174348996728,002099
2022-09-07,7.06,7.1,6.94,6.96,7011902.0,49060118.0,1609723860.0,0.004355965749305598,002099
2022-09-08,6.96,7.01,6.87,6.9,5967300.0,41298027.0,1609723860.0,0.0037070333293065558,002099
2022-09-09,6.92,6.97,6.86,6.93,4202720.0,29121312.0,1609723860.0,0.002610832891549486,002099
2022-09-13,6.98,6.99,6.85,6.87,7272797.0,50179267.0,1609723860.0,0.004518040131429747,002099
2022-09-14,6.82,6.84,6.71,6.81,6483881.0,43881538.0,1609723860.0,0.004027946134810973,002099
2022-09-15,6.85,6.94,6.65,6.67,8455866.0,57194114.0,1609723860.0,0.005252991652866474,002099
2022-09-16,6.67,6.78,6.49,6.49,7454080.0,49150552.0,1609723860.0,0.004630657583717495,002099
2022-09-19,6.52,6.61,6.4,6.45,6110637.0,39535760.0,1609723860.0,0.0037960777943615745,002099
2022-09-20,6.44,6.58,6.44,6.49,4181886.0,27203610.0,1609723860.0,0.0025978902990230882,002099
2022-09-21,6.49,6.54,6.41,6.53,4850358.0,31484354.0,1609723860.0,0.0030131615244865665,002099
2022-09-22,6.49,6.55,6.43,6.43,5562000.0,36018405.0,1609723860.0,0.0034552510142950854,002099
2022-09-23,6.45,6.47,6.28,6.37,5567500.0,35441913.0,1609723860.0,0.0034586677493865315,002099
2022-09-26,6.38,6.4,6.21,6.35,5461534.0,34596856.0,1609723860.0,0.0033928390674410453,002099
2022-09-27,6.35,6.59,6.31,6.58,8862091.0,57667853.0,1609723860.0,0.005505348600597869,002099
2022-09-28,6.58,6.77,6.53,6.64,11358451.0,75927052.0,1609723860.0,0.007056148748394647,002099
2022-09-29,6.65,6.83,6.65,6.79,17657556.0,119442924.0,1609723860.0,0.010969307493522523,002099
2022-09-30,6.75,6.9,6.7,6.79,16421591.0,111382423.0,1609723860.0,0.010201495677649955,002099
2022-10-10,6.79,6.92,6.6,6.63,8106577.0,54376346.0,1609723860.0,0.005036004746801728,002099
2022-10-11,6.65,6.7,6.54,6.55,6881555.0,45315864.0,1609723860.0,0.004274990991312013,002099
2022-10-12,6.63,6.63,6.41,6.61,6376900.0,41570593.0,1609723860.0,0.003961486909934975,002099
2022-10-13,6.65,6.85,6.54,6.78,8124021.0,54872546.0,1609723860.0,0.00504684138806267,002099
2022-10-14,6.83,6.94,6.76,6.91,9283402.0,63962816.0,1609723860.0,0.0057670773420728195,002099
2022-10-17,6.88,7.05,6.84,6.97,7397721.0,51622977.0,1609723860.0,0.004595645988623167,002099
2022-10-18,6.97,7.1,6.89,7.07,9540541.0,67042948.0,1609723860.0,0.0059268184047417925,002099
2022-10-19,7.07,7.12,6.92,6.99,7192770.0,50224575.0,1609723860.0,0.004468325393400083,002099
2022-10-20,6.93,7.08,6.9,6.99,8926526.0,62495159.0,1609723860.0,0.005545377205255565,002099
2022-10-21,6.98,7.1,6.93,7.03,7933200.0,55638170.0,1609723860.0,0.004928298695901793,002099
2022-10-24,6.98,7.11,6.8,6.82,8855611.0,61404623.0,1609723860.0,0.005501323065435584,002099
2022-10-25,6.88,6.88,6.65,6.72,7808556.0,52557477.0,1609723860.0,0.004850866781585756,002099
2022-10-26,6.74,7.04,6.73,6.96,8979222.0,62212940.0,1609723860.0,0.0055781132547789904,002099
2022-10-27,6.97,7.04,6.9,7.01,8080494.0,56458410.0,1609723860.0,0.0050198013465489666,002099
2022-10-28,7.01,7.04,6.84,6.88,7162793.0,49604154.0,1609723860.0,0.004449702944702578,002099
2022-10-31,6.89,6.89,6.5,6.69,20231560.0,135278677.0,1609723860.0,0.012568342001217526,002099
2022-11-01,6.74,6.83,6.57,6.75,12155729.0,81306566.0,1609723860.0,0.007551437424801543,002099
2022-11-02,6.72,6.97,6.68,6.88,9995348.0,68839755.0,1609723860.0,0.006209355684148212,002099
2022-11-03,6.79,6.9,6.76,6.79,7297435.0,49660649.0,1609723860.0,0.004533345862190301,002099
2022-11-04,6.79,6.86,6.74,6.85,9770998.0,66496577.0,1609723860.0,0.0060699839536453165,002099
2022-11-07,6.84,6.9,6.77,6.78,7260439.0,49458816.0,1609723860.0,0.004510363038291549,002099
2022-11-08,6.8,6.85,6.69,6.84,7654525.0,51929058.0,1609723860.0,0.004755178941063842,002099
2022-11-09,6.84,6.99,6.8,6.91,10223119.0,70725304.0,1609723860.0,0.006350852623877986,002099
2022-11-10,6.93,6.97,6.87,6.95,8265186.0,57323275.0,1609723860.0,0.005134536553368849,002099
2022-11-11,7.02,7.14,6.8,6.83,25620483.0,179702743.0,1609723860.0,0.0159160733319813,002099
2022-11-14,6.8,7.07,6.73,7.02,18925001.0,131945770.0,1609723860.0,0.011756675458609403,002099
2022-11-15,7.06,7.09,6.9,6.97,16169800.0,112775760.0,1609723860.0,0.010045076923938991,002099
2022-11-16,7.0,7.04,6.86,6.89,11383258.0,79085174.0,1609723860.0,0.0070715594661061925,002099
2022-11-17,6.89,7.05,6.84,7.03,12496200.0,87375953.0,1609723860.0,0.007762946372677858,002099
2022-11-18,7.06,7.22,7.04,7.11,18347164.0,131058666.0,1609723860.0,0.011397708921330147,002099
2022-11-21,7.05,7.2,7.04,7.17,14933042.0,106642366.0,1609723860.0,0.009276772476988692,002099
2022-11-22,7.13,7.23,6.97,6.99,14035900.0,99055238.0,1609723860.0,0.00871944583091413,002099
2022-11-23,6.99,7.03,6.77,6.84,13289715.0,90975713.0,1609723860.0,0.008255897381057644,002099
2022-11-24,6.87,6.89,6.78,6.85,6736500.0,46055086.0,1609723860.0,0.004184879262459339,002099
2022-11-25,6.85,6.86,6.69,6.82,8770576.0,59497667.0,1609723860.0,0.005448497234799017,002099
2022-11-28,6.78,6.88,6.75,6.81,8040865.0,54702560.0,1609723860.0,0.004995182838378255,002099
2022-11-29,6.81,6.93,6.79,6.86,10988091.0,75490537.0,1609723860.0,0.0068260720195822905,002099
2022-11-30,6.88,6.99,6.79,6.8,9611861.0,66109490.0,1609723860.0,0.005971124140509416,002099
2022-12-01,6.85,6.9,6.73,6.76,9265475.0,62871758.0,1609723860.0,0.005755940649348392,002099
2022-12-02,6.76,6.8,6.73,6.76,5686094.0,38472410.0,1609723860.0,0.0035323412551019773,002099
2022-12-05,6.72,6.86,6.72,6.8,10558388.0,71759647.0,1609723860.0,0.006559129961582355,002099
2022-12-06,6.81,6.82,6.69,6.7,9198297.0,62014011.0,1609723860.0,0.005714208025716908,002099
2022-12-07,6.67,6.91,6.64,6.89,16944032.0,115642255.0,1609723860.0,0.010526048859088167,002099
2022-12-08,6.91,7.08,6.88,6.92,15267531.0,106491682.0,1609723860.0,0.009484565259534639,002099
2022-12-09,6.97,6.99,6.87,6.9,7625693.0,52722538.0,1609723860.0,0.00473726779448992,002099
2022-12-12,6.95,7.11,6.91,7.11,18027461.0,126776199.0,1609723860.0,0.011199101565159133,002099
2022-12-13,7.48,7.68,7.05,7.6,69323278.0,510804911.0,1609723860.0,0.04306532301757644,002099
2022-12-14,7.45,7.92,7.4,7.56,50656093.0,387335047.0,1609723860.0,0.03146880919066454,002099
2022-12-15,7.51,7.61,7.21,7.22,32748520.0,240367389.0,1609723860.0,0.020344184995804187,002099
2022-12-16,7.24,7.47,7.24,7.41,25883222.0,191566524.0,1609723860.0,0.016079293252197927,002099
2022-12-19,7.5,7.64,7.14,7.19,22799626.0,165586515.0,1609723860.0,0.01416368767746289,002099
2022-12-20,7.11,7.25,7.03,7.1,14063150.0,99845182.0,1609723860.0,0.008736374200230839,002099
2022-12-21,7.06,7.24,7.06,7.11,9008620.0,64251294.0,1609723860.0,0.005596376014455051,002099
2022-12-22,7.1,7.15,6.83,6.89,13072185.0,91446723.0,1609723860.0,0.008120762402068141,002099
2022-12-23,6.81,6.96,6.81,6.9,6450335.0,44532706.0,1609723860.0,0.004007106535651401,002099
2022-12-26,6.96,6.98,6.87,6.91,7174920.0,49673531.0,1609723860.0,0.004457236534966935,002099
2022-12-27,6.93,6.98,6.77,6.87,9232920.0,63259452.0,1609723860.0,0.005735716683729842,002099
2022-12-28,6.83,6.93,6.8,6.89,5466218.0,37635991.0,1609723860.0,0.0033957488832898333,002099
2022-12-29,6.93,7.12,6.82,7.07,12189986.0,85391566.0,1609723860.0,0.007572718714624755,002099
2022-12-30,7.0,7.08,6.98,7.01,6427924.0,45060602.0,1609723860.0,0.0039931842719906005,002099
2023-01-03,6.99,7.35,6.99,7.28,19958633.0,144175235.0,1608087610.0,0.012411408977897666,002099
2023-01-04,7.33,7.43,7.25,7.37,14236683.0,104568323.0,1608087610.0,0.008853176227133545,002099
2023-01-05,7.39,7.49,7.3,7.45,16108120.0,119465660.0,1608087610.0,0.010016941800826386,002099
2023-01-06,7.42,7.48,7.32,7.35,11326064.0,83590436.0,1608087610.0,0.007043188399418114,002099
2023-01-09,7.4,7.48,7.35,7.4,10677300.0,79030379.0,1608087610.0,0.006639750181272773,002099
2023-01-10,7.41,7.48,7.35,7.43,9137248.0,67847464.0,1608087610.0,0.005682058578885513,002099
2023-01-11,7.47,7.61,7.39,7.56,17507633.0,131894471.0,1608087610.0,0.010887238289212365,002099
2023-01-12,7.6,7.63,7.49,7.56,11441415.0,86651886.0,1608087610.0,0.007114920187712907,002099
2023-01-13,7.56,7.69,7.51,7.66,11172331.0,85275747.0,1608087610.0,0.006947588508563908,002099
2023-01-16,7.66,7.76,7.61,7.61,10352212.0,79501438.0,1608087610.0,0.006437592041393814,002099
2023-01-17,7.63,7.65,7.5,7.55,12424860.0,93823399.0,1608087610.0,0.007726482016735394,002099
2023-01-18,7.57,7.6,7.48,7.54,9389050.0,70648536.0,1608087610.0,0.005838643331130448,002099
2023-01-19,7.5,7.57,7.42,7.57,8361213.0,62864188.0,1608087610.0,0.005199476040985106,002099
2023-01-20,7.58,8.0,7.56,7.72,21251502.0,163129572.0,1608087610.0,0.013215388183980846,002099
2023-01-30,7.72,7.78,7.51,7.55,12880693.0,97911893.0,1608087610.0,0.008009944806427555,002099
2023-01-31,7.55,7.57,7.39,7.41,8583756.0,63936242.0,1608087610.0,0.005337865889035735,002099
2023-02-01,7.47,7.56,7.38,7.54,9506790.0,71278218.0,1608087610.0,0.005911860735000626,002099
2023-02-02,7.57,7.58,7.48,7.49,6912138.0,51944191.0,1608087610.0,0.004298359092512379,002099
2023-02-03,7.49,7.49,7.31,7.35,9512309.0,70123265.0,1608087610.0,0.005915292761940999,002099
2023-02-06,7.36,7.4,7.25,7.31,6666963.0,48704254.0,1608087610.0,0.004145895384393889,002099
2023-02-07,7.3,7.35,7.17,7.25,8001894.0,57949227.0,1608087610.0,0.004976031125567841,002099
2023-02-08,7.3,7.35,7.23,7.31,5650749.0,41199292.0,1608087610.0,0.003513955934278979,002099
2023-02-09,7.3,7.36,7.24,7.35,7045064.0,51540288.0,1608087610.0,0.004381020011714412,002099
2023-02-10,7.35,7.38,7.28,7.34,4295207.0,31527342.0,1608087610.0,0.002671003105359415,002099
2023-02-13,7.35,7.38,7.29,7.3,5512400.0,40349387.0,1608087610.0,0.0034279226863765215,002099
2023-02-14,7.34,7.35,7.26,7.33,5804337.0,42461327.0,1608087610.0,0.0036094656559165954,002099
2023-02-15,7.35,7.35,7.26,7.27,5498407.0,40037526.0,1608087610.0,0.0034192210460473604,002099
2023-02-16,7.3,7.35,7.14,7.17,8185934.0,59549748.0,1608087610.0,0.005090477626402457,002099
2023-02-17,7.22,7.28,7.16,7.23,5558752.0,40207986.0,1608087610.0,0.003456746986564992,002099
2023-02-20,7.23,7.28,7.13,7.19,7530453.0,53994278.0,1608087610.0,0.004682862397030719,002099
2023-02-21,7.19,7.26,7.18,7.23,4093350.0,29526048.0,1608087610.0,0.0025454769843043564,002099
2023-02-22,7.25,7.33,7.2,7.33,5303184.0,38635833.0,1608087610.0,0.0032978203221154102,002099
2023-02-23,7.38,7.5,7.29,7.33,9212162.0,68100230.0,1608087610.0,0.005728644349171996,002099
2023-02-24,7.35,7.39,7.28,7.3,5103600.0,37339002.0,1608087610.0,0.0031737076812624657,002099
2023-02-27,7.31,7.38,7.27,7.35,5950790.0,43566736.0,1608087610.0,0.0037005384302413722,002099
2023-02-28,7.36,7.44,7.34,7.44,7953081.0,58803722.0,1608087610.0,0.0049456764361240245,002099
2023-03-01,7.47,7.48,7.38,7.39,5663585.0,42033845.0,1608087610.0,0.003521938086445427,002099
2023-03-02,7.39,7.44,7.33,7.36,4416223.0,32531948.0,1608087610.0,0.0027462577116678364,002099
2023-03-03,7.35,7.42,7.33,7.4,4844187.0,35762282.0,1608087610.0,0.0030123899779316127,002099
2023-03-06,7.38,7.44,7.36,7.43,3931311.0,29147964.0,1608087610.0,0.002444711951981273,002099
2023-03-07,7.42,7.44,7.25,7.3,4543600.0,33488453.0,1608087610.0,0.002825467948229512,002099
2023-03-08,7.31,7.34,7.24,7.28,4263050.0,31019729.0,1608087610.0,0.002651006060546664,002099
2023-03-09,7.29,7.31,7.23,7.28,2578900.0,18756179.0,1608087610.0,0.001603706156283363,002099
2023-03-10,7.26,7.29,7.21,7.28,4914134.0,35641510.0,1608087610.0,0.0030558869861574273,002099
2023-03-13,7.26,7.26,7.14,7.25,4432107.0,31947990.0,1608087610.0,0.0027561352829526494,002099
2023-03-14,7.24,7.33,7.16,7.16,5409742.0,39075618.0,1608087610.0,0.00336408412474492,002099
2023-03-15,7.16,7.32,7.16,7.26,5238908.0,38088645.0,1608087610.0,0.003257849863043221,002099
2023-03-16,7.28,7.31,7.22,7.26,4473426.0,32502979.0,1608087610.0,0.0027818297785404864,002099
2023-03-17,7.32,7.34,7.26,7.32,5887550.0,42987580.0,1608087610.0,0.0036612122146752937,002099
2023-03-20,7.3,7.33,6.97,7.02,14553390.0,103503590.0,1608087610.0,0.009050122586293665,002099
2023-03-21,7.02,7.17,7.02,7.15,5485348.0,39029879.0,1608087610.0,0.003411100219844365,002099
2023-03-22,7.17,7.23,7.12,7.16,3891412.0,27923888.0,1608087610.0,0.002419900492859341,002099
2023-03-23,7.18,7.21,7.11,7.12,4127453.0,29514709.0,1608087610.0,0.002566684162189397,002099
2023-03-24,7.12,7.19,7.02,7.04,6068400.0,42908011.0,1608087610.0,0.003773674992744954,002099
2023-03-27,7.04,7.1,7.0,7.03,4807857.0,33868097.0,1608087610.0,0.0029897979252511,002099
2023-03-28,7.03,7.12,7.02,7.07,5364900.0,37941312.0,1608087610.0,0.0033361988281223063,002099
2023-03-29,7.0,7.15,6.99,7.03,4646100.0,32709534.0,1608087610.0,0.002889208256507865,002099
2023-03-30,7.05,7.15,6.99,7.08,8487421.0,60124533.0,1608087610.0,0.005277959327104075,002099
2023-03-31,7.08,7.15,7.06,7.06,5155966.0,36576507.0,1608087610.0,0.0032062718274410433,002099
2023-04-03,7.05,7.12,7.02,7.03,5615486.0,39604041.0,1608087610.0,0.003492027402661227,002099
2023-04-04,7.05,7.08,7.02,7.08,5409704.0,38157211.0,1608087610.0,0.003364060494191607,002099
2023-04-06,7.08,7.13,7.04,7.1,5520004.0,39082167.0,1608087610.0,0.003432651284465776,002099
2023-04-07,7.06,7.22,7.06,7.2,7828882.0,56092301.0,1608087610.0,0.004868442460047311,002099
2023-04-10,7.24,7.36,7.11,7.29,8993468.0,65582058.0,1608087610.0,0.005592648027429301,002099
2023-04-11,7.29,7.75,7.26,7.72,27917053.0,211007958.0,1608087610.0,0.01736040550676216,002099
2023-04-12,7.63,7.76,7.43,7.47,23122896.0,175590876.0,1608087610.0,0.014379127017837045,002099
2023-04-13,7.48,7.56,7.37,7.53,11697285.0,87649952.0,1608087610.0,0.00727403465287566,002099
2023-04-14,7.51,7.65,7.49,7.53,8705163.0,65747575.0,1608087610.0,0.005413363641300613,002099
2023-04-17,7.58,7.78,7.5,7.7,12714069.0,97622159.0,1608087610.0,0.007906328561290265,002099
2023-04-18,7.67,7.84,7.67,7.68,14439768.0,111471150.0,1608087610.0,0.008979465988174612,002099
2023-04-19,7.73,7.77,7.65,7.67,7644097.0,58831328.0,1608087610.0,0.004753532675996428,002099
2023-04-20,7.68,7.69,7.58,7.62,8351736.0,63671662.0,1608087610.0,0.005193582705360189,002099
2023-04-21,7.63,7.76,7.59,7.6,10719967.0,82386885.0,1608087610.0,0.006666282939646553,002099
2023-04-24,7.75,7.8,7.69,7.75,13912799.0,107662253.0,1608087610.0,0.008651766802680608,002099
2023-04-25,7.56,7.64,7.32,7.42,18875937.0,140687542.0,1608087610.0,0.011738127252905083,002099
2023-04-26,7.47,7.56,7.38,7.55,8874740.0,66497712.0,1608087610.0,0.005518816229172986,002099
2023-04-27,7.6,7.74,7.51,7.66,10074968.0,76933263.0,1608087610.0,0.0062651860118491925,002099
2023-04-28,7.65,7.75,7.59,7.71,7153682.0,54961428.0,1608087610.0,0.004448564839076149,002099
2023-05-04,7.75,7.79,7.62,7.77,8271348.0,63997682.0,1608087610.0,0.005143592891683309,002099
2023-05-05,7.79,7.8,7.58,7.66,7146600.0,54774916.0,1608087610.0,0.004444160850166615,002099
2023-05-08,7.69,7.7,7.58,7.67,7182566.0,54882886.0,1608087610.0,0.004466526547020656,002099
2023-05-09,7.68,7.68,7.53,7.59,6709315.0,50891475.0,1608087610.0,0.004172232257917838,002099
2023-05-10,7.58,7.73,7.57,7.69,6141100.0,47026899.0,1608087610.0,0.0038188839723726246,002099
2023-05-11,7.7,7.74,7.67,7.68,5299141.0,40797492.0,1608087610.0,0.0032953061556142455,002099
2023-05-12,7.65,8.01,7.63,7.74,13220429.0,103808362.0,1608087610.0,0.00822121190275199,002099
2023-05-15,7.81,7.92,7.66,7.9,15121071.0,117828708.0,1608087610.0,0.009403138800379166,002099
2023-05-16,8.06,8.19,7.68,7.7,18096100.0,141162532.0,1608087610.0,0.01125318041596005,002099
2023-05-17,7.68,7.74,7.66,7.74,6463522.0,49773960.0,1608087610.0,0.00401938424237968,002099
2023-05-18,7.69,7.78,7.69,7.77,6029451.0,46661985.0,1608087610.0,0.0037494542974558457,002099
2023-05-19,7.74,8.05,7.74,8.03,14581774.0,115676676.0,1608087610.0,0.009067773365905108,002099
2023-05-22,8.1,8.33,7.95,8.3,18132915.0,148021612.0,1608087610.0,0.011276074069123634,002099
2023-05-23,8.33,8.5,8.28,8.33,17384628.0,145888980.0,1608087610.0,0.01081074680999501,002099
2023-05-24,8.26,8.64,8.18,8.55,20894635.0,176330999.0,1608087610.0,0.012993468061108935,002099
2023-05-25,8.55,8.7,8.5,8.67,17582832.0,151416689.0,1608087610.0,0.010934001288648696,002099
2023-05-26,8.67,9.42,8.63,9.3,39543408.0,364747144.0,1608087610.0,0.024590331866309198,002099
2023-05-29,9.35,9.58,9.24,9.32,34408480.0,322570067.0,1608087610.0,0.021397142659410204,002099
2023-05-30,9.27,9.49,9.23,9.35,19969546.0,186538154.0,1608087610.0,0.012418195299695145,002099
2023-05-31,9.36,9.45,9.25,9.31,20611222.0,192308233.0,1608087610.0,0.012817225797790955,002099
2023-06-01,9.35,9.38,8.75,8.84,34878517.0,312480321.0,1608087610.0,0.02168943830118808,002099
2023-06-02,8.85,8.93,8.44,8.49,24730253.0,213410016.0,1608087610.0,0.015378672683138203,002099
2023-06-05,8.55,8.88,8.53,8.82,22771821.0,199212430.0,1608087610.0,0.014160808688775358,002099
2023-06-06,8.82,8.83,8.61,8.75,14330578.0,125172087.0,1608087610.0,0.008911565458799847,002099
2023-06-07,8.76,9.06,8.68,9.0,18599040.0,166265870.0,1608087610.0,0.011565937007623608,002099
2023-06-08,9.0,9.18,8.97,9.16,16428416.0,149588197.0,1608087610.0,0.010216120003561249,002099
2023-06-09,9.24,9.29,8.32,8.92,46500091.0,410409095.0,1608087610.0,0.028916391564014352,002099
2023-06-12,8.96,9.14,8.69,8.86,18568170.0,164277169.0,1608087610.0,0.011546740292340167,002099
2023-06-13,8.77,9.06,8.77,9.03,16769902.0,150647651.0,1608087610.0,0.01042847534905141,002099
2023-06-14,8.99,9.11,8.93,8.98,9959769.0,89703933.0,1608087610.0,0.006193548745767652,002099
2023-06-15,8.96,9.08,8.83,9.02,9143691.0,81959120.0,1608087610.0,0.00568606520138539,002099
2023-06-16,9.25,9.25,8.75,8.82,17043215.0,152521773.0,1608087610.0,0.010598436860041475,002099
2023-06-19,8.78,9.02,8.76,8.91,9201055.0,82098994.0,1608087610.0,0.005721737387181286,002099
2023-06-20,8.93,9.09,8.86,8.99,10329896.0,93020038.0,1608087610.0,0.006423714688032451,002099
2023-06-21,8.99,9.05,8.88,8.92,9984819.0,89549867.0,1608087610.0,0.006209126255254215,002099
2023-06-26,8.88,8.98,8.75,8.8,9274982.0,82069170.0,1608087610.0,0.005767709384938299,002099
2023-06-27,8.81,8.88,8.73,8.76,8117064.0,71313106.0,1608087610.0,0.005047650357806065,002099
2023-06-28,8.72,8.8,8.45,8.51,17628794.0,151038174.0,1608087610.0,0.010962583064737375,002099
2023-06-29,8.51,8.52,8.22,8.27,16555885.0,138361523.0,1608087610.0,0.010295387450936208,002099
2023-06-30,8.27,8.81,8.22,8.59,18513536.0,159361888.0,1617188066.0,0.011447979606844317,002099
2023-07-03,8.59,8.66,8.34,8.35,14809286.0,125080447.0,1617188066.0,0.009157429683876978,002099
2023-07-04,8.35,8.52,8.27,8.42,10097485.0,84748465.0,1617188066.0,0.006243853273648879,002099
2023-07-05,8.42,8.48,8.33,8.41,5080737.0,42676281.0,1617188066.0,0.0031417106685475626,002099
2023-07-06,8.39,8.42,8.24,8.27,5623005.0,46803157.0,1617188066.0,0.003477026029451296,002099
2023-07-07,8.33,8.46,8.26,8.4,5937960.0,49673077.0,1617188066.0,0.003671780743897723,002099
2023-07-10,8.39,8.43,8.3,8.31,4402119.0,36774934.0,1617188066.0,0.002722082293674309,002099
2023-07-11,8.36,8.41,8.2,8.24,5764144.0,47626843.0,1617188066.0,0.0035643003563940474,002099
2023-07-12,8.24,8.26,8.1,8.15,6109500.0,49977717.0,1617188066.0,0.0037778537502514567,002099
2023-07-13,8.12,8.3,8.12,8.16,5093887.0,41758784.0,1617188066.0,0.0031498420666678357,002099
2023-07-14,8.15,8.22,8.1,8.12,3484200.0,28383943.0,1617188066.0,0.002154480405372964,002099
2023-07-17,8.0,8.12,7.96,8.05,8499299.0,68237490.0,1617188066.0,0.005255603339333571,002099
2023-07-18,8.05,8.05,7.85,7.89,6899714.0,54740142.0,1617188066.0,0.00426648832319543,002099
2023-07-19,7.85,8.0,7.84,7.88,5908786.0,46723497.0,1617188066.0,0.003653740788858876,002099
2023-07-20,7.86,7.93,7.74,7.74,6931754.0,54120038.0,1617188066.0,0.004286300490174406,002099
2023-07-21,7.78,7.87,7.74,7.85,4955398.0,38821661.0,1617188066.0,0.003064206386494569,002099
2023-07-24,7.88,8.08,7.84,8.06,7765600.0,61951220.0,1617188066.0,0.004801915227588626,002099
2023-07-25,8.1,8.19,8.07,8.16,6182340.0,50306100.0,1617188066.0,0.0038228948939077814,002099
2023-07-26,8.16,8.25,8.09,8.1,3915000.0,31910421.0,1617188066.0,0.00242086871793673,002099
2023-07-27,8.07,8.13,8.0,8.02,3756900.0,30251057.0,1617188066.0,0.0023231064333120053,002099
2023-07-28,8.02,8.12,7.98,8.07,3359540.0,27073885.0,1617188066.0,0.002077395987907321,002099
2023-07-31,8.11,8.14,7.88,7.91,7096247.0,56608344.0,1617188066.0,0.004388015932835854,002099
2023-08-01,7.91,7.96,7.87,7.89,3641100.0,28837224.0,1617188066.0,0.0022515006612718845,002099
2023-08-02,7.91,7.95,7.73,7.75,5768800.0,44897593.0,1617188066.0,0.0035671794278501682,002099
2023-08-03,7.75,8.02,7.75,7.98,8109241.0,64345457.0,1617188066.0,0.005014408138725407,002099
2023-08-04,7.99,8.09,7.88,7.94,5554171.0,44361416.0,1617188066.0,0.0034344620250246144,002099
2023-08-07,7.96,7.96,7.76,7.82,5502604.0,43010773.0,1617188066.0,0.0034025751956049868,002099
2023-08-08,7.86,7.96,7.75,7.92,5065448.0,39839380.0,1617188066.0,0.0031322566042235435,002099
2023-08-09,8.01,8.16,7.97,8.08,9688791.0,78221373.0,1617188066.0,0.005991134366928973,002099
2023-08-10,8.08,8.13,7.98,8.02,5325844.0,42903166.0,1617188066.0,0.003293274364294004,002099
2023-08-11,8.08,8.09,7.91,7.93,5457202.0,43790450.0,1617188066.0,0.0033745005387641786,002099
2023-08-14,7.8,7.97,7.77,7.85,4644583.0,36377428.0,1617188066.0,0.0028720116711521662,002099
2023-08-15,7.82,7.95,7.78,7.87,5213000.0,40918385.0,1617188066.0,0.003223496456348448,002099
2023-08-16,7.71,7.92,7.71,7.82,3697421.0,29062781.0,1617188066.0,0.002286327161160241,002099
2023-08-17,7.81,7.87,7.73,7.86,3629455.0,28290165.0,1617188066.0,0.002244299890845225,002099
2023-08-18,7.9,7.9,7.61,7.61,5535800.0,42716376.0,1617188066.0,0.003423102183589821,002099
2023-08-21,7.63,7.83,7.57,7.65,4481200.0,34487167.0,1617188066.0,0.002770982605062088,002099
2023-08-22,7.68,7.74,7.4,7.43,8686400.0,65096927.0,1617188066.0,0.005371298603189173,002099
2023-08-23,7.43,7.48,7.33,7.34,4737000.0,35011097.0,1617188066.0,0.002929158395112718,002099
2023-08-24,7.33,7.48,7.3,7.41,4318620.0,31879414.0,1617188066.0,0.002670450079861027,002099
2023-08-25,7.41,7.49,7.31,7.36,4210649.0,31200552.0,1617188066.0,0.002603685426899508,002099
2023-08-28,7.6,7.7,7.24,7.26,6987104.0,52011199.0,1617188066.0,0.0043205265651521324,002099
2023-08-29,7.28,7.51,7.26,7.49,5816500.0,43269522.0,1617188066.0,0.0035966750697008915,002099
2023-08-30,7.53,7.57,7.38,7.5,5273312.0,39371149.0,1617188066.0,0.003260790820107375,002099
2023-08-31,7.53,7.55,7.38,7.49,4309500.0,32151926.0,1617188066.0,0.002664810661544914,002099
2023-09-01,7.46,7.53,7.46,7.51,3449794.0,25839429.0,1617188066.0,0.0021332052050896102,002099
2023-09-04,7.52,7.77,7.48,7.76,9000800.0,69169839.0,1617188066.0,0.005565710129349916,002099
2023-09-05,7.72,7.98,7.67,7.77,9211140.0,71937404.0,1617188066.0,0.00569577539783799,002099
2023-09-06,7.76,7.85,7.66,7.74,4247700.0,33010679.0,1617188066.0,0.0026265961821659895,002099
2023-09-07,7.82,7.82,7.6,7.62,3756100.0,28782165.0,1617188066.0,0.0023226117474948026,002099
2023-09-08,7.57,7.74,7.57,7.69,2831070.0,21737889.0,1617188066.0,0.0017506127206357953,002099
2023-09-11,7.67,7.91,7.67,7.9,5760095.0,45175674.0,1617188066.0,0.003561796627801729,002099
2023-09-12,7.88,7.93,7.8,7.85,4847300.0,38123398.0,1617188066.0,0.002997363202159569,002099
2023-09-13,7.85,7.88,7.72,7.8,4105069.0,32004088.0,1617188066.0,0.0025383992661741545,002099
2023-09-14,7.8,7.86,7.74,7.84,3049900.0,23798430.0,1617188066.0,0.0018859278423589356,002099
2023-09-15,7.81,7.91,7.79,7.87,5499829.0,43258545.0,1617188066.0,0.003400859254176564,002099
2023-09-18,7.94,7.95,7.81,7.91,5668000.0,44630373.0,1617188066.0,0.0035048490148826016,002099
2023-09-19,7.9,7.97,7.84,7.88,4592900.0,36243471.0,1617188066.0,0.002840053112289044,002099
2023-09-20,7.88,7.95,7.86,7.89,3724400.0,29409204.0,1617188066.0,0.0023030098219881372,002099
2023-09-21,7.97,8.02,7.77,7.79,5593100.0,43718069.0,1617188066.0,0.0034585340552469794,002099
2023-09-22,7.73,7.85,7.69,7.85,5303278.0,41223495.0,1617188066.0,0.0032793205141052532,002099
2023-09-25,7.81,8.56,7.77,8.45,29077666.0,240579648.0,1617188066.0,0.01798038620945401,002099
2023-09-26,8.56,8.79,8.44,8.5,29511800.0,254028450.0,1617188066.0,0.01824883612516097,002099
2023-09-27,8.49,8.55,8.41,8.51,13351397.0,113331001.0,1617188066.0,0.008255933419681815,002099
2023-09-28,8.5,8.88,8.49,8.6,28307521.0,245965407.0,1617188066.0,0.01750416144859184,002099
2023-10-09,8.57,8.8,8.52,8.69,20110621.0,173933057.0,1617188066.0,0.0124355487298037,002099
2023-10-10,8.69,8.78,8.44,8.54,21923900.0,188338234.0,1617188066.0,0.013556802984718537,002099
2023-10-11,8.53,8.73,8.53,8.63,21924093.0,189353794.0,1617188066.0,0.013556922327671939,002099
2023-10-12,8.63,8.79,8.59,8.75,25545800.0,222312300.0,1617188066.0,0.015796431186377552,002099
2023-10-13,8.75,9.63,8.58,9.63,139761618.0,1305264201.0,1617188066.0,0.08642261276741328,002099
2023-10-16,9.55,10.11,9.44,9.9,140300954.0,1370813695.0,1617188066.0,0.08675611510479697,002099
2023-10-17,9.71,10.0,9.1,9.49,114279251.0,1095607098.0,1617188066.0,0.07066540583783902,002099
2023-10-18,9.27,9.48,8.54,8.54,57473078.0,508858324.0,1617188066.0,0.03553889569699558,002099
2023-10-19,7.99,8.15,7.69,7.69,64223927.0,497690677.0,1617188066.0,0.03971333226496862,002099
2023-10-20,7.27,7.38,6.92,6.92,64621554.0,454582234.0,1617188066.0,0.0399592078117648,002099
2023-10-23,6.84,7.03,6.62,6.82,48113540.0,326690743.0,1617188066.0,0.02975135731678099,002099
2023-10-24,6.84,6.97,6.72,6.83,32908244.0,225005023.0,1617188066.0,0.02034905196981586,002099
2023-10-25,6.85,7.09,6.81,6.93,33748103.0,234270223.0,1617188066.0,0.02086838488950363,002099
2023-10-26,6.85,6.91,6.71,6.76,21436200.0,145587311.0,1617188066.0,0.013255230143406216,002099
2023-10-27,6.74,7.11,6.65,7.04,31312420.0,215959740.0,1617188066.0,0.019362262595375844,002099
2023-10-30,6.96,7.29,6.96,7.24,32183754.0,230701073.0,1617188066.0,0.01990105831018419,002099
2023-10-31,7.11,7.38,7.1,7.21,24110032.0,175014576.0,1617188066.0,0.014908613603385322,002099
2023-11-01,7.2,7.28,7.12,7.16,15631911.0,112352655.0,1617188066.0,0.009666105834347655,002099
2023-11-02,7.18,7.21,7.11,7.17,11916046.0,85353161.0,1617188066.0,0.007368373691671801,002099
2023-11-03,7.13,7.34,7.13,7.26,12371475.0,89893740.0,1617188066.0,0.00764999152547543,002099
2023-11-06,7.3,7.5,7.28,7.46,16987441.0,126006830.0,1617188066.0,0.010504307666588976,002099
2023-11-07,7.49,7.49,7.3,7.33,14764500.0,108493658.0,1617188066.0,0.009129735935115416,002099
2023-11-08,7.33,7.45,7.26,7.36,13225361.0,97578871.0,1617188066.0,0.008177998142610582,002099
2023-11-09,7.45,7.55,7.23,7.23,13309400.0,97260657.0,1617188066.0,0.008229964269350477,002099
2023-11-10,7.16,7.29,7.15,7.22,8805518.0,63593049.0,1617188066.0,0.005444956084656143,002099
2023-11-13,7.22,7.32,7.2,7.28,8464956.0,61387865.0,1617188066.0,0.005234367095558322,002099
2023-11-14,7.33,7.33,7.23,7.26,9810491.0,71315328.0,1617188066.0,0.006066388446870965,002099
2023-11-15,7.29,7.31,7.2,7.22,10158687.0,73523234.0,1617188066.0,0.006281697975379445,002099
2023-11-16,7.21,7.24,7.1,7.11,8524971.0,60982881.0,1617188066.0,0.0052714778072076125,002099
2023-11-17,7.11,7.2,7.06,7.16,9085170.0,64763205.0,1617188066.0,0.005617880932346678,002099
2023-11-20,7.16,7.23,7.12,7.17,7382770.0,52931653.0,1617188066.0,0.0045651895133388895,002099
2023-11-21,7.17,7.33,7.14,7.23,10681258.0,77412750.0,1617188066.0,0.006604833553106371,002099
2023-11-22,7.23,7.29,7.2,7.2,6468605.0,46868418.0,1617188066.0,0.003999908938234769,002099
2023-11-23,7.2,7.3,7.18,7.26,7817243.0,56670260.0,1617188066.0,0.004833849052160888,002099
2023-11-24,7.23,7.32,7.19,7.26,9570278.0,69387834.0,1617188066.0,0.005917850991611262,002099
2023-11-27,7.26,7.27,7.12,7.12,9415020.0,67453606.0,1617188066.0,0.0058218460783521515,002099
2023-11-28,7.09,7.21,7.01,7.18,7571319.0,54003340.0,1617188066.0,0.004681780158523628,002099
2023-11-29,7.18,7.19,7.03,7.05,6934800.0,49189914.0,1617188066.0,0.0042881840064234065,002099
2023-11-30,7.06,7.09,6.98,7.05,8434900.0,59233687.0,1617188066.0,0.005215781749406009,002099
2023-12-01,7.05,7.11,7.01,7.08,5761100.0,40746386.0,1617188066.0,0.0035624180768595902,002099
2023-12-04,7.08,7.1,6.93,6.95,7587000.0,52954222.0,1617188066.0,0.004691476618898077,002099
2023-12-05,6.93,6.99,6.88,6.9,7470544.0,51695034.0,1617188066.0,0.00461946520448785,002099
2023-12-06,6.88,7.02,6.83,6.95,6792676.0,46974557.0,1617188066.0,0.004200300597568224,002099
2023-12-07,6.95,6.96,6.86,6.87,4910210.0,33841182.0,1617188066.0,0.0030362640581098623,002099
2023-12-08,6.88,6.93,6.8,6.82,6698587.0,45861787.0,1617188066.0,0.004142119980249718,002099
2023-12-11,6.8,6.93,6.75,6.91,8914504.0,61113925.0,1617188066.0,0.005512348370248238,002099
2023-12-12,6.94,7.02,6.91,6.95,6577700.0,45785756.0,1617188066.0,0.004067368624769458,002099
2023-12-13,6.96,7.1,6.93,6.97,7761279.0,54544971.0,1617188066.0,0.004799243305818459,002099
2023-12-14,6.97,7.14,6.97,7.01,11604917.0,81959323.0,1617188066.0,0.007175984812146146,002099
2023-12-15,6.99,7.01,6.78,6.78,9905781.0,67923866.0,1617188066.0,0.0061253117112725465,002099
2023-12-18,6.79,6.83,6.69,6.72,5913800.0,39943353.0,1617188066.0,0.0036568412322181953,002099
2023-12-19,6.72,6.79,6.63,6.76,9820020.0,65789125.0,1617188066.0,0.006072280773311124,002099
2023-12-20,6.8,6.87,6.67,6.79,6019120.0,40694760.0,1617188066.0,0.003721966620052958,002099
2023-12-21,6.76,6.76,6.5,6.73,11606209.0,76740339.0,1617188066.0,0.007176783729740929,002099
2023-12-22,6.72,6.72,6.57,6.69,7346461.0,48656439.0,1617188066.0,0.004542737579167864,002099
2023-12-25,6.62,6.8,6.55,6.8,8694132.0,57990335.0,1617188066.0,0.005376079741612439,002099
2023-12-26,6.78,6.79,6.6,6.69,11088087.0,73807375.0,1617188066.0,0.006856399223514923,002099
2023-12-27,6.62,6.8,6.58,6.79,12696605.0,85203923.0,1617188066.0,0.007851038025159407,002099
2023-12-28,6.77,6.95,6.75,6.94,8397271.0,57751794.0,1617188066.0,0.005192513583636598,002099
2023-12-29,6.93,7.2,6.92,7.19,11814216.0,83950275.0,1617188066.0,0.007305406370714586,002099
2024-01-02,7.19,7.29,7.19,7.2,7724388.0,55835227.0,1617129003.0,0.0047766059390872235,002099
2024-01-03,7.16,7.33,7.12,7.26,9042200.0,65756989.0,1617129003.0,0.005591514333875317,002099
2024-01-04,7.28,7.3,7.19,7.29,5783100.0,41865034.0,1617129003.0,0.003576152545202975,002099
2024-01-05,7.28,7.29,7.09,7.13,7337217.0,52643452.0,1617129003.0,0.004537187191861898,002099
2024-01-08,7.1,7.12,6.87,7.0,6299690.0,43907062.0,1617129003.0,0.0038956013950112796,002099
2024-01-09,7.0,7.01,6.87,6.97,5081253.0,35281618.0,1617129003.0,0.00314214449841266,002099
2024-01-10,6.94,7.0,6.86,6.91,4479700.0,30997087.0,1617129003.0,0.0027701562408994776,002099
2024-01-11,6.91,6.97,6.87,6.92,4974655.0,34451757.0,1617129003.0,0.0030762264425233366,002099
2024-01-12,6.91,7.0,6.85,6.89,5001246.0,34566084.0,1617129003.0,0.0030926697812740916,002099
2024-01-15,6.81,6.9,6.81,6.86,4051400.0,27819485.0,1617129003.0,0.0025053041485769457,002099
2024-01-16,6.86,6.89,6.75,6.87,4062800.0,27721575.0,1617129003.0,0.0025123536789352853,002099
2024-01-17,6.85,6.89,6.66,6.66,4077078.0,27558827.0,1617129003.0,0.0025211829065191777,002099
2024-01-18,6.67,6.68,6.21,6.48,12791306.0,81788081.0,1617129003.0,0.007909885962264199,002099
2024-01-19,6.46,6.51,6.36,6.45,4672912.0,30063554.0,1617129003.0,0.0028896346496359265,002099
2024-01-22,6.43,6.43,5.81,5.81,13751031.0,83453203.0,1617129003.0,0.008503360569558718,002099
2024-01-23,5.75,5.99,5.67,5.88,12960854.0,75852053.0,1617129003.0,0.008014731030088389,002099
2024-01-24,5.9,6.03,5.77,6.03,9670207.0,57168363.0,1617129003.0,0.005979861212098983,002099
2024-01-25,6.02,6.35,5.94,6.34,8996596.0,55750458.0,1617129003.0,0.0055633137389225346,002099
2024-01-26,6.32,6.41,6.23,6.28,7140775.0,45091673.0,1617129003.0,0.004415711416190586,002099
2024-01-29,6.26,6.27,5.65,5.65,19776100.0,113679422.0,1617129003.0,0.012229141870136875,002099
2024-01-30,5.2,5.28,5.09,5.09,31858300.0,163614306.0,1617129003.0,0.019700530966236092,002099
2024-01-31,4.58,5.25,4.58,4.82,39396340.0,192200324.0,1617129003.0,0.024361903055918416,002099
2024-02-01,4.82,4.94,4.34,4.34,52470099.0,237724992.0,1617129003.0,0.03244645226364789,002099
2024-02-02,3.91,4.48,3.91,4.37,65662884.0,280055801.0,1617129003.0,0.04060460475211698,002099
2024-02-05,4.4,4.51,4.0,4.22,58964558.0,249861960.0,1617129003.0,0.0364624948848314,002099
2024-02-06,4.09,4.44,3.95,4.3,45095346.0,188918448.0,1617129003.0,0.02788605356551137,002099
2024-02-07,4.33,4.73,4.29,4.68,52703268.0,242543628.0,1617129003.0,0.032590639276290315,002099
2024-02-08,4.69,4.88,4.66,4.69,35776467.0,169654884.0,1617129003.0,0.022123446511459297,002099
2024-02-19,4.75,5.11,4.75,5.0,27362331.0,135452472.0,1617129003.0,0.016920314303459437,002099
2024-02-20,5.0,5.09,4.9,5.08,15901751.0,80019329.0,1617129003.0,0.009833322493443647,002099
2024-02-21,5.08,5.33,4.97,5.19,19014739.0,98866887.0,1617129003.0,0.01175833156459689,002099
2024-02-22,5.18,5.34,5.16,5.26,12833300.0,67251135.0,1617129003.0,0.007935854205936841,002099
2024-02-23,5.26,5.34,5.22,5.29,10328150.0,54423428.0,1617129003.0,0.006386719909691707,002099
2024-02-26,5.31,5.54,5.26,5.41,15538581.0,83732227.0,1617129003.0,0.009608745481142052,002099
2024-02-27,5.4,5.67,5.38,5.67,12657665.0,70267251.0,1617129003.0,0.007827245059929211,002099
2024-02-28,5.69,5.85,5.48,5.49,23004373.0,130402926.0,1617129003.0,0.014225440862988468,002099
2024-02-29,5.46,5.59,5.42,5.55,13874844.0,76477799.0,1617129003.0,0.008579924034668989,002099
2024-03-01,5.55,5.65,5.47,5.56,8246936.0,45601846.0,1617129003.0,0.005099739096077544,002099
2024-03-04,5.58,5.62,5.51,5.6,9171623.0,51044188.0,1617129003.0,0.0056715469099777194,002099
2024-03-05,5.61,5.63,5.5,5.59,10844744.0,60527136.0,1617129003.0,0.006706171233019435,002099
2024-03-06,5.58,5.6,5.46,5.54,7544057.0,41712631.0,1617129003.0,0.004665092881275842,002099
2024-03-07,5.5,5.59,5.43,5.43,6563400.0,36139225.0,1617129003.0,0.0040586743468356435,002099
2024-03-08,5.4,5.5,5.4,5.5,7262800.0,39603427.0,1617129003.0,0.00449116921811834,002099
2024-03-11,5.43,5.55,5.41,5.55,8346692.0,45724075.0,1617129003.0,0.005161426196992152,002099
2024-03-12,5.57,5.67,5.56,5.64,11752205.0,65965822.0,1617129003.0,0.007267326835520246,002099
2024-03-13,5.66,5.66,5.54,5.6,6765681.0,37808346.0,1617129003.0,0.004183760842486108,002099
2024-03-14,5.65,5.72,5.54,5.6,10803785.0,60812841.0,1617129003.0,0.006680843012497748,002099
2024-03-15,5.57,5.72,5.56,5.72,9967047.0,56294029.0,1617129003.0,0.0061634210885524515,002099
2024-03-18,5.71,5.8,5.67,5.78,9406999.0,54013924.0,1617129003.0,0.005817098686962329,002099
2024-03-19,5.77,5.87,5.74,5.79,8456992.0,49155991.0,1617129003.0,0.0052296334951083675,002099
2024-03-20,5.78,5.94,5.74,5.94,10891854.0,63877877.0,1617129003.0,0.006735303108035346,002099
2024-03-21,5.95,6.04,5.91,5.93,8494602.0,50587281.0,1617129003.0,0.005252890761492329,002099
2024-03-22,5.91,5.95,5.78,5.85,8957939.0,52295350.0,1617129003.0,0.005539409028829347,002099
2024-03-25,5.88,5.89,5.68,5.69,6423208.0,37160088.0,1617129003.0,0.003971982438064034,002099
2024-03-26,5.69,5.75,5.56,5.61,6837064.0,38550119.0,1617129003.0,0.004227902651746578,002099
2024-03-27,5.66,5.7,5.54,5.54,8011301.0,45128659.0,1617129003.0,0.004954027158710232,002099
2024-03-28,5.54,5.67,5.49,5.56,7222300.0,40324840.0,1617129003.0,0.004466124833950554,002099
2024-03-29,5.65,5.65,5.52,5.6,6266871.0,34943796.0,1617129003.0,0.0038753067865173896,002099
2024-04-01,5.69,6.16,5.67,6.15,32472568.0,195541851.0,1617129003.0,0.02008038192361825,002099
2024-04-02,6.14,6.24,6.07,6.13,23773624.0,146476894.0,1617129003.0,0.01470113018559225,002099
2024-04-03,6.13,6.29,6.1,6.16,13438456.0,83275795.0,1617129003.0,0.008310070486071172,002099
2024-04-08,6.16,6.28,5.76,5.77,17509379.0,104391618.0,1617129003.0,0.010827447264576703,002099
2024-04-09,5.75,5.87,5.71,5.87,8835820.0,51229502.0,1617129003.0,0.00546389309919513,002099
2024-04-10,5.86,5.88,5.67,5.72,7097802.0,40830344.0,1617129003.0,0.0043891377786389255,002099
2024-04-11,5.72,5.84,5.65,5.71,6819900.0,39201387.0,1617129003.0,0.004217288779898285,002099
2024-04-12,5.66,5.74,5.61,5.61,5766300.0,32666728.0,1617129003.0,0.0035657637636222644,002099
2024-04-15,5.6,5.65,5.16,5.39,16842503.0,90305520.0,1617129003.0,0.010415064579730378,002099
2024-04-16,5.37,5.48,5.05,5.16,19042400.0,98823661.0,1617129003.0,0.01177543656979356,002099
2024-04-17,5.2,5.68,5.2,5.64,14668383.0,80589249.0,1617129003.0,0.009070632567215171,002099
2024-04-18,5.73,5.75,5.54,5.61,10483190.0,58923771.0,1617129003.0,0.006482593522565126,002099
2024-04-19,5.55,5.67,5.48,5.51,8129179.0,45048379.0,1617129003.0,0.005026920539375175,002099
2024-04-22,5.47,5.57,5.36,5.45,6364100.0,34842000.0,1617129003.0,0.003935431241535899,002099
2024-04-23,5.5,5.64,5.46,5.59,6941300.0,38482182.0,1617129003.0,0.004292360094416042,002099
2024-04-24,5.63,5.78,5.56,5.75,6210408.0,35246355.0,1617129003.0,0.0038403912047083604,002099
2024-04-25,5.74,5.99,5.73,5.96,9609300.0,56818053.0,1617129003.0,0.005942197550209914,002099
2024-04-26,5.97,6.0,5.87,5.93,9919920.0,58906667.0,1617129003.0,0.006134278701078989,002099
2024-04-29,5.94,6.28,5.94,6.24,15340404.0,94233672.0,1617129003.0,0.009486196816420588,002099
2024-04-30,6.24,6.38,6.23,6.34,10357410.0,65293795.0,1617129003.0,0.006404813704278112,002099
2024-05-06,6.42,6.47,6.34,6.44,10814900.0,69398497.0,1617129003.0,0.0066877163045971294,002099
2024-05-07,6.45,6.61,6.42,6.56,10954415.0,71620567.0,1617129003.0,0.0067739895702062305,002099
2024-05-08,6.55,6.62,6.46,6.48,10090300.0,66001128.0,1617129003.0,0.006239638260943366,002099
2024-05-09,6.56,6.58,6.39,6.42,8125483.0,52570339.0,1617129003.0,0.005024635007427419,002099
2024-05-10,6.42,6.45,6.31,6.34,9970557.0,63506832.0,1617129003.0,0.006165591601846992,002099
2024-05-13,6.36,6.39,6.29,6.31,6441287.0,40797586.0,1617129003.0,0.003983162127480562,002099
2024-05-14,6.31,6.42,6.28,6.36,5899252.0,37661871.0,1617129003.0,0.003647978602236472,002099
2024-05-15,6.37,6.42,6.3,6.33,5132277.0,32589731.0,1617129003.0,0.003173696712184934,002099
2024-05-16,6.33,6.39,6.24,6.26,6637750.0,41880905.0,1617129003.0,0.004104650889128849,002099
2024-05-17,6.23,6.32,6.19,6.3,5848410.0,36576242.0,1617129003.0,0.0036165389335979896,002099
2024-05-20,6.22,6.36,6.22,6.28,5121400.0,32259877.0,1617129003.0,0.0031669705944912794,002099
2024-05-21,6.27,6.3,6.15,6.19,5991800.0,37115616.0,1617129003.0,0.0037052084211490702,002099
2024-05-22,6.19,6.27,6.16,6.17,4632552.0,28685163.0,1617129003.0,0.00286467683864798,002099
2024-05-23,6.16,6.21,5.95,5.99,8037700.0,48543934.0,1617129003.0,0.004970351768528636,002099
2024-05-24,5.97,6.06,5.89,5.9,6591400.0,39282541.0,1617129003.0,0.004075988982803495,002099
2024-05-27,5.97,5.97,5.81,5.93,6071200.0,35672577.0,1617129003.0,0.0037543077817150496,002099
2024-05-28,5.93,5.96,5.78,5.81,7485010.0,43844569.0,1617129003.0,0.0046285794059189225,002099
2024-05-29,5.78,5.88,5.71,5.82,7680400.0,44532490.0,1617129003.0,0.004749404645981728,002099
2024-05-30,5.77,5.86,5.72,5.84,5647738.0,32800054.0,1617129003.0,0.0034924474111358204,002099
2024-05-31,5.88,6.18,5.86,6.09,10880072.0,65808093.0,1617129003.0,0.006728017356572016,002099
2024-06-03,5.97,6.06,5.58,5.64,18521572.0,106034824.0,1617129003.0,0.01145336702615555,002099
2024-06-04,5.57,5.69,5.51,5.65,11321502.0,63241584.0,1617129003.0,0.007000988776403759,002099
2024-06-05,5.62,5.79,5.6,5.7,7602922.0,43349446.0,1617129003.0,0.004701493811498971,002099
2024-06-06,5.68,5.75,5.41,5.42,8053507.0,44421291.0,1617129003.0,0.004980126498912344,002099
2024-06-07,5.49,5.62,5.42,5.51,6171900.0,34024150.0,1617129003.0,0.0038165786332137164,002099
2024-06-11,5.53,5.78,5.39,5.73,11996261.0,67006886.0,1617129003.0,0.007418246149654889,002099
2024-06-12,5.73,6.28,5.69,6.12,25102107.0,152933682.0,1617129003.0,0.015522637311823663,002099
2024-06-13,6.14,6.15,5.85,5.88,15685023.0,93559546.0,1617129003.0,0.009699302264013627,002099
2024-06-14,5.88,5.98,5.78,5.89,17056784.0,100318469.0,1617129003.0,0.01054757163365278,002099
2024-06-17,5.81,5.87,5.63,5.7,13311862.0,76127693.0,1617129003.0,0.00823178730658138,002099
2024-06-18,5.74,5.78,5.63,5.67,10251384.0,58454651.0,1617129003.0,0.006339249361666417,002099
2024-06-19,5.68,5.71,5.33,5.34,15046213.0,82349603.0,1617129003.0,0.00930427502820565,002099
2024-06-20,5.36,5.59,5.27,5.28,14119306.0,76307024.0,1617129003.0,0.008731094411025167,002099
2024-06-21,5.27,5.45,5.16,5.36,7632300.0,40678083.0,1617129003.0,0.004719660574908383,002099
2024-06-24,5.34,5.36,5.18,5.2,10364996.0,54414348.0,1617129003.0,0.006409504733865688,002099
2024-06-25,5.21,5.42,5.2,5.24,9783266.0,51839582.0,1617129003.0,0.006049774620237889,002099
2024-06-26,5.25,5.47,5.2,5.45,7742753.0,41256656.0,1617129003.0,0.004787962485142566,002099
2024-06-27,5.46,5.49,5.22,5.24,8942252.0,47340145.0,1617129003.0,0.005529708504028358,002099
2024-06-28,5.25,5.33,5.08,5.11,10707248.0,55648786.0,1617129003.0,0.006621146476339587,002099
2024-07-01,5.13,5.22,5.06,5.19,6932744.0,35697872.0,1616534441.0,0.004288646022110951,002099
2024-07-02,5.18,5.32,5.16,5.27,7419792.0,39082463.0,1616534441.0,0.0045899374685825205,002099
2024-07-03,5.25,5.32,5.19,5.21,5428944.0,28458532.0,1616534441.0,0.003358384369863234,002099
2024-07-04,5.19,5.24,5.0,5.05,7125500.0,36304744.0,1616534441.0,0.004407886290125754,002099
2024-07-05,5.05,5.27,4.94,5.25,8204357.0,42243180.0,1616534441.0,0.005075275102041578,002099
2024-07-08,5.25,5.27,5.02,5.05,9617000.0,48985107.0,1616534441.0,0.005949146368976125,002099
2024-07-09,5.02,5.09,4.89,5.04,9688700.0,48442426.0,1616534441.0,0.005993500512124258,002099
2024-07-10,5.04,5.1,4.94,5.01,6167800.0,30978941.0,1616534441.0,0.0038154460824135327,002099
2024-07-11,5.07,5.2,5.06,5.15,7406900.0,38041280.0,1616534441.0,0.004581962383318006,002099
2024-07-12,5.14,5.29,5.12,5.25,7247100.0,37881003.0,1616534441.0,0.004483108937361638,002099
2024-07-15,5.26,5.26,5.08,5.11,5952600.0,30506886.0,1616534441.0,0.003682321792239501,002099
2024-07-16,5.08,5.12,4.99,5.03,6894800.0,34809467.0,1616534441.0,0.0042651735868583325,002099
2024-07-17,5.0,5.1,4.96,5.06,8313500.0,41741702.0,1616534441.0,0.005142791758186858,002099
2024-07-18,4.99,5.12,4.96,5.11,9227400.0,46606510.0,1616534441.0,0.005708136966319049,002099
2024-07-19,5.11,5.13,5.03,5.09,4690500.0,23855605.0,1616534441.0,0.0029015775235190304,002099
2024-07-22,5.05,5.16,5.04,5.13,5105900.0,26095580.0,1616534441.0,0.0031585469944218777,002099
2024-07-23,5.14,5.15,4.97,4.99,8689700.0,43671974.0,1616534441.0,0.005375511823072874,002099
2024-07-24,4.99,5.03,4.88,4.89,7393200.0,36381305.0,1616534441.0,0.004573487463358041,002099
2024-07-25,4.83,4.95,4.8,4.88,4685100.0,22852060.0,1616534441.0,0.0028982370441187526,002099
2024-07-26,4.89,4.97,4.88,4.96,5142900.0,25406375.0,1616534441.0,0.0031814354643867437,002099
2024-07-29,4.95,5.0,4.87,4.9,4485100.0,22024054.0,1616534441.0,0.0027745155848492064,002099
2024-07-30,4.91,4.96,4.86,4.95,4259146.0,21017476.0,1616534441.0,0.0026347387918102512,002099
2024-07-31,4.93,5.31,4.92,5.28,13889143.0,71984749.0,1616534441.0,0.008591925199817007,002099
2024-08-01,5.29,5.4,5.24,5.32,7069300.0,37618049.0,1616534441.0,0.004373120560071012,002099
2024-08-02,5.3,5.42,5.29,5.32,6626452.0,35541967.0,1616534441.0,0.004099171556098012,002099
2024-08-05,5.3,5.42,5.19,5.2,7773300.0,41221971.0,1616534441.0,0.004808620096699814,002099
2024-08-06,5.25,5.38,5.2,5.36,8832146.0,46671781.0,1616534441.0,0.005463629958008424,002099
2024-08-07,5.38,5.5,5.24,5.48,14317107.0,77188459.0,1616534441.0,0.008856666852791168,002099
2024-08-08,5.54,5.83,5.47,5.57,27605446.0,155031133.0,1616534441.0,0.017076930314533275,002099
2024-08-09,5.53,5.64,5.49,5.5,11040914.0,61427127.0,1616534441.0,0.0068299899587478076,002099
2024-08-12,5.42,5.56,5.42,5.46,5850065.0,32138727.0,1616534441.0,0.0036188928931084863,002099
2024-08-13,5.46,5.53,5.38,5.48,5832826.0,31788583.0,1616534441.0,0.003608228721926748,002099
2024-08-14,5.48,5.49,5.35,5.38,5419904.0,29262313.0,1616534441.0,0.0033527921599042503,002099
2024-08-15,5.35,5.5,5.34,5.38,6638800.0,35885972.0,1616534441.0,0.004106810118993314,002099
2024-08-16,5.38,5.44,5.35,5.37,3990500.0,21495536.0,1616534441.0,0.002468552416075619,002099
2024-08-19,5.39,5.41,5.32,5.33,5909600.0,31733433.0,1616534441.0,0.0036557216784965487,002099
2024-08-20,5.35,5.35,5.17,5.22,5254200.0,27492569.0,1616534441.0,0.003250286456470246,002099
2024-08-21,5.22,5.27,5.17,5.22,3096276.0,16168185.0,1616534441.0,0.0019153789251063658,002099
2024-08-22,5.21,5.27,5.18,5.19,4196999.0,21866164.0,1616534441.0,0.002596294204164129,002099
2024-08-23,5.22,5.28,5.12,5.15,6720300.0,34819395.0,1616534441.0,0.004157226613645654,002099
2024-08-26,5.14,5.25,5.13,5.24,5585711.0,29040207.0,1616534441.0,0.0034553615798897787,002099
2024-08-27,5.23,5.33,5.2,5.27,4843800.0,25570696.0,1616534441.0,0.0029964100220491374,002099
2024-08-28,5.26,5.43,5.23,5.4,5474400.0,29311111.0,1616534441.0,0.003386503783126016,002099
2024-08-29,5.4,5.45,5.36,5.4,5934300.0,32084025.0,1616534441.0,0.0036710012787163375,002099
2024-08-30,5.37,5.49,5.37,5.43,7550882.0,41205737.0,1616534441.0,0.004671030699060745,002099
2024-09-02,5.56,5.8,5.52,5.64,18717468.0,106323354.0,1616534441.0,0.011578762273955163,002099
2024-09-03,5.61,5.73,5.56,5.57,8562810.0,48253410.0,1616534441.0,0.005297016743239311,002099
2024-09-04,5.55,5.63,5.53,5.56,6424110.0,35864982.0,1616534441.0,0.003974001318540419,002099
2024-09-05,5.58,5.62,5.53,5.57,4655500.0,25950543.0,1616534441.0,0.00287992626814686,002099
2024-09-06,5.58,5.61,5.32,5.33,6608800.0,35754348.0,1616534441.0,0.004088251900102882,002099
2024-09-09,5.33,5.5,5.32,5.4,6563511.0,35525165.0,1616534441.0,0.004060235794258589,002099
2024-09-10,5.4,5.48,5.29,5.41,4880310.0,26131261.0,1616534441.0,0.003018995374438793,002099
2024-09-11,5.38,5.45,5.31,5.36,5208589.0,27914785.0,1616534441.0,0.0032220711590765297,002099
2024-09-12,5.39,5.45,5.32,5.34,3092735.0,16639016.0,1616534441.0,0.0019131884366699985,002099
2024-09-13,5.33,5.37,5.26,5.28,3045201.0,16156945.0,1616534441.0,0.0018837835574454056,002099
2024-09-18,5.28,5.28,5.09,5.17,5267700.0,27097274.0,1616534441.0,0.0032586376549709403,002099
2024-09-19,5.22,5.38,5.16,5.29,6219602.0,32786845.0,1616534441.0,0.003847491177578938,002099
2024-09-20,5.26,5.3,5.14,5.18,4384010.0,22807638.0,1616534441.0,0.002711980573261414,002099
2024-09-23,5.24,5.27,5.17,5.24,3712800.0,19415279.0,1616534441.0,0.002296765169879854,002099
2024-09-24,5.3,5.43,5.21,5.42,9280700.0,49624019.0,1616534441.0,0.005741108735214383,002099
2024-09-25,5.48,5.62,5.43,5.52,7576289.0,42052523.0,1616534441.0,0.004686747654639051,002099
2024-09-26,5.5,5.68,5.4,5.67,9359018.0,51900601.0,1616534441.0,0.0057895568214497446,002099
2024-09-27,5.78,5.97,5.72,5.84,13544997.0,78805110.0,1616534441.0,0.008379033973208121,002099
2024-09-30,6.09,6.42,6.07,6.42,21965431.0,139211261.0,1616534441.0,0.013587975884022628,002099
2024-10-08,7.05,7.06,6.48,6.86,32711765.0,221752813.0,1616534441.0,0.02023573650541232,002099
2024-10-09,6.68,6.78,6.17,6.17,27394124.0,176932374.0,1616534441.0,0.016946204983454477,002099
2024-10-10,6.22,6.46,6.18,6.22,20289013.0,128106705.0,1616534441.0,0.012550931477493959,002099
2024-10-11,6.22,6.25,5.8,5.89,15890400.0,95023981.0,1616534441.0,0.009829917381883978,002099
2024-10-14,5.91,6.05,5.78,6.03,12337468.0,72974305.0,1616534441.0,0.007632047723256643,002099
2024-10-15,6.08,6.08,5.88,5.89,11143042.0,66693330.0,1616534441.0,0.006893167084709209,002099
2024-10-16,5.86,5.96,5.81,5.88,10702203.0,62987576.0,1616534441.0,0.006620460862794571,002099
2024-10-17,5.94,5.95,5.75,5.75,9520400.0,55583043.0,1616534441.0,0.005889388904148934,002099
2024-10-18,5.74,6.14,5.72,5.97,17842855.0,105781505.0,1616534441.0,0.011037720290674586,002099
2024-10-21,5.98,6.03,5.86,5.94,14056611.0,83478014.0,1616534441.0,0.00869552212652177,002099
2024-10-22,6.0,6.07,5.92,6.02,10911790.0,65397655.0,1616534441.0,0.0067501129102142034,002099
2024-10-23,6.03,6.05,5.93,5.95,11278722.0,67490142.0,1616534441.0,0.006977099722677668,002099
2024-10-24,5.98,6.05,5.93,6.0,8870102.0,53066056.0,1616534441.0,0.005487109816548597,002099
2024-10-25,6.02,6.27,6.0,6.17,14877701.0,91334724.0,1616534441.0,0.009203454391479928,002099
2024-10-28,6.17,6.27,6.08,6.25,11350704.0,70504090.0,1616534441.0,0.007021628313083371,002099
2024-10-29,6.29,6.35,6.02,6.04,13813541.0,85003204.0,1616534441.0,0.008545157250998527,002099
2024-10-30,6.05,6.08,5.87,5.96,11505701.0,68675009.0,1616534441.0,0.00711751058819538,002099
2024-10-31,5.96,6.06,5.91,5.94,11222369.0,67037008.0,1616534441.0,0.006942239345706585,002099
2024-11-01,5.91,5.94,5.75,5.79,15313307.0,89161783.0,1616534441.0,0.009472923441412777,002099
2024-11-04,5.82,5.95,5.79,5.95,10032646.0,58934955.0,1616534441.0,0.006206268017273874,002099
2024-11-05,5.96,6.32,5.93,6.25,19735434.0,121612661.0,1616534441.0,0.012208483468989078,002099
2024-11-06,6.3,6.31,6.11,6.16,15771974.0,97288684.0,1616534441.0,0.009756658194206702,002099
2024-11-07,6.11,6.34,6.11,6.34,15339843.0,96105527.0,1616534441.0,0.00948933880462866,002099
2024-11-08,6.4,6.43,6.14,6.19,14680741.0,91427274.0,1616534441.0,0.009081613498391278,002099
2024-11-11,6.17,6.19,6.05,6.17,13830782.0,84838285.0,1616534441.0,0.008555822659394858,002099
2024-11-12,6.19,6.38,6.14,6.2,21208500.0,133218131.0,1616534441.0,0.013119732844590844,002099
2024-11-13,6.19,6.25,5.95,6.04,15291152.0,92678308.0,1616534441.0,0.009459218196762193,002099
2024-11-14,6.01,6.05,5.81,5.82,13422090.0,79101802.0,1616534441.0,0.008303002806235912,002099
2024-11-15,5.78,6.03,5.77,5.89,16669921.0,98844144.0,1616534441.0,0.010312134760140257,002099
2024-11-18,5.9,6.01,5.76,5.79,15845900.0,93220640.0,1616534441.0,0.009802389357196505,002099
2024-11-19,5.82,5.91,5.76,5.91,11402036.0,66586800.0,1616534441.0,0.007053382662819492,002099
2024-11-20,5.88,6.03,5.86,6.02,14302470.0,85373008.0,1616534441.0,0.008847612297794526,002099
2024-11-21,6.02,6.04,5.92,6.04,9989719.0,59781080.0,1616534441.0,0.006179713061863555,002099
2024-11-22,6.13,6.14,5.72,5.73,16661926.0,98387897.0,1616534441.0,0.010307188994805956,002099
2024-11-25,5.73,5.81,5.64,5.76,11438910.0,65540115.0,1616534441.0,0.007076193188265019,002099
2024-11-26,5.78,5.9,5.73,5.78,11180510.0,64866678.0,1616534441.0,0.006916345062888765,002099
2024-11-27,5.73,5.89,5.64,5.89,10876920.0,62625862.0,1616534441.0,0.0067285420737905575,002099
2024-11-28,5.9,5.96,5.85,5.91,9831728.0,58053810.0,1616534441.0,0.006081978676506281,002099
2024-11-29,5.88,6.0,5.85,5.9,12242248.0,72667966.0,1616534441.0,0.007573143936498412,002099
2024-12-02,5.93,6.06,5.9,6.01,12658598.0,75896675.0,1616534441.0,0.00783070108433279,002099
2024-12-03,6.07,6.08,5.95,6.02,13032802.0,78272118.0,1616534441.0,0.008062186409055296,002099
2024-12-04,5.98,6.02,5.81,5.84,11588400.0,68278189.0,1616534441.0,0.007168668792996041,002099
2024-12-05,5.82,5.89,5.8,5.88,6896840.0,40369302.0,1616534441.0,0.004266435545742882,002099
2024-12-06,5.88,5.97,5.81,5.97,10801301.0,63768314.0,1616534441.0,0.0066817636086480385,002099
2024-12-09,6.01,6.09,5.87,5.95,11208700.0,66968804.0,1616534441.0,0.006933783602572807,002099
2024-12-10,6.05,6.12,5.92,5.92,15744205.0,94833963.0,1616534441.0,0.009739480088194422,002099
2024-12-11,5.95,6.01,5.92,5.95,9599824.0,57246972.0,1616534441.0,0.005938521170054056,002099
2024-12-12,5.96,5.98,5.88,5.94,11868800.0,70281453.0,1616534441.0,0.007342126278891945,002099
2024-12-13,5.93,5.94,5.72,5.73,16638496.0,96296573.0,1616534441.0,0.01029269502585253,002099
2024-12-16,5.76,5.84,5.72,5.74,10419940.0,60156758.0,1616534441.0,0.006445850911505572,002099
2024-12-17,5.73,5.75,5.53,5.58,13076968.0,73451784.0,1616534441.0,0.00808950781890579,002099
2024-12-18,5.6,5.62,5.47,5.47,10900317.0,60373095.0,1616534441.0,0.006743015628703206,002099
2024-12-19,5.45,5.51,5.34,5.48,10960598.0,59399688.0,1616534441.0,0.006780305895134343,002099
2024-12-20,5.47,5.5,5.4,5.4,8610100.0,46777779.0,1616534441.0,0.005326270682283595,002099
2024-12-23,5.4,5.41,5.27,5.28,10802446.0,57411876.0,1616534441.0,0.006682471914002357,002099
2024-12-24,5.3,5.35,5.23,5.3,8738100.0,46251109.0,1616534441.0,0.005405452416216105,002099
2024-12-25,5.31,5.39,5.18,5.25,8555049.0,44841232.0,1616534441.0,0.005292215732012356,002099
2024-12-26,5.23,5.29,5.19,5.2,7567400.0,39606580.0,1616534441.0,0.004681248854381816,002099
2024-12-27,5.21,5.38,5.17,5.34,9195737.0,48763254.0,1616534441.0,0.005688550003494791,002099
2024-12-30,5.35,5.38,5.24,5.29,7106161.0,37498171.0,1616534441.0,0.004395923043621686,002099
2024-12-31,5.29,5.33,5.16,5.16,7944806.0,41487777.0,1615653566.0,0.004917394525157753,002099
