日期,开盘,最高,最低,收盘,成交量,成交额,outstanding_share,换手率,股票代码
2020-01-02,5.8,6.49,5.8,6.49,30971729.0,193155897.0,368500000.0,0.08404811126187245,002105
2020-01-03,6.66,7.14,6.6,7.14,34210775.0,239277373.0,368500000.0,0.09283792401628223,002105
2020-01-06,7.28,7.37,6.43,6.98,45118676.0,313200490.0,368500000.0,0.1224387408412483,002105
2020-01-07,6.7,7.68,6.7,7.21,40793493.0,293548107.0,368500000.0,0.11070147354138399,002105
2020-01-08,7.1,7.61,7.05,7.33,31032937.0,228017334.0,368500000.0,0.08421421166892809,002105
2020-01-09,7.28,7.88,7.0,7.32,28110656.0,205897057.0,368500000.0,0.07628400542740842,002105
2020-01-10,7.48,8.05,7.13,8.05,33384005.0,252857574.0,368500000.0,0.09059431478968792,002105
2020-01-13,8.02,8.85,7.52,8.44,41427664.0,335596791.0,368500000.0,0.11242242605156039,002105
2020-01-14,8.3,8.5,8.02,8.02,22218123.0,183322204.0,368500000.0,0.06029341383989145,002105
2020-01-15,7.47,7.69,7.22,7.22,15564800.0,114369528.0,368500000.0,0.04223826322930801,002105
2020-01-16,6.8,7.36,6.8,7.0,32270992.0,227239813.0,368500000.0,0.08757392672998643,002105
2020-01-17,7.07,7.12,6.62,6.62,19591769.0,134370970.0,368500000.0,0.053166265943012214,002105
2020-01-20,6.74,7.28,6.68,7.28,23637003.0,166085940.0,368500000.0,0.06414383446404343,002105
2020-01-21,7.43,7.64,6.89,6.91,23648034.0,170706099.0,368500000.0,0.06417376933514247,002105
2020-01-22,6.91,7.45,6.69,7.2,22976004.0,162989833.0,368500000.0,0.06235007869742198,002105
2020-01-23,7.05,7.33,6.55,6.7,18214193.0,126546801.0,368500000.0,0.04942793215739484,002105
2020-02-03,6.03,6.19,6.03,6.03,7510000.0,45387701.0,368500000.0,0.02037991858887381,002105
2020-02-04,5.94,6.35,5.9,6.28,20678230.0,127637525.0,368500000.0,0.05611459972862958,002105
2020-02-05,6.22,6.46,6.13,6.22,19375119.0,121858701.0,368500000.0,0.052578341926729985,002105
2020-02-06,6.2,6.39,6.08,6.35,19134115.0,119106396.0,368500000.0,0.051924328358208954,002105
2020-02-07,6.31,6.36,6.1,6.27,17291350.0,107493220.0,368500000.0,0.046923609226594304,002105
2020-02-10,6.2,6.55,6.19,6.52,17747828.0,113677534.0,368500000.0,0.04816235549525102,002105
2020-02-11,6.71,6.97,6.34,6.74,24644207.0,164207816.0,368500000.0,0.06687708819538671,002105
2020-02-12,6.61,6.81,6.51,6.7,17500593.0,116257437.0,368500000.0,0.0474914328358209,002105
2020-02-13,6.59,6.63,6.25,6.31,18423313.0,118087047.0,368500000.0,0.04999542198100407,002105
2020-02-14,6.27,6.39,6.2,6.21,10457815.0,65587884.0,368500000.0,0.028379416553595656,002105
2020-02-17,6.23,6.6,6.18,6.56,15931455.0,102256958.0,368500000.0,0.04323325644504749,002105
2020-02-18,6.63,6.84,6.5,6.77,20186858.0,135133910.0,368500000.0,0.05478116146540027,002105
2020-02-19,6.91,7.18,6.6,6.68,21623425.0,148651038.0,368500000.0,0.058679579375848036,002105
2020-02-20,6.81,6.91,6.5,6.7,18213307.0,121586361.0,368500000.0,0.049425527815468114,002105
2020-02-21,6.68,6.84,6.63,6.72,14219986.0,95753392.0,368500000.0,0.03858883582089552,002105
2020-02-24,6.68,6.68,6.5,6.59,15205248.0,99858038.0,368500000.0,0.041262545454545455,002105
2020-02-25,6.41,6.44,6.08,6.37,16868981.0,106178813.0,368500000.0,0.045777424694708274,002105
2020-02-26,6.23,6.3,6.05,6.12,17986586.0,111005431.0,368500000.0,0.04881027408412483,002105
2020-02-27,6.17,6.25,6.06,6.22,10041221.0,61957860.0,368500000.0,0.02724890366350068,002105
2020-02-28,6.05,6.11,5.78,5.78,11164681.0,66531538.0,368500000.0,0.030297641791044775,002105
2020-03-02,5.81,6.05,5.81,5.99,8224838.0,48946135.0,368500000.0,0.02231977747625509,002105
2020-03-03,6.09,6.2,6.0,6.08,9786071.0,59750242.0,368500000.0,0.026556502035278155,002105
2020-03-04,6.03,6.18,6.01,6.17,7720900.0,47245832.0,368500000.0,0.02095223880597015,002105
2020-03-05,6.21,6.25,6.1,6.22,11843978.0,73264661.0,368500000.0,0.03214105291723202,002105
2020-03-06,6.16,6.35,6.13,6.29,9396575.0,58907522.0,368500000.0,0.02549952510176391,002105
2020-03-09,6.21,6.23,5.98,6.05,9477490.0,57631996.0,368500000.0,0.02571910447761194,002105
2020-03-10,5.84,6.11,5.84,6.09,9172602.0,54974272.0,368500000.0,0.024891728629579377,002105
2020-03-11,6.09,6.22,5.98,6.0,8371778.0,51093986.0,368500000.0,0.02271852917232022,002105
2020-03-12,5.88,5.97,5.74,5.84,7245800.0,42286154.0,368500000.0,0.019662957937584803,002105
2020-03-13,5.55,5.67,5.4,5.59,9855901.0,54491170.0,368500000.0,0.026746,002105
2020-03-16,5.69,5.75,5.38,5.38,8107538.0,45279756.0,368500000.0,0.022001459972862958,002105
2020-03-17,5.49,5.53,5.22,5.4,6886200.0,37043260.0,368500000.0,0.018687109905020354,002105
2020-03-18,5.45,5.52,5.26,5.28,6166028.0,33283360.0,368500000.0,0.016732776119402985,002105
2020-03-19,5.28,5.35,5.16,5.29,6233596.0,32799583.0,368500000.0,0.01691613568521031,002105
2020-03-20,5.32,5.39,5.23,5.38,5484187.0,29147754.0,368500000.0,0.01488246132971506,002105
2020-03-23,5.22,5.28,5.01,5.03,6693900.0,34459902.0,368500000.0,0.018165264586160107,002105
2020-03-24,5.18,5.2,5.01,5.18,5505100.0,28279050.0,368500000.0,0.01493921302578019,002105
2020-03-25,5.29,5.38,5.23,5.36,6836106.0,36335613.0,368500000.0,0.01855116960651289,002105
2020-03-26,5.37,5.37,5.24,5.26,6370656.0,33759950.0,368500000.0,0.017288075983717774,002105
2020-03-27,5.34,5.39,5.18,5.2,5122100.0,27034262.0,368500000.0,0.013899864314789689,002105
2020-03-30,5.17,5.17,4.95,5.01,6990131.0,35048607.0,368500000.0,0.01896914789687924,002105
2020-03-31,5.04,5.11,4.88,4.91,6866242.0,34236341.0,368500000.0,0.018632949796472186,002105
2020-04-01,4.96,4.98,4.82,4.87,4595731.0,22542312.0,368500000.0,0.012471454545454546,002105
2020-04-02,4.87,5.06,4.82,5.06,5598650.0,27692081.0,368500000.0,0.015193080054274085,002105
2020-04-03,5.07,5.1,4.98,5.02,4261122.0,21415675.0,368500000.0,0.011563424694708276,002105
2020-04-07,5.07,5.22,5.07,5.21,6203053.0,32079434.0,368500000.0,0.016833251017639078,002105
2020-04-08,5.18,5.25,5.15,5.22,5111727.0,26601223.0,368500000.0,0.013871715061058344,002105
2020-04-09,5.22,5.43,5.22,5.34,8850182.0,47183111.0,368500000.0,0.024016776119402984,002105
2020-04-10,5.28,5.29,5.08,5.08,6495905.0,33534297.0,368500000.0,0.01762796472184532,002105
2020-04-13,5.12,5.12,5.01,5.05,4013202.0,20337116.0,368500000.0,0.010890643147896879,002105
2020-04-14,5.05,5.19,5.05,5.18,3771732.0,19343791.0,368500000.0,0.010235364993215739,002105
2020-04-15,5.15,5.22,5.03,5.04,4623195.0,23655106.0,368500000.0,0.012545983717774763,002105
2020-04-16,5.03,5.07,4.96,5.01,3826700.0,19186895.0,368500000.0,0.010384531886024423,002105
2020-04-17,5.06,5.06,4.96,4.96,3985165.0,19958686.0,368500000.0,0.010814559023066486,002105
2020-04-20,4.94,5.05,4.93,5.04,3698944.0,18506995.0,368500000.0,0.010037839891451832,002105
2020-04-21,5.04,5.07,4.95,5.0,3832146.0,19193626.0,368500000.0,0.010399310719131616,002105
2020-04-22,5.0,5.16,4.93,5.08,4639511.0,23456682.0,368500000.0,0.0125902605156038,002105
2020-04-23,5.08,5.1,4.97,4.98,4728352.0,23693570.0,368500000.0,0.012831348710990502,002105
2020-04-24,4.97,5.02,4.86,4.9,4461340.0,22025944.0,368500000.0,0.012106757123473541,002105
2020-04-27,4.88,4.94,4.75,4.79,4368000.0,21076994.0,368500000.0,0.011853459972862957,002105
2020-04-28,4.79,4.8,4.35,4.48,5953514.0,27174039.0,368500000.0,0.016156075983717776,002105
2020-04-29,4.56,4.93,4.52,4.76,8898513.0,42153060.0,368500000.0,0.024147932157394844,002105
2020-04-30,4.64,4.78,4.6,4.69,8614713.0,40326322.0,368500000.0,0.0233777829036635,002105
2020-05-06,4.63,4.83,4.62,4.72,5687049.0,26759361.0,368500000.0,0.015432968792401629,002105
2020-05-07,4.73,4.82,4.68,4.68,5110244.0,24230611.0,368500000.0,0.013867690637720488,002105
2020-05-08,4.7,4.94,4.7,4.91,7882144.0,38083800.0,368500000.0,0.021389807327001357,002105
2020-05-11,4.94,5.06,4.8,4.83,5962846.0,29201108.0,368500000.0,0.01618140027137042,002105
2020-05-12,4.8,4.89,4.7,4.72,3579100.0,17023056.0,368500000.0,0.009712618724559023,002105
2020-05-13,4.71,4.77,4.71,4.73,2968487.0,14057161.0,368500000.0,0.00805559565807327,002105
2020-05-14,4.74,4.74,4.64,4.65,3082587.0,14408961.0,368500000.0,0.008365229308005427,002105
2020-05-15,4.68,4.68,4.59,4.6,2963797.0,13705131.0,368500000.0,0.008042868385345998,002105
2020-05-18,4.58,4.63,4.54,4.56,2647463.0,12133720.0,368500000.0,0.007184431478968792,002105
2020-05-19,4.6,4.63,4.57,4.6,2418689.0,11128875.0,368500000.0,0.006563606512890095,002105
2020-05-20,4.63,4.68,4.58,4.62,3070030.0,14206203.0,368500000.0,0.008331153324287653,002105
2020-05-21,4.65,4.67,4.56,4.59,2291096.0,10562117.0,368500000.0,0.006217356852103121,002105
2020-05-22,4.59,4.61,4.41,4.44,3141131.0,14087423.0,368500000.0,0.00852410040705563,002105
2020-05-25,4.41,4.46,4.37,4.4,2613200.0,11519133.0,368500000.0,0.007091451831750339,002105
2020-05-26,4.4,4.52,4.4,4.52,2269750.0,10163972.0,368500000.0,0.00615943012211669,002105
2020-05-27,4.52,4.56,4.46,4.5,2095150.0,9449545.0,368500000.0,0.00568561736770692,002105
2020-05-28,4.6,4.8,4.49,4.54,8673584.0,40096987.0,368500000.0,0.023537541383989145,002105
2020-05-29,4.68,4.99,4.63,4.99,17039049.0,83416819.0,368500000.0,0.04623893894165536,002105
2020-06-01,4.99,5.06,4.84,5.03,20639571.0,102341017.0,368500000.0,0.05600969063772049,002105
2020-06-02,4.97,5.06,4.93,5.0,10098160.0,50405343.0,368500000.0,0.027403419267299865,002105
2020-06-03,4.99,5.2,4.9,5.1,16234031.0,82197633.0,368500000.0,0.04405435820895522,002105
2020-06-04,5.1,5.61,5.07,5.61,26488421.0,143649833.0,368500000.0,0.0718817394843962,002105
2020-06-05,6.0,6.17,5.87,6.17,32192064.0,196403440.0,368500000.0,0.0873597394843962,002105
2020-06-08,5.98,5.98,5.55,5.57,34848893.0,197541504.0,368500000.0,0.09456958751696065,002105
2020-06-09,5.47,5.54,5.23,5.4,21263402.0,113483881.0,368500000.0,0.05770258344640434,002105
2020-06-10,5.39,5.39,5.24,5.29,10997050.0,58278841.0,368500000.0,0.029842740841248303,002105
2020-06-11,5.34,5.36,5.14,5.14,12319618.0,64189568.0,368500000.0,0.03343179918588874,002105
2020-06-12,5.02,5.23,4.98,5.18,9482676.0,48734963.0,368500000.0,0.02573317774762551,002105
2020-06-15,5.14,5.17,5.06,5.07,8013900.0,40958638.0,368500000.0,0.021747354138398914,002105
2020-06-16,5.05,5.07,4.99,5.03,5932112.0,29784918.0,368500000.0,0.016097997286295795,002105
2020-06-17,5.04,5.29,4.99,5.23,11904734.0,61491251.0,368500000.0,0.03230592672998643,002105
2020-06-18,5.19,5.21,5.12,5.14,6217471.0,32006244.0,368500000.0,0.01687237720488467,002105
2020-06-19,5.08,5.38,5.08,5.28,12569590.0,66400867.0,368500000.0,0.03411014925373134,002105
2020-06-22,5.14,5.34,5.14,5.22,8487640.0,44397995.0,368500000.0,0.023032944369063772,002105
2020-06-23,5.2,5.24,5.12,5.15,6856030.0,35450409.0,368500000.0,0.018605237449118045,002105
2020-06-24,5.17,5.19,5.01,5.02,6750654.0,34121910.0,368500000.0,0.01831927815468114,002105
2020-06-29,5.02,5.48,5.02,5.38,16081995.0,84885907.0,368500000.0,0.04364177747625509,002105
2020-06-30,5.3,5.43,5.27,5.41,9334110.0,50059503.0,368500000.0,0.02533001356852103,002105
2020-07-01,5.5,5.5,5.22,5.43,9213370.0,48974427.0,368500000.0,0.02500236092265943,002105
2020-07-02,5.39,5.47,5.35,5.4,7085439.0,38329283.0,368500000.0,0.019227785617367706,002105
2020-07-03,5.43,5.49,5.36,5.36,6192951.0,33433128.0,368500000.0,0.016805837177747626,002105
2020-07-06,5.38,5.66,5.37,5.63,10640707.0,58662392.0,368500000.0,0.028875731343283584,002105
2020-07-07,5.68,5.77,5.58,5.65,10656262.0,60522362.0,368500000.0,0.028917943012211667,002105
2020-07-08,5.67,5.94,5.6,5.93,10535740.0,61192059.0,368500000.0,0.02859088195386703,002105
2020-07-09,5.9,6.52,5.82,6.52,17861532.0,111967768.0,368500000.0,0.048470914518317504,002105
2020-07-10,6.69,7.16,6.52,6.91,27209224.0,186110737.0,368500000.0,0.0738377856173677,002105
2020-07-13,7.0,7.1,6.5,6.97,20678115.0,140294662.0,368500000.0,0.05611428765264586,002105
2020-07-14,7.19,7.67,6.8,7.67,29301966.0,212411443.0,368500000.0,0.079516868385346,002105
2020-07-15,7.65,7.65,6.9,6.9,29481972.0,213046691.0,368500000.0,0.08000535142469471,002105
2020-07-16,7.02,7.58,6.51,7.21,32524209.0,231442682.0,368500000.0,0.0882610827679783,002105
2020-07-17,7.61,7.93,7.53,7.93,37180863.0,291495303.0,368500000.0,0.10089786431478968,002105
2020-07-20,7.98,8.48,7.69,8.24,29614932.0,238382277.0,368500000.0,0.08036616553595657,002105
2020-07-21,8.23,8.25,7.51,7.91,18752246.0,148545029.0,368500000.0,0.050888048846675714,002105
2020-07-22,8.0,8.0,7.73,7.77,15693723.0,123007455.0,368500000.0,0.04258812211668928,002105
2020-07-23,7.67,8.22,7.63,7.83,14683452.0,116081825.0,368500000.0,0.039846545454545454,002105
2020-07-24,7.82,8.07,7.19,7.37,18151761.0,139149848.0,368500000.0,0.049258510176390775,002105
2020-07-27,7.35,7.46,6.88,7.02,14223200.0,101776033.0,368500000.0,0.03859755766621438,002105
2020-07-28,7.18,7.72,7.17,7.72,13374230.0,102298816.0,368500000.0,0.03629370420624152,002105
2020-07-29,8.17,8.49,7.63,8.49,39118093.0,325588969.0,368500000.0,0.10615493351424694,002105
2020-07-30,8.4,9.34,8.33,9.34,36156016.0,318797849.0,368500000.0,0.09811673270013568,002105
2020-07-31,9.19,9.97,8.9,9.24,37130721.0,343777408.0,368500000.0,0.10076179375848032,002105
2020-08-03,9.33,9.57,9.03,9.32,27330155.0,254615136.0,368500000.0,0.0741659565807327,002105
2020-08-04,9.2,9.44,8.5,8.69,27792104.0,244788504.0,368500000.0,0.07541954952510177,002105
2020-08-05,8.67,9.56,8.48,9.56,32616572.0,300412868.0,368500000.0,0.08851172862957937,002105
2020-08-06,9.65,10.52,9.5,10.09,32438544.0,323636306.0,368500000.0,0.08802861329715062,002105
2020-08-07,10.07,10.78,9.68,9.82,29514897.0,299726540.0,368500000.0,0.0800947001356852,002105
2020-08-10,9.86,10.42,9.75,9.8,29786514.0,300642981.0,368500000.0,0.08083178833107191,002105
2020-08-11,9.76,10.28,9.46,10.0,21412174.0,212243295.0,368500000.0,0.05810630664857531,002105
2020-08-12,9.81,10.23,9.58,10.18,17506977.0,172790254.0,368500000.0,0.04750875712347354,002105
2020-08-13,10.15,10.41,9.98,10.05,10818748.0,109468249.0,368500000.0,0.029358881953867027,002105
2020-08-14,9.99,10.22,9.83,10.05,8223045.0,82679413.0,368500000.0,0.022314911804613296,002105
2020-08-17,9.95,10.34,9.8,10.11,13107519.0,131739684.0,368500000.0,0.03556992944369064,002105
2020-08-18,10.02,10.88,10.02,10.49,17986520.0,188359697.0,368500000.0,0.048810094979647216,002105
2020-08-19,10.57,10.7,10.28,10.28,10066210.0,104927415.0,368500000.0,0.027316716417910447,002105
2020-08-20,10.27,10.47,9.89,10.01,11152391.0,112656525.0,368500000.0,0.030264290366350068,002105
2020-08-21,10.12,11.01,9.95,10.89,17454865.0,184996176.0,368500000.0,0.04736734056987788,002105
2020-08-24,10.67,10.78,9.8,9.8,13949597.0,140069702.0,368500000.0,0.037855080054274085,002105
2020-08-25,9.21,9.49,8.82,8.82,27574127.0,245174154.0,368500000.0,0.07482802442333786,002105
2020-08-26,8.7,8.8,8.0,8.43,21561042.0,180267393.0,368500000.0,0.05851029036635007,002105
2020-08-27,8.28,8.32,8.0,8.17,11503301.0,93517025.0,368500000.0,0.03121655630936228,002105
2020-08-28,8.18,8.36,8.07,8.25,8932756.0,73074666.0,368500000.0,0.024240857530529174,002105
2020-08-31,8.3,8.84,8.2,8.5,13229975.0,113049794.0,368500000.0,0.03590223880597015,002105
2020-09-01,8.4,8.71,8.37,8.57,7016625.0,59811720.0,368500000.0,0.0190410447761194,002105
2020-09-02,8.56,8.64,8.3,8.42,6943117.0,58700253.0,368500000.0,0.018841565807327,002105
2020-09-03,8.49,8.49,8.0,8.0,10787577.0,87635082.0,368500000.0,0.029274293080054276,002105
2020-09-04,7.8,8.33,7.8,8.08,9329482.0,75331180.0,368500000.0,0.025317454545454546,002105
2020-09-07,8.04,8.12,7.8,7.81,8046638.0,64188623.0,368500000.0,0.02183619538670285,002105
2020-09-08,7.84,7.98,7.7,7.95,5292883.0,41619498.0,368500000.0,0.014363318860244233,002105
2020-09-09,7.9,8.03,7.65,7.73,5262300.0,41128894.0,368500000.0,0.014280325644504748,002105
2020-09-10,7.72,7.81,7.39,7.53,6739600.0,51075630.0,368500000.0,0.018289280868385344,002105
2020-09-11,7.47,8.0,7.28,7.97,7723475.0,58860968.0,368500000.0,0.02095922659430122,002105
2020-09-14,7.96,7.98,7.65,7.96,7937161.0,61715238.0,368500000.0,0.021539107191316145,002105
2020-09-15,7.85,7.86,7.69,7.71,3836840.0,29744902.0,368500000.0,0.010412048846675712,002105
2020-09-16,7.77,7.78,7.55,7.62,2536477.0,19369408.0,368500000.0,0.006883248303934871,002105
2020-09-17,7.69,7.74,7.54,7.7,2701373.0,20724169.0,368500000.0,0.007330727272727273,002105
2020-09-18,7.7,8.4,7.69,8.19,11866512.0,96052244.0,368500000.0,0.03220220352781547,002105
2020-09-21,8.17,8.45,8.0,8.19,9807422.0,80629811.0,368500000.0,0.026614442333785616,002105
2020-09-22,8.11,8.33,7.92,8.13,10621715.0,86104837.0,368500000.0,0.028824192672998645,002105
2020-09-23,8.06,8.16,7.32,8.14,17453364.0,135970864.0,368500000.0,0.047363267299864314,002105
2020-09-24,7.88,7.91,7.63,7.83,8937862.0,69369226.0,368500000.0,0.024254713704206243,002105
2020-09-25,7.75,7.86,7.69,7.82,4059084.0,31569885.0,368500000.0,0.011015153324287652,002105
2020-09-28,7.74,7.88,7.7,7.79,2765811.0,21504137.0,368500000.0,0.007505592944369064,002105
2020-09-29,7.83,7.83,7.71,7.71,2130611.0,16566631.0,368500000.0,0.00578184803256445,002105
2020-09-30,7.71,7.79,7.5,7.68,3458700.0,26515983.0,368500000.0,0.009385888738127544,002105
2020-10-09,7.73,8.36,7.73,8.16,8247583.0,66933496.0,368500000.0,0.02238150067842605,002105
2020-10-12,8.59,8.59,8.2,8.28,6410782.0,53239559.0,368500000.0,0.017396966078697423,002105
2020-10-13,8.24,8.38,8.12,8.29,5811700.0,47865461.0,368500000.0,0.01577123473541384,002105
2020-10-14,8.29,8.35,8.17,8.17,2993810.0,24680553.0,368500000.0,0.008124314789687923,002105
2020-10-15,8.66,8.99,8.63,8.99,9786332.0,86639815.0,368500000.0,0.026557210312075984,002105
2020-10-16,9.08,9.77,8.7,9.36,20277991.0,186448534.0,368500000.0,0.05502846947082768,002105
2020-10-19,9.3,9.34,8.96,9.01,11016155.0,100403330.0,368500000.0,0.02989458616010855,002105
2020-10-20,9.08,9.16,8.84,9.01,6437502.0,57976051.0,368500000.0,0.017469476255088195,002105
2020-10-21,9.0,9.09,8.8,8.87,5315000.0,47361497.0,368500000.0,0.014423337856173677,002105
2020-10-22,8.65,8.68,8.29,8.46,8594430.0,72732691.0,368500000.0,0.023322740841248305,002105
2020-10-23,8.5,8.57,8.31,8.35,4349408.0,36595565.0,368500000.0,0.011803006784260515,002105
2020-10-26,8.35,8.52,8.15,8.4,4605608.0,38385998.0,368500000.0,0.012498257801899592,002105
2020-10-27,8.34,8.51,8.22,8.39,2732550.0,22980313.0,368500000.0,0.007415332428765265,002105
2020-10-28,8.39,8.7,8.34,8.59,6561420.0,55967733.0,368500000.0,0.017805753052917234,002105
2020-10-29,8.5,9.03,8.42,8.85,9048583.0,79743862.0,368500000.0,0.024555177747625508,002105
2020-10-30,8.83,8.95,8.6,8.87,6625887.0,58275738.0,368500000.0,0.017980697421981003,002105
2020-11-02,8.95,9.15,8.67,9.09,8683299.0,77612344.0,368500000.0,0.02356390502035278,002105
2020-11-03,9.0,9.2,8.9,9.07,6429700.0,58135408.0,368500000.0,0.0174483039348711,002105
2020-11-04,9.05,9.05,8.74,8.8,5118358.0,45348447.0,368500000.0,0.013889709633649933,002105
2020-11-05,8.8,9.55,8.8,9.36,12310984.0,113662993.0,368500000.0,0.03340836906377205,002105
2020-11-06,9.49,9.55,9.25,9.47,7476250.0,70310092.0,368500000.0,0.020288331071913163,002105
2020-11-09,9.55,10.15,9.45,9.89,9020928.0,88051822.0,368500000.0,0.0244801302578019,002105
2020-11-10,9.94,9.94,8.96,9.24,15321350.0,141356389.0,368500000.0,0.041577611940298506,002105
2020-11-11,8.99,9.16,8.87,8.89,4586700.0,41096073.0,368500000.0,0.012446947082767978,002105
2020-11-12,8.8,8.93,8.66,8.73,4255600.0,37203213.0,368500000.0,0.01154843962008141,002105
2020-11-13,8.68,8.83,8.53,8.77,3257687.0,28290086.0,368500000.0,0.008840398914518318,002105
2020-11-16,8.78,8.96,8.54,8.95,4686771.0,40870383.0,368500000.0,0.012718510176390774,002105
2020-11-17,8.96,9.4,8.78,9.33,8353763.0,75824586.0,368500000.0,0.022669641791044776,002105
2020-11-18,9.34,9.59,9.25,9.42,7543809.0,71053988.0,368500000.0,0.020471666214382633,002105
2020-11-19,10.0,10.36,9.8,10.05,18594332.0,187614416.0,368500000.0,0.05045951696065129,002105
2020-11-20,10.3,10.4,9.8,9.95,15496810.0,156527578.0,368500000.0,0.042053758480325644,002105
2020-11-23,10.11,10.23,9.62,9.62,11868840.0,116252943.0,368500000.0,0.032208521031207596,002105
2020-11-24,9.62,9.8,9.49,9.61,8056691.0,77553422.0,368500000.0,0.021863476255088197,002105
2020-11-25,9.69,9.69,9.4,9.53,7608330.0,72683782.0,368500000.0,0.020646757123473542,002105
2020-11-26,9.48,9.59,9.37,9.37,4548157.0,42977374.0,368500000.0,0.01234235278154681,002105
2020-11-27,9.47,9.48,9.01,9.07,6717116.0,61508696.0,368500000.0,0.01822826594301221,002105
2020-11-30,9.16,9.23,8.95,8.95,5885400.0,53308466.0,368500000.0,0.01597123473541384,002105
2020-12-01,8.95,9.13,8.91,8.98,5556003.0,49985059.0,368500000.0,0.015077348710990502,002105
2020-12-02,8.88,9.0,8.62,8.62,7525694.0,65561595.0,368500000.0,0.020422507462686566,002105
2020-12-03,8.64,8.75,8.57,8.64,4535017.0,39183263.0,368500000.0,0.012306694708276798,002105
2020-12-04,8.67,8.79,8.62,8.73,4670100.0,40729934.0,368500000.0,0.012673270013568522,002105
2020-12-07,8.74,9.16,8.68,9.0,7640690.0,68552022.0,368500000.0,0.02073457259158752,002105
2020-12-08,9.0,9.0,8.75,8.85,4354900.0,38502653.0,368500000.0,0.011817910447761194,002105
2020-12-09,8.89,8.89,8.22,8.23,8032169.0,67989276.0,368500000.0,0.021796930800542742,002105
2020-12-10,8.25,8.34,8.09,8.23,3260787.0,26808349.0,368500000.0,0.008848811397557665,002105
2020-12-11,8.22,8.28,7.93,8.2,4309576.0,34760551.0,368500000.0,0.011694914518317504,002105
2020-12-14,8.04,8.25,7.92,8.17,3994371.0,32280086.0,368500000.0,0.010839541383989145,002105
2020-12-15,8.25,8.25,8.02,8.05,2083400.0,16883183.0,368500000.0,0.0056537313432835825,002105
2020-12-16,8.03,8.04,7.87,7.89,3228330.0,25589069.0,368500000.0,0.008760732700135686,002105
2020-12-17,7.95,7.98,7.81,7.94,2487800.0,19673678.0,368500000.0,0.0067511533242876525,002105
2020-12-18,7.9,8.02,7.78,7.83,3151339.0,24823598.0,368500000.0,0.008551801899592945,002105
2020-12-21,7.89,7.89,7.7,7.75,2796200.0,21756656.0,368500000.0,0.007588059701492537,002105
2020-12-22,7.71,7.77,7.51,7.57,5784400.0,44173957.0,368500000.0,0.015697150610583445,002105
2020-12-23,7.55,7.67,7.48,7.64,3054801.0,23228416.0,368500000.0,0.0082898263229308,002105
2020-12-24,7.64,7.64,7.21,7.38,5501901.0,40601036.0,368500000.0,0.014930531886024423,002105
2020-12-25,7.37,7.53,7.31,7.47,3399914.0,25312898.0,368500000.0,0.009226360922659431,002105
2020-12-28,7.5,7.51,7.14,7.15,4051411.0,29342422.0,368500000.0,0.01099433107191316,002105
2020-12-29,7.24,7.37,7.13,7.22,3238365.0,23509135.0,368500000.0,0.008787964721845318,002105
2020-12-30,7.16,7.33,7.13,7.2,3142403.0,22683754.0,368500000.0,0.00852755223880597,002105
2020-12-31,7.24,7.38,7.17,7.27,3041654.0,22127521.0,368500000.0,0.008254149253731344,002105
2021-01-04,7.3,7.61,7.27,7.49,3785113.0,28188451.0,368500000.0,0.010271677069199457,002105
2021-01-05,7.45,7.49,7.21,7.27,4854688.0,35481461.0,368500000.0,0.01317418724559023,002105
2021-01-06,7.33,7.33,7.09,7.14,3245602.0,23221187.0,368500000.0,0.008807603799185888,002105
2021-01-07,7.02,7.19,6.71,6.76,5230547.0,35847216.0,368500000.0,0.014194157394843962,002105
2021-01-08,6.59,7.03,6.46,6.92,6209652.0,42249413.0,368500000.0,0.016851158751696065,002105
2021-01-11,6.94,6.94,6.74,6.85,2896051.0,19734820.0,368500000.0,0.00785902578018996,002105
2021-01-12,6.78,7.08,6.73,7.06,3835501.0,26628567.0,368500000.0,0.010408415196743554,002105
2021-01-13,7.07,7.42,6.92,7.39,6385579.0,46104147.0,368500000.0,0.017328572591587516,002105
2021-01-14,8.12,8.13,7.78,8.13,15958989.0,127198463.0,368500000.0,0.04330797557666215,002105
2021-01-15,7.87,8.02,7.73,7.74,8884540.0,69996599.0,368500000.0,0.024110013568521032,002105
2021-01-18,7.63,7.84,7.56,7.74,5281488.0,40580291.0,368500000.0,0.01433239620081411,002105
2021-01-19,7.85,7.94,7.74,7.81,5204444.0,40819280.0,368500000.0,0.01412332157394844,002105
2021-01-20,7.75,7.8,7.5,7.6,4062260.0,30824319.0,368500000.0,0.011023772048846676,002105
2021-01-21,7.58,7.67,7.51,7.59,3126905.0,23746012.0,368500000.0,0.00848549525101764,002105
2021-01-22,7.61,7.65,7.41,7.56,3542900.0,26608014.0,368500000.0,0.00961438263229308,002105
2021-01-25,7.61,7.61,7.11,7.35,5230546.0,37863395.0,368500000.0,0.014194154681139756,002105
2021-01-26,7.27,7.43,7.13,7.35,3490882.0,25309579.0,368500000.0,0.009473221166892809,002105
2021-01-27,7.31,7.41,7.22,7.31,2191900.0,16059406.0,368500000.0,0.005948168249660787,002105
2021-01-28,7.2,7.4,7.17,7.39,3004128.0,21927480.0,368500000.0,0.008152314789687923,002105
2021-01-29,7.55,7.55,7.06,7.09,3164621.0,22939567.0,368500000.0,0.008587845318860244,002105
2021-02-01,7.19,7.2,6.95,7.0,2716000.0,19096245.0,368500000.0,0.007370420624151967,002105
2021-02-02,7.01,7.14,6.97,6.99,1998181.0,14026010.0,368500000.0,0.005422472184531886,002105
2021-02-03,7.05,7.05,6.8,6.87,2402774.0,16515138.0,368500000.0,0.006520417910447761,002105
2021-02-04,6.88,6.88,6.68,6.77,1620910.0,10950505.0,368500000.0,0.004398670284938942,002105
2021-02-05,6.79,6.94,6.74,6.79,1214749.0,8270652.0,368500000.0,0.0032964694708276796,002105
2021-02-08,6.77,6.88,6.61,6.66,2335600.0,15562599.0,368500000.0,0.006338127544097693,002105
2021-02-09,6.68,6.76,6.62,6.71,1711800.0,11466699.0,368500000.0,0.004645318860244233,002105
2021-02-10,6.72,6.72,6.63,6.7,1910900.0,12734385.0,368500000.0,0.00518561736770692,002105
2021-02-18,6.73,6.91,6.73,6.88,2788037.0,19067734.0,368500000.0,0.007565907734056988,002105
2021-02-19,6.9,7.16,6.85,7.16,3037059.0,21380976.0,368500000.0,0.008241679782903664,002105
2021-02-22,7.16,7.41,7.12,7.21,4944859.0,36046230.0,368500000.0,0.013418884667571235,002105
2021-02-23,7.17,7.26,6.97,7.0,3723649.0,26433512.0,368500000.0,0.010104881953867028,002105
2021-02-24,7.03,7.65,7.0,7.64,8703299.0,64095377.0,368500000.0,0.023618179104477614,002105
2021-02-25,7.64,7.65,7.31,7.44,6238550.0,46282687.0,368500000.0,0.016929579375848033,002105
2021-02-26,7.38,7.92,7.28,7.64,6355333.0,48713176.0,368500000.0,0.017246493894165535,002105
2021-03-01,7.65,8.26,7.52,8.15,10582395.0,83949427.0,368500000.0,0.028717489823609228,002105
2021-03-02,8.04,8.42,8.04,8.2,8328189.0,68803165.0,368500000.0,0.022600241519674356,002105
2021-03-03,8.18,8.28,8.04,8.12,5665076.0,45986780.0,368500000.0,0.015373340569877884,002105
2021-03-04,8.05,8.26,8.0,8.09,4240370.0,34475441.0,368500000.0,0.011507109905020354,002105
2021-03-05,8.05,8.19,7.83,7.88,5241413.0,41747071.0,368500000.0,0.014223644504748983,002105
2021-03-08,7.81,8.29,7.81,7.94,6643411.0,53596048.0,368500000.0,0.01802825237449118,002105
2021-03-09,8.0,8.08,7.37,7.43,9317230.0,70871102.0,368500000.0,0.025284206241519676,002105
2021-03-10,7.47,7.49,7.1,7.12,5674959.0,40926114.0,368500000.0,0.015400160108548168,002105
2021-03-11,7.12,7.23,7.1,7.22,2638176.0,18933395.0,368500000.0,0.007159229308005427,002105
2021-03-12,7.26,7.85,7.2,7.74,7617326.0,57766555.0,368500000.0,0.02067116960651289,002105
2021-03-15,7.6,7.88,7.52,7.7,6016810.0,46402508.0,368500000.0,0.01632784260515604,002105
2021-03-16,7.78,7.81,7.62,7.77,3710133.0,28576615.0,368500000.0,0.010068203527815468,002105
2021-03-17,7.7,7.88,7.64,7.81,3486139.0,27071403.0,368500000.0,0.009460350067842606,002105
2021-03-18,7.78,7.87,7.73,7.76,2910648.0,22679019.0,368500000.0,0.007898637720488468,002105
2021-03-19,7.68,8.15,7.66,7.86,5117110.0,40616433.0,368500000.0,0.013886322930800542,002105
2021-03-22,7.82,8.15,7.82,8.04,4191988.0,33411888.0,368500000.0,0.011375815468113976,002105
2021-03-23,8.0,8.48,7.93,8.17,7672885.0,62964940.0,368500000.0,0.020821940298507462,002105
2021-03-24,8.16,8.25,7.98,8.12,4234177.0,34340402.0,368500000.0,0.0114903039348711,002105
2021-03-25,8.14,8.28,7.75,8.12,5115864.0,41234977.0,368500000.0,0.013882941655359566,002105
2021-03-26,8.09,8.16,7.94,7.98,4235433.0,33927283.0,368500000.0,0.011493712347354138,002105
2021-03-29,7.99,8.12,7.94,8.09,3435734.0,27598310.0,368500000.0,0.009323565807327001,002105
2021-03-30,8.03,8.07,7.83,7.86,2887688.0,22780272.0,368500000.0,0.007836331071913161,002105
2021-03-31,7.85,8.28,7.81,8.2,7166543.0,58175164.0,368500000.0,0.01944787788331072,002105
2021-04-01,8.11,8.41,8.02,8.32,7161600.0,58972257.0,368500000.0,0.019434464043419267,002105
2021-04-02,8.27,8.31,8.18,8.2,3096997.0,25471370.0,368500000.0,0.008404333785617368,002105
2021-04-06,8.19,8.48,8.15,8.39,4737731.0,39591140.0,368500000.0,0.012856800542740842,002105
2021-04-07,8.4,8.48,8.34,8.43,3998116.0,33629799.0,368500000.0,0.01084970420624152,002105
2021-04-08,8.43,8.43,8.22,8.3,4238959.0,35338662.0,368500000.0,0.011503280868385346,002105
2021-04-09,8.28,8.41,8.24,8.37,2912880.0,24309809.0,368500000.0,0.007904694708276799,002105
2021-04-12,8.35,8.58,8.28,8.38,4423307.0,37199907.0,368500000.0,0.012003546811397557,002105
2021-04-13,8.34,8.36,8.12,8.22,3443580.0,28300421.0,368500000.0,0.009344857530529172,002105
2021-04-14,8.35,8.7,8.26,8.59,8962424.0,76447655.0,368500000.0,0.024321367706919946,002105
2021-04-15,8.6,8.71,8.45,8.62,5136750.0,44123448.0,368500000.0,0.013939620081411126,002105
2021-04-16,8.65,8.79,8.53,8.64,5250500.0,45532763.0,368500000.0,0.0142483039348711,002105
2021-04-19,8.59,8.71,8.5,8.64,3957470.0,34016735.0,368500000.0,0.010739402985074626,002105
2021-04-20,8.61,8.9,8.57,8.64,3959920.0,34451447.0,368500000.0,0.010746051560379919,002105
2021-04-21,8.6,8.71,8.51,8.68,2473818.0,21336313.0,368500000.0,0.006713210312075984,002105
2021-04-22,8.68,8.89,8.59,8.89,4384466.0,38416508.0,368500000.0,0.01189814382632293,002105
2021-04-23,8.8,8.98,8.6,8.74,5029940.0,43993274.0,368500000.0,0.01364976933514247,002105
2021-04-26,8.74,8.81,8.48,8.49,4089400.0,35267402.0,368500000.0,0.011097421981004071,002105
2021-04-27,8.46,8.5,8.15,8.35,4854905.0,40261093.0,368500000.0,0.013174776119402985,002105
2021-04-28,8.29,8.76,8.2,8.6,6492725.0,55567381.0,368500000.0,0.01761933514246947,002105
2021-04-29,8.7,8.94,8.68,8.81,6718015.0,59308352.0,368500000.0,0.018230705563093624,002105
2021-04-30,8.76,8.86,8.56,8.76,5837525.0,50893144.0,368500000.0,0.015841316146540028,002105
2021-05-06,8.75,8.93,8.62,8.83,5588114.0,48910615.0,368500000.0,0.015164488466757123,002105
2021-05-07,8.79,8.79,8.5,8.52,4920200.0,42295063.0,368500000.0,0.013351967435549525,002105
2021-05-10,8.5,8.7,8.46,8.64,4150085.0,35780714.0,368500000.0,0.011262103120759837,002105
2021-05-11,8.59,9.4,8.34,9.23,15690457.0,141024229.0,368500000.0,0.042579259158751694,002105
2021-05-12,9.24,9.4,8.98,9.09,15091856.0,137653985.0,368500000.0,0.040954833107191314,002105
2021-05-13,9.04,9.05,8.61,8.65,11266416.0,98925463.0,368500000.0,0.03057372048846676,002105
2021-05-14,8.68,9.08,8.57,8.62,9732642.0,85205652.0,368500000.0,0.026411511533242876,002105
2021-05-17,8.5,8.5,7.92,8.01,10780708.0,87049158.0,368500000.0,0.0292556526458616,002105
2021-05-18,8.04,8.13,7.81,7.95,5912461.0,46938325.0,368500000.0,0.01604467028493894,002105
2021-05-19,7.96,8.12,7.83,8.03,3990400.0,31884351.0,368500000.0,0.010828765264586161,002105
2021-05-20,8.03,8.09,7.85,7.94,3398001.0,26926978.0,368500000.0,0.00922116960651289,002105
2021-05-21,7.88,8.04,7.67,7.68,5370540.0,42230306.0,368500000.0,0.01457405698778833,002105
2021-05-24,7.67,7.78,7.66,7.68,3473352.0,26740474.0,368500000.0,0.009425649932157394,002105
2021-05-25,7.7,7.76,7.68,7.71,2770251.0,21366529.0,368500000.0,0.007517641791044776,002105
2021-05-26,7.72,7.74,7.66,7.7,3951694.0,30429472.0,368500000.0,0.010723728629579377,002105
2021-05-27,7.69,7.83,7.63,7.81,3821642.0,29631258.0,368500000.0,0.010370805970149253,002105
2021-05-28,7.82,7.82,7.7,7.72,2663150.0,20664198.0,368500000.0,0.007227001356852103,002105
2021-05-31,7.71,7.73,7.63,7.68,3812280.0,29257223.0,368500000.0,0.01034540027137042,002105
2021-06-01,7.71,8.15,7.7,8.03,8055180.0,64124746.0,368500000.0,0.021859375848032565,002105
2021-06-02,8.21,8.3,7.9,7.98,6424685.0,51790204.0,368500000.0,0.0174346947082768,002105
2021-06-03,7.88,8.24,7.88,8.01,5601101.0,45375525.0,368500000.0,0.015199731343283581,002105
2021-06-04,7.94,8.02,7.85,7.88,3457851.0,27408856.0,368500000.0,0.009383584803256444,002105
2021-06-07,7.86,7.94,7.8,7.88,2622141.0,20668046.0,368500000.0,0.007115715061058345,002105
2021-06-08,7.87,8.17,7.83,8.03,4770580.0,38140228.0,368500000.0,0.012945943012211669,002105
2021-06-09,8.08,8.09,7.97,8.0,1862300.0,14908248.0,368500000.0,0.005053731343283582,002105
2021-06-10,8.0,8.07,7.91,8.02,2433620.0,19433650.0,368500000.0,0.006604124830393487,002105
2021-06-11,7.99,8.11,7.99,8.03,3310259.0,26661301.0,368500000.0,0.008983063772048846,002105
2021-06-15,8.1,8.13,7.89,8.07,4521137.0,36219802.0,368500000.0,0.012269028493894165,002105
2021-06-16,8.0,8.0,7.86,7.88,3039516.0,24072431.0,368500000.0,0.008248347354138399,002105
2021-06-17,7.95,7.97,7.75,7.87,1899200.0,14958049.0,368500000.0,0.005153867028493894,002105
2021-06-18,7.86,7.92,7.74,7.88,3009800.0,23548028.0,368500000.0,0.008167706919945726,002105
2021-06-21,7.83,7.91,7.8,7.87,1967900.0,15485883.0,368500000.0,0.005340298507462687,002105
2021-06-22,7.86,7.9,7.82,7.87,1902200.0,14951642.0,368500000.0,0.005162008141112619,002105
2021-06-23,7.83,7.83,7.52,7.75,4939489.0,37899524.0,368500000.0,0.013404312075983717,002105
2021-06-24,7.68,7.81,7.65,7.73,1937500.0,14985060.0,368500000.0,0.005257801899592945,002105
2021-06-25,7.68,7.75,7.61,7.65,2299103.0,17606596.0,368500000.0,0.006239085481682497,002105
2021-06-28,7.65,7.8,7.62,7.77,2036330.0,15753177.0,368500000.0,0.005525997286295794,002105
2021-06-29,7.82,7.9,7.77,7.82,1988600.0,15551648.0,368500000.0,0.005396472184531886,002105
2021-06-30,7.86,8.09,7.72,7.97,4161172.0,32882966.0,368500000.0,0.011292189959294437,002105
2021-07-01,7.97,8.05,7.9,7.91,2438235.0,19411887.0,368500000.0,0.006616648575305291,002105
2021-07-02,7.92,7.96,7.75,7.76,1934800.0,15086381.0,368500000.0,0.005250474898236092,002105
2021-07-05,7.74,7.89,7.74,7.86,1668642.0,13023545.0,368500000.0,0.0045282008141112615,002105
2021-07-06,7.87,8.05,7.8,8.02,2348162.0,18573866.0,368500000.0,0.006372217096336499,002105
2021-07-07,7.98,8.09,7.95,8.06,2370501.0,19015255.0,368500000.0,0.006432838534599729,002105
2021-07-08,8.06,8.06,7.95,8.03,2261867.0,18080533.0,368500000.0,0.006138037991858887,002105
2021-07-09,7.88,7.92,7.74,7.91,2572218.0,20202315.0,368500000.0,0.006980238805970149,002105
2021-07-12,7.91,7.95,7.82,7.9,3040638.0,23980922.0,368500000.0,0.008251392130257803,002105
2021-07-13,7.87,7.89,7.77,7.84,1826651.0,14290732.0,368500000.0,0.0049569905020352785,002105
2021-07-14,7.83,8.03,7.79,7.94,3740690.0,29671556.0,368500000.0,0.01015112618724559,002105
2021-07-15,8.09,8.31,8.01,8.2,8835406.0,72449660.0,368500000.0,0.02397667842605156,002105
2021-07-16,8.1,9.02,8.05,8.5,11486401.0,98193692.0,368500000.0,0.031170694708276797,002105
2021-07-19,8.31,8.42,8.22,8.34,6004747.0,49856280.0,368500000.0,0.016295107191316147,002105
2021-07-20,8.23,8.3,8.11,8.23,4751265.0,38839396.0,368500000.0,0.012893527815468113,002105
2021-07-21,8.18,8.3,8.16,8.22,3430183.0,28228493.0,368500000.0,0.009308502035278155,002105
2021-07-22,8.2,8.29,8.16,8.23,2679600.0,22062475.0,368500000.0,0.007271641791044776,002105
2021-07-23,8.22,8.28,8.07,8.09,3250119.0,26466184.0,368500000.0,0.008819861601085482,002105
2021-07-26,8.09,8.14,7.9,7.95,2783705.0,22181765.0,368500000.0,0.0075541519674355495,002105
2021-07-27,7.96,8.02,7.72,7.78,2389693.0,18816488.0,368500000.0,0.0064849199457259156,002105
2021-07-28,7.78,7.8,7.5,7.51,2441328.0,18580342.0,368500000.0,0.0066250420624151965,002105
2021-07-29,7.59,7.74,7.59,7.66,1518328.0,11613917.0,368500000.0,0.004120293080054274,002105
2021-07-30,7.66,7.97,7.6,7.93,2421151.0,18946110.0,368500000.0,0.006570287652645862,002105
2021-08-02,7.9,8.0,7.83,7.91,2686082.0,21263330.0,368500000.0,0.007289232021709634,002105
2021-08-03,7.92,8.03,7.84,7.86,1698908.0,13459758.0,368500000.0,0.0046103337856173675,002105
2021-08-04,8.65,8.65,8.65,8.65,4213783.0,36449223.0,368500000.0,0.01143496065128901,002105
2021-08-05,9.0,9.48,8.73,8.79,29971470.0,270987498.0,368500000.0,0.08133370420624152,002105
2021-08-06,8.56,8.67,8.28,8.36,14037199.0,117674502.0,368500000.0,0.03809280597014925,002105
2021-08-09,8.28,8.54,8.18,8.38,8247240.0,69126921.0,368500000.0,0.02238056987788331,002105
2021-08-10,8.33,8.56,8.31,8.45,7539690.0,63418781.0,368500000.0,0.020460488466757125,002105
2021-08-11,8.41,8.45,8.3,8.32,5292300.0,44184260.0,368500000.0,0.014361736770691995,002105
2021-08-12,8.28,8.4,8.25,8.34,5224931.0,43458526.0,368500000.0,0.01417891723202171,002105
2021-08-13,8.35,8.35,8.19,8.22,4615700.0,38014078.0,368500000.0,0.012525644504748983,002105
2021-08-16,8.26,8.52,8.22,8.48,6923540.0,58232777.0,368500000.0,0.01878843962008141,002105
2021-08-17,8.43,8.44,8.17,8.19,5606885.0,46657907.0,368500000.0,0.015215427408412483,002105
2021-08-18,8.12,8.31,8.12,8.29,3304291.0,27224363.0,368500000.0,0.008966868385345998,002105
2021-08-19,8.29,8.43,8.2,8.4,3893748.0,32504984.0,368500000.0,0.010566480325644504,002105
2021-08-20,8.39,8.4,8.2,8.34,3214401.0,26565802.0,368500000.0,0.008722933514246948,002105
2021-08-23,8.34,8.52,8.34,8.45,6222735.0,52538830.0,368500000.0,0.016886662143826323,002105
2021-08-24,8.41,8.48,8.3,8.32,4377951.0,36487349.0,368500000.0,0.011880464043419267,002105
2021-08-25,8.32,8.65,8.26,8.62,8198793.0,69702644.0,368500000.0,0.022249099050203527,002105
2021-08-26,8.59,8.72,8.5,8.52,5943137.0,51143676.0,368500000.0,0.016127915875169607,002105
2021-08-27,8.5,8.58,8.46,8.55,3788249.0,32257218.0,368500000.0,0.01028018724559023,002105
2021-08-30,8.55,8.64,8.31,8.32,5653357.0,47536416.0,368500000.0,0.015341538670284939,002105
2021-08-31,8.29,8.37,8.18,8.24,4386567.0,36206763.0,368500000.0,0.011903845318860243,002105
2021-09-01,8.21,8.57,8.21,8.38,5903587.0,49536161.0,368500000.0,0.016020588873812754,002105
2021-09-02,8.32,8.37,8.26,8.3,4295844.0,35615680.0,368500000.0,0.011657649932157396,002105
2021-09-03,8.31,8.99,8.29,8.9,15363630.0,134098591.0,368500000.0,0.0416923473541384,002105
2021-09-06,8.79,9.05,8.77,8.88,8493368.0,75142738.0,368500000.0,0.023048488466757125,002105
2021-09-07,8.87,8.95,8.74,8.89,6547399.0,57889141.0,368500000.0,0.01776770420624152,002105
2021-09-08,8.83,9.23,8.79,9.12,9757911.0,88160215.0,368500000.0,0.026480084124830394,002105
2021-09-09,9.05,9.21,8.99,9.08,5702192.0,51758180.0,368500000.0,0.015474062415196744,002105
2021-09-10,9.05,9.13,8.85,8.88,7402419.0,66176902.0,368500000.0,0.020087975576662143,002105
2021-09-13,9.0,9.03,8.8,8.92,3677502.0,32783087.0,368500000.0,0.0099796526458616,002105
2021-09-14,8.9,9.15,8.83,9.06,6398350.0,57751518.0,368500000.0,0.017363229308005428,002105
2021-09-15,9.12,9.72,9.06,9.45,12658852.0,119191955.0,368500000.0,0.034352379918588874,002105
2021-09-16,9.44,9.46,9.09,9.12,7320312.0,67840955.0,368500000.0,0.01986516146540027,002105
2021-09-17,9.12,9.17,8.84,9.1,4849588.0,43593139.0,368500000.0,0.013160347354138398,002105
2021-09-22,8.99,9.06,8.86,8.93,3817400.0,34221290.0,368500000.0,0.010359294436906377,002105
2021-09-23,8.92,9.47,8.92,9.38,7863008.0,73096163.0,368500000.0,0.021337877883310718,002105
2021-09-24,9.34,9.56,9.22,9.39,6282267.0,58987301.0,368500000.0,0.017048214382632293,002105
2021-09-27,9.39,9.42,8.45,8.45,10644300.0,92823687.0,368500000.0,0.02888548168249661,002105
2021-09-28,8.35,8.6,8.31,8.52,4265305.0,36105521.0,368500000.0,0.011574776119402986,002105
2021-09-29,8.52,8.52,8.11,8.17,4586588.0,37796548.0,368500000.0,0.012446643147896879,002105
2021-09-30,8.17,8.48,8.14,8.32,3828540.0,31875701.0,368500000.0,0.010389525101763908,002105
2021-10-08,8.44,8.93,8.34,8.64,6312951.0,54967422.0,368500000.0,0.01713148168249661,002105
2021-10-11,8.72,8.98,8.58,8.82,4264983.0,37588961.0,368500000.0,0.011573902306648575,002105
2021-10-12,8.82,8.88,8.62,8.8,4006495.0,35168775.0,368500000.0,0.010872442333785617,002105
2021-10-13,8.8,9.05,8.8,9.02,5101700.0,45728461.0,368500000.0,0.013844504748982361,002105
2021-10-14,9.02,9.5,8.91,9.4,8010707.0,74365362.0,368500000.0,0.021738689280868386,002105
2021-10-15,9.53,10.34,9.36,10.34,29547172.0,301366934.0,368500000.0,0.08018228493894165,002105
2021-10-18,10.35,10.63,9.68,10.45,30725782.0,311536904.0,368500000.0,0.08338068385345997,002105
2021-10-19,10.15,10.69,10.1,10.52,16735155.0,175044696.0,368500000.0,0.0454142605156038,002105
2021-10-20,10.6,10.75,10.23,10.33,11667927.0,120749313.0,368500000.0,0.031663302578019,002105
2021-10-21,10.29,10.55,10.11,10.31,7786714.0,80246443.0,368500000.0,0.021130838534599728,002105
2021-10-22,10.38,10.39,10.08,10.12,5506538.0,56009543.0,368500000.0,0.014943115332428765,002105
2021-10-25,10.18,10.19,9.79,9.94,7672300.0,76087159.0,368500000.0,0.02082035278154681,002105
2021-10-26,10.0,10.72,9.68,9.7,18413223.0,185576835.0,368500000.0,0.04996804070556309,002105
2021-10-27,9.76,9.88,9.26,9.32,11801830.0,111242327.0,368500000.0,0.03202667571234735,002105
2021-10-28,9.29,9.35,8.93,8.99,6407200.0,58220761.0,368500000.0,0.017387245590230666,002105
2021-10-29,8.99,9.43,8.89,9.37,7407537.0,68584886.0,368500000.0,0.020101864314789688,002105
2021-11-01,9.31,9.56,9.25,9.29,6663125.0,62492321.0,368500000.0,0.018081750339213026,002105
2021-11-02,9.29,9.6,9.0,9.14,5777288.0,53499759.0,368500000.0,0.015677850746268658,002105
2021-11-03,9.14,9.37,9.14,9.34,4797767.0,44442254.0,368500000.0,0.013019720488466757,002105
2021-11-04,9.38,9.42,9.14,9.22,4607117.0,42456477.0,368500000.0,0.012502352781546811,002105
2021-11-05,9.22,9.4,9.06,9.14,4468003.0,41121543.0,368500000.0,0.012124838534599728,002105
2021-11-08,9.17,9.33,8.99,9.28,4474738.0,41023227.0,368500000.0,0.012143115332428765,002105
2021-11-09,9.28,9.29,9.1,9.22,3285176.0,30128127.0,368500000.0,0.00891499592944369,002105
2021-11-10,9.17,9.42,9.08,9.34,4615334.0,42595522.0,368500000.0,0.012524651289009498,002105
2021-11-11,9.34,9.95,9.26,9.89,9218818.0,89441685.0,368500000.0,0.025017145183175035,002105
2021-11-12,9.8,10.03,9.65,9.83,6717029.0,65790352.0,368500000.0,0.01822802985074627,002105
2021-11-15,9.8,9.83,9.56,9.59,6329167.0,60938277.0,368500000.0,0.01717548710990502,002105
2021-11-16,9.57,9.77,9.52,9.69,5396901.0,52152578.0,368500000.0,0.014645592944369065,002105
2021-11-17,9.68,9.76,9.57,9.75,4115868.0,39753758.0,368500000.0,0.011169248303934872,002105
2021-11-18,9.68,9.91,9.49,9.49,4712150.0,45768154.0,368500000.0,0.012787381275440978,002105
2021-11-19,9.5,9.72,9.45,9.58,4159516.0,39958096.0,368500000.0,0.0112876960651289,002105
2021-11-22,9.78,10.53,9.73,10.37,17492432.0,179007325.0,368500000.0,0.04746928629579376,002105
2021-11-23,10.28,10.35,9.91,9.97,8610478.0,86764567.0,368500000.0,0.023366290366350066,002105
2021-11-24,10.0,10.05,9.87,9.95,4632829.0,46154466.0,368500000.0,0.012572127544097693,002105
2021-11-25,10.14,10.34,9.65,9.66,9015000.0,89543868.0,368500000.0,0.0244640434192673,002105
2021-11-26,9.76,10.1,9.64,9.9,8396513.0,83364008.0,368500000.0,0.0227856526458616,002105
2021-11-29,9.7,9.85,9.64,9.8,4985500.0,48596427.0,368500000.0,0.013529172320217097,002105
2021-11-30,9.8,10.24,9.73,10.1,7763905.0,77853689.0,368500000.0,0.021068941655359566,002105
2021-12-01,10.05,10.25,9.83,10.0,11399553.0,114276704.0,368500000.0,0.030935014925373136,002105
2021-12-02,10.01,10.04,9.78,9.81,6264769.0,61948550.0,368500000.0,0.017000729986431477,002105
2021-12-03,9.73,9.86,9.67,9.72,4596692.0,44711827.0,368500000.0,0.012474062415196744,002105
2021-12-06,9.68,9.73,9.06,9.11,9969353.0,92691844.0,368500000.0,0.027053875169606514,002105
2021-12-07,9.13,9.18,8.93,9.09,4505730.0,40768037.0,368500000.0,0.012227218453188603,002105
2021-12-08,9.09,9.16,9.0,9.06,4008306.0,36325322.0,368500000.0,0.01087735685210312,002105
2021-12-09,9.07,9.1,8.97,9.04,4220201.0,38042491.0,368500000.0,0.011452377204884668,002105
2021-12-10,9.08,9.22,9.02,9.08,4281147.0,39057344.0,368500000.0,0.011617766621438264,002105
2021-12-13,9.07,9.14,9.02,9.1,3375331.0,30626622.0,368500000.0,0.009159649932157395,002105
2021-12-14,9.08,9.11,9.04,9.09,2373070.0,21521040.0,368500000.0,0.006439810040705563,002105
2021-12-15,9.07,9.29,9.05,9.23,4065733.0,37347041.0,368500000.0,0.011033196743554952,002105
2021-12-16,9.17,9.26,9.16,9.23,3293697.0,30331898.0,368500000.0,0.008938119402985075,002105
2021-12-17,9.23,9.26,9.14,9.22,2678987.0,24673303.0,368500000.0,0.00726997829036635,002105
2021-12-20,9.18,9.31,9.09,9.11,3244600.0,29825393.0,368500000.0,0.008804884667571235,002105
2021-12-21,9.16,9.18,9.02,9.13,2510915.0,22830766.0,368500000.0,0.006813880597014926,002105
2021-12-22,9.15,9.23,9.1,9.21,2425889.0,22250421.0,368500000.0,0.006583145183175034,002105
2021-12-23,9.21,9.35,9.13,9.3,3488876.0,32279350.0,368500000.0,0.009467777476255088,002105
2021-12-24,9.33,9.46,9.05,9.06,6016713.0,55594073.0,368500000.0,0.01632757937584803,002105
2021-12-27,9.04,9.15,9.0,9.07,2976350.0,27028861.0,368500000.0,0.008076933514246947,002105
2021-12-28,9.1,9.33,9.06,9.24,3369675.0,31030751.0,368500000.0,0.009144301221166893,002105
2021-12-29,9.24,9.49,9.24,9.28,5011275.0,46952147.0,368500000.0,0.013599118046132971,002105
2021-12-30,9.27,9.48,9.25,9.44,4787003.0,45059080.0,368500000.0,0.012990510176390774,002105
2021-12-31,9.41,10.25,9.41,9.99,18679731.0,185796882.0,368500000.0,0.050691264586160106,002105
2022-01-04,9.99,10.99,9.91,10.99,20394702.0,216918714.0,368500000.0,0.055345188602442336,002105
2022-01-05,11.04,11.28,10.3,10.74,20925854.0,225704274.0,368500000.0,0.05678657801899593,002105
2022-01-06,10.72,10.94,10.61,10.8,8667049.0,93532665.0,368500000.0,0.023519807327001357,002105
2022-01-07,10.8,10.85,10.32,10.38,11355294.0,118847974.0,368500000.0,0.03081490909090909,002105
2022-01-10,10.41,10.67,10.22,10.43,6407317.0,67064711.0,368500000.0,0.017387563093622795,002105
2022-01-11,10.57,10.77,10.42,10.45,5530600.0,58546339.0,368500000.0,0.015008412483039349,002105
2022-01-12,10.45,10.58,10.29,10.39,6844900.0,71087771.0,368500000.0,0.018575033921302577,002105
2022-01-13,10.39,10.46,10.25,10.36,4719675.0,48850678.0,368500000.0,0.012807801899592944,002105
2022-01-14,10.36,10.63,10.21,10.42,5106636.0,53359306.0,368500000.0,0.013857899592944369,002105
2022-01-17,10.62,10.69,10.31,10.57,5140245.0,53805232.0,368500000.0,0.01394910447761194,002105
2022-01-18,10.56,10.56,10.09,10.12,5809821.0,59347050.0,368500000.0,0.015766135685210313,002105
2022-01-19,10.18,10.35,10.02,10.32,5346887.0,54596582.0,368500000.0,0.0145098697421981,002105
2022-01-20,10.31,10.34,9.69,9.71,6467916.0,64081203.0,368500000.0,0.017552010854816825,002105
2022-01-21,9.76,9.84,9.56,9.64,4200745.0,40627464.0,368500000.0,0.011399579375848033,002105
2022-01-24,9.56,9.7,9.56,9.61,2771300.0,26692749.0,368500000.0,0.007520488466757123,002105
2022-01-25,9.61,9.85,9.17,9.18,4647164.0,43950079.0,368500000.0,0.012611028493894165,002105
2022-01-26,9.21,9.3,9.04,9.3,2716600.0,24984884.0,368500000.0,0.007372048846675712,002105
2022-01-27,9.6,9.71,8.89,9.32,10706475.0,98554406.0,368500000.0,0.029054206241519675,002105
2022-01-28,9.2,9.43,8.9,9.19,7197100.0,66111291.0,368500000.0,0.019530800542740843,002105
2022-02-07,9.33,9.52,9.25,9.27,5786800.0,54201906.0,368500000.0,0.015703663500678425,002105
2022-02-08,9.31,9.75,9.22,9.71,5507223.0,52448162.0,368500000.0,0.014944974219810041,002105
2022-02-09,9.7,10.33,9.61,10.27,11163241.0,112114016.0,368500000.0,0.03029373405698779,002105
2022-02-10,10.36,10.53,10.07,10.13,5827145.0,59526337.0,368500000.0,0.01581314789687924,002105
2022-02-11,10.17,10.21,9.82,9.85,4964700.0,49453389.0,368500000.0,0.013472727272727273,002105
2022-02-14,9.8,10.06,9.68,9.95,3230600.0,32019594.0,368500000.0,0.008766892808683853,002105
2022-02-15,9.97,9.97,9.55,9.6,8038823.0,77929937.0,368500000.0,0.02181498778833107,002105
2022-02-16,9.71,9.96,9.67,9.84,5256840.0,51666036.0,368500000.0,0.014265508819538671,002105
2022-02-17,9.8,9.94,9.72,9.74,3703140.0,36366381.0,368500000.0,0.01004922659430122,002105
2022-02-18,9.75,10.07,9.6,10.03,6087052.0,60272995.0,368500000.0,0.016518458616010853,002105
2022-02-21,10.01,10.2,9.87,10.14,4172100.0,41988987.0,368500000.0,0.011321845318860244,002105
2022-02-22,10.07,10.37,9.96,10.04,6138900.0,62116625.0,368500000.0,0.016659158751696067,002105
2022-02-23,10.03,10.13,9.94,9.98,4463118.0,44684210.0,368500000.0,0.012111582089552238,002105
2022-02-24,9.95,10.12,9.5,9.63,6964330.0,68314718.0,368500000.0,0.018899131614654004,002105
2022-02-25,9.69,9.98,9.69,9.74,3020564.0,29590567.0,368500000.0,0.008196917232021709,002105
2022-02-28,9.83,9.83,9.34,9.48,4593359.0,43435297.0,368500000.0,0.01246501763907734,002105
2022-03-01,9.49,9.63,9.45,9.55,2173312.0,20721190.0,368500000.0,0.0058977259158751695,002105
2022-03-02,9.47,9.61,9.42,9.55,2418075.0,23062143.0,368500000.0,0.006561940298507462,002105
2022-03-03,9.6,9.62,9.46,9.47,2623500.0,24973799.0,368500000.0,0.007119402985074627,002105
2022-03-04,9.41,9.51,9.31,9.35,3924301.0,36884684.0,368500000.0,0.010649392130257802,002105
2022-03-07,9.3,9.36,9.15,9.2,4032701.0,37302633.0,368500000.0,0.010943557666214382,002105
2022-03-08,9.2,9.25,8.88,8.89,4660400.0,42039523.0,368500000.0,0.012646947082767979,002105
2022-03-09,8.89,8.98,8.21,8.64,6753609.0,58055971.0,368500000.0,0.018327297150610582,002105
2022-03-10,8.76,8.93,8.69,8.72,4366560.0,38466008.0,368500000.0,0.01184955223880597,002105
2022-03-11,8.74,8.88,8.5,8.85,4116223.0,35667946.0,368500000.0,0.011170211668928088,002105
2022-03-14,8.84,8.88,8.55,8.57,3317390.0,28792934.0,368500000.0,0.009002415196743555,002105
2022-03-15,8.43,8.46,7.9,7.93,4570342.0,37476050.0,368500000.0,0.01240255630936228,002105
2022-03-16,8.04,8.16,7.5,8.08,4681466.0,37374892.0,368500000.0,0.012704113975576662,002105
2022-03-17,8.23,8.36,8.1,8.15,3466936.0,28532603.0,368500000.0,0.00940823880597015,002105
2022-03-18,8.19,8.36,8.11,8.32,2539055.0,20959960.0,368500000.0,0.0068902442333785615,002105
2022-03-21,8.3,8.62,8.28,8.56,4048500.0,34299697.0,368500000.0,0.010986431478968793,002105
2022-03-22,8.49,8.6,8.41,8.56,2920100.0,24874082.0,368500000.0,0.007924287652645861,002105
2022-03-23,8.53,8.91,8.46,8.85,6124902.0,53292970.0,368500000.0,0.016621172320217096,002105
2022-03-24,8.6,8.76,8.3,8.48,11194755.0,94940569.0,368500000.0,0.030379253731343283,002105
2022-03-25,8.6,9.3,8.6,8.67,13179455.0,116765334.0,368500000.0,0.03576514246947083,002105
2022-03-28,8.43,8.63,8.23,8.48,8461543.0,71239892.0,368500000.0,0.022962124830393487,002105
2022-03-29,8.52,8.52,8.33,8.38,4572790.0,38517207.0,368500000.0,0.012409199457259159,002105
2022-03-30,8.41,8.48,8.36,8.43,2998100.0,25242823.0,368500000.0,0.0081359565807327,002105
2022-03-31,8.43,8.51,8.36,8.41,2907000.0,24505654.0,368500000.0,0.007888738127544098,002105
2022-04-01,8.37,8.39,8.2,8.31,2915857.0,24257892.0,368500000.0,0.007912773405698778,002105
2022-04-06,8.3,8.45,8.23,8.32,3153737.0,26309401.0,368500000.0,0.008558309362279512,002105
2022-04-07,8.33,8.34,8.04,8.07,4474800.0,36421048.0,368500000.0,0.012143283582089551,002105
2022-04-08,8.07,8.11,7.89,7.91,3451010.0,27478790.0,368500000.0,0.009365020352781547,002105
2022-04-11,7.93,7.93,7.6,7.64,3788110.0,29348685.0,368500000.0,0.010279810040705563,002105
2022-04-12,7.65,7.78,7.6,7.77,2545928.0,19533152.0,368500000.0,0.00690889552238806,002105
2022-04-13,7.76,7.79,7.52,7.65,2889000.0,22101452.0,368500000.0,0.00783989145183175,002105
2022-04-14,7.65,7.8,7.65,7.72,2509800.0,19404818.0,368500000.0,0.006810854816824966,002105
2022-04-15,7.74,7.74,7.51,7.57,3378200.0,25689559.0,368500000.0,0.009167435549525102,002105
2022-04-18,7.57,7.65,7.38,7.62,1874800.0,14141128.0,368500000.0,0.005087652645861601,002105
2022-04-19,7.65,7.71,7.57,7.66,2112000.0,16147114.0,368500000.0,0.00573134328358209,002105
2022-04-20,7.66,7.78,7.62,7.67,2073100.0,15985360.0,368500000.0,0.005625780189959294,002105
2022-04-21,7.63,7.65,7.29,7.3,2808300.0,20894166.0,368500000.0,0.00762089552238806,002105
2022-04-22,7.45,7.8,7.3,7.52,5422832.0,40576647.0,368500000.0,0.014715962008141112,002105
2022-04-25,7.59,7.89,7.51,7.59,12051331.0,92994491.0,368500000.0,0.03270374762550882,002105
2022-04-26,7.73,7.73,6.83,6.83,10976603.0,78239794.0,368500000.0,0.029787253731343284,002105
2022-04-27,6.48,7.04,6.45,7.02,6469000.0,43124709.0,368500000.0,0.01755495251017639,002105
2022-04-28,6.84,7.18,6.84,7.01,5223230.0,36580272.0,368500000.0,0.014174301221166892,002105
2022-04-29,6.9,7.1,6.88,7.01,7532393.0,52552351.0,368500000.0,0.02044068656716418,002105
2022-05-05,7.0,7.25,6.95,7.17,5493550.0,39145507.0,368500000.0,0.0149078697421981,002105
2022-05-06,7.03,7.13,6.95,7.09,3387050.0,23930967.0,368500000.0,0.009191451831750339,002105
2022-05-09,7.08,7.18,7.07,7.15,3043970.0,21709268.0,368500000.0,0.008260434192672998,002105
2022-05-10,7.09,7.28,7.03,7.22,3658340.0,26179628.0,368500000.0,0.0099276526458616,002105
2022-05-11,7.33,7.94,7.33,7.51,14898168.0,113481091.0,368500000.0,0.040429221166892806,002105
2022-05-12,7.2,7.61,7.17,7.42,8768468.0,65198472.0,368500000.0,0.023795028493894164,002105
2022-05-13,7.45,7.54,7.35,7.37,4750225.0,35221884.0,368500000.0,0.012890705563093623,002105
2022-05-16,7.4,7.48,7.24,7.28,4451300.0,32635363.0,368500000.0,0.012079511533242876,002105
2022-05-17,7.28,7.3,7.14,7.22,2498257.0,18016742.0,368500000.0,0.00677953052917232,002105
2022-05-18,7.27,7.47,7.22,7.4,5217000.0,38617736.0,368500000.0,0.014157394843962008,002105
2022-05-19,7.33,7.6,7.31,7.53,4771337.0,35781925.0,368500000.0,0.012947997286295794,002105
2022-05-20,7.59,7.6,7.47,7.54,3539047.0,26643591.0,368500000.0,0.009603926729986431,002105
2022-05-23,7.56,7.58,7.48,7.58,2697600.0,20295825.0,368500000.0,0.007320488466757123,002105
2022-05-24,7.55,7.55,7.21,7.22,3421910.0,25296903.0,368500000.0,0.009286051560379918,002105
2022-05-25,7.2,7.34,7.17,7.33,3001101.0,21752376.0,368500000.0,0.00814410040705563,002105
2022-05-26,7.61,7.91,7.4,7.61,7965068.0,60433770.0,368500000.0,0.02161483853459973,002105
2022-05-27,7.56,7.8,7.54,7.59,5406303.0,41398389.0,368500000.0,0.014671107191316146,002105
2022-05-30,7.6,7.7,7.5,7.65,3808300.0,29009189.0,368500000.0,0.01033459972862958,002105
2022-05-31,7.61,7.64,7.52,7.63,3184011.0,24183785.0,368500000.0,0.008640464043419267,002105
2022-06-01,7.65,7.76,7.57,7.68,3660900.0,28074590.0,368500000.0,0.009934599728629579,002105
2022-06-02,7.64,7.74,7.53,7.7,2800500.0,21405217.0,368500000.0,0.007599728629579376,002105
2022-06-06,7.8,8.0,7.67,7.98,6346700.0,49837266.0,368500000.0,0.017223066485753055,002105
2022-06-07,8.06,8.19,7.8,7.84,5226010.0,41287625.0,368500000.0,0.014181845318860244,002105
2022-06-08,7.84,7.92,7.63,7.76,3612800.0,28076262.0,368500000.0,0.009804070556309363,002105
2022-06-09,7.73,7.99,7.64,7.67,6206200.0,48220524.0,368500000.0,0.01684179104477612,002105
2022-06-10,7.7,7.85,7.6,7.84,3765587.0,29329952.0,368500000.0,0.010218689280868385,002105
2022-06-13,7.75,8.08,7.75,7.93,4594700.0,36431179.0,368500000.0,0.012468656716417911,002105
2022-06-14,7.9,7.9,7.68,7.9,3624700.0,28317487.0,368500000.0,0.009836363636363636,002105
2022-06-15,8.19,8.45,8.0,8.0,10760700.0,88029239.0,368500000.0,0.029201356852103122,002105
2022-06-16,7.93,8.2,7.88,8.07,10839600.0,87248982.0,368500000.0,0.029415468113975576,002105
2022-06-17,7.78,7.96,7.67,7.87,7125491.0,55524642.0,368500000.0,0.019336474898236092,002105
2022-06-20,7.92,8.06,7.88,7.94,8112700.0,64657765.0,368500000.0,0.022015468113975575,002105
2022-06-21,7.93,7.93,7.69,7.79,5555441.0,43362656.0,368500000.0,0.015075823609226595,002105
2022-06-22,7.88,7.88,7.6,7.62,3891976.0,29985274.0,368500000.0,0.010561671641791046,002105
2022-06-23,7.66,7.81,7.62,7.81,4617800.0,35725456.0,368500000.0,0.012531343283582089,002105
2022-06-24,7.83,7.88,7.77,7.88,7284872.0,57014077.0,368500000.0,0.019768987788331072,002105
2022-06-27,7.88,7.88,7.77,7.83,4217989.0,33000199.0,368500000.0,0.011446374491180461,002105
2022-06-28,7.86,8.03,7.78,7.99,6636077.0,52487635.0,368500000.0,0.018008350067842606,002105
2022-06-29,7.97,8.01,7.8,7.8,4793505.0,37821475.0,368500000.0,0.013008154681139755,002105
2022-06-30,7.77,7.87,7.73,7.81,3985400.0,31095672.0,368500000.0,0.010815196743554953,002105
2022-07-01,7.82,7.86,7.71,7.74,3294337.0,25591324.0,368500000.0,0.008939856173677069,002105
2022-07-04,7.78,7.81,7.73,7.78,2651417.0,20602100.0,368500000.0,0.0071951614654002715,002105
2022-07-05,7.87,8.14,7.82,8.0,9533921.0,76006828.0,368500000.0,0.025872241519674356,002105
2022-07-06,7.95,8.3,7.87,8.08,12628365.0,101776626.0,368500000.0,0.034269647218453186,002105
2022-07-07,7.99,8.15,7.92,8.03,8355902.0,66909040.0,368500000.0,0.022675446404341926,002105
2022-07-08,8.0,8.15,7.94,7.95,6243078.0,50148210.0,368500000.0,0.016941867028493894,002105
2022-07-11,7.93,7.94,7.66,7.72,5526500.0,42919954.0,368500000.0,0.014997286295793758,002105
2022-07-12,7.71,7.76,7.51,7.55,4130268.0,31483044.0,368500000.0,0.01120832564450475,002105
2022-07-13,7.52,7.61,7.51,7.59,2657620.0,20105146.0,368500000.0,0.007211994572591587,002105
2022-07-14,7.59,7.9,7.59,7.73,5342288.0,41540389.0,368500000.0,0.014497389416553595,002105
2022-07-15,7.68,7.92,7.6,7.6,4910300.0,37893132.0,368500000.0,0.013325101763907735,002105
2022-07-18,7.6,7.82,7.59,7.81,4252700.0,32994617.0,368500000.0,0.01154056987788331,002105
2022-07-19,7.83,7.88,7.78,7.87,3215632.0,25219022.0,368500000.0,0.008726274084124831,002105
2022-07-20,7.88,7.94,7.82,7.93,3788678.0,29914704.0,368500000.0,0.010281351424694708,002105
2022-07-21,7.92,7.98,7.87,7.9,3712389.0,29414764.0,368500000.0,0.010074325644504748,002105
2022-07-22,7.9,7.98,7.78,7.91,2729600.0,21542276.0,368500000.0,0.007407327001356852,002105
2022-07-25,7.91,7.95,7.77,7.81,2559100.0,20029958.0,368500000.0,0.006944640434192673,002105
2022-07-26,7.83,7.89,7.75,7.87,2585213.0,20238523.0,368500000.0,0.007015503392130258,002105
2022-07-27,7.85,7.93,7.83,7.93,2905000.0,22906783.0,368500000.0,0.007883310719131615,002105
2022-07-28,7.93,7.98,7.92,7.94,2871901.0,22820277.0,368500000.0,0.007793489823609227,002105
2022-07-29,7.95,7.98,7.85,7.86,2240501.0,17686316.0,368500000.0,0.006080056987788331,002105
2022-08-01,7.88,7.92,7.74,7.84,2889500.0,22546502.0,368500000.0,0.00784124830393487,002105
2022-08-02,7.8,7.8,7.32,7.32,6701910.0,50173520.0,368500000.0,0.018187001356852105,002105
2022-08-03,7.35,7.52,7.15,7.21,4758000.0,35116579.0,368500000.0,0.01291180461329715,002105
2022-08-04,7.25,7.32,7.04,7.19,3770200.0,27029493.0,368500000.0,0.010231207598371778,002105
2022-08-05,7.19,7.28,7.13,7.25,2917700.0,21005241.0,368500000.0,0.007917774762550883,002105
2022-08-08,7.25,7.29,7.16,7.27,3471501.0,25186061.0,368500000.0,0.009420626865671642,002105
2022-08-09,7.28,7.36,7.25,7.28,2286200.0,16661993.0,368500000.0,0.006204070556309362,002105
2022-08-10,7.29,7.35,7.22,7.34,2974100.0,21707050.0,368500000.0,0.008070827679782904,002105
2022-08-11,7.36,7.47,7.34,7.43,2889037.0,21429773.0,368500000.0,0.00783999185888738,002105
2022-08-12,7.44,7.83,7.38,7.54,6447369.0,49089800.0,368500000.0,0.01749625237449118,002105
2022-08-15,7.5,7.66,7.5,7.63,4307101.0,32701451.0,368500000.0,0.011688198100407056,002105
2022-08-16,7.67,7.74,7.6,7.66,2807639.0,21504340.0,368500000.0,0.0076191017639077345,002105
2022-08-17,7.67,7.71,7.56,7.7,2934500.0,22402966.0,368500000.0,0.00796336499321574,002105
2022-08-18,7.68,7.72,7.56,7.58,2886238.0,21953638.0,368500000.0,0.007832396200814112,002105
2022-08-19,7.57,7.64,7.49,7.49,2511000.0,18962203.0,368500000.0,0.006814111261872456,002105
2022-08-22,7.46,7.51,7.36,7.48,3640238.0,27166379.0,368500000.0,0.009878529172320218,002105
2022-08-23,7.48,7.6,7.43,7.6,3206100.0,24115772.0,368500000.0,0.008700407055630936,002105
2022-08-24,7.65,7.76,7.39,7.39,5389783.0,40672058.0,368500000.0,0.014626276797829036,002105
2022-08-25,7.41,7.49,7.28,7.42,3246280.0,23989996.0,368500000.0,0.00880944369063772,002105
2022-08-26,7.5,7.62,7.49,7.51,5491085.0,41492743.0,368500000.0,0.014901180461329716,002105
2022-08-29,7.45,7.6,7.35,7.6,4414800.0,33183022.0,368500000.0,0.01198046132971506,002105
2022-08-30,7.6,7.65,7.53,7.62,4039100.0,30666983.0,368500000.0,0.010960922659430121,002105
2022-08-31,7.6,7.6,7.38,7.39,3446461.0,25695336.0,368500000.0,0.009352675712347354,002105
2022-09-01,7.38,7.46,7.28,7.31,3842600.0,28337549.0,368500000.0,0.010427679782903664,002105
2022-09-02,7.34,7.47,7.24,7.44,2590001.0,19170252.0,368500000.0,0.007028496607869742,002105
2022-09-05,7.47,7.57,7.36,7.41,2456821.0,18231415.0,368500000.0,0.0066670854816824965,002105
2022-09-06,7.45,7.5,7.38,7.5,2743800.0,20458789.0,368500000.0,0.0074458616010854815,002105
2022-09-07,7.5,7.5,7.41,7.45,2866500.0,21343446.0,368500000.0,0.007778833107191316,002105
2022-09-08,7.44,7.48,7.29,7.3,3504500.0,25772459.0,368500000.0,0.009510176390773405,002105
2022-09-09,7.29,7.33,7.1,7.21,4392954.0,31670740.0,368500000.0,0.011921177747625508,002105
2022-09-13,7.25,7.34,7.22,7.26,3189000.0,23191572.0,368500000.0,0.008654002713704206,002105
2022-09-14,7.18,7.2,7.09,7.13,2479500.0,17694707.0,368500000.0,0.006728629579375848,002105
2022-09-15,7.15,7.18,6.85,6.92,4306000.0,30076167.0,368500000.0,0.011685210312075985,002105
2022-09-16,6.89,6.98,6.76,6.78,2441500.0,16766541.0,368500000.0,0.00662550881953867,002105
2022-09-19,6.74,6.78,6.57,6.62,3261830.0,21708634.0,368500000.0,0.008851641791044777,002105
2022-09-20,6.67,6.78,6.67,6.76,2679998.0,18071098.0,368500000.0,0.00727272184531886,002105
2022-09-21,6.75,6.83,6.64,6.79,1667600.0,11247232.0,368500000.0,0.004525373134328358,002105
2022-09-22,6.73,6.79,6.71,6.73,1828600.0,12330382.0,368500000.0,0.004962279511533243,002105
2022-09-23,6.71,6.75,6.54,6.59,2064091.0,13685449.0,368500000.0,0.005601332428765264,002105
2022-09-26,6.58,6.58,6.4,6.45,2533268.0,16440388.0,368500000.0,0.006874540027137042,002105
2022-09-27,6.49,6.64,6.47,6.62,1994528.0,13084894.0,368500000.0,0.005412559023066486,002105
2022-09-28,6.63,6.79,6.52,6.53,2567368.0,17022035.0,368500000.0,0.006967077340569878,002105
2022-09-29,6.61,6.7,6.51,6.55,2714300.0,17951843.0,368500000.0,0.007365807327001357,002105
2022-09-30,6.51,6.58,6.43,6.49,2118475.0,13751631.0,368500000.0,0.0057489145183175034,002105
2022-10-10,6.5,6.56,6.32,6.37,2513038.0,16192698.0,368500000.0,0.006819641791044776,002105
2022-10-11,6.36,6.47,6.28,6.46,1407209.0,8988528.0,368500000.0,0.0038187489823609225,002105
2022-10-12,6.4,6.57,6.34,6.57,1984172.0,12804369.0,368500000.0,0.0053844559023066485,002105
2022-10-13,6.52,6.66,6.51,6.63,1962100.0,12947968.0,368500000.0,0.005324559023066486,002105
2022-10-14,6.66,6.76,6.65,6.72,2964863.0,19920493.0,368500000.0,0.008045761194029851,002105
2022-10-17,6.73,7.39,6.7,7.39,5257420.0,38349216.0,368500000.0,0.01426708276797829,002105
2022-10-18,7.5,7.63,7.31,7.34,22652434.0,168915727.0,368500000.0,0.06147200542740841,002105
2022-10-19,7.2,7.88,7.05,7.29,18821180.0,137212549.0,368500000.0,0.05107511533242876,002105
2022-10-20,7.21,7.5,7.14,7.37,14136900.0,103925232.0,368500000.0,0.03836336499321574,002105
2022-10-21,7.3,7.37,7.08,7.16,9414246.0,67592380.0,368500000.0,0.025547478968792402,002105
2022-10-24,7.2,7.22,6.75,6.85,11689950.0,81430318.0,368500000.0,0.03172306648575305,002105
2022-10-25,6.84,6.86,6.6,6.78,7105049.0,47689643.0,368500000.0,0.019281001356852102,002105
2022-10-26,6.84,7.16,6.84,7.05,8569292.0,60361093.0,368500000.0,0.023254523744911805,002105
2022-10-27,6.87,7.08,6.87,6.95,7163703.0,49899443.0,368500000.0,0.01944017096336499,002105
2022-10-28,6.91,6.98,6.63,6.64,6286496.0,42742980.0,368500000.0,0.01705969063772049,002105
2022-10-31,6.68,6.81,6.5,6.73,3977800.0,26743182.0,368500000.0,0.010794572591587517,002105
2022-11-01,6.77,6.9,6.71,6.89,3936810.0,26819408.0,368500000.0,0.010683337856173676,002105
2022-11-02,6.89,6.95,6.81,6.91,4019613.0,27719067.0,368500000.0,0.010908040705563093,002105
2022-11-03,6.86,6.93,6.82,6.91,3307073.0,22790629.0,368500000.0,0.00897441791044776,002105
2022-11-04,6.93,7.02,6.89,7.0,4233700.0,29486531.0,368500000.0,0.011489009497964721,002105
2022-11-07,6.99,7.2,6.93,7.16,7231141.0,51107456.0,368500000.0,0.01962317774762551,002105
2022-11-08,7.23,7.35,7.14,7.21,8149644.0,58669481.0,368500000.0,0.022115723202170964,002105
2022-11-09,7.22,7.29,7.15,7.16,5035718.0,36309121.0,368500000.0,0.013665449118046133,002105
2022-11-10,7.14,7.2,7.1,7.14,3798008.0,27124515.0,368500000.0,0.010306670284938941,002105
2022-11-11,7.26,7.33,7.14,7.15,4933320.0,35616089.0,368500000.0,0.013387571234735414,002105
2022-11-14,7.14,7.16,7.05,7.11,4102884.0,29183623.0,368500000.0,0.01113401356852103,002105
2022-11-15,7.15,7.17,7.06,7.17,3834607.0,27318045.0,368500000.0,0.010405989145183175,002105
2022-11-16,7.16,7.21,7.14,7.2,3521190.0,25294843.0,368500000.0,0.009555468113975576,002105
2022-11-17,7.15,7.18,7.1,7.16,3023900.0,21564700.0,368500000.0,0.00820597014925373,002105
2022-11-18,7.16,7.19,7.07,7.09,3226240.0,23034261.0,368500000.0,0.00875506105834464,002105
2022-11-21,7.08,7.08,6.92,7.06,2652717.0,18659579.0,368500000.0,0.007198689280868385,002105
2022-11-22,7.07,7.12,6.94,6.99,2888499.0,20313446.0,368500000.0,0.007838531886024423,002105
2022-11-23,7.01,7.06,6.82,6.94,2964058.0,20501862.0,368500000.0,0.008043576662143826,002105
2022-11-24,6.97,7.02,6.87,6.91,2267100.0,15707530.0,368500000.0,0.006152238805970149,002105
2022-11-25,6.86,6.91,6.82,6.83,2834608.0,19450312.0,368500000.0,0.007692287652645862,002105
2022-11-28,6.77,6.87,6.66,6.76,2136600.0,14412855.0,368500000.0,0.005798100407055631,002105
2022-11-29,6.76,6.91,6.74,6.9,2822587.0,19347755.0,368500000.0,0.007659666214382632,002105
2022-11-30,6.92,7.59,6.87,7.59,26793948.0,198246077.0,368500000.0,0.07271084938941655,002105
2022-12-01,7.59,7.59,7.26,7.33,30252518.0,222678634.0,368500000.0,0.08209638534599728,002105
2022-12-02,7.33,7.56,7.18,7.25,14374400.0,104847953.0,368500000.0,0.0390078697421981,002105
2022-12-05,7.3,7.38,7.18,7.3,11347323.0,82617624.0,368500000.0,0.03079327815468114,002105
2022-12-06,7.26,7.32,7.22,7.3,6764119.0,49271595.0,368500000.0,0.01835581818181818,002105
2022-12-07,7.27,7.29,7.21,7.28,5142429.0,37266980.0,368500000.0,0.013955031207598372,002105
2022-12-08,7.31,7.43,7.29,7.33,10019200.0,73631597.0,368500000.0,0.027189145183175036,002105
2022-12-09,7.27,7.39,7.24,7.38,6829269.0,49952608.0,368500000.0,0.018532616010854815,002105
2022-12-12,7.4,7.46,7.3,7.34,6202718.0,45693903.0,368500000.0,0.016832341926729985,002105
2022-12-13,7.33,7.39,7.25,7.37,5414100.0,39724846.0,368500000.0,0.014692265943012211,002105
2022-12-14,7.37,7.39,7.23,7.3,3948936.0,28801096.0,368500000.0,0.010716244233378561,002105
2022-12-15,7.33,7.35,7.24,7.31,3081300.0,22455142.0,368500000.0,0.008361736770691994,002105
2022-12-16,7.3,7.3,7.12,7.15,4386813.0,31527251.0,368500000.0,0.01190451289009498,002105
2022-12-19,7.38,7.49,7.02,7.05,7432994.0,53605413.0,368500000.0,0.020170947082767978,002105
2022-12-20,7.02,7.19,6.96,7.11,5576054.0,39537317.0,368500000.0,0.01513176119402985,002105
2022-12-21,7.09,7.14,6.98,7.12,4608985.0,32598743.0,368500000.0,0.01250742198100407,002105
2022-12-22,7.17,7.29,7.01,7.07,5465450.0,38833240.0,368500000.0,0.014831614654002713,002105
2022-12-23,7.01,7.05,6.84,6.87,4174500.0,28945186.0,368500000.0,0.011328358208955223,002105
2022-12-26,6.91,6.98,6.89,6.94,2383762.0,16546766.0,368500000.0,0.006468824966078698,002105
2022-12-27,6.95,7.16,6.9,7.13,4500300.0,31646262.0,368500000.0,0.012212483039348711,002105
2022-12-28,7.11,7.22,7.01,7.11,4400285.0,31322507.0,368500000.0,0.011941071913161466,002105
2022-12-29,7.06,7.09,6.99,7.08,2435479.0,17171566.0,368500000.0,0.00660916960651289,002105
2022-12-30,7.07,7.24,7.07,7.14,3911924.0,27954478.0,368500000.0,0.01061580461329715,002105
2023-01-03,7.13,7.4,7.09,7.35,7774088.0,56866995.0,368500000.0,0.021096575305291722,002105
2023-01-04,7.35,7.41,7.31,7.37,5090100.0,37457643.0,368500000.0,0.013813025780189959,002105
2023-01-05,7.34,7.4,7.3,7.38,4075106.0,29967809.0,368500000.0,0.011058632293080054,002105
2023-01-06,7.39,7.4,7.31,7.35,3303810.0,24269336.0,368500000.0,0.008965563093622795,002105
2023-01-09,7.39,7.43,7.32,7.36,3155800.0,23224795.0,368500000.0,0.008563907734056988,002105
2023-01-10,7.37,7.37,7.25,7.3,2526500.0,18407899.0,368500000.0,0.0068561736770691994,002105
2023-01-11,7.33,7.33,7.15,7.16,3358400.0,24224765.0,368500000.0,0.009113704206241519,002105
2023-01-12,7.15,7.22,7.1,7.12,3096000.0,22120761.0,368500000.0,0.008401628222523745,002105
2023-01-13,7.18,7.18,7.08,7.15,2051100.0,14592587.0,368500000.0,0.005566078697421981,002105
2023-01-16,7.17,7.33,7.12,7.28,3719182.0,26924518.0,368500000.0,0.010092759837177747,002105
2023-01-17,7.29,7.32,7.19,7.24,3189210.0,23070732.0,368500000.0,0.008654572591587518,002105
2023-01-18,7.29,7.48,7.21,7.44,6511995.0,48089602.0,368500000.0,0.017671628222523744,002105
2023-01-19,7.62,7.66,7.33,7.46,7596807.0,56488385.0,368500000.0,0.02061548710990502,002105
2023-01-20,7.44,7.52,7.38,7.44,4311500.0,32028663.0,368500000.0,0.011700135685210312,002105
2023-01-30,7.48,7.55,7.45,7.49,4522220.0,33911772.0,368500000.0,0.012271967435549525,002105
2023-01-31,7.49,7.52,7.45,7.52,3372875.0,25259168.0,368500000.0,0.009152985074626866,002105
2023-02-01,7.52,7.59,7.48,7.59,4561430.0,34425977.0,368500000.0,0.012378371777476254,002105
2023-02-02,7.59,7.6,7.51,7.56,2943005.0,22201587.0,368500000.0,0.007986445047489823,002105
2023-02-03,7.55,7.55,7.44,7.53,3706800.0,27793470.0,368500000.0,0.010059158751696065,002105
2023-02-06,7.52,7.55,7.46,7.51,3134200.0,23534533.0,368500000.0,0.008505291723202172,002105
2023-02-07,7.52,7.53,7.48,7.53,2605075.0,19551892.0,368500000.0,0.007069402985074627,002105
2023-02-08,7.51,7.53,7.45,7.46,2461400.0,18421973.0,368500000.0,0.006679511533242877,002105
2023-02-09,7.46,7.62,7.42,7.61,4494948.0,33964553.0,368500000.0,0.012197959294436907,002105
2023-02-10,7.58,7.67,7.55,7.61,3565400.0,27147946.0,368500000.0,0.009675440976933514,002105
2023-02-13,7.64,7.71,7.61,7.71,3581610.0,27481889.0,368500000.0,0.00971943012211669,002105
2023-02-14,7.71,7.72,7.64,7.72,3173000.0,24396000.0,368500000.0,0.008610583446404342,002105
2023-02-15,7.72,7.75,7.66,7.68,3418360.0,26327740.0,368500000.0,0.009276417910447761,002105
2023-02-16,7.7,7.72,7.47,7.5,4816958.0,36719778.0,368500000.0,0.013071799185888739,002105
2023-02-17,7.55,7.66,7.52,7.57,3673613.0,27877368.0,368500000.0,0.009969099050203527,002105
2023-02-20,7.53,7.65,7.5,7.63,2958213.0,22392414.0,368500000.0,0.008027715061058345,002105
2023-02-21,7.65,7.68,7.6,7.65,3117313.0,23830615.0,368500000.0,0.008459465400271371,002105
2023-02-22,7.64,7.78,7.59,7.71,4295513.0,33139337.0,368500000.0,0.011656751696065129,002105
2023-02-23,7.71,7.81,7.69,7.73,3385838.0,26218319.0,368500000.0,0.009188162822252375,002105
2023-02-24,7.75,7.75,7.65,7.73,2504229.0,19282465.0,368500000.0,0.006795736770691995,002105
2023-02-27,7.73,7.73,7.61,7.63,2302800.0,17658307.0,368500000.0,0.006249118046132971,002105
2023-02-28,7.66,7.71,7.6,7.68,2237814.0,17136188.0,368500000.0,0.00607276526458616,002105
2023-03-01,7.68,7.81,7.63,7.77,4284300.0,33073542.0,368500000.0,0.011626322930800542,002105
2023-03-02,7.82,7.84,7.74,7.76,3305601.0,25749312.0,368500000.0,0.008970423337856174,002105
2023-03-03,7.82,7.83,7.69,7.76,3137864.0,24303928.0,368500000.0,0.00851523473541384,002105
2023-03-06,7.75,7.81,7.66,7.7,3049800.0,23533530.0,368500000.0,0.008276255088195386,002105
2023-03-07,7.7,7.72,7.47,7.48,3905698.0,29598211.0,368500000.0,0.010598909090909091,002105
2023-03-08,7.45,7.52,7.44,7.51,2865500.0,21467178.0,368500000.0,0.007776119402985075,002105
2023-03-09,7.51,7.52,7.43,7.48,2774900.0,20738238.0,368500000.0,0.007530257801899593,002105
2023-03-10,7.48,7.5,7.3,7.33,2912439.0,21507232.0,368500000.0,0.007903497964721845,002105
2023-03-13,7.3,7.37,7.22,7.28,2599038.0,18917250.0,368500000.0,0.007053020352781547,002105
2023-03-14,7.28,7.29,7.02,7.11,3645300.0,25974429.0,368500000.0,0.009892265943012213,002105
2023-03-15,7.15,7.28,7.12,7.25,3236318.0,23402876.0,368500000.0,0.008782409769335142,002105
2023-03-16,7.22,7.24,7.08,7.12,2429300.0,17383500.0,368500000.0,0.006592401628222524,002105
2023-03-17,7.06,7.12,6.78,6.8,11820138.0,81430340.0,368500000.0,0.03207635820895522,002105
2023-03-20,6.8,6.9,6.63,6.65,7846712.0,52583224.0,368500000.0,0.021293655359565806,002105
2023-03-21,6.64,6.79,6.64,6.76,3925058.0,26412113.0,368500000.0,0.010651446404341926,002105
2023-03-22,6.79,6.83,6.75,6.82,2843487.0,19332595.0,368500000.0,0.00771638263229308,002105
2023-03-23,6.8,6.8,6.73,6.78,2643039.0,17859364.0,368500000.0,0.00717242605156038,002105
2023-03-24,6.78,6.85,6.75,6.78,2381000.0,16171888.0,368500000.0,0.006461329715061058,002105
2023-03-27,6.77,6.79,6.68,6.75,3750900.0,25252141.0,368500000.0,0.010178833107191317,002105
2023-03-28,6.77,6.77,6.69,6.7,2113000.0,14207991.0,368500000.0,0.005734056987788331,002105
2023-03-29,6.74,6.75,6.6,6.61,2865500.0,19050278.0,368500000.0,0.007776119402985075,002105
2023-03-30,6.61,6.65,6.56,6.62,3018501.0,19923642.0,368500000.0,0.008191318860244233,002105
2023-03-31,6.63,6.7,6.59,6.69,2087618.0,13897346.0,368500000.0,0.005665177747625509,002105
2023-04-03,6.7,6.7,6.64,6.68,3239600.0,21602901.0,368500000.0,0.008791316146540027,002105
2023-04-04,6.67,6.68,6.48,6.52,4113364.0,26966756.0,368500000.0,0.011162453188602442,002105
2023-04-06,6.5,6.5,6.4,6.43,2343300.0,15088941.0,368500000.0,0.006359023066485753,002105
2023-04-07,6.43,6.5,6.42,6.49,2081200.0,13456082.0,368500000.0,0.005647761194029851,002105
2023-04-10,6.49,6.49,6.28,6.3,5170944.0,32890115.0,368500000.0,0.01403241248303935,002105
2023-04-11,6.3,6.34,6.25,6.28,2588500.0,16268574.0,368500000.0,0.007024423337856174,002105
2023-04-12,6.29,6.37,6.29,6.37,2143000.0,13578567.0,368500000.0,0.005815468113975577,002105
2023-04-13,6.37,6.37,6.31,6.32,1944400.0,12311404.0,368500000.0,0.005276526458616011,002105
2023-04-14,6.32,6.34,6.27,6.31,1975000.0,12451321.0,368500000.0,0.005359565807327001,002105
2023-04-17,6.18,6.18,6.01,6.04,7198100.0,43609533.0,368500000.0,0.019533514246947083,002105
2023-04-18,6.06,6.07,6.0,6.04,3576137.0,21555250.0,368500000.0,0.00970457801899593,002105
2023-04-19,6.04,6.04,5.9,5.94,5102199.0,30383229.0,368500000.0,0.013845858887381275,002105
2023-04-20,5.96,5.97,5.8,5.86,3045200.0,17785163.0,368500000.0,0.008263772048846676,002105
2023-04-21,5.87,5.87,5.66,5.66,4257500.0,24485814.0,368500000.0,0.01155359565807327,002105
2023-04-24,5.65,5.71,5.57,5.68,3699834.0,20889520.0,368500000.0,0.010040255088195386,002105
2023-04-25,5.63,5.67,5.43,5.54,3781959.0,20880436.0,368500000.0,0.010263118046132972,002105
2023-04-26,5.54,5.68,5.51,5.64,3655894.0,20585212.0,368500000.0,0.009921014925373135,002105
2023-04-27,5.64,5.72,5.6,5.68,3103490.0,17605383.0,368500000.0,0.008421953867028494,002105
2023-04-28,5.7,5.85,5.68,5.83,3038187.0,17585323.0,368500000.0,0.008244740841248304,002105
2023-05-04,5.83,5.93,5.79,5.91,3503775.0,20619942.0,368500000.0,0.00950820895522388,002105
2023-05-05,5.94,5.95,5.82,5.91,2917200.0,17121324.0,368500000.0,0.00791641791044776,002105
2023-05-08,5.87,5.94,5.81,5.9,2554026.0,14978039.0,368500000.0,0.006930871099050204,002105
2023-05-09,5.9,5.91,5.82,5.83,2336728.0,13711237.0,368500000.0,0.006341188602442334,002105
2023-05-10,5.81,5.94,5.81,5.9,2039000.0,12001631.0,368500000.0,0.005533242876526459,002105
2023-05-11,5.93,6.02,5.88,6.02,2027963.0,12097809.0,368500000.0,0.005503291723202171,002105
2023-05-12,6.01,6.02,5.92,5.94,1915500.0,11430175.0,368500000.0,0.005198100407055631,002105
2023-05-15,5.98,6.01,5.86,6.01,2295694.0,13633735.0,368500000.0,0.006229834464043419,002105
2023-05-16,6.03,6.03,5.9,5.92,1577000.0,9365352.0,368500000.0,0.004279511533242877,002105
2023-05-17,5.92,6.01,5.89,5.98,1863268.0,11099429.0,368500000.0,0.005056358208955224,002105
2023-05-18,5.99,6.05,5.96,6.04,2069488.0,12459544.0,368500000.0,0.00561597829036635,002105
2023-05-19,6.07,6.07,5.95,6.04,2270888.0,13676254.0,368500000.0,0.006162518317503392,002105
2023-05-22,6.08,6.08,5.99,6.05,1571400.0,9469902.0,368500000.0,0.004264314789687924,002105
2023-05-23,5.98,6.05,5.93,5.96,1947652.0,11687078.0,368500000.0,0.005285351424694708,002105
2023-05-24,5.93,6.01,5.91,5.93,1419100.0,8443938.0,368500000.0,0.0038510176390773405,002105
2023-05-25,5.94,5.98,5.87,5.94,1983860.0,11751288.0,368500000.0,0.005383609226594302,002105
2023-05-26,5.93,5.97,5.83,5.95,1649600.0,9739664.0,368500000.0,0.004476526458616011,002105
2023-05-29,5.95,6.0,5.9,5.92,2062088.0,12267488.0,368500000.0,0.005595896879240163,002105
2023-05-30,5.96,5.98,5.88,5.95,1766268.0,10476645.0,368500000.0,0.004793128900949796,002105
2023-05-31,5.95,5.97,5.88,5.9,2027800.0,11977719.0,368500000.0,0.0055028493894165535,002105
2023-06-01,5.94,5.99,5.88,5.89,2147700.0,12761184.0,368500000.0,0.005828222523744912,002105
2023-06-02,5.93,6.02,5.91,5.96,1872914.0,11164273.0,368500000.0,0.005082534599728629,002105
2023-06-05,5.97,6.16,5.93,6.07,6348200.0,38414184.0,368500000.0,0.017227137042062416,002105
2023-06-06,6.06,6.06,5.82,5.83,5084395.0,30170475.0,368500000.0,0.013797544097693352,002105
2023-06-07,5.81,5.87,5.78,5.84,2291049.0,13343312.0,368500000.0,0.006217229308005427,002105
2023-06-08,5.81,5.87,5.75,5.79,1891258.0,10958991.0,368500000.0,0.005132314789687924,002105
2023-06-09,5.79,5.84,5.72,5.73,1874283.0,10783624.0,368500000.0,0.005086249660786974,002105
2023-06-12,5.71,5.86,5.64,5.84,2854510.0,16491843.0,368500000.0,0.00774629579375848,002105
2023-06-13,5.86,5.96,5.84,5.94,2374663.0,14039347.0,368500000.0,0.006444132971506106,002105
2023-06-14,5.96,5.96,5.85,5.9,1559910.0,9196301.0,368500000.0,0.004233134328358209,002105
2023-06-15,5.93,5.95,5.84,5.87,1641610.0,9632124.0,368500000.0,0.004454843962008141,002105
2023-06-16,5.88,6.07,5.87,5.87,3635114.0,21594996.0,368500000.0,0.009864624151967436,002105
2023-06-19,5.87,5.92,5.65,5.75,3427160.0,19841818.0,368500000.0,0.009300298507462687,002105
2023-06-20,5.73,5.77,5.64,5.64,2205300.0,12510266.0,368500000.0,0.0059845318860244235,002105
2023-06-21,5.65,5.67,5.58,5.59,1791589.0,10069481.0,368500000.0,0.004861842605156038,002105
2023-06-26,5.59,5.66,5.56,5.61,1877100.0,10526565.0,368500000.0,0.005093894165535956,002105
2023-06-27,5.57,5.77,5.56,5.75,3023650.0,17290953.0,368500000.0,0.008205291723202172,002105
2023-06-28,5.75,5.88,5.65,5.88,3321100.0,19159455.0,368500000.0,0.009012483039348712,002105
2023-06-29,6.06,6.15,5.88,5.91,7830400.0,46998397.0,364811975.0,0.02146420769219541,002105
2023-06-30,5.92,6.01,5.91,5.95,5773284.0,34445009.0,364811975.0,0.015825368671080493,002105
2023-07-03,5.94,6.05,5.94,6.02,4484072.0,26965177.0,364811975.0,0.012291460553069839,002105
2023-07-04,6.02,6.04,5.97,6.01,2741325.0,16446822.0,364811975.0,0.007514350371859367,002105
2023-07-05,6.03,6.03,5.95,5.96,2100225.0,12561651.0,364811975.0,0.0057570067429941136,002105
2023-07-06,5.99,6.0,5.92,5.97,1603200.0,9567070.0,364811975.0,0.0043945925843031875,002105
2023-07-07,6.01,6.25,5.97,6.06,8392076.0,51205493.0,364811975.0,0.023003839169479016,002105
2023-07-10,6.13,6.14,6.03,6.08,6329008.0,38480407.0,364811975.0,0.017348684894458302,002105
2023-07-11,6.14,6.55,6.09,6.33,13930028.0,88106851.0,364811975.0,0.03818413033179626,002105
2023-07-12,6.44,6.58,6.26,6.3,13343585.0,85169238.0,364811975.0,0.03657660908746211,002105
2023-07-13,6.3,6.45,6.2,6.31,9369700.0,59083403.0,364811975.0,0.025683641552610766,002105
2023-07-14,6.18,6.33,6.18,6.25,6423125.0,40069734.0,364811975.0,0.017606672587981795,002105
2023-07-17,6.21,6.36,6.21,6.25,5027031.0,31502777.0,364811975.0,0.013779786148741417,002105
2023-07-18,6.25,6.34,6.21,6.31,3200638.0,20120992.0,364811975.0,0.008773390730937492,002105
2023-07-19,6.31,6.39,6.27,6.31,2790430.0,17627730.0,364811975.0,0.007648953957720275,002105
2023-07-20,6.34,6.34,6.22,6.24,2000600.0,12568097.0,364811975.0,0.005483920860876346,002105
2023-07-21,6.22,6.3,6.22,6.25,2421450.0,15168291.0,364811975.0,0.006637528825636823,002105
2023-07-24,6.28,6.28,6.2,6.25,1987713.0,12404627.0,364811975.0,0.005448595814323255,002105
2023-07-25,6.26,6.32,6.23,6.29,2881039.0,18070562.0,364811975.0,0.007897325738827515,002105
2023-07-26,6.31,6.35,6.27,6.33,2823500.0,17820935.0,364811975.0,0.007739603394323885,002105
2023-07-27,6.35,6.39,6.25,6.28,1790000.0,11285010.0,364811975.0,0.004906637179330531,002105
2023-07-28,6.28,6.34,6.24,6.32,1949860.0,12298236.0,364811975.0,0.005344835514239904,002105
2023-07-31,6.32,6.48,6.29,6.48,4413460.0,28129836.0,364811975.0,0.01209790331032856,002105
2023-08-01,6.47,6.47,6.35,6.37,2716275.0,17335302.0,364811975.0,0.007445684862729629,002105
2023-08-02,6.35,6.4,6.33,6.39,2059766.0,13107371.0,364811975.0,0.005646103037050799,002105
2023-08-03,6.39,6.4,6.31,6.33,1634200.0,10365082.0,364811975.0,0.004479567865062544,002105
2023-08-04,6.34,6.35,6.25,6.25,2144900.0,13471982.0,364811975.0,0.005879467087120701,002105
2023-08-07,6.22,6.3,6.21,6.27,1901550.0,11891971.0,364811975.0,0.00521241113315976,002105
2023-08-08,6.27,6.28,6.16,6.2,1537666.0,9520752.0,364811975.0,0.00421495484077791,002105
2023-08-09,6.17,6.21,6.08,6.13,1672400.0,10248990.0,364811975.0,0.004584279340062782,002105
2023-08-10,6.13,6.17,6.09,6.17,1092700.0,6725074.0,364811975.0,0.0029952415898628327,002105
2023-08-11,6.2,6.2,6.05,6.06,1733700.0,10570165.0,364811975.0,0.004752311104919185,002105
2023-08-14,6.05,6.15,6.0,6.14,2233600.0,13576918.0,364811975.0,0.006122606035616018,002105
2023-08-15,6.15,6.18,6.1,6.16,1559200.0,9586037.0,364811975.0,0.004273982508386683,002105
2023-08-16,6.15,6.21,6.12,6.12,1782600.0,10981862.0,364811975.0,0.004886352757471846,002105
2023-08-17,6.11,6.25,6.07,6.24,2368912.0,14614245.0,364811975.0,0.006493514912716338,002105
2023-08-18,6.25,6.29,6.19,6.19,2784000.0,17386300.0,364811975.0,0.007631328439807931,002105
2023-08-21,6.25,6.25,6.16,6.16,2790500.0,17273454.0,364811975.0,0.007649145837386506,002105
2023-08-22,6.2,6.2,5.94,6.05,3366230.0,20361750.0,364811975.0,0.00922730126937308,002105
2023-08-23,6.05,6.07,5.92,5.94,1742630.0,10424443.0,364811975.0,0.004776789468054057,002105
2023-08-24,5.95,6.0,5.86,5.94,2364714.0,14060864.0,364811975.0,0.0064820076150186685,002105
2023-08-25,5.93,6.02,5.84,5.84,2221000.0,13175205.0,364811975.0,0.006088067695694474,002105
2023-08-28,6.11,6.14,5.92,5.94,5800220.0,35019364.0,364811975.0,0.015899203966646108,002105
2023-08-29,5.95,6.18,5.91,6.17,4406250.0,26900154.0,364811975.0,0.012078139704706788,002105
2023-08-30,6.19,6.37,6.18,6.34,6196488.0,39133827.0,364811975.0,0.016985429274902503,002105
2023-08-31,6.3,6.34,6.2,6.26,5180300.0,32352179.0,364811975.0,0.014199917642506115,002105
2023-09-01,6.26,6.35,6.16,6.32,4428030.0,27902895.0,364811975.0,0.012137841692285458,002105
2023-09-04,6.34,6.36,6.3,6.36,3268128.0,20714435.0,364811975.0,0.008958390140564876,002105
2023-09-05,6.34,6.37,6.31,6.34,1941328.0,12309954.0,364811975.0,0.005321448124064458,002105
2023-09-06,6.34,6.39,6.32,6.36,2041175.0,12978661.0,364811975.0,0.005595142538837986,002105
2023-09-07,6.35,6.36,6.25,6.27,2109500.0,13300498.0,364811975.0,0.005782430798769695,002105
2023-09-08,6.27,6.34,6.26,6.28,2388782.0,15061998.0,364811975.0,0.006547981326544996,002105
2023-09-11,6.31,6.36,6.26,6.3,4486329.0,28286634.0,364811975.0,0.012297647301736736,002105
2023-09-12,6.3,6.31,6.24,6.27,2349000.0,14716409.0,364811975.0,0.006438933371087942,002105
2023-09-13,6.27,6.31,6.17,6.22,2266900.0,14109511.0,364811975.0,0.0062138859339801004,002105
2023-09-14,6.21,6.22,6.11,6.14,1745900.0,10760707.0,364811975.0,0.004785752989605124,002105
2023-09-15,6.16,6.24,6.11,6.17,3444628.0,21296021.0,364811975.0,0.0094422010132754,002105
2023-09-18,6.2,6.4,6.13,6.36,4855200.0,30627570.0,364811975.0,0.013308773649768487,002105
2023-09-19,6.36,6.36,6.26,6.28,2419700.0,15214902.0,364811975.0,0.006632731833981053,002105
2023-09-20,6.26,6.33,6.24,6.24,1987238.0,12482591.0,364811975.0,0.005447293773730975,002105
2023-09-21,6.24,6.25,6.17,6.19,2475200.0,15365880.0,364811975.0,0.006784864997921189,002105
2023-09-22,6.2,6.32,6.17,6.31,2419338.0,15148956.0,364811975.0,0.006631739541992831,002105
2023-09-25,6.32,6.33,6.23,6.27,2002300.0,12545226.0,364811975.0,0.005488580795627665,002105
2023-09-26,6.26,6.28,6.15,6.2,2529900.0,15776921.0,364811975.0,0.006934805251390117,002105
2023-09-27,6.2,6.28,6.15,6.25,3139475.0,19583426.0,364811975.0,0.008605734501999283,002105
2023-09-28,6.24,6.35,6.22,6.32,3285600.0,20737798.0,364811975.0,0.009006283305256085,002105
2023-10-09,6.32,6.34,6.1,6.13,6795703.0,41930847.0,364811975.0,0.018627960334909512,002105
2023-10-10,6.13,6.17,6.07,6.13,2766275.0,16949420.0,364811975.0,0.007582741767180203,002105
2023-10-11,6.14,6.15,6.02,6.11,3833600.0,23373636.0,364811975.0,0.01050842697803437,002105
2023-10-12,6.14,6.21,6.08,6.19,3850100.0,23754871.0,364811975.0,0.010553655756503058,002105
2023-10-13,6.19,6.19,6.07,6.08,3208300.0,19574718.0,364811975.0,0.008794393330975498,002105
2023-10-16,6.09,6.15,6.06,6.12,2230900.0,13627014.0,364811975.0,0.006115204962775687,002105
2023-10-17,6.12,6.17,6.06,6.09,2959375.0,18065871.0,364811975.0,0.008112055532168318,002105
2023-10-18,6.06,6.11,5.98,5.99,2508565.0,15106385.0,364811975.0,0.006876323070261057,002105
2023-10-19,5.96,6.11,5.93,5.97,1837479.0,11037819.0,364811975.0,0.005036783674658706,002105
2023-10-20,5.97,6.05,5.93,5.94,2096200.0,12525564.0,364811975.0,0.005745973662185842,002105
2023-10-23,5.95,5.98,5.77,5.8,2608700.0,15243978.0,364811975.0,0.00715080693280422,002105
2023-10-24,5.83,6.05,5.8,6.03,3321280.0,19855735.0,364811975.0,0.009104087112272013,002105
2023-10-25,6.06,6.15,6.04,6.13,3495500.0,21334763.0,364811975.0,0.009581648190139591,002105
2023-10-26,6.12,6.17,6.03,6.13,2403237.0,14628149.0,364811975.0,0.006587604477621657,002105
2023-10-27,6.12,6.24,6.08,6.22,3241800.0,20071140.0,364811975.0,0.008886221456957381,002105
2023-10-30,6.13,6.24,6.08,6.1,4459100.0,27438360.0,364811975.0,0.012223008852711045,002105
2023-10-31,6.11,6.16,6.08,6.12,3002888.0,18368461.0,364811975.0,0.008231330673835474,002105
2023-11-01,6.12,6.2,6.09,6.18,2667600.0,16444085.0,364811975.0,0.007312259966246996,002105
2023-11-02,6.17,6.23,6.14,6.17,2929600.0,18106988.0,364811975.0,0.008030438145568001,002105
2023-11-03,6.16,6.25,6.14,6.19,2797400.0,17381300.0,364811975.0,0.007668059690200685,002105
2023-11-06,6.23,6.32,6.21,6.26,3969900.0,24803904.0,364811975.0,0.010882044099566633,002105
2023-11-07,6.24,6.32,6.23,6.3,2882100.0,18112128.0,364471975.0,0.007907603869954611,002105
2023-11-08,6.31,6.35,6.27,6.31,2822430.0,17826052.0,364471975.0,0.0077438875787363345,002105
2023-11-09,6.32,6.35,6.25,6.32,3369430.0,21243827.0,364471975.0,0.00924468884061662,002105
2023-11-10,6.25,6.34,6.24,6.31,2405500.0,15138168.0,364471975.0,0.006599958748543012,002105
2023-11-13,6.29,6.4,6.29,6.4,4193430.0,26700681.0,364471975.0,0.011505493666556942,002105
2023-11-14,6.41,6.42,6.31,6.37,2781500.0,17684432.0,364471975.0,0.007631588135137139,002105
2023-11-15,6.41,6.43,6.31,6.37,2934210.0,18698042.0,364471975.0,0.008050577825633919,002105
2023-11-16,6.37,6.4,6.35,6.36,3381906.0,21561591.0,364471975.0,0.009278919181646271,002105
2023-11-17,6.39,6.42,6.34,6.39,2566327.0,16374007.0,364471975.0,0.00704121901279241,002105
2023-11-20,6.41,6.45,6.36,6.44,3112500.0,19957179.0,364471975.0,0.008539751238761224,002105
2023-11-21,6.44,6.51,6.4,6.41,2692500.0,17392250.0,364471975.0,0.007387399264374168,002105
2023-11-22,6.4,6.46,6.37,6.38,2839163.0,18172082.0,364471975.0,0.007789797830134951,002105
2023-11-23,6.37,6.46,6.34,6.45,3105264.0,19886394.0,364471975.0,0.008519897860459641,002105
2023-11-24,6.43,6.46,6.35,6.35,2075200.0,13248543.0,364471975.0,0.005693716231542905,002105
2023-11-27,6.36,6.42,6.33,6.41,3012900.0,19198496.0,364471975.0,0.008266479199120866,002105
2023-11-28,6.38,6.47,6.36,6.47,2410452.0,15510837.0,364471975.0,0.006613545527060071,002105
2023-11-29,6.47,6.49,6.4,6.44,2725600.0,17548956.0,364471975.0,0.007478215574736576,002105
2023-11-30,6.48,6.48,6.35,6.43,2556981.0,16354840.0,364471975.0,0.007015576437667121,002105
2023-12-01,6.43,6.46,6.32,6.45,3238700.0,20764000.0,364471975.0,0.008886005570112763,002105
2023-12-04,6.43,6.51,6.4,6.48,3922000.0,25332782.0,364471975.0,0.01076077248463342,002105
2023-12-05,6.44,6.49,6.36,6.37,3053537.0,19580956.0,364471975.0,0.008377974740033167,002105
2023-12-06,6.38,6.48,6.33,6.45,3257200.0,20996969.0,364471975.0,0.008936763930889336,002105
2023-12-07,6.45,6.49,6.4,6.44,2548601.0,16412639.0,364471975.0,0.006992584272082922,002105
2023-12-08,6.42,6.44,6.13,6.15,5380549.0,33613280.0,364471975.0,0.01476258634151501,002105
2023-12-11,6.12,6.3,6.06,6.26,4841880.0,30110958.0,364471975.0,0.013284642804155243,002105
2023-12-12,6.31,6.35,6.21,6.32,3728050.0,23442798.0,364471975.0,0.01022863280503254,002105
2023-12-13,6.32,6.44,6.27,6.37,4279913.0,27228471.0,364471975.0,0.011742776656559123,002105
2023-12-14,6.39,6.49,6.37,6.45,5204550.0,33561008.0,364471975.0,0.014279698734038468,002105
2023-12-15,6.44,6.45,6.35,6.41,3435912.0,21961313.0,364471975.0,0.009427095183381383,002105
2023-12-18,6.41,6.43,6.32,6.35,2848400.0,18164401.0,364471975.0,0.007815141342485935,002105
2023-12-19,6.36,6.38,6.3,6.37,2455338.0,15554066.0,364471975.0,0.006736699028779922,002105
2023-12-20,6.37,6.45,6.33,6.34,3370603.0,21493075.0,364471975.0,0.009247907195059373,002105
2023-12-21,6.35,6.44,6.21,6.42,4092203.0,26005625.0,364471975.0,0.011227757634863422,002105
2023-12-22,6.43,6.44,6.25,6.29,3793200.0,24027201.0,364471975.0,0.01040738454582139,002105
2023-12-25,6.29,6.32,6.18,6.27,3822000.0,23926345.0,364471975.0,0.010486402966922216,002105
2023-12-26,6.28,6.29,6.12,6.13,3424750.0,21187917.0,364471975.0,0.009396470057814459,002105
2023-12-27,6.16,6.25,6.09,6.17,2734200.0,16856764.0,364471975.0,0.00750181135325974,002105
2023-12-28,6.17,6.42,6.07,6.42,5237600.0,32915654.0,364471975.0,0.014370377859642021,002105
2023-12-29,6.37,6.5,6.36,6.48,3884579.0,25101431.0,364471975.0,0.01065810066741071,002105
2024-01-02,6.5,6.68,6.49,6.63,6152877.0,40773679.0,364471975.0,0.016881618950263598,002105
2024-01-03,6.63,6.66,6.53,6.57,3166782.0,20837793.0,364471975.0,0.00868868450036522,002105
2024-01-04,6.57,7.23,6.52,6.85,26532188.0,183406880.0,364471975.0,0.07279623625382994,002105
2024-01-05,6.81,7.54,6.81,7.06,49115800.0,347036195.0,364471975.0,0.13475878357999954,002105
2024-01-08,6.85,6.95,6.55,6.6,36384484.0,243943962.0,364471975.0,0.09982793327251019,002105
2024-01-09,6.75,7.26,6.72,6.88,38258575.0,267840925.0,364471975.0,0.10496986771067926,002105
2024-01-10,6.83,6.95,6.62,6.63,27258100.0,183328355.0,364471975.0,0.07478791750723769,002105
2024-01-11,6.56,6.66,6.48,6.58,19053171.0,125069564.0,364471975.0,0.052276093381390984,002105
2024-01-12,6.6,7.03,6.48,6.48,19164800.0,127510180.0,364471975.0,0.052582369330316826,002105
2024-01-15,6.4,6.56,6.3,6.55,16200400.0,104568101.0,364471975.0,0.04444895934728589,002105
2024-01-16,6.73,6.77,6.4,6.56,13650475.0,89339369.0,364471975.0,0.037452742422788475,002105
2024-01-17,6.55,6.85,6.53,6.71,23656849.0,158802437.0,364471975.0,0.06490718250696778,002105
2024-01-18,6.51,6.66,6.18,6.39,17612045.0,112749039.0,364471975.0,0.04832208292558022,002105
2024-01-19,6.35,6.41,6.15,6.25,8916500.0,55888074.0,364471975.0,0.024464158046719503,002105
2024-01-22,6.22,6.22,5.63,5.63,10060856.0,59075439.0,364471975.0,0.02760392208481873,002105
2024-01-23,5.67,5.68,5.33,5.48,7354300.0,40020841.0,364471975.0,0.020177957441035076,002105
2024-01-24,5.5,5.7,5.36,5.63,8088600.0,44875816.0,364471975.0,0.022192652809588445,002105
2024-01-25,5.62,5.85,5.58,5.81,7636670.0,43610733.0,364471975.0,0.020952694648196202,002105
2024-01-26,5.83,6.0,5.78,5.9,7913671.0,46856253.0,364471975.0,0.021712700955951413,002105
2024-01-29,5.9,5.95,5.53,5.54,7437386.0,42029048.0,364471975.0,0.020405920098520606,002105
2024-01-30,5.53,5.6,5.3,5.33,8201571.0,44302894.0,364471975.0,0.02250261079744197,002105
2024-01-31,5.3,5.35,4.84,4.85,9240000.0,46622996.0,364471975.0,0.02535174343651525,002105
2024-02-01,4.89,4.97,4.57,4.75,8738159.0,41208571.0,364471975.0,0.023974844705138165,002105
2024-02-02,4.78,4.94,4.28,4.41,10401809.0,47670487.0,364471975.0,0.028539393186540613,002105
2024-02-05,4.36,4.44,3.97,3.97,7657400.0,31055801.0,364471975.0,0.021009571449217734,002105
2024-02-06,3.72,3.75,3.57,3.58,15835500.0,56965580.0,364471975.0,0.04344778497715771,002105
2024-02-07,3.58,3.58,3.22,3.23,22640607.0,74055194.0,364471975.0,0.06211892423278909,002105
2024-02-08,3.1,3.55,3.09,3.55,14539224.0,48766736.0,364471975.0,0.03989119876775162,002105
2024-02-19,3.63,3.84,3.61,3.78,14100751.0,52829726.0,364471975.0,0.03868816251235777,002105
2024-02-20,3.78,3.95,3.7,3.94,9829160.0,38015580.0,364471975.0,0.02696821888706258,002105
2024-02-21,3.92,4.21,3.89,4.05,8353975.0,34151227.0,364471975.0,0.022920760917214553,002105
2024-02-22,4.08,4.28,4.08,4.28,7812016.0,32788750.0,364471975.0,0.02143379062272209,002105
2024-02-23,4.27,4.53,4.26,4.51,8349560.0,36607962.0,364471975.0,0.022908647503007605,002105
2024-02-26,4.51,4.7,4.49,4.56,8432660.0,38546273.0,364471975.0,0.023136648572225613,002105
2024-02-27,4.56,4.8,4.53,4.8,6927041.0,32470672.0,364471975.0,0.019005688983357364,002105
2024-02-28,4.85,4.9,4.32,4.32,15853169.0,72229965.0,364471975.0,0.0434962633272421,002105
2024-02-29,4.15,4.4,4.08,4.39,13619709.0,58458503.0,364471975.0,0.03736832989696944,002105
2024-03-01,4.39,4.83,4.39,4.83,18311800.0,86165621.0,364471975.0,0.05024199734424025,002105
2024-03-04,4.8,4.9,4.45,4.56,29172900.0,134130383.0,364471975.0,0.08004154503237183,002105
2024-03-05,4.52,4.56,4.28,4.3,19026328.0,83259145.0,364471975.0,0.05220244437175176,002105
2024-03-06,4.46,4.73,4.46,4.73,10323100.0,48342243.0,364471975.0,0.0283234396828453,002105
2024-03-07,4.82,5.03,4.63,4.71,38389931.0,183621274.0,364471975.0,0.10533026853436399,002105
2024-03-08,4.63,4.67,4.55,4.61,15842490.0,72915055.0,364471975.0,0.04346696340644572,002105
2024-03-11,4.59,4.68,4.53,4.65,12089200.0,55980532.0,364471975.0,0.033169079735142874,002105
2024-03-12,4.64,4.78,4.63,4.71,12353612.0,57907324.0,364471975.0,0.03389454566431342,002105
2024-03-13,4.69,4.72,4.61,4.68,10291914.0,47918930.0,364471975.0,0.028237874805051882,002105
2024-03-14,4.68,4.73,4.55,4.64,8853200.0,41123313.0,364471975.0,0.024290482142008313,002105
2024-03-15,4.66,4.85,4.61,4.83,14845661.0,70450222.0,364471975.0,0.0407319684867403,002105
2024-03-18,4.85,4.93,4.75,4.86,12697701.0,61106143.0,364471975.0,0.034838620994110725,002105
2024-03-19,4.88,5.01,4.87,4.95,14636861.0,72416822.0,364471975.0,0.04015908493375931,002105
2024-03-20,4.95,5.01,4.9,5.01,8323800.0,41330914.0,364471975.0,0.0228379699152452,002105
2024-03-21,5.0,5.22,5.0,5.21,14334060.0,73527112.0,364471975.0,0.03932829129043461,002105
2024-03-22,5.2,5.2,4.97,5.05,10391400.0,52735993.0,364471975.0,0.028510834063442052,002105
2024-03-25,5.01,5.07,4.85,4.87,8818700.0,43678196.0,364471975.0,0.02419582465839795,002105
2024-03-26,4.86,4.91,4.74,4.84,5992300.0,28857741.0,364471975.0,0.016441044609808476,002105
2024-03-27,4.85,4.87,4.65,4.66,5813000.0,27560108.0,364471975.0,0.015949100064552288,002105
2024-03-28,4.66,4.87,4.66,4.82,5246200.0,25159751.0,364471975.0,0.014393973638165185,002105
2024-03-29,4.83,4.98,4.8,4.94,4842702.0,23657238.0,364471975.0,0.01328689812159083,002105
2024-04-01,4.94,5.1,4.89,5.06,10081201.0,50463910.0,364471975.0,0.027659742563197073,002105
2024-04-02,5.04,5.12,4.99,5.09,6088000.0,30796926.0,364471975.0,0.0167036162382581,002105
2024-04-03,5.08,5.11,4.99,5.04,5574700.0,28065831.0,364471975.0,0.015295277503846488,002105
2024-04-08,5.03,5.09,4.86,4.86,4620527.0,22797446.0,364471975.0,0.012677317645615962,002105
2024-04-09,4.88,5.01,4.87,4.99,3901400.0,19339726.0,364471975.0,0.010704252363984913,002105
2024-04-10,4.99,5.0,4.83,4.85,4494600.0,21996037.0,364471975.0,0.012331812343047775,002105
2024-04-11,4.8,4.94,4.76,4.86,4366660.0,21311415.0,364471975.0,0.01198078398208806,002105
2024-04-12,4.86,4.94,4.81,4.81,4108500.0,20020194.0,364471975.0,0.011272471635164816,002105
2024-04-15,4.81,4.81,4.34,4.46,10543200.0,47516088.0,364471975.0,0.02892732699132766,002105
2024-04-16,4.38,4.39,4.01,4.01,8208300.0,33318177.0,364471975.0,0.022521073122288758,002105
2024-04-17,3.99,4.36,3.97,4.36,10232664.0,43047019.0,364471975.0,0.028075310865807994,002105
2024-04-18,4.36,4.47,4.21,4.4,7024000.0,30679414.0,364471975.0,0.01927171492403497,002105
2024-04-19,4.36,4.48,4.31,4.35,4396777.0,19243642.0,364471975.0,0.012063415849737144,002105
2024-04-22,4.35,4.38,4.17,4.25,4137113.0,17623860.0,364471975.0,0.011350976985267523,002105
2024-04-23,4.22,4.42,4.22,4.36,5443201.0,23658272.0,364471975.0,0.014934484331751433,002105
2024-04-24,4.4,4.55,4.36,4.53,5274577.0,23603854.0,364471975.0,0.014471831476206093,002105
2024-04-25,4.52,4.58,4.45,4.51,3734800.0,16840032.0,364471975.0,0.010247152747478047,002105
2024-04-26,4.51,4.55,4.41,4.52,4604836.0,20737492.0,364471975.0,0.012634266324591898,002105
2024-04-29,4.5,4.75,4.49,4.74,6595888.0,30681291.0,364471975.0,0.01809710609437118,002105
2024-04-30,4.78,4.8,4.66,4.69,3971900.0,18730797.0,364471975.0,0.01089768287397131,002105
2024-05-06,4.81,5.0,4.69,4.94,8341678.0,40963305.0,364471975.0,0.022887021697621607,002105
2024-05-07,4.94,5.02,4.9,5.01,5065177.0,25169263.0,364471975.0,0.01389730170611883,002105
2024-05-08,4.97,5.03,4.88,4.89,3881988.0,19220398.0,364471975.0,0.010650991753206813,002105
2024-05-09,4.89,5.01,4.87,4.95,3685300.0,18282205.0,364471975.0,0.010111339836211,002105
2024-05-10,4.98,5.14,4.88,5.01,8102110.0,40590027.0,364471975.0,0.02222972013143123,002105
2024-05-13,4.95,4.98,4.74,4.77,10282600.0,49680154.0,364471975.0,0.028212320028172262,002105
2024-05-14,4.77,4.93,4.72,4.9,6277500.0,30494788.0,364471975.0,0.017223546474320832,002105
2024-05-15,4.9,4.95,4.83,4.88,3104690.0,15220549.0,364471975.0,0.00851832297942798,002105
2024-05-16,4.91,5.0,4.88,4.95,3659100.0,18129663.0,364471975.0,0.010039455022570665,002105
2024-05-17,4.94,4.99,4.91,4.96,3281630.0,16229282.0,364471975.0,0.009003792404066183,002105
2024-05-20,4.98,4.99,4.89,4.92,4166338.0,20572913.0,364471975.0,0.011431161476818621,002105
2024-05-21,4.92,4.95,4.84,4.88,3607300.0,17623273.0,364471975.0,0.009897331612396261,002105
2024-05-22,4.87,4.99,4.87,4.9,3279100.0,16150204.0,364471975.0,0.00899685085526809,002105
2024-05-23,4.88,4.89,4.75,4.77,2716073.0,13028384.0,364471975.0,0.00745207639078423,002105
2024-05-24,4.73,4.83,4.73,4.74,2395200.0,11424434.0,364471975.0,0.006571698688218758,002105
2024-05-27,4.74,4.79,4.68,4.79,3460190.0,16421714.0,364471975.0,0.009493706614891309,002105
2024-05-28,4.79,4.79,4.69,4.69,2563700.0,12101415.0,364471975.0,0.007034011325562137,002105
2024-05-29,4.69,4.78,4.63,4.73,2361200.0,11170736.0,364471975.0,0.006478413052196949,002105
2024-05-30,4.7,4.76,4.63,4.65,2053600.0,9618161.0,364471975.0,0.005634452415717285,002105
2024-05-31,4.71,4.77,4.63,4.75,2687682.0,12697005.0,364471975.0,0.007374180141010842,002105
2024-06-03,4.75,4.76,4.48,4.54,5702996.0,26032455.0,364471975.0,0.015647282620289256,002105
2024-06-04,4.52,4.52,4.33,4.47,5443601.0,24073954.0,364471975.0,0.014935581809822279,002105
2024-06-05,4.43,4.44,4.27,4.29,4330600.0,18732142.0,364471975.0,0.011881846334001401,002105
2024-06-06,4.3,4.35,3.93,4.01,6660120.0,27135505.0,364471975.0,0.01827333912298744,002105
2024-06-07,4.1,4.31,4.09,4.28,5248018.0,22225226.0,364471975.0,0.014398961675997173,002105
2024-06-11,4.28,4.28,4.11,4.2,3965446.0,16535671.0,364471975.0,0.01087997506529823,002105
2024-06-12,4.21,4.34,4.19,4.32,2943169.0,12605984.0,364471975.0,0.008075158590725665,002105
2024-06-13,4.35,4.38,4.21,4.27,2839300.0,12153481.0,364471975.0,0.007790173716374215,002105
2024-06-14,4.33,4.36,4.26,4.29,4459500.0,19147409.0,364471975.0,0.012235508642331142,002105
2024-06-17,4.27,4.32,4.2,4.21,3305700.0,14029796.0,364471975.0,0.00906983314697927,002105
2024-06-18,4.2,4.32,4.18,4.3,3997417.0,17095091.0,364471975.0,0.010967693743805679,002105
2024-06-19,4.31,4.65,4.31,4.53,9415178.0,41997539.0,364471975.0,0.025832378470251383,002105
2024-06-20,4.47,4.98,4.31,4.98,19348844.0,91188540.0,364471975.0,0.05308732996549323,002105
2024-06-21,5.48,5.48,5.09,5.19,57566874.0,310152439.0,364471975.0,0.15794595455521648,002105
2024-06-24,4.67,4.67,4.67,4.67,2579200.0,12044864.0,364471975.0,0.007076538600807374,002105
2024-06-25,4.2,4.2,4.2,4.2,4235000.0,17787000.0,364471975.0,0.011619549075069489,002105
2024-06-26,4.29,4.53,4.28,4.36,43141468.0,187412158.0,364471975.0,0.1183670376851334,002105
2024-06-27,4.21,4.29,4.0,4.05,31257264.0,130091393.0,364471975.0,0.0857604044865178,002105
2024-06-28,4.05,4.22,4.01,4.1,16840800.0,69618593.0,364471975.0,0.04620602173870844,002105
2024-07-01,4.1,4.23,4.06,4.15,11830197.0,48785368.0,364471975.0,0.03245845445318533,002105
2024-07-02,4.13,4.23,4.1,4.19,10219800.0,42755059.0,364471975.0,0.028040015971049628,002105
2024-07-03,4.2,4.21,4.08,4.09,10969244.0,45367576.0,364471975.0,0.030096261859365182,002105
2024-07-04,4.11,4.13,3.93,3.94,8653252.0,34695626.0,364471975.0,0.023741885778735115,002105
2024-07-05,3.94,4.01,3.86,4.01,5914200.0,23413808.0,364471975.0,0.016226762016476028,002105
2024-07-08,4.04,4.04,3.89,3.9,4960187.0,19593431.0,364471975.0,0.013609241149473839,002105
2024-07-09,3.97,3.97,3.73,3.9,7910950.0,30367473.0,364471975.0,0.021705235361374493,002105
2024-07-10,3.86,3.91,3.81,3.83,4489500.0,17267518.0,364471975.0,0.012317819497644503,002105
2024-07-11,3.9,4.03,3.86,4.01,6749414.0,26716853.0,364471975.0,0.018518334640132483,002105
2024-07-12,4.02,4.1,3.99,4.0,4792614.0,19370799.0,364471975.0,0.013149471917559642,002105
2024-07-15,4.01,4.02,3.9,3.92,3915150.0,15380989.0,364471975.0,0.010741978172670204,002105
2024-07-16,3.93,3.94,3.88,3.92,2531900.0,9879509.0,364471975.0,0.006946761818929974,002105
2024-07-17,3.92,3.93,3.84,3.84,3346500.0,12947515.0,364471975.0,0.009181775910205442,002105
2024-07-18,3.81,3.83,3.7,3.8,3901403.0,14686192.0,364471975.0,0.010704260595070444,002105
2024-07-19,3.8,3.85,3.74,3.81,2645000.0,10055109.0,364471975.0,0.007257073743461346,002105
2024-07-22,3.77,3.88,3.76,3.87,3156640.0,12104540.0,364471975.0,0.00866085794387895,002105
2024-07-23,3.9,3.95,3.85,3.86,3602300.0,14087749.0,364471975.0,0.009883613136510701,002105
2024-07-24,3.83,3.84,3.7,3.74,3078700.0,11616783.0,364471975.0,0.008447014341774837,002105
2024-07-25,3.8,3.85,3.68,3.8,2817000.0,10656372.0,364471975.0,0.007728989313924617,002105
2024-07-26,3.82,3.93,3.81,3.91,3696500.0,14364640.0,364471975.0,0.010142069222194655,002105
2024-07-29,3.93,3.99,3.86,3.98,3640900.0,14328049.0,364471975.0,0.009989519770347226,002105
2024-07-30,3.96,4.0,3.92,3.99,2933400.0,11648583.0,364471975.0,0.008048355432540458,002105
2024-07-31,3.98,4.12,3.96,4.09,5566300.0,22539154.0,364471975.0,0.015272230464358749,002105
2024-08-01,4.09,4.15,4.03,4.14,4932737.0,20290246.0,364471975.0,0.013533926716862113,002105
2024-08-02,4.1,4.11,4.04,4.05,2993400.0,12205035.0,364471975.0,0.008212977143167181,002105
2024-08-05,4.03,4.1,3.95,3.96,3469900.0,13988226.0,364471975.0,0.009520347895061067,002105
2024-08-06,3.99,4.09,3.99,4.07,3996200.0,16153183.0,364471975.0,0.010964354666775134,002105
2024-08-07,4.1,4.11,4.03,4.04,2338200.0,9495119.0,364471975.0,0.006415308063123372,002105
2024-08-08,4.09,4.09,3.99,4.05,3371100.0,13597311.0,364471975.0,0.009249270811562398,002105
2024-08-09,4.05,4.11,4.0,4.03,2767300.0,11244895.0,364471975.0,0.007592627663622148,002105
2024-08-12,4.01,4.07,3.99,4.03,2893800.0,11647088.0,364471975.0,0.00793970510352682,002105
2024-08-13,4.03,4.08,3.97,4.06,2900067.0,11715051.0,364471975.0,0.007956899841201782,002105
2024-08-14,4.06,4.08,4.04,4.06,2388001.0,9693901.0,364471975.0,0.006551946826638728,002105
2024-08-15,4.06,4.1,4.01,4.09,2620300.0,10645823.0,364471975.0,0.007189304472586679,002105
2024-08-16,4.07,4.11,4.03,4.05,2193000.0,8909008.0,364471975.0,0.006016923523406704,002105
2024-08-19,4.07,4.08,4.0,4.05,2602900.0,10535028.0,364471975.0,0.007141564176504929,002105
2024-08-20,4.05,4.05,3.95,3.97,3197400.0,12740857.0,364471975.0,0.008772690959298036,002105
2024-08-21,3.97,4.01,3.93,3.97,1602200.0,6364595.0,364471975.0,0.00439594841276891,002105
2024-08-22,4.0,4.01,3.95,3.95,2696800.0,10721058.0,364471975.0,0.00739919715363575,002105
2024-08-23,3.92,3.95,3.85,3.92,3368300.0,13131736.0,364471975.0,0.009241588465066484,002105
2024-08-26,3.89,4.02,3.86,4.01,3401012.0,13496257.0,364471975.0,0.009331340221700173,002105
2024-08-27,4.0,4.02,3.87,3.88,3061800.0,12018259.0,364471975.0,0.008400645893281643,002105
2024-08-28,3.86,3.99,3.84,3.96,2698900.0,10641705.0,364471975.0,0.007404958913507685,002105
2024-08-29,3.96,4.0,3.89,3.99,2313777.0,9150593.0,364471975.0,0.006348298795812764,002105
2024-08-30,3.96,4.1,3.96,4.06,4080420.0,16567190.0,364471975.0,0.01119542867459151,002105
2024-09-02,4.1,4.23,4.05,4.06,6147920.0,25453391.0,364471975.0,0.016868018453270652,002105
2024-09-03,4.09,4.13,4.0,4.08,5322575.0,21634630.0,364471975.0,0.014603523357317115,002105
2024-09-04,4.03,4.08,4.01,4.02,3521508.0,14228049.0,364471975.0,0.009661944515761465,002105
2024-09-05,4.05,4.07,4.02,4.06,3289100.0,13308892.0,364471975.0,0.00902428780703921,002105
2024-09-06,4.09,4.09,3.96,3.97,4559700.0,18328111.0,364471975.0,0.012510426899077769,002105
2024-09-09,3.95,4.04,3.92,4.0,3030900.0,12077464.0,364471975.0,0.008315865712308882,002105
2024-09-10,4.04,4.05,3.96,4.04,2950000.0,11811911.0,364471975.0,0.008093900772480518,002105
2024-09-11,4.03,4.04,3.93,3.97,2915200.0,11591294.0,364471975.0,0.00799842018031702,002105
2024-09-12,3.97,4.03,3.97,3.97,2403400.0,9610324.0,364471975.0,0.0065941969886710765,002105
2024-09-13,3.99,3.99,3.9,3.92,2732370.0,10764369.0,364471975.0,0.0074967903910856245,002105
2024-09-18,3.9,3.91,3.77,3.84,3509670.0,13460623.0,364471975.0,0.009629464652254813,002105
2024-09-19,3.88,4.02,3.85,4.0,4555000.0,18043632.0,364471975.0,0.012497531531745341,002105
2024-09-20,4.01,4.03,3.95,3.98,2564600.0,10194592.0,364471975.0,0.007036480651221538,002105
2024-09-23,4.0,4.02,3.95,3.97,2951088.0,11741854.0,364471975.0,0.008096885912833215,002105
2024-09-24,3.98,4.07,3.97,4.06,4456500.0,17967601.0,364471975.0,0.012227277556799806,002105
2024-09-25,4.09,4.25,4.08,4.15,9099700.0,37808234.0,364471975.0,0.02496680300316643,002105
2024-09-26,4.14,4.22,4.1,4.21,5703357.0,23776020.0,364471975.0,0.015648273094248193,002105
2024-09-27,4.24,4.4,4.23,4.36,7112500.0,30683613.0,364471975.0,0.019514531947209385,002105
2024-09-30,4.5,4.8,4.4,4.76,21078123.0,98503299.0,364471975.0,0.057831944417674364,002105
2024-10-08,5.2,5.24,4.83,5.22,25160999.0,129240585.0,364471975.0,0.06903411160762087,002105
2024-10-09,5.05,5.13,4.72,4.75,21024579.0,103122320.0,364471975.0,0.057685036003111076,002105
2024-10-10,4.85,5.05,4.7,4.87,12329432.0,59936844.0,364471975.0,0.03382820311493085,002105
2024-10-11,4.91,4.91,4.65,4.68,6313866.0,29960721.0,364471975.0,0.017323323693131686,002105
2024-10-14,4.68,4.77,4.64,4.73,4814400.0,22665973.0,364471975.0,0.013209246060688205,002105
2024-10-15,4.7,4.79,4.66,4.68,4180304.0,19723321.0,364471975.0,0.011469479923662169,002105
2024-10-16,4.64,4.74,4.6,4.7,3612438.0,16937335.0,364471975.0,0.009911428718216264,002105
2024-10-17,4.72,4.81,4.65,4.66,4083728.0,19281186.0,364471975.0,0.011204504818237397,002105
2024-10-18,4.66,4.77,4.65,4.73,4865891.0,22894372.0,364471975.0,0.013350521669052881,002105
2024-10-21,4.72,4.79,4.69,4.73,4403895.0,20862452.0,364471975.0,0.012082945472007826,002105
2024-10-22,4.73,4.8,4.71,4.79,4395496.0,20980908.0,364471975.0,0.012059901176215262,002105
2024-10-23,4.79,4.88,4.77,4.79,5191386.0,25053796.0,364471975.0,0.014243580730726966,002105
2024-10-24,4.84,4.84,4.72,4.82,3628446.0,17436741.0,364471975.0,0.009955349790611473,002105
2024-10-25,4.84,4.93,4.82,4.9,4341270.0,21207474.0,364471975.0,0.011911121561541185,002105
2024-10-28,4.91,5.07,4.88,5.06,7531261.0,37714695.0,364471975.0,0.020663484483271998,002105
2024-10-29,5.08,5.13,4.95,4.98,6432714.0,32212449.0,364471975.0,0.0176494063775411,002105
2024-10-30,4.95,5.02,4.88,4.94,5235820.0,25873936.0,364471975.0,0.014365494082226761,002105
2024-10-31,4.92,5.05,4.92,5.03,5438707.0,27221297.0,364471975.0,0.01492215416562549,002105
2024-11-01,5.09,5.1,4.86,4.88,6952491.0,34264399.0,364471975.0,0.019075516025614865,002105
2024-11-04,4.9,4.99,4.85,4.99,3986304.0,19722406.0,364471975.0,0.010937203059302434,002105
2024-11-05,5.0,5.09,4.95,5.01,6264705.0,31423375.0,364471975.0,0.017188440894529682,002105
2024-11-06,5.05,5.08,4.99,5.04,5294518.0,26710116.0,364471975.0,0.014526543501732884,002105
2024-11-07,5.09,5.23,5.01,5.2,6167050.0,31767414.0,364471975.0,0.016920505342008806,002105
2024-11-08,5.25,5.28,5.12,5.18,7097916.0,36792711.0,364471975.0,0.019474517896746382,002105
2024-11-11,5.2,5.26,5.12,5.21,5043002.0,26171350.0,364471975.0,0.013836460265566371,002105
2024-11-12,5.21,5.32,5.16,5.22,9634201.0,50416452.0,364471975.0,0.026433310819027993,002105
2024-11-13,5.21,5.29,5.11,5.24,5893400.0,30548459.0,364471975.0,0.016169693156792096,002105
2024-11-14,5.23,5.26,5.1,5.13,4903072.0,25375078.0,364471975.0,0.013452534999433084,002105
2024-11-15,5.07,5.2,5.0,5.0,4334101.0,22115206.0,364471975.0,0.01189145201081647,002105
2024-11-18,5.05,5.12,4.9,4.94,5063701.0,25267301.0,364471975.0,0.013893252012037415,002105
2024-11-19,4.96,5.05,4.9,5.05,4140177.0,20600424.0,364471975.0,0.011359383667290194,002105
2024-11-20,5.08,5.2,5.06,5.17,6793201.0,35037739.0,364471975.0,0.018638472820852688,002105
2024-11-21,5.17,5.27,5.16,5.22,4185075.0,21810892.0,364471975.0,0.01148257009335217,002105
2024-11-22,5.23,5.27,5.05,5.06,5155688.0,26620442.0,364471975.0,0.01414563630029442,002105
2024-11-25,5.07,5.29,5.04,5.24,7423528.0,38510574.0,364471975.0,0.020367897970756187,002105
2024-11-26,5.24,5.29,5.21,5.25,5461970.0,28683733.0,364471975.0,0.01498598074653065,002105
2024-11-27,5.22,5.3,5.09,5.29,7243952.0,37530883.0,364471975.0,0.019875196165631118,002105
2024-11-28,5.3,5.55,5.29,5.44,10675078.0,57732157.0,364471975.0,0.029289160023894843,002105
2024-11-29,5.4,5.61,5.39,5.53,13045878.0,72093171.0,364471975.0,0.03579391254979206,002105
2024-12-02,5.59,5.71,5.59,5.7,11153600.0,63153800.0,364471975.0,0.03060207852743685,002105
2024-12-03,5.67,5.75,5.54,5.63,7696085.0,43342351.0,364471975.0,0.021115711297144315,002105
2024-12-04,5.65,5.65,5.46,5.54,4847201.0,26903373.0,364471975.0,0.013299242006192657,002105
2024-12-05,5.47,5.56,5.45,5.49,6466251.0,35673987.0,364471975.0,0.017741421682695907,002105
2024-12-06,5.52,5.63,5.4,5.56,9623012.0,53086225.0,364471975.0,0.026402611613691285,002105
2024-12-09,5.59,5.66,5.52,5.64,7410200.0,41439137.0,364471975.0,0.020331330001435638,002105
2024-12-10,5.73,5.89,5.63,5.86,11278650.0,65015322.0,364471975.0,0.03094517760933471,002105
2024-12-11,5.8,6.03,5.77,6.03,11755370.0,69743006.0,364471975.0,0.03225315197416756,002105
2024-12-12,6.03,6.14,5.93,6.13,9228187.0,55731223.0,364471975.0,0.025319332165388026,002105
2024-12-13,6.1,6.13,5.94,5.96,7041300.0,42283158.0,364471975.0,0.019319180850599006,002105
2024-12-16,6.02,6.56,6.02,6.56,23443400.0,151857438.0,364471975.0,0.0643215435151084,002105
2024-12-17,7.22,7.22,6.01,6.26,56459004.0,366186064.0,364471975.0,0.15490629697934938,002105
2024-12-18,5.91,6.0,5.63,5.77,37413428.0,216928019.0,364471975.0,0.10265104196282855,002105
2024-12-19,5.66,5.76,5.54,5.63,23406115.0,131476687.0,364471975.0,0.06421924484042978,002105
2024-12-20,5.63,6.1,5.57,5.6,17150665.0,98232122.0,364471975.0,0.04705619684476427,002105
2024-12-23,5.58,5.64,5.08,5.09,18111700.0,95680553.0,364471975.0,0.049692983939300134,002105
2024-12-24,5.16,5.22,4.95,5.06,11711000.0,59196299.0,364471975.0,0.0321314142191591,002105
2024-12-25,5.05,5.08,4.76,4.91,9743450.0,47670375.0,364471975.0,0.026733056773432306,002105
2024-12-26,4.95,5.19,4.92,5.08,13177010.0,67081962.0,364471975.0,0.036153698785757124,002105
2024-12-27,5.1,5.21,5.06,5.13,7555400.0,38950974.0,364471975.0,0.020729714541152307,002105
2024-12-30,5.13,5.15,4.93,5.04,6865000.0,34543937.0,364471975.0,0.018835467390874154,002105
2024-12-31,5.11,5.21,4.96,4.99,7179220.0,36408520.0,364471975.0,0.0196975912894263,002105
