日期,开盘,最高,最低,收盘,成交量,成交额,outstanding_share,换手率,股票代码
2020-01-02,16.5,16.86,16.4,16.63,94767299.0,1578548622.0,2217990191.0,0.04272665378978675,002157
2020-01-03,16.68,16.84,16.17,16.47,78476102.0,1285767443.0,2217990191.0,0.035381627167890395,002157
2020-01-06,16.3,16.65,16.17,16.45,60307986.0,990956789.0,2217990191.0,0.02719037543299938,002157
2020-01-07,16.46,17.17,16.43,16.99,99984920.0,1684274617.0,2217990191.0,0.045079063201321434,002157
2020-01-08,17.56,17.56,16.18,16.2,122405039.0,2054873257.0,2217990191.0,0.05518736714737797,002157
2020-01-09,16.25,16.41,15.87,16.2,72463780.0,1167812200.0,2217990191.0,0.03267091995899634,002157
2020-01-10,16.08,16.15,15.52,15.67,68962612.0,1085995770.0,2217990191.0,0.03109238818089976,002157
2020-01-13,15.29,15.83,15.2,15.81,48557541.0,756031304.0,2217990191.0,0.02189258599836612,002157
2020-01-14,15.61,15.86,15.5,15.62,42463856.0,664867114.0,2217990191.0,0.019145195579451504,002157
2020-01-15,15.76,15.77,15.24,15.29,47286159.0,729494050.0,2217990191.0,0.021319372462454682,002157
2020-01-16,15.19,15.56,14.97,15.23,43284191.0,660371973.0,2217990191.0,0.01951505068671424,002157
2020-01-17,15.23,15.33,15.0,15.07,37162059.0,561458877.0,2217990191.0,0.016754834692594003,002157
2020-01-20,15.2,15.65,15.07,15.55,58452795.0,901016840.0,2217990191.0,0.026353946576132537,002157
2020-01-21,15.48,15.48,15.08,15.08,41279796.0,628211814.0,2217990191.0,0.018611351920086106,002157
2020-01-22,14.89,14.94,14.45,14.79,50790471.0,747858986.0,2217990191.0,0.022899321740057235,002157
2020-01-23,14.55,14.67,13.44,13.84,78557070.0,1105068496.0,2217990191.0,0.03541813228875546,002157
2020-02-03,12.46,12.46,12.46,12.46,4505300.0,56136038.0,2217990191.0,0.0020312533474139247,002157
2020-02-04,11.21,12.39,11.21,12.17,87035738.0,1032239220.0,2217990191.0,0.03924081285533512,002157
2020-02-05,12.22,12.84,12.19,12.54,70116026.0,881572524.0,2217990191.0,0.031612414826950874,002157
2020-02-06,12.69,13.68,12.59,13.59,84804589.0,1120039804.0,2217990191.0,0.03823488009284889,002157
2020-02-07,13.55,14.05,13.23,13.7,73188534.0,1002413158.0,2217990191.0,0.03299768154835812,002157
2020-02-10,13.38,14.64,13.3,14.58,89286062.0,1276731966.0,2217990191.0,0.04025539083188849,002157
2020-02-11,14.59,14.79,14.18,14.23,70574613.0,1016597847.0,2217990191.0,0.03181917272960564,002157
2020-02-12,14.2,14.57,14.15,14.33,49643653.0,712390825.0,2217990191.0,0.02238226895747349,002157
2020-02-13,14.44,14.52,14.01,14.3,44298379.0,632363717.0,2217990191.0,0.019972306090329323,002157
2020-02-14,14.29,14.84,14.23,14.7,71610143.0,1049686265.0,2217990191.0,0.032286050357920634,002157
2020-02-17,14.71,14.97,14.54,14.85,62174289.0,917919534.0,2217990191.0,0.028031814230868254,002157
2020-02-18,14.78,14.92,14.54,14.77,48144940.0,709004988.0,2217990191.0,0.02170656128027935,002157
2020-02-19,14.85,15.72,14.85,15.5,108145300.0,1663324947.0,2217990191.0,0.04875824087898322,002157
2020-02-20,15.99,16.15,15.42,15.73,111329956.0,1759139815.0,2217990191.0,0.0501940704930737,002157
2020-02-21,15.5,15.9,15.35,15.52,92793237.0,1444784468.0,2217990191.0,0.041836630917724375,002157
2020-02-24,15.42,15.71,15.2,15.5,77532521.0,1193590985.0,2217990191.0,0.03495620553896309,002157
2020-02-25,15.1,15.55,14.71,15.3,94891012.0,1443961246.0,2217990191.0,0.04278243086242756,002157
2020-02-26,15.41,15.75,15.22,15.33,100347183.0,1557236616.0,2217990191.0,0.04524239259811948,002157
2020-02-27,15.5,15.99,15.4,15.81,109189562.0,1714964813.0,2225499712.0,0.049062941419962765,002157
2020-02-28,15.49,15.59,14.93,15.12,91525561.0,1400314275.0,2225499712.0,0.041125847155355645,002157
2020-03-02,15.2,16.1,15.0,16.02,111787354.0,1761416128.0,2225499712.0,0.050230226226153744,002157
2020-03-03,16.22,16.89,15.81,16.52,141742398.0,2306507918.0,2225499712.0,0.0636901443912656,002157
2020-03-04,16.31,18.17,16.28,17.95,187369332.0,3266490646.0,2225499712.0,0.08419202707135645,002157
2020-03-05,18.18,19.75,18.0,19.75,146845812.0,2800634523.0,2225499712.0,0.06598329858602112,002157
2020-03-06,20.08,20.71,19.37,19.5,204424673.0,4074300822.0,2225499712.0,0.0918556277036265,002157
2020-03-09,19.38,20.87,19.2,20.38,189272909.0,3821723695.0,2225499712.0,0.08504737519372907,002157
2020-03-10,20.3,20.78,18.41,19.41,173770052.0,3361924733.0,2226104517.0,0.07806014976968846,002157
2020-03-11,19.4,20.35,19.05,19.41,108551416.0,2144825855.0,2226104517.0,0.04876294673993512,002157
2020-03-12,19.1,19.59,18.05,18.4,119903768.0,2240092419.0,2226104517.0,0.05386259588637275,002157
2020-03-13,17.25,18.33,16.91,18.09,127326784.0,2246441773.0,2226104517.0,0.05719712755068274,002157
2020-03-16,18.28,18.35,16.4,16.75,108674393.0,1905481121.0,2226104517.0,0.04881818987836859,002157
2020-03-17,17.33,17.56,16.0,16.99,91402310.0,1526690720.0,2226104517.0,0.04105930754912528,002157
2020-03-18,17.09,18.69,17.09,17.72,155410254.0,2795758304.0,2226104517.0,0.06981264932225102,002157
2020-03-19,17.88,18.2,17.0,18.02,108912224.0,1925522794.0,2226337652.0,0.04891990390683111,002157
2020-03-20,18.27,18.43,17.56,18.02,66104192.0,1185723375.0,2226337652.0,0.02969189868419833,002157
2020-03-23,17.25,17.5,16.56,16.6,71690487.0,1219209295.0,2226372452.0,0.03220058123500353,002157
2020-03-24,17.0,17.28,16.61,17.17,65563455.0,1111400176.0,2226372452.0,0.029448556525707496,002157
2020-03-25,17.6,17.89,17.28,17.67,66313846.0,1166934466.0,2226372452.0,0.02978560300655391,002157
2020-03-26,17.38,18.32,17.32,18.01,72230092.0,1300504838.0,2226372452.0,0.03244295083471505,002157
2020-03-27,18.03,18.16,17.26,17.28,65579077.0,1156826527.0,2226372452.0,0.029455573321116535,002157
2020-03-30,16.85,17.67,16.71,17.33,45088212.0,781631955.0,2226372452.0,0.02025187293325349,002157
2020-03-31,17.59,19.06,17.41,19.06,118551052.0,2201758656.0,2226372452.0,0.05324852627129075,002157
2020-04-01,19.14,19.3,18.5,18.7,120132039.0,2272244662.0,2226372452.0,0.05395864420262778,002157
2020-04-02,18.8,18.98,17.66,17.98,131154205.0,2371391230.0,2226372452.0,0.05890937290487099,002157
2020-04-03,17.85,19.33,17.72,19.2,163150509.0,3081577979.0,2226372452.0,0.07328086944906198,002157
2020-04-07,19.4,21.12,19.01,21.11,193426111.0,3950256039.0,2226372452.0,0.08687949351252573,002157
2020-04-08,20.8,21.33,20.46,20.71,121818927.0,2532859645.0,2226372452.0,0.05471632874839398,002157
2020-04-09,21.05,22.28,20.23,21.59,135166017.0,2883849854.0,2226372452.0,0.06071132297679005,002157
2020-04-10,21.5,22.08,21.15,21.82,103656231.0,2240597441.0,2226372452.0,0.0465583514145997,002157
2020-04-13,19.8,20.39,19.64,19.64,119478607.0,2385123388.0,2226372452.0,0.053665147937250884,002157
2020-04-14,19.49,19.85,18.9,19.66,130290554.0,2527684653.0,2226372452.0,0.05852145443272849,002157
2020-04-15,19.5,19.75,18.99,19.0,82523547.0,1591085016.0,2226372452.0,0.03706637086973802,002157
2020-04-16,18.88,19.1,18.08,18.21,122808251.0,2255360981.0,2226372452.0,0.05516069464912693,002157
2020-04-17,18.37,18.54,18.03,18.29,85027905.0,1555132860.0,2226372452.0,0.038191231176804015,002157
2020-04-20,18.17,18.45,18.06,18.43,50068214.0,914274083.0,2226372452.0,0.02248869633426456,002157
2020-04-21,18.63,18.65,18.1,18.3,66584873.0,1222287380.0,2226372452.0,0.029907337804231868,002157
2020-04-22,18.21,19.9,18.12,19.7,127959725.0,2459260601.0,2226372452.0,0.05747453661001371,002157
2020-04-23,19.69,20.14,19.3,19.3,88992289.0,1749029210.0,2226372452.0,0.0399718784339324,002157
2020-04-24,19.34,19.66,18.97,19.56,71652197.0,1384756122.0,2226372452.0,0.032183382854756956,002157
2020-04-27,19.68,20.25,19.41,19.59,89705026.0,1776333035.0,2226372452.0,0.040292012201020536,002157
2020-04-28,19.59,19.59,18.31,19.2,78860999.0,1498320383.0,2226372452.0,0.035421296616007535,002157
2020-04-29,19.04,19.25,18.23,18.35,81196967.0,1510726645.0,2226372452.0,0.036470522677847075,002157
2020-04-30,18.45,18.59,18.13,18.49,53565150.0,985423477.0,2226372452.0,0.02405938411242972,002157
2020-05-06,18.18,18.56,17.9,18.45,65498913.0,1196443145.0,2226372452.0,0.029419566767079276,002157
2020-05-07,18.35,18.89,18.15,18.56,69503589.0,1291553353.0,2226372452.0,0.031218311625066764,002157
2020-05-08,18.76,18.85,18.28,18.43,62850961.0,1162610268.0,2226372452.0,0.02823020961454117,002157
2020-05-11,18.0,18.08,17.02,17.26,130528200.0,2283033282.0,2226537342.0,0.058623853971724676,002157
2020-05-12,17.1,17.36,16.9,17.07,53429687.0,912376595.0,2226537342.0,0.023996762143682026,002157
2020-05-13,17.05,17.28,16.96,17.13,41193222.0,705007924.0,2226537342.0,0.018501024538397345,002157
2020-05-14,16.99,17.1,16.37,16.38,78492808.0,1302224292.0,2226537342.0,0.03525330858789612,002157
2020-05-15,16.36,16.44,16.05,16.15,58873405.0,955346213.0,2226537342.0,0.026441687677744772,002157
2020-05-18,16.38,16.84,16.25,16.84,77880901.0,1289126412.0,2226537342.0,0.034978484093171794,002157
2020-05-19,16.84,16.89,16.35,16.55,53667960.0,887262829.0,2226537342.0,0.024103777191444922,002157
2020-05-20,16.49,16.53,16.05,16.11,43107953.0,697232228.0,2226537342.0,0.019360983616505633,002157
2020-05-21,16.24,16.37,16.01,16.12,28532952.0,460055618.0,2226537342.0,0.012814944291197072,002157
2020-05-22,16.08,16.31,15.7,15.95,39707905.0,636640401.0,2226537342.0,0.01783392726049326,002157
2020-05-25,16.09,16.48,16.03,16.28,41478762.0,677012865.0,2226537342.0,0.018629268513745863,002157
2020-05-26,16.23,16.23,15.95,16.19,32444669.0,521618588.0,2226537342.0,0.014571805461325157,002157
2020-05-27,16.26,16.26,15.83,15.92,31365268.0,503028879.0,2226537342.0,0.014087016376660436,002157
2020-05-28,15.87,16.0,15.18,15.37,50074763.0,777226720.0,2226537342.0,0.02248997223420473,002157
2020-05-29,15.39,15.64,15.2,15.49,34333410.0,530193167.0,2226537342.0,0.015420091705787344,002157
2020-06-01,15.52,15.95,15.33,15.78,41392814.0,647391819.0,2226537342.0,0.01859066687056713,002157
2020-06-02,15.91,16.64,15.83,16.4,67953688.0,1112971854.0,2226537342.0,0.030519895947022476,002157
2020-06-03,16.6,16.61,16.1,16.26,42753537.0,695384363.0,2226537342.0,0.019201805509175243,002157
2020-06-04,16.36,16.62,16.22,16.33,32966603.0,540478797.0,2226537342.0,0.014806220573146803,002157
2020-06-05,16.3,16.3,15.76,15.91,40718230.0,648918617.0,2226537342.0,0.01828769238759976,002157
2020-06-08,16.05,16.14,15.77,15.98,29030087.0,463413659.0,2226537342.0,0.013038221480679752,002157
2020-06-09,16.05,16.12,15.87,15.99,22218734.0,354843650.0,2226537342.0,0.009979052936090393,002157
2020-06-10,16.01,16.38,15.97,16.2,35245062.0,571563734.0,2226537342.0,0.015829540037420133,002157
2020-06-11,16.2,16.2,15.73,15.8,40813074.0,647168904.0,2226537342.0,0.018330289472414336,002157
2020-06-12,15.28,15.79,15.28,15.37,43545615.0,677419885.0,2226537342.0,0.019557549823478324,002157
2020-06-15,15.82,16.69,15.81,16.29,91225341.0,1493691730.0,2226537342.0,0.04097184416321368,002157
2020-06-16,16.31,16.39,15.8,16.21,59676687.0,956802576.0,2226537342.0,0.026802464020834735,002157
2020-06-17,16.15,16.69,15.96,16.69,72674063.0,1190437996.0,2226537342.0,0.03263994797173269,002157
2020-06-18,16.79,17.44,16.6,17.09,91758435.0,1568962428.0,2226537342.0,0.04121127154219541,002157
2020-06-19,17.16,17.28,16.82,17.04,56200410.0,960975200.0,2226537342.0,0.02524117109552614,002157
2020-06-22,17.14,17.31,16.83,17.12,58770034.0,1003820090.0,2226537342.0,0.026395260879482702,002157
2020-06-23,17.06,17.07,16.64,16.69,44741225.0,751504985.0,2226537342.0,0.020094531610150734,002157
2020-06-24,16.81,17.08,16.65,16.85,35015982.0,589719983.0,2226537342.0,0.015726653822273957,002157
2020-06-29,17.02,17.63,17.02,17.32,75967739.0,1317128463.0,2226537342.0,0.034119229696709934,002157
2020-06-30,17.7,17.78,17.24,17.48,64209935.0,1122830081.0,2226637342.0,0.02883717693440174,002157
2020-07-01,17.49,18.35,17.49,18.17,98210065.0,1776757664.0,2226637342.0,0.04410689749404194,002157
2020-07-02,18.1,18.36,17.9,18.25,68892848.0,1251063355.0,2226637342.0,0.030940309272869455,002157
2020-07-03,18.19,19.16,17.94,18.78,83746389.0,1558890662.0,2226637342.0,0.037611149072339596,002157
2020-07-06,19.55,20.4,19.32,20.28,103002508.0,2040151116.0,2226975453.0,0.046252197284547256,002157
2020-07-07,20.52,20.63,19.28,19.58,136414404.0,2696801828.0,2226975453.0,0.06125545919971126,002157
2020-07-08,19.48,19.86,19.12,19.36,97106406.0,1880813372.0,2226975453.0,0.04360461444206139,002157
2020-07-09,19.36,19.85,19.26,19.82,90923799.0,1779852326.0,2226975453.0,0.04082837953041416,002157
2020-07-10,19.73,19.73,18.83,19.05,92517206.0,1777687210.0,2226975453.0,0.04154388225311076,002157
2020-07-13,19.75,20.88,19.56,20.68,161760874.0,3272947651.0,2226975453.0,0.07263702605347037,002157
2020-07-14,20.9,21.08,19.7,20.27,129440001.0,2617122739.0,2226975453.0,0.05812367658818555,002157
2020-07-15,20.19,20.96,19.84,19.87,105432873.0,2138725592.0,2226975453.0,0.04734352723015847,002157
2020-07-16,19.95,19.99,18.44,18.54,99285597.0,1894934982.0,2226975453.0,0.04458315733397534,002157
2020-07-17,18.65,19.16,18.53,18.69,74125446.0,1396284293.0,2226975453.0,0.03328525507550801,002157
2020-07-20,19.1,19.58,18.72,19.47,80425465.0,1545343296.0,2226975453.0,0.03611421261588553,002157
2020-07-21,19.45,19.79,19.21,19.75,61230331.0,1194505890.0,2226975453.0,0.027494838758781774,002157
2020-07-22,19.64,19.68,19.3,19.44,50734718.0,988618400.0,2226975453.0,0.02278189368080116,002157
2020-07-23,19.19,19.5,18.75,19.09,47443918.0,905493983.0,2226975453.0,0.02130419441134271,002157
2020-07-24,18.98,20.66,18.97,19.33,138611041.0,2758193272.0,2228964760.0,0.062186286426529236,002157
2020-07-27,19.8,19.93,18.83,19.09,79171841.0,1520486855.0,2228964760.0,0.035519557070072295,002157
2020-07-28,19.19,20.97,19.0,20.8,173536835.0,3521091750.0,2228964760.0,0.07785535155791337,002157
2020-07-29,20.86,21.65,20.63,21.37,145752307.0,3089862425.0,2228964760.0,0.06539013519442093,002157
2020-07-30,21.38,21.65,21.03,21.26,91086789.0,1938552757.0,2228964760.0,0.04086506464103991,002157
2020-07-31,21.3,21.82,20.88,21.57,109557318.0,2346022258.0,2228964760.0,0.04915165998407261,002157
2020-08-03,21.8,23.45,21.65,23.11,122129000.0,2780899682.0,2228964760.0,0.05479180388657199,002157
2020-08-04,23.1,23.77,22.93,23.18,103928880.0,2427127704.0,2228964760.0,0.04662652450368933,002157
2020-08-05,23.19,25.5,23.03,25.5,152568230.0,3779868676.0,2228964760.0,0.06844802248017595,002157
2020-08-06,25.54,26.46,24.98,25.5,169880630.0,4372974801.0,2228964760.0,0.07621503625745972,002157
2020-08-07,25.48,26.68,25.28,26.37,114533812.0,2970837857.0,2228964760.0,0.051384308112614574,002157
2020-08-10,26.1,26.11,23.73,23.81,197422636.0,4800018687.0,2228964760.0,0.08857144785007727,002157
2020-08-11,23.8,24.64,23.5,23.55,90519994.0,2175397952.0,2229165656.0,0.04060711852273396,002157
2020-08-12,23.73,24.17,22.87,23.28,98030675.0,2292478192.0,2229165656.0,0.0439763975082523,002157
2020-08-13,23.45,24.15,23.05,23.52,82480765.0,1953476190.0,2229165656.0,0.03700073378485605,002157
2020-08-14,23.5,23.78,22.92,23.38,66179215.0,1540989194.0,2229165656.0,0.029687885609520622,002157
2020-08-17,23.62,24.2,23.53,23.81,69289621.0,1650632442.0,2229165656.0,0.031083208559893584,002157
2020-08-18,23.77,24.37,23.6,24.0,79307640.0,1903343027.0,2229165656.0,0.03557727519555864,002157
2020-08-19,23.85,24.23,23.39,23.81,66683127.0,1590750794.0,2229165656.0,0.029913939693318153,002157
2020-08-20,23.6,23.78,23.21,23.53,44521769.0,1046437599.0,2229165656.0,0.019972391410286467,002157
2020-08-21,23.64,24.84,23.6,24.12,71142967.0,1721672935.0,2232593556.0,0.03186561513124783,002157
2020-08-24,24.39,25.33,24.35,25.12,79440937.0,1986116832.0,2232593556.0,0.035582355232776634,002157
2020-08-25,24.96,25.08,24.51,24.78,49171346.0,1217905930.0,2232593556.0,0.022024316010343263,002157
2020-08-26,24.62,25.05,23.93,24.15,50505554.0,1227748366.0,2232593556.0,0.022621920530169263,002157
2020-08-27,24.07,24.42,23.53,24.32,33774308.0,815029834.0,2232593556.0,0.01512783547602428,002157
2020-08-28,24.29,24.72,23.9,24.54,56170033.0,1367846874.0,2232593556.0,0.02515909483347089,002157
2020-08-31,24.69,25.22,24.01,24.85,54049728.0,1340150195.0,2232593556.0,0.024209389951316333,002157
2020-09-01,24.9,26.08,24.9,25.8,59419423.0,1522838643.0,2232593556.0,0.02661452768252996,002157
2020-09-02,25.81,26.38,25.25,25.4,65406453.0,1686366485.0,2232593556.0,0.029296175662705353,002157
2020-09-03,25.59,25.6,24.21,24.37,69651719.0,1712067619.0,2232593556.0,0.031197670893931398,002157
2020-09-04,23.8,24.34,23.75,24.29,36120020.0,867399025.0,2232593556.0,0.016178502308639646,002157
2020-09-07,24.82,24.92,21.86,21.92,115953387.0,2651708285.0,2232593556.0,0.05193663069051696,002157
2020-09-08,21.91,21.91,20.55,21.14,90567896.0,1914401094.0,2232593556.0,0.040566226555927586,002157
2020-09-09,21.06,21.18,19.8,19.8,69091046.0,1399154067.0,2232593556.0,0.030946540096526195,002157
2020-09-10,20.13,20.26,19.35,19.45,54495128.0,1077750496.0,2232593556.0,0.024408888869873635,002157
2020-09-11,19.4,19.64,18.93,19.51,39600018.0,765037265.0,2256043002.0,0.017552864889939717,002157
2020-09-14,19.52,19.92,18.61,18.88,59572076.0,1135649690.0,2256043002.0,0.02640555873588796,002157
2020-09-15,18.9,19.15,18.49,19.07,35324811.0,667943067.0,2256043002.0,0.015657862447074046,002157
2020-09-16,18.97,19.24,18.33,18.74,44053922.0,825254538.0,2256043002.0,0.019527075486125863,002157
2020-09-17,18.66,18.81,18.07,18.67,45481955.0,838155862.0,2256043002.0,0.020160056771825665,002157
2020-09-18,18.78,19.13,18.57,18.81,44439025.0,835185813.0,2256043002.0,0.019697773916811184,002157
2020-09-21,18.7,18.86,18.22,18.6,31729541.0,589185997.0,2256043002.0,0.014064244773646385,002157
2020-09-22,18.6,18.65,18.17,18.2,28021588.0,515661321.0,2255695411.0,0.012422593876527596,002157
2020-09-23,18.27,18.56,18.13,18.55,27001152.0,496038663.0,2255695411.0,0.011970211877156672,002157
2020-09-24,18.3,18.54,18.0,18.0,30480414.0,554033656.0,2255695411.0,0.013512646189446009,002157
2020-09-25,18.12,18.61,17.9,18.48,37810483.0,694277150.0,2255695411.0,0.01676222898517924,002157
2020-09-28,18.61,18.69,17.72,17.78,35290357.0,637869783.0,2255695411.0,0.015645001017382483,002157
2020-09-29,17.93,18.49,17.72,18.37,34161391.0,622553619.0,2255695411.0,0.01514450525253119,002157
2020-09-30,18.4,18.46,18.09,18.18,23510817.0,429672028.0,2255695411.0,0.010422868657420875,002157
2020-10-09,18.35,18.43,17.83,18.27,36623901.0,665656146.0,2255695411.0,0.016236190764675897,002157
2020-10-12,18.07,18.75,17.9,18.56,50381242.0,928972228.0,2255695411.0,0.022335126344768717,002157
2020-10-13,18.8,19.97,18.75,19.8,99575252.0,1922510700.0,2255695411.0,0.04414392630956148,002157
2020-10-14,19.72,19.72,18.9,18.96,67097670.0,1280934859.0,2255695411.0,0.029745891077667314,002157
2020-10-15,18.93,18.93,18.44,18.6,34617822.0,644506345.0,2255695411.0,0.015346851277519401,002157
2020-10-16,18.5,18.77,18.24,18.68,29095389.0,538770566.0,2255940735.0,0.012897231096808933,002157
2020-10-19,18.75,19.09,18.6,18.74,30342004.0,571896592.0,2255940735.0,0.013449823184295663,002157
2020-10-20,18.76,18.76,18.19,18.53,25920779.0,477048296.0,2255940735.0,0.0114900088454673,002157
2020-10-21,18.54,18.56,18.06,18.08,23183555.0,421600115.0,2255940735.0,0.010276668460441627,002157
2020-10-22,18.0,18.07,16.95,17.19,51495402.0,893838662.0,2255940735.0,0.022826575716759688,002157
2020-10-23,17.2,17.35,16.58,16.64,36588463.0,618599019.0,2255940735.0,0.016218716401696608,002157
2020-10-26,16.64,16.93,16.18,16.62,27698270.0,459048429.0,2255940735.0,0.012277924490777902,002157
2020-10-27,16.7,17.43,16.6,17.26,44619750.0,768621964.0,2255940735.0,0.019778777566158003,002157
2020-10-28,17.5,17.98,17.43,17.55,51492645.0,910450956.0,2255940735.0,0.02282535361018693,002157
2020-10-29,17.3,17.68,17.09,17.53,33654574.0,587308592.0,2255940735.0,0.014918199524421461,002157
2020-10-30,17.54,17.59,17.09,17.1,25583983.0,442419779.0,2255940735.0,0.011340715916457796,002157
2020-11-02,17.4,17.48,17.11,17.24,24699582.0,426553466.0,2255940735.0,0.010948683897939366,002157
2020-11-03,17.26,17.4,16.93,17.35,24507953.0,421828805.0,2255940735.0,0.01086373973383658,002157
2020-11-04,17.32,17.55,17.0,17.08,25601794.0,441523635.0,2255940735.0,0.011348611070671588,002157
2020-11-05,17.11,17.57,17.03,17.45,31769862.0,549808498.0,2255940735.0,0.01408275559153818,002157
2020-11-06,17.45,17.49,16.96,17.1,28673139.0,489966468.0,2255940735.0,0.012710058626606607,002157
2020-11-09,17.09,17.46,16.83,17.26,38438371.0,663049615.0,2272449299.0,0.01691495208140175,002157
2020-11-10,17.3,17.35,17.04,17.09,25971956.0,445832476.0,2272449299.0,0.011429058510317065,002157
2020-11-11,17.09,17.45,17.06,17.15,28706941.0,495134937.0,2272449299.0,0.012632599113490716,002157
2020-11-12,17.2,17.26,16.5,16.67,38541901.0,644917816.0,2272449299.0,0.01696051085362411,002157
2020-11-13,16.63,16.89,16.37,16.89,25737594.0,426667698.0,2272449299.0,0.011325926616416009,002157
2020-11-16,16.88,18.1,16.81,17.8,69832428.0,1230184638.0,2272449299.0,0.030730026861646605,002157
2020-11-17,17.8,18.13,17.5,18.05,51066211.0,913130690.0,2272449299.0,0.022471881340750652,002157
2020-11-18,18.07,18.17,17.72,17.8,28556103.0,510261263.0,2272449299.0,0.012566222275043153,002157
2020-11-19,17.72,18.55,17.6,18.31,53011296.0,968750301.0,2272449299.0,0.023327823429692283,002157
2020-11-20,18.31,18.31,17.83,18.04,35493414.0,639201322.0,2272449299.0,0.015619012497052855,002157
2020-11-23,17.96,18.04,17.65,17.96,32352163.0,576013089.0,2272449299.0,0.014236692987710086,002157
2020-11-24,17.85,18.29,17.73,18.06,26994770.0,486631345.0,2272449299.0,0.011879151720515459,002157
2020-11-25,18.07,18.1,17.62,17.62,24482528.0,435484648.0,2272449299.0,0.010773630025881603,002157
2020-11-26,17.76,18.06,17.7,17.88,31843010.0,570870387.0,2272449299.0,0.014012638263926345,002157
2020-11-27,18.1,18.78,18.1,18.37,54635556.0,1009225750.0,2272449299.0,0.02404258525109563,002157
2020-11-30,18.88,19.14,18.54,18.66,59885599.0,1127835070.0,2272449299.0,0.02635288674046672,002157
2020-12-01,18.61,18.79,18.35,18.71,39248838.0,729385448.0,2272449299.0,0.017271601182596946,002157
2020-12-02,18.72,19.07,18.6,18.88,32772786.0,616470496.0,2272449299.0,0.014421789746605915,002157
2020-12-03,18.97,19.03,18.6,18.94,37472717.0,706134642.0,2272449299.0,0.016490012347685826,002157
2020-12-04,18.98,19.13,18.79,19.01,30075528.0,569898189.0,2272449299.0,0.013234851053986045,002157
2020-12-07,19.03,19.45,18.95,19.23,46947701.0,903407709.0,2272449299.0,0.020659515273084208,002157
2020-12-08,19.15,19.16,18.55,18.58,44251283.0,830097585.0,2272449299.0,0.019472946225675067,002157
2020-12-09,18.58,18.6,17.96,17.98,38863236.0,708789489.0,2272449299.0,0.017101915548611762,002157
2020-12-10,17.82,18.13,17.55,17.6,33355824.0,594273917.0,2272449299.0,0.014678357847050034,002157
2020-12-11,17.6,17.65,16.9,17.24,38841241.0,667625306.0,2272449299.0,0.01709223656479035,002157
2020-12-14,17.31,17.85,17.29,17.82,34945046.0,614563706.0,2272449299.0,0.015377701062627756,002157
2020-12-15,17.7,17.83,17.45,17.49,23580286.0,413997251.0,2272449299.0,0.010376594985145145,002157
2020-12-16,17.55,17.62,17.11,17.2,23155856.0,399694807.0,2272449299.0,0.010189822941347832,002157
2020-12-17,17.25,17.48,17.13,17.4,25826820.0,447007289.0,2272449299.0,0.011365190858764238,002157
2020-12-18,17.41,17.42,16.98,16.99,33369680.0,571089668.0,2272449299.0,0.014684455232811776,002157
2020-12-21,17.03,17.18,16.72,17.01,35309429.0,599725109.0,2272449299.0,0.01553804919455763,002157
2020-12-22,16.98,17.1,16.37,16.42,48003447.0,799882289.0,2272449299.0,0.02112410033575847,002157
2020-12-23,16.5,16.58,16.18,16.32,38344538.0,625217987.0,2272449299.0,0.0168736605110942,002157
2020-12-24,16.4,16.88,16.25,16.64,38399341.0,639466464.0,2272449299.0,0.016897776780717518,002157
2020-12-25,16.69,16.69,16.3,16.37,27984787.0,459500484.0,2272449299.0,0.012314812485503994,002157
2020-12-28,16.58,17.3,16.51,17.29,62307421.0,1059985097.0,2272449299.0,0.02741861876848853,002157
2020-12-29,17.35,17.36,16.83,16.89,42256844.0,719744706.0,2272449299.0,0.018595285720387815,002157
2020-12-30,16.91,17.09,16.75,16.84,29877147.0,503863147.0,2272449299.0,0.01314755273666504,002157
2020-12-31,16.99,17.24,16.87,17.04,30844905.0,525528158.0,2276142077.0,0.01355139703785723,002157
2021-01-04,17.56,18.74,17.55,18.74,111862708.0,2065064028.0,2276142077.0,0.049145749349459436,002157
2021-01-05,19.0,19.79,18.92,19.38,152321243.0,2951539521.0,2276142077.0,0.06692079749290623,002157
2021-01-06,19.63,19.98,19.0,19.17,83084031.0,1597646633.0,2276142077.0,0.03650212868500124,002157
2021-01-07,19.02,19.5,18.84,19.35,80918042.0,1550579158.0,2276142077.0,0.03555052332526253,002157
2021-01-08,19.5,19.52,18.02,18.06,107603364.0,1977243376.0,2276142077.0,0.04727444964324167,002157
2021-01-11,17.8,17.84,17.01,17.2,76241351.0,1322410501.0,2276142077.0,0.03349586643575765,002157
2021-01-12,17.01,17.79,17.01,17.69,54217499.0,953339370.0,2276142077.0,0.02381990981488279,002157
2021-01-13,17.77,17.83,17.36,17.66,42806938.0,750268510.0,2276142077.0,0.01880679524909991,002157
2021-01-14,17.51,17.94,17.0,17.19,50534677.0,880026744.0,2276142077.0,0.0222018992182622,002157
2021-01-15,17.19,17.44,16.9,17.13,36523430.0,624860522.0,2276142077.0,0.01604619956243619,002157
2021-01-18,17.32,17.61,17.12,17.2,36438626.0,629933406.0,2276142077.0,0.01600894178276728,002157
2021-01-19,17.22,17.24,16.81,16.99,43408996.0,735687966.0,2276142077.0,0.019071303342018925,002157
2021-01-20,16.84,17.03,16.6,16.94,31915261.0,537564210.0,2276142077.0,0.014021647120580865,002157
2021-01-21,16.96,17.26,16.83,17.03,45249697.0,771046310.0,2276359857.0,0.019878094784026936,002157
2021-01-22,16.9,16.94,16.65,16.82,38725769.0,648403880.0,2276359857.0,0.01701214721429697,002157
2021-01-25,16.9,17.07,16.62,16.98,39129108.0,660809811.0,2276359857.0,0.01718933317141166,002157
2021-01-26,17.11,18.29,17.09,17.99,114289069.0,2031833900.0,2276359857.0,0.050206942741742436,002157
2021-01-27,17.69,18.4,17.55,17.9,66653926.0,1195762173.0,2276359857.0,0.029280926649199825,002157
2021-01-28,17.53,17.68,17.11,17.3,49645147.0,862559330.0,2276359857.0,0.02180900653617527,002157
2021-01-29,17.37,17.66,16.99,17.34,48708535.0,840835751.0,2276359857.0,0.02139755489459064,002157
2021-02-01,15.61,16.98,15.61,16.5,106422471.0,1732164610.0,2276367050.0,0.04675101539534233,002157
2021-02-02,16.5,16.64,16.0,16.03,59564929.0,962889121.0,2276367050.0,0.026166662797196965,002157
2021-02-03,16.05,16.79,15.31,16.43,92602631.0,1500447966.0,2276367050.0,0.04068000852498722,002157
2021-02-04,16.31,16.5,15.67,15.85,55203394.0,886073968.0,2276367050.0,0.024250655886097105,002157
2021-02-05,15.86,16.55,15.79,15.84,50872772.0,819799807.0,2276367050.0,0.02234822894664549,002157
2021-02-08,16.15,16.43,15.95,16.02,47338969.0,763804487.0,2276367050.0,0.020795841777801166,002157
2021-02-09,16.2,16.3,15.8,15.95,44044237.0,705115413.0,2276376698.0,0.01934839564940934,002157
2021-02-10,16.01,16.19,15.6,15.93,41005193.0,650856298.0,2276376698.0,0.018013360019027924,002157
2021-02-18,16.15,16.36,16.0,16.29,45464917.0,735650807.0,2276376698.0,0.019972492707355943,002157
2021-02-19,16.3,17.92,16.2,17.92,127328903.0,2221846033.0,2276376698.0,0.055934900015392794,002157
2021-02-22,18.22,19.01,18.22,18.6,167707050.0,3121232377.0,2278066265.0,0.07361816141024326,002157
2021-02-23,18.5,18.5,17.4,17.48,98458135.0,1756732534.0,2278066265.0,0.04322004873725655,002157
2021-02-24,17.44,17.99,17.2,17.67,78418403.0,1383609088.0,2278066265.0,0.03442323175792255,002157
2021-02-25,17.79,17.85,17.06,17.08,52792673.0,909194795.0,2278066265.0,0.023174335975692087,002157
2021-02-26,16.8,16.87,16.41,16.56,50906312.0,845298250.0,2278869791.0,0.022338403098345342,002157
2021-03-01,16.63,17.08,16.61,16.78,40207989.0,677085356.0,2278869791.0,0.01764382904139344,002157
2021-03-02,16.79,16.8,16.3,16.45,40221234.0,661962094.0,2278869791.0,0.017649641133006707,002157
2021-03-03,16.45,16.82,16.45,16.73,30687705.0,511473178.0,2278869791.0,0.013466195006487758,002157
2021-03-04,16.75,16.75,16.39,16.49,26659576.0,440190330.0,2278869791.0,0.01169859555174559,002157
2021-03-05,16.3,16.54,16.13,16.36,31338282.0,512382105.0,2278869791.0,0.013751677311167622,002157
2021-03-08,16.26,16.5,16.03,16.1,30415316.0,494863127.0,2278869791.0,0.013346666896072782,002157
2021-03-09,16.12,16.25,15.6,16.11,32619264.0,523302377.0,2278869791.0,0.014313790164240236,002157
2021-03-10,16.19,16.25,15.72,15.9,29891166.0,475588968.0,2302188646.0,0.012983803934545162,002157
2021-03-11,15.9,16.01,15.79,15.99,19837922.0,315873609.0,2302188646.0,0.008616983683968703,002157
2021-03-12,16.07,16.4,15.8,16.37,28573794.0,459202326.0,2302188646.0,0.012411578021482432,002157
2021-03-15,16.16,16.17,15.91,16.0,21653929.0,347162795.0,2302188646.0,0.00940580131763885,002157
2021-03-16,15.96,16.13,15.82,16.1,16783372.0,268561222.0,2303290152.0,0.007286694637853859,002157
2021-03-17,16.12,16.47,16.12,16.27,24385607.0,397990630.0,2303290152.0,0.010587292694680873,002157
2021-03-18,16.3,16.48,16.02,16.35,24240435.0,393854336.0,2303290152.0,0.010524264595561906,002157
2021-03-19,16.2,16.22,15.95,16.03,24435698.0,392031137.0,2303373651.0,0.010608655694828906,002157
2021-03-22,15.9,16.28,15.75,16.18,25386972.0,407358712.0,2303373651.0,0.01102164730805979,002157
2021-03-23,16.18,16.33,15.97,16.02,18671625.0,300454214.0,2303373651.0,0.008106207602007512,002157
2021-03-24,16.09,16.2,15.9,15.93,14993424.0,239941813.0,2303373651.0,0.006509332080572628,002157
2021-03-25,15.9,15.92,15.19,15.66,24240460.0,380093754.0,2303373651.0,0.010523893936824407,002157
2021-03-26,15.6,15.8,15.53,15.56,24945484.0,390113341.0,2303659681.0,0.010828632460664228,002157
2021-03-29,15.54,15.64,15.17,15.27,32595289.0,500212537.0,2303659681.0,0.014149350821580838,002157
2021-03-30,15.24,15.4,15.0,15.3,22213271.0,337390524.0,2303659681.0,0.009642600937633895,002157
2021-03-31,15.21,15.28,15.05,15.13,15495578.0,234614631.0,2303666533.0,0.006726484835381337,002157
2021-04-01,14.75,14.9,14.55,14.77,40851397.0,600591928.0,2303666533.0,0.017733207656057917,002157
2021-04-02,14.76,15.28,14.72,15.14,30117426.0,453885046.0,2303666533.0,0.01307369168608745,002157
2021-04-06,15.1,15.1,14.66,14.87,23487149.0,349455418.0,2303666533.0,0.010195550729042952,002157
2021-04-07,14.87,14.93,14.66,14.89,16558811.0,244795138.0,2303666533.0,0.007188024292055816,002157
2021-04-08,14.9,15.09,14.87,14.95,18832998.0,281471373.0,2303666533.0,0.008175227503728292,002157
2021-04-09,14.93,15.08,14.79,15.05,16475785.0,246335881.0,2303666533.0,0.007151983485450062,002157
2021-04-12,15.12,15.29,14.9,14.99,24890478.0,376868908.0,2303666533.0,0.010804722664258977,002157
2021-04-13,14.92,15.1,14.81,14.88,16937339.0,253104047.0,2303666533.0,0.0073523397407449335,002157
2021-04-14,14.2,14.26,13.45,13.47,72568603.0,997228819.0,2303666533.0,0.03150134881088712,002157
2021-04-15,13.59,13.72,13.45,13.53,25710224.0,348355190.0,2303666533.0,0.011160566701691108,002157
2021-04-16,13.46,13.61,13.42,13.54,18427692.0,249322712.0,2303666533.0,0.007999287976807188,002157
2021-04-19,13.5,13.85,13.3,13.7,27960889.0,380844468.0,2303666533.0,0.012137559234142852,002157
2021-04-20,13.7,14.36,13.66,14.08,32788781.0,463637447.0,2303666533.0,0.014233301795334108,002157
2021-04-21,13.9,14.26,13.8,14.11,21871189.0,308346962.0,2303666533.0,0.009494077674305476,002157
2021-04-22,14.11,14.23,13.92,14.14,16635000.0,233864688.0,2303666533.0,0.0072210972211923,002157
2021-04-23,14.16,14.69,14.04,14.45,31877500.0,459836908.0,2303666533.0,0.013837723274334688,002157
2021-04-26,14.42,14.44,14.0,14.02,22410260.0,317090739.0,2303666533.0,0.009728083331060833,002157
2021-04-27,13.95,14.06,13.62,13.75,17941357.0,247042142.0,2303666533.0,0.007788174522219358,002157
2021-04-28,13.77,14.19,13.7,14.17,20466721.0,286112958.0,2303666533.0,0.008884411309889876,002157
2021-04-29,14.29,15.25,14.28,14.85,49521684.0,733568009.0,2303666533.0,0.021496897789069023,002157
2021-04-30,14.67,14.88,14.44,14.73,25867381.0,378637442.0,2303666533.0,0.011228787078967389,002157
2021-05-06,14.58,14.58,13.85,13.97,33939549.0,478070534.0,2303666533.0,0.014732839373154187,002157
2021-05-07,13.97,14.61,13.86,14.23,25855208.0,368310991.0,2303666533.0,0.011223502894027588,002157
2021-05-10,14.25,14.28,13.6,13.8,26467355.0,364373497.0,2303666533.0,0.011489230155864751,002157
2021-05-11,13.6,14.07,13.56,13.96,16970189.0,235422921.0,2303666533.0,0.0073665996171330414,002157
2021-05-12,14.03,14.22,13.91,13.95,15550350.0,218109934.0,2303666533.0,0.006750260846021502,002157
2021-05-13,13.88,13.91,13.6,13.7,19893453.0,272421787.0,2303666533.0,0.00863556105670091,002157
2021-05-14,13.61,13.79,13.54,13.78,15956834.0,218662509.0,2303666533.0,0.006926711731675793,002157
2021-05-17,13.85,13.89,13.63,13.8,22429722.0,308721795.0,2303666533.0,0.009736531602423553,002157
2021-05-18,13.7,13.75,13.54,13.56,16207121.0,220148961.0,2304275067.0,0.00703350100519922,002157
2021-05-19,13.5,13.55,13.22,13.24,22834893.0,303932245.0,2304275067.0,0.00990979476670265,002157
2021-05-20,13.35,13.62,13.32,13.59,24638554.0,332530705.0,2304275067.0,0.010692540292977098,002157
2021-05-21,13.59,13.74,13.45,13.56,16587406.0,225200685.0,2304275067.0,0.007198535555737973,002157
2021-05-24,13.6,13.65,13.06,13.2,34116330.0,451655102.0,2304275067.0,0.014805667295795985,002157
2021-05-25,13.28,13.28,13.08,13.21,24507452.0,323349184.0,2304275067.0,0.01063564517577623,002157
2021-05-26,13.15,13.2,13.07,13.11,27068911.0,354594287.0,2304275067.0,0.011747256821748183,002157
2021-05-27,13.0,13.2,12.96,12.97,35556838.0,463446235.0,2304294235.0,0.015430684788394655,002157
2021-05-28,12.95,13.08,12.59,13.01,44440110.0,570329866.0,2304294235.0,0.01928577927462462,002157
2021-05-31,12.84,12.85,12.6,12.64,32535822.0,412675601.0,2304294235.0,0.014119647354843988,002157
2021-06-01,12.56,12.81,12.53,12.78,27828934.0,352630898.0,2304577622.0,0.012075503005122905,002157
2021-06-02,12.9,13.2,12.82,13.06,41528858.0,541911729.0,2304577622.0,0.018020160225264915,002157
2021-06-03,13.07,13.2,12.92,12.97,24404727.0,317846385.0,2304577622.0,0.01058967455338764,002157
2021-06-04,12.92,13.08,12.8,13.0,18243877.0,236522016.0,2304577622.0,0.007916364728113289,002157
2021-06-07,12.96,13.15,12.74,13.13,26981736.0,348463162.0,2304577622.0,0.011707887702469411,002157
2021-06-08,13.2,13.22,13.06,13.15,36684396.0,482674700.0,2304577622.0,0.01591805615476032,002157
2021-06-09,12.55,13.02,12.25,12.51,90323974.0,1145213528.0,2304577622.0,0.03919328780152496,002157
2021-06-10,12.53,12.57,11.97,12.01,44576020.0,539324163.0,2304577622.0,0.019342381690452777,002157
2021-06-11,11.92,12.16,11.88,11.91,21864652.0,262243823.0,2304577622.0,0.009487487768376846,002157
2021-06-15,11.79,11.79,11.3,11.3,36011555.0,412257539.0,2304577622.0,0.015626097665891507,002157
2021-06-16,11.3,11.44,11.05,11.42,28782826.0,324663601.0,2304577622.0,0.012489414860767923,002157
2021-06-17,11.25,11.91,10.69,11.78,61448208.0,685012348.0,2304577622.0,0.026663544509589097,002157
2021-06-18,11.78,12.16,11.62,11.62,56180981.0,668227921.0,2304809906.0,0.024375537806283622,002157
2021-06-21,11.27,11.28,10.8,10.81,60560163.0,664657948.0,2304848398.0,0.026275117726853633,002157
2021-06-22,10.81,11.06,10.75,11.02,42100227.0,457689704.0,2304848398.0,0.01826594193202984,002157
2021-06-23,11.25,11.45,10.92,11.08,46246235.0,513898133.0,2304848398.0,0.02006476219439401,002157
2021-06-24,11.05,11.1,10.86,11.08,32651020.0,356970698.0,2304848398.0,0.014166233244812313,002157
2021-06-25,11.3,11.43,11.06,11.18,41133958.0,460907061.0,2304848398.0,0.01784670871875713,002157
2021-06-28,11.21,12.3,11.21,12.28,120284641.0,1429310655.0,2304848398.0,0.05218765846134406,002157
2021-06-29,12.0,12.64,11.63,12.16,96843663.0,1162808288.0,2304848398.0,0.04201736785987084,002157
2021-06-30,12.25,12.48,11.86,11.95,46439639.0,558319805.0,2305021052.0,0.020147164799083146,002157
2021-07-01,12.01,12.14,11.7,11.9,40786271.0,484071238.0,2305021052.0,0.017694532969497582,002157
2021-07-02,12.29,12.33,11.77,11.84,45309373.0,545348121.0,2305021052.0,0.019656815264522797,002157
2021-07-05,11.68,11.84,11.41,11.8,32363178.0,373877751.0,2305073837.0,0.014039974546811013,002157
2021-07-06,12.11,12.15,11.55,11.6,34193284.0,399898634.0,2305073837.0,0.014833921348264386,002157
2021-07-07,11.5,11.61,11.24,11.47,35958402.0,409518781.0,2305073837.0,0.015599674692763433,002157
2021-07-08,11.74,11.75,11.35,11.36,31973146.0,367922519.0,2305073837.0,0.013870768687224486,002157
2021-07-09,11.26,11.46,11.22,11.4,21503363.0,243604264.0,2305073837.0,0.009328708978791815,002157
2021-07-12,11.35,11.41,11.2,11.23,24512798.0,276453207.0,2305073837.0,0.010634278870607822,002157
2021-07-13,11.14,11.17,10.96,11.05,28197853.0,311751620.0,2305073837.0,0.01223295000246016,002157
2021-07-14,11.02,11.03,10.68,10.75,43409476.0,468953327.0,2305073837.0,0.01883214121092816,002157
2021-07-15,10.38,11.05,10.12,11.05,56618554.0,598448770.0,2305073837.0,0.024562577168325217,002157
2021-07-16,11.3,11.37,10.69,10.7,48131662.0,528864345.0,2305073837.0,0.02088074630296539,002157
2021-07-19,10.61,11.0,10.4,11.0,46501480.0,492728025.0,2306376581.0,0.020162136739975856,002157
2021-07-20,11.18,11.19,10.67,10.67,44996329.0,490500710.0,2306376581.0,0.019509532558854924,002157
2021-07-21,10.66,10.9,10.57,10.8,32243812.0,345810777.0,2306376581.0,0.013980289370619481,002157
2021-07-22,10.67,10.8,10.61,10.66,17472724.0,186948554.0,2306376581.0,0.007575833081180597,002157
2021-07-23,10.61,10.87,10.4,10.73,46555061.0,493070375.0,2306376581.0,0.020185368418809833,002157
2021-07-26,10.69,10.93,10.36,10.5,39981877.0,420471242.0,2306376581.0,0.01733536376035549,002157
2021-07-27,10.4,10.47,9.9,9.9,32243228.0,328351889.0,2306376581.0,0.01398003615958499,002157
2021-07-28,9.82,9.84,8.92,9.67,62659900.0,585741082.0,2306376581.0,0.0271681131850688,002157
2021-07-29,9.66,9.86,9.45,9.49,35282476.0,339154701.0,2306376581.0,0.015297794944094605,002157
2021-07-30,9.49,9.65,9.16,9.52,30009690.0,284270152.0,2306376581.0,0.013011617550759375,002157
2021-08-02,9.41,10.25,9.25,9.99,51816072.0,511757238.0,2306376581.0,0.02246644040130409,002157
2021-08-03,9.89,10.13,9.83,9.9,27244962.0,271247574.0,2306376581.0,0.011812885295681903,002157
2021-08-04,9.85,9.88,9.7,9.77,21711630.0,212101677.0,2306376581.0,0.009413740227359689,002157
2021-08-05,9.65,9.84,9.44,9.44,34598165.0,331882977.0,2306376581.0,0.015001091012205347,002157
2021-08-06,9.44,9.63,9.27,9.46,23862936.0,225401007.0,2306376581.0,0.010346504641342437,002157
2021-08-09,9.38,10.07,9.38,9.97,57419057.0,567812221.0,2306376581.0,0.024895785654875238,002157
2021-08-10,9.9,9.93,9.66,9.85,37116376.0,363616540.0,2306376581.0,0.016092938293670613,002157
2021-08-11,9.81,10.14,9.78,9.88,31388327.0,312469143.0,2306376581.0,0.01360936772363108,002157
2021-08-12,10.0,10.08,9.68,9.7,30034060.0,294502813.0,2306376581.0,0.013022183908482896,002157
2021-08-13,9.64,9.68,9.53,9.62,21491092.0,205977342.0,2306376581.0,0.009318119242557467,002157
2021-08-16,9.59,9.67,9.52,9.53,18516081.0,177474029.0,2306376581.0,0.008028212371100208,002157
2021-08-17,9.51,9.64,9.3,9.31,26477621.0,249747789.0,2306376581.0,0.011480181171680046,002157
2021-08-18,9.29,9.34,9.2,9.26,17849990.0,165109582.0,2306376581.0,0.007739408276622628,002157
2021-08-19,9.22,9.29,9.14,9.17,15322533.0,140882745.0,2306376581.0,0.0066435521094982885,002157
2021-08-20,9.2,9.38,8.94,9.37,39567224.0,359720095.0,2306376581.0,0.017155578289320135,002157
2021-08-23,9.44,9.45,9.17,9.26,27895486.0,260572661.0,2306376581.0,0.012094939841916475,002157
2021-08-24,9.2,9.33,9.15,9.19,17045448.0,157188814.0,2306376581.0,0.007390574523007611,002157
2021-08-25,9.17,9.26,9.1,9.12,16218537.0,148470490.0,2306376581.0,0.007032042006326633,002157
2021-08-26,9.1,9.13,8.97,8.98,21566122.0,194525946.0,2306376581.0,0.009350650790361976,002157
2021-08-27,8.97,8.98,8.78,8.84,24171734.0,214480033.0,2306560192.0,0.010479559165131035,002157
2021-08-30,8.8,8.8,8.39,8.41,36732565.0,313783888.0,2306560192.0,0.015925257501365912,002157
2021-08-31,8.5,8.67,8.45,8.55,27202488.0,232633516.0,2306560192.0,0.011793530511082366,002157
2021-09-01,8.46,8.74,8.33,8.69,28317301.0,243205973.0,2306590592.0,0.012276691450235482,002157
2021-09-02,8.61,8.67,8.53,8.6,19209428.0,165191790.0,2306590592.0,0.00832806136755456,002157
2021-09-03,8.56,8.93,8.54,8.84,35042315.0,307615780.0,2306590592.0,0.015192256103678758,002157
2021-09-06,8.8,8.93,8.7,8.84,25701371.0,227212035.0,2306590592.0,0.011142580347436013,002157
2021-09-07,8.85,8.96,8.75,8.94,24270180.0,216115773.0,2306590592.0,0.01052210135781218,002157
2021-09-08,8.92,9.09,8.88,8.95,25496772.0,228983349.0,2306590592.0,0.011053878433576825,002157
2021-09-09,8.92,9.14,8.88,8.95,28741142.0,258643181.0,2306590592.0,0.012460443608711295,002157
2021-09-10,8.91,9.07,8.81,8.83,29319942.0,261547514.0,2306590592.0,0.012711376740064324,002157
2021-09-13,8.8,8.88,8.65,8.84,22655750.0,198589644.0,2306604259.0,0.009822122677351738,002157
2021-09-14,8.85,8.91,8.56,8.57,26838625.0,233714483.0,2306604259.0,0.011635556856049315,002157
2021-09-15,8.57,8.6,8.46,8.46,17430481.0,148165058.0,2306604259.0,0.007556771358584403,002157
2021-09-16,8.46,9.15,8.44,9.01,73337406.0,653684338.0,2306604259.0,0.031794533333513626,002157
2021-09-17,9.07,9.11,8.72,8.93,50292909.0,448249397.0,2306604259.0,0.021803874159932346,002157
2021-09-22,8.76,8.78,8.58,8.63,25971737.0,224346207.0,2306604259.0,0.011259728190764604,002157
2021-09-23,8.63,8.89,8.6,8.82,31611454.0,275691857.0,2306604259.0,0.01370475835924484,002157
2021-09-24,8.75,9.1,8.68,9.03,56546609.0,508250482.0,2308148959.0,0.024498682712617768,002157
2021-09-27,9.02,9.74,8.91,9.48,79811532.0,752929686.0,2308148959.0,0.034578154797504125,002157
2021-09-28,9.33,9.48,9.1,9.48,51885227.0,481152624.0,2308148959.0,0.022479150142233086,002157
2021-09-29,9.33,9.89,9.18,9.65,72532820.0,693433083.0,2308148959.0,0.031424670282729356,002157
2021-09-30,9.59,9.82,9.4,9.43,53632674.0,514406722.0,2308255509.0,0.02323515476986131,002157
2021-10-08,9.53,10.35,9.29,10.04,87912828.0,876249693.0,2308255509.0,0.038086263698807875,002157
2021-10-11,10.1,10.41,9.9,10.3,93191012.0,948747783.0,2308255509.0,0.04037291869840394,002157
2021-10-12,10.18,10.23,9.95,10.0,47397151.0,476311081.0,2308255509.0,0.02053375409056589,002157
2021-10-13,10.08,10.14,9.64,9.99,52259068.0,513329785.0,2308255509.0,0.022640070735773992,002157
2021-10-14,9.86,9.9,9.65,9.65,35102772.0,342063011.0,2308255509.0,0.015207489752816616,002157
2021-10-15,9.1,9.62,9.02,9.15,72974681.0,676453741.0,2308255509.0,0.031614646088991526,002157
2021-10-18,9.16,9.54,8.99,9.41,54953711.0,511962418.0,2308255509.0,0.023807464462115575,002157
2021-10-19,9.38,10.35,9.34,10.35,145727326.0,1481992113.0,2308255509.0,0.06313310005404606,002157
2021-10-20,10.35,10.56,10.16,10.36,142114458.0,1471394572.0,2308255509.0,0.061567905912447235,002157
2021-10-21,10.36,10.51,10.06,10.12,69788887.0,714347466.0,2308255710.0,0.03023446955970056,002157
2021-10-22,10.12,10.25,9.9,9.92,53054756.0,531253678.0,2308255710.0,0.02298478273882403,002157
2021-10-25,10.5,10.76,9.93,10.0,90605327.0,925411420.0,2308255710.0,0.03925272516709165,002157
2021-10-26,9.9,10.09,9.84,9.91,48998027.0,487423525.0,2308255710.0,0.02122729591341507,002157
2021-10-27,9.94,10.2,9.65,10.06,56859451.0,567824054.0,2308255710.0,0.024633081488185726,002157
2021-10-28,9.98,10.01,9.61,9.75,45553861.0,446294953.0,2308255710.0,0.019735188264735193,002157
2021-10-29,9.74,10.25,9.71,10.02,50118108.0,501956380.0,2308255710.0,0.02171254587733696,002157
2021-11-01,9.87,10.16,9.8,10.05,40280354.0,402561800.0,2308255710.0,0.017450559669578376,002157
2021-11-02,9.95,10.19,9.89,10.19,52426029.0,527023197.0,2308255710.0,0.022712400871738772,002157
2021-11-03,10.15,10.86,10.06,10.7,119402603.0,1260608744.0,2308255710.0,0.05172849891921203,002157
2021-11-04,10.7,11.24,10.51,11.08,123873848.0,1354479544.0,2308255710.0,0.053665565501839485,002157
2021-11-05,10.99,11.11,10.64,10.71,73068613.0,793418425.0,2308255710.0,0.03165533726763747,002157
2021-11-08,10.68,10.85,10.5,10.82,52938073.0,564733421.0,2308255710.0,0.022934232446889517,002157
2021-11-09,10.73,11.15,10.62,10.68,43973681.0,474869302.0,2308255710.0,0.019050610731512065,002157
2021-11-10,10.68,10.76,10.39,10.52,34659420.0,364485157.0,2308255710.0,0.015015416121292731,002157
2021-11-11,10.5,10.77,10.45,10.53,31487409.0,333263706.0,2308255710.0,0.013641213520489893,002157
2021-11-12,10.53,10.76,10.48,10.61,32892113.0,350438296.0,2308255710.0,0.014249770013565784,002157
2021-11-15,10.73,10.96,10.61,10.85,40417842.0,436245589.0,2308255710.0,0.01751012326099694,002157
2021-11-16,10.91,11.0,10.57,10.61,40011669.0,431353792.0,2308255710.0,0.017334157921350922,002157
2021-11-17,10.54,10.88,10.38,10.82,40533793.0,432067154.0,2308255710.0,0.01756035643035407,002157
2021-11-18,10.89,11.1,10.72,10.95,49697263.0,543576187.0,2308255710.0,0.02153022422286134,002157
2021-11-19,10.86,10.88,10.5,10.68,50441828.0,536531951.0,2308255710.0,0.021852790304588914,002157
2021-11-22,10.63,10.65,10.31,10.39,57191571.0,596429903.0,2308255710.0,0.02477696502698135,002157
2021-11-23,10.39,10.5,10.32,10.37,26629864.0,276589037.0,2308255710.0,0.011536791129610159,002157
2021-11-24,10.35,10.4,10.08,10.1,37142386.0,376693908.0,2308255710.0,0.016091105434761385,002157
2021-11-25,10.1,10.22,10.02,10.14,19168707.0,194047293.0,2308255710.0,0.008304412252488265,002157
2021-11-26,10.14,10.14,9.91,9.94,26200007.0,261552724.0,2308255710.0,0.01135056522832126,002157
2021-11-29,9.77,10.06,9.76,9.93,22373926.0,222068292.0,2308255710.0,0.009693001474260407,002157
2021-11-30,9.91,9.99,9.61,9.69,37929634.0,370668803.0,2308255710.0,0.016432162968634006,002157
2021-12-01,9.69,9.69,9.52,9.57,31261480.0,299612264.0,2308255710.0,0.013543334850019715,002157
2021-12-02,9.54,9.77,9.52,9.63,28556238.0,276032024.0,2308255710.0,0.012371349446374812,002157
2021-12-03,9.59,9.76,9.55,9.74,25990381.0,251957731.0,2308255710.0,0.01125974946683875,002157
2021-12-06,9.72,9.72,9.56,9.59,20791929.0,199671901.0,2308255710.0,0.009007636766552177,002157
2021-12-07,9.53,9.65,9.49,9.61,16670334.0,159896166.0,2308255710.0,0.007222048201929933,002157
2021-12-08,9.61,9.79,9.56,9.76,24790356.0,240751020.0,2308255710.0,0.010739865558482687,002157
2021-12-09,9.77,9.92,9.74,9.79,29854862.0,293401873.0,2308255710.0,0.012933949159384945,002157
2021-12-10,9.79,9.94,9.63,9.68,32914941.0,320947532.0,2308255710.0,0.014259659732413268,002157
2021-12-13,9.65,9.76,9.59,9.65,24044725.0,232481390.0,2308255710.0,0.010416837656171117,002157
2021-12-14,9.61,9.72,9.58,9.65,17074269.0,164765528.0,2308255710.0,0.007397043978286097,002157
2021-12-15,9.64,9.68,9.48,9.49,25197563.0,240996497.0,2308255710.0,0.010916278855430624,002157
2021-12-16,9.48,9.51,9.21,9.25,41387741.0,384132639.0,2308255710.0,0.017930310242793682,002157
2021-12-17,9.22,9.33,9.16,9.18,23579451.0,217516271.0,2308255710.0,0.010215268134222443,002157
2021-12-20,9.15,9.24,9.0,9.03,29602772.0,269888315.0,2308255710.0,0.012824736822594062,002157
2021-12-21,9.01,9.1,8.96,9.1,30083472.0,271689247.0,2308255710.0,0.013032989312956145,002157
2021-12-22,9.08,9.29,9.06,9.23,30776886.0,283666158.0,2308255710.0,0.013333395371520602,002157
2021-12-23,9.23,9.62,9.2,9.6,63127396.0,598052056.0,2308255710.0,0.02734852803635001,002157
2021-12-24,9.51,9.67,9.47,9.56,43901644.0,420786873.0,2308255710.0,0.019019402317432155,002157
2021-12-27,9.62,9.83,9.58,9.6,36680687.0,355590254.0,2308255710.0,0.015891084701356594,002157
2021-12-28,9.63,9.65,9.47,9.54,25985634.0,247817865.0,2308255710.0,0.011257692935589012,002157
2021-12-29,9.5,9.58,9.38,9.45,23186785.0,219603396.0,2308255710.0,0.010045154399293136,002157
2021-12-30,9.49,9.53,9.38,9.41,22173619.0,209268078.0,2308255710.0,0.009606222960453546,002157
2021-12-31,9.41,9.73,9.35,9.66,38121691.0,365391829.0,2308257305.0,0.01651535594295455,002157
2022-01-04,9.65,10.34,9.61,10.22,106928324.0,1082975201.0,2308257305.0,0.04632426539640042,002157
2022-01-05,10.22,10.69,10.14,10.39,93419953.0,972589170.0,2308257305.0,0.04047207076855758,002157
2022-01-06,10.2,10.35,10.08,10.24,54023889.0,551388129.0,2308257305.0,0.023404621695760214,002157
2022-01-07,10.27,10.48,10.15,10.2,47451899.0,489165903.0,2308257305.0,0.02055745644006529,002157
2022-01-10,10.09,11.11,10.0,11.06,139923046.0,1512271507.0,2308257305.0,0.06061847857988258,002157
2022-01-11,11.0,11.0,10.7,10.73,72632499.0,786672399.0,2308257305.0,0.03146637891827229,002157
2022-01-12,10.75,10.8,10.31,10.53,61108375.0,641641887.0,2308257305.0,0.026473814192044764,002157
2022-01-13,10.45,10.72,10.23,10.24,51131973.0,534005391.0,2308257305.0,0.022151764835419852,002157
2022-01-14,10.24,10.46,9.95,10.0,57694123.0,586326013.0,2308257305.0,0.024994667134823602,002157
2022-01-17,10.0,10.1,9.78,10.07,41591189.0,414636385.0,2308257305.0,0.01801843707367797,002157
2022-01-18,10.0,10.07,9.6,9.74,58550176.0,575558538.0,2308257305.0,0.025365532635019648,002157
2022-01-19,9.65,9.74,9.51,9.56,35642027.0,341902632.0,2308257305.0,0.015441097889214737,002157
2022-01-20,9.58,9.99,9.56,9.84,56942601.0,559937607.0,2308257305.0,0.024669087313903246,002157
2022-01-21,9.78,9.78,9.31,9.33,41594988.0,394646082.0,2308257305.0,0.018020082904059088,002157
2022-01-24,9.22,9.41,9.16,9.25,24236296.0,225252357.0,2308257305.0,0.010499824238615374,002157
2022-01-25,9.25,9.28,8.82,8.85,36218973.0,327713571.0,2308257305.0,0.01569104662705703,002157
2022-01-26,8.85,9.09,8.85,8.99,27182511.0,244009667.0,2308257305.0,0.011776204906237694,002157
2022-01-27,8.89,9.29,8.68,8.71,36190836.0,323468696.0,2308257305.0,0.015678856911491502,002157
2022-01-28,8.77,9.03,8.66,8.85,34316594.0,303997213.0,2308257305.0,0.01486688417520247,002157
2022-02-07,7.97,7.97,7.97,7.97,18959900.0,151110403.0,2308257305.0,0.008213945628561543,002157
2022-02-08,7.17,7.17,7.17,7.17,12530000.0,89840100.0,2308257305.0,0.005428337635002091,002157
2022-02-09,6.6,7.31,6.6,7.14,175767160.0,1226714441.0,2308257305.0,0.0761471260674728,002157
2022-02-10,7.08,7.85,7.04,7.85,153525561.0,1153316079.0,2308257305.0,0.06651145895539579,002157
2022-02-11,7.84,8.01,7.44,7.5,117084310.0,895876207.0,2308257305.0,0.050724115438248334,002157
2022-02-14,7.45,7.6,7.23,7.24,71043944.0,524929509.0,2308257305.0,0.030778173579743096,002157
2022-02-15,7.25,7.32,7.12,7.21,39377044.0,283494416.0,2308257305.0,0.017059209090210158,002157
2022-02-16,7.25,7.26,7.12,7.17,40593354.0,291541901.0,2308257305.0,0.017586147745344186,002157
2022-02-17,7.16,7.22,6.99,7.2,46142918.0,329058703.0,2308257305.0,0.019990370181022777,002157
2022-02-18,7.12,7.35,7.08,7.23,43182060.0,311261004.0,2308257305.0,0.018707645766553743,002157
2022-02-21,7.2,7.45,7.16,7.42,47326212.0,347363544.0,2308450700.0,0.020501287725139636,002157
2022-02-22,7.35,7.45,7.21,7.25,36019304.0,263273608.0,2308450700.0,0.015603237270780787,002157
2022-02-23,7.3,7.4,7.15,7.24,36705720.0,265196412.0,2308450700.0,0.01590058648425977,002157
2022-02-24,7.17,7.26,6.91,6.98,57336640.0,404790832.0,2308450700.0,0.024837714749550422,002157
2022-02-25,7.0,7.07,6.88,6.91,39130391.0,272077082.0,2308450700.0,0.016950932068854663,002157
2022-02-28,6.91,6.95,6.79,6.89,29563225.0,203003567.0,2308450700.0,0.012806522140585459,002157
2022-03-01,7.09,7.43,6.96,7.36,99823687.0,716638135.0,2308450767.0,0.04324271863494328,002157
2022-03-02,7.23,7.23,6.92,6.99,90761214.0,639042423.0,2308450767.0,0.039316937271289876,002157
2022-03-03,6.98,6.98,6.75,6.8,57306860.0,391427725.0,2308450767.0,0.02482481360192682,002157
2022-03-04,6.76,6.89,6.7,6.75,44829577.0,304131582.0,2308450767.0,0.019419767421879786,002157
2022-03-07,6.65,6.68,6.32,6.4,57783294.0,373681477.0,2308450767.0,0.025031200502964854,002157
2022-03-08,6.34,6.39,6.04,6.13,55114882.0,341923779.0,2308450767.0,0.023875268551482174,002157
2022-03-09,6.13,6.2,5.68,5.97,58502012.0,349717084.0,2308450767.0,0.025342542642149406,002157
2022-03-10,6.05,6.18,5.99,6.07,38845468.0,236434512.0,2308450767.0,0.016827505509455814,002157
2022-03-11,6.0,6.27,5.92,6.26,55233896.0,338808288.0,2325118170.0,0.02375530702596505,002157
2022-03-14,6.2,6.38,6.1,6.11,35899693.0,223212295.0,2325118170.0,0.015439943424466895,002157
2022-03-15,6.1,6.19,5.79,5.82,46148017.0,278480207.0,2325118170.0,0.01984760069205429,002157
2022-03-16,5.9,6.07,5.7,6.05,38847597.0,229229242.0,2325118170.0,0.016707794683828908,002157
2022-03-17,6.06,6.29,6.06,6.11,46287802.0,285128502.0,2325118170.0,0.019907720217076107,002157
2022-03-18,6.05,6.3,6.03,6.26,39409028.0,244028715.0,2325118170.0,0.016949258110180266,002157
2022-03-21,6.26,6.53,6.2,6.42,56032246.0,357564437.0,2325118170.0,0.024098665918558453,002157
2022-03-22,6.35,6.6,6.3,6.48,56408304.0,364576465.0,2325118170.0,0.024260403074481157,002157
2022-03-23,6.49,6.68,6.4,6.5,48381856.0,315316760.0,2325118170.0,0.020808342829302304,002157
2022-03-24,6.44,6.83,6.42,6.56,55208606.0,366860960.0,2325118170.0,0.023744430159435725,002157
2022-03-25,6.55,7.22,6.49,7.22,116129277.0,812501893.0,2325118170.0,0.04994553760680473,002157
2022-03-28,7.34,7.34,6.88,7.0,130782240.0,923920524.0,2325118170.0,0.05624756697849899,002157
2022-03-29,6.94,7.46,6.86,7.33,143096359.0,1027747213.0,2325118170.0,0.06154369306743666,002157
2022-03-30,7.18,7.9,7.04,7.46,142967465.0,1074881292.0,2325118170.0,0.061488257605418824,002157
2022-03-31,7.4,7.78,7.33,7.71,109763998.0,832234576.0,2325120946.0,0.047207865977394195,002157
2022-04-01,7.78,7.87,7.5,7.71,95429377.0,734587977.0,2325120946.0,0.04104275829787308,002157
2022-04-06,7.6,7.77,7.42,7.47,91608729.0,691757318.0,2325120946.0,0.039399554314625315,002157
2022-04-07,7.4,7.59,7.22,7.31,74061506.0,543956039.0,2325120946.0,0.03185275420937178,002157
2022-04-08,7.28,7.3,6.93,7.14,65885316.0,465243644.0,2325120946.0,0.02833629627454227,002157
2022-04-11,7.13,7.4,6.99,7.06,74690519.0,537622783.0,2325120946.0,0.03212328336230988,002157
2022-04-12,7.01,7.21,6.88,7.12,51670233.0,363319197.0,2325120946.0,0.022222600114153373,002157
2022-04-13,7.1,7.22,6.85,6.87,49411103.0,343627163.0,2325120946.0,0.021250981840322727,002157
2022-04-14,6.86,7.04,6.66,6.98,46284603.0,319042753.0,2325120946.0,0.019906320606515236,002157
2022-04-15,6.99,7.45,6.82,7.08,66753156.0,476470571.0,2325120946.0,0.02870954137454147,002157
2022-04-18,7.14,7.16,6.38,6.73,123600906.0,845481525.0,2325120946.0,0.053158914684690126,002157
2022-04-19,6.64,7.07,6.57,6.97,109923183.0,759284126.0,2325120946.0,0.04727632908262485,002157
2022-04-20,6.91,7.12,6.78,6.83,69987288.0,485545434.0,2325120946.0,0.030100493533638313,002157
2022-04-21,6.75,6.92,6.44,6.47,72340150.0,478599831.0,2325120946.0,0.031112424549118486,002157
2022-04-22,6.32,6.42,6.09,6.23,48223592.0,299961880.0,2325120946.0,0.020740250989076937,002157
2022-04-25,6.15,6.6,6.04,6.06,77323779.0,486997513.0,2325120946.0,0.03325580939478578,002157
2022-04-26,6.08,6.21,5.77,5.79,59839357.0,357987927.0,2325120946.0,0.025736019067285114,002157
2022-04-27,5.7,6.05,5.52,6.03,57374539.0,335696598.0,2325120946.0,0.02467593743830993,002157
2022-04-28,5.98,6.03,5.8,5.88,34846464.0,206038567.0,2325120946.0,0.014986946833861606,002157
2022-04-29,5.92,5.95,5.71,5.85,50094630.0,292222044.0,2325120946.0,0.02154495665534295,002157
2022-05-05,5.83,6.08,5.7,5.89,62361594.0,368995231.0,2325120946.0,0.026820795755714635,002157
2022-05-06,5.78,5.78,5.6,5.65,41642258.0,236897801.0,2325120946.0,0.01790971694252674,002157
2022-05-09,5.68,5.8,5.58,5.72,33999870.0,193584972.0,2325120946.0,0.014622839323043112,002157
2022-05-10,5.65,5.72,5.5,5.71,46526767.0,261053271.0,2325120946.0,0.020010471747735053,002157
2022-05-11,5.75,5.87,5.68,5.75,56039754.0,324476509.0,2325120946.0,0.024101866226102116,002157
2022-05-12,5.68,5.96,5.53,5.68,65568926.0,374701237.0,2325120946.0,0.02820022163268577,002157
2022-05-13,5.67,5.73,5.52,5.59,44629498.0,249836715.0,2325120946.0,0.01919448451779592,002157
2022-05-16,5.63,6.08,5.6,6.01,104554672.0,611752428.0,2325120946.0,0.04496741220273709,002157
2022-05-17,6.01,6.01,5.87,5.93,65792007.0,389417877.0,2325120946.0,0.028296165458912864,002157
2022-05-18,5.9,6.02,5.83,5.93,49766395.0,295224597.0,2325120946.0,0.021403787654837976,002157
2022-05-19,5.85,5.89,5.71,5.8,50166920.0,290000520.0,2325120946.0,0.0215760475111216,002157
2022-05-20,5.8,6.04,5.78,5.93,53971434.0,318931897.0,2325120946.0,0.02321231250049562,002157
2022-05-23,5.95,6.5,5.94,6.28,96656654.0,598685405.0,2325120946.0,0.041570591915350626,002157
2022-05-24,6.27,6.31,6.01,6.04,69938743.0,429337508.0,2325120946.0,0.030079615049840077,002157
2022-05-25,6.03,6.17,5.99,6.12,56453900.0,344535759.0,2325120946.0,0.024279984272267616,002157
2022-05-26,6.09,6.15,5.92,6.08,46892317.0,282739361.0,2325120946.0,0.020167689375759468,002157
2022-05-27,6.08,6.13,5.94,6.03,39609720.0,238722012.0,2325120946.0,0.017035552523898687,002157
2022-05-30,6.1,6.19,5.96,6.03,44411262.0,269423052.0,2325120946.0,0.019100624454139684,002157
2022-05-31,6.03,6.26,6.02,6.22,74510925.0,460921339.0,2325120946.0,0.032046042649172365,002157
2022-06-01,6.18,6.26,6.07,6.12,51787327.0,318363950.0,2325120946.0,0.022272960505169352,002157
2022-06-02,6.11,6.12,5.92,6.05,40004216.0,240487746.0,2325120946.0,0.017205219396789175,002157
2022-06-06,6.04,6.13,5.97,6.08,40190831.0,242530902.0,2325120946.0,0.01728547973779253,002157
2022-06-07,6.1,6.24,6.04,6.12,54640326.0,335131269.0,2325120946.0,0.023499993019287867,002157
2022-06-08,6.1,6.22,6.04,6.15,51086858.0,312376587.0,2325120946.0,0.021971699187470998,002157
2022-06-09,5.75,5.88,5.63,5.7,131392953.0,755361350.0,2325120946.0,0.056510158418227936,002157
2022-06-10,5.57,5.58,5.21,5.48,149460912.0,798473829.0,2325120946.0,0.06428091934620592,002157
2022-06-13,5.31,5.7,5.29,5.56,102241913.0,569074102.0,2325120946.0,0.04397272889218555,002157
2022-06-14,5.46,5.92,5.43,5.79,116232510.0,666560611.0,2325120946.0,0.049989876956706064,002157
2022-06-15,5.79,6.19,5.73,6.1,134989271.0,811350360.0,2325120946.0,0.05805688139889133,002157
2022-06-16,6.15,6.61,6.1,6.36,131932940.0,835101256.0,2325120946.0,0.05674239881025096,002157
2022-06-17,6.35,6.45,6.17,6.32,83480552.0,525123369.0,2325120946.0,0.03590374605829214,002157
2022-06-20,6.95,6.95,6.83,6.95,39715531.0,275990175.0,2325120946.0,0.01708106026412271,002157
2022-06-21,7.22,7.22,6.53,6.63,211693308.0,1429548546.0,2325120946.0,0.09104614896020123,002157
2022-06-22,6.46,6.72,6.27,6.44,129984010.0,841392413.0,2325120946.0,0.0559041929511739,002157
2022-06-23,6.48,6.59,6.21,6.37,92924405.0,589132840.0,2325120946.0,0.03996540702962641,002157
2022-06-24,6.35,6.47,6.24,6.27,81004561.0,511970183.0,2325120946.0,0.03483885908789194,002157
2022-06-27,6.34,6.44,6.31,6.38,81404342.0,518385928.0,2325120946.0,0.03501079896082102,002157
2022-06-28,6.4,6.62,6.31,6.34,98262281.0,631452089.0,2325120946.0,0.042261148250823076,002157
2022-06-29,6.3,6.32,6.04,6.05,94506007.0,583242632.0,2325120946.0,0.040645630569275344,002157
2022-06-30,6.02,6.11,5.97,6.06,50833506.0,307369071.0,2325466385.0,0.021859488628987428,002157
2022-07-01,6.07,6.24,6.04,6.12,55213099.0,339863528.0,2325466385.0,0.023742806757449646,002157
2022-07-04,6.29,6.73,6.24,6.73,129010544.0,841631176.0,2325466385.0,0.05547727751824716,002157
2022-07-05,7.05,7.4,7.01,7.32,316791935.0,2292350484.0,2325466385.0,0.1362272690946681,002157
2022-07-06,7.1,7.66,7.06,7.38,267089530.0,1965946705.0,2325466385.0,0.11485417795020073,002157
2022-07-07,7.31,7.69,7.23,7.45,213589989.0,1592103168.0,2325466385.0,0.09184823757407269,002157
2022-07-08,7.36,7.76,7.27,7.57,170188305.0,1276752901.0,2368292658.0,0.0718611800045533,002157
2022-07-11,7.4,7.74,7.27,7.37,180370532.0,1347958904.0,2368292658.0,0.07616057559048516,002157
2022-07-12,7.4,7.56,7.06,7.09,151043592.0,1098396481.0,2368292658.0,0.06377741850855326,002157
2022-07-13,7.06,7.15,6.82,7.05,112264369.0,783316028.0,2368850826.0,0.0473919116255909,002157
2022-07-14,7.0,7.11,6.83,6.9,89321295.0,620780438.0,2368850826.0,0.037706593433249815,002157
2022-07-15,6.83,6.94,6.62,6.63,98594225.0,667173655.0,2428728189.0,0.04059500171593718,002157
2022-07-18,6.35,6.51,6.3,6.48,117756413.0,756152084.0,2428728189.0,0.04848480514753889,002157
2022-07-19,6.48,6.6,6.3,6.42,81072819.0,520506155.0,2428728189.0,0.03338077079484995,002157
2022-07-20,6.38,6.5,6.33,6.41,71369737.0,457059922.0,2428728189.0,0.029385641968188148,002157
2022-07-21,6.38,6.47,6.33,6.33,72030091.0,459905386.0,2428728189.0,0.029657534888520208,002157
2022-07-22,6.31,6.33,6.15,6.31,67707161.0,422827331.0,2428728189.0,0.02787761977921359,002157
2022-07-25,5.81,5.99,5.81,5.89,99641636.0,587103255.0,2428728189.0,0.04102626076120369,002157
2022-07-26,5.92,6.1,5.91,6.06,71283187.0,428883040.0,2428728189.0,0.02935000603313704,002157
2022-07-27,6.02,6.03,5.89,5.92,51952694.0,308815848.0,2428728189.0,0.021390905015760905,002157
2022-07-28,5.99,6.08,5.94,5.95,49300336.0,295856687.0,2428728189.0,0.020298828095826907,002157
2022-07-29,5.96,6.13,5.9,6.07,69038346.0,418288395.0,2428728189.0,0.02842571940025356,002157
2022-08-01,6.08,6.08,5.92,5.94,49590167.0,294968365.0,2428728189.0,0.020418162569446754,002157
2022-08-02,5.88,5.88,5.53,5.68,59193952.0,336758687.0,2428728189.0,0.024372407035129117,002157
2022-08-03,5.67,5.78,5.55,5.59,42355369.0,239575312.0,2428728189.0,0.017439320378390848,002157
2022-08-04,5.63,5.67,5.55,5.65,28837719.0,162153198.0,2428728189.0,0.011873588461075831,002157
2022-08-05,5.67,5.73,5.59,5.72,33091148.0,187215824.0,2428728189.0,0.013624887358689936,002157
2022-08-08,5.71,5.86,5.66,5.75,41827015.0,240821048.0,2428728189.0,0.01722177689106568,002157
2022-08-09,5.75,5.75,5.62,5.66,29949421.0,169360882.0,2428728189.0,0.012331318562383599,002157
2022-08-10,5.67,5.68,5.57,5.61,26357188.0,147864522.0,2428728189.0,0.010852259268606035,002157
2022-08-11,5.65,5.74,5.63,5.72,33570203.0,191037941.0,2428728189.0,0.013822132568001416,002157
2022-08-12,5.69,5.74,5.57,5.74,35231363.0,200292772.0,2428728189.0,0.014506095478105392,002157
2022-08-15,5.72,5.8,5.66,5.78,40851476.0,234232970.0,2428728189.0,0.016820110288595164,002157
2022-08-16,5.79,5.9,5.74,5.89,62006727.0,361597017.0,2428728189.0,0.025530533750477254,002157
2022-08-17,5.88,5.97,5.83,5.89,51865126.0,305615012.0,2428728189.0,0.021354849931294637,002157
2022-08-18,5.85,5.87,5.74,5.78,39084835.0,225802603.0,2428728189.0,0.016092716828923007,002157
2022-08-19,5.74,5.94,5.73,5.87,65247804.0,382894274.0,2428728189.0,0.026865008729883854,002157
2022-08-22,5.86,5.97,5.82,5.85,52296438.0,307721250.0,2428728189.0,0.021532437527120907,002157
2022-08-23,5.83,5.94,5.73,5.87,51323008.0,301463392.0,2428728189.0,0.021131639280364115,002157
2022-08-24,5.89,6.11,5.83,5.96,98783060.0,591933718.0,2428728189.0,0.040672752285496695,002157
2022-08-25,5.96,6.04,5.84,5.95,65011878.0,386998990.0,2428728189.0,0.02676786900009913,002157
2022-08-26,5.93,5.93,5.77,5.83,52097788.0,304552028.0,2428728189.0,0.021450645747826826,002157
2022-08-29,5.79,5.95,5.74,5.79,43698677.0,254827158.0,2428731474.0,0.017992387164988004,002157
2022-08-30,5.8,5.87,5.73,5.8,37924349.0,219214637.0,2428731474.0,0.015614879374680512,002157
2022-08-31,5.77,6.24,5.74,5.98,118892938.0,719158622.0,2428731474.0,0.04895268961298107,002157
2022-09-01,5.97,5.97,5.75,5.77,73644652.0,432114138.0,2428731474.0,0.030322270200876064,002157
2022-09-02,5.8,5.84,5.68,5.78,48018358.0,276575117.0,2428731474.0,0.019770962131485104,002157
2022-09-05,5.74,5.81,5.61,5.71,54933518.0,312064148.0,2428731474.0,0.022618193319464512,002157
2022-09-06,5.71,5.78,5.63,5.76,44128970.0,251795305.0,2428731474.0,0.01816955496003096,002157
2022-09-07,5.71,5.75,5.66,5.68,34917170.0,198554875.0,2428731474.0,0.014376710794830338,002157
2022-09-08,5.68,5.76,5.58,5.59,43822266.0,247625548.0,2428731474.0,0.01804327339976655,002157
2022-09-09,5.57,5.61,5.41,5.58,43087645.0,237739732.0,2428731474.0,0.017740802332930117,002157
2022-09-13,5.6,5.71,5.56,5.69,41644374.0,235253855.0,2428731474.0,0.017146553435738118,002157
2022-09-14,5.61,5.65,5.56,5.59,26894103.0,150643756.0,2428731474.0,0.011073312668735152,002157
2022-09-15,5.61,5.62,5.41,5.46,39371530.0,216383480.0,2428731474.0,0.0162107381657788,002157
2022-09-16,5.48,5.53,5.25,5.25,39086071.0,210240758.0,2428731474.0,0.016093203970230265,002157
2022-09-19,5.19,5.3,5.13,5.14,34240660.0,177705243.0,2428731474.0,0.014098166210036936,002157
2022-09-20,5.16,5.21,5.1,5.11,30441279.0,156323278.0,2428731474.0,0.01253381830222043,002157
2022-09-21,5.1,5.1,4.81,4.99,49944264.0,247126846.0,2428731474.0,0.020563929991710563,002157
2022-09-22,4.93,5.01,4.85,4.86,37529479.0,184234694.0,2428731474.0,0.015452296559648405,002157
2022-09-23,4.83,4.86,4.65,4.69,49985004.0,237213786.0,2428731474.0,0.020580704180391415,002157
2022-09-26,4.62,4.68,4.47,4.49,48919990.0,222924491.0,2428731474.0,0.020142197901948877,002157
2022-09-27,4.5,4.69,4.46,4.69,47043062.0,215415703.0,2428731474.0,0.019369396124521914,002157
2022-09-28,4.64,4.69,4.51,4.52,38003356.0,174545869.0,2429573445.0,0.015641986900297226,002157
2022-09-29,4.56,4.64,4.44,4.47,38950390.0,176787319.0,2429573445.0,0.016031781249568274,002157
2022-09-30,4.48,4.53,4.41,4.47,24693158.0,110462208.0,2429573445.0,0.010163577499917892,002157
2022-10-10,4.55,4.68,4.53,4.57,68476845.0,314964317.0,2429573445.0,0.028184719067013017,002157
2022-10-11,4.53,4.56,4.42,4.45,45566936.0,203538552.0,2429573445.0,0.018755117732199282,002157
2022-10-12,4.44,4.6,4.41,4.59,56476374.0,254873682.0,2429573445.0,0.023245386599127896,002157
2022-10-13,4.55,5.05,4.52,4.9,118182040.0,573327121.0,2429573445.0,0.048643123031829154,002157
2022-10-14,4.8,4.96,4.8,4.89,83825604.0,409192139.0,2429573445.0,0.034502189745492545,002157
2022-10-17,4.89,5.12,4.82,5.02,66172146.0,329797117.0,2429573445.0,0.027236116749703772,002157
2022-10-18,5.03,5.15,4.94,4.96,56573798.0,283539553.0,2429573445.0,0.023285485819096115,002157
2022-10-19,4.96,5.05,4.83,4.85,41675731.0,203777785.0,2429573445.0,0.017153517662027294,002157
2022-10-20,4.83,4.93,4.8,4.86,34350692.0,167110688.0,2429573445.0,0.014138569085323535,002157
2022-10-21,4.85,4.89,4.81,4.85,25331261.0,122693850.0,2429573445.0,0.01042621743011354,002157
2022-10-24,4.87,4.9,4.69,4.72,40847079.0,195709428.0,2429573445.0,0.016812448738301056,002157
2022-10-25,4.75,4.75,4.56,4.62,34365843.0,158912377.0,2429573445.0,0.014144805159409371,002157
2022-10-26,4.4,4.45,4.16,4.19,145218633.0,613919554.0,2429573445.0,0.0597712463884787,002157
2022-10-27,3.92,4.14,3.83,4.02,125777022.0,496957994.0,2429573445.0,0.05176917876627517,002157
2022-10-28,3.9,3.91,3.65,3.66,107797730.0,406582595.0,2429573445.0,0.04436899416308857,002157
2022-10-31,3.29,3.54,3.29,3.5,110145137.0,378127452.0,2429573445.0,0.04533517487469904,002157
2022-11-01,3.52,3.85,3.51,3.85,76189349.0,284741960.0,2429573445.0,0.031359146255403696,002157
2022-11-02,3.96,3.96,3.8,3.87,121270766.0,470143502.0,2429573445.0,0.049914426851170986,002157
2022-11-03,3.83,3.86,3.74,3.78,68756857.0,260494647.0,2429573445.0,0.02829997057364117,002157
2022-11-04,3.78,3.93,3.75,3.9,74735469.0,287714063.0,2429573445.0,0.030760736685611904,002157
2022-11-07,3.92,4.17,3.9,4.02,89050632.0,359790304.0,2429573445.0,0.03665278453848099,002157
2022-11-08,4.02,4.09,3.9,3.92,59540363.0,236146720.0,2429573445.0,0.024506508795826915,002157
2022-11-09,3.81,3.95,3.81,3.89,46188602.0,179800907.0,2429573445.0,0.019010992277288412,002157
2022-11-10,3.87,3.98,3.86,3.96,48230277.0,189957208.0,2429573445.0,0.019851335261857044,002157
2022-11-11,4.0,4.06,3.95,4.02,64474966.0,258849373.0,2429573445.0,0.02653756614466125,002157
2022-11-14,4.02,4.18,4.02,4.07,58562356.0,238983069.0,2429573445.0,0.0241039661182171,002157
2022-11-15,4.1,4.22,4.06,4.22,66353118.0,275568154.0,2429573445.0,0.027310603899031338,002157
2022-11-16,4.23,4.24,4.09,4.11,47225199.0,195800338.0,2429573445.0,0.019437650299145414,002157
2022-11-17,4.11,4.22,4.06,4.17,45649807.0,188910102.0,2429573445.0,0.018789227011822233,002157
2022-11-18,4.16,4.17,4.06,4.07,41350881.0,169224816.0,2429573445.0,0.01701981106399523,002157
2022-11-21,4.06,4.06,3.95,4.04,31931163.0,127598481.0,2429573445.0,0.013142703327497061,002157
2022-11-22,4.08,4.09,3.91,3.94,37570365.0,149598121.0,2429573445.0,0.015463770019926276,002157
2022-11-23,3.93,3.95,3.85,3.89,29123538.0,113461052.0,2429573445.0,0.011987099241611936,002157
2022-11-24,3.92,4.03,3.91,3.93,37213512.0,147093360.0,2429573445.0,0.015316891150825037,002157
2022-11-25,3.93,4.09,3.9,4.05,52671531.0,211301230.0,2429573445.0,0.021679332686318525,002157
2022-11-28,4.03,4.06,3.87,4.01,52536713.0,207838983.0,2429573445.0,0.021623842287262076,002157
2022-11-29,4.01,4.19,4.01,4.15,67015800.0,276231461.0,2429573445.0,0.027583360419878147,002157
2022-11-30,4.17,4.28,4.09,4.09,83015033.0,345788277.0,2429573445.0,0.03416856286886195,002157
2022-12-01,4.12,4.23,4.11,4.14,48745778.0,202526751.0,2429573445.0,0.02006351283609786,002157
2022-12-02,4.15,4.36,4.14,4.3,94498142.0,402071203.0,2429573445.0,0.038894951784427326,002157
2022-12-05,4.3,4.31,4.21,4.27,66837286.0,284217813.0,2429573445.0,0.027509884970775188,002157
2022-12-06,4.28,4.38,4.24,4.32,62005160.0,267407797.0,2429573445.0,0.025521006630857376,002157
2022-12-07,4.32,4.42,4.27,4.3,58654502.0,254113692.0,2429573445.0,0.024141892940388144,002157
2022-12-08,4.27,4.28,4.17,4.19,51297902.0,215712403.0,2429573445.0,0.021113954017553893,002157
2022-12-09,4.09,4.22,4.08,4.22,54397713.0,225213002.0,2429573445.0,0.02238982036618366,002157
2022-12-12,4.17,4.19,4.09,4.09,36773849.0,151614278.0,2429573445.0,0.015135928109388765,002157
2022-12-13,4.11,4.5,4.11,4.5,107792401.0,469056788.0,2429573445.0,0.04436680077395232,002157
2022-12-14,4.54,4.71,4.41,4.54,202621920.0,922328290.0,2429573445.0,0.08339814563621888,002157
2022-12-15,4.53,4.57,4.39,4.42,108062790.0,480040236.0,2429573445.0,0.04447809150301278,002157
2022-12-16,4.39,4.4,4.27,4.31,74011970.0,319135355.0,2429573445.0,0.03046294819871148,002157
2022-12-19,4.3,4.39,4.14,4.16,89336100.0,378682196.0,2429573445.0,0.03677028170679566,002157
2022-12-20,4.12,4.16,3.93,3.94,81257302.0,324839594.0,2429573445.0,0.03344508978200492,002157
2022-12-21,3.94,4.22,3.91,4.06,87333841.0,355697689.0,2429573445.0,0.035946162146170475,002157
2022-12-22,4.06,4.47,4.04,4.47,123734563.0,539527358.0,2429573445.0,0.05092851309131756,002157
2022-12-23,4.48,4.54,4.32,4.34,155935329.0,685202573.0,2429573445.0,0.06418218363429636,002157
2022-12-26,4.34,4.44,4.32,4.41,105413842.0,462210296.0,2429573445.0,0.04338779805851887,002157
2022-12-27,4.41,4.5,4.33,4.47,106305730.0,470127356.0,2429573445.0,0.043754894596322855,002157
2022-12-28,4.44,4.48,4.31,4.33,82331579.0,359449819.0,2429573445.0,0.033887256699086946,002157
2022-12-29,4.35,4.36,4.16,4.18,68053176.0,286560411.0,2429573445.0,0.028010339074149702,002157
2022-12-30,4.2,4.23,4.11,4.23,62105357.0,259079174.0,2433317050.0,0.025522920245843014,002157
2023-01-03,4.19,4.2,4.08,4.17,60171024.0,248534232.0,2433317050.0,0.024727983556437908,002157
2023-01-04,4.17,4.3,4.13,4.21,71982185.0,303993003.0,2433317050.0,0.029581917818724032,002157
2023-01-05,4.18,4.2,4.11,4.16,60924649.0,252434971.0,2433317050.0,0.025037694533065473,002157
2023-01-06,4.13,4.16,4.08,4.1,63868309.0,262411238.0,2433317050.0,0.026247425915993973,002157
2023-01-09,4.08,4.18,4.06,4.15,54165844.0,223976633.0,2433317050.0,0.022260084850019853,002157
2023-01-10,4.14,4.15,4.06,4.09,47682483.0,194768006.0,2433317050.0,0.019595672088846786,002157
2023-01-11,4.07,4.13,4.02,4.08,47434870.0,192843407.0,2433317050.0,0.019493912640771577,002157
2023-01-12,4.05,4.1,4.0,4.01,41017634.0,165457243.0,2433317050.0,0.016856674718980825,002157
2023-01-13,4.03,4.11,4.02,4.05,41216943.0,167711356.0,2433317050.0,0.01693858307531277,002157
2023-01-16,4.05,4.23,4.05,4.19,89296076.0,371757423.0,2433317050.0,0.03669726310428803,002157
2023-01-17,4.19,4.2,4.07,4.11,50285345.0,206684505.0,2433317050.0,0.020665348561955788,002157
2023-01-18,3.7,3.79,3.7,3.7,84252700.0,312470524.0,2433317050.0,0.034624628960702016,002157
2023-01-19,3.33,3.54,3.33,3.48,191438185.0,652980612.0,2433317050.0,0.07867375317984149,002157
2023-01-20,3.46,3.47,3.36,3.42,95946649.0,327539772.0,2433317050.0,0.039430393585578996,002157
2023-01-30,3.42,3.6,3.42,3.55,101090860.0,354642219.0,2433317050.0,0.04154446704756374,002157
2023-01-31,3.54,3.63,3.47,3.55,77818071.0,275472750.0,2433317050.0,0.031980243182860205,002157
2023-02-01,3.55,3.74,3.5,3.7,102411851.0,371554696.0,2433317050.0,0.042087343694073895,002157
2023-02-02,3.77,3.77,3.62,3.68,60864377.0,223787313.0,2433317050.0,0.02501292505224504,002157
2023-02-03,3.68,3.71,3.58,3.63,59206347.0,214838942.0,2433317050.0,0.024331538300773423,002157
2023-02-06,3.59,3.69,3.54,3.68,53537526.0,194472271.0,2433317050.0,0.022001870245391984,002157
2023-02-07,3.69,3.71,3.61,3.63,45366034.0,164825278.0,2433317050.0,0.01864370037599498,002157
2023-02-08,3.63,3.64,3.58,3.59,33399503.0,120390314.0,2433317050.0,0.013725915001499701,002157
2023-02-09,3.58,3.62,3.56,3.61,35531369.0,127834828.0,2433317050.0,0.01460203017933894,002157
2023-02-10,3.62,3.91,3.61,3.73,121271519.0,457125708.0,2433317050.0,0.04983794405254342,002157
2023-02-13,3.75,3.78,3.68,3.7,59073477.0,219320426.0,2433317050.0,0.024276933825783203,002157
2023-02-14,3.72,3.74,3.66,3.68,39150910.0,144343832.0,2433317050.0,0.016089522736052828,002157
2023-02-15,3.66,3.68,3.63,3.66,31475862.0,114804923.0,2433317050.0,0.012935372314101034,002157
2023-02-16,3.67,3.69,3.54,3.59,52791177.0,191690006.0,2433317050.0,0.0216951494257602,002157
2023-02-17,3.57,3.62,3.56,3.57,27701980.0,99339765.0,2433317050.0,0.011384451524720134,002157
2023-02-20,3.57,3.61,3.53,3.59,32923609.0,117129997.0,2433317050.0,0.01353034081604779,002157
2023-02-21,3.58,3.65,3.57,3.62,34628160.0,125078836.0,2433317050.0,0.014230845914633278,002157
2023-02-22,3.62,3.67,3.6,3.65,34388929.0,125148280.0,2433317050.0,0.014132531147143362,002157
2023-02-23,3.67,3.69,3.62,3.64,35597461.0,130214286.0,2433317050.0,0.014629191456986667,002157
2023-02-24,3.64,3.65,3.58,3.59,23360511.0,84128647.0,2433317050.0,0.009600274242931065,002157
2023-02-27,3.55,3.56,3.44,3.51,42684585.0,149837649.0,2433317050.0,0.017541727659369337,002157
2023-02-28,3.51,3.53,3.48,3.52,24062893.0,84293101.0,2433317050.0,0.009888926311513743,002157
2023-03-01,3.52,3.54,3.49,3.54,24553015.0,86356904.0,2433317050.0,0.010090347659381256,002157
2023-03-02,3.53,3.54,3.48,3.48,30883147.0,108041563.0,2433317050.0,0.012691789177246754,002157
2023-03-03,3.49,3.51,3.47,3.49,22879715.0,79715396.0,2433317050.0,0.009402685523450386,002157
2023-03-06,3.48,3.51,3.47,3.48,28526080.0,99531892.0,2433317050.0,0.011723125023925673,002157
2023-03-07,3.47,3.49,3.39,3.39,43760382.0,150137409.0,2433317050.0,0.01798383897404574,002157
2023-03-08,3.39,3.42,3.37,3.42,20718056.0,70395488.0,2433317050.0,0.008514326565048315,002157
2023-03-09,3.42,3.48,3.39,3.39,27351973.0,93647261.0,2433317050.0,0.011240612069027338,002157
2023-03-10,3.39,3.39,3.31,3.34,28582442.0,95372709.0,2433317050.0,0.01174628764467828,002157
2023-03-13,3.32,3.34,3.24,3.3,40788893.0,133730941.0,2433317050.0,0.016762670939243204,002157
2023-03-14,3.3,3.42,3.28,3.36,51439662.0,173211519.0,2433317050.0,0.021139728585718002,002157
2023-03-15,3.37,3.41,3.31,3.33,33212790.0,111253300.0,2433317050.0,0.013649183118163743,002157
2023-03-16,3.33,3.34,3.26,3.27,29405500.0,96752776.0,2433317050.0,0.012084532921840169,002157
2023-03-17,3.28,3.29,3.23,3.25,25619930.0,83355253.0,2433317050.0,0.010528808812645273,002157
2023-03-20,3.25,3.27,3.19,3.24,25205944.0,81300785.0,2433317050.0,0.010358676441280022,002157
2023-03-21,3.23,3.28,3.22,3.28,22774319.0,73947550.0,2433317050.0,0.009359371808946968,002157
2023-03-22,3.3,3.37,3.28,3.33,38008191.0,126593937.0,2433317050.0,0.015619909045555736,002157
2023-03-23,3.33,3.44,3.3,3.4,45228788.0,152337694.0,2433317050.0,0.018587297532806094,002157
2023-03-24,3.4,3.4,3.34,3.36,23766593.0,79890431.0,2433317050.0,0.009767158373381718,002157
2023-03-27,3.32,3.43,3.3,3.39,42924725.0,145547929.0,2433317050.0,0.017640415991002897,002157
2023-03-28,3.36,3.4,3.29,3.31,31044438.0,103680004.0,2433317050.0,0.01275807359341028,002157
2023-03-29,3.31,3.32,3.24,3.26,23012773.0,75008125.0,2433317050.0,0.00945736725923159,002157
2023-03-30,3.25,3.27,3.23,3.25,17859569.0,58038246.0,2433317050.0,0.007339598019090854,002157
2023-03-31,3.25,3.36,3.25,3.3,37143376.0,123157079.0,2435763765.0,0.015249170109893642,002157
2023-04-03,3.27,3.38,3.25,3.37,48486554.0,162374173.0,2435763765.0,0.01990609873449694,002157
2023-04-04,3.37,3.6,3.35,3.5,133070011.0,468212248.0,2435763765.0,0.054631739297591526,002157
2023-04-06,3.46,3.48,3.39,3.4,66872138.0,228522995.0,2435763765.0,0.027454279007225482,002157
2023-04-07,3.39,3.4,3.35,3.36,37258614.0,125499093.0,2435763765.0,0.015296480937674184,002157
2023-04-10,3.35,3.4,3.3,3.32,38548642.0,129002315.0,2435763765.0,0.015826100442872793,002157
2023-04-11,3.32,3.33,3.28,3.33,27421451.0,90461749.0,2435763765.0,0.011257845031617834,002157
2023-04-12,3.31,3.32,3.27,3.29,25588340.0,84152216.0,2435763765.0,0.010505263428122307,002157
2023-04-13,3.29,3.29,3.23,3.24,36558891.0,118988535.0,2435763765.0,0.015009210468323065,002157
2023-04-14,3.24,3.25,3.22,3.25,27935707.0,90386307.0,2435763765.0,0.011468972238364832,002157
2023-04-17,3.25,3.26,3.21,3.23,28270400.0,91213065.0,2435763765.0,0.011606380062887585,002157
2023-04-18,3.23,3.24,3.19,3.2,25054433.0,80184481.0,2435763765.0,0.010286068526025552,002157
2023-04-19,3.2,3.2,3.11,3.11,44868431.0,140492704.0,2435763765.0,0.018420682516393373,002157
2023-04-20,3.11,3.11,2.98,3.03,53074692.0,160536773.0,2435763765.0,0.02178975349031847,002157
2023-04-21,2.95,2.99,2.81,2.87,73347087.0,211952405.0,2435763765.0,0.030112561839509916,002157
2023-04-24,2.85,2.86,2.74,2.76,52963401.0,146946339.0,2435763765.0,0.02174406309882847,002157
2023-04-25,2.77,2.83,2.67,2.72,43337695.0,118739764.0,2435763765.0,0.017792240619853378,002157
2023-04-26,2.71,2.73,2.64,2.72,33008648.0,88978522.0,2435763765.0,0.013551662305806574,002157
2023-04-27,2.72,2.72,2.63,2.64,33655241.0,89674767.0,2435763765.0,0.013817120315031864,002157
2023-04-28,2.62,2.66,2.61,2.65,36920816.0,97349475.0,2435763765.0,0.015157798358988233,002157
2023-05-05,2.52,2.52,2.52,2.52,3437000.0,8661240.0,2435763765.0,0.001411056379681385,002157
2023-05-08,2.39,2.39,2.39,2.39,1686000.0,4029540.0,2435763765.0,0.0006921853523837112,002157
2023-05-09,2.27,2.27,2.27,2.27,1955100.0,4438077.0,2435763765.0,0.000802664046527517,002157
2023-05-10,2.16,2.16,2.16,2.16,1529100.0,3302856.0,2435763765.0,0.0006277702386298533,002157
2023-05-11,2.05,2.05,2.05,2.05,2454000.0,5030700.0,2435763765.0,0.001007486865213302,002157
2023-05-12,1.95,1.95,1.95,1.95,40218500.0,78426075.0,2435763765.0,0.016511658715803255,002157
2023-05-15,1.9,1.98,1.85,1.87,165224048.0,312155588.0,2435763765.0,0.06783254204456893,002157
2023-05-16,1.93,1.96,1.92,1.96,37748259.0,73432288.0,2435763765.0,0.015497504126801065,002157
2023-05-17,1.99,2.06,1.94,2.06,94543979.0,190567344.0,2435763765.0,0.03881492136410035,002157
2023-05-18,2.16,2.16,2.12,2.16,51729090.0,111564991.0,2435763765.0,0.021237318143617265,002157
2023-05-19,2.24,2.27,2.22,2.27,52512457.0,118578853.0,2435763765.0,0.02155892856054536,002157
2023-05-22,2.38,2.38,2.37,2.38,21647264.0,51511594.0,2435763765.0,0.008887259228934297,002157
2023-05-23,2.5,2.5,2.5,2.5,4422225.0,11055563.0,2435763765.0,0.0018155393653292154,002157
2023-05-24,2.63,2.63,2.38,2.38,146525478.0,361664757.0,2435763765.0,0.060155865731092356,002157
2023-05-25,2.32,2.5,2.26,2.5,177354348.0,427498784.0,2435763765.0,0.07281262269701265,002157
2023-05-26,2.5,2.56,2.38,2.38,119759301.0,293584698.0,2435763765.0,0.049167042683221786,002157
2023-05-29,2.41,2.48,2.28,2.34,70191339.0,166623126.0,2435763765.0,0.028816973143534715,002157
2023-05-30,2.28,2.32,2.22,2.28,65651183.0,148272843.0,2435763765.0,0.026953017342385827,002157
2023-05-31,2.34,2.39,2.26,2.39,83354790.0,195981658.0,2435763765.0,0.034221212745563605,002157
2023-06-01,2.32,2.38,2.28,2.28,72723313.0,168433204.0,2435763765.0,0.029856472144374806,002157
2023-06-02,2.28,2.35,2.24,2.3,55476278.0,127674825.0,2435763765.0,0.022775721848378838,002157
2023-06-05,2.32,2.36,2.24,2.35,56171072.0,128814118.0,2435763765.0,0.02306096872247379,002157
2023-06-06,2.35,2.47,2.33,2.47,95134171.0,231278416.0,2435763765.0,0.039057224007928375,002157
2023-06-07,2.44,2.58,2.4,2.57,83632041.0,208039301.0,2435763765.0,0.03433503782334162,002157
2023-06-08,2.52,2.65,2.52,2.55,66338362.0,171800542.0,2435763765.0,0.0272351378870274,002157
2023-06-09,2.56,2.61,2.49,2.61,52153079.0,133337318.0,2435763765.0,0.021411386337787976,002157
2023-06-12,2.58,2.65,2.56,2.62,43967688.0,114573303.0,2435763765.0,0.018050883518254488,002157
2023-06-13,2.63,2.75,2.61,2.75,76854055.0,208952867.0,2435763765.0,0.03155234350076638,002157
2023-06-14,2.75,2.89,2.71,2.85,97569809.0,275539221.0,2435763765.0,0.0400571723752529,002157
2023-06-15,2.82,2.84,2.73,2.75,59649332.0,165910602.0,2435763765.0,0.02448896434749287,002157
2023-06-16,2.66,2.8,2.66,2.7,51318875.0,139712989.0,2435763765.0,0.021068904849235248,002157
2023-06-19,2.71,2.79,2.71,2.78,41665777.0,114794296.0,2435763765.0,0.017105836616302567,002157
2023-06-20,2.78,2.79,2.64,2.66,56251478.0,151269837.0,2435763765.0,0.023093979312891207,002157
2023-06-21,2.66,2.75,2.66,2.71,39494875.0,106670409.0,2435763765.0,0.016214575307963004,002157
2023-06-26,2.71,2.85,2.71,2.85,63980653.0,179602232.0,2435763765.0,0.02626718318063164,002157
2023-06-27,2.86,2.95,2.76,2.79,87018573.0,247237156.0,2435763765.0,0.03572537462392212,002157
2023-06-28,2.65,2.65,2.65,2.65,20916400.0,55428460.0,2435763765.0,0.00858720385800632,002157
2023-06-29,2.52,2.67,2.52,2.63,95436805.0,246573042.0,2435763765.0,0.03918147004703471,002157
2023-06-30,2.6,2.69,2.59,2.65,53591153.0,141651426.0,2613908120.0,0.020502309392573446,002157
2023-07-03,2.66,2.7,2.64,2.66,41197920.0,109834346.0,2613908120.0,0.015761043659025017,002157
2023-07-04,2.66,2.79,2.66,2.78,78216830.0,216408680.0,2613908120.0,0.02992332798598904,002157
2023-07-05,2.75,2.85,2.71,2.82,65095375.0,181689742.0,2613908120.0,0.024903467150176647,002157
2023-07-06,2.83,2.89,2.78,2.83,54766269.0,155249357.0,2613908120.0,0.02095187224866955,002157
2023-07-07,2.82,2.87,2.78,2.86,45171597.0,127914396.0,2613908120.0,0.017281248967542132,002157
2023-07-10,2.85,2.89,2.72,2.72,78673200.0,216539549.0,2613908120.0,0.03009792096288373,002157
2023-07-11,2.72,2.74,2.66,2.73,31071549.0,84289590.0,2613908120.0,0.01188700886701404,002157
2023-07-12,2.78,2.81,2.73,2.78,38366556.0,106693435.0,2613908120.0,0.014677851798402157,002157
2023-07-13,2.78,2.8,2.7,2.74,36172471.0,98919999.0,2613908120.0,0.013838463074976024,002157
2023-07-14,2.74,2.78,2.6,2.64,48866199.0,131054056.0,2613908120.0,0.018694688855398635,002157
2023-07-17,2.66,2.77,2.64,2.75,47204059.0,128735020.0,2613908120.0,0.018058805754809774,002157
2023-07-18,2.76,2.82,2.73,2.75,35983654.0,99784073.0,2613908120.0,0.013766227559674132,002157
2023-07-19,2.75,2.83,2.75,2.83,49333499.0,138508587.0,2613908120.0,0.018873463310561965,002157
2023-07-20,2.87,2.97,2.83,2.93,86172756.0,250678621.0,2613908120.0,0.032967017983784375,002157
2023-07-21,2.97,2.97,2.78,2.78,109671607.0,309844913.0,2613908120.0,0.04195694797413155,002157
2023-07-24,2.92,2.92,2.78,2.81,111687276.0,320298575.0,2669823139.0,0.04183321148450051,002157
2023-07-25,2.78,2.82,2.71,2.76,63813353.0,176239299.0,2669823139.0,0.023901715461160367,002157
2023-07-26,2.77,2.79,2.62,2.64,99052858.0,263921917.0,2669823139.0,0.037100906255948064,002157
2023-07-27,2.56,2.62,2.51,2.51,75423798.0,192794171.0,2669823139.0,0.028250484797375186,002157
2023-07-28,2.45,2.53,2.38,2.52,74957911.0,183378469.0,2669823139.0,0.028075983725302487,002157
2023-07-31,2.53,2.65,2.53,2.65,80218904.0,210020093.0,2669823139.0,0.030046523617308418,002157
2023-08-01,2.68,2.69,2.58,2.67,62213240.0,164228211.0,2669823139.0,0.023302382502873347,002157
2023-08-02,2.6,2.67,2.6,2.63,41950594.0,110522741.0,2669823139.0,0.01571287378073773,002157
2023-08-03,2.62,2.64,2.56,2.57,53330048.0,138074133.0,2669823139.0,0.019975123902767254,002157
2023-08-04,2.55,2.62,2.55,2.61,43028388.0,111894479.0,2669823139.0,0.016116568686312522,002157
2023-08-07,2.74,2.74,2.74,2.74,11028077.0,30216931.0,2669823139.0,0.004130639531474973,002157
2023-08-08,2.88,2.88,2.88,2.88,6457195.0,18596722.0,2669823139.0,0.002418585300904458,002157
2023-08-09,3.02,3.02,3.02,3.02,5641123.0,17036191.0,2669823139.0,0.002112920109799078,002157
2023-08-10,3.14,3.14,2.88,2.95,253575723.0,764871437.0,2669823139.0,0.09497847227999473,002157
2023-08-11,2.93,3.1,2.92,3.1,182681257.0,554445790.0,2669823139.0,0.0684244788845543,002157
2023-08-14,3.09,3.25,3.01,3.21,156045403.0,492671316.0,2669823139.0,0.0584478427505306,002157
2023-08-15,3.16,3.21,3.1,3.1,112134802.0,352711839.0,2669823139.0,0.042000835321998456,002157
2023-08-16,3.07,3.15,2.98,3.0,92711985.0,281156191.0,2669823139.0,0.03472589013320406,002157
2023-08-17,2.98,3.09,2.95,3.06,63485897.0,191885956.0,2669823139.0,0.02377906464013158,002157
2023-08-18,3.05,3.19,3.02,3.12,84410073.0,262204449.0,2669823139.0,0.03161635382020712,002157
2023-08-21,3.1,3.15,3.02,3.03,54001295.0,165824118.0,2669823139.0,0.02022654392763505,002157
2023-08-22,3.03,3.08,2.99,3.03,44993784.0,136141843.0,2669823139.0,0.016852720819871506,002157
2023-08-23,2.99,3.02,2.88,2.89,73991789.0,217668478.0,2669823139.0,0.027714116309484872,002157
2023-08-24,2.89,2.94,2.79,2.89,50940529.0,146111891.0,2669823139.0,0.01908011368089353,002157
2023-08-25,2.9,3.02,2.89,2.97,58119842.0,172717612.0,2669823139.0,0.021769173077797646,002157
2023-08-28,3.05,3.05,2.92,2.93,58016989.0,172931771.0,2669823139.0,0.021730648803100362,002157
2023-08-29,2.92,2.98,2.89,2.98,33559096.0,98800680.0,2669823139.0,0.012569782436064204,002157
2023-08-30,2.97,2.97,2.93,2.95,35040174.0,103056243.0,2669823139.0,0.01312453004401053,002157
2023-08-31,2.93,3.04,2.93,2.97,38620541.0,114998297.0,2669823139.0,0.014465580298500813,002157
2023-09-01,2.97,2.99,2.94,2.97,29358648.0,87061860.0,2669823139.0,0.010996476722048516,002157
2023-09-04,2.97,2.97,2.9,2.95,36596253.0,107399098.0,2669823139.0,0.013707369774953472,002157
2023-09-05,2.97,2.99,2.93,2.95,28588033.0,84478492.0,2669823139.0,0.01070783775239428,002157
2023-09-06,2.93,2.95,2.9,2.91,27153945.0,79307201.0,2669823139.0,0.01017069056123721,002157
2023-09-07,2.9,2.9,2.84,2.84,33533087.0,96001879.0,2669823139.0,0.012560040592261868,002157
2023-09-08,2.83,2.98,2.77,2.96,57621849.0,166711659.0,2669823139.0,0.021582646490052763,002157
2023-09-11,2.93,2.96,2.9,2.91,32893986.0,96182999.0,2669823139.0,0.012320661065332089,002157
2023-09-12,2.91,2.97,2.91,2.94,29613148.0,87201138.0,2669823139.0,0.011091801388421483,002157
2023-09-13,2.92,2.94,2.89,2.91,21196478.0,61734917.0,2669823139.0,0.007939281703858212,002157
2023-09-14,2.9,2.93,2.87,2.88,28353919.0,81905420.0,2669823139.0,0.010620148797803944,002157
2023-09-15,2.89,2.9,2.85,2.85,25786751.0,73901317.0,2669823139.0,0.009658598962348719,002157
2023-09-18,2.83,2.87,2.81,2.85,21496201.0,61084797.0,2669823139.0,0.008051544945427189,002157
2023-09-19,2.85,2.93,2.83,2.9,32755609.0,94319794.0,2669823139.0,0.012268831040347051,002157
2023-09-20,2.88,2.93,2.87,2.89,25267100.0,73286386.0,2669823139.0,0.009463960226767666,002157
2023-09-21,2.93,2.99,2.91,2.93,39162216.0,115345633.0,2851569034.0,0.013733567566858352,002157
2023-09-22,2.95,2.97,2.92,2.95,32330262.0,95179998.0,2851569034.0,0.011337709736119963,002157
2023-09-25,2.95,3.08,2.94,3.01,55805559.0,167907211.0,2851569034.0,0.01957012379311733,002157
2023-09-26,2.97,2.98,2.86,2.9,42487262.0,123785254.0,2851569034.0,0.014899608423788208,002157
2023-09-27,2.89,2.94,2.88,2.88,23014385.0,66715433.0,2851569034.0,0.008070779534212041,002157
2023-09-28,2.9,2.91,2.87,2.89,19497843.0,56314456.0,2851569034.0,0.006837584069514763,002157
2023-10-09,2.89,2.91,2.84,2.86,22325852.0,64122508.0,2851569034.0,0.007829321939536815,002157
2023-10-10,2.86,2.89,2.84,2.85,20866812.0,59593867.0,2851569034.0,0.007317659769481141,002157
2023-10-11,2.85,2.86,2.8,2.81,23774601.0,67108245.0,2851569034.0,0.008337375219231674,002157
2023-10-12,2.8,2.8,2.73,2.74,37710466.0,103993046.0,2851569034.0,0.013224461884095491,002157
2023-10-13,2.74,2.8,2.74,2.75,22010130.0,60770720.0,2851569034.0,0.007718603245289695,002157
2023-10-16,2.76,2.78,2.72,2.77,17227105.0,47423074.0,2851569034.0,0.00604127229416393,002157
2023-10-17,2.76,2.77,2.73,2.75,17404689.0,47802643.0,2851569034.0,0.0061035481843432025,002157
2023-10-18,2.75,2.76,2.7,2.71,23267560.0,63221495.0,2851569034.0,0.00815956398830778,002157
2023-10-19,2.69,2.75,2.62,2.68,28946392.0,78012209.0,2851569034.0,0.010151040236047114,002157
2023-10-20,2.66,2.74,2.55,2.57,50893080.0,134829660.0,2851569034.0,0.017847395378890903,002157
2023-10-23,2.52,2.62,2.51,2.57,36951601.0,95536565.0,2851569034.0,0.01295833997333273,002157
2023-10-24,2.6,2.64,2.58,2.64,27022564.0,70454440.0,2851569034.0,0.009476384291526151,002157
2023-10-25,2.68,2.77,2.67,2.77,34046784.0,93550339.0,2851569034.0,0.011939666756810489,002157
2023-10-26,2.84,2.91,2.8,2.87,67946047.0,194989174.0,2851569034.0,0.023827600240380505,002157
2023-10-27,2.86,2.9,2.74,2.87,53552731.0,152410283.0,2851569034.0,0.018780092770498222,002157
2023-10-30,2.97,3.0,2.79,2.81,66951528.0,193375272.0,2851569034.0,0.023478838212127956,002157
2023-10-31,2.78,2.8,2.72,2.73,32313983.0,88559429.0,2851569034.0,0.011332000949200937,002157
2023-11-01,2.73,2.76,2.72,2.73,19362326.0,52943697.0,2851569034.0,0.006790060408546294,002157
2023-11-02,2.74,2.75,2.7,2.71,17064400.0,46500952.0,2851569034.0,0.005984214233124541,002157
2023-11-03,2.71,2.82,2.67,2.8,37315084.0,102173133.0,2851569034.0,0.013085807692215247,002157
2023-11-06,2.92,2.92,2.77,2.81,57726451.0,163771290.0,2851569034.0,0.020243750129038608,002157
2023-11-07,2.78,2.8,2.75,2.8,33016409.0,91632744.0,2851569034.0,0.011578330598465882,002157
2023-11-08,2.79,2.85,2.76,2.82,37907295.0,106029330.0,2851569034.0,0.013293486690317314,002157
2023-11-09,2.79,2.81,2.76,2.76,25363553.0,70504046.0,2851569034.0,0.008894595465718611,002157
2023-11-10,2.76,2.81,2.75,2.78,24436777.0,68108055.0,2851569034.0,0.008569589832346314,002157
2023-11-13,2.77,2.77,2.73,2.76,24936074.0,68621765.0,2851569034.0,0.008744685365383302,002157
2023-11-14,2.75,2.77,2.74,2.75,16716014.0,45946893.0,2851569034.0,0.005862040792521806,002157
2023-11-15,2.76,2.76,2.71,2.72,29052276.0,79227488.0,2851569034.0,0.010188172074251807,002157
2023-11-16,2.71,2.73,2.7,2.71,15720679.0,42675976.0,2851569034.0,0.005512992606020844,002157
2023-11-17,2.7,2.71,2.68,2.69,18528658.0,49894374.0,2851569034.0,0.006497706272959899,002157
2023-11-20,2.67,2.75,2.66,2.74,27890905.0,75954483.0,2851569034.0,0.009780897697881229,002157
2023-11-21,2.73,2.74,2.68,2.69,30012060.0,81228213.0,2851569034.0,0.010524753089319737,002157
2023-11-22,2.68,2.71,2.67,2.67,18508407.0,49690843.0,2851569034.0,0.006490604568684624,002157
2023-11-23,2.67,2.67,2.62,2.64,25832246.0,68205816.0,2851569034.0,0.009058958661703576,002157
2023-11-24,2.65,2.68,2.64,2.65,22506722.0,59736029.0,2851569034.0,0.007892750177760557,002157
2023-11-27,2.65,2.65,2.59,2.6,23941978.0,62525745.0,2851569034.0,0.00839607167651688,002157
2023-11-28,2.64,2.69,2.61,2.61,32368032.0,85553753.0,2851569034.0,0.011350955075632933,002157
2023-11-29,2.59,2.6,2.56,2.58,21057126.0,54402305.0,2851569034.0,0.007384399868609318,002157
2023-11-30,2.56,2.62,2.56,2.59,17615306.0,45717653.0,2851569034.0,0.006177408223321308,002157
2023-12-01,2.59,2.59,2.53,2.55,28914855.0,73943052.0,2851569034.0,0.010139980710703706,002157
2023-12-04,2.62,2.63,2.52,2.57,38292996.0,98259009.0,2851569034.0,0.013428745909154799,002157
2023-12-05,2.55,2.59,2.47,2.5,36344501.0,92147752.0,2851569034.0,0.012745439639249498,002157
2023-12-06,2.49,2.63,2.42,2.63,61023505.0,156255127.0,2851569034.0,0.021399974635858666,002157
2023-12-08,2.62,2.71,2.5,2.58,55216697.0,145137098.0,5401569033.999999,0.010222344036045881,002157
2023-12-11,2.57,2.57,2.5,2.52,31589141.0,79828485.0,5401569033.999999,0.005848141679049771,002157
2023-12-12,2.53,2.65,2.53,2.65,38432944.0,100645076.0,5401569033.999999,0.007115144462300694,002157
2023-12-13,2.7,2.75,2.64,2.67,55417503.0,149004846.0,5401569033.999999,0.010259519530561647,002157
2023-12-14,2.63,2.74,2.63,2.68,38468163.0,103057030.0,5401569033.999999,0.007121664604833042,002157
2023-12-15,2.7,2.8,2.68,2.79,58965777.0,162813285.0,5401569033.999999,0.010916416439157188,002157
2023-12-18,2.77,2.84,2.72,2.74,56716000.0,157986923.0,5401569033.999999,0.010499912089062086,002157
2023-12-19,2.76,2.79,2.7,2.72,33467347.0,91494838.0,5401569033.999999,0.006195856572292399,002157
2023-12-20,2.71,2.72,2.66,2.67,26745366.0,71655600.0,5401569033.999999,0.004951406865607413,002157
2023-12-21,2.65,2.73,2.65,2.7,28735276.0,77303680.0,5401569033.999999,0.005319801675980951,002157
2023-12-22,2.71,2.72,2.66,2.66,24465851.0,65538435.0,5401569033.999999,0.0045293970781453505,002157
2023-12-25,2.65,2.68,2.62,2.65,19121395.0,50568792.0,5401569033.999999,0.0035399704936919267,002157
2023-12-26,2.65,2.71,2.63,2.64,25033688.0,66688650.0,5401569033.999999,0.0046345215329890764,002157
2023-12-27,2.65,2.65,2.6,2.65,19113044.0,50214123.0,5401569033.999999,0.003538424461428443,002157
2023-12-28,2.68,2.68,2.64,2.67,27121655.0,72307879.0,5401569033.999999,0.005021069772372367,002157
2023-12-29,2.68,2.74,2.67,2.68,28476330.0,76794631.0,5401569033.999999,0.005271862642272398,002157
2024-01-02,2.67,2.68,2.62,2.64,24603800.0,65064167.0,5358661036.0,0.0045914081586256915,002157
2024-01-03,2.63,2.64,2.58,2.59,24038550.0,62637857.0,5358661036.0,0.004485924718601664,002157
2024-01-04,2.59,2.6,2.57,2.58,16667033.0,43022873.0,5358661036.0,0.003110298055433861,002157
2024-01-05,2.57,2.58,2.55,2.55,16248430.0,41597717.0,5358661036.0,0.003032180966633546,002157
2024-01-08,2.55,2.56,2.5,2.5,18522097.0,46683035.0,5358661036.0,0.0034564785635006153,002157
2024-01-09,2.52,2.54,2.51,2.53,16316333.0,41204514.0,5358661036.0,0.003044852602242483,002157
2024-01-10,2.53,2.54,2.5,2.51,15318268.0,38518863.0,5358661036.0,0.002858599918354679,002157
2024-01-11,2.51,2.64,2.5,2.61,36279349.0,93855660.0,5358661036.0,0.006770226509247711,002157
2024-01-12,2.58,2.6,2.55,2.55,20287140.0,52316298.0,5358661036.0,0.003785859912337997,002157
2024-01-15,2.55,2.59,2.53,2.57,13667181.0,35033135.0,5358661036.0,0.002550484329608192,002157
2024-01-16,2.56,2.58,2.55,2.57,11225881.0,28773341.0,5358661036.0,0.0020949041046976944,002157
2024-01-17,2.56,2.57,2.52,2.52,12578900.0,31894899.0,5358661036.0,0.002347396096803612,002157
2024-01-18,2.52,2.53,2.48,2.51,23180042.0,57946720.0,5358661036.0,0.004325715294226346,002157
2024-01-19,2.51,2.53,2.49,2.51,9658456.0,24257986.0,5358661036.0,0.0018024009981436715,002157
2024-01-22,2.51,2.53,2.44,2.45,21527545.0,53472004.0,5358661036.0,0.004017336580047867,002157
2024-01-23,2.45,2.48,2.43,2.46,17497605.0,42902065.0,5358661036.0,0.0032652942372076547,002157
2024-01-24,2.46,2.48,2.42,2.46,17231303.0,42107668.0,5358661036.0,0.003215598613951965,002157
2024-01-25,2.46,2.49,2.43,2.47,18440727.0,45407565.0,5358661036.0,0.0034412938000954758,002157
2024-01-26,2.45,2.48,2.44,2.47,14061179.0,34588648.0,5358661036.0,0.0026240097863133435,002157
2024-01-29,2.59,2.59,2.59,2.59,14532006.0,37637896.0,5358661036.0,0.0027118725932415927,002157
2024-01-30,2.71,2.71,2.55,2.57,73365972.0,194109438.0,5358661036.0,0.013691101472386544,002157
2024-01-31,2.51,2.56,2.44,2.5,38507365.0,96290857.0,5358661036.0,0.007186005000373008,002157
2024-02-01,2.49,2.55,2.48,2.52,23889570.0,60198839.0,5928569847.0,0.00402956709906837,002157
2024-02-02,2.5,2.54,2.44,2.47,30879961.0,76903991.0,5928569847.0,0.005208669510004341,002157
2024-02-05,2.45,2.46,2.35,2.35,40346700.0,95660258.0,5928569847.0,0.006805469285381939,002157
2024-02-06,2.29,2.42,2.23,2.37,33131464.0,76396179.0,5928569847.0,0.005588441201677893,002157
2024-02-07,2.36,2.4,2.32,2.32,28460350.0,67112749.0,5928569847.0,0.004800542244501282,002157
2024-02-08,2.33,2.42,2.32,2.4,30471590.0,72011483.0,5928569847.0,0.005139787636206962,002157
2024-02-19,2.4,2.42,2.36,2.41,25135309.0,60188458.0,5928569847.0,0.004239691805725976,002157
2024-02-20,2.39,2.48,2.37,2.42,29517298.0,71289394.0,5928569847.0,0.004978822677603515,002157
2024-02-21,2.4,2.45,2.39,2.41,31032753.0,75281164.0,5928569847.0,0.005234441661457919,002157
2024-02-22,2.4,2.43,2.39,2.41,22555761.0,54236586.0,5928569847.0,0.003804587207724939,002157
2024-02-23,2.41,2.43,2.39,2.42,25227149.0,60702618.0,5928569847.0,0.004255182894195899,002157
2024-02-26,2.42,2.54,2.41,2.54,62528670.0,157118366.0,5928569847.0,0.010547007391949852,002157
2024-02-27,2.51,2.62,2.5,2.55,51610225.0,132222348.0,5928569847.0,0.008705341478959893,002157
2024-02-28,2.54,2.56,2.46,2.47,46153913.0,115987741.0,5928569847.0,0.007784999450306721,002157
2024-02-29,2.46,2.5,2.44,2.49,30381627.0,75251684.0,5928569847.0,0.005124613150231137,002157
2024-03-01,2.49,2.49,2.46,2.47,20863177.0,51584418.0,5928569847.0,0.0035190910351772737,002157
2024-03-04,2.48,2.58,2.47,2.56,37946536.0,95513436.0,5928569847.0,0.006400622237621416,002157
2024-03-05,2.54,2.56,2.51,2.52,24926868.0,63127075.0,5928569847.0,0.004204533073455076,002157
2024-03-06,2.5,2.6,2.5,2.56,29328471.0,74926077.0,5928569847.0,0.0049469723317573655,002157
2024-03-07,2.56,2.59,2.52,2.55,26089681.0,66689208.0,5928569847.0,0.004400670258308926,002157
2024-03-08,2.54,2.58,2.53,2.57,19426163.0,49636508.0,5928569847.0,0.0032767030669007147,002157
2024-03-11,2.56,2.61,2.55,2.59,28274683.0,72991726.0,5928569847.0,0.004769224910845518,002157
2024-03-12,2.58,2.59,2.55,2.57,24561162.0,63040152.0,5928569847.0,0.0041428477076016134,002157
2024-03-13,2.56,2.57,2.54,2.54,19295220.0,49220606.0,5928569847.0,0.003254616289924264,002157
2024-03-14,2.53,2.55,2.51,2.51,18649964.0,47073183.0,5928569847.0,0.003145777899443545,002157
2024-03-15,2.5,2.55,2.5,2.54,18080039.0,45790912.0,5928569847.0,0.0030496459460874763,002157
2024-03-18,2.55,2.59,2.53,2.56,25401325.0,64954724.0,5928569847.0,0.004284561986370741,002157
2024-03-19,2.56,2.64,2.55,2.6,44574544.0,116094871.0,5928569847.0,0.007518599788877548,002157
2024-03-20,2.6,2.61,2.57,2.6,23489726.0,60850406.0,5928569847.0,0.003962123514811311,002157
2024-03-21,2.6,2.73,2.59,2.69,68722425.0,184667206.0,5928569847.0,0.01159173742968976,002157
2024-03-22,2.68,2.75,2.67,2.69,50287515.0,135707968.0,5928569847.0,0.008482233708597816,002157
2024-03-25,2.68,2.69,2.64,2.64,30159690.0,80333962.0,5928569847.0,0.005087177983618011,002157
2024-03-26,2.66,2.73,2.65,2.69,36204688.0,97490643.0,5928569847.0,0.006106816472495546,002157
2024-03-27,2.69,2.7,2.63,2.63,27219986.0,72447172.0,5928569847.0,0.004591324164591562,002157
2024-03-28,2.67,2.68,2.64,2.65,20938830.0,55642376.0,5928569847.0,0.0035318517855694245,002157
2024-03-29,2.65,2.72,2.64,2.72,36730807.0,99116776.0,5928569847.0,0.006195559460025031,002157
2024-04-01,2.71,2.81,2.7,2.74,47801019.0,131430328.0,5928569847.0,0.00806282463285618,002157
2024-04-02,2.73,2.76,2.72,2.75,23768441.0,65151424.0,5928569847.0,0.004009135696027501,002157
2024-04-03,2.75,2.87,2.74,2.85,53872260.0,151270816.0,5928569847.0,0.00908688965303507,002157
2024-04-08,2.84,2.95,2.82,2.9,63536543.0,184318612.0,5928569847.0,0.010717010112000457,002157
2024-04-09,2.9,3.05,2.9,3.04,79140161.0,237755993.0,5928569847.0,0.01334894638039001,002157
2024-04-10,3.02,3.05,2.89,2.89,79584875.0,235204800.0,5928569847.0,0.013423958400401047,002157
2024-04-11,2.84,2.99,2.8,2.89,53048305.0,154052020.0,5928569847.0,0.008947909254513334,002157
2024-04-12,2.88,2.93,2.86,2.91,32383948.0,94213894.0,5928569847.0,0.00546235413189693,002157
2024-04-15,2.89,2.95,2.8,2.84,46335424.0,132855873.0,5928569847.0,0.007815615771727282,002157
2024-04-16,2.82,2.83,2.7,2.7,58915800.0,161164536.0,5928569847.0,0.009937607470343428,002157
2024-04-17,2.68,2.79,2.68,2.78,33539915.0,92549233.0,5928569847.0,0.005657336569454775,002157
2024-04-18,2.78,2.84,2.74,2.82,33684620.0,94195104.0,5928569847.0,0.005681744648255301,002157
2024-04-19,2.8,2.84,2.78,2.8,20647918.0,57844443.0,5928569847.0,0.003482782278503195,002157
2024-04-22,2.82,2.9,2.8,2.87,29962706.0,85870886.0,5928569847.0,0.005053951757886745,002157
2024-04-23,2.86,2.89,2.84,2.86,19671671.0,56252984.0,5928569847.0,0.0033181140658997787,002157
2024-04-24,2.86,2.88,2.83,2.87,16541973.0,47189606.0,5928569847.0,0.002790213057601175,002157
2024-04-25,2.87,2.87,2.75,2.77,40997973.0,115023262.0,5928569847.0,0.006915322591796058,002157
2024-04-26,2.76,2.82,2.72,2.78,29443803.0,81830911.0,5928569847.0,0.004966425927308469,002157
2024-04-29,2.8,2.91,2.77,2.9,49086190.0,139714678.0,5928569847.0,0.008279600522011021,002157
2024-04-30,2.92,2.94,2.85,2.87,46021163.0,133013848.0,5928569847.0,0.0077626078780682365,002157
2024-05-06,2.9,2.92,2.83,2.86,26777131.0,76583883.0,5928569847.0,0.0045166257109292346,002157
2024-05-07,2.88,2.9,2.86,2.88,20737379.0,59646982.0,5928569847.0,0.003497872089757636,002157
2024-05-08,2.87,2.94,2.85,2.9,44369663.0,128652249.0,5928569847.0,0.007484041538694551,002157
2024-05-09,2.89,2.89,2.86,2.89,31031665.0,89354225.0,5928569847.0,0.005234258143336673,002157
2024-05-10,2.89,2.92,2.87,2.88,25149234.0,72607583.0,5928569847.0,0.004242040601533289,002157
2024-05-13,2.9,2.92,2.86,2.9,36595908.0,105982612.0,5928569847.0,0.006172805405762136,002157
2024-05-14,2.89,2.91,2.87,2.89,28789120.0,83218623.0,5928569847.0,0.004855997440018016,002157
2024-05-15,2.9,2.9,2.87,2.87,23745243.0,68488469.0,5928569847.0,0.004005222779320998,002157
2024-05-16,2.87,2.89,2.87,2.87,23189079.0,66759470.0,5928569847.0,0.00391141195911426,002157
2024-05-17,2.87,2.89,2.86,2.89,19761200.0,56789824.0,5928569847.0,0.003333215347036798,002157
2024-05-20,2.88,2.97,2.87,2.94,36386969.0,106564280.0,5928569847.0,0.006137562673468828,002157
2024-05-21,2.95,3.08,2.92,3.04,73462480.0,220710394.0,5928569847.0,0.012391264992378186,002157
2024-05-22,3.03,3.18,3.02,3.16,91920101.0,287883273.0,5928569847.0,0.015504599485576408,002157
2024-05-23,3.15,3.19,3.05,3.13,75367700.0,234165359.0,5928569847.0,0.012712627487746962,002157
2024-05-24,3.12,3.25,3.11,3.21,80401152.0,256814318.0,5928569847.0,0.013561643714239941,002157
2024-05-27,3.16,3.2,3.12,3.18,54903672.0,173833807.0,5928569847.0,0.009260862807879812,002157
2024-05-28,3.18,3.34,3.16,3.33,84007208.0,275576932.0,5928569847.0,0.014169894286142161,002157
2024-05-29,3.33,3.48,3.19,3.25,131114299.0,438845637.0,5928569847.0,0.022115670791387744,002157
2024-05-30,3.26,3.41,3.25,3.41,95605027.0,317484764.0,5928569847.0,0.01612615343452156,002157
2024-05-31,3.35,3.43,3.34,3.38,72705979.0,245721172.0,5928569847.0,0.012263662380024246,002157
2024-06-03,3.34,3.34,3.21,3.21,95970662.0,312970642.0,5928569847.0,0.01618782682446821,002157
2024-06-04,3.15,3.29,3.06,3.28,86409199.0,273369003.0,5928569847.0,0.01457504950265959,002157
2024-06-05,3.26,3.34,3.25,3.27,46278262.0,152141289.0,5928569847.0,0.007805973986022602,002157
2024-06-06,3.26,3.32,3.18,3.21,54966948.0,177892397.0,5928569847.0,0.00927153587096804,002157
2024-06-07,3.23,3.32,3.2,3.29,51600571.0,168180620.0,5928569847.0,0.008703713092983317,002157
2024-06-12,3.45,3.62,3.31,3.34,303413626.0,1051037678.0,5928569847.0,0.051178215628771694,002157
2024-06-13,3.29,3.62,3.22,3.49,193681583.0,667798105.0,5928569847.0,0.03266919138989441,002157
2024-06-14,3.42,3.48,3.36,3.43,106747977.0,365190145.0,5928569847.0,0.018005687670866705,002157
2024-06-17,3.43,3.48,3.38,3.39,61096037.0,208640404.0,5928569847.0,0.010305358387725849,002157
2024-06-18,3.44,3.49,3.38,3.39,65047370.0,222191316.0,5928569847.0,0.010971848469140589,002157
2024-06-19,3.35,3.38,3.24,3.25,93343350.0,308271747.0,5928569847.0,0.01574466564600466,002157
2024-06-20,3.23,3.31,3.16,3.22,79225399.0,256676535.0,5928569847.0,0.013363323878201414,002157
2024-06-21,3.21,3.25,3.17,3.19,45803822.0,146554220.0,5928569847.0,0.007725947940577582,002157
2024-06-24,3.12,3.14,3.0,3.02,90602895.0,276464881.0,5928569847.0,0.015282420101004167,002157
2024-06-25,3.01,3.04,2.96,3.01,57718649.0,173600948.0,5928569847.0,0.009735678332137225,002157
2024-06-26,3.0,3.04,2.93,3.03,63027512.0,187938808.0,5928569847.0,0.010631149438492901,002157
2024-06-27,3.0,3.04,2.92,2.92,54359066.0,161804637.0,5928569847.0,0.00916900153036183,002157
2024-06-28,2.9,2.96,2.88,2.9,51495557.0,150200109.0,5928569847.0,0.008685999883438668,002157
2024-07-01,2.91,3.04,2.91,3.03,67669183.0,202637143.0,5971470870.000001,0.011332079561831639,002157
2024-07-02,3.03,3.03,2.96,2.97,45395166.0,135753156.0,5971470870.000001,0.007602007443100864,002157
2024-07-03,2.97,2.99,2.92,2.94,29323703.0,86343811.0,5971470870.000001,0.004910633182072275,002157
2024-07-04,2.92,2.95,2.88,2.88,34485268.0,99926139.0,5971470870.000001,0.005775003973183578,002157
2024-07-05,2.88,2.92,2.85,2.91,29292599.0,84483368.0,5971470870.000001,0.004905424415140787,002157
2024-07-08,2.91,2.96,2.87,2.88,35155777.0,102199347.0,5971470870.000001,0.005887289373982996,002157
2024-07-09,2.88,2.89,2.78,2.88,45541720.0,129219921.0,5971470870.000001,0.0076265498051403865,002157
2024-07-10,2.87,2.92,2.84,2.88,31173141.0,90095724.0,5971470870.000001,0.00522034548583505,002157
2024-07-11,2.91,2.94,2.9,2.93,37801244.0,110556760.0,5971470870.000001,0.006330307025344326,002157
2024-07-12,2.92,2.96,2.9,2.91,29106378.0,85089477.0,5971470870.000001,0.004874239301112088,002157
2024-07-15,2.9,2.96,2.89,2.94,43733021.0,128363190.0,5971470870.000001,0.007323659773626258,002157
2024-07-16,2.92,2.97,2.9,2.93,35807169.0,105099060.0,5971470870.000001,0.005996373385976175,002157
2024-07-17,2.93,2.97,2.92,2.95,33872089.0,99894685.0,5971470870.000001,0.005672319222081375,002157
2024-07-18,2.94,2.94,2.86,2.9,40971565.0,118478404.0,5971470870.000001,0.0068612182646383725,002157
2024-07-19,2.88,2.89,2.83,2.85,39260327.0,111977835.0,5971470870.000001,0.006574649337609512,002157
2024-07-22,2.85,2.86,2.81,2.84,25344612.0,71673576.0,5971470870.000001,0.004244282950006251,002157
2024-07-23,2.83,2.86,2.77,2.79,34362829.0,96894300.0,5971470870.000001,0.0057544999796674875,002157
2024-07-24,2.76,2.78,2.68,2.69,41734815.0,113768448.0,5971470870.000001,0.006989034344900018,002157
2024-07-25,2.67,2.72,2.63,2.67,43375842.0,116190228.0,5971470870.000001,0.007263845532248237,002157
2024-07-26,2.67,2.72,2.66,2.71,29903353.0,80531308.0,5971470870.000001,0.00500770306864111,002157
2024-07-29,2.73,2.76,2.69,2.7,24540773.0,66508948.0,5971470870.000001,0.004109669716935251,002157
2024-07-30,2.7,2.73,2.68,2.71,21979386.0,59446186.0,5971470870.000001,0.0036807323486114565,002157
2024-07-31,2.71,2.82,2.69,2.81,43935435.0,121718133.0,5971470870.000001,0.007357556614857939,002157
2024-08-01,2.81,2.86,2.79,2.8,30931500.0,87251222.0,5971470870.000001,0.005179879576302781,002157
2024-08-02,2.79,2.93,2.78,2.84,62395979.0,178399317.0,5971470870.000001,0.010449013376833235,002157
2024-08-05,2.85,2.9,2.8,2.82,53627216.0,152913513.0,5971470870.000001,0.008980570644565497,002157
2024-08-06,2.82,2.86,2.77,2.82,35279569.0,99094636.0,5971470870.000001,0.0059080199448414954,002157
2024-08-07,2.81,2.81,2.75,2.76,27294026.0,75821861.0,5971470870.000001,0.0045707375275197476,002157
2024-08-08,2.75,2.84,2.73,2.79,38333078.0,106775202.0,5971470870.000001,0.0064193695045187404,002157
2024-08-09,2.8,2.82,2.75,2.76,25288600.0,70299561.0,5971470870.000001,0.004234903016448944,002157
2024-08-12,2.76,2.89,2.76,2.83,57987491.0,164348948.0,5971470870.000001,0.009710755065610827,002157
2024-08-13,2.82,2.88,2.78,2.83,49148683.0,139046712.0,5971470870.000001,0.008230582392508597,002157
2024-08-14,2.81,2.82,2.77,2.78,28456022.0,79360031.0,5971470870.000001,0.004765328780712949,002157
2024-08-15,2.79,2.81,2.77,2.8,25733327.0,71864137.0,5971470870.000001,0.0043093783023009195,002157
2024-08-16,2.8,2.8,2.73,2.74,36342157.0,99983872.0,5971470870.000001,0.006085964043227426,002157
2024-08-19,2.73,2.75,2.71,2.72,17023904.0,46470413.0,5971470870.000001,0.002850872820216905,002157
2024-08-20,2.72,2.73,2.66,2.67,28371435.0,76131215.0,5971470870.000001,0.004751163593970608,002157
2024-08-21,2.67,2.69,2.64,2.67,16323538.0,43550317.0,5971470870.000001,0.002733587478757976,002157
2024-08-22,2.67,2.68,2.63,2.63,21755903.0,57636565.0,5971470870.000001,0.003643307230936889,002157
2024-08-23,2.62,2.62,2.57,2.62,29290949.0,76125117.0,5971470870.000001,0.00490514810130858,002157
2024-08-26,2.62,2.68,2.61,2.67,23979773.0,63581458.0,5971470870.000001,0.004015723013984994,002157
2024-08-27,2.66,2.66,2.59,2.62,21269100.0,55773195.0,5971470870.000001,0.003561785774900715,002157
2024-08-28,2.59,2.63,2.59,2.61,13716078.0,35815039.0,5971470870.000001,0.002296934590924329,002157
2024-08-29,2.6,2.63,2.59,2.62,15184244.0,39670106.0,5971470870.000001,0.0025427979689700802,002157
2024-08-30,2.61,2.68,2.61,2.65,34696708.0,92014431.0,5971470870.000001,0.005810412334808893,002157
2024-09-02,2.65,2.68,2.62,2.62,23746774.0,62838924.0,5971470870.000001,0.003976704319081773,002157
2024-09-03,2.61,2.64,2.6,2.63,20892551.0,54835330.0,5971470870.000001,0.0034987277765955167,002157
2024-09-04,2.62,2.63,2.59,2.59,22828700.0,59435260.0,5971470870.000001,0.003822960958361,002157
2024-09-05,2.59,2.62,2.59,2.6,16425480.0,42760557.0,5971470870.000001,0.002750658984626345,002157
2024-09-06,2.6,2.61,2.58,2.58,15153823.0,39218097.0,5971470870.000001,0.0025377035792188327,002157
2024-09-09,2.58,2.63,2.55,2.59,25007236.0,64581709.0,5971470870.000001,0.004187784977003496,002157
2024-09-10,2.6,2.61,2.56,2.59,21054665.0,54407355.0,5971470870.000001,0.0035258758618042117,002157
2024-09-11,2.59,2.59,2.55,2.55,16439000.0,42152770.0,5971470870.000001,0.0027529230834211532,002157
2024-09-12,2.56,2.58,2.54,2.54,15910758.0,40647057.0,5971470870.000001,0.002664462131086306,002157
2024-09-13,2.54,2.55,2.49,2.49,22262397.0,55867492.0,5971470870.000001,0.0037281261995003247,002157
2024-09-18,2.5,2.51,2.42,2.47,30279608.0,74260878.0,5971470870.000001,0.0050707118328452965,002157
2024-09-19,2.49,2.58,2.49,2.55,38903021.0,98911180.0,5971470870.000001,0.006514813828439557,002157
2024-09-20,2.54,2.59,2.5,2.59,46249159.0,118317862.0,5971470870.000001,0.007745019611893375,002157
2024-09-23,2.57,2.66,2.56,2.61,38621900.0,101367817.0,5971470870.000001,0.006467736482485762,002157
2024-09-24,2.62,2.66,2.61,2.66,35146467.0,92737610.0,5971470870.000001,0.005885730294117636,002157
2024-09-25,2.66,2.74,2.66,2.67,51841641.0,140152681.0,5971470870.000001,0.008681553025812548,002157
2024-09-26,2.66,2.73,2.64,2.73,52102460.0,140524638.0,5971470870.000001,0.008725230539389702,002157
2024-09-27,2.76,2.89,2.76,2.85,95978734.0,270773295.0,5971470870.000001,0.01607287987992814,002157
2024-09-30,2.93,3.11,2.89,3.09,189649330.0,571486351.0,5971470870.000001,0.03175923221074006,002157
2024-10-08,3.39,3.4,3.05,3.22,263946491.0,854372260.0,5971470870.000001,0.0442012523792149,002157
2024-10-09,3.18,3.18,2.91,2.92,159080506.0,481012137.0,5971470870.000001,0.02664008741953387,002157
2024-10-10,3.0,3.1,2.98,3.0,136694076.0,414905775.0,5971470870.000001,0.02289119029060925,002157
2024-10-11,2.97,2.97,2.87,2.88,74947162.0,217990828.0,5971470870.000001,0.012550871239534321,002157
2024-10-14,2.9,2.96,2.88,2.95,73079595.0,213628613.0,5971470870.000001,0.012238123000338774,002157
2024-10-15,2.93,2.98,2.9,2.92,67551462.0,198508082.0,5971470870.000001,0.01131236565841273,002157
2024-10-16,2.89,2.95,2.86,2.9,56881500.0,165021829.0,5971470870.000001,0.009525542573734433,002157
2024-10-17,2.9,2.93,2.84,2.85,58537533.0,168454023.0,5971470870.000001,0.009802866709789373,002157
2024-10-18,2.85,2.93,2.81,2.9,82947739.0,237891749.0,5971470870.000001,0.013890671294524792,002157
2024-10-21,2.92,2.93,2.86,2.88,72526266.0,209110064.0,5971470870.000001,0.012145460905513885,002157
2024-10-22,2.87,2.98,2.85,2.95,94307136.0,275213909.0,5971470870.000001,0.015792949183389384,002157
2024-10-23,2.97,2.99,2.92,2.95,77972005.0,229803587.0,5971470870.000001,0.01305742030690003,002157
2024-10-24,2.93,2.96,2.89,2.91,49893453.0,145760931.0,5971470870.000001,0.008355303757849528,002157
2024-10-25,2.9,2.97,2.9,2.96,81833573.0,240775148.0,5971470870.000001,0.01370408979320701,002157
2024-10-28,2.96,3.05,2.95,3.03,105860768.0,317283127.0,5971470870.000001,0.017727754234192553,002157
2024-10-29,3.04,3.05,2.94,2.95,80621726.0,240140012.0,5971470870.000001,0.013501150345559668,002157
2024-10-30,2.97,3.04,2.95,3.0,106850442.0,319458542.0,5971470870.000001,0.017893487940601808,002157
2024-10-31,3.0,3.05,2.97,3.01,132198869.0,397664382.0,5971470870.000001,0.022138409761680706,002157
2024-11-01,3.01,3.1,3.0,3.04,130034150.0,396119875.0,5971470870.000001,0.021775899578322815,002157
2024-11-04,3.05,3.23,2.99,3.18,178592505.0,561211862.0,5971470870.000001,0.02990762391511088,002157
2024-11-05,3.16,3.25,3.13,3.23,160855882.0,514043791.0,5971470870.000001,0.026937397083877924,002157
2024-11-06,3.23,3.3,3.17,3.29,172894955.0,560621888.0,5971470870.000001,0.0289534955062085,002157
2024-11-07,3.27,3.4,3.24,3.35,238113933.0,794563972.0,5971470870.000001,0.039875256563045074,002157
2024-11-08,3.39,3.69,3.35,3.45,366826528.0,1283933868.0,5971470870.000001,0.061429844670748586,002157
2024-11-11,3.45,3.54,3.36,3.42,227130785.0,780218339.0,5971470870.000001,0.038035986433607095,002157
2024-11-12,3.39,3.45,3.3,3.34,209988280.0,708875279.0,5971470870.000001,0.03516525234259411,002157
2024-11-13,3.3,3.33,3.22,3.28,137186263.0,448834944.0,5971470870.000001,0.022973613367053062,002157
2024-11-14,3.26,3.32,3.23,3.24,102662238.0,335485325.0,5971470870.000001,0.017192119033145343,002157
2024-11-15,3.24,3.27,3.15,3.16,98953591.0,317872422.0,5971470870.000001,0.016571058145344344,002157
2024-11-18,3.18,3.21,3.1,3.12,94395808.0,296427680.0,5971470870.000001,0.015807798456195097,002157
2024-11-19,3.1,3.16,3.07,3.16,77533225.0,241855690.0,5971470870.000001,0.012983940923084497,002157
2024-11-20,3.14,3.18,3.12,3.17,76126887.0,239986006.0,5971470870.000001,0.012748431442988852,002157
2024-11-21,3.17,3.21,3.15,3.18,70873987.0,224959469.0,5971470870.000001,0.011868765425292947,002157
2024-11-22,3.19,3.2,3.07,3.08,101496415.0,319004053.0,5971470870.000001,0.01699688689932435,002157
2024-11-25,3.07,3.32,3.06,3.22,190020825.0,607607435.0,5971470870.000001,0.03182144385140406,002157
2024-11-26,3.2,3.29,3.19,3.23,122199122.0,396916637.0,5971470870.000001,0.020463822843700814,002157
2024-11-27,3.27,3.39,3.2,3.36,184491834.0,612311666.0,5971470870.000001,0.03089554282628527,002157
2024-11-28,3.36,3.48,3.32,3.45,187874184.0,644977187.0,5971470870.000001,0.03146196106286959,002157
2024-11-29,3.43,3.47,3.35,3.44,158605382.0,542552782.0,5971470870.000001,0.026560521763040933,002157
2024-12-02,3.38,3.45,3.34,3.4,151858620.0,515505441.0,5971470870.000001,0.02543068923988571,002157
2024-12-03,3.41,3.46,3.34,3.35,136845608.0,462660625.0,5971470870.000001,0.022916566283107394,002157
2024-12-04,3.31,3.33,3.22,3.23,124997540.0,409141679.0,5971470870.000001,0.020932454117455986,002157
2024-12-05,3.2,3.28,3.17,3.23,92017743.0,295780219.0,5971464620.000001,0.01540957685520039,002157
2024-12-06,3.22,3.27,3.21,3.26,109502048.0,355099582.0,5971464620.000001,0.018337552839758763,002157
2024-12-09,3.2,3.21,3.03,3.06,342451664.0,1059878764.0,7027314620.000001,0.04873151161118783,002157
2024-12-10,3.12,3.15,3.07,3.09,211558162.0,659789816.0,7027314620.000001,0.030105121720023397,002157
2024-12-11,3.07,3.19,3.05,3.16,201569693.0,633698217.0,7027314620.000001,0.02868374391923838,002157
2024-12-12,3.17,3.25,3.12,3.24,230549001.0,738323394.0,7154535934.0,0.03222417262654006,002157
2024-12-13,3.25,3.28,3.14,3.15,193725752.0,617440509.0,7154535934.0,0.027077333007633757,002157
2024-12-16,3.15,3.18,3.08,3.1,128100094.0,400997109.0,7154535934.0,0.01790473836202833,002157
2024-12-17,3.1,3.11,3.03,3.04,119202000.0,364048208.0,7154535934.0,0.01666103868924953,002157
2024-12-18,3.05,3.06,3.01,3.02,99046532.0,300665328.0,7154535934.0,0.01384387931148799,002157
2024-12-19,2.99,3.05,2.96,3.04,91241572.0,274493437.0,7154535934.0,0.01275296858408371,002157
2024-12-20,3.04,3.12,3.02,3.05,126836482.0,388278714.0,7154535934.0,0.017728121456102256,002157
2024-12-23,3.06,3.14,2.99,3.01,130379779.0,397407987.0,7154535934.0,0.018223373284129485,002157
2024-12-24,3.01,3.06,2.98,3.03,82031311.0,246692053.0,7154535934.0,0.01146563687103287,002157
2024-12-25,3.03,3.03,2.97,2.97,62920848.0,187959558.0,7154535934.0,0.008794539377597596,002157
2024-12-26,2.97,2.99,2.94,2.95,56956499.0,168934510.0,7154535934.0,0.007960893554161859,002157
2024-12-27,2.95,3.05,2.94,3.03,102780451.0,309133427.0,7154535934.0,0.01436577465654532,002157
2024-12-30,3.02,3.03,2.97,2.99,60204550.0,179853154.0,7154535934.0,0.008414878414949896,002157
2024-12-31,2.99,3.01,2.92,2.92,72589600.0,214303437.0,7154522434.0,0.01014597419599062,002157
