日期,开盘,最高,最低,收盘,成交量,成交额,outstanding_share,换手率,股票代码
2020-01-02,9.32,9.73,9.23,9.69,14362912.0,136765322.0,243442363.0,0.05899923013810049,002199
2020-01-03,9.76,9.82,9.57,9.67,11022209.0,106674519.0,243442363.0,0.04527646242079896,002199
2020-01-06,9.58,9.87,9.48,9.87,14455397.0,140930494.0,243442363.0,0.05937913525757224,002199
2020-01-07,9.94,9.98,9.74,9.88,10836903.0,106459956.0,243442363.0,0.04451527197836146,002199
2020-01-08,9.87,10.12,9.66,9.68,15199005.0,150260926.0,243442363.0,0.06243368989973204,002199
2020-01-09,9.77,10.05,9.74,9.9,13029065.0,129084617.0,243442363.0,0.05352012213256409,002199
2020-01-10,10.01,10.36,9.87,10.09,19503367.0,196910273.0,243442363.0,0.08011492642305645,002199
2020-01-13,10.08,10.1,9.9,10.04,10472539.0,104683854.0,243442363.0,0.04301855630607726,002199
2020-01-14,10.04,10.08,9.83,9.86,10389416.0,103043037.0,243442363.0,0.04267710792800676,002199
2020-01-15,9.86,9.87,9.64,9.78,8039703.0,78380963.0,243442363.0,0.03302507789081886,002199
2020-01-16,9.86,9.97,9.73,9.75,8750617.0,86109080.0,243442363.0,0.035945333803714355,002199
2020-01-17,9.77,9.83,9.5,9.52,8606700.0,83134151.0,243442363.0,0.03535415896369688,002199
2020-01-20,9.57,9.94,9.44,9.9,13563400.0,132532364.0,243442363.0,0.05571503592412961,002199
2020-01-21,9.82,9.91,9.65,9.65,10091228.0,98333898.0,243442363.0,0.04145222662006448,002199
2020-01-22,9.64,9.73,9.13,9.56,10023300.0,94692389.0,243442363.0,0.04117319548036099,002199
2020-01-23,9.57,9.73,9.07,9.22,9613718.0,90837072.0,243442363.0,0.03949073563667306,002199
2020-02-03,8.3,8.3,8.3,8.3,531600.0,4412280.0,243442363.0,0.0021836790994343084,002199
2020-02-04,7.47,7.8,7.47,7.56,14846016.0,112914475.0,243442363.0,0.0609836998665676,002199
2020-02-05,7.58,8.06,7.58,8.06,12855593.0,101006963.0,243442363.0,0.052807542785805114,002199
2020-02-06,8.06,8.38,8.0,8.21,8655697.0,71097394.0,243442363.0,0.0355554263166596,002199
2020-02-07,8.24,8.42,8.15,8.38,8506303.0,70547619.0,243442363.0,0.03494175333814025,002199
2020-02-10,8.35,8.65,8.27,8.41,9315430.0,78117295.0,243442363.0,0.038265443553881374,002199
2020-02-11,8.43,8.57,8.32,8.38,7729859.0,65121879.0,243442363.0,0.03175231666642999,002199
2020-02-12,8.46,8.68,8.39,8.65,9966249.0,85095185.0,243442363.0,0.040938844321027235,002199
2020-02-13,8.64,8.81,8.49,8.69,10176226.0,88265793.0,243442363.0,0.041801377026561316,002199
2020-02-14,8.68,9.56,8.56,9.31,29029436.0,269820200.0,243442363.0,0.11924562201197497,002199
2020-02-17,9.13,9.68,9.07,9.65,29281702.0,275416105.0,243442363.0,0.12028186729357372,002199
2020-02-18,9.54,10.5,9.48,10.13,29290728.0,288381193.0,243442363.0,0.12031894383148097,002199
2020-02-19,10.03,11.14,9.86,11.14,40442241.0,429546391.0,243442363.0,0.1661265545635539,002199
2020-02-20,10.87,11.59,10.72,11.2,36245759.0,403254750.0,243442363.0,0.1488884619477671,002199
2020-02-21,11.08,11.38,10.88,10.95,26406146.0,293044991.0,243442363.0,0.10846980646503172,002199
2020-02-24,10.76,11.38,10.5,11.26,29018845.0,319012025.0,243442363.0,0.11920211684767454,002199
2020-02-25,10.88,12.39,10.31,12.39,40784533.0,468951029.0,243442363.0,0.16753260401107756,002199
2020-02-26,12.35,12.85,11.51,11.58,36348741.0,444020193.0,243442363.0,0.14931148610318082,002199
2020-02-27,11.45,11.79,10.72,11.05,19623651.0,219457179.0,243442363.0,0.08060902284291416,002199
2020-02-28,10.4,10.58,9.95,9.95,20175423.0,204620893.0,243442363.0,0.08287556344497034,002199
2020-03-02,10.15,10.73,10.0,10.53,15459321.0,159842514.0,243442363.0,0.06350300255670785,002199
2020-03-03,10.75,10.95,10.29,10.44,15522427.0,165340986.0,243442363.0,0.06376222613317305,002199
2020-03-04,10.38,10.6,10.18,10.52,9937578.0,103504044.0,243442363.0,0.04082107106395447,002199
2020-03-05,10.73,10.78,10.28,10.53,11981424.0,125890654.0,243442363.0,0.049216676392514314,002199
2020-03-06,10.38,10.43,10.25,10.33,7869950.0,81485193.0,243442363.0,0.03232777526070925,002199
2020-03-09,10.16,10.16,9.55,9.58,11952767.0,117725939.0,243442363.0,0.04909896064392047,002199
2020-03-10,9.31,10.05,9.31,10.0,13102606.0,128084314.0,243442363.0,0.05382221006456465,002199
2020-03-11,10.14,10.17,9.78,9.78,11279578.0,112506206.0,243442363.0,0.04633366954296282,002199
2020-03-12,9.55,9.76,9.4,9.52,7983657.0,76322362.0,243442363.0,0.03279485501872162,002199
2020-03-13,9.0,9.58,8.88,9.47,8871550.0,81922715.0,243442363.0,0.03644209615234469,002199
2020-03-16,9.57,9.64,8.9,8.92,8325212.0,77331377.0,243442363.0,0.03419787705560515,002199
2020-03-17,9.12,9.16,8.39,8.91,7744400.0,68600234.0,243442363.0,0.0318120474372819,002199
2020-03-18,9.04,9.26,8.8,8.83,7830111.0,70919739.0,243442363.0,0.03216412666845499,002199
2020-03-19,8.75,9.08,8.7,9.06,6266885.0,55887730.0,243442363.0,0.02574278742110304,002199
2020-03-20,9.15,9.23,8.9,9.05,5524900.0,50031374.0,243442363.0,0.02269489965474908,002199
2020-03-23,8.85,8.98,8.58,8.66,4435011.0,39044885.0,243442363.0,0.018217909756322898,002199
2020-03-24,8.86,9.05,8.77,9.0,7487681.0,66727279.0,243442363.0,0.030757510351639167,002199
2020-03-25,9.26,9.29,9.0,9.08,7638302.0,69596143.0,243442363.0,0.03137622353756071,002199
2020-03-26,8.97,9.05,8.81,8.81,5946500.0,52995224.0,243442363.0,0.02442672641983844,002199
2020-03-27,8.96,8.98,8.66,8.67,3924200.0,34557511.0,243442363.0,0.01611962664033129,002199
2020-03-30,8.53,8.53,8.02,8.24,5273564.0,43678610.0,243442363.0,0.02166247457924979,002199
2020-03-31,8.38,8.46,8.15,8.16,3902367.0,32389027.0,243442363.0,0.016029942167460804,002199
2020-04-01,8.14,8.42,8.05,8.28,5527019.0,45832253.0,243442363.0,0.02270360397380796,002199
2020-04-02,8.32,8.59,8.19,8.58,5197868.0,43904152.0,243442363.0,0.021351534449244564,002199
2020-04-03,8.59,8.67,8.35,8.4,4265467.0,36225463.0,243442363.0,0.017521465645648535,002199
2020-04-07,8.61,8.83,8.56,8.72,4914755.0,42740443.0,243442363.0,0.020188577449850007,002199
2020-04-08,8.67,9.07,8.66,9.04,7274387.0,65021985.0,243442363.0,0.02988135224435034,002199
2020-04-09,9.01,9.13,8.92,9.01,5901100.0,53195841.0,243442363.0,0.024240234638208798,002199
2020-04-10,9.03,9.05,8.58,8.69,5403073.0,47326746.0,243442363.0,0.022194464978965062,002199
2020-04-13,8.62,8.68,8.42,8.47,3410300.0,29064149.0,243442363.0,0.014008654689241576,002199
2020-04-14,8.57,8.65,8.47,8.62,3369800.0,28824498.0,243442363.0,0.013842290875232754,002199
2020-04-15,8.65,8.74,8.47,8.49,4656702.0,39993546.0,243442363.0,0.019128560627716222,002199
2020-04-16,8.44,8.59,8.34,8.51,4067555.0,34440653.0,243442363.0,0.016708492925695106,002199
2020-04-17,8.57,8.69,8.44,8.46,5201182.0,44631086.0,243442363.0,0.021365147527753828,002199
2020-04-20,8.35,8.45,8.31,8.4,4607003.0,38592112.0,243442363.0,0.01892440963531068,002199
2020-04-21,8.35,8.59,8.11,8.55,8433682.0,70154320.0,243442363.0,0.03464344453475421,002199
2020-04-22,8.45,8.78,8.31,8.71,10573812.0,91536975.0,243442363.0,0.043434560319314676,002199
2020-04-23,8.71,8.95,8.61,8.79,10814129.0,94885194.0,243442363.0,0.04442172211415808,002199
2020-04-24,8.73,8.81,8.33,8.36,6928172.0,59147118.0,243442363.0,0.02845918809948456,002199
2020-04-27,8.35,8.35,8.13,8.13,4985882.0,40977395.0,243442363.0,0.020480749276985944,002199
2020-04-28,8.15,8.22,7.58,7.82,5872981.0,46226709.0,243442363.0,0.024124728858304748,002199
2020-04-29,7.74,7.94,7.72,7.84,2836030.0,22255250.0,243442363.0,0.011649697961566369,002199
2020-04-30,7.87,8.18,7.86,8.13,4393059.0,35354194.0,243442363.0,0.01804558149150072,002199
2020-05-06,8.0,8.4,7.98,8.36,5134077.0,42360613.0,243442363.0,0.02108949706506094,002199
2020-05-07,8.41,8.47,8.27,8.27,4797901.0,40092679.0,243442363.0,0.019708570607326878,002199
2020-05-08,8.42,8.6,8.33,8.4,5001772.0,42178203.0,243442363.0,0.02054602140055632,002199
2020-05-11,8.41,8.54,8.3,8.39,3695201.0,31152146.0,243442363.0,0.015178956342943483,002199
2020-05-12,8.39,8.44,8.13,8.32,3024286.0,24992453.0,243442363.0,0.0124230062620613,002199
2020-05-13,8.35,8.44,8.25,8.42,3216300.0,26926679.0,243442363.0,0.013211751481396852,002199
2020-05-14,8.3,8.49,8.27,8.38,3919401.0,32968700.0,243442363.0,0.016099913555308366,002199
2020-05-15,8.41,8.58,8.35,8.5,5457601.0,46371237.0,243442363.0,0.022418452288848346,002199
2020-05-18,8.59,8.61,8.15,8.17,7736762.0,64289400.0,243442363.0,0.031780672454284384,002199
2020-05-19,8.22,8.56,8.22,8.54,6487030.0,54623103.0,243442363.0,0.02664708771332457,002199
2020-05-20,8.53,8.78,8.42,8.59,7266650.0,62572817.0,243442363.0,0.029849570594251914,002199
2020-05-21,8.66,8.72,8.33,8.36,4784721.0,40543423.0,243442363.0,0.019654430482175363,002199
2020-05-22,8.32,8.45,8.15,8.29,3858201.0,32019285.0,243442363.0,0.015848519347472813,002199
2020-05-25,8.23,8.28,7.98,8.05,4709850.0,38065608.0,243442363.0,0.019346879244677723,002199
2020-05-26,8.08,8.71,8.07,8.35,8210633.0,68843243.0,243442363.0,0.03372721534090597,002199
2020-05-27,8.38,8.57,8.31,8.44,6776378.0,57197665.0,243442363.0,0.027835656524579495,002199
2020-05-28,8.45,8.53,8.13,8.29,5714423.0,47372125.0,243442363.0,0.023473412472585966,002199
2020-05-29,8.13,8.36,8.13,8.24,2705102.0,22407226.0,243442363.0,0.011111878666738049,002199
2020-06-01,8.3,8.53,8.24,8.51,5252301.0,44406414.0,243442363.0,0.021575131523020912,002199
2020-06-02,8.55,8.66,8.49,8.6,6165400.0,52931452.0,243442363.0,0.025325912565184884,002199
2020-06-03,8.67,8.69,8.51,8.52,4693452.0,40357328.0,243442363.0,0.019279520384872375,002199
2020-06-04,8.53,8.64,8.42,8.57,4253400.0,36238665.0,243442363.0,0.017471897444570894,002199
2020-06-05,8.56,8.56,8.39,8.46,3657450.0,30953346.0,243442363.0,0.015023884729544792,002199
2020-06-08,8.56,8.62,8.33,8.35,5947000.0,50313079.0,243442363.0,0.02442878029408546,002199
2020-06-09,8.37,8.4,8.28,8.35,3225700.0,26939569.0,243442363.0,0.013250364317240875,002199
2020-06-10,8.36,8.38,8.18,8.3,3326303.0,27464790.0,243442363.0,0.01366361613898728,002199
2020-06-11,8.19,8.36,8.19,8.25,3605812.0,29841832.0,243442363.0,0.014811768812809297,002199
2020-06-12,8.09,8.24,7.97,8.19,3514740.0,28587254.0,243442363.0,0.014437667941959633,002199
2020-06-15,8.08,8.21,8.08,8.09,3449700.0,28093510.0,243442363.0,0.014170499979906949,002199
2020-06-16,8.17,8.3,8.15,8.27,3720829.0,30558442.0,243442363.0,0.015284229721348868,002199
2020-06-17,8.28,8.3,8.11,8.2,3536819.0,28942732.0,243442363.0,0.014528362920959652,002199
2020-06-18,8.18,8.27,8.17,8.21,3057159.0,25148105.0,243442363.0,0.01255804027830604,002199
2020-06-19,8.21,8.25,8.16,8.2,2881716.0,23609292.0,243442363.0,0.011837364559265307,002199
2020-06-22,8.22,8.3,8.19,8.3,4328102.0,35692103.0,243442363.0,0.01777875447257304,002199
2020-06-23,8.28,8.28,8.14,8.14,3304725.0,27039712.0,243442363.0,0.013574979141982779,002199
2020-06-24,8.15,8.18,8.05,8.08,3142146.0,25424579.0,243442363.0,0.01290714549956944,002199
2020-06-29,8.05,8.05,7.83,7.9,3596709.0,28469684.0,243442363.0,0.014774375978268006,002199
2020-06-30,7.79,8.18,7.79,8.11,4788820.0,38272101.0,243442363.0,0.019671268143252454,002199
2020-07-01,8.07,8.11,7.95,7.98,3465100.0,27746626.0,243442363.0,0.01423375930671524,002199
2020-07-02,7.98,8.15,7.91,8.07,4317701.0,34844432.0,243442363.0,0.01773602978048648,002199
2020-07-03,8.1,8.2,8.08,8.19,4451200.0,36255214.0,243442363.0,0.01828441009669299,002199
2020-07-06,8.22,8.58,8.21,8.5,9601661.0,80962227.0,243442363.0,0.03944120851308036,002199
2020-07-07,8.58,9.09,8.48,8.82,13114628.0,115650282.0,243442363.0,0.05387159341696005,002199
2020-07-08,8.8,8.9,8.64,8.85,8639030.0,75927553.0,243442363.0,0.035486962472509355,002199
2020-07-09,8.86,9.19,8.8,9.15,10563987.0,95189406.0,243442363.0,0.043394201690360686,002199
2020-07-10,9.14,9.24,8.95,8.95,8427653.0,76500182.0,243442363.0,0.03461867891908361,002199
2020-07-13,8.86,9.19,8.85,9.16,7551875.0,68560758.0,243442363.0,0.03102120315846589,002199
2020-07-14,9.19,9.25,8.83,9.03,6922505.0,62576901.0,243442363.0,0.028435909488768805,002199
2020-07-15,9.2,9.25,8.75,9.02,7884103.0,71048009.0,243442363.0,0.03238591222514547,002199
2020-07-16,9.0,9.03,8.51,8.54,6748103.0,59327213.0,243442363.0,0.027719509935910373,002199
2020-07-17,8.54,8.68,8.41,8.46,5281701.0,45106700.0,243442363.0,0.021695899328745834,002199
2020-07-20,8.5,8.78,8.5,8.77,4500302.0,38931354.0,243442363.0,0.018486108763247588,002199
2020-07-21,8.79,8.85,8.59,8.68,4188199.0,36433492.0,243442363.0,0.01720406813501067,002199
2020-07-22,8.63,8.94,8.63,8.78,5647800.0,49736037.0,243442363.0,0.023199741944667205,002199
2020-07-23,8.71,8.75,8.38,8.52,6482800.0,55295991.0,243442363.0,0.02662971193719476,002199
2020-07-24,8.48,8.67,8.11,8.17,7160801.0,59861375.0,243442363.0,0.029414769523905746,002199
2020-07-27,8.2,8.29,8.01,8.25,4260500.0,34851549.0,243442363.0,0.017501062458878613,002199
2020-07-28,8.3,8.45,8.21,8.29,3783700.0,31491863.0,243442363.0,0.015542487976917969,002199
2020-07-29,8.27,8.49,8.13,8.44,4829300.0,40238050.0,243442363.0,0.019837549802291396,002199
2020-07-30,8.44,8.52,8.27,8.3,4838200.0,40478183.0,243442363.0,0.019874108763888395,002199
2020-07-31,8.31,8.47,8.23,8.4,4765069.0,39845623.0,243442363.0,0.01957370500877039,002199
2020-08-03,8.44,8.64,8.44,8.64,6540072.0,56023957.0,243442363.0,0.026864970908945705,002199
2020-08-04,8.66,9.18,8.43,8.9,15828006.0,139286102.0,243442363.0,0.06501746781023482,002199
2020-08-05,9.1,9.14,8.78,8.87,13470195.0,119996182.0,243442363.0,0.055332173225742146,002199
2020-08-06,8.85,9.74,8.67,9.33,22180614.0,203697407.0,243442363.0,0.09111238375549288,002199
2020-08-07,9.12,9.17,8.9,9.01,14038695.0,126789051.0,243442363.0,0.05766742824460671,002199
2020-08-10,8.96,9.18,8.85,9.01,8599799.0,77846168.0,243442363.0,0.03532581139133948,002199
2020-08-11,8.95,8.99,8.57,8.63,8203724.0,72197101.0,243442363.0,0.033698834906560615,002199
2020-08-12,8.63,8.86,8.52,8.85,6302707.0,54855826.0,243442363.0,0.02588993518765672,002199
2020-08-13,8.8,8.91,8.75,8.8,5086204.0,44892255.0,243442363.0,0.020892846821405527,002199
2020-08-14,8.77,8.85,8.62,8.83,5331049.0,46626733.0,243442363.0,0.021898608501429967,002199
2020-08-17,8.84,9.04,8.74,9.01,6704003.0,59889954.0,243442363.0,0.02753835822732299,002199
2020-08-18,9.01,9.13,8.91,9.03,7564419.0,68240918.0,243442363.0,0.031072730755575192,002199
2020-08-19,9.03,9.03,8.82,8.86,5886621.0,52510924.0,243442363.0,0.024180758547763522,002199
2020-08-20,8.8,9.25,8.73,9.08,10337042.0,93274240.0,243442363.0,0.04246196870837965,002199
2020-08-21,9.08,9.31,9.03,9.1,7382991.0,67492872.0,243442363.0,0.0303274701617976,002199
2020-08-24,9.1,9.15,8.9,9.01,5388466.0,48620952.0,243442363.0,0.022134463096712548,002199
2020-08-25,9.02,9.1,8.96,9.03,5177551.0,46755123.0,243442363.0,0.02126807732309105,002199
2020-08-26,9.03,9.04,8.61,8.69,6769806.0,59698445.0,243442363.0,0.027808660401476632,002199
2020-08-27,8.65,8.93,8.61,8.92,5139071.0,45385361.0,243442363.0,0.0211100111610402,002199
2020-08-28,8.93,9.0,8.8,8.97,4628310.0,41149144.0,243442363.0,0.019011933432473295,002199
2020-08-31,9.03,9.14,8.84,8.86,6106400.0,55035992.0,243442363.0,0.025083555404036232,002199
2020-09-01,8.82,9.17,8.78,9.14,8520919.0,76898310.0,243442363.0,0.03500179219012921,002199
2020-09-02,9.17,9.19,9.01,9.09,7010700.0,63781764.0,243442363.0,0.028798192367201103,002199
2020-09-03,9.07,9.43,9.06,9.32,13901503.0,128712855.0,243442363.0,0.05710387801321169,002199
2020-09-04,9.2,9.7,9.16,9.65,19111979.0,181448297.0,243442363.0,0.07850720295546917,002199
2020-09-07,9.65,9.9,9.44,9.59,18708850.0,180562742.0,243442363.0,0.07685125041281332,002199
2020-09-08,9.52,9.67,9.34,9.57,11948424.0,113670426.0,243442363.0,0.04908112069221083,002199
2020-09-09,9.43,9.44,8.93,9.04,14982020.0,138092003.0,243442363.0,0.06154237009275169,002199
2020-09-10,9.1,9.15,8.25,8.41,12447884.0,107784569.0,243442363.0,0.05113277675504653,002199
2020-09-11,8.29,8.46,8.15,8.43,5830213.0,48428842.0,243442363.0,0.02394904867071143,002199
2020-09-14,8.47,8.55,8.34,8.47,5024205.0,42488468.0,243442363.0,0.02063817052252323,002199
2020-09-15,8.46,8.5,8.3,8.41,3780803.0,31774038.0,243442363.0,0.015530587829530722,002199
2020-09-16,8.39,8.4,8.16,8.25,4999501.0,41365135.0,243442363.0,0.020536692703726343,002199
2020-09-17,8.29,8.33,8.16,8.28,3660515.0,30191095.0,243442363.0,0.01503647497867904,002199
2020-09-18,8.26,8.38,8.2,8.38,3732000.0,30943625.0,243442363.0,0.015330117379775845,002199
2020-09-21,8.38,8.42,8.26,8.32,3351267.0,27950136.0,243442363.0,0.013766161972392619,002199
2020-09-22,8.24,8.28,8.1,8.11,3604700.0,29519491.0,243442363.0,0.01480720099648392,002199
2020-09-23,8.12,8.17,8.06,8.14,2474101.0,20085900.0,243442363.0,0.010162984656865165,002199
2020-09-24,8.07,8.08,7.82,7.84,4158467.0,32888541.0,243442363.0,0.017081936556785724,002199
2020-09-25,7.88,7.92,7.68,7.74,3090901.0,24013050.0,243442363.0,0.012696643927992106,002199
2020-09-28,7.74,7.78,7.57,7.58,2495311.0,19121490.0,243442363.0,0.01025011000242386,002199
2020-09-29,7.6,7.8,7.56,7.76,3232700.0,24963489.0,243442363.0,0.013279118556699188,002199
2020-09-30,7.76,7.79,7.65,7.73,1951900.0,15055475.0,243442363.0,0.008017914285526385,002199
2020-10-09,7.81,7.96,7.81,7.94,2595400.0,20503444.0,243442363.0,0.010661250441444326,002199
2020-10-12,8.03,8.2,7.95,8.16,3143900.0,25489554.0,243442363.0,0.012914350490427995,002199
2020-10-13,8.16,8.16,8.02,8.13,3084800.0,24983160.0,243442363.0,0.012671582554429937,002199
2020-10-14,8.08,8.13,7.93,7.98,2566901.0,20562624.0,243442363.0,0.010544183717112538,002199
2020-10-15,7.93,7.98,7.77,7.8,3065600.0,24072607.0,243442363.0,0.012592713783344273,002199
2020-10-16,7.85,7.85,7.71,7.81,2386510.0,18552048.0,243442363.0,0.009803182858523272,002199
2020-10-19,7.83,7.94,7.77,7.78,2509444.0,19720517.0,243442363.0,0.010308164811890197,002199
2020-10-20,7.74,7.92,7.7,7.91,2126000.0,16617037.0,243442363.0,0.008733073298339616,002199
2020-10-21,7.9,7.95,7.71,7.74,2830011.0,22000325.0,243442363.0,0.011624973423380713,002199
2020-10-22,7.7,7.78,7.63,7.71,1857134.0,14296103.0,243442363.0,0.007628639391739719,002199
2020-10-23,7.71,7.79,7.62,7.63,1942400.0,14949053.0,243442363.0,0.007978890674832958,002199
2020-10-26,7.62,7.66,7.51,7.58,1634701.0,12400922.0,243442363.0,0.0067149405709638135,002199
2020-10-27,7.56,7.7,7.52,7.64,2501867.0,19107432.0,243442363.0,0.010277040401550818,002199
2020-10-28,7.64,7.68,7.47,7.57,2215150.0,16741515.0,243442363.0,0.009099279076583726,002199
2020-10-29,7.5,7.5,7.33,7.34,3589410.0,26549484.0,243442363.0,0.014744393522009971,002199
2020-10-30,7.33,7.34,7.04,7.06,5943602.0,42432979.0,243442363.0,0.0244148221647027,002199
2020-11-02,7.05,7.05,6.88,6.92,2573010.0,17875771.0,243442363.0,0.010569277952662659,002199
2020-11-03,7.03,7.36,6.99,7.15,5276423.0,38015787.0,243442363.0,0.021674218632194268,002199
2020-11-04,7.16,7.25,7.05,7.13,3105413.0,22146271.0,243442363.0,0.012756255574137686,002199
2020-11-05,7.18,7.33,7.17,7.25,3299861.0,23919819.0,243442363.0,0.013554999053307744,002199
2020-11-06,7.29,7.31,7.12,7.15,2855903.0,20517697.0,243442363.0,0.011731331247388524,002199
2020-11-09,7.22,7.49,7.19,7.43,5226035.0,38543015.0,243442363.0,0.02146723740107633,002199
2020-11-10,7.42,7.42,7.3,7.33,2993503.0,22006623.0,243442363.0,0.012296557440169113,002199
2020-11-11,7.34,7.36,7.17,7.2,2201989.0,15913538.0,243442363.0,0.009045216998653599,002199
2020-11-12,7.19,7.26,7.16,7.23,2173901.0,15675660.0,243442363.0,0.008929838558952864,002199
2020-11-13,7.2,7.34,7.09,7.31,2442901.0,17680761.0,243442363.0,0.010034822903850962,002199
2020-11-16,7.32,7.33,7.23,7.32,2486200.0,18085002.0,243442363.0,0.010212684305894615,002199
2020-11-17,7.32,7.34,7.17,7.26,2613650.0,18883707.0,243442363.0,0.010736216851460647,002199
2020-11-18,7.26,7.44,7.24,7.37,2301700.0,16906655.0,243442363.0,0.009454804708743318,002199
2020-11-19,7.36,7.52,7.3,7.46,3477100.0,25964732.0,243442363.0,0.01428305228864378,002199
2020-11-20,7.45,7.49,7.35,7.47,2220810.0,16485165.0,243442363.0,0.00912252893306002,002199
2020-11-23,7.45,7.55,7.38,7.48,2290990.0,17088816.0,243442363.0,0.009410810722372097,002199
2020-11-24,7.47,7.53,7.42,7.46,1948522.0,14568603.0,243442363.0,0.008004038311113501,002199
2020-11-25,7.46,7.49,7.32,7.33,2416911.0,17913054.0,243442363.0,0.009928062520490733,002199
2020-11-26,7.33,7.44,7.25,7.25,1970927.0,14421484.0,243442363.0,0.00809607241612258,002199
2020-11-27,7.27,7.32,7.15,7.28,2179600.0,15759817.0,243442363.0,0.008953248617620426,002199
2020-11-30,7.3,7.44,7.24,7.35,2439200.0,17932702.0,243442363.0,0.010019620126674502,002199
2020-12-01,7.33,7.54,7.31,7.49,2674001.0,19957782.0,243442363.0,0.010984123580824756,002199
2020-12-02,7.55,7.8,7.51,7.68,7058283.0,54158011.0,243442363.0,0.028993651363793244,002199
2020-12-03,7.59,7.74,7.57,7.6,4280800.0,32705803.0,243442363.0,0.017584449753307727,002199
2020-12-04,7.59,8.14,7.54,7.96,10310470.0,81477448.0,243442363.0,0.04235281761539589,002199
2020-12-07,7.91,8.08,7.78,7.91,7057633.0,55812139.0,243442363.0,0.028990981327272115,002199
2020-12-08,7.84,7.91,7.73,7.81,4129972.0,32250333.0,243442363.0,0.01696488626344791,002199
2020-12-09,7.79,7.79,7.46,7.5,5236767.0,39900101.0,243442363.0,0.02151132175791442,002199
2020-12-10,7.49,7.72,7.37,7.6,3867761.0,29168634.0,243442363.0,0.015887789423075883,002199
2020-12-11,7.6,7.67,7.3,7.36,4241158.0,31537849.0,243442363.0,0.017421610387506795,002199
2020-12-14,7.36,7.37,7.23,7.31,2013333.0,14693507.0,243442363.0,0.00827026559876105,002199
2020-12-15,7.28,7.49,7.25,7.43,2582079.0,19025887.0,243442363.0,0.010606531123755154,002199
2020-12-16,7.39,7.46,7.06,7.07,4003114.0,28821852.0,243442363.0,0.016443785504990354,002199
2020-12-17,7.03,7.19,6.95,7.12,2934814.0,20725742.0,243442363.0,0.012055477788802107,002199
2020-12-18,7.13,7.2,7.02,7.12,2119850.0,15064389.0,243442363.0,0.00870781064510124,002199
2020-12-21,7.08,7.35,7.05,7.24,2420200.0,17472939.0,243442363.0,0.009941572905287648,002199
2020-12-22,7.24,7.24,7.0,7.04,3093381.0,21916790.0,243442363.0,0.012706831144257337,002199
2020-12-23,7.04,7.08,6.95,7.01,2257705.0,15863359.0,243442363.0,0.009274084313747809,002199
2020-12-24,7.06,7.2,6.97,7.05,2317827.0,16360217.0,243442363.0,0.009521050368706782,002199
2020-12-25,7.03,7.08,6.93,6.99,1807710.0,12673027.0,243442363.0,0.007425618030170041,002199
2020-12-28,6.99,6.99,6.75,6.87,3039400.0,20760508.0,243442363.0,0.012485090772800295,002199
2020-12-29,6.85,7.07,6.82,6.92,2037100.0,14169101.0,243442363.0,0.008367894457219017,002199
2020-12-30,6.88,6.92,6.83,6.88,1340090.0,9205356.0,243442363.0,0.00550475267938473,002199
2020-12-31,6.88,7.03,6.88,6.96,1524448.0,10605732.0,243442363.0,0.006262048976249874,002199
2021-01-04,6.97,7.03,6.94,7.02,2219527.0,15531708.0,243442363.0,0.00911725869174216,002199
2021-01-05,7.03,7.06,6.89,6.94,2367700.0,16458642.0,243442363.0,0.009725916109350285,002199
2021-01-06,6.95,6.95,6.57,6.6,4573972.0,30470639.0,243442363.0,0.01878872659480388,002199
2021-01-07,6.6,6.6,6.2,6.21,4698200.0,29642210.0,243442363.0,0.0192990239747221,002199
2021-01-08,6.2,6.4,5.98,6.26,2874450.0,17811216.0,243442363.0,0.011807517658707576,002199
2021-01-11,6.25,6.3,6.0,6.02,2611558.0,15998556.0,243442363.0,0.010727623441611106,002199
2021-01-12,6.06,6.18,6.0,6.05,2161800.0,13096254.0,243442363.0,0.008880130694426426,002199
2021-01-13,6.06,6.06,5.8,5.93,2572735.0,15190918.0,243442363.0,0.010568148321826797,002199
2021-01-14,5.9,6.06,5.83,5.91,2222511.0,13206399.0,243442363.0,0.00912951621324839,002199
2021-01-15,5.91,6.03,5.9,6.02,2282703.0,13649292.0,243442363.0,0.009376769810601945,002199
2021-01-18,6.03,6.3,5.98,6.19,2710952.0,16704228.0,243442363.0,0.011135908995428212,002199
2021-01-19,6.19,6.29,6.18,6.23,2376169.0,14797418.0,243442363.0,0.009760704631346352,002199
2021-01-20,6.24,6.29,6.15,6.2,1466100.0,9103918.0,243442363.0,0.006022370067119337,002199
2021-01-21,6.19,6.29,6.14,6.25,1695401.0,10546565.0,243442363.0,0.006964280904552343,002199
2021-01-22,6.24,6.24,6.08,6.15,2066329.0,12667186.0,243442363.0,0.008487959837951458,002199
2021-01-25,6.09,6.11,5.95,6.0,1694100.0,10172067.0,243442363.0,0.006958936723761591,002199
2021-01-26,6.34,6.34,6.02,6.14,2998501.0,18477827.0,243442363.0,0.01231708796714235,002199
2021-01-27,6.04,6.12,5.89,5.99,2174168.0,12975541.0,243442363.0,0.008930935327800774,002199
2021-01-28,5.91,6.13,5.9,5.97,2097302.0,12649783.0,243442363.0,0.008615189132057513,002199
2021-01-29,6.03,6.03,5.8,5.82,1982200.0,11638018.0,243442363.0,0.008142379064895948,002199
2021-02-01,5.88,5.89,5.62,5.66,2121911.0,12099394.0,243442363.0,0.008716276714747466,002199
2021-02-02,5.65,5.71,5.5,5.65,1803202.0,10091515.0,243442363.0,0.007407100299958886,002199
2021-02-03,5.79,5.9,5.21,5.56,2464832.0,14036334.0,243442363.0,0.010124909936073862,002199
2021-02-04,5.42,5.5,5.24,5.28,3021594.0,16120888.0,243442363.0,0.012411948203115331,002199
2021-02-05,5.45,5.45,5.24,5.24,1750273.0,9371516.0,243442363.0,0.007189681279917579,002199
2021-02-08,5.19,5.41,5.17,5.37,2253501.0,11890183.0,243442363.0,0.009256815339078845,002199
2021-02-09,5.44,5.44,5.22,5.3,2633212.0,13963806.0,243442363.0,0.010816572627501155,002199
2021-02-10,5.25,5.33,5.24,5.32,1499026.0,7930261.0,243442363.0,0.006157621794034262,002199
2021-02-18,5.37,5.68,5.36,5.52,3162182.0,17380516.0,243442363.0,0.012989448348396125,002199
2021-02-19,5.52,5.83,5.49,5.78,2600185.0,14802870.0,243442363.0,0.010680906017988332,002199
2021-02-22,5.83,6.09,5.81,5.97,3402208.0,20408736.0,243442363.0,0.013975414788427764,002199
2021-02-23,5.99,5.99,5.81,5.87,1621668.0,9557654.0,243442363.0,0.006661404284840925,002199
2021-02-24,5.98,6.13,5.9,6.06,3477869.0,21050031.0,243442363.0,0.014286211147235701,002199
2021-02-25,6.08,6.1,5.94,5.96,2454501.0,14676081.0,243442363.0,0.010082472786381884,002199
2021-02-26,5.86,6.07,5.82,5.98,1537110.0,9198245.0,243442363.0,0.006314061287681471,002199
2021-03-01,5.98,6.07,5.97,6.0,1973467.0,11857514.0,243442363.0,0.008106506097297454,002199
2021-03-02,6.09,6.09,5.96,6.0,2357185.0,14196742.0,243442363.0,0.009682723133935403,002199
2021-03-03,5.98,6.05,5.98,6.0,1979914.0,11893377.0,243442363.0,0.008132988751838561,002199
2021-03-04,5.93,6.06,5.93,5.97,1926800.0,11570814.0,243442363.0,0.007914809798325857,002199
2021-03-05,5.96,6.13,5.96,6.09,2486893.0,15046130.0,243442363.0,0.01021553097560099,002199
2021-03-08,6.12,6.25,6.05,6.07,2317222.0,14227423.0,243442363.0,0.009518565180867885,002199
2021-03-09,6.08,6.17,5.81,5.92,2199621.0,13143639.0,243442363.0,0.009035489850219701,002199
2021-03-10,5.99,6.02,5.73,5.74,1798210.0,10469130.0,243442363.0,0.007386594419476614,002199
2021-03-11,5.75,5.88,5.62,5.88,2116651.0,12151589.0,243442363.0,0.008694669957668788,002199
2021-03-12,5.87,5.94,5.73,5.94,1972150.0,11477492.0,243442363.0,0.008101096192530795,002199
2021-03-15,5.93,5.97,5.83,5.97,1403700.0,8293236.0,243442363.0,0.00576604656109093,002199
2021-03-16,6.0,6.05,5.92,5.97,2587600.0,15452550.0,243442363.0,0.010629210003190776,002199
2021-03-17,5.99,6.01,5.93,5.98,2066058.0,12349532.0,243442363.0,0.008486846638109571,002199
2021-03-18,5.95,6.0,5.88,5.9,1584662.0,9392432.0,243442363.0,0.006509392944070297,002199
2021-03-19,5.88,5.99,5.83,5.89,1289580.0,7641133.0,243442363.0,0.005297270302950518,002199
2021-03-22,5.93,5.96,5.88,5.96,1371301.0,8137672.0,243442363.0,0.005632959617632368,002199
2021-03-23,5.96,6.56,5.87,6.56,4859028.0,30833048.0,243442363.0,0.019959664949522365,002199
2021-03-24,7.22,7.22,7.22,7.22,2118200.0,15293404.0,243442363.0,0.008701032860086064,002199
2021-03-25,7.94,7.94,6.66,6.78,21924231.0,156043821.0,243442363.0,0.09005922687334414,002199
2021-03-26,6.57,6.76,6.38,6.59,12565090.0,81861118.0,243442363.0,0.051614229525039565,002199
2021-03-29,6.48,6.55,6.38,6.42,8552600.0,55384601.0,243442363.0,0.035131929770169046,002199
2021-03-30,6.45,6.5,6.18,6.25,6306724.0,39354687.0,243442363.0,0.025906436013357296,002199
2021-03-31,6.2,6.32,6.14,6.23,4710353.0,29286058.0,243442363.0,0.019348945442170227,002199
2021-04-01,6.24,6.27,6.09,6.13,4402151.0,27071203.0,243442363.0,0.018082929140808578,002199
2021-04-02,6.13,6.31,6.07,6.31,6463663.0,40293865.0,243442363.0,0.02655110195426422,002199
2021-04-06,6.3,6.32,6.21,6.28,4971152.0,31159879.0,243442363.0,0.02042024214166866,002199
2021-04-07,6.25,6.27,6.17,6.24,4352351.0,27017091.0,243442363.0,0.01787836326580514,002199
2021-04-08,6.21,6.3,6.08,6.09,5231000.0,32410583.0,243442363.0,0.021487632372349262,002199
2021-04-09,6.03,6.28,6.02,6.16,6007875.0,36824524.0,243442363.0,0.02467883948366045,002199
2021-04-12,6.16,6.78,6.15,6.78,14552281.0,95445740.0,243442363.0,0.05977711036266929,002199
2021-04-13,6.8,7.24,6.59,6.77,21847552.0,151906641.0,243442363.0,0.08974424882656927,002199
2021-04-14,6.66,6.95,6.61,6.8,11968401.0,81324904.0,243442363.0,0.049163181183876366,002199
2021-04-15,6.59,6.83,6.51,6.69,8938716.0,59695599.0,243442363.0,0.036717997187695715,002199
2021-04-16,6.57,7.06,6.57,6.98,11283158.0,77325553.0,243442363.0,0.046348375282571505,002199
2021-04-19,6.86,6.88,6.7,6.79,9629750.0,65376387.0,243442363.0,0.03955659106052959,002199
2021-04-20,6.8,6.92,6.65,6.77,6690161.0,45307095.0,243442363.0,0.02748149877266842,002199
2021-04-21,6.71,6.74,6.55,6.55,5953117.0,39522473.0,243442363.0,0.024453907391623536,002199
2021-04-22,6.68,6.78,6.55,6.7,4542902.0,30179187.0,243442363.0,0.018661098849093904,002199
2021-04-23,6.66,6.66,6.5,6.63,3796450.0,24974664.0,243442363.0,0.015594861770217043,002199
2021-04-26,6.62,6.63,6.45,6.52,4008034.0,26089583.0,243442363.0,0.016463995627581055,002199
2021-04-27,6.4,6.5,6.26,6.32,3128400.0,19863537.0,243442363.0,0.012850680388770299,002199
2021-04-28,6.32,6.67,6.32,6.58,5405208.0,35219659.0,243442363.0,0.022203235021999848,002199
2021-04-29,6.55,6.85,6.4,6.7,7235308.0,48467770.0,243442363.0,0.029720825540951557,002199
2021-04-30,6.63,6.7,6.43,6.47,4174100.0,27233890.0,243442363.0,0.01714615298899313,002199
2021-05-06,6.47,6.78,6.47,6.7,6552410.0,43876175.0,243442363.0,0.026915652309865232,002199
2021-05-07,6.68,6.9,6.64,6.67,6260600.0,42331501.0,243442363.0,0.025716970221817965,002199
2021-05-10,6.7,6.84,6.53,6.82,5271075.0,35306951.0,243442363.0,0.021652250393248113,002199
2021-05-11,6.79,6.88,6.7,6.77,3814596.0,25849354.0,243442363.0,0.015669400974389982,002199
2021-05-12,6.73,6.89,6.63,6.89,5103317.0,34744341.0,243442363.0,0.020963142721384116,002199
2021-05-13,6.83,6.94,6.67,6.71,5089150.0,34558707.0,243442363.0,0.02090494824846898,002199
2021-05-14,6.72,6.84,6.62,6.66,4439150.0,29858849.0,243442363.0,0.018234911727339747,002199
2021-05-17,6.64,6.64,6.37,6.37,5925600.0,38312566.0,243442363.0,0.0243408744763129,002199
2021-05-18,6.37,6.8,6.36,6.77,6313754.0,41706921.0,243442363.0,0.025935313485270433,002199
2021-05-19,6.74,6.75,6.55,6.6,3734454.0,24639787.0,243442363.0,0.015340197794580231,002199
2021-05-20,6.55,6.85,6.51,6.79,5210754.0,34898058.0,243442363.0,0.021404466896338827,002199
2021-05-21,6.76,6.96,6.69,6.9,6560684.0,45117062.0,243442363.0,0.02694963982090496,002199
2021-05-24,6.85,7.17,6.84,7.15,8640078.0,61008606.0,243442363.0,0.03549126739293111,002199
2021-05-25,7.15,7.28,6.97,7.07,6719402.0,47561539.0,243442363.0,0.02760161344638279,002199
2021-05-26,7.05,7.11,6.99,7.05,3691500.0,25983656.0,243442363.0,0.015163753565767024,002199
2021-05-27,7.07,7.17,7.0,7.1,4251300.0,30213447.0,243442363.0,0.0174632711727334,002199
2021-05-28,7.03,7.11,7.03,7.06,3211800.0,22709894.0,243442363.0,0.01319326661317365,002199
2021-05-31,7.09,7.15,7.0,7.06,3230200.0,22808102.0,243442363.0,0.013268849185464076,002199
2021-06-01,7.05,7.17,7.0,7.15,4421867.0,31418634.0,243442363.0,0.01816391751011717,002199
2021-06-02,7.15,7.15,6.96,6.98,3770100.0,26498085.0,243442363.0,0.015486622597398959,002199
2021-06-03,6.99,7.25,6.94,7.16,8044710.0,57285337.0,243442363.0,0.03304564538752855,002199
2021-06-04,7.1,7.23,7.04,7.16,5825201.0,41537774.0,243442363.0,0.023928460635259278,002199
2021-06-07,7.15,7.46,7.1,7.35,7736763.0,56641053.0,243442363.0,0.03178067656203288,002199
2021-06-08,7.31,7.43,7.28,7.36,4089513.0,30020302.0,243442363.0,0.016798690867127347,002199
2021-06-09,7.36,7.67,7.33,7.59,6558912.0,49413440.0,243442363.0,0.026942360890573513,002199
2021-06-10,7.51,7.64,7.44,7.63,5274611.0,39753309.0,243442363.0,0.021666775391923056,002199
2021-06-11,7.68,7.69,7.4,7.4,6060959.0,45637083.0,243442363.0,0.024896895204718335,002199
2021-06-15,7.34,7.5,7.13,7.14,7883505.0,57712741.0,243442363.0,0.03238345579154603,002199
2021-06-16,7.21,7.35,7.11,7.15,5269102.0,37996373.0,243442363.0,0.02164414580546936,002199
2021-06-17,7.17,7.33,7.03,7.19,4615800.0,33196866.0,243442363.0,0.018960545498812792,002199
2021-06-18,7.18,7.36,7.09,7.32,3375908.0,24331901.0,243442363.0,0.013867381003034382,002199
2021-06-21,7.41,7.44,7.25,7.32,3872801.0,28404612.0,243442363.0,0.015908492475485873,002199
2021-06-22,7.32,7.32,7.1,7.11,4484909.0,32150527.0,243442363.0,0.01842287819067875,002199
2021-06-23,7.11,7.45,7.08,7.43,6423100.0,46879627.0,243442363.0,0.026384479352100275,002199
2021-06-24,7.58,7.7,7.17,7.19,7845508.0,57854643.0,243442363.0,0.0322273736720178,002199
2021-06-25,7.12,7.25,6.98,7.11,5749500.0,40836517.0,243442363.0,0.02361749996651158,002199
2021-06-28,7.07,7.14,7.02,7.06,4042001.0,28609624.0,243442363.0,0.01660352352067828,002199
2021-06-29,7.06,7.09,6.87,6.94,5909000.0,41024062.0,243442363.0,0.024272685851311752,002199
2021-06-30,6.94,7.21,6.93,7.09,6020000.0,42683330.0,243442363.0,0.024728645934150747,002199
2021-07-01,7.05,7.14,6.86,6.87,5571000.0,38890675.0,243442363.0,0.02288426686032455,002199
2021-07-02,6.86,6.97,6.8,6.94,2666400.0,18387455.0,243442363.0,0.01095290058452152,002199
2021-07-05,6.94,7.34,6.93,7.32,6882201.0,49340562.0,243442363.0,0.028270350793464818,002199
2021-07-06,7.3,7.65,7.24,7.53,9134101.0,68476720.0,243442363.0,0.0375205896272047,002199
2021-07-07,7.45,8.09,7.45,7.97,14580690.0,114184055.0,243442363.0,0.059893807389636615,002199
2021-07-08,7.97,8.16,7.84,7.88,13603465.0,108690416.0,243442363.0,0.05587961286754352,002199
2021-07-09,7.82,8.22,7.8,8.21,10133875.0,82220570.0,243442363.0,0.04162740977009002,002199
2021-07-12,8.23,8.85,8.13,8.77,15487198.0,132981530.0,243442363.0,0.06361751426147634,002199
2021-07-13,8.67,8.78,8.38,8.41,10821702.0,92032567.0,243442363.0,0.04445283009350349,002199
2021-07-14,8.46,8.65,8.35,8.41,6504436.0,54989693.0,243442363.0,0.026718587183611916,002199
2021-07-15,8.34,8.42,8.07,8.16,5788102.0,47403035.0,243442363.0,0.023776067273878706,002199
2021-07-16,8.2,8.29,8.08,8.08,5242828.0,42789237.0,243442363.0,0.021536218821536824,002199
2021-07-19,8.05,8.18,7.92,8.09,4553510.0,36831358.0,243442363.0,0.01870467384511873,002199
2021-07-20,8.01,8.16,8.01,8.12,3577400.0,28985726.0,243442363.0,0.014695059462596492,002199
2021-07-21,8.18,8.35,8.11,8.27,5737600.0,47174269.0,243442363.0,0.023568617759432444,002199
2021-07-22,8.36,8.68,8.2,8.51,8753028.0,73942390.0,243442363.0,0.03595523758533349,002199
2021-07-23,8.51,8.67,8.25,8.28,7746101.0,65525162.0,243442363.0,0.031819034717470274,002199
2021-07-26,8.26,8.34,7.94,8.12,6477100.0,52751928.0,243442363.0,0.026606297770778702,002199
2021-07-27,8.16,8.64,8.06,8.14,7640200.0,63690807.0,243442363.0,0.03138402004420241,002199
2021-07-28,8.1,8.32,7.52,7.74,7326300.0,57666652.0,243442363.0,0.030094597791921696,002199
2021-07-29,7.78,8.34,7.78,8.34,6948303.0,56919635.0,243442363.0,0.028541881184418177,002199
2021-07-30,8.13,8.55,8.13,8.23,6217812.0,51664963.0,243442363.0,0.02554120787925477,002199
2021-08-02,8.23,8.6,8.2,8.39,5749200.0,48259822.0,243442363.0,0.023616267641963368,002199
2021-08-03,8.41,8.42,8.02,8.02,5477370.0,44970827.0,243442363.0,0.02249965836882712,002199
2021-08-04,8.01,8.24,8.0,8.16,3784700.0,30848303.0,243442363.0,0.015546595725412015,002199
2021-08-05,8.16,8.31,8.04,8.21,4732734.0,38798871.0,243442363.0,0.019440880961215448,002199
2021-08-06,8.21,8.33,8.02,8.3,3960250.0,32286088.0,243442363.0,0.01626771097354161,002199
2021-08-09,8.36,8.57,8.21,8.32,5847100.0,48708515.0,243442363.0,0.02401841621953037,002199
2021-08-10,8.25,8.75,8.24,8.6,6794958.0,57343931.0,243442363.0,0.027911978491598852,002199
2021-08-11,8.79,8.79,8.28,8.38,13582962.0,114518273.0,243442363.0,0.055795391700170116,002199
2021-08-12,8.31,8.66,8.28,8.51,11891203.0,101327560.0,243442363.0,0.04884607121563308,002199
2021-08-13,8.45,8.46,8.2,8.34,7442740.0,61980658.0,243442363.0,0.030572904026568294,002199
2021-08-16,8.29,8.33,8.09,8.1,5824568.0,47730720.0,243442363.0,0.023925860430462548,002199
2021-08-17,8.05,8.13,7.85,7.94,5243334.0,41879278.0,243442363.0,0.02153829734227481,002199
2021-08-18,7.94,7.96,7.73,7.73,5827215.0,45401861.0,243442363.0,0.023936733640726286,002199
2021-08-19,7.72,7.79,7.67,7.74,3265109.0,25265295.0,243442363.0,0.013412246577642692,002199
2021-08-20,7.73,7.84,7.55,7.81,3368900.0,26043083.0,243442363.0,0.013838593901588115,002199
2021-08-23,7.82,8.08,7.82,8.05,5301800.0,42462844.0,243442363.0,0.021778460965727647,002199
2021-08-24,8.07,8.2,8.02,8.18,5291015.0,42961556.0,243442363.0,0.02173415889821937,002199
2021-08-25,8.17,8.22,8.06,8.19,3894045.0,31669901.0,243442363.0,0.01599575748449336,002199
2021-08-26,8.15,8.18,8.05,8.06,3511636.0,28465935.0,243442363.0,0.014424917490634117,002199
2021-08-27,8.06,8.12,7.89,7.93,3832702.0,30574009.0,243442363.0,0.01574377586862316,002199
2021-08-30,7.98,8.72,7.98,8.72,13925691.0,118783578.0,243442363.0,0.057203236233785655,002199
2021-08-31,8.88,8.97,8.24,8.43,19324484.0,164386536.0,243442363.0,0.0793801200491962,002199
2021-09-01,8.48,8.52,7.93,8.01,11583842.0,93949564.0,243442363.0,0.04758350953075492,002199
2021-09-02,7.85,8.01,7.74,8.0,7744800.0,60939785.0,243442363.0,0.03181369053667952,002199
2021-09-03,8.04,8.56,7.89,8.5,14962545.0,124269618.0,243442363.0,0.06146237169083016,002199
2021-09-06,8.5,8.69,8.29,8.45,10044457.0,85225766.0,243442363.0,0.041260103115249504,002199
2021-09-07,8.79,8.8,8.32,8.41,7914396.0,66730784.0,243442363.0,0.03251034825027557,002199
2021-09-08,8.61,8.95,8.36,8.81,15203928.0,132954399.0,243442363.0,0.06245391234556822,002199
2021-09-09,8.71,8.8,8.42,8.54,9059787.0,77432753.0,243442363.0,0.03721532640561823,002199
2021-09-10,8.5,8.58,8.33,8.34,6306815.0,52997827.0,243442363.0,0.025906809818470256,002199
2021-09-13,8.33,8.39,8.21,8.24,5339741.0,44160670.0,243442363.0,0.021934313051340207,002199
2021-09-14,8.26,8.33,8.07,8.13,5989676.0,49083451.0,243442363.0,0.024604082568817326,002199
2021-09-15,8.11,8.42,8.03,8.36,6625333.0,54840657.0,243442363.0,0.027215201653296474,002199
2021-09-16,8.37,8.43,8.08,8.1,5623365.0,46252314.0,243442363.0,0.023099369110215217,002199
2021-09-17,8.1,8.14,7.8,8.14,5692964.0,45558409.0,243442363.0,0.023385264297652253,002199
2021-09-22,8.08,8.1,7.9,7.93,4902000.0,39077761.0,243442363.0,0.020136183117808466,002199
2021-09-23,7.94,8.12,7.94,7.96,4462652.0,35809870.0,243442363.0,0.018331452032446793,002199
2021-09-24,7.95,8.02,7.55,7.59,7640400.0,59046049.0,243442363.0,0.03138484159390122,002199
2021-09-27,7.59,7.71,7.07,7.16,7563213.0,55254468.0,243442363.0,0.031067776810891373,002199
2021-09-28,7.14,7.4,7.14,7.32,3966400.0,28901455.0,243442363.0,0.016292973626779988,002199
2021-09-29,7.29,7.38,7.15,7.2,4562335.0,33202975.0,243442363.0,0.01874092472557868,002199
2021-09-30,7.21,7.53,7.21,7.47,3757800.0,27822943.0,243442363.0,0.015436097290922204,002199
2021-10-08,7.51,7.82,7.49,7.72,4228100.0,32608991.0,243442363.0,0.017367971407671556,002199
2021-10-11,7.73,7.9,7.58,7.63,3176401.0,24386805.0,243442363.0,0.013047856424232951,002199
2021-10-12,7.65,7.7,7.35,7.47,3310700.0,24769929.0,243442363.0,0.013599522939234696,002199
2021-10-13,7.44,7.49,7.32,7.45,2529289.0,18722218.0,243442363.0,0.01038968308075452,002199
2021-10-14,7.47,7.61,7.32,7.54,2642488.0,19789611.0,243442363.0,0.010854676102531916,002199
2021-10-15,7.57,8.29,7.57,8.29,11992561.0,97376812.0,243442363.0,0.049262424387492496,002199
2021-10-18,8.47,8.5,8.19,8.39,24086844.0,201119705.0,243442363.0,0.09894269716729623,002199
2021-10-19,8.22,8.39,8.05,8.3,11895100.0,98518209.0,243442363.0,0.04886207911151438,002199
2021-10-20,8.36,8.53,8.22,8.46,13018163.0,109489355.0,243442363.0,0.053475339458482006,002199
2021-10-21,8.41,8.47,8.24,8.39,9325301.0,78012756.0,243442363.0,0.038305991139266096,002199
2021-10-22,8.31,8.45,8.2,8.22,5713050.0,47448629.0,243442363.0,0.02346777253390364,002199
2021-10-25,8.3,8.3,7.91,8.16,6117058.0,49432175.0,243442363.0,0.025127335787485765,002199
2021-10-26,8.11,8.23,7.99,8.08,4725800.0,38235986.0,243442363.0,0.01941239783315774,002199
2021-10-27,8.06,8.13,7.8,7.87,5888856.0,46523496.0,243442363.0,0.02418993936564771,002199
2021-10-28,7.79,7.99,7.6,7.63,5530600.0,42853964.0,243442363.0,0.022718313821165136,002199
2021-10-29,7.63,7.78,7.43,7.66,5581812.0,42848406.0,243442363.0,0.022928679837042165,002199
2021-11-01,7.73,7.85,7.64,7.71,5572714.0,43205690.0,243442363.0,0.022891307541243345,002199
2021-11-02,7.76,7.93,7.5,7.58,7237015.0,55888236.0,243442363.0,0.02972783746763089,002199
2021-11-03,7.55,7.86,7.46,7.58,5391900.0,41094540.0,243442363.0,0.022148569105041097,002199
2021-11-04,7.59,7.71,7.57,7.71,4767700.0,36528243.0,243442363.0,0.019584512495058225,002199
2021-11-05,7.78,7.84,7.67,7.73,5493800.0,42632279.0,243442363.0,0.02256714867658428,002199
2021-11-08,7.7,7.73,7.47,7.56,5605800.0,42318868.0,243442363.0,0.02302721650791732,002199
2021-11-09,7.55,7.71,7.52,7.67,4169078.0,31784474.0,243442363.0,0.017125523876056033,002199
2021-11-10,7.66,7.82,7.6,7.81,6068806.0,46911458.0,243442363.0,0.024929128707151103,002199
2021-11-11,7.81,8.01,7.77,7.93,6127691.0,48451557.0,243442363.0,0.025171013477222944,002199
2021-11-12,7.92,8.15,7.87,8.13,5920800.0,47725077.0,243442363.0,0.024321157283541485,002199
2021-11-15,8.14,8.38,8.1,8.29,7719297.0,63885960.0,243442363.0,0.03170893062683589,002199
2021-11-16,8.37,8.43,8.21,8.23,9101778.0,75584570.0,243442363.0,0.03738781487263168,002199
2021-11-17,8.29,8.49,8.21,8.47,7991500.0,67108611.0,243442363.0,0.03282707209016041,002199
2021-11-18,8.46,8.7,8.4,8.53,9255000.0,79182757.0,243442363.0,0.03801721231238624,002199
2021-11-19,8.42,8.74,8.39,8.68,8083700.0,69542363.0,243442363.0,0.03320580650131136,002199
2021-11-22,8.68,8.83,8.58,8.79,6110500.0,53350133.0,243442363.0,0.025100397172861815,002199
2021-11-23,8.73,9.6,8.68,9.34,17714936.0,163702181.0,243442363.0,0.0727685016761031,002199
2021-11-24,9.29,9.32,9.05,9.09,10145000.0,93001743.0,243442363.0,0.041673108472086266,002199
2021-11-25,9.05,9.17,8.94,9.03,8633300.0,78095473.0,243442363.0,0.03546342507363848,002199
2021-11-26,9.03,9.03,8.73,8.89,8353250.0,73819400.0,243442363.0,0.03431305010788118,002199
2021-11-29,8.73,8.9,8.65,8.77,5761600.0,50435917.0,243442363.0,0.023667203723289523,002199
2021-11-30,8.74,8.94,8.72,8.81,6397500.0,56505356.0,243442363.0,0.026279320990652725,002199
2021-12-01,8.75,8.97,8.74,8.92,5976400.0,53121004.0,243442363.0,0.024549548099810387,002199
2021-12-02,8.88,8.97,8.6,8.65,5609700.0,48943030.0,243442363.0,0.023043236727044093,002199
2021-12-03,8.67,8.79,8.61,8.64,3637200.0,31578876.0,243442363.0,0.014940702822540381,002199
2021-12-06,8.64,8.64,8.26,8.3,7020300.0,58891586.0,243442363.0,0.028837626752743935,002199
2021-12-07,8.38,8.42,8.03,8.09,6739400.0,54836943.0,243442363.0,0.0276837602007667,002199
2021-12-08,8.09,8.24,8.09,8.12,5392300.0,43949210.0,243442363.0,0.022150212204438715,002199
2021-12-09,8.12,8.25,8.1,8.17,4831700.0,39506998.0,243442363.0,0.019847408398677102,002199
2021-12-10,8.14,8.25,8.11,8.23,5449300.0,44678341.0,243442363.0,0.02238435386859928,002199
2021-12-13,8.23,8.29,8.09,8.12,5911115.0,48117184.0,243442363.0,0.02428137373937666,002199
2021-12-14,8.08,8.21,7.99,8.14,5058300.0,41127336.0,243442363.0,0.020778224207427694,002199
2021-12-15,8.14,8.19,8.1,8.12,4639502.0,37788243.0,243442363.0,0.019057907353618647,002199
2021-12-16,8.1,8.24,8.1,8.2,5070200.0,41401851.0,243442363.0,0.02082710641450683,002199
2021-12-17,8.21,8.21,7.99,8.01,7713300.0,62087179.0,243442363.0,0.0316842964591171,002199
2021-12-20,8.01,8.05,7.87,7.88,4965790.0,39545220.0,243442363.0,0.020398216394243593,002199
2021-12-21,7.89,8.15,7.89,8.09,5513367.0,44359014.0,243442363.0,0.022647524991367258,002199
2021-12-22,8.18,8.19,8.1,8.14,4945967.0,40282804.0,243442363.0,0.02031678849584614,002199
2021-12-23,8.15,8.17,8.04,8.04,4319400.0,34957537.0,243442363.0,0.017743008845177863,002199
2021-12-24,8.05,8.15,7.85,7.86,5492279.0,43683033.0,243442363.0,0.022560900791124838,002199
2021-12-27,7.86,7.99,7.79,7.87,3548900.0,28042599.0,243442363.0,0.01457798863051621,002199
2021-12-28,7.87,7.98,7.87,7.95,3776500.0,29963694.0,243442363.0,0.015512912187760845,002199
2021-12-29,7.95,7.95,7.82,7.88,3445850.0,27171243.0,243442363.0,0.014154685148204876,002199
2021-12-30,7.87,8.08,7.85,8.02,4392100.0,35147893.0,243442363.0,0.018041642160694933,002199
2021-12-31,8.02,8.33,8.01,8.2,7312601.0,59856903.0,243442363.0,0.030038325745301773,002199
2022-01-04,8.28,8.4,8.24,8.3,7495302.0,62191111.0,243442363.0,0.030788815502912285,002199
2022-01-05,8.3,8.35,8.08,8.14,5552201.0,45356107.0,243442363.0,0.022807045296385,002199
2022-01-06,8.11,8.23,8.1,8.2,5343400.0,43675755.0,243442363.0,0.021949343303079915,002199
2022-01-07,8.2,8.22,7.86,7.89,5327676.0,42706928.0,243442363.0,0.021884753065759554,002199
2022-01-10,7.85,8.08,7.72,8.05,5235700.0,41520557.0,243442363.0,0.021506938790271272,002199
2022-01-11,8.09,8.15,7.96,8.06,4124900.0,33135897.0,243442363.0,0.016944051763086113,002199
2022-01-12,8.0,8.21,8.0,8.15,5751900.0,46640636.0,243442363.0,0.02362735856289729,002199
2022-01-13,8.15,8.24,8.1,8.13,5055914.0,41260021.0,243442363.0,0.0207684231195209,002199
2022-01-14,8.12,8.28,8.06,8.09,4889000.0,39903990.0,243442363.0,0.02008278238738588,002199
2022-01-17,8.07,8.28,8.06,8.28,5843853.0,48017779.0,243442363.0,0.024005078360170205,002199
2022-01-18,8.28,8.31,8.04,8.06,5941429.0,48348583.0,243442363.0,0.02440589602722514,002199
2022-01-19,8.03,8.13,8.0,8.11,3370351.0,27177251.0,243442363.0,0.013844554244652973,002199
2022-01-20,8.1,8.11,7.66,7.7,8901926.0,69561056.0,243442363.0,0.0365668731205998,002199
2022-01-21,7.69,7.76,7.57,7.69,4840501.0,37120090.0,243442363.0,0.019883560693173194,002199
2022-01-24,7.67,7.76,7.59,7.66,3114547.0,23912369.0,243442363.0,0.012793775748882293,002199
2022-01-25,7.62,7.67,7.25,7.28,5025728.0,37231900.0,243442363.0,0.02064442662347966,002199
2022-01-26,7.34,7.38,7.22,7.32,3905504.0,28548193.0,243442363.0,0.016042828174486625,002199
2022-01-27,7.32,7.33,7.08,7.09,4027900.0,28811099.0,243442363.0,0.016545600159163752,002199
2022-01-28,7.1,7.3,7.05,7.23,3226700.0,23234107.0,243442363.0,0.013254472065734919,002199
2022-02-07,7.38,7.4,7.26,7.3,3768759.0,27578761.0,243442363.0,0.015481114106668444,002199
2022-02-08,7.3,7.44,7.24,7.44,3655829.0,26852658.0,243442363.0,0.015017226069235945,002199
2022-02-09,7.43,7.57,7.37,7.54,4322001.0,32466261.0,243442363.0,0.017753693099010873,002199
2022-02-10,7.52,7.57,7.44,7.53,3659968.0,27434793.0,243442363.0,0.015034228040252796,002199
2022-02-11,7.5,7.51,7.29,7.3,3124500.0,23018642.0,243442363.0,0.012834660169643523,002199
2022-02-14,7.3,7.41,7.25,7.34,2716800.0,19960796.0,243442363.0,0.011159931108621386,002199
2022-02-15,7.33,7.4,7.25,7.3,2491600.0,18242168.0,243442363.0,0.010234866147762459,002199
2022-02-16,7.37,7.54,7.36,7.5,4696400.0,35003199.0,243442363.0,0.019291630027432817,002199
2022-02-17,7.52,7.57,7.41,7.43,3937955.0,29496399.0,243442363.0,0.016176128720866878,002199
2022-02-18,7.43,7.49,7.38,7.48,2283246.0,17004813.0,243442363.0,0.009379000318034212,002199
2022-02-21,7.47,7.59,7.46,7.58,3943600.0,29706741.0,243442363.0,0.01619931696111576,002199
2022-02-22,7.57,7.57,7.4,7.5,3360200.0,25100481.0,243442363.0,0.013802856489689923,002199
2022-02-23,7.55,7.67,7.45,7.65,4158735.0,31618442.0,243442363.0,0.017083037433382128,002199
2022-02-24,7.6,7.71,7.31,7.43,5673503.0,42793302.0,243442363.0,0.023305323404209644,002199
2022-02-25,7.46,7.68,7.46,7.54,4507401.0,34146625.0,243442363.0,0.01851526966980681,002199
2022-02-28,7.51,7.59,7.35,7.43,3337400.0,24785460.0,243442363.0,0.013709199824025698,002199
2022-03-01,7.5,7.55,7.46,7.54,3322465.0,24942714.0,243442363.0,0.013647850600267136,002199
2022-03-02,7.47,7.56,7.45,7.56,2484100.0,18699678.0,243442363.0,0.01020405803405712,002199
2022-03-03,7.58,7.84,7.58,7.68,6083901.0,46872982.0,243442363.0,0.024991135170668713,002199
2022-03-04,7.61,7.75,7.56,7.57,3699800.0,28248107.0,243442363.0,0.015197847878267596,002199
2022-03-07,7.55,7.67,7.47,7.53,3271502.0,24742848.0,243442363.0,0.013438507413765122,002199
2022-03-08,7.51,7.59,7.28,7.35,2919400.0,21627622.0,243442363.0,0.011992160953514899,002199
2022-03-09,7.35,7.45,7.0,7.28,3418750.0,24838334.0,243442363.0,0.014043365164016256,002199
2022-03-10,7.39,7.49,7.35,7.41,3331300.0,24786598.0,243442363.0,0.013684142558212023,002199
2022-03-11,7.37,7.42,7.21,7.42,2970000.0,21654480.0,243442363.0,0.012200013027313574,002199
2022-03-14,7.4,7.45,7.31,7.33,3629200.0,26791978.0,243442363.0,0.01490784083458802,002199
2022-03-15,7.26,7.35,7.0,7.01,3752409.0,27013250.0,243442363.0,0.01541395241879081,002199
2022-03-16,7.06,7.25,6.9,7.21,2931235.0,20788068.0,243442363.0,0.01204077615694192,002199
2022-03-17,7.28,7.42,7.23,7.29,2617064.0,19182177.0,243442363.0,0.010750240704819317,002199
2022-03-18,7.21,7.46,7.21,7.44,3113163.0,22982370.0,243442363.0,0.012788090624966535,002199
2022-03-21,7.48,7.5,7.39,7.49,2328700.0,17351637.0,243442363.0,0.009565713918082532,002199
2022-03-22,7.49,7.62,7.41,7.49,2492484.0,18704531.0,243442363.0,0.010238497397431195,002199
2022-03-23,7.53,7.54,7.45,7.52,1989484.0,14928339.0,243442363.0,0.008172299904926572,002199
2022-03-24,7.49,7.49,7.39,7.4,2237900.0,16613624.0,243442363.0,0.009192730354823249,002199
2022-03-25,7.46,7.55,7.4,7.46,2588363.0,19358153.0,243442363.0,0.010632344215291733,002199
2022-03-28,7.41,7.48,7.31,7.41,2014451.0,14886077.0,243442363.0,0.008274858061577392,002199
2022-03-29,7.41,7.44,7.22,7.26,1940800.0,14197101.0,243442363.0,0.007972318277242487,002199
2022-03-30,7.22,7.36,7.21,7.3,1970501.0,14390014.0,243442363.0,0.008094322515264115,002199
2022-03-31,7.37,7.44,7.22,7.43,2837500.0,20959382.0,243442363.0,0.011655736351852615,002199
2022-04-01,7.34,7.48,7.34,7.37,2114605.0,15629819.0,243442363.0,0.008686265504249974,002199
2022-04-06,7.35,7.49,7.3,7.47,3283382.0,24404286.0,243442363.0,0.013487307465874376,002199
2022-04-07,7.46,7.46,7.25,7.26,2615199.0,19179833.0,243442363.0,0.010742579753877922,002199
2022-04-08,7.26,7.3,7.0,7.14,2622100.0,18673385.0,243442363.0,0.010770927326235328,002199
2022-04-11,7.09,7.13,6.91,6.94,2428616.0,16996809.0,243442363.0,0.009976143716613529,002199
2022-04-12,6.93,7.15,6.82,7.14,2459904.0,17176232.0,243442363.0,0.010104666951495209,002199
2022-04-13,7.13,7.15,7.0,7.04,1806000.0,12747877.0,243442363.0,0.007418593780245224,002199
2022-04-14,7.1,7.12,7.03,7.05,1244600.0,8791020.0,243442363.0,0.0051125037756883755,002199
2022-04-15,7.03,7.06,6.92,6.98,1875200.0,13114394.0,243442363.0,0.007702849976033136,002199
2022-04-18,6.9,6.91,6.65,6.87,3244905.0,22131414.0,243442363.0,0.013329253627069007,002199
2022-04-19,6.83,6.88,6.73,6.84,3192000.0,21759214.0,243442363.0,0.013111933192991558,002199
2022-04-20,6.82,6.97,6.78,6.82,2956500.0,20308472.0,243442363.0,0.012144558422643966,002199
2022-04-21,6.82,6.85,6.68,6.7,2800214.0,18952886.0,243442363.0,0.011502574841503655,002199
2022-04-22,6.99,7.37,6.54,6.57,12177648.0,85204897.0,243442363.0,0.050022715233009794,002199
2022-04-25,5.91,5.91,5.91,5.91,3304600.0,19530186.0,243442363.0,0.013574465673421023,002199
2022-04-26,5.45,6.1,5.34,5.58,9262209.0,51940382.0,243442363.0,0.03804682507127981,002199
2022-04-27,5.41,5.72,5.3,5.7,6025509.0,33417398.0,243442363.0,0.02475127552060444,002199
2022-04-28,5.65,5.78,5.56,5.66,4686211.0,26516569.0,243442363.0,0.019249776178026992,002199
2022-04-29,5.66,5.83,5.63,5.78,4201227.0,24116344.0,243442363.0,0.017257583882391087,002199
2022-05-05,5.8,5.92,5.73,5.84,2706426.0,15836687.0,243442363.0,0.011117317325744164,002199
2022-05-06,5.71,5.85,5.61,5.78,1746650.0,10072129.0,243442363.0,0.007174798907123654,002199
2022-05-09,5.76,5.91,5.75,5.83,1257779.0,7353726.0,243442363.0,0.0051666397930913936,002199
2022-05-10,5.8,5.92,5.73,5.92,2161100.0,12701283.0,243442363.0,0.008877255270480593,002199
2022-05-11,5.9,6.09,5.89,5.94,3266676.0,19619356.0,243442363.0,0.01341868341953286,002199
2022-05-12,5.95,6.06,5.88,5.97,2377555.0,14170237.0,243442363.0,0.0097663979707591,002199
2022-05-13,5.95,6.04,5.95,6.02,1867000.0,11214962.0,243442363.0,0.007669166438381967,002199
2022-05-16,6.02,6.17,6.02,6.08,2143200.0,13046360.0,243442363.0,0.00880372657243719,002199
2022-05-17,6.07,6.09,5.93,6.05,2166500.0,13006871.0,243442363.0,0.008899437112348437,002199
2022-05-18,6.08,6.24,6.02,6.17,2236700.0,13769869.0,243442363.0,0.009187801056630394,002199
2022-05-19,6.07,6.26,6.06,6.24,2705400.0,16778496.0,243442363.0,0.011113102775789275,002199
2022-05-20,6.24,6.37,6.21,6.33,2692600.0,16967338.0,243442363.0,0.011060523595065498,002199
2022-05-23,6.3,6.43,6.3,6.39,2223000.0,14157290.0,243442363.0,0.009131524902261979,002199
2022-05-24,6.38,6.46,6.12,6.13,2543800.0,15971155.0,243442363.0,0.010449290619151607,002199
2022-05-25,6.13,6.26,6.12,6.23,1867102.0,11583641.0,243442363.0,0.00766958542872836,002199
2022-05-26,6.23,6.35,6.09,6.28,2201200.0,13729061.0,243442363.0,0.009041975985091797,002199
2022-05-27,6.33,6.35,6.19,6.26,1410501.0,8853617.0,243442363.0,0.005793983358598931,002199
2022-05-30,6.25,6.33,6.22,6.26,1312900.0,8217041.0,243442363.0,0.005393062997831647,002199
2022-05-31,6.26,6.34,6.17,6.32,2254100.0,14102956.0,243442363.0,0.009259275880426777,002199
2022-06-01,6.35,6.51,6.28,6.45,2550900.0,16431001.0,243442363.0,0.010478455633459326,002199
2022-06-02,6.42,6.51,6.35,6.47,1461396.0,9401213.0,243442363.0,0.0060030472182033496,002199
2022-06-06,6.53,6.57,6.47,6.54,1608160.0,10500043.0,243442363.0,0.006605916818183366,002199
2022-06-07,6.55,6.6,6.38,6.46,1600200.0,10309235.0,243442363.0,0.006573219140170768,002199
2022-06-08,6.48,6.48,6.27,6.38,2236600.0,14260877.0,243442363.0,0.00918739028178099,002199
2022-06-09,6.35,6.41,6.23,6.25,1560500.0,9822780.0,243442363.0,0.006410141524957182,002199
2022-06-10,6.24,6.36,6.14,6.34,1317700.0,8312863.0,243442363.0,0.005412780190603063,002199
2022-06-13,6.39,6.39,6.26,6.3,2074005.0,13092228.0,243442363.0,0.008519490915391748,002199
2022-06-14,6.26,6.3,6.12,6.29,1790000.0,11112042.0,243442363.0,0.0073528698043405045,002199
2022-06-15,6.29,6.43,6.2,6.29,1606846.0,10211779.0,243442363.0,0.006600519236662191,002199
2022-06-16,6.28,6.42,6.27,6.38,1848900.0,11804103.0,243442363.0,0.007594816190639753,002199
2022-06-17,6.33,6.39,6.26,6.32,2065502.0,13055447.0,243442363.0,0.008484562729946883,002199
2022-06-20,6.33,6.43,6.32,6.42,1696100.0,10820795.0,243442363.0,0.0069671522207496814,002199
2022-06-21,6.48,6.48,6.35,6.44,1747767.0,11219169.0,243442363.0,0.007179387262191503,002199
2022-06-22,6.45,6.47,6.34,6.36,1417000.0,9070379.0,243442363.0,0.005820679616061729,002199
2022-06-23,6.37,6.56,6.36,6.55,2289739.0,14854771.0,243442363.0,0.009405671929006045,002199
2022-06-24,6.55,6.64,6.53,6.57,2223010.0,14639870.0,243442363.0,0.009131565979746918,002199
2022-06-27,6.6,6.65,6.54,6.62,1419900.0,9369687.0,243442363.0,0.005832592086694459,002199
2022-06-28,6.65,6.86,6.58,6.83,2916842.0,19743779.0,243442363.0,0.011981653332867132,002199
2022-06-29,6.8,6.9,6.7,6.72,2530174.0,17185683.0,243442363.0,0.01039331843817175,002199
2022-06-30,6.75,6.86,6.69,6.74,1820100.0,12305945.0,243442363.0,0.007476513034011258,002199
2022-07-01,6.74,6.79,6.65,6.69,1560627.0,10481155.0,243442363.0,0.006410663209015927,002199
2022-07-04,6.69,6.78,6.58,6.69,1567250.0,10472998.0,243442363.0,0.006437868827291986,002199
2022-07-05,6.69,6.77,6.49,6.58,1954749.0,12841401.0,243442363.0,0.00802961726098592,002199
2022-07-06,6.59,6.69,6.49,6.56,1610850.0,10595455.0,243442363.0,0.006616966661632347,002199
2022-07-07,6.57,6.68,6.53,6.68,2462487.0,16251327.0,243442363.0,0.010115277265855326,002199
2022-07-08,6.68,6.81,6.62,6.65,2319326.0,15566793.0,243442363.0,0.009527207883699354,002199
2022-07-11,6.65,6.67,6.49,6.54,1365900.0,8955120.0,243442363.0,0.005610773668016031,002199
2022-07-12,6.54,6.72,6.41,6.58,2933150.0,19336068.0,243442363.0,0.012048642495308017,002199
2022-07-13,6.5,6.81,6.5,6.78,3557902.0,23910280.0,243442363.0,0.014614966582459603,002199
2022-07-14,6.83,6.88,6.72,6.86,2374650.0,16102873.0,243442363.0,0.009754464961383899,002199
2022-07-15,6.86,6.86,6.32,6.33,5988510.0,38779107.0,243442363.0,0.02459929293407327,002199
2022-07-18,6.3,6.7,6.28,6.67,4426450.0,29112363.0,243442363.0,0.018182743321465376,002199
2022-07-19,6.69,6.83,6.65,6.82,2927250.0,19753875.0,243442363.0,0.01202440677919315,002199
2022-07-20,6.87,7.0,6.78,6.95,3303060.0,22892491.0,243442363.0,0.013568139740740193,002199
2022-07-21,6.95,7.12,6.91,7.1,4273358.0,30153459.0,243442363.0,0.017553879889015044,002199
2022-07-22,7.05,7.14,6.96,7.1,3232104.0,22769833.0,243442363.0,0.013276670338596738,002199
2022-07-25,7.1,7.2,7.0,7.16,3286100.0,23443844.0,243442363.0,0.01349847232628119,002199
2022-07-26,7.11,7.27,7.1,7.26,2745720.0,19715617.0,243442363.0,0.011278727195069168,002199
2022-07-27,7.26,7.99,7.17,7.99,9638468.0,74942690.0,243442363.0,0.03959240241190068,002199
2022-07-28,8.5,8.79,8.4,8.79,29851787.0,260353350.0,243442363.0,0.12262363309380135,002199
2022-07-29,9.67,9.67,8.09,8.16,55893214.0,498939616.0,243442363.0,0.2295952656358335,002199
2022-08-01,7.92,7.95,7.59,7.6,36267155.0,279596860.0,243442363.0,0.14897635133454568,002199
2022-08-02,7.46,7.48,7.11,7.11,22433532.0,162730623.0,243442363.0,0.09215130728910974,002199
2022-08-03,7.11,7.32,7.07,7.21,17306636.0,124648491.0,243442363.0,0.07109130796598453,002199
2022-08-04,7.19,7.44,7.08,7.39,17071105.0,124322813.0,243442363.0,0.07012380585543364,002199
2022-08-05,7.24,7.89,7.24,7.62,25425896.0,194072144.0,243442363.0,0.10444318600374414,002199
2022-08-08,7.55,7.6,7.35,7.59,16325004.0,122156874.0,243442363.0,0.06705901059627818,002199
2022-08-09,7.5,7.55,7.37,7.49,11761421.0,87528455.0,243442363.0,0.048312959400578934,002199
2022-08-10,7.39,7.74,7.38,7.64,14368187.0,109374419.0,243442363.0,0.05902089851140658,002199
2022-08-11,7.57,8.4,7.57,8.4,14530410.0,119539350.0,243442363.0,0.05968726979535604,002199
2022-08-12,8.68,9.24,8.11,9.24,52369984.0,453880006.0,243442363.0,0.2151227229091594,002199
2022-08-15,9.0,10.16,8.81,10.16,53685462.0,510483498.0,243442363.0,0.2205263756826087,002199
2022-08-16,9.52,10.95,9.32,9.76,61486057.0,618059270.0,243442363.0,0.2525692580465135,002199
2022-08-17,9.8,9.96,8.99,9.01,41415989.0,386151400.0,243442363.0,0.17012646644413323,002199
2022-08-18,8.95,9.91,8.85,9.91,46261042.0,449725836.0,243442363.0,0.1900287256084513,002199
2022-08-19,9.92,10.67,9.91,10.05,63599664.0,652521678.0,243442363.0,0.26125142401776635,002199
2022-08-22,9.76,10.37,9.4,10.25,40730633.0,399581360.0,243442363.0,0.16731119636724853,002199
2022-08-23,9.97,10.84,9.8,9.85,36588372.0,372529967.0,243442363.0,0.1502958299825573,002199
2022-08-24,10.11,10.8,9.92,10.36,43410363.0,445725519.0,243442363.0,0.1783188532391957,002199
2022-08-25,9.8,9.89,9.32,9.32,32448982.0,306956348.0,243442363.0,0.1332922569437925,002199
2022-08-26,8.8,8.9,8.39,8.39,21821947.0,185121476.0,243442363.0,0.08963906992637925,002199
2022-08-29,7.82,7.95,7.55,7.77,25474502.0,198364738.0,243442363.0,0.10464284722704568,002199
2022-08-30,7.8,7.92,7.66,7.8,17114885.0,133399598.0,243442363.0,0.07030364308450292,002199
2022-08-31,7.81,7.85,7.28,7.28,17749132.0,132339014.0,243442363.0,0.07290897024360546,002199
2022-09-01,7.28,7.49,7.27,7.29,10369946.0,76207045.0,243442363.0,0.04259713006482771,002199
2022-09-02,7.29,7.65,7.26,7.57,15607111.0,117231120.0,243442363.0,0.06411008670664275,002199
2022-09-05,7.66,7.78,7.4,7.59,11266510.0,85731878.0,243442363.0,0.046279989485642645,002199
2022-09-06,7.67,7.7,7.44,7.68,10945200.0,83052550.0,243442363.0,0.04496012881702106,002199
2022-09-07,7.67,7.94,7.64,7.92,15893197.0,124417652.0,243442363.0,0.0652852560423101,002199
2022-09-08,7.93,7.96,7.69,7.7,11136612.0,86468443.0,243442363.0,0.04574640117176319,002199
2022-09-09,7.72,7.75,7.49,7.55,8018824.0,60542587.0,243442363.0,0.0329393122100117,002199
2022-09-13,7.6,7.74,7.49,7.62,8161490.0,62004711.0,243442363.0,0.03352534825666312,002199
2022-09-14,7.49,7.57,7.38,7.57,6675000.0,49873940.0,243442363.0,0.027419221197750206,002199
2022-09-15,7.6,7.62,7.11,7.21,9907600.0,71943473.0,243442363.0,0.040697928979599986,002199
2022-09-16,7.21,7.26,6.97,6.98,7220900.0,51360632.0,243442363.0,0.029661641100649356,002199
2022-09-19,7.02,7.04,6.77,6.83,7290501.0,49986582.0,243442363.0,0.02994754450358338,002199
2022-09-20,6.9,7.02,6.88,7.02,5893600.0,41068121.0,243442363.0,0.02420942652450346,002199
2022-09-21,7.03,7.09,6.87,7.03,4830201.0,33754798.0,243442363.0,0.01984125088368453,002199
2022-09-22,7.01,7.11,6.88,7.03,4674300.0,32983327.0,243442363.0,0.019200848785714424,002199
2022-09-23,7.1,7.14,6.7,6.75,6714100.0,45952149.0,243442363.0,0.02757983416386736,002199
2022-09-26,6.75,6.78,6.53,6.56,4945300.0,32773903.0,243442363.0,0.02031404862760061,002199
2022-09-27,6.56,6.78,6.53,6.75,5306400.0,35487613.0,243442363.0,0.021797356608800254,002199
2022-09-28,6.83,6.83,6.47,6.48,5079300.0,33522305.0,243442363.0,0.020864486925802637,002199
2022-09-29,6.59,6.64,6.33,6.38,4151500.0,26801415.0,243442363.0,0.01705331787302771,002199
2022-09-30,6.41,6.46,6.26,6.3,3825900.0,24303110.0,243442363.0,0.01571583496336667,002199
2022-10-10,6.3,6.35,6.07,6.16,4270200.0,26554374.0,243442363.0,0.01754090761927085,002199
2022-10-11,6.16,6.33,6.08,6.27,4339800.0,26928637.0,243442363.0,0.01782680691445638,002199
2022-10-12,6.28,6.5,6.24,6.5,4971000.0,31650240.0,243442363.0,0.020419617763897568,002199
2022-10-13,6.5,6.67,6.4,6.58,4614101.0,30365850.0,243442363.0,0.01895356643412141,002199
2022-10-14,6.7,6.8,6.6,6.74,4925001.0,33088754.0,243442363.0,0.020230665440919993,002199
2022-10-17,6.74,6.88,6.7,6.88,4423868.0,30147379.0,243442363.0,0.018172137114853753,002199
2022-10-18,6.89,6.95,6.78,6.91,4173500.0,28680117.0,243442363.0,0.017143688339896702,002199
2022-10-19,6.9,6.95,6.79,6.81,3374700.0,23142816.0,243442363.0,0.013862418842853575,002199
2022-10-20,6.79,6.99,6.66,6.89,5853201.0,40234037.0,243442363.0,0.024043477593092537,002199
2022-10-21,6.92,6.98,6.73,6.88,4809800.0,33044656.0,243442363.0,0.019757448706657518,002199
2022-10-24,6.88,7.09,6.79,6.85,4869921.0,33829528.0,243442363.0,0.020004410653867995,002199
2022-10-25,6.8,6.94,6.64,6.76,3720752.0,25107476.0,243442363.0,0.015283913424714827,002199
2022-10-26,6.83,6.99,6.76,6.96,4844509.0,33537120.0,243442363.0,0.019900024549137325,002199
2022-10-27,6.93,7.1,6.81,6.94,5209600.0,36536082.0,243442363.0,0.021399726554576698,002199
2022-10-28,6.89,6.99,6.5,6.5,5778300.0,38968908.0,243442363.0,0.023735803123140074,002199
2022-10-31,6.48,6.95,6.45,6.69,4808659.0,32138369.0,243442363.0,0.019752761765625813,002199
2022-11-01,6.66,6.87,6.63,6.83,4192500.0,28375535.0,243442363.0,0.017221735561283556,002199
2022-11-02,6.9,7.08,6.85,6.95,4720400.0,32909640.0,243442363.0,0.019390215991289896,002199
2022-11-03,6.92,7.15,6.9,7.08,5438500.0,38126888.0,243442363.0,0.022339990184863594,002199
2022-11-04,7.04,7.12,7.0,7.1,4860826.0,34401875.0,243442363.0,0.019967050681314658,002199
2022-11-07,7.08,7.26,7.08,7.24,4718800.0,33939122.0,243442363.0,0.019383643593699425,002199
2022-11-08,7.3,7.3,7.12,7.17,3384700.0,24250845.0,243442363.0,0.013903496327794024,002199
2022-11-09,7.17,7.18,7.1,7.12,2632950.0,18797454.0,243442363.0,0.010815496397395716,002199
2022-11-10,7.06,7.23,7.05,7.17,5170700.0,36970118.0,243442363.0,0.02123993513815835,002199
2022-11-11,7.25,7.3,7.06,7.08,4804701.0,34507278.0,243442363.0,0.019736503297086382,002199
2022-11-14,7.08,7.16,6.98,7.03,3658900.0,25815597.0,243442363.0,0.015029840964861157,002199
2022-11-15,7.0,7.37,7.0,7.33,7282501.0,52847638.0,243442363.0,0.02991468251563102,002199
2022-11-16,7.35,7.47,7.28,7.35,5967600.0,43898047.0,243442363.0,0.02451339991306279,002199
2022-11-17,7.33,7.44,7.16,7.44,5461900.0,39902906.0,243442363.0,0.022436111499624246,002199
2022-11-18,7.46,7.54,7.16,7.18,6231600.0,45394184.0,243442363.0,0.02559784551549066,002199
2022-11-21,7.19,7.22,7.05,7.15,3660100.0,26062288.0,243442363.0,0.01503477026305401,002199
2022-11-22,7.16,7.47,7.07,7.13,9380600.0,68174288.0,243442363.0,0.038533145523238284,002199
2022-11-23,7.07,7.1,6.77,7.01,8073212.0,56048541.0,243442363.0,0.03316272443510582,002199
2022-11-24,7.0,7.11,6.95,6.96,3551500.0,24898469.0,243442363.0,0.014588668776600727,002199
2022-11-25,6.92,7.03,6.81,6.82,3842901.0,26423683.0,243442363.0,0.015785670795513927,002199
2022-11-28,6.75,6.86,6.68,6.85,3831900.0,26054406.0,243442363.0,0.015740481454330938,002199
2022-11-29,6.85,7.01,6.82,6.99,3973620.0,27535065.0,243442363.0,0.016322631570906992,002199
2022-11-30,6.99,7.12,6.93,7.09,4815600.0,33919373.0,243442363.0,0.019781273647922978,002199
2022-12-01,7.13,7.23,7.05,7.08,3929501.0,28053209.0,243442363.0,0.01614140181509822,002199
2022-12-02,7.14,7.23,7.04,7.16,4171801.0,29844127.0,243442363.0,0.017136709275205317,002199
2022-12-05,7.18,7.41,7.15,7.3,7752328.0,56473972.0,243442363.0,0.03184461366734269,002199
2022-12-06,7.25,7.44,7.2,7.27,6499222.0,47318340.0,243442363.0,0.026697169382963966,002199
2022-12-07,7.27,7.27,7.1,7.16,5433900.0,38976761.0,243442363.0,0.022321094541790987,002199
2022-12-08,7.18,7.19,7.02,7.11,3518200.0,24988982.0,243442363.0,0.01445188075174903,002199
2022-12-09,7.1,7.17,7.03,7.08,2764301.0,19559299.0,243442363.0,0.011355053269837018,002199
2022-12-12,7.04,7.15,6.94,7.12,4069176.0,28739398.0,243442363.0,0.01671515158600395,002199
2022-12-13,7.16,7.16,7.03,7.05,3161000.0,22389169.0,243442363.0,0.012984592989676164,002199
2022-12-14,7.23,7.43,7.15,7.15,9282101.0,67459631.0,243442363.0,0.03812853640432335,002199
2022-12-15,7.08,7.44,7.02,7.39,15201000.0,111607160.0,243442363.0,0.06244188485797766,002199
2022-12-16,7.31,7.37,7.1,7.15,8136500.0,58587343.0,243442363.0,0.033422695621796936,002199
2022-12-19,7.12,7.16,6.79,6.83,6683637.0,46237573.0,243442363.0,0.027454699821493272,002199
2022-12-20,6.83,7.02,6.78,6.89,4603377.0,31750550.0,243442363.0,0.01890951493927127,002199
2022-12-21,6.87,6.9,6.66,6.7,4210400.0,28481117.0,243442363.0,0.01729526425932696,002199
2022-12-22,6.77,6.8,6.48,6.52,4923200.0,32559261.0,243442363.0,0.020223267385882218,002199
2022-12-23,6.49,6.57,5.9,6.47,5122100.0,33122040.0,243442363.0,0.021040298561347762,002199
2022-12-26,6.49,6.76,6.49,6.75,6627100.0,44285800.0,243442363.0,0.02722246004488545,002199
2022-12-27,6.8,6.8,6.5,6.61,4913700.0,32543564.0,243442363.0,0.02018424377518879,002199
2022-12-28,6.62,6.62,6.32,6.35,4182600.0,26817305.0,243442363.0,0.01718106885119251,002199
2022-12-29,6.47,6.47,6.28,6.29,3556200.0,22502466.0,243442363.0,0.014607975194522739,002199
2022-12-30,6.36,6.43,6.28,6.39,3868400.0,24640014.0,243442363.0,0.01589041427436358,002199
2023-01-03,6.37,6.87,6.37,6.82,6981600.0,46629084.0,243442363.0,0.028678656886024393,002199
2023-01-04,6.85,6.97,6.8,6.86,5145500.0,35481001.0,243442363.0,0.021136419876108415,002199
2023-01-05,6.85,6.92,6.74,6.77,4021302.0,27339243.0,243442363.0,0.016518497234600044,002199
2023-01-06,6.7,6.85,6.68,6.69,3765050.0,25472295.0,243442363.0,0.015465878467504031,002199
2023-01-09,6.75,6.8,6.67,6.73,2311800.0,15545311.0,243442363.0,0.009496292968533172,002199
2023-01-10,6.72,6.83,6.68,6.7,3727052.0,25129987.0,243442363.0,0.01530979224022731,002199
2023-01-11,6.74,6.92,6.62,6.66,4218652.0,28494617.0,243442363.0,0.01732916139989982,002199
2023-01-12,6.66,6.75,6.56,6.7,2911401.0,19455788.0,243442363.0,0.011959303073311032,002199
2023-01-13,6.74,6.74,6.52,6.61,3651450.0,24153027.0,243442363.0,0.014999238238580521,002199
2023-01-16,6.63,6.81,6.56,6.79,3695600.0,24876193.0,243442363.0,0.015180595334592607,002199
2023-01-17,6.8,6.95,6.74,6.89,2961000.0,20357470.0,243442363.0,0.012163043290867169,002199
2023-01-18,6.94,7.13,6.85,7.09,4613100.0,32508079.0,243442363.0,0.01894945457787887,002199
2023-01-19,7.09,7.32,7.05,7.29,6319901.0,45695975.0,243442363.0,0.025960563815263328,002199
2023-01-20,7.2,7.29,7.1,7.16,5600400.0,40215306.0,243442363.0,0.023005034666049473,002199
2023-01-30,7.17,7.37,7.16,7.31,5505900.0,40036374.0,243442363.0,0.022616852433362224,002199
2023-01-31,7.34,7.7,7.28,7.63,11714270.0,88070015.0,243442363.0,0.04811927495133622,002199
2023-02-01,7.6,8.34,7.5,7.84,21409501.0,168248901.0,243442363.0,0.08794484549100437,002199
2023-02-02,7.83,7.9,7.65,7.71,15048401.0,116634289.0,243442363.0,0.06181504654553489,002199
2023-02-03,7.68,8.48,7.68,7.95,31759300.0,255633000.0,243442363.0,0.13045921674692257,002199
2023-02-06,7.87,7.98,7.79,7.86,21534911.0,169518521.0,243442363.0,0.08845999822964255,002199
2023-02-07,7.84,7.91,7.67,7.8,10695051.0,83057300.0,243442363.0,0.0439325796389842,002199
2023-02-08,7.85,8.14,7.74,7.8,10582800.0,83682226.0,243442363.0,0.04347148076277915,002199
2023-02-09,7.75,8.07,7.75,7.96,10452300.0,82877654.0,243442363.0,0.042935419584306286,002199
2023-02-10,7.9,8.14,7.88,7.95,8694930.0,69655379.0,243442363.0,0.03571658561332647,002199
2023-02-13,8.0,8.0,7.83,7.9,6754900.0,53166072.0,243442363.0,0.027747430302424398,002199
2023-02-14,7.91,7.98,7.84,7.88,4045919.0,31943204.0,243442363.0,0.01661961767927795,002199
2023-02-15,7.83,7.95,7.82,7.91,3925650.0,31012613.0,243442363.0,0.016125582875647654,002199
2023-02-16,7.94,7.95,7.58,7.66,6055600.0,47139827.0,243442363.0,0.024874881780538746,002199
2023-02-17,7.63,7.73,7.59,7.63,3753692.0,28749951.0,243442363.0,0.015419222660108669,002199
2023-02-20,7.63,7.66,7.5,7.63,3832800.0,28982476.0,243442363.0,0.01574417842797558,002199
2023-02-21,7.67,7.8,7.62,7.69,3896173.0,29982521.0,243442363.0,0.01600449877328869,002199
2023-02-22,7.69,7.73,7.59,7.69,3559800.0,27304969.0,243442363.0,0.0146227630891013,002199
2023-02-23,7.69,7.76,7.59,7.63,2558100.0,19599258.0,243442363.0,0.01050803142261645,002199
2023-02-24,7.65,7.69,7.53,7.62,2457902.0,18655513.0,243442363.0,0.010096443239010131,002199
2023-02-27,7.58,7.65,7.42,7.52,3463301.0,26074457.0,243442363.0,0.014226369467174454,002199
2023-02-28,7.53,7.68,7.5,7.59,2308005.0,17471677.0,243442363.0,0.009480704062998271,002199
2023-03-01,7.56,7.84,7.55,7.82,4132502.0,31981670.0,243442363.0,0.016975278867137844,002199
2023-03-02,7.89,7.91,7.74,7.79,3008102.0,23509258.0,243442363.0,0.012356526460433675,002199
2023-03-03,7.83,7.94,7.76,7.79,3572202.0,28028073.0,243442363.0,0.014673707385924446,002199
2023-03-06,7.8,7.91,7.75,7.8,2850100.0,22260201.0,243442363.0,0.01170749398287758,002199
2023-03-07,7.81,7.82,7.54,7.57,3260500.0,24954399.0,243442363.0,0.013393313964833639,002199
2023-03-08,7.59,7.83,7.53,7.83,5381600.0,41632484.0,243442363.0,0.022106259295552433,002199
2023-03-09,7.83,7.83,7.67,7.79,3028900.0,23471393.0,243442363.0,0.012441959413612824,002199
2023-03-10,7.78,7.84,7.66,7.73,3223500.0,24985966.0,243442363.0,0.013241327270553976,002199
2023-03-13,7.69,7.77,7.5,7.6,3394600.0,25772704.0,243442363.0,0.01394416303788507,002199
2023-03-14,7.66,7.66,7.32,7.44,3989600.0,29629814.0,243442363.0,0.01638827339184183,002199
2023-03-15,7.44,7.76,7.44,7.63,4713300.0,36121740.0,243442363.0,0.019361050976982177,002199
2023-03-16,7.64,7.64,7.38,7.4,3683900.0,27503693.0,243442363.0,0.01513253467721228,002199
2023-03-17,7.48,7.65,7.41,7.56,3052600.0,23080497.0,243442363.0,0.01253931305292169,002199
2023-03-20,7.62,7.66,7.5,7.55,3593600.0,27224804.0,243442363.0,0.01476160498820002,002199
2023-03-21,7.55,7.75,7.53,7.72,2641501.0,20255714.0,243442363.0,0.010850621754768294,002199
2023-03-22,7.8,7.85,7.69,7.84,4146730.0,32312215.0,243442363.0,0.017033723912711116,002199
2023-03-23,7.83,7.95,7.77,7.87,4069300.0,32017060.0,243442363.0,0.016715660946817215,002199
2023-03-24,7.9,8.02,7.87,7.97,5198500.0,41349945.0,243442363.0,0.021354130546292798,002199
2023-03-27,8.07,8.07,7.86,7.94,4038700.0,32122180.0,243442363.0,0.016589963842899437,002199
2023-03-28,7.99,8.0,7.75,7.77,3076600.0,24029061.0,243442363.0,0.012637899016778769,002199
2023-03-29,7.81,7.87,7.68,7.82,2543100.0,19777383.0,243442363.0,0.010446415195205774,002199
2023-03-30,7.87,7.92,7.47,7.59,11532822.0,89022221.0,243442363.0,0.04737393220258875,002199
2023-03-31,7.62,7.7,7.42,7.67,6977468.0,52846502.0,243442363.0,0.028661683669247,002199
2023-04-03,7.63,7.82,7.59,7.59,10849603.0,83364078.0,243442363.0,0.04456744038423584,002199
2023-04-04,7.63,7.63,7.2,7.24,8299901.0,60940148.0,243442363.0,0.034093905833472375,002199
2023-04-06,7.27,7.37,7.2,7.33,4108172.0,29937853.0,243442363.0,0.01687533734627773,002199
2023-04-07,7.31,7.33,7.19,7.28,3434100.0,24887771.0,243442363.0,0.014106419103399846,002199
2023-04-10,7.28,7.43,7.2,7.22,5232600.0,38251648.0,243442363.0,0.021494204769939733,002199
2023-04-11,7.15,7.26,7.12,7.12,3204800.0,22977359.0,243442363.0,0.013164512373715334,002199
2023-04-12,7.17,7.26,7.11,7.26,3468600.0,24923249.0,243442363.0,0.014248136426444399,002199
2023-04-13,7.27,7.28,7.05,7.06,4089720.0,29093190.0,243442363.0,0.016799541171065614,002199
2023-04-14,7.09,7.1,6.9,6.97,3126000.0,21831770.0,243442363.0,0.01284082179238459,002199
2023-04-17,6.97,7.07,6.87,7.01,3465300.0,24227012.0,243442363.0,0.01423458085641405,002199
2023-04-18,6.97,7.01,6.79,6.81,2809800.0,19205381.0,243442363.0,0.01154195171856757,002199
2023-04-19,6.82,7.22,6.78,7.03,6707451.0,47055463.0,243442363.0,0.02755252174413046,002199
2023-04-20,6.95,7.19,6.79,7.19,6915300.0,48122323.0,243442363.0,0.028406313160869213,002199
2023-04-21,7.19,7.48,6.68,6.7,16791618.0,117246991.0,243442363.0,0.06897574355207849,002199
2023-04-24,6.54,6.89,6.53,6.79,10304200.0,69425695.0,243442363.0,0.04232706203233823,002199
2023-04-25,6.71,6.8,6.41,6.52,7051455.0,46449460.0,243442363.0,0.028965603657075904,002199
2023-04-26,6.52,6.63,6.41,6.47,4087500.0,26647069.0,243442363.0,0.016790421969408834,002199
2023-04-27,6.43,6.56,6.39,6.44,3524397.0,22810613.0,243442363.0,0.014477336469166626,002199
2023-04-28,6.41,6.7,6.41,6.7,3610200.0,23908100.0,243442363.0,0.014829793613201166,002199
2023-05-04,6.67,6.82,6.64,6.69,3061500.0,20539611.0,243442363.0,0.012575872014518688,002199
2023-05-05,6.73,6.75,6.64,6.71,2559700.0,17129645.0,243442363.0,0.01051460382020692,002199
2023-05-08,6.72,6.78,6.69,6.76,3181800.0,21426988.0,243442363.0,0.0130700341583523,002199
2023-05-09,6.8,6.8,6.61,6.64,3403300.0,22706436.0,243442363.0,0.013979900449783261,002199
2023-05-10,6.64,6.68,6.56,6.65,1978397.0,13087299.0,243442363.0,0.008126757297373095,002199
2023-05-11,6.67,6.78,6.59,6.76,2834197.0,18988844.0,243442363.0,0.011642168458576784,002199
2023-05-12,6.8,6.8,6.65,6.67,2498000.0,16768379.0,243442363.0,0.010261155738124346,002199
2023-05-15,6.66,6.69,6.55,6.68,2458701.0,16277856.0,243442363.0,0.010099725330056873,002199
2023-05-16,6.69,6.69,6.58,6.64,2303400.0,15277330.0,243442363.0,0.009461787881183193,002199
2023-05-17,6.63,6.85,6.58,6.84,3883550.0,26298953.0,243442363.0,0.01595264666404836,002199
2023-05-18,6.86,7.12,6.78,7.11,4921400.0,34532744.0,243442363.0,0.02021587343859294,002199
2023-05-19,7.15,7.42,7.11,7.33,7314773.0,53501281.0,243442363.0,0.03004724777503084,002199
2023-05-22,7.33,7.54,7.31,7.44,6369972.0,47409772.0,243442363.0,0.026166242890108653,002199
2023-05-23,7.42,7.46,7.3,7.39,4101417.0,30311461.0,243442363.0,0.016847589505200457,002199
2023-05-24,7.36,7.38,7.19,7.31,4006700.0,29177846.0,243442363.0,0.01645851589109,002199
2023-05-25,7.32,7.37,7.2,7.32,3541500.0,25779133.0,243442363.0,0.014547591291660276,002199
2023-05-26,7.35,7.43,7.27,7.38,2202101.0,16216130.0,243442363.0,0.009045677066484932,002199
2023-05-29,7.42,7.44,7.32,7.36,2309400.0,17070063.0,243442363.0,0.009486434372147464,002199
2023-05-30,7.36,7.41,7.27,7.4,2713300.0,19955706.0,243442363.0,0.01114555398889223,002199
2023-05-31,7.43,7.56,7.36,7.48,3048100.0,22772706.0,243442363.0,0.012520828184698487,002199
2023-06-01,7.48,7.48,7.32,7.43,2961200.0,21913165.0,243442363.0,0.012163864840565978,002199
2023-06-02,7.43,7.51,7.38,7.46,2392100.0,17847728.0,243442363.0,0.009826145172604984,002199
2023-06-05,7.5,7.7,7.42,7.55,4359100.0,32979742.0,243442363.0,0.01790608646039145,002199
2023-06-06,7.49,7.54,7.3,7.31,2691400.0,19902422.0,243442363.0,0.011055594296872645,002199
2023-06-07,7.39,7.5,7.27,7.47,3649300.0,27152197.0,243442363.0,0.014990406579318325,002199
2023-06-08,7.45,7.5,7.25,7.28,3005300.0,21993548.0,243442363.0,0.012345016549153362,002199
2023-06-09,7.29,7.34,7.21,7.27,2286900.0,16613638.0,243442363.0,0.009394010031031451,002199
2023-06-12,7.35,7.45,7.24,7.4,3411000.0,25134268.0,243442363.0,0.014011530113187409,002199
2023-06-13,7.4,7.45,7.31,7.43,2751500.0,20324155.0,243442363.0,0.011302469981364747,002199
2023-06-14,7.47,7.47,7.3,7.34,2539000.0,18656822.0,243442363.0,0.01042957342638019,002199
2023-06-15,7.25,7.33,7.14,7.18,2601401.0,18795937.0,243442363.0,0.01068590104015709,002199
2023-06-16,7.21,7.9,7.12,7.52,15577654.0,117454800.0,243442363.0,0.06398908475925368,002199
2023-06-19,7.44,7.69,7.3,7.64,16412402.0,123725803.0,243442363.0,0.06741801959916073,002199
2023-06-20,7.61,7.7,7.5,7.61,7228100.0,54978126.0,243442363.0,0.029691216889806478,002199
2023-06-21,7.6,8.37,7.35,8.37,15549803.0,124216004.0,243442363.0,0.06387467985594603,002199
2023-06-26,9.21,9.21,8.46,9.21,47668561.0,425463216.0,243442363.0,0.195810459661041,002199
2023-06-27,9.23,10.13,9.22,10.13,72163343.0,706538533.0,243442363.0,0.29642886353350095,002199
2023-06-28,9.17,9.59,9.12,9.12,56079060.0,517744101.0,243442363.0,0.23035867426245776,002199
2023-06-29,8.41,8.87,8.25,8.51,52261419.0,443176981.0,243442363.0,0.2146767651939034,002199
2023-06-30,8.32,8.69,8.22,8.51,36780132.0,311418463.0,243442363.0,0.15108353183377538,002199
2023-07-03,8.51,8.95,8.44,8.59,40326102.0,349683749.0,243442363.0,0.16564948476120403,002199
2023-07-04,8.7,8.73,8.41,8.52,30491591.0,260779204.0,243442363.0,0.1252517870112853,002199
2023-07-05,8.44,9.08,8.29,8.85,46829368.0,408641403.0,243442363.0,0.19236326587907793,002199
2023-07-06,8.65,9.04,8.52,8.79,34644903.0,305881737.0,243442363.0,0.14231254812458421,002199
2023-07-07,8.65,9.46,8.46,9.03,38356085.0,341278715.0,243442363.0,0.15755715039621104,002199
2023-07-10,9.06,9.16,8.62,8.7,24158765.0,212334513.0,243442363.0,0.09923813054673644,002199
2023-07-11,8.62,9.57,8.55,9.57,19320264.0,180351835.0,243442363.0,0.07936278535055133,002199
2023-07-12,9.64,9.82,9.23,9.26,42963975.0,407906702.0,243442363.0,0.17648520360443593,002199
2023-07-13,9.12,10.19,8.95,10.19,27279086.0,266816437.0,243442363.0,0.11205562443542334,002199
2023-07-14,10.65,11.21,10.49,11.21,23439911.0,255907750.0,243442363.0,0.09628525911079823,002199
2023-07-17,10.97,11.46,10.17,10.5,59030410.0,635451050.0,243442363.0,0.2424820777803574,002199
2023-07-18,10.35,11.29,9.78,10.17,45785165.0,479530157.0,243442363.0,0.18807394257835067,002199
2023-07-19,9.97,10.06,9.54,9.55,35666841.0,346746375.0,243442363.0,0.14651041240509155,002199
2023-07-20,9.59,9.63,8.89,8.92,30772206.0,282454452.0,243442363.0,0.1264044828549417,002199
2023-07-21,8.72,8.93,8.44,8.45,24655764.0,212592299.0,243442363.0,0.10127967744052829,002199
2023-07-24,8.36,8.51,8.27,8.45,12817050.0,107878124.0,243442363.0,0.05264921783559914,002199
2023-07-25,8.44,8.97,8.43,8.73,24955653.0,216822217.0,243442363.0,0.10251154602865895,002199
2023-07-26,8.69,8.69,8.44,8.48,14221400.0,121198245.0,243442363.0,0.0584179344332112,002199
2023-07-27,8.45,8.55,8.26,8.28,11177100.0,93378857.0,243442363.0,0.04591271569279008,002199
2023-07-28,8.24,8.34,8.13,8.2,8417900.0,69239668.0,243442363.0,0.03457861604802119,002199
2023-07-31,8.28,8.28,8.16,8.19,8767995.0,71823544.0,243442363.0,0.03601671825704387,002199
2023-08-01,8.2,8.25,8.06,8.2,9101900.0,74080522.0,243442363.0,0.03738831601794795,002199
2023-08-02,8.16,8.28,8.13,8.23,8205400.0,67435082.0,243442363.0,0.033705719493036634,002199
2023-08-03,8.16,8.21,8.06,8.11,8627800.0,69992227.0,243442363.0,0.03544083245692123,002199
2023-08-04,8.12,8.3,8.11,8.24,11058495.0,90920495.0,243442363.0,0.04542551618265388,002199
2023-08-07,8.22,8.44,8.22,8.42,14346601.0,120228757.0,243442363.0,0.058932228652414126,002199
2023-08-08,8.41,8.48,8.27,8.29,9217600.0,76941324.0,243442363.0,0.03786358251870896,002199
2023-08-09,8.24,8.33,8.16,8.18,6350200.0,52144269.0,243442363.0,0.026085024486884396,002199
2023-08-10,8.15,8.26,8.14,8.19,4485450.0,36779222.0,243442363.0,0.018425100482614032,002199
2023-08-11,8.22,8.27,8.09,8.1,5955400.0,48660178.0,243442363.0,0.02446328538143544,002199
2023-08-14,8.0,8.24,7.71,8.24,6683400.0,54502790.0,243442363.0,0.02745372628510018,002199
2023-08-15,8.26,8.28,8.09,8.12,5042501.0,41179073.0,243442363.0,0.020713325888970277,002199
2023-08-16,8.08,8.11,7.93,7.95,5391500.0,43099926.0,243442363.0,0.02214692600564348,002199
2023-08-17,7.98,8.23,7.84,8.15,6519100.0,52602130.0,243442363.0,0.026778823207528592,002199
2023-08-18,8.16,8.29,8.02,8.02,5136700.0,41778679.0,243442363.0,0.02110027168936082,002199
2023-08-21,8.02,8.12,7.96,7.96,4615200.0,37063676.0,243442363.0,0.018958080849716365,002199
2023-08-22,8.04,8.08,7.8,7.96,6246800.0,49373043.0,243442363.0,0.025660283292600145,002199
2023-08-23,7.98,7.98,7.79,7.83,4258600.0,33462785.0,243442363.0,0.017493257736739928,002199
2023-08-24,7.81,8.0,7.71,7.88,4796200.0,37737573.0,243442363.0,0.019701583327138505,002199
2023-08-25,7.83,7.88,7.5,7.53,6141974.0,46805857.0,243442363.0,0.025229684448963386,002199
2023-08-28,7.89,7.95,7.57,7.57,5679210.0,43844068.0,243442363.0,0.02332876632486516,002199
2023-08-29,7.51,8.05,7.5,8.01,9012600.0,71248224.0,243442363.0,0.03702149407742974,002199
2023-08-30,8.18,8.38,8.14,8.24,10393148.0,85708765.0,243442363.0,0.04269243804538654,002199
2023-08-31,8.2,8.28,8.1,8.21,6359500.0,52209224.0,243442363.0,0.026123226547879016,002199
2023-09-01,8.26,8.7,8.11,8.35,19030149.0,159248367.0,243442363.0,0.07817106589620147,002199
2023-09-04,8.36,8.5,8.23,8.44,17389600.0,145261460.0,243442363.0,0.07143210321204449,002199
2023-09-05,8.5,8.74,8.41,8.53,17924107.0,153230078.0,243442363.0,0.07362772353635098,002199
2023-09-06,8.43,8.73,8.3,8.68,16297460.0,140459707.0,243442363.0,0.0669458667717582,002199
2023-09-07,8.63,8.67,8.46,8.5,10760080.0,92098111.0,243442363.0,0.04419970241580345,002199
2023-09-08,8.48,8.58,8.42,8.5,6902800.0,58672643.0,243442363.0,0.02835496630469365,002199
2023-09-11,8.5,8.53,8.35,8.39,7189500.0,60484952.0,243442363.0,0.029532657797936342,002199
2023-09-12,8.35,8.4,8.26,8.32,5609800.0,46639789.0,243442363.0,0.023043647501893496,002199
2023-09-13,8.29,8.32,8.08,8.19,4839204.0,39537873.0,243442363.0,0.019878232943376418,002199
2023-09-14,8.19,8.26,8.08,8.13,4311170.0,35173357.0,243442363.0,0.017709202075071873,002199
2023-09-15,8.2,8.32,8.07,8.17,4553727.0,37152238.0,243442363.0,0.01870556522654194,002199
2023-09-18,8.16,8.33,8.01,8.21,4465920.0,36689193.0,243442363.0,0.018344876154525333,002199
2023-09-19,8.23,8.26,7.98,8.0,4323050.0,34781448.0,243442363.0,0.017758002127181125,002199
2023-09-20,8.0,8.07,7.9,7.92,3486250.0,27768204.0,243442363.0,0.014320638187364293,002199
2023-09-21,7.9,8.03,7.87,7.92,2612504.0,20734727.0,243442363.0,0.010731509371686472,002199
2023-09-22,7.9,8.18,7.88,8.18,4938701.0,39874470.0,243442363.0,0.020286941595288408,002199
2023-09-25,8.2,8.24,8.02,8.13,4432100.0,35968355.0,243442363.0,0.01820595210045673,002199
2023-09-26,8.13,8.13,7.94,8.04,3453704.0,27706554.0,243442363.0,0.014186947404877104,002199
2023-09-27,8.02,8.07,7.92,7.92,3481400.0,27779713.0,243442363.0,0.014300715607168174,002199
2023-09-28,7.99,8.38,7.93,8.33,8705501.0,71826093.0,243442363.0,0.03576000862265702,002199
2023-10-09,8.3,8.46,8.29,8.38,6709000.0,56164631.0,243442363.0,0.027558884646547734,002199
2023-10-10,8.41,8.47,8.31,8.41,4423600.0,37191816.0,243442363.0,0.01817103623825735,002199
2023-10-11,8.4,8.72,8.27,8.51,12764513.0,108404239.0,243442363.0,0.0524334090529675,002199
2023-10-12,8.47,8.56,8.42,8.54,8192800.0,69665840.0,243442363.0,0.033653961862011667,002199
2023-10-13,8.48,8.75,8.42,8.68,9334700.0,80623092.0,243442363.0,0.03834459986736162,002199
2023-10-16,8.62,8.68,8.39,8.45,7067700.0,59843211.0,243442363.0,0.029032334031361667,002199
2023-10-17,8.44,8.49,8.31,8.37,3990600.0,33436504.0,243442363.0,0.016392381140335876,002199
2023-10-18,8.33,8.53,8.16,8.17,4337400.0,35817790.0,243442363.0,0.017816948318070673,002199
2023-10-19,8.15,8.65,8.14,8.32,7851500.0,66088800.0,243442363.0,0.032251987300994114,002199
2023-10-20,8.32,8.4,7.99,8.04,5645320.0,45929074.0,243442363.0,0.023189554728401975,002199
2023-10-23,8.04,8.09,7.74,7.77,4615820.0,36210072.0,243442363.0,0.018960627653782675,002199
2023-10-24,7.77,8.17,7.7,8.11,5163900.0,41391423.0,243442363.0,0.021212002448398843,002199
2023-10-25,8.2,8.24,8.04,8.23,4151400.0,33962356.0,243442363.0,0.01705290709817831,002199
2023-10-26,8.18,8.25,8.07,8.23,3315700.0,27091072.0,243442363.0,0.013620061681704921,002199
2023-10-27,8.23,8.27,8.06,8.22,3972600.0,32498613.0,243442363.0,0.016318441667443066,002199
2023-10-30,8.17,8.42,8.16,8.39,5094100.0,42409467.0,243442363.0,0.020925281603514503,002199
2023-10-31,8.38,8.55,8.28,8.38,4389768.0,36916540.0,243442363.0,0.018032062891206818,002199
2023-11-01,8.36,8.62,8.34,8.54,7471920.0,63803642.0,243442363.0,0.030692768127624524,002199
2023-11-02,8.56,8.63,8.38,8.4,4038200.0,34302305.0,243442363.0,0.016587909968652417,002199
2023-11-03,8.4,8.68,8.38,8.62,6351300.0,54622338.0,243442363.0,0.026089543010227846,002199
2023-11-06,8.64,8.76,8.64,8.7,5755600.0,50104306.0,243442363.0,0.023642557232325254,002199
2023-11-07,8.75,8.92,8.68,8.91,8135068.0,71998489.0,243442363.0,0.03341681332595346,002199
2023-11-08,8.91,8.98,8.71,8.79,4836700.0,42661997.0,243442363.0,0.019867947141147327,002199
2023-11-09,8.79,8.84,8.57,8.64,4618400.0,40075751.0,243442363.0,0.01897122564489731,002199
2023-11-10,8.68,8.89,8.58,8.71,4792650.0,42001721.0,243442363.0,0.019687000819984646,002199
2023-11-13,8.73,8.82,8.68,8.82,4590100.0,40215971.0,243442363.0,0.018854976362515836,002199
2023-11-14,8.85,8.98,8.78,8.9,5134700.0,45701455.0,243442363.0,0.02109205619237273,002199
2023-11-15,8.98,9.0,8.82,8.88,3512500.0,31238405.0,243442363.0,0.014428466585332972,002199
2023-11-16,8.83,8.95,8.79,8.83,2837100.0,25146213.0,243442363.0,0.011654093252454997,002199
2023-11-17,8.8,8.95,8.8,8.94,3576500.0,31867567.0,243442363.0,0.01469136248895185,002199
2023-11-20,8.96,9.14,8.95,9.1,5082400.0,46164184.0,243442363.0,0.020877220946134176,002199
2023-11-21,9.1,9.12,8.87,8.91,4216200.0,37795457.0,243442363.0,0.01731908920059242,002199
2023-11-22,8.9,8.95,8.73,8.82,4642900.0,41067033.0,243442363.0,0.01907186548300141,002199
2023-11-23,8.84,9.02,8.8,9.0,4457801.0,39855589.0,243442363.0,0.018311525344502182,002199
2023-11-24,9.01,9.01,8.71,8.72,3500501.0,30760776.0,243442363.0,0.014379177711152926,002199
2023-11-27,8.72,8.98,8.65,8.86,4036300.0,35736897.0,243442363.0,0.01658010524651373,002199
2023-11-28,8.87,9.08,8.82,9.0,4812001.0,43260442.0,243442363.0,0.01976648986109291,002199
2023-11-29,9.0,9.17,8.96,9.04,5053100.0,45813911.0,243442363.0,0.02075686391525866,002199
2023-11-30,9.05,9.06,8.78,8.94,4684701.0,41621239.0,243442363.0,0.019243573477800986,002199
2023-12-01,8.89,8.96,8.82,8.93,3560900.0,31724038.0,243442363.0,0.01462728161244475,002199
2023-12-04,8.93,9.82,8.84,9.82,10234719.0,96534485.0,243442363.0,0.042041651559223486,002199
2023-12-05,10.16,10.49,9.43,9.65,42777001.0,419662237.0,243442363.0,0.17571716143751037,002199
2023-12-06,9.38,9.53,9.18,9.25,24971502.0,231973689.0,243442363.0,0.10257664973454107,002199
2023-12-07,9.35,10.18,9.31,10.18,14391915.0,143133403.0,243442363.0,0.059118367167673276,002199
2023-12-08,10.12,10.5,9.7,9.74,55401564.0,552103247.0,243442363.0,0.22757569108873626,002199
2023-12-11,9.71,10.07,9.53,9.96,37631791.0,368678036.0,243442363.0,0.15458193280846522,002199
2023-12-12,9.83,10.39,9.76,10.25,43984628.0,442153927.0,243442363.0,0.18067778942812843,002199
2023-12-13,10.0,10.2,9.8,9.83,28694401.0,285665535.0,243442363.0,0.11786938249527261,002199
2023-12-14,9.78,10.0,9.58,9.91,25397977.0,249048484.0,243442363.0,0.1043285017735389,002199
2023-12-15,9.74,9.89,9.53,9.53,19488803.0,188089408.0,243442363.0,0.08005510117398917,002199
2023-12-18,9.56,9.6,8.9,9.05,19587053.0,180361704.0,243442363.0,0.0804586874635291,002199
2023-12-19,9.04,9.19,8.98,9.06,10034300.0,91031523.0,243442363.0,0.04121838071379549,002199
2023-12-20,9.05,9.31,9.02,9.07,11525100.0,105674930.0,243442363.0,0.047342212168717736,002199
2023-12-21,9.08,9.1,8.71,9.07,10806400.0,96472208.0,243442363.0,0.04438997332604761,002199
2023-12-22,9.13,9.29,8.81,8.88,8429300.0,76073677.0,243442363.0,0.034625444380853306,002199
2023-12-25,8.86,8.97,8.7,8.79,5901400.0,52070630.0,243442363.0,0.024241466962757013,002199
2023-12-26,8.83,8.83,8.49,8.54,8214300.0,70339372.0,243442363.0,0.03374227845463363,002199
2023-12-27,8.55,8.71,8.45,8.66,5787206.0,49754024.0,243442363.0,0.02377238673122804,002199
2023-12-28,8.66,9.02,8.55,8.94,7115101.0,62874215.0,243442363.0,0.02922704541772789,002199
2023-12-29,8.91,9.41,8.87,9.38,9255800.0,85889134.0,243442363.0,0.03802049851118147,002199
2024-01-02,9.41,9.5,9.33,9.43,7532600.0,70926797.0,243442363.0,0.030942026306243174,002199
2024-01-03,9.35,9.48,9.12,9.26,6267200.0,57954839.0,243442363.0,0.025744081361878664,002199
2024-01-04,9.2,9.26,9.12,9.18,3756400.0,34463763.0,243442363.0,0.015430346443030542,002199
2024-01-05,9.18,9.26,8.87,8.93,4972601.0,44957303.0,243442363.0,0.020426194269236534,002199
2024-01-08,8.93,9.05,8.75,8.77,4396600.0,38789869.0,243442363.0,0.018060127028918134,002199
2024-01-09,8.8,9.02,8.77,8.88,3753900.0,33408221.0,243442363.0,0.01542007707179543,002199
2024-01-10,8.87,8.91,8.62,8.71,3569600.0,31185227.0,243442363.0,0.01466301902434294,002199
2024-01-11,8.76,8.92,8.68,8.87,3307400.0,29169711.0,243442363.0,0.013585967369204349,002199
2024-01-12,8.83,8.91,8.7,8.75,3265400.0,28722820.0,243442363.0,0.013413441932454459,002199
2024-01-15,8.79,8.89,8.67,8.73,3087900.0,27060431.0,243442363.0,0.012684316574761477,002199
2024-01-16,8.71,8.81,8.57,8.77,3758200.0,32564512.0,243442363.0,0.015437740390319823,002199
2024-01-17,8.77,8.84,8.48,8.48,3269100.0,28186558.0,243442363.0,0.013428640601882426,002199
2024-01-18,8.38,8.56,8.11,8.32,5493800.0,45569091.0,243442363.0,0.02256714867658428,002199
2024-01-19,8.36,8.39,8.19,8.21,3632900.0,30035874.0,243442363.0,0.014923039504015988,002199
2024-01-22,8.28,8.35,7.58,7.64,6079200.0,48298409.0,243442363.0,0.024971824644998208,002199
2024-01-23,7.69,7.75,7.35,7.5,5529200.0,41383431.0,243442363.0,0.02271256297327347,002199
2024-01-24,7.56,7.62,7.18,7.48,5068511.0,37472097.0,243442363.0,0.020820168427300386,002199
2024-01-25,7.48,7.89,7.39,7.86,5561500.0,42790812.0,243442363.0,0.022845243249631126,002199
2024-01-26,7.86,8.07,7.8,7.94,5258250.0,41832306.0,243442363.0,0.021599568518811986,002199
2024-01-29,8.06,8.06,7.52,7.54,5054400.0,38673883.0,243442363.0,0.02076220398830092,002199
2024-01-30,7.68,7.68,7.07,7.12,6325000.0,46204035.0,243442363.0,0.025981509224834463,002199
2024-01-31,7.12,7.24,6.42,6.54,7708000.0,52110244.0,243442363.0,0.03166252539209866,002199
2024-02-01,6.61,7.19,6.37,6.8,29502241.0,200011657.0,243442363.0,0.1211877860387019,002199
2024-02-02,6.78,6.89,6.12,6.16,23203671.0,150771016.0,243442363.0,0.09531484460656504,002199
2024-02-05,5.86,6.04,5.54,5.54,9379785.0,53105514.0,243442363.0,0.03852979770821564,002199
2024-02-06,5.1,5.2,4.99,4.99,16852914.0,84746503.0,243442363.0,0.06922753210376946,002199
2024-02-07,4.87,4.93,4.49,4.49,13759811.0,62306527.0,243442363.0,0.056521842913593474,002199
2024-02-08,4.04,4.69,4.04,4.63,30126371.0,127684552.0,243442363.0,0.12375155510629018,002199
2024-02-19,4.48,4.97,4.47,4.94,21748577.0,102878223.0,243442363.0,0.08933768441937116,002199
2024-02-20,4.93,5.05,4.76,5.0,14475399.0,71515518.0,243442363.0,0.05946129844295013,002199
2024-02-21,4.95,5.43,4.92,5.3,19425911.0,102422123.0,243442363.0,0.0797967566557017,002199
2024-02-22,5.23,5.73,5.23,5.71,13687500.0,75201253.0,243442363.0,0.056224807512240585,002199
2024-02-23,5.71,5.98,5.62,5.95,11424900.0,66476135.0,243442363.0,0.04693061576961443,002199
2024-02-26,6.0,6.27,5.83,6.08,13846025.0,83613116.0,243442363.0,0.056875988342259064,002199
2024-02-27,6.08,6.55,6.0,6.55,13653692.0,86794353.0,243442363.0,0.056085932751153915,002199
2024-02-28,6.56,6.67,5.9,5.9,20535668.0,128732682.0,243442363.0,0.08435535930120758,002199
2024-02-29,5.75,6.13,5.63,6.12,13342402.0,80164152.0,243442363.0,0.05480723172244265,002199
2024-03-01,6.15,6.73,6.1,6.36,26116421.0,168760486.0,243442363.0,0.10727968903259455,002199
2024-03-04,6.37,6.46,5.96,6.18,19483650.0,119780894.0,243442363.0,0.08003393394599936,002199
2024-03-05,6.09,6.16,5.94,5.97,10608068.0,64009455.0,243442363.0,0.043575275351726686,002199
2024-03-06,5.98,6.3,5.95,6.22,14596542.0,89720799.0,243442363.0,0.05995892341876422,002199
2024-03-07,6.27,6.32,6.03,6.06,9736300.0,59987406.0,243442363.0,0.03999427166257009,002199
2024-03-08,6.1,6.23,6.0,6.2,10297610.0,63364048.0,243442363.0,0.04229999196976247,002199
2024-03-11,6.15,6.23,6.09,6.23,7506283.0,46225818.0,243442363.0,0.030833922689125392,002199
2024-03-12,6.23,6.39,6.19,6.37,10016180.0,63270791.0,243442363.0,0.041143948311083395,002199
2024-03-13,6.37,6.52,6.32,6.43,8541483.0,54838254.0,243442363.0,0.03508626393016075,002199
2024-03-14,6.4,6.43,6.21,6.32,6722885.0,42597580.0,243442363.0,0.02761592073438755,002199
2024-03-15,6.29,6.58,6.25,6.53,9409800.0,60671130.0,243442363.0,0.038653091779264404,002199
2024-03-18,6.52,7.18,6.5,6.93,24638702.0,170968860.0,243442363.0,0.1012095910357229,002199
2024-03-19,6.92,6.96,6.73,6.74,18583201.0,126437214.0,243442363.0,0.07633511592228506,002199
2024-03-20,6.74,7.0,6.74,6.88,13903101.0,95650016.0,243442363.0,0.05711044219530518,002199
2024-03-21,6.87,7.0,6.75,6.93,9804700.0,67622025.0,243442363.0,0.04027524165956276,002199
2024-03-22,6.93,7.08,6.76,6.86,9938500.0,68581579.0,243442363.0,0.040824858408065975,002199
2024-03-25,6.79,6.88,6.58,6.59,8607004.0,57932426.0,243442363.0,0.03535540771923907,002199
2024-03-26,6.65,6.77,6.42,6.62,7347705.0,48532887.0,243442363.0,0.03018252414843673,002199
2024-03-27,6.63,6.63,6.21,6.23,7089200.0,45231239.0,243442363.0,0.029120650623983634,002199
2024-03-28,6.24,6.63,6.17,6.55,9282000.0,60278122.0,243442363.0,0.038128121521725455,002199
2024-03-29,6.54,6.72,6.48,6.72,6040200.0,39942952.0,243442363.0,0.024811622453730454,002199
2024-04-01,6.75,6.86,6.66,6.85,6130101.0,41625267.0,243442363.0,0.02518091315109359,002199
2024-04-02,6.86,6.9,6.71,6.8,5447300.0,37051549.0,243442363.0,0.02237613837161119,002199
2024-04-03,6.99,7.05,6.62,6.79,9844600.0,66827375.0,243442363.0,0.04043914082447515,002199
2024-04-08,6.63,6.82,6.43,6.43,7425678.0,48802973.0,243442363.0,0.030502817621762896,002199
2024-04-09,6.43,6.64,6.43,6.63,5113500.0,33564760.0,243442363.0,0.02100497192429898,002199
2024-04-10,6.59,6.6,6.17,6.28,7486101.0,47291981.0,243442363.0,0.030751020109018576,002199
2024-04-11,6.27,6.4,6.16,6.29,5640000.0,35514497.0,243442363.0,0.023167701506413656,002199
2024-04-12,6.3,6.46,6.27,6.29,4643402.0,29523834.0,243442363.0,0.01907392757274542,002199
2024-04-15,6.16,6.31,5.66,5.93,13369300.0,78945722.0,243442363.0,0.054917721941435474,002199
2024-04-16,5.84,5.87,5.34,5.34,12272700.0,67593134.0,243442363.0,0.050413164942865754,002199
2024-04-17,5.32,5.64,5.28,5.57,6832314.0,37851908.0,243442363.0,0.028065427544342395,002199
2024-04-18,5.59,5.72,5.4,5.6,7194512.0,39950972.0,243442363.0,0.029553245833388496,002199
2024-04-19,5.59,5.71,5.46,5.6,6085921.0,33747542.0,243442363.0,0.024999432822626684,002199
2024-04-22,5.6,5.63,5.3,5.36,5009399.0,27044904.0,243442363.0,0.020577351198320402,002199
2024-04-23,5.4,5.52,5.38,5.5,4396291.0,23991469.0,243442363.0,0.018058857734633473,002199
2024-04-24,5.54,5.73,5.5,5.69,4715321.0,26643240.0,243442363.0,0.019369352736688644,002199
2024-04-25,5.75,5.76,5.65,5.74,4053300.0,23191740.0,243442363.0,0.016649936970912493,002199
2024-04-26,5.74,6.31,5.66,5.88,22736600.0,139588614.0,243442363.0,0.09339623440970296,002199
2024-04-29,5.54,5.9,5.54,5.88,16542243.0,96446320.0,243442363.0,0.06795137377137601,002199
2024-04-30,5.89,5.94,5.56,5.72,8677113.0,49553862.0,243442363.0,0.03564339785840807,002199
2024-05-06,5.75,5.89,5.75,5.87,6277101.0,36576323.0,243442363.0,0.025784752179718203,002199
2024-05-07,5.9,5.97,5.83,5.9,5327901.0,31422010.0,243442363.0,0.021885677309170713,002199
2024-05-08,5.91,5.95,5.73,5.75,5113100.0,29626550.0,243442363.0,0.021003328824901357,002199
2024-05-09,5.76,5.93,5.74,5.85,4318200.0,25327443.0,243442363.0,0.01773807954698501,002199
2024-05-10,6.05,6.09,5.69,5.71,7389200.0,42892877.0,243442363.0,0.030352975172197125,002199
2024-05-13,5.55,5.63,5.4,5.56,5906230.0,32700676.0,243442363.0,0.02426130738798325,002199
2024-05-14,5.49,5.66,5.42,5.6,4204700.0,23411676.0,243442363.0,0.017271850092910903,002199
2024-05-15,5.61,5.74,5.5,5.62,4625130.0,26173017.0,243442363.0,0.018998870792262233,002199
2024-05-16,5.6,5.76,5.6,5.73,4493104.0,25687934.0,243442363.0,0.01845654118958745,002199
2024-05-17,5.75,5.89,5.68,5.87,5132315.0,29896093.0,243442363.0,0.021082259212214433,002199
2024-05-20,5.87,5.9,5.73,5.77,4830000.0,28016414.0,243442363.0,0.019840425226237225,002199
2024-05-21,5.77,5.81,5.63,5.66,3818900.0,21680646.0,243442363.0,0.015687080723908352,002199
2024-05-22,5.65,5.77,5.64,5.76,3102800.0,17731740.0,243442363.0,0.012745522027322747,002199
2024-05-23,5.76,5.79,5.6,5.61,3426200.0,19398461.0,243442363.0,0.014073967890296891,002199
2024-05-24,5.61,5.68,5.5,5.53,3520415.0,19672115.0,243442363.0,0.014460979414663339,002199
2024-05-27,5.53,5.59,5.36,5.57,4800468.0,26203389.0,243442363.0,0.01971911519771109,002199
2024-05-28,5.6,5.63,5.43,5.47,3250968.0,17965566.0,243442363.0,0.013354158906188402,002199
2024-05-29,5.45,5.57,5.31,5.35,7619850.0,41154848.0,243442363.0,0.0313004273623486,002199
2024-05-30,5.35,5.44,5.26,5.37,5649600.0,30397366.0,243442363.0,0.023207135891956488,002199
2024-05-31,5.46,5.58,5.37,5.55,5192901.0,28607712.0,243442363.0,0.021331131262474642,002199
2024-06-03,5.58,5.6,5.27,5.33,5413800.0,29288720.0,243442363.0,0.022238528797060682,002199
2024-06-04,5.25,5.28,4.91,5.06,7232069.0,36403306.0,243442363.0,0.029707520543579342,002199
2024-06-05,5.02,5.57,4.7,4.8,20003033.0,102409086.0,243442363.0,0.08216742868208193,002199
2024-06-06,4.62,4.96,4.4,4.46,16269700.0,75425729.0,243442363.0,0.06683183567356352,002199
2024-06-07,4.49,4.74,4.48,4.55,14036569.0,64424292.0,243442363.0,0.05765869517130837,002199
2024-06-11,4.58,4.77,4.27,4.74,9596600.0,44061777.0,243442363.0,0.039420419197952,002199
2024-06-12,4.75,5.21,4.75,5.21,12340268.0,62141757.0,243442363.0,0.050690717293111386,002199
2024-06-13,5.17,5.73,5.06,5.73,32629886.0,174907378.0,243442363.0,0.1340353650773592,002199
2024-06-14,5.92,6.3,5.86,6.3,26126758.0,162282022.0,243442363.0,0.10732215082877748,002199
2024-06-17,6.82,6.93,6.1,6.93,55776434.0,378739946.0,243442363.0,0.22911556276669892,002199
2024-06-18,7.6,7.62,7.59,7.62,16804205.0,127934324.0,243442363.0,0.06902744778237303,002199
2024-06-19,7.82,8.38,7.7,8.38,66015427.0,540169332.0,243442363.0,0.27117477084298597,002199
2024-06-20,8.89,9.22,7.54,9.22,57437107.0,487534601.0,243442363.0,0.23593718978155007,002199
2024-06-21,8.6,10.0,8.3,8.3,78889883.0,697421991.0,243442363.0,0.3240597980886342,002199
2024-06-24,7.47,8.26,7.47,7.47,61743992.0,473888828.0,243442363.0,0.25362879015432493,002199
2024-06-25,7.14,7.43,6.72,6.74,54204768.0,380712129.0,243442363.0,0.2226595541220572,002199
2024-06-26,6.7,7.05,6.42,7.0,47425765.0,322432815.0,243442363.0,0.19481311475768084,002199
2024-06-27,6.83,7.07,6.52,6.53,39518210.0,269171014.0,243442363.0,0.16233086761485305,002199
2024-06-28,6.55,6.77,6.45,6.64,33847909.0,223924657.0,243442363.0,0.13903869722132134,002199
2024-07-01,6.5,6.6,6.31,6.56,25922309.0,166914502.0,243442363.0,0.10648232575691849,002199
2024-07-02,6.57,6.89,6.34,6.81,40288207.0,267645063.0,243442363.0,0.1654938216320222,002199
2024-07-03,6.68,6.69,6.22,6.32,29784106.0,193547207.0,243442363.0,0.12234561656797589,002199
2024-07-04,6.27,6.43,5.88,5.91,28548699.0,174433914.0,243442363.0,0.11727087532419327,002199
2024-07-05,5.93,5.95,5.65,5.94,20659849.0,120729864.0,243442363.0,0.08486546361694657,002199
2024-07-08,5.9,5.97,5.65,5.71,15759704.0,91027569.0,243442363.0,0.06473690037259457,002199
2024-07-09,5.72,6.04,5.72,6.01,22269506.0,131432181.0,243442363.0,0.09147752973462553,002199
2024-07-10,5.96,6.05,5.8,5.99,19730000.0,117205145.0,243442363.0,0.08104587778750734,002199
2024-07-11,6.11,6.15,5.95,6.04,18755600.0,112992490.0,243442363.0,0.07704328765490992,002199
2024-07-12,6.03,6.03,5.9,5.94,12361000.0,73561629.0,243442363.0,0.05077587913488993,002199
2024-07-15,6.0,6.01,5.8,5.85,9583405.0,56232807.0,243442363.0,0.03936621745657308,002199
2024-07-16,5.88,6.11,5.84,6.02,19527858.0,116659596.0,243442363.0,0.0802155292914241,002199
2024-07-17,6.01,6.01,5.72,5.72,15277158.0,88711515.0,243442363.0,0.06275472276778714,002199
2024-07-18,5.64,5.65,5.38,5.58,14819400.0,81574840.0,243442363.0,0.060874368032650096,002199
2024-07-19,5.6,5.95,5.55,5.79,19124300.0,110488649.0,243442363.0,0.0785578145246643,002199
2024-07-22,5.73,5.96,5.63,5.92,16573650.0,96355540.0,243442363.0,0.0680803858283285,002199
2024-07-23,5.92,5.98,5.74,5.75,11709600.0,68690553.0,243442363.0,0.04810009176586903,002199
2024-07-24,5.74,5.98,5.59,5.64,11857649.0,68153307.0,243442363.0,0.048708239822663896,002199
2024-07-25,5.59,5.7,5.48,5.59,9976600.0,55569712.0,243442363.0,0.04098136362568909,002199
2024-07-26,5.6,5.65,5.5,5.59,9322900.0,51924824.0,243442363.0,0.038296128435131895,002199
2024-07-29,5.59,5.86,5.51,5.72,12051150.0,68560378.0,243442363.0,0.049503093264010097,002199
2024-07-30,5.67,5.86,5.63,5.82,11229000.0,64717460.0,243442363.0,0.04612590783963102,002199
2024-07-31,5.83,5.95,5.71,5.91,14373900.0,84612853.0,243442363.0,0.05904436607855306,002199
2024-08-01,5.87,6.05,5.84,5.96,15991602.0,95004113.0,243442363.0,0.06568947903286661,002199
2024-08-02,5.87,5.92,5.66,5.67,13853502.0,80227379.0,243442363.0,0.05690670197774904,002199
2024-08-05,5.61,5.68,5.3,5.36,12817300.0,70399580.0,243442363.0,0.05265024477272265,002199
2024-08-06,5.38,5.52,5.38,5.5,9064560.0,49476261.0,243442363.0,0.037234932689180315,002199
2024-08-07,5.5,5.6,5.5,5.56,7420060.0,41228631.0,243442363.0,0.030479740290723353,002199
2024-08-08,5.59,5.59,5.36,5.5,7514900.0,41106534.0,243442363.0,0.03086931915789858,002199
2024-08-09,5.56,5.61,5.46,5.47,6592500.0,36441923.0,243442363.0,0.027080331946991495,002199
2024-08-12,5.48,5.52,5.33,5.38,5688500.0,30667396.0,243442363.0,0.02336692730837484,002199
2024-08-13,5.38,5.54,5.36,5.45,6757300.0,36718037.0,243442363.0,0.027757288898810104,002199
2024-08-14,5.45,5.79,5.43,5.66,15218801.0,85677001.0,243442363.0,0.06251500688892014,002199
2024-08-15,5.65,5.79,5.58,5.69,13628000.0,77901627.0,243442363.0,0.05598039647684491,002199
2024-08-16,5.72,5.96,5.72,5.83,19151201.0,112268556.0,243442363.0,0.07866831706690261,002199
2024-08-19,5.77,5.77,5.56,5.61,13847500.0,78020454.0,243442363.0,0.05688204727128778,002199
2024-08-20,5.59,6.17,5.59,6.17,12099602.0,73300991.0,243442363.0,0.04970212189404356,002199
2024-08-21,6.39,6.79,6.31,6.79,55462074.0,363902232.0,243442363.0,0.22782425095011094,002199
2024-08-22,6.6,6.96,6.18,6.29,47997199.0,312110726.0,243442363.0,0.19716042191062697,002199
2024-08-23,6.28,6.42,5.87,6.23,33849644.0,207332226.0,243442363.0,0.1390458241649585,002199
2024-08-26,6.16,6.85,6.02,6.85,43648427.0,281394454.0,243442363.0,0.179296760276682,002199
2024-08-27,6.71,6.86,6.38,6.38,41905827.0,274256943.0,243442363.0,0.17213859775095922,002199
2024-08-28,6.37,6.5,6.2,6.4,27310699.0,174041917.0,243442363.0,0.11218548268856558,002199
2024-08-29,6.35,6.97,6.2,6.61,42224979.0,274952669.0,243442363.0,0.17344959389833067,002199
2024-08-30,6.45,6.88,6.44,6.8,43706339.0,293527186.0,243442363.0,0.17953464820746914,002199
2024-09-02,6.68,7.16,6.65,6.72,40211087.0,276639316.0,243442363.0,0.16517703206816145,002199
2024-09-03,6.62,7.12,6.47,7.09,39717934.0,272243009.0,243442363.0,0.1631512835750777,002199
2024-09-04,6.92,7.04,6.81,6.89,26442537.0,182772031.0,243442363.0,0.10861929154047852,002199
2024-09-05,6.89,6.96,6.68,6.88,19973900.0,136376354.0,243442363.0,0.08204775764520492,002199
2024-09-06,6.79,6.88,6.23,6.3,27887525.0,180511408.0,243442363.0,0.11455493882139157,002199
2024-09-09,6.05,6.58,5.85,6.36,20109381.0,124836391.0,243442363.0,0.08260427951892663,002199
2024-09-10,6.29,6.32,6.08,6.19,14175288.0,87499064.0,243442363.0,0.0582285179346538,002199
2024-09-11,6.22,6.28,6.01,6.04,13149600.0,80226209.0,243442363.0,0.0540152495972938,002199
2024-09-12,6.04,6.09,5.9,5.92,13697502.0,81887654.0,243442363.0,0.056265893212678025,002199
2024-09-13,5.94,5.96,5.7,5.71,13739182.0,79474458.0,243442363.0,0.05643710416990982,002199
2024-09-18,5.75,5.78,5.48,5.57,11015253.0,61405790.0,243442363.0,0.04524788892227439,002199
2024-09-19,5.62,5.76,5.55,5.71,11437700.0,65022450.0,243442363.0,0.0469831949503382,002199
2024-09-20,5.7,5.81,5.69,5.81,10130202.0,58397070.0,243442363.0,0.04161232200987139,002199
2024-09-23,5.82,5.92,5.71,5.84,10415646.0,60838468.0,243442363.0,0.04278485417100556,002199
2024-09-24,5.83,5.94,5.7,5.91,13233301.0,77416066.0,243442363.0,0.054359072253993855,002199
2024-09-25,5.99,6.07,5.91,5.97,14921901.0,89482527.0,243442363.0,0.0612954163610382,002199
2024-09-26,5.97,6.06,5.9,6.06,13326300.0,79683226.0,243442363.0,0.05474108875619154,002199
2024-09-27,6.11,6.44,6.08,6.33,19395401.0,121083842.0,243442363.0,0.07967142924914838,002199
2024-09-30,6.55,6.96,6.33,6.96,29898605.0,200297250.0,243442363.0,0.12281594966279555,002199
2024-10-08,7.66,7.66,6.88,7.52,35100252.0,257312554.0,243442363.0,0.1441830072935991,002199
2024-10-09,7.25,7.35,6.77,6.77,22090788.0,155001717.0,243442363.0,0.0907434011392668,002199
2024-10-10,7.45,7.45,7.45,7.45,14839801.0,110556517.0,243442363.0,0.06095817020967711,002199
2024-10-11,7.96,7.96,6.88,7.14,55383736.0,420162507.0,243442363.0,0.22750245814858444,002199
2024-10-14,6.96,7.2,6.73,7.17,33783835.0,234938903.0,243442363.0,0.1387754973443139,002199
2024-10-15,6.94,7.5,6.94,7.16,31393800.0,227136791.0,243442363.0,0.12895783467234911,002199
2024-10-16,7.14,7.88,6.96,7.88,36936015.0,280094113.0,243442363.0,0.1517238599922726,002199
2024-10-17,8.07,8.67,7.8,8.67,55277102.0,452341120.0,243442363.0,0.22706443249567043,002199
2024-10-18,9.0,9.54,8.82,9.54,61126591.0,572004212.0,243442363.0,0.25109266212635306,002199
2024-10-21,8.97,10.49,8.97,10.49,62599277.0,607026358.0,243442363.0,0.2571420858250542,002199
2024-10-22,10.51,11.54,9.83,10.63,65949213.0,715641943.0,243442363.0,0.27090278038420124,002199
2024-10-23,9.65,10.28,9.57,9.58,51611029.0,509061180.0,243442363.0,0.2120051266508615,002199
2024-10-24,9.05,9.5,8.89,9.22,32466251.0,295664986.0,243442363.0,0.13336319365253615,002199
2024-10-25,9.08,10.14,9.08,10.14,45097890.0,437688416.0,243442363.0,0.1852507897321059,002199
2024-10-28,10.14,11.15,10.0,10.61,55122447.0,586912237.0,243442363.0,0.2264291486523239,002199
2024-10-29,10.3,10.6,10.02,10.08,41304259.0,424330740.0,243442363.0,0.16966750770489358,002199
2024-10-30,9.8,10.14,9.6,9.87,31228340.0,306125892.0,243442363.0,0.12827816660652444,002199
2024-10-31,9.86,10.86,9.85,10.86,22354001.0,236048278.0,243442363.0,0.09182461394362985,002199
2024-11-01,11.9,11.9,9.77,9.77,48910203.0,516528217.0,243442363.0,0.20091081271668398,002199
2024-11-04,9.02,10.15,9.02,9.9,25368104.0,247496940.0,243442363.0,0.10420579100277629,002199
2024-11-05,9.86,10.08,9.7,9.94,25295400.0,250186232.0,243442363.0,0.10390714125626524,002199
2024-11-06,9.94,10.04,9.57,9.61,23323470.0,228127374.0,243442363.0,0.09580694876840314,002199
2024-11-07,9.62,9.89,9.47,9.74,17154400.0,166034890.0,243442363.0,0.0704659607662451,002199
2024-11-08,9.8,10.71,9.68,10.71,47722520.0,497702627.0,243442363.0,0.19603210966203116,002199
2024-11-11,10.84,11.66,10.79,11.17,53688904.0,597012480.0,243442363.0,0.2205405145529252,002199
2024-11-12,11.1,12.27,10.86,11.6,44879025.0,518733840.0,243442363.0,0.18435174735795676,002199
2024-11-13,11.28,11.3,10.44,10.95,30623362.0,329153413.0,243442363.0,0.1257930691380941,002199
2024-11-14,10.7,11.18,10.42,10.44,20176100.0,216184889.0,243442363.0,0.08287834439070081,002199
2024-11-15,10.4,10.6,9.77,9.79,18525951.0,187995739.0,243442363.0,0.07609994732100099,002199
2024-11-18,9.79,10.05,9.16,9.3,17069215.0,161844090.0,243442363.0,0.07011604221077988,002199
2024-11-19,9.36,10.23,9.33,10.23,10349662.0,103443572.0,243442363.0,0.0425138084943745,002199
2024-11-20,10.25,11.11,10.25,10.9,34990556.0,372173154.0,243442363.0,0.14373240371479634,002199
2024-11-21,10.63,10.83,10.51,10.71,22776150.0,242683627.0,243442363.0,0.09355869586264244,002199
2024-11-22,10.81,11.35,10.58,10.74,28018320.0,306447469.0,243442363.0,0.11509221178567018,002199
2024-11-25,10.59,11.09,10.13,10.46,18991451.0,198342943.0,243442363.0,0.07801210424497892,002199
2024-11-26,10.37,10.64,9.99,10.02,14567600.0,148691562.0,243442363.0,0.05984003696184957,002199
2024-11-27,10.24,10.24,9.55,10.04,16989201.0,167507755.0,243442363.0,0.06978736482277738,002199
2024-11-28,10.04,10.13,9.78,9.86,12715902.0,126113577.0,243442363.0,0.05223372729092348,002199
2024-11-29,9.86,10.2,9.51,9.93,20289700.0,199359959.0,243442363.0,0.08334498461962432,002199
2024-12-02,9.82,10.06,9.82,10.03,15180200.0,151573445.0,243442363.0,0.06235644368930152,002199
2024-12-03,10.0,10.43,9.94,10.08,15722786.0,159067981.0,243442363.0,0.0645852505136914,002199
2024-12-04,10.12,10.24,9.62,9.71,14015703.0,138341084.0,243442363.0,0.05757298289123163,002199
2024-12-05,9.56,9.84,9.55,9.78,9001400.0,87687832.0,243442363.0,0.036975487294296436,002199
2024-12-06,9.78,9.9,9.66,9.81,9494836.0,92873959.0,243442363.0,0.039002398280204006,002199
2024-12-09,9.82,10.27,9.72,10.04,15794691.0,158581558.0,243442363.0,0.0648806181691557,002199
2024-12-10,10.3,10.35,9.85,9.88,15272610.0,152745503.0,243442363.0,0.06273604072763622,002199
2024-12-11,9.76,10.0,9.74,9.99,9714003.0,96263816.0,243442363.0,0.03990268119439836,002199
2024-12-12,10.04,10.99,9.95,10.99,29940315.0,319285462.0,243442363.0,0.12298728385248216,002199
2024-12-13,11.05,12.09,10.7,11.24,59821386.0,675131245.0,243442363.0,0.24573120825318312,002199
2024-12-16,11.13,11.18,10.71,10.86,29926144.0,326266765.0,243442363.0,0.12292907294857304,002199
2024-12-17,10.83,11.4,10.37,11.05,36475200.0,399084942.0,243442363.0,0.14983094786998924,002199
2024-12-18,11.06,12.16,10.76,12.16,37753595.0,437363770.0,243442363.0,0.1550822730060339,002199
2024-12-19,12.17,13.38,11.6,11.63,66944961.0,850481407.0,243442363.0,0.27499306273164953,002199
2024-12-20,11.51,12.5,11.29,12.02,46534283.0,550946159.0,243442363.0,0.19115113091471264,002199
2024-12-23,10.82,11.05,10.82,10.82,7808300.0,84538582.0,243442363.0,0.032074532566051375,002199
2024-12-24,9.74,9.74,9.74,9.74,3362000.0,32745880.0,243442363.0,0.013810250436979204,002199
2024-12-25,8.77,8.77,8.77,8.77,2206500.0,19351005.0,243442363.0,0.009063747052110237,002199
2024-12-26,7.89,9.56,7.89,8.97,54842042.0,471855086.0,243442363.0,0.22527731543585125,002199
2024-12-27,8.24,8.55,8.18,8.19,40696159.0,338653303.0,243442363.0,0.16716958584566483,002199
2024-12-30,8.01,8.15,7.55,7.83,25816107.0,203640000.0,243442363.0,0.10604607465135392,002199
2024-12-31,7.94,8.03,7.48,7.49,19157964.0,146615538.0,243442363.0,0.07869609776996783,002199
