日期,开盘,最高,最低,收盘,成交量,成交额,outstanding_share,换手率,股票代码
2020-01-02,3.75,3.83,3.74,3.83,5260602.0,19891172.0,772482701.0,0.006809993276470795,002172
2020-01-03,3.82,3.84,3.79,3.82,3343900.0,12745445.0,772482701.0,0.0043287700755903396,002172
2020-01-06,3.81,3.82,3.73,3.81,8040025.0,30378287.0,772482701.0,0.01040803242531123,002172
2020-01-07,3.81,3.86,3.8,3.85,4703500.0,18052565.0,772482701.0,0.006088809489081361,002172
2020-01-08,3.83,3.84,3.76,3.76,5284700.0,20060468.0,772482701.0,0.006841188797055016,002172
2020-01-09,3.78,3.81,3.77,3.78,2924500.0,11071700.0,772482701.0,0.0037858452962301354,002172
2020-01-10,3.79,3.86,3.78,3.84,4845701.0,18543611.0,772482701.0,0.006272892575752321,002172
2020-01-13,3.84,3.84,3.75,3.82,3470500.0,13166969.0,772482701.0,0.004492657240747712,002172
2020-01-14,3.82,3.84,3.78,3.82,4216100.0,16100490.0,772482701.0,0.005457856848499187,002172
2020-01-15,3.82,3.83,3.75,3.77,8093939.0,30684159.0,772482701.0,0.010477825573986544,002172
2020-01-16,3.76,3.86,3.75,3.86,8027127.0,30704473.0,772482701.0,0.010391335611281216,002172
2020-01-17,3.86,3.95,3.82,3.83,5440925.0,21043587.0,772482701.0,0.007043426335575636,002172
2020-01-20,3.83,3.9,3.81,3.84,7793525.0,30042892.0,772482701.0,0.010088931428381591,002172
2020-01-21,3.84,4.12,3.83,4.08,24071585.0,96509016.0,772482701.0,0.0311613256437182,002172
2020-01-22,4.07,4.07,3.84,3.84,11973424.0,47024543.0,772482701.0,0.015499925091526418,002172
2020-01-23,3.76,3.76,3.46,3.62,14133602.0,51103533.0,772482701.0,0.018296334638566877,002172
2020-02-03,3.26,3.26,3.26,3.26,5150800.0,16791608.0,772482701.0,0.0066678515820899915,002172
2020-02-04,3.0,3.46,2.99,3.43,24339631.0,76658790.0,772482701.0,0.03150831852738149,002172
2020-02-05,3.35,3.57,3.21,3.5,31522545.0,107799778.0,772482701.0,0.04080679730328356,002172
2020-02-06,3.54,3.75,3.39,3.67,32005634.0,114833070.0,772482701.0,0.041432169236369734,002172
2020-02-07,3.69,4.01,3.69,3.75,36162442.0,138643289.0,772482701.0,0.04681327096799285,002172
2020-02-10,3.85,3.99,3.66,3.73,26474104.0,101024455.0,772482701.0,0.03427145224835268,002172
2020-02-11,3.82,3.88,3.58,3.63,15661003.0,57841020.0,772482701.0,0.020273597039424187,002172
2020-02-12,3.56,3.62,3.53,3.59,11474303.0,41033229.0,772482701.0,0.014853799295629792,002172
2020-02-13,3.59,3.63,3.45,3.47,11481010.0,40273672.0,772482701.0,0.014862481690706496,002172
2020-02-14,3.52,3.52,3.39,3.42,8376178.0,28825521.0,772482701.0,0.010843191684625181,002172
2020-02-17,3.41,3.56,3.39,3.51,12779780.0,44313702.0,772482701.0,0.01654377500422498,002172
2020-02-18,3.48,3.53,3.46,3.51,7859967.0,27474944.0,772482701.0,0.010174942415959681,002172
2020-02-19,3.51,3.51,3.43,3.45,6807000.0,23588843.0,772482701.0,0.008811847813793308,002172
2020-02-20,3.45,3.49,3.41,3.46,6064322.0,20943772.0,772482701.0,0.007850430815019637,002172
2020-02-21,3.47,3.52,3.45,3.46,10606308.0,36918887.0,772482701.0,0.013730156010315627,002172
2020-02-24,3.53,3.64,3.51,3.53,14877301.0,52956506.0,772482701.0,0.01925907334978625,002172
2020-02-25,3.54,3.69,3.48,3.65,22321096.0,80143510.0,772482701.0,0.02889526972073903,002172
2020-02-26,3.61,3.73,3.55,3.58,17614702.0,63510307.0,772482701.0,0.02280271386944625,002172
2020-02-27,3.53,3.7,3.43,3.66,25427797.0,90970919.0,772482701.0,0.032916979198476574,002172
2020-02-28,3.65,4.03,3.6,4.03,58230046.0,232738381.0,772482701.0,0.07538038835642483,002172
2020-03-02,4.03,4.43,3.9,4.18,103537644.0,432226642.0,772482701.0,0.1340323140776715,002172
2020-03-03,3.94,4.37,3.86,4.06,83736413.0,338076599.0,772482701.0,0.1083990785704339,002172
2020-03-04,3.96,4.03,3.81,3.87,46877768.0,183527037.0,772482701.0,0.06068455376323049,002172
2020-03-05,3.89,4.07,3.83,4.0,57463836.0,227935135.0,772482701.0,0.07438850853955886,002172
2020-03-06,3.96,4.4,3.95,4.4,75507534.0,320572003.0,772482701.0,0.09774656947301659,002172
2020-03-09,4.6,4.84,4.45,4.84,105396162.0,501771484.0,772482701.0,0.13643821649800283,002172
2020-03-10,4.45,4.65,4.36,4.36,128155344.0,569489770.0,772482701.0,0.16590060053655492,002172
2020-03-11,4.18,4.69,4.07,4.56,108018650.0,471957246.0,772482701.0,0.13983309899388932,002172
2020-03-12,4.64,4.78,4.3,4.47,86000549.0,386085690.0,772482701.0,0.11133006459389956,002172
2020-03-13,4.15,4.38,4.06,4.11,70980600.0,296923008.0,772482701.0,0.09188632950370755,002172
2020-03-16,4.18,4.34,4.09,4.1,62598889.0,264196300.0,772482701.0,0.08103597519913912,002172
2020-03-17,3.97,4.05,3.69,3.8,55001786.0,208008280.0,772482701.0,0.07120131742600667,002172
2020-03-18,3.75,3.93,3.64,3.72,41279494.0,155513744.0,772482701.0,0.05343743484036932,002172
2020-03-19,3.61,3.67,3.4,3.55,42100571.0,148572363.0,772482701.0,0.054500341490495076,002172
2020-03-20,3.54,3.63,3.44,3.55,25452779.0,90241851.0,772482701.0,0.03294931908125668,002172
2020-03-23,3.46,3.53,3.2,3.24,34465079.0,115393752.0,772482701.0,0.04461598810612071,002172
2020-03-24,3.28,3.32,3.13,3.23,23690802.0,76351777.0,772482701.0,0.03066839162784048,002172
2020-03-25,3.27,3.42,3.24,3.39,27802901.0,92171588.0,772482701.0,0.035991616335237515,002172
2020-03-26,3.35,3.42,3.27,3.31,22719625.0,75828839.0,772482701.0,0.02941117641934094,002172
2020-03-27,3.34,3.39,3.27,3.29,18503625.0,61558195.0,772482701.0,0.023953449023578845,002172
2020-03-30,3.27,3.35,3.16,3.21,16753433.0,54770912.0,772482701.0,0.021687777575228835,002172
2020-03-31,3.23,3.26,3.14,3.16,14712301.0,46926652.0,772482701.0,0.019045476333585883,002172
2020-04-01,3.14,3.17,3.07,3.09,15291443.0,47739286.0,772482701.0,0.019795191504230203,002172
2020-04-02,3.07,3.22,3.04,3.21,18118080.0,56817575.0,772482701.0,0.023454350468360845,002172
2020-04-03,3.2,3.29,3.16,3.17,16161000.0,52056230.0,772482701.0,0.02092085684129773,002172
2020-04-07,3.25,3.33,3.19,3.3,20570676.0,67035179.0,772482701.0,0.026629303120148447,002172
2020-04-08,3.31,3.35,3.26,3.28,19560602.0,64396021.0,772482701.0,0.025321734680502573,002172
2020-04-09,3.29,3.38,3.27,3.34,19409401.0,64587409.0,772482701.0,0.02512600084749341,002172
2020-04-10,3.33,3.34,3.22,3.23,15011102.0,49098765.0,772482701.0,0.019432282406541556,002172
2020-04-13,3.21,3.55,3.21,3.39,33621724.0,114181407.0,772482701.0,0.0435242419752258,002172
2020-04-14,3.43,3.44,3.26,3.34,23466451.0,77965908.0,772482701.0,0.030377963117649155,002172
2020-04-15,3.23,3.27,3.21,3.23,20989700.0,68014591.0,772482701.0,0.02717174115721719,002172
2020-04-16,3.18,3.2,3.11,3.14,17144102.0,53940255.0,772482701.0,0.022193509288695384,002172
2020-04-17,3.17,3.19,3.12,3.12,11561804.0,36308134.0,772482701.0,0.014967071735111904,002172
2020-04-20,3.12,3.17,3.08,3.13,9262003.0,28917544.0,772482701.0,0.011989916392962695,002172
2020-04-21,3.12,3.15,3.08,3.1,10017002.0,31177227.0,772482701.0,0.012967283263473366,002172
2020-04-22,3.08,3.12,3.05,3.11,7930906.0,24491464.0,772482701.0,0.01026677489312476,002172
2020-04-23,3.12,3.14,3.09,3.09,9375500.0,29248542.0,772482701.0,0.012136841365979017,002172
2020-04-24,3.06,3.08,3.0,3.01,12402423.0,37561864.0,772482701.0,0.016055276039120003,002172
2020-04-27,2.99,3.02,2.97,2.97,8079100.0,24153816.0,772482701.0,0.01045861608232959,002172
2020-04-28,2.99,3.0,2.75,2.83,10693000.0,30549241.0,772482701.0,0.013842381177154672,002172
2020-04-29,2.85,2.89,2.8,2.83,5655900.0,16143931.0,772482701.0,0.007321717357137296,002172
2020-04-30,2.86,2.87,2.84,2.85,5280401.0,15077111.0,772482701.0,0.0068356236238874685,002172
2020-05-06,2.8,2.89,2.79,2.88,5469301.0,15611654.0,772482701.0,0.007080159844252616,002172
2020-05-07,2.88,2.89,2.83,2.83,4913411.0,14050233.0,772482701.0,0.006360545024036726,002172
2020-05-08,2.83,2.88,2.82,2.85,7464001.0,21238856.0,772482701.0,0.009662353591009412,002172
2020-05-11,2.85,2.88,2.8,2.82,6345291.0,18020697.0,772482701.0,0.008214152875897216,002172
2020-05-12,2.82,2.83,2.72,2.77,6922174.0,19218370.0,772482701.0,0.008960943709210648,002172
2020-05-13,2.75,2.8,2.74,2.78,5314926.0,14738253.0,772482701.0,0.006880317181368182,002172
2020-05-14,2.78,2.78,2.71,2.72,6523130.0,17855291.0,772482701.0,0.008444370329012714,002172
2020-05-15,2.72,2.73,2.69,2.7,4878500.0,13238236.0,772482701.0,0.006315351778990841,002172
2020-05-18,2.68,2.69,2.6,2.61,9130900.0,24164229.0,772482701.0,0.011820199971054109,002172
2020-05-19,2.61,2.68,2.58,2.63,8989494.0,23529113.0,772482701.0,0.011637146033643023,002172
2020-05-20,2.61,2.62,2.53,2.54,10481850.0,26904124.0,772482701.0,0.013569041722786748,002172
2020-05-21,2.54,2.56,2.43,2.48,10835931.0,27063637.0,772482701.0,0.014027409268806397,002172
2020-05-22,2.48,2.59,2.46,2.53,11996914.0,30225767.0,772482701.0,0.015530333539469126,002172
2020-05-25,2.48,2.55,2.48,2.5,5988750.0,15064971.0,772482701.0,0.007752600792545127,002172
2020-05-26,2.5,2.56,2.5,2.55,6557566.0,16670023.0,772482701.0,0.008488948673557416,002172
2020-05-27,2.57,2.63,2.54,2.55,7481500.0,19304553.0,772482701.0,0.00968500652547299,002172
2020-05-28,2.54,2.56,2.49,2.51,6310450.0,15922800.0,772482701.0,0.008169050247767295,002172
2020-05-29,2.52,2.56,2.51,2.52,6356949.0,16102941.0,772482701.0,0.008229244475987302,002172
2020-06-01,2.52,2.59,2.52,2.59,8173252.0,21014262.0,772482701.0,0.010580498423355632,002172
2020-06-02,2.59,2.63,2.57,2.6,9033400.0,23527121.0,772482701.0,0.011693983552390257,002172
2020-06-03,2.61,2.66,2.6,2.65,10206600.0,26901807.0,772482701.0,0.013212723063943409,002172
2020-06-04,2.65,2.68,2.62,2.67,9108652.0,24161538.0,772482701.0,0.011791399326106074,002172
2020-06-05,2.67,2.7,2.64,2.68,9351400.0,24970068.0,772482701.0,0.012105643256340054,002172
2020-06-08,2.73,2.76,2.62,2.63,8259814.0,22018959.0,772482701.0,0.010692555301636457,002172
2020-06-09,2.66,2.68,2.62,2.64,6241709.0,16485420.0,772482701.0,0.008080063141763481,002172
2020-06-10,2.63,2.66,2.57,2.58,7382262.0,19156001.0,772482701.0,0.009556540218238492,002172
2020-06-11,2.58,2.6,2.54,2.55,5777750.0,14849399.0,772482701.0,0.007479455517282839,002172
2020-06-12,2.49,2.57,2.47,2.56,5897101.0,14964506.0,772482701.0,0.007633958653528476,002172
2020-06-15,2.55,2.63,2.55,2.62,10240400.0,26640673.0,772482701.0,0.01325647808908021,002172
2020-06-16,2.62,2.62,2.57,2.6,8032861.0,20829581.0,772482701.0,0.010398758431226021,002172
2020-06-17,2.6,2.65,2.59,2.63,11839800.0,30944203.0,772482701.0,0.015326945166115765,002172
2020-06-18,2.6,2.62,2.56,2.56,9083500.0,23377569.0,772482701.0,0.011758839373672912,002172
2020-06-19,2.56,2.57,2.53,2.53,6376001.0,16250619.0,772482701.0,0.008253907811457904,002172
2020-06-22,2.52,2.54,2.49,2.5,7402164.0,18554957.0,772482701.0,0.009582303901974369,002172
2020-06-23,2.5,2.51,2.45,2.47,7410235.0,18325632.0,772482701.0,0.009592752032384995,002172
2020-06-24,2.52,2.65,2.52,2.54,20474916.0,52563091.0,772482701.0,0.02650533917910998,002172
2020-06-29,2.5,2.53,2.46,2.47,10280800.0,25529462.0,772482701.0,0.013308776994865028,002172
2020-06-30,2.47,2.5,2.47,2.48,6598302.0,16383304.0,773118646.0,0.008534656399944078,002172
2020-07-01,2.45,2.48,2.44,2.46,9059000.0,22238580.0,773118646.0,0.01171747706108229,002172
2020-07-02,2.45,2.5,2.43,2.49,10928480.0,26988426.0,773118646.0,0.014135579392040689,002172
2020-07-03,2.52,2.56,2.5,2.53,14123000.0,35607340.0,773118646.0,0.018267571314015366,002172
2020-07-06,2.59,2.68,2.54,2.66,26617884.0,69690452.0,773118646.0,0.03442923558721154,002172
2020-07-07,2.73,2.73,2.63,2.66,21239175.0,56910165.0,773118646.0,0.027472077034861736,002172
2020-07-08,2.71,2.77,2.63,2.72,21216622.0,57328659.0,773118646.0,0.027442905574418135,002172
2020-07-09,2.74,2.85,2.72,2.81,24237010.0,67573434.0,773118646.0,0.03134966427908401,002172
2020-07-10,2.86,2.92,2.77,2.79,26430200.0,75119134.0,773118646.0,0.03418647336569347,002172
2020-07-13,2.78,2.87,2.76,2.83,23201624.0,65375915.0,773118646.0,0.0300104312837903,002172
2020-07-14,2.84,2.88,2.74,2.79,19832592.0,55640622.0,773118646.0,0.025652714628745354,002172
2020-07-15,2.78,2.8,2.67,2.69,19178190.0,52280283.0,773118646.0,0.024806270162057376,002172
2020-07-16,2.69,2.73,2.58,2.59,17435374.0,46346746.0,773118646.0,0.02255200296902424,002172
2020-07-17,2.6,2.65,2.55,2.63,11624484.0,30317546.0,773118646.0,0.015035834486910047,002172
2020-07-20,2.64,2.73,2.63,2.73,10228628.0,27538563.0,773118646.0,0.01323034705335512,002172
2020-07-21,2.74,2.78,2.68,2.76,13918843.0,37971319.0,773118646.0,0.018003501884237313,002172
2020-07-22,2.75,2.77,2.69,2.72,10868218.0,29778593.0,773118646.0,0.014057632753045772,002172
2020-07-23,2.69,2.71,2.62,2.67,8737538.0,23290951.0,773118646.0,0.011301678009199121,002172
2020-07-24,2.68,2.72,2.57,2.6,12051700.0,31877840.0,773118646.0,0.015588422375211993,002172
2020-07-27,2.59,2.62,2.54,2.58,6930074.0,17835318.0,773118646.0,0.008963791050513611,002172
2020-07-28,2.59,2.64,2.59,2.63,6853971.0,17873070.0,773118646.0,0.008865354671577796,002172
2020-07-29,2.6,2.71,2.59,2.69,9889721.0,26259593.0,773118646.0,0.01279198354763261,002172
2020-07-30,2.7,2.83,2.7,2.83,30871062.0,85852920.0,773118646.0,0.03993056196448275,002172
2020-07-31,2.8,2.98,2.76,2.92,46099966.0,132690801.0,773118646.0,0.05962857866449647,002172
2020-08-03,2.96,3.21,2.88,3.21,52390391.0,162841092.0,773118646.0,0.06776500770103015,002172
2020-08-04,3.2,3.21,2.98,3.01,68293814.0,208411047.0,773118646.0,0.08833548945345188,002172
2020-08-05,2.95,2.97,2.86,2.92,29897931.0,86926203.0,773118646.0,0.03867185347900664,002172
2020-08-06,2.95,2.95,2.82,2.87,22730949.0,65408079.0,773118646.0,0.02940163080738839,002172
2020-08-07,2.88,2.91,2.79,2.83,16708500.0,47415520.0,773118646.0,0.021611818685847606,002172
2020-08-10,2.83,2.87,2.8,2.85,14470102.0,41156122.0,773118646.0,0.018716534745172864,002172
2020-08-11,2.84,2.85,2.78,2.78,14528715.0,40883377.0,773118646.0,0.01879234846445548,002172
2020-08-12,2.76,2.84,2.7,2.84,15455121.0,42508416.0,773118646.0,0.019990619913207993,002172
2020-08-13,2.83,2.88,2.81,2.86,10631500.0,30275644.0,773118646.0,0.013751446889821876,002172
2020-08-14,2.84,2.86,2.79,2.84,8826773.0,24926308.0,773118646.0,0.011417100138081523,002172
2020-08-17,2.85,2.88,2.83,2.86,8448150.0,24141970.0,773118646.0,0.010927365474509588,002172
2020-08-18,2.87,2.88,2.85,2.88,10406101.0,29837954.0,773118646.0,0.013459901728977314,002172
2020-08-19,2.89,2.97,2.84,2.91,19637388.0,57260010.0,773118646.0,0.025400225569000182,002172
2020-08-20,2.88,2.89,2.81,2.82,12344034.0,35182582.0,773118646.0,0.015966545450515495,002172
2020-08-21,2.82,2.85,2.8,2.82,7980148.0,22487856.0,773118646.0,0.010322022423450901,002172
2020-08-24,2.82,2.82,2.75,2.81,6679500.0,18679674.0,773118646.0,0.008639682970471262,002172
2020-08-25,2.81,2.83,2.78,2.8,7774300.0,21764141.0,773118646.0,0.010055765748534281,002172
2020-08-26,2.8,2.82,2.7,2.72,8907460.0,24531000.0,773118646.0,0.011521465749255775,002172
2020-08-27,2.72,2.79,2.71,2.77,7599771.0,20953954.0,773118646.0,0.009830019026600996,002172
2020-08-28,2.76,2.84,2.76,2.8,8787401.0,24631133.0,773118646.0,0.011366173931342486,002172
2020-08-31,2.8,2.85,2.8,2.83,8955999.0,25345208.0,773118646.0,0.011584249127009155,002172
2020-09-01,2.81,2.84,2.78,2.8,5692302.0,15946201.0,773118646.0,0.007362779347582829,002172
2020-09-02,2.82,2.87,2.77,2.82,13756500.0,38801909.0,773118646.0,0.017793517296697044,002172
2020-09-03,2.84,2.88,2.8,2.81,10782548.0,30637436.0,773118646.0,0.013946821818083533,002172
2020-09-04,2.77,2.89,2.74,2.89,17695800.0,50099158.0,773118646.0,0.022888854241914117,002172
2020-09-07,2.92,2.99,2.89,2.94,23028899.0,67576327.0,773118646.0,0.029787017968261498,002172
2020-09-08,2.92,3.15,2.92,3.11,42807191.0,131411886.0,773118646.0,0.05536949758161699,002172
2020-09-09,3.11,3.26,2.99,3.0,51523372.0,161953739.0,773118646.0,0.06664355111155863,002172
2020-09-10,3.06,3.1,2.83,2.85,30416102.0,90204008.0,773118646.0,0.03934208825174293,002172
2020-09-11,2.82,2.83,2.76,2.79,16980650.0,47417992.0,773118646.0,0.02196383451344155,002172
2020-09-14,2.81,2.84,2.77,2.81,11731802.0,32883738.0,773118646.0,0.015174646298726056,002172
2020-09-15,2.79,2.81,2.77,2.81,8468577.0,23630839.0,773118646.0,0.010953787033613984,002172
2020-09-16,2.8,2.8,2.73,2.74,10806702.0,29843149.0,773118646.0,0.013978064112037987,002172
2020-09-17,2.75,2.77,2.71,2.72,7632879.0,20889147.0,773118646.0,0.00987284298405086,002172
2020-09-18,2.71,2.81,2.71,2.79,11816526.0,32746797.0,773118646.0,0.015284233618134725,002172
2020-09-21,2.81,2.83,2.78,2.8,7302600.0,20471019.0,773118646.0,0.009445639473038916,002172
2020-09-22,2.8,2.83,2.75,2.77,8604100.0,24000684.0,773118646.0,0.011129080956094287,002172
2020-09-23,2.78,2.79,2.74,2.78,6362715.0,17611915.0,773118646.0,0.008229933442841838,002172
2020-09-24,2.75,2.76,2.65,2.69,10260802.0,27749289.0,773118646.0,0.013271962916801777,002172
2020-09-25,2.69,2.73,2.67,2.71,6853000.0,18589951.0,773118646.0,0.00886409871946097,002172
2020-09-28,2.71,2.73,2.61,2.63,7056700.0,18845698.0,773118646.0,0.009127577036862723,002172
2020-09-29,2.64,2.7,2.62,2.65,8293306.0,21983980.0,773118646.0,0.01072708056248329,002172
2020-09-30,2.65,2.66,2.62,2.62,5539408.0,14592478.0,773118646.0,0.007165016687490422,002172
2020-10-09,2.66,2.72,2.65,2.71,6714234.0,18040173.0,773118646.0,0.00868461009799523,002172
2020-10-12,2.72,2.93,2.72,2.86,17062776.0,48403239.0,773118646.0,0.022070061417196758,002172
2020-10-13,2.87,2.92,2.85,2.86,12533400.0,35993247.0,773118646.0,0.01621148327600936,002172
2020-10-14,2.85,2.93,2.84,2.87,12585200.0,36318827.0,773118646.0,0.016278484635073722,002172
2020-10-15,2.9,2.91,2.77,2.78,14686120.0,41246013.0,773118646.0,0.01899594593402162,002172
2020-10-16,2.78,2.85,2.76,2.77,11566001.0,32306661.0,773118646.0,0.014960188917756356,002172
2020-10-19,2.83,2.91,2.76,2.8,11367000.0,32157236.0,773118646.0,0.014702788580784016,002172
2020-10-20,2.78,2.81,2.76,2.81,6609051.0,18359466.0,773118646.0,0.008548559828681199,002172
2020-10-21,2.78,2.81,2.74,2.76,6706000.0,18578201.0,773118646.0,0.008673959727521564,002172
2020-10-22,2.72,2.73,2.67,2.7,6912200.0,18644777.0,773118646.0,0.008940671701248815,002172
2020-10-23,2.71,2.72,2.65,2.67,7004700.0,18751066.0,773118646.0,0.009060316985292319,002172
2020-10-26,2.68,2.7,2.63,2.66,4499900.0,11985472.0,773118646.0,0.005820452039647224,002172
2020-10-27,2.64,2.73,2.62,2.67,6822300.0,18208029.0,773118646.0,0.00882438941978383,002172
2020-10-28,2.67,2.67,2.61,2.64,8794575.0,23170632.0,773118646.0,0.011375453231534141,002172
2020-10-29,2.6,2.64,2.59,2.63,6778100.0,17722211.0,773118646.0,0.008767218375948987,002172
2020-10-30,2.6,2.62,2.51,2.53,8701483.0,22314269.0,773118646.0,0.011255042217672758,002172
2020-11-02,2.53,2.56,2.5,2.51,3963701.0,9983914.0,773118646.0,0.005126898724416485,002172
2020-11-03,2.52,2.63,2.51,2.61,6378000.0,16462808.0,773118646.0,0.008249704017615945,002172
2020-11-04,2.6,2.62,2.57,2.59,3407823.0,8827117.0,773118646.0,0.0044078913600539395,002172
2020-11-05,2.59,2.63,2.58,2.61,5910400.0,15372896.0,773118646.0,0.0076448809384944,002172
2020-11-06,2.61,2.72,2.6,2.65,11493037.0,30513260.0,773118646.0,0.01486581271770284,002172
2020-11-09,2.76,2.92,2.76,2.92,24533100.0,71285128.0,773118646.0,0.03173264559965095,002172
2020-11-10,2.9,2.9,2.72,2.76,43028458.0,121011141.0,773118646.0,0.055655698155286766,002172
2020-11-11,2.72,2.76,2.65,2.68,22742122.0,60998853.0,773118646.0,0.029416082664238317,002172
2020-11-12,2.69,2.71,2.62,2.65,13827300.0,36722696.0,773118646.0,0.01788509444383521,002172
2020-11-13,2.66,2.92,2.61,2.92,38919555.0,109730948.0,773118646.0,0.05034098608456017,002172
2020-11-16,3.1,3.21,3.02,3.21,39773043.0,125692661.0,773118646.0,0.051444940832535556,002172
2020-11-17,3.53,3.53,3.53,3.53,12091778.0,42683976.0,773118646.0,0.01564026176649735,002172
2020-11-18,3.61,3.88,3.47,3.79,180007929.0,664231820.0,773118646.0,0.23283351130041172,002172
2020-11-19,3.41,3.5,3.41,3.41,26194853.0,89449819.0,773118646.0,0.03388206083959848,002172
2020-11-20,3.08,3.25,3.07,3.15,115516472.0,360821220.0,773118646.0,0.1494162281529037,002172
2020-11-23,3.09,3.27,3.03,3.17,80261113.0,251837416.0,773118646.0,0.10381474229765246,002172
2020-11-24,3.14,3.21,3.06,3.13,59718794.0,185562560.0,773118646.0,0.07724402238773581,002172
2020-11-25,3.16,3.18,3.0,3.01,47876822.0,147970860.0,773118646.0,0.061926875322057616,002172
2020-11-26,3.01,3.1,2.96,3.05,33141069.0,101006463.0,773118646.0,0.04286673096227458,002172
2020-11-27,3.04,3.04,2.94,2.97,31148596.0,92982313.0,773118646.0,0.04028954179433929,002172
2020-11-30,2.94,2.99,2.92,2.92,22225896.0,65466607.0,773118646.0,0.028748363676123264,002172
2020-12-01,2.93,2.97,2.86,2.95,22787154.0,66508748.0,773118646.0,0.029474329868898287,002172
2020-12-02,2.94,2.95,2.88,2.92,20016801.0,58292756.0,773118646.0,0.025890982067970976,002172
2020-12-03,2.93,3.15,2.91,3.06,45760697.0,138666640.0,773118646.0,0.05918974692533803,002172
2020-12-04,3.01,3.37,2.99,3.37,60033236.0,192400609.0,773118646.0,0.07765074133265698,002172
2020-12-07,3.4,3.55,3.18,3.35,90252841.0,302867208.0,773118646.0,0.11673866807760319,002172
2020-12-08,3.31,3.55,3.22,3.55,78372898.0,265253272.0,773118646.0,0.10137240694619076,002172
2020-12-09,3.49,3.62,3.35,3.35,62249400.0,214952288.0,773118646.0,0.08051726642743526,002172
2020-12-10,3.4,3.55,3.28,3.38,52398200.0,179364575.0,773118646.0,0.06777510834992848,002172
2020-12-11,3.31,3.6,3.22,3.52,73742396.0,249612482.0,773118646.0,0.09538302611317435,002172
2020-12-14,3.5,3.72,3.4,3.48,74436996.0,263153220.0,773118646.0,0.09628146518665132,002172
2020-12-15,3.46,3.52,3.13,3.18,75076550.0,239959341.0,773118646.0,0.09710870432169087,002172
2020-12-16,3.08,3.08,2.95,2.98,43482449.0,130542615.0,773118646.0,0.05624291850283482,002172
2020-12-17,2.94,3.06,2.94,3.01,27000255.0,81257125.0,773118646.0,0.034923818148346664,002172
2020-12-18,2.98,3.02,2.93,3.01,25579901.0,76064874.0,773118646.0,0.033086643469726895,002172
2020-12-21,3.0,3.12,2.95,3.06,26382001.0,80313562.0,773118646.0,0.03412412976520036,002172
2020-12-22,3.02,3.15,3.0,3.12,34590253.0,107033304.0,773118646.0,0.04474119616564001,002172
2020-12-23,3.08,3.16,3.03,3.06,28244600.0,87255132.0,773118646.0,0.036533331780488454,002172
2020-12-24,3.07,3.07,2.96,2.98,20431053.0,61259962.0,773118646.0,0.02642680150803141,002172
2020-12-25,2.97,3.02,2.95,3.0,14217419.0,42567445.0,773118646.0,0.018389698752654324,002172
2020-12-28,3.01,3.12,2.94,3.06,27902466.0,84526516.0,773118646.0,0.03609079427118098,002172
2020-12-29,3.01,3.13,2.99,3.0,22150015.0,67284334.0,773118646.0,0.028650214445869154,002172
2020-12-30,3.0,3.12,2.94,3.06,28450401.0,87010807.0,773118646.0,0.03679952766266615,002172
2020-12-31,3.06,3.1,2.96,2.99,28733800.0,86825348.0,772922146.0000001,0.037175542386386734,002172
2021-01-04,2.95,2.96,2.83,2.87,32092100.0,92276791.0,772922146.0000001,0.041520481934800194,002172
2021-01-05,2.84,2.93,2.83,2.86,16457850.0,47106488.0,772922146.0000001,0.021293024252406395,002172
2021-01-06,2.88,2.88,2.7,2.78,23024050.0,64031681.0,772922146.0000001,0.02978831712760886,002172
2021-01-07,2.74,2.78,2.65,2.72,17398301.0,47232927.0,772922146.0000001,0.022509771637465797,002172
2021-01-08,2.68,2.79,2.67,2.75,12932630.0,35401301.0,772922146.0000001,0.016732125048982614,002172
2021-01-11,2.73,2.76,2.63,2.64,15530700.0,41649911.0,772922146.0000001,0.02009348558632191,002172
2021-01-12,2.63,2.7,2.61,2.65,8975412.0,23919603.0,772922146.0000001,0.011612310562518154,002172
2021-01-13,2.65,2.67,2.57,2.58,11107762.0,28963014.0,772922146.0000001,0.014371126584332594,002172
2021-01-14,2.6,2.63,2.57,2.61,8273700.0,21493321.0,772922146.0000001,0.010704441634668854,002172
2021-01-15,2.61,2.68,2.6,2.67,9350550.0,24849476.0,772922146.0000001,0.012097660868420762,002172
2021-01-18,2.74,2.94,2.72,2.94,16701298.0,48429719.0,772922146.0000001,0.021607995173164564,002172
2021-01-19,3.23,3.23,3.12,3.23,25184366.0,81110173.0,772922146.0000001,0.03258331531879796,002172
2021-01-20,3.55,3.55,3.18,3.55,132230927.0,453540159.0,772922146.0000001,0.17107923182731521,002172
2021-01-21,3.9,3.91,3.65,3.91,196834566.0,762778905.0,772922146.0000001,0.25466286225417584,002172
2021-01-22,3.61,3.67,3.52,3.52,40240300.0,143980587.0,772922146.0000001,0.05206255275288747,002172
2021-01-25,3.34,3.87,3.21,3.51,184637162.0,648653075.0,772922146.0000001,0.2388819662569223,002172
2021-01-26,3.25,3.38,3.16,3.16,131171850.0,420507835.0,772922146.0000001,0.16970900714753226,002172
2021-01-27,3.26,3.42,3.17,3.25,99026300.0,324421369.0,772922146.0000001,0.1281193720641561,002172
2021-01-28,3.25,3.29,3.05,3.1,71779979.0,225892366.0,772922146.0000001,0.0928683171668366,002172
2021-01-29,3.08,3.11,2.81,2.89,70930270.0,207589906.0,772922146.0000001,0.0917689709980182,002172
2021-02-01,2.83,3.03,2.81,2.9,46488748.0,135442563.0,772922146.0000001,0.06014674083358454,002172
2021-02-02,2.94,3.04,2.88,2.89,33248595.0,97412505.0,772922146.0000001,0.04301674518199145,002172
2021-02-03,2.89,3.18,2.83,3.18,54258786.0,167615240.0,772922146.0000001,0.07019954892067486,002172
2021-02-04,3.28,3.5,3.17,3.19,105201552.0,347917785.0,772922146.0000001,0.1361088597919408,002172
2021-02-05,3.2,3.32,3.05,3.17,67907435.0,216458915.0,772922146.0000001,0.08785805317059707,002172
2021-02-08,3.16,3.28,2.96,3.23,60660390.0,189726943.0,772922146.0000001,0.07848188891200433,002172
2021-02-09,3.22,3.55,3.14,3.55,87297627.0,305231418.0,772922146.0000001,0.11294491618823403,002172
2021-02-10,3.59,3.66,3.35,3.38,90456643.0,315916458.0,772922146.0000001,0.11703202381782962,002172
2021-02-18,3.5,3.67,3.41,3.57,65407045.0,230824682.0,772922146.0000001,0.08462307017400429,002172
2021-02-19,3.58,3.84,3.43,3.77,79411985.0,287276191.0,772922146.0000001,0.1027425406439318,002172
2021-02-22,3.75,4.15,3.67,3.87,114943195.0,453905502.0,772922146.0000001,0.14871251340752756,002172
2021-02-23,3.81,3.82,3.55,3.7,81488180.0,299943644.0,772922146.0000001,0.10542870381152203,002172
2021-02-24,3.79,3.98,3.67,3.8,69290223.0,264459733.0,772922146.0000001,0.08964709234764247,002172
2021-02-25,3.86,4.12,3.86,3.92,73415161.0,291457036.0,772922146.0000001,0.09498390152221099,002172
2021-02-26,3.74,3.96,3.66,3.75,63684306.0,241827814.0,772922146.0000001,0.08239420532789339,002172
2021-03-01,3.8,3.85,3.61,3.66,57333415.0,213026294.0,772922146.0000001,0.0741774773781679,002172
2021-03-02,3.64,3.67,3.42,3.5,50733400.0,179101360.0,772922146.0000001,0.06563843494788411,002172
2021-03-03,3.48,3.59,3.4,3.57,43865193.0,154230287.0,772922146.0000001,0.05675240802325257,002172
2021-03-04,3.57,3.6,3.44,3.46,34675044.0,121470246.0,772922146.0000001,0.04486227258391946,002172
2021-03-05,3.47,3.54,3.39,3.51,34710400.0,120208990.0,772922146.0000001,0.04490801587149761,002172
2021-03-08,3.55,3.6,3.43,3.45,25081500.0,87943500.0,772922146.0000001,0.03245022817602123,002172
2021-03-09,3.41,3.46,3.24,3.34,27470502.0,92034094.0,772922146.0000001,0.035541098339806135,002172
2021-03-10,3.35,3.39,3.28,3.31,17183000.0,56908029.0,772922146.0000001,0.02223121706231975,002172
2021-03-11,3.34,3.54,3.25,3.47,29649251.0,101685676.0,772922146.0000001,0.03835994498726654,002172
2021-03-12,3.45,3.63,3.41,3.53,32574021.0,115133576.0,772922146.0000001,0.04214398716426479,002172
2021-03-15,3.48,3.57,3.45,3.5,22460300.0,78720095.0,772922146.0000001,0.029058942244358975,002172
2021-03-16,3.5,3.54,3.42,3.44,17228300.0,59703007.0,772922146.0000001,0.02228982581125318,002172
2021-03-17,3.42,3.47,3.35,3.46,17149000.0,58705723.0,772922146.0000001,0.0221872281558355,002172
2021-03-18,3.48,3.68,3.42,3.55,38457240.0,137080675.0,772922146.0000001,0.04975564511771667,002172
2021-03-19,3.45,3.75,3.4,3.63,50340023.0,182001771.0,772922146.0000001,0.06512948718123544,002172
2021-03-22,3.54,3.81,3.5,3.76,55853297.0,205406911.0,772922146.0000001,0.0722625134873545,002172
2021-03-23,3.75,3.78,3.47,3.5,46333355.0,166346907.0,772922146.0000001,0.05994569471166374,002172
2021-03-24,3.43,3.48,3.31,3.41,32850624.0,111401440.0,772922146.0000001,0.04250185373780194,002172
2021-03-25,3.44,3.55,3.32,3.45,25602192.0,88241403.0,772922146.0000001,0.033123894990582915,002172
2021-03-26,3.41,3.48,3.4,3.41,15253800.0,52343331.0,772922146.0000001,0.019735234756748706,002172
2021-03-29,3.44,3.52,3.33,3.49,21219962.0,72880944.0,772922146.0000001,0.02745420364756892,002172
2021-03-30,3.44,3.84,3.44,3.78,98022556.0,368393431.0,772922146.0000001,0.12682073674209354,002172
2021-03-31,3.71,3.74,3.6,3.65,73967707.0,270548417.0,772922146.0000001,0.09569878076698295,002172
2021-04-01,3.62,4.0,3.56,3.83,77648401.0,293194270.0,772922146.0000001,0.10046083088942827,002172
2021-04-02,3.81,4.08,3.78,3.85,71094451.0,276941841.0,772922146.0000001,0.09198138695847381,002172
2021-04-06,3.85,4.04,3.8,3.86,58599972.0,229145893.0,772922146.0000001,0.07581613789081415,002172
2021-04-07,3.87,4.25,3.87,4.25,47109821.0,194021170.0,772922146.0000001,0.06095027971937551,002172
2021-04-08,4.3,4.63,4.16,4.45,126642090.0,553240130.0,772922146.0000001,0.16384844276411764,002172
2021-04-09,4.6,4.9,4.4,4.9,125610146.0,600339577.0,772922146.0000001,0.1625133225255005,002172
2021-04-12,4.84,4.85,4.41,4.56,116567643.0,539486557.0,772922146.0000001,0.15081421020636662,002172
2021-04-13,4.44,4.76,4.26,4.43,80130398.0,361176282.0,772922146.0000001,0.10367201718140444,002172
2021-04-14,4.42,4.85,4.4,4.54,97994237.0,453084643.0,772922146.0000001,0.12678409786436626,002172
2021-04-15,4.51,4.99,4.35,4.99,96290392.0,449048588.0,772922146.0000001,0.12457967791234692,002172
2021-04-16,5.1,5.27,4.81,5.0,133399706.0,671720717.0,772922146.0000001,0.17259138800766097,002172
2021-04-19,4.9,4.99,4.71,4.92,88899514.0,430616187.0,772922146.0000001,0.11501742376003804,002172
2021-04-20,4.82,5.28,4.79,5.06,104012816.0,526607198.0,772922146.0000001,0.13457088341728016,002172
2021-04-21,4.8,5.28,4.76,5.1,108647489.0,546597032.0,772922146.0000001,0.14056718333440013,002172
2021-04-22,5.05,5.39,4.92,5.24,104437333.0,538025826.0,772922146.0000001,0.13512011984710293,002172
2021-04-23,5.35,5.41,5.01,5.05,89433903.0,462189828.0,772922146.0000001,0.11570881163495603,002172
2021-04-26,4.92,5.23,4.7,4.92,65762499.0,326537666.0,772922146.0000001,0.08508295349063526,002172
2021-04-27,4.88,5.19,4.7,4.97,74518768.0,367229037.0,772922146.0000001,0.09641173873157464,002172
2021-04-28,4.94,5.35,4.9,5.23,101702538.0,527623748.0,772922146.0000001,0.13158186568508543,002172
2021-04-29,5.15,5.73,5.08,5.23,109052697.0,582738138.0,772922146.0000001,0.14109143794671394,002172
2021-04-30,5.18,5.67,5.15,5.58,135900694.0,742871258.0,772922146.0000001,0.17582714469149133,002172
2021-05-06,5.65,5.89,5.2,5.23,144798522.0,799865068.0,772922146.0000001,0.1873390777445779,002172
2021-05-07,5.75,5.75,5.75,5.75,31019748.0,178363551.0,772922146.0000001,0.040133082174617876,002172
2021-05-10,5.9,6.33,5.71,6.33,141424903.0,855522827.0,772922146.0000001,0.18297431860621055,002172
2021-05-11,6.58,6.96,6.36,6.4,206254072.0,1382940269.0,772922146.0000001,0.2668497378001121,002172
2021-05-12,6.33,7.04,6.33,7.04,200083837.0,1354101642.0,772922146.0000001,0.25886674102361656,002172
2021-05-13,7.0,7.5,6.82,7.1,189197887.0,1362994229.0,772922146.0000001,0.24478259289002177,002172
2021-05-14,7.04,7.07,6.55,6.8,120274497.0,815078234.0,772922146.0000001,0.15561010591097746,002172
2021-05-17,6.7,6.72,6.16,6.37,102482725.0,659353058.0,772922146.0000001,0.1325912648904745,002172
2021-05-18,6.37,6.55,6.21,6.41,92636945.0,590426022.0,772922146.0000001,0.11985287972328326,002172
2021-05-19,6.41,6.9,6.33,6.63,99269696.0,659157479.0,772922146.0000001,0.12843427570776317,002172
2021-05-20,6.32,6.64,6.1,6.48,95714325.0,608698153.0,772922146.0000001,0.12383436740082744,002172
2021-05-21,6.43,6.6,6.24,6.47,74824128.0,481618272.0,772922146.0000001,0.0968068108634579,002172
2021-05-24,6.4,6.66,6.33,6.62,89166584.0,580339117.0,772922146.0000001,0.11536295662047182,002172
2021-05-25,6.67,6.88,6.52,6.66,92735783.0,620244482.0,772922146.0000001,0.11998075547443297,002172
2021-05-26,6.55,6.66,6.26,6.3,81830832.0,523545397.0,772922146.0000001,0.1058720240110703,002172
2021-05-27,6.23,6.3,6.01,6.14,68130755.0,419797381.0,772922146.0000001,0.08814698265871657,002172
2021-05-28,6.09,6.27,5.93,5.98,68890561.0,420892108.0,772922146.0000001,0.08913001310225104,002172
2021-05-31,6.1,6.58,5.95,6.58,88570673.0,558665979.0,772922146.0000001,0.11459197211306194,002172
2021-06-01,7.07,7.24,6.91,7.1,192444016.0,1372458534.0,772922146.0000001,0.24898240656698686,002172
2021-06-02,6.98,7.18,6.56,6.79,135762145.0,925453154.0,772922146.0000001,0.17564789119135937,002172
2021-06-03,6.66,6.76,6.34,6.41,80799984.0,529115283.0,772922146.0000001,0.10453832176779158,002172
2021-06-04,6.33,6.5,6.22,6.29,62542700.0,396462405.0,772922146.0000001,0.08091720534036813,002172
2021-06-07,6.05,6.18,5.82,5.94,67071200.0,402377629.0,772922146.0000001,0.0867761395466601,002172
2021-06-08,6.2,6.25,5.96,5.99,59361081.0,360046540.0,772922146.0000001,0.07680085414450008,002172
2021-06-09,5.8,6.05,5.73,5.8,44549051.0,260862267.0,772922146.0000001,0.05763717760003217,002172
2021-06-10,5.8,5.87,5.52,5.81,55336900.0,315121105.0,772922146.0000001,0.07159440350671488,002172
2021-06-11,5.81,5.85,5.43,5.45,52051400.0,290238030.0,772922146.0000001,0.06734365196983241,002172
2021-06-15,5.46,5.6,5.4,5.46,28424981.0,155676522.0,772922146.0000001,0.03677599503016439,002172
2021-06-16,5.44,5.5,5.18,5.19,38426626.0,204075403.0,772922146.0000001,0.049716036988801705,002172
2021-06-17,5.2,5.47,5.12,5.27,44211801.0,234322812.0,772922146.0000001,0.05720084646144942,002172
2021-06-18,5.23,5.43,5.14,5.37,38697950.0,205201097.0,772922146.0000001,0.05006707363771149,002172
2021-06-21,5.37,5.58,5.32,5.46,43740440.0,238666510.0,772922146.0000001,0.05659100366882228,002172
2021-06-22,5.58,5.61,5.27,5.3,40790310.0,219835238.0,772922146.0000001,0.05277415094275225,002172
2021-06-23,5.23,5.55,5.18,5.39,49654351.0,266348766.0,772922146.0000001,0.06424237066691578,002172
2021-06-24,5.36,5.38,5.1,5.12,43141363.0,224476823.0,772922146.0000001,0.0558159230179439,002172
2021-06-25,5.11,5.26,5.06,5.23,31018103.0,160928278.0,772922146.0000001,0.04013095388781886,002172
2021-06-28,5.21,5.24,5.12,5.2,22632600.0,117097822.0,772922146.0000001,0.02928186249692475,002172
2021-06-29,5.22,5.4,5.06,5.29,49555229.0,260165772.0,772922146.0000001,0.06411412747901778,002172
2021-06-30,5.21,5.22,5.04,5.06,38079514.0,194581091.0,773059321.0,0.04925820433901734,002172
2021-07-01,5.05,5.3,4.92,5.1,44660929.0,230289984.0,773059321.0,0.05777167131524697,002172
2021-07-02,5.12,5.17,5.0,5.14,24906501.0,126896960.0,773059321.0,0.032218098046837985,002172
2021-07-05,5.06,5.14,4.94,4.98,33541778.0,168248169.0,773059321.0,0.043388362430727356,002172
2021-07-06,4.94,4.99,4.79,4.88,33884666.0,164796172.0,773059321.0,0.043831909246198716,002172
2021-07-07,4.88,4.95,4.83,4.86,27320567.0,133577146.0,773059321.0,0.035340841585946026,002172
2021-07-08,4.86,4.92,4.64,4.68,38644662.0,182856934.0,773059321.0,0.049989258198207535,002172
2021-07-09,4.66,4.86,4.64,4.8,29703151.0,141304242.0,773059321.0,0.03842286121274256,002172
2021-07-12,4.57,4.87,4.57,4.66,44923425.0,211648832.0,773059321.0,0.05811122611119775,002172
2021-07-13,4.67,4.68,4.44,4.48,38915701.0,175899598.0,773059321.0,0.05033986389254079,002172
2021-07-14,4.47,4.93,4.46,4.93,69166483.0,327828463.0,773059321.0,0.08947111964257656,002172
2021-07-15,5.04,5.05,4.6,4.79,81528862.0,388217132.0,773059321.0,0.10546262076568377,002172
2021-07-16,4.75,5.05,4.61,4.93,68823688.0,335227483.0,773059321.0,0.08902769312835179,002172
2021-07-19,4.98,5.36,4.82,5.28,82511600.0,424246730.0,773059321.0,0.10673385309327381,002172
2021-07-20,5.12,5.59,5.1,5.5,88942565.0,475862227.0,773059321.0,0.11505270369801285,002172
2021-07-21,5.7,5.73,5.45,5.51,81657802.0,454155942.0,773059321.0,0.10562941262304501,002172
2021-07-22,5.46,5.47,5.22,5.27,63780502.0,340060476.0,773059321.0,0.08250402041268448,002172
2021-07-23,5.23,5.41,5.16,5.27,50842900.0,267282304.0,773059321.0,0.06576843279534042,002172
2021-07-26,5.26,5.26,5.01,5.05,43394200.0,221382206.0,773059321.0,0.05613307908100367,002172
2021-07-27,5.02,5.1,4.8,4.89,49347100.0,244406520.0,773059321.0,0.06383352306801822,002172
2021-07-28,4.9,5.38,4.83,5.38,70686613.0,368700651.0,773059321.0,0.0914375017282794,002172
2021-07-29,5.5,5.77,5.38,5.67,113527675.0,637709785.0,773059321.0,0.14685506262720555,002172
2021-07-30,5.5,5.95,5.4,5.92,112976681.0,643277297.0,773059321.0,0.14614231784160844,002172
2021-08-02,5.78,6.17,5.6,6.04,105248460.0,621325113.0,773059321.0,0.1361453864418252,002172
2021-08-03,6.0,6.23,5.71,5.83,95015222.0,572121244.0,773059321.0,0.12290806076445976,002172
2021-08-04,5.73,6.04,5.71,5.92,77085685.0,451551885.0,773059321.0,0.09971509676681073,002172
2021-08-05,5.92,6.05,5.68,5.74,66345100.0,390013277.0,773059321.0,0.08582148639534999,002172
2021-08-06,5.8,5.84,5.61,5.75,55143400.0,315326822.0,773059321.0,0.07133139527852611,002172
2021-08-09,5.75,5.79,5.56,5.6,44458295.0,252353130.0,773059321.0,0.05750955171524282,002172
2021-08-10,5.56,5.79,5.5,5.62,45424350.0,254766340.0,773059321.0,0.05875920355146976,002172
2021-08-11,5.57,5.64,5.39,5.42,47560848.0,260130583.0,773059321.0,0.061522895731309604,002172
2021-08-12,5.42,5.43,5.26,5.33,38313134.0,204091325.0,773059321.0,0.04956040624468455,002172
2021-08-13,5.32,5.38,5.16,5.18,35924900.0,188430836.0,773059321.0,0.04647107799376757,002172
2021-08-16,5.11,5.27,5.1,5.15,31506001.0,163511000.0,773059321.0,0.040754959088062016,002172
2021-08-17,5.11,5.12,4.86,4.89,39033602.0,194955972.0,773059321.0,0.05049237612128863,002172
2021-08-18,4.89,4.96,4.72,4.76,35386300.0,169987219.0,773059321.0,0.04577436561301096,002172
2021-08-19,4.76,4.81,4.67,4.72,22809000.0,108253109.0,773059321.0,0.029504850896170748,002172
2021-08-20,4.68,4.77,4.53,4.68,26947000.0,125479348.0,773059321.0,0.03485760958828152,002172
2021-08-23,4.66,4.79,4.66,4.72,20842160.0,98582070.0,773059321.0,0.026960621822707444,002172
2021-08-24,4.69,4.86,4.69,4.8,23490410.0,112900451.0,773059321.0,0.03038629683633295,002172
2021-08-25,4.76,4.8,4.62,4.63,28791000.0,134335500.0,773059321.0,0.0372429375313101,002172
2021-08-26,4.65,4.69,4.55,4.55,23174866.0,106970424.0,773059321.0,0.029978121174480996,002172
2021-08-27,4.52,4.53,4.41,4.5,22443500.0,100434665.0,773059321.0,0.029032054061476093,002172
2021-08-30,4.45,4.55,4.32,4.39,24762811.0,109745477.0,773059321.0,0.03203222615305611,002172
2021-08-31,4.3,4.4,4.21,4.32,27699500.0,119266722.0,773059321.0,0.03583101483618228,002172
2021-09-01,4.27,4.37,4.15,4.2,26396815.0,111960836.0,773059321.0,0.034145911294173506,002172
2021-09-02,4.2,4.23,4.08,4.12,26089701.0,108079963.0,773059321.0,0.033748640358221615,002172
2021-09-03,4.13,4.44,4.13,4.25,39220951.0,169168268.0,773059321.0,0.050734723629313826,002172
2021-09-06,4.23,4.3,4.16,4.28,21331828.0,90208217.0,773059321.0,0.02759403763789558,002172
2021-09-07,4.25,4.32,4.23,4.26,16272664.0,69347547.0,773059321.0,0.021049696391927986,002172
2021-09-08,4.25,4.59,4.24,4.5,43087155.0,191047655.0,773059321.0,0.055735897400815373,002172
2021-09-09,4.46,4.5,4.38,4.4,23578594.0,104401925.0,773059321.0,0.0305003682893308,002172
2021-09-10,4.38,4.39,4.24,4.29,21037330.0,90554982.0,773059321.0,0.027213086277501852,002172
2021-09-13,4.3,4.39,4.29,4.32,12942350.0,56016480.0,773059321.0,0.01674172944872881,002172
2021-09-14,4.33,4.34,4.17,4.2,16393848.0,69413771.0,773059321.0,0.021206455384036434,002172
2021-09-15,4.18,4.27,4.17,4.23,11835979.0,49870623.0,773059321.0,0.015310570196203611,002172
2021-09-16,4.26,4.46,4.23,4.26,22307010.0,96447334.0,773059321.0,0.028855495812591076,002172
2021-09-17,4.23,4.24,4.13,4.18,13787156.0,57555026.0,773059321.0,0.017834538211330873,002172
2021-09-22,4.12,4.18,4.08,4.1,14518800.0,59606670.0,773059321.0,0.018780964934513738,002172
2021-09-23,4.09,4.14,4.08,4.13,10666476.0,43861092.0,773059321.0,0.013797745800674461,002172
2021-09-24,4.11,4.25,4.01,4.16,23331217.0,95971957.0,773059321.0,0.030180370854101635,002172
2021-09-27,4.11,4.14,4.0,4.03,15244423.0,61709746.0,773059321.0,0.019719603122151604,002172
2021-09-28,3.95,3.95,3.63,3.66,29344740.0,109608855.0,773059321.0,0.037959234437585934,002172
2021-09-29,3.66,3.74,3.53,3.53,17180650.0,62516356.0,773059321.0,0.022224232388499975,002172
2021-09-30,3.53,3.63,3.52,3.61,11270964.0,40301979.0,773059321.0,0.014579688380731651,002172
2021-10-08,3.62,3.92,3.62,3.88,24713855.0,94467652.0,773059321.0,0.031968898542004645,002172
2021-10-11,3.87,3.94,3.76,3.8,14574200.0,55468214.0,773059321.0,0.018852628257747896,002172
2021-10-12,3.83,4.11,3.74,4.05,44104094.0,175306565.0,773059321.0,0.05705137083522727,002172
2021-10-13,3.93,4.27,3.89,4.07,43792489.0,180353433.0,773059321.0,0.05664829051327097,002172
2021-10-14,4.04,4.05,3.82,3.87,28591400.0,111166075.0,773059321.0,0.03698474259778054,002172
2021-10-15,3.57,3.76,3.57,3.71,24664868.0,90340293.0,773059321.0,0.03190553083053765,002172
2021-10-18,3.7,3.8,3.61,3.68,15121550.0,55595354.0,773059321.0,0.01956065930417777,002172
2021-10-19,3.64,3.71,3.63,3.65,10245000.0,37682414.0,773059321.0,0.0132525405511539,002172
2021-10-20,3.65,4.02,3.63,4.02,28085719.0,108534652.0,773059321.0,0.036330612977629434,002172
2021-10-21,4.02,4.26,3.9,4.15,58253151.0,237456622.0,773059321.0,0.07535405035236617,002172
2021-10-22,4.07,4.12,3.95,3.96,30893651.0,124222633.0,773059321.0,0.03996284652520217,002172
2021-10-25,3.88,4.03,3.86,3.92,19147300.0,75694306.0,773059321.0,0.024768215685222944,002172
2021-10-26,3.89,3.96,3.81,3.81,17680500.0,68376332.0,773059321.0,0.022870819249846415,002172
2021-10-27,3.91,3.91,3.75,3.75,12330200.0,46767267.0,773059321.0,0.015949875598227217,002172
2021-10-28,3.72,3.79,3.68,3.73,12582600.0,47072345.0,773059321.0,0.01627637059433373,002172
2021-10-29,3.68,3.92,3.68,3.84,15642026.0,59500767.0,773059321.0,0.020233927171030126,002172
2021-11-01,3.78,3.84,3.75,3.8,9822400.0,37328920.0,773059321.0,0.012705881338179997,002172
2021-11-02,3.8,3.85,3.66,3.69,14572801.0,54662938.0,773059321.0,0.018850818564801964,002172
2021-11-03,3.69,3.74,3.67,3.72,8402100.0,31169351.0,773059321.0,0.010868635526095675,002172
2021-11-04,3.73,3.83,3.67,3.8,10624501.0,39734312.0,773059321.0,0.013743448544487571,002172
2021-11-05,3.78,3.84,3.72,3.72,11310291.0,42605769.0,773059321.0,0.014630560285295363,002172
2021-11-08,3.72,3.73,3.67,3.7,7479424.0,27627065.0,773059321.0,0.009675097106810514,002172
2021-11-09,3.7,3.79,3.69,3.74,9796571.0,36622253.0,773059321.0,0.01267246993067431,002172
2021-11-10,3.76,3.76,3.68,3.74,7527900.0,27938242.0,773059321.0,0.00973780380820219,002172
2021-11-11,3.72,3.81,3.71,3.79,11265915.0,42511244.0,773059321.0,0.01457315718724773,002172
2021-11-12,3.79,3.8,3.75,3.75,9294700.0,35012217.0,773059321.0,0.012023268780947794,002172
2021-11-15,3.75,3.91,3.7,3.9,19934633.0,76331124.0,773059321.0,0.02578667957099763,002172
2021-11-16,3.9,3.99,3.81,3.82,17435801.0,67597802.0,773059321.0,0.022554285973094165,002172
2021-11-17,3.8,3.98,3.78,3.94,17703502.0,69309610.0,773059321.0,0.022900573758168296,002172
2021-11-18,3.96,3.98,3.86,3.87,14846301.0,57943190.0,773059321.0,0.019204607714703437,002172
2021-11-19,3.85,3.9,3.8,3.86,9770000.0,37491069.0,773059321.0,0.012638098700319532,002172
2021-11-22,3.9,4.04,3.9,3.93,18747116.0,74187532.0,773059321.0,0.02425055295336126,002172
2021-11-23,3.93,3.95,3.86,3.89,12637500.0,49217845.0,773059321.0,0.016347387136672272,002172
2021-11-24,3.88,3.99,3.83,3.92,15757422.0,61789824.0,773059321.0,0.02038319902749093,002172
2021-11-25,4.04,4.23,3.99,4.0,35861867.0,146391788.0,773059321.0,0.046389540913380954,002172
2021-11-26,3.98,4.06,3.92,3.95,20906667.0,83013877.0,773059321.0,0.027044065613174333,002172
2021-11-29,3.9,4.08,3.86,3.98,17142000.0,68361037.0,773059321.0,0.02217423622526893,002172
2021-11-30,3.98,4.02,3.92,3.94,12629560.0,49705452.0,773059321.0,0.016337116256049902,002172
2021-12-01,3.95,3.95,3.86,3.91,11251201.0,43748740.0,773059321.0,0.014554123719051569,002172
2021-12-02,3.91,3.92,3.82,3.83,12732502.0,49076032.0,773059321.0,0.016470278093962728,002172
2021-12-03,3.82,3.86,3.8,3.84,6777500.0,25983611.0,773059321.0,0.008767115040063013,002172
2021-12-06,3.84,3.84,3.76,3.77,10423891.0,39417926.0,773059321.0,0.013483947113548871,002172
2021-12-07,3.79,3.82,3.76,3.8,7087791.0,26873911.0,773059321.0,0.009168495621825637,002172
2021-12-08,3.8,3.83,3.75,3.81,6599500.0,25033267.0,773059321.0,0.008536861041224027,002172
2021-12-09,3.8,3.95,3.79,3.92,18656191.0,72753089.0,773059321.0,0.02413293584749365,002172
2021-12-10,3.91,3.91,3.83,3.86,12459701.0,48098769.0,773059321.0,0.016117393143753322,002172
2021-12-13,3.86,3.87,3.8,3.83,8561944.0,32762662.0,773059321.0,0.011075403617053083,002172
2021-12-14,3.84,3.85,3.79,3.81,7889244.0,30090771.0,773059321.0,0.010205224600092494,002172
2021-12-15,3.83,3.84,3.8,3.82,6106554.0,23289500.0,773059321.0,0.007899204930484242,002172
2021-12-16,3.82,3.83,3.77,3.83,6785710.0,25818562.0,773059321.0,0.008777735182369012,002172
2021-12-17,3.83,3.83,3.78,3.79,7762500.0,29485859.0,773059321.0,0.010041273404424808,002172
2021-12-20,3.79,3.84,3.76,3.79,8616444.0,32826216.0,773059321.0,0.01114590273467513,002172
2021-12-21,3.81,4.09,3.81,3.93,26795509.0,105866697.0,773059321.0,0.03466164661896626,002172
2021-12-22,3.95,3.98,3.89,3.92,15014200.0,58908416.0,773059321.0,0.019421795445889203,002172
2021-12-23,3.92,3.94,3.86,3.86,10039598.0,39001352.0,773059321.0,0.012986840372111624,002172
2021-12-24,3.86,3.97,3.84,3.93,17214000.0,67506811.0,773059321.0,0.022267372674237507,002172
2021-12-27,3.92,4.21,3.89,4.06,32082200.0,129581040.0,773059321.0,0.041500308098607094,002172
2021-12-28,4.03,4.05,3.97,4.0,15857400.0,63328313.0,773059321.0,0.02051252674825455,002172
2021-12-29,3.97,4.16,3.96,4.14,33153727.0,136091227.0,773059321.0,0.04288639448407867,002172
2021-12-30,4.1,4.13,4.04,4.11,23107400.0,94299019.0,773059321.0,0.029890849734673854,002172
2021-12-31,4.09,4.14,4.0,4.03,22624215.0,91586920.0,773194321.0,0.029260710258113755,002172
2022-01-04,4.03,4.13,4.0,4.08,21890301.0,89254348.0,773194321.0,0.02831151290879696,002172
2022-01-05,4.1,4.11,3.97,4.0,17320125.0,69570403.0,773194321.0,0.022400740059237968,002172
2022-01-06,4.0,4.05,3.97,4.01,11687700.0,46789641.0,773194321.0,0.015116122406180994,002172
2022-01-07,4.02,4.04,3.9,3.91,16919924.0,67094159.0,773194321.0,0.02188314572476018,002172
2022-01-10,3.92,3.96,3.88,3.95,7933402.0,31191278.0,773194321.0,0.010260553892505892,002172
2022-01-11,4.04,4.35,4.0,4.35,39491627.0,168119492.0,773194321.0,0.051075940326261136,002172
2022-01-12,4.54,4.79,4.45,4.79,83176090.0,385282846.0,773194321.0,0.10757462612041094,002172
2022-01-13,4.99,5.26,4.67,4.84,175740378.0,879379565.0,773194321.0,0.2272913460780579,002172
2022-01-14,4.66,5.1,4.56,4.7,107133441.0,517561823.0,773194321.0,0.13855952907341645,002172
2022-01-17,4.68,4.84,4.52,4.58,82391416.0,377966538.0,773194321.0,0.10655977903903927,002172
2022-01-18,4.58,4.58,4.31,4.34,62279388.0,275751369.0,773194321.0,0.08054817050318196,002172
2022-01-19,4.31,4.52,4.28,4.43,52837004.0,232328596.0,773194321.0,0.06833599596497812,002172
2022-01-20,4.4,4.4,4.23,4.27,39469278.0,169823743.0,773194321.0,0.05104703556145235,002172
2022-01-21,4.22,4.3,4.12,4.13,27137000.0,113884789.0,773194321.0,0.035097257265033634,002172
2022-01-24,4.16,4.18,4.07,4.1,15724000.0,64782735.0,773194321.0,0.020336414240166155,002172
2022-01-25,4.11,4.13,3.88,3.9,23530900.0,93956198.0,773194321.0,0.030433358550236947,002172
2022-01-26,3.95,4.0,3.83,3.89,15322200.0,59859791.0,773194321.0,0.01981675186152848,002172
2022-01-27,3.88,3.89,3.73,3.74,17277502.0,65796343.0,773194321.0,0.022345614201685272,002172
2022-01-28,3.65,3.86,3.65,3.79,24138366.0,90926882.0,773194321.0,0.031219016157259128,002172
2022-02-07,3.79,3.86,3.71,3.72,20007400.0,75390967.0,773194321.0,0.025876289383661936,002172
2022-02-08,3.73,3.87,3.68,3.85,19815451.0,75459742.0,773194321.0,0.025628034844296276,002172
2022-02-09,3.9,3.9,3.81,3.85,15970704.0,61468739.0,773194321.0,0.020655485388646564,002172
2022-02-10,3.91,3.96,3.84,3.88,26032307.0,101305175.0,773194321.0,0.033668518111115306,002172
2022-02-11,3.91,3.98,3.76,3.77,22727800.0,87131148.0,773194321.0,0.029394680460929044,002172
2022-02-14,3.73,4.15,3.7,4.15,28404301.0,113453183.0,773194321.0,0.036736303188652106,002172
2022-02-15,4.21,4.42,4.09,4.13,71903823.0,303797375.0,773194321.0,0.09299579814166793,002172
2022-02-16,4.05,4.15,3.96,4.02,50113729.0,202289095.0,773194321.0,0.06481388654689821,002172
2022-02-17,3.98,4.23,3.95,4.06,42639036.0,174059403.0,773194321.0,0.05514659748774849,002172
2022-02-18,3.97,4.22,3.96,4.13,38438559.0,158380677.0,773194321.0,0.049713969639981356,002172
2022-02-21,4.1,4.54,4.04,4.54,50990566.0,219799526.0,773194321.0,0.06594793134803689,002172
2022-02-22,4.6,4.81,4.38,4.4,112576861.0,518715515.0,773194321.0,0.14559969976810008,002172
2022-02-23,4.43,4.84,4.36,4.57,107816196.0,496254870.0,773194321.0,0.13944256064964036,002172
2022-02-24,4.45,4.68,4.26,4.33,91156296.0,406221343.0,773194321.0,0.1178957133080133,002172
2022-02-25,4.39,4.61,4.3,4.45,59100925.0,263301516.0,773194321.0,0.07643735008757262,002172
2022-02-28,4.28,4.46,4.24,4.38,40893901.0,178290602.0,773194321.0,0.05288955168101914,002172
2022-03-01,4.34,4.45,4.31,4.39,26409600.0,115236306.0,773194321.0,0.0341564847059967,002172
2022-03-02,4.4,4.65,4.39,4.54,52718314.0,238430905.0,773194321.0,0.06818248992286637,002172
2022-03-03,4.5,4.69,4.48,4.66,62867898.0,289888941.0,773194321.0,0.08130931163422242,002172
2022-03-04,4.76,5.13,4.61,4.73,112572593.0,549826264.0,773194321.0,0.14559417981033,002172
2022-03-07,4.88,5.2,4.72,5.02,132627248.0,655348531.0,773194321.0,0.171531585783595,002172
2022-03-08,4.8,4.83,4.52,4.52,80325800.0,367441128.0,773194321.0,0.10388824363856133,002172
2022-03-09,4.23,4.39,4.07,4.13,79262898.0,328032571.0,773194321.0,0.10251355428669787,002172
2022-03-10,4.23,4.31,4.07,4.23,55004307.0,231617749.0,773194321.0,0.07113904681666693,002172
2022-03-11,4.07,4.27,3.97,4.25,55340152.0,226110301.0,773194321.0,0.07157340722371912,002172
2022-03-14,4.25,4.36,4.0,4.0,50508000.0,210019971.0,773194321.0,0.06532381139928212,002172
2022-03-15,3.99,3.99,3.7,3.7,45089450.0,173373059.0,773194321.0,0.058315805969299146,002172
2022-03-16,3.77,3.86,3.61,3.83,36765550.0,137350402.0,773194321.0,0.04755020698089168,002172
2022-03-17,3.85,4.18,3.84,4.06,58687768.0,237045738.0,773194321.0,0.07590299929272243,002172
2022-03-18,4.07,4.15,4.0,4.01,32903163.0,132883917.0,773194321.0,0.042554843079350556,002172
2022-03-21,4.0,4.05,3.91,3.99,27671349.0,110033095.0,773194321.0,0.035788350028504674,002172
2022-03-22,4.03,4.03,3.85,3.88,28058600.0,109398968.0,773194321.0,0.03628919566262567,002172
2022-03-23,3.9,3.97,3.88,3.89,25826200.0,100928784.0,773194321.0,0.03340195252158351,002172
2022-03-24,3.85,3.92,3.8,3.83,24309900.0,93503037.0,773194321.0,0.03144086724351407,002172
2022-03-25,3.81,3.89,3.78,3.79,21336200.0,81616530.0,773194321.0,0.027594874173940034,002172
2022-03-28,3.8,3.83,3.7,3.78,16956832.0,63867206.0,773194321.0,0.021930880167444995,002172
2022-03-29,3.88,4.04,3.88,3.92,42707082.0,167981539.0,773194321.0,0.055234603824773826,002172
2022-03-30,3.9,3.9,3.8,3.86,26826401.0,102921630.0,773194321.0,0.03469554841699361,002172
2022-03-31,3.84,3.88,3.81,3.81,19318301.0,74129950.0,773194321.0,0.02498505288426711,002172
2022-04-01,3.78,3.81,3.72,3.81,14632700.0,55077717.0,773194321.0,0.018924996734423764,002172
2022-04-06,3.78,3.87,3.77,3.86,15576700.0,59915582.0,773194321.0,0.02014590585695727,002172
2022-04-07,3.86,3.86,3.75,3.75,14909582.0,56400849.0,773194321.0,0.019283098174747198,002172
2022-04-08,3.73,3.77,3.65,3.74,13642400.0,50766628.0,773194321.0,0.017644206158104983,002172
2022-04-11,3.74,3.76,3.6,3.61,14643500.0,53837362.0,773194321.0,0.018938964762520546,002172
2022-04-12,3.61,3.78,3.53,3.77,16866600.0,62425863.0,773194321.0,0.021814179879368255,002172
2022-04-13,3.74,3.76,3.68,3.7,11109500.0,41349639.0,773194321.0,0.014368315568629221,002172
2022-04-14,3.71,3.99,3.7,3.88,31437600.0,121302590.0,773194321.0,0.04065937778660948,002172
2022-04-15,3.87,3.94,3.72,3.75,22012900.0,83738165.0,773194321.0,0.028470074601078196,002172
2022-04-18,3.62,3.72,3.62,3.67,13655830.0,50069074.0,773194321.0,0.017661575659710518,002172
2022-04-19,3.63,3.71,3.62,3.66,10140300.0,37144872.0,773194321.0,0.013114814380536558,002172
2022-04-20,3.64,3.69,3.62,3.65,8817200.0,32235571.0,773194321.0,0.01140360160508732,002172
2022-04-21,3.65,3.8,3.61,3.69,16798610.0,62186408.0,773194321.0,0.021726245969155275,002172
2022-04-22,3.7,3.71,3.57,3.66,11547200.0,42064565.0,773194321.0,0.014934408707329344,002172
2022-04-25,3.63,3.63,3.29,3.29,20736800.0,70833701.0,773194321.0,0.02681964861456865,002172
2022-04-26,3.25,3.26,3.02,3.03,17842100.0,55860546.0,773194321.0,0.023075829083850707,002172
2022-04-27,2.96,3.14,2.85,3.13,19933720.0,59600808.0,773194321.0,0.02578099639197945,002172
2022-04-28,3.13,3.23,3.07,3.11,14444100.0,45364927.0,773194321.0,0.01868107357710404,002172
2022-04-29,3.11,3.31,3.11,3.29,18312650.0,59764313.0,773194321.0,0.023684408308011873,002172
2022-05-05,3.29,3.36,3.24,3.32,13062910.0,43482260.0,773194321.0,0.016894730917197204,002172
2022-05-06,3.24,3.47,3.23,3.35,18434100.0,62218995.0,773194321.0,0.023841483957303924,002172
2022-05-09,3.37,3.47,3.37,3.39,10553400.0,36078722.0,773194321.0,0.013649091455238457,002172
2022-05-10,3.35,3.48,3.35,3.46,12377500.0,42396046.0,773194321.0,0.016008265534066177,002172
2022-05-11,3.46,3.52,3.37,3.37,16292950.0,56323441.0,773194321.0,0.02107225772032022,002172
2022-05-12,3.34,3.47,3.34,3.42,9680350.0,33097715.0,773194321.0,0.012519944517285195,002172
2022-05-13,3.42,3.47,3.38,3.42,6946014.0,23741659.0,773194321.0,0.008983529510429501,002172
2022-05-16,3.42,3.7,3.41,3.56,24444214.0,86583563.0,773194321.0,0.0316145803662725,002172
2022-05-17,3.56,3.6,3.42,3.43,16200214.0,56306244.0,773194321.0,0.02095231891906252,002172
2022-05-18,3.43,3.47,3.38,3.44,9745500.0,33538113.0,773194321.0,0.012604205353443096,002172
2022-05-19,3.4,3.66,3.33,3.57,27823010.0,97911497.0,773194321.0,0.035984498649725596,002172
2022-05-20,3.54,3.56,3.48,3.5,19877901.0,69823290.0,773194321.0,0.02570880367342998,002172
2022-05-23,3.49,3.53,3.45,3.52,11910300.0,41709160.0,773194321.0,0.015404018985286882,002172
2022-05-24,3.49,3.54,3.3,3.32,13722200.0,46809375.0,773194321.0,0.01774741436570898,002172
2022-05-25,3.33,3.43,3.32,3.41,9684300.0,32872095.0,773194321.0,0.012525053194228001,002172
2022-05-26,3.45,3.45,3.35,3.4,6752902.0,22894244.0,773194321.0,0.008733770821371566,002172
2022-05-27,3.42,3.44,3.37,3.41,7928393.0,27049155.0,773194321.0,0.010254075572808042,002172
2022-05-30,3.46,3.46,3.38,3.43,6227500.0,21269634.0,773194321.0,0.008054249534509967,002172
2022-05-31,3.43,3.45,3.38,3.44,6291800.0,21509565.0,773194321.0,0.008137411035123214,002172
2022-06-01,3.44,3.49,3.4,3.42,7333200.0,25239438.0,773194321.0,0.009484291077714731,002172
2022-06-02,3.42,3.45,3.39,3.43,7236100.0,24744158.0,773194321.0,0.009358708158437186,002172
2022-06-06,3.42,3.47,3.4,3.46,8721600.0,30078923.0,773194321.0,0.011279958689712105,002172
2022-06-07,3.48,3.49,3.4,3.46,9393798.0,32475431.0,773194321.0,0.012149336518471403,002172
2022-06-08,3.48,3.49,3.38,3.44,11194700.0,38574561.0,773194321.0,0.01447850779028161,002172
2022-06-09,3.47,3.47,3.36,3.38,9283201.0,31512360.0,773194321.0,0.012006297444080685,002172
2022-06-10,3.36,3.42,3.35,3.41,8017561.0,27237419.0,773194321.0,0.010369399751450063,002172
2022-06-13,3.4,3.43,3.37,3.39,7984199.0,27121572.0,773194321.0,0.010326251477990355,002172
2022-06-14,3.39,3.39,3.26,3.37,11266800.0,37442644.0,773194321.0,0.014571757311186977,002172
2022-06-15,3.39,3.42,3.35,3.35,10422885.0,35258085.0,773194321.0,0.013480291715696655,002172
2022-06-16,3.37,3.45,3.35,3.42,12974766.0,44257934.0,773194321.0,0.01678073111455251,002172
2022-06-17,3.41,3.42,3.34,3.41,9435902.0,31959726.0,773194321.0,0.012203791134673892,002172
2022-06-20,3.41,3.48,3.39,3.46,12894965.0,44366339.0,773194321.0,0.016677521613612575,002172
2022-06-21,3.44,3.47,3.4,3.43,7860901.0,27026157.0,773194321.0,0.010166785743890636,002172
2022-06-22,3.43,3.45,3.37,3.37,7412001.0,25178059.0,773194321.0,0.009586207242719776,002172
2022-06-23,3.35,3.4,3.35,3.39,7845800.0,26481723.0,773194321.0,0.010147255077937904,002172
2022-06-24,3.39,3.44,3.38,3.43,8306200.0,28406511.0,773194321.0,0.010742706942359966,002172
2022-06-27,3.45,3.48,3.43,3.45,8063286.0,27852008.0,773194321.0,0.01042853753707278,002172
2022-06-28,3.44,3.58,3.41,3.55,17055918.0,60154521.0,773194321.0,0.022059031651889226,002172
2022-06-29,3.57,3.73,3.55,3.57,20680544.0,74977616.0,773194321.0,0.026746890708215638,002172
2022-06-30,3.55,3.76,3.55,3.67,30315616.0,111590098.0,776020981.9999999,0.0390654591862569,002172
2022-07-01,3.65,3.73,3.6,3.61,15683715.0,56946290.0,776020981.9999999,0.02021042647529858,002172
2022-07-04,3.6,3.61,3.53,3.57,12388836.0,44154209.0,776020981.9999999,0.01596456318496811,002172
2022-07-05,3.57,3.62,3.51,3.56,11255800.0,40048343.0,776020981.9999999,0.014504504724847765,002172
2022-07-06,3.55,3.56,3.48,3.5,8814700.0,30950634.0,776020981.9999999,0.011358842356661951,002172
2022-07-07,3.5,3.55,3.48,3.54,8319299.0,29320022.0,776020981.9999999,0.010720456267250775,002172
2022-07-08,3.54,3.69,3.52,3.63,17241212.0,62619274.0,776020981.9999999,0.022217455970797453,002172
2022-07-11,3.62,3.66,3.55,3.6,10600000.0,38190983.0,776020981.9999999,0.013659424481901446,002172
2022-07-12,3.61,3.61,3.47,3.47,13460186.0,47263390.0,776020981.9999999,0.0173451315263535,002172
2022-07-13,3.47,3.68,3.45,3.6,17003202.0,60548604.0,776020981.9999999,0.02191075034618072,002172
2022-07-14,3.63,3.66,3.52,3.53,11373350.0,40394511.0,776020981.9999999,0.014655982587852247,002172
2022-07-15,3.59,3.88,3.57,3.88,28339137.0,107868823.0,776020981.9999999,0.03651851903148671,002172
2022-07-18,4.04,4.27,4.03,4.27,140016640.0,586645234.0,776020981.9999999,0.1804289358763756,002172
2022-07-19,4.07,4.4,4.03,4.12,112978241.0,468590441.0,776020981.9999999,0.14558658028656243,002172
2022-07-20,4.13,4.53,4.07,4.37,127003496.0,552414301.0,776020981.9999999,0.16365987382542194,002172
2022-07-21,4.24,4.32,4.13,4.24,87332216.0,367172724.0,776020981.9999999,0.11253847257444388,002172
2022-07-22,4.18,4.42,4.12,4.17,62253694.0,263543308.0,776020981.9999999,0.08022166338796237,002172
2022-07-25,4.18,4.25,4.07,4.18,41924161.0,174163410.0,776020981.9999999,0.05402451991948847,002172
2022-07-26,4.18,4.34,4.11,4.24,49965999.0,210356688.0,776020981.9999999,0.06438743301917577,002172
2022-07-27,4.21,4.66,4.21,4.33,96952082.0,426126298.0,776020981.9999999,0.12493487192850156,002172
2022-07-28,4.3,4.39,4.26,4.32,57552981.0,248685440.0,776020981.9999999,0.07416420732809517,002172
2022-07-29,4.24,4.31,4.15,4.16,51570082.0,217509608.0,776020981.9999999,0.06645449439664765,002172
2022-08-01,4.19,4.25,4.15,4.2,30521211.0,127974342.0,776020981.9999999,0.03933039403308299,002172
2022-08-02,4.1,4.15,3.88,3.9,40721032.0,161751776.0,776020981.9999999,0.052474137870669076,002172
2022-08-03,3.95,4.1,3.88,3.9,27727568.0,111044445.0,776020981.9999999,0.035730435958753505,002172
2022-08-04,3.94,4.04,3.92,4.04,19672667.0,78429280.0,776020981.9999999,0.025350689551329686,002172
2022-08-05,4.02,4.06,3.93,3.99,16688600.0,66393309.0,776020981.9999999,0.021505346359307592,002172
2022-08-08,3.96,4.08,3.91,4.04,16138800.0,64719905.0,776020981.9999999,0.020796860361180287,002172
2022-08-09,4.0,4.21,4.0,4.13,30334500.0,125408296.0,776020981.9999999,0.03908979357983391,002172
2022-08-10,4.08,4.19,4.06,4.11,18267600.0,75276443.0,776020981.9999999,0.02354008515713046,002172
2022-08-11,4.12,4.28,4.08,4.27,34722618.0,146195916.0,776020981.9999999,0.04474443192310489,002172
2022-08-12,4.27,4.33,4.21,4.25,24763700.0,105433506.0,776020981.9999999,0.031911121702119134,002172
2022-08-15,4.22,4.35,4.18,4.33,27153400.0,116337846.0,776020981.9999999,0.03499054874781724,002172
2022-08-16,4.39,4.39,4.26,4.35,28812301.0,124796838.0,776020981.9999999,0.03712824996785977,002172
2022-08-17,4.37,4.59,4.13,4.13,76706700.0,325302787.0,776020981.9999999,0.09884616753828959,002172
2022-08-18,4.13,4.49,4.12,4.19,46803594.0,197125923.0,776020981.9999999,0.06031227903062034,002172
2022-08-19,4.14,4.3,4.03,4.03,35640073.0,147732298.0,776020981.9999999,0.04592668732763724,002172
2022-08-22,4.06,4.25,4.02,4.17,33622951.0,139382918.0,776020981.9999999,0.043327373588978556,002172
2022-08-23,4.17,4.18,4.1,4.14,20318260.0,84102473.0,776020981.9999999,0.026182616799399896,002172
2022-08-24,4.16,4.16,4.01,4.01,22093069.0,89660569.0,776020981.9999999,0.02846967996027716,002172
2022-08-25,4.03,4.05,3.89,3.96,16231000.0,64085299.0,776020981.9999999,0.02091567158167381,002172
2022-08-26,3.96,4.05,3.94,3.99,11817900.0,47186412.0,776020981.9999999,0.015228840809873878,002172
2022-08-29,3.94,3.99,3.82,3.91,17182808.0,67212363.0,776020981.9999999,0.022142195119152077,002172
2022-08-30,3.93,4.01,3.9,3.98,16711637.0,66049191.0,776020981.9999999,0.021535032412306608,002172
2022-08-31,3.98,3.98,3.77,3.8,21108050.0,81505292.0,776020981.9999999,0.027200359899547152,002172
2022-09-01,3.76,3.82,3.7,3.72,16471800.0,61864349.0,776020981.9999999,0.021225972469904174,002172
2022-09-02,3.72,3.86,3.72,3.83,15762000.0,60223014.0,776020981.9999999,0.020311306479597228,002172
2022-09-05,3.86,3.94,3.85,3.9,15460701.0,60255612.0,776020981.9999999,0.019923045070448883,002172
2022-09-06,3.92,3.94,3.87,3.92,9202152.0,35930683.0,776020981.9999999,0.011858122671224373,002172
2022-09-07,3.9,3.97,3.88,3.93,10312500.0,40614488.0,776020981.9999999,0.013288944808453648,002172
2022-09-08,3.92,3.95,3.85,3.86,9541410.0,37083989.0,776020981.9999999,0.012295298994892385,002172
2022-09-09,3.87,4.02,3.87,3.94,19427409.0,76793076.0,776020981.9999999,0.025034643973067216,002172
2022-09-13,3.9,3.96,3.87,3.88,11795901.0,46066237.0,776020981.9999999,0.015200492349574128,002172
2022-09-14,3.81,3.87,3.8,3.84,9495900.0,36339541.0,776020981.9999999,0.012236653673366788,002172
2022-09-15,3.82,3.86,3.68,3.73,11793159.0,44225747.0,776020981.9999999,0.01519695893995815,002172
2022-09-16,3.73,3.73,3.58,3.58,11492100.0,41777894.0,776020981.9999999,0.014809006800798077,002172
2022-09-19,3.56,3.61,3.5,3.53,8072182.0,28629630.0,776020981.9999999,0.010402015135204168,002172
2022-09-20,3.54,3.61,3.54,3.58,8264183.0,29520169.0,776020981.9999999,0.010649432414444692,002172
2022-09-21,3.57,3.63,3.51,3.61,6861017.0,24552946.0,776020981.9999999,0.00884127769627755,002172
2022-09-22,3.59,3.63,3.54,3.55,6382782.0,22837329.0,776020981.9999999,0.008225012142777348,002172
2022-09-23,3.56,3.57,3.43,3.45,9699200.0,33879118.0,765271980.0,0.01267418676429261,002172
2022-09-26,3.42,3.45,3.37,3.37,8066515.0,27478824.0,765271980.0,0.01054071651754452,002172
2022-09-27,3.38,3.47,3.36,3.47,10157302.0,34750176.0,765271980.0,0.01327280008344223,002172
2022-09-28,3.47,3.53,3.4,3.41,10969500.0,37939796.0,765271980.0,0.014334119485205769,002172
2022-09-29,3.44,3.51,3.36,3.4,14847701.0,50835192.0,765271980.0,0.019401861544702054,002172
2022-09-30,3.38,3.49,3.36,3.41,12548500.0,42894966.0,765271980.0,0.0163974382022977,002172
2022-10-10,3.37,3.43,3.27,3.31,11037600.0,36962707.0,765271980.0,0.014423107455208278,002172
2022-10-11,3.3,3.33,3.21,3.32,7897800.0,25858665.0,765271980.0,0.010320252415356956,002172
2022-10-12,3.31,3.43,3.29,3.42,8187623.0,27459653.0,765271980.0,0.01069897136440302,002172
2022-10-13,3.42,3.76,3.38,3.76,15383210.0,56422633.0,765271980.0,0.020101624523087856,002172
2022-10-14,3.8,4.14,3.74,4.14,99066168.0,392343322.0,765271980.0,0.12945223474665832,002172
2022-10-17,4.14,4.55,4.03,4.55,155833697.0,680000973.0,765271980.0,0.20363178199729723,002172
2022-10-18,4.43,4.66,4.23,4.33,150706914.0,665085417.0,765271980.0,0.1969324866696413,002172
2022-10-19,4.28,4.49,4.25,4.36,104818869.0,456383253.0,765271980.0,0.1369694327499094,002172
2022-10-20,4.27,4.7,3.92,4.02,169772801.0,734118577.0,765271980.0,0.22184635716049605,002172
2022-10-21,3.86,3.92,3.68,3.68,98309202.0,368615571.0,765271980.0,0.1284630883780692,002172
2022-10-24,3.7,3.75,3.5,3.51,58871698.0,212260361.0,765271980.0,0.07692911740999586,002172
2022-10-25,3.53,3.55,3.41,3.55,42264300.0,146981076.0,765271980.0,0.055227815867503735,002172
2022-10-26,3.53,3.8,3.5,3.68,73775914.0,270288212.0,765271980.0,0.09640482851600028,002172
2022-10-27,3.61,3.71,3.56,3.62,44597000.0,161556050.0,765271980.0,0.05827601318945455,002172
2022-10-28,3.55,3.59,3.44,3.45,34036084.0,119103866.0,765271980.0,0.04447580061666442,002172
2022-10-31,3.45,3.59,3.41,3.52,28058450.0,98074077.0,765271980.0,0.036664677047237505,002172
2022-11-01,3.63,3.8,3.58,3.66,54616228.0,199970229.0,765271980.0,0.0713683885303105,002172
2022-11-02,3.62,3.68,3.58,3.62,43517362.0,158114680.0,765271980.0,0.056865223263499076,002172
2022-11-03,3.57,3.65,3.54,3.6,27543464.0,98859484.0,765271980.0,0.03599173198527405,002172
2022-11-04,3.6,3.69,3.58,3.65,35560060.0,129207108.0,765271980.0,0.04646721809937429,002172
2022-11-07,3.64,3.7,3.63,3.67,26660111.0,97723639.0,765271980.0,0.03483743256874504,002172
2022-11-08,3.69,3.73,3.61,3.73,34756593.0,128036975.0,765271980.0,0.04541730771326555,002172
2022-11-09,3.73,3.77,3.68,3.7,25525700.0,95231375.0,765271980.0,0.0333550693963733,002172
2022-11-10,3.68,3.78,3.66,3.73,28729600.0,107158736.0,765271980.0,0.03754168550637382,002172
2022-11-11,3.77,3.93,3.74,3.81,61268002.0,234801858.0,765271980.0,0.08006042766651407,002172
2022-11-14,3.96,4.08,3.85,3.9,66859476.0,264081082.0,765271980.0,0.08736694632410297,002172
2022-11-15,3.96,4.0,3.81,3.85,49040581.0,188864163.0,765271980.0,0.06408255140871616,002172
2022-11-16,3.85,3.95,3.82,3.89,41322836.0,160889580.0,765271980.0,0.05399758135663088,002172
2022-11-17,3.85,4.03,3.83,3.96,52043455.0,205368585.0,765271980.0,0.06800648182623908,002172
2022-11-18,3.95,4.05,3.92,3.96,42959251.0,171026974.0,765271980.0,0.05613592568749218,002172
2022-11-21,3.92,3.96,3.85,3.92,29011996.0,112976075.0,765271980.0,0.03791069940911727,002172
2022-11-22,3.9,3.95,3.78,3.81,29045010.0,111806188.0,765271980.0,0.037953839627056514,002172
2022-11-23,3.83,3.97,3.67,3.88,40125150.0,152688061.0,765271980.0,0.05243253516220468,002172
2022-11-24,3.85,3.98,3.85,3.89,35129900.0,137412952.0,765271980.0,0.04590511728914993,002172
2022-11-25,3.9,3.92,3.81,3.87,20584700.0,79490055.0,765271980.0,0.02689854135257899,002172
2022-11-28,3.96,4.04,3.77,3.8,44567500.0,173403849.0,765271980.0,0.05823746480303643,002172
2022-11-29,3.77,4.05,3.77,3.93,53766379.0,211769996.0,765271980.0,0.07025786962695275,002172
2022-11-30,3.93,3.97,3.85,3.89,30672491.0,119390007.0,765271980.0,0.040080509677095456,002172
2022-12-01,3.95,3.95,3.85,3.87,23060000.0,89497033.0,765271980.0,0.03013307765430011,002172
2022-12-02,3.87,3.97,3.84,3.94,28268264.0,110837715.0,765271980.0,0.03693884623869281,002172
2022-12-05,3.95,4.12,3.95,4.02,41431800.0,166727371.0,765271980.0,0.05413996733553475,002172
2022-12-06,4.01,4.06,3.93,3.95,25227800.0,100452664.0,765271980.0,0.032965796029798454,002172
2022-12-07,3.94,4.07,3.92,4.07,40547755.0,162776998.0,765271980.0,0.052984763665331114,002172
2022-12-08,4.14,4.15,3.99,4.06,38588380.0,155782252.0,765271980.0,0.050424399440314016,002172
2022-12-09,4.03,4.28,3.96,4.23,77941904.0,323242254.0,765271980.0,0.10184863164596723,002172
2022-12-12,4.22,4.31,4.15,4.21,58386690.0,246118424.0,765271980.0,0.07629534534898298,002172
2022-12-13,4.23,4.25,4.12,4.17,32996500.0,137489781.0,765271980.0,0.04311735025239,002172
2022-12-14,4.16,4.17,4.02,4.04,32663900.0,132709232.0,765271980.0,0.04268273352958774,002172
2022-12-15,4.04,4.11,4.0,4.06,23407000.0,94793632.0,765271980.0,0.03058651121657427,002172
2022-12-16,4.02,4.1,4.0,4.08,26680500.0,108245440.0,765271980.0,0.034864075384022294,002172
2022-12-19,4.49,4.49,4.35,4.49,110992506.0,495617717.0,765271980.0,0.14503667833232312,002172
2022-12-20,4.5,4.69,4.19,4.54,138852756.0,621652406.0,765271980.0,0.18144236249182938,002172
2022-12-21,4.31,4.45,4.13,4.41,122664127.0,522842335.0,765271980.0,0.16028827685550437,002172
2022-12-22,4.37,4.53,4.2,4.33,88703212.0,386648319.0,765271980.0,0.1159107014476082,002172
2022-12-23,4.26,4.29,4.12,4.16,59067095.0,246919150.0,765271980.0,0.07718444754765488,002172
2022-12-26,4.2,4.2,4.06,4.17,46939041.0,193646961.0,765271980.0,0.0613364166292878,002172
2022-12-27,4.16,4.24,3.91,4.08,67434846.0,273109266.0,765271980.0,0.08811879666625191,002172
2022-12-28,4.02,4.23,3.97,4.08,50298457.0,207314066.0,765271980.0,0.06572624937868494,002172
2022-12-29,4.02,4.49,3.98,4.19,81801221.0,345050451.0,765271980.0,0.10689169751125606,002172
2022-12-30,4.3,4.32,4.09,4.13,47376623.0,197086203.0,765271980.0,0.06190821595218997,002172
2023-01-03,4.18,4.54,4.15,4.54,63244727.0,280930027.0,765271980.0,0.08264346356964487,002172
2023-01-04,4.5,4.65,4.41,4.46,114333113.0,515080079.0,765271980.0,0.14940193289188505,002172
2023-01-05,4.51,4.58,4.38,4.47,59138201.0,264186972.0,765271980.0,0.07727736353289716,002172
2023-01-06,4.47,4.54,4.42,4.44,56094300.0,250752133.0,765271980.0,0.07329982211030384,002172
2023-01-09,4.33,4.39,4.29,4.35,45711300.0,198151907.0,765271980.0,0.059732096816088834,002172
2023-01-10,4.35,4.36,4.2,4.25,36598950.0,156172778.0,765271980.0,0.04782476159652416,002172
2023-01-11,4.27,4.56,4.21,4.44,80158400.0,352699651.0,765271980.0,0.1047449823002797,002172
2023-01-12,4.42,4.76,4.37,4.55,98284975.0,449629643.0,765271980.0,0.1284314303523827,002172
2023-01-13,4.56,4.69,4.5,4.6,66699901.0,306348934.0,765271980.0,0.0871584256880802,002172
2023-01-16,4.66,4.74,4.56,4.64,70192575.0,325500530.0,765271980.0,0.09172238999264026,002172
2023-01-17,4.6,4.61,4.36,4.39,59455736.0,263185254.0,765271980.0,0.07769229444412691,002172
2023-01-18,4.44,4.62,4.36,4.52,58299101.0,262636830.0,765271980.0,0.07618089061617021,002172
2023-01-19,4.38,4.45,4.26,4.34,49789983.0,216255600.0,765271980.0,0.06506181370968267,002172
2023-01-20,4.35,4.49,4.32,4.41,30318136.0,133891616.0,765271980.0,0.03961746515271603,002172
2023-01-30,4.4,4.51,4.35,4.49,44845676.0,198722126.0,765271980.0,0.058600964326434635,002172
2023-01-31,4.47,4.58,4.44,4.46,37887586.0,170483167.0,765271980.0,0.04950865442636486,002172
2023-02-01,4.45,4.54,4.38,4.54,39257850.0,175040958.0,765271980.0,0.05129921260151195,002172
2023-02-02,4.49,4.54,4.45,4.49,24905900.0,111975887.0,765271980.0,0.03254516126410378,002172
2023-02-03,4.48,4.49,4.36,4.43,26712600.0,117945015.0,765271980.0,0.03490602125534506,002172
2023-02-06,4.49,4.56,4.42,4.43,32100864.0,144000998.0,765271980.0,0.04194700033313646,002172
2023-02-07,4.39,4.4,4.26,4.3,34552537.0,149263027.0,765271980.0,0.045150662644149075,002172
2023-02-08,4.29,4.34,4.27,4.28,21502701.0,92432235.0,765271980.0,0.02809811617563732,002172
2023-02-09,4.24,4.29,4.22,4.29,18814336.0,80333331.0,765271980.0,0.02458516251960512,002172
2023-02-10,4.28,4.33,4.25,4.33,17617700.0,75692933.0,765271980.0,0.02302148838639042,002172
2023-02-13,4.32,4.35,4.3,4.35,17911200.0,77566088.0,765271980.0,0.02340501216312663,002172
2023-02-14,4.34,4.34,4.28,4.31,13352801.0,57462257.0,765271980.0,0.017448438397025853,002172
2023-02-15,4.29,4.32,4.26,4.31,12588100.0,53964771.0,765271980.0,0.016449184510845413,002172
2023-02-16,4.3,4.49,4.29,4.32,43010100.0,188592205.0,765271980.0,0.056202371345152345,002172
2023-02-17,4.25,4.4,4.24,4.31,29768798.0,129098669.0,765271980.0,0.038899631474812395,002172
2023-02-20,4.29,4.32,4.14,4.26,27836700.0,117192521.0,765271980.0,0.03637491078661994,002172
2023-02-21,4.25,4.29,4.2,4.24,18736550.0,79469223.0,765271980.0,0.024483517611607837,002172
2023-02-22,4.24,4.25,4.18,4.19,14919800.0,62782171.0,765271980.0,0.019496075107832904,002172
2023-02-23,4.22,4.26,4.17,4.17,15163400.0,63811969.0,765271980.0,0.019814393308899145,002172
2023-02-24,4.19,4.21,4.15,4.2,12005920.0,50186537.0,765271980.0,0.015688435371696216,002172
2023-02-27,4.18,4.2,4.14,4.16,9203800.0,38373141.0,765271980.0,0.012026835217460856,002172
2023-02-28,4.18,4.26,4.16,4.25,18183502.0,76841292.0,765271980.0,0.023760835984090258,002172
2023-03-01,4.25,4.26,4.21,4.25,13587900.0,57608215.0,765271980.0,0.017755648129178857,002172
2023-03-02,4.25,4.27,4.2,4.21,13180932.0,55734814.0,765271980.0,0.017223852884303958,002172
2023-03-03,4.21,4.26,4.2,4.25,11514902.0,48740369.0,765271980.0,0.015046809893653756,002172
2023-03-06,4.23,4.24,4.04,4.05,37667663.0,154581836.0,765271980.0,0.04922127555225529,002172
2023-03-07,4.05,4.08,3.94,3.96,24615379.0,98533337.0,765271980.0,0.032165530221033314,002172
2023-03-08,3.95,3.97,3.92,3.96,15259991.0,60187457.0,765271980.0,0.01994061117983178,002172
2023-03-09,3.96,3.97,3.91,3.93,10090742.0,39725029.0,765271980.0,0.013185824469883244,002172
2023-03-10,3.9,3.91,3.83,3.85,19974800.0,77072195.0,765271980.0,0.02610156979744639,002172
2023-03-13,3.83,3.87,3.8,3.86,10183000.0,39094634.0,765271980.0,0.013306380301549783,002172
2023-03-14,3.86,3.87,3.73,3.78,13648800.0,51651853.0,765271980.0,0.01783522767944542,002172
2023-03-15,3.81,3.87,3.8,3.85,13196800.0,50768494.0,765271980.0,0.017244587996022017,002172
2023-03-16,3.83,3.87,3.81,3.81,10453000.0,40127526.0,765271980.0,0.013659196041647833,002172
2023-03-17,3.76,3.82,3.74,3.75,15752900.0,59466464.0,765271980.0,0.020584707674779885,002172
2023-03-20,3.77,3.77,3.68,3.71,13725800.0,50975956.0,765271980.0,0.017935845501621528,002172
2023-03-21,3.74,3.81,3.7,3.8,13978100.0,52732023.0,765271980.0,0.018265532209868707,002172
2023-03-22,3.78,3.87,3.78,3.82,11771500.0,45078922.0,765271980.0,0.01538211290579331,002172
2023-03-23,3.8,3.81,3.75,3.77,10613911.0,40057742.0,765271980.0,0.013869462462221602,002172
2023-03-24,3.8,3.83,3.74,3.75,11819100.0,44478651.0,765271980.0,0.015444313014047632,002172
2023-03-27,3.74,3.75,3.7,3.74,10562200.0,39312265.0,765271980.0,0.013801890407643045,002172
2023-03-28,3.74,3.79,3.72,3.75,12800286.0,48149664.0,765271980.0,0.016726453253913726,002172
2023-03-29,3.74,3.75,3.63,3.64,14478700.0,53174616.0,765271980.0,0.018919678726509757,002172
2023-03-30,3.65,3.66,3.59,3.64,8886100.0,32185817.0,765271980.0,0.01161168869661215,002172
2023-03-31,3.63,3.7,3.63,3.7,8333700.0,30690002.0,765271980.0,0.010889853826870808,002172
2023-04-03,3.69,3.73,3.67,3.71,8624600.0,31901816.0,765271980.0,0.011269980118702373,002172
2023-04-04,3.7,3.7,3.63,3.64,8942100.0,32716529.0,765271980.0,0.011684865294558413,002172
2023-04-06,3.67,3.72,3.64,3.66,9492000.0,34801251.0,765271980.0,0.012403433351891441,002172
2023-04-07,3.62,3.76,3.61,3.76,15110700.0,56242049.0,765271980.0,0.01974552890333186,002172
2023-04-10,3.74,3.76,3.68,3.7,9642100.0,35804061.0,765271980.0,0.01259957276888669,002172
2023-04-11,3.71,3.72,3.66,3.69,6502070.0,23959773.0,765271980.0,0.008496417182293804,002172
2023-04-12,3.68,3.71,3.64,3.66,8140502.0,29836067.0,765271980.0,0.01063739717740613,002172
2023-04-13,3.65,3.67,3.58,3.67,11262520.0,40774449.0,765271980.0,0.014717016033959586,002172
2023-04-14,3.65,3.68,3.62,3.63,7264300.0,26455131.0,765271980.0,0.009492442151089865,002172
2023-04-17,3.63,3.66,3.58,3.63,6864100.0,24838097.0,765271980.0,0.008969490820766755,002172
2023-04-18,3.62,3.63,3.54,3.54,11859000.0,42271196.0,765271980.0,0.015496451340084346,002172
2023-04-19,3.53,3.55,3.48,3.48,11051279.0,38683969.0,765271980.0,0.014440982145981615,002172
2023-04-20,3.47,3.47,3.39,3.42,12421734.0,42527103.0,765271980.0,0.0162317899055967,002172
2023-04-21,3.43,3.48,3.36,3.38,9624800.0,32870461.0,765271980.0,0.01257696642702115,002172
2023-04-24,3.37,3.47,3.33,3.43,11164947.0,38135123.0,765271980.0,0.014589514959112967,002172
2023-04-25,3.44,3.44,3.3,3.36,10727000.0,35968966.0,765271980.0,0.014017238681599188,002172
2023-04-26,3.33,3.47,3.33,3.43,9470000.0,32395502.0,765271980.0,0.012374685402698267,002172
2023-04-27,3.44,3.5,3.41,3.48,8320254.0,28935286.0,765271980.0,0.010872283603013925,002172
2023-04-28,3.5,3.55,3.45,3.54,8793776.0,30868048.0,765271980.0,0.01149104662109803,002172
2023-05-04,3.53,3.7,3.51,3.68,18009178.0,65801262.0,765271980.0,0.023533042461583397,002172
2023-05-05,3.69,3.71,3.64,3.7,10201098.0,37439740.0,765271980.0,0.01333002940993606,002172
2023-05-08,3.7,3.71,3.58,3.62,11562065.0,41908127.0,765271980.0,0.015108438963099106,002172
2023-05-09,3.63,3.63,3.54,3.56,8751511.0,31312207.0,765271980.0,0.011435817890523054,002172
2023-05-10,3.56,3.6,3.53,3.57,7153500.0,25529627.0,765271980.0,0.009347657025153331,002172
2023-05-11,3.57,3.64,3.55,3.63,7496900.0,27057723.0,765271980.0,0.009796386377559517,002172
2023-05-12,3.61,3.64,3.58,3.6,7925064.0,28577158.0,765271980.0,0.010355878964757079,002172
2023-05-15,3.59,3.63,3.56,3.62,7464910.0,26890951.0,765271980.0,0.009754584245982715,002172
2023-05-16,3.63,3.63,3.55,3.57,6012401.0,21491951.0,765271980.0,0.00785655447622687,002172
2023-05-17,3.56,3.61,3.54,3.6,6498500.0,23290454.0,765271980.0,0.00849175217417473,002172
2023-05-18,3.64,3.64,3.58,3.6,4230900.0,15229402.0,765271980.0,0.005528622647336441,002172
2023-05-19,3.58,3.6,3.53,3.58,5792900.0,20667015.0,765271980.0,0.007569727040051826,002172
2023-05-22,3.61,3.65,3.59,3.61,6610900.0,23895147.0,765271980.0,0.008638628060052583,002172
2023-05-23,3.62,3.68,3.59,3.59,8249201.0,29956758.0,765271980.0,0.010779436874194715,002172
2023-05-24,3.57,3.62,3.56,3.56,6265300.0,22480107.0,765271980.0,0.00818702391272708,002172
2023-05-25,3.51,3.56,3.48,3.52,9129200.0,32037201.0,765271980.0,0.011929353535196729,002172
2023-05-26,3.52,3.55,3.44,3.53,8749100.0,30491551.0,765271980.0,0.011432667376636474,002172
2023-05-29,3.53,3.57,3.45,3.46,7832500.0,27466883.0,765271980.0,0.01023492327525176,002172
2023-05-30,3.48,3.55,3.4,3.45,13608864.0,47124994.0,765271980.0,0.017783042311310025,002172
2023-05-31,3.45,3.49,3.41,3.47,10116900.0,34864348.0,765271980.0,0.013220005781473927,002172
2023-06-01,3.47,3.54,3.43,3.49,10517800.0,36744240.0,765271980.0,0.013743871819271366,002172
2023-06-02,3.48,3.51,3.47,3.48,8027500.0,27989470.0,765271980.0,0.010489734643100353,002172
2023-06-05,3.48,3.51,3.47,3.5,7084600.0,24713836.0,765271980.0,0.009257623675180163,002172
2023-06-06,3.5,3.5,3.4,3.4,7689300.0,26490020.0,765271980.0,0.010047800260503462,002172
2023-06-07,3.4,3.44,3.38,3.41,6125400.0,20917367.0,765271980.0,0.008004213090357757,002172
2023-06-08,3.39,3.4,3.35,3.37,6220700.0,20978599.0,765271980.0,0.008128743979362736,002172
2023-06-09,3.37,3.39,3.34,3.36,7342950.0,24660088.0,765271980.0,0.009595216069455464,002172
2023-06-12,3.36,3.39,3.29,3.39,8571500.0,28615261.0,765271980.0,0.011200593023149756,002172
2023-06-13,3.39,3.39,3.36,3.37,4697200.0,15866270.0,765271980.0,0.0061379484977354066,002172
2023-06-14,3.38,3.43,3.34,3.41,6719101.0,22827530.0,765271980.0,0.008780017007809433,002172
2023-06-15,3.41,3.43,3.38,3.41,6492626.0,22061562.0,765271980.0,0.008484076471740152,002172
2023-06-16,3.42,3.43,3.4,3.42,6267070.0,21394502.0,765271980.0,0.008189336815912168,002172
2023-06-19,3.42,3.48,3.4,3.41,7771575.0,26612661.0,765271980.0,0.010155311056861117,002172
2023-06-20,3.4,3.42,3.36,3.38,5734896.0,19439893.0,765271980.0,0.007493931765279058,002172
2023-06-21,3.36,3.55,3.36,3.4,12908501.0,44448400.0,765271980.0,0.01686786049582006,002172
2023-06-26,3.36,3.37,3.29,3.31,8918400.0,29642160.0,765271980.0,0.011653895912927583,002172
2023-06-27,3.33,3.43,3.32,3.43,10887500.0,37041684.0,765271980.0,0.014226968038213028,002172
2023-06-28,3.41,3.44,3.37,3.43,8751600.0,29899450.0,765271980.0,0.011435934189044789,002172
2023-06-29,3.43,3.46,3.42,3.45,6424303.0,22101465.0,765271980.0,0.008394797102070821,002172
2023-06-30,3.44,3.54,3.43,3.51,9806900.0,34336137.0,765271980.0,0.012814921042842833,002172
2023-07-03,3.51,3.54,3.48,3.52,7865801.0,27607682.0,765271980.0,0.010278438523255483,002172
2023-07-04,3.53,3.55,3.51,3.54,8373775.0,29562644.0,765271980.0,0.010942220829776101,002172
2023-07-05,3.54,3.55,3.49,3.5,5991700.0,21078063.0,765271980.0,0.007829503962761056,002172
2023-07-06,3.5,3.52,3.47,3.5,5904864.0,20653350.0,765271980.0,0.00771603319384567,002172
2023-07-07,3.5,3.51,3.47,3.48,4099200.0,14268484.0,765271980.0,0.005356526969666393,002172
2023-07-10,3.48,3.51,3.47,3.48,3733301.0,13024126.0,765271980.0,0.004878397612310332,002172
2023-07-11,3.48,3.5,3.46,3.5,3834644.0,13356594.0,765271980.0,0.005010825040268689,002172
2023-07-12,3.5,3.52,3.47,3.49,5374100.0,18817136.0,765271980.0,0.007022470625410851,002172
2023-07-13,3.49,3.52,3.48,3.5,4733250.0,16575508.0,765271980.0,0.006185055932663313,002172
2023-07-14,3.5,3.51,3.48,3.5,3780600.0,13228211.0,765271980.0,0.004940204396350694,002172
2023-07-17,3.49,3.49,3.44,3.48,4357544.0,15108180.0,765271980.0,0.005694111523591913,002172
2023-07-18,3.47,3.49,3.45,3.49,3852003.0,13374484.0,765271980.0,0.0050335084789070676,002172
2023-07-19,3.48,3.51,3.47,3.49,4552750.0,15904931.0,765271980.0,0.00594919207678295,002172
2023-07-20,3.5,3.54,3.48,3.49,8288964.0,29092224.0,765271980.0,0.01083139617891145,002172
2023-07-21,3.5,3.84,3.48,3.84,35280001.0,132041623.0,765271980.0,0.04610125801287014,002172
2023-07-24,3.88,4.22,3.77,3.99,129854573.0,523127544.0,765271980.0,0.16968421214115276,002172
2023-07-25,3.82,3.96,3.77,3.88,87908056.0,340337048.0,765271980.0,0.11487165125266967,002172
2023-07-26,3.83,3.97,3.83,3.92,61680540.0,240174172.0,765271980.0,0.0805995013694347,002172
2023-07-27,3.83,3.91,3.8,3.85,42950755.0,165005437.0,765271980.0,0.05612482375220376,002172
2023-07-28,3.85,3.99,3.81,3.88,41388889.0,160011717.0,765271980.0,0.05408389446063346,002172
2023-07-31,3.86,4.1,3.86,3.97,63233624.0,251386048.0,765271980.0,0.08262895500237706,002172
2023-08-01,3.93,3.99,3.88,3.99,48912801.0,192902646.0,765271980.0,0.06391557809290234,002172
2023-08-02,3.93,3.96,3.83,3.88,39507179.0,153565192.0,765271980.0,0.05162501702989308,002172
2023-08-03,3.88,3.93,3.83,3.91,28600581.0,111476381.0,765271980.0,0.037373093158330456,002172
2023-08-04,3.87,3.9,3.82,3.84,29465900.0,113421685.0,765271980.0,0.03850382709687084,002172
2023-08-07,3.8,3.84,3.76,3.8,17141698.0,65168964.0,765271980.0,0.02239948469039726,002172
2023-08-08,3.82,3.85,3.77,3.85,16401201.0,62791539.0,765271980.0,0.021431858775229167,002172
2023-08-09,3.85,4.04,3.82,3.92,49880301.0,196290721.0,765271980.0,0.06517983449492036,002172
2023-08-10,3.86,3.92,3.85,3.89,26945250.0,104451180.0,765271980.0,0.03521003081806288,002172
2023-08-11,3.89,3.99,3.87,3.91,36228400.0,142676909.0,765271980.0,0.047340554661363665,002172
2023-08-14,3.89,4.06,3.83,4.0,51638498.0,205464551.0,765271980.0,0.06747731440526543,002172
2023-08-15,4.0,4.06,3.91,3.96,43992900.0,175199964.0,765271980.0,0.05748662063910925,002172
2023-08-16,3.93,4.18,3.91,4.08,59226778.0,240934070.0,765271980.0,0.07739310930997369,002172
2023-08-17,4.02,4.05,3.89,3.95,47847259.0,189401851.0,765271980.0,0.06252320776202991,002172
2023-08-18,3.9,3.91,3.75,3.75,41332998.0,157311693.0,765271980.0,0.0540108602957082,002172
2023-08-21,3.74,3.88,3.72,3.78,25733725.0,98236892.0,765271980.0,0.033626900856869216,002172
2023-08-22,3.83,3.85,3.68,3.76,21898500.0,81749785.0,765271980.0,0.028615316609396833,002172
2023-08-23,3.76,3.77,3.65,3.65,14458153.0,53423667.0,765271980.0,0.018892829448688295,002172
2023-08-24,3.67,3.78,3.65,3.75,16203209.0,60316642.0,765271980.0,0.021173137686290304,002172
2023-08-25,3.73,3.75,3.62,3.63,16266609.0,59714836.0,765271980.0,0.02125598404896518,002172
2023-08-28,3.8,3.82,3.68,3.7,19362201.0,72550376.0,765271980.0,0.02530107139163778,002172
2023-08-29,3.7,3.8,3.67,3.78,14940602.0,55975660.0,765271980.0,0.019523257600520014,002172
2023-08-30,3.77,3.78,3.67,3.7,15200710.0,56450508.0,765271980.0,0.01986314721728084,002172
2023-08-31,3.69,3.7,3.63,3.66,10413800.0,38059942.0,765271980.0,0.01360797242308545,002172
2023-09-01,3.75,3.76,3.63,3.64,12570800.0,46143744.0,765271980.0,0.01642657816897987,002172
2023-09-04,3.62,3.72,3.6,3.72,13643800.0,50290990.0,765271980.0,0.017828694054628787,002172
2023-09-05,3.72,3.73,3.65,3.68,8731900.0,32126458.0,765271980.0,0.011410191707267264,002172
2023-09-06,3.66,3.68,3.64,3.66,6652302.0,24330904.0,765271980.0,0.008692729086984211,002172
2023-09-07,3.66,3.66,3.55,3.57,11620900.0,41796993.0,765271980.0,0.015185320126316399,002172
2023-09-08,3.57,3.6,3.53,3.55,6101601.0,21710773.0,765271980.0,0.00797311434295556,002172
2023-09-11,3.55,3.65,3.53,3.65,10936602.0,39589800.0,765271980.0,0.014291130847362268,002172
2023-09-12,3.65,3.74,3.63,3.71,13795701.0,51042562.0,765271980.0,0.018027186883282986,002172
2023-09-13,3.71,3.72,3.61,3.65,12091100.0,44081678.0,765271980.0,0.015799742204072334,002172
2023-09-14,3.64,3.65,3.59,3.61,7260400.0,26256109.0,765271980.0,0.009487345923732893,002172
2023-09-15,3.61,3.71,3.6,3.68,12780479.0,47009068.0,765271980.0,0.016700570952565125,002172
2023-09-18,3.67,3.74,3.66,3.73,11194900.0,41605963.0,765271980.0,0.014628655291939475,002172
2023-09-19,3.72,3.79,3.7,3.72,13074700.0,48805911.0,765271980.0,0.017085036877999896,002172
2023-09-20,3.73,3.8,3.69,3.73,10524000.0,39375635.0,765271980.0,0.013751973514043987,002172
2023-09-21,3.7,3.72,3.66,3.68,7754501.0,28591707.0,765271980.0,0.010133000034837287,002172
2023-09-22,3.68,3.72,3.63,3.71,8590115.0,31618786.0,765271980.0,0.011224917708342072,002172
2023-09-25,3.7,3.78,3.67,3.75,12400967.0,46456443.0,765271980.0,0.01620465314828331,002172
2023-09-26,3.75,3.75,3.67,3.68,7025000.0,25978514.0,765271980.0,0.009179742867365927,002172
2023-09-27,3.68,3.8,3.66,3.77,14713601.0,55387977.0,765271980.0,0.019226629727120022,002172
2023-09-28,3.75,3.81,3.74,3.78,11352400.0,42886162.0,765271980.0,0.014834464473663338,002172
2023-10-09,3.77,3.79,3.69,3.72,10856000.0,40360735.0,765271980.0,0.014185806201868255,002172
2023-10-10,3.71,3.72,3.63,3.64,8911700.0,32646276.0,765271980.0,0.0116451408556733,002172
2023-10-11,3.64,3.75,3.62,3.68,11283900.0,41731527.0,765271980.0,0.014744953813675498,002172
2023-10-12,3.7,3.77,3.69,3.72,9206100.0,34258729.0,765271980.0,0.012029840684876506,002172
2023-10-13,3.71,3.78,3.69,3.71,11151500.0,41585428.0,765271980.0,0.014571943428531122,002172
2023-10-16,3.71,3.78,3.69,3.71,12230100.0,45620089.0,765271980.0,0.015981376973974663,002172
2023-10-17,3.72,3.72,3.65,3.66,8518900.0,31319857.0,765271980.0,0.011131859290078804,002172
2023-10-18,3.66,3.66,3.56,3.57,7575500.0,27235318.0,765271980.0,0.00989909495967695,002172
2023-10-19,3.57,3.61,3.5,3.54,7357100.0,26165012.0,765271980.0,0.009613706227686527,002172
2023-10-20,3.54,3.57,3.43,3.54,6555900.0,23144836.0,765271980.0,0.008566758187069649,002172
2023-10-23,3.53,3.53,3.43,3.44,8134500.0,28199462.0,765271980.0,0.010629554214176246,002172
2023-10-24,3.44,3.57,3.44,3.56,8820900.0,31083086.0,765271980.0,0.011526490229003289,002172
2023-10-25,3.59,3.65,3.57,3.62,10629455.0,38451457.0,765271980.0,0.013889774195051543,002172
2023-10-26,3.6,3.66,3.56,3.63,8663100.0,31298060.0,765271980.0,0.011320289029790428,002172
2023-10-27,3.63,3.73,3.6,3.72,12338629.0,45526883.0,765271980.0,0.016123194527519483,002172
2023-10-30,3.72,3.82,3.72,3.79,14548000.0,55163863.0,765271980.0,0.019010234766468258,002172
2023-10-31,3.82,3.96,3.79,3.89,25912477.0,100911876.0,765271980.0,0.033860480557513686,002172
2023-11-01,3.88,3.93,3.84,3.9,17683548.0,68934736.0,765271980.0,0.023107533611775515,002172
2023-11-02,3.9,3.93,3.86,3.87,12743050.0,49597319.0,765271980.0,0.01665166154391279,002172
2023-11-03,3.86,3.93,3.85,3.86,12074000.0,46969067.0,765271980.0,0.015777397207199458,002172
2023-11-06,3.86,3.92,3.85,3.87,10218800.0,39717627.0,765271980.0,0.013353161055236859,002172
2023-11-07,3.85,3.89,3.84,3.86,10027100.0,38752538.0,765271980.0,0.013102661879767243,002172
2023-11-08,3.87,4.0,3.85,3.9,15893101.0,62323659.0,765271980.0,0.020767911821363172,002172
2023-11-09,3.9,3.98,3.87,3.88,9419351.0,36708940.0,765271980.0,0.012308501090030762,002172
2023-11-10,3.86,3.93,3.83,3.91,8921300.0,34773376.0,765271980.0,0.01165768541532123,002172
2023-11-13,3.89,3.94,3.86,3.92,7699666.0,29993992.0,765271980.0,0.0100613457714733,002172
2023-11-14,3.94,3.94,3.8,3.91,8014100.0,31169629.0,765271980.0,0.010472224528591782,002172
2023-11-15,3.93,3.95,3.86,3.93,11175975.0,43829616.0,765271980.0,0.014603925522008529,002172
2023-11-16,3.91,3.92,3.88,3.89,7441366.0,28953843.0,765271980.0,0.009723818713446165,002172
2023-11-17,3.88,3.94,3.86,3.93,9066900.0,35442717.0,765271980.0,0.011847944569981513,002172
2023-11-20,3.95,4.09,3.94,4.04,22312109.0,90030559.0,765271980.0,0.02915578981475318,002172
2023-11-21,4.09,4.33,4.07,4.19,56667664.0,239293861.0,765271980.0,0.07404905116217636,002172
2023-11-22,4.16,4.2,4.03,4.1,33498100.0,137898915.0,765271980.0,0.043772803493994386,002172
2023-11-23,4.11,4.22,4.1,4.11,20744800.0,85869558.0,765271980.0,0.027107748019207498,002172
2023-11-24,4.11,4.16,4.09,4.12,17230200.0,71075903.0,765271980.0,0.02251513246310155,002172
2023-11-27,4.1,4.12,4.04,4.05,17223200.0,70206945.0,765271980.0,0.02250598538835827,002172
2023-11-28,4.05,4.1,3.99,4.07,14764300.0,59849589.0,765271980.0,0.019292879376035695,002172
2023-11-29,4.07,4.14,4.05,4.06,14077000.0,57503103.0,765271980.0,0.018394767308741657,002172
2023-11-30,4.06,4.11,4.04,4.08,12321900.0,50209612.0,765271980.0,0.016101334325608,002172
2023-12-01,4.08,4.17,4.08,4.12,13740900.0,56781235.0,765271980.0,0.01795557704856775,002172
2023-12-04,4.1,4.18,4.09,4.14,14755676.0,61304680.0,765271980.0,0.01928161017995197,002172
2023-12-05,4.13,4.18,4.06,4.08,12923600.0,53317765.0,765271980.0,0.016887590736041323,002172
2023-12-06,4.07,4.11,4.04,4.07,12332900.0,50289916.0,765271980.0,0.01611570830020459,002172
2023-12-07,4.08,4.12,4.03,4.05,14523900.0,59215794.0,765271980.0,0.018978742694852096,002172
2023-12-08,4.05,4.08,3.94,3.95,14831301.0,59180056.0,765271980.0,0.019380431255303508,002172
2023-12-11,3.97,4.01,3.94,4.0,13062011.0,52003164.0,765271980.0,0.017068455844940253,002172
2023-12-12,4.01,4.13,3.98,4.06,16252500.0,65713469.0,765271980.0,0.02123754746645761,002172
2023-12-13,4.03,4.09,4.01,4.02,11599850.0,47092740.0,765271980.0,0.015157813565838384,002172
2023-12-14,4.03,4.1,4.0,4.01,12823388.0,51818833.0,765271980.0,0.016756641214016484,002172
2023-12-15,4.01,4.03,3.95,3.96,9972938.0,39624272.0,765271980.0,0.013031887042303575,002172
2023-12-18,3.95,3.99,3.92,3.92,9966400.0,39398748.0,765271980.0,0.013023343674493348,002172
2023-12-19,3.95,3.95,3.9,3.95,8367300.0,32823807.0,765271980.0,0.010933759785638564,002172
2023-12-20,3.95,3.97,3.88,3.88,7825100.0,30640464.0,765271980.0,0.010225253510523148,002172
2023-12-21,3.87,3.92,3.81,3.9,10469900.0,40518562.0,765271980.0,0.013681279693528045,002172
2023-12-22,3.9,3.9,3.82,3.83,8538500.0,32864208.0,765271980.0,0.011157471099359995,002172
2023-12-25,3.84,3.84,3.75,3.8,12998800.0,49231989.0,765271980.0,0.016985856453283446,002172
2023-12-26,3.82,3.83,3.75,3.77,8479376.0,32107586.0,765271980.0,0.011080212292628303,002172
2023-12-27,3.77,3.8,3.72,3.78,6839500.0,25703802.0,765271980.0,0.008937345386668932,002172
2023-12-28,3.76,3.8,3.73,3.79,9356505.0,35294317.0,765271980.0,0.01222637865298557,002172
2023-12-29,3.79,3.82,3.77,3.79,8909900.0,33773238.0,765271980.0,0.011642788750739312,002172
2024-01-02,3.79,3.87,3.77,3.86,13629250.0,52188486.0,765271980.0,0.01780968120641239,002172
2024-01-03,3.84,3.94,3.83,3.87,13859900.0,53804870.0,765271980.0,0.01811107731920356,002172
2024-01-04,3.87,3.95,3.84,3.92,14214400.0,55277163.0,765271980.0,0.018574311318702665,002172
2024-01-05,3.92,4.31,3.88,4.31,49892510.0,207565042.0,765271980.0,0.0651957882999976,002172
2024-01-08,4.37,4.5,4.08,4.14,144270446.0,613844412.0,765271980.0,0.1885217932583916,002172
2024-01-09,4.06,4.13,3.96,4.11,99215763.0,402591691.0,765271980.0,0.12964771426754707,002172
2024-01-10,4.08,4.35,4.03,4.18,120724374.0,507367253.0,765271980.0,0.15775355318771767,002172
2024-01-11,4.1,4.18,4.04,4.17,83002005.0,342166094.0,765271980.0,0.10846079193961865,002172
2024-01-12,4.1,4.15,4.03,4.06,55697154.0,226625620.0,765271980.0,0.07278086151801873,002172
2024-01-15,4.01,4.1,3.95,4.08,45652000.0,184601819.0,765271980.0,0.0596546080257636,002172
2024-01-16,4.3,4.3,3.92,3.98,94571380.0,389906927.0,765271980.0,0.12357878306219966,002172
2024-01-17,3.81,4.38,3.7,4.38,126359885.0,513452842.0,765271980.0,0.16511761609251654,002172
2024-01-18,4.42,4.64,4.17,4.26,187849401.0,825780144.0,765271980.0,0.24546750163255684,002172
2024-01-19,4.18,4.36,4.05,4.06,118523183.0,493251567.0,765271980.0,0.1548772019589689,002172
2024-01-22,4.0,4.02,3.65,3.65,92079100.0,353983748.0,765271980.0,0.12032205857060127,002172
2024-01-23,3.57,3.59,3.29,3.45,60598664.0,207864260.0,765271980.0,0.07918578699301129,002172
2024-01-24,3.46,3.8,3.43,3.8,32239901.0,119992141.0,765271980.0,0.042128683451862436,002172
2024-01-25,3.81,3.87,3.71,3.8,73235717.0,277222097.0,765271980.0,0.09569893961098641,002172
2024-01-26,3.8,3.91,3.75,3.82,49596115.0,190243452.0,765271980.0,0.06480848155449256,002172
2024-01-29,3.82,3.85,3.6,3.62,36425100.0,134257682.0,765271980.0,0.04759758746164991,002172
2024-01-30,3.63,3.77,3.54,3.54,30731365.0,111448929.0,765271980.0,0.04015744180258632,002172
2024-01-31,3.5,3.57,3.34,3.34,35765800.0,123387065.0,765271980.0,0.04673606369332901,002172
2024-02-01,3.35,3.37,3.15,3.24,37052000.0,120622473.0,765271980.0,0.04841677334115905,002172
2024-02-02,3.24,3.39,2.97,3.07,39824000.0,125566091.0,765271980.0,0.05203901493949903,002172
2024-02-05,3.05,3.06,2.76,2.76,42617000.0,119701443.0,765271980.0,0.055688697762068855,002172
2024-02-06,2.61,2.83,2.5,2.73,41962237.0,110466447.0,765271980.0,0.05483310260490656,002172
2024-02-07,2.75,2.77,2.55,2.56,43209421.0,113978426.0,765271980.0,0.05646282907156747,002172
2024-02-08,2.55,2.76,2.5,2.75,39964003.0,105717683.0,765271980.0,0.05222196035453957,002172
2024-02-19,2.79,2.91,2.73,2.9,33803119.0,95785449.0,765271980.0,0.04417137943558315,002172
2024-02-20,2.89,2.95,2.81,2.91,24299935.0,70371921.0,765271980.0,0.03175333167170187,002172
2024-02-21,2.88,3.04,2.86,2.98,31763820.0,94667276.0,765271980.0,0.041506576524597175,002172
2024-02-22,2.96,3.09,2.95,3.09,36194129.0,109748557.0,765271980.0,0.04729577189014551,002172
2024-02-23,3.18,3.2,3.08,3.17,35373403.0,110973705.0,765271980.0,0.04622330873789473,002172
2024-02-26,3.15,3.26,3.12,3.21,34066236.0,108359899.0,765271980.0,0.04451520098775863,002172
2024-02-27,3.18,3.3,3.17,3.28,33862200.0,110144968.0,765271980.0,0.04424858205314142,002172
2024-02-28,3.28,3.61,3.28,3.34,99807133.0,347184534.0,765271980.0,0.13042047220910924,002172
2024-02-29,3.31,3.46,3.22,3.42,74440622.0,249870485.0,765271980.0,0.09727341905292286,002172
2024-03-01,3.39,3.7,3.35,3.56,77093589.0,270307923.0,765271980.0,0.10074011725870324,002172
2024-03-04,3.52,3.66,3.45,3.6,69012115.0,246125520.0,765271980.0,0.09017985344243232,002172
2024-03-05,3.51,3.54,3.35,3.37,58186284.0,198712793.0,765271980.0,0.07603346982598265,002172
2024-03-06,3.32,3.42,3.28,3.34,36732850.0,122456812.0,765271980.0,0.04799973206911352,002172
2024-03-07,3.32,3.44,3.29,3.3,34911050.0,116493085.0,765271980.0,0.045619140530926014,002172
2024-03-08,3.28,3.3,3.2,3.26,31093901.0,100961271.0,765271980.0,0.04063117664389071,002172
2024-03-11,3.24,3.28,3.22,3.28,21450501.0,69794145.0,765271980.0,0.028029905132551696,002172
2024-03-12,3.27,3.35,3.26,3.34,24739816.0,82082813.0,765271980.0,0.03232813515529472,002172
2024-03-13,3.33,3.33,3.26,3.27,22967700.0,75389031.0,765271980.0,0.03001246694018511,002172
2024-03-14,3.3,3.35,3.23,3.29,22108820.0,72921707.0,765271980.0,0.02889014700368358,002172
2024-03-15,3.27,3.32,3.25,3.3,17509850.0,57570525.0,765271980.0,0.022880558099095696,002172
2024-03-18,3.31,3.36,3.28,3.36,26077201.0,86741402.0,765271980.0,0.03407572952037261,002172
2024-03-19,3.35,3.43,3.33,3.36,28162200.0,95038346.0,765271980.0,0.03680024976218259,002172
2024-03-20,3.35,3.41,3.33,3.4,25320902.0,85577144.0,765271980.0,0.033087454737334036,002172
2024-03-21,3.39,3.44,3.34,3.43,29253322.0,99448653.0,765271980.0,0.0382260461176169,002172
2024-03-22,3.41,3.41,3.28,3.31,26484100.0,88185877.0,765271980.0,0.03460743460122504,002172
2024-03-25,3.29,3.33,3.17,3.18,22510200.0,73249040.0,765271980.0,0.029414640269463412,002172
2024-03-26,3.15,3.22,3.11,3.18,16651800.0,52696952.0,765271980.0,0.021759322744313726,002172
2024-03-27,3.18,3.2,3.07,3.07,14665700.0,46044652.0,765271980.0,0.01916403629465174,002172
2024-03-28,3.03,3.18,3.03,3.15,17750725.0,55566681.0,765271980.0,0.023195315474636873,002172
2024-03-29,3.16,3.19,3.13,3.18,10250725.0,32416216.0,765271980.0,0.013394878249691045,002172
2024-04-01,3.19,3.27,3.19,3.27,15680625.0,50729095.0,765271980.0,0.02049026412805549,002172
2024-04-02,3.27,3.3,3.24,3.29,15229901.0,49861054.0,765271980.0,0.019901291825685296,002172
2024-04-03,3.31,3.38,3.24,3.27,15436701.0,50800515.0,765271980.0,0.020171522548101135,002172
2024-04-08,3.25,3.26,3.16,3.17,16924700.0,54132229.0,765271980.0,0.022115927986805423,002172
2024-04-09,3.18,3.26,3.15,3.26,14267120.0,45832583.0,765271980.0,0.018643201858769217,002172
2024-04-10,3.26,3.26,3.13,3.16,12657900.0,40232803.0,765271980.0,0.016540393913285576,002172
2024-04-11,3.14,3.2,3.1,3.16,9217300.0,29184441.0,765271980.0,0.01204447600446576,002172
2024-04-12,3.17,3.19,3.1,3.11,9268900.0,29017266.0,765271980.0,0.012111903012573385,002172
2024-04-15,3.1,3.11,2.87,2.97,20489800.0,61346487.0,765271980.0,0.02677453315355934,002172
2024-04-16,2.96,2.96,2.67,2.69,25851481.0,71554035.0,765271980.0,0.03378077556165064,002172
2024-04-17,2.72,2.87,2.72,2.85,15989733.0,45204589.0,765271980.0,0.020894183268019298,002172
2024-04-18,2.87,2.89,2.81,2.85,11561300.0,33039003.0,765271980.0,0.015107439318502162,002172
2024-04-19,2.83,2.87,2.78,2.79,10270500.0,28920893.0,765271980.0,0.013420718735840819,002172
2024-04-22,2.81,2.86,2.75,2.81,10555400.0,29647003.0,765271980.0,0.013793004677892427,002172
2024-04-23,2.79,2.84,2.79,2.83,8992600.0,25369901.0,765271980.0,0.011750854905206382,002172
2024-04-24,2.84,2.87,2.82,2.85,11092200.0,31497170.0,765271980.0,0.014494454638205883,002172
2024-04-25,2.85,2.89,2.82,2.86,9335400.0,26729644.0,765271980.0,0.012198800222634573,002172
2024-04-26,2.83,2.9,2.82,2.9,12897800.0,36987320.0,765271980.0,0.01685387723198751,002172
2024-04-29,2.9,3.05,2.89,3.05,18868100.0,56423687.0,765271980.0,0.024655417280533387,002172
2024-04-30,3.06,3.07,2.99,3.05,13774433.0,41802529.0,765271980.0,0.017999395456762966,002172
2024-05-06,3.09,3.14,3.07,3.14,14421101.0,44885570.0,765271980.0,0.018844412675347137,002172
2024-05-07,3.15,3.17,3.11,3.15,11273700.0,35414718.0,765271980.0,0.014731625219049572,002172
2024-05-08,3.16,3.25,3.14,3.15,16897800.0,53695291.0,765271980.0,0.02208077708529195,002172
2024-05-09,3.15,3.28,3.13,3.22,19755909.0,63387961.0,765271980.0,0.025815539463498977,002172
2024-05-10,3.19,3.21,3.13,3.14,14702700.0,46416308.0,765271980.0,0.019212385118294806,002172
2024-05-13,3.11,3.12,3.04,3.05,12577200.0,38718218.0,765271980.0,0.016434941208745158,002172
2024-05-14,3.05,3.13,3.05,3.1,9852400.0,30624233.0,765271980.0,0.012874377028674172,002172
2024-05-15,3.12,3.12,3.06,3.07,8258000.0,25462406.0,765271980.0,0.010790934747147022,002172
2024-05-16,3.08,3.13,3.07,3.1,7745800.0,24076913.0,765271980.0,0.010121630220931387,002172
2024-05-17,3.12,3.14,3.07,3.11,7746300.0,24040880.0,765271980.0,0.01012228358341305,002172
2024-05-20,3.12,3.13,3.07,3.08,8320900.0,25780755.0,765271980.0,0.010873127747340233,002172
2024-05-21,3.08,3.09,3.01,3.03,8040500.0,24386596.0,765271980.0,0.010506722067623592,002172
2024-05-22,3.25,3.33,3.15,3.16,51977717.0,169134760.0,765271980.0,0.06792058034059996,002172
2024-05-23,3.05,3.1,2.96,2.97,40951801.0,123397621.0,765271980.0,0.053512740659863174,002172
2024-05-24,2.99,3.02,2.91,2.91,16683200.0,49226506.0,765271980.0,0.02180035390816217,002172
2024-05-27,2.94,2.99,2.91,2.95,12710700.0,37376947.0,765271980.0,0.016609388991349193,002172
2024-05-28,2.93,2.94,2.88,2.89,11801100.0,34328342.0,765271980.0,0.015420791964707763,002172
2024-05-29,2.9,2.92,2.88,2.91,6774078.0,19685259.0,765271980.0,0.008851856826118212,002172
2024-05-30,2.91,2.93,2.88,2.89,7432300.0,21542901.0,765271980.0,0.00971197194492865,002172
2024-05-31,2.9,2.91,2.87,2.88,5282090.0,15242654.0,765271980.0,0.006902238861535215,002172
2024-06-03,2.88,2.88,2.75,2.78,15370500.0,42967465.0,765271980.0,0.020085016048803982,002172
2024-06-04,2.79,2.79,2.68,2.77,10271900.0,28206114.0,765271980.0,0.013422548150789474,002172
2024-06-05,2.76,2.77,2.7,2.7,7684900.0,20961137.0,765271980.0,0.010042050670664826,002172
2024-06-06,2.66,2.72,2.54,2.58,15548302.0,40523734.0,765271980.0,0.02031735436073329,002172
2024-06-07,2.6,2.66,2.58,2.64,9623700.0,25313447.0,765271980.0,0.01257552902956149,002172
2024-06-11,2.63,2.65,2.58,2.63,6586600.0,17222566.0,765271980.0,0.00860687464344376,002172
2024-06-12,2.63,2.67,2.61,2.67,6710500.0,17823822.0,765271980.0,0.008768777866399865,002172
2024-06-13,2.66,2.67,2.58,2.6,7910800.0,20702927.0,765271980.0,0.010337239839880195,002172
2024-06-14,2.57,2.61,2.55,2.59,6834900.0,17620357.0,765271980.0,0.008931334451837632,002172
2024-06-17,2.59,2.59,2.54,2.56,6796900.0,17386531.0,765271980.0,0.00888167890323124,002172
2024-06-18,2.56,2.62,2.55,2.6,6666701.0,17283850.0,765271980.0,0.008711544619731145,002172
2024-06-19,2.62,2.64,2.6,2.64,8836300.0,23218973.0,765271980.0,0.01154661379343851,002172
2024-06-20,2.63,2.66,2.55,2.56,7390650.0,19172636.0,765271980.0,0.009657546850206119,002172
2024-06-21,2.55,2.6,2.52,2.55,5700200.0,14587062.0,765271980.0,0.007448593635951495,002172
2024-06-24,2.52,2.52,2.41,2.42,10495952.0,25772852.0,765271980.0,0.013715322492272617,002172
2024-06-25,2.41,2.48,2.41,2.45,6529402.0,16024898.0,765271980.0,0.008532132588991433,002172
2024-06-26,2.44,2.53,2.43,2.53,6654301.0,16516679.0,765271980.0,0.0086953412301859,002172
2024-06-27,2.54,2.54,2.46,2.48,5298500.0,13242759.0,765271980.0,0.006923682218183396,002172
2024-06-28,2.48,2.52,2.45,2.46,5726705.0,14256279.0,765271980.0,0.007483228381104454,002172
2024-07-01,2.45,2.53,2.43,2.5,6708800.0,16621252.0,765271980.0,0.00876655643396221,002172
2024-07-02,2.52,2.55,2.49,2.52,9002000.0,22774003.0,765271980.0,0.011763138119861648,002172
2024-07-03,2.52,2.56,2.51,2.53,6418100.0,16297680.0,765271980.0,0.00838669148712331,002172
2024-07-04,2.53,2.54,2.42,2.42,8146400.0,20063222.0,765271980.0,0.010645104241239827,002172
2024-07-05,2.42,2.52,2.4,2.52,9032600.0,22357048.0,765271980.0,0.011803123903739426,002172
2024-07-08,2.52,2.53,2.42,2.43,7406700.0,18089883.0,765271980.0,0.009678519785867503,002172
2024-07-09,2.43,2.45,2.33,2.39,12139300.0,28765766.0,765271980.0,0.015862726347304654,002172
2024-07-10,2.38,2.4,2.34,2.35,6940800.0,16402160.0,765271980.0,0.009069716625453868,002172
2024-07-11,2.38,2.46,2.38,2.45,11533750.0,28049362.0,765271980.0,0.015071439045762528,002172
2024-07-12,2.46,2.52,2.42,2.46,8033700.0,19970992.0,765271980.0,0.010497836337872974,002172
2024-07-15,2.45,2.47,2.4,2.41,5305700.0,12813280.0,765271980.0,0.006933090637919344,002172
2024-07-16,2.4,2.44,2.37,2.39,6991200.0,16740131.0,765271980.0,0.009135575563605504,002172
2024-07-17,2.39,2.43,2.38,2.41,4558700.0,10951611.0,765271980.0,0.00595696709031474,002172
2024-07-18,2.38,2.4,2.33,2.37,8647900.0,20477424.0,765271980.0,0.011300426810347871,002172
2024-07-19,2.35,2.38,2.32,2.35,7783050.0,18247163.0,765271980.0,0.010170305725815284,002172
2024-07-22,2.35,2.4,2.34,2.39,6545600.0,15543945.0,765271980.0,0.00855329891994739,002172
2024-07-23,2.39,2.42,2.36,2.4,9163400.0,21977281.0,765271980.0,0.011974043528942482,002172
2024-07-24,2.4,2.52,2.35,2.35,18715400.0,45414777.0,765271980.0,0.02445588037863349,002172
2024-07-25,2.3,2.37,2.29,2.33,11646700.0,27141910.0,765271980.0,0.015219033630370212,002172
2024-07-26,2.33,2.36,2.33,2.35,7558700.0,17707052.0,765271980.0,0.009877141980293071,002172
2024-07-29,2.35,2.4,2.32,2.38,7459171.0,17620327.0,765271980.0,0.009747084951418187,002172
2024-07-30,2.37,2.42,2.36,2.42,7796000.0,18700385.0,765271980.0,0.010187227814090358,002172
2024-07-31,2.42,2.49,2.39,2.49,8674600.0,21364862.0,765271980.0,0.01133531636686868,002172
2024-08-01,2.5,2.52,2.47,2.49,9754300.0,24299614.0,765271980.0,0.01274618730977188,002172
2024-08-02,2.47,2.57,2.47,2.52,15187800.0,38508361.0,765271980.0,0.019846277398004302,002172
2024-08-05,2.52,2.56,2.47,2.49,14611300.0,36875778.0,765271980.0,0.019092950456646798,002172
2024-08-06,2.5,2.55,2.48,2.54,10236900.0,25822309.0,765271980.0,0.01337681277707306,002172
2024-08-07,2.53,2.56,2.52,2.55,10007100.0,25470181.0,765271980.0,0.01307652738050072,002172
2024-08-08,2.56,2.62,2.54,2.59,13218900.0,34205378.0,765271980.0,0.017273466617711522,002172
2024-08-09,2.65,2.7,2.56,2.57,17204200.0,44991516.0,765271980.0,0.022481157614055072,002172
2024-08-12,2.55,2.61,2.53,2.55,12300800.0,31567436.0,765271980.0,0.01607376242888182,002172
2024-08-13,2.57,2.57,2.5,2.54,6865900.0,17347224.0,765271980.0,0.008971842925700742,002172
2024-08-14,2.53,2.54,2.49,2.5,5366300.0,13462456.0,765271980.0,0.007012278170696907,002172
2024-08-15,2.49,2.53,2.47,2.52,7248700.0,18198467.0,765271980.0,0.009472057241661978,002172
2024-08-16,2.53,2.54,2.49,2.51,5941400.0,14894271.0,765271980.0,0.007763775697105753,002172
2024-08-19,2.51,2.51,2.45,2.47,7964600.0,19751574.0,765271980.0,0.01040754164290714,002172
2024-08-20,2.48,2.48,2.39,2.4,7187100.0,17410725.0,765271980.0,0.00939156298392109,002172
2024-08-21,2.4,2.41,2.35,2.41,6400300.0,15239314.0,765271980.0,0.008363431782776105,002172
2024-08-22,2.39,2.42,2.35,2.36,6743000.0,16041013.0,765271980.0,0.008811246427707963,002172
2024-08-23,2.37,2.41,2.33,2.4,8327400.0,19730514.0,765271980.0,0.010881621459601852,002172
2024-08-26,2.4,2.48,2.36,2.48,11140301.0,26918846.0,765271980.0,0.014557309415666832,002172
2024-08-27,2.45,2.5,2.32,2.34,24450100.0,58319552.0,765271980.0,0.03194955602581973,002172
2024-08-28,2.22,2.35,2.17,2.31,19060900.0,43291182.0,765271980.0,0.024907353853462662,002172
2024-08-29,2.36,2.42,2.33,2.4,15090700.0,35959239.0,765271980.0,0.019719394404065338,002172
2024-08-30,2.39,2.45,2.37,2.4,12939700.0,31190040.0,765271980.0,0.016908629007950874,002172
2024-09-02,2.39,2.44,2.38,2.39,9447200.0,22782050.0,765271980.0,0.012344892073534432,002172
2024-09-03,2.4,2.41,2.36,2.38,5949601.0,14171333.0,765271980.0,0.00777449214852999,002172
2024-09-04,2.38,2.4,2.34,2.35,7318200.0,17299811.0,765271980.0,0.009562874626613142,002172
2024-09-05,2.35,2.38,2.34,2.37,5284100.0,12462372.0,765271980.0,0.006904865378711501,002172
2024-09-06,2.37,2.38,2.3,2.32,7328216.0,17144417.0,765271980.0,0.009575962783845817,002172
2024-09-09,2.43,2.55,2.39,2.55,35049094.0,88291767.0,765271980.0,0.0457995260717634,002172
2024-09-10,2.62,2.77,2.56,2.6,77136547.0,205256957.0,765271980.0,0.1007962515496778,002172
2024-09-11,2.55,2.59,2.47,2.53,47025745.0,118539264.0,765271980.0,0.061449714910508026,002172
2024-09-12,2.52,2.58,2.48,2.48,30602610.0,77103211.0,765271980.0,0.03998919442993326,002172
2024-09-13,2.47,2.65,2.44,2.57,42009598.0,106283777.0,765271980.0,0.05489499040589465,002172
2024-09-18,2.5,2.52,2.42,2.43,29958500.0,73730977.0,765271980.0,0.039147519813805286,002172
2024-09-19,2.46,2.51,2.4,2.49,24141718.0,59590501.0,765271980.0,0.031546585568179304,002172
2024-09-20,2.5,2.53,2.41,2.43,18663700.0,45674556.0,765271980.0,0.02438832269802953,002172
2024-09-23,2.44,2.46,2.41,2.42,14439250.0,35061500.0,765271980.0,0.018868128426706543,002172
2024-09-24,2.43,2.52,2.42,2.52,23659500.0,58542882.0,765271980.0,0.030916459269814112,002172
2024-09-25,2.52,2.63,2.52,2.56,28041667.0,72183775.0,765271980.0,0.03664274628217801,002172
2024-09-26,2.54,2.62,2.53,2.62,19048890.0,49275251.0,765271980.0,0.024891660086653115,002172
2024-09-27,2.66,2.79,2.65,2.75,31889445.0,86562700.0,765271980.0,0.04167073384811502,002172
2024-09-30,2.89,3.02,2.77,3.0,49722581.0,144783505.0,765271980.0,0.06497373783370457,002172
2024-10-08,3.28,3.3,3.02,3.11,71028176.0,223047951.0,765271980.0,0.09281429067872053,002172
2024-10-09,3.03,3.03,2.8,2.8,40903227.0,118705426.0,765271980.0,0.053449267801494574,002172
2024-10-10,2.84,2.9,2.75,2.8,21783711.0,61521863.0,765271980.0,0.02846531895758159,002172
2024-10-11,2.79,2.85,2.7,2.72,19540350.0,53996365.0,765271980.0,0.025533863137129364,002172
2024-10-14,2.73,2.77,2.68,2.77,17611400.0,48164932.0,765271980.0,0.023013256019121464,002172
2024-10-15,2.75,2.79,2.71,2.72,14938559.0,41126414.0,765271980.0,0.01952058796141994,002172
2024-10-16,2.7,2.75,2.68,2.74,12809101.0,34890433.0,765271980.0,0.016737972034465445,002172
2024-10-17,2.74,2.77,2.68,2.68,14405098.0,39239154.0,765271980.0,0.018823501155759027,002172
2024-10-18,2.69,2.78,2.67,2.76,19366956.0,52794251.0,765271980.0,0.025307284868838396,002172
2024-10-21,2.77,2.78,2.72,2.74,17041000.0,46840070.0,765271980.0,0.02226790010004025,002172
2024-10-22,2.74,2.87,2.73,2.86,26368512.0,74441910.0,765271980.0,0.03445639287616411,002172
2024-10-23,2.87,2.87,2.81,2.83,18472410.0,52314000.0,765271980.0,0.024138359279794876,002172
2024-10-24,2.81,2.92,2.81,2.87,22514331.0,64439339.0,765271980.0,0.029420038350286913,002172
2024-10-25,2.88,2.93,2.87,2.92,21265761.0,61766099.0,765271980.0,0.02778850076282683,002172
2024-10-28,2.92,3.05,2.89,3.05,30373739.0,91202846.0,765271980.0,0.03969012298085185,002172
2024-10-29,3.2,3.21,2.98,2.99,48936700.0,150575090.0,765271980.0,0.06394680751280088,002172
2024-10-30,2.95,3.12,2.93,3.05,39906995.0,120102411.0,765271980.0,0.05214746657783028,002172
2024-10-31,3.07,3.1,3.03,3.06,35894498.0,110317104.0,765271980.0,0.046904236582659145,002172
2024-11-01,3.04,3.08,2.95,2.95,24979800.0,74859955.0,765271980.0,0.03264172823889357,002172
2024-11-04,2.95,2.99,2.94,2.97,16011412.0,47461435.0,765271980.0,0.020922511758499247,002172
2024-11-05,2.97,3.09,2.96,3.08,25694083.0,78178387.0,765271980.0,0.03357509966587304,002172
2024-11-06,3.12,3.22,3.04,3.2,43693904.0,137817666.0,765271980.0,0.05709591510197459,002172
2024-11-07,3.18,3.39,3.15,3.36,45119400.0,148392637.0,765271980.0,0.05895864631029611,002172
2024-11-08,3.41,3.57,3.3,3.4,63696294.0,217292064.0,765271980.0,0.08323353744115916,002172
2024-11-11,3.33,3.4,3.25,3.33,43771200.0,144805287.0,765271980.0,0.05719691971473985,002172
2024-11-12,3.33,3.53,3.31,3.39,55242783.0,189487365.0,765271980.0,0.07218712358970729,002172
2024-11-13,3.35,3.4,3.22,3.28,31558600.0,104183538.0,765271980.0,0.04123841042762339,002172
2024-11-14,3.28,3.29,3.18,3.18,20688700.0,66695106.0,765271980.0,0.027034440748764904,002172
2024-11-15,3.18,3.22,3.1,3.1,17127800.0,54299613.0,765271980.0,0.022381323826856956,002172
2024-11-18,3.13,3.17,3.01,3.04,17289900.0,53272509.0,765271980.0,0.02259314394341212,002172
2024-11-19,3.05,3.1,3.0,3.09,14114300.0,42942209.0,765271980.0,0.018443508149873722,002172
2024-11-20,3.12,3.2,3.08,3.2,16784523.0,53003555.0,765271980.0,0.02193275520162126,002172
2024-11-21,3.19,3.28,3.17,3.26,19763550.0,63930275.0,765271980.0,0.025825524148943752,002172
2024-11-22,3.25,3.29,3.14,3.15,19792827.0,63712313.0,765271980.0,0.02586378113569505,002172
2024-11-25,3.17,3.25,3.15,3.24,16377596.0,52597464.0,765271980.0,0.021401013532469856,002172
2024-11-26,3.23,3.33,3.19,3.3,25590101.0,84153094.0,765271980.0,0.033439223790736466,002172
2024-11-27,3.3,3.3,3.16,3.29,20453200.0,65893230.0,765271980.0,0.026726707019901604,002172
2024-11-28,3.26,3.39,3.26,3.37,29106301.0,97526897.0,765271980.0,0.038033930106783735,002172
2024-11-29,3.35,3.42,3.31,3.4,21076296.0,71101638.0,765271980.0,0.02754092211765025,002172
2024-12-02,3.52,3.71,3.44,3.63,68792101.0,245563729.0,765271980.0,0.08989235565635109,002172
2024-12-03,3.6,3.72,3.55,3.63,42301420.0,153699590.0,765271980.0,0.0552763214981424,002172
2024-12-04,3.61,3.62,3.4,3.46,33327635.0,117476143.0,765271980.0,0.043550052623121,002172
2024-12-05,3.45,3.54,3.43,3.54,21799900.0,76323162.0,765271980.0,0.028486473528012878,002172
2024-12-06,3.55,3.7,3.51,3.7,31406761.0,114154493.0,765271980.0,0.041039998615916916,002172
2024-12-09,3.79,3.79,3.67,3.73,41329800.0,154136426.0,765271980.0,0.05400668138927548,002172
2024-12-10,3.83,3.88,3.68,3.71,33115500.0,125028946.0,765271980.0,0.04327285052302581,002172
2024-12-11,3.68,4.07,3.66,3.88,52814970.0,204513731.0,765271980.0,0.06901463973631963,002172
2024-12-12,3.88,3.98,3.81,3.96,44014610.0,171739401.0,765271980.0,0.057514989638063056,002172
2024-12-13,3.97,4.01,3.82,3.83,39748220.0,154704607.0,765271980.0,0.05193999132177817,002172
2024-12-16,4.02,4.21,4.02,4.21,42177037.0,175872495.0,765271980.0,0.05511378712702901,002172
2024-12-17,4.34,4.37,3.79,3.79,122416967.0,490408822.0,765271980.0,0.15996530671356868,002172
2024-12-18,3.66,3.84,3.66,3.73,59702783.0,222763445.0,765271980.0,0.07801511692614174,002172
2024-12-19,3.65,3.75,3.6,3.66,35961415.0,131404700.0,765271980.0,0.04699167869703004,002172
2024-12-20,3.7,3.85,3.69,3.73,35088151.0,131347867.0,765271980.0,0.04585056282865603,002172
2024-12-23,3.7,3.72,3.37,3.39,44582381.0,155451907.0,765271980.0,0.05825691017721569,002172
2024-12-24,3.39,3.45,3.27,3.35,25294300.0,84234609.0,765271980.0,0.03305269323985964,002172
2024-12-25,3.5,3.69,3.43,3.46,91948185.0,327521043.0,765271980.0,0.12015098867202743,002172
2024-12-26,3.3,3.44,3.28,3.32,68746560.0,230090291.0,765271980.0,0.08983284609479626,002172
2024-12-27,3.3,3.4,3.24,3.35,36972752.0,123910557.0,765271980.0,0.04831321800126538,002172
2024-12-30,3.35,3.37,3.19,3.21,27437627.0,88516064.0,765271980.0,0.0358534321353305,002172
2024-12-31,3.23,3.25,3.13,3.13,21485500.0,68472383.0,765271980.0,0.02807563919954315,002172
