日期,开盘,最高,最低,收盘,成交量,成交额,outstanding_share,换手率,股票代码
2020-01-02,33.14,33.55,32.3,33.04,15263109.0,502488293.0,1002133080.0,0.015230620867240507,002180
2020-01-03,33.04,33.74,32.71,33.25,11998980.0,400170816.0,1002133080.0,0.011973439695254846,002180
2020-01-06,32.9,33.42,32.38,32.71,13978197.0,458458166.0,1002133080.0,0.013948443853385221,002180
2020-01-07,32.5,33.7,32.19,33.61,17208234.0,567150407.0,1002133080.0,0.01717160559154479,002180
2020-01-08,33.4,33.43,32.51,32.6,11495475.0,379319375.0,1002133080.0,0.011471006425613653,002180
2020-01-09,32.91,35.0,32.7,34.81,20386826.0,689684965.0,1002133080.0,0.020343431832426886,002180
2020-01-10,34.8,35.38,34.35,35.01,12491877.0,434646061.0,1002133080.0,0.012465287544444696,002180
2020-01-13,34.69,36.15,34.51,36.1,13555991.0,481237904.0,1002133080.0,0.013527136535598646,002180
2020-01-14,37.0,37.0,35.74,35.94,11992130.0,434884808.0,1002133080.0,0.01196660427575148,002180
2020-01-15,35.94,36.94,35.65,36.8,10237667.0,370075204.0,1002133080.0,0.010215875719819568,002180
2020-01-16,36.6,37.18,35.4,35.9,12427608.0,448819268.0,1002133080.0,0.01240115534355976,002180
2020-01-17,36.14,36.77,36.0,36.2,9791197.0,355465308.0,1002133080.0,0.009770356048919172,002180
2020-01-20,35.94,39.82,35.58,39.7,15663832.0,597702064.0,1002133080.0,0.01563049091244448,002180
2020-01-21,39.18,41.25,38.36,39.88,18405032.0,729750805.0,1002133080.0,0.0183658561595432,002180
2020-01-22,39.83,41.9,38.7,41.39,17786735.0,717368926.0,1002133080.0,0.01774887522922604,002180
2020-01-23,40.6,41.4,37.97,39.0,17648659.0,700263250.0,1002133080.0,0.017611093129467396,002180
2020-02-03,35.1,36.46,35.1,35.1,10445625.0,370551459.0,1002133080.0,0.01042339107297007,002180
2020-02-04,35.65,37.01,35.2,36.06,18260593.0,659487113.0,1002133080.0,0.018221724603682377,002180
2020-02-05,36.01,37.3,35.25,35.65,16706299.0,608569035.0,1002133080.0,0.016670738980096335,002180
2020-02-06,35.84,36.2,34.76,35.92,18710523.0,661926492.0,1002133080.0,0.01867069690983557,002180
2020-02-07,35.7,36.88,34.8,36.78,19437991.0,692496657.0,1002133080.0,0.01939661646535009,002180
2020-02-10,37.07,37.07,35.5,36.11,15315393.0,551284702.0,1002133080.0,0.015282793578673204,002180
2020-02-11,36.3,37.57,35.5,37.13,14945926.0,547514274.0,1002133080.0,0.014914113003833782,002180
2020-02-12,36.92,40.25,36.71,39.65,25134245.0,976119872.0,1002133080.0,0.025080745762828226,002180
2020-02-13,39.9,42.48,39.06,41.94,27872458.0,1135549947.0,1002133080.0,0.027813130367874892,002180
2020-02-14,41.61,44.65,41.61,43.57,28740210.0,1250786830.0,1002133080.0,0.028679035323332505,002180
2020-02-17,44.87,45.45,42.11,44.86,25264186.0,1123378314.0,1002133080.0,0.025210410178256964,002180
2020-02-18,44.5,46.45,43.97,44.2,20897584.0,940725729.0,1002133080.0,0.020853102663769964,002180
2020-02-19,44.89,48.62,44.23,47.26,29941273.0,1409201959.0,1002133080.0,0.029877541813109292,002180
2020-02-20,47.26,48.6,45.7,46.69,21747978.0,1020081617.0,1002133080.0,0.021701686566418903,002180
2020-02-21,47.45,48.48,46.69,46.9,17761800.0,842545385.0,1002133080.0,0.01772399330436233,002180
2020-02-24,46.99,48.48,46.36,47.22,19913113.0,943826444.0,1002133080.0,0.0198707271493323,002180
2020-02-25,46.0,48.84,45.61,47.92,25407070.0,1204136772.0,1002133080.0,0.02535299004399695,002180
2020-02-26,47.9,49.58,46.5,47.37,23369490.0,1118371242.0,1002133080.0,0.02331974711382644,002180
2020-02-27,47.35,47.71,44.08,45.51,27684217.0,1263022959.0,1002133080.0,0.02762529004630802,002180
2020-02-28,44.0,44.0,40.97,41.58,23567934.0,997101308.0,1006872035.0,0.023407079728855515,002180
2020-03-02,43.35,43.5,40.31,41.7,26006250.0,1089679918.0,1006872035.0,0.025828753899198323,002180
2020-03-03,42.13,44.14,41.78,42.09,24952337.0,1066887699.0,1006872035.0,0.024782033995015065,002180
2020-03-04,41.52,42.05,39.86,40.98,20100720.0,821690318.0,1006872035.0,0.019963529923641192,002180
2020-03-05,41.7,42.02,39.8,41.05,19592897.0,799257053.0,1006872035.0,0.019459172882877813,002180
2020-03-06,40.73,42.58,40.16,41.0,16807718.0,696836423.0,1006872035.0,0.016693003098452328,002180
2020-03-09,40.0,40.48,37.8,37.98,19447359.0,754603080.0,1006872035.0,0.019314628199004456,002180
2020-03-10,37.55,39.7,37.39,39.56,18961261.0,734917334.0,1006872035.0,0.01883184788223858,002180
2020-03-11,39.88,40.4,38.13,38.34,15080062.0,589458353.0,1006872035.0,0.01497713857948195,002180
2020-03-12,37.5,38.65,36.98,37.6,13472891.0,506124622.0,1006872035.0,0.013380936734428224,002180
2020-03-13,33.84,36.74,33.84,35.96,38019505.0,1320033063.0,1006872035.0,0.037760016842656674,002180
2020-03-16,36.1,36.43,33.01,33.01,21388198.0,744510336.0,1006872035.0,0.02124222071576355,002180
2020-03-17,33.82,34.26,31.93,32.64,18896767.0,624117485.0,1006872035.0,0.01876779406233087,002180
2020-03-18,33.37,35.89,32.8,33.16,31644731.0,1084996866.0,1006872035.0,0.03142875151955134,002180
2020-03-19,33.8,34.1,32.4,33.58,25444935.0,846562884.0,1006872035.0,0.025271269948420008,002180
2020-03-20,34.26,34.26,31.82,32.65,23184564.0,759827034.0,1006872035.0,0.023026326279883224,002180
2020-03-23,31.1,31.15,29.39,29.39,27239134.0,817048362.0,1006872035.0,0.027053223302601705,002180
2020-03-24,29.59,30.07,27.4,28.96,40967400.0,1182642145.0,1006872035.0,0.040687792068830275,002180
2020-03-25,29.54,31.3,29.51,29.97,33793543.0,1024055238.0,1006872035.0,0.033562897593039216,002180
2020-03-26,30.13,30.37,29.1,29.11,19606279.0,582500399.0,1006872035.0,0.019472463548955356,002180
2020-03-27,29.7,29.85,28.37,28.37,17678397.0,511861020.0,1006872035.0,0.017557739598955093,002180
2020-03-30,27.62,27.89,26.51,26.97,19613557.0,530833106.0,1006872035.0,0.019479691875641376,002180
2020-03-31,27.8,28.12,26.65,26.83,18095228.0,494584069.0,1006872035.0,0.017971725672170445,002180
2020-04-01,26.94,28.15,26.6,27.27,20219288.0,555751785.0,1006872035.0,0.02008128868133675,002180
2020-04-02,27.34,28.66,26.97,28.65,25299747.0,707879390.0,1006872035.0,0.025127072875750292,002180
2020-04-03,28.64,28.64,27.7,27.88,21753099.0,611215930.0,1006872035.0,0.021604631218107077,002180
2020-04-07,28.66,28.8,27.87,28.8,38591616.0,1091140726.0,1006872035.0,0.038328223109305046,002180
2020-04-08,28.42,31.68,28.33,31.68,63292245.0,1911741660.0,1006872035.0,0.06286026704475907,002180
2020-04-09,32.5,33.8,32.0,32.5,61727619.0,2022566864.0,1006872035.0,0.06130631982444522,002180
2020-04-10,32.48,32.48,30.48,30.6,38190716.0,1196725730.0,1006872035.0,0.03793005930490462,002180
2020-04-13,30.0,30.16,28.93,29.43,25889645.0,763175668.0,1006872035.0,0.02571294474376776,002180
2020-04-14,29.8,30.18,28.01,29.0,40816166.0,1183209016.0,1006872035.0,0.04053759026091136,002180
2020-04-15,28.51,30.16,28.3,29.74,31800075.0,935873549.0,1006872035.0,0.03158303527617588,002180
2020-04-16,29.15,29.51,28.54,29.28,23665783.0,687710401.0,1006872035.0,0.023504260896470324,002180
2020-04-17,29.6,31.33,29.6,30.48,39877146.0,1221436949.0,1006872035.0,0.03960497919678542,002180
2020-04-20,30.6,31.07,30.05,30.9,24859028.0,763234433.0,1006872035.0,0.02468936184129893,002180
2020-04-21,30.48,30.48,29.65,29.93,19878079.0,595116160.0,1006872035.0,0.019742408477955196,002180
2020-04-22,29.61,30.26,29.4,29.9,17188913.0,512951582.0,1006872035.0,0.0170715963920877,002180
2020-04-23,29.85,30.62,29.55,29.71,17169753.0,516479503.0,1006872035.0,0.01705256716162546,002180
2020-04-24,29.52,29.92,28.45,28.74,16793012.0,486560164.0,1006872035.0,0.01667839746885015,002180
2020-04-27,28.5,29.03,27.83,28.37,13119845.0,373713165.0,1006872035.0,0.01303030032013949,002180
2020-04-28,28.35,29.3,27.11,28.55,14914638.0,423244852.0,1006872035.0,0.014812843620192511,002180
2020-04-29,28.31,28.73,27.83,27.98,10823098.0,304892164.0,1006872035.0,0.010749228922620738,002180
2020-04-30,28.11,30.2,28.11,30.04,24465301.0,720533352.0,1006872035.0,0.024298322080223433,002180
2020-05-06,29.7,31.42,29.45,31.3,30600284.0,937824920.0,1006872035.0,0.030391433008664304,002180
2020-05-07,31.06,31.48,30.31,30.46,22441061.0,688969799.0,1006872035.0,0.022287897786335876,002180
2020-05-08,30.91,32.0,30.69,31.89,27437562.0,860060137.0,1006872035.0,0.027250297005219734,002180
2020-05-11,32.3,32.31,30.91,31.34,22737971.0,716410827.0,1006872035.0,0.022582781336259874,002180
2020-05-12,31.2,31.2,29.92,30.82,21704820.0,662750240.0,1006872035.0,0.021556681728676672,002180
2020-05-13,30.53,30.91,30.32,30.6,11444418.0,350205370.0,1006872035.0,0.011366308331326333,002180
2020-05-14,30.6,31.13,30.38,30.77,17776588.0,546449505.0,1006872035.0,0.017655260432374607,002180
2020-05-15,30.93,31.9,30.68,31.36,24013621.0,753952018.0,1006872035.0,0.023849724856048863,002180
2020-05-18,31.67,31.88,29.88,29.9,25421211.0,778696807.0,1006872035.0,0.025247707867862276,002180
2020-05-19,30.31,30.47,29.7,30.43,17194072.0,519464893.0,1006872035.0,0.017076720181229386,002180
2020-05-20,30.48,31.75,30.24,30.8,22765468.0,704768595.0,1006872035.0,0.022610090665592872,002180
2020-05-21,30.95,30.99,29.53,29.56,16328822.0,492633844.0,1006872035.0,0.01621737562708254,002180
2020-05-22,29.56,29.84,28.56,28.81,14527495.0,422057257.0,1006872035.0,0.014428342922444956,002180
2020-05-25,28.75,28.76,27.26,27.48,16971944.0,472384520.0,1006872035.0,0.016856108234250444,002180
2020-05-26,27.61,28.14,27.56,28.05,11487741.0,320353330.0,1006872035.0,0.011409335646113163,002180
2020-05-27,28.07,28.3,27.33,27.42,10974757.0,303478544.0,1006872035.0,0.010899852829858364,002180
2020-05-28,27.4,27.69,26.69,27.44,10865727.0,295507832.0,1006872035.0,0.010791566974049488,002180
2020-05-29,27.13,27.89,27.09,27.5,9150342.0,252419729.0,1006872035.0,0.009087889703878806,002180
2020-06-01,27.53,29.45,27.5,29.32,19611085.0,564561802.0,1006872035.0,0.019477236747368794,002180
2020-06-02,29.59,30.1,29.32,29.82,16789855.0,499431296.0,1006872035.0,0.016675262015793297,002180
2020-06-03,30.01,31.73,29.71,30.52,25759738.0,790811846.0,1006872035.0,0.025583924376249064,002180
2020-06-04,30.91,31.5,30.53,31.08,18481097.0,573000095.0,1006872035.0,0.018354961065136743,002180
2020-06-05,31.1,31.87,30.79,31.29,18963842.0,594342442.0,1006872035.0,0.018834411266571725,002180
2020-06-08,31.52,32.46,31.21,32.0,20428276.0,651996367.0,1006872035.0,0.0202888503105561,002180
2020-06-09,32.13,32.18,31.3,31.45,15513461.0,489896275.0,1006872035.0,0.015407579573902855,002180
2020-06-10,31.45,31.68,30.92,31.45,13116724.0,409879955.0,1006872035.0,0.01302720062137787,002180
2020-06-11,31.47,31.7,30.7,30.91,17114817.0,532489775.0,1006872035.0,0.016998006107101782,002180
2020-06-12,29.88,33.16,29.81,32.7,30492928.0,956305120.0,1006872035.0,0.030284809727583704,002180
2020-06-15,31.59,33.22,31.52,32.6,30861652.0,998838008.0,1006872035.0,0.030651017137445873,002180
2020-06-16,33.15,34.67,32.71,34.1,34022410.0,1144840527.0,1006872035.0,0.03379020254545057,002180
2020-06-17,34.7,35.0,33.8,34.6,21239319.0,729121074.0,1006872035.0,0.02109435783465771,002180
2020-06-18,34.38,34.38,33.2,33.55,17095000.0,576592655.0,1006872035.0,0.016978324360751564,002180
2020-06-19,33.61,35.23,33.33,34.44,20629817.0,708718071.0,1006872035.0,0.020489015766536806,002180
2020-06-22,34.36,36.2,34.02,35.39,27348715.0,961189974.0,1006872035.0,0.0271620563977626,002180
2020-06-23,34.85,35.08,33.7,33.74,20122475.0,687208416.0,1006872035.0,0.01998513644288472,002180
2020-06-24,33.87,34.89,33.6,34.46,18155922.0,621816906.0,1006872035.0,0.01803200542758147,002180
2020-06-29,33.79,34.1,32.03,32.29,25602058.0,838652529.0,1006872035.0,0.025427320563133925,002180
2020-06-30,32.7,33.49,32.44,32.91,14498877.0,478014862.0,1006848160.0000001,0.014400261703810431,002180
2020-07-01,33.26,33.65,31.5,32.15,24096339.0,780526874.0,1006848160.0000001,0.0239324457820929,002180
2020-07-02,32.31,32.85,31.71,32.36,21200247.0,684637561.0,1006848160.0000001,0.021056051788384853,002180
2020-07-03,32.56,33.56,32.34,33.45,24062677.0,792839189.0,1006848160.0000001,0.023899012736935427,002180
2020-07-06,33.6,35.45,33.6,35.08,27396994.0,947436415.0,1006848160.0000001,0.027210651107511582,002180
2020-07-07,35.08,37.31,35.0,36.6,28672402.0,1042299018.0,1006848160.0000001,0.028477384315823744,002180
2020-07-08,36.62,37.5,35.57,37.48,27425706.0,999471723.0,1006848160.0000001,0.027239167820498372,002180
2020-07-09,36.98,39.49,36.7,38.2,31126219.0,1178492385.0,1006848160.0000001,0.03091451147906949,002180
2020-07-10,37.61,38.05,36.38,36.58,24369676.0,906813739.0,1006848160.0000001,0.024203923658161125,002180
2020-07-13,36.37,38.9,35.82,38.5,33876744.0,1272603900.0,1006848160.0000001,0.03364632855861801,002180
2020-07-14,38.28,40.25,38.0,40.07,50215965.0,1971351742.0,1006848160.0000001,0.04987441701239241,002180
2020-07-15,39.6,39.89,36.39,36.7,34162509.0,1296322054.0,1006848160.0000001,0.033930149904629114,002180
2020-07-16,36.5,37.68,33.55,34.09,23397449.0,833591936.0,1006848160.0000001,0.023238309339513513,002180
2020-07-17,34.26,34.76,32.91,33.39,18902275.0,640032216.0,1006848160.0000001,0.018773709632642122,002180
2020-07-20,33.95,34.67,32.8,34.67,17583067.0,593383074.0,1006848160.0000001,0.01746347433360756,002180
2020-07-21,34.45,36.25,34.43,35.8,17959505.0,640350201.0,1006848160.0000001,0.017837351959802954,002180
2020-07-29,37.0,37.77,36.01,36.59,49774593.0,1838223964.0,1006848160.0000001,0.04943604704010185,002180
2020-07-30,36.59,36.88,35.38,35.62,28042413.0,1004706223.0,1006848160.0000001,0.027851680237465,002180
2020-07-31,35.21,38.75,35.21,38.12,28994164.0,1091179138.0,1006848160.0000001,0.028796957825299098,002180
2020-08-03,38.0,38.77,37.5,37.93,21369611.0,812334060.0,1006848160.0000001,0.02122426384530513,002180
2020-08-04,38.02,38.13,36.81,37.33,15893664.0,591636649.0,1006848160.0000001,0.01578556194610317,002180
2020-08-05,38.66,38.66,36.8,36.89,17758431.0,663142201.0,1006848160.0000001,0.01763764558103776,002180
2020-08-06,36.7,37.98,36.68,37.73,18791563.0,702917378.0,1006848160.0000001,0.018663750649353123,002180
2020-08-07,37.65,40.1,37.5,39.37,38549210.0,1492052739.0,1006848160.0000001,0.03828701439947012,002180
2020-08-10,38.9,40.97,38.69,39.31,22784723.0,907663494.0,1006848160.0000001,0.022629750845450217,002180
2020-08-11,39.34,40.5,38.69,38.77,19587973.0,777784351.0,1006848160.0000001,0.019454743801687036,002180
2020-08-12,38.77,39.37,36.86,37.86,17917301.0,681659113.0,1006848160.0000001,0.017795435013756192,002180
2020-08-13,38.2,39.15,37.9,38.53,17678784.0,682472216.0,1006848160.0000001,0.017558540306613857,002180
2020-08-14,38.55,39.22,37.45,39.12,15045948.0,576318075.0,1006848160.0000001,0.014943611755718953,002180
2020-08-17,38.97,39.36,38.16,38.78,12921535.0,498424918.0,1006848160.0000001,0.012833648124261356,002180
2020-08-18,38.79,38.79,37.52,37.78,11364238.0,430585956.0,1006848160.0000001,0.011286943207007499,002180
2020-08-19,38.01,38.01,36.01,36.01,12413092.0,456845777.0,1006848160.0000001,0.012328663340855684,002180
2020-08-20,35.79,36.19,34.9,35.88,10314436.0,365380137.0,1006848160.0000001,0.010244281521058746,002180
2020-08-21,36.0,36.34,35.2,35.83,7362596.0,264562459.0,1006848160.0000001,0.007312518701926216,002180
2020-08-24,36.0,36.5,35.45,36.18,5279077.0,190179943.0,1006848160.0000001,0.005243170926587381,002180
2020-08-25,35.81,36.39,34.9,35.03,9359992.0,331271418.0,1006848160.0000001,0.009296329249884112,002180
2020-08-26,35.03,35.17,33.76,33.81,9083879.0,312714153.0,1006848160.0000001,0.009022094255006633,002180
2020-08-27,34.38,34.38,33.62,34.21,7012717.0,238640154.0,1006848160.0000001,0.0069650194325229725,002180
2020-08-28,34.3,36.55,34.1,36.4,12802761.0,456389882.0,1006848160.0000001,0.012715681975323865,002180
2020-08-31,37.0,37.01,36.0,36.53,8779783.0,319826787.0,1006848160.0000001,0.008720066588789316,002180
2020-09-01,36.53,36.55,35.23,35.6,7799390.0,278117560.0,1006848160.0000001,0.007746341811857707,002180
2020-09-03,36.0,36.14,34.8,35.2,5803675.0,205790633.0,1006848160.0000001,0.0057642008304410065,002180
2020-09-04,34.69,35.2,34.2,34.55,5540699.0,191548430.0,1006848160.0000001,0.005503013483184991,002180
2020-09-07,34.66,35.4,33.89,33.89,6282269.0,217376988.0,1006848160.0000001,0.006239539634258258,002180
2020-09-08,33.97,34.25,31.87,31.94,16732868.0,543458491.0,1006848160.0000001,0.016619058031550654,002180
2020-09-09,31.78,34.8,30.5,32.9,15192532.0,494720785.0,1006848160.0000001,0.015089198752669914,002180
2020-09-10,32.0,32.75,29.76,29.92,16679852.0,516170879.0,1006848160.0000001,0.016566402624205022,002180
2020-09-11,29.73,30.57,29.68,30.41,5467777.0,165417952.0,1006848160.0000001,0.005430587468124289,002180
2020-09-14,30.82,31.2,30.33,30.65,5325884.0,163753213.0,1006848160.0000001,0.005289659564953667,002180
2020-09-15,30.71,31.18,29.9,30.92,6005256.0,183871909.0,1006848160.0000001,0.00596441076080429,002180
2020-09-16,30.99,31.34,30.12,30.4,4300949.0,131958496.0,1006848160.0000001,0.004271695744073266,002180
2020-09-17,30.41,31.1,29.92,30.75,5554244.0,169577686.0,1006848160.0000001,0.00551646635576113,002180
2020-09-18,30.8,31.08,30.46,30.98,4721446.0,145442935.0,1006848160.0000001,0.0046893326993814035,002180
2020-09-21,31.0,31.29,30.6,30.69,4837065.0,149675451.0,1006848160.0000001,0.0048041653073090974,002180
2020-09-22,30.34,30.68,29.91,30.18,4690921.0,141992863.0,1006848160.0000001,0.004659015317662198,002180
2020-09-23,30.3,30.67,30.01,30.36,4262325.0,129097801.0,1006848160.0000001,0.004233334448364091,002180
2020-09-24,30.02,30.25,29.51,29.71,5153101.0,153748926.0,1006848160.0000001,0.005118051762641151,002180
2020-09-25,29.92,30.0,29.01,29.13,4362890.0,128127583.0,1006848160.0000001,0.004333215447302401,002180
2020-09-28,29.2,29.3,28.68,28.7,4949257.0,143151769.0,1006848160.0000001,0.004915594224257211,002180
2020-09-29,28.93,29.39,28.77,28.9,6138382.0,178274108.0,1006848160.0000001,0.0060966312934415045,002180
2020-09-30,29.07,29.16,28.38,28.5,4142050.0,119013637.0,1006848160.0000001,0.004113877508600701,002180
2020-10-09,29.01,29.67,28.83,29.4,4889799.0,143523616.0,1006848160.0000001,0.004856540632700764,002180
2020-10-12,29.42,30.55,29.42,30.55,6308352.0,190190487.0,1006848160.0000001,0.006265445228603287,002180
2020-10-13,30.67,31.18,30.33,30.8,5530116.0,170328908.0,1006848160.0000001,0.005492502464323915,002180
2020-10-14,30.6,30.64,30.1,30.3,3978201.0,120334487.0,1006848160.0000001,0.003951142940957452,002180
2020-10-15,30.3,30.47,29.71,29.71,3980047.0,119393477.0,1006848160.0000001,0.00395297638523767,002180
2020-10-16,29.87,29.96,29.3,29.46,3729246.0,110297623.0,1006848160.0000001,0.0037038812287246963,002180
2020-10-19,29.6,30.51,29.6,30.3,5958584.0,179631131.0,1006848160.0000001,0.005918056204224477,002180
2020-10-20,30.24,31.12,29.81,30.86,6683884.0,205097971.0,1006848160.0000001,0.006638423017031683,002180
2020-10-21,30.77,31.47,30.57,30.63,7030018.0,217858174.0,1006848160.0000001,0.0069822027583583204,002180
2020-10-22,30.64,31.15,30.3,30.9,4081959.0,126048518.0,1006848160.0000001,0.004054195222445457,002180
2020-10-23,30.88,31.5,30.47,30.63,5382713.0,166906304.0,1006848160.0000001,0.005346102037868351,002180
2020-10-26,30.6,31.32,29.9,31.18,5942603.0,183476145.0,1006848160.0000001,0.005902183900301312,002180
2020-10-27,31.12,31.32,30.79,31.06,3384009.0,104994824.0,1006848160.0000001,0.0033609923863792924,002180
2020-10-28,31.0,31.17,29.9,29.93,8987558.0,271219153.0,1006848160.0000001,0.00892642839015567,002180
2020-10-29,29.47,30.58,28.87,30.45,8997260.0,266646405.0,1006848160.0000001,0.008936064401210208,002180
2020-10-30,29.9,30.5,29.01,29.15,12952626.0,381132939.0,1006848160.0000001,0.012864527656285332,002180
2020-11-02,29.11,29.11,27.7,28.0,12691682.0,356034049.0,1006848160.0000001,0.012605358488215342,002180
2020-11-03,28.09,29.9,28.04,29.27,10252190.0,299564094.0,1006848160.0000001,0.010182458892312023,002180
2020-11-04,29.28,29.8,29.11,29.57,6135185.0,180715688.0,1006848160.0000001,0.006093456038098137,002180
2020-11-05,29.99,30.73,29.77,30.72,9012872.0,274567370.0,1006848160.0000001,0.008951570214917012,002180
2020-11-06,30.56,30.99,30.4,30.95,6603541.0,202824768.0,1006848160.0000001,0.006558626476508632,002180
2020-11-09,30.9,31.63,30.36,30.51,21017252.0,652416827.0,1006848160.0000001,0.020874301443824458,002180
2020-11-10,30.52,31.74,29.92,31.29,18777792.0,582165353.0,1006848160.0000001,0.018650073313934444,002180
2020-11-11,31.2,31.44,30.48,30.51,8968853.0,275873902.0,1006848160.0000001,0.008907850613741003,002180
2020-11-12,30.61,30.99,30.18,30.79,5927169.0,181829615.0,1006848160.0000001,0.0058868548759129675,002180
2020-11-13,30.9,31.72,30.55,31.61,9377193.0,294153832.0,1006848160.0000001,0.009313413255877628,002180
2020-11-16,31.56,31.6,30.63,31.31,10086929.0,312446471.0,1006848160.0000001,0.010018321928502107,002180
2020-11-17,31.28,31.44,30.5,30.7,7025193.0,216014948.0,1006848160.0000001,0.006977410575989928,002180
2020-11-18,30.79,30.91,30.28,30.37,6386310.0,194554381.0,1006848160.0000001,0.006342872990898646,002180
2020-11-19,30.32,30.47,29.75,29.95,6500227.0,195108548.0,1006848160.0000001,0.006456015175118361,002180
2020-11-20,29.91,30.14,29.48,29.67,4996673.0,148367444.0,1006848160.0000001,0.004962687720460253,002180
2020-11-23,29.78,30.98,29.39,30.58,9184437.0,278599784.0,1006848160.0000001,0.009121968301556016,002180
2020-11-24,30.55,30.88,30.38,30.5,4658553.0,142468863.0,1006848160.0000001,0.004626867471258029,002180
2020-11-25,30.4,30.78,29.7,29.73,4890972.0,146914951.0,1006848160.0000001,0.004857705654445452,002180
2020-11-26,29.6,30.41,29.39,30.31,6307666.0,188816372.0,1006848160.0000001,0.00626476389448832,002180
2020-11-27,30.31,30.67,29.93,30.37,4519262.0,136809135.0,1006848160.0000001,0.004488523870371874,002180
2020-11-30,30.49,30.49,29.67,29.67,6721699.0,201030470.0,1006848160.0000001,0.0066759808152204395,002180
2020-12-01,29.69,31.2,29.53,31.04,12636755.0,386315774.0,1006848160.0000001,0.012550805078692301,002180
2020-12-02,31.19,31.37,30.55,30.7,7701920.0,237546448.0,1006848160.0000001,0.007649534762024096,002180
2020-12-03,30.96,31.43,30.62,30.83,7228531.0,223635168.0,1006848160.0000001,0.007179365555974199,002180
2020-12-04,31.09,31.64,31.0,31.19,8135215.0,254152383.0,1006848160.0000001,0.008079882670689887,002180
2020-12-07,31.48,31.99,31.24,31.36,11444104.0,362461708.0,1006848160.0000001,0.011366265991885012,002180
2020-12-08,32.94,33.45,31.68,31.85,27385836.0,888608788.0,1006848160.0000001,0.02719956899955997,002180
2020-12-09,31.49,31.54,30.1,30.19,19604350.0,602213895.0,1006848160.0000001,0.019471009412183857,002180
2020-12-10,30.14,30.66,29.8,29.94,12223198.0,368619855.0,1006848160.0000001,0.012140060920407302,002180
2020-12-11,29.71,29.85,28.75,29.32,16580568.0,482164677.0,1006848160.0000001,0.01646779391244058,002180
2020-12-14,29.35,29.98,29.3,29.46,7269860.0,215481235.0,1006848160.0000001,0.007220413453404929,002180
2020-12-15,29.71,29.96,29.16,29.19,6785411.0,200519924.0,1006848160.0000001,0.006739259472848418,002180
2020-12-16,28.97,29.0,27.82,28.16,17727849.0,502444259.0,1006848160.0000001,0.01760727158700871,002180
2020-12-17,28.4,29.28,28.08,29.09,11431835.0,328311298.0,1006848160.0000001,0.011354080440490648,002180
2020-12-18,29.29,29.3,28.45,28.51,7780002.0,223293387.0,1006848160.0000001,0.007727085680923327,002180
2020-12-21,28.52,29.16,28.24,28.84,7715844.0,222911608.0,1006848160.0000001,0.007663364056800778,002180
2020-12-22,28.79,29.12,28.18,28.32,8745703.0,250141359.0,1006848160.0000001,0.008686218386692984,002180
2020-12-23,28.32,28.42,27.25,27.86,13324175.0,370380165.0,1006848160.0000001,0.013233549535413561,002180
2020-12-24,27.9,27.94,26.67,26.69,9825200.0,267352303.0,1006848160.0000001,0.009758373099673737,002180
2020-12-25,27.0,27.1,25.5,25.98,14392964.0,374032074.0,1006848160.0000001,0.014295069079730948,002180
2020-12-28,25.79,27.14,24.93,26.96,13533155.0,352244880.0,1006848160.0000001,0.013441108140873992,002180
2020-12-29,26.91,27.23,26.21,26.43,9125736.0,244488340.0,1006848160.0000001,0.009063666561202235,002180
2020-12-30,26.26,26.42,25.63,25.69,6938617.0,179871653.0,1006848160.0000001,0.00689142342972549,002180
2020-12-31,25.9,27.07,25.7,26.73,7844737.0,207771012.0,1006934707.0,0.007790710703946368,002180
2021-01-04,26.73,27.23,26.4,26.77,9254224.0,247920556.0,1006934707.0,0.009190490640223805,002180
2021-01-05,26.72,27.88,26.59,27.79,11576593.0,316352987.0,1006934707.0,0.01149686560560674,002180
2021-01-06,28.25,28.25,26.51,26.64,10246306.0,277097551.0,1006934707.0,0.010175740223045068,002180
2021-01-07,26.53,26.61,25.22,25.75,9990324.0,256844700.0,1006934707.0,0.009921521157776518,002180
2021-01-08,25.75,26.25,25.31,25.55,7456876.0,192483736.0,1006934707.0,0.007405520882497498,002180
2021-01-11,25.4,26.22,25.1,25.1,8123634.0,207875908.0,1006934707.0,0.008067686954800734,002180
2021-01-12,25.16,25.45,24.48,25.23,7852274.0,196063559.0,1006934707.0,0.007798195797019042,002180
2021-01-13,25.23,25.55,24.74,25.52,9769138.0,246110506.0,1006934707.0,0.009701858454264205,002180
2021-01-14,25.56,27.13,25.52,26.8,15594154.0,413276590.0,1006934707.0,0.015486757871779267,002180
2021-01-15,26.42,26.52,25.72,25.9,9869723.0,257395633.0,1006934707.0,0.00980175073059628,002180
2021-01-18,25.92,26.59,25.67,26.36,7796774.0,204560154.0,1006934707.0,0.0077430780226348875,002180
2021-01-19,26.9,27.55,26.6,27.04,15623292.0,424820239.0,1006934707.0,0.015515695199887474,002180
2021-01-20,26.0,29.3,25.3,28.75,33864567.0,940199122.0,1006934707.0,0.03363134348690198,002180
2021-01-21,29.05,30.62,28.88,28.96,23220080.0,686556458.0,1006934707.0,0.02306016451571174,002180
2021-01-22,28.96,30.2,28.38,29.92,20732730.0,612612786.0,1006934707.0,0.020589944765902285,002180
2021-01-25,29.31,30.17,29.2,29.68,12309379.0,365582829.0,1006934707.0,0.012224604946505235,002180
2021-01-26,29.69,30.12,29.53,29.63,7469132.0,222374992.0,1006934707.0,0.007417692476062403,002180
2021-01-27,29.63,29.92,28.82,28.9,10013996.0,291964397.0,1006934707.0,0.009945030129942675,002180
2021-01-28,28.8,29.02,27.43,27.51,10540087.0,295982496.0,1006934707.0,0.010467497968564906,002180
2021-01-29,27.85,27.97,26.72,26.91,9696691.0,264150535.0,1006934707.0,0.009629910392988371,002180
2021-02-01,26.78,27.65,26.66,26.75,5348555.0,144369769.0,1006934707.0,0.0053117197796619395,002180
2021-02-02,26.82,28.07,26.58,27.94,7389630.0,202828600.0,1006934707.0,0.007338738002204944,002180
2021-02-03,27.7,28.02,26.62,26.72,5623540.0,152948869.0,1006934707.0,0.005584810972257013,002180
2021-02-04,26.68,26.92,25.45,26.52,7276410.0,189927489.0,1006934707.0,0.00722629774246127,002180
2021-02-05,26.74,27.15,26.23,26.79,6220881.0,166449273.0,1006934707.0,0.006178038115831874,002180
2021-02-10,28.0,28.02,25.68,26.39,13479987.0,357834990.0,1006934707.0,0.013387151030041912,002180
2021-02-18,26.39,26.99,25.99,25.99,8597472.0,227078232.0,1006934707.0,0.008538261657118549,002180
2021-02-19,25.9,26.39,25.84,26.04,8281268.0,215741576.0,1006934707.0,0.008224235337634458,002180
2021-02-22,26.28,28.64,26.08,28.64,19047107.0,532676765.0,1006934707.0,0.01891593056390696,002180
2021-02-23,28.79,28.81,27.39,27.6,12716720.0,354188926.0,1006934707.0,0.012629140610206417,002180
2021-02-24,27.68,28.85,27.61,28.01,11770940.0,332489433.0,1006934707.0,0.011689874147917318,002180
2021-02-25,28.03,28.28,27.31,27.47,6000995.0,165994378.0,1006934707.0,0.005959666459287117,002180
2021-02-26,26.96,28.07,26.8,27.45,5418274.0,149613066.0,1006934707.0,0.0053809586285320085,002180
2021-03-01,27.6,28.28,27.49,27.86,4845910.0,135252528.0,1006934707.0,0.0048125364696561205,002180
2021-03-02,27.94,28.09,27.33,27.46,3919230.0,107913186.0,1006934707.0,0.0038922384666595865,002180
2021-03-03,27.5,28.69,27.5,28.11,6672493.0,187973253.0,1006934707.0,0.006626539887456675,002180
2021-03-04,28.05,28.58,27.91,28.17,6728393.0,190503850.0,1006934707.0,0.006682054907061616,002180
2021-03-05,27.95,28.4,27.56,27.96,3836646.0,107505121.0,1006934707.0,0.0038102232183759655,002180
2021-03-08,27.96,29.08,27.94,28.68,8670665.0,249318456.0,1006934707.0,0.00861095058073115,002180
2021-03-09,28.6,28.78,27.39,27.68,5789719.0,161817451.0,1006934707.0,0.005749845506119793,002180
2021-03-10,27.9,28.17,27.48,27.48,2910486.0,80761098.0,1006934707.0,0.0028904416341664543,002180
2021-03-11,27.5,27.78,26.12,27.22,7572601.0,203939737.0,1006934707.0,0.007520448890436349,002180
2021-03-12,26.97,26.97,26.1,26.18,6555066.0,172772550.0,1006934707.0,0.006509921601103377,002180
2021-03-15,26.19,26.38,25.55,25.73,3489611.0,90271088.0,1006934707.0,0.0034655782303866897,002180
2021-03-16,25.75,26.04,25.2,25.7,4047749.0,103592342.0,1006934707.0,0.0040198723629853,002180
2021-03-17,26.91,27.19,26.2,26.31,9371426.0,249905632.0,1006934707.0,0.009306885476140411,002180
2021-03-18,26.0,26.3,25.59,26.08,6557747.0,169744762.0,1006934707.0,0.0065125841371957,002180
2021-03-19,25.71,26.08,25.61,25.86,3272731.0,84532638.0,1006934707.0,0.0032501918716761444,002180
2021-03-22,25.88,26.14,25.58,26.09,3298609.0,85516248.0,1006934707.0,0.0032758916512349396,002180
2021-03-23,26.1,26.57,25.78,25.99,4418297.0,115580092.0,1006934707.0,0.004387868418165469,002180
2021-03-24,25.8,25.9,25.02,25.3,4896200.0,124464565.0,1006934707.0,0.004862480125039527,002180
2021-03-25,25.31,25.55,25.2,25.45,1984539.0,50345424.0,1006934707.0,0.0019708715830370122,002180
2021-03-26,25.5,25.78,25.29,25.7,2212254.0,56645237.0,1006934707.0,0.002197018321665617,002180
2021-03-29,25.93,25.94,25.26,25.49,3236143.0,82498144.0,1006934707.0,0.0032138558513307857,002180
2021-03-30,25.22,25.4,25.15,25.21,2609049.0,65876980.0,1006934707.0,0.0025910806151207577,002180
2021-03-31,25.25,25.39,24.78,24.86,3743714.0,93659053.0,1006934707.0,0.003717931236230593,002180
2021-04-01,24.89,25.07,24.1,24.18,7080010.0,172753402.0,1006934707.0,0.007031250339055003,002180
2021-04-02,24.18,25.16,24.09,25.0,7706027.0,190370094.0,1006934707.0,0.007652955992508062,002180
2021-04-06,25.2,25.43,24.86,25.05,4431702.0,111144524.0,1006934707.0,0.004401181098627083,002180
2021-04-07,24.91,25.04,24.18,24.61,5229120.0,127831812.0,1006934707.0,0.005193107322300293,002180
2021-04-08,24.62,25.14,24.37,24.81,3943418.0,97777758.0,1006934707.0,0.003916259885160558,002180
2021-04-09,24.66,24.75,24.26,24.45,3097986.0,75647122.0,1006934707.0,0.003076650331410217,002180
2021-04-12,24.5,24.6,23.97,24.2,3646582.0,88478394.0,1006934707.0,0.0036214681792669603,002180
2021-04-13,24.2,24.6,24.04,24.52,2810972.0,68397595.0,1006934707.0,0.0027916129819130367,002180
2021-04-14,24.58,25.08,24.5,24.88,3667685.0,91008255.0,1006934707.0,0.0036424258440026142,002180
2021-04-15,24.85,24.98,24.61,24.94,2117408.0,52484944.0,1006934707.0,0.00210282552113878,002180
2021-04-16,24.93,25.04,24.72,24.82,2620738.0,65175934.0,1006934707.0,0.002602689113585197,002180
2021-04-19,24.82,24.99,24.6,24.99,3693217.0,91812802.0,1006934707.0,0.003667782006445429,002180
2021-04-20,24.84,24.92,24.55,24.58,3098782.0,76681986.0,1006934707.0,0.0030774408493995827,002180
2021-04-21,24.4,24.99,24.4,24.99,2473205.0,61186807.0,1006934707.0,0.002456172165689389,002180
2021-04-22,24.77,24.94,24.65,24.88,2274354.0,56480895.0,1006934707.0,0.0022586906421927515,002180
2021-04-23,25.2,25.23,24.67,24.84,2801905.0,69810144.0,1006934707.0,0.0027826084258708544,002180
2021-04-26,24.8,24.97,24.63,24.64,2914695.0,72357653.0,1006934707.0,0.0028946216470021823,002180
2021-04-27,24.63,24.9,24.33,24.66,2664093.0,65559812.0,1006934707.0,0.0026457455299532147,002180
2021-04-28,24.59,25.5,24.45,25.43,4580079.0,114803356.0,1006934707.0,0.004548536233938751,002180
2021-04-29,25.15,25.54,25.12,25.49,5788108.0,146493066.0,1006934707.0,0.005748245600993074,002180
2021-04-30,25.3,25.59,25.12,25.38,4444337.0,112779920.0,1006934707.0,0.004413729082038683,002180
2021-05-06,25.53,25.55,24.38,24.97,5109409.0,126997563.0,1006934707.0,0.005074220765736303,002180
2021-05-07,24.8,24.87,24.13,24.3,4586888.0,111580608.0,1006934707.0,0.004555298340709593,002180
2021-05-10,24.3,24.43,24.01,24.01,3194685.0,77229357.0,1006934707.0,0.0031726833704223485,002180
2021-05-11,23.96,24.0,23.08,23.5,6444472.0,150918558.0,1006934707.0,0.006400089256234168,002180
2021-05-12,23.4,24.08,23.15,23.86,4461482.0,105118776.0,1006934707.0,0.0044307560053146525,002180
2021-05-13,23.66,24.65,23.6,24.16,4500857.0,109334539.0,1006934707.0,0.004469859831735843,002180
2021-05-14,24.16,24.38,23.89,24.35,3225689.0,78006947.0,1006934707.0,0.003203473847485525,002180
2021-05-17,24.36,24.97,24.36,24.7,4772648.0,118138156.0,1006934707.0,0.004739779021242933,002180
2021-05-18,24.68,24.8,24.25,24.39,2905464.0,71221476.0,1006934707.0,0.0028854542204194773,002180
2021-05-19,24.4,24.66,24.15,24.41,3096234.0,75513811.0,1006934707.0,0.0030749103973431715,002180
2021-05-20,24.3,24.95,24.2,24.7,3985565.0,98575332.0,1006934707.0,0.0039581166209618,002180
2021-05-21,24.82,24.88,24.35,24.38,2739855.0,67210839.0,1006934707.0,0.0027209857609963185,002180
2021-05-24,24.35,24.57,24.19,24.51,2932113.0,71593140.0,1006934707.0,0.002911919690141339,002180
2021-05-25,24.88,25.48,24.79,25.18,7448004.0,187693110.0,1006934707.0,0.00739670998350045,002180
2021-05-26,25.2,25.45,24.92,25.36,5963870.0,150721244.0,1006934707.0,0.005922797137232851,002180
2021-05-27,25.5,26.47,25.5,26.35,11068180.0,289029419.0,1006934707.0,0.010991954019517176,002180
2021-05-28,26.14,26.2,25.85,25.96,5616061.0,145884975.0,1006934707.0,0.005577383479741353,002180
2021-05-31,26.14,26.59,26.07,26.3,6569352.0,173001413.0,1006934707.0,0.006524109214163774,002180
2021-06-01,26.15,26.98,26.06,26.72,6463634.0,172176946.0,1006934707.0,0.006419119288535955,002180
2021-06-02,26.85,26.99,25.95,26.1,5515732.0,145474855.0,1006934707.0,0.005477745440350582,002180
2021-06-03,26.22,26.42,26.0,26.1,3626150.0,95022552.0,1006934707.0,0.0036011768933891758,002180
2021-06-04,25.97,26.95,25.95,26.59,5694928.0,151582999.0,1006934707.0,0.005655707326810814,002180
2021-06-07,27.21,27.51,26.59,26.76,6680168.0,180655559.0,1006934707.0,0.0066341620301305195,002180
2021-06-08,26.76,27.23,25.96,26.23,7272911.0,192766654.0,1006934707.0,0.007222822839892438,002180
2021-06-09,26.24,27.04,26.24,26.95,7367772.0,197293384.0,1006934707.0,0.007317030537115054,002180
2021-06-10,26.95,26.95,26.49,26.71,8903563.0,237756252.0,1006934707.0,0.008842244624308099,002180
2021-06-11,26.79,26.95,26.1,26.25,13504931.0,356954575.0,1006934707.0,0.01341192324201017,002180
2021-06-15,26.2,26.28,25.36,25.57,7305047.0,187025930.0,1006934707.0,0.007254737520930441,002180
2021-06-16,25.66,26.49,25.45,25.98,7937904.0,206428688.0,1006934707.0,0.007883236067658953,002180
2021-06-17,25.98,27.88,25.88,27.6,20266165.0,549473334.0,1006934707.0,0.020126592974811425,002180
2021-06-18,28.0,29.09,27.56,28.7,21837190.0,620467245.0,1006934707.0,0.021686798407277465,002180
2021-06-21,28.51,31.48,28.51,30.43,27714070.0,826965909.0,1006934707.0,0.02752320464011973,002180
2021-06-22,30.43,31.14,30.14,30.54,15631200.0,477999702.0,1006934707.0,0.015523548737902427,002180
2021-06-23,30.36,31.65,29.93,31.21,18773705.0,581927843.0,1006934707.0,0.01864441146927315,002180
2021-06-24,30.8,31.27,30.37,31.0,14100505.0,434010920.0,1006934707.0,0.014003395554822206,002180
2021-06-25,30.8,34.1,30.63,33.1,42419798.0,1417720568.0,1006934707.0,0.0421276550555924,002180
2021-06-28,33.57,33.88,32.28,32.4,18448948.0,607293618.0,1006934707.0,0.01832189105385559,002180
2021-06-29,32.37,33.17,31.43,31.82,20880931.0,670937952.0,1006934707.0,0.020737125113316806,002180
2021-06-30,31.82,32.72,31.71,32.2,13610767.0,438563615.0,1008848603.0,0.013491387071881588,002180
2021-07-01,32.06,33.25,31.86,32.0,18063992.0,587440560.0,1008848603.0,0.017905552871147704,002180
2021-07-02,32.06,32.18,31.29,31.53,13875854.0,440447691.0,1008848603.0,0.013754148995932148,002180
2021-07-05,31.78,32.72,31.44,32.09,13891262.0,443761182.0,1008848603.0,0.01376942185248781,002180
2021-07-06,31.9,31.9,30.75,31.62,11607798.0,363743327.0,1008848603.0,0.011505986096904968,002180
2021-07-07,30.99,31.8,30.02,31.33,17085263.0,527430357.0,1008848603.0,0.016935408295351527,002180
2021-07-08,31.51,32.15,30.6,31.52,15997496.0,503860092.0,1008848603.0,0.015857182090978222,002180
2021-07-09,31.02,32.07,30.72,31.66,13945669.0,437411102.0,1008848603.0,0.013823351649127475,002180
2021-07-12,31.72,34.7,30.91,34.15,23447959.0,769216083.0,1008848603.0,0.023242297139801856,002180
2021-07-13,33.93,34.2,32.4,34.02,23634343.0,791301667.0,1008848603.0,0.023427046367233757,002180
2021-07-14,33.5,34.06,32.91,33.52,12539805.0,419039399.0,1008848603.0,0.012429818470988159,002180
2021-07-15,33.7,33.7,32.45,32.71,10180028.0,334661323.0,1008848603.0,0.010090739056115836,002180
2021-07-16,32.61,33.29,32.2,32.45,8797685.0,287239739.0,1008848603.0,0.008720520575474296,002180
2021-07-19,32.0,33.75,31.91,33.45,13314657.0,441714959.0,1008848603.0,0.01319787425031504,002180
2021-07-20,33.18,33.94,33.0,33.87,7635443.0,256003604.0,1008848603.0,0.007568472590728264,002180
2021-07-21,33.6,34.53,33.4,34.22,15935717.0,543970509.0,1008848603.0,0.015795944954091392,002180
2021-07-22,34.3,34.65,33.2,33.33,13564421.0,455545170.0,1008848603.0,0.013445447572275619,002180
2021-07-23,33.55,33.91,32.89,33.67,9722513.0,326510529.0,1008848603.0,0.00963723691650887,002180
2021-07-26,33.65,35.3,33.3,35.02,24790146.0,857818750.0,1008848603.0,0.02457271182839711,002180
2021-07-27,35.1,36.45,33.5,33.8,29916722.0,1045269880.0,1008848603.0,0.02965432267144647,002180
2021-07-28,33.1,34.65,31.99,33.13,18183579.0,604820476.0,1008848603.0,0.018024090974530498,002180
2021-07-29,33.6,35.14,33.6,34.85,17887545.0,618886480.0,1008848603.0,0.01773065348636856,002180
2021-07-30,34.85,35.94,34.38,35.94,19579541.0,692823813.0,1008848603.0,0.01940780900303234,002180
2021-08-02,35.99,37.5,35.13,36.07,23422279.0,851085227.0,1008848603.0,0.02321684237887575,002180
2021-08-03,36.13,38.45,35.3,37.67,30680214.0,1141899286.0,1008848603.0,0.030411118089242177,002180
2021-08-04,37.13,40.57,37.01,38.79,28319264.0,1108809929.0,1008848603.0,0.02807087596274344,002180
2021-08-05,38.21,39.4,37.68,38.04,16217931.0,623648958.0,1008848603.0,0.01607568365736241,002180
2021-08-06,38.14,38.49,36.45,37.33,15756609.0,583105755.0,1008848603.0,0.01561840790892189,002180
2021-08-09,37.0,37.67,36.11,37.51,10957982.0,404156052.0,1008848603.0,0.010861869627825614,002180
2021-08-10,37.18,37.65,36.4,36.79,9885339.0,365015462.0,1008848603.0,0.009798634770969693,002180
2021-08-11,36.0,36.84,35.68,36.3,8890646.0,321444473.0,1008848603.0,0.008812666215289392,002180
2021-08-12,36.43,37.69,35.78,37.2,11956107.0,441730649.0,1008848603.0,0.01185124008146146,002180
2021-08-13,37.09,37.09,35.8,36.5,9519393.0,344842583.0,1008848603.0,0.00943589848039865,002180
2021-08-16,36.17,36.96,35.2,35.45,8754203.0,315751959.0,1008848603.0,0.008677419955747315,002180
2021-08-17,35.2,35.28,32.91,33.81,15222933.0,515568668.0,1008848603.0,0.015089412776834663,002180
2021-08-18,33.59,34.13,33.5,33.65,7470115.0,252419612.0,1008848603.0,0.007404594681289359,002180
2021-08-19,34.1,35.68,34.01,34.85,11694950.0,408701859.0,1008848603.0,0.01159237368741244,002180
2021-08-20,35.35,35.98,34.0,34.83,9003286.0,313188896.0,1008848603.0,0.008924318250753429,002180
2021-08-23,34.82,36.62,34.4,36.46,11933888.0,426236805.0,1008848603.0,0.011829215964132132,002180
2021-08-24,36.8,37.22,36.0,36.6,9881915.0,362267948.0,1008848603.0,0.009795240802846213,002180
2021-08-26,36.6,39.18,36.0,36.75,15972971.0,603396573.0,1008848603.0,0.01583287219955639,002180
2021-08-27,36.8,37.85,35.2,35.31,11354534.0,410884189.0,1008848603.0,0.011254943473416297,002180
2021-08-30,35.15,37.45,35.02,36.37,15203430.0,558768509.0,1008848603.0,0.015070080837491133,002180
2021-08-31,36.1,36.36,34.81,35.23,10373651.0,367420607.0,1008848603.0,0.010282663790336833,002180
2021-09-01,35.7,37.0,33.58,36.24,13746905.0,484523803.0,1008848603.0,0.013626331006576217,002180
2021-09-02,36.12,37.48,36.01,36.68,12491163.0,461397107.0,1008848603.0,0.012381603109579763,002180
2021-09-03,37.0,38.39,36.68,38.19,16825412.0,634293507.0,1008848603.0,0.01667783644638699,002180
2021-09-06,39.23,39.71,37.71,38.81,24838685.0,968974615.0,1008848603.0,0.02462082509321768,002180
2021-09-07,38.79,39.45,38.2,39.11,10472119.0,408378347.0,1008848603.0,0.010380268128299128,002180
2021-09-08,38.65,39.2,38.04,38.75,6517660.0,252259272.0,1008848603.0,0.006460493656450055,002180
2021-09-09,38.69,39.25,38.23,38.8,8058935.0,312837523.0,1008848603.0,0.007988250145795166,002180
2021-09-10,38.81,39.35,38.05,38.34,7756883.0,300689063.0,1008848603.0,0.007688847441462929,002180
2021-09-13,38.5,40.8,37.17,38.91,11844925.0,459706813.0,1008848603.0,0.011741033257891125,002180
2021-09-14,38.9,39.28,38.05,38.38,7960957.0,308495571.0,1008848603.0,0.007891131510046806,002180
2021-09-15,38.13,38.8,37.7,38.52,4703627.0,180400522.0,1008848603.0,0.004662371525333817,002180
2021-09-16,38.57,39.77,38.18,39.5,9321883.0,365997266.0,1008848603.0,0.009240120839023454,002180
2021-09-17,39.47,39.79,38.44,39.55,8288267.0,325710328.0,1008848603.0,0.008215570676663762,002180
2021-09-22,38.6,40.36,38.5,40.06,7214295.0,288040815.0,1008848603.0,0.007151018476456174,002180
2021-09-23,39.79,40.0,38.22,39.0,7234994.0,283096119.0,1008848603.0,0.007171535925693302,002180
2021-09-24,38.6,39.9,38.6,38.99,4921360.0,193764380.0,1008848603.0,0.004878194790938319,002180
2021-09-27,38.72,39.55,36.95,37.55,10701010.0,406006770.0,1008848603.0,0.010607151527175182,002180
2021-09-28,37.32,38.17,36.88,37.3,6198070.0,231993451.0,1008848603.0,0.006143706777775059,002180
2021-09-29,37.3,37.73,35.19,37.11,10876648.0,398530487.0,1008848603.0,0.010781249007686835,002180
2021-09-30,37.11,37.79,36.23,37.35,6643773.0,246118800.0,1015671016.0,0.006541264735667125,002180
2021-10-08,37.86,37.86,36.18,36.95,3649115.0,134651608.0,1015671016.0,0.0035928119858842167,002180
2021-10-11,37.79,37.98,36.41,37.2,4480299.0,166902567.0,1015671016.0,0.0044111714614488914,002180
2021-10-12,36.77,37.58,36.59,36.7,3980626.0,147169936.0,1015671016.0,0.003919208028281472,002180
2021-10-13,36.7,37.15,36.21,36.34,3503058.0,128221316.0,1015671016.0,0.0034490085321091804,002180
2021-10-14,36.6,37.37,36.08,36.61,4089275.0,150629171.0,1015671016.0,0.004026180658482038,002180
2021-10-15,36.72,37.46,36.29,37.38,5704263.0,211347664.0,1015671016.0,0.005616250646262411,002180
2021-10-18,37.2,37.69,35.86,35.96,5308201.0,193558947.0,1015671016.0,0.005226299575727973,002180
2021-10-19,36.0,36.46,35.51,35.6,4158760.0,148903965.0,1015671016.0,0.004094593558826139,002180
2021-10-20,35.85,36.77,35.33,35.33,4452213.0,160058180.0,1015671016.0,0.004383518806644769,002180
2021-10-21,35.3,35.98,34.83,35.24,3965107.0,140279952.0,1015671016.0,0.003903928474414593,002180
2021-10-22,35.03,35.62,34.55,35.25,4292941.0,151045140.0,1015671016.0,0.004226704250069887,002180
2021-10-25,35.25,35.68,34.4,35.14,4831199.0,168992218.0,1015671016.0,0.004756657346614684,002180
2021-10-26,35.14,37.04,34.89,36.22,7164084.0,259121168.0,1015671016.0,0.007053547740501832,002180
2021-10-27,36.28,36.68,35.98,36.24,2796038.0,101470602.0,1015671016.0,0.002752897302328848,002180
2021-10-28,36.47,37.02,36.05,36.68,3915494.0,143427116.0,1015671016.0,0.0038550809645236544,002180
2021-10-29,36.97,37.36,36.1,36.73,3996273.0,146117680.0,1015671016.0,0.003934613607207631,002180
2021-11-01,36.38,38.49,36.06,38.33,6851183.0,257366830.0,1015671016.0,0.0067454745602389034,002180
2021-11-02,38.14,39.6,37.89,38.45,7401158.0,285052581.0,1015671016.0,0.007286963872561664,002180
2021-11-03,38.53,39.32,37.79,38.8,7551437.0,292509915.0,1015671016.0,0.007434924184151377,002180
2021-11-04,38.5,39.8,38.33,38.99,10643196.0,415993263.0,1015562053.0,0.010480104065093499,002180
2021-11-05,39.31,39.63,38.51,38.76,5265475.0,205431513.0,1015562053.0,0.005184789038193809,002180
2021-11-08,38.81,38.9,37.63,37.98,6981436.0,265523016.0,1015562053.0,0.0068744553613209886,002180
2021-11-09,37.9,38.65,37.86,38.37,5285499.0,202377106.0,1015562053.0,0.005204506198697048,002180
2021-11-10,38.52,39.7,38.22,38.51,6363314.0,248026982.0,1015562053.0,0.006265805207276684,002180
2021-11-11,38.3,39.5,38.07,39.0,4991963.0,194470455.0,1015562053.0,0.004915468222993952,002180
2021-11-12,39.03,39.57,38.32,39.42,7963280.0,311177812.0,1015562053.0,0.0078412539898239,002180
2021-11-15,39.42,40.18,38.15,38.53,11841726.0,462219353.0,1015744618.0,0.011658172526984534,002180
2021-11-16,38.15,38.67,36.75,36.97,11863765.0,443807902.0,1015744618.0,0.011679869909977707,002180
2021-11-17,37.01,37.28,36.13,36.43,9687124.0,354043918.0,1015744618.0,0.009536968080691322,002180
2021-11-18,36.5,36.86,35.94,36.3,9850788.0,358377865.0,1015744618.0,0.00969809519581427,002180
2021-11-19,36.62,39.14,36.59,38.19,25526261.0,972459729.0,1015744618.0,0.025130589468700486,002180
2021-11-22,37.83,41.88,37.52,41.64,30692545.0,1235088659.0,1015744618.0,0.030216793134905884,002180
2021-11-23,41.61,45.05,41.22,43.82,33877067.0,1482377071.0,1015744618.0,0.03335195323673376,002180
2021-11-24,44.33,44.48,42.46,42.8,13943009.0,602796775.0,1015744618.0,0.01372688444803554,002180
2021-11-25,42.7,43.6,42.2,42.62,13475167.0,575386986.0,1015744618.0,0.013266294264529395,002180
2021-11-26,42.27,44.34,42.06,43.0,15595050.0,674787939.0,1015744618.0,0.015353317875025157,002180
2021-11-29,43.5,44.43,42.78,43.86,19215525.0,842837780.0,1015744618.0,0.01891767345795575,002180
2021-11-30,44.32,44.33,43.1,43.84,13514288.0,588818340.0,1015744618.0,0.013304808866828768,002180
2021-12-01,43.9,44.41,43.33,44.28,11397200.0,501845369.0,1015744618.0,0.011220536932246882,002180
2021-12-02,44.6,45.19,43.1,44.76,15629179.0,697036098.0,1015744618.0,0.015386917856157423,002180
2021-12-03,44.71,47.1,44.71,46.97,19738399.0,917852470.0,1015744618.0,0.019432442614231996,002180
2021-12-06,46.7,47.3,45.88,46.4,14813619.0,690163088.0,1015744618.0,0.014583999498976425,002180
2021-12-07,46.05,47.29,44.82,45.2,12715794.0,582935612.0,1015744618.0,0.012518691976963052,002180
2021-12-08,44.97,46.5,44.97,46.1,9456956.0,432621102.0,1015744618.0,0.009310367815308473,002180
2021-12-09,46.1,48.85,46.07,48.15,15495136.0,745416661.0,1015744618.0,0.015254952598724968,002180
2021-12-10,48.15,48.15,46.41,46.74,13727941.0,645868544.0,1015744618.0,0.01351515012408365,002180
2021-12-13,46.76,47.03,45.8,46.41,10423335.0,483177378.0,1015744618.0,0.010261767392401778,002180
2021-12-14,46.68,48.69,46.13,48.15,10653757.0,508158416.0,1020067233.0,0.010444171379436908,002180
2021-12-15,48.3,49.1,47.4,47.43,6623049.0,316933087.0,1020067233.0,0.006492757325928143,002180
2021-12-16,48.19,48.78,46.67,47.2,5520952.0,261397612.0,1020067233.0,0.005412341286331663,002180
2021-12-17,48.02,48.02,44.91,45.99,9881125.0,452728308.0,1020067233.0,0.009686738952431384,002180
2021-12-20,46.11,47.0,44.48,46.1,10671332.0,488440321.0,1020067233.0,0.010461400635932396,002180
2021-12-21,46.88,47.18,44.68,46.13,10242029.0,470330856.0,1020067233.0,0.010040543082516602,002180
2021-12-22,46.82,47.69,46.2,46.76,11644613.0,545938015.0,1020067233.0,0.011415534803282912,002180
2021-12-23,47.46,47.68,46.42,46.42,7765991.0,363996974.0,1020067233.0,0.007613214843849415,002180
2021-12-24,46.98,50.14,46.5,49.32,17313028.0,842296827.0,1020067233.0,0.01697243812947769,002180
2021-12-27,49.0,49.85,47.5,48.61,9361214.0,454990633.0,1020067233.0,0.009177055881374439,002180
2021-12-28,48.97,48.97,47.9,48.55,8376993.0,406113814.0,1020067233.0,0.00821219693074878,002180
2021-12-29,48.63,48.97,46.3,47.62,10337341.0,489551147.0,1020067233.0,0.010133980060900554,002180
2021-12-30,47.59,48.59,47.13,47.66,7937670.0,380052091.0,1020067233.0,0.007781516495393593,002180
2021-12-31,47.59,48.31,47.25,47.76,6804984.0,324927457.0,1019874183.0,0.00667237597875345,002180
2022-01-04,47.9,48.76,46.41,46.8,8078393.0,383477654.0,1019874183.0,0.007920970188927706,002180
2022-01-05,46.8,47.44,44.45,46.1,11626332.0,530058820.0,1019874183.0,0.011399770867618874,002180
2022-01-06,45.34,46.45,45.2,45.49,6398430.0,292050475.0,1019874183.0,0.006273744454613771,002180
2022-01-07,45.6,47.09,45.4,45.89,7160776.0,332321256.0,1019874183.0,0.007021234696750825,002180
2022-01-10,45.81,49.75,45.6,49.0,12564984.0,610668018.0,1019874183.0,0.0123201314529206,002180
2022-01-11,48.5,49.29,47.57,48.38,8614781.0,417502102.0,1019874183.0,0.008446905651302284,002180
2022-01-12,48.04,51.55,48.0,50.0,9929366.0,496923067.0,1019874183.0,0.00973587346901201,002180
2022-01-13,49.89,51.2,48.58,49.62,7983449.0,396595247.0,1019874183.0,0.007827876352861852,002180
2022-01-14,49.04,49.8,48.29,49.53,7964684.0,390938882.0,1019874183.0,0.007809477024481166,002180
2022-01-17,49.53,50.96,48.5,50.3,7496474.0,374630293.0,1019874183.0,0.0073503909844534225,002180
2022-01-18,50.2,53.5,49.61,53.4,12763736.0,673438329.0,1019874183.0,0.012515010393198668,002180
2022-01-19,53.4,54.45,51.63,52.5,8502446.0,450847506.0,1019874183.0,0.008336759711859477,002180
2022-01-20,52.5,54.3,51.26,52.24,7836855.0,412909092.0,1019874183.0,0.0076841390150180905,002180
2022-01-21,52.0,52.99,50.5,52.55,7131526.0,372163165.0,1019874183.0,0.006992554688483569,002180
2022-01-24,52.5,53.81,51.2,51.95,11052118.0,575600250.0,1019874183.0,0.010836746516604392,002180
2022-01-25,51.6,53.4,50.81,51.15,10858591.0,566191739.0,1019874183.0,0.010646990757290304,002180
2022-01-26,50.46,51.19,49.3,50.76,9139807.0,461212057.0,1019874183.0,0.008961700523798827,002180
2022-01-27,50.61,52.07,49.5,49.94,7321145.0,368669065.0,1019874183.0,0.007178478602590532,002180
2022-01-28,51.34,51.34,47.6,48.9,8866114.0,435766112.0,1019874183.0,0.008693340951057293,002180
2022-02-07,49.89,52.0,47.89,48.5,10515367.0,516434757.0,1019874183.0,0.01031045512797337,002180
2022-02-08,47.94,49.23,46.2,48.43,12809292.0,610330363.0,1019874183.0,0.012559678648125952,002180
2022-02-09,48.64,50.78,47.74,50.07,8252001.0,407877524.0,1019874183.0,0.00809119510774007,002180
2022-02-10,50.1,50.8,49.17,50.5,5356802.0,267838214.0,1019874183.0,0.005252414552001656,002180
2022-02-11,50.5,50.5,48.68,49.36,8721637.0,431685975.0,1019874183.0,0.00855167935945291,002180
2022-02-14,48.95,49.27,47.65,48.5,5679624.0,275034085.0,1019874183.0,0.005568945752988043,002180
2022-02-15,48.01,51.0,48.01,50.29,8294517.0,415125085.0,1019874183.0,0.008132882602833765,002180
2022-02-16,50.4,50.69,48.5,48.82,5678372.0,279163427.0,1019874183.0,0.005567718150582894,002180
2022-02-17,48.68,48.78,47.7,48.0,4977605.0,239561267.0,1019874183.0,0.004880606924824961,002180
2022-02-18,47.79,48.36,46.95,47.44,5715274.0,271471567.0,1019874183.0,0.005603901045115484,002180
2022-02-21,47.25,47.31,45.9,46.8,8416450.0,392121015.0,1019874183.0,0.008252439507040644,002180
2022-02-22,46.53,48.99,46.03,47.93,9717263.0,464092660.0,1019874183.0,0.009527903698293734,002180
2022-02-23,48.03,51.12,48.03,50.33,8281742.0,414748804.0,1019874183.0,0.008120356547940973,002180
2022-02-24,50.15,50.35,48.6,49.24,5568677.0,275170604.0,1019874183.0,0.005460160765732414,002180
2022-02-25,49.8,51.51,49.53,50.05,5392245.0,270301556.0,1019874183.0,0.005287166877916744,002180
2022-02-28,50.47,50.47,49.16,49.9,6621915.0,328605256.0,1020224126.0,0.006490647330565088,002180
2022-03-01,50.99,51.89,48.68,50.98,11944520.0,605274706.0,1020224126.0,0.011707741167454024,002180
2022-03-02,50.36,50.96,49.52,50.1,6031404.0,301816580.0,1020224126.0,0.005911842159278637,002180
2022-03-03,50.3,50.3,48.3,48.75,4737600.0,232620522.0,1020224126.0,0.004643685518960174,002180
2022-03-04,48.28,49.0,47.8,48.3,6452078.0,310933218.0,1020224126.0,0.006324177046563982,002180
2022-03-07,47.99,47.99,43.47,43.47,17103704.0,770769675.0,1020224126.0,0.0167646535345705,002180
2022-03-08,43.5,44.61,41.73,42.84,14897068.0,639179447.0,1020224126.0,0.01460176016264881,002180
2022-03-09,43.0,44.8,42.19,43.83,12011345.0,523465951.0,1020224126.0,0.011773241480862609,002180
2022-03-10,44.38,45.5,43.51,44.28,8232693.0,365514035.0,1020224126.0,0.00806949452595086,002180
2022-03-11,43.6,44.2,42.09,43.77,9758043.0,419940745.0,1020224126.0,0.00956460717926602,002180
2022-03-14,43.57,44.15,41.4,41.75,9463717.0,399791155.0,1020224126.0,0.009276115667940987,002180
2022-03-15,41.7,42.29,37.58,40.09,10889119.0,444558400.0,1020224126.0,0.010673261612321449,002180
2022-03-16,41.0,41.5,38.29,41.0,16081704.0,643617570.0,1020224126.0,0.015762912864109233,002180
2022-03-17,41.99,44.45,40.82,43.91,14918131.0,646963600.0,1020224126.0,0.01462240562619277,002180
2022-03-18,43.78,44.54,43.05,44.0,8046363.0,352817165.0,1020224126.0,0.007886858186296215,002180
2022-03-21,43.68,43.82,41.14,41.9,12553970.0,527158079.0,1020224126.0,0.012305109906801007,002180
2022-03-22,42.29,43.22,41.9,42.61,6818911.0,290800539.0,1020224126.0,0.006683738235768794,002180
2022-03-23,42.61,43.96,42.28,43.39,5195117.0,224879221.0,1020224126.0,0.00509213305939797,002180
2022-03-24,43.6,45.03,42.84,44.56,8869224.0,393630606.0,1020224126.0,0.008693407432711506,002180
2022-03-25,45.5,45.59,43.7,44.08,5567921.0,247718225.0,1020224126.0,0.0054575468841637645,002180
2022-03-28,43.63,44.36,43.0,43.95,4039981.0,176659572.0,1020224126.0,0.003959895572985107,002180
2022-03-29,43.72,44.66,42.59,43.12,7977748.0,344246034.0,1020224126.0,0.00781960335644915,002180
2022-03-30,42.88,43.41,41.4,43.16,8166901.0,347655402.0,1020224126.0,0.00800500673515733,002180
2022-03-31,43.0,43.63,42.41,42.74,3523873.0,151217764.0,1020224126.0,0.00345401849475573,002180
2022-04-01,42.6,44.04,42.26,43.6,5801900.0,251505544.0,1020224126.0,0.0056868876672692996,002180
2022-04-06,43.88,43.88,40.6,42.17,9617368.0,400851010.0,1020224126.0,0.009426720810560405,002180
2022-04-07,41.93,42.99,41.4,41.83,4940177.0,207876035.0,1020224126.0,0.004842246790780166,002180
2022-04-08,42.48,43.69,40.96,43.55,8460072.0,358740958.0,1020224126.0,0.008292366142299992,002180
2022-04-11,43.37,43.5,39.3,40.22,15491079.0,626931466.0,1020224126.0,0.015183995952669718,002180
2022-04-12,40.02,41.0,39.2,39.71,9827596.0,392178180.0,1020224126.0,0.009632781414933919,002180
2022-04-13,39.52,40.68,38.3,40.14,7210431.0,286400782.0,1020224126.0,0.007067497049172899,002180
2022-04-14,40.51,43.6,39.53,42.7,7023842.0,294349727.0,1020224126.0,0.0068846068437319035,002180
2022-04-15,42.32,42.49,40.63,41.42,4337377.0,178623450.0,1020224126.0,0.004251396227028648,002180
2022-04-18,40.64,43.42,40.5,42.5,4653253.0,197089484.0,1020224126.0,0.0045610105479901185,002180
2022-04-19,42.85,44.75,42.0,42.5,5636061.0,241361267.0,1020224126.0,0.005524336130039724,002180
2022-04-20,42.51,42.78,41.0,41.13,3901165.0,162510457.0,1020224126.0,0.003823831352915879,002180
2022-04-21,40.86,42.0,39.1,39.37,5645770.0,226943637.0,1020224126.0,0.005533852666409106,002180
2022-04-22,39.49,39.66,37.75,38.52,6520985.0,250331839.0,1020224126.0,0.006391718088031178,002180
2022-04-25,38.69,38.69,36.0,36.07,8441353.0,310257969.0,1020224126.0,0.008274018213131337,002180
2022-04-26,36.07,36.74,34.5,34.75,6591359.0,234384396.0,1020224126.0,0.006460697048836502,002180
2022-04-27,34.88,37.8,34.2,37.5,7902632.0,286444604.0,1020224126.0,0.007745976397347028,002180
2022-04-28,37.04,40.8,37.02,40.07,13187356.0,525634404.0,1020224126.0,0.01292594015758455,002180
2022-04-29,40.8,41.36,39.25,40.92,10765633.0,437483254.0,1020224126.0,0.010552223502309138,002180
2022-05-05,40.39,41.95,40.0,40.6,6959508.0,284645674.0,1020224126.0,0.00682154815068547,002180
2022-05-06,39.71,42.22,39.48,40.6,6668788.0,270571115.0,1020224126.0,0.00653659115683371,002180
2022-05-09,40.18,40.5,39.44,40.02,3329581.0,133232590.0,1020224126.0,0.0032635779875685865,002180
2022-05-10,40.02,43.0,39.0,42.8,8054944.0,338455935.0,1019534829.9999999,0.007900606985638737,002180
2022-05-11,42.87,45.46,42.52,43.89,8597061.0,382072887.0,1019534829.9999999,0.008432336735371759,002180
2022-05-12,43.45,45.5,43.41,44.0,5899412.0,262063579.0,1019534829.9999999,0.005786376126061334,002180
2022-05-13,44.25,45.02,43.41,44.68,3555423.0,158050098.0,1019534829.9999999,0.0034872992029119794,002180
2022-05-16,45.0,45.2,44.13,44.33,3339936.0,148580520.0,1019534829.9999999,0.0032759410485270037,002180
2022-05-17,44.0,45.56,44.0,45.15,3662655.0,165114065.0,1019534829.9999999,0.003592476580716718,002180
2022-05-18,45.15,45.98,44.58,45.26,4707074.0,213765134.0,1019534829.9999999,0.00461688395677468,002180
2022-05-19,44.86,45.38,44.52,45.15,3788603.0,170462986.0,1019534829.9999999,0.003716011349999686,002180
2022-05-20,45.35,45.37,44.47,44.8,4536846.0,203331627.0,1019534829.9999999,0.004449917615860167,002180
2022-05-23,44.8,44.87,43.56,44.59,4732316.0,209515803.0,1019534829.9999999,0.004641642306619383,002180
2022-05-24,44.5,44.68,42.63,42.68,4162551.0,181628844.0,1019534829.9999999,0.004082794307282273,002180
2022-05-25,42.68,43.8,41.69,42.38,5218571.0,221509377.0,1019534829.9999999,0.005118580402005492,002180
2022-05-26,42.62,43.2,41.4,42.29,4977743.0,210119273.0,1019534829.9999999,0.004882366794668506,002180
2022-05-27,42.4,43.7,41.38,41.76,4994340.0,209682060.0,1019534829.9999999,0.004898645787314594,002180
2022-05-30,41.8,43.49,41.6,43.15,6302943.0,269854317.0,1019534829.9999999,0.006182175257318086,002180
2022-05-31,43.15,44.27,41.98,43.89,5629584.0,244360024.0,1019534829.9999999,0.005521718174159877,002180
2022-06-01,43.79,45.41,43.33,44.47,5255170.0,234374637.0,1019534829.9999999,0.005154478145685323,002180
2022-06-02,44.3,45.1,43.86,44.6,4693633.0,208568133.0,1019534829.9999999,0.004603700493488781,002180
2022-06-06,44.5,46.24,44.5,45.39,11793626.0,535725723.0,1019534829.9999999,0.011567653848569353,002180
2022-06-07,45.79,46.96,44.8,46.63,8118500.0,376569516.0,1019534829.9999999,0.007962945218850445,002180
2022-06-08,45.8,48.77,45.8,48.47,10025874.0,482421466.0,1019534829.9999999,0.009833772917792324,002180
2022-06-09,47.8,48.5,47.0,47.55,8006026.0,381978663.0,1019534829.9999999,0.007852626280555811,002180
2022-06-10,47.0,47.86,46.5,47.73,10255252.0,485154029.0,1019534829.9999999,0.010058755913223682,002180
2022-06-13,46.85,47.94,46.39,47.28,9120108.0,428854029.0,1019534829.9999999,0.008945361876454972,002180
2022-06-14,47.17,47.28,45.7,47.27,5343649.0,249002483.0,1019534829.9999999,0.005241261840951526,002180
2022-06-15,46.99,48.2,46.5,47.0,6083706.0,289429370.0,1019534829.9999999,0.005967138954929083,002180
2022-06-16,47.19,49.5,47.12,49.1,10657188.0,522158904.0,1019534829.9999999,0.010452990605529388,002180
2022-06-17,48.63,50.4,48.37,50.4,8880886.0,439110211.0,1019534829.9999999,0.008710723497303178,002180
2022-06-20,50.26,50.5,49.12,50.15,6627783.0,330215194.0,1019534829.9999999,0.006500791150018877,002180
2022-06-21,50.29,50.38,48.61,49.17,5879922.0,289296509.0,1019534829.9999999,0.005767259564835074,002180
2022-06-22,48.1,48.9,47.27,47.38,18106696.0,864831220.0,1175249560.0,0.015406681794460744,002180
2022-06-23,47.85,50.85,47.1,50.32,14091048.0,693936335.0,1175249560.0,0.011989834737738595,002180
2022-06-24,50.32,52.99,50.32,52.16,8279860.0,433059421.0,1175249560.0,0.007045193022663204,002180
2022-06-27,52.08,53.69,52.08,52.49,5414806.0,285173739.0,1175249560.0,0.004607366966382868,002180
2022-06-28,53.28,53.3,51.3,52.3,5551322.0,288563776.0,1175249560.0,0.00472352612495341,002180
2022-06-29,52.0,52.95,50.5,50.81,7646667.0,393955727.0,1175249560.0,0.006506419793937213,002180
2022-06-30,51.14,52.1,50.47,50.62,6344343.0,323851996.0,1175442479.0,0.005397408306527605,002180
2022-07-01,50.77,52.92,50.11,52.39,7186772.0,372916949.0,1175442479.0,0.006114099267634176,002180
2022-07-04,52.03,53.25,50.5,52.7,7841466.0,410556338.0,1175442479.0,0.0066710759055356545,002180
2022-07-05,52.19,52.36,50.55,51.53,5988021.0,307443147.0,1175442479.0,0.005094269695863187,002180
2022-07-06,51.48,53.0,51.01,52.37,5846613.0,305463701.0,1175442479.0,0.004973967764865847,002180
2022-07-07,52.21,53.22,51.96,52.5,6347926.0,333693317.0,1175442479.0,0.005400456520339861,002180
2022-07-08,52.55,53.7,51.85,52.7,6389272.0,336520768.0,1175442479.0,0.005435631359380198,002180
2022-07-11,52.72,52.73,50.5,51.64,8787930.0,451638130.0,1175442479.0,0.007476273962360348,002180
2022-07-12,52.3,52.87,51.1,51.58,5654400.0,292720148.0,1175442479.0,0.0048104438124530295,002180
2022-07-13,52.12,52.88,49.68,50.98,5425332.0,275938365.0,1175442479.0,0.004615565709872563,002180
2022-07-14,51.42,55.77,51.42,54.99,13592255.0,739492167.0,1175442479.0,0.011563522029222154,002180
2022-07-15,54.99,55.7,53.38,53.86,9520892.0,521511273.0,1175442479.0,0.008099836589281541,002180
2022-07-18,53.86,54.49,51.98,54.2,8086888.0,433508817.0,1175442479.0,0.006879867066638486,002180
2022-07-19,54.53,54.99,51.78,52.54,9076467.0,477457185.0,1175442479.0,0.007721744927681825,002180
2022-07-20,52.59,54.8,52.5,53.2,7196762.0,386006483.0,1175442479.0,0.006122598194785846,002180
2022-07-21,53.0,54.69,51.7,51.92,5781833.0,305463921.0,1175442479.0,0.004918856603616076,002180
2022-07-22,51.9,52.97,50.73,51.5,5503324.0,283317173.0,1175442479.0,0.004681916893697697,002180
2022-07-25,51.44,52.26,50.8,51.43,5196552.0,268202273.0,1175442479.0,0.00442093262140818,002180
2022-07-26,51.77,52.18,50.5,51.46,4564917.0,234917486.0,1175442479.0,0.0038835732769191508,002180
2022-07-27,51.53,53.5,50.62,51.9,8600244.0,445085263.0,1175442479.0,0.007316601325584729,002180
2022-07-28,52.06,52.08,50.48,51.04,6234216.0,319622650.0,1175442479.0,0.005303718481659535,002180
2022-07-29,50.94,51.63,49.98,50.15,7234806.0,364966593.0,1175442479.0,0.006154963878925801,002180
2022-08-01,50.37,50.93,49.0,50.67,5497813.0,276619420.0,1175442479.0,0.00467722844649721,002180
2022-08-02,50.5,51.29,49.0,49.71,6767053.0,339183077.0,1175442479.0,0.005757026073923265,002180
2022-08-03,49.71,52.13,49.54,50.7,9260159.0,474000535.0,1175442479.0,0.007878019695083692,002180
2022-08-04,50.75,51.42,50.03,50.28,4701321.0,237487026.0,1175442479.0,0.003999618087649527,002180
2022-08-05,50.51,53.25,50.34,52.96,8327099.0,433842389.0,1175442479.0,0.007084225003578418,002180
2022-08-08,54.14,54.14,52.03,52.42,5291725.0,278711681.0,1175442479.0,0.004501900428595962,002180
2022-08-09,52.28,52.49,50.7,51.98,6822547.0,351354168.0,1175442479.0,0.005804237231416238,002180
2022-08-10,51.8,52.65,51.23,51.62,4096429.0,212180129.0,1175442479.0,0.0034850101754745244,002180
2022-08-11,52.02,54.18,51.3,53.6,6856200.0,365719863.0,1175442479.0,0.005832867301029368,002180
2022-08-12,53.55,53.8,51.9,52.11,4624837.0,243589575.0,1175442479.0,0.003934549824960001,002180
2022-08-15,52.2,52.5,51.26,51.8,4969853.0,257534689.0,1175442479.0,0.004228069930081198,002180
2022-08-16,51.8,52.4,51.0,52.3,3919711.0,203670022.0,1175442479.0,0.003334668492953112,002180
2022-08-17,52.2,52.2,50.33,51.41,4642073.0,237076197.0,1175442479.0,0.0039492132392128735,002180
2022-08-18,51.78,52.18,50.89,51.01,2884341.0,148438941.0,1175442479.0,0.0024538342381958443,002180
2022-08-19,50.8,52.29,49.8,49.85,4859217.0,246144158.0,1175442479.0,0.0041339470767926875,002180
2022-08-22,49.33,50.15,48.8,49.9,6053076.0,300898293.0,1175442479.0,0.00514961481156408,002180
2022-08-23,49.79,50.49,48.08,49.68,9887878.0,486817557.0,1175442479.0,0.008412047528188745,002180
2022-08-24,49.68,49.99,48.55,48.96,4178650.0,204997372.0,1175442479.0,0.003554959153386186,002180
2022-08-25,48.51,51.05,48.31,50.68,8281583.0,416329528.0,1175442479.0,0.007045502564315612,002180
2022-08-26,50.79,52.0,50.0,50.65,6713125.0,343286180.0,1175442479.0,0.005711147180686499,002180
2022-08-29,49.38,50.19,45.59,45.85,23429674.0,1085844572.0,1175442479.0,0.019932641893232107,002180
2022-08-30,46.39,46.5,44.49,44.75,17782843.0,802509772.0,1175442479.0,0.015128637358017415,002180
2022-08-31,44.7,45.25,43.66,44.24,11304030.0,501761884.0,1175442479.0,0.009616829578608415,002180
2022-09-01,44.01,46.53,43.9,45.86,12458054.0,572729859.0,1175442479.0,0.010598607947705454,002180
2022-09-02,46.05,46.07,45.1,45.35,4567130.0,207538665.0,1175442479.0,0.0038854559721930894,002180
2022-09-05,45.57,47.2,44.81,46.29,7354950.0,341796039.0,1175442479.0,0.006257175601018925,002180
2022-09-06,47.02,47.02,45.75,46.18,5266527.0,243373188.0,1175442479.0,0.004480463394925512,002180
2022-09-07,46.3,46.93,45.72,46.05,5079826.0,234344757.0,1175442479.0,0.00432162874045664,002180
2022-09-08,45.91,46.28,45.27,45.47,4250463.0,194215510.0,1175442479.0,0.003616053593380472,002180
2022-09-09,45.86,45.92,44.83,45.64,4160265.0,188961495.0,1175442479.0,0.003539318234899353,002180
2022-09-13,45.69,46.29,45.1,45.26,3892153.0,176718800.0,1175442479.0,0.0033112237047203054,002180
2022-09-14,45.26,47.3,44.88,47.0,7412512.0,345208330.0,1175442479.0,0.006306146095984336,002180
2022-09-15,46.61,47.11,44.65,44.86,6179701.0,280935968.0,1175442479.0,0.005257340202012556,002180
2022-09-16,44.5,49.28,44.5,47.33,13467403.0,643541815.0,1175442479.0,0.011457305006925822,002180
2022-09-19,46.95,47.61,45.38,45.69,8991670.0,415321775.0,1175442479.0,0.007649604434620743,002180
2022-09-20,45.5,46.18,44.9,45.13,5700157.0,258668674.0,1175442479.0,0.004849371280889365,002180
2022-09-21,44.96,46.62,44.68,45.45,7923995.0,362105450.0,1175442479.0,0.006741286912432573,002180
2022-09-22,45.08,46.94,44.81,45.46,4074194.0,186231071.0,1175442479.0,0.0034660938946719823,002180
2022-09-23,45.39,45.9,43.1,43.5,8736581.0,382567329.0,1175442479.0,0.007432589136503378,002180
2022-09-26,43.46,45.6,42.99,44.8,8448011.0,378282983.0,1175442479.0,0.007187090096647766,002180
2022-09-27,45.13,46.2,44.3,45.59,5383854.0,245155042.0,1175442479.0,0.004580278572695687,002180
2022-09-28,45.3,45.85,44.21,44.4,3515886.0,156732305.0,1175442479.0,0.002991117015773598,002180
2022-09-29,44.85,46.3,44.01,44.89,5778666.0,261386104.0,1175442479.0,0.004916162299082608,002180
2022-09-30,44.55,44.95,43.0,43.15,4907916.0,215220294.0,1175442479.0,0.004175377432484299,002180
2022-10-10,43.9,44.0,41.21,41.58,11905889.0,498069506.0,1175442479.0,0.010128857185873407,002180
2022-10-11,41.39,42.38,40.25,41.04,11493104.0,469803590.0,1175442479.0,0.009777683047304605,002180
2022-10-12,41.75,45.14,40.51,45.14,13685999.0,592276715.0,1175442479.0,0.01164327412400756,002180
2022-10-13,45.5,49.5,45.2,48.31,20582219.0,994441785.0,1175442479.0,0.01751018817825113,002180
2022-10-14,49.0,49.0,47.5,48.18,9256608.0,445503721.0,1175442479.0,0.007874998705062112,002180
2022-10-17,49.0,50.97,48.25,50.0,19314339.0,963012196.0,1175442479.0,0.016431547561928803,002180
2022-10-18,50.0,51.36,49.5,50.32,9872670.0,497432509.0,1175442479.0,0.008399109421669965,002180
2022-10-19,50.1,52.49,50.01,52.03,12871613.0,668568704.0,1175442479.0,0.01095044056171123,002180
2022-10-20,51.68,56.7,50.9,54.29,17252509.0,931908082.0,1175442479.0,0.014677459176630624,002180
2022-10-21,54.3,54.55,52.7,54.1,11062633.0,594809228.0,1175442479.0,0.009411462659926552,002180
2022-10-24,55.0,56.8,54.5,55.5,17423754.0,970250331.0,1175442479.0,0.014823144740202979,002180
2022-10-25,54.51,56.04,53.61,54.28,15154430.0,824697733.0,1175442479.0,0.012892532191700723,002180
2022-10-26,54.5,58.88,53.47,57.9,24994940.0,1423218150.0,1175442479.0,0.021264281703741287,002180
2022-10-27,57.99,58.5,55.59,55.92,14174618.0,808223175.0,1175442479.0,0.01205896354201778,002180
2022-10-28,56.48,57.5,54.61,54.87,12879803.0,717418068.0,1175442479.0,0.010957408150637374,002180
2022-10-31,54.78,57.25,54.66,57.11,19255919.0,1085710961.0,1175442479.0,0.016381847129075894,002180
2022-11-01,56.93,57.48,54.78,55.19,19157823.0,1064311186.0,1162425093.0,0.016480909707959995,002180
2022-11-02,55.0,56.57,53.6,55.59,10791585.0,597467267.0,1162425093.0,0.009283682075503853,002180
2022-11-03,55.08,58.36,55.06,57.29,12383149.0,711458570.0,1162425093.0,0.010652857611703329,002180
2022-11-04,57.01,57.25,55.7,56.58,9573256.0,539949875.0,1206967899.0,0.007931657509641853,002180
2022-11-07,56.5,58.99,56.21,56.69,12437980.0,712250472.0,1206967899.0,0.01030514565491356,002180
2022-11-08,57.22,57.22,55.66,56.97,6751405.0,382053342.0,1206967899.0,0.005593690607342325,002180
2022-11-09,56.9,57.26,55.88,56.26,4891752.0,276421047.0,1206967899.0,0.004052926348789331,002180
2022-11-10,56.5,57.0,55.25,55.8,5540878.0,309236825.0,1206967899.0,0.004590741812264222,002180
2022-11-11,57.0,57.57,54.56,55.11,9691369.0,537271779.0,1206967899.0,0.008029516781705227,002180
2022-11-14,53.91,56.21,52.93,54.81,9200670.0,502564812.0,1206967899.0,0.0076229616443179325,002180
2022-11-15,54.86,57.4,54.41,56.12,10473644.0,591038931.0,1206967899.0,0.008677649180792339,002180
2022-11-16,55.99,56.88,54.81,55.7,4774293.0,265954783.0,1206967899.0,0.00395560893040785,002180
2022-11-17,55.25,56.44,54.8,56.36,7873918.0,438135956.0,1206967899.0,0.00652371782756088,002180
2022-11-18,56.41,58.58,56.41,56.73,15267680.0,878198965.0,1206967899.0,0.012649615629918258,002180
2022-11-21,56.1,57.84,55.7,56.84,8914985.0,507481557.0,1206967899.0,0.007386265208367402,002180
2022-11-22,56.81,58.85,56.5,57.15,10520270.0,607450141.0,1206967899.0,0.008716279868517033,002180
2022-11-23,57.11,57.83,55.7,57.28,6808414.0,386286378.0,1206967899.0,0.005640923843658911,002180
2022-11-24,57.63,57.99,55.25,55.5,8123880.0,454231584.0,1206967899.0,0.006730816956052284,002180
2022-11-25,55.86,55.87,54.31,54.72,6732591.0,368862440.0,1206967899.0,0.005578102785979729,002180
2022-11-28,53.62,54.99,53.25,53.98,7582192.0,408966515.0,1206967899.0,0.006282016287493658,002180
2022-11-29,54.15,54.7,53.04,53.91,7657741.0,413161792.0,1206967899.0,0.00634461033002171,002180
2022-11-30,53.91,54.19,52.25,54.03,6801055.0,364401932.0,1206967899.0,0.005634826746953939,002180
2022-12-01,54.55,55.7,53.23,55.21,9755113.0,534939766.0,1206967899.0,0.008082330116718373,002180
2022-12-02,54.69,55.21,53.02,53.27,9171411.0,493055206.0,1206967899.0,0.007598719905971584,002180
2022-12-05,53.27,53.38,51.56,52.24,11621557.0,605081571.0,1206967899.0,0.009628720871225092,002180
2022-12-06,51.96,53.58,51.36,53.2,9186848.0,485016078.0,1206967899.0,0.007611509807022631,002180
2022-12-07,53.02,53.9,52.32,53.23,7568431.0,401918813.0,1206967899.0,0.006270614990067768,002180
2022-12-08,52.88,53.44,51.0,51.75,10452008.0,541742382.0,1206967899.0,0.008659723269077598,002180
2022-12-09,51.52,52.5,51.04,51.44,18552017.0,958384234.0,1206967899.0,0.015370762565740782,002180
2022-12-12,51.16,53.56,50.82,53.0,9498335.0,498455998.0,1206967899.0,0.00786958377921201,002180
2022-12-13,53.58,53.65,51.63,51.8,6191953.0,322774607.0,1206967899.0,0.0051301720659929495,002180
2022-12-14,52.39,52.47,51.23,51.33,6891621.0,356764602.0,1206967899.0,0.005709862711104299,002180
2022-12-15,51.41,52.33,50.85,52.19,5269909.0,273854026.0,1206967899.0,0.004366237912678737,002180
2022-12-16,51.9,52.15,50.6,51.07,5336160.0,272904247.0,1206967899.0,0.0044211283534724725,002180
2022-12-19,51.07,51.75,50.5,51.63,4689837.0,240748649.0,1206967899.0,0.0038856352384231884,002180
2022-12-20,51.31,52.45,50.3,50.76,5324231.0,270958062.0,1206967899.0,0.004411244909173844,002180
2022-12-21,50.4,50.98,50.0,50.37,2735779.0,137925720.0,1206967899.0,0.002266654318036672,002180
2022-12-22,50.05,51.17,49.23,49.69,5089756.0,253766859.0,1206967899.0,0.004216977107855956,002180
2022-12-23,49.48,51.2,48.53,50.83,6593676.0,331410611.0,1206967899.0,0.005463008589924395,002180
2022-12-26,51.25,52.4,50.81,52.15,3608081.0,187202668.0,1206967899.0,0.002989376107673929,002180
2022-12-27,52.45,52.5,51.22,51.97,2448675.0,126971854.0,1206967899.0,0.002028782208730474,002180
2022-12-28,51.93,52.27,51.3,51.73,4050408.0,209484435.0,1206967899.0,0.0033558539571399157,002180
2022-12-29,51.57,53.5,51.02,52.68,6057865.0,318750651.0,1206967899.0,0.005019077147800763,002180
2022-12-30,53.0,53.0,51.3,51.89,6911686.0,358857737.0,1206967899.0,0.005726487014051067,002180
2023-01-03,51.96,54.05,50.86,53.65,9989883.0,531941348.0,1206967899.0,0.008276842332158828,002180
2023-01-04,53.78,55.42,51.88,52.88,10272743.0,544101765.0,1206967899.0,0.008511198192189866,002180
2023-01-05,53.04,53.04,51.5,51.93,9735314.0,507231127.0,1206967899.0,0.00806592620074314,002180
2023-01-06,51.93,52.21,50.4,51.91,10687702.0,548646174.0,1206967899.0,0.008855001039261278,002180
2023-01-09,51.55,52.6,51.23,52.18,7043524.0,365732441.0,1206967899.0,0.005835717756732153,002180
2023-01-10,51.82,53.8,51.48,53.5,9601660.0,506621354.0,1206967899.0,0.007955190861293983,002180
2023-01-11,53.69,54.5,52.62,53.09,7260477.0,387039265.0,1206967899.0,0.006015468187692041,002180
2023-01-12,53.09,53.99,52.6,53.88,6243198.0,334109436.0,1206967899.0,0.005172629698911321,002180
2023-01-13,53.88,54.0,51.26,52.22,12014703.0,626706738.0,1206967899.0,0.009954451158108224,002180
2023-01-16,51.9,52.29,50.51,51.15,16547022.0,846166416.0,1206967899.0,0.013709579197350302,002180
2023-01-17,50.76,52.39,50.68,52.29,5471290.0,284339683.0,1206967899.0,0.004533086592056911,002180
2023-01-18,52.14,52.2,49.97,50.75,13574782.0,688985950.0,1206967899.0,0.011247011632411277,002180
2023-01-19,50.49,54.0,50.26,53.98,13513472.0,712952908.0,1206967899.0,0.011196214921039917,002180
2023-01-20,54.34,54.5,51.6,53.68,14006331.0,737871027.0,1206967899.0,0.011604559666917869,002180
2023-01-30,53.99,54.3,51.3,51.67,12101616.0,629233996.0,1206967899.0,0.010026460529751008,002180
2023-01-31,51.66,51.81,50.91,51.3,8963738.0,459175327.0,1206967899.0,0.007426658163341923,002180
2023-02-01,51.32,51.91,50.6,51.0,9656696.0,493457530.0,1206967899.0,0.008000789422817947,002180
2023-02-02,51.2,52.77,50.88,52.19,11921576.0,621322469.0,1206967899.0,0.009877293347965006,002180
2023-02-03,52.03,54.9,51.51,54.38,12305890.0,654181348.0,1206967899.0,0.010195706124575233,002180
2023-02-06,54.0,55.6,53.7,54.21,13244202.0,721556088.0,1206967899.0,0.010973118681095925,002180
2023-02-07,53.8,54.45,51.7,52.21,12592255.0,661295038.0,1206967899.0,0.010432965955791339,002180
2023-02-08,52.0,52.71,51.81,52.36,6367203.0,332684934.0,1206967899.0,0.00527537062524643,002180
2023-02-09,52.02,55.55,51.5,55.34,11079901.0,601544102.0,1206967899.0,0.009179946715384846,002180
2023-02-10,55.0,55.47,53.09,53.55,5871252.0,316999893.0,1206967899.0,0.004864464087955002,002180
2023-02-13,53.88,54.92,53.0,54.58,7909823.0,427720038.0,1206967899.0,0.006553465926105794,002180
2023-02-14,54.31,55.34,54.26,54.99,6145787.0,337176337.0,1206967899.0,0.005091922498594969,002180
2023-02-15,55.0,57.12,54.27,56.65,9288250.0,523053104.0,1206967899.0,0.00769552364043445,002180
2023-02-16,56.88,57.5,55.5,55.93,6274048.0,355473220.0,1206967899.0,0.00519818961647463,002180
2023-02-17,55.53,56.0,53.62,53.85,6910256.0,375212493.0,1206967899.0,0.005725302226948456,002180
2023-02-20,53.66,54.34,53.1,54.0,4934654.0,266180822.0,1206967899.0,0.0040884716189125425,002180
2023-02-21,54.15,54.3,52.35,52.94,6978022.0,369010462.0,1206967899.0,0.005781447879253001,002180
2023-02-22,52.41,53.38,52.3,53.06,3722321.0,196981781.0,1206967899.0,0.0030840265122908626,002180
2023-02-23,52.95,54.21,52.95,53.95,4705364.0,252742366.0,1206967899.0,0.0038984997064946793,002180
2023-02-24,54.0,54.19,53.04,53.25,2414066.0,129276482.0,1206967899.0,0.002000107875279954,002180
2023-02-27,53.3,53.71,52.45,52.89,3035530.0,160540208.0,1206967899.0,0.0025150047507601528,002180
2023-02-28,53.0,55.07,52.85,53.98,8166283.0,440482250.0,1206967899.0,0.006765948793473256,002180
2023-03-01,53.87,54.22,52.8,53.37,7225686.0,385952519.0,1206967899.0,0.005986643063155734,002180
2023-03-02,53.32,53.32,51.83,52.17,8578490.0,448259919.0,1206967899.0,0.007107471546763979,002180
2023-03-03,52.18,52.95,51.83,52.41,3992271.0,208894263.0,1206967899.0,0.0033076861475004314,002180
2023-03-06,52.11,52.98,51.8,52.36,7849063.0,410451414.0,1206967899.0,0.0065031249020815925,002180
2023-03-07,52.18,52.23,49.91,49.99,9698853.0,492099374.0,1206967899.0,0.008035717443716372,002180
2023-03-08,49.99,50.37,49.08,49.45,7085842.0,350604573.0,1206967899.0,0.005870779169744928,002180
2023-03-09,49.12,49.36,47.91,48.31,10721567.0,521247391.0,1206967899.0,0.00888305895200946,002180
2023-03-10,48.2,49.06,46.7,48.28,13466514.0,649723228.0,1206967899.0,0.011157309163862029,002180
2023-03-13,48.17,50.05,47.96,49.59,7051372.0,346209854.0,1206967899.0,0.005842220000914871,002180
2023-03-14,49.31,49.41,47.98,48.45,5714391.0,277080360.0,1206967899.0,0.004734501228023132,002180
2023-03-15,48.53,48.76,47.0,47.4,9081505.0,433025299.0,1206967899.0,0.007524230766637813,002180
2023-03-16,47.45,48.15,46.95,47.15,5365873.0,254970215.0,1206967899.0,0.004445746241010839,002180
2023-03-17,47.35,48.16,47.05,47.2,5181748.0,246424866.0,1206967899.0,0.00429319454501913,002180
2023-03-20,47.2,49.09,46.8,48.15,10089339.0,488439920.0,1206967899.0,0.008359243860884158,002180
2023-03-21,47.81,48.4,47.0,47.27,6987542.0,331541485.0,1206967899.0,0.005789335412971079,002180
2023-03-22,47.3,47.55,46.15,46.66,8915700.0,417185564.0,1206967899.0,0.007386857601918707,002180
2023-03-23,46.46,47.04,46.01,46.85,7487583.0,349160652.0,1206967899.0,0.006203630607080462,002180
2023-03-24,47.1,47.1,45.38,46.4,7942936.0,366075402.0,1206967899.0,0.006580900789972046,002180
2023-03-27,46.4,46.78,44.8,45.45,12734895.0,577168514.0,1206967899.0,0.010551146397970605,002180
2023-03-28,45.15,45.4,43.83,43.88,17331095.0,769130015.0,1206967899.0,0.014359201279801394,002180
2023-03-29,44.05,45.81,43.17,44.95,21396927.0,948120483.0,1206967899.0,0.017727834367200514,002180
2023-03-30,44.84,45.1,43.91,44.7,9676533.0,430118972.0,1206967899.0,0.008017224822646257,002180
2023-03-31,44.68,45.09,44.11,44.82,6989596.0,311955954.0,1206967899.0,0.005791037198082101,002180
2023-04-03,44.99,45.36,44.0,44.74,12392113.0,551504987.0,1206967899.0,0.010267143815727945,002180
2023-04-04,44.7,45.5,44.37,44.9,14187552.0,637000030.0,1206967899.0,0.011754705333716585,002180
2023-04-06,44.86,45.8,44.13,44.69,14723687.0,658539580.0,1206967899.0,0.012198905217113814,002180
2023-04-07,44.68,46.69,44.45,45.31,15778944.0,719864477.0,1206967899.0,0.01307320933147701,002180
2023-04-10,45.45,45.72,42.92,43.41,16665225.0,731566132.0,1206967899.0,0.01380751303643412,002180
2023-04-11,43.36,43.99,43.16,43.47,9379521.0,408334505.0,1206967899.0,0.007771143712911622,002180
2023-04-12,43.26,43.59,42.82,43.43,9567837.0,413363029.0,1206967899.0,0.007927167746488675,002180
2023-04-13,43.17,43.27,42.1,42.5,12478877.0,531927102.0,1206967899.0,0.01033902973752577,002180
2023-04-14,42.45,43.57,42.12,43.2,11864473.0,507060320.0,1206967899.0,0.00982998223053818,002180
2023-04-17,43.0,43.95,42.81,43.22,8478493.0,369205325.0,1206967899.0,0.007024621787393535,002180
2023-04-18,43.17,43.3,42.3,42.85,6642574.0,284416951.0,1206967899.0,0.0055035216806540764,002180
2023-04-19,42.65,43.27,42.58,42.79,5715147.0,245413053.0,1206967899.0,0.004735127590994862,002180
2023-04-20,42.81,43.11,41.81,42.05,7812880.0,329571098.0,1206967899.0,0.006473146474295751,002180
2023-04-21,41.89,42.04,40.73,40.87,8672058.0,358283778.0,1206967899.0,0.007184994735307372,002180
2023-04-24,40.87,41.22,39.91,40.9,9624559.0,391222037.0,1206967899.0,0.007974163196862288,002180
2023-04-25,41.08,41.84,39.21,39.65,17532391.0,699797040.0,1206967899.0,0.014525979534771371,002180
2023-04-26,39.61,40.34,39.17,39.98,9206985.0,367102813.0,1206967899.0,0.007628193763585754,002180
2023-04-27,39.75,40.34,39.2,39.58,5721238.0,227370230.0,1206967899.0,0.004740174121234023,002180
2023-04-28,39.7,39.85,39.21,39.58,8601244.0,339956078.0,1277077767.0,0.006735098067054518,002180
2023-05-04,39.0,39.75,38.38,38.81,18558424.0,719845421.0,1277077767.0,0.014531945101194451,002180
2023-05-05,38.88,40.26,38.65,39.43,14284654.0,566718034.0,1277077767.0,0.011185422195201368,002180
2023-05-08,39.45,39.6,38.31,38.91,7820187.0,303714144.0,1277077767.0,0.006123501013074954,002180
2023-05-09,38.7,39.93,38.2,38.3,8327046.0,323838580.0,1277077767.0,0.006520390703818431,002180
2023-05-10,38.3,38.45,37.61,38.31,7400400.0,281171366.0,1277077767.0,0.00579479197839641,002180
2023-05-11,38.47,39.13,38.2,38.78,6925219.0,268469719.0,1277077767.0,0.005422707354986002,002180
2023-05-12,38.62,38.9,37.69,37.71,5944882.0,226113605.0,1278966786.0,0.004648191075073,002180
2023-05-15,37.7,39.28,37.7,39.23,6378567.0,247597841.0,1278966786.0,0.0049872811943374425,002180
2023-05-16,39.21,40.42,38.65,39.6,8654059.0,344135075.0,1278966786.0,0.006766445457951087,002180
2023-05-17,39.76,40.29,38.86,39.14,7612151.0,299056691.0,1278966786.0,0.005951797250190671,002180
2023-05-18,39.04,39.34,38.71,39.12,5798196.0,226291461.0,1278966786.0,0.004533500059164163,002180
2023-05-19,39.08,40.2,38.83,39.62,5806334.0,230154880.0,1278966786.0,0.004539863007826382,002180
2023-05-22,39.61,41.53,39.21,41.21,12468998.0,507731346.0,1278966786.0,0.009749274286470799,002180
2023-05-23,41.2,43.72,40.87,41.88,16548959.0,705916425.0,1278966786.0,0.01293931881668114,002180
2023-05-24,41.88,42.51,41.4,41.42,7155017.0,299073189.0,1278966786.0,0.00559437280023314,002180
2023-05-25,42.23,42.79,39.85,40.63,14221712.0,580007267.0,1278966786.0,0.011119688295017225,002180
2023-05-26,40.71,41.87,40.27,41.25,9223587.0,378630953.0,1278966786.0,0.0072117486559967635,002180
2023-05-29,41.66,41.8,39.95,40.19,8719610.0,352291881.0,1278966786.0,0.006817698548115385,002180
2023-05-30,40.33,40.33,38.2,39.04,13814039.0,535214261.0,1278966786.0,0.010800936467790337,002180
2023-05-31,39.3,39.3,38.5,39.11,7371000.0,286507525.0,1278966786.0,0.0057632458330313515,002180
2023-06-01,38.91,38.95,37.82,38.05,8581846.0,328131596.0,1278966786.0,0.006709983475677217,002180
2023-06-02,38.05,38.36,37.5,37.84,10210096.0,386388092.0,1278966786.0,0.007983081430857424,002180
2023-06-05,37.83,38.03,36.66,36.98,10443799.0,386279540.0,1278966786.0,0.008165809397336453,002180
2023-06-06,36.6,37.0,35.6,35.9,12845447.0,466029307.0,1278966786.0,0.010043612657193743,002180
2023-06-07,35.85,36.58,35.69,35.92,9012695.0,324579853.0,1278966786.0,0.007046856180047822,002180
2023-06-08,35.79,36.0,34.84,35.23,11581625.0,407722501.0,1278966786.0,0.009055454079633934,002180
2023-06-09,35.3,35.83,35.12,35.81,10842598.0,384439733.0,1278966786.0,0.008477622811387066,002180
2023-06-12,33.01,34.99,32.26,34.35,45354142.0,1522582688.0,1278966786.0,0.035461547943591396,002180
2023-06-13,34.3,35.19,33.67,34.52,16622603.0,570875439.0,1278966786.0,0.01299689967085666,002180
2023-06-14,34.45,35.75,34.36,35.12,15998020.0,565031023.0,1278966786.0,0.012508550007021058,002180
2023-06-15,35.18,36.35,35.01,35.88,11906634.0,427586104.0,1278966786.0,0.009309572484863575,002180
2023-06-16,36.07,36.83,35.49,36.41,8950235.0,324694145.0,1278966786.0,0.0069980198844663355,002180
2023-06-19,36.29,36.39,35.43,36.03,8497218.0,305274530.0,1278966786.0,0.006643814439134309,002180
2023-06-20,35.93,36.87,35.51,36.82,9874466.0,359242439.0,1278966786.0,0.007720658666111756,002180
2023-06-21,36.68,36.68,35.08,35.15,8024029.0,285048584.0,1278966786.0,0.006273836887582786,002180
2023-06-26,34.84,35.09,33.65,33.8,11286082.0,383872707.0,1278966786.0,0.00882437458387602,002180
2023-06-27,34.03,34.25,33.55,33.59,8117160.0,274013204.0,1278966786.0,0.006346654259401541,002180
2023-06-28,33.52,34.36,32.9,34.16,9933392.0,334945815.0,1278966786.0,0.007766731793768411,002180
2023-06-29,34.17,34.66,33.76,33.8,5236557.0,178347650.0,1278966786.0,0.004094365121378531,002180
2023-06-30,33.85,34.37,33.3,34.25,5934946.0,201718904.0,1278966786.0,0.004640422304133237,002180
2023-07-03,34.29,36.15,34.2,35.88,10134726.0,359129439.0,1278966786.0,0.00792415104984595,002180
2023-07-04,35.85,37.5,35.61,36.99,12487638.0,461297920.0,1278966786.0,0.009763848550794188,002180
2023-07-05,37.35,37.44,36.46,36.52,7630395.0,280939610.0,1278966786.0,0.005966061889585301,002180
2023-07-06,36.4,36.55,35.35,35.46,7885744.0,281493708.0,1278966786.0,0.006165714455074207,002180
2023-07-07,35.38,35.38,34.77,35.06,5056434.0,177164142.0,1278966786.0,0.003953530346017914,002180
2023-07-10,35.13,35.63,34.82,34.93,3256541.0,114454040.0,1278966786.0,0.0025462279674868743,002180
2023-07-11,34.91,36.46,34.59,36.15,7710869.0,276342335.0,1278966786.0,0.006028982991900776,002180
2023-07-12,36.2,36.4,34.71,34.82,6247260.0,220628991.0,1278966786.0,0.004884614728376535,002180
2023-07-13,34.75,35.2,34.43,34.65,7488501.0,259309072.0,1278966786.0,0.005855117648066898,002180
2023-07-14,34.73,34.99,34.15,34.31,5977759.0,205760654.0,1278966786.0,0.004673896981090172,002180
2023-07-17,34.03,35.25,33.88,34.24,7334495.0,253511281.0,1278966786.0,0.005734703262262825,002180
2023-07-18,34.48,34.95,33.54,33.62,6400777.0,217659857.0,1278966786.0,0.00500464677430646,002180
2023-07-19,33.57,33.83,32.79,32.88,6082001.0,201407277.0,1278966786.0,0.004755401834180235,002180
2023-07-20,32.87,33.24,32.58,32.75,6845356.0,224812776.0,1278966786.0,0.005352254706636299,002180
2023-07-21,32.75,32.94,32.15,32.3,5977121.0,193866727.0,1278966786.0,0.0046733981409271715,002180
2023-07-24,32.4,34.07,32.26,33.36,8486309.0,284179186.0,1278966786.0,0.0066352848978519135,002180
2023-07-25,33.73,33.73,32.88,33.01,7282803.0,240495424.0,1278966786.0,0.005694286262723948,002180
2023-07-26,33.01,33.04,32.35,32.56,4915079.0,159965564.0,1278966786.0,0.003843007538430322,002180
2023-07-27,32.56,32.67,32.0,32.06,4239419.0,136899265.0,1278966786.0,0.0033147217319527797,002180
2023-07-28,32.06,33.55,32.02,33.25,11961361.0,394050086.0,1278966786.0,0.0093523624936418,002180
2023-07-31,33.28,34.35,33.01,33.5,7724554.0,260800586.0,1278966786.0,0.006039683035209016,002180
2023-08-01,33.5,36.17,33.4,35.39,18251837.0,644078976.0,1278966786.0,0.014270766997071964,002180
2023-08-02,35.36,36.37,35.03,35.83,12150925.0,436206050.0,1278966786.0,0.009500579008781233,002180
2023-08-03,35.84,36.07,34.75,34.92,7001216.0,245870662.0,1278966786.0,0.005474118700061379,002180
2023-08-04,34.95,36.44,34.82,35.22,9515975.0,337981352.0,1278966786.0,0.00744036131677934,002180
2023-08-07,35.12,35.39,34.68,34.91,4408433.0,153783481.0,1278966786.0,0.003446870589804355,002180
2023-08-08,34.87,35.38,34.67,34.78,4048081.0,141595102.0,1278966786.0,0.0031651181596829988,002180
2023-08-09,34.7,36.43,34.7,35.01,13261643.0,472562342.0,1278966786.0,0.010369028457319142,002180
2023-08-10,35.16,35.56,34.61,34.97,5345633.0,186889042.0,1278966786.0,0.004179649587866623,002180
2023-08-11,34.81,35.11,34.15,34.15,4726985.0,163158198.0,1278966786.0,0.0036959403885567363,002180
2023-08-14,33.91,34.45,33.2,34.25,6737365.0,229299004.0,1278966786.0,0.00526781858117776,002180
2023-08-15,34.21,34.83,32.92,33.39,8952302.0,298141687.0,1278966786.0,0.006999636032768719,002180
2023-08-16,33.25,33.51,32.3,32.43,8447253.0,275982252.0,1278966786.0,0.00660474774831252,002180
2023-08-17,32.26,32.43,30.92,31.09,13317515.0,419748536.0,1278966786.0,0.010412713719994915,002180
2023-08-18,31.0,31.63,30.43,30.5,11053969.0,340803978.0,1278966786.0,0.008642889808398824,002180
2023-08-21,30.31,30.69,29.51,29.55,10314879.0,309542726.0,1278966786.0,0.008065009281640563,002180
2023-08-22,29.89,30.37,29.0,30.21,12709434.0,376126940.0,1278966786.0,0.009937266658619858,002180
2023-08-23,30.23,30.55,29.37,29.56,9387543.0,280129654.0,1278966786.0,0.007339942759076466,002180
2023-08-24,29.79,29.8,28.73,28.88,9337485.0,271760813.0,1278966786.0,0.007300803353309286,002180
2023-08-25,28.88,29.09,28.05,28.26,11482447.0,325613999.0,1278966786.0,0.008977908672602543,002180
2023-08-28,29.51,29.8,27.28,27.52,17262739.0,483540971.0,1278966786.0,0.013497409931957373,002180
2023-08-29,27.45,28.7,27.41,28.33,13200044.0,371470796.0,1278966786.0,0.010320865361393365,002180
2023-08-30,28.37,29.05,27.81,28.29,13069109.0,370106221.0,1278966786.0,0.010218489755214019,002180
2023-08-31,28.11,28.51,27.9,27.98,10017905.0,281780104.0,1278966786.0,0.007832810913980998,002180
2023-09-01,27.85,28.21,26.96,27.21,10739712.0,292224502.0,1278966786.0,0.008397178189113662,002180
2023-09-04,27.23,27.55,26.77,27.51,11454970.0,312249516.0,1278966786.0,0.008956424924704809,002180
2023-09-05,27.5,27.83,27.13,27.25,7769145.0,212960977.0,1278966786.0,0.0060745478968208325,002180
2023-09-06,27.2,27.77,26.93,27.69,6562606.0,180492324.0,1278966786.0,0.005131177816215784,002180
2023-09-07,27.78,27.78,26.66,26.68,10246747.0,276645461.0,1278966786.0,0.008011738156271401,002180
2023-09-08,26.55,27.06,26.51,26.87,5411523.0,145081738.0,1278966786.0,0.004231167735735086,002180
2023-09-11,26.87,27.53,26.43,27.14,6558239.0,177513032.0,1278966786.0,0.005127763341306973,002180
2023-09-12,27.1,27.53,27.04,27.22,4335064.0,118175351.0,1278966786.0,0.0033895047529404723,002180
2023-09-13,27.22,27.22,26.3,26.54,6449316.0,171583056.0,1278966786.0,0.0050425985026322645,002180
2023-09-14,26.5,26.79,25.9,26.08,7180426.0,187522707.0,1278966786.0,0.005614239617947357,002180
2023-09-15,26.19,26.4,25.74,25.88,5940644.0,154263371.0,1278966786.0,0.004644877462830376,002180
2023-09-18,25.7,26.34,25.66,25.78,5118130.0,132891652.0,1278966786.0,0.004001769284413614,002180
2023-09-19,25.7,25.76,25.43,25.57,4390000.0,112176912.0,1278966786.0,0.0034324581748755435,002180
2023-09-20,25.38,25.67,25.25,25.28,4649742.0,118141353.0,1278966786.0,0.0036355455441827245,002180
2023-09-21,25.25,25.63,25.1,25.23,5673865.0,143686053.0,1278966786.0,0.004436287995988662,002180
2023-09-22,25.13,25.87,25.02,25.79,7554485.0,193400521.0,1278966786.0,0.005906709292761884,002180
2023-09-25,25.78,25.95,25.43,25.6,6745009.0,173054190.0,1278966786.0,0.005273795280560163,002180
2023-09-26,25.5,26.22,25.5,25.55,8403845.0,216822111.0,1278966786.0,0.006570807852081313,002180
2023-09-27,25.48,26.36,25.45,25.99,7389709.0,192043493.0,1278966786.0,0.005777874047152934,002180
2023-09-28,25.99,26.2,25.62,25.86,7455003.0,193150904.0,1278966786.0,0.005828926193865992,002180
2023-10-09,25.86,26.44,25.58,26.1,6394117.0,166204660.0,1278966786.0,0.004999439445959154,002180
2023-10-10,26.09,26.65,26.06,26.32,6179100.0,163120983.0,1278966786.0,0.004831321710335643,002180
2023-10-11,26.39,27.21,26.1,26.81,8336308.0,223252963.0,1278966786.0,0.006518001945986422,002180
2023-10-12,26.87,26.99,26.23,26.79,8325508.0,221187753.0,1278966786.0,0.006509557629747548,002180
2023-10-13,26.63,26.85,26.47,26.66,5219957.0,139003082.0,1278966786.0,0.004081385894566929,002180
2023-10-16,26.72,26.72,25.8,25.93,5528655.0,144170048.0,1278966786.0,0.004322751036632471,002180
2023-10-17,25.93,26.09,25.5,25.61,4621823.0,118558742.0,1278966786.0,0.0036137162048241024,002180
2023-10-18,25.49,25.61,24.82,24.84,5891457.0,147247877.0,1278966786.0,0.004606419075530238,002180
2023-10-19,24.69,25.2,24.51,24.54,5494922.0,135924398.0,1278966786.0,0.0042963758403652555,002180
2023-10-20,24.5,24.7,23.82,23.97,7326300.0,176575007.0,1278966786.0,0.005728295746376013,002180
2023-10-23,23.86,24.15,22.87,23.25,13455051.0,312469320.0,1278966786.0,0.010520250523534705,002180
2023-10-24,23.33,24.18,23.3,23.67,10900332.0,258244936.0,1278966786.0,0.008522763936732913,002180
2023-10-25,23.73,24.27,23.68,24.0,7651841.0,184096219.0,1278966786.0,0.005982830112368532,002180
2023-10-26,24.0,24.15,23.36,24.11,7013310.0,166222080.0,1278966786.0,0.005483574770486652,002180
2023-10-27,24.02,24.94,23.76,24.58,8506714.0,207843810.0,1278966786.0,0.006651239182375452,002180
2023-10-30,24.06,24.74,23.4,24.58,14754796.0,354762944.0,1278966786.0,0.011536496617043502,002180
2023-10-31,24.9,24.9,24.3,24.56,5941881.0,145618371.0,1278966786.0,0.00464584464979218,002180
2023-11-01,24.7,24.9,24.32,24.64,5618948.0,138528887.0,1278966786.0,0.004393349429795122,002180
2023-11-02,24.64,24.8,24.19,24.22,5260875.0,128712551.0,1278966786.0,0.004113378906776395,002180
2023-11-03,24.33,25.9,24.23,25.66,12038690.0,303816373.0,1278966786.0,0.009412824579793271,002180
2023-11-06,26.02,27.52,25.71,27.3,20655916.0,555830328.0,1302127739.0,0.015863202496448774,002180
2023-11-07,27.36,27.4,26.7,26.79,9019980.0,242748148.0,1302127739.0,0.006927108400998437,002180
2023-11-08,26.79,27.0,26.43,26.62,6766495.0,180577851.0,1302127739.0,0.005196490941200969,002180
2023-11-09,26.82,26.88,26.35,26.46,5465956.0,145053020.0,1302127739.0,0.004197711051142887,002180
2023-11-10,26.46,26.52,26.03,26.07,5109052.0,133785976.0,1302127739.0,0.003923618126685189,002180
2023-11-13,26.31,27.17,26.21,26.58,9944346.0,265607226.0,1302127739.0,0.007636997279266163,002180
2023-11-14,26.55,27.2,26.43,27.0,8577821.0,230217397.0,1302127739.0,0.006587541869423304,002180
2023-11-15,27.16,28.25,27.1,27.64,13284187.0,368096421.0,1302127739.0,0.010201907694710435,002180
2023-11-16,27.38,27.92,27.3,27.54,10366117.0,285953528.0,1302127739.0,0.007960906360815957,002180
2023-11-17,27.4,29.31,27.35,28.37,18100489.0,518309949.0,1302127739.0,0.013900701488703943,002180
2023-11-20,28.41,31.01,28.18,30.24,25846993.0,769551545.0,1302127739.0,0.01984981367484715,002180
2023-11-21,30.15,30.5,29.61,29.94,15889077.0,477060062.0,1302127739.0,0.0122023949909879,002180
2023-11-22,29.87,29.99,28.8,28.99,11690537.0,341557230.0,1302127739.0,0.008978026233415492,002180
2023-11-23,29.01,29.71,28.6,29.49,8785643.0,256178417.0,1302127739.0,0.00674714372243321,002180
2023-11-24,29.47,29.49,28.61,28.87,6241600.0,180040905.0,1302127739.0,0.004793385328534192,002180
2023-11-27,28.55,29.01,28.4,28.71,6130635.0,175997295.0,1302127739.0,0.004708167114777976,002180
2023-11-28,28.65,29.12,28.4,28.9,6285488.0,181285379.0,1302249364.0,0.004826639331727867,002180
2023-11-29,28.86,28.86,28.0,28.04,8404591.0,238311486.0,1302249364.0,0.006453902940819559,002180
2023-11-30,28.11,28.11,27.2,27.64,12890396.0,354536638.0,1302249364.0,0.00989856194700357,002180
2023-12-01,27.64,27.68,27.0,27.58,7636127.0,209020861.0,1302249364.0,0.005863797834037568,002180
2023-12-04,27.57,28.06,27.31,27.55,8890012.0,246660793.0,1302249364.0,0.006826658738149324,002180
2023-12-05,27.47,27.6,26.6,26.69,6479700.0,175292076.0,1302256364.0,0.004975748384977752,002180
2023-12-06,26.64,26.98,26.25,26.42,6699813.0,177615534.0,1302256364.0,0.00514477270774927,002180
2023-12-07,26.59,26.87,26.05,26.1,6941373.0,182567938.0,1302256364.0,0.0053302661379814155,002180
2023-12-08,26.16,26.72,25.63,25.7,11058691.0,288229894.0,1302257164.0,0.008491940997300591,002180
2023-12-11,25.68,26.18,25.02,26.0,13240792.0,337585082.0,1302257164.0,0.010167570865442364,002180
2023-12-12,26.01,26.28,25.24,25.35,7170999.0,183192256.0,1302257164.0,0.005506592091206956,002180
2023-12-13,25.33,25.47,24.3,24.39,12108611.0,298661749.0,1302257164.0,0.009298171923898127,002180
2023-12-14,24.78,25.05,24.28,24.55,10222214.0,251713804.0,1309037744.0,0.007808952833372236,002180
2023-12-15,24.62,26.1,24.62,25.48,17631857.0,450381084.0,1309037744.0,0.013469326672065768,002180
2023-12-18,25.51,25.52,24.48,24.63,8079527.0,200796943.0,1309037744.0,0.006172111565944274,002180
2023-12-19,24.79,24.79,23.91,24.18,10049158.0,243538366.0,1309037744.0,0.0076767519088433555,002180
2023-12-20,24.3,24.35,23.44,23.44,8407687.0,199419830.0,1309037744.0,0.006422799524717142,002180
2023-12-21,23.44,23.64,22.76,23.14,14235565.0,327735727.0,1309037744.0,0.010874831581632377,002180
2023-12-22,23.12,23.23,22.63,22.77,12489523.0,285689067.0,1309037744.0,0.009540995328244714,002180
2023-12-25,22.71,23.09,22.57,22.66,10507390.0,239324420.0,1309037744.0,0.008026804458588629,002180
2023-12-26,22.58,22.9,21.28,21.46,22436182.0,488118366.0,1309037744.0,0.01713944620988713,002180
2023-12-27,21.5,22.2,21.49,22.14,15634082.0,343054442.0,1309037744.0,0.011943186567124684,002180
2023-12-28,22.21,23.07,22.2,22.85,12247770.0,277557972.0,1309037744.0,0.009356315397426767,002180
2023-12-29,22.86,23.09,22.38,22.63,13980405.0,317574500.0,1309037744.0,0.010679909776535825,002180
2024-01-02,22.72,22.9,22.0,22.08,10408234.0,232127835.0,1309037744.0,0.0079510572156581,002180
2024-01-03,21.95,22.0,20.59,20.93,25081348.0,527679322.0,1309037744.0,0.019160141191467434,002180
2024-01-04,20.9,20.94,20.61,20.77,13252625.0,275191108.0,1309037744.0,0.010123944141980371,002180
2024-01-05,20.77,21.02,20.26,20.48,8920521.0,184042352.0,1309037744.0,0.0068145636295724715,002180
2024-01-08,20.48,20.57,19.87,19.9,9123343.0,183234921.0,1309037744.0,0.006969503394242848,002180
2024-01-09,20.01,20.35,19.74,19.95,10362211.0,207092806.0,1309037744.0,0.00791589932948488,002180
2024-01-10,19.79,20.06,19.58,19.66,6982363.0,138126345.0,1309037744.0,0.005333966138107015,002180
2024-01-11,19.65,20.39,19.48,20.22,12748675.0,254598968.0,1309037744.0,0.009738966701635458,002180
2024-01-12,20.62,21.19,20.45,20.58,20699383.0,430642431.0,1309037744.0,0.015812670868258785,002180
2024-01-15,20.5,20.65,20.1,20.4,9954677.0,202928866.0,1309037744.0,0.00760457599150785,002180
2024-01-16,20.36,20.64,20.1,20.54,9644191.0,195852200.0,1309037744.0,0.007367389553283958,002180
2024-01-17,20.31,20.56,19.75,19.77,10028329.0,201120470.0,1309037744.0,0.0076608402209676855,002180
2024-01-18,19.63,19.86,19.08,19.79,16168914.0,313806541.0,1309037744.0,0.012351755382234418,002180
2024-01-19,19.81,20.12,19.65,19.94,11192022.0,223074845.0,1309037744.0,0.008549808476721814,002180
2024-01-22,19.83,20.05,19.0,19.11,12337027.0,242047885.0,1309037744.0,0.009424500597134806,002180
2024-01-23,19.17,19.46,18.84,19.15,11342202.0,217200868.0,1309037744.0,0.008664533969312348,002180
2024-01-24,19.16,19.51,18.48,19.4,13780445.0,261346989.0,1309037744.0,0.010527156350657525,002180
2024-01-25,19.26,19.95,19.02,19.86,12794611.0,250826189.0,1309037744.0,0.009774058126776213,002180
2024-01-26,19.75,20.1,19.58,19.81,9427594.0,187449127.0,1309037744.0,0.007201926791806853,002180
2024-01-29,19.79,19.97,19.1,19.2,6910619.0,134543193.0,1309037744.0,0.005279159467841899,002180
2024-01-30,19.0,19.23,18.47,18.47,8412274.0,158397365.0,1309037744.0,0.0064263036253597895,002180
2024-01-31,16.79,20.21,16.79,19.4,34995007.0,676194302.0,1309037744.0,0.026733382715968503,002180
2024-02-01,19.45,19.69,18.65,18.99,23839500.0,456021455.0,1309037744.0,0.018211468774883544,002180
2024-02-02,18.83,19.24,17.63,18.11,16920387.0,311488410.0,1309037744.0,0.012925820571297446,002180
2024-02-05,18.11,18.11,16.65,17.32,17077375.0,297010872.0,1309037744.0,0.01304574683065823,002180
2024-02-06,17.06,18.85,16.9,18.69,13418768.0,242491311.0,1309037744.0,0.010250864088148095,002180
2024-02-07,18.74,19.05,18.31,18.64,16434690.0,307665087.0,1309037744.0,0.012554786961131352,002180
2024-02-08,18.67,20.1,18.46,19.7,19846642.0,385409255.0,1309037744.0,0.015161245037408181,002180
2024-02-19,19.9,20.07,19.3,19.99,13729779.0,270939927.0,1309037744.0,0.01048845158432651,002180
2024-02-20,19.87,20.88,19.5,20.55,14175129.0,284510282.0,1309037744.0,0.010828663317747697,002180
2024-02-21,19.95,20.82,19.33,20.33,19519250.0,393468986.0,1309037744.0,0.014911143769128783,002180
2024-02-22,20.13,20.89,20.01,20.54,13500225.0,277044384.0,1309037744.0,0.010313090712531815,002180
2024-02-23,20.62,20.74,20.31,20.55,10507300.0,215315790.0,1309037744.0,0.008026735705796425,002180
2024-02-26,20.5,20.92,20.22,20.86,13857103.0,284858474.0,1309037744.0,0.010585716923376962,002180
2024-02-27,20.72,21.57,20.62,21.54,14345312.0,303594191.0,1309037744.0,0.010958669500365453,002180
2024-02-28,21.9,23.09,21.29,21.3,24203725.0,538156306.0,1309037744.0,0.018489707505332253,002180
2024-02-29,21.29,23.43,21.19,23.43,26906790.0,606752189.0,1309037744.0,0.020554632685977004,002180
2024-03-01,24.15,25.77,23.55,25.77,40910938.0,1023458335.0,1309037744.0,0.031252680213016075,002180
2024-03-04,26.4,26.58,24.5,24.79,29248416.0,732961021.0,1309037744.0,0.02234344741705171,002180
2024-03-05,24.79,25.06,23.93,24.8,23569326.0,576946770.0,1309037744.0,0.018005077476207592,002180
2024-03-06,24.24,24.52,23.67,24.16,14283526.0,344246894.0,1309037744.0,0.010911469944597716,002180
2024-03-07,24.09,24.61,23.53,23.53,10755011.0,257687599.0,1309037744.0,0.008215967071458254,002180
2024-03-08,23.6,24.97,23.45,24.8,13151018.0,319880667.0,1309037744.0,0.010046324531342162,002180
2024-03-11,24.67,25.77,24.4,25.53,17447151.0,438574065.0,1309037744.0,0.013328226080546077,002180
2024-03-12,25.52,25.52,24.85,25.29,11416179.0,287384475.0,1309037744.0,0.008721046472744028,002180
2024-03-13,25.11,27.57,25.11,26.29,23728665.0,627033544.0,1309037744.0,0.018126799711284718,002180
2024-03-14,25.9,26.29,25.46,26.01,11196909.0,289133480.0,1309037744.0,0.008553541753338473,002180
2024-03-15,25.9,26.01,25.1,25.88,11541161.0,294264927.0,1309037744.0,0.008816522711357359,002180
2024-03-18,25.85,26.32,25.52,26.25,9308191.0,241823833.0,1309037744.0,0.007110712462390236,002180
2024-03-19,26.2,26.34,24.83,24.95,15614311.0,396316465.0,1309037744.0,0.011928083106517363,002180
2024-03-20,24.98,25.26,24.08,24.52,16151349.0,395748153.0,1309037744.0,0.012338337128956,002180
2024-03-21,24.64,24.74,24.02,24.25,10077408.0,244829469.0,1309037744.0,0.007698332646396176,002180
2024-03-22,24.25,24.47,23.53,23.82,7990460.0,190498428.0,1309037744.0,0.006104071511019777,002180
2024-03-25,23.62,24.36,23.45,23.71,9336531.0,223413037.0,1309037744.0,0.007132361952735261,002180
2024-03-26,23.79,23.89,23.29,23.54,6217599.0,146571854.0,1309037744.0,0.004749747689475331,002180
2024-03-27,23.5,23.66,22.5,22.51,7202376.0,165799839.0,1309037744.0,0.005502038450008207,002180
2024-03-28,22.53,23.36,22.45,22.96,7722258.0,176762084.0,1309037744.0,0.0058991866624129976,002180
2024-03-29,22.82,23.51,22.5,23.51,8450016.0,194191593.0,1309037744.0,0.006455135490730357,002180
2024-04-01,23.57,24.35,23.02,24.24,11950137.0,282905412.0,1309037744.0,0.009128947621849473,002180
2024-04-02,24.25,24.36,23.76,24.1,6000938.0,144390549.0,1309037744.0,0.0045842360371237695,002180
2024-04-03,24.01,24.27,23.3,23.91,7643604.0,182111817.0,1309037744.0,0.005839101305546466,002180
2024-04-08,23.78,24.0,23.35,23.66,5288772.0,125340912.0,1309037744.0,0.00404019824809574,002180
2024-04-09,23.65,24.07,23.52,24.04,4269791.0,101709613.0,1309037744.0,0.003261778370845814,002180
2024-04-10,24.0,24.23,23.51,23.7,7059541.0,167666181.0,1309037744.0,0.005392923949181407,002180
2024-04-11,23.63,23.95,23.45,23.66,4847430.0,114795118.0,1309037744.0,0.003703048305687357,002180
2024-04-12,23.62,24.03,23.43,23.73,5066493.0,119997077.0,1309037744.0,0.0038703948936708427,002180
2024-04-15,23.73,23.97,22.73,22.97,7640794.0,177539848.0,1309037744.0,0.005836954690589884,002180
2024-04-16,22.81,22.83,21.6,22.2,16540395.0,364802171.0,1309037744.0,0.012635537115574568,002180
2024-04-17,22.13,23.05,21.96,22.17,8590582.0,192214451.0,1309037744.0,0.006562516657273711,002180
2024-04-18,22.01,22.43,21.63,22.05,7831488.0,172570604.0,1309037744.0,0.005982629634550859,002180
2024-04-19,21.67,21.87,21.22,21.6,8082556.0,173769829.0,1309037744.0,0.006174425479361884,002180
2024-04-22,21.49,22.62,21.25,22.12,7865111.0,174587684.0,1309037744.0,0.006008314913798238,002180
2024-04-23,22.12,22.8,22.06,22.21,5673046.0,127224658.0,1309037744.0,0.004333752808887687,002180
2024-04-24,22.28,22.45,21.91,22.4,5229660.0,116032497.0,1309037744.0,0.003995041414176366,002180
2024-04-25,22.17,22.5,22.04,22.17,6984475.0,155132677.0,1309037744.0,0.005335579536964062,002180
2024-04-26,22.06,24.15,22.03,23.95,15310245.0,357655323.0,1309037744.0,0.011695801034137332,002180
2024-04-29,23.9,25.18,23.8,24.96,11800764.0,291312246.0,1309037744.0,0.009014838612629033,002180
2024-04-30,25.2,26.17,25.0,25.32,15555138.0,398717978.0,1309037744.0,0.011882879673483273,002180
2024-05-06,25.91,25.98,24.9,24.98,12802627.0,321343366.0,1309037744.0,0.00978018170880182,002180
2024-05-07,25.26,25.26,24.84,25.12,5599937.0,140216296.0,1309037744.0,0.0042779033879408145,002180
2024-05-08,24.84,25.66,24.84,25.24,8058807.0,204185288.0,1309037744.0,0.006156283145339161,002180
2024-05-09,25.06,25.52,24.89,25.28,8883754.0,223648013.0,1309037744.0,0.006786476586117443,002180
2024-05-10,25.32,26.46,25.3,26.36,19204346.0,502819990.0,1309037744.0,0.014670582332727604,002180
2024-05-13,26.3,28.09,26.1,27.3,21780200.0,597019864.0,1309037744.0,0.016638328497272117,002180
2024-05-14,27.3,27.55,26.63,27.28,12178238.0,330596925.0,1309037744.0,0.009303198518010035,002180
2024-05-15,27.31,27.38,26.65,26.72,7861781.0,211570699.0,1309037744.0,0.0060057710604867025,002180
2024-05-16,26.92,27.52,26.51,27.09,7403057.0,201014845.0,1309037744.0,0.005655342662144049,002180
2024-05-17,27.07,27.39,26.63,26.77,7769735.0,209317494.0,1309037744.0,0.0059354552881402635,002180
2024-05-20,26.91,29.34,26.8,29.16,26702205.0,764844396.0,1309037744.0,0.020398346130499352,002180
2024-05-21,28.82,30.0,28.41,28.72,18833171.0,547082075.0,1309037744.0,0.014387034358880946,002180
2024-05-22,28.56,28.93,28.2,28.77,9808339.0,280843886.0,1309037744.0,0.007492785479224501,002180
2024-05-23,28.52,28.83,27.87,28.17,10622239.0,299354539.0,1309137325.0,0.008113922655134748,002180
2024-05-24,28.27,28.3,27.58,27.8,6488473.0,180765609.0,1309137325.0,0.004956296697139851,002180
2024-05-27,27.8,28.38,27.31,27.9,9461482.0,261428970.0,1309137325.0,0.007227264718008097,002180
2024-05-28,28.28,28.34,27.4,27.48,7289417.0,203413426.0,1309137325.0,0.005568107226642553,002180
2024-05-29,27.58,27.58,26.87,27.21,10535200.0,286304638.0,1309137325.0,0.008047436887493832,002180
2024-05-30,27.05,27.59,26.89,27.4,5169200.0,141237421.0,1309137325.0,0.003948554442139979,002180
2024-05-31,27.58,27.58,26.94,27.2,8165958.0,222225629.0,1309137325.0,0.006237663417013949,002180
2024-06-03,26.91,27.25,26.52,27.13,8043923.0,216288784.0,1309137325.0,0.006144445541647054,002180
2024-06-04,27.02,27.21,26.56,27.11,7128902.0,191531475.0,1309137325.0,0.005445495949021238,002180
2024-06-05,27.03,27.88,27.03,27.62,9058710.0,250138813.0,1309137325.0,0.006919602571105365,002180
2024-06-06,27.63,27.88,26.7,26.96,7122962.0,192744438.0,1309137325.0,0.005440958609899843,002180
2024-06-07,26.9,27.2,26.32,26.36,6776091.0,180159254.0,1309137325.0,0.00517599710175554,002180
2024-06-11,26.25,26.9,26.05,26.71,8693478.0,230705370.0,1309137325.0,0.006640615796360401,002180
2024-06-12,26.51,26.87,26.23,26.37,4797171.0,126952905.0,1309137325.0,0.00366437569870678,002180
2024-06-13,26.46,26.87,26.18,26.62,4609143.0,122482446.0,1309137325.0,0.0035207482912459165,002180
2024-06-14,26.42,26.73,26.24,26.62,4225713.0,111984020.0,1309137325.0,0.003227860759374499,002180
2024-06-17,26.51,28.6,26.37,28.12,19526762.0,544901825.0,1309137325.0,0.014915747666120511,002180
2024-06-18,28.3,28.37,27.18,27.76,11063757.0,306737727.0,1309137325.0,0.008451181391532015,002180
2024-06-19,27.77,27.86,26.96,27.55,7055806.0,193101179.0,1309137325.0,0.00538966070652672,002180
2024-06-20,27.35,27.35,26.33,26.43,16968648.0,453346677.0,1309137325.0,0.012961702088816389,002180
2024-06-21,25.36,26.35,24.0,25.99,21996902.0,560972002.0,1309137325.0,0.016802593264996092,002180
2024-06-24,25.61,25.93,25.07,25.36,11810155.0,301467485.0,1309137325.0,0.009021326315021994,002180
2024-06-25,25.43,25.74,24.65,24.84,6394245.0,159907290.0,1309137325.0,0.00488431952698316,002180
2024-06-26,24.69,26.01,24.69,25.95,7419829.0,187966945.0,1309137325.0,0.005667723972349502,002180
2024-06-27,26.08,27.21,25.88,26.51,13423349.0,358274924.0,1309137325.0,0.010253583595594144,002180
2024-06-28,26.41,27.18,26.2,26.42,6182712.0,165483938.0,1309137325.0,0.004722737547796982,002180
2024-07-01,26.4,26.99,26.14,26.7,6129961.0,162820434.0,1309200375.0,0.004682217571164384,002180
2024-07-02,26.55,27.48,26.45,27.0,7146085.0,193585076.0,1309200375.0,0.00545835850375463,002180
2024-07-03,26.8,27.14,26.65,26.83,5271479.0,141770020.0,1309200375.0,0.0040264875420616955,002180
2024-07-04,26.72,27.15,26.55,26.67,4315333.0,115551968.0,1309200375.0,0.003296159306401054,002180
2024-07-05,26.65,27.1,26.38,27.05,4819501.0,128975545.0,1309200375.0,0.003681255438076085,002180
2024-07-08,26.9,27.03,26.2,26.38,6550800.0,174153646.0,1309200375.0,0.0050036649279144915,002180
2024-07-09,26.18,27.31,25.9,26.99,6613302.0,176018049.0,1309200375.0,0.005051405519189528,002180
2024-07-10,27.01,28.1,27.01,27.94,12006488.0,334308119.0,1309200375.0,0.009170855912716951,002180
2024-07-11,28.32,28.42,27.1,27.66,11687484.0,321681479.0,1309200375.0,0.008927192676674875,002180
2024-07-12,27.47,28.35,26.93,28.23,9066164.0,250872462.0,1309200375.0,0.006924962880491078,002180
2024-07-15,28.23,28.23,26.13,26.48,17822415.0,475286266.0,1309200375.0,0.013613206458178718,002180
2024-07-16,26.25,27.03,25.61,26.88,12679129.0,334242672.0,1309200375.0,0.009684635936649498,002180
2024-07-17,26.99,27.47,26.91,27.08,8900535.0,241909498.0,1309200375.0,0.006798451306584754,002180
2024-07-18,26.98,27.56,26.21,27.5,7855982.0,212107071.0,1309200375.0,0.006000595592557786,002180
2024-07-19,27.03,29.0,27.03,28.64,14511302.0,412234650.0,1309200375.0,0.011084095511353639,002180
2024-07-22,29.11,29.5,28.24,29.21,13710631.0,396640547.0,1309200375.0,0.010472522970366549,002180
2024-07-23,29.02,29.13,27.93,27.97,8548919.0,243062112.0,1309200375.0,0.006529878209055661,002180
2024-07-24,27.51,28.19,27.16,27.35,6861595.0,189191480.0,1309200375.0,0.005241057924383806,002180
2024-07-25,27.2,27.62,26.55,27.21,7157568.0,193410684.0,1309200375.0,0.005467129506436324,002180
2024-07-26,26.93,27.35,26.64,26.88,5446519.0,146399344.0,1309200375.0,0.004160187473212418,002180
2024-07-29,26.81,27.05,26.28,26.28,6049916.0,160380890.0,1309200375.0,0.004621077197598572,002180
2024-07-30,26.26,26.26,25.75,25.96,6376076.0,165117106.0,1309200375.0,0.004870206365469457,002180
2024-07-31,26.0,27.2,25.85,27.01,6174815.0,164810595.0,1309200375.0,0.004716478178521756,002180
2024-08-01,27.02,27.19,26.4,26.6,7083828.0,189466849.0,1309200375.0,0.005410805049609003,002180
2024-08-02,26.4,26.7,25.84,26.19,6247908.0,163628307.0,1309200375.0,0.004772308440562431,002180
2024-08-05,25.6,26.16,25.09,25.1,7702385.0,196361100.0,1309200375.0,0.005883274361268037,002180
2024-08-06,25.44,25.58,24.81,25.09,5609698.0,140749484.0,1309200375.0,0.0042848276758246425,002180
2024-08-07,25.1,25.58,25.08,25.22,4186132.0,105873853.0,1309200375.0,0.0031974723502504344,002180
2024-08-08,24.99,25.14,24.71,25.03,3833900.0,95581676.0,1309200375.0,0.0029284287365102532,002180
2024-08-09,25.11,25.37,24.61,24.69,3512555.0,87596378.0,1309200375.0,0.002682977386101039,002180
2024-08-12,24.56,24.85,24.41,24.55,4086083.0,100348403.0,1309200375.0,0.0031210524210245508,002180
2024-08-13,24.55,24.62,23.92,24.35,8549556.0,206531684.0,1309200375.0,0.006530364765592127,002180
2024-08-14,24.31,24.44,23.8,23.8,5071993.0,122066932.0,1309200375.0,0.0038741151445209447,002180
2024-08-15,23.89,24.0,23.35,23.68,6508188.0,154119227.0,1309200375.0,0.004971116816247474,002180
2024-08-16,23.95,23.98,22.95,23.05,8632914.0,201646909.0,1309200375.0,0.006594035691442572,002180
2024-08-19,23.27,24.77,23.14,23.94,17122877.0,414300683.0,1309200375.0,0.013078881832737024,002180
2024-08-20,23.85,24.1,23.5,23.74,7066125.0,167600285.0,1309200375.0,0.005397283055315349,002180
2024-08-21,23.63,23.9,23.34,23.44,5403515.0,127448428.0,1309200375.0,0.0041273399421383455,002180
2024-08-22,23.46,23.8,23.27,23.53,5306436.0,124571138.0,1309200375.0,0.004053188573215922,002180
2024-08-23,23.33,23.77,23.24,23.65,4189101.0,98694376.0,1309200375.0,0.0031997401467288764,002180
2024-08-26,23.62,24.16,23.5,23.77,6264250.0,149316863.0,1309200375.0,0.004784790869006588,002180
2024-08-27,23.64,23.69,23.3,23.55,5040420.0,118392137.0,1309200375.0,0.00384999889722763,002180
2024-08-28,23.3,23.7,23.3,23.54,5323685.0,124998539.0,1309200375.0,0.004066363790951404,002180
2024-08-29,23.41,24.27,23.39,24.1,8333516.0,199006251.0,1309200375.0,0.006365348008703404,002180
2024-08-30,23.99,25.17,23.98,24.93,11467928.0,283335373.0,1309226401.0,0.00875931618186181,002180
2024-09-02,24.95,25.49,24.31,24.37,8288937.0,206123384.0,1309226401.0,0.00633117159390372,002180
2024-09-03,24.3,24.89,24.3,24.63,6767710.0,166480286.0,1309226401.0,0.005169243451576257,002180
2024-09-04,24.47,24.76,24.01,24.17,5998201.0,145368680.0,1309226401.0,0.004581484910034289,002180
2024-09-05,24.22,24.4,23.93,24.15,5846204.0,140871704.0,1309226401.0,0.004465388106697674,002180
2024-09-06,24.21,24.23,23.8,23.96,4655000.0,111900356.0,1309226401.0,0.0035555347772123027,002180
2024-09-09,23.82,24.08,23.21,23.32,5585482.0,131322619.0,1309226401.0,0.004266246079160757,002180
2024-09-10,23.31,23.6,22.96,23.43,5997406.0,139468202.0,1309226401.0,0.004580877681216268,002180
2024-09-11,23.55,24.15,23.35,24.06,9580048.0,229098214.0,1309226401.0,0.007317334872473291,002180
2024-09-12,24.09,24.81,23.77,23.8,6821127.0,164885775.0,1309226401.0,0.005210043881478372,002180
2024-09-13,23.78,23.81,23.07,23.15,5549169.0,130121673.0,1309226401.0,0.004238509852659166,002180
2024-09-18,23.48,23.48,22.28,22.5,9592322.0,216288106.0,1309226401.0,0.007326709874375654,002180
2024-09-19,22.79,23.04,22.18,22.7,7417203.0,167595041.0,1309226401.0,0.005665332592082368,002180
2024-09-20,22.73,24.03,22.69,23.91,11811079.0,278893524.0,1309226401.0,0.009021418290204492,002180
2024-09-23,24.0,24.97,23.95,24.25,16076398.0,392712414.0,1309226401.0,0.01227931088749867,002180
2024-09-24,24.41,25.58,23.5,25.5,19872283.0,492389552.0,1309226401.0,0.015178645179184711,002180
2024-09-25,25.99,26.05,25.13,25.21,11894296.0,304204433.0,1309226401.0,0.009084980253159437,002180
2024-09-26,25.15,26.57,24.86,26.5,10637612.0,275170436.0,1309226401.0,0.008125112655744558,002180
2024-09-27,27.08,29.0,26.9,28.3,19187869.0,535762669.0,1309226401.0,0.014655883035465918,002180
2024-09-30,29.0,30.6,28.63,30.33,38098153.0,1130367828.0,1309226401.0,0.02909974391816439,002180
2024-10-08,33.36,33.36,30.8,33.32,37896590.0,1240247070.0,1309226401.0,0.028945788116596344,002180
2024-10-09,31.96,32.99,30.49,31.2,28729292.0,915754120.0,1309226401.0,0.021943715753101438,002180
2024-10-10,31.18,32.05,30.51,30.59,17146442.0,534201284.0,1309226401.0,0.013096621017498103,002180
2024-10-11,30.18,30.59,28.33,28.71,13052920.0,381216857.0,1309226401.0,0.009969948658253493,002180
2024-10-14,29.02,30.78,28.61,30.39,17458810.0,520001418.0,1309226401.0,0.013335210767721144,002180
2024-10-15,30.69,30.69,29.07,29.12,15561041.0,462277333.0,1309226401.0,0.01188567614288432,002180
2024-10-16,29.1,29.12,27.49,27.8,17504822.0,490967707.0,1309226401.0,0.013370355185802582,002180
2024-10-17,28.1,28.5,27.54,27.59,23473054.0,656537374.0,1309226401.0,0.017928949478922096,002180
2024-10-18,27.51,29.4,27.38,28.89,26856220.0,765441764.0,1309226401.0,0.020513044939734607,002180
2024-10-21,29.2,29.94,28.4,28.6,29338202.0,849416526.0,1309226401.0,0.02240880719911483,002180
2024-10-22,28.55,29.06,27.88,28.51,21283218.0,606345981.0,1309226401.0,0.016256331207302015,002180
2024-10-23,28.36,28.87,28.16,28.27,17203445.0,489957775.0,1309226401.0,0.013140160469464899,002180
2024-10-24,28.17,28.17,26.86,27.04,27927313.0,760349777.0,1315222939.0,0.02123390048323967,002180
2024-10-25,27.03,27.78,26.7,27.2,23422750.0,636308230.0,1315222939.0,0.01780895793819484,002180
2024-10-28,27.18,27.86,26.42,27.68,26019450.0,712669880.0,1315222939.0,0.0197833000234799,002180
2024-10-29,27.73,28.1,27.22,27.45,20170643.0,556828785.0,1315222939.0,0.015336291971410027,002180
2024-10-30,27.3,27.79,26.86,27.13,17604830.0,480517710.0,1315222939.0,0.013385434117645055,002180
2024-10-31,27.13,28.65,26.69,28.2,36155755.0,1011778582.0,1315222939.0,0.027490210159724107,002180
2024-11-01,28.21,28.88,27.51,28.17,36609236.0,1031756205.0,1315222939.0,0.02783500417642883,002180
2024-11-04,28.15,28.66,27.7,28.4,26666233.0,752101966.0,1362922159.0,0.019565484957384128,002180
2024-11-05,28.11,29.62,27.93,29.56,33311117.0,965242518.0,1362922159.0,0.024440953417648556,002180
2024-11-06,29.6,29.74,28.6,29.5,28494130.0,832787184.0,1362922159.0,0.02090664519014545,002180
2024-11-07,29.09,31.0,28.86,30.87,23418090.0,702415309.0,1362922159.0,0.01718226521255056,002180
2024-11-08,30.87,32.04,30.38,30.65,27506539.0,860573575.0,1362922159.0,0.020182032274082353,002180
2024-11-11,30.69,31.99,30.47,30.99,33432060.0,1042489091.0,1365255608.0,0.024487766103356668,002180
2024-11-12,30.99,31.0,29.8,30.5,26628171.0,803705051.0,1365255608.0,0.01950416525957973,002180
2024-11-13,30.06,30.33,29.2,30.02,18988423.0,565529970.0,1365255608.0,0.013908328146563453,002180
2024-11-14,29.96,30.13,28.72,28.78,15858927.0,465204314.0,1365255608.0,0.011616086326304986,002180
2024-11-15,28.62,29.05,27.55,27.56,17309128.0,486519475.0,1365255608.0,0.012678305731596014,002180
2024-11-18,27.69,27.98,26.62,27.27,24986570.0,681185907.0,1365255608.0,0.01830175232651379,002180
2024-11-19,27.18,27.8,26.88,27.64,14417782.0,393684758.0,1365255608.0,0.010560500111126444,002180
2024-11-20,27.6,27.71,27.07,27.62,12680288.0,347913287.0,1365255608.0,0.00928784904870356,002180
2024-11-21,27.53,28.3,27.46,27.79,12151912.0,337920581.0,1365255608.0,0.008900832876124688,002180
2024-11-22,27.61,27.85,26.44,26.44,14704800.0,398246106.0,1365255608.0,0.010770730340775865,002180
2024-11-25,26.42,26.67,25.51,26.03,15583686.0,404126067.0,1365255608.0,0.0114144823201488,002180
2024-11-26,26.1,26.2,25.65,25.73,7748351.0,200526514.0,1365255608.0,0.005675384854379591,002180
2024-11-27,25.77,26.22,25.1,26.18,17224046.0,439361294.0,1365255608.0,0.012615986265921275,002180
2024-11-28,26.18,26.87,25.91,26.3,13549297.0,359692324.0,1365255608.0,0.009924366485370994,002180
2024-11-29,26.13,26.76,25.98,26.68,9772952.0,258340176.0,1365255608.0,0.0071583313357098475,002180
2024-12-02,26.68,26.94,26.36,26.71,14881075.0,397261865.0,1365255608.0,0.010899845357016838,002180
2024-12-03,26.71,26.74,26.2,26.45,11920189.0,314660655.0,1365255608.0,0.008731104219716195,002180
2024-12-04,26.7,26.87,26.06,26.12,9576938.0,252527255.0,1365255608.0,0.00701475822101146,002180
2024-12-05,26.02,26.4,25.9,26.11,8302130.0,217324257.0,1365255608.0,0.0060810077990904685,002180
2024-12-06,26.8,28.25,26.78,27.72,39003904.0,1080114189.0,1365255608.0,0.02856893886496308,002180
2024-12-09,27.45,27.72,27.01,27.29,16631053.0,454493413.0,1365255608.0,0.012181640494678708,002180
2024-12-10,28.1,28.2,27.17,27.24,20842112.0,573585454.0,1365255608.0,0.015266087813792009,002180
2024-12-11,27.14,27.38,26.87,27.31,16204230.0,440282450.0,1365255608.0,0.011869008195277085,002180
2024-12-12,27.42,28.33,27.17,28.16,25887025.0,722646751.0,1365255608.0,0.0189613028126818,002180
2024-12-13,28.02,28.67,27.87,27.9,25426505.0,721243520.0,1365255608.0,0.018623988688277925,002180
2024-12-16,27.92,28.7,27.09,27.18,20327370.0,568157281.0,1365255608.0,0.01488905804956049,002180
2024-12-17,27.27,27.45,26.6,26.65,14468838.0,390324592.0,1365255608.0,0.01059789677128358,002180
2024-12-18,26.76,28.16,26.6,28.06,22654725.0,624995355.0,1365255608.0,0.016593760807316896,002180
2024-12-19,28.01,29.76,27.75,29.72,41708766.0,1211317958.0,1365255608.0,0.03055015174858011,002180
2024-12-20,29.51,30.98,29.42,30.25,38659109.0,1170174221.0,1365255608.0,0.028316389087485808,002180
2024-12-23,30.3,31.55,29.77,29.88,33893267.0,1035310297.0,1365255608.0,0.024825583430234846,002180
2024-12-24,30.52,31.37,28.82,29.8,52547129.0,1574251752.0,1365255608.0,0.03848885783152191,002180
2024-12-25,29.11,29.61,27.81,29.35,30625442.0,880149693.0,1365255608.0,0.022432020656457174,002180
2024-12-26,29.05,30.15,29.05,29.81,21925810.0,653204903.0,1365255608.0,0.016059857122374115,002180
2024-12-27,29.67,30.1,28.99,29.08,16854691.0,498095768.0,1365255608.0,0.012345447183103606,002180
2024-12-30,28.82,29.58,28.78,29.1,9933462.0,289509471.0,1365255608.0,0.007275899063730489,002180
2024-12-31,28.97,29.19,28.13,28.17,11639147.0,332766376.0,1359873795.0,0.008558990578975014,002180
