日期,开盘,最高,最低,收盘,成交量,成交额,outstanding_share,换手率,股票代码
2020-01-02,6.02,6.15,6.01,6.13,3619869.0,22035364.0,369252388.0,0.009803237887252337,002286
2020-01-03,6.12,6.16,6.08,6.13,3037837.0,18572955.0,369252388.0,0.008226993511007436,002286
2020-01-06,6.1,6.14,6.03,6.08,2864594.0,17443571.0,369252388.0,0.007757821189771154,002286
2020-01-07,6.08,6.19,6.06,6.19,3681421.0,22585628.0,369252388.0,0.009969931460538043,002286
2020-01-08,6.14,6.16,5.94,5.97,3600830.0,21830953.0,369252388.0,0.009751676947854972,002286
2020-01-09,6.0,6.09,6.0,6.05,3496381.0,21133139.0,369252388.0,0.009468810801570226,002286
2020-01-10,6.09,6.12,6.0,6.01,2954200.0,17864962.0,369252388.0,0.008000489897982731,002286
2020-01-13,6.01,6.05,5.97,6.04,4016493.0,24160245.0,369252388.0,0.010877364996215002,002286
2020-01-14,6.04,6.14,6.01,6.05,4404657.0,26748633.0,369252388.0,0.01192858094664509,002286
2020-01-15,6.05,6.06,5.9,5.93,3834692.0,22795326.0,369252388.0,0.010385016115318935,002286
2020-01-16,5.95,5.95,5.77,5.81,2790854.0,16329695.0,369252388.0,0.007558120382419842,002286
2020-01-17,5.87,5.88,5.75,5.8,2135214.0,12386054.0,369252388.0,0.005782532677892932,002286
2020-01-20,5.8,5.87,5.75,5.87,1670602.0,9746002.0,369252388.0,0.004524282182841293,002286
2020-01-21,5.8,5.89,5.8,5.85,2291845.0,13393941.0,369252388.0,0.006206716799892435,002286
2020-01-22,5.82,6.02,5.77,6.02,4775661.0,28346100.0,369252388.0,0.012933324618065841,002286
2020-01-23,5.97,6.07,5.74,5.95,4646974.0,27436937.0,369252388.0,0.01258481773176779,002286
2020-02-03,5.36,5.63,5.36,5.44,6778693.0,36967075.0,369252388.0,0.018357885338848506,002286
2020-02-04,5.49,5.98,5.46,5.98,7355838.0,42787119.0,369252388.0,0.01992089486500491,002286
2020-02-05,5.93,6.35,5.93,6.26,8705462.0,53776564.0,369252388.0,0.0235759125273416,002286
2020-02-06,6.23,6.46,6.2,6.29,8477526.0,53438982.0,369252388.0,0.022958622003549506,002286
2020-02-07,6.33,6.35,6.12,6.29,6159244.0,38418732.0,369252388.0,0.01668030918733016,002286
2020-02-10,6.3,6.69,6.23,6.6,10818608.0,70469979.0,369252388.0,0.02929868120446658,002286
2020-02-11,6.7,6.94,6.48,6.48,13544631.0,90787647.0,369252388.0,0.03668122790853826,002286
2020-02-12,6.46,6.6,6.38,6.53,5374865.0,35007628.0,369252388.0,0.014556073771417289,002286
2020-02-13,6.5,6.54,6.3,6.33,5226084.0,33363965.0,369252388.0,0.014153148821342219,002286
2020-02-14,6.34,6.39,6.15,6.19,4813452.0,29928387.0,369252388.0,0.013035669250702313,002286
2020-02-17,6.28,6.55,6.2,6.53,6583087.0,42338033.0,369252388.0,0.017828150105287877,002286
2020-02-18,6.56,6.66,6.37,6.48,7615840.0,49463535.0,369252388.0,0.020625025720889853,002286
2020-02-19,6.43,6.53,6.36,6.39,4674826.0,30077067.0,369252388.0,0.012660245815390637,002286
2020-02-20,6.44,6.45,6.31,6.45,4369441.0,27895800.0,369252388.0,0.011833209864034785,002286
2020-02-21,6.44,6.85,6.34,6.7,9427917.0,61835461.0,369252388.0,0.02553244692895527,002286
2020-02-24,6.75,7.07,6.66,6.98,10564740.0,72342002.0,369252388.0,0.028611162292605134,002286
2020-02-25,7.05,7.05,6.55,6.82,9286684.0,63067506.0,369252388.0,0.02514996328202487,002286
2020-02-26,6.65,6.82,6.58,6.65,7002318.0,46568125.0,369252388.0,0.018963500921218145,002286
2020-02-27,6.66,6.77,6.54,6.72,4095160.0,27339177.0,369252388.0,0.011090408980645509,002286
2020-02-28,6.5,6.62,6.45,6.6,4780685.0,31326237.0,369252388.0,0.01294693048809748,002286
2020-03-02,6.6,6.92,6.6,6.92,6254977.0,42659289.0,369252388.0,0.016939570882341864,002286
2020-03-03,6.92,7.17,6.92,6.99,8216526.0,57910979.0,369252388.0,0.022251788389246654,002286
2020-03-04,6.95,7.24,6.92,7.12,6296854.0,44520179.0,369252388.0,0.01705298111707811,002286
2020-03-05,7.13,7.35,7.0,7.31,8302704.0,59987811.0,369252388.0,0.02248517347435543,002286
2020-03-06,7.2,7.32,7.01,7.06,7346150.0,52312558.0,369252388.0,0.019894658067857913,002286
2020-03-09,7.09,7.3,6.91,6.91,5809646.0,41442964.0,369252388.0,0.01573353670498131,002286
2020-03-10,6.47,7.45,6.47,7.39,11979722.0,85462059.0,369252388.0,0.032443180841392416,002286
2020-03-11,7.4,7.45,7.12,7.12,7069551.0,51565023.0,369252388.0,0.0191455796353577,002286
2020-03-12,7.08,7.26,7.01,7.1,3833877.0,27350005.0,369252388.0,0.010382808952883469,002286
2020-03-13,6.79,7.26,6.7,7.16,5050174.0,35633424.0,369252388.0,0.013676753798001165,002286
2020-03-16,7.21,7.88,7.16,7.69,14490269.0,108916201.0,369252388.0,0.03924218087927437,002286
2020-03-17,7.62,8.46,7.52,8.46,16886316.0,137913885.0,369252388.0,0.04573109490628399,002286
2020-03-18,8.5,9.31,8.25,9.31,17794323.0,156162547.0,369252388.0,0.04819013655234641,002286
2020-03-19,9.77,10.24,9.6,10.24,7098577.0,71471726.0,369252388.0,0.019224187116157525,002286
2020-03-20,11.26,11.26,9.22,9.3,41172080.0,424366918.0,369252388.0,0.11150118817918112,002286
2020-03-23,8.37,8.4,8.37,8.37,6854000.0,57369635.0,369252388.0,0.0185618298560604,002286
2020-03-24,7.8,8.1,7.53,7.74,24215636.0,187894444.0,369252388.0,0.06558017439280582,002286
2020-03-25,7.69,8.18,7.37,7.94,18953675.0,146145260.0,369252388.0,0.05132986438533202,002286
2020-03-26,7.75,7.97,7.57,7.57,13148636.0,101778362.0,369252388.0,0.035608804241504324,002286
2020-03-27,7.63,7.74,7.25,7.31,11363264.0,85265081.0,369252388.0,0.030773704840603495,002286
2020-03-30,7.2,7.33,6.95,7.27,9335432.0,66822109.0,369252388.0,0.025281981385588223,002286
2020-03-31,7.35,8.0,7.27,8.0,17498485.0,134105366.0,369252388.0,0.04738895554549535,002286
2020-04-01,7.88,8.54,7.87,8.35,24060336.0,197892108.0,369252388.0,0.06515959485142178,002286
2020-04-02,8.33,8.33,7.82,8.02,14851022.0,118714554.0,369252388.0,0.040219163051154055,002286
2020-04-03,7.95,8.28,7.81,8.12,14525754.0,117462698.0,369252388.0,0.039338280460897115,002286
2020-04-07,8.11,8.69,8.01,8.59,18636243.0,157378909.0,369252388.0,0.05047020305255277,002286
2020-04-08,8.43,8.76,8.25,8.36,15392935.0,129833560.0,369252388.0,0.041686758163903874,002286
2020-04-09,8.34,8.51,8.18,8.4,11318045.0,94629619.0,369252388.0,0.03065124388579445,002286
2020-04-10,8.13,8.5,7.9,7.92,11080857.0,89850279.0,369252388.0,0.030008897329053968,002286
2020-04-13,7.79,8.08,7.56,7.92,7218234.0,56664792.0,369252388.0,0.01954823918430556,002286
2020-04-14,7.96,8.0,7.79,7.92,6931646.0,54589368.0,369252388.0,0.01877210879405335,002286
2020-04-15,7.96,8.06,7.81,7.84,6626000.0,52507922.0,369252388.0,0.017944366009083196,002286
2020-04-16,7.79,7.95,7.61,7.71,6921452.0,53360378.0,369252388.0,0.018744501660474026,002286
2020-04-17,7.71,7.8,7.6,7.62,4836100.0,37252393.0,369252388.0,0.013097003992835383,002286
2020-04-20,7.71,7.71,7.6,7.69,3896700.0,29819929.0,369252388.0,0.010552944616298595,002286
2020-04-21,7.74,7.9,7.56,7.7,7052795.0,54315878.0,369252388.0,0.01910020145895441,002286
2020-04-22,7.89,8.47,7.68,8.47,15876006.0,129615009.0,369252388.0,0.04299499885698776,002286
2020-04-23,8.47,9.19,8.18,8.76,21556221.0,185576322.0,369252388.0,0.05837801379364404,002286
2020-04-24,8.58,8.6,8.24,8.37,11352416.0,95603045.0,369252388.0,0.030744326560726263,002286
2020-04-27,8.42,8.72,8.13,8.64,11012888.0,92997493.0,369252388.0,0.029824825398285577,002286
2020-04-28,8.68,8.68,7.78,8.25,10150063.0,83824856.0,369252388.0,0.027488144504565805,002286
2020-04-29,8.18,8.35,7.97,8.1,5716888.0,46579368.0,369252388.0,0.01548233182990275,002286
2020-04-30,8.14,8.27,7.81,8.2,7105275.0,57498696.0,369252388.0,0.019242326470749867,002286
2020-05-06,8.08,8.66,8.03,8.66,10454889.0,88554134.0,369252388.0,0.028313666586226655,002286
2020-05-07,8.88,8.88,8.36,8.4,9341516.0,79573526.0,369252388.0,0.02529845792087335,002286
2020-05-08,8.4,8.86,8.35,8.61,10914782.0,94238352.0,369252388.0,0.029559137204550726,002286
2020-05-11,8.61,8.68,8.22,8.34,10815766.0,91075682.0,369252388.0,0.029290984571777503,002286
2020-05-12,8.27,8.43,8.21,8.39,6251390.0,52053525.0,369252388.0,0.016929856659451042,002286
2020-05-13,8.29,8.63,8.29,8.59,9263446.0,78424994.0,369252388.0,0.025087030716779007,002286
2020-05-14,8.55,8.61,8.26,8.33,6827856.0,57355489.0,369252388.0,0.01849102733494035,002286
2020-05-15,8.39,8.48,8.23,8.26,4956706.0,41142173.0,369252388.0,0.01342362611883772,002286
2020-05-18,8.15,8.35,8.1,8.16,4401400.0,36161539.0,369252388.0,0.011919760421427525,002286
2020-05-19,8.24,8.29,7.9,7.96,7034300.0,56597512.0,369252388.0,0.019050113766630537,002286
2020-05-20,7.85,8.17,7.63,8.05,9318345.0,74055950.0,369252388.0,0.025235706803336908,002286
2020-05-21,7.93,7.98,7.48,7.49,10765866.0,83023731.0,369252388.0,0.029155846650882052,002286
2020-05-22,7.5,7.5,7.06,7.17,6096216.0,44378628.0,369252388.0,0.016509618348087705,002286
2020-05-25,7.14,7.28,7.07,7.2,4064972.0,29164316.0,369252388.0,0.011008654600765912,002286
2020-05-26,7.25,7.37,7.16,7.26,3511418.0,25570119.0,369252388.0,0.009509533625548279,002286
2020-05-27,7.27,7.35,7.11,7.17,3485731.0,25079208.0,369252388.0,0.009439968740296949,002286
2020-05-28,7.13,7.19,6.8,6.97,5546469.0,38679016.0,369252388.0,0.01502080739420973,002286
2020-05-29,6.9,7.1,6.88,7.01,2967356.0,20808808.0,369252388.0,0.008036118645223224,002286
2020-06-01,7.06,7.34,7.04,7.24,4156278.0,30002770.0,369252388.0,0.011255927206082145,002286
2020-06-02,7.28,7.3,7.16,7.23,3643100.0,26306183.0,369252388.0,0.009866151495274825,002286
2020-06-03,7.22,7.37,7.2,7.32,4116616.0,30081171.0,369252388.0,0.011148515578455784,002286
2020-06-04,7.3,7.38,7.28,7.34,3009724.0,22072777.0,369252388.0,0.008150858593770285,002286
2020-06-05,7.35,8.07,7.21,8.07,9071051.0,70218807.0,369252388.0,0.02456599143239664,002286
2020-06-08,8.68,8.68,8.08,8.14,21529730.0,180535635.0,369252388.0,0.05830627153587968,002286
2020-06-09,7.91,7.99,7.71,7.75,12843143.0,100297172.0,369252388.0,0.03478147580727359,002286
2020-06-10,7.72,8.09,7.72,7.76,9750952.0,76941986.0,369252388.0,0.026407282164956507,002286
2020-06-11,7.7,7.8,7.49,7.58,7756512.0,59376379.0,369252388.0,0.02100599008177572,002286
2020-06-12,7.33,7.61,7.31,7.49,4813152.0,35960003.0,369252388.0,0.013034856798272081,002286
2020-06-15,7.5,7.69,7.46,7.46,4830700.0,36579120.0,369252388.0,0.013082379849091186,002286
2020-06-16,7.49,7.65,7.46,7.57,4372469.0,32991220.0,369252388.0,0.011841410217230605,002286
2020-06-17,7.57,7.89,7.48,7.77,7790474.0,60022412.0,369252388.0,0.02109796511322765,002286
2020-06-18,7.73,7.87,7.61,7.7,5508539.0,42576871.0,369252388.0,0.014918086325280583,002286
2020-06-19,7.68,7.79,7.63,7.7,3950149.0,30387670.0,369252388.0,0.010697693849443704,002286
2020-06-22,7.69,8.15,7.65,8.01,8359192.0,66176796.0,369252388.0,0.022638152850618803,002286
2020-06-23,7.97,8.45,7.97,8.36,13373539.0,110481923.0,369252388.0,0.03621788087122676,002286
2020-06-24,8.36,8.46,8.11,8.29,7948588.0,65871812.0,369252388.0,0.021526165458407274,002286
2020-06-29,8.35,8.41,8.16,8.2,8201384.0,67831959.0,369252388.0,0.022210781206918016,002286
2020-06-30,8.25,8.5,8.1,8.43,13432798.0,112118951.0,369252663.0,0.03637833750707439,002286
2020-07-01,8.42,8.66,8.3,8.59,15206487.0,129406914.0,369252663.0,0.04118179372480247,002286
2020-07-02,8.58,8.6,8.32,8.43,11188197.0,94387448.0,369252663.0,0.030299570243045207,002286
2020-07-03,8.42,8.89,8.3,8.74,17169322.0,147588272.0,369252663.0,0.046497489985603706,002286
2020-07-06,8.74,9.14,8.6,8.98,18610179.0,164228469.0,369252663.0,0.05039957965042489,002286
2020-07-07,8.95,9.14,8.82,9.07,13389296.0,120621132.0,369252663.0,0.03626052657608051,002286
2020-07-08,8.96,8.96,8.66,8.91,15126017.0,133427117.0,369252663.0,0.040963867063566715,002286
2020-07-09,8.87,9.22,8.77,9.13,12802142.0,114833880.0,369252663.0,0.03467041211291142,002286
2020-07-10,9.5,10.04,9.3,10.04,21733499.0,211427685.0,369252663.0,0.05885806976563362,002286
2020-07-13,10.48,11.04,10.14,11.04,8526005.0,91791691.0,369252663.0,0.023089894411946327,002286
2020-07-14,11.8,12.14,11.0,11.38,43169171.0,500641358.0,369252663.0,0.11690957256549292,002286
2020-07-15,11.5,12.52,11.5,12.52,40039221.0,496122721.0,369252663.0,0.10843312726494812,002286
2020-07-16,12.52,12.52,11.27,11.27,34811634.0,406073331.0,369252663.0,0.09427591860048413,002286
2020-07-17,11.0,11.2,10.41,10.66,21550904.0,231917663.0,369252663.0,0.05836357096224923,002286
2020-07-20,11.1,11.73,11.09,11.73,18765772.0,217740775.0,369252663.0,0.05082095237319927,002286
2020-07-21,12.2,12.9,12.01,12.9,25486522.0,320948129.0,369252663.0,0.06902190438637405,002286
2020-07-22,13.5,14.19,13.46,14.19,10081349.0,139933850.0,369252663.0,0.027302034650458298,002286
2020-07-23,15.61,15.61,15.18,15.61,28934530.0,451495028.0,369252663.0,0.0783597056956093,002286
2020-07-24,16.3,17.17,15.0,15.25,74389127.0,1211109729.0,369252663.0,0.2014586066776721,002286
2020-07-27,14.99,16.54,14.99,16.14,54592258.0,869001833.0,369252663.0,0.14784526550591187,002286
2020-07-28,15.2,17.75,14.53,17.42,67215163.0,1081677016.0,369252663.0,0.1820302728595352,002286
2020-07-29,17.42,19.16,16.9,19.16,58871085.0,1084513398.0,369252663.0,0.1594330681915759,002286
2020-07-30,19.2,20.48,18.0,19.15,68797837.0,1339323593.0,369252663.0,0.18631642745931937,002286
2020-07-31,18.66,19.81,18.2,18.9,55626620.0,1052028830.0,369252663.0,0.1506464964885033,002286
2020-08-03,19.16,20.51,18.39,19.12,57478108.0,1120166016.0,369252663.0,0.15566064583805045,002286
2020-08-04,18.03,18.32,17.21,17.21,52462032.0,927442804.0,369252663.0,0.1420762455002254,002286
2020-08-05,17.75,18.73,17.31,18.32,47278952.0,854964709.0,369252663.0,0.1280395694803696,002286
2020-08-06,17.2,18.31,17.2,17.69,37063185.0,659844374.0,369252663.0,0.10037350766512955,002286
2020-08-07,17.25,18.5,16.49,17.97,37579432.0,652533886.0,369252663.0,0.10177159372307627,002286
2020-08-10,17.86,19.77,17.08,19.77,56207319.0,1065954996.0,369252663.0,0.15221912969656767,002286
2020-08-11,18.94,21.66,18.79,21.3,59730829.0,1208075229.0,369252663.0,0.16176140346481402,002286
2020-08-12,22.15,23.43,20.4,23.43,66419933.0,1484188373.0,369252663.0,0.17987665264312527,002286
2020-08-13,22.48,25.77,22.37,24.29,79800290.0,1973780948.0,369252663.0,0.21611297086298875,002286
2020-08-14,23.01,23.48,21.86,22.16,63985665.0,1421856331.0,369252663.0,0.1732842343780199,002286
2020-08-17,21.66,23.26,21.01,21.89,43373893.0,957895723.0,369252663.0,0.11746399510732845,002286
2020-08-18,22.46,24.08,22.05,24.08,66624656.0,1562137721.0,369252663.0,0.18043107789313356,002286
2020-08-19,23.59,23.6,21.67,21.68,56217219.0,1263116468.0,369252663.0,0.152245940606798,002286
2020-08-20,20.23,20.91,19.58,20.4,33537584.0,677873076.0,369252663.0,0.09082557110766186,002286
2020-08-21,20.38,21.3,20.05,20.85,27923603.0,578918375.0,369252663.0,0.0756219407414267,002286
2020-08-24,20.7,20.7,18.77,18.77,36319337.0,688623630.0,369252663.0,0.09835903878098774,002286
2020-08-25,18.4,18.86,17.7,17.78,32912286.0,597724919.0,369252663.0,0.08913215610309627,002286
2020-08-26,17.78,18.27,17.12,17.22,28710638.0,505841774.0,369252663.0,0.07775336748214595,002286
2020-08-27,17.3,17.62,16.81,17.41,22089386.0,379647104.0,369252663.0,0.059821873241304155,002286
2020-08-28,17.41,17.41,16.52,17.1,23029765.0,389135876.0,369252663.0,0.06236858202428184,002286
2020-08-31,17.4,17.89,17.13,17.32,25427446.0,444754392.0,369252663.0,0.0688619163729633,002286
2020-09-01,17.32,17.55,16.87,17.13,18275400.0,313834123.0,369252663.0,0.049492940285172704,002286
2020-09-02,17.22,17.3,16.68,16.83,16187922.0,274413930.0,369252663.0,0.04383968924822622,002286
2020-09-03,16.76,16.93,16.15,16.15,19215800.0,316534358.0,369252663.0,0.05203970593977815,002286
2020-09-04,15.73,16.39,15.66,16.09,14650018.0,234548246.0,369252663.0,0.03967477954248363,002286
2020-09-07,16.0,16.0,15.14,15.14,18063990.0,280265515.0,369252663.0,0.04892040548398158,002286
2020-09-08,15.27,15.56,14.85,14.97,14583400.0,220057095.0,369252663.0,0.039494366490188317,002286
2020-09-09,14.77,15.02,14.0,14.02,20400600.0,293928757.0,369252663.0,0.05524834901461496,002286
2020-09-10,14.3,14.54,13.8,13.88,17452086.0,247995704.0,369252663.0,0.047263263745236685,002286
2020-09-11,14.0,14.81,13.72,14.3,23521968.0,336457325.0,369252663.0,0.06370155277661464,002286
2020-09-14,14.34,14.71,13.76,14.07,16386200.0,230608570.0,369252663.0,0.04437666032485729,002286
2020-09-15,14.08,15.17,13.86,15.1,27204470.0,397069358.0,369252663.0,0.07367440434681442,002286
2020-09-16,14.7,14.75,13.88,14.0,23689460.0,338007272.0,369252663.0,0.06415515004694766,002286
2020-09-17,13.71,14.43,13.47,14.13,16117826.0,224247824.0,369252663.0,0.04364985717110455,002286
2020-09-18,14.1,15.48,13.92,15.0,27599892.0,407727214.0,369252663.0,0.07474527543217745,002286
2020-09-21,14.99,15.23,14.6,14.95,21289202.0,316199526.0,369252663.0,0.057654836737088065,002286
2020-09-22,14.51,14.95,14.41,14.5,13889403.0,203005447.0,369252663.0,0.03761490272583356,002286
2020-09-23,14.59,14.99,14.36,14.88,17218501.0,253795500.0,369252663.0,0.046630675213302386,002286
2020-09-24,14.69,15.84,14.53,15.58,29874700.0,458483830.0,369252663.0,0.08090584847048211,002286
2020-09-25,15.48,15.98,15.1,15.61,22408628.0,347910919.0,369252663.0,0.06068643572653124,002286
2020-09-28,15.42,15.57,14.48,14.5,16447702.0,243866538.0,369252663.0,0.04454321836536085,002286
2020-09-29,14.6,14.75,14.12,14.24,11715385.0,168655734.0,369252663.0,0.03172728641905556,002286
2020-09-30,14.34,14.39,13.93,14.0,9516999.0,134435903.0,369252663.0,0.025773677358692466,002286
2020-10-09,14.26,15.0,14.26,14.77,14028176.0,205837091.0,369252663.0,0.0379907239829439,002286
2020-10-12,14.9,15.28,14.64,15.2,16403578.0,246477546.0,369252663.0,0.04442372295091613,002286
2020-10-13,15.26,15.49,14.9,15.11,13722602.0,207116738.0,369252663.0,0.03716317680287116,002286
2020-10-14,15.25,15.67,15.02,15.16,21412672.0,328358117.0,369252663.0,0.057989214826596934,002286
2020-10-15,14.9,15.29,14.23,14.35,18963334.0,275772467.0,369252663.0,0.05135598439814096,002286
2020-10-16,14.1,14.6,13.95,14.37,10088048.0,143646416.0,369252663.0,0.027320176699714146,002286
2020-10-19,14.42,14.42,14.01,14.07,8132655.0,114911264.0,369252663.0,0.02202463466052241,002286
2020-10-20,14.06,14.39,13.72,14.35,9892075.0,138414429.0,369252663.0,0.026789447961273066,002286
2020-10-21,14.4,14.41,13.95,14.01,8683704.0,122563359.0,369252663.0,0.023516970546533338,002286
2020-10-22,13.98,14.4,13.7,14.21,8458804.0,119053496.0,369252663.0,0.022907902494937456,002286
2020-10-23,14.11,14.25,13.7,13.71,7115928.0,99193862.0,369252663.0,0.019271162304386684,002286
2020-10-26,13.59,13.68,13.0,13.39,7905400.0,105321046.0,369252663.0,0.021409188862099013,002286
2020-10-27,13.1,13.37,13.05,13.22,5873300.0,77504790.0,369252663.0,0.015905911015731796,002286
2020-10-28,13.19,13.37,13.0,13.19,6126500.0,80801879.0,369252663.0,0.016591620356167885,002286
2020-10-29,12.5,12.79,11.87,11.87,34571565.0,421716859.0,369252663.0,0.09362577027643536,002286
2020-10-30,11.63,11.67,10.68,10.68,37902105.0,420317285.0,369252663.0,0.10264544794901045,002286
2020-11-02,10.75,11.17,10.58,10.98,26232800.0,286729213.0,369252663.0,0.07104295413029967,002286
2020-11-03,11.19,11.44,10.89,11.29,23258907.0,261360994.0,369252663.0,0.0629891381446855,002286
2020-11-04,11.32,11.47,10.92,10.98,21617100.0,239787704.0,369252663.0,0.05854284116564381,002286
2020-11-05,11.13,11.23,10.86,11.08,19013600.0,209830083.0,369252663.0,0.05149211340961947,002286
2020-11-06,11.22,11.22,10.82,10.91,10358802.0,113296432.0,369252663.0,0.02805342530461317,002286
2020-11-09,11.0,11.54,10.92,11.26,19731411.0,222745533.0,369252663.0,0.053436069599855536,002286
2020-11-10,11.32,11.6,11.14,11.22,19317211.0,218718475.0,369252663.0,0.05231434444658291,002286
2020-11-11,11.13,11.33,10.8,10.93,15716011.0,173092800.0,369252663.0,0.042561672737347324,002286
2020-11-12,11.04,11.05,10.74,10.9,12269274.0,133269462.0,369252663.0,0.033227313515678016,002286
2020-11-13,10.95,10.95,10.61,10.85,9100828.0,97808644.0,369252663.0,0.024646614396928532,002286
2020-11-16,10.87,11.22,10.8,11.14,11838500.0,131082705.0,369252663.0,0.032060703107237985,002286
2020-11-17,11.15,11.27,10.72,10.79,11309600.0,123102433.0,369252663.0,0.03062835053947871,002286
2020-11-18,10.84,11.04,10.7,10.75,10464846.0,113196302.0,369252663.0,0.028340610775771168,002286
2020-11-19,10.7,10.95,10.52,10.92,11961000.0,128981989.0,369252663.0,0.032392454269178826,002286
2020-11-20,10.92,11.01,10.81,10.98,7558448.0,82495535.0,369252663.0,0.020469582909954532,002286
2020-11-23,10.99,11.12,10.78,10.79,11471246.0,125135760.0,369252663.0,0.03106611583191209,002286
2020-11-24,10.79,11.16,10.69,10.85,14359300.0,156968733.0,369252663.0,0.038887464976792865,002286
2020-11-25,10.9,11.05,10.71,10.73,10524000.0,113939893.0,369252663.0,0.028500810026656463,002286
2020-11-26,10.69,10.77,10.33,10.52,11445700.0,120353287.0,369252663.0,0.03099693285082686,002286
2020-11-27,10.55,10.68,10.39,10.5,8962600.0,94295868.0,369252663.0,0.02427226909396724,002286
2020-11-30,10.48,10.62,10.38,10.39,10176900.0,106559379.0,369252663.0,0.027560803264944905,002286
2020-12-01,10.39,10.65,10.35,10.6,11556712.0,121945533.0,369252663.0,0.031297572524209526,002286
2020-12-02,10.69,10.8,10.54,10.62,9796400.0,104118110.0,369252663.0,0.02653034353336539,002286
2020-12-03,10.75,10.9,10.49,10.78,14290612.0,152977665.0,369252663.0,0.03870144600690395,002286
2020-12-04,10.78,11.4,10.61,11.04,32135992.0,354953618.0,369252663.0,0.08702981784589052,002286
2020-12-07,11.0,11.08,10.71,10.76,23848380.0,258988603.0,369252663.0,0.06458553286046308,002286
2020-12-08,10.76,11.46,10.66,11.02,29354864.0,324344269.0,369252663.0,0.07949804278053371,002286
2020-12-09,10.9,11.15,10.42,10.51,22536436.0,241754100.0,369252663.0,0.061032561869431935,002286
2020-12-10,10.45,10.49,9.9,9.9,21349176.0,215760544.0,369252663.0,0.0578172566896288,002286
2020-12-11,9.88,9.88,9.33,9.39,18917002.0,181221068.0,369252663.0,0.05123050933826305,002286
2020-12-14,9.37,10.33,9.33,10.33,18869690.0,186367533.0,369252663.0,0.05110238026908962,002286
2020-12-15,10.89,11.36,10.88,11.36,18224652.0,204030845.0,369252663.0,0.049355505934428424,002286
2020-12-16,12.49,12.49,11.01,11.95,76881666.0,909433147.0,369252663.0,0.20820883287712402,002286
2020-12-17,11.51,11.85,11.08,11.58,51949948.0,591980722.0,369252663.0,0.14068943356543917,002286
2020-12-18,11.49,11.56,11.06,11.08,34604158.0,387067841.0,369252663.0,0.09371403775089363,002286
2020-12-21,11.1,11.27,10.87,11.1,28173111.0,313533397.0,369252663.0,0.07629765150806779,002286
2020-12-22,10.92,11.25,10.81,10.86,26085799.0,288742749.0,369252663.0,0.0706448500277979,002286
2020-12-23,10.74,10.96,10.47,10.64,26589671.0,284331959.0,369252663.0,0.07200942244795673,002286
2020-12-24,10.54,10.61,9.96,10.11,25267729.0,258220579.0,369252663.0,0.0684293751457657,002286
2020-12-25,10.03,10.08,9.79,10.0,13977070.0,138832042.0,369252663.0,0.03785232010635493,002286
2020-12-28,10.0,11.0,9.75,11.0,27603030.0,290480977.0,369252663.0,0.07475377367826865,002286
2020-12-29,11.34,11.6,10.87,10.93,46289473.0,522908465.0,369252663.0,0.12535988941534051,002286
2020-12-30,11.04,11.36,10.78,10.9,27000651.0,297232216.0,369252663.0,0.07312242728497262,002286
2020-12-31,10.79,11.83,10.78,11.4,37758162.0,430059587.0,369253488.0,0.1022553969754241,002286
2021-01-04,11.41,11.97,11.39,11.51,32517779.0,376621861.0,369253488.0,0.08806356624043589,002286
2021-01-05,11.48,12.66,11.24,12.08,64048797.0,773158342.0,369253488.0,0.17345481919997463,002286
2021-01-06,11.92,12.0,11.24,11.3,39732700.0,459303203.0,369253488.0,0.10760277503458546,002286
2021-01-07,11.44,11.71,11.08,11.4,28300575.0,321591081.0,369253488.0,0.07664267480121949,002286
2021-01-08,11.23,11.4,10.61,10.77,23437690.0,255120322.0,369253488.0,0.06347317157908607,002286
2021-01-11,10.46,11.0,10.25,11.0,23917300.0,254846102.0,369253488.0,0.06477203540999456,002286
2021-01-12,10.93,11.01,10.56,10.72,16641700.0,178493905.0,369253488.0,0.04506849776866563,002286
2021-01-13,10.6,10.61,9.98,10.03,26805611.0,272429188.0,369253488.0,0.07259406307896542,002286
2021-01-14,9.81,10.02,9.58,9.66,20865600.0,202687986.0,369253488.0,0.05650752309210414,002286
2021-01-15,9.56,10.25,9.51,9.96,16566221.0,165067039.0,369253488.0,0.044864088054328684,002286
2021-01-18,9.89,10.2,9.75,10.02,13828311.0,137860857.0,369253488.0,0.0374493713651799,002286
2021-01-19,9.96,10.45,9.84,10.2,15664871.0,157794964.0,369253488.0,0.04242308199943124,002286
2021-01-20,10.13,10.16,9.88,9.91,12471971.0,124253974.0,369253488.0,0.033776176543523946,002286
2021-01-21,9.8,10.08,9.7,9.87,14356546.0,141880205.0,369253488.0,0.038879919801867925,002286
2021-01-22,9.91,9.94,9.53,9.56,13738600.0,133079164.0,369253488.0,0.03720641902237089,002286
2021-01-25,9.65,9.8,9.17,9.47,19931704.0,188011022.0,369253488.0,0.05397837704379383,002286
2021-01-26,9.19,9.39,9.15,9.17,10003690.0,92517121.0,369253488.0,0.02709166013348532,002286
2021-01-27,9.15,9.2,8.76,8.78,17162086.0,152342804.0,369253488.0,0.04647778980492664,002286
2021-01-28,8.71,9.0,8.6,8.71,9989346.0,88120041.0,369253488.0,0.027052814190342868,002286
2021-01-29,8.8,8.89,8.31,8.42,12960376.0,110299831.0,369253488.0,0.03509885870055749,002286
2021-02-01,8.5,8.64,8.37,8.56,9075141.0,77147455.0,369253488.0,0.02457699465251903,002286
2021-02-02,8.65,9.1,8.65,8.82,12664300.0,112076671.0,369253488.0,0.034297035536736756,002286
2021-02-03,8.75,8.86,8.3,8.31,13364599.0,113587989.0,369253488.0,0.03619356196846541,002286
2021-02-04,8.27,8.34,7.85,8.04,12709165.0,102398932.0,369253488.0,0.034418537435724914,002286
2021-02-05,8.05,8.38,7.99,7.99,9598965.0,78305822.0,369253488.0,0.025995597365894078,002286
2021-02-08,8.0,8.11,7.76,8.06,8010399.0,63728382.0,369253488.0,0.021693495824201936,002286
2021-02-09,8.0,8.21,7.95,8.16,8060900.0,65192047.0,369253488.0,0.02183026095071037,002286
2021-02-10,8.16,8.2,8.03,8.1,7560045.0,61206343.0,369253488.0,0.020473862118263863,002286
2021-02-18,8.22,8.5,8.18,8.45,11192836.0,93737729.0,369253488.0,0.030312065731928847,002286
2021-02-19,8.55,8.95,8.43,8.94,16430480.0,143614346.0,369253488.0,0.0444964787983262,002286
2021-02-22,9.11,9.26,8.93,8.99,18598900.0,169432954.0,369253488.0,0.050368921633585216,002286
2021-02-23,8.8,9.13,8.74,8.89,15428780.0,137246683.0,369253488.0,0.04178370821510019,002286
2021-02-24,8.89,8.95,8.63,8.7,11369428.0,99936405.0,369253488.0,0.030790306305786337,002286
2021-02-25,8.73,8.8,8.58,8.63,7383900.0,64017453.0,369253488.0,0.0199968320949212,002286
2021-02-26,8.5,8.72,8.43,8.62,6952326.0,59699093.0,369253488.0,0.01882805775960605,002286
2021-03-01,8.71,9.05,8.66,8.92,10539500.0,93551051.0,369253488.0,0.028542722932924605,002286
2021-03-02,8.93,8.97,8.69,8.74,8118392.0,71332085.0,369253488.0,0.021985958870617356,002286
2021-03-03,8.75,9.33,8.74,9.08,15021628.0,135611470.0,369253488.0,0.04068107272692845,002286
2021-03-04,8.98,9.05,8.85,8.88,10270684.0,91774214.0,369253488.0,0.02781472439334141,002286
2021-03-05,8.9,9.08,8.84,9.03,10372342.0,92991087.0,369253488.0,0.02809003120371337,002286
2021-03-08,9.17,9.35,8.83,8.85,12863128.0,117131125.0,369253488.0,0.03483549490533181,002286
2021-03-09,8.75,8.81,8.2,8.37,13405314.0,113871834.0,369253488.0,0.03630382497564925,002286
2021-03-10,8.45,8.47,8.22,8.25,7125800.0,59224222.0,369253488.0,0.01929785426969345,002286
2021-03-11,8.25,9.08,8.09,9.08,22599096.0,199118360.0,369253488.0,0.06120211923360356,002286
2021-03-12,9.09,9.17,8.78,8.88,23418501.0,209450311.0,369253488.0,0.06342120456828292,002286
2021-03-15,8.8,9.05,8.72,8.99,14379900.0,128030411.0,369253488.0,0.0389431663269759,002286
2021-03-16,8.99,9.06,8.85,8.99,10785390.0,96395279.0,369253488.0,0.02920863404274735,002286
2021-03-17,8.9,9.48,8.87,9.26,20587555.0,188933107.0,369253488.0,0.05575453088204816,002286
2021-03-18,9.15,9.35,9.1,9.19,12365300.0,113750027.0,369253488.0,0.03348729369348571,002286
2021-03-19,9.1,9.24,8.94,8.99,10576982.0,95898928.0,369253488.0,0.028644230437167868,002286
2021-03-22,9.0,9.1,8.91,9.08,8221500.0,74279714.0,369253488.0,0.022265192522704078,002286
2021-03-23,9.1,9.97,9.05,9.46,27599850.0,261217280.0,369253488.0,0.0747449946904767,002286
2021-03-24,9.38,10.41,9.33,10.41,43495540.0,433547906.0,369253488.0,0.11779317301939744,002286
2021-03-25,10.39,10.9,10.02,10.11,40333860.0,419219394.0,369253488.0,0.10923081652785904,002286
2021-03-26,10.12,10.35,9.89,10.11,28247388.0,285452536.0,369253488.0,0.07649863553895529,002286
2021-03-29,10.06,10.25,9.73,10.12,23655506.0,237454052.0,369253488.0,0.06406305361697762,002286
2021-03-30,10.09,11.13,9.78,10.72,47847195.0,504970825.0,369253488.0,0.12957818017957354,002286
2021-03-31,10.48,11.19,10.33,10.75,43886914.0,475013544.0,369253488.0,0.11885307905337918,002286
2021-04-01,10.65,11.14,10.51,10.64,27137160.0,294122445.0,369253488.0,0.07349195304012944,002286
2021-04-02,10.53,11.55,10.23,11.07,41379415.0,444840024.0,369253488.0,0.11206235376170638,002286
2021-04-06,10.99,12.18,10.86,11.87,59639682.0,705053771.0,369253488.0,0.16151420078122594,002286
2021-04-07,11.61,11.86,11.44,11.58,35981831.0,419044546.0,369253488.0,0.0974447965133372,002286
2021-04-08,11.1,11.13,10.5,10.8,42168300.0,458142413.0,369253488.0,0.11419878584870673,002286
2021-04-09,10.78,11.88,10.66,11.88,47866762.0,544670470.0,369253488.0,0.12963117087738923,002286
2021-04-12,12.3,13.07,11.82,13.07,56533535.0,707813153.0,369253488.0,0.15310223691102953,002286
2021-04-13,13.26,14.38,12.6,12.78,66286644.0,882406372.0,369253488.0,0.17951528192470317,002286
2021-04-14,13.03,13.45,12.72,12.88,38835089.0,505753917.0,369253488.0,0.1051718948149787,002286
2021-04-15,12.62,13.97,12.49,13.27,48989173.0,645042470.0,369253488.0,0.1326708469711192,002286
2021-04-16,13.1,13.6,12.55,12.66,40533126.0,526852649.0,369253488.0,0.10977046207346862,002286
2021-04-19,12.75,12.8,11.39,12.04,42064801.0,506127689.0,369253488.0,0.11391849330344037,002286
2021-04-20,12.01,12.46,11.75,12.26,37396961.0,450729687.0,369253488.0,0.10127720445527653,002286
2021-04-21,12.1,13.3,11.92,12.89,42257880.0,536652070.0,369253488.0,0.11444138342167806,002286
2021-04-22,12.75,13.19,12.25,12.32,33853059.0,428621875.0,369253488.0,0.0916797270713933,002286
2021-04-23,12.26,12.41,11.83,11.86,27419859.0,329566685.0,369253488.0,0.07425754905800647,002286
2021-04-26,11.7,11.94,11.24,11.24,28234816.0,326543505.0,369253488.0,0.07646458846720494,002286
2021-04-27,11.22,11.89,11.13,11.56,22739204.0,261153469.0,369253488.0,0.06158155505358422,002286
2021-04-28,11.45,11.59,11.1,11.26,19657613.0,222483365.0,369253488.0,0.053236092924869,002286
2021-04-29,10.62,11.19,10.56,10.86,20988000.0,229375217.0,369253488.0,0.056839002696164105,002286
2021-04-30,10.93,11.09,10.4,10.64,17786650.0,189864294.0,369253488.0,0.04816921323164319,002286
2021-05-06,10.64,11.56,10.62,11.06,20579600.0,229453834.0,369253488.0,0.055732987415950966,002286
2021-05-07,11.19,12.0,11.11,11.56,30104599.0,349434572.0,369253488.0,0.08152827252372495,002286
2021-05-10,11.5,11.5,10.97,11.33,19228600.0,216477306.0,369253488.0,0.052074254204472134,002286
2021-05-11,11.32,11.7,11.2,11.43,17990490.0,205874404.0,369253488.0,0.04872124593173782,002286
2021-05-12,11.47,11.97,11.3,11.86,27821025.0,327298942.0,369253488.0,0.07534397346031299,002286
2021-05-13,11.6,11.74,11.07,11.13,23672700.0,269338307.0,369253488.0,0.0641096178352146,002286
2021-05-14,10.96,11.29,10.9,11.18,15383636.0,170466411.0,369253488.0,0.04166145073760278,002286
2021-05-17,11.1,12.1,10.8,11.85,29824954.0,345551507.0,369253488.0,0.08077094724694923,002286
2021-05-18,11.84,12.29,11.7,11.91,24157138.0,288868121.0,369253488.0,0.0654215566949499,002286
2021-05-19,11.77,12.18,11.63,12.02,23620164.0,283023257.0,369253488.0,0.063967341589472,002286
2021-05-20,11.85,12.16,11.61,11.65,19293732.0,227868101.0,369253488.0,0.05225064251796587,002286
2021-05-21,11.57,12.15,11.54,11.56,14988800.0,176644441.0,369253488.0,0.04059216903050622,002286
2021-05-24,11.44,12.57,11.3,12.12,25828918.0,310162525.0,369253488.0,0.0699490156204022,002286
2021-05-25,12.11,12.12,11.78,11.97,18500840.0,220494764.0,369253488.0,0.050103358806999274,002286
2021-05-26,11.93,12.67,11.87,12.48,32771250.0,405837565.0,369253488.0,0.0887500079620101,002286
2021-05-27,12.38,12.68,12.27,12.5,21318092.0,265548412.0,369253488.0,0.05773294685844647,002286
2021-05-28,12.65,12.77,11.93,12.14,25236006.0,311480208.0,369253488.0,0.06834331108606888,002286
2021-05-31,11.8,12.18,11.75,12.0,14864630.0,178221273.0,369253488.0,0.04025589597138755,002286
2021-06-01,12.0,12.15,11.67,11.82,19365640.0,228865032.0,369253488.0,0.0524453813690177,002286
2021-06-02,11.82,11.9,11.3,11.31,19610500.0,225093374.0,369253488.0,0.053108503067139615,002286
2021-06-03,11.25,11.46,11.18,11.28,9642600.0,109226017.0,369253488.0,0.026113768219841432,002286
2021-06-04,11.21,11.39,11.16,11.32,8097900.0,91286631.0,369253488.0,0.02193046311860431,002286
2021-06-07,11.29,11.29,11.08,11.28,9168401.0,102560922.0,369253488.0,0.024829558278945764,002286
2021-06-08,11.33,11.57,11.28,11.34,9142215.0,104254726.0,369253488.0,0.02475864222574385,002286
2021-06-09,11.34,11.57,11.19,11.55,10093358.0,115573394.0,369253488.0,0.02733449602512624,002286
2021-06-10,11.46,11.68,11.43,11.47,9092600.0,104710014.0,369253488.0,0.02462427653493147,002286
2021-06-11,11.52,11.52,11.0,11.0,13077100.0,146163371.0,369253488.0,0.035414966750429176,002286
2021-06-15,11.0,11.06,10.47,10.49,10897769.0,115587765.0,369253488.0,0.02951297510830825,002286
2021-06-16,10.49,10.69,10.2,10.47,7407605.0,77570632.0,369253488.0,0.02006102918654082,002286
2021-06-17,10.48,10.55,10.11,10.18,8955792.0,92396230.0,369253488.0,0.024253777665060268,002286
2021-06-18,10.19,10.44,9.91,10.39,9770990.0,99792884.0,369253488.0,0.026461469742433415,002286
2021-06-21,10.3,10.59,10.22,10.44,8415560.0,87581244.0,369253488.0,0.022790739352474308,002286
2021-06-22,10.45,10.64,10.38,10.46,6512900.0,68324599.0,369253488.0,0.01763801889936379,002286
2021-06-23,10.36,10.38,10.09,10.1,11163800.0,113638503.0,369253488.0,0.0302334314036324,002286
2021-06-24,10.12,10.24,9.96,9.96,9512652.0,95334882.0,369253488.0,0.025761847373531106,002286
2021-06-25,10.0,10.13,9.7,10.03,11012700.0,108929264.0,369253488.0,0.029824227415287136,002286
2021-06-28,10.06,10.11,9.95,9.97,6730200.0,67380889.0,369253488.0,0.018226503523238215,002286
2021-06-29,9.97,9.97,9.73,9.75,7794501.0,76615218.0,369253488.0,0.02110880805004068,002286
2021-06-30,9.75,9.75,9.45,9.55,12185250.0,116519484.0,369253413.0,0.032999694981830814,002286
2021-07-01,9.56,9.69,9.5,9.51,7274302.0,69686606.0,369253413.0,0.019700026442274213,002286
2021-07-02,9.65,10.08,9.59,9.66,11643750.0,114118685.0,369253413.0,0.031533222416010545,002286
2021-07-05,9.57,9.91,9.49,9.68,8435287.0,81695009.0,369253413.0,0.022844167996898108,002286
2021-07-06,9.65,10.03,9.53,9.88,10377600.0,101637313.0,369253413.0,0.02810427645255103,002286
2021-07-07,9.81,9.97,9.8,9.85,5885830.0,58050373.0,369253413.0,0.01593981204447256,002286
2021-07-08,9.85,9.86,9.57,9.58,7661000.0,74079522.0,369253413.0,0.020747269301475624,002286
2021-07-09,9.56,9.63,9.25,9.28,11179107.0,104578503.0,369253413.0,0.030274891460515763,002286
2021-07-12,9.38,9.75,9.24,9.63,12613604.0,119949151.0,369253413.0,0.034159749255994014,002286
2021-07-13,9.62,9.71,9.5,9.62,8162700.0,78396847.0,369253413.0,0.02210595681074991,002286
2021-07-14,10.5,10.58,10.5,10.58,9241048.0,97703283.0,369253413.0,0.02502630354834391,002286
2021-07-15,10.79,10.79,10.16,10.27,26849686.0,281371751.0,369253413.0,0.07271344029526952,002286
2021-07-16,10.27,11.3,10.27,11.3,38458289.0,423478113.0,369253413.0,0.10415147875694787,002286
2021-07-19,11.48,12.0,11.22,11.6,38660022.0,450814744.0,369253413.0,0.10469780546077173,002286
2021-07-20,11.36,11.51,11.19,11.46,18950984.0,214752841.0,369253413.0,0.05132243422215843,002286
2021-07-21,11.25,11.5,11.02,11.16,21014385.0,235142473.0,369253413.0,0.05691046923376711,002286
2021-07-22,11.19,11.24,10.8,10.82,16197922.0,176598267.0,369253413.0,0.04386668187681721,002286
2021-07-23,10.77,11.06,10.75,10.76,13877050.0,151162128.0,369253413.0,0.037581372335209806,002286
2021-07-26,11.02,11.84,11.02,11.84,42414646.0,497487371.0,369253413.0,0.11486595521325621,002286
2021-07-27,11.61,11.95,11.38,11.4,38233537.0,446770723.0,369253413.0,0.10354281275119859,002286
2021-07-28,11.24,12.47,11.0,11.7,34274438.0,400009123.0,369253413.0,0.09282091050029102,002286
2021-07-29,12.07,12.2,11.54,11.77,35820642.0,425164895.0,369253413.0,0.09700828953475374,002286
2021-07-30,11.77,11.8,11.05,11.41,25141821.0,286214292.0,369253413.0,0.0680882562350209,002286
2021-08-02,11.3,11.66,11.13,11.41,16113150.0,184048861.0,369253413.0,0.043637105122708776,002286
2021-08-03,11.05,11.32,11.0,11.14,18225985.0,202554439.0,369253413.0,0.049359015674148965,002286
2021-08-04,11.14,11.44,10.87,10.96,18053952.0,200518327.0,369253413.0,0.0488931215376471,002286
2021-08-05,11.0,11.07,10.63,10.68,14924563.0,161555318.0,369253413.0,0.04041821273565317,002286
2021-08-06,10.7,10.73,10.3,10.38,14904735.0,155722787.0,369253413.0,0.040364515195422175,002286
2021-08-09,10.35,11.07,10.33,10.89,16381848.0,175737313.0,369253413.0,0.044364784246422116,002286
2021-08-10,10.89,11.67,10.83,11.59,27059236.0,308666654.0,369253413.0,0.07328093674248584,002286
2021-08-11,11.5,12.1,11.4,11.91,27099617.0,318551943.0,369253413.0,0.07339029524420401,002286
2021-08-12,12.16,12.81,11.94,12.15,41934399.0,513345210.0,369253413.0,0.11356536601599401,002286
2021-08-13,12.14,12.14,11.73,11.79,19269441.0,229053364.0,369253413.0,0.05218486904005949,002286
2021-08-16,12.24,12.44,11.61,11.67,18780269.0,223085559.0,369253413.0,0.050860109450091937,002286
2021-08-17,11.91,11.99,11.21,11.34,16031000.0,186503582.0,369253413.0,0.043414629183129584,002286
2021-08-18,11.45,11.49,11.17,11.24,11075890.0,124941169.0,369253413.0,0.029995362561482945,002286
2021-08-19,11.26,12.21,11.1,12.06,24439071.0,287049226.0,369253413.0,0.06618509170015444,002286
2021-08-20,12.06,12.88,11.8,12.27,46518831.0,576782647.0,369253413.0,0.12598077461778262,002286
2021-08-23,12.45,12.45,11.61,11.83,30556169.0,363073870.0,369253413.0,0.08275121616817663,002286
2021-08-24,11.85,11.95,11.63,11.9,20953330.0,246773475.0,369253413.0,0.05674512208232453,002286
2021-08-25,11.9,12.3,11.69,12.19,29680647.0,358347758.0,369253413.0,0.08038015616121062,002286
2021-08-26,12.09,12.12,11.54,11.61,23490181.0,275751189.0,369253413.0,0.06361533887839786,002286
2021-08-27,11.41,12.16,11.26,11.97,21091043.0,249120930.0,369253413.0,0.05711807191880986,002286
2021-08-30,12.0,12.49,11.85,12.2,23138465.0,281119911.0,369253413.0,0.0626628331259324,002286
2021-08-31,12.33,12.53,11.95,12.04,18101826.0,219463482.0,369253413.0,0.049022772336568765,002286
2021-09-01,11.94,12.12,11.62,11.74,19562900.0,231126065.0,369253413.0,0.052979605093047576,002286
2021-09-02,11.76,12.01,11.41,11.93,16157267.0,188813499.0,369253413.0,0.04375658133727257,002286
2021-09-03,11.91,12.13,11.55,11.56,15845028.0,185811025.0,369253413.0,0.04291098590333138,002286
2021-09-06,11.71,12.72,11.55,12.72,35014026.0,432059386.0,369253413.0,0.09482383850030927,002286
2021-09-07,13.17,13.73,12.9,13.33,58442134.0,773195853.0,369253413.0,0.15827107331300416,002286
2021-09-08,13.7,13.99,13.12,13.63,47136983.0,637687040.0,369253413.0,0.12765483361964214,002286
2021-09-09,13.5,14.47,13.33,14.08,43021602.0,600718331.0,369253413.0,0.11650969357458586,002286
2021-09-10,14.0,14.19,13.36,13.49,33281337.0,453165396.0,369253413.0,0.09013142689624916,002286
2021-09-13,13.45,13.81,13.2,13.58,22495303.0,304069751.0,369253413.0,0.060921042861152915,002286
2021-09-14,13.48,13.72,13.05,13.22,21678484.0,289132156.0,369253413.0,0.05870896039625773,002286
2021-09-15,13.16,13.41,13.1,13.19,17069116.0,225692841.0,369253413.0,0.04622602093592565,002286
2021-09-16,13.26,13.99,13.25,13.76,33250497.0,453613851.0,369253413.0,0.09004790701826228,002286
2021-09-17,13.5,15.14,13.01,14.32,43690078.0,615293235.0,369253413.0,0.11832003838512929,002286
2021-09-22,14.27,15.03,14.04,14.83,35434990.0,514871445.0,369253413.0,0.09596387941849573,002286
2021-09-23,14.89,15.1,14.31,14.35,30382768.0,444809038.0,369253413.0,0.0822816172588769,002286
2021-09-24,14.45,14.8,14.1,14.19,22547222.0,324914748.0,369253413.0,0.06106164819660042,002286
2021-09-27,14.22,14.8,13.8,14.2,25779467.0,371634905.0,369253413.0,0.06981510824924995,002286
2021-09-28,13.93,14.16,13.38,13.73,24541110.0,338027076.0,369253413.0,0.06646143037816687,002286
2021-09-29,13.73,13.8,12.68,12.85,25513371.0,335646901.0,369253413.0,0.06909447577672086,002286
2021-09-30,12.88,13.53,12.88,13.36,18448857.0,245455693.0,369253413.0,0.04996259032546843,002286
2021-10-08,13.56,13.96,13.55,13.82,16503820.0,226918513.0,369253413.0,0.044695104822226786,002286
2021-10-11,13.7,14.6,13.68,14.46,26394200.0,377425154.0,369253413.0,0.07147990802728206,002286
2021-10-12,14.0,14.23,13.7,13.93,22074689.0,307299468.0,369253413.0,0.059781949801503934,002286
2021-10-13,14.02,14.05,12.73,13.6,24044398.0,319948445.0,369253413.0,0.06511625120713509,002286
2021-10-14,14.96,14.96,14.96,14.96,8599200.0,128644032.0,369253413.0,0.02328807181533079,002286
2021-10-15,15.69,15.99,14.17,14.3,63673468.0,970925000.0,369253413.0,0.17243840072508687,002286
2021-10-18,14.2,14.7,13.11,14.6,50016265.0,686651683.0,369253413.0,0.1354524108352656,002286
2021-10-19,14.0,14.4,13.8,13.99,29975993.0,421851897.0,369253413.0,0.08118000252579927,002286
2021-10-20,14.08,14.32,13.7,14.18,22795631.0,320584656.0,369253413.0,0.06173438131498056,002286
2021-10-21,14.04,14.74,13.95,14.21,27849349.0,399746669.0,369253413.0,0.07542069489280523,002286
2021-10-22,14.1,14.27,13.87,13.88,17977800.0,252627838.0,369253413.0,0.0486868891852328,002286
2021-10-25,13.88,14.14,13.74,13.9,13852593.0,192832085.0,369253413.0,0.03751513868877902,002286
2021-10-26,13.89,14.09,13.8,14.0,12611702.0,175866564.0,369253413.0,0.03415459832188471,002286
2021-10-27,13.99,14.13,13.38,13.62,18378267.0,251850098.0,369253413.0,0.04977142079929807,002286
2021-10-28,13.82,14.05,13.25,13.81,22967674.0,315448121.0,369253413.0,0.06220030253315492,002286
2021-10-29,13.02,14.21,13.02,14.08,23327741.0,321514202.0,369253413.0,0.06317542419032428,002286
2021-11-01,14.02,14.33,13.81,13.99,19645010.0,277023158.0,369253413.0,0.053201972705936774,002286
2021-11-02,14.01,14.24,13.52,13.57,20345046.0,282304744.0,369253413.0,0.05509778727488702,002286
2021-11-03,13.7,14.25,13.58,14.2,23297400.0,326477870.0,369253413.0,0.06309325568779509,002286
2021-11-04,14.12,14.65,14.07,14.48,22513798.0,325011758.0,369253413.0,0.0609711304144398,002286
2021-11-05,14.4,14.88,14.08,14.26,22622578.0,325031350.0,369253413.0,0.061265724847883805,002286
2021-11-08,14.36,14.36,13.74,13.79,16328407.0,227039734.0,369253413.0,0.04422005708042027,002286
2021-11-09,13.88,13.9,13.5,13.56,13395700.0,182544559.0,369253413.0,0.03627779602947096,002286
2021-11-10,13.59,13.92,13.46,13.69,12789007.0,174587604.0,369253413.0,0.03463476991612803,002286
2021-11-11,13.6,13.88,13.5,13.68,12625590.0,172794989.0,369253413.0,0.0341922093486513,002286
2021-11-12,13.69,14.35,13.63,14.26,21755046.0,306552328.0,369253413.0,0.05891630309724449,002286
2021-11-15,14.19,15.35,14.11,15.3,35639093.0,530612489.0,369253413.0,0.09651662447870184,002286
2021-11-16,15.1,15.28,14.58,14.64,24010050.0,355480943.0,369253413.0,0.06502323107843555,002286
2021-11-17,14.64,15.28,14.26,15.21,27528897.0,407299805.0,369253413.0,0.07455285728124061,002286
2021-11-18,15.15,15.66,14.96,15.16,23232287.0,355414678.0,369253413.0,0.06291691879365242,002286
2021-11-19,15.14,15.85,15.08,15.47,20971527.0,325096506.0,369253413.0,0.05679440260177094,002286
2021-11-22,15.36,15.6,15.15,15.26,16179997.0,247775127.0,369253413.0,0.04381813797886277,002286
2021-11-23,15.2,15.4,14.88,14.92,16873082.0,253577559.0,369253413.0,0.045695128077258965,002286
2021-11-24,14.99,15.05,14.69,14.8,12796590.0,189897013.0,369253413.0,0.034655305948384015,002286
2021-11-25,14.81,15.38,14.6,14.79,16439564.0,244782302.0,369253413.0,0.04452108882741728,002286
2021-11-26,14.98,15.08,14.57,14.87,13377233.0,198254618.0,369253413.0,0.036227784304867075,002286
2021-11-29,14.56,14.83,14.55,14.62,10903800.0,159936064.0,369253413.0,0.02952931405944784,002286
2021-11-30,14.85,15.09,14.59,14.66,14472676.0,214970518.0,369253413.0,0.0391944271615981,002286
2021-12-01,14.6,14.99,14.58,14.87,12534397.0,185599546.0,369253413.0,0.03394524345263127,002286
2021-12-02,14.91,15.13,14.31,14.33,18934676.0,277087644.0,369253413.0,0.051278269430647075,002286
2021-12-03,14.38,14.47,13.81,14.05,15851190.0,223251771.0,369253413.0,0.04292767362992526,002286
2021-12-06,13.97,14.09,13.54,13.59,16037100.0,220178701.0,369253413.0,0.043431149003353965,002286
2021-12-07,13.75,13.78,13.39,13.58,11897944.0,161046891.0,369253413.0,0.03222162228193135,002286
2021-12-08,13.56,13.76,13.54,13.61,10354138.0,140966645.0,369255925.0,0.02804054667504658,002286
2021-12-09,13.62,13.97,13.51,13.85,11447802.0,158177053.0,369255925.0,0.031002351553329848,002286
2021-12-10,13.99,14.2,13.85,13.92,12672910.0,177567485.0,369255925.0,0.03432012634597536,002286
2021-12-13,14.5,14.62,14.02,14.11,16780068.0,238950417.0,369255925.0,0.045442921464293365,002286
2021-12-14,13.95,14.42,13.88,14.2,15824802.0,223979956.0,369255925.0,0.04285591896731244,002286
2021-12-15,14.31,14.65,14.06,14.28,17342460.0,249854369.0,369255925.0,0.04696596269917673,002286
2021-12-16,14.12,14.18,13.69,13.74,17275300.0,239840521.0,369255925.0,0.04678408342398297,002286
2021-12-17,13.76,13.88,13.63,13.8,8923100.0,122609150.0,369255925.0,0.024165082794541482,002286
2021-12-20,13.75,13.83,13.54,13.62,6968400.0,94932373.0,369255925.0,0.01887146428320683,002286
2021-12-21,13.45,13.58,13.18,13.26,14925000.0,198308018.0,369255925.0,0.04041912123684948,002286
2021-12-22,13.21,13.55,13.21,13.39,9164100.0,122794142.0,369255925.0,0.02481774666174957,002286
2021-12-23,13.42,13.58,13.18,13.23,10667590.0,141680433.0,369255925.0,0.028889421341038737,002286
2021-12-24,13.13,13.22,12.9,13.0,11341609.0,147762272.0,369255925.0,0.030714765104987822,002286
2021-12-27,13.01,13.28,12.94,13.11,11347000.0,148620562.0,369255925.0,0.030729364735311966,002286
2021-12-28,13.05,13.23,13.0,13.2,7979100.0,104667330.0,369255925.0,0.02160859030224092,002286
2021-12-29,13.11,13.29,13.11,13.17,8210900.0,108434682.0,369255925.0,0.022236339200244384,002286
2021-12-30,13.17,13.34,13.0,13.29,10249069.0,135069511.0,369255925.0,0.02775600418598564,002286
2021-12-31,13.27,13.64,13.12,13.52,12963600.0,174163689.0,369255925.0,0.03510735812837668,002286
2022-01-04,13.58,13.82,13.58,13.76,16487203.0,226120294.0,369255925.0,0.0446497994581942,002286
2022-01-05,13.75,13.99,13.57,13.89,18857902.0,260466097.0,369255925.0,0.0510700051732413,002286
2022-01-06,13.89,14.59,13.7,14.42,31440749.0,445823694.0,369255925.0,0.08514622751144751,002286
2022-01-07,15.0,15.39,13.9,13.94,34014786.0,492530655.0,369255925.0,0.09211710279259568,002286
2022-01-10,13.66,14.02,13.58,13.81,16628302.0,230241752.0,369255925.0,0.04503191654947717,002286
2022-01-11,13.8,13.88,13.36,13.37,15918899.0,215788222.0,369255925.0,0.04311074764744804,002286
2022-01-12,13.42,14.18,13.32,13.87,19152914.0,265354889.0,369255925.0,0.05186894157487114,002286
2022-01-13,13.87,13.99,13.52,13.54,10613690.0,145325410.0,369255925.0,0.02874345211928556,002286
2022-01-14,13.5,13.62,13.24,13.24,11337013.0,152289754.0,369255925.0,0.030702318452980815,002286
2022-01-17,13.12,13.36,13.11,13.28,9361876.0,124000524.0,369255925.0,0.025353353504077154,002286
2022-01-18,13.33,13.41,13.04,13.1,10001676.0,131682956.0,369255925.0,0.027086027123329165,002286
2022-01-19,13.14,13.24,12.89,13.19,7820800.0,102431424.0,369255925.0,0.021179890342991788,002286
2022-01-20,13.19,13.19,12.4,12.41,14771177.0,188517916.0,369255925.0,0.04000254565989699,002286
2022-01-21,12.41,12.55,12.3,12.4,7194900.0,89466509.0,369255925.0,0.01948485999242937,002286
2022-01-24,12.24,12.43,12.13,12.28,6088224.0,74857211.0,369255925.0,0.01648781668161452,002286
2022-01-25,12.21,12.33,11.87,11.87,9055500.0,109306272.0,369255925.0,0.024523641699181944,002286
2022-01-26,11.86,12.04,11.82,11.95,5744460.0,68685320.0,369255925.0,0.01555685260839078,002286
2022-01-27,12.0,12.09,11.7,11.7,4847796.0,57614663.0,369255925.0,0.01312855304894566,002286
2022-01-28,11.8,11.96,11.48,11.91,6433802.0,75610473.0,369255925.0,0.017423693336809695,002286
2022-02-07,12.09,12.41,11.95,12.33,9735208.0,119256773.0,369255925.0,0.026364392121805493,002286
2022-02-08,12.37,12.53,12.27,12.52,7156414.0,88837972.0,369255925.0,0.019380634176689244,002286
2022-02-09,12.47,12.89,12.41,12.82,9062793.0,115163209.0,369255925.0,0.02454339222857426,002286
2022-02-10,12.86,12.89,12.55,12.74,7790354.0,98616953.0,369255925.0,0.021097438043817442,002286
2022-02-11,12.7,12.7,12.25,12.33,10465899.0,130038438.0,369255925.0,0.02834321209605506,002286
2022-02-14,12.2,12.49,12.09,12.15,6995200.0,85609532.0,369255925.0,0.01894404267175943,002286
2022-02-15,12.24,12.28,12.02,12.2,6560533.0,79659026.0,369255925.0,0.017766899745752216,002286
2022-02-16,12.28,12.55,12.28,12.43,6960300.0,86504070.0,369255925.0,0.018849528277711455,002286
2022-02-17,12.4,12.48,12.21,12.24,6494137.0,80023344.0,369255925.0,0.017587089496261976,002286
2022-02-18,12.18,12.43,12.11,12.38,4810645.0,59233650.0,369255925.0,0.013027942611889031,002286
2022-02-21,12.31,12.68,12.27,12.59,6633951.0,83349889.0,369255925.0,0.01796572661630277,002286
2022-02-22,12.47,12.58,12.33,12.47,5505700.0,68440789.0,369255925.0,0.014910254994554251,002286
2022-02-23,12.47,12.79,12.42,12.74,7693409.0,97671100.0,369255925.0,0.020834896555823715,002286
2022-02-24,12.75,12.8,12.12,12.24,9372100.0,116740839.0,369255925.0,0.025381041617680202,002286
2022-02-25,12.35,12.6,12.35,12.45,6044507.0,75440582.0,369255925.0,0.016369424539362503,002286
2022-02-28,12.45,12.48,12.21,12.43,4959800.0,61360473.0,369255925.0,0.013431876550119,002286
2022-03-01,12.46,12.56,12.36,12.55,5773283.0,71904479.0,369255925.0,0.01563490958201957,002286
2022-03-02,12.46,12.75,12.4,12.74,6461293.0,81826695.0,369255925.0,0.017498143056201468,002286
2022-03-03,12.66,12.8,12.6,12.73,4953373.0,62885279.0,369255925.0,0.013414471277610508,002286
2022-03-04,12.66,12.84,12.62,12.76,6757100.0,86202696.0,369255925.0,0.018299232436148453,002286
2022-03-07,12.64,12.88,12.5,12.66,9299697.0,118327172.0,369255925.0,0.02518496351818864,002286
2022-03-08,12.66,12.83,12.0,12.14,10125557.0,125862471.0,369255925.0,0.027421515308115908,002286
2022-03-09,12.14,12.3,11.34,11.72,9283057.0,109978658.0,369255925.0,0.025139899921714188,002286
2022-03-10,12.0,12.25,11.94,11.98,6844500.0,82721939.0,369255925.0,0.01853592464359238,002286
2022-03-11,11.86,12.32,11.62,12.28,7352670.0,88302116.0,369255925.0,0.01991212463280041,002286
2022-03-14,12.2,12.75,12.06,12.06,8933110.0,109852980.0,369255925.0,0.024192191364295644,002286
2022-03-15,11.9,12.06,11.02,11.03,11891773.0,137460739.0,369255925.0,0.03220469109601965,002286
2022-03-16,11.23,11.46,10.71,11.2,9030195.0,99919458.0,369255925.0,0.024455111993125094,002286
2022-03-17,11.32,11.71,11.32,11.47,8486636.0,98104687.0,369255925.0,0.022983073325092886,002286
2022-03-18,11.77,11.77,11.42,11.59,5967107.0,69186849.0,369255925.0,0.01615981382018447,002286
2022-03-21,11.58,12.0,11.56,11.98,9137880.0,108378044.0,369255925.0,0.024746738999516394,002286
2022-03-22,11.98,12.0,11.73,11.82,5110767.0,60384445.0,369255925.0,0.013840717654022748,002286
2022-03-23,12.0,12.01,11.78,11.87,5838029.0,69259170.0,369255925.0,0.01581025138594594,002286
2022-03-24,11.86,12.06,11.59,11.66,7549970.0,88961403.0,369255925.0,0.020446442396286534,002286
2022-03-25,11.52,11.89,11.52,11.62,7370950.0,86474162.0,369255925.0,0.019961629593350464,002286
2022-03-28,11.75,12.15,11.52,12.12,15803081.0,188048413.0,369255925.0,0.04279709526665009,002286
2022-03-29,12.13,12.53,11.96,12.2,12081216.0,148702650.0,369255925.0,0.03271773093417526,002286
2022-03-30,12.1,12.38,12.1,12.29,7993463.0,98096753.0,369255925.0,0.021647487443837224,002286
2022-03-31,12.22,12.37,12.0,12.04,8694000.0,105703787.0,369255925.0,0.02354464589836981,002286
2022-04-01,11.94,12.21,11.9,11.95,7068743.0,84998492.0,369255925.0,0.019143208060913307,002286
2022-04-06,11.87,12.04,11.75,11.84,8793200.0,104537535.0,369255925.0,0.023813294261967495,002286
2022-04-07,11.77,11.97,11.3,11.33,8376929.0,96400471.0,369255925.0,0.022685970441774225,002286
2022-04-08,11.42,11.48,10.97,11.08,7367138.0,81765018.0,369255925.0,0.019951306130023504,002286
2022-04-11,11.08,11.27,10.68,10.82,7605768.0,83345545.0,369255925.0,0.020597551684512577,002286
2022-04-12,10.7,11.17,10.6,11.11,6505076.0,70609879.0,369255925.0,0.01761671393627604,002286
2022-04-13,11.06,11.24,10.85,11.04,4499411.0,49759041.0,369255925.0,0.01218507461999425,002286
2022-04-14,11.04,11.22,10.91,11.16,5186062.0,57563710.0,369255925.0,0.014044627719920811,002286
2022-04-15,11.15,11.36,10.97,11.03,6106875.0,68044789.0,369255925.0,0.016538326365379243,002286
2022-04-18,11.0,11.24,10.95,11.18,5051905.0,56301150.0,369255925.0,0.013681310597792033,002286
2022-04-19,11.18,11.41,11.1,11.39,5696800.0,64513476.0,369255925.0,0.01542778223531552,002286
2022-04-20,11.37,12.08,11.3,11.88,14272009.0,168925600.0,369255925.0,0.03865072442642593,002286
2022-04-21,11.71,11.86,11.12,11.19,10483215.0,120044483.0,369255925.0,0.028390106401136286,002286
2022-04-22,11.15,11.21,10.67,10.75,9434969.0,102196873.0,369255925.0,0.025551300226259063,002286
2022-04-25,10.55,10.58,9.68,9.72,11160434.0,112710100.0,369255925.0,0.030224116241330454,002286
2022-04-26,9.85,10.0,9.41,9.57,8844845.0,85792566.0,369255925.0,0.023953156608116713,002286
2022-04-27,9.4,9.78,9.01,9.78,9879730.0,92091759.0,369255925.0,0.026755779206521873,002286
2022-04-28,9.7,9.72,9.3,9.5,7913286.0,75398664.0,369255925.0,0.02143035619536775,002286
2022-04-29,9.76,10.1,9.72,9.91,13051519.0,129423380.0,369255925.0,0.03534545586506161,002286
2022-05-05,9.89,10.13,9.73,9.99,12808143.0,128089051.0,369255925.0,0.034686357436241544,002286
2022-05-06,9.69,9.74,9.38,9.47,14572725.0,139358158.0,369255925.0,0.039465108108962636,002286
2022-05-09,9.56,10.05,9.37,10.04,14123229.0,138971356.0,369255925.0,0.038247806044005926,002286
2022-05-10,10.0,10.38,9.85,10.15,13771276.0,138255572.0,369255925.0,0.037294664940041244,002286
2022-05-11,10.24,10.32,10.06,10.08,12237409.0,124546249.0,369255925.0,0.033140724823846765,002286
2022-05-12,9.98,10.25,9.9,10.03,8727872.0,87614977.0,369255925.0,0.023636376315424052,002286
2022-05-13,10.05,10.28,9.93,10.18,10076332.0,101768730.0,369255925.0,0.027288206682127038,002286
2022-05-16,10.19,10.2,9.89,9.93,12035927.0,120337816.0,369255925.0,0.03259508158196785,002286
2022-05-17,9.9,9.95,9.67,9.88,9196007.0,90070188.0,369255925.0,0.024904155566359564,002286
2022-05-18,9.87,10.05,9.78,9.88,8062107.0,79816890.0,369255925.0,0.02183338561188964,002286
2022-05-19,9.69,9.85,9.66,9.81,7552600.0,73719382.0,369255925.0,0.020453564827700464,002286
2022-05-20,9.77,10.07,9.71,9.9,9742915.0,96496726.0,369255925.0,0.02638526382481202,002286
2022-05-23,9.95,10.3,9.92,10.19,14246841.0,145040358.0,369255925.0,0.03858256573675832,002286
2022-05-24,10.2,10.22,9.7,9.74,11310099.0,112180433.0,369255925.0,0.030629431335461983,002286
2022-05-25,9.74,10.55,9.74,10.36,19914678.0,203851183.0,369255925.0,0.05393191185760932,002286
2022-05-26,10.28,10.4,10.0,10.19,12943637.0,131425930.0,369255925.0,0.03505329535335147,002286
2022-05-27,10.12,10.3,10.02,10.12,9295252.0,94293324.0,369255925.0,0.025172925796654446,002286
2022-05-30,10.2,10.65,9.98,10.34,18894100.0,194006918.0,369255925.0,0.051168034744466184,002286
2022-05-31,10.29,10.78,10.24,10.72,25610121.0,269522220.0,369255925.0,0.06935601913496717,002286
2022-06-01,10.57,10.73,10.46,10.61,16955201.0,179521903.0,369255925.0,0.04591720769274048,002286
2022-06-02,10.61,10.75,10.55,10.64,11659789.0,123870338.0,369255925.0,0.031576443898632095,002286
2022-06-06,10.73,11.06,10.64,10.9,16735506.0,182980526.0,369255925.0,0.04532224093628288,002286
2022-06-07,10.85,11.22,10.83,11.06,14668479.0,162178100.0,369255925.0,0.0397244241917039,002286
2022-06-08,11.05,11.05,10.7,10.94,11578079.0,126035715.0,369255925.0,0.031355161058011456,002286
2022-06-09,10.89,10.94,10.57,10.6,9968916.0,106583140.0,369255925.0,0.02699730816777009,002286
2022-06-10,10.6,10.8,10.48,10.72,8044900.0,86256847.0,369255925.0,0.021786786495030512,002286
2022-06-13,10.6,10.97,10.6,10.84,9086707.0,98344566.0,369255925.0,0.024608154899613325,002286
2022-06-14,10.7,10.77,10.46,10.74,8499109.0,90439368.0,369255925.0,0.02301685206540694,002286
2022-06-15,10.9,10.95,10.6,10.6,10645601.0,114217859.0,369255925.0,0.02882987185649086,002286
2022-06-16,10.65,10.84,10.6,10.66,8157800.0,87577074.0,369255925.0,0.022092536497552478,002286
2022-06-17,10.68,10.74,10.43,10.68,8278670.0,87857063.0,369255925.0,0.02241987044622236,002286
2022-06-20,10.65,10.9,10.63,10.75,7812482.0,83919476.0,369255925.0,0.021157363961052215,002286
2022-06-21,10.77,10.77,10.45,10.6,8904790.0,94234209.0,369255925.0,0.024115496589526626,002286
2022-06-22,10.61,10.61,10.2,10.22,9850818.0,101870823.0,369255925.0,0.026677481207647513,002286
2022-06-23,10.33,10.75,10.08,10.6,13115243.0,136616398.0,369255925.0,0.0355180299408872,002286
2022-06-24,10.55,10.83,10.55,10.77,10939536.0,117462161.0,369255925.0,0.029625891581834467,002286
2022-06-27,10.79,10.98,10.75,10.88,10717831.0,116496075.0,369255925.0,0.029025481446235426,002286
2022-06-28,10.91,11.25,10.72,11.2,14469571.0,159971499.0,369255925.0,0.03918575172490462,002286
2022-06-29,11.21,11.24,10.78,10.8,13395573.0,146985149.0,369255925.0,0.03627720530144506,002286
2022-06-30,10.92,11.47,10.73,11.45,25552311.0,285270224.0,369256000.0,0.06919944699612193,002286
2022-07-01,11.4,11.4,11.09,11.21,20835404.0,233555427.0,369256000.0,0.05642536343349871,002286
2022-07-04,11.11,11.19,10.95,11.12,12808189.0,141704972.0,369256000.0,0.03468647496587733,002286
2022-07-05,11.09,11.16,10.88,11.03,10064204.0,110674494.0,369256000.0,0.027255356717290985,002286
2022-07-06,10.98,11.02,10.72,10.79,8779810.0,95059146.0,369256000.0,0.023777027319799814,002286
2022-07-07,10.81,10.92,10.69,10.84,8223200.0,88914337.0,369256000.0,0.02226964490759798,002286
2022-07-08,10.85,10.93,10.71,10.76,6926344.0,74850293.0,369256000.0,0.018757566566284637,002286
2022-07-11,10.75,10.79,10.44,10.63,7165400.0,75887774.0,369256000.0,0.019404965660679854,002286
2022-07-12,10.63,10.64,10.39,10.39,7118900.0,74662453.0,369256000.0,0.019279036765821003,002286
2022-07-13,10.38,10.87,10.25,10.69,11681860.0,124715278.0,369256000.0,0.03163620902571657,002286
2022-07-14,10.68,10.68,10.43,10.43,9712383.0,102007829.0,369256000.0,0.026302573282492362,002286
2022-07-15,10.36,10.53,10.33,10.37,6784746.0,70724841.0,369256000.0,0.018374098186623913,002286
2022-07-18,10.37,10.48,10.31,10.44,6315353.0,65810205.0,369256000.0,0.017102912342656585,002286
2022-07-19,10.43,10.79,10.34,10.59,7901882.0,83783031.0,369256000.0,0.021399468119678487,002286
2022-07-20,10.62,10.68,10.55,10.6,5955200.0,63157507.0,369256000.0,0.01612756461641788,002286
2022-07-21,10.59,11.66,10.53,11.66,26844745.0,303749669.0,369256000.0,0.07269954990575644,002286
2022-07-22,11.52,11.62,11.1,11.17,34623790.0,392045278.0,369256000.0,0.09376635721559026,002286
2022-07-25,11.33,11.35,10.84,10.99,18841500.0,207709700.0,369256000.0,0.05102557575232359,002286
2022-07-26,10.94,11.07,10.79,10.97,15886298.0,172774919.0,369256000.0,0.04302245054921247,002286
2022-07-27,10.97,11.26,10.82,11.24,22516601.0,250658298.0,369256000.0,0.06097829419156358,002286
2022-07-28,11.2,11.27,11.12,11.2,14620240.0,163700148.0,369256000.0,0.039593777758519834,002286
2022-07-29,11.22,11.3,11.01,11.18,14678670.0,163651318.0,369256000.0,0.03975201486231774,002286
2022-08-01,11.13,11.13,10.9,11.02,9104953.0,100058610.0,369256000.0,0.02465756277487705,002286
2022-08-02,10.93,10.95,10.25,10.38,15699054.0,164547498.0,369256000.0,0.04251536603332105,002286
2022-08-03,10.39,10.92,10.39,10.46,13925474.0,148743730.0,369256000.0,0.03771224841302511,002286
2022-08-04,10.56,11.08,10.55,10.93,12901106.0,140228121.0,369256000.0,0.034938107979288084,002286
2022-08-05,10.97,11.14,10.91,11.05,10056258.0,110762342.0,369256000.0,0.027233837771085644,002286
2022-08-08,11.01,11.43,10.86,11.37,14460594.0,162963850.0,369256000.0,0.03916143271876422,002286
2022-08-09,11.3,11.37,11.18,11.28,7991408.0,90012152.0,369256000.0,0.02164191780228351,002286
2022-08-10,11.28,11.36,11.18,11.33,7565867.0,85405179.0,369256000.0,0.02048948967653877,002286
2022-08-11,11.38,11.46,11.23,11.39,8852933.0,100637657.0,369256000.0,0.02397505524622484,002286
2022-08-12,11.36,11.57,11.33,11.38,8384554.0,95959584.0,369256000.0,0.02270661546460992,002286
2022-08-15,11.37,11.44,11.25,11.37,7958300.0,90325722.0,369256000.0,0.021552256429144007,002286
2022-08-16,11.39,11.47,11.29,11.42,6975498.0,79429512.0,369256000.0,0.01889068288666941,002286
2022-08-17,11.41,11.45,11.24,11.27,7137671.0,80703438.0,369256000.0,0.01932987141711983,002286
2022-08-18,11.22,11.28,11.05,11.15,8805860.0,98124034.0,369256000.0,0.023847574582403535,002286
2022-08-19,11.21,11.33,10.98,10.99,7814065.0,86831068.0,369256000.0,0.021161646662478065,002286
2022-08-22,10.9,11.25,10.9,11.12,6348632.0,70618138.0,369256000.0,0.017193036809151376,002286
2022-08-23,11.06,11.46,11.02,11.38,9758200.0,110242848.0,369256000.0,0.02642665251207834,002286
2022-08-24,11.39,11.49,11.16,11.3,9580765.0,108153133.0,369256000.0,0.025946132222631455,002286
2022-08-25,11.28,11.34,10.81,11.09,10413820.0,114791907.0,369256000.0,0.028202168685139847,002286
2022-08-26,11.19,11.58,11.08,11.28,13316678.0,151365993.0,369256000.0,0.03606353857486405,002286
2022-08-29,11.16,11.42,11.13,11.32,7635316.0,86241869.0,369256000.0,0.02067756786619581,002286
2022-08-30,11.26,11.52,11.25,11.45,9713145.0,110549425.0,369256000.0,0.02630463689147908,002286
2022-08-31,11.35,11.36,10.94,11.12,10635261.0,118332223.0,369256000.0,0.028801863747643913,002286
2022-09-01,11.08,11.3,10.92,10.98,8586477.0,95268852.0,369256000.0,0.023253452889052582,002286
2022-09-02,10.9,11.06,10.72,10.93,7792607.0,84806619.0,369256000.0,0.02110353521676019,002286
2022-09-05,10.9,11.02,10.59,10.66,8015707.0,85979643.0,369256000.0,0.02170772309725502,002286
2022-09-06,10.67,10.83,10.51,10.75,7707398.0,82361793.0,369256000.0,0.020872776610264966,002286
2022-09-07,10.73,10.73,10.42,10.51,9475303.0,99942647.0,369256000.0,0.02566052548909158,002286
2022-09-08,10.52,10.55,10.34,10.36,6108300.0,63503089.0,369256000.0,0.0165421821175553,002286
2022-09-09,10.3,10.4,10.28,10.35,4710738.0,48634417.0,369256000.0,0.01275737699590528,002286
2022-09-13,10.33,10.49,10.33,10.42,5562946.0,57983817.0,369256000.0,0.01506528262235414,002286
2022-09-14,10.32,10.32,10.1,10.18,6347557.0,64717618.0,369256000.0,0.0171901255497541,002286
2022-09-15,10.22,10.28,9.96,10.1,6181875.0,62431937.0,369256000.0,0.016741434127001322,002286
2022-09-16,10.03,10.12,9.84,9.84,4767300.0,47432195.0,369256000.0,0.01291055527872262,002286
2022-09-19,9.84,9.98,9.65,9.78,3666568.0,36119660.0,369256000.0,0.009929609809996317,002286
2022-09-20,9.78,9.95,9.78,9.86,2718953.0,26763564.0,369256000.0,0.007363327880928136,002286
2022-09-21,9.84,9.88,9.7,9.84,3448206.0,33757298.0,369256000.0,0.009338253136035705,002286
2022-09-22,9.79,9.86,9.68,9.69,3438493.0,33578898.0,369256000.0,0.009311948891825725,002286
2022-09-23,9.71,9.73,9.37,9.45,5225100.0,49598489.0,369256000.0,0.014150345559720086,002286
2022-09-26,9.37,9.47,9.23,9.29,3211585.0,29986652.0,369256000.0,0.008697448382693849,002286
2022-09-27,9.29,9.53,9.28,9.49,2850546.0,26821465.0,369256000.0,0.007719701237082132,002286
2022-09-28,9.49,9.61,9.25,9.25,3104000.0,29280745.0,369256000.0,0.008406092250362892,002286
2022-09-29,9.39,9.4,9.03,9.08,3376900.0,31049063.0,369256000.0,0.00914514591502914,002286
2022-09-30,9.1,9.18,9.01,9.06,2422401.0,22031666.0,369256000.0,0.006560221093225296,002286
2022-10-10,9.17,9.22,8.76,8.81,3370500.0,30165145.0,369256000.0,0.009127813766059319,002286
2022-10-11,8.81,8.91,8.69,8.91,2923100.0,25790246.0,369256000.0,0.007916188227137813,002286
2022-10-12,8.91,9.08,8.77,9.08,3331800.0,29767550.0,369256000.0,0.009023008427757436,002286
2022-10-13,9.1,9.19,8.97,9.08,3374100.0,30633345.0,369256000.0,0.009137563099854843,002286
2022-10-14,9.07,9.31,9.07,9.25,3834798.0,35440723.0,369256000.0,0.010385201594557705,002286
2022-10-17,9.18,9.36,9.15,9.32,2790600.0,25967293.0,369256000.0,0.0075573585804969996,002286
2022-10-18,9.33,9.37,9.27,9.29,2245300.0,20901138.0,369256000.0,0.006080605325302771,002286
2022-10-19,9.32,9.32,9.05,9.07,4014745.0,36643131.0,369256000.0,0.010872524752475247,002286
2022-10-20,9.06,9.13,8.97,9.01,2755800.0,24925467.0,369256000.0,0.007463115020473601,002286
2022-10-21,9.03,9.08,8.92,8.92,2473000.0,22209327.0,369256000.0,0.006697250687869662,002286
2022-10-24,8.96,9.06,8.6,8.61,4800200.0,42314920.0,369256000.0,0.012999653357020604,002286
2022-10-25,8.61,8.67,8.32,8.46,4505122.0,37995759.0,369256000.0,0.012200538379877375,002286
2022-10-26,8.46,8.69,8.44,8.65,3549122.0,30555380.0,369256000.0,0.009611548627510453,002286
2022-10-27,8.7,8.75,8.63,8.7,3749700.0,32596446.0,369256000.0,0.010154743592521177,002286
2022-10-28,8.5,8.52,7.93,7.97,10322981.0,84404603.0,369256000.0,0.027956163203847736,002286
2022-10-31,7.97,8.05,7.88,8.0,3416400.0,27259142.0,369256000.0,0.00925211777195225,002286
2022-11-01,8.01,8.31,8.01,8.3,4490288.0,36724943.0,369256000.0,0.012160365708343264,002286
2022-11-02,8.3,8.69,8.27,8.43,5675000.0,48170209.0,369256000.0,0.015368741469332928,002286
2022-11-03,8.35,8.47,8.3,8.37,3630300.0,30351831.0,369256000.0,0.009831390688302966,002286
2022-11-04,8.39,8.57,8.37,8.56,4374904.0,37224785.0,369256000.0,0.011847888727603614,002286
2022-11-07,8.57,8.65,8.52,8.64,3967000.0,34082775.0,369256000.0,0.01074322421301211,002286
2022-11-08,8.71,8.82,8.59,8.64,5871669.0,51024307.0,369256000.0,0.01590135028273068,002286
2022-11-09,8.65,8.77,8.61,8.74,3585841.0,31226298.0,369256000.0,0.009710989124076521,002286
2022-11-10,8.7,8.79,8.66,8.75,2978300.0,26030375.0,369256000.0,0.008065678012002513,002286
2022-11-11,8.87,9.0,8.84,8.88,6056200.0,54027587.0,369256000.0,0.016401087592347856,002286
2022-11-14,8.88,9.16,8.86,9.16,6711230.0,60869866.0,369256000.0,0.018175005957926208,002286
2022-11-15,9.07,9.19,8.97,9.09,5827959.0,52837701.0,369256000.0,0.01578297712156336,002286
2022-11-16,9.1,9.2,9.04,9.12,4562200.0,41657335.0,369256000.0,0.012355114067205408,002286
2022-11-17,9.14,9.19,9.06,9.13,3974028.0,36262236.0,369256000.0,0.010762257079099596,002286
2022-11-18,9.13,9.8,9.13,9.49,13708515.0,130213342.0,369256000.0,0.03712469127109647,002286
2022-11-21,9.38,9.39,9.1,9.18,8555294.0,78825968.0,369256000.0,0.02316900470134541,002286
2022-11-22,9.22,9.55,9.07,9.12,9039527.0,84094665.0,369256000.0,0.02448037946573651,002286
2022-11-23,9.23,9.24,8.98,9.16,6735600.0,61427527.0,369256000.0,0.018241003531425354,002286
2022-11-24,9.16,9.22,9.08,9.09,3365800.0,30670346.0,369256000.0,0.009115085469159607,002286
2022-11-25,9.14,9.19,9.08,9.14,2738900.0,25032561.0,369256000.0,0.007417347314600169,002286
2022-11-28,8.23,9.19,8.23,9.08,4893163.0,43783812.0,369256000.0,0.013251410945252074,002286
2022-11-29,9.17,9.27,9.09,9.19,3403453.0,31248136.0,369256000.0,0.009217055376215958,002286
2022-11-30,9.2,9.23,9.12,9.15,2799700.0,25655227.0,369256000.0,0.007582002729813463,002286
2022-12-01,9.21,9.42,9.2,9.35,4493444.0,41893293.0,369256000.0,0.012168912624304007,002286
2022-12-02,9.3,9.4,9.28,9.35,3200903.0,29875762.0,369256000.0,0.008668519942803909,002286
2022-12-05,9.4,9.61,9.37,9.54,4315075.0,40982866.0,369256000.0,0.011685862924366835,002286
2022-12-06,9.48,9.73,9.45,9.52,4655253.0,44659653.0,369256000.0,0.012607115388781766,002286
2022-12-07,9.59,9.59,9.42,9.49,3615200.0,34300446.0,369256000.0,0.009790497649327295,002286
2022-12-08,9.51,9.55,9.37,9.45,3041000.0,28689472.0,369256000.0,0.008235478908941222,002286
2022-12-09,9.45,9.49,9.31,9.48,3018963.0,28371053.0,369256000.0,0.008175799445371232,002286
2022-12-12,9.48,9.5,9.2,9.3,4371200.0,40836394.0,369256000.0,0.01183785774638733,002286
2022-12-13,9.3,10.22,9.28,9.71,19355465.0,190646014.0,369767380.0,0.052344976996077916,002286
2022-12-14,9.45,9.87,9.4,9.77,11282820.0,109742928.0,369767380.0,0.030513291897192228,002286
2022-12-15,9.78,9.81,9.47,9.48,6621880.0,63462333.0,369767280.0,0.017908236769894836,002286
2022-12-16,9.51,9.58,9.31,9.31,4827668.0,45292241.0,369767280.0,0.013055963199339866,002286
2022-12-19,9.31,9.37,9.04,9.1,5070016.0,46348378.0,369767280.0,0.013711370027115434,002286
2022-12-20,9.18,9.18,8.89,8.92,3973700.0,35628507.0,369767280.0,0.010746488980853038,002286
2022-12-21,8.95,9.26,8.9,9.1,4034040.0,36861988.0,369767280.0,0.010909672700083145,002286
2022-12-22,9.1,9.39,9.05,9.17,5163102.0,47914049.0,369767280.0,0.013963112149890601,002286
2022-12-23,9.13,9.29,9.06,9.2,3225666.0,29635244.0,369767280.0,0.00872350306387304,002286
2022-12-26,9.26,9.34,9.06,9.1,3877680.0,35592978.0,369767280.0,0.010486812137623426,002286
2022-12-27,9.14,9.3,8.95,9.3,4542960.0,41695364.0,369767280.0,0.01228599783085188,002286
2022-12-28,9.3,9.33,9.07,9.08,3304420.0,30234366.0,369767280.0,0.008936485672826433,002286
2022-12-29,9.05,9.25,8.95,8.98,3918222.0,35486982.0,369767280.0,0.010596454072410085,002286
2022-12-30,8.96,9.12,8.89,9.09,4150400.0,37355702.0,369767280.0,0.011224357114561353,002286
2023-01-03,9.15,9.2,9.0,9.06,3715400.0,33691166.0,369767280.0,0.010047941505262446,002286
2023-01-04,9.06,9.15,9.0,9.01,3401906.0,30826703.0,369767280.0,0.009200127171879567,002286
2023-01-05,9.08,9.08,8.92,8.97,3931553.0,35216241.0,369767280.0,0.010632506478128622,002286
2023-01-06,8.95,8.96,8.73,8.75,5845803.0,51525944.0,369767280.0,0.0158094112599687,002286
2023-01-09,8.76,8.86,8.75,8.82,2221300.0,19579825.0,369767280.0,0.006007291937783137,002286
2023-01-10,8.83,8.87,8.69,8.7,2572680.0,22438836.0,369767280.0,0.0069575653097267015,002286
2023-01-11,8.69,8.78,8.61,8.65,2119380.0,18426977.0,369767280.0,0.005731659112726253,002286
2023-01-12,8.64,8.68,8.5,8.59,2961900.0,25412479.0,369767280.0,0.008010173317660773,002286
2023-01-13,8.6,8.66,8.59,8.65,2069044.0,17870395.0,369767280.0,0.005595530248106322,002286
2023-01-16,8.64,8.83,8.62,8.75,2538594.0,22220612.0,369767280.0,0.006865383005224259,002286
2023-01-17,8.74,8.79,8.6,8.67,2207100.0,19137008.0,369767280.0,0.005968889405249702,002286
2023-01-18,8.63,8.69,8.61,8.68,1324900.0,11483416.0,369767280.0,0.003583064461517525,002286
2023-01-19,8.64,8.69,8.6,8.65,2595699.0,22446715.0,369767280.0,0.007019817978486361,002286
2023-01-20,8.67,8.82,8.67,8.78,2731100.0,23908910.0,369767280.0,0.007385996943807468,002286
2023-01-30,8.87,8.93,8.85,8.9,3555758.0,31606827.0,369767280.0,0.009616205089860844,002286
2023-01-31,8.91,8.99,8.85,8.97,3713760.0,33212181.0,369767280.0,0.010043506283195204,002286
2023-02-01,9.0,9.02,8.93,9.02,2946200.0,26437115.0,369767280.0,0.00796771417957803,002286
2023-02-02,9.05,9.13,8.98,9.12,4383141.0,39697109.0,369767280.0,0.011853782735995461,002286
2023-02-03,9.12,9.14,8.97,9.07,3230974.0,29195785.0,369767280.0,0.008737858038710185,002286
2023-02-06,9.04,9.06,8.97,9.04,2405400.0,21692790.0,369767280.0,0.006505172658868032,002286
2023-02-07,9.14,9.14,9.0,9.05,2630099.0,23756729.0,369767280.0,0.007112849465750458,002286
2023-02-08,9.03,9.07,8.97,8.97,2250500.0,20257325.0,369767280.0,0.006086260525809639,002286
2023-02-09,8.99,9.06,8.97,9.05,2598030.0,23458721.0,369767280.0,0.007026121943509983,002286
2023-02-10,9.04,9.18,9.01,9.15,4396409.0,40108602.0,369767280.0,0.011889664764280928,002286
2023-02-13,9.17,9.3,9.12,9.3,4801749.0,44188171.0,369767280.0,0.012985867759851548,002286
2023-02-14,9.31,9.32,9.18,9.25,3914300.0,36127198.0,369767280.0,0.010585847401100497,002286
2023-02-15,9.25,9.26,9.16,9.21,2675500.0,24600837.0,369767280.0,0.00723563209811317,002286
2023-02-16,9.25,9.41,8.99,9.08,6263532.0,57905605.0,369767280.0,0.016939119112972894,002286
2023-02-17,9.1,9.32,9.08,9.18,4935964.0,45577827.0,369767280.0,0.013348839302385002,002286
2023-02-20,9.2,9.22,9.09,9.19,3661152.0,33479024.0,369767280.0,0.009901233013369922,002286
2023-02-21,9.15,9.24,9.12,9.2,3336800.0,30655678.0,369767280.0,0.009024054264617463,002286
2023-02-22,9.2,9.27,9.14,9.22,2751732.0,25339040.0,369767280.0,0.007441794200936329,002286
2023-02-23,9.22,9.32,9.18,9.26,4281700.0,39637656.0,369767280.0,0.011579445320310655,002286
2023-02-24,9.26,9.66,9.09,9.45,12554004.0,118248745.0,369767280.0,0.03395109486161134,002286
2023-02-27,9.4,9.45,9.21,9.26,7081077.0,65883930.0,369767280.0,0.01915009083551146,002286
2023-02-28,9.27,9.31,9.18,9.24,3806648.0,35133243.0,369767280.0,0.010294712934037864,002286
2023-03-01,9.29,9.3,9.17,9.28,4021426.0,37061885.0,369767280.0,0.010875559351817176,002286
2023-03-02,9.28,9.28,9.13,9.14,3826394.0,35205750.0,369767280.0,0.010348114089488936,002286
2023-03-03,9.13,9.2,9.1,9.14,3673168.0,33603143.0,369767280.0,0.009933729128223568,002286
2023-03-06,9.14,9.27,9.14,9.26,3875541.0,35731645.0,369767280.0,0.010481027418110115,002286
2023-03-07,9.26,9.27,8.98,8.99,5495641.0,50060688.0,369767280.0,0.014862431851731176,002286
2023-03-08,8.96,9.06,8.95,8.99,2248187.0,20216118.0,369767280.0,0.006080005240052608,002286
2023-03-09,9.0,9.05,8.93,9.0,2170100.0,19512203.0,369767280.0,0.005868826468366806,002286
2023-03-10,9.0,9.0,8.86,8.86,2200500.0,19588083.0,369767280.0,0.005951040340832753,002286
2023-03-13,8.83,8.88,8.66,8.81,3293500.0,28874590.0,369767280.0,0.00890695358442748,002286
2023-03-14,8.82,8.92,8.62,8.69,2445200.0,21355028.0,369767280.0,0.0066128079261096335,002286
2023-03-15,8.72,8.81,8.72,8.77,1692836.0,14848099.0,369767280.0,0.004578111941110636,002286
2023-03-16,8.76,8.76,8.57,8.59,2405300.0,20839033.0,369767280.0,0.006504902218498078,002286
2023-03-17,8.7,8.73,8.59,8.63,2010497.0,17362371.0,369767280.0,0.005437195524709487,002286
2023-03-20,8.63,8.65,8.52,8.57,1863900.0,15995574.0,369767280.0,0.005040738055568357,002286
2023-03-21,8.57,8.74,8.54,8.72,1902600.0,16498835.0,369767280.0,0.005145398478740466,002286
2023-03-22,8.75,8.79,8.7,8.77,1925300.0,16868373.0,369767280.0,0.005206788442719972,002286
2023-03-23,8.75,8.85,8.74,8.8,2150500.0,18908602.0,369767280.0,0.005815820155855867,002286
2023-03-24,8.8,8.87,8.78,8.81,1932900.0,17060797.0,369767280.0,0.005227341910836459,002286
2023-03-27,8.85,8.86,8.74,8.82,1829000.0,16091292.0,369767280.0,0.00494635436645449,002286
2023-03-28,8.85,8.95,8.77,8.86,2558600.0,22663309.0,369767280.0,0.00691948730563721,002286
2023-03-29,8.86,8.88,8.76,8.83,1899000.0,16730224.0,369767280.0,0.005135662625422131,002286
2023-03-30,8.81,9.18,8.8,8.93,5355609.0,48156013.0,369767280.0,0.01448372879287751,002286
2023-03-31,8.86,9.06,8.83,9.01,4925911.0,44318201.0,369767280.0,0.01332165193199355,002286
2023-04-03,9.01,9.09,8.91,9.01,4285374.0,38553598.0,369767280.0,0.011589381299502757,002286
2023-04-04,9.09,9.1,8.93,8.97,3396425.0,30481502.0,369767280.0,0.0091853043352024,002286
2023-04-06,9.02,9.1,8.98,8.99,3227200.0,29106695.0,369767280.0,0.00872765161914813,002286
2023-04-07,9.01,9.21,8.98,9.17,5504900.0,50163482.0,369767280.0,0.014887471925585195,002286
2023-04-10,9.15,9.2,9.0,9.02,3810000.0,34582158.0,369767280.0,0.010303778095238714,002286
2023-04-11,9.03,9.03,8.9,8.98,2713101.0,24268202.0,369767280.0,0.007337320381619488,002286
2023-04-12,8.99,9.17,8.95,9.07,3838482.0,34857808.0,369767280.0,0.010380804921408946,002286
2023-04-13,9.04,9.08,8.98,9.02,2608594.0,23536865.0,369767280.0,0.007054691264191899,002286
2023-04-14,9.02,9.05,8.89,8.9,2594100.0,23172079.0,369767280.0,0.007015493636970799,002286
2023-04-17,8.9,8.95,8.84,8.94,2207490.0,19657312.0,369767280.0,0.0059699441226925215,002286
2023-04-18,8.93,8.95,8.82,8.84,2177760.0,19295099.0,369767280.0,0.005889542200705265,002286
2023-04-19,8.82,8.84,8.7,8.72,2651084.0,23201496.0,369767280.0,0.007169601377385257,002286
2023-04-20,8.69,8.71,8.55,8.57,2824500.0,24280480.0,369767280.0,0.00763858824934429,002286
2023-04-21,8.6,8.8,8.57,8.66,3886931.0,33721019.0,369767280.0,0.01051183057624785,002286
2023-04-24,8.66,8.7,8.32,8.45,3377035.0,28632852.0,369767280.0,0.009132865947468365,002286
2023-04-25,8.45,8.48,8.12,8.2,3128357.0,25803609.0,369767280.0,0.008460340244274724,002286
2023-04-26,8.15,8.28,8.12,8.25,2093900.0,17217483.0,369767280.0,0.005662750906462032,002286
2023-04-27,8.26,8.3,8.22,8.24,3335696.0,27610862.0,369767280.0,0.009021068602933174,002286
2023-04-28,8.16,8.58,8.12,8.55,4858300.0,40816932.0,369767280.0,0.013138804493464105,002286
2023-05-04,8.46,8.74,8.43,8.65,3085700.0,26678819.0,369767280.0,0.008344978495663543,002286
2023-05-05,8.66,8.71,8.45,8.5,2005000.0,17079351.0,369767280.0,0.005422329417573129,002286
2023-05-08,8.49,8.58,8.43,8.49,1794100.0,15219869.0,369767280.0,0.004851970677340623,002286
2023-05-09,8.5,8.51,8.36,8.36,1670800.0,14032779.0,369767280.0,0.004518517701187622,002286
2023-05-10,8.36,8.44,8.3,8.36,1125500.0,9398707.0,369767280.0,0.003043806363829704,002286
2023-05-11,8.36,8.49,8.28,8.45,1657600.0,13919873.0,369767280.0,0.004482819572353725,002286
2023-05-12,8.43,8.44,8.27,8.3,2070243.0,17255228.0,369767280.0,0.005598772828142068,002286
2023-05-15,8.34,9.05,8.21,8.78,8265737.0,71550139.0,369767280.0,0.022353889722205814,002286
2023-05-16,8.7,8.7,8.47,8.58,5288839.0,45210990.0,369767280.0,0.014303155757859376,002286
2023-05-17,8.51,8.55,8.37,8.43,2777100.0,23379717.0,369767280.0,0.007510399513986203,002286
2023-05-18,8.4,8.44,8.37,8.39,2238300.0,18809788.0,369767280.0,0.0060532668006752785,002286
2023-05-19,8.39,8.44,8.31,8.4,1888646.0,15828102.0,369767280.0,0.005107661229517117,002286
2023-05-22,8.44,8.77,8.32,8.73,5994324.0,51480580.0,369767280.0,0.016211072001827743,002286
2023-05-23,8.73,8.76,8.59,8.6,3432300.0,29730190.0,369767280.0,0.009282324817923316,002286
2023-05-24,8.59,8.62,8.47,8.48,2047900.0,17496307.0,369767280.0,0.005538348336283297,002286
2023-05-25,8.46,8.5,8.28,8.4,3125934.0,26225838.0,369767280.0,0.008453787474110743,002286
2023-05-26,8.45,8.47,8.25,8.33,2579800.0,21445636.0,369767280.0,0.00697682066406741,002286
2023-05-29,8.42,8.43,8.27,8.3,1773134.0,14770374.0,369767280.0,0.0047952701493761156,002286
2023-05-30,8.27,8.33,8.19,8.31,2105400.0,17397146.0,369767280.0,0.005693851549006716,002286
2023-05-31,8.3,8.32,8.22,8.22,1893200.0,15646113.0,369767280.0,0.005119977083964811,002286
2023-06-01,8.2,8.29,8.19,8.26,1503700.0,12397646.0,369767280.0,0.00406661184299487,002286
2023-06-02,8.25,8.42,8.23,8.38,2331800.0,19469702.0,369767280.0,0.006306128546582056,002286
2023-06-05,8.37,8.48,8.35,8.43,2015599.0,16950994.0,369767280.0,0.005450993392384529,002286
2023-06-06,8.44,8.44,8.21,8.24,1884699.0,15636421.0,369767280.0,0.005096986948115042,002286
2023-06-07,8.24,8.32,8.23,8.27,1441500.0,11907995.0,369767280.0,0.0038983979328836233,002286
2023-06-08,8.22,8.31,8.21,8.25,1365100.0,11289018.0,369767280.0,0.0036917814902389418,002286
2023-06-09,8.3,8.43,8.25,8.41,2373926.0,19832216.0,369767280.0,0.006420054256828782,002286
2023-06-12,8.39,8.46,8.34,8.45,1937000.0,16303847.0,369767280.0,0.005238429966004564,002286
2023-06-13,8.42,8.54,8.4,8.43,1988800.0,16822331.0,369767280.0,0.0053785180776406176,002286
2023-06-14,8.42,8.42,8.32,8.39,2411800.0,20200956.0,369767280.0,0.006522480842545073,002286
2023-06-15,8.38,8.41,8.31,8.34,2429474.0,20260596.0,369767280.0,0.006570278473530703,002286
2023-06-16,8.34,8.45,8.32,8.37,2302300.0,19299073.0,369767280.0,0.006226348637445693,002286
2023-06-19,8.39,8.41,8.25,8.26,2592800.0,21540384.0,369767280.0,0.0070119779121614,002286
2023-06-20,8.23,8.25,8.17,8.18,2529700.0,20733795.0,369767280.0,0.006841330038720571,002286
2023-06-21,8.18,8.28,8.18,8.22,1524820.0,12544726.0,369767280.0,0.0041237288491291066,002286
2023-06-26,8.2,8.21,8.02,8.02,2566020.0,20705168.0,369767280.0,0.006939553981087781,002286
2023-06-27,8.02,8.11,8.01,8.08,1080900.0,8731602.0,369767280.0,0.0029231899588303216,002286
2023-06-28,8.1,8.13,7.95,8.08,1966226.0,15816119.0,369767280.0,0.005317468868527253,002286
2023-06-29,8.08,8.89,8.05,8.54,12244528.0,105343029.0,369767280.0,0.0331141468222932,002286
2023-06-30,9.39,9.39,9.39,9.39,12424520.0,116666243.0,369767305.0,0.03360091558121938,002286
2023-07-03,9.38,10.18,9.15,9.39,42539914.0,407049432.0,369767305.0,0.11504509302140707,002286
2023-07-04,9.25,9.39,9.04,9.16,28736764.0,264274302.0,369767305.0,0.07771580561996956,002286
2023-07-05,9.1,9.24,9.01,9.01,14671628.0,133554599.0,369767305.0,0.03967800235880779,002286
2023-07-06,8.85,8.9,8.6,8.78,15881400.0,139388493.0,369767305.0,0.04294971401000421,002286
2023-07-07,8.75,8.86,8.69,8.74,8114000.0,71162032.0,369767305.0,0.021943530134444958,002286
2023-07-10,8.71,8.84,8.67,8.77,8243000.0,72015559.0,369767305.0,0.022292398188098323,002286
2023-07-11,8.77,8.77,8.62,8.75,6360434.0,55268897.0,369767305.0,0.017201180077292124,002286
2023-07-12,8.7,8.99,8.65,8.73,11228256.0,99120331.0,369767305.0,0.03036573501272645,002286
2023-07-13,8.72,8.89,8.72,8.83,9884156.0,87051094.0,369767305.0,0.026730746245939727,002286
2023-07-14,8.93,9.2,8.67,9.08,24773803.0,222207046.0,369767305.0,0.06699835995505335,002286
2023-07-17,8.88,8.93,8.69,8.73,12313578.0,107910794.0,369767305.0,0.03330088364627046,002286
2023-07-18,8.71,8.74,8.52,8.68,9292457.0,80084237.0,369767305.0,0.025130553389516145,002286
2023-07-19,8.64,8.71,8.54,8.55,5749660.0,49444967.0,369767305.0,0.015549400723787627,002286
2023-07-20,8.55,8.6,8.45,8.47,5392600.0,45896210.0,369767305.0,0.014583766404117314,002286
2023-07-21,8.47,8.61,8.45,8.5,5438731.0,46436139.0,369767305.0,0.014708523242745866,002286
2023-07-24,8.52,8.55,8.33,8.35,4655490.0,39026551.0,369767305.0,0.012590323527927922,002286
2023-07-25,8.41,8.5,8.4,8.47,3768900.0,31888422.0,369767305.0,0.010192626414063299,002286
2023-07-26,8.47,8.52,8.44,8.5,2884036.0,24460200.0,369767305.0,0.007799597100668487,002286
2023-07-27,8.49,8.54,8.39,8.4,3242700.0,27457654.0,369767305.0,0.008769569283579574,002286
2023-07-28,8.36,8.49,8.35,8.46,3657700.0,30859934.0,369767305.0,0.009891896743007065,002286
2023-07-31,8.51,8.58,8.48,8.57,3789800.0,32407772.0,369767305.0,0.010249148447562176,002286
2023-08-01,8.58,8.58,8.49,8.53,2506400.0,21388173.0,369767305.0,0.006778316974238704,002286
2023-08-02,8.53,8.57,8.48,8.5,2593500.0,22092102.0,369767305.0,0.007013870520542642,002286
2023-08-03,8.51,8.59,8.46,8.56,2926200.0,24995929.0,369767305.0,0.007913625570546319,002286
2023-08-04,8.57,8.6,8.46,8.48,4077500.0,34702418.0,369767305.0,0.01102720533931468,002286
2023-08-07,8.48,8.56,8.42,8.52,2760200.0,23472938.0,369767305.0,0.007464694586775324,002286
2023-08-08,8.52,8.65,8.45,8.64,5780740.0,49594903.0,369767305.0,0.015633453585086436,002286
2023-08-09,8.65,8.65,8.45,8.46,4135640.0,35226182.0,369767305.0,0.011184439359775197,002286
2023-08-10,8.51,8.51,8.42,8.47,1923501.0,16267327.0,369767305.0,0.0052019228687620175,002286
2023-08-11,8.45,8.52,8.3,8.31,3708600.0,31151866.0,369767305.0,0.010029550882006726,002286
2023-08-14,8.21,8.3,8.2,8.27,2557000.0,21086647.0,369767305.0,0.006915159792183357,002286
2023-08-15,8.27,8.28,8.11,8.25,2897000.0,23740288.0,369767305.0,0.00783465698785889,002286
2023-08-16,8.18,8.29,8.13,8.21,1823700.0,14981560.0,369767305.0,0.004932020693392565,002286
2023-08-17,8.17,8.34,8.15,8.29,2743701.0,22656111.0,369767305.0,0.0074200746331534095,002286
2023-08-18,8.32,8.32,8.15,8.15,2400500.0,19745678.0,369767305.0,0.006491920641820942,002286
2023-08-21,8.2,8.24,8.12,8.13,1955000.0,15982573.0,369767305.0,0.005287108875134323,002286
2023-08-22,8.15,8.19,7.91,8.06,3815400.0,30573896.0,369767305.0,0.01031838117758951,002286
2023-08-23,8.05,8.09,7.93,7.97,1861540.0,14902014.0,369767305.0,0.005034355322464218,002286
2023-08-24,8.0,8.13,7.98,8.09,2964200.0,23899400.0,369767305.0,0.008016392904180644,002286
2023-08-25,8.02,8.17,7.94,7.96,2949500.0,23745163.0,369767305.0,0.00797663817248526,002286
2023-08-28,8.3,8.38,7.89,8.0,6018239.0,48898494.0,369767305.0,0.01627574671589745,002286
2023-08-29,8.01,8.13,7.96,8.13,3481460.0,28070065.0,369767305.0,0.009415272667225135,002286
2023-08-30,8.11,8.18,8.1,8.15,2615700.0,21310313.0,369767305.0,0.007073908278613221,002286
2023-08-31,8.15,8.16,8.02,8.12,3575860.0,28955533.0,369767305.0,0.00967056835920093,002286
2023-09-01,8.12,8.21,8.09,8.19,2602162.0,21280132.0,369767305.0,0.007037296063804235,002286
2023-09-04,8.18,8.42,8.18,8.36,5834146.0,48549309.0,369767305.0,0.01577788495929893,002286
2023-09-05,8.34,8.39,8.22,8.36,4614496.0,38318775.0,369767305.0,0.01247945921016462,002286
2023-09-06,8.39,8.39,8.25,8.28,3108016.0,25762304.0,369767305.0,0.008405329400337329,002286
2023-09-07,8.22,8.29,8.17,8.17,2701200.0,22202360.0,369767305.0,0.007305134779290451,002286
2023-09-08,8.25,8.25,8.11,8.14,2521800.0,20565023.0,369767305.0,0.006819964788395773,002286
2023-09-11,8.14,8.25,8.07,8.21,2466500.0,20198920.0,369767305.0,0.006670411273922663,002286
2023-09-12,8.17,8.27,8.15,8.24,1867200.0,15356766.0,369767305.0,0.0050496622463687,002286
2023-09-13,8.35,8.46,8.19,8.26,7352500.0,61274985.0,369767305.0,0.01988412685648343,002286
2023-09-14,8.29,8.53,8.24,8.4,6564900.0,54898210.0,369767305.0,0.017754138646736223,002286
2023-09-15,8.37,8.38,8.23,8.25,4316869.0,35735792.0,369767305.0,0.011674555704701908,002286
2023-09-18,8.2,8.3,8.15,8.26,3101602.0,25551006.0,369767305.0,0.008387983356181261,002286
2023-09-19,8.26,8.3,8.22,8.23,1875500.0,15465881.0,369767305.0,0.005072108795557249,002286
2023-09-20,8.22,8.31,8.2,8.24,1875302.0,15481721.0,369767305.0,0.005071573323660944,002286
2023-09-21,8.27,8.27,8.08,8.12,2612402.0,21290642.0,369767305.0,0.007064989155815169,002286
2023-09-22,8.11,8.2,8.06,8.19,1853600.0,15096027.0,369767305.0,0.005012882358541678,002286
2023-09-25,8.18,8.21,8.09,8.11,1679000.0,13649337.0,369767305.0,0.004540693504527124,002286
2023-09-26,8.09,8.12,8.03,8.07,1756257.0,14170005.0,369767305.0,0.004749627607016256,002286
2023-09-27,8.02,8.18,8.02,8.06,2262100.0,18317914.0,369767305.0,0.006117631195110666,002286
2023-09-28,8.1,8.11,8.0,8.05,2652300.0,21331132.0,369767305.0,0.007172889447324176,002286
2023-10-09,8.05,8.06,7.88,7.92,2975900.0,23633979.0,369767305.0,0.008048034425325949,002286
2023-10-10,7.91,7.97,7.73,7.78,3935277.0,30777993.0,369767305.0,0.010642576957960087,002286
2023-10-11,7.79,7.83,7.75,7.79,2289504.0,17846976.0,369767305.0,0.006191742669082114,002286
2023-10-12,7.79,7.83,7.76,7.81,1525060.0,11903146.0,369767305.0,0.004124377627167442,002286
2023-10-13,7.8,7.8,7.62,7.67,3393600.0,26089844.0,369767305.0,0.00917766377424851,002286
2023-10-16,8.44,8.44,8.07,8.44,38269654.0,319948461.0,369767305.0,0.10349658686021469,002286
2023-10-17,8.51,8.65,8.07,8.19,27757604.0,229773069.0,369767305.0,0.0750677618725647,002286
2023-10-18,8.06,8.2,7.71,7.78,19289000.0,152055151.0,369767305.0,0.05216523943348642,002286
2023-10-19,7.72,7.81,7.54,7.56,10635200.0,81151820.0,369767305.0,0.028761872280730714,002286
2023-10-20,7.53,7.64,7.43,7.55,7180100.0,54005319.0,369767305.0,0.019417887690205603,002286
2023-10-23,7.5,7.51,7.23,7.28,6840057.0,50333404.0,369767305.0,0.018498274205178848,002286
2023-10-24,7.3,7.47,7.25,7.42,6124360.0,45311092.0,369767305.0,0.0165627407214924,002286
2023-10-25,7.44,7.54,7.41,7.46,4713920.0,35329941.0,369767305.0,0.01274834182540828,002286
2023-10-26,7.38,7.46,7.3,7.46,4252859.0,31378243.0,369767305.0,0.011501446835598405,002286
2023-10-27,7.44,7.68,7.36,7.66,6763400.0,51258552.0,369767305.0,0.018290962744799733,002286
2023-10-30,7.63,7.84,7.59,7.82,5600280.0,43478119.0,369767305.0,0.015145416926464064,002286
2023-10-31,7.81,8.08,7.75,8.04,9026420.0,72311321.0,369767305.0,0.024411081991145757,002286
2023-11-01,8.04,8.08,7.94,7.96,3948000.0,31522273.0,369767305.0,0.01067698508390297,002286
2023-11-02,7.96,8.07,7.92,7.99,4183200.0,33446067.0,369767305.0,0.011313060791029105,002286
2023-11-03,7.99,8.08,7.97,8.02,3125500.0,25124078.0,369767305.0,0.008452613191423184,002286
2023-11-06,8.04,8.09,8.02,8.02,3271300.0,26301424.0,369767305.0,0.008846915224156987,002286
2023-11-07,8.06,8.14,7.97,8.09,4244259.0,34248041.0,369767305.0,0.011478188965354847,002286
2023-11-08,8.07,8.16,8.05,8.11,3876100.0,31406687.0,369767305.0,0.01048253847105276,002286
2023-11-09,8.72,8.92,8.25,8.3,31240195.0,269025571.0,369767305.0,0.0844860932201672,002286
2023-11-10,8.15,8.25,8.07,8.2,19827604.0,161864964.0,369767305.0,0.0536218419851912,002286
2023-11-13,8.16,8.23,8.08,8.21,11632990.0,94651603.0,369767305.0,0.03146029906565157,002286
2023-11-14,8.18,8.19,8.07,8.1,6248890.0,50673286.0,369767305.0,0.016899520091426146,002286
2023-11-15,8.13,8.19,8.1,8.13,5075600.0,41319473.0,369767305.0,0.013726470489325713,002286
2023-11-16,8.12,8.17,8.07,8.07,3806600.0,30881107.0,369767305.0,0.010294582426642615,002286
2023-11-17,8.07,8.18,8.04,8.13,4537500.0,36789994.0,369767305.0,0.012271230956993345,002286
2023-11-20,8.12,8.3,8.05,8.29,6710300.0,55191311.0,369767305.0,0.018147358918063346,002286
2023-11-21,8.32,8.38,8.27,8.3,5111753.0,42568757.0,369767305.0,0.013824242789664706,002286
2023-11-22,8.27,8.33,8.24,8.24,3030500.0,25104548.0,369767305.0,0.008195694857337373,002286
2023-11-23,8.24,8.35,8.23,8.34,3115200.0,25869835.0,369767305.0,0.00842475783520125,002286
2023-11-24,8.32,8.36,8.28,8.34,3899051.0,32455640.0,369767305.0,0.010544607236164377,002286
2023-11-27,8.3,8.39,8.3,8.36,3966800.0,33078099.0,369767305.0,0.010727827870016794,002286
2023-11-28,8.28,8.38,8.25,8.35,2782729.0,23172833.0,369767305.0,0.007525622093602895,002286
2023-11-29,8.35,8.4,8.3,8.34,2970060.0,24780981.0,369767305.0,0.008032240708788463,002286
2023-11-30,8.34,8.39,8.25,8.35,4673500.0,38908066.0,369767305.0,0.01263902983526356,002286
2023-12-01,8.36,8.4,8.27,8.29,3486900.0,29018917.0,369767305.0,0.009429984622355943,002286
2023-12-04,8.3,8.32,8.21,8.22,3543300.0,29229844.0,369767305.0,0.009582512980697415,002286
2023-12-05,8.22,8.33,8.19,8.23,4090501.0,33918861.0,369767305.0,0.011062365289435203,002286
2023-12-06,8.2,8.38,8.19,8.34,4050820.0,33695749.0,369767305.0,0.010955051853489318,002286
2023-12-07,8.29,8.38,8.22,8.28,3545852.0,29377742.0,369767305.0,0.009589414618472014,002286
2023-12-08,8.27,8.33,8.11,8.11,3786340.0,31027874.0,369767305.0,0.010239791211394421,002286
2023-12-11,8.08,8.12,8.01,8.08,4268898.0,34460224.0,369767305.0,0.01154482276360264,002286
2023-12-12,8.12,8.15,8.06,8.12,2405300.0,19490654.0,369767305.0,0.006504901778701067,002286
2023-12-13,8.12,8.16,8.06,8.06,2413800.0,19583516.0,369767305.0,0.006527889208592956,002286
2023-12-14,8.08,8.18,8.08,8.09,2305200.0,18744285.0,369767305.0,0.006234190986680123,002286
2023-12-15,8.2,8.2,8.06,8.08,2142920.0,17360118.0,369767305.0,0.005795320383991224,002286
2023-12-18,8.09,8.17,8.02,8.05,3642840.0,29486388.0,369767305.0,0.00985170930674901,002286
2023-12-19,8.0,8.04,7.91,7.97,3175800.0,25289595.0,369767305.0,0.00858864468831283,002286
2023-12-20,7.99,8.05,7.93,7.93,2611400.0,20888742.0,369767305.0,0.007062279343491442,002286
2023-12-21,7.9,8.07,7.81,8.05,3264300.0,25939201.0,369767305.0,0.008827984399540138,002286
2023-12-22,8.06,8.09,7.93,7.94,2454020.0,19590473.0,369767305.0,0.0066366603180343375,002286
2023-12-25,8.0,8.32,7.76,7.98,8459696.0,67713774.0,369767305.0,0.022878431612551573,002286
2023-12-26,7.96,8.35,7.88,8.05,11504500.0,92917692.0,369767305.0,0.03111281025779172,002286
2023-12-27,7.99,8.04,7.78,8.02,9106700.0,71934021.0,369767305.0,0.02462819150546585,002286
2023-12-28,8.0,8.11,7.91,8.07,5457400.0,43792453.0,369767305.0,0.014759011751999004,002286
2023-12-29,8.06,8.16,8.04,8.12,4182300.0,33951573.0,369767305.0,0.01131062682786408,002286
2024-01-02,8.35,8.35,8.13,8.24,5552400.0,45678726.0,369767305.0,0.015015930086084815,002286
2024-01-03,8.21,8.33,8.18,8.27,4821600.0,39790262.0,369767305.0,0.013039551996085754,002286
2024-01-04,8.27,8.3,8.2,8.22,3119400.0,25710368.0,369767305.0,0.008436116329971358,002286
2024-01-05,8.22,8.29,8.09,8.14,3377800.0,27722056.0,369767305.0,0.009134934198684764,002286
2024-01-08,8.12,8.14,7.98,7.99,2460500.0,19817205.0,369767305.0,0.006654184852822507,002286
2024-01-09,7.99,8.07,7.9,7.96,2567100.0,20475305.0,369767305.0,0.006942474267701954,002286
2024-01-10,7.94,8.03,7.88,7.98,2344600.0,18702516.0,369767305.0,0.0063407444852378175,002286
2024-01-11,8.0,8.09,7.93,8.08,2474240.0,19904248.0,369767305.0,0.006691343357141865,002286
2024-01-12,8.05,8.23,8.05,8.13,4161300.0,33940369.0,369767305.0,0.011253834354013533,002286
2024-01-15,8.12,8.19,8.06,8.1,2563400.0,20821395.0,369767305.0,0.006932467974690191,002286
2024-01-16,8.11,8.18,8.04,8.15,4145000.0,33566172.0,369767305.0,0.011209752576691441,002286
2024-01-17,8.15,8.16,7.96,7.97,3113900.0,25136401.0,369767305.0,0.008421242110629548,002286
2024-01-18,7.9,7.97,7.56,7.74,5605500.0,43326077.0,369767305.0,0.0151595339128212,002286
2024-01-19,7.74,7.79,7.64,7.67,2493280.0,19226852.0,369767305.0,0.0067428352000996955,002286
2024-01-22,7.67,7.74,7.11,7.14,3974800.0,29307084.0,369767305.0,0.010749463098150336,002286
2024-01-23,7.07,7.28,6.87,6.99,5625700.0,39238609.0,369767305.0,0.015214162863858393,002286
2024-01-24,6.98,7.15,6.8,7.11,4267900.0,29914983.0,369767305.0,0.01154212376889298,002286
2024-01-25,7.12,7.5,7.1,7.5,4236200.0,31137679.0,369767305.0,0.01145639417741382,002286
2024-01-26,7.51,7.66,7.45,7.59,2983990.0,22658949.0,369767305.0,0.008069913049775994,002286
2024-01-29,7.58,7.59,7.33,7.35,3461200.0,25833642.0,369767305.0,0.00936048145197694,002286
2024-01-30,7.34,7.34,7.05,7.07,3633500.0,26143893.0,369767305.0,0.0098264501779031,002286
2024-01-31,7.07,7.13,6.68,6.71,5256654.0,35997073.0,369767305.0,0.014216113563637,002286
2024-02-01,6.69,6.72,6.28,6.42,7020716.0,45334360.0,369767305.0,0.018986849040101044,002286
2024-02-02,6.42,6.61,5.99,6.21,7804891.0,49100189.0,369767305.0,0.02110757466780358,002286
2024-02-05,6.05,6.13,5.59,5.6,9274300.0,52620848.0,369767305.0,0.025081449534863555,002286
2024-02-06,5.4,5.6,5.04,5.34,13889237.0,72270418.0,369767305.0,0.03756210138697903,002286
2024-02-07,5.34,5.37,4.81,4.83,17168214.0,85149194.0,369767305.0,0.04642977831693367,002286
2024-02-08,4.86,5.27,4.63,5.24,15183950.0,75517015.0,369767305.0,0.041063527777286855,002286
2024-02-19,5.26,5.47,5.26,5.42,10056857.0,54101285.0,369767305.0,0.02719779943767608,002286
2024-02-20,5.43,5.54,5.32,5.51,6109818.0,33444900.0,369767305.0,0.01652341328555265,002286
2024-02-21,5.46,5.8,5.44,5.63,6658682.0,37616529.0,369767305.0,0.018007763017338703,002286
2024-02-22,5.67,5.79,5.62,5.77,6123200.0,34924505.0,369767305.0,0.016559603613413035,002286
2024-02-23,5.77,5.97,5.74,5.96,6376200.0,37422310.0,369767305.0,0.0172438177031363,002286
2024-02-26,6.0,6.21,5.91,6.08,6968516.0,42211596.0,369767305.0,0.018845679176529684,002286
2024-02-27,6.07,6.21,5.97,6.2,5608840.0,34421454.0,369767305.0,0.015168566620566953,002286
2024-02-28,6.23,6.4,5.74,5.77,10710439.0,65313429.0,369767305.0,0.028965348896923163,002286
2024-02-29,5.76,5.96,5.7,5.96,6272726.0,36783051.0,369767305.0,0.016963982253650034,002286
2024-03-01,6.02,6.05,5.88,5.96,4738900.0,28183462.0,369767305.0,0.012815897825255265,002286
2024-03-04,6.0,6.0,5.8,5.89,4107500.0,24148428.0,369767305.0,0.011108337444815463,002286
2024-03-05,5.89,5.9,5.69,5.71,4937400.0,28397571.0,369767305.0,0.013352721923318775,002286
2024-03-06,5.72,5.84,5.66,5.79,4228400.0,24366789.0,369767305.0,0.011435299829983616,002286
2024-03-07,5.82,5.9,5.76,5.82,5251900.0,30580020.0,369767305.0,0.014203256829318644,002286
2024-03-08,5.75,5.78,5.67,5.74,3498726.0,20049857.0,369640930.0,0.009465201810849248,002286
2024-03-11,5.78,5.95,5.74,5.95,5711400.0,33424529.0,369640930.0,0.015451210990081645,002286
2024-03-12,5.95,6.02,5.88,6.0,4041054.0,24025091.0,369640930.0,0.010932376996237943,002286
2024-03-13,5.98,6.03,5.9,6.0,4746700.0,28342229.0,369640930.0,0.01284138095854266,002286
2024-03-14,5.99,6.04,5.89,5.95,4963726.0,29662975.0,369640930.0,0.013428507497803341,002286
2024-03-15,5.99,6.05,5.9,6.05,4084982.0,24465942.0,369640930.0,0.011051216649628059,002286
2024-03-18,6.08,6.15,6.03,6.14,4737900.0,28861437.0,369640930.0,0.012817574071139795,002286
2024-03-19,6.14,6.27,6.1,6.18,5019600.0,31160182.0,369640930.0,0.013579665000842844,002286
2024-03-20,6.2,6.27,6.16,6.27,4064300.0,25347872.0,369640930.0,0.0109952650535751,002286
2024-03-21,6.31,6.34,6.22,6.33,4375600.0,27534521.0,369640930.0,0.011837433695451422,002286
2024-03-22,6.34,6.37,6.13,6.21,4958400.0,30841678.0,369640930.0,0.01341409892026838,002286
2024-03-25,6.21,6.23,6.02,6.03,5818100.0,35613934.0,369640930.0,0.015739869499841373,002286
2024-03-26,6.03,6.6,6.03,6.34,15174542.0,95591914.0,369640930.0,0.041052115089094704,002286
2024-03-27,6.19,6.48,6.1,6.15,13488271.0,84739772.0,369640930.0,0.03649019874503616,002286
2024-03-28,6.05,6.19,5.99,6.13,9508100.0,58121946.0,369640930.0,0.025722530240360558,002286
2024-03-29,6.1,6.18,6.08,6.15,6004281.0,36806862.0,369640930.0,0.016243550193426902,002286
2024-04-01,6.17,6.3,6.15,6.3,6570790.0,40966370.0,369640930.0,0.01777614291793931,002286
2024-04-02,6.33,6.39,6.26,6.31,6543640.0,41416334.0,369640930.0,0.017702693259645245,002286
2024-04-03,6.3,6.4,6.23,6.39,5658190.0,35763023.0,369640930.0,0.015307260481137735,002286
2024-04-08,6.39,6.49,6.24,6.25,8032506.0,51128453.0,369640930.0,0.021730564307367153,002286
2024-04-09,6.18,6.39,6.17,6.38,5882900.0,37017281.0,369640930.0,0.0159151747616261,002286
2024-04-10,6.36,6.36,6.09,6.18,5936290.0,36813486.0,369640930.0,0.016059612229630524,002286
2024-04-11,6.18,6.29,6.07,6.17,4793280.0,29754826.0,369640930.0,0.012967395142091002,002286
2024-04-12,6.16,6.23,6.07,6.09,4941500.0,30291139.0,369640930.0,0.013368378875142426,002286
2024-04-15,6.01,6.11,5.58,5.7,10306000.0,59661085.0,369640930.0,0.02788111154249071,002286
2024-04-16,5.67,5.67,5.13,5.15,9745456.0,51495103.0,369628480.0,0.026365544126902774,002286
2024-04-17,5.24,5.59,5.22,5.58,7219000.0,39411618.0,369628480.0,0.019530421465358945,002286
2024-04-18,5.55,5.61,5.46,5.48,4717600.0,26150596.0,369628480.0,0.012763085788194677,002286
2024-04-19,5.5,5.55,5.38,5.45,4305086.0,23438720.0,369628480.0,0.011647062477436803,002286
2024-04-22,5.45,5.48,5.25,5.44,3978410.0,21461356.0,369628480.0,0.010763266943066724,002286
2024-04-23,5.47,5.62,5.45,5.58,4994626.0,27725882.0,369628480.0,0.013512557257492713,002286
2024-04-24,5.65,5.77,5.59,5.75,4124226.0,23403363.0,369628480.0,0.011157760354396935,002286
2024-04-25,5.78,5.85,5.69,5.84,3254331.0,18918748.0,369628480.0,0.008804329688015382,002286
2024-04-26,5.82,5.83,5.72,5.81,3413100.0,19742877.0,369628480.0,0.00923386639471071,002286
2024-04-29,5.82,6.07,5.81,6.07,5880200.0,35227994.0,369628480.0,0.015908406192076976,002286
2024-04-30,6.14,6.54,6.14,6.29,15666696.0,99171096.0,369628480.0,0.042384980724429026,002286
2024-05-06,6.43,6.79,6.38,6.66,17889472.0,117250804.0,369628480.0,0.04839852167235598,002286
2024-05-07,6.89,7.07,6.65,6.92,26537026.0,182577307.0,369628480.0,0.07179378060911323,002286
2024-05-08,6.8,7.13,6.74,6.97,25698425.0,178568597.0,369628480.0,0.069525013332306,002286
2024-05-09,6.85,7.02,6.83,6.85,19419352.0,134285829.0,369628480.0,0.0525374884532707,002286
2024-05-10,6.87,7.39,6.87,6.91,25595200.0,182385118.0,369628480.0,0.06924574643166025,002286
2024-05-13,6.85,7.03,6.69,6.78,17731400.0,121376124.0,369628480.0,0.04797087064286821,002286
2024-05-14,6.75,6.88,6.66,6.68,13176116.0,89097411.0,369628480.0,0.03564691768339929,002286
2024-05-15,6.63,6.73,6.6,6.64,9043516.0,60259265.0,369628480.0,0.024466502148319306,002286
2024-05-16,6.66,6.75,6.63,6.68,6406610.0,42896968.0,369628480.0,0.017332565932148953,002286
2024-05-17,6.68,6.77,6.61,6.67,6549000.0,43717322.0,369628480.0,0.017717790577176304,002286
2024-05-20,6.69,6.81,6.66,6.71,6850800.0,46068421.0,369628480.0,0.018534286102629322,002286
2024-05-21,6.69,6.74,6.6,6.68,5574220.0,37135644.0,369628480.0,0.015080602014217086,002286
2024-05-22,6.7,6.75,6.58,6.63,4743100.0,31524902.0,369628480.0,0.01283207397871506,002286
2024-05-23,6.6,6.6,6.45,6.47,5482300.0,35716826.0,369628480.0,0.014831919878035373,002286
2024-05-24,6.57,6.7,6.49,6.6,7242000.0,47855301.0,369628480.0,0.019592646107789095,002286
2024-05-27,6.67,6.68,6.45,6.64,5108700.0,33430824.0,369628480.0,0.013821175251430843,002286
2024-05-28,6.59,6.61,6.45,6.49,4502700.0,29342087.0,369628480.0,0.012181691194358184,002286
2024-05-29,6.42,6.57,6.38,6.48,3943804.0,25576017.0,369628480.0,0.010669643204982473,002286
2024-05-30,6.55,6.55,6.32,6.38,3950602.0,25313806.0,369628480.0,0.010688034644949437,002286
2024-05-31,6.42,6.43,6.3,6.32,3685508.0,23364209.0,369628480.0,0.009970844237976468,002286
2024-06-03,6.31,6.34,6.11,6.2,6054208.0,37633674.0,369628480.0,0.01637917078251113,002286
2024-06-04,6.1,6.21,5.97,6.06,6045790.0,36532001.0,369628480.0,0.016356396563381698,002286
2024-06-05,6.05,6.05,5.83,5.85,5327600.0,31479294.0,369628480.0,0.014413391522211709,002286
2024-06-06,5.9,5.9,5.44,5.53,9213450.0,51568066.0,369628480.0,0.02492624486078562,002286
2024-06-07,5.6,5.82,5.57,5.8,7165200.0,41014555.0,369628480.0,0.019384869910457115,002286
2024-06-11,5.76,5.84,5.6,5.77,5286300.0,30155346.0,369628480.0,0.014301657707761047,002286
2024-06-12,5.73,5.88,5.7,5.86,4106300.0,23875085.0,369628480.0,0.011109263009170723,002286
2024-06-13,5.85,5.86,5.71,5.78,4144700.0,23912491.0,369628480.0,0.011213151107836713,002286
2024-06-14,5.79,5.79,5.67,5.74,3468600.0,19879496.0,369628480.0,0.0093840171623139,002286
2024-06-17,5.73,5.74,5.53,5.55,5626354.0,31442967.0,369628480.0,0.015221646340671585,002286
2024-06-18,5.57,5.7,5.54,5.67,5100684.0,28732134.0,369628480.0,0.013799488610834316,002286
2024-06-19,5.72,5.75,5.61,5.64,3466630.0,19618404.0,369628480.0,0.009378687486418796,002286
2024-06-20,5.62,5.7,5.52,5.54,3684190.0,20531427.0,369628480.0,0.009967278495423296,002286
2024-06-21,5.56,5.64,5.48,5.61,3066472.0,17146377.0,369628480.0,0.008296092335742094,002286
2024-06-24,5.45,5.48,5.16,5.28,7879544.0,41689465.0,369628480.0,0.021317469909245088,002286
2024-06-25,5.28,5.39,5.18,5.32,5577055.0,29578645.0,369628480.0,0.015088271877751412,002286
2024-06-26,5.35,5.56,5.27,5.55,4127100.0,22340088.0,369628480.0,0.011165535729281466,002286
2024-06-27,6.01,6.01,5.38,5.38,8132411.0,44989611.0,369628480.0,0.02200158115521834,002286
2024-06-28,5.42,5.57,5.35,5.51,6021902.0,33111351.0,369628480.0,0.016291769508669895,002286
2024-07-01,5.5,5.79,5.46,5.77,7218185.0,40860079.0,369591030.0,0.01953019530804089,002286
2024-07-02,6.35,6.35,6.35,6.35,3913840.0,24852884.0,369591030.0,0.01058965094472125,002286
2024-07-03,6.3,6.8,6.17,6.48,31799616.0,205911401.0,369591030.0,0.08604001022427411,002286
2024-07-04,6.22,6.35,6.0,6.07,22561316.0,138046813.0,369591030.0,0.06104400315126696,002286
2024-07-05,6.03,6.22,5.97,6.18,14082042.0,86121668.0,369591030.0,0.03810168769518026,002286
2024-07-08,6.13,6.24,6.05,6.22,13390196.0,82364232.0,369591030.0,0.03622976455895047,002286
2024-07-09,6.1,6.24,6.05,6.23,11457745.0,70570875.0,369591030.0,0.03100114469769464,002286
2024-07-10,6.16,6.35,6.07,6.27,11777500.0,73350258.0,369591030.0,0.031866303681666736,002286
2024-07-11,6.33,6.36,6.22,6.28,11695660.0,73364023.0,369591030.0,0.03164486973615133,002286
2024-07-12,6.23,6.31,6.22,6.22,7853499.0,49197188.0,369591030.0,0.021249160186598684,002286
2024-07-15,6.16,6.27,6.12,6.14,6025600.0,37195576.0,369591030.0,0.016303425978709495,002286
2024-07-16,6.15,6.23,6.13,6.18,6197200.0,38287082.0,369591030.0,0.016767722961241783,002286
2024-07-17,6.17,6.22,6.06,6.08,5527000.0,33943703.0,369591030.0,0.014954367263729318,002286
2024-07-18,6.04,6.15,5.99,6.12,5628963.0,34212024.0,369591030.0,0.015230247876957403,002286
2024-07-19,6.09,6.2,6.05,6.19,5037100.0,30989645.0,369591030.0,0.013628848081080322,002286
2024-07-22,6.16,6.2,6.04,6.08,5596899.0,34125239.0,369591030.0,0.015143492524696826,002286
2024-07-23,6.07,6.24,6.0,6.02,7569509.0,46389313.0,369591030.0,0.02048077032605472,002286
2024-07-24,6.01,6.05,5.87,5.92,5608765.0,33366381.0,369591030.0,0.01517559828224186,002286
2024-07-25,5.87,6.03,5.81,5.92,5410500.0,31985195.0,369591030.0,0.014639153985961184,002286
2024-07-26,5.97,6.09,5.94,6.04,4175500.0,25165976.0,369591030.0,0.011297622672281847,002286
2024-07-29,6.04,6.12,5.99,6.08,3789700.0,22994141.0,369591030.0,0.01025376616959562,002286
2024-07-30,6.07,6.2,6.03,6.19,5457100.0,33626988.0,369591030.0,0.014765239297068439,002286
2024-07-31,6.24,6.45,6.14,6.4,13775301.0,87347151.0,369591030.0,0.03727174060474357,002286
2024-08-01,6.46,6.51,6.37,6.43,9692340.0,62336576.0,369591030.0,0.026224500091357735,002286
2024-08-02,6.49,6.53,6.39,6.4,5884100.0,38030170.0,369591030.0,0.015920570366656357,002286
2024-08-05,6.4,6.47,6.27,6.29,5750900.0,36657022.0,369591030.0,0.015560172009585838,002286
2024-08-06,6.32,6.44,6.29,6.43,4749900.0,30191027.0,369591030.0,0.012851772944814164,002286
2024-08-07,6.43,6.5,6.38,6.46,3902100.0,25154301.0,369591030.0,0.010557886104541012,002286
2024-08-08,6.44,6.54,6.4,6.53,4324500.0,28080937.0,369591030.0,0.011700770984620487,002286
2024-08-09,6.47,6.61,6.43,6.43,4225100.0,27507430.0,369591030.0,0.0114318250635033,002286
2024-08-12,6.43,6.54,6.36,6.44,3634500.0,23492812.0,369591030.0,0.009833842558354297,002286
2024-08-13,6.53,6.53,6.31,6.39,3640400.0,23229126.0,369591030.0,0.00984980614924556,002286
2024-08-14,6.39,6.43,6.27,6.28,3034300.0,19204451.0,369591030.0,0.008209885396839853,002286
2024-08-15,6.32,6.37,6.21,6.3,4167200.0,26232269.0,369591030.0,0.011275165417299223,002286
2024-08-16,6.33,6.33,6.2,6.21,3798350.0,23721987.0,369591030.0,0.010277170417258232,002286
2024-08-19,6.15,6.27,6.15,6.19,3629700.0,22515283.0,369591030.0,0.009820855230171576,002286
2024-08-20,6.2,6.23,5.99,6.0,4184352.0,25380807.0,369591030.0,0.011321573470005482,002286
2024-08-21,5.99,6.05,5.9,5.91,4034600.0,24050190.0,369591030.0,0.010916390476251548,002286
2024-08-22,5.96,6.0,5.83,5.85,3199302.0,18847197.0,369591030.0,0.008656330214507641,002286
2024-08-23,5.85,5.86,5.72,5.79,3746003.0,21657034.0,369591030.0,0.010135535486345543,002286
2024-08-26,5.86,5.94,5.76,5.89,4066990.0,23911171.0,369591030.0,0.011004027884551203,002286
2024-08-27,5.91,5.98,5.86,5.88,4209500.0,24869420.0,369591030.0,0.011389616246909456,002286
2024-08-28,5.82,6.2,5.81,5.95,5466267.0,32626691.0,369591030.0,0.014790042388204064,002286
2024-08-29,6.1,6.1,5.89,6.03,7405399.0,44169805.0,369591030.0,0.020036738986874223,002286
2024-08-30,5.99,6.18,5.96,6.11,5959900.0,36270918.0,369591030.0,0.016125661924208497,002286
2024-09-02,6.08,6.21,6.03,6.04,6675103.0,40850125.0,369591030.0,0.018060781940514088,002286
2024-09-03,6.04,6.1,5.95,5.97,5460003.0,32742852.0,369591030.0,0.014773093924925613,002286
2024-09-04,5.97,6.04,5.91,5.92,3972300.0,23644953.0,369591030.0,0.010747825779213311,002286
2024-09-05,5.92,6.02,5.9,5.99,3777500.0,22616913.0,369591030.0,0.010220756710464537,002286
2024-09-06,5.95,6.02,5.8,5.83,4346650.0,25580627.0,369591030.0,0.011760702092797004,002286
2024-09-09,5.82,5.98,5.76,5.94,5063150.0,29976225.0,369591030.0,0.0136993313934053,002286
2024-09-10,5.92,6.01,5.86,5.96,3122400.0,18494998.0,369591030.0,0.008448256982860216,002286
2024-09-11,5.9,6.33,5.85,6.05,9934152.0,60355164.0,369591030.0,0.02687876921688278,002286
2024-09-12,6.08,6.11,5.88,5.9,10228600.0,60687072.0,369591030.0,0.027675455218704847,002286
2024-09-13,5.88,5.96,5.83,5.84,5602312.0,32981678.0,369591030.0,0.015158138442916214,002286
2024-09-18,5.84,5.85,5.68,5.8,4299400.0,24712477.0,369591030.0,0.011632858080998341,002286
2024-09-19,5.82,6.09,5.81,6.05,6152000.0,36879071.0,369591030.0,0.016645425620854488,002286
2024-09-20,6.04,6.06,5.93,5.95,3514600.0,20991163.0,369591030.0,0.009509429923123406,002286
2024-09-23,5.97,5.99,5.91,5.94,2904600.0,17268700.0,369591030.0,0.007858956966569238,002286
2024-09-24,5.97,6.15,5.97,6.15,5263315.0,32000099.0,369591030.0,0.014240916507091635,002286
2024-09-25,6.2,6.33,6.19,6.23,5879500.0,36809185.0,369591030.0,0.015908124177147914,002286
2024-09-26,6.22,6.5,6.22,6.45,5308460.0,33686116.0,369591030.0,0.014363065034343502,002286
2024-09-27,6.53,6.8,6.46,6.68,8970894.0,59270073.0,369591030.0,0.024272488431334494,002286
2024-09-30,6.9,7.29,6.77,7.21,17335705.0,122356434.0,369591030.0,0.046905102107050595,002286
2024-10-08,7.93,7.93,7.68,7.93,23528965.0,185883693.0,369591030.0,0.06366216463640906,002286
2024-10-09,7.53,8.07,7.42,7.53,25476176.0,196801281.0,369591030.0,0.06893072053182676,002286
2024-10-10,7.6,7.7,7.4,7.47,17282550.0,130346295.0,369591030.0,0.04676128097589381,002286
2024-10-11,7.38,7.46,6.96,7.05,12715641.0,91306469.0,369591030.0,0.034404625566805555,002286
2024-10-14,7.1,7.17,6.88,7.12,8901566.0,62723843.0,369591030.0,0.024084908121282056,002286
2024-10-15,7.09,7.12,6.93,6.94,7238300.0,50836107.0,369591030.0,0.019584620330206606,002286
2024-10-16,6.89,7.0,6.83,6.91,5066200.0,35061436.0,369591030.0,0.01370758375818807,002286
2024-10-17,6.97,7.01,6.8,6.81,5835254.0,40252751.0,369591030.0,0.015788408068236937,002286
2024-10-18,6.8,7.01,6.76,6.91,10612060.0,73057478.0,369591030.0,0.028712980398901997,002286
2024-10-21,6.94,7.02,6.9,6.94,8444300.0,58720389.0,369591030.0,0.02284768653611534,002286
2024-10-22,6.95,7.12,6.92,7.1,8272235.0,58342422.0,369591030.0,0.02238213140616535,002286
2024-10-23,7.11,7.15,7.02,7.04,7058500.0,49862925.0,369591030.0,0.019098136662028836,002286
2024-10-24,7.05,7.16,7.01,7.08,5335400.0,37783285.0,369591030.0,0.014435956413769024,002286
2024-10-25,7.05,7.19,7.05,7.16,7555326.0,53899885.0,369591030.0,0.02044239547696815,002286
2024-10-28,7.16,7.39,7.12,7.38,8470800.0,61517792.0,369591030.0,0.022919387410457445,002286
2024-10-29,7.41,7.44,7.1,7.1,8553060.0,61753686.0,369591030.0,0.023141957747188833,002286
2024-10-30,7.14,7.24,7.06,7.13,7854138.0,56143784.0,369591030.0,0.021250889124663008,002286
2024-10-31,7.07,7.18,7.03,7.06,12156900.0,86232110.0,369591030.0,0.032892843746776,002286
2024-11-01,7.05,7.07,6.8,6.84,11026900.0,76474393.0,369591030.0,0.029835410237093688,002286
2024-11-04,6.85,6.99,6.79,6.98,7128900.0,49209327.0,369591030.0,0.019288617475375417,002286
2024-11-05,6.96,7.09,6.94,7.07,6774668.0,47644781.0,369591030.0,0.018330174301037554,002286
2024-11-06,7.08,7.14,7.01,7.11,8505603.0,60366222.0,369591030.0,0.02301355365686229,002286
2024-11-07,7.11,7.55,7.07,7.49,14614502.0,107885830.0,369591030.0,0.039542361187716056,002286
2024-11-08,7.74,7.79,7.42,7.46,12930423.0,97254844.0,369591030.0,0.03498575980050165,002286
2024-11-11,7.38,7.47,7.33,7.47,8630214.0,63871118.0,369591030.0,0.02335071281356585,002286
2024-11-12,7.47,7.62,7.38,7.44,10011044.0,75146201.0,369591030.0,0.027086815391596488,002286
2024-11-13,7.43,7.48,7.26,7.39,5693806.0,41906273.0,369591030.0,0.015405693152239112,002286
2024-11-14,7.39,7.42,7.19,7.22,5204599.0,37895402.0,369591030.0,0.014082049015096498,002286
2024-11-15,7.22,7.33,7.13,7.13,5894604.0,42596982.0,369591030.0,0.015948990969829543,002286
2024-11-18,7.14,7.22,6.92,6.97,6904700.0,48691026.0,369591030.0,0.018682001021507477,002286
2024-11-19,7.0,7.07,6.94,7.07,4373872.0,30688477.0,369591030.0,0.011834356477753261,002286
2024-11-20,7.07,7.26,7.01,7.22,5553870.0,39786406.0,369591030.0,0.015027069244618843,002286
2024-11-21,7.25,7.27,7.14,7.26,4753707.0,34260854.0,369591030.0,0.012862073519479085,002286
2024-11-22,7.25,7.31,6.99,7.0,6694300.0,48071430.0,369591030.0,0.018112723136164858,002286
2024-11-25,7.07,7.24,6.99,7.23,5234800.0,37387128.0,369591030.0,0.014163763660606158,002286
2024-11-26,7.24,7.38,7.23,7.31,5356304.0,39203529.0,369591030.0,0.014492516228004775,002286
2024-11-27,7.33,7.33,7.02,7.21,7013300.0,50079684.0,369591030.0,0.018975839321641545,002286
2024-11-28,7.21,7.37,7.17,7.34,8352700.0,60879966.0,369591030.0,0.022599845023295075,002286
2024-11-29,7.33,8.07,7.31,7.78,41425060.0,324634280.0,369591030.0,0.11208351025185866,002286
2024-12-02,7.69,8.08,7.68,7.94,34846230.0,272913440.0,369591030.0,0.0942832135292894,002286
2024-12-03,7.9,8.08,7.85,7.97,22539860.0,179652347.0,369591030.0,0.060985949794290194,002286
2024-12-04,7.9,8.04,7.74,7.83,16011614.0,125739930.0,369591030.0,0.04332251786521984,002286
2024-12-05,7.79,7.84,7.71,7.79,9702073.0,75391338.0,369591030.0,0.026250834604941577,002286
2024-12-06,7.78,7.89,7.72,7.86,7255450.0,56746295.0,369591030.0,0.01963102297152612,002286
2024-12-09,7.85,8.41,7.84,8.06,22670145.0,184812702.0,369591030.0,0.06133846105518308,002286
2024-12-10,8.23,8.27,8.01,8.06,14986600.0,121646150.0,369591030.0,0.04054914427982735,002286
2024-12-11,8.07,8.37,8.0,8.34,15856566.0,130661536.0,369591030.0,0.042903005519370964,002286
2024-12-12,8.4,8.55,8.22,8.45,16657440.0,139665674.0,369591030.0,0.04506992499249779,002286
2024-12-13,8.44,8.46,8.14,8.18,12796300.0,105514224.0,369591030.0,0.034622864088449334,002286
2024-12-16,8.2,8.34,8.1,8.15,9083080.0,74730544.0,369591030.0,0.024576029347898404,002286
2024-12-17,8.17,8.17,7.91,7.98,11361754.0,90933002.0,369591030.0,0.030741422485280556,002286
2024-12-18,7.94,8.19,7.93,8.04,8887180.0,71679237.0,369591030.0,0.02404598401644109,002286
2024-12-19,7.95,8.06,7.86,7.93,7847200.0,62342265.0,369591030.0,0.021232117024052234,002286
2024-12-20,7.93,8.21,7.93,8.11,7100600.0,57579294.0,369591030.0,0.01921204635296479,002286
2024-12-23,8.1,8.12,7.61,7.66,10468200.0,81606288.0,369591030.0,0.028323739350492354,002286
2024-12-24,7.67,7.79,7.52,7.76,5475600.0,42060904.0,369591030.0,0.014815294624439344,002286
2024-12-25,7.77,7.8,7.43,7.56,5244002.0,39593409.0,369591030.0,0.014188661451009782,002286
2024-12-26,7.56,7.75,7.5,7.59,5921700.0,44953540.0,369591030.0,0.016022304437421007,002286
2024-12-27,7.58,7.74,7.53,7.69,4227216.0,32388224.0,369591030.0,0.011437550310677183,002286
2024-12-30,7.69,7.69,7.48,7.55,4074700.0,30777936.0,369591030.0,0.011024888780444698,002286
2024-12-31,7.55,7.63,7.34,7.38,6255700.0,46667952.0,369607780.0,0.016925238965478488,002286
