日期,开盘,最高,最低,收盘,成交量,成交额,outstanding_share,换手率,股票代码
2020-01-02,6.68,6.75,6.67,6.71,5553567.0,37292194.0,596924139.0,0.009303639503176466,002300
2020-01-03,6.71,6.77,6.69,6.74,4782116.0,32197697.0,596924139.0,0.008011262550064171,002300
2020-01-06,6.78,6.95,6.74,6.8,7316619.0,49950616.0,596924139.0,0.012257200742890379,002300
2020-01-07,6.8,6.83,6.74,6.81,5173064.0,35114425.0,596924139.0,0.00866620004455876,002300
2020-01-08,6.81,7.04,6.8,6.9,11914828.0,82423371.0,596924139.0,0.019960372217415052,002300
2020-01-09,6.8,6.9,6.76,6.89,7472046.0,51045210.0,596924139.0,0.012517580563114068,002300
2020-01-10,6.89,6.89,6.74,6.78,5053326.0,34291901.0,596924139.0,0.008465608391152698,002300
2020-01-13,6.77,6.8,6.66,6.79,4091752.0,27508899.0,596924139.0,0.006854726978967088,002300
2020-01-14,7.1,7.28,6.91,6.91,13260158.0,93249785.0,596924139.0,0.022214142691924208,002300
2020-01-15,6.93,7.0,6.82,6.91,5377778.0,37023013.0,596924139.0,0.009009148145707675,002300
2020-01-16,6.91,6.94,6.85,6.87,3753128.0,25847448.0,596924139.0,0.006287445514077292,002300
2020-01-17,6.87,6.97,6.82,6.84,3405937.0,23428999.0,596924139.0,0.005705812141733474,002300
2020-01-20,6.84,6.93,6.79,6.9,3888737.0,26723694.0,596924139.0,0.006514625135640561,002300
2020-01-21,6.89,6.9,6.8,6.81,3558660.0,24303774.0,596924139.0,0.0059616620731097626,002300
2020-01-22,6.8,6.83,6.68,6.83,2934306.0,19897057.0,596924139.0,0.004915710068143181,002300
2020-01-23,6.8,6.83,6.52,6.65,4536184.0,30456536.0,596924139.0,0.00759926379857793,002300
2020-02-03,5.99,5.99,5.99,5.99,1373300.0,8226067.0,596924139.0,0.002300627349901827,002300
2020-02-04,5.41,5.98,5.4,5.81,8093217.0,46582570.0,596924139.0,0.013558200232207397,002300
2020-02-05,5.8,6.04,5.8,5.91,5408500.0,32081212.0,596924139.0,0.009060615322175804,002300
2020-02-06,5.92,6.0,5.84,5.95,5061719.0,30015795.0,596924139.0,0.008479668804280003,002300
2020-02-07,5.93,5.98,5.86,5.97,4547474.0,26928755.0,596924139.0,0.007618177424719626,002300
2020-02-10,5.98,6.33,5.89,6.21,7705536.0,47359536.0,596924139.0,0.012908735794985166,002300
2020-02-11,6.2,6.24,6.14,6.17,4034753.0,24948062.0,596924139.0,0.006759239133400165,002300
2020-02-12,6.18,6.25,6.17,6.24,3951876.0,24550368.0,596924139.0,0.006620399045380204,002300
2020-02-13,6.22,6.27,6.16,6.16,3841474.0,23812748.0,596924139.0,0.006435447570331881,002300
2020-02-14,6.15,6.21,6.1,6.14,4544489.0,27953369.0,596924139.0,0.007613176789287123,002300
2020-02-17,6.19,6.36,6.15,6.35,6689605.0,42110543.0,596924139.0,0.011206792560285454,002300
2020-02-18,6.39,6.48,6.35,6.43,5696782.0,36557076.0,596924139.0,0.009543561112377799,002300
2020-02-19,6.43,6.46,6.33,6.35,5608984.0,35953886.0,596924139.0,0.009396477095726899,002300
2020-02-20,6.4,6.53,6.34,6.5,6608093.0,42581575.0,596924139.0,0.011070239195000959,002300
2020-02-21,6.5,6.63,6.47,6.59,7571552.0,49767668.0,596924139.0,0.012684278462392689,002300
2020-02-24,6.61,6.73,6.53,6.66,8809991.0,58302308.0,596924139.0,0.014758979281285188,002300
2020-02-25,6.54,6.59,6.31,6.57,8607955.0,55816552.0,596924139.0,0.014420517512360143,002300
2020-02-26,6.73,6.86,6.56,6.61,11935647.0,80048900.0,596924139.0,0.01999524934608148,002300
2020-02-27,6.56,6.77,6.56,6.65,9042405.0,60355232.0,596924139.0,0.015148331939043932,002300
2020-02-28,6.5,6.58,6.3,6.31,8496428.0,54511418.0,596924139.0,0.014233681375716655,002300
2020-03-02,6.35,6.6,6.35,6.6,7258672.0,47330917.0,596924139.0,0.012160124755819264,002300
2020-03-03,6.67,6.8,6.57,6.64,9411871.0,63123497.0,596924139.0,0.01576728161097201,002300
2020-03-04,6.64,6.74,6.52,6.73,7447154.0,49397496.0,596924139.0,0.012475880121845768,002300
2020-03-05,6.8,7.13,6.75,6.98,19305191.0,134720462.0,596924139.0,0.032341112946682155,002300
2020-03-06,6.89,7.07,6.86,6.97,13661563.0,95494135.0,596924139.0,0.022886598325352697,002300
2020-03-09,6.84,7.45,6.81,7.02,23350492.0,166647828.0,596924139.0,0.03911802266719858,002300
2020-03-10,6.8,7.35,6.6,7.23,24753705.0,173007274.0,596924139.0,0.041468761912474776,002300
2020-03-11,7.28,7.95,7.27,7.67,63809897.0,497045738.0,596924139.0,0.10689783312649717,002300
2020-03-12,7.33,7.44,7.03,7.1,41168728.0,295585410.0,596924139.0,0.06896810718522475,002300
2020-03-13,6.63,7.45,6.63,7.42,37705448.0,270329276.0,596924139.0,0.06316623091028993,002300
2020-03-16,7.6,7.66,6.88,6.96,29762441.0,216544891.0,596924139.0,0.04985967069426891,002300
2020-03-17,6.94,7.66,6.75,7.66,59130719.0,440608747.0,596924139.0,0.09905901795001794,002300
2020-03-18,7.7,8.12,7.4,7.65,67131438.0,515973422.0,596924139.0,0.11246226046824352,002300
2020-03-19,7.53,7.93,7.23,7.73,40895725.0,309272587.0,596924139.0,0.06851075761236722,002300
2020-03-20,7.73,8.41,7.62,7.9,50887345.0,407197036.0,596924139.0,0.08524926649012597,002300
2020-03-23,7.5,8.05,7.3,7.7,39465007.0,304043388.0,596924139.0,0.0661139404851577,002300
2020-03-24,7.77,7.91,7.22,7.56,34473387.0,259787584.0,596924139.0,0.05775170536368609,002300
2020-03-25,7.66,7.72,7.35,7.48,25204903.0,188498829.0,596924139.0,0.04222463350573263,002300
2020-03-26,7.36,7.4,6.98,7.0,25063817.0,179658999.0,596924139.0,0.04198827851389672,002300
2020-03-27,7.1,7.2,6.91,6.93,17021725.0,119838955.0,596924139.0,0.02851572568084736,002300
2020-03-30,6.8,6.82,6.36,6.59,18979699.0,125258810.0,596924139.0,0.031795830927185874,002300
2020-03-31,6.68,6.68,6.47,6.52,12097399.0,79609212.0,596924139.0,0.02026622515260687,002300
2020-04-01,6.53,6.65,6.46,6.49,9645255.0,63124834.0,596924139.0,0.016158259265839473,002300
2020-04-02,6.45,6.63,6.36,6.63,11024790.0,71778427.0,596924139.0,0.01846933182911539,002300
2020-04-03,6.63,6.63,6.4,6.42,9325023.0,60492911.0,596924139.0,0.015621789086334804,002300
2020-04-07,6.53,6.63,6.5,6.62,10498459.0,69183630.0,596924139.0,0.01758759332063132,002300
2020-04-08,6.62,6.78,6.55,6.74,13722041.0,91847358.0,596924139.0,0.022987914382199243,002300
2020-04-09,6.79,6.94,6.74,6.94,15217589.0,104578955.0,596924139.0,0.02549333827493279,002300
2020-04-10,6.81,6.86,6.6,6.61,16941911.0,113282433.0,596924139.0,0.0283820168981305,002300
2020-04-13,6.56,6.69,6.42,6.64,7597959.0,50167724.0,596924139.0,0.012728516914609144,002300
2020-04-14,6.6,6.82,6.57,6.74,8639633.0,58033226.0,596924139.0,0.014473586232370475,002300
2020-04-15,6.74,6.82,6.63,6.67,8144747.0,54567058.0,596924139.0,0.013644526109539692,002300
2020-04-16,6.6,6.92,6.53,6.82,19993393.0,136270506.0,596924139.0,0.033494026617007025,002300
2020-04-17,6.8,6.88,6.72,6.73,13609815.0,92093799.0,596924139.0,0.022799907242484627,002300
2020-04-20,6.74,6.77,6.65,6.73,7719024.0,51796809.0,596924139.0,0.012931331631070126,002300
2020-04-21,6.69,6.73,6.55,6.61,9726239.0,64218294.0,596924139.0,0.016293928096615305,002300
2020-04-22,6.57,6.66,6.52,6.64,8311922.0,54954462.0,596924139.0,0.013924586822581152,002300
2020-04-23,6.65,6.72,6.55,6.64,8667374.0,57529880.0,596924139.0,0.014520059474425109,002300
2020-04-24,6.63,6.82,6.61,6.8,17215569.0,116094366.0,596924139.0,0.028840463762850106,002300
2020-04-27,6.87,7.48,6.79,7.48,44852173.0,325442025.0,596924139.0,0.07513881592247018,002300
2020-04-28,7.2,7.32,6.96,7.22,36047150.0,257859948.0,596924139.0,0.06038815930678924,002300
2020-04-29,7.07,7.68,7.01,7.2,29975653.0,220227422.0,596924139.0,0.05021685511029401,002300
2020-04-30,7.13,7.37,7.03,7.23,26997940.0,194460510.0,596924139.0,0.04522842725916299,002300
2020-05-06,7.1,7.68,7.05,7.53,31837190.0,238242616.0,596924139.0,0.05333540381418551,002300
2020-05-07,7.45,7.51,7.22,7.26,23944776.0,175741199.0,596924139.0,0.040113599761794856,002300
2020-05-08,7.26,7.9,7.2,7.59,35436571.0,267258979.0,596924139.0,0.059365283936021224,002300
2020-05-11,7.59,7.78,7.48,7.7,30607891.0,233300512.0,596924139.0,0.051276014823719504,002300
2020-05-12,7.6,7.62,7.42,7.55,18796471.0,141090044.0,596924139.0,0.031488877349622475,002300
2020-05-13,7.45,7.73,7.36,7.43,17880511.0,134114194.0,596924139.0,0.029954411007660723,002300
2020-05-14,7.31,7.44,7.15,7.34,18253395.0,132676563.0,596924139.0,0.0305790867003286,002300
2020-05-15,7.35,7.36,7.2,7.22,12787560.0,92908595.0,596924139.0,0.02142242064698945,002300
2020-05-18,7.22,7.29,7.11,7.13,10382942.0,74775447.0,596924139.0,0.017394072917530312,002300
2020-05-19,7.15,7.35,7.15,7.33,13546644.0,98488369.0,596924139.0,0.022694079724592944,002300
2020-05-20,7.25,7.4,7.13,7.22,14850640.0,107861142.0,596924139.0,0.024878605219213624,002300
2020-05-21,7.2,7.68,7.16,7.45,27983597.0,208439057.0,596924139.0,0.046879653831523135,002300
2020-05-22,7.42,7.65,7.18,7.18,21410731.0,157892170.0,596924139.0,0.03586842883564473,002300
2020-05-25,7.0,7.0,6.46,6.47,26877052.0,176321655.0,596924139.0,0.04502590906279299,002300
2020-05-26,6.46,6.52,6.42,6.5,11788698.0,76221912.0,596924139.0,0.01974907233563895,002300
2020-05-27,6.49,6.49,6.32,6.35,9636615.0,61693043.0,596924139.0,0.01614378506478861,002300
2020-05-28,6.34,6.42,6.18,6.3,6971334.0,43894471.0,596924139.0,0.011678760406102457,002300
2020-05-29,6.3,6.36,6.21,6.31,4731740.0,29833216.0,596924139.0,0.007926869916714827,002300
2020-06-01,6.32,6.46,6.32,6.46,7065020.0,45415941.0,596924139.0,0.01183570832272876,002300
2020-06-02,6.46,6.61,6.42,6.56,8465682.0,55369528.0,596924139.0,0.014182173993134494,002300
2020-06-03,6.53,6.59,6.48,6.53,7262104.0,47418821.0,596924139.0,0.01216587423012558,002300
2020-06-04,6.54,6.58,6.48,6.53,5283110.0,34428489.0,596924139.0,0.008850555128915636,002300
2020-06-05,6.49,6.51,6.42,6.46,4467641.0,28821137.0,596924139.0,0.0074844368121624915,002300
2020-06-08,6.5,6.51,6.43,6.46,3559359.0,22988761.0,596924139.0,0.005962833076180891,002300
2020-06-09,6.45,6.48,6.4,6.46,3716676.0,23949449.0,596924139.0,0.006226379127884456,002300
2020-06-10,6.46,6.49,6.41,6.49,3345648.0,21623075.0,596924139.0,0.005604812708034915,002300
2020-06-11,6.49,6.55,6.43,6.45,4855016.0,31509983.0,596924139.0,0.008133388621430837,002300
2020-06-12,6.37,6.46,6.32,6.43,4222310.0,26975228.0,596924139.0,0.007073444888781756,002300
2020-06-15,6.42,6.46,6.37,6.39,3279581.0,21021329.0,596924139.0,0.005494133652383591,002300
2020-06-16,6.43,6.5,6.42,6.5,4533313.0,29369041.0,596924139.0,0.007594454142187069,002300
2020-06-17,6.49,6.7,6.46,6.63,8428443.0,55727033.0,596924139.0,0.01411978918145242,002300
2020-06-18,6.62,6.62,6.52,6.6,4853000.0,31849074.0,596924139.0,0.008130011307852304,002300
2020-06-19,6.55,6.6,6.54,6.56,3763379.0,24715932.0,596924139.0,0.006304618550532432,002300
2020-06-22,6.57,6.61,6.52,6.54,3952026.0,25916473.0,596924139.0,0.0066206503335928925,002300
2020-06-23,6.55,6.65,6.55,6.58,4793244.0,31599355.0,596924139.0,0.008029904784936164,002300
2020-06-24,6.59,6.61,6.51,6.52,3579200.0,23385108.0,596924139.0,0.00599607180570059,002300
2020-06-29,6.51,6.51,6.41,6.44,3419055.0,22038389.0,596924139.0,0.005727788133560469,002300
2020-06-30,6.48,6.52,6.46,6.48,3723576.0,24194890.0,596924139.0,0.006237938385668133,002300
2020-07-01,5.81,5.83,5.72,5.79,4657253.0,26858243.0,656616551.9999999,0.007092804751592678,002300
2020-07-02,5.79,5.86,5.75,5.85,6344968.0,36909138.0,656616551.9999999,0.009663125275587024,002300
2020-07-03,5.85,5.95,5.85,5.93,7246216.0,42847913.0,656616551.9999999,0.011035688908433124,002300
2020-07-06,6.01,6.19,5.96,6.18,14288351.0,87196655.0,656616551.9999999,0.021760570848357173,002300
2020-07-07,6.25,6.31,6.1,6.17,14848390.0,91935566.0,656616551.9999999,0.022613487209198473,002300
2020-07-08,6.15,6.34,6.12,6.33,13809883.0,86248157.0,656616551.9999999,0.02103188376524508,002300
2020-07-09,6.35,6.47,6.33,6.43,15463446.0,99082804.0,656616551.9999999,0.023550192198018186,002300
2020-07-10,6.39,6.43,6.24,6.24,13883013.0,87875607.0,656616551.9999999,0.02114325774717906,002300
2020-07-13,6.22,6.45,6.22,6.44,14521799.0,92594895.0,656616551.9999999,0.02211610254990953,002300
2020-07-14,6.51,6.57,6.31,6.48,15009743.0,96848618.0,656616551.9999999,0.022859221191244054,002300
2020-07-15,6.48,6.51,6.24,6.27,11205327.0,71012516.0,656616551.9999999,0.01706525211079358,002300
2020-07-16,6.24,6.34,6.03,6.06,10432944.0,64491455.0,656616551.9999999,0.01588894457232629,002300
2020-07-17,6.06,6.13,6.01,6.06,6680814.0,40537738.0,656616551.9999999,0.010174604919188819,002300
2020-07-20,6.12,6.35,6.11,6.32,8678752.0,54294163.0,656616551.9999999,0.01321738231173923,002300
2020-07-21,6.36,6.48,6.32,6.38,11535612.0,73791996.0,656616551.9999999,0.017568262580136728,002300
2020-07-22,6.38,6.43,6.29,6.31,9953556.0,63384806.0,656616551.9999999,0.015158856367056677,002300
2020-07-23,6.36,6.43,6.15,6.41,15365846.0,97121060.0,656616551.9999999,0.023401551412611972,002300
2020-07-24,6.47,6.48,6.18,6.19,12772653.0,80648152.0,656616551.9999999,0.01945222513976468,002300
2020-07-27,6.2,6.29,6.1,6.25,7161592.0,44394103.0,656616551.9999999,0.010906810037283375,002300
2020-07-28,6.29,6.33,6.16,6.2,5926155.0,37038383.0,656616551.9999999,0.009025290303677878,002300
2020-07-29,6.17,6.35,6.12,6.35,9308155.0,58247484.0,656616551.9999999,0.014175937191421885,002300
2020-07-30,6.32,6.38,6.28,6.3,7649260.0,48343640.0,656616551.9999999,0.011649508341970644,002300
2020-07-31,6.28,6.37,6.23,6.31,7650644.0,48152077.0,656616551.9999999,0.011651616117042388,002300
2020-08-03,6.34,6.48,6.32,6.48,14552584.0,93653428.0,656616551.9999999,0.02216298683862603,002300
2020-08-04,6.48,6.85,6.39,6.64,24494891.0,161509589.0,656616551.9999999,0.03730471144138932,002300
2020-08-05,6.64,6.7,6.48,6.66,16123294.0,106537128.0,656616551.9999999,0.024555113560402606,002300
2020-08-06,6.66,6.71,6.46,6.59,12940558.0,85157821.0,656616551.9999999,0.019707937548305975,002300
2020-08-07,6.55,6.56,6.37,6.46,10309979.0,66443460.0,656616551.9999999,0.015701673935261996,002300
2020-08-10,6.55,6.88,6.47,6.69,17681369.0,118516651.0,656616551.9999999,0.02692799769689632,002300
2020-08-11,6.66,6.69,6.41,6.44,12864884.0,84424847.0,656616551.9999999,0.019592689159014687,002300
2020-08-12,6.36,6.42,6.21,6.34,8378053.0,52808571.0,656616551.9999999,0.012759430103431205,002300
2020-08-13,6.36,6.44,6.3,6.37,6041171.0,38553138.0,656616551.9999999,0.009200454940709446,002300
2020-08-14,6.35,6.46,6.32,6.43,6280930.0,40142645.0,656616551.9999999,0.009565598035670598,002300
2020-08-17,6.43,6.55,6.42,6.51,7894482.0,51246694.0,656616551.9999999,0.01202297136122149,002300
2020-08-18,6.5,6.56,6.46,6.51,7192266.0,46801848.0,656616551.9999999,0.010953525277565651,002300
2020-08-19,6.52,6.55,6.41,6.47,8262267.0,53575803.0,656616551.9999999,0.01258309278807215,002300
2020-08-20,6.45,6.45,6.29,6.29,7361557.0,46767043.0,656616551.9999999,0.011211348507096423,002300
2020-08-21,6.31,6.39,6.25,6.31,4604090.0,29100503.0,656616551.9999999,0.007011839689353431,002300
2020-08-24,6.32,6.35,6.2,6.31,4403511.0,27658139.0,656616551.9999999,0.006706366122796126,002300
2020-08-25,6.31,6.32,6.2,6.24,6035666.0,37691964.0,656616551.9999999,0.009192071052147343,002300
2020-08-26,6.28,6.28,6.12,6.23,5861030.0,36302756.0,656616551.9999999,0.008926107607473168,002300
2020-08-27,6.25,6.43,6.25,6.4,9673741.0,61399282.0,656616551.9999999,0.014732709631724303,002300
2020-08-28,6.44,6.48,6.34,6.46,7525972.0,48245095.0,656616551.9999999,0.011461745789192353,002300
2020-08-31,6.54,6.58,6.43,6.43,10231994.0,66527478.0,656616551.9999999,0.015582905988029376,002300
2020-09-01,6.4,6.62,6.4,6.58,10554420.0,69157896.0,656616551.9999999,0.01607394752363782,002300
2020-09-02,6.6,6.62,6.49,6.59,10402723.0,68252101.0,656616551.9999999,0.015842919232410702,002300
2020-09-03,6.58,6.58,6.41,6.46,6915680.0,44835239.0,656616551.9999999,0.010532296176414392,002300
2020-09-04,6.37,6.65,6.35,6.59,10956243.0,71561019.0,656616551.9999999,0.016685907424398894,002300
2020-09-07,6.56,6.74,6.48,6.58,14675998.0,97463352.0,656616551.9999999,0.022350941284221545,002300
2020-09-08,6.61,6.74,6.53,6.73,12310288.0,81943802.0,656616551.9999999,0.018748062263285747,002300
2020-09-09,6.63,6.88,6.61,6.67,17522089.0,118119470.0,656616551.9999999,0.026685420808581755,002300
2020-09-10,6.75,6.88,6.45,6.48,18392725.0,122525784.0,656616551.9999999,0.028011363624595324,002300
2020-09-11,6.5,6.94,6.4,6.91,32907233.0,223038131.0,656616551.9999999,0.05011636228140653,002300
2020-09-14,6.87,7.0,6.76,6.98,26862355.0,184691061.0,656616551.9999999,0.0409102617321776,002300
2020-09-15,6.9,6.91,6.72,6.78,14554163.0,98820859.0,656616551.9999999,0.02216539159067681,002300
2020-09-16,6.72,6.8,6.58,6.62,11284904.0,75065268.0,656616551.9999999,0.01718644460854225,002300
2020-09-17,6.62,6.74,6.59,6.63,9271414.0,61770741.0,656616551.9999999,0.014119982159694325,002300
2020-09-18,6.63,6.7,6.47,6.68,11810384.0,77839431.0,656616551.9999999,0.01798672903390349,002300
2020-09-21,6.66,6.87,6.59,6.81,14412574.0,97430907.0,656616551.9999999,0.021949757367675987,002300
2020-09-22,6.72,6.84,6.5,6.5,13297910.0,88284108.0,656616551.9999999,0.02025216994529861,002300
2020-09-23,6.52,6.58,6.37,6.43,9749872.0,62899003.0,656616551.9999999,0.014848654013217751,002300
2020-09-24,6.36,6.37,6.18,6.2,10493120.0,65580403.0,656616551.9999999,0.015980590145098873,002300
2020-09-25,6.21,6.25,6.13,6.23,5045649.0,31235755.0,656616551.9999999,0.007684315883648332,002300
2020-09-28,6.2,6.23,6.12,6.13,3685092.0,22716726.0,656616551.9999999,0.005612243536620443,002300
2020-09-29,6.15,6.24,6.13,6.21,2950085.0,18274346.0,656616551.9999999,0.00449285810876117,002300
2020-09-30,6.21,6.32,6.17,6.27,4705926.0,29468048.0,656616551.9999999,0.007166931728519693,002300
2020-10-09,6.36,6.37,6.29,6.32,6369477.0,40308968.0,656616551.9999999,0.009700451474455066,002300
2020-10-12,6.32,6.52,6.3,6.48,8774666.0,56493278.0,656616551.9999999,0.013363455388495905,002300
2020-10-13,6.48,6.48,6.38,6.39,6422215.0,41230629.0,656616551.9999999,0.009780769279175894,002300
2020-10-14,6.39,6.46,6.36,6.46,7071030.0,45361458.0,656616551.9999999,0.010768887836382171,002300
2020-10-15,6.44,6.47,6.33,6.33,5296937.0,33802571.0,656616551.9999999,0.008067017171385592,002300
2020-10-16,6.32,6.37,6.24,6.29,4624705.0,29061594.0,656616551.9999999,0.007043235486393893,002300
2020-10-19,6.3,6.4,6.25,6.33,4736998.0,29965629.0,656616551.9999999,0.007214253106430982,002300
2020-10-20,6.3,6.39,6.25,6.38,4453591.0,28157637.0,656616551.9999999,0.006782635902848822,002300
2020-10-21,6.35,6.38,6.24,6.26,4506665.0,28311573.0,656616551.9999999,0.006863465421748919,002300
2020-10-22,6.26,6.26,6.17,6.21,2859971.0,17768880.0,656616551.9999999,0.004355618193432323,002300
2020-10-23,6.21,6.28,6.18,6.2,2858214.0,17773500.0,656616551.9999999,0.004352942354703237,002300
2020-10-26,6.2,6.25,6.15,6.24,2774992.0,17194108.0,656616551.9999999,0.004226198671884836,002300
2020-10-27,6.21,6.26,6.17,6.26,3074012.0,19126979.0,656616551.9999999,0.00468159383225539,002300
2020-10-28,6.26,6.36,6.19,6.36,6735291.0,42482323.0,656616551.9999999,0.01025757114937913,002300
2020-10-29,6.29,6.37,6.26,6.31,4627398.0,29246175.0,656616551.9999999,0.007047336814622366,002300
2020-10-30,6.32,6.34,6.09,6.11,8183980.0,50680719.0,656616551.9999999,0.012463864907261738,002300
2020-11-02,6.1,6.12,5.99,6.01,5951860.0,36002615.0,656616551.9999999,0.009064437961350693,002300
2020-11-03,6.02,6.17,6.01,6.12,4187671.0,25591539.0,656616551.9999999,0.006377650680971564,002300
2020-11-04,6.12,6.16,6.03,6.06,3684249.0,22374763.0,656616551.9999999,0.0056109596822956735,002300
2020-11-05,6.1,6.17,6.07,6.15,4656419.0,28513342.0,656616551.9999999,0.007091534603897711,002300
2020-11-06,6.15,6.15,6.05,6.09,4423252.0,26932520.0,656616551.9999999,0.006736430853786946,002300
2020-11-09,6.12,6.23,6.11,6.21,5826127.0,36064734.0,656616551.9999999,0.008872951774142912,002300
2020-11-10,6.22,6.23,6.1,6.12,5783356.0,35597023.0,656616551.9999999,0.008807813300448145,002300
2020-11-11,6.13,6.14,6.07,6.08,3595037.0,21918066.0,656616551.9999999,0.005475093475864739,002300
2020-11-12,6.07,6.13,6.07,6.12,2436721.0,14852030.0,656616551.9999999,0.003711025853030888,002300
2020-11-13,6.12,6.19,6.09,6.15,4255142.0,26206924.0,656616551.9999999,0.006480406238677944,002300
2020-11-16,6.17,6.2,6.12,6.19,4243571.0,26176968.0,656616551.9999999,0.006462784081629426,002300
2020-11-17,6.19,6.24,6.16,6.23,5349070.0,33205915.0,656616551.9999999,0.008146413585991967,002300
2020-11-18,6.21,6.32,6.2,6.26,5265877.0,33002356.0,656616551.9999999,0.008019714068980706,002300
2020-11-19,6.27,6.32,6.22,6.3,5200166.0,32655088.0,656616551.9999999,0.007919638918880012,002300
2020-11-20,6.3,6.32,6.24,6.29,4159043.0,26105295.0,656616551.9999999,0.006334051414530898,002300
2020-11-23,6.28,6.35,6.24,6.29,6169044.0,38836142.0,656616551.9999999,0.009395200259892322,002300
2020-11-24,6.3,6.35,6.24,6.26,5077008.0,31934541.0,656616551.9999999,0.007732074350754413,002300
2020-11-25,6.28,6.32,6.19,6.21,4936151.0,30866256.0,656616551.9999999,0.007517554933644135,002300
2020-11-26,6.19,6.33,6.17,6.32,5424674.0,33920303.0,656616551.9999999,0.008261555368162575,002300
2020-11-27,6.32,6.33,6.26,6.31,4357500.0,27402041.0,656616551.9999999,0.006636293262372711,002300
2020-11-30,6.5,6.61,6.31,6.33,11237288.0,72168302.0,656616551.9999999,0.017113927399137512,002300
2020-12-01,6.25,6.36,6.22,6.33,6727107.0,42324576.0,656616551.9999999,0.010245107254012691,002300
2020-12-02,6.29,6.35,6.26,6.3,5182716.0,32660380.0,656616551.9999999,0.007893063286653183,002300
2020-12-03,6.3,6.3,6.23,6.26,4722327.0,29549164.0,656616551.9999999,0.007191909776895177,002300
2020-12-04,6.24,6.27,6.22,6.25,2440971.0,15240182.0,656616551.9999999,0.0037174984282150724,002300
2020-12-07,6.27,6.28,6.23,6.26,2729293.0,17073647.0,656616551.9999999,0.0041566009746278835,002300
2020-12-08,6.23,6.26,6.17,6.17,3622835.0,22464786.0,656616551.9999999,0.0055174286864459075,002300
2020-12-09,6.18,6.2,6.06,6.06,4506318.0,27506550.0,656616551.9999999,0.006862936955022116,002300
2020-12-10,6.05,6.12,6.03,6.07,2298100.0,13961088.0,656616551.9999999,0.0034999117719469253,002300
2020-12-11,6.1,6.1,6.01,6.07,2914993.0,17607732.0,656616551.9999999,0.0044394144362050756,002300
2020-12-14,6.07,6.1,6.03,6.1,1510326.0,9187251.0,656616551.9999999,0.002300164373559685,002300
2020-12-15,6.11,6.14,6.06,6.13,2212980.0,13523541.0,656616551.9999999,0.003370277513199211,002300
2020-12-16,6.13,6.14,6.03,6.03,2910122.0,17608896.0,656616551.9999999,0.004431996103564566,002300
2020-12-17,6.01,6.05,5.89,6.04,4113879.0,24566120.0,656616551.9999999,0.006265268500267719,002300
2020-12-18,6.04,6.07,6.02,6.04,2060851.0,12454860.0,656616551.9999999,0.0031385913037416096,002300
2020-12-21,6.04,6.08,6.0,6.06,2468810.0,14940285.0,656616551.9999999,0.003759896080109781,002300
2020-12-22,6.06,6.29,6.04,6.14,6744641.0,41636521.0,656616551.9999999,0.010271810814784336,002300
2020-12-23,6.06,6.19,6.06,6.13,4625037.0,28330385.0,656616551.9999999,0.0070437411087376925,002300
2020-12-24,6.08,6.27,6.08,6.27,10828220.0,67347404.0,656616551.9999999,0.016490933661385987,002300
2020-12-25,6.23,6.44,6.23,6.38,13064556.0,83036528.0,656616551.9999999,0.01989678140187974,002300
2020-12-28,6.32,6.6,6.27,6.41,15253690.0,98142565.0,656616551.9999999,0.023230742437939645,002300
2020-12-29,6.36,6.87,6.29,6.58,21286451.0,139471322.0,656616551.9999999,0.03241838929457874,002300
2020-12-30,6.49,6.74,6.46,6.56,16404721.0,107891221.0,656616551.9999999,0.02498371530542837,002300
2020-12-31,6.55,6.56,6.4,6.54,13276305.0,86127121.0,656616551.9999999,0.02021926641897995,002300
2021-01-04,6.59,6.74,6.46,6.66,17098198.0,113352643.0,656616551.9999999,0.026039852251546657,002300
2021-01-05,6.57,6.63,6.43,6.63,13750194.0,89716201.0,656616551.9999999,0.02094097987344066,002300
2021-01-06,6.57,6.89,6.51,6.68,25987687.0,175137021.0,656616551.9999999,0.03957817834601283,002300
2021-01-07,6.64,6.68,6.4,6.66,17668330.0,115478158.0,656616551.9999999,0.02690813983623124,002300
2021-01-08,6.6,6.61,6.39,6.43,13096255.0,84785042.0,656616551.9999999,0.019945057675000558,002300
2021-01-11,6.36,6.42,6.05,6.1,15693399.0,97418119.0,656616551.9999999,0.02390040115833084,002300
2021-01-12,6.05,6.19,6.05,6.13,6235436.0,38235153.0,656616551.9999999,0.009496312544981353,002300
2021-01-13,6.14,6.18,5.92,5.99,8892050.0,53474261.0,656616551.9999999,0.013542226392124214,002300
2021-01-14,6.04,6.14,5.97,6.12,5099870.0,30894852.0,656616551.9999999,0.007766892236368724,002300
2021-01-15,6.11,6.19,6.06,6.14,4111027.0,25187141.0,656616551.9999999,0.006260925021579414,002300
2021-01-18,6.1,6.21,6.05,6.15,4700893.0,28883732.0,656616551.9999999,0.007159266676542752,002300
2021-01-19,6.15,6.15,6.04,6.07,5168015.0,31433486.0,656616551.9999999,0.007870674268351372,002300
2021-01-20,6.06,6.1,6.04,6.08,3321389.0,20131216.0,656616551.9999999,0.005058338827864334,002300
2021-01-21,6.06,6.13,6.01,6.12,4696952.0,28514430.0,656616551.9999999,0.007153264695648429,002300
2021-01-22,6.11,6.11,6.01,6.01,5136007.0,31023255.0,656616551.9999999,0.007821927400940695,002300
2021-01-25,6.0,6.02,5.81,5.82,7921807.0,46794867.0,656616551.9999999,0.01206458621225863,002300
2021-01-26,5.8,5.89,5.75,5.77,4383362.0,25484124.0,656616551.9999999,0.006675680024587624,002300
2021-01-27,5.78,5.81,5.72,5.8,2355606.0,13592792.0,656616551.9999999,0.0035874910445449757,002300
2021-01-28,5.77,5.81,5.75,5.75,1968560.0,11369084.0,656616551.9999999,0.0029980359069595925,002300
2021-01-29,5.75,5.79,5.55,5.61,4052275.0,22820029.0,656616551.9999999,0.006171448142233248,002300
2021-02-01,5.6,5.65,5.5,5.55,2474456.0,13782411.0,656616551.9999999,0.0037684947058721123,002300
2021-02-02,5.55,5.62,5.53,5.61,1882291.0,10523875.0,656616551.9999999,0.002866651768473848,002300
2021-02-03,5.61,5.62,5.53,5.54,2063742.0,11472336.0,656616551.9999999,0.003142994177825722,002300
2021-02-04,5.5,5.55,5.28,5.35,3191366.0,17223109.0,656616551.9999999,0.004860319147117693,002300
2021-02-05,5.35,5.43,5.26,5.26,2480043.0,13214405.0,656616551.9999999,0.0037770034770612977,002300
2021-02-08,5.27,5.3,5.18,5.26,2321758.0,12147317.0,656616551.9999999,0.0035359419328192636,002300
2021-02-09,5.26,5.45,5.24,5.42,2380288.0,12783431.0,656616551.9999999,0.003625080715296986,002300
2021-02-10,5.44,5.52,5.4,5.52,1833764.0,10040128.0,656616551.9999999,0.0027927471435413957,002300
2021-02-18,5.64,5.64,5.55,5.64,2613684.0,14646840.0,656616551.9999999,0.003980533222988263,002300
2021-02-19,5.64,5.77,5.61,5.74,2819889.0,16065720.0,656616551.9999999,0.004294574956130562,002300
2021-02-22,5.76,5.88,5.73,5.75,5135658.0,29862414.0,656616551.9999999,0.007821395888296159,002300
2021-02-23,5.75,5.8,5.69,5.74,2568944.0,14733527.0,656616551.9999999,0.003912396043284636,002300
2021-02-24,5.75,5.82,5.73,5.77,2614330.0,15068309.0,656616551.9999999,0.003981517054416259,002300
2021-02-25,5.8,5.81,5.66,5.68,2466796.0,14101331.0,656616551.9999999,0.0037568288409519112,002300
2021-02-26,5.64,5.74,5.61,5.71,1877504.0,10674150.0,656616551.9999999,0.002859361364378156,002300
2021-03-01,5.74,5.75,5.7,5.74,1868811.0,10700255.0,656616551.9999999,0.0028461222829484815,002300
2021-03-02,5.75,5.93,5.71,5.81,4706451.0,27441168.0,656616551.9999999,0.007167731281924798,002300
2021-03-03,5.78,5.86,5.76,5.83,2904333.0,16856356.0,656616551.9999999,0.004423179694684274,002300
2021-03-04,5.83,5.87,5.79,5.82,2324704.0,13541738.0,656616551.9999999,0.0035404285696410535,002300
2021-03-05,5.83,5.84,5.8,5.83,2100904.0,12221623.0,656616551.9999999,0.0031995903752362314,002300
2021-03-08,5.83,5.87,5.73,5.75,3471624.0,20194886.0,656616551.9999999,0.005287140553228089,002300
2021-03-09,5.73,5.75,5.51,5.63,3983307.0,22410689.0,656616551.9999999,0.006066412715103169,002300
2021-03-10,5.66,5.68,5.51,5.52,1968782.0,10938916.0,656616551.9999999,0.0029983740038280367,002300
2021-03-11,5.5,5.59,5.44,5.59,2068718.0,11473391.0,656616551.9999999,0.003150572421147252,002300
2021-03-12,5.6,5.7,5.54,5.69,2623212.0,14769443.0,656616551.9999999,0.003995043975071772,002300
2021-03-15,5.8,6.26,5.7,6.26,24493788.0,152146323.0,656616551.9999999,0.037303031617759164,002300
2021-03-16,6.29,6.57,6.11,6.38,36399165.0,231030009.0,656616551.9999999,0.05543443108330295,002300
2021-03-17,6.22,6.29,6.13,6.2,18268993.0,113276257.0,656616551.9999999,0.027822924878080142,002300
2021-03-18,6.22,6.26,6.08,6.21,13721786.0,84537700.0,656616551.9999999,0.020897715657950705,002300
2021-03-19,6.12,6.19,6.1,6.13,10137957.0,62188906.0,656616551.9999999,0.015439691505065809,002300
2021-03-22,6.15,6.24,6.13,6.19,10013374.0,61792297.0,656616551.9999999,0.015249956720554923,002300
2021-03-23,6.22,6.28,6.04,6.07,8655679.0,52844269.0,656616551.9999999,0.013182243081804008,002300
2021-03-24,6.03,6.13,6.02,6.05,5095260.0,30881743.0,656616551.9999999,0.007759871395992468,002300
2021-03-25,6.01,6.05,5.95,6.04,4608117.0,27644119.0,656616551.9999999,0.007017972644710304,002300
2021-03-26,6.11,6.14,6.04,6.07,6787275.0,41366211.0,656616551.9999999,0.010336740643114342,002300
2021-03-29,6.13,6.29,6.06,6.09,7350118.0,45188126.0,656616551.9999999,0.011193927380618333,002300
2021-03-30,6.07,6.07,5.88,5.92,6880372.0,40895274.0,656616551.9999999,0.010478523544743053,002300
2021-03-31,5.88,5.97,5.81,5.95,4034113.0,23818635.0,656616551.9999999,0.00614378816329321,002300
2021-04-01,5.92,5.94,5.85,5.89,3245101.0,19093123.0,656616551.9999999,0.0049421553418287885,002300
2021-04-02,5.86,5.89,5.75,5.81,3808847.0,22123043.0,656616551.9999999,0.0058007173111895615,002300
2021-04-06,5.85,5.96,5.82,5.94,3793071.0,22369481.0,656616551.9999999,0.0057766911121058685,002300
2021-04-07,5.94,6.01,5.89,6.01,3624504.0,21634845.0,656616551.9999999,0.005519970504794708,002300
2021-04-08,6.05,6.05,5.96,5.96,3107001.0,18601594.0,656616551.9999999,0.004731834722314463,002300
2021-04-09,5.94,6.2,5.94,6.09,8495406.0,51798749.0,656616551.9999999,0.012938153895334642,002300
2021-04-12,6.05,6.09,5.98,6.01,4754451.0,28619865.0,656616551.9999999,0.0072408333075344115,002300
2021-04-13,6.0,6.0,5.85,5.87,4077236.0,24109246.0,656616551.9999999,0.006209462718509114,002300
2021-04-14,5.86,5.92,5.84,5.91,2459433.0,14488472.0,656616551.9999999,0.00374561529481517,002300
2021-04-15,5.91,5.95,5.82,5.88,3869013.0,22720633.0,656616551.9999999,0.005892347654373478,002300
2021-04-16,5.88,6.04,5.86,6.02,5192097.0,30987688.0,656616551.9999999,0.007907350163783262,002300
2021-04-19,6.0,6.1,5.98,6.06,4882683.0,29560557.0,656616551.9999999,0.0074361253689504934,002300
2021-04-20,6.07,6.09,6.02,6.03,3753136.0,22714211.0,656616551.9999999,0.005715871749757537,002300
2021-04-21,6.04,6.04,5.9,5.96,3979898.0,23716114.0,656616551.9999999,0.006061220948326019,002300
2021-04-22,5.95,5.99,5.91,5.92,2674706.0,15893187.0,656616551.9999999,0.004073467218962218,002300
2021-04-23,5.9,5.97,5.87,5.97,2976829.0,17591927.0,656616551.9999999,0.00453358812069666,002300
2021-04-26,5.99,6.05,5.94,6.01,4192936.0,25121521.0,656616551.9999999,0.006385669059405619,002300
2021-04-27,6.01,6.13,5.91,6.11,6488166.0,39166664.0,656616551.9999999,0.009881209939404636,002300
2021-04-28,6.1,6.11,6.03,6.08,4739814.0,28773242.0,656616551.9999999,0.00721854175860008,002300
2021-04-29,6.08,6.15,6.06,6.08,4846291.0,29559840.0,656616551.9999999,0.0073807018498674715,002300
2021-04-30,6.09,6.15,5.91,6.08,6926074.0,41813592.0,656616551.9999999,0.010548125810876606,002300
2021-05-06,6.04,6.15,6.0,6.13,4290874.0,26145646.0,656616551.9999999,0.006534824604908834,002300
2021-05-07,6.14,6.17,6.08,6.16,5328772.0,32648942.0,656616551.9999999,0.008115500566912301,002300
2021-05-10,6.15,6.15,6.03,6.13,4527317.0,27567090.0,656616551.9999999,0.006894917568267455,002300
2021-05-11,6.12,6.13,6.04,6.11,3362970.0,20471729.0,656616551.9999999,0.005121664980507528,002300
2021-05-12,6.11,6.13,6.06,6.1,2778756.0,16916550.0,656616551.9999999,0.0042319310890597235,002300
2021-05-13,6.08,6.17,6.05,6.17,6978771.0,42802918.0,656616551.9999999,0.010628381174283894,002300
2021-05-14,6.16,6.24,6.13,6.18,6681506.0,41353335.0,656616551.9999999,0.010175658806724691,002300
2021-05-17,6.18,6.35,6.15,6.22,7155252.0,44761419.0,656616551.9999999,0.010897154478067439,002300
2021-05-18,6.23,6.23,6.07,6.16,4537026.0,27892609.0,656616551.9999999,0.006909703975905866,002300
2021-05-19,6.14,6.14,6.05,6.07,3618313.0,22002556.0,656616551.9999999,0.005510541866449935,002300
2021-05-20,6.07,6.07,5.97,6.05,3391284.0,20427169.0,656616551.9999999,0.0051647860378639995,002300
2021-05-21,6.04,6.07,6.01,6.05,1832038.0,11076752.0,656616551.9999999,0.0027901185165371835,002300
2021-05-24,6.03,6.08,6.01,6.03,2405360.0,14526603.0,656616551.9999999,0.003663264340007074,002300
2021-05-25,6.03,6.07,6.02,6.04,2233828.0,13507231.0,656616551.9999999,0.003402028159655653,002300
2021-05-26,6.02,6.08,6.0,6.06,4006441.0,24174390.0,656616551.9999999,0.006101644845529268,002300
2021-05-27,6.06,6.06,6.02,6.04,2893046.0,17455608.0,656616551.9999999,0.004405990057953947,002300
2021-05-28,6.05,6.09,6.01,6.02,2836886.0,17161089.0,656616551.9999999,0.004320460687990699,002300
2021-05-31,6.02,6.02,5.79,5.81,11187228.0,65537140.0,656616551.9999999,0.017037688078262156,002300
2021-06-01,5.81,5.86,5.7,5.85,6397297.0,36905001.0,656616551.9999999,0.009742820190131304,002300
2021-06-02,5.83,5.87,5.81,5.82,2534260.0,14791066.0,656616551.9999999,0.003859573737946223,002300
2021-06-03,5.82,5.85,5.79,5.8,2236707.0,13018134.0,656616551.9999999,0.003406412758233363,002300
2021-06-04,5.8,5.81,5.74,5.77,2533018.0,14615459.0,656616551.9999999,0.003857682223033574,002300
2021-06-07,5.75,5.79,5.75,5.78,1672564.0,9645256.0,656616551.9999999,0.002547246174202444,002300
2021-06-08,5.8,5.81,5.76,5.79,2555315.0,14759423.0,656616551.9999999,0.0038916396368881066,002300
2021-06-09,5.81,5.83,5.77,5.83,3558783.0,20686207.0,656616551.9999999,0.0054198801251053455,002300
2021-06-10,5.83,5.85,5.8,5.84,2450788.0,14290049.0,656616551.9999999,0.0037324493154111053,002300
2021-06-11,5.85,5.85,5.75,5.75,2820721.0,16340592.0,656616551.9999999,0.004295842057907795,002300
2021-06-15,5.75,5.82,5.71,5.79,1954337.0,11254332.0,656616551.9999999,0.0029763748629961437,002300
2021-06-16,5.8,5.8,5.72,5.72,1559394.0,8955389.0,656616551.9999999,0.0023748929192391123,002300
2021-06-17,5.73,5.76,5.61,5.61,3280093.0,18628882.0,656616551.9999999,0.0049954467184981964,002300
2021-06-18,5.61,5.68,5.56,5.63,2139624.0,12032397.0,656616551.9999999,0.0032585593425613194,002300
2021-06-21,5.66,5.8,5.61,5.79,2700367.0,15440601.0,656616551.9999999,0.004112547866444891,002300
2021-06-22,5.8,5.81,5.72,5.76,2197475.0,12659962.0,656616551.9999999,0.003346664035968439,002300
2021-06-23,5.75,5.76,5.7,5.7,2145490.0,12266867.0,656616551.9999999,0.003267493019274361,002300
2021-06-24,5.7,5.79,5.69,5.76,2528405.0,14519851.0,656616551.9999999,0.003850656813780717,002300
2021-06-25,5.76,5.77,5.7,5.75,1915504.0,10989151.0,656616551.9999999,0.0029172338013190996,002300
2021-06-28,5.76,5.78,5.72,5.73,1880851.0,10806213.0,656616551.9999999,0.0028644587077055594,002300
2021-06-29,5.75,5.75,5.65,5.65,2055219.0,11670501.0,656616551.9999999,0.003130013999403415,002300
2021-06-30,5.65,5.67,5.61,5.64,1884632.0,10606091.0,656616551.9999999,0.0028702170151811836,002300
2021-07-01,5.66,5.72,5.61,5.63,2237677.0,12680312.0,656616551.9999999,0.003407890028334224,002300
2021-07-02,5.63,5.74,5.6,5.68,1911380.0,10837921.0,656616551.9999999,0.0029109531189521407,002300
2021-07-05,5.7,5.72,5.67,5.69,1677832.0,9553236.0,656616551.9999999,0.0025552691215130993,002300
2021-07-06,5.67,5.68,5.63,5.66,1867659.0,10557539.0,656616551.9999999,0.0028443678343338507,002300
2021-07-07,5.59,5.59,5.54,5.57,1993807.0,11081628.0,656616551.9999999,0.003036486049471382,002300
2021-07-08,5.57,5.57,5.49,5.5,2984345.0,16439241.0,656616551.9999999,0.004545034679540032,002300
2021-07-09,5.52,5.54,5.45,5.54,2694854.0,14802931.0,656616551.9999999,0.004104151794211853,002300
2021-07-12,5.55,5.66,5.55,5.63,3447835.0,19371326.0,656616551.9999999,0.005250910884744192,002300
2021-07-13,5.63,5.63,5.58,5.61,2322586.0,13009183.0,656616551.9999999,0.003537202942761029,002300
2021-07-14,5.61,5.63,5.57,5.58,1838377.0,10278841.0,656616551.9999999,0.002799772552794253,002300
2021-07-15,5.58,5.6,5.51,5.51,2267309.0,12541444.0,656616551.9999999,0.0034530183454772254,002300
2021-07-16,5.52,5.56,5.52,5.54,1926275.0,10673103.0,656616551.9999999,0.0029336375912741236,002300
2021-07-19,5.52,5.64,5.5,5.58,3124299.0,17444471.0,656616551.9999999,0.004758178864793528,002300
2021-07-20,5.57,5.61,5.53,5.61,1789059.0,9993433.0,656616551.9999999,0.002724663267398109,002300
2021-07-21,5.63,5.63,5.58,5.61,2420416.0,13570773.0,656616551.9999999,0.0036861940087066225,002300
2021-07-22,5.62,5.66,5.59,5.66,3323285.0,18713039.0,656616551.9999999,0.005061226357875914,002300
2021-07-23,5.66,5.73,5.63,5.7,4693479.0,26692174.0,656616551.9999999,0.0071479754595038004,002300
2021-07-26,5.69,6.09,5.59,5.84,11968097.0,69394290.0,656616551.9999999,0.01822691944567368,002300
2021-07-27,5.78,5.84,5.64,5.65,6783191.0,38922204.0,656616551.9999999,0.010330520879102056,002300
2021-07-28,5.62,5.62,5.36,5.45,4652494.0,25572664.0,656616551.9999999,0.007085556990345259,002300
2021-07-29,5.5,5.57,5.47,5.54,3708596.0,20453488.0,656616551.9999999,0.005648039161827283,002300
2021-07-30,5.53,5.67,5.47,5.66,5007876.0,27965002.0,656616551.9999999,0.007626789158370167,002300
2021-08-02,5.64,5.74,5.61,5.72,4982134.0,28435115.0,656616551.9999999,0.007587585151219278,002300
2021-08-03,5.68,5.78,5.67,5.69,3539945.0,20228363.0,656616551.9999999,0.005391190625971306,002300
2021-08-04,5.68,5.74,5.65,5.67,3363405.0,19159109.0,656616551.9999999,0.005122327467614616,002300
2021-08-05,5.67,5.8,5.65,5.78,6837221.0,39256463.0,656616551.9999999,0.010412806346678877,002300
2021-08-06,5.77,5.77,5.68,5.74,3721116.0,21309801.0,656616551.9999999,0.005667106606840457,002300
2021-08-09,5.7,5.85,5.7,5.78,4511930.0,26146116.0,656616551.9999999,0.006871483800182973,002300
2021-08-10,5.78,5.94,5.78,5.89,9246913.0,54276750.0,656616551.9999999,0.01408266814449722,002300
2021-08-11,5.89,6.1,5.82,6.05,16688992.0,100119910.0,656616551.9999999,0.025416648345471502,002300
2021-08-12,6.01,6.02,5.9,5.95,10909365.0,64764510.0,656616551.9999999,0.016614514158637905,002300
2021-08-13,5.95,6.14,5.91,6.01,11781759.0,71271843.0,656616551.9999999,0.017943134336339425,002300
2021-08-16,5.96,6.3,5.95,6.1,15804251.0,97267385.0,656616551.9999999,0.024069224194640776,002300
2021-08-17,6.17,6.71,6.17,6.71,42607016.0,282869815.0,656616551.9999999,0.06488873280794177,002300
2021-08-18,7.04,7.38,6.99,7.38,26281785.0,189311470.0,656616551.9999999,0.04002607750284066,002300
2021-08-19,8.0,8.12,7.73,8.12,126362832.0,1015927352.0,656616551.9999999,0.19244539543681807,002300
2021-08-20,7.36,7.94,7.31,7.4,97899866.0,735608322.0,656616551.9999999,0.1490974689897857,002300
2021-08-23,7.13,7.7,7.13,7.34,67326736.0,496684732.0,656616551.9999999,0.10253584956840993,002300
2021-08-24,7.22,7.72,6.86,7.72,86138785.0,622295473.0,656616551.9999999,0.13118582639689536,002300
2021-08-25,7.45,8.0,7.31,7.51,72726235.0,554299030.0,656616551.9999999,0.11075906444709913,002300
2021-08-26,7.5,8.26,7.31,8.26,73132902.0,566771259.0,656616551.9999999,0.11137840156061131,002300
2021-08-27,8.33,8.4,7.82,7.88,70375472.0,568390617.0,656616551.9999999,0.10717894909234639,002300
2021-08-30,7.2,7.61,7.09,7.28,58669393.0,428207368.0,656616551.9999999,0.08935107228305145,002300
2021-08-31,7.25,7.65,7.06,7.48,46031753.0,342243827.0,656616551.9999999,0.07010446638877908,002300
2021-09-01,7.49,7.53,7.02,7.02,37748956.0,273099201.0,656616551.9999999,0.05749010725517015,002300
2021-09-02,7.1,7.4,6.95,7.35,32354866.0,234472161.0,656616551.9999999,0.04927513006099183,002300
2021-09-03,7.37,7.7,7.21,7.5,39521191.0,295758175.0,656616551.9999999,0.060189148262592085,002300
2021-09-06,7.51,7.54,7.15,7.26,27606485.0,200532513.0,656616551.9999999,0.0420435411137793,002300
2021-09-07,7.29,7.48,7.09,7.41,28939763.0,210864185.0,656616551.9999999,0.04407406866587793,002300
2021-09-08,7.34,7.48,7.12,7.13,30379361.0,219942249.0,656616551.9999999,0.046266517204701846,002300
2021-09-09,7.05,7.11,6.96,7.01,22091967.0,154740488.0,656616551.9999999,0.03364515702918193,002300
2021-09-10,7.0,7.35,6.97,7.16,29840486.0,215510472.0,656616551.9999999,0.04544583274531892,002300
2021-09-13,7.02,7.88,6.9,7.64,52530987.0,394702524.0,656616551.9999999,0.0800025324369222,002300
2021-09-14,7.65,7.77,7.36,7.36,34689208.0,261741739.0,656616551.9999999,0.05283023690819175,002300
2021-09-15,7.4,7.52,7.25,7.43,20234821.0,149402828.0,656616551.9999999,0.030816800061415454,002300
2021-09-16,7.4,7.43,7.11,7.14,21412053.0,154902741.0,656616551.9999999,0.03260967597417496,002300
2021-09-17,7.15,7.26,6.72,6.88,23926449.0,166837306.0,656616551.9999999,0.03643899765718974,002300
2021-09-22,6.72,7.15,6.72,7.15,19401849.0,135566558.0,656616551.9999999,0.02954821796816356,002300
2021-09-23,7.15,7.22,6.92,7.01,16607934.0,116970969.0,656616551.9999999,0.025293200345641004,002300
2021-09-24,6.95,7.0,6.72,6.74,13514881.0,92084690.0,656616551.9999999,0.0205826078536016,002300
2021-09-27,6.8,6.88,6.18,6.31,17337937.0,111325225.0,656616551.9999999,0.026404964887330473,002300
2021-09-28,6.31,6.5,6.27,6.47,10013652.0,64103251.0,656616551.9999999,0.015250380103119913,002300
2021-09-29,6.36,6.53,6.25,6.31,9835644.0,62616733.0,656616551.9999999,0.014979281241146662,002300
2021-09-30,6.33,6.67,6.31,6.58,13963644.0,90933437.0,656616551.9999999,0.02126605544357341,002300
2021-10-08,6.67,6.67,6.45,6.48,9279170.0,60497414.0,656616551.9999999,0.014131794228665746,002300
2021-10-11,6.48,6.6,6.22,6.54,10081877.0,64903240.0,656616551.9999999,0.01535428397181191,002300
2021-10-12,6.5,6.54,6.23,6.29,9228295.0,58491453.0,656616551.9999999,0.01405431369631389,002300
2021-10-13,6.29,6.37,6.19,6.35,5825259.0,36604105.0,656616551.9999999,0.00887162984584647,002300
2021-10-14,6.33,6.46,6.22,6.41,7307289.0,46595799.0,656616551.9999999,0.011128700575309288,002300
2021-10-15,6.35,6.57,6.28,6.44,9344926.0,59852976.0,656616551.9999999,0.01423193791191545,002300
2021-10-18,6.5,6.5,6.34,6.45,7063439.0,45393665.0,656616551.9999999,0.010757327055623784,002300
2021-10-19,6.5,6.5,6.32,6.34,7854034.0,50217103.0,656616551.9999999,0.011961370720974456,002300
2021-10-20,6.35,6.38,6.25,6.27,7548671.0,47648522.0,656616551.9999999,0.011496315432511365,002300
2021-10-21,6.26,6.34,6.2,6.22,6927017.0,43339268.0,656616551.9999999,0.010549561961088062,002300
2021-10-22,6.23,6.26,5.9,5.96,11614713.0,69962628.0,656616551.9999999,0.01768873014946477,002300
2021-10-25,5.96,6.11,5.96,6.09,6535250.0,39629557.0,656616551.9999999,0.0099529169346922,002300
2021-10-26,6.09,6.36,6.09,6.28,11927722.0,74664292.0,656616551.9999999,0.018165429981423925,002300
2021-10-27,6.23,6.31,6.14,6.17,8417829.0,52299785.0,656616551.9999999,0.012820007315319706,002300
2021-10-28,6.15,6.28,6.06,6.08,8726459.0,53794993.0,656616551.9999999,0.01329003811040085,002300
2021-10-29,6.11,6.24,6.02,6.19,7446418.0,45646706.0,656616551.9999999,0.01134058831949762,002300
2021-11-01,6.19,6.45,6.15,6.4,13512889.0,85857190.0,656616551.9999999,0.0205795741195388,002300
2021-11-02,6.42,6.56,6.26,6.39,14023248.0,89711918.0,656616551.9999999,0.02135682988387415,002300
2021-11-03,6.36,6.38,6.2,6.31,9661997.0,60556331.0,656616551.9999999,0.014714824002791818,002300
2021-11-04,6.39,6.71,6.35,6.63,25293957.0,166744133.0,656616551.9999999,0.03852165609130122,002300
2021-11-05,6.58,6.7,6.45,6.47,15638652.0,102369295.0,656616551.9999999,0.023817023729246475,002300
2021-11-08,6.48,6.7,6.47,6.61,14366218.0,94980785.0,656616551.9999999,0.021879159086443504,002300
2021-11-09,6.6,6.64,6.43,6.54,11277342.0,73511309.0,656616551.9999999,0.017174927993591,002300
2021-11-10,6.53,6.54,6.41,6.51,8198632.0,52918713.0,656616551.9999999,0.012486179300579072,002300
2021-11-11,6.47,6.64,6.45,6.53,9785360.0,64261495.0,656616551.9999999,0.014902700777485125,002300
2021-11-12,6.53,6.89,6.52,6.83,21224229.0,143452028.0,656616551.9999999,0.032323627747964545,002300
2021-11-15,6.85,6.98,6.75,6.88,15325406.0,105099520.0,656616551.9999999,0.023339962956035874,002300
2021-11-16,6.88,6.88,6.7,6.73,11370297.0,76840142.0,656616551.9999999,0.01731649463506062,002300
2021-11-17,6.73,7.26,6.69,7.07,24917980.0,174986271.0,656616551.9999999,0.037949058585413184,002300
2021-11-18,7.01,7.2,6.95,6.97,20858084.0,147175694.0,656616551.9999999,0.031766003973655546,002300
2021-11-19,6.99,7.53,6.99,7.28,33990431.0,246567542.0,656616551.9999999,0.05176602828007906,002300
2021-11-22,7.36,7.48,7.13,7.22,24724619.0,178906744.0,656616551.9999999,0.03765457773595693,002300
2021-11-23,7.26,7.26,7.06,7.16,18680078.0,133108013.0,656616551.9999999,0.02844899042386614,002300
2021-11-24,7.3,7.88,7.3,7.88,27930526.0,215221840.0,656616551.9999999,0.04253704222795773,002300
2021-11-25,8.48,8.48,7.59,8.06,72799238.0,587229374.0,656616551.9999999,0.11087024501325701,002300
2021-11-26,8.08,8.87,7.71,8.87,69455861.0,586070789.0,656616551.9999999,0.105778419365828,002300
2021-11-29,8.85,9.76,8.5,9.76,92085979.0,848965501.0,656616551.9999999,0.14024315823217326,002300
2021-11-30,9.35,9.7,9.11,9.19,62970486.0,586365163.0,656616551.9999999,0.0959014600046208,002300
2021-12-01,9.04,9.14,8.47,8.51,66792193.0,580004636.0,656616551.9999999,0.10172176256683826,002300
2021-12-02,8.51,8.69,8.27,8.3,47093578.0,396405747.0,656616551.9999999,0.07172158218759007,002300
2021-12-03,8.21,8.73,7.93,8.69,64460556.0,538048506.0,656616551.9999999,0.09817077532337322,002300
2021-12-06,8.58,9.06,8.53,8.74,51337728.0,452086845.0,656616551.9999999,0.07818524806240341,002300
2021-12-07,8.62,8.75,8.17,8.31,33806084.0,284304739.0,656616551.9999999,0.051485275381848744,002300
2021-12-08,8.32,9.14,8.26,9.14,43074684.0,380466808.0,656616551.9999999,0.06560097193529171,002300
2021-12-09,9.14,9.81,8.6,8.92,77808679.0,707928063.0,656616551.9999999,0.11849941760225383,002300
2021-12-10,8.92,9.02,8.51,8.52,47397996.0,412697515.0,656616551.9999999,0.07218519827992396,002300
2021-12-13,8.48,9.09,8.33,8.88,49977972.0,436784096.0,656616551.9999999,0.07611439560542789,002300
2021-12-14,8.93,9.5,8.7,9.24,54426761.0,494324964.0,656616551.9999999,0.082889718259798,002300
2021-12-15,9.2,9.28,8.94,8.95,38898565.0,352390955.0,656616551.9999999,0.05924091447515019,002300
2021-12-16,8.9,9.05,8.75,8.86,22838031.0,202216621.0,656616551.9999999,0.034781381813232155,002300
2021-12-17,8.76,9.03,8.68,8.7,27582867.0,243485231.0,656616551.9999999,0.04200757187126164,002300
2021-12-20,8.5,8.58,8.03,8.05,40377425.0,331846673.0,656616551.9999999,0.06149315742500504,002300
2021-12-21,8.08,8.18,7.98,8.14,19607825.0,158652754.0,656616551.9999999,0.029861910943725346,002300
2021-12-22,8.13,8.2,7.97,8.02,16581570.0,134029274.0,656616551.9999999,0.025253049058074923,002300
2021-12-23,8.03,8.12,7.94,8.05,13929631.0,112051756.0,656616551.9999999,0.021214255043634663,002300
2021-12-24,8.04,8.08,7.69,7.71,23251766.0,181949653.0,656616551.9999999,0.035411483200015345,002300
2021-12-27,7.71,7.85,7.55,7.74,14093972.0,109000071.0,656616551.9999999,0.021464539626774446,002300
2021-12-28,7.72,7.8,7.58,7.78,13183147.0,101313708.0,656616551.9999999,0.02007739061686036,002300
2021-12-29,7.78,8.02,7.64,7.84,19925955.0,157085953.0,656616551.9999999,0.03034640984804173,002300
2021-12-30,7.73,7.94,7.73,7.82,13125101.0,102814224.0,656616551.9999999,0.0199889889464742,002300
2021-12-31,7.84,8.58,7.84,8.15,28777829.0,237814138.0,656616551.9999999,0.0438274498447307,002300
2022-01-04,8.1,8.4,8.0,8.32,20761089.0,171335304.0,656616551.9999999,0.031618284578363784,002300
2022-01-05,8.33,8.7,8.2,8.53,28202193.0,240531427.0,656616551.9999999,0.042950779894442875,002300
2022-01-06,8.42,8.73,8.38,8.61,20243153.0,172913596.0,656616551.9999999,0.03082948935469419,002300
2022-01-07,8.55,8.58,8.14,8.15,19819349.0,165049954.0,656616551.9999999,0.03018405329508051,002300
2022-01-10,8.07,8.39,7.99,8.28,14246018.0,117251276.0,656616551.9999999,0.021696099430646095,002300
2022-01-11,8.32,8.37,8.08,8.18,11821077.0,96787625.0,656616551.9999999,0.0180030140330669,002300
2022-01-12,8.37,8.56,8.26,8.29,14471603.0,121344057.0,656616551.9999999,0.022039656106628277,002300
2022-01-13,8.3,8.42,8.08,8.09,12788532.0,105380477.0,656616551.9999999,0.01947640820361166,002300
2022-01-14,8.32,8.9,8.28,8.9,24779553.0,216778110.0,656616551.9999999,0.0377382399583494,002300
2022-01-17,8.5,9.28,8.5,9.08,45689898.0,409609970.0,656616551.9999999,0.06958383528534627,002300
2022-01-18,8.86,9.35,8.72,9.19,36109289.0,325876295.0,656616551.9999999,0.05499296185881103,002300
2022-01-19,9.18,9.33,8.85,9.16,27961664.0,254891629.0,656616551.9999999,0.042584464121154235,002300
2022-01-20,9.16,9.5,8.83,8.9,27254776.0,249802183.0,656616551.9999999,0.041507902773672396,002300
2022-01-21,8.84,9.0,8.73,8.86,14317919.0,127084755.0,656616551.9999999,0.021805601696132697,002300
2022-01-24,8.74,9.23,8.71,9.11,20716846.0,187489846.0,656616551.9999999,0.03155090430921699,002300
2022-01-25,9.1,9.21,8.59,8.75,22350891.0,199013911.0,656616551.9999999,0.03403948763082659,002300
2022-01-26,8.79,8.95,8.5,8.78,14151172.0,123654961.0,656616551.9999999,0.021551652873959232,002300
2022-01-27,8.76,9.4,8.52,8.54,20958523.0,185700370.0,656616551.9999999,0.031918968439284795,002300
2022-01-28,8.78,8.89,8.16,8.74,23421805.0,200385117.0,656616551.9999999,0.03567044560277854,002300
2022-02-07,8.88,8.89,8.43,8.54,16106260.0,138138510.0,656616551.9999999,0.024529171479064395,002300
2022-02-08,8.48,8.58,8.2,8.46,15725056.0,131660173.0,656616551.9999999,0.023948613467179247,002300
2022-02-09,8.41,8.47,7.8,8.29,27373822.0,221195912.0,656616551.9999999,0.04168920493493744,002300
2022-02-10,8.18,8.18,7.9,7.97,15896597.0,127244990.0,656616551.9999999,0.02420986335416047,002300
2022-02-11,7.88,7.94,7.64,7.7,13913250.0,107462735.0,656616551.9999999,0.021189307454436517,002300
2022-02-14,7.61,7.75,7.56,7.7,8659833.0,66666192.0,656616551.9999999,0.013188569452936973,002300
2022-02-15,7.7,7.99,7.6,7.86,13448509.0,104992821.0,656616551.9999999,0.020481526027689906,002300
2022-02-16,7.87,7.95,7.76,7.8,8725613.0,68387251.0,656616551.9999999,0.01328874968719948,002300
2022-02-17,7.74,7.82,7.7,7.71,7404152.0,57321297.0,656616551.9999999,0.011276218940030622,002300
2022-02-18,7.65,7.8,7.59,7.79,6155546.0,47522356.0,656616551.9999999,0.009374643361107353,002300
2022-02-21,7.79,7.96,7.75,7.88,8732729.0,68579738.0,656616551.9999999,0.013299587062496105,002300
2022-02-22,7.9,7.96,7.78,7.81,7873337.0,61800044.0,656616551.9999999,0.011990768395981588,002300
2022-02-23,7.81,7.9,7.73,7.78,11539453.0,90230528.0,656616551.9999999,0.017574112265144364,002300
2022-02-24,7.78,7.83,7.29,7.44,15602312.0,118032382.0,656616551.9999999,0.02376167940402453,002300
2022-02-25,7.49,7.71,7.48,7.59,10960382.0,83287711.0,656616551.9999999,0.016692210951148857,002300
2022-02-28,7.57,7.62,7.37,7.46,8840167.0,65768057.0,656616551.9999999,0.013463210717234556,002300
2022-03-01,7.45,7.79,7.44,7.5,11685847.0,88420526.0,656616551.9999999,0.017797064305500484,002300
2022-03-02,7.43,7.48,7.34,7.38,9736940.0,71883592.0,656616551.9999999,0.014828959109151427,002300
2022-03-03,7.38,7.44,7.31,7.35,7258066.0,53457780.0,656616551.9999999,0.011053735971005497,002300
2022-03-04,7.31,7.33,7.17,7.17,7738571.0,56014814.0,656616551.9999999,0.011785525321329399,002300
2022-03-07,7.19,7.23,6.96,7.17,9245393.0,65958573.0,656616551.9999999,0.01408035324701958,002300
2022-03-08,7.1,7.18,6.89,6.92,8389115.0,58610549.0,656616551.9999999,0.012776277074416488,002300
2022-03-09,6.92,6.99,6.51,6.86,8788433.0,60027647.0,656616551.9999999,0.013384421963216063,002300
2022-03-10,6.96,7.15,6.95,7.11,10354329.0,73132395.0,656616551.9999999,0.015769217161007543,002300
2022-03-11,7.03,7.08,6.86,7.06,5820247.0,40662454.0,656616551.9999999,0.008863996776005734,002300
2022-03-14,6.95,7.13,6.9,6.9,6332537.0,44306582.0,656616551.9999999,0.009644193373913,002300
2022-03-15,6.83,6.87,6.43,6.44,8639008.0,57701752.0,656616551.9999999,0.013156853834534469,002300
2022-03-16,6.57,6.69,6.34,6.68,8836667.0,57873253.0,656616551.9999999,0.013457880361200523,002300
2022-03-17,6.8,6.91,6.7,6.72,7667172.0,52132028.0,656616551.9999999,0.011676787581193965,002300
2022-03-18,6.7,6.78,6.65,6.74,4210659.0,28305042.0,656616551.9999999,0.006412660459403102,002300
2022-03-21,6.73,6.8,6.65,6.77,4782287.0,32222281.0,656616551.9999999,0.007283226390552519,002300
2022-03-22,6.77,6.77,6.66,6.71,3852717.0,25814552.0,656616551.9999999,0.0058675295166790145,002300
2022-03-23,6.78,7.38,6.76,7.38,26381820.0,191175262.0,656616551.9999999,0.040178426693087695,002300
2022-03-24,7.26,7.49,7.11,7.13,25857121.0,187259834.0,656616551.9999999,0.03937933169860148,002300
2022-03-25,7.13,7.36,7.07,7.19,15364889.0,111096799.0,656616551.9999999,0.02340009394097638,002300
2022-03-28,7.14,7.17,7.02,7.09,8870444.0,62819231.0,656616551.9999999,0.013509321342846688,002300
2022-03-29,7.09,7.14,6.93,6.97,8439245.0,59109915.0,656616551.9999999,0.012852623002412527,002300
2022-03-30,7.03,7.1,6.96,7.05,9863854.0,69237273.0,656616551.9999999,0.015022243910780978,002300
2022-03-31,6.99,7.68,6.95,7.39,21417014.0,155290054.0,656616551.9999999,0.03261723137311349,002300
2022-04-01,7.26,7.33,7.16,7.18,11750108.0,84977861.0,656616551.9999999,0.01789493116524422,002300
2022-04-06,7.19,7.23,7.11,7.21,7230481.0,51829569.0,656616551.9999999,0.011011725150662972,002300
2022-04-07,7.15,7.19,6.95,6.98,8905418.0,62725705.0,656616551.9999999,0.013562585306256491,002300
2022-04-08,6.91,6.97,6.71,6.85,7318444.0,49941634.0,656616551.9999999,0.011145689181469189,002300
2022-04-11,6.78,6.81,6.48,6.56,7308121.0,48557670.0,656616551.9999999,0.011129967677086522,002300
2022-04-12,6.54,6.73,6.46,6.73,5561327.0,36616387.0,656616551.9999999,0.008469672266196545,002300
2022-04-13,6.68,6.69,6.55,6.57,3944763.0,26062888.0,656616551.9999999,0.006007711788538649,002300
2022-04-14,6.73,6.85,6.66,6.84,7445184.0,50396999.0,656616551.9999999,0.011338708988255905,002300
2022-04-15,6.83,6.97,6.68,6.89,9986129.0,68200947.0,656616551.9999999,0.015208463706227134,002300
2022-04-18,6.89,7.14,6.8,7.13,9519007.0,67119106.0,656616551.9999999,0.014497056114418514,002300
2022-04-19,7.1,7.17,7.0,7.07,5682294.0,40099738.0,656616551.9999999,0.008653900031444837,002300
2022-04-20,7.05,7.12,6.95,7.02,5383063.0,37871989.0,656616551.9999999,0.008198183526753375,002300
2022-04-21,6.95,7.22,6.92,7.06,10564472.0,75010930.0,656616551.9999999,0.016089256306167563,002300
2022-04-22,7.0,7.42,6.95,7.26,14747909.0,106302723.0,656616551.9999999,0.022460458779296814,002300
2022-04-25,7.13,7.13,6.53,6.53,12950992.0,88415445.0,656616551.9999999,0.019723828101122866,002300
2022-04-26,6.41,6.54,5.88,5.88,13996721.0,85642496.0,656616551.9999999,0.021316430354012768,002300
2022-04-27,5.65,6.0,5.4,5.92,16720440.0,95076836.0,656616551.9999999,0.025464542355916733,002300
2022-04-28,5.8,5.89,5.58,5.66,9032282.0,51455282.0,656616551.9999999,0.0137557939599427,002300
2022-04-29,5.76,6.15,5.72,6.07,11525759.0,69078316.0,656616551.9999999,0.01755325686642149,002300
2022-05-05,6.12,6.28,6.04,6.19,7473986.0,46311202.0,656616551.9999999,0.011382573249539408,002300
2022-05-06,6.07,6.17,6.03,6.12,5347042.0,32693769.0,656616551.9999999,0.00814332502540996,002300
2022-05-09,6.13,6.37,6.13,6.35,6062112.0,38154109.0,656616551.9999999,0.009232347222340507,002300
2022-05-10,6.26,6.86,6.26,6.6,10833304.0,70812157.0,656616551.9999999,0.016498676384265137,002300
2022-05-11,6.68,6.97,6.62,6.72,12154822.0,82826885.0,656616551.9999999,0.018511293940089407,002300
2022-05-12,6.75,6.87,6.64,6.76,6463895.0,43528346.0,656616551.9999999,0.009844246204746908,002300
2022-05-13,6.77,6.82,6.67,6.75,4571338.0,30769824.0,656616551.9999999,0.006961959740545805,002300
2022-05-16,6.86,6.86,6.65,6.69,4722684.0,31815432.0,656616551.9999999,0.007192453473210649,002300
2022-05-17,6.67,6.71,6.53,6.65,3800709.0,25141324.0,656616551.9999999,0.005788323471930998,002300
2022-05-18,6.69,6.7,6.6,6.65,3574146.0,23783665.0,656616551.9999999,0.005443277342177023,002300
2022-05-19,6.55,6.86,6.52,6.85,6188242.0,41543835.0,656616551.9999999,0.009424438024218435,002300
2022-05-20,6.94,7.28,6.86,7.17,13924144.0,98984282.0,656616551.9999999,0.021205898568332163,002300
2022-05-23,7.14,7.27,7.11,7.18,8064000.0,57863829.0,656616551.9999999,0.01228114030241504,002300
2022-05-24,7.2,7.3,6.87,6.89,9888133.0,70241841.0,656616551.9999999,0.01505921982910964,002300
2022-05-25,7.02,7.02,6.81,7.0,5789774.0,40009358.0,656616551.9999999,0.008817587650455696,002300
2022-05-26,7.0,7.03,6.83,6.97,4531466.0,31498685.0,656616551.9999999,0.006901236324606086,002300
2022-05-27,6.96,7.03,6.85,6.95,4466879.0,31058599.0,656616551.9999999,0.006802872980271751,002300
2022-05-30,6.95,6.99,6.85,6.97,3953443.0,27399214.0,656616551.9999999,0.006020931071503054,002300
2022-05-31,6.97,7.07,6.86,6.99,6164216.0,42965710.0,656616551.9999999,0.00938784741448309,002300
2022-06-01,7.0,7.08,6.9,7.05,5838641.0,40873904.0,656616551.9999999,0.008892010081402883,002300
2022-06-02,7.03,7.14,6.96,7.11,5847326.0,41403450.0,656616551.9999999,0.008905236979161624,002300
2022-06-06,7.11,7.39,7.1,7.3,10810172.0,78672837.0,656616551.9999999,0.01646344729975677,002300
2022-06-07,7.29,7.29,7.0,7.09,9079477.0,64685845.0,656616551.9999999,0.013827670003664486,002300
2022-06-08,7.07,7.13,6.85,7.03,8357483.0,58364815.0,656616551.9999999,0.012728102839539752,002300
2022-06-09,7.04,7.05,6.73,6.74,7312928.0,50045588.0,656616551.9999999,0.011137288540359551,002300
2022-06-10,6.73,7.0,6.7,6.97,5466747.0,37768547.0,656616551.9999999,0.008325630816568268,002300
2022-06-13,6.93,7.03,6.85,6.93,5145956.0,35669041.0,656616551.9999999,0.007837079318707155,002300
2022-06-14,6.87,6.89,6.63,6.86,6219451.0,42035588.0,656616551.9999999,0.009471968047494485,002300
2022-06-15,6.87,6.92,6.81,6.81,5704546.0,39183064.0,656616551.9999999,0.00868778891215036,002300
2022-06-16,6.8,6.87,6.73,6.75,4494264.0,30522148.0,656616551.9999999,0.006844579208840902,002300
2022-06-17,6.75,6.97,6.72,6.93,8033243.0,55411548.0,656616551.9999999,0.012234298656546815,002300
2022-06-20,6.95,7.16,6.95,7.15,9237794.0,65578912.0,656616551.9999999,0.01406878028259026,002300
2022-06-21,7.2,7.2,7.07,7.15,6109964.0,43481671.0,656616551.9999999,0.009305223850037824,002300
2022-06-22,7.19,7.47,7.13,7.29,14964889.0,109603821.0,656616551.9999999,0.022790910394229605,002300
2022-06-23,7.22,7.48,7.19,7.42,13950296.0,103185991.0,656616551.9999999,0.021245726988618468,002300
2022-06-24,7.38,7.68,7.31,7.47,14437950.0,108137266.0,656616551.9999999,0.021988403971881603,002300
2022-06-27,7.48,7.59,7.33,7.56,13944772.0,104210685.0,656616551.9999999,0.021237314163837895,002300
2022-06-28,7.59,8.32,7.56,7.95,39529303.0,318616391.0,656616551.9999999,0.06020150250492011,002300
2022-06-29,7.89,7.9,7.27,7.37,30639920.0,229886396.0,656616551.9999999,0.04666333784409383,002300
2022-06-30,7.37,7.42,7.16,7.25,14701914.0,106795552.0,656616551.9999999,0.02239041028621527,002300
2022-07-01,7.26,7.39,7.16,7.23,10032125.0,72722532.0,656616551.9999999,0.015278513722267547,002300
2022-07-04,7.17,7.3,7.1,7.28,8897418.0,64199480.0,656616551.9999999,0.013550401635321556,002300
2022-07-05,7.29,7.31,7.1,7.19,6607479.0,47500343.0,656616551.9999999,0.010062918730687131,002300
2022-07-06,7.21,7.4,7.11,7.33,12703538.0,92033726.0,656616551.9999999,0.01934696583768117,002300
2022-07-07,7.35,7.65,7.27,7.6,25069222.0,188023042.0,656616551.9999999,0.038179393930355875,002300
2022-07-08,7.53,7.6,7.41,7.42,13617852.0,102094381.0,656616551.9999999,0.020739428451081756,002300
2022-07-11,7.4,7.5,7.3,7.37,8399479.0,62057163.0,656616551.9999999,0.012792061020112697,002300
2022-07-12,7.35,7.59,7.28,7.41,9956998.0,74144693.0,656616551.9999999,0.015164098391476434,002300
2022-07-13,7.68,7.96,7.52,7.88,28441330.0,220894838.0,656616551.9999999,0.04331497570898884,002300
2022-07-14,7.8,8.06,7.7,7.91,25918247.0,205233197.0,656616551.9999999,0.039472424082297584,002300
2022-07-15,7.87,8.19,7.83,8.06,27043883.0,218898139.0,656616551.9999999,0.04118672140936223,002300
2022-07-18,8.09,8.32,7.99,8.1,27417821.0,222940910.0,656616551.9999999,0.041756213602120715,002300
2022-07-19,8.08,8.79,8.05,8.16,30913569.0,255835148.0,656616551.9999999,0.04708009401505311,002300
2022-07-20,8.16,8.98,8.16,8.98,54845835.0,474746931.0,656616551.9999999,0.08352795072397141,002300
2022-07-21,9.05,9.64,8.5,8.5,80769666.0,732537816.0,656616551.9999999,0.12300887900858158,002300
2022-07-22,8.51,9.35,8.41,9.35,64696610.0,571324777.0,656616551.9999999,0.09853027585573264,002300
2022-07-25,9.3,10.29,9.0,9.91,106713019.0,1057003565.0,656616551.9999999,0.16251953849619072,002300
2022-07-26,9.57,10.9,9.57,10.9,61953147.0,656504894.0,656616551.9999999,0.09435209455396125,002300
2022-07-27,10.6,10.96,10.1,10.45,112773051.0,1177739558.0,656616551.9999999,0.17174871796408814,002300
2022-07-28,10.25,10.87,10.01,10.3,85335637.0,886487808.0,656616551.9999999,0.1299626650288889,002300
2022-07-29,10.02,10.47,9.59,9.63,69549128.0,693858275.0,656616551.9999999,0.10592046117046408,002300
2022-08-01,9.69,9.76,9.1,9.21,61582692.0,571071132.0,656616551.9999999,0.09378790682693605,002300
2022-08-02,9.03,9.1,8.46,8.48,49655866.0,431377471.0,656616551.9999999,0.07562384141665685,002300
2022-08-03,8.56,8.85,8.36,8.56,42443304.0,367515364.0,656616551.9999999,0.06463940616592925,002300
2022-08-04,8.59,9.29,8.58,9.09,58381810.0,522521744.0,656616551.9999999,0.08891309520324125,002300
2022-08-05,9.09,9.09,8.64,8.74,38342250.0,335899315.0,656616551.9999999,0.058393669613129105,002300
2022-08-08,8.59,8.8,8.35,8.75,27511869.0,237150999.0,656616551.9999999,0.04189944483763182,002300
2022-08-09,8.75,8.86,8.53,8.56,28675986.0,249180946.0,656616551.9999999,0.043672347144852366,002300
2022-08-10,8.57,8.78,8.45,8.7,25580781.0,219790327.0,656616551.9999999,0.03895847724533146,002300
2022-08-11,8.78,8.78,8.51,8.65,21143017.0,182216055.0,656616551.9999999,0.03219994521246854,002300
2022-08-12,8.6,8.68,8.27,8.28,30912586.0,261601832.0,656616551.9999999,0.04707859694648697,002300
2022-08-15,8.28,8.61,8.23,8.59,24571695.0,209073258.0,656616551.9999999,0.03742168077420017,002300
2022-08-16,8.6,8.93,8.59,8.88,37654540.0,332150842.0,656616551.9999999,0.05734631557079604,002300
2022-08-17,8.89,9.09,8.82,8.85,29740775.0,265539175.0,656616551.9999999,0.04529397699374475,002300
2022-08-18,8.85,9.0,8.76,8.84,21655580.0,192050862.0,656616551.9999999,0.03298055757814647,002300
2022-08-19,8.9,8.91,8.61,8.66,19162576.0,166827497.0,656616551.9999999,0.02918381503121171,002300
2022-08-22,8.6,8.66,8.44,8.62,13905420.0,118691457.0,656616551.9999999,0.02117738268650895,002300
2022-08-23,8.55,8.77,8.48,8.72,11726766.0,101821566.0,656616551.9999999,0.01785938225937381,002300
2022-08-24,8.67,8.72,8.23,8.28,18913033.0,158874185.0,656616551.9999999,0.02880377130669713,002300
2022-08-25,8.31,8.37,8.01,8.14,13356827.0,108783379.0,656616551.9999999,0.02034189811285781,002300
2022-08-26,8.19,8.32,8.13,8.18,10328315.0,84898127.0,656616551.9999999,0.015729598909044868,002300
2022-08-29,8.03,8.25,7.92,8.21,11142742.0,90934897.0,656616551.9999999,0.016969937730110712,002300
2022-08-30,8.2,8.24,8.03,8.06,11433005.0,92665082.0,656616551.9999999,0.017411996339684113,002300
2022-08-31,8.04,8.05,7.57,7.59,19165632.0,148107085.0,656616551.9999999,0.029188469193508853,002300
2022-09-01,7.65,7.77,7.6,7.62,8234730.0,63082697.0,656616551.9999999,0.012541155069755235,002300
2022-09-02,7.65,7.79,7.62,7.77,8473532.0,65552170.0,656616551.9999999,0.012904840693080795,002300
2022-09-05,7.77,8.06,7.71,7.97,11311195.0,89916256.0,656616551.9999999,0.017226484720111047,002300
2022-09-06,7.95,8.08,7.88,8.05,9435848.0,75554952.0,656616551.9999999,0.014370408378008724,002300
2022-09-07,8.01,8.16,7.99,8.08,8230225.0,66600643.0,656616551.9999999,0.012534294140059998,002300
2022-09-08,8.08,8.11,7.97,8.06,7665495.0,61650441.0,656616551.9999999,0.011674233579174229,002300
2022-09-09,8.08,8.09,7.86,7.96,5698780.0,45296771.0,656616551.9999999,0.008679007531324006,002300
2022-09-13,8.01,8.04,7.87,7.94,6006411.0,47711987.0,656616551.9999999,0.009147516890497151,002300
2022-09-14,7.82,7.95,7.77,7.86,5809042.0,45629612.0,656616551.9999999,0.008846932021902489,002300
2022-09-15,7.92,7.98,7.58,7.71,10387604.0,79856451.0,656616551.9999999,0.01581989361730254,002300
2022-09-16,7.68,7.72,7.45,7.47,5405230.0,41024153.0,656616551.9999999,0.008231942955955215,002300
2022-09-19,7.46,7.5,7.25,7.3,6110812.0,44921587.0,656616551.9999999,0.009306515319156928,002300
2022-09-20,7.39,7.51,7.36,7.5,5954048.0,44473282.0,656616551.9999999,0.009067770195351398,002300
2022-09-21,7.57,7.57,7.35,7.51,4430298.0,33058256.0,656616551.9999999,0.006747161621962891,002300
2022-09-22,7.52,7.59,7.43,7.55,4586233.0,34605248.0,656616551.9999999,0.0069846442128677876,002300
2022-09-23,7.53,7.6,7.29,7.34,5754056.0,42711165.0,656616551.9999999,0.008763190605648943,002300
2022-09-26,7.2,7.43,7.14,7.17,5175257.0,37748223.0,656616551.9999999,0.007881703536465223,002300
2022-09-27,7.2,7.42,7.2,7.38,6257929.0,45832985.0,656616551.9999999,0.009530568458773791,002300
2022-09-28,7.42,7.46,7.05,7.05,6902088.0,49867742.0,656616551.9999999,0.010511596119495936,002300
2022-09-29,7.15,7.18,6.95,7.03,6227672.0,43869538.0,656616551.9999999,0.009484488292338998,002300
2022-09-30,7.04,7.08,6.93,6.96,4311417.0,30131750.0,656616551.9999999,0.006566110748910881,002300
2022-10-10,6.97,7.07,6.8,6.9,5985365.0,41652218.0,656616551.9999999,0.009115464698185069,002300
2022-10-11,6.96,7.15,6.86,7.11,6642534.0,46754816.0,656616551.9999999,0.010116306053765152,002300
2022-10-12,7.07,7.42,7.07,7.42,9980768.0,72224842.0,656616551.9999999,0.015200299123741861,002300
2022-10-13,7.35,7.79,7.28,7.67,14251876.0,108630471.0,656616551.9999999,0.0217050209236882,002300
2022-10-14,7.78,8.09,7.66,8.05,19952815.0,158795260.0,656616551.9999999,0.030387316523205775,002300
2022-10-17,8.01,8.3,7.96,8.22,18375152.0,150616592.0,656616551.9999999,0.02798460066842787,002300
2022-10-18,8.26,8.75,8.18,8.5,25616923.0,216699837.0,656616551.9999999,0.03901352002469777,002300
2022-10-19,8.45,8.48,8.19,8.21,15984120.0,133135371.0,656616551.9999999,0.024343157283065266,002300
2022-10-20,8.21,8.21,7.94,7.99,13496087.0,108432737.0,656616551.9999999,0.0205539853646577,002300
2022-10-21,8.06,8.58,7.99,8.43,23963708.0,200938229.0,656616551.9999999,0.036495741581610334,002300
2022-10-24,8.45,8.59,8.21,8.39,23235790.0,196591489.0,656616551.9999999,0.03538715240915828,002300
2022-10-25,8.39,8.43,8.13,8.26,12453006.0,103077466.0,656616551.9999999,0.018965415906847263,002300
2022-10-26,8.27,8.52,8.26,8.43,13015707.0,109517513.0,656616551.9999999,0.019822386384192158,002300
2022-10-27,8.47,8.56,8.28,8.3,12820400.0,107349609.0,656616551.9999999,0.019524941856780977,002300
2022-10-28,8.02,8.27,7.89,7.95,13696878.0,110651723.0,656616551.9999999,0.02085978179849478,002300
2022-10-31,7.97,8.14,7.88,8.02,8400242.0,67599246.0,656616551.9999999,0.012793223037728117,002300
2022-11-01,8.03,8.17,7.97,8.08,9929873.0,80076653.0,656616551.9999999,0.015122788132212668,002300
2022-11-02,8.02,8.08,7.9,8.03,10519690.0,84210287.0,656616551.9999999,0.016021055162191527,002300
2022-11-03,8.02,8.03,7.88,7.91,9491294.0,75371748.0,656616551.9999999,0.01445485035534103,002300
2022-11-04,7.91,8.28,7.89,8.26,15230663.0,123909638.0,656616551.9999999,0.023195673264112298,002300
2022-11-07,8.44,8.68,8.24,8.4,30110348.0,254000408.0,656616551.9999999,0.04585682147104937,002300
2022-11-08,8.34,8.85,8.23,8.8,41230866.0,356452307.0,656616551.9999999,0.06279291296330283,002300
2022-11-09,8.76,8.8,8.55,8.57,24716294.0,213457097.0,656616551.9999999,0.03764189910339026,002300
2022-11-10,8.44,8.6,8.37,8.48,14938303.0,126482084.0,656616551.9999999,0.022750421009795078,002300
2022-11-11,8.68,8.7,8.33,8.33,15689176.0,132964610.0,656616551.9999999,0.02389396970303606,002300
2022-11-14,8.3,8.43,8.12,8.12,13081877.0,107524588.0,656616551.9999999,0.019923160572412744,002300
2022-11-15,8.13,8.46,8.12,8.43,14371312.0,120388873.0,656616551.9999999,0.021886917038911324,002300
2022-11-16,8.43,8.47,8.22,8.26,11588620.0,96282375.0,656616551.9999999,0.017648991583751612,002300
2022-11-17,8.21,8.3,8.13,8.29,8350128.0,68662017.0,656616551.9999999,0.012716901477073946,002300
2022-11-18,8.34,8.51,8.24,8.39,12163108.0,102132279.0,656616551.9999999,0.01852391317726027,002300
2022-11-21,8.34,8.5,8.28,8.45,10389808.0,87595142.0,656616551.9999999,0.015823250218645116,002300
2022-11-22,8.46,8.46,8.11,8.18,11349537.0,93671127.0,656616551.9999999,0.017284878008984463,002300
2022-11-23,8.18,8.32,7.99,8.3,9697503.0,79149003.0,656616551.9999999,0.014768898180318795,002300
2022-11-24,8.3,8.56,8.3,8.44,14534083.0,122603847.0,656616551.9999999,0.022134810576630123,002300
2022-11-25,8.39,8.44,8.23,8.25,7099174.0,58893390.0,656616551.9999999,0.010811749990731274,002300
2022-11-28,8.19,8.2,8.03,8.11,7663550.0,62106610.0,656616551.9999999,0.011671271424178172,002300
2022-11-29,8.12,8.22,8.08,8.15,6010782.0,48930476.0,656616551.9999999,0.009154173743704226,002300
2022-11-30,8.13,8.21,8.04,8.07,7500245.0,60657286.0,656616551.9999999,0.011422564626424467,002300
2022-12-01,8.1,8.21,8.07,8.09,7008247.0,57043540.0,656616551.9999999,0.010673271909843664,002300
2022-12-02,8.07,8.21,8.07,8.15,5216194.0,42514201.0,656616551.9999999,0.007944048903598155,002300
2022-12-05,8.17,8.18,8.08,8.11,7590468.0,61523166.0,656616551.9999999,0.011559970544269802,002300
2022-12-06,8.08,8.09,7.91,7.92,10024100.0,79935426.0,656616551.9999999,0.015266291977360938,002300
2022-12-07,7.92,7.99,7.89,7.91,5326478.0,42251032.0,656616551.9999999,0.008112006899271709,002300
2022-12-08,7.89,7.99,7.86,7.9,6881656.0,54418468.0,656616551.9999999,0.01048047902392811,002300
2022-12-09,7.87,7.9,7.59,7.68,10993961.0,84530151.0,656616551.9999999,0.01674335038693938,002300
2022-12-12,7.64,7.73,7.55,7.68,7553818.0,57632854.0,656616551.9999999,0.011504154101799129,002300
2022-12-13,7.73,7.8,7.59,7.62,5183502.0,39816321.0,656616551.9999999,0.007894260332322541,002300
2022-12-14,7.6,7.66,7.49,7.5,4182791.0,31600502.0,656616551.9999999,0.006370218641701254,002300
2022-12-15,7.58,7.74,7.48,7.71,5905579.0,45050936.0,656616551.9999999,0.008993953902033223,002300
2022-12-16,7.69,7.69,7.46,7.51,4617300.0,34778003.0,656616551.9999999,0.007031957975984743,002300
2022-12-19,7.51,7.58,7.4,7.43,3394410.0,25417761.0,656616551.9999999,0.005169546807281825,002300
2022-12-20,7.51,7.55,7.39,7.53,3153102.0,23662096.0,656616551.9999999,0.004802044649035896,002300
2022-12-21,7.53,7.58,7.44,7.47,2721695.0,20418539.0,656616551.9999999,0.0041450295331574285,002300
2022-12-22,7.48,7.52,7.21,7.24,4182921.0,30700823.0,656616551.9999999,0.006370416626353946,002300
2022-12-23,7.2,7.29,7.15,7.24,1873963.0,13562779.0,656616551.9999999,0.00285396856703058,002300
2022-12-26,7.23,7.54,7.2,7.53,4318134.0,32053066.0,656616551.9999999,0.006576340463619627,002300
2022-12-27,7.54,7.63,7.5,7.57,3135473.0,23696219.0,656616551.9999999,0.004775196407171899,002300
2022-12-28,7.56,7.61,7.49,7.53,3252713.0,24512440.0,656616551.9999999,0.00495374810472338,002300
2022-12-29,7.58,7.59,7.37,7.43,4863951.0,36142514.0,656616551.9999999,0.007407597303456342,002300
2022-12-30,7.36,7.81,7.36,7.66,9691311.0,74107218.0,656616551.9999999,0.014759468019015155,002300
2023-01-03,7.63,8.0,7.61,7.93,12944786.0,102517282.0,656616551.9999999,0.019714376618395087,002300
2023-01-04,7.9,7.99,7.81,7.92,5698675.0,44974344.0,656616551.9999999,0.008678847620642985,002300
2023-01-05,7.95,7.95,7.85,7.93,4552537.0,36039050.0,656616551.9999999,0.006933326590889839,002300
2023-01-06,7.95,8.02,7.89,7.95,6920444.0,55188109.0,656616551.9999999,0.010539551552456145,002300
2023-01-09,7.95,8.08,7.93,8.0,7653737.0,61258204.0,656616551.9999999,0.011656326628817607,002300
2023-01-10,8.0,8.03,7.91,7.96,4709564.0,37511655.0,656616551.9999999,0.0071724722528773545,002300
2023-01-11,7.97,7.98,7.88,7.91,3770589.0,29860035.0,656616551.9999999,0.0057424519508609655,002300
2023-01-12,7.91,7.97,7.86,7.9,3765778.0,29805922.0,656616551.9999999,0.005735124995752469,002300
2023-01-13,7.97,8.01,7.88,7.95,3799147.0,30165713.0,656616551.9999999,0.005785944610180952,002300
2023-01-16,7.92,8.04,7.9,8.01,5369604.0,42871420.0,656616551.9999999,0.008177686023364213,002300
2023-01-17,8.01,8.08,7.97,8.01,3108640.0,24960120.0,656616551.9999999,0.004734330851897259,002300
2023-01-18,8.01,8.06,7.97,8.0,2724052.0,21845528.0,656616551.9999999,0.004148619147206634,002300
2023-01-19,8.04,8.05,7.93,7.99,3300492.0,26371578.0,656616551.9999999,0.005026513556423416,002300
2023-01-20,8.0,8.14,8.0,8.13,5556209.0,44991538.0,656616551.9999999,0.00846187776271592,002300
2023-01-30,8.18,8.44,8.18,8.39,12544341.0,104354983.0,656616551.9999999,0.019104515354952556,002300
2023-01-31,8.34,8.5,8.3,8.47,10283317.0,86782812.0,656616551.9999999,0.01566106880595359,002300
2023-02-01,8.51,8.63,8.44,8.58,9812069.0,84089948.0,656616551.9999999,0.014943377485860275,002300
2023-02-02,8.59,8.62,8.47,8.48,7499524.0,63864356.0,656616551.9999999,0.011421466573081455,002300
2023-02-03,8.45,8.45,8.29,8.35,6745641.0,56340493.0,656616551.9999999,0.010273333773651203,002300
2023-02-06,8.35,8.42,8.32,8.34,4459189.0,37277674.0,656616551.9999999,0.006791161426585543,002300
2023-02-07,8.34,8.42,8.28,8.37,3965683.0,33095161.0,656616551.9999999,0.006039572088033505,002300
2023-02-08,8.36,8.66,8.32,8.59,12850420.0,109794640.0,656616551.9999999,0.01957066108196432,002300
2023-02-09,8.59,9.15,8.51,8.85,25318312.0,224728423.0,656616551.9999999,0.03855874775450376,002300
2023-02-10,8.81,9.05,8.76,8.97,15742483.0,140596997.0,656616551.9999999,0.023975154071352138,002300
2023-02-13,8.96,9.03,8.84,8.86,9700169.0,86356237.0,656616551.9999999,0.014772958388657862,002300
2023-02-14,8.87,9.25,8.82,9.09,16350598.0,147991005.0,656616551.9999999,0.02490128820267693,002300
2023-02-15,9.02,9.1,8.96,8.99,10461920.0,94223177.0,656616551.9999999,0.015933073828452625,002300
2023-02-16,8.99,9.01,8.5,8.6,16851906.0,147769798.0,656616551.9999999,0.025664759666308264,002300
2023-02-17,8.69,8.72,8.51,8.64,9819032.0,84801640.0,656616551.9999999,0.014953981848450268,002300
2023-02-20,8.65,8.65,8.46,8.59,7538900.0,64393444.0,656616551.9999999,0.011481434601423209,002300
2023-02-21,8.63,8.75,8.58,8.7,6241349.0,54197260.0,656616551.9999999,0.009505317800761137,002300
2023-02-22,8.63,8.82,8.59,8.69,6523681.0,56853494.0,656616551.9999999,0.009935297823561416,002300
2023-02-23,8.7,8.77,8.61,8.66,4744796.0,41175931.0,656616551.9999999,0.007226129139674811,002300
2023-02-24,8.68,8.69,8.51,8.57,4832154.0,41448552.0,656616551.9999999,0.007359171780366574,002300
2023-02-27,8.58,8.65,8.5,8.56,4541578.0,38960700.0,656616551.9999999,0.006916636484667844,002300
2023-02-28,8.6,8.65,8.43,8.53,5111433.0,43556993.0,656616551.9999999,0.007784502209746307,002300
2023-03-01,8.55,8.58,8.46,8.57,4894636.0,41653747.0,656616551.9999999,0.0074543292962861545,002300
2023-03-02,8.56,8.68,8.5,8.52,6260772.0,53667962.0,656616551.9999999,0.009534898230832294,002300
2023-03-03,8.52,8.7,8.5,8.61,6077059.0,52315396.0,656616551.9999999,0.009255110888523568,002300
2023-03-06,8.6,8.73,8.56,8.69,6731866.0,58250144.0,656616551.9999999,0.01025235501526011,002300
2023-03-07,8.7,8.71,8.38,8.4,7912169.0,67322749.0,656616551.9999999,0.012049907934699766,002300
2023-03-08,8.4,8.48,8.34,8.39,5002673.0,41957760.0,656616551.9999999,0.007618865203385858,002300
2023-03-09,8.46,8.54,8.4,8.45,5920132.0,50156659.0,656616551.9999999,0.009016117522422738,002300
2023-03-10,8.42,8.47,8.19,8.26,4856096.0,40146139.0,656616551.9999999,0.007395634461557102,002300
2023-03-13,8.25,8.26,8.11,8.18,5055963.0,41320611.0,656616551.9999999,0.007700023681401198,002300
2023-03-14,8.2,8.23,7.92,8.06,6229983.0,50084601.0,656616551.9999999,0.009488007850280328,002300
2023-03-15,8.12,8.22,8.07,8.18,3209496.0,26220183.0,656616551.9999999,0.004887930391373991,002300
2023-03-16,8.17,8.17,7.97,7.99,4326584.0,34814540.0,656616551.9999999,0.006589209466044653,002300
2023-03-17,8.07,8.09,7.98,7.99,2986794.0,23978479.0,656616551.9999999,0.004548764405804989,002300
2023-03-20,7.98,8.22,7.86,8.19,6324372.0,51047127.0,656616551.9999999,0.009631758414765032,002300
2023-03-21,8.2,8.22,8.12,8.21,4011330.0,32819545.0,656616551.9999999,0.0061090905914293805,002300
2023-03-22,8.24,8.3,8.18,8.26,4011685.0,33077679.0,656616551.9999999,0.006109631241827118,002300
2023-03-23,8.26,8.43,8.19,8.38,7485006.0,62381178.0,656616551.9999999,0.011399356256252281,002300
2023-03-24,8.38,8.4,8.3,8.38,3740369.0,31234728.0,656616551.9999999,0.005696428133904247,002300
2023-03-27,8.38,8.48,8.32,8.46,6754833.0,56877301.0,656616551.9999999,0.010287332811555444,002300
2023-03-28,8.44,8.55,8.37,8.39,4766680.0,40335540.0,656616551.9999999,0.007259457571517327,002300
2023-03-29,8.37,8.46,8.31,8.32,4359535.0,36492329.0,656616551.9999999,0.0066393924836667855,002300
2023-03-30,8.32,8.4,8.21,8.37,4016242.0,33372401.0,656616551.9999999,0.006116571365383431,002300
2023-03-31,8.37,8.53,8.32,8.49,6152503.0,51837949.0,656616551.9999999,0.009370008997275477,002300
2023-04-03,8.48,8.54,8.44,8.5,3934359.0,33410864.0,656616551.9999999,0.005991866924487765,002300
2023-04-04,8.47,8.54,8.35,8.41,7490356.0,63117394.0,656616551.9999999,0.01140750408619002,002300
2023-04-06,8.35,8.36,8.17,8.24,5476771.0,45142534.0,656616551.9999999,0.008340896956249743,002300
2023-04-07,8.25,8.6,8.2,8.6,8773113.0,74028446.0,656616551.9999999,0.01336109023337566,002300
2023-04-10,8.63,8.79,8.56,8.75,15240567.0,132391038.0,656616551.9999999,0.02321075664872975,002300
2023-04-11,8.7,8.89,8.59,8.76,14429521.0,126272163.0,656616551.9999999,0.021975566951592782,002300
2023-04-12,8.73,8.74,8.62,8.69,6693361.0,58045119.0,656616551.9999999,0.010193713484091399,002300
2023-04-13,8.66,8.7,8.57,8.58,6086424.0,52438619.0,656616551.9999999,0.009269373398311777,002300
2023-04-14,8.55,8.82,8.55,8.77,9157078.0,79955821.0,656616551.9999999,0.013945853134692227,002300
2023-04-17,8.76,8.94,8.71,8.92,10553146.0,93687838.0,656616551.9999999,0.016072007274041428,002300
2023-04-18,8.9,9.0,8.77,8.86,9048640.0,80364572.0,656616551.9999999,0.01378070652108691,002300
2023-04-19,8.85,9.0,8.74,8.77,6961568.0,61420240.0,656616551.9999999,0.010602181712897181,002300
2023-04-20,8.78,9.1,8.68,9.05,15996527.0,143483880.0,656616551.9999999,0.024362052633726483,002300
2023-04-21,9.03,9.08,8.73,8.73,11051189.0,98056563.0,656616551.9999999,0.016830506276972444,002300
2023-04-24,8.7,8.93,8.63,8.76,9349197.0,82267562.0,656616551.9999999,0.014238442469235838,002300
2023-04-25,8.74,8.88,8.32,8.68,12012341.0,103090392.0,656616551.9999999,0.01829430123777934,002300
2023-04-26,8.58,8.72,8.43,8.54,7573703.0,65028961.0,656616551.9999999,0.011534438138866778,002300
2023-04-27,8.6,8.65,8.4,8.41,5357909.0,45399496.0,656616551.9999999,0.008159875019416203,002300
2023-04-28,8.43,8.54,8.41,8.5,4482042.0,38038215.0,656616551.9999999,0.006825965605570054,002300
2023-05-04,8.5,8.7,8.44,8.64,5219759.0,44912768.0,656616551.9999999,0.007949478251958535,002300
2023-05-05,8.58,8.63,8.21,8.34,8472900.0,70778562.0,656616551.9999999,0.012903878183076934,002300
2023-05-08,8.33,9.17,8.28,9.0,17907414.0,158252243.0,656616551.9999999,0.027272254933957258,002300
2023-05-09,9.0,9.05,8.79,8.84,11156210.0,99300303.0,656616551.9999999,0.016990448940129677,002300
2023-05-10,8.82,9.35,8.77,9.35,26126984.0,239657049.0,656616551.9999999,0.03979032194729079,002300
2023-05-11,9.35,9.36,9.1,9.14,14862577.0,136477087.0,656616551.9999999,0.022635093426642713,002300
2023-05-12,9.11,9.23,8.98,9.02,10321535.0,93707249.0,656616551.9999999,0.015719273247927507,002300
2023-05-15,8.96,9.27,8.92,9.23,14429682.0,132084794.0,656616551.9999999,0.021975812147970345,002300
2023-05-16,9.2,9.52,9.09,9.14,19865311.0,184586458.0,656616551.9999999,0.03025405153051945,002300
2023-05-17,9.01,9.24,9.0,9.14,10682374.0,97144105.0,656616551.9999999,0.01626881620248891,002300
2023-05-18,9.12,9.14,8.96,9.02,8959423.0,80943902.0,656616551.9999999,0.013644832699861642,002300
2023-05-19,8.98,9.03,8.81,8.95,7882165.0,70428685.0,656616551.9999999,0.01200421307685829,002300
2023-05-22,8.94,9.17,8.9,9.05,7468993.0,67857350.0,656616551.9999999,0.011374969115917141,002300
2023-05-23,9.09,9.11,8.69,8.69,9229309.0,81512729.0,656616551.9999999,0.014055857976604894,002300
2023-05-24,8.66,8.96,8.63,8.85,8393509.0,74283438.0,656616551.9999999,0.012782968955677501,002300
2023-05-25,8.77,9.08,8.75,8.87,7785351.0,69314597.0,656616551.9999999,0.011856769337121435,002300
2023-05-26,8.84,8.9,8.66,8.85,5887200.0,51752436.0,656616551.9999999,0.008965963441019076,002300
2023-05-29,8.85,8.95,8.76,8.77,6263749.0,55380163.0,656616551.9999999,0.009539432079378957,002300
2023-05-30,8.77,8.89,8.69,8.8,5625976.0,49456463.0,656616551.9999999,0.008568130033980626,002300
2023-05-31,8.79,8.79,8.6,8.65,6508031.0,56441467.0,656616551.9999999,0.009911463517294949,002300
2023-06-01,8.63,8.96,8.61,8.87,6937742.0,61206224.0,656616551.9999999,0.01056589569493521,002300
2023-06-02,8.85,9.04,8.8,8.81,5914445.0,52590633.0,656616551.9999999,0.009007456455346867,002300
2023-06-05,8.85,8.91,8.67,8.88,6160770.0,54232600.0,656616551.9999999,0.009382599298227866,002300
2023-06-06,8.83,8.85,8.46,8.5,11137443.0,95913563.0,656616551.9999999,0.016961867571075182,002300
2023-06-07,8.51,8.56,8.41,8.5,4397078.0,37241432.0,656616551.9999999,0.006696568928405571,002300
2023-06-08,8.43,8.63,8.36,8.54,6166226.0,52312547.0,656616551.9999999,0.009390908561805493,002300
2023-06-09,8.51,8.56,8.4,8.52,4801640.0,40661545.0,656616551.9999999,0.007312700213502996,002300
2023-06-12,8.47,8.49,8.17,8.4,6256484.0,52122232.0,656616551.9999999,0.009528367783211169,002300
2023-06-13,8.38,8.52,8.35,8.48,3893409.0,32908918.0,656616551.9999999,0.005929501758889563,002300
2023-06-14,8.48,8.55,8.41,8.45,3184047.0,26938730.0,656616551.9999999,0.004849172611171094,002300
2023-06-15,8.45,8.66,8.41,8.62,6179669.0,52904523.0,656616551.9999999,0.009411381697852784,002300
2023-06-16,8.65,8.7,8.57,8.6,3298517.0,28420625.0,656616551.9999999,0.005023505712661354,002300
2023-06-19,8.61,8.66,8.52,8.54,3317490.0,28441984.0,656616551.9999999,0.00505240081124242,002300
2023-06-20,8.54,8.63,8.46,8.48,3701339.0,31552095.0,656616551.9999999,0.00563698704933043,002300
2023-06-21,8.5,8.55,8.35,8.38,3611261.0,30518950.0,656616551.9999999,0.005499801960520789,002300
2023-06-26,8.35,8.46,8.27,8.3,4185592.0,34900409.0,656616551.9999999,0.006374484449487348,002300
2023-06-27,8.3,8.47,8.26,8.46,4555177.0,38330410.0,656616551.9999999,0.006937347202298368,002300
2023-06-28,8.55,8.67,8.32,8.63,6647722.0,56670375.0,656616551.9999999,0.010124207164366458,002300
2023-06-29,8.62,8.77,8.55,8.73,7060690.0,61321474.0,656616551.9999999,0.010753140441698767,002300
2023-06-30,8.7,8.84,8.7,8.79,5663157.0,49764999.0,656612801.9999999,0.008624804424693506,002300
2023-07-03,8.8,9.35,8.79,9.05,21068968.0,189709352.0,656612801.9999999,0.03208735488529205,002300
2023-07-04,8.98,9.28,8.88,9.09,13218375.0,120386410.0,656612801.9999999,0.020131156382784024,002300
2023-07-05,8.19,8.26,8.06,8.1,10389533.0,84652528.0,722274082.0,0.014384474341417666,002300
2023-07-06,8.1,8.3,8.02,8.23,13699524.0,111980443.0,722274082.0,0.01896720973576344,002300
2023-07-07,8.17,8.25,8.11,8.17,5334993.0,43599169.0,722274082.0,0.007386382999134115,002300
2023-07-10,8.16,8.27,8.11,8.12,5218389.0,42699324.0,722274082.0,0.0072249428991694046,002300
2023-07-11,8.11,8.18,8.05,8.13,6770278.0,54978711.0,722274082.0,0.009373558000659367,002300
2023-07-12,8.14,8.33,8.09,8.22,16939308.0,139128389.0,722274082.0,0.02345274241752454,002300
2023-07-13,8.22,8.55,8.19,8.41,21543147.0,180411519.0,722274082.0,0.029826831028390687,002300
2023-07-14,8.36,8.4,8.22,8.26,7647574.0,63367830.0,722274082.0,0.01058818832156295,002300
2023-07-17,8.26,8.66,8.15,8.52,20354384.0,171894441.0,722274082.0,0.02818096967239647,002300
2023-07-18,8.52,8.52,8.36,8.46,12883816.0,108521159.0,722274082.0,0.017837848984313964,002300
2023-07-19,8.45,8.46,8.26,8.33,7162711.0,59716816.0,722274082.0,0.00991688775563734,002300
2023-07-20,8.38,8.38,8.1,8.1,7397984.0,60595145.0,722274082.0,0.01024262698104125,002300
2023-07-21,8.09,8.17,8.03,8.07,4448196.0,36006841.0,722274082.0,0.006158598392015955,002300
2023-07-24,8.04,8.24,7.96,8.1,4294023.0,34885170.0,722274082.0,0.005945143411639129,002300
2023-07-25,8.17,8.17,8.07,8.11,4699077.0,38119840.0,722274082.0,0.006505947142652698,002300
2023-07-26,8.11,8.11,7.95,8.01,5527650.0,44312478.0,722274082.0,0.007653119692034027,002300
2023-07-27,8.01,8.06,7.9,7.91,4533005.0,36164043.0,722274082.0,0.00627601780676937,002300
2023-07-28,7.9,7.96,7.82,7.95,4302267.0,34014890.0,722274082.0,0.005956557361281587,002300
2023-07-31,7.96,8.2,7.96,8.13,6102159.0,49446228.0,722274082.0,0.008448536576451598,002300
2023-08-01,8.17,8.17,8.03,8.13,3649293.0,29466720.0,722274082.0,0.005052504431413337,002300
2023-08-02,8.15,8.21,8.07,8.12,3649114.0,29675149.0,722274082.0,0.005052256603055016,002300
2023-08-03,8.07,8.09,8.0,8.06,3473990.0,27933192.0,722274082.0,0.004809794628626865,002300
2023-08-04,8.1,8.27,8.04,8.21,8178539.0,66746840.0,722274082.0,0.011323317842657962,002300
2023-08-07,8.17,8.2,8.09,8.12,3608745.0,29365621.0,722274082.0,0.004996365077931731,002300
2023-08-08,8.12,8.15,8.05,8.14,5646393.0,45730185.0,722274082.0,0.007817521271654878,002300
2023-08-09,8.14,8.14,8.04,8.04,2557415.0,20635256.0,722274082.0,0.003540781905005419,002300
2023-08-10,8.06,8.08,8.0,8.04,2929696.0,23547971.0,722274082.0,0.004056210894190718,002300
2023-08-11,8.04,8.07,7.92,8.02,4971163.0,39787089.0,722274082.0,0.006882654554396706,002300
2023-08-14,8.03,8.22,7.75,8.21,9716926.0,77775966.0,722274082.0,0.01345323920954428,002300
2023-08-15,8.2,8.25,8.08,8.21,6913198.0,56511522.0,722274082.0,0.009571433022845197,002300
2023-08-16,8.17,8.4,8.02,8.4,21625500.0,177554495.0,722274082.0,0.02994085007192602,002300
2023-08-17,8.41,8.46,8.26,8.39,17155214.0,143310125.0,722274082.0,0.023751667722170876,002300
2023-08-18,8.38,8.39,8.07,8.09,9015353.0,74074165.0,722274082.0,0.012481900188133844,002300
2023-08-21,8.03,8.09,7.83,7.89,6420070.0,51193023.0,722274082.0,0.008888689432441798,002300
2023-08-22,7.88,7.93,7.7,7.88,4932618.0,38615733.0,722274082.0,0.006829288386399555,002300
2023-08-23,7.88,7.88,7.53,7.56,5450840.0,41705930.0,722274082.0,0.0075467750205108425,002300
2023-08-24,7.59,7.68,7.4,7.6,4227382.0,31899882.0,722274082.0,0.00585287788299733,002300
2023-08-25,7.69,7.94,7.5,7.94,5727076.0,44029883.0,722274082.0,0.007929228173523192,002300
2023-08-28,8.18,8.26,7.85,7.95,9378944.0,75091141.0,722274082.0,0.012985297733554836,002300
2023-08-29,7.9,8.06,7.72,8.01,8213901.0,65019799.0,722274082.0,0.011372277096328095,002300
2023-08-30,8.1,8.1,7.9,8.0,4974925.0,39758050.0,722274082.0,0.006887863103469356,002300
2023-08-31,8.03,8.03,7.88,7.9,2970444.0,23529520.0,722274082.0,0.004112627150865978,002300
2023-09-01,7.9,8.1,7.84,8.03,5306429.0,42361856.0,722274082.0,0.007346835685016315,002300
2023-09-04,8.02,8.04,7.93,8.03,3939245.0,31488974.0,722274082.0,0.0054539476054465425,002300
2023-09-05,8.03,8.14,8.0,8.05,4969269.0,40024277.0,722274082.0,0.006880032281152794,002300
2023-09-06,8.03,8.23,7.96,8.21,10230328.0,82910788.0,722274082.0,0.014164052476688482,002300
2023-09-07,8.19,8.19,7.8,7.82,10377606.0,82800954.0,722274082.0,0.014367961219464053,002300
2023-09-08,7.82,7.94,7.78,7.84,3683591.0,28911684.0,722274082.0,0.005099990560093225,002300
2023-09-11,7.86,7.94,7.76,7.88,5439890.0,42655689.0,722274082.0,0.007531614570658234,002300
2023-09-12,7.97,7.99,7.83,7.92,5666507.0,44852471.0,722274082.0,0.007845369425840756,002300
2023-09-13,7.9,8.0,7.7,7.79,8937620.0,70147694.0,722274082.0,0.012374277608371943,002300
2023-09-14,7.76,7.88,7.67,7.72,6850428.0,53153174.0,722274082.0,0.00948452695551659,002300
2023-09-15,7.74,7.86,7.65,7.81,8556227.0,66216956.0,722274082.0,0.011846232909683722,002300
2023-09-18,7.77,7.85,7.7,7.8,3440767.0,26789238.0,722274082.0,0.0047637968546128725,002300
2023-09-19,7.79,7.81,7.7,7.73,3984691.0,30857118.0,722274082.0,0.005516868318140758,002300
2023-09-20,7.77,7.77,7.65,7.71,4329081.0,33380451.0,722274082.0,0.005993681772454905,002300
2023-09-21,7.69,7.7,7.6,7.67,4734628.0,36267318.0,722274082.0,0.006555168069840834,002300
2023-09-22,7.62,8.11,7.62,8.08,17067538.0,136067642.0,722274082.0,0.023630278900136418,002300
2023-09-25,8.0,8.25,8.0,8.17,10674410.0,86828561.0,722274082.0,0.014778891096911878,002300
2023-09-26,8.19,8.26,8.11,8.13,10664550.0,87426035.0,722274082.0,0.01476523976946469,002300
2023-09-27,8.3,8.6,8.17,8.45,27950013.0,235377886.0,722274082.0,0.03869723931198738,002300
2023-09-28,8.45,8.54,8.3,8.39,11753286.0,98778808.0,722274082.0,0.01627261214670029,002300
2023-10-09,8.41,8.49,8.34,8.46,11389885.0,96007031.0,722274082.0,0.015769477659313268,002300
2023-10-10,8.51,8.77,8.51,8.66,12220095.0,105562428.0,722274082.0,0.016918916661334663,002300
2023-10-11,8.73,8.81,8.64,8.73,11526753.0,100509465.0,722274082.0,0.0159589735908591,002300
2023-10-12,8.7,8.95,8.61,8.78,15423890.0,136360941.0,722274082.0,0.02135462199791353,002300
2023-10-13,8.83,8.91,8.64,8.69,12120238.0,106170843.0,722274082.0,0.01678066305029065,002300
2023-10-16,8.82,8.88,8.6,8.69,8714939.0,75676555.0,722274082.0,0.012065972208040548,002300
2023-10-17,8.81,8.81,8.52,8.6,8401816.0,72217267.0,722274082.0,0.011632448414506448,002300
2023-10-18,8.61,8.63,8.39,8.41,6527247.0,55316054.0,722274082.0,0.009037077700373581,002300
2023-10-19,8.44,8.69,8.36,8.56,12209787.0,104331294.0,722274082.0,0.01690464507073369,002300
2023-10-20,8.6,8.9,8.41,8.81,19782998.0,173890007.0,722274082.0,0.027389876631347822,002300
2023-10-23,8.97,8.97,8.47,8.62,17092360.0,147433233.0,722274082.0,0.023664645355500932,002300
2023-10-24,8.55,8.68,8.44,8.55,10899617.0,93253860.0,722274082.0,0.015090693784579135,002300
2023-10-25,8.68,8.87,8.58,8.65,13262755.0,115207388.0,722274082.0,0.018362496080816037,002300
2023-10-26,8.65,8.7,8.52,8.65,8655902.0,74402896.0,722274082.0,0.01198423453882151,002300
2023-10-27,8.68,8.93,8.58,8.88,21830114.0,192431882.0,722274082.0,0.030224141422258592,002300
2023-10-30,8.83,8.84,8.25,8.34,23740500.0,199944678.0,722274082.0,0.03286910134482716,002300
2023-10-31,8.26,9.16,8.25,8.94,28665854.0,252251495.0,722274082.0,0.039688332607233166,002300
2023-11-01,8.89,9.2,8.75,9.14,33740068.0,307009905.0,722274082.0,0.04671366291667655,002300
2023-11-02,9.02,9.15,8.9,8.96,19755777.0,178049046.0,722274082.0,0.027352188722175413,002300
2023-11-03,8.91,9.04,8.84,8.91,10652791.0,94885050.0,722274082.0,0.014748959246193747,002300
2023-11-06,8.89,8.93,8.53,8.74,19109274.0,166201540.0,722274082.0,0.026457094995137872,002300
2023-11-07,8.68,9.21,8.57,9.16,37747522.0,338511060.0,722274082.0,0.05226204697180315,002300
2023-11-08,9.17,9.18,8.61,8.71,35870974.0,315965894.0,722274082.0,0.04966393630056907,002300
2023-11-09,8.73,8.9,8.56,8.6,16773295.0,145997120.0,722274082.0,0.023222894768083344,002300
2023-11-10,8.49,9.43,8.46,9.24,62057636.0,565938019.0,722274082.0,0.08591978799538318,002300
2023-11-13,9.25,9.35,8.96,8.99,43167112.0,392322213.0,722274082.0,0.059765555868305405,002300
2023-11-14,9.08,9.08,8.77,8.93,28056540.0,250008927.0,722274082.0,0.03884472764453979,002300
2023-11-15,8.99,9.01,8.59,8.79,41351133.0,361952426.0,722274082.0,0.05725130394475376,002300
2023-11-16,8.73,8.77,8.57,8.64,23322444.0,201413254.0,722274082.0,0.03229029613719408,002300
2023-11-17,8.55,8.98,8.51,8.8,38685148.0,338773431.0,722274082.0,0.05356020514107275,002300
2023-11-20,8.78,9.0,8.68,8.9,48164397.0,428055676.0,722274082.0,0.06668437674882538,002300
2023-11-21,8.92,9.13,8.78,9.03,63140448.0,566182873.0,722274082.0,0.08741895850002271,002300
2023-11-22,8.98,9.07,8.47,8.68,66374393.0,576440228.0,722274082.0,0.09189640699304506,002300
2023-11-23,8.68,8.74,8.08,8.19,66889941.0,562863613.0,722274082.0,0.09261019143145718,002300
2023-11-24,8.11,8.15,7.88,7.9,40981921.0,327634658.0,722274082.0,0.05674012403507509,002300
2023-11-27,7.89,8.22,7.83,8.2,34193915.0,275159343.0,722274082.0,0.04734202133533015,002300
2023-11-28,8.15,8.23,7.95,8.09,24432143.0,197848338.0,722274082.0,0.03382669212267262,002300
2023-11-29,8.09,8.39,8.07,8.39,31255601.0,257622353.0,722274082.0,0.043273878682524844,002300
2023-11-30,8.34,8.73,8.28,8.71,39850011.0,341302188.0,722274082.0,0.0551729765654252,002300
2023-12-01,8.81,9.2,8.66,9.04,71856901.0,642292351.0,722274082.0,0.09948702686523922,002300
2023-12-04,9.07,9.23,8.75,9.0,54604466.0,489995919.0,722274082.0,0.0756007551161167,002300
2023-12-05,8.98,9.19,8.89,9.09,39720196.0,359273416.0,722274082.0,0.054993245625003614,002300
2023-12-06,9.09,9.3,8.89,8.93,38906445.0,353888958.0,722274082.0,0.05386659437130405,002300
2023-12-07,8.99,9.02,8.78,8.97,22600094.0,201049884.0,722274082.0,0.0312901910275108,002300
2023-12-08,8.96,9.17,8.7,8.85,32689954.0,293239058.0,722274082.0,0.045259763315167664,002300
2023-12-11,8.82,9.18,8.53,9.0,37288593.0,334358594.0,722274082.0,0.05162665244299878,002300
2023-12-12,9.0,9.24,8.91,9.23,36469173.0,332108565.0,722274082.0,0.05049215236827507,002300
2023-12-13,9.22,9.45,9.09,9.26,46881257.0,435483566.0,722274082.0,0.0649078489292933,002300
2023-12-14,9.26,9.47,9.15,9.25,29562370.0,273712640.0,722274082.0,0.040929573325046986,002300
2023-12-15,9.11,9.3,8.8,9.01,35784175.0,323530472.0,722274082.0,0.049543761699038784,002300
2023-12-18,9.09,9.09,8.79,8.87,16624819.0,148011452.0,722274082.0,0.02301732737517778,002300
2023-12-19,8.87,8.9,8.66,8.73,15484601.0,135943720.0,722274082.0,0.021438677346863458,002300
2023-12-20,8.74,8.84,8.54,8.6,9788210.0,84720750.0,722274082.0,0.013551933045826779,002300
2023-12-21,8.59,8.77,8.4,8.73,16339122.0,141007752.0,722274082.0,0.02262177531658958,002300
2023-12-22,8.74,8.84,8.62,8.72,14462270.0,126507456.0,722274082.0,0.020023243752501144,002300
2023-12-25,8.63,8.73,8.54,8.61,7814652.0,67268944.0,722274082.0,0.010819510480510362,002300
2023-12-26,8.56,8.62,8.23,8.24,9919294.0,83036659.0,722274082.0,0.013733420937012108,002300
2023-12-27,8.22,8.48,8.22,8.43,7361228.0,61820537.0,722274082.0,0.010191737712111341,002300
2023-12-28,8.43,8.63,8.43,8.45,11390792.0,97212551.0,722274082.0,0.015770733415296494,002300
2023-12-29,8.47,8.54,8.35,8.5,20340419.0,171943472.0,722274082.0,0.02816163490689951,002300
2024-01-02,8.53,8.6,8.36,8.38,12800890.0,108181964.0,722274082.0,0.01772303661312881,002300
2024-01-03,8.31,8.7,8.31,8.66,23892663.0,203645824.0,722274082.0,0.03307977344810775,002300
2024-01-04,8.66,8.86,8.3,8.5,36748486.0,316264876.0,722274082.0,0.0508788656769218,002300
2024-01-05,8.51,8.63,8.2,8.27,23131716.0,193496312.0,722274082.0,0.03202623017559697,002300
2024-01-08,8.34,8.64,8.19,8.51,39140378.0,332837724.0,722274082.0,0.054190478345310475,002300
2024-01-09,8.52,8.7,8.42,8.6,33503623.0,287521386.0,722274082.0,0.04638630103855783,002300
2024-01-10,8.56,8.71,8.5,8.55,18337740.0,157708020.0,722274082.0,0.025388893852070965,002300
2024-01-11,8.54,8.82,8.47,8.81,27875216.0,242935577.0,722274082.0,0.03859368167110834,002300
2024-01-12,8.8,8.91,8.51,8.55,29338065.0,256816946.0,722274082.0,0.04061901947078311,002300
2024-01-15,8.56,8.68,8.38,8.66,12851093.0,110489684.0,722274082.0,0.017792543468284107,002300
2024-01-16,8.68,8.89,8.56,8.81,20546602.0,179000477.0,722274082.0,0.028447098562786308,002300
2024-01-17,8.85,8.85,8.71,8.76,18716496.0,164516125.0,722274082.0,0.025913287582150845,002300
2024-01-18,8.7,8.75,8.3,8.57,21676682.0,185492300.0,722274082.0,0.03001171236821426,002300
2024-01-19,8.55,8.62,8.41,8.46,12317646.0,104774969.0,722274082.0,0.017053977578555837,002300
2024-01-22,8.47,8.54,7.94,8.11,19251188.0,161264541.0,722274082.0,0.026653577194259617,002300
2024-01-23,8.07,8.18,7.3,7.3,26696225.0,203011613.0,722274082.0,0.0369613498051561,002300
2024-01-24,7.16,7.28,6.85,7.2,36667842.0,258204112.0,722274082.0,0.05076721277117625,002300
2024-01-25,7.19,7.48,7.0,7.3,29379888.0,212558751.0,722274082.0,0.04067692408212427,002300
2024-01-26,7.25,7.43,7.16,7.36,21269726.0,155007252.0,722274082.0,0.02944827528782903,002300
2024-01-29,7.36,7.38,7.06,7.14,15454124.0,110889320.0,722274082.0,0.021396481453698348,002300
2024-01-30,7.1,7.17,6.9,6.9,11367883.0,79912478.0,722274082.0,0.015739015538979287,002300
2024-01-31,6.86,7.03,6.66,6.69,11294126.0,77018957.0,722274082.0,0.015636897794707245,002300
2024-02-01,6.66,6.69,6.35,6.59,14034658.0,91304618.0,722274082.0,0.019431208110275235,002300
2024-02-02,6.59,6.67,5.93,6.06,24212966.0,149614977.0,722274082.0,0.033523238066294064,002300
2024-02-05,6.06,6.06,5.45,5.49,19342533.0,108981281.0,722274082.0,0.026780045805381673,002300
2024-02-06,5.4,5.81,5.05,5.64,20036686.0,108669173.0,722274082.0,0.02774111171830751,002300
2024-02-07,5.63,5.8,5.46,5.51,17604843.0,98616331.0,722274082.0,0.02437418625247029,002300
2024-02-08,5.51,6.04,5.47,5.93,16513780.0,95293948.0,722274082.0,0.022863592106576517,002300
2024-02-19,5.97,6.47,5.96,6.4,16761884.0,104703235.0,722274082.0,0.02320709605636936,002300
2024-02-20,6.39,6.5,6.26,6.4,9267608.0,59203628.0,722274082.0,0.012831151263710996,002300
2024-02-21,6.36,6.73,6.29,6.52,14085377.0,92532544.0,722274082.0,0.019501429375670162,002300
2024-02-22,6.5,6.71,6.44,6.6,11126761.0,73378642.0,722274082.0,0.015405178279676938,002300
2024-02-23,6.62,6.67,6.53,6.59,11412376.0,75210154.0,722274082.0,0.015800616807955737,002300
2024-02-26,6.62,6.77,6.59,6.66,11662015.0,77894676.0,722274082.0,0.01614624598975988,002300
2024-02-27,6.65,6.78,6.61,6.78,8540515.0,57227800.0,722274082.0,0.01182447939479019,002300
2024-02-28,6.83,6.99,6.43,6.43,16985601.0,113850928.0,722274082.0,0.023516835815243886,002300
2024-02-29,6.4,6.62,6.35,6.61,9704274.0,63389860.0,722274082.0,0.013435722313513667,002300
2024-03-01,6.62,6.74,6.6,6.68,7093226.0,47292829.0,722274082.0,0.009820684663581767,002300
2024-03-04,6.69,6.75,6.59,6.68,6895405.0,46034659.0,722274082.0,0.009546798330221684,002300
2024-03-05,6.68,6.68,6.55,6.55,7816688.0,51511056.0,722274082.0,0.01082232935502177,002300
2024-03-06,6.54,6.75,6.53,6.66,9520779.0,63521648.0,722274082.0,0.013181670555915088,002300
2024-03-07,6.65,6.74,6.56,6.58,7278231.0,48437500.0,722274082.0,0.010076827040292441,002300
2024-03-08,6.56,6.64,6.54,6.62,4940143.0,32593446.0,722274082.0,0.0068397068690608225,002300
2024-03-11,6.66,6.8,6.63,6.8,11937063.0,80532658.0,722274082.0,0.01652705433780192,002300
2024-03-12,6.8,6.92,6.75,6.78,10662664.0,72607452.0,722274082.0,0.014762628572348523,002300
2024-03-13,6.78,6.85,6.72,6.81,8426310.0,57240002.0,722274082.0,0.01166636074863337,002300
2024-03-14,6.81,6.83,6.64,6.73,7543786.0,50841214.0,722274082.0,0.010444492178247647,002300
2024-03-15,6.74,6.79,6.69,6.78,6945483.0,46841086.0,722274082.0,0.009616132120880949,002300
2024-03-18,6.81,6.87,6.77,6.84,9554846.0,65071636.0,722274082.0,0.013228836861406305,002300
2024-03-19,6.84,6.88,6.8,6.81,8728469.0,59687702.0,722274082.0,0.012084704709091306,002300
2024-03-20,6.81,6.84,6.76,6.84,7878992.0,53682248.0,722274082.0,0.01090859023790916,002300
2024-03-21,6.85,6.9,6.75,6.84,8781059.0,59893165.0,722274082.0,0.012157516403862876,002300
2024-03-22,6.8,6.84,6.68,6.73,8089870.0,54504833.0,722274082.0,0.011200554196267006,002300
2024-03-25,6.73,6.75,6.56,6.58,7827015.0,52233515.0,722274082.0,0.010836627251426142,002300
2024-03-26,6.54,6.62,6.45,6.55,7532046.0,49319897.0,722274082.0,0.010428237960780101,002300
2024-03-27,6.55,6.56,6.18,6.2,14660966.0,92401119.0,722274082.0,0.02029834153733347,002300
2024-03-28,6.2,6.43,6.18,6.32,9176779.0,58092135.0,722274082.0,0.012705397062828567,002300
2024-03-29,6.36,6.39,6.29,6.35,5939513.0,37608306.0,722274082.0,0.008223350592275578,002300
2024-04-01,6.37,6.55,6.37,6.55,6578138.0,42723503.0,722274082.0,0.009107537102515053,002300
2024-04-02,6.58,6.64,6.5,6.57,7186102.0,47161281.0,722274082.0,0.009949272968651255,002300
2024-04-03,6.57,6.61,6.43,6.54,6234171.0,40553329.0,722274082.0,0.008631309298455486,002300
2024-04-08,6.55,6.55,6.39,6.4,7042823.0,45621883.0,722274082.0,0.009750900905232814,002300
2024-04-09,6.42,6.49,6.37,6.48,5441910.0,35019485.0,722274082.0,0.007534411292914149,002300
2024-04-10,6.48,6.48,6.21,6.25,8598370.0,54061250.0,722274082.0,0.011904580566134727,002300
2024-04-11,6.2,6.29,5.97,6.14,13726290.0,84294367.0,722274082.0,0.01900426769017028,002300
2024-04-12,6.06,6.15,6.02,6.03,9905611.0,60047228.0,722274082.0,0.013714476605018204,002300
2024-04-15,6.08,6.13,5.73,5.85,13736547.0,81176042.0,722274082.0,0.019018468670456874,002300
2024-04-16,5.75,5.81,5.46,5.47,14604497.0,81822139.0,722274082.0,0.02022015930512096,002300
2024-04-17,5.52,5.92,5.52,5.91,11485476.0,66121213.0,722274082.0,0.015901824925236622,002300
2024-04-18,5.92,5.95,5.82,5.83,6637140.0,38999083.0,722274082.0,0.0091892263136752,002300
2024-04-19,5.8,5.86,5.67,5.74,6264104.0,35999759.0,722274082.0,0.008672752014933855,002300
2024-04-22,5.7,5.79,5.58,5.69,5412436.0,30779672.0,722274082.0,0.007493604069265219,002300
2024-04-23,5.69,5.74,5.66,5.7,4909346.0,27976860.0,722274082.0,0.006797067930785865,002300
2024-04-24,5.7,5.8,5.68,5.8,5122060.0,29446225.0,722274082.0,0.007091573860461464,002300
2024-04-25,5.77,5.87,5.75,5.8,4793272.0,27914969.0,722274082.0,0.006636361624284339,002300
2024-04-26,5.82,5.95,5.78,5.95,7898975.0,46424323.0,722274082.0,0.010936257020503194,002300
2024-04-29,5.95,6.18,5.94,6.18,8311245.0,50619414.0,722274082.0,0.011507051418743834,002300
2024-04-30,6.19,6.2,6.07,6.14,6256665.0,38315799.0,722274082.0,0.008662452600645859,002300
2024-05-06,6.2,6.25,6.13,6.17,7815656.0,48271975.0,722274082.0,0.010820900534542509,002300
2024-05-07,6.19,6.21,6.15,6.21,6353454.0,39321638.0,722274082.0,0.008796458516699204,002300
2024-05-08,6.21,6.21,6.09,6.1,5148706.0,31610081.0,722274082.0,0.007128465672952114,002300
2024-05-09,6.11,6.24,6.11,6.19,7183752.0,44581016.0,722274082.0,0.00994601935612581,002300
2024-05-10,6.2,6.25,6.11,6.2,6341869.0,39275295.0,722274082.0,0.008780418899206742,002300
2024-05-13,6.2,6.24,6.11,6.17,6463047.0,39907537.0,722274082.0,0.008948191775210342,002300
2024-05-14,6.16,6.25,6.16,6.18,6067670.0,37656850.0,722274082.0,0.008400786005221768,002300
2024-05-15,6.2,6.22,6.11,6.13,7029949.0,43354169.0,722274082.0,0.009733076646657245,002300
2024-05-16,6.17,6.17,6.08,6.09,6804005.0,41657637.0,722274082.0,0.009420253570721371,002300
2024-05-17,6.08,6.13,6.04,6.13,5125861.0,31208337.0,722274082.0,0.007096836405656877,002300
2024-05-20,6.15,6.18,6.12,6.16,6477609.0,39861213.0,722274082.0,0.008968353096740359,002300
2024-05-21,6.17,6.17,6.01,6.02,7880884.0,47798341.0,722274082.0,0.010911209742121135,002300
2024-05-22,6.03,6.1,6.02,6.09,4150108.0,25170599.0,722274082.0,0.005745890796064866,002300
2024-05-23,6.06,6.09,5.93,5.96,5858206.0,35052673.0,722274082.0,0.008110779752443063,002300
2024-05-24,5.93,6.06,5.93,5.95,4054289.0,24350347.0,722274082.0,0.0056132278605007455,002300
2024-05-27,5.91,6.05,5.88,5.98,4586423.0,27257231.0,722274082.0,0.006349975880762672,002300
2024-05-28,5.99,6.24,5.92,6.09,13494712.0,82362820.0,722274082.0,0.018683644251269147,002300
2024-05-29,6.08,6.25,6.01,6.05,13962480.0,85653078.0,722274082.0,0.019331276516717098,002300
2024-05-30,6.04,6.05,5.91,5.92,9284229.0,55286294.0,722274082.0,0.012854163303619692,002300
2024-05-31,5.92,5.96,5.85,5.92,6047031.0,35724755.0,722274082.0,0.008372210980152546,002300
2024-06-03,5.86,5.91,5.63,5.69,9958296.0,57155229.0,722274082.0,0.01378741982880676,002300
2024-06-04,5.69,5.73,5.57,5.72,6425710.0,36241400.0,722274082.0,0.008896498102502867,002300
2024-06-05,5.68,5.72,5.53,5.54,7079442.0,39701754.0,722274082.0,0.009801600495475068,002300
2024-06-06,5.54,5.6,5.28,5.32,10184734.0,54805969.0,722274082.0,0.014100926855630963,002300
2024-06-07,5.37,5.45,5.34,5.42,5980900.0,32341251.0,722274082.0,0.008280651554654567,002300
2024-06-11,5.42,5.43,5.32,5.4,5454274.0,29247355.0,722274082.0,0.007551529448345898,002300
2024-06-12,5.38,5.49,5.38,5.46,4581332.0,24966793.0,722274082.0,0.006342927309968185,002300
2024-06-13,5.47,5.5,5.4,5.43,4204732.0,22879673.0,722274082.0,0.005821518596315907,002300
2024-06-14,5.45,5.54,5.39,5.48,5924490.0,32500748.0,722274082.0,0.008202551008884187,002300
2024-06-17,5.47,5.59,5.44,5.53,6468393.0,35783048.0,722274082.0,0.008955593397576738,002300
2024-06-18,5.52,5.55,5.48,5.54,5190840.0,28648649.0,722274082.0,0.007186800868759402,002300
2024-06-19,5.54,5.56,5.42,5.44,5066094.0,27704565.0,722274082.0,0.007014088039780998,002300
2024-06-20,5.39,5.44,5.28,5.28,6136150.0,32656221.0,722274082.0,0.008495597658729225,002300
2024-06-21,5.28,5.31,5.21,5.23,3922177.0,20571238.0,722274082.0,0.005430316686900029,002300
2024-06-24,5.2,5.22,5.07,5.08,5603870.0,28740598.0,722274082.0,0.00775864749913593,002300
2024-06-25,5.09,5.16,5.06,5.08,4794231.0,24454065.0,722274082.0,0.006637689375097915,002300
2024-06-26,5.07,5.28,5.06,5.28,6411585.0,33151406.0,722274082.0,0.008876941814450985,002300
2024-06-27,5.27,5.28,5.17,5.17,4085623.0,21338661.0,722274082.0,0.005656610283850667,002300
2024-06-28,5.17,5.36,5.15,5.28,5877850.0,31172010.0,722274082.0,0.008137977184123851,002300
2024-07-01,5.28,5.34,5.24,5.3,3832972.0,20232018.0,722275059.0,0.005306803761584685,002300
2024-07-02,5.3,5.34,5.27,5.3,4069116.0,21594783.0,722275059.0,0.005633748458147992,002300
2024-07-03,5.31,5.33,5.24,5.25,3437840.0,18120825.0,722275059.0,0.004759737938009015,002300
2024-07-04,5.13,5.16,4.98,5.0,5322424.0,26900985.0,722275059.0,0.007368971050127317,002300
2024-07-05,4.98,5.09,4.96,5.07,3407658.0,17142049.0,722275059.0,0.004717950533579203,002300
2024-07-08,5.08,5.09,4.94,4.94,3866790.0,19277124.0,722275059.0,0.005353625259265667,002300
2024-07-09,4.94,5.03,4.79,5.02,6609952.0,32450615.0,722275059.0,0.009151571714454009,002300
2024-07-10,5.04,5.04,4.91,4.92,3849603.0,19121542.0,722275059.0,0.005329829615506632,002300
2024-07-11,4.99,5.08,4.99,5.07,5913236.0,29882847.0,722275059.0,0.008186958591906743,002300
2024-07-12,5.08,5.11,5.05,5.08,4049425.0,20566627.0,722275059.0,0.005606485991093872,002300
2024-07-15,5.07,5.07,4.96,4.97,3889093.0,19406866.0,722275059.0,0.005384504077137184,002300
2024-07-16,4.94,4.98,4.89,4.94,3399593.0,16741430.0,722275059.0,0.004706784427399147,002300
2024-07-17,4.94,4.96,4.87,4.87,3533204.0,17293242.0,722275059.0,0.0048917707402104825,002300
2024-07-18,4.86,4.88,4.79,4.85,3579581.0,17286328.0,722275059.0,0.004955980350416613,002300
2024-07-19,4.86,4.88,4.81,4.83,3551583.0,17196520.0,722275059.0,0.004917216724771331,002300
2024-07-22,4.85,4.89,4.8,4.87,3924091.0,19022495.0,722275059.0,0.005432959301450834,002300
2024-07-23,4.86,4.9,4.8,4.8,4134767.0,20054148.0,722275059.0,0.005724643193030427,002300
2024-07-24,4.8,4.8,4.65,4.67,7198462.0,33978902.0,722275059.0,0.009966372104785636,002300
2024-07-25,4.65,4.74,4.6,4.71,4998377.0,23383130.0,722275059.0,0.006920323411028928,002300
2024-07-26,4.72,4.88,4.72,4.87,6747494.0,32530879.0,722275059.0,0.00934200055217468,002300
2024-07-29,4.87,4.9,4.83,4.84,4120296.0,20017533.0,722275059.0,0.0057046078895547185,002300
2024-07-30,4.86,4.87,4.81,4.86,2727484.0,13230275.0,722275059.0,0.0037762400431993874,002300
2024-07-31,4.86,4.99,4.83,4.98,6911687.0,34102551.0,722275059.0,0.009569328075054022,002300
2024-08-01,4.99,5.06,4.96,5.0,6038251.0,30262114.0,722275059.0,0.008360043621553324,002300
2024-08-02,5.0,5.06,4.95,4.96,4117100.0,20600987.0,722275059.0,0.005700182982505561,002300
2024-08-05,4.95,4.99,4.84,4.84,5096749.0,25070717.0,722275059.0,0.007056520831629602,002300
2024-08-06,4.87,4.92,4.84,4.91,4343696.0,21201114.0,722275059.0,0.006013908338485214,002300
2024-08-07,4.96,4.99,4.92,4.97,5915982.0,29324637.0,722275059.0,0.008190760467612935,002300
2024-08-08,4.97,4.99,4.92,4.96,4331868.0,21449817.0,722275059.0,0.005997532305763863,002300
2024-08-09,4.96,5.0,4.92,4.92,3964478.0,19679792.0,722275059.0,0.005488875672225032,002300
2024-08-12,4.92,4.95,4.87,4.89,3035739.0,14909148.0,722275059.0,0.004203023435701938,002300
2024-08-13,4.91,4.93,4.82,4.89,5134231.0,24955198.0,722275059.0,0.007108415188956428,002300
2024-08-14,4.91,4.93,4.88,4.9,2957271.0,14516424.0,722275059.0,0.004094383383657721,002300
2024-08-15,4.87,4.94,4.83,4.93,3727464.0,18240437.0,722275059.0,0.005160726448398657,002300
2024-08-16,4.91,4.95,4.88,4.9,2808432.0,13791958.0,722275059.0,0.0038883136902003977,002300
2024-08-19,4.9,4.92,4.84,4.85,3415306.0,16626320.0,722275059.0,0.004728539297381443,002300
2024-08-20,4.84,4.88,4.71,4.74,3638809.0,17375725.0,722275059.0,0.005037982351263772,002300
2024-08-21,4.73,4.76,4.7,4.7,2965397.0,14009436.0,722275059.0,0.004105633945197601,002300
2024-08-22,4.7,4.74,4.66,4.66,4122760.0,19384596.0,722275059.0,0.005708019332285984,002300
2024-08-23,4.66,4.67,4.56,4.61,4130190.0,19030007.0,722275059.0,0.00571830627201541,002300
2024-08-26,4.6,4.71,4.59,4.69,3542881.0,16545351.0,722275059.0,0.004905168683112454,002300
2024-08-27,4.68,4.69,4.57,4.57,4215574.0,19420025.0,722275059.0,0.005836521623543974,002300
2024-08-28,4.43,4.56,4.4,4.5,5384677.0,24151650.0,722275059.0,0.007455161206113307,002300
2024-08-29,4.52,4.67,4.48,4.67,6009602.0,27654743.0,722275059.0,0.008320378677231883,002300
2024-08-30,4.67,4.74,4.62,4.66,4688381.0,22018738.0,722275059.0,0.006491129579486144,002300
2024-09-02,4.66,4.7,4.61,4.62,3788402.0,17644628.0,722275059.0,0.005245095968349088,002300
2024-09-03,4.62,4.68,4.6,4.67,3107936.0,14479788.0,722275059.0,0.0043029811998533925,002300
2024-09-04,4.68,4.69,4.62,4.66,3374604.0,15707694.0,722275059.0,0.004672186804667168,002300
2024-09-05,4.63,4.69,4.63,4.65,2815032.0,13121825.0,722275059.0,0.0038974514832305733,002300
2024-09-06,4.67,4.67,4.52,4.54,3942043.0,17996966.0,722275059.0,0.005457814098492912,002300
2024-09-09,4.52,4.56,4.5,4.53,2528586.0,11454638.0,722275059.0,0.0035008629586363717,002300
2024-09-10,4.55,4.6,4.47,4.58,3766612.0,17078858.0,722275059.0,0.005214927406208553,002300
2024-09-11,4.56,4.62,4.54,4.56,2402500.0,10992043.0,722275059.0,0.003326295114393532,002300
2024-09-12,4.56,4.66,4.55,4.59,3246987.0,14987105.0,722275059.0,0.004495499269344146,002300
2024-09-13,4.66,4.66,4.5,4.51,2981260.0,13611229.0,722275059.0,0.004127596492294219,002300
2024-09-18,4.51,4.52,4.42,4.49,3734266.0,16677421.0,722275059.0,0.005170143913276119,002300
2024-09-19,4.49,4.6,4.47,4.59,4739813.0,21591258.0,722275059.0,0.006562337908444932,002300
2024-09-20,4.59,4.6,4.5,4.53,3128150.0,14192850.0,722275059.0,0.004330967767779449,002300
2024-09-23,4.52,4.57,4.51,4.52,2854139.0,12934787.0,722275059.0,0.003951595675962556,002300
2024-09-24,4.53,4.68,4.53,4.68,7055585.0,32588380.0,722275059.0,0.009768556884365573,002300
2024-09-25,4.71,4.86,4.71,4.74,8035809.0,38413557.0,722275059.0,0.011125690829094516,002300
2024-09-26,4.73,4.89,4.73,4.89,7118249.0,34225748.0,722275059.0,0.009855316075644806,002300
2024-09-27,4.95,5.18,4.92,5.11,13034325.0,65763081.0,722275059.0,0.018046206687582715,002300
2024-09-30,5.3,5.57,5.2,5.56,25278955.0,136786553.0,722275059.0,0.03499906951653442,002300
2024-10-08,6.1,6.12,5.45,5.75,32771409.0,189560640.0,722275059.0,0.04537247768927876,002300
2024-10-09,5.61,5.61,5.19,5.2,20043473.0,108255519.0,722275059.0,0.02775047089089643,002300
2024-10-10,5.25,5.38,5.16,5.25,11841684.0,62595025.0,722275059.0,0.016394978412233946,002300
2024-10-11,5.24,5.26,5.01,5.08,9232826.0,47309244.0,722275059.0,0.012782977738125109,002300
2024-10-14,5.11,5.21,5.04,5.18,7986090.0,41062648.0,722275059.0,0.011056854172781287,002300
2024-10-15,5.15,5.19,5.06,5.06,7693279.0,39444893.0,722275059.0,0.010651453215969347,002300
2024-10-16,4.99,5.13,4.99,5.07,6613591.0,33575990.0,722275059.0,0.009156609961247465,002300
2024-10-17,5.12,5.15,4.98,4.99,9074097.0,45875421.0,722275059.0,0.012563215200263477,002300
2024-10-18,4.99,5.15,4.98,5.09,9839021.0,49838635.0,722275059.0,0.013622263260235322,002300
2024-10-21,5.09,5.15,5.07,5.1,9593991.0,49011349.0,722275059.0,0.01328301577141957,002300
2024-10-22,5.08,5.24,5.07,5.24,12082441.0,62595950.0,722275059.0,0.01672830987231971,002300
2024-10-23,5.24,5.34,5.21,5.3,11731216.0,62182886.0,722275059.0,0.016242033909134333,002300
2024-10-24,5.33,5.33,5.22,5.29,6866160.0,36147480.0,722275059.0,0.00950629530182905,002300
2024-10-25,5.28,5.38,5.28,5.37,8983594.0,48039236.0,722275059.0,0.012437912521080145,002300
2024-10-28,5.4,5.48,5.37,5.48,10024099.0,54481327.0,722275059.0,0.013878506359998788,002300
2024-10-29,5.48,5.53,5.36,5.38,10572785.0,57293838.0,722275059.0,0.014638169860991973,002300
2024-10-30,5.34,5.44,5.32,5.37,7667776.0,41187565.0,722275059.0,0.01061614395299229,002300
2024-10-31,5.37,5.45,5.37,5.42,9961054.0,54008059.0,722275059.0,0.013791219668849178,002300
2024-11-01,5.42,5.42,5.21,5.24,11339940.0,60077252.0,722275059.0,0.015700306771910838,002300
2024-11-04,5.26,5.34,5.24,5.33,6503744.0,34519937.0,722275059.0,0.009004525241401143,002300
2024-11-05,5.35,5.69,5.32,5.53,22834214.0,125406062.0,722275059.0,0.031614291142233665,002300
2024-11-06,5.53,5.77,5.45,5.6,25666151.0,144103600.0,722275059.0,0.03553514783624835,002300
2024-11-07,5.56,5.68,5.52,5.67,19145538.0,107719944.0,722275059.0,0.026507267226570534,002300
2024-11-08,5.71,5.73,5.58,5.62,15300506.0,86475632.0,722275059.0,0.02118376622499435,002300
2024-11-11,5.63,5.68,5.59,5.66,12500726.0,70450724.0,722275059.0,0.017307431350748054,002300
2024-11-12,5.66,5.7,5.57,5.63,14745274.0,83340032.0,722275059.0,0.020415039694732143,002300
2024-11-13,5.63,5.67,5.51,5.66,12434846.0,69591889.0,722275059.0,0.017216219562137754,002300
2024-11-14,5.66,5.69,5.47,5.48,10212579.0,56824363.0,722275059.0,0.01413945957671508,002300
2024-11-15,5.45,5.53,5.37,5.4,7925365.0,43340527.0,722275059.0,0.010972779554333192,002300
2024-11-18,5.4,5.45,5.28,5.32,8940291.0,48000952.0,722275059.0,0.012377958907203522,002300
2024-11-19,5.33,5.45,5.32,5.45,7873984.0,42484412.0,722275059.0,0.010901641835593274,002300
2024-11-20,5.45,5.54,5.41,5.54,8179182.0,44860010.0,722275059.0,0.011324192768505938,002300
2024-11-21,5.54,5.75,5.52,5.62,13783986.0,77609745.0,722275059.0,0.01908412290891523,002300
2024-11-22,5.59,5.77,5.56,5.58,20120273.0,113555464.0,722275059.0,0.02785680157342938,002300
2024-11-25,5.55,5.66,5.48,5.65,14591760.0,81394587.0,722275059.0,0.020202497397878445,002300
2024-11-26,5.64,5.69,5.6,5.62,11529595.0,65209995.0,722275059.0,0.01596288679268932,002300
2024-11-27,5.57,5.62,5.42,5.62,9187296.0,50676394.0,722275059.0,0.012719940811357851,002300
2024-11-28,5.59,5.72,5.58,5.65,11364213.0,64404785.0,722275059.0,0.01573391308255045,002300
2024-11-29,5.64,5.76,5.64,5.75,18078474.0,103361063.0,722275059.0,0.025029902077790007,002300
2024-12-02,5.74,5.85,5.74,5.81,16989703.0,98544938.0,722275059.0,0.02352248328153887,002300
2024-12-03,5.8,6.03,5.77,5.96,26053525.0,153783886.0,722275059.0,0.03607147259947128,002300
2024-12-04,5.95,6.02,5.82,5.92,21876338.0,129050494.0,722275059.0,0.030288098318510537,002300
2024-12-05,5.87,5.92,5.75,5.87,20529228.0,119445169.0,722275059.0,0.02842300553534689,002300
2024-12-06,5.92,5.95,5.84,5.92,20518588.0,121057560.0,722275059.0,0.02840827430537097,002300
2024-12-09,5.9,5.99,5.86,5.94,17088919.0,101387876.0,722275059.0,0.02365984923203613,002300
2024-12-10,6.04,6.09,5.85,5.86,18864275.0,112030983.0,722275059.0,0.026117854638533212,002300
2024-12-11,5.85,5.93,5.82,5.92,11197411.0,66042963.0,722275059.0,0.015502973362396002,002300
2024-12-12,5.93,5.96,5.86,5.93,11620976.0,68726416.0,722275059.0,0.016089405075248486,002300
2024-12-13,5.92,6.03,5.85,5.85,18045815.0,107338513.0,722275059.0,0.024984685231945688,002300
2024-12-16,5.88,5.95,5.83,5.85,9103128.0,53611527.0,722275059.0,0.012603409028969392,002300
2024-12-17,5.86,5.9,5.58,5.59,13375885.0,76100994.0,722275059.0,0.018519101322035266,002300
2024-12-18,5.61,5.73,5.55,5.64,8141811.0,46103719.0,722275059.0,0.011272452092243711,002300
2024-12-19,5.6,5.68,5.56,5.67,7321658.0,41203655.0,722275059.0,0.010136938703292537,002300
2024-12-20,5.68,5.69,5.61,5.63,6828480.0,38542483.0,722275059.0,0.00945412681071132,002300
2024-12-23,5.62,5.64,5.34,5.37,11302594.0,61709284.0,722275059.0,0.015648600708501,002300
2024-12-24,5.39,5.52,5.37,5.5,7321318.0,40122063.0,722275059.0,0.010136467968500073,002300
2024-12-25,5.46,5.49,5.26,5.32,8384326.0,44681362.0,722275059.0,0.01160821752810933,002300
2024-12-26,5.32,5.44,5.29,5.4,6295894.0,34031367.0,722275059.0,0.00871675398665538,002300
2024-12-27,5.39,5.64,5.39,5.58,10066283.0,55960833.0,722275059.0,0.013936910702602567,002300
2024-12-30,5.55,5.58,5.45,5.48,7739395.0,42571375.0,722275059.0,0.010715301467996556,002300
2024-12-31,5.47,5.54,5.3,5.34,8458572.0,45594328.0,722275059.0,0.011711012161642425,002300
