日期,开盘,最高,最低,收盘,成交量,成交额,outstanding_share,换手率,股票代码
2020-01-02,9.48,9.56,9.46,9.54,1840880.0,17531505.0,322063209.0,0.005715896595938097,002394
2020-01-03,9.52,9.6,9.5,9.57,1593231.0,15204651.0,322063209.0,0.004946951267569342,002394
2020-01-06,9.56,9.6,9.52,9.55,1454012.0,13899637.0,322063209.0,0.004514678980299175,002394
2020-01-07,9.55,9.6,9.54,9.6,1516711.0,14533611.0,322063209.0,0.0047093581558395265,002394
2020-01-08,9.58,9.58,9.41,9.44,1584933.0,15060449.0,322063209.0,0.004921186138960691,002394
2020-01-09,9.47,9.57,9.47,9.56,1493574.0,14246509.0,322063209.0,0.004637518220840928,002394
2020-01-10,9.55,9.6,9.52,9.57,914200.0,8731854.0,322063209.0,0.0028385732193334755,002394
2020-01-13,9.54,9.64,9.53,9.62,1156800.0,11100565.0,322063209.0,0.0035918415009023896,002394
2020-01-14,9.63,9.65,9.59,9.64,1234600.0,11875825.0,322063209.0,0.003833408987736938,002394
2020-01-15,9.61,9.64,9.52,9.59,1271600.0,12182339.0,322063209.0,0.0039482932681081245,002394
2020-01-16,9.59,9.62,9.51,9.52,886525.0,8467666.0,322063209.0,0.002752642882596379,002394
2020-01-17,9.52,9.56,9.47,9.49,1325700.0,12615960.0,322063209.0,0.0041162727158941025,002394
2020-01-20,9.48,9.55,9.44,9.51,1139233.0,10800207.0,322063209.0,0.0035372963075704805,002394
2020-01-21,9.5,9.5,9.37,9.4,1442000.0,13584974.0,322063209.0,0.004477381953925697,002394
2020-01-22,9.38,9.43,9.27,9.35,1363701.0,12719207.0,322063209.0,0.004234265081796413,002394
2020-01-23,9.32,9.33,9.12,9.18,1925898.0,17749366.0,322063209.0,0.0059798758323866795,002394
2020-02-03,8.27,8.6,8.26,8.26,4734636.0,39291942.0,322063209.0,0.014700952694040877,002394
2020-02-04,8.26,8.48,8.19,8.45,2054618.0,17212047.0,322063209.0,0.006379548928856385,002394
2020-02-05,8.5,8.69,8.42,8.56,2047831.0,17543086.0,322063209.0,0.0063584754258596485,002394
2020-02-06,8.61,8.84,8.52,8.78,2772029.0,24165292.0,322063209.0,0.008607096130623227,002394
2020-02-07,8.73,9.15,8.66,9.02,3384082.0,30095445.0,322063209.0,0.010507508791542842,002394
2020-02-10,8.91,8.93,8.79,8.88,2666947.0,23642656.0,322063209.0,0.008280818564407958,002394
2020-02-11,8.9,8.91,8.82,8.83,1944915.0,17237886.0,322063209.0,0.006038923247516918,002394
2020-02-12,8.83,9.04,8.79,8.94,2000624.0,17772637.0,322063209.0,0.0062118986090087674,002394
2020-02-13,8.92,8.96,8.8,8.81,2333905.0,20695465.0,322063209.0,0.007246729631884156,002394
2020-02-14,8.83,8.84,8.75,8.79,1243111.0,10936650.0,322063209.0,0.0038598354772028617,002394
2020-02-17,8.79,8.93,8.79,8.92,2117944.0,18801935.0,322063209.0,0.006576174927201946,002394
2020-02-18,8.92,8.96,8.87,8.95,1824793.0,16277416.0,322063209.0,0.005665946773821036,002394
2020-02-19,8.91,9.0,8.9,8.9,1765011.0,15802151.0,322063209.0,0.005480324826546704,002394
2020-02-20,8.92,9.02,8.87,9.02,1926150.0,17250247.0,322063209.0,0.005980658287485423,002394
2020-02-21,9.0,9.05,8.96,9.0,1652900.0,14880391.0,322063209.0,0.005132222352041459,002394
2020-02-24,9.0,9.0,8.91,8.97,1506638.0,13476939.0,322063209.0,0.004678081686753609,002394
2020-02-25,8.89,8.89,8.64,8.82,2879677.0,25312883.0,322063209.0,0.008941341076931267,002394
2020-02-26,8.73,8.98,8.71,8.89,2591405.0,23002709.0,322063209.0,0.008046262123656603,002394
2020-02-27,8.98,9.17,8.98,9.12,4342316.0,39531550.0,322063209.0,0.013482806724440232,002394
2020-02-28,8.96,9.78,8.9,9.43,11879775.0,110974336.0,322063209.0,0.03688647032017867,002394
2020-03-02,9.57,9.69,9.26,9.59,10810388.0,102894031.0,322063209.0,0.033566044484143485,002394
2020-03-03,9.52,9.58,9.38,9.44,7233179.0,68439705.0,322063209.0,0.022458880113810205,002394
2020-03-04,9.39,9.54,9.35,9.54,4173740.0,39486588.0,322063209.0,0.012959381523146905,002394
2020-03-05,9.55,9.63,9.48,9.58,5546989.0,52988251.0,322063209.0,0.017223292959240185,002394
2020-03-06,9.51,10.3,9.47,9.97,11555446.0,114818017.0,322063209.0,0.03587943508319201,002394
2020-03-09,10.0,10.27,9.82,9.9,10750349.0,107964620.0,322063209.0,0.03337962455686765,002394
2020-03-10,9.62,9.78,9.28,9.68,7712479.0,73352165.0,322063209.0,0.023947097291699655,002394
2020-03-11,9.63,9.69,9.46,9.47,4029087.0,38531535.0,322063209.0,0.012510236771564926,002394
2020-03-12,9.38,9.55,9.31,9.5,3458393.0,32579093.0,322063209.0,0.010738243001236443,002394
2020-03-13,9.16,9.37,9.08,9.25,3422245.0,31503180.0,322063209.0,0.010626004164294345,002394
2020-03-16,9.33,9.43,8.96,8.96,3600209.0,33148424.0,322063209.0,0.011178578922996448,002394
2020-03-17,8.9,9.07,8.64,8.83,2794530.0,24629719.0,322063209.0,0.008676961297991663,002394
2020-03-18,8.91,9.0,8.7,8.7,2386114.0,21172565.0,322063209.0,0.007408837561449001,002394
2020-03-19,8.69,8.84,8.53,8.69,2395812.0,20729180.0,322063209.0,0.007438949662828455,002394
2020-03-20,8.75,8.95,8.71,8.92,2319662.0,20463704.0,322063209.0,0.0072025053939023505,002394
2020-03-23,8.73,8.87,8.69,8.71,1549598.0,13572781.0,322063209.0,0.004811471651206208,002394
2020-03-24,8.8,8.89,8.71,8.88,2072411.0,18275553.0,322063209.0,0.006434795847792723,002394
2020-03-25,8.98,9.05,8.9,8.93,2770511.0,24772354.0,322063209.0,0.008602382770147458,002394
2020-03-26,8.9,8.9,8.76,8.78,1632357.0,14394839.0,322063209.0,0.005068436736591046,002394
2020-03-27,8.86,8.89,8.79,8.84,1929565.0,17070847.0,322063209.0,0.005991261796065629,002394
2020-03-30,8.72,8.73,8.57,8.64,2326593.0,20090459.0,322063209.0,0.007224026014098369,002394
2020-03-31,8.7,8.75,8.6,8.65,1262300.0,10934005.0,322063209.0,0.003919416948987799,002394
2020-04-01,8.61,8.67,8.55,8.57,1143784.0,9849643.0,322063209.0,0.0035514270740561365,002394
2020-04-02,8.56,8.63,8.5,8.63,1225755.0,10483228.0,322063209.0,0.0038059454347671236,002394
2020-04-03,8.58,8.65,8.57,8.62,1092615.0,9404381.0,322063209.0,0.003392548324263887,002394
2020-04-07,8.67,8.76,8.67,8.75,2530803.0,22081975.0,322063209.0,0.0078580940923308,002394
2020-04-08,8.72,8.78,8.68,8.76,1196777.0,10463745.0,322063209.0,0.0037159693083726308,002394
2020-04-09,8.77,8.93,8.77,8.86,1656850.0,14635221.0,322063209.0,0.005144487025216221,002394
2020-04-10,8.82,8.87,8.68,8.76,1640000.0,14351245.0,322063209.0,0.005092168102939072,002394
2020-04-13,8.7,9.17,8.67,9.12,7688801.0,69212695.0,322063209.0,0.0238735775622232,002394
2020-04-14,9.0,9.09,8.96,9.04,3764953.0,33960542.0,322063209.0,0.011690105838819981,002394
2020-04-15,9.0,9.06,8.97,8.97,2350900.0,21211935.0,322063209.0,0.007299498776341138,002394
2020-04-16,8.96,9.07,8.91,9.04,2668766.0,23999711.0,322063209.0,0.00828646652402945,002394
2020-04-17,9.09,9.34,9.04,9.16,4194036.0,38410721.0,322063209.0,0.013022400208401327,002394
2020-04-20,9.14,9.18,9.03,9.12,2527600.0,22994544.0,322063209.0,0.007848148839627317,002394
2020-04-21,9.1,9.11,8.95,9.03,2082201.0,18783990.0,322063209.0,0.006465193607382829,002394
2020-04-22,8.96,9.18,8.96,9.18,3156026.0,28731061.0,322063209.0,0.009799399347101457,002394
2020-04-23,9.07,9.09,8.95,9.02,4355021.0,39244564.0,322063209.0,0.013522255502335257,002394
2020-04-24,8.98,9.03,8.86,8.9,2372405.0,21178115.0,322063209.0,0.007366271383081201,002394
2020-04-27,8.9,8.96,8.81,8.81,1641900.0,14571401.0,322063209.0,0.00509806756598516,002394
2020-04-28,8.83,8.83,8.56,8.69,2859128.0,24778329.0,322063209.0,0.008877536831597551,002394
2020-04-29,8.7,8.77,8.65,8.74,1706420.0,14893192.0,322063209.0,0.005298400911108105,002394
2020-04-30,8.77,9.02,8.75,9.0,3273201.0,29174165.0,322063209.0,0.010163225443114801,002394
2020-05-06,8.93,9.02,8.88,9.01,2051101.0,18390261.0,322063209.0,0.006368628712260021,002394
2020-05-07,8.95,9.17,8.91,9.1,2717175.0,24610859.0,322063209.0,0.008436775527502119,002394
2020-05-08,9.1,9.18,9.04,9.16,2799813.0,25523075.0,322063209.0,0.008693364910240337,002394
2020-05-11,9.15,9.18,9.03,9.08,1831800.0,16644411.0,322063209.0,0.005687703372538898,002394
2020-05-12,9.03,9.09,8.95,9.08,1486901.0,13434324.0,322063209.0,0.004616798685626957,002394
2020-05-13,9.04,9.17,8.99,9.16,1956702.0,17803396.0,322063209.0,0.006075521653266518,002394
2020-05-14,9.15,9.18,9.08,9.08,1602200.0,14625343.0,322063209.0,0.004974799838127428,002394
2020-05-15,9.08,9.26,9.08,9.26,3469355.0,31914061.0,322063209.0,0.01077227979803182,002394
2020-05-18,9.23,9.3,9.17,9.22,2477600.0,22835518.0,322063209.0,0.0076928998120986865,002394
2020-05-19,9.23,9.26,9.12,9.15,2029221.0,18601600.0,322063209.0,0.006300691737813492,002394
2020-05-20,9.1,9.12,9.01,9.02,2148600.0,19428267.0,322063209.0,0.006671361210960299,002394
2020-05-21,9.03,9.12,9.01,9.04,1684400.0,15261996.0,322063209.0,0.005230029239384496,002394
2020-05-22,9.0,9.09,8.92,9.0,1768201.0,15917810.0,322063209.0,0.005490229714503031,002394
2020-05-25,8.94,9.0,8.94,8.99,866300.0,7764422.0,322063209.0,0.002689844650961048,002394
2020-05-26,8.99,9.16,8.98,9.15,1928203.0,17520957.0,322063209.0,0.005987032812555749,002394
2020-05-27,9.11,9.18,9.07,9.09,1890219.0,17204132.0,322063209.0,0.005869093231322799,002394
2020-05-28,8.96,8.96,8.73,8.82,1810400.0,16013814.0,322063209.0,0.005621256788756644,002394
2020-05-29,8.82,8.93,8.77,8.93,1763700.0,15649761.0,322063209.0,0.005476254197044904,002394
2020-06-01,8.9,9.04,8.9,9.03,2329500.0,20950670.0,322063209.0,0.007233052192558884,002394
2020-06-02,9.03,9.09,9.0,9.06,2135775.0,19332218.0,322063209.0,0.006631539835399206,002394
2020-06-03,9.05,9.19,9.04,9.07,2740904.0,24938680.0,322063209.0,0.008510453610986657,002394
2020-06-04,9.08,9.12,8.96,9.09,2520335.0,22817672.0,322063209.0,0.007825591155927406,002394
2020-06-05,9.09,9.13,9.01,9.04,1301600.0,11780560.0,322063209.0,0.004041442684625303,002394
2020-06-08,9.04,9.07,8.97,8.98,1729950.0,15590066.0,322063209.0,0.0053714611034630785,002394
2020-06-09,8.98,9.03,8.96,9.01,1023600.0,9210151.0,322063209.0,0.0031782580915661186,002394
2020-06-10,9.01,9.01,8.88,8.92,1983774.0,17707411.0,322063209.0,0.00615957968673162,002394
2020-06-11,8.91,8.96,8.89,8.9,1105236.0,9857764.0,322063209.0,0.0034317362837926637,002394
2020-06-12,8.8,8.91,8.73,8.9,1512792.0,13391362.0,322063209.0,0.004697189737061833,002394
2020-06-15,8.88,9.06,8.88,8.99,2668568.0,24043953.0,322063209.0,0.008285851737880436,002394
2020-06-16,8.99,9.04,8.96,9.04,2382900.0,21472352.0,322063209.0,0.007398858153959461,002394
2020-06-17,9.04,9.1,8.97,9.07,2135900.0,19310184.0,322063209.0,0.006631927957968027,002394
2020-06-18,9.08,9.08,8.97,9.02,1906836.0,17186804.0,322063209.0,0.005920688693131664,002394
2020-06-19,8.97,9.07,8.96,8.96,2056303.0,18543095.0,322063209.0,0.0063847808210841,002394
2020-06-22,9.02,9.03,8.92,8.97,1746753.0,15686218.0,322063209.0,0.00542363409165435,002394
2020-06-23,8.97,8.99,8.93,8.97,906106.0,8118926.0,322063209.0,0.002813441506757141,002394
2020-06-24,8.94,8.98,8.87,8.89,1527384.0,13609840.0,322063209.0,0.004742497613255788,002394
2020-06-29,8.84,8.89,8.81,8.82,1337103.0,11821735.0,322063209.0,0.004151678809112282,002394
2020-06-30,8.83,8.9,8.83,8.9,1693203.0,15018568.0,322717731.0,0.005246699630520146,002394
2020-07-01,8.9,8.95,8.85,8.93,2349746.0,20903067.0,322717731.0,0.007281118371522016,002394
2020-07-02,8.92,9.08,8.88,9.07,3145589.0,28346331.0,322717731.0,0.009747183677366647,002394
2020-07-03,9.05,9.19,9.02,9.19,4091606.0,37386912.0,322717731.0,0.012678590628786988,002394
2020-07-06,9.23,9.53,9.2,9.49,8155699.0,76401393.0,322717731.0,0.025271927187663575,002394
2020-07-07,9.53,9.79,9.36,9.61,8186211.0,78600640.0,322717731.0,0.025366474208384913,002394
2020-07-08,9.63,9.77,9.52,9.72,5313133.0,51209154.0,322717731.0,0.016463715778913927,002394
2020-07-09,9.68,9.78,9.65,9.75,5739371.0,55762937.0,322717731.0,0.01778449229366948,002394
2020-07-10,9.73,9.73,9.51,9.62,7637450.0,73498687.0,322717731.0,0.023666037736240778,002394
2020-07-13,9.62,9.87,9.59,9.84,8255380.0,80322711.0,322717731.0,0.02558080702420407,002394
2020-07-14,10.16,10.63,10.16,10.4,13817213.0,143022900.0,322717731.0,0.04281516530617898,002394
2020-07-15,10.4,10.52,10.02,10.2,9248925.0,94933230.0,322717731.0,0.028659488189076293,002394
2020-07-16,10.19,10.23,9.83,9.84,6184155.0,62061160.0,322717731.0,0.019162736986397564,002394
2020-07-17,9.83,9.94,9.63,9.7,5515827.0,53873178.0,322717731.0,0.0170918002642997,002394
2020-07-20,9.73,10.34,9.72,10.31,7645805.0,77324664.0,322717731.0,0.02369192723408185,002394
2020-07-21,10.3,10.32,10.12,10.2,3997650.0,40795012.0,322717731.0,0.0123874507533644,002394
2020-07-22,10.14,10.45,10.14,10.23,4854986.0,49951083.0,322717731.0,0.01504406338305595,002394
2020-07-23,10.16,10.23,9.9,10.17,4242817.0,42781232.0,322717731.0,0.013147145608804494,002394
2020-07-24,10.17,10.27,9.83,9.88,5059549.0,50855186.0,322717731.0,0.01567793930727655,002394
2020-07-27,9.94,9.99,9.77,9.86,2764954.0,27269293.0,322717731.0,0.008567716410970923,002394
2020-07-28,9.88,9.99,9.82,9.93,2343300.0,23204764.0,322717731.0,0.0072611442598423575,002394
2020-07-29,9.9,10.1,9.84,10.09,2948036.0,29437463.0,322717731.0,0.009135029522130595,002394
2020-07-30,10.07,10.34,10.03,10.26,4908062.0,49995232.0,322717731.0,0.015208529090705586,002394
2020-07-31,10.25,10.42,10.14,10.39,5534650.0,57058871.0,322717731.0,0.017150126777508858,002394
2020-08-03,10.44,11.12,10.42,10.98,13656034.0,147718828.0,322717731.0,0.04231572265237574,002394
2020-08-04,11.05,11.21,10.84,10.86,7174567.0,78776237.0,322717731.0,0.02223170997691478,002394
2020-08-05,10.88,11.02,10.7,10.86,5213166.0,56543269.0,322717731.0,0.016153949718988325,002394
2020-08-06,10.83,10.95,10.56,10.74,4671600.0,50068944.0,322717731.0,0.01447580827221421,002394
2020-08-07,10.69,10.74,10.46,10.57,3769201.0,39986233.0,322717731.0,0.011679559683071768,002394
2020-08-10,10.53,11.01,10.53,10.86,5211301.0,56221061.0,322717731.0,0.01614817067488616,002394
2020-08-11,10.86,10.89,10.54,10.57,4055151.0,43524606.0,322717731.0,0.012565628134017836,002394
2020-08-12,10.51,10.59,10.35,10.55,3360714.0,35108664.0,322717731.0,0.01041378789317281,002394
2020-08-13,10.53,10.68,10.52,10.54,2743651.0,29064477.0,322717731.0,0.008501705163513312,002394
2020-08-14,10.53,10.72,10.42,10.7,2700287.0,28522175.0,322717731.0,0.008367333866759245,002394
2020-08-17,10.68,10.93,10.67,10.85,3924288.0,42467458.0,322717731.0,0.012160125159035653,002394
2020-08-18,10.82,10.88,10.73,10.8,2975900.0,32172766.0,322717731.0,0.009221371229831805,002394
2020-08-19,10.89,11.15,10.84,10.91,6844633.0,75240535.0,322717731.0,0.02120934904565253,002394
2020-08-20,10.88,11.18,10.78,10.98,5361200.0,58729094.0,322717731.0,0.01661266018259158,002394
2020-08-21,10.96,11.21,10.9,11.18,6567728.0,72773588.0,322717731.0,0.020351308183931178,002394
2020-08-24,11.25,11.29,10.98,11.08,4584946.0,50854980.0,322717731.0,0.014207294981260265,002394
2020-08-25,11.15,11.19,10.82,10.85,8811700.0,96399332.0,322717731.0,0.027304666442390175,002394
2020-08-26,10.79,11.01,10.78,10.87,4325055.0,47107481.0,322717731.0,0.013401975114903122,002394
2020-08-27,10.87,10.91,10.68,10.88,3214786.0,34731943.0,322717731.0,0.009961603256314417,002394
2020-08-28,10.92,10.92,10.7,10.85,2842302.0,30674931.0,322717731.0,0.008807393356394168,002394
2020-08-31,10.9,10.98,10.82,10.85,3159567.0,34463325.0,322717731.0,0.009790497070642827,002394
2020-09-01,10.85,10.88,10.72,10.82,2365200.0,25544714.0,322717731.0,0.0073290054211492955,002394
2020-09-02,10.81,10.9,10.7,10.78,2343200.0,25252014.0,322717731.0,0.007260834391525887,002394
2020-09-03,10.82,10.98,10.71,10.75,3281103.0,35571623.0,322717731.0,0.010167098627747851,002394
2020-09-04,10.65,10.66,10.5,10.57,2933400.0,31048957.0,322717731.0,0.009089677195332041,002394
2020-09-07,10.57,10.68,10.36,10.38,3507600.0,36852297.0,322717731.0,0.010868941068502988,002394
2020-09-08,10.41,10.55,10.36,10.52,2284846.0,23899441.0,322717731.0,0.007080013834132963,002394
2020-09-09,10.47,10.72,10.41,10.42,3540800.0,37316053.0,322717731.0,0.01097181734957104,002394
2020-09-10,10.44,10.66,10.22,10.27,3671800.0,38434889.0,322717731.0,0.011377744844146788,002394
2020-09-11,10.3,10.47,10.18,10.42,2590946.0,26855486.0,322717731.0,0.008028520750847742,002394
2020-09-14,10.45,10.58,10.3,10.38,3622971.0,37783430.0,322717731.0,0.011226439243897634,002394
2020-09-15,10.42,10.55,10.38,10.44,2496247.0,26098192.0,322717731.0,0.007735078553833784,002394
2020-09-16,10.48,10.55,10.4,10.53,2387506.0,25051296.0,322717731.0,0.007398124647821101,002394
2020-09-17,10.48,10.58,10.45,10.52,1879281.0,19772264.0,322717731.0,0.00582329639644126,002394
2020-09-18,10.49,10.6,10.44,10.59,2240826.0,23574750.0,322717731.0,0.006943609801222853,002394
2020-09-21,10.59,10.6,10.4,10.44,3469544.0,36314412.0,322717731.0,0.010751017581987151,002394
2020-09-22,10.05,10.15,9.96,9.99,2273772.0,22875765.0,322717731.0,0.00704569901676707,002394
2020-09-23,10.02,10.14,9.96,10.05,1529400.0,15383825.0,322717731.0,0.004739126032092733,002394
2020-09-24,10.08,10.08,9.71,9.74,3065900.0,30160439.0,322717731.0,0.00950025271465484,002394
2020-09-25,9.78,9.8,9.5,9.63,2501486.0,24078849.0,322717731.0,0.007751312554933649,002394
2020-09-28,9.67,9.68,9.54,9.54,1391280.0,13367931.0,322717731.0,0.004311135913384319,002394
2020-09-29,9.56,9.75,9.55,9.7,1957400.0,18934978.0,322717731.0,0.006065362426584488,002394
2020-09-30,9.71,9.74,9.53,9.61,1546200.0,14898569.0,322717731.0,0.004791183909259699,002394
2020-10-09,9.67,9.81,9.67,9.77,1410100.0,13753029.0,322717731.0,0.00436945313054398,002394
2020-10-12,9.85,9.97,9.77,9.96,1812145.0,17957790.0,322717731.0,0.005615263203495937,002394
2020-10-13,9.9,10.05,9.9,10.02,2102145.0,20947567.0,322717731.0,0.006513881321259042,002394
2020-10-14,10.1,10.48,10.1,10.36,7772627.0,80302156.0,322717731.0,0.02408490843039548,002394
2020-10-15,10.29,11.05,10.23,10.83,15619394.0,166975848.0,322717731.0,0.04839955323062184,002394
2020-10-16,10.83,11.04,10.63,10.65,11573277.0,125130839.0,322717731.0,0.03586191860031391,002394
2020-10-19,10.76,11.08,10.76,10.96,10921451.0,119524313.0,322717731.0,0.033842116347799926,002394
2020-10-20,10.9,11.0,10.76,10.86,5975122.0,64888838.0,322717731.0,0.018515009948430753,002394
2020-10-21,10.78,10.98,10.67,10.79,5378900.0,58218088.0,322717731.0,0.016667506874606774,002394
2020-10-22,10.73,10.82,10.55,10.58,5573800.0,59458572.0,322717731.0,0.017271440223406875,002394
2020-10-23,10.61,10.66,10.43,10.46,3537800.0,37295063.0,322717731.0,0.01096252130007694,002394
2020-10-26,10.58,10.66,10.38,10.5,4575650.0,48092044.0,322717731.0,0.01417848962256121,002394
2020-10-27,10.4,10.53,10.35,10.46,2494517.0,26042917.0,322717731.0,0.007729717831958852,002394
2020-10-28,10.49,10.59,10.4,10.51,3079801.0,32288603.0,322717731.0,0.009543327509327338,002394
2020-10-29,10.35,10.72,10.35,10.65,4802540.0,50788969.0,322717731.0,0.014881549845800075,002394
2020-10-30,10.64,10.65,10.14,10.16,5018093.0,52110273.0,322717731.0,0.015549480298000731,002394
2020-11-02,10.16,10.45,10.16,10.4,2994848.0,30885762.0,322717731.0,0.00928008507843655,002394
2020-11-03,10.38,10.5,10.38,10.43,2533562.0,26416282.0,322717731.0,0.007850705916124578,002394
2020-11-04,10.44,10.65,10.34,10.63,3478918.0,36503720.0,322717731.0,0.010780064637973054,002394
2020-11-05,10.61,10.7,10.56,10.63,3201973.0,34024001.0,322717731.0,0.00992189982892511,002394
2020-11-06,10.66,10.69,10.51,10.64,2323800.0,24580271.0,322717731.0,0.0072007199381307,002394
2020-11-09,10.7,10.78,10.66,10.73,3714616.0,39821023.0,322717731.0,0.011510418062526598,002394
2020-11-10,10.78,10.79,10.43,10.48,3379401.0,35756558.0,322717731.0,0.010471692985471567,002394
2020-11-11,10.52,10.81,10.4,10.67,4632551.0,49210533.0,322717731.0,0.014354807793315825,002394
2020-11-12,10.68,10.73,10.47,10.53,2454203.0,25909281.0,322717731.0,0.007604797518857121,002394
2020-11-13,10.5,10.59,10.42,10.58,1741665.0,18323271.0,322717731.0,0.005396868014047856,002394
2020-11-16,10.62,11.08,10.62,11.07,10046118.0,109865040.0,322717731.0,0.031129736717193268,002394
2020-11-17,11.15,11.45,11.07,11.24,13865204.0,156172887.0,322717731.0,0.042963874209936116,002394
2020-11-18,11.23,11.45,11.11,11.45,9801716.0,111262296.0,322717731.0,0.03037241235437417,002394
2020-11-19,11.45,11.53,11.12,11.19,8198718.0,92348943.0,322717731.0,0.02540522943872582,002394
2020-11-20,11.15,11.29,11.0,11.12,6774272.0,75437485.0,322717731.0,0.02099132259950105,002394
2020-11-23,11.09,11.33,10.92,11.2,6475200.0,72210303.0,322717731.0,0.020064593228067782,002394
2020-11-24,11.2,11.24,11.02,11.05,4503415.0,49880094.0,322717731.0,0.01395465624415908,002394
2020-11-25,11.11,11.29,10.92,10.93,5026815.0,55853324.0,322717731.0,0.015576507012563249,002394
2020-11-26,11.02,11.04,10.77,10.84,3976221.0,43169327.0,322717731.0,0.012321049071828037,002394
2020-11-27,10.88,10.91,10.72,10.9,2972500.0,32190255.0,322717731.0,0.009210835707071825,002394
2020-11-30,10.88,10.98,10.58,10.63,4250800.0,45975348.0,322717731.0,0.013171882396508298,002394
2020-12-01,10.63,10.76,10.53,10.72,3264300.0,34879404.0,322717731.0,0.01011503145453139,002394
2020-12-02,10.7,10.76,10.64,10.68,2668611.0,28517103.0,322717731.0,0.008269179978834197,002394
2020-12-03,10.69,10.82,10.61,10.82,2919894.0,31297792.0,322717731.0,0.009047826380509598,002394
2020-12-04,10.81,10.81,10.67,10.71,2331900.0,24994668.0,322717731.0,0.0072258192717647735,002394
2020-12-07,10.69,10.71,10.53,10.56,2807200.0,29730609.0,322717731.0,0.008698623379946854,002394
2020-12-08,10.55,10.63,10.49,10.6,1838100.0,19430600.0,322717731.0,0.005695689525035735,002394
2020-12-09,10.6,10.6,10.22,10.23,4189000.0,43480646.0,322717731.0,0.012980383776929815,002394
2020-12-10,10.22,10.3,10.16,10.22,1695100.0,17342939.0,322717731.0,0.005252577832483583,002394
2020-12-11,10.24,10.26,9.95,10.04,2934225.0,29536555.0,322717731.0,0.009092233608942919,002394
2020-12-14,10.04,10.08,9.97,10.06,1578400.0,15858457.0,322717731.0,0.00489096150716305,002394
2020-12-15,10.06,10.37,9.99,10.29,2494708.0,25486316.0,322717731.0,0.00773030968044331,002394
2020-12-16,10.27,10.32,10.13,10.15,1516700.0,15477068.0,322717731.0,0.0046997727559010384,002394
2020-12-17,10.12,10.27,9.97,10.23,1893104.0,19133192.0,322717731.0,0.005866129493826914,002394
2020-12-18,10.22,10.32,10.02,10.07,2575622.0,26122675.0,322717731.0,0.007981036530031875,002394
2020-12-21,10.04,10.19,10.01,10.14,1952993.0,19750653.0,322717731.0,0.0060517065298776535,002394
2020-12-22,10.16,10.17,9.98,9.99,2733710.0,27500796.0,322717731.0,0.008470901154173026,002394
2020-12-23,9.96,10.04,9.96,10.0,2048800.0,20479625.0,322717731.0,0.006348582067838101,002394
2020-12-24,9.99,9.99,9.77,9.82,2983250.0,29375041.0,322717731.0,0.009244146551092354,002394
2020-12-25,9.82,9.9,9.73,9.84,1775300.0,17440741.0,322717731.0,0.005501092222292552,002394
2020-12-28,9.83,9.84,9.71,9.75,1647483.0,16084332.0,322717731.0,0.005105027836230046,002394
2020-12-29,9.73,9.82,9.71,9.76,1515200.0,14801676.0,322717731.0,0.004695124731153988,002394
2020-12-30,9.8,9.94,9.71,9.84,2466029.0,24239034.0,322717731.0,0.007641442545962868,002394
2020-12-31,9.85,9.94,9.8,9.94,1847076.0,18289183.0,322717731.0,0.005723503305122085,002394
2021-01-04,9.94,9.96,9.87,9.95,2438200.0,24191626.0,322717731.0,0.007555209292172422,002394
2021-01-05,9.9,9.95,9.82,9.93,2009384.0,19869911.0,322717731.0,0.006226444372218271,002394
2021-01-06,9.92,9.92,9.79,9.8,2208302.0,21696755.0,322717731.0,0.006842828229974138,002394
2021-01-07,9.81,9.81,9.35,9.4,4558094.0,43494479.0,322717731.0,0.01412408914092173,002394
2021-01-08,9.39,9.49,9.21,9.43,2187065.0,20465587.0,322717731.0,0.006777021495605396,002394
2021-01-11,9.44,9.45,9.23,9.25,2242263.0,20859969.0,322717731.0,0.006948062608930527,002394
2021-01-12,9.21,9.34,9.21,9.28,1652476.0,15328774.0,322717731.0,0.0051204995612713945,002394
2021-01-13,9.27,9.27,9.13,9.16,2139658.0,19630997.0,322717731.0,0.006630122222816446,002394
2021-01-14,9.13,9.35,9.13,9.28,1602664.0,14841362.0,322717731.0,0.004966147955471341,002394
2021-01-15,9.26,9.44,9.26,9.4,1316407.0,12355953.0,322717731.0,0.004079128208793709,002394
2021-01-18,9.41,9.49,9.37,9.4,1568204.0,14786986.0,322717731.0,0.004859367333615766,002394
2021-01-19,9.39,9.55,9.36,9.46,2431092.0,22912419.0,322717731.0,0.0075331838522377315,002394
2021-01-20,9.44,9.47,9.34,9.39,1282200.0,12051187.0,322717731.0,0.003973131553778804,002394
2021-01-21,9.36,9.46,9.31,9.41,1439600.0,13503817.0,322717731.0,0.00446086428390264,002394
2021-01-22,9.4,9.41,9.25,9.32,1598000.0,14877120.0,322717731.0,0.004951695697191178,002394
2021-01-25,9.32,9.33,9.21,9.22,1176636.0,10882410.0,322717731.0,0.0036460221641803747,002394
2021-01-26,9.18,9.25,9.12,9.18,1873552.0,17177260.0,322717731.0,0.0058055440405906916,002394
2021-01-27,9.19,9.32,9.18,9.31,1254466.0,11591306.0,322717731.0,0.003887192674889004,002394
2021-01-28,9.28,9.31,9.2,9.21,1148800.0,10626943.0,322717731.0,0.0035597672196077752,002394
2021-01-29,9.23,9.3,9.15,9.2,1434567.0,13208209.0,322717731.0,0.004445268611534704,002394
2021-02-01,9.21,9.31,9.15,9.3,1535100.0,14149102.0,322717731.0,0.004756788526131525,002394
2021-02-02,9.33,9.45,9.27,9.4,1576741.0,14772579.0,322717731.0,0.004885820791792813,002394
2021-02-03,9.37,9.37,9.2,9.32,1181941.0,10985549.0,322717731.0,0.00366246067836911,002394
2021-02-04,9.32,9.32,9.11,9.14,1518008.0,13948880.0,322717731.0,0.004703825833480467,002394
2021-02-05,9.14,9.22,9.14,9.19,1305167.0,11984375.0,322717731.0,0.004044299010022477,002394
2021-02-08,9.21,9.34,9.16,9.25,1215093.0,11250856.0,322717731.0,0.0037651882226452564,002394
2021-02-09,9.25,9.46,9.2,9.43,1717137.0,16117269.0,322717731.0,0.005320863513384085,002394
2021-02-10,9.42,9.47,9.4,9.45,1304150.0,12302777.0,322717731.0,0.004041147649243976,002394
2021-02-18,9.55,9.55,9.41,9.52,1591532.0,15096472.0,322717731.0,0.004931653414481896,002394
2021-02-19,9.49,9.83,9.48,9.78,2738528.0,26516709.0,322717731.0,0.008485830609660553,002394
2021-02-22,9.78,9.99,9.72,9.81,3725522.0,36754484.0,322717731.0,0.01154421230112082,002394
2021-02-23,9.8,9.92,9.75,9.79,1705910.0,16731054.0,322717731.0,0.0052860745974939935,002394
2021-02-24,9.78,9.85,9.67,9.76,1918000.0,18730812.0,322717731.0,0.005943274309895294,002394
2021-02-25,9.81,9.88,9.73,9.76,2037210.0,19961742.0,322717731.0,0.006312668329959224,002394
2021-02-26,9.8,10.08,9.8,10.01,5341556.0,53383220.0,322717731.0,0.016551789650504203,002394
2021-03-01,9.95,10.15,9.92,10.14,3485718.0,34995227.0,322717731.0,0.010801135683493016,002394
2021-03-02,10.16,10.19,10.02,10.08,2388900.0,24133095.0,322717731.0,0.007402444212152694,002394
2021-03-03,10.06,10.17,10.03,10.13,1801800.0,18228592.0,322717731.0,0.0055832073261571115,002394
2021-03-04,10.12,10.12,9.95,9.96,2980254.0,29792327.0,322717731.0,0.009234862896330912,002394
2021-03-05,9.92,10.01,9.91,9.97,1530700.0,15246135.0,322717731.0,0.004743154320206844,002394
2021-03-08,10.02,10.07,9.96,9.97,1978400.0,19812680.0,322717731.0,0.006130434773043195,002394
2021-03-09,9.94,10.16,9.71,9.93,2730585.0,27031109.0,322717731.0,0.008461217769283337,002394
2021-03-10,9.98,9.99,9.8,9.87,1514252.0,14959935.0,322717731.0,0.004692187179513852,002394
2021-03-11,9.88,10.0,9.83,10.0,1483400.0,14759280.0,322717731.0,0.004596586606516516,002394
2021-03-12,10.0,10.06,9.96,10.0,1511788.0,15120913.0,322717731.0,0.00468455202419603,002394
2021-03-15,10.0,10.07,9.96,10.01,1319405.0,13224985.0,322717731.0,0.0040884180609214804,002394
2021-03-16,10.04,10.06,9.98,10.05,1429402.0,14332473.0,322717731.0,0.0044292639129890265,002394
2021-03-17,10.01,10.08,9.98,10.03,1607954.0,16113443.0,322717731.0,0.004982539989412605,002394
2021-03-18,10.03,10.16,9.99,10.16,2734654.0,27569007.0,322717731.0,0.008473826311080502,002394
2021-03-19,10.1,10.24,10.08,10.13,2889385.0,29358603.0,322717731.0,0.008953288655837754,002394
2021-03-22,10.15,10.24,10.09,10.22,2218951.0,22577219.0,322717731.0,0.0068758261069950324,002394
2021-03-23,10.21,10.35,10.15,10.31,2843000.0,29134910.0,322717731.0,0.008809556237243128,002394
2021-03-24,10.27,10.3,10.11,10.22,2035000.0,20762772.0,322717731.0,0.006305820240165236,002394
2021-03-25,10.13,10.51,9.96,9.99,4631200.0,47274920.0,322717731.0,0.014350621472360315,002394
2021-03-26,9.96,10.32,9.96,10.29,4390600.0,44847395.0,322717731.0,0.013605078302933407,002394
2021-03-29,10.25,10.28,10.06,10.17,2867300.0,29082808.0,322717731.0,0.008884854238145347,002394
2021-03-30,10.12,10.18,10.01,10.03,1884000.0,18930413.0,322717731.0,0.005837919082295482,002394
2021-03-31,10.05,10.17,10.03,10.14,1941700.0,19612481.0,322717731.0,0.006016713100898692,002394
2021-04-01,10.18,10.21,10.08,10.13,1528301.0,15492385.0,322717731.0,0.004735720579294727,002394
2021-04-02,10.1,10.12,10.0,10.02,1894900.0,19019763.0,322717731.0,0.0058716947287907155,002394
2021-04-06,10.01,10.09,10.01,10.07,1232500.0,12389038.0,322717731.0,0.0038191270004931956,002394
2021-04-07,10.1,10.13,10.02,10.11,1370842.0,13800901.0,322717731.0,0.0042478050268641735,002394
2021-04-08,10.12,10.12,10.0,10.03,1729800.0,17365198.0,322717731.0,0.005360102138298685,002394
2021-04-09,10.0,10.01,9.91,9.92,2446142.0,24331374.0,322717731.0,0.007579819033866472,002394
2021-04-12,9.91,9.98,9.85,9.89,1419000.0,14069859.0,322717731.0,0.004397031410709813,002394
2021-04-13,9.89,9.92,9.75,9.77,1882696.0,18502276.0,322717731.0,0.005833878399448712,002394
2021-04-14,9.74,9.82,8.79,8.8,13871318.0,124764080.0,322717731.0,0.04298281955880509,002394
2021-04-15,8.72,8.85,8.72,8.81,4349240.0,38195663.0,322717731.0,0.0134769167672414,002394
2021-04-16,8.8,8.85,8.74,8.82,3074198.0,27075885.0,322717731.0,0.009525965587555522,002394
2021-04-19,8.81,8.9,8.8,8.87,2694320.0,23891774.0,322717731.0,0.008348844024315478,002394
2021-04-20,8.89,8.92,8.82,8.83,2031000.0,18024320.0,322717731.0,0.0062934255075064345,002394
2021-04-21,8.8,8.85,8.76,8.83,1609194.0,14168183.0,322717731.0,0.004986382356536834,002394
2021-04-22,8.85,8.86,8.79,8.81,1445300.0,12742998.0,322717731.0,0.004478526777941433,002394
2021-04-23,8.82,8.84,8.68,8.71,2921200.0,25474506.0,322717731.0,0.009051873260722697,002394
2021-04-26,8.68,8.72,8.65,8.67,1625833.0,14120338.0,322717731.0,0.005037941345714283,002394
2021-04-27,8.68,8.7,8.55,8.59,1865040.0,16033000.0,322717731.0,0.005779168049492763,002394
2021-04-28,8.59,8.61,8.52,8.56,1951786.0,16696334.0,322717731.0,0.00604796641929786,002394
2021-04-29,8.56,8.6,8.51,8.56,1558100.0,13335520.0,322717731.0,0.004828058238919634,002394
2021-04-30,8.54,8.55,8.34,8.37,2902465.0,24460417.0,322717731.0,0.008993819431632036,002394
2021-05-06,8.36,8.42,8.34,8.37,1785256.0,14951680.0,322717731.0,0.005531942711880309,002394
2021-05-07,8.38,8.42,8.34,8.36,1743522.0,14594045.0,322717731.0,0.005402622268684704,002394
2021-05-10,8.38,8.39,8.25,8.28,2037305.0,16893485.0,322717731.0,0.00631296270485987,002394
2021-05-11,8.26,8.36,8.24,8.35,1561278.0,12943111.0,322717731.0,0.0048379058540170515,002394
2021-05-12,8.34,8.46,8.32,8.45,1850507.0,15567712.0,322717731.0,0.005734134887060172,002394
2021-05-13,8.45,8.47,8.39,8.43,1688700.0,14233893.0,322717731.0,0.005232746260229501,002394
2021-05-14,8.44,8.48,8.42,8.47,1451955.0,12278040.0,322717731.0,0.004499148514402513,002394
2021-05-17,8.49,8.63,8.48,8.56,2480320.0,21227551.0,322717731.0,0.007685725827069601,002394
2021-05-18,8.58,8.61,8.5,8.59,1598062.0,13704394.0,322717731.0,0.0049518878155473895,002394
2021-05-19,8.59,8.6,8.46,8.49,1289200.0,10984028.0,322717731.0,0.003994822335931706,002394
2021-05-20,8.49,8.51,8.43,8.49,1056202.0,8939785.0,322717731.0,0.0032728353559228515,002394
2021-05-21,8.5,8.58,8.45,8.57,2531900.0,21551756.0,322717731.0,0.007845555904704846,002394
2021-05-24,8.21,8.23,8.13,8.22,1971004.0,16147729.0,322717731.0,0.006107516912357071,002394
2021-05-25,8.2,8.23,8.16,8.22,1149087.0,9418033.0,322717731.0,0.0035606565416760444,002394
2021-05-26,8.21,8.34,8.19,8.28,1493443.0,12349787.0,322717731.0,0.004627706681539602,002394
2021-05-27,8.26,8.28,8.22,8.26,901278.0,7439570.0,322717731.0,0.0027927749653148125,002394
2021-05-28,8.27,8.32,8.21,8.22,860300.0,7097677.0,322717731.0,0.002665797126591721,002394
2021-05-31,8.24,8.26,8.21,8.23,651700.0,5361435.0,322717731.0,0.002019411818435226,002394
2021-06-01,8.25,8.28,8.21,8.26,803800.0,6622238.0,322717731.0,0.0024907215277861507,002394
2021-06-02,8.26,8.32,8.22,8.3,1368452.0,11321208.0,322717731.0,0.004240399174100539,002394
2021-06-03,8.31,8.34,8.27,8.31,1574063.0,13080237.0,322717731.0,0.004877522518277745,002394
2021-06-04,8.33,8.34,8.24,8.28,873829.0,7229063.0,322717731.0,0.0027077192111269522,002394
2021-06-07,8.28,8.28,8.21,8.23,1004200.0,8270221.0,322717731.0,0.0031116976339921032,002394
2021-06-08,8.21,8.26,8.19,8.24,837700.0,6893195.0,322717731.0,0.0025957668870694927,002394
2021-06-09,8.24,8.29,8.22,8.28,943600.0,7796269.0,322717731.0,0.0029239174342112614,002394
2021-06-10,8.28,8.32,8.24,8.26,1226600.0,10146640.0,322717731.0,0.003800844769821464,002394
2021-06-11,8.25,8.35,8.24,8.25,1442200.0,11964481.0,322717731.0,0.004468920860130862,002394
2021-06-15,8.25,8.26,8.1,8.11,1946650.0,15865254.0,322717731.0,0.006032051582563959,002394
2021-06-16,8.12,8.15,8.08,8.11,682194.0,5539916.0,322717731.0,0.0021139030628595985,002394
2021-06-17,8.1,8.15,8.08,8.1,908500.0,7365328.0,322717731.0,0.0028151536551302785,002394
2021-06-18,8.08,8.11,8.06,8.09,885155.0,7150965.0,322717731.0,0.0027428148966503487,002394
2021-06-21,8.07,8.09,8.04,8.08,644388.0,5201098.0,322717731.0,0.0019967542471349365,002394
2021-06-22,8.06,8.15,8.06,8.12,887530.0,7202508.0,322717731.0,0.0027501742691665118,002394
2021-06-23,8.12,8.15,8.07,8.11,754494.0,6101339.0,322717731.0,0.0023379378556674345,002394
2021-06-24,8.11,8.14,8.06,8.11,800200.0,6486926.0,322717731.0,0.0024795662683932294,002394
2021-06-25,8.09,8.17,8.08,8.16,1087180.0,8825760.0,322717731.0,0.003368826362998939,002394
2021-06-28,8.13,8.25,8.12,8.22,1552200.0,12723860.0,322717731.0,0.0048097760082479015,002394
2021-06-29,8.25,8.25,8.13,8.16,878901.0,7191452.0,322717731.0,0.0027234357321383124,002394
2021-06-30,8.15,8.18,8.12,8.17,603200.0,4920418.0,322963298.0,0.0018677044844891322,002394
2021-07-01,8.17,8.19,8.12,8.13,814096.0,6640918.0,322963298.0,0.002520707476798184,002394
2021-07-02,8.14,8.14,8.08,8.08,907600.0,7346954.0,322963298.0,0.0028102264425105047,002394
2021-07-05,8.12,8.12,8.01,8.1,921400.0,7454018.0,322963298.0,0.002852955755981907,002394
2021-07-06,8.06,8.12,8.05,8.11,1064983.0,8606989.0,322963298.0,0.003297535684689472,002394
2021-07-07,8.11,8.12,8.08,8.09,870200.0,7047565.0,322963298.0,0.0026944238103488775,002394
2021-07-08,8.08,8.12,8.06,8.06,786700.0,6354562.0,322963298.0,0.0024358805005762606,002394
2021-07-09,8.04,8.08,8.03,8.05,1030688.0,8295720.0,322963298.0,0.0031913471480589104,002394
2021-07-12,8.07,8.11,8.06,8.08,894800.0,7230418.0,322963298.0,0.002770593456102247,002394
2021-07-13,8.06,8.1,8.04,8.09,1079100.0,8696853.0,322963298.0,0.0033412465338398915,002394
2021-07-14,8.1,8.12,8.03,8.03,1210250.0,9753024.0,322963298.0,0.0037473298281713733,002394
2021-07-15,8.0,8.02,7.94,7.97,2161500.0,17243817.0,322963298.0,0.0066927109469881625,002394
2021-07-16,7.97,7.99,7.94,7.96,950400.0,7569523.0,322963298.0,0.0029427492408131157,002394
2021-07-19,7.95,7.95,7.8,7.85,2248600.0,17631067.0,322963298.0,0.006962401034188101,002394
2021-07-20,7.81,7.85,7.78,7.81,1329500.0,10376552.0,322963298.0,0.0041165668304514276,002394
2021-07-21,7.84,7.84,7.79,7.82,1158477.0,9048686.0,322963298.0,0.0035870236871311614,002394
2021-07-22,7.81,7.82,7.74,7.78,2354930.0,18308354.0,322963298.0,0.007291633490812321,002394
2021-07-23,7.78,7.78,7.67,7.71,1866900.0,14400920.0,322963298.0,0.005780532994185612,002394
2021-07-26,7.7,7.71,7.5,7.53,2659529.0,20129487.0,322963298.0,0.00823477161791926,002394
2021-07-27,7.53,7.56,7.4,7.42,2000731.0,14951287.0,322963298.0,0.006194917541373386,002394
2021-07-28,7.42,7.42,7.22,7.26,2058002.0,15004499.0,322963298.0,0.006372247288606769,002394
2021-07-29,7.29,7.36,7.22,7.25,1229675.0,8946136.0,322963298.0,0.003807475981372967,002394
2021-07-30,7.27,7.39,7.1,7.35,1832417.0,13310813.0,322963298.0,0.005673762348067179,002394
2021-08-02,7.31,7.42,7.26,7.39,1324792.0,9730544.0,322963298.0,0.0041019893226381405,002394
2021-08-03,7.38,7.45,7.35,7.39,1066729.0,7905486.0,322963298.0,0.0033029418717417233,002394
2021-08-04,7.36,7.42,7.35,7.37,935400.0,6901473.0,322963298.0,0.002896304334865939,002394
2021-08-05,7.38,7.39,7.29,7.3,952200.0,6977328.0,322963298.0,0.002948322629526777,002394
2021-08-06,7.28,7.31,7.23,7.3,539397.0,3922119.0,322963298.0,0.0016701495288792847,002394
2021-08-09,7.25,7.42,7.25,7.41,1069328.0,7891251.0,322963298.0,0.0033109892257788378,002394
2021-08-10,7.39,7.49,7.38,7.47,767985.0,5716524.0,322963298.0,0.0023779327395894996,002394
2021-08-11,7.48,7.54,7.43,7.5,1073201.0,8062625.0,322963298.0,0.0033229813004943985,002394
2021-08-12,7.52,7.59,7.49,7.52,945903.0,7131992.0,322963298.0,0.002928825058010152,002394
2021-08-13,7.53,7.54,7.46,7.52,867910.0,6509247.0,322963298.0,0.0026873332213742753,002394
2021-08-16,7.53,7.59,7.52,7.55,812900.0,6142345.0,322963298.0,0.0025170042696306626,002394
2021-08-17,7.55,7.61,7.47,7.48,1291139.0,9740587.0,322963298.0,0.003997788627982118,002394
2021-08-18,7.48,7.58,7.47,7.58,941350.0,7093231.0,322963298.0,0.0029147274808916522,002394
2021-08-19,7.56,7.57,7.5,7.55,585200.0,4412280.0,322963298.0,0.0018119705973525203,002394
2021-08-20,7.55,7.56,7.47,7.52,836363.0,6273748.0,322963298.0,0.0025896533915132362,002394
2021-08-23,7.5,7.72,7.48,7.65,1610623.0,12323457.0,322963298.0,0.0049870155834239715,002394
2021-08-24,7.66,7.7,7.58,7.6,1274264.0,9720430.0,322963298.0,0.0039455381087915445,002394
2021-08-25,7.6,7.64,7.57,7.61,1061189.0,8073818.0,322963298.0,0.0032857882198118996,002394
2021-08-26,7.61,7.65,7.56,7.62,988090.0,7507231.0,322963298.0,0.0030594498078230547,002394
2021-08-27,7.58,7.64,7.52,7.63,1413500.0,10716415.0,322963298.0,0.004376658303755617,002394
2021-08-30,7.63,7.66,7.56,7.58,1502149.0,11428901.0,322963298.0,0.004651144601576369,002394
2021-08-31,7.63,7.65,7.56,7.64,1512728.0,11506963.0,322963298.0,0.004683900645577381,002394
2021-09-01,7.61,7.75,7.59,7.71,1953900.0,15054248.0,322963298.0,0.006049913448679237,002394
2021-09-02,7.7,7.74,7.66,7.73,1666900.0,12845555.0,322963298.0,0.005161267581556589,002394
2021-09-03,7.72,7.85,7.72,7.82,2198678.0,17166589.0,322963298.0,0.006807826194541771,002394
2021-09-06,7.84,7.94,7.81,7.92,2214399.0,17459735.0,322963298.0,0.006856503552301475,002394
2021-09-07,7.99,7.99,7.88,7.96,1910432.0,15171400.0,322963298.0,0.005915322303898445,002394
2021-09-08,7.96,8.1,7.92,8.1,3057099.0,24530731.0,322963298.0,0.009465778368413863,002394
2021-09-09,8.1,8.17,8.06,8.17,2098562.0,17087573.0,322963298.0,0.006497834314287935,002394
2021-09-10,8.18,8.19,8.06,8.16,2743589.0,22287597.0,322963298.0,0.008495048870847238,002394
2021-09-13,8.15,8.15,8.02,8.14,2259092.0,18288209.0,322963298.0,0.00699488769773462,002394
2021-09-14,8.15,8.16,7.93,7.96,1977546.0,15906349.0,322963298.0,0.006123129198414366,002394
2021-09-15,8.0,8.09,7.92,8.07,1531491.0,12303333.0,322963298.0,0.004741997030263173,002394
2021-09-16,8.12,8.13,7.9,7.9,2195199.0,17657345.0,322963298.0,0.006797054072689089,002394
2021-09-17,7.91,8.06,7.84,7.95,1778150.0,14114327.0,322963298.0,0.005505733967331483,002394
2021-09-22,7.99,8.12,7.87,8.08,2307902.0,18520180.0,322963298.0,0.007146019421686733,002394
2021-09-23,8.1,8.22,8.08,8.22,2484890.0,20283982.0,322963298.0,0.00769403215593866,002394
2021-09-24,8.23,8.25,8.06,8.12,1978000.0,16084036.0,322963298.0,0.006124534930901034,002394
2021-09-27,8.15,8.15,7.73,7.83,2484500.0,19629378.0,322963298.0,0.007692824588384033,002394
2021-09-28,7.84,7.88,7.75,7.84,1414190.0,11054888.0,322963298.0,0.004378794769429188,002394
2021-09-29,7.82,7.85,7.68,7.69,1339201.0,10371649.0,322963298.0,0.004146604299290999,002394
2021-09-30,7.77,7.77,7.66,7.73,1585000.0,12204197.0,322963298.0,0.004907678395085004,002394
2021-10-08,7.8,8.21,7.77,8.16,4208500.0,33974238.0,322963298.0,0.013030892445246208,002394
2021-10-11,8.16,8.17,8.04,8.09,1961000.0,15861316.0,322963298.0,0.006071897370827567,002394
2021-10-12,8.14,8.14,7.89,8.01,1565900.0,12544275.0,322963298.0,0.004848538548178933,002394
2021-10-13,8.02,8.04,7.87,7.91,1194100.0,9484801.0,322963298.0,0.0036973241461015797,002394
2021-10-14,7.92,7.95,7.86,7.93,747509.0,5913815.0,322963298.0,0.0023145323466445406,002394
2021-10-15,7.91,7.91,7.71,7.72,1923200.0,14937966.0,322963298.0,0.005954856207840682,002394
2021-10-18,7.7,7.77,7.66,7.77,1162309.0,8964759.0,322963298.0,0.0035988888124371334,002394
2021-10-19,7.8,7.8,7.7,7.77,906300.0,7032603.0,322963298.0,0.002806201217328416,002394
2021-10-20,7.77,7.77,7.71,7.73,949465.0,7340714.0,322963298.0,0.002939854175009075,002394
2021-10-21,7.73,7.75,7.65,7.66,1547600.0,11894170.0,322963298.0,0.004791875762923377,002394
2021-10-22,7.71,7.72,7.61,7.62,1115967.0,8521160.0,322963298.0,0.0034553988236768625,002394
2021-10-25,7.58,7.6,7.5,7.55,1276800.0,9646243.0,322963298.0,0.003953390394223681,002394
2021-10-26,7.55,7.6,7.55,7.57,515400.0,3903584.0,322963298.0,0.0015958469683449914,002394
2021-10-27,7.57,7.57,7.36,7.38,1850900.0,13724660.0,322963298.0,0.00573099176117529,002394
2021-10-28,7.39,7.41,7.32,7.37,850832.0,6255828.0,322963298.0,0.002634454147789883,002394
2021-10-29,7.35,7.46,7.35,7.45,725732.0,5384069.0,322963298.0,0.002247103632190429,002394
2021-11-01,7.44,7.56,7.44,7.51,1029932.0,7734878.0,322963298.0,0.0031890063247991727,002394
2021-11-02,7.51,7.52,7.27,7.31,1559300.0,11499164.0,322963298.0,0.004828102789562175,002394
2021-11-03,7.31,7.38,7.31,7.36,425400.0,3125010.0,322963298.0,0.0013171775326619312,002394
2021-11-04,7.37,7.42,7.34,7.4,705503.0,5216569.0,322963298.0,0.0021844680320300667,002394
2021-11-05,7.41,7.53,7.38,7.47,983905.0,7362058.0,322963298.0,0.0030464916790637927,002394
2021-11-08,7.5,7.52,7.44,7.49,498800.0,3736416.0,322963298.0,0.0015444479390967825,002394
2021-11-09,7.46,7.52,7.44,7.51,568153.0,4256513.0,322963298.0,0.0017591875099070855,002394
2021-11-10,7.48,7.52,7.41,7.52,811400.0,6056315.0,322963298.0,0.0025123597790359447,002394
2021-11-11,7.51,7.58,7.5,7.57,786800.0,5941779.0,322963298.0,0.002436190133282575,002394
2021-11-12,7.57,7.61,7.5,7.58,844133.0,6381134.0,322963298.0,0.0026137118527938736,002394
2021-11-15,7.58,7.68,7.56,7.67,1118000.0,8525077.0,322963298.0,0.0034616936565962366,002394
2021-11-16,7.67,7.71,7.62,7.63,796600.0,6109321.0,322963298.0,0.0024665341385013972,002394
2021-11-17,7.63,7.68,7.61,7.64,913096.0,6975270.0,322963298.0,0.0028272438560495504,002394
2021-11-18,7.65,7.7,7.57,7.58,679800.0,5190721.0,322963298.0,0.002104883137526048,002394
2021-11-19,7.62,7.66,7.57,7.66,736165.0,5610181.0,322963298.0,0.002279407612440222,002394
2021-11-22,7.68,7.74,7.64,7.68,1028487.0,7905001.0,322963298.0,0.003184532132192928,002394
2021-11-23,7.68,7.75,7.65,7.74,1093400.0,8444506.0,322963298.0,0.0033855240108428665,002394
2021-11-24,7.75,7.81,7.7,7.79,1129344.0,8776398.0,322963298.0,0.0034968183908005547,002394
2021-11-25,7.8,7.82,7.75,7.8,894911.0,6966361.0,322963298.0,0.0027709371484062563,002394
2021-11-26,7.83,7.83,7.71,7.75,959767.0,7432270.0,322963298.0,0.0029717525364135956,002394
2021-11-29,7.72,7.73,7.6,7.65,1471901.0,11244053.0,322963298.0,0.004557486900570356,002394
2021-11-30,7.7,7.78,7.65,7.73,1451401.0,11229690.0,322963298.0,0.00449401219577588,002394
2021-12-01,7.68,7.86,7.68,7.85,1522450.0,11882199.0,322963298.0,0.004714003137285277,002394
2021-12-02,7.84,7.92,7.8,7.81,1399167.0,10991635.0,322963298.0,0.004332278647959559,002394
2021-12-03,7.8,7.87,7.8,7.85,973300.0,7634556.0,322963298.0,0.0030136551305591387,002394
2021-12-06,7.85,7.87,7.72,7.77,1471400.0,11457898.0,322963298.0,0.0045559356407117195,002394
2021-12-07,7.78,7.8,7.69,7.72,1718161.0,13267837.0,322963298.0,0.005319988403140471,002394
2021-12-08,7.72,7.76,7.66,7.72,1068728.0,8245020.0,322963298.0,0.0033091314295409504,002394
2021-12-09,7.7,7.76,7.68,7.73,1252800.0,9685126.0,322963298.0,0.0038790785447081976,002394
2021-12-10,7.75,7.77,7.71,7.75,929350.0,7195331.0,322963298.0,0.002877571556133911,002394
2021-12-13,7.77,7.78,7.73,7.75,710701.0,5512805.0,322963298.0,0.002200562740104295,002394
2021-12-14,7.76,7.79,7.73,7.78,773198.0,6004610.0,322963298.0,0.0023940738925696753,002394
2021-12-15,7.79,7.92,7.78,7.9,1750900.0,13765816.0,322963298.0,0.005421359054860779,002394
2021-12-16,7.9,7.96,7.85,7.92,1258900.0,9951438.0,322963298.0,0.003897966139793383,002394
2021-12-17,7.95,7.95,7.88,7.93,1045001.0,8268422.0,322963298.0,0.0032356648773137066,002394
2021-12-20,7.93,7.95,7.88,7.93,994700.0,7885580.0,322963298.0,0.003079916529710444,002394
2021-12-21,7.9,8.04,7.9,8.03,1887483.0,15089588.0,322963298.0,0.005844264694126328,002394
2021-12-22,8.03,8.07,7.99,8.03,1712984.0,13758382.0,322963298.0,0.005303958717934569,002394
2021-12-23,8.05,8.05,7.96,7.97,1524200.0,12193050.0,322963298.0,0.004719421709645781,002394
2021-12-24,7.97,8.02,7.88,7.95,1574600.0,12484210.0,322963298.0,0.004875476593628295,002394
2021-12-27,7.97,8.11,7.91,8.1,2527159.0,20314168.0,322963298.0,0.00782491080457074,002394
2021-12-28,8.12,8.13,8.05,8.12,1658951.0,13429157.0,322963298.0,0.005136654877731649,002394
2021-12-29,8.1,8.24,8.05,8.18,2832051.0,23140454.0,322963298.0,0.008768956155507181,002394
2021-12-30,8.18,8.25,8.13,8.23,1855600.0,15225043.0,322963298.0,0.005745544498372072,002394
2021-12-31,8.26,8.27,8.17,8.21,1759649.0,14453653.0,322963298.0,0.005448448820336235,002394
2022-01-04,8.22,8.33,8.17,8.33,2873876.0,23765105.0,322963298.0,0.008898460034923224,002394
2022-01-05,8.33,8.37,8.23,8.28,1710201.0,14177370.0,322963298.0,0.005295341639717835,002394
2022-01-06,8.23,8.32,8.21,8.27,1729200.0,14334044.0,322963298.0,0.00535416875759053,002394
2022-01-07,8.29,8.32,8.19,8.2,2978801.0,24574005.0,322963298.0,0.009223342152023726,002394
2022-01-10,8.23,8.25,8.14,8.24,1259260.0,10351070.0,322963298.0,0.0038990808175361153,002394
2022-01-11,8.25,8.35,8.21,8.26,1497375.0,12400276.0,322963298.0,0.0046363627361769135,002394
2022-01-12,8.26,8.35,8.26,8.31,1480800.0,12309586.0,322963298.0,0.004585041115105284,002394
2022-01-13,8.33,8.41,8.29,8.33,1548478.0,12954145.0,322963298.0,0.004794594338084819,002394
2022-01-14,8.3,8.33,8.17,8.17,1992752.0,16434866.0,322963298.0,0.006170211947736551,002394
2022-01-17,8.18,8.32,8.18,8.28,1563700.0,12932006.0,322963298.0,0.0048417266286400135,002394
2022-01-18,8.32,8.32,8.09,8.13,1852300.0,15136159.0,322963298.0,0.005735326619063693,002394
2022-01-19,8.08,8.27,8.07,8.22,1949400.0,15971726.0,322963298.0,0.006035979976895083,002394
2022-01-20,8.21,8.26,8.09,8.11,1812800.0,14788696.0,322963298.0,0.005613021700069461,002394
2022-01-21,8.08,8.19,8.06,8.06,1445303.0,11713470.0,322963298.0,0.004475130793344821,002394
2022-01-24,8.05,8.05,7.92,7.94,1676900.0,13359511.0,322963298.0,0.0051922308521880406,002394
2022-01-25,7.94,7.99,7.67,7.69,2572900.0,20059391.0,322963298.0,0.007966539900766062,002394
2022-01-26,7.75,7.79,7.69,7.76,1530200.0,11852436.0,322963298.0,0.004737999672024652,002394
2022-01-27,7.76,7.79,7.51,7.54,3024300.0,22928504.0,322963298.0,0.009364221937069766,002394
2022-01-28,7.54,7.68,7.51,7.65,1572500.0,11974416.0,322963298.0,0.00486897430679569,002394
2022-02-07,7.73,7.85,7.66,7.82,1363000.0,10604959.0,322963298.0,0.004220293787066789,002394
2022-02-08,7.83,7.99,7.82,7.97,1968073.0,15606735.0,322963298.0,0.0060937976921451925,002394
2022-02-09,7.97,8.02,7.93,7.99,1314476.0,10489265.0,322963298.0,0.004070047612654735,002394
2022-02-10,7.99,8.03,7.95,8.02,899600.0,7191336.0,322963298.0,0.0027854558260053436,002394
2022-02-11,8.0,8.01,7.89,7.93,1282500.0,10178479.0,322963298.0,0.003971039458483608,002394
2022-02-14,7.9,8.02,7.87,7.98,1215300.0,9681800.0,322963298.0,0.003762966279840256,002394
2022-02-15,8.01,8.01,7.83,7.87,1195448.0,9449986.0,322963298.0,0.0037014979949826993,002394
2022-02-16,7.93,7.99,7.87,7.95,1036800.0,8237148.0,322963298.0,0.0032102718990688534,002394
2022-02-17,7.98,7.99,7.87,7.89,1274800.0,10100593.0,322963298.0,0.00394719774009739,002394
2022-02-18,7.89,7.99,7.85,7.99,1149400.0,9120890.0,322963298.0,0.003558918326378993,002394
2022-02-21,8.0,8.04,7.95,8.03,1406500.0,11260713.0,322963298.0,0.004354984014313602,002394
2022-02-22,7.99,8.01,7.9,7.96,1158400.0,9210648.0,322963298.0,0.003586785269947299,002394
2022-02-23,7.96,8.09,7.93,8.0,1381901.0,11076494.0,322963298.0,0.004278817464887295,002394
2022-02-24,8.01,8.01,7.75,7.83,1843800.0,14526282.0,322963298.0,0.005709007839026959,002394
2022-02-25,7.88,7.98,7.82,7.83,1470800.0,11605314.0,322963298.0,0.004554077844473832,002394
2022-02-28,7.84,7.88,7.74,7.83,1079804.0,8415272.0,322963298.0,0.0033434263480923458,002394
2022-03-01,7.84,7.92,7.81,7.87,853348.0,6709392.0,322963298.0,0.002642244506680756,002394
2022-03-02,7.86,7.95,7.86,7.94,850445.0,6736160.0,322963298.0,0.002633255869216446,002394
2022-03-03,7.95,8.1,7.95,8.04,2476501.0,19890989.0,322963298.0,0.0076680570682059355,002394
2022-03-04,8.02,8.05,7.93,7.97,1494900.0,11945316.0,322963298.0,0.00462869932669563,002394
2022-03-07,7.97,8.04,7.91,7.95,1325828.0,10569651.0,322963298.0,0.004105197117475559,002394
2022-03-08,7.97,7.97,7.73,7.79,1774972.0,13873754.0,322963298.0,0.005495893839924808,002394
2022-03-09,7.79,7.83,7.38,7.59,2041845.0,15562370.0,322963298.0,0.006322219932247534,002394
2022-03-10,7.67,7.79,7.67,7.69,1169308.0,9041770.0,322963298.0,0.003620560005552086,002394
2022-03-11,7.61,7.78,7.53,7.75,1069387.0,8170000.0,322963298.0,0.003311171909075563,002394
2022-03-14,7.71,7.83,7.64,7.64,988700.0,7659964.0,322963298.0,0.0030613385673315735,002394
2022-03-15,7.67,7.67,7.34,7.4,2074787.0,15546562.0,322963298.0,0.00642421913836166,002394
2022-03-16,7.48,7.57,7.31,7.56,1694600.0,12621364.0,322963298.0,0.005247035841205709,002394
2022-03-17,7.55,7.69,7.55,7.6,1417828.0,10820685.0,322963298.0,0.00439005920728491,002394
2022-03-18,7.73,7.77,7.62,7.75,1157701.0,8921331.0,322963298.0,0.0035846209373301607,002394
2022-03-21,7.74,7.77,7.69,7.74,999029.0,7717272.0,322963298.0,0.0030933205295667994,002394
2022-03-22,7.74,7.87,7.71,7.81,1156051.0,8991681.0,322963298.0,0.0035795119976759714,002394
2022-03-23,7.84,7.88,7.75,7.81,959967.0,7493289.0,322963298.0,0.002972371801826225,002394
2022-03-24,7.79,7.84,7.78,7.8,1167800.0,9128651.0,322963298.0,0.0036158907443408633,002394
2022-03-25,7.81,7.95,7.8,7.91,2839918.0,22393798.0,322963298.0,0.008793314960512943,002394
2022-03-28,7.89,7.93,7.75,7.86,1714000.0,13428950.0,322963298.0,0.005307104586230724,002394
2022-03-29,7.85,7.89,7.77,7.82,1027000.0,8031400.0,322963298.0,0.0031799278938500312,002394
2022-03-30,7.88,7.88,7.78,7.86,888000.0,6955822.0,322963298.0,0.0027495384320728603,002394
2022-03-31,7.86,7.99,7.81,7.94,2454697.0,19477829.0,322963298.0,0.007600544752921119,002394
2022-04-01,7.93,8.01,7.85,7.92,1917400.0,15182888.0,322963298.0,0.00593689751087444,002394
2022-04-06,7.91,8.1,7.9,8.08,3267500.0,26225855.0,322963298.0,0.010117248678826657,002394
2022-04-07,8.03,8.07,7.9,7.91,1832000.0,14588255.0,322963298.0,0.005672471179681848,002394
2022-04-08,7.89,7.97,7.79,7.86,1493500.0,11716596.0,322963298.0,0.004624364468807226,002394
2022-04-11,7.86,7.95,7.72,7.75,1755401.0,13758848.0,322963298.0,0.005435295622971995,002394
2022-04-12,7.72,7.91,7.7,7.91,1637901.0,12769523.0,322963298.0,0.005071477193052444,002394
2022-04-13,7.9,7.99,7.84,7.92,2113901.0,16797450.0,322963298.0,0.006545328875109518,002394
2022-04-14,7.94,8.05,7.87,8.01,2156300.0,17196926.0,322963298.0,0.006676610046259807,002394
2022-04-15,8.04,8.04,7.8,7.83,2928200.0,23066097.0,322963298.0,0.00906666490630152,002394
2022-04-18,7.78,8.01,7.75,7.99,1864730.0,14734266.0,322963298.0,0.005773813964458587,002394
2022-04-19,7.95,8.11,7.95,8.08,2785800.0,22431368.0,322963298.0,0.008625747932509656,002394
2022-04-20,8.08,8.17,7.96,8.01,2996801.0,24121400.0,322963298.0,0.009279076039160339,002394
2022-04-21,8.05,8.2,7.97,8.0,5334801.0,43165821.0,322963298.0,0.01651828871279361,002394
2022-04-22,8.0,8.39,7.96,8.3,13313874.0,109538127.0,322963298.0,0.04122410838150408,002394
2022-04-25,7.8,7.93,7.47,7.47,8959023.0,67592587.0,323147474.0,0.027724255087322763,002394
2022-04-26,7.23,7.26,6.72,6.72,12107607.0,83178937.0,323147474.0,0.03746774452583219,002394
2022-04-27,6.57,6.62,6.29,6.61,6575982.0,42298333.0,323147474.0,0.02034978617843072,002394
2022-04-28,6.61,6.64,6.42,6.49,3488663.0,22761014.0,323147474.0,0.010795885101054512,002394
2022-04-29,6.51,6.92,6.51,6.82,4691283.0,31764707.0,323147474.0,0.01451746765007979,002394
2022-05-05,6.81,6.91,6.73,6.86,2965460.0,20292980.0,323147474.0,0.00917680080643304,002394
2022-05-06,6.76,7.02,6.68,6.91,3334294.0,23059412.0,323147474.0,0.010318180608770594,002394
2022-05-09,6.83,7.04,6.82,6.99,2521700.0,17598321.0,323147474.0,0.007803557826975309,002394
2022-05-10,6.92,7.1,6.82,6.96,2519200.0,17446884.0,323147474.0,0.007795821421150889,002394
2022-05-11,6.99,7.07,6.95,6.95,2626300.0,18425573.0,323147474.0,0.008127249046669014,002394
2022-05-12,6.91,7.04,6.89,7.02,1774200.0,12398347.0,323147474.0,0.0054903724854739235,002394
2022-05-13,7.05,7.17,7.02,7.11,1789700.0,12717405.0,323147474.0,0.005538338201585323,002394
2022-05-16,7.11,7.2,7.06,7.17,1596400.0,11393859.0,323147474.0,0.004940159303241219,002394
2022-05-17,7.11,7.17,6.98,7.03,1331717.0,9364936.0,323147474.0,0.004121081262111304,002394
2022-05-18,7.02,7.13,6.98,7.07,1899400.0,13422656.0,323147474.0,0.005877811689160844,002394
2022-05-19,6.99,7.09,6.94,7.04,1229501.0,8633678.0,323147474.0,0.0038047674790117653,002394
2022-05-20,7.08,7.17,7.03,7.13,1543900.0,10965647.0,323147474.0,0.004777694780928413,002394
2022-05-23,7.15,7.19,7.09,7.16,1585300.0,11324512.0,323147474.0,0.004905809661380797,002394
2022-05-24,7.17,7.18,6.89,6.9,2203701.0,15493947.0,323147474.0,0.006819490100671497,002394
2022-05-25,6.91,7.05,6.86,7.04,1133800.0,7944829.0,323147474.0,0.0035086147694906628,002394
2022-05-26,7.06,7.18,6.99,7.17,1882810.0,13378000.0,323147474.0,0.005826472900109997,002394
2022-05-27,7.19,7.27,7.13,7.24,1717400.0,12362694.0,323147474.0,0.005314601345143116,002394
2022-05-30,7.29,7.29,7.22,7.26,1332500.0,9671221.0,323147474.0,0.004123504304415513,002394
2022-05-31,7.28,7.35,7.18,7.32,1742080.0,12703698.0,323147474.0,0.005390975143441784,002394
2022-06-01,7.29,7.42,7.27,7.4,2059700.0,15182895.0,323147474.0,0.006373870030622613,002394
2022-06-02,7.36,7.44,7.28,7.41,1054800.0,7771340.0,323147474.0,0.0032641443454390117,002394
2022-06-06,7.41,7.49,7.31,7.45,1717136.0,12777193.0,323147474.0,0.005313784380688057,002394
2022-06-07,7.38,7.48,7.35,7.4,1373500.0,10187157.0,323147474.0,0.00425038135993599,002394
2022-06-08,7.46,7.46,7.26,7.36,1789885.0,13165446.0,323147474.0,0.00553891069561633,002394
2022-06-09,7.36,7.44,7.22,7.28,1692617.0,12405167.0,323147474.0,0.0052379088069244815,002394
2022-06-10,7.3,7.38,7.21,7.34,1105110.0,8099449.0,323147474.0,0.0034198317762496266,002394
2022-06-13,7.33,7.4,7.25,7.35,1336300.0,9762140.0,323147474.0,0.00413526364126863,002394
2022-06-14,7.31,7.35,7.1,7.35,1768900.0,12804407.0,323147474.0,0.005473971305126155,002394
2022-06-15,7.38,7.45,7.33,7.35,2343421.0,17270521.0,323147474.0,0.007251862349386646,002394
2022-06-16,7.33,7.37,7.3,7.33,1425400.0,10457435.0,323147474.0,0.004410989144850936,002394
2022-06-17,7.27,7.35,7.19,7.25,1377253.0,9992855.0,323147474.0,0.004261995252359608,002394
2022-06-20,7.23,7.31,7.21,7.31,1381700.0,10044225.0,323147474.0,0.004275756771040085,002394
2022-06-21,7.25,7.34,7.21,7.29,1170600.0,8516504.0,323147474.0,0.003622494663226116,002394
2022-06-22,7.35,7.38,7.22,7.24,1898778.0,13901641.0,323147474.0,0.005875886871391729,002394
2022-06-23,7.2,7.27,7.13,7.25,1891401.0,13644158.0,323147474.0,0.005853058285085032,002394
2022-06-24,7.26,7.33,7.23,7.27,1132700.0,8260281.0,323147474.0,0.0035052107509279183,002394
2022-06-27,7.32,7.32,7.21,7.25,2032606.0,14743317.0,323147474.0,0.006290025958859886,002394
2022-06-28,7.23,7.31,7.23,7.3,1684400.0,12271335.0,323147474.0,0.005212480788260781,002394
2022-06-29,7.33,7.36,7.28,7.3,1916200.0,14017564.0,323147474.0,0.005929800336300943,002394
2022-06-30,7.3,7.37,7.27,7.31,1950277.0,14293549.0,323147474.0,0.006035253736812437,002394
2022-07-01,7.42,7.42,7.33,7.34,2057300.0,15134377.0,323147474.0,0.00636644308103117,002394
2022-07-04,7.33,7.37,7.28,7.36,1650387.0,12110021.0,323147474.0,0.00510722543973839,002394
2022-07-05,7.39,7.53,7.36,7.44,4499600.0,33492321.0,323147474.0,0.013924292659022921,002394
2022-07-06,7.44,7.59,7.33,7.51,5550800.0,41416978.0,323147474.0,0.017177296580074768,002394
2022-07-07,7.48,7.57,7.46,7.48,3898537.0,29254955.0,323147474.0,0.012064265741405733,002394
2022-07-08,7.48,7.57,7.4,7.55,2547601.0,19097267.0,323147474.0,0.007883710085878622,002394
2022-07-11,7.47,7.51,7.37,7.45,2972800.0,22098370.0,323147474.0,0.009199514893933535,002394
2022-07-12,7.41,7.48,7.37,7.4,2656837.0,19705907.0,323147474.0,0.008221747696533131,002394
2022-07-13,7.4,7.53,7.4,7.51,2351775.0,17598558.0,323147474.0,0.007277714323089525,002394
2022-07-14,7.5,7.56,7.46,7.5,2109300.0,15835413.0,323147474.0,0.006527360322179093,002394
2022-07-15,7.49,7.49,7.2,7.2,2902375.0,21183919.0,323147474.0,0.008981580341859642,002394
2022-07-18,7.2,7.52,7.2,7.46,3884979.0,28885719.0,323147474.0,0.012022309665338743,002394
2022-07-19,7.47,7.75,7.42,7.65,4707204.0,35716549.0,323147474.0,0.014566736176932021,002394
2022-07-20,7.65,7.68,7.52,7.62,2655402.0,20158212.0,323147474.0,0.008217306999589915,002394
2022-07-21,7.65,7.67,7.5,7.54,2523200.0,19056894.0,323147474.0,0.00780819967046996,002394
2022-07-22,7.54,7.59,7.43,7.51,2198600.0,16512875.0,323147474.0,0.0068037047382273515,002394
2022-07-25,7.51,7.59,7.44,7.49,1415220.0,10605145.0,323147474.0,0.0043794865003339,002394
2022-07-26,7.52,7.53,7.43,7.51,1452401.0,10875451.0,323147474.0,0.004494545422316995,002394
2022-07-27,7.47,7.59,7.47,7.58,1618000.0,12224033.0,323147474.0,0.0050070018495642025,002394
2022-07-28,7.63,7.63,7.51,7.53,1242800.0,9397348.0,323147474.0,0.0038459220634353467,002394
2022-07-29,7.53,7.59,7.48,7.5,1370589.0,10329417.0,323147474.0,0.004241373088994036,002394
2022-08-01,7.5,7.54,7.44,7.5,1626800.0,12178200.0,323147474.0,0.005034233998066158,002394
2022-08-02,7.46,7.47,7.1,7.15,2761167.0,19941969.0,323147474.0,0.0085446033843978,002394
2022-08-03,7.15,7.3,7.05,7.08,1974400.0,14215628.0,323147474.0,0.0061099038638934245,002394
2022-08-04,7.1,7.18,7.06,7.16,1312320.0,9348995.0,323147474.0,0.0040610560366008,002394
2022-08-05,7.19,7.24,7.13,7.21,1156602.0,8303519.0,323147474.0,0.003579176979734027,002394
2022-08-08,7.24,7.31,7.19,7.25,1339800.0,9732706.0,323147474.0,0.004146094609422817,002394
2022-08-09,7.27,7.28,7.21,7.25,818000.0,5923170.0,323147474.0,0.002531351985750011,002394
2022-08-10,7.26,7.27,7.17,7.25,1144733.0,8281986.0,323147474.0,0.0035424476194420135,002394
2022-08-11,7.29,7.4,7.26,7.36,1269700.0,9342266.0,323147474.0,0.003929165790106099,002394
2022-08-12,7.38,7.41,7.33,7.39,1549778.0,11422632.0,323147474.0,0.004795884618302788,002394
2022-08-15,7.39,7.44,7.33,7.42,1334800.0,9855564.0,323147474.0,0.004130621797773979,002394
2022-08-16,7.44,7.53,7.43,7.51,1758080.0,13173706.0,323147474.0,0.005440488140718068,002394
2022-08-17,7.51,7.58,7.46,7.58,1108000.0,8343687.0,323147474.0,0.0034287750613826553,002394
2022-08-18,7.57,7.59,7.51,7.57,1002500.0,7576283.0,323147474.0,0.0031022987355921587,002394
2022-08-19,7.55,7.62,7.54,7.57,1148678.0,8711269.0,323147474.0,0.0035546556678329472,002394
2022-08-22,7.53,7.62,7.53,7.62,1758200.0,13336462.0,323147474.0,0.00544085948819764,002394
2022-08-23,7.61,7.7,7.56,7.69,1542300.0,11804021.0,323147474.0,0.004772743481200784,002394
2022-08-24,7.56,7.59,7.42,7.46,3182998.0,23908093.0,323147474.0,0.009849985706526055,002394
2022-08-25,7.44,7.53,7.32,7.41,1939100.0,14346636.0,323147474.0,0.006000665813652623,002394
2022-08-26,7.41,7.51,7.4,7.42,1437650.0,10724885.0,323147474.0,0.004448897533390591,002394
2022-08-29,7.36,7.54,7.3,7.52,1858470.0,13816164.0,323147474.0,0.005751151253003451,002394
2022-08-30,7.51,7.61,7.5,7.56,1621100.0,12239739.0,323147474.0,0.0050165949927864825,002394
2022-08-31,7.56,7.57,7.35,7.35,2157378.0,16017788.0,323147474.0,0.006676140689869666,002394
2022-09-01,7.39,7.55,7.35,7.48,1788300.0,13367964.0,323147474.0,0.005534005814323648,002394
2022-09-02,7.53,7.57,7.46,7.57,1704200.0,12797866.0,323147474.0,0.005273753122390181,002394
2022-09-05,7.57,7.68,7.53,7.68,2501600.0,19050363.0,323147474.0,0.007741357124146977,002394
2022-09-06,7.68,7.74,7.64,7.71,1979000.0,15231010.0,323147474.0,0.006124138850610356,002394
2022-09-07,7.68,7.86,7.67,7.79,2516486.0,19538309.0,323147474.0,0.0077874227789879,002394
2022-09-08,7.76,7.96,7.73,7.83,3930520.0,30883678.0,323147474.0,0.012163239128398695,002394
2022-09-09,7.87,7.91,7.74,7.75,2834200.0,22143028.0,323147474.0,0.008770608555027728,002394
2022-09-13,7.78,7.84,7.66,7.71,3528500.0,27235429.0,323147474.0,0.01091916318058547,002394
2022-09-14,7.65,7.71,7.61,7.67,1544160.0,11823455.0,323147474.0,0.004778499367134152,002394
2022-09-15,7.69,7.72,7.47,7.6,2209488.0,16767754.0,323147474.0,0.006837398332873863,002394
2022-09-16,7.63,7.63,7.34,7.36,2973900.0,22247504.0,323147474.0,0.00920291891249628,002394
2022-09-19,7.35,7.36,7.12,7.15,3027500.0,21765781.0,323147474.0,0.009368787453371831,002394
2022-09-20,7.18,7.26,7.16,7.23,1806400.0,13023241.0,323147474.0,0.005590017392492445,002394
2022-09-21,7.23,7.33,7.16,7.3,1352300.0,9786260.0,323147474.0,0.004184776638544914,002394
2022-09-22,7.27,7.42,7.22,7.27,2255840.0,16482405.0,323147474.0,0.006980837485983257,002394
2022-09-23,7.29,7.39,7.16,7.21,1650350.0,11978976.0,323147474.0,0.005107110940932189,002394
2022-09-26,7.19,7.93,7.0,7.93,17814469.0,137447122.0,323147474.0,0.05512798469221517,002394
2022-09-27,8.72,8.72,8.72,8.72,7955107.0,69368533.0,323147474.0,0.02461757445147165,002394
2022-09-28,9.0,9.39,8.55,8.64,54271778.0,485369664.0,323147474.0,0.16794739976831755,002394
2022-09-29,8.26,8.38,7.78,7.78,37894228.0,302864001.0,323147474.0,0.11726605048442991,002394
2022-09-30,7.46,7.54,7.05,7.08,28747672.0,208505681.0,323147474.0,0.08896146283971881,002394
2022-10-10,7.08,7.17,6.83,6.87,16073100.0,112007857.0,323147474.0,0.049739209782589854,002394
2022-10-11,6.85,6.98,6.82,6.96,8547266.0,58968495.0,323147474.0,0.026450047386104587,002394
2022-10-12,6.88,7.29,6.78,7.15,16034887.0,112841487.0,323147474.0,0.04962095727228244,002394
2022-10-13,7.05,7.17,7.01,7.06,10896532.0,77162996.0,323147474.0,0.03371999745230873,002394
2022-10-14,7.07,7.2,7.06,7.14,9709455.0,69463550.0,323147474.0,0.030046513685575028,002394
2022-10-17,7.13,7.23,7.11,7.2,7528205.0,54047332.0,323147474.0,0.023296499603769144,002394
2022-10-18,7.19,7.29,7.17,7.19,7397978.0,53424620.0,323147474.0,0.02289350403525048,002394
2022-10-19,7.18,7.34,7.13,7.27,8497919.0,61569462.0,323147474.0,0.026297340018817537,002394
2022-10-20,7.27,7.39,7.15,7.17,7845200.0,56966806.0,323147474.0,0.02427746038949387,002394
2022-10-21,7.15,7.28,7.12,7.19,5984300.0,43194812.0,323147474.0,0.018518789350029083,002394
2022-10-24,7.2,7.33,7.14,7.18,7486800.0,54257571.0,323147474.0,0.02316836925050511,002394
2022-10-25,7.19,7.25,7.03,7.19,4458748.0,31877928.0,323147474.0,0.013797873598727249,002394
2022-10-26,6.93,6.94,6.68,6.91,9889000.0,67656761.0,323147474.0,0.030602126879073176,002394
2022-10-27,6.89,6.93,6.82,6.9,5149600.0,35377842.0,323147474.0,0.01593575817337195,002394
2022-10-28,6.9,6.9,6.63,6.63,5502690.0,37093709.0,323147474.0,0.01702841718638964,002394
2022-10-31,6.65,6.7,6.58,6.64,3247900.0,21562693.0,323147474.0,0.01005082899085264,002394
2022-11-01,6.64,6.75,6.62,6.73,3065800.0,20518961.0,323147474.0,0.009487309190601936,002394
2022-11-02,6.74,6.81,6.71,6.79,2950300.0,19974497.0,323147474.0,0.009129887241513762,002394
2022-11-03,6.78,6.85,6.74,6.82,3203950.0,21745294.0,323147474.0,0.00991482297645935,002394
2022-11-04,6.82,6.91,6.79,6.89,4557101.0,31257998.0,323147474.0,0.014102233087546896,002394
2022-11-07,6.87,6.98,6.85,6.97,4474470.0,30946599.0,323147474.0,0.013846526307675857,002394
2022-11-08,6.99,7.03,6.9,7.01,4150686.0,28896832.0,323147474.0,0.01284455653829434,002394
2022-11-09,7.02,7.05,6.98,7.03,2706536.0,19003152.0,323147474.0,0.008375544349760258,002394
2022-11-10,7.0,7.07,6.95,7.02,3123000.0,21909963.0,323147474.0,0.009664318155864651,002394
2022-11-11,7.09,7.14,7.06,7.06,3796300.0,26960128.0,323147474.0,0.01174788697249727,002394
2022-11-14,7.1,7.17,7.05,7.14,3718320.0,26479678.0,323147474.0,0.01150657300202198,002394
2022-11-15,7.13,7.15,7.09,7.15,3772150.0,26883595.0,323147474.0,0.011673153292233378,002394
2022-11-16,7.15,7.18,7.12,7.15,2715000.0,19421434.0,323147474.0,0.008401736725319412,002394
2022-11-17,7.12,7.2,7.12,7.16,3647200.0,26124905.0,323147474.0,0.0112864877291289,002394
2022-11-18,7.17,7.2,7.13,7.14,3002972.0,21542971.0,323147474.0,0.009292884028547287,002394
2022-11-21,7.14,7.15,7.04,7.14,2744600.0,19506182.0,323147474.0,0.008493335770280538,002394
2022-11-22,7.15,7.19,7.06,7.09,2580585.0,18427416.0,323147474.0,0.007985781129763682,002394
2022-11-23,7.09,7.12,7.0,7.04,2739936.0,19310514.0,323147474.0,0.0084789027315745,002394
2022-11-24,7.02,7.17,7.01,7.13,2581101.0,18384084.0,323147474.0,0.007987377923925842,002394
2022-11-25,7.14,7.17,7.09,7.12,2275600.0,16229327.0,323147474.0,0.0070419860376194675,002394
2022-11-28,7.11,7.14,7.01,7.14,2314800.0,16443557.0,323147474.0,0.0071632928809463635,002394
2022-11-29,7.13,7.25,7.13,7.24,3468500.0,25029721.0,323147474.0,0.010733489440799404,002394
2022-11-30,7.24,7.4,7.21,7.34,4603503.0,33773148.0,323147474.0,0.014245826968772777,002394
2022-12-01,7.4,7.41,7.32,7.37,3677800.0,27096446.0,323147474.0,0.011381181336419792,002394
2022-12-02,7.36,7.55,7.34,7.55,6426400.0,48101583.0,323147474.0,0.0198868953560194,002394
2022-12-05,7.56,7.74,7.55,7.67,6271300.0,47959483.0,323147474.0,0.019406928738672426,002394
2022-12-06,7.64,7.68,7.51,7.55,5769500.0,43761447.0,323147474.0,0.017854077361594972,002394
2022-12-07,7.54,7.7,7.53,7.67,5197015.0,39762030.0,323147474.0,0.01608248684623789,002394
2022-12-08,7.67,7.7,7.55,7.65,4450000.0,33912113.0,323147474.0,0.01377080236746644,002394
2022-12-09,7.69,7.7,7.55,7.58,2993800.0,22757502.0,323147474.0,0.009264500702858659,002394
2022-12-12,7.56,7.66,7.49,7.51,2940200.0,22256299.0,323147474.0,0.009098632161983108,002394
2022-12-13,7.53,7.76,7.53,7.71,5725950.0,44080384.0,323147474.0,0.017719309172133588,002394
2022-12-14,7.66,7.8,7.65,7.71,3387600.0,26147670.0,323147474.0,0.010483139348321194,002394
2022-12-15,7.65,7.81,7.56,7.59,4008600.0,30672821.0,323147474.0,0.01240486255510696,002394
2022-12-16,7.57,7.62,7.52,7.55,2807164.0,21208995.0,323147474.0,0.008686943967880126,002394
2022-12-19,7.55,7.6,7.32,7.37,3222200.0,23873939.0,323147474.0,0.00997129873897761,002394
2022-12-20,7.41,7.42,7.24,7.34,2565853.0,18812527.0,323147474.0,0.007940192037521544,002394
2022-12-21,7.34,7.35,7.22,7.28,2417100.0,17576148.0,323147474.0,0.0074798666072816026,002394
2022-12-22,7.3,7.41,7.23,7.24,2244100.0,16453829.0,323147474.0,0.006944507324231784,002394
2022-12-23,7.23,7.3,7.12,7.16,2550000.0,18361863.0,323147474.0,0.007891133940907735,002394
2022-12-26,7.19,7.88,7.16,7.66,16562100.0,125747692.0,323147474.0,0.05125245076184628,002394
2022-12-27,7.58,8.2,7.56,7.81,19903100.0,156272247.0,323147474.0,0.0615913835056003,002394
2022-12-28,7.72,7.81,7.49,7.53,10829700.0,82298862.0,323147474.0,0.03351318166268569,002394
2022-12-29,7.58,7.6,7.31,7.35,6771550.0,49995459.0,323147474.0,0.020954983544138737,002394
2022-12-30,7.39,8.09,7.38,8.09,8697456.0,68692295.0,323147474.0,0.026914819702412402,002394
2023-01-03,8.5,8.9,8.33,8.9,18127835.0,157307913.0,322711278.0,0.05617354036198264,002394
2023-01-04,9.25,9.52,8.37,8.49,50326432.0,447249671.0,322711278.0,0.15594878589895456,002394
2023-01-05,8.33,8.4,8.11,8.32,28906893.0,238453565.0,322711278.0,0.08957509380877603,002394
2023-01-06,8.2,8.25,7.69,7.77,28482125.0,226176453.0,322711278.0,0.08825884603884218,002394
2023-01-09,7.92,7.95,7.77,7.82,12062605.0,94470299.0,322711278.0,0.03737893845780004,002394
2023-01-10,7.73,7.74,7.54,7.62,12522206.0,95486416.0,322711278.0,0.038803124816728596,002394
2023-01-11,7.62,7.77,7.56,7.73,12409467.0,95423131.0,322711278.0,0.03845377538990131,002394
2023-01-12,7.67,7.69,7.48,7.51,10629900.0,80184649.0,322711278.0,0.032939350821200614,002394
2023-01-13,7.53,7.64,7.49,7.55,6440403.0,48647008.0,322711278.0,0.019957167409562923,002394
2023-01-16,7.55,7.59,7.52,7.58,5799201.0,43870371.0,322711278.0,0.01797024583689945,002394
2023-01-17,7.59,7.59,7.4,7.42,7167662.0,53511060.0,322711278.0,0.022210757691585852,002394
2023-01-18,7.45,7.52,7.41,7.51,4015036.0,30013669.0,322711278.0,0.012441573238106664,002394
2023-01-19,7.46,7.55,7.46,7.5,3840800.0,28845854.0,322711278.0,0.01190166028222912,002394
2023-01-20,7.55,7.62,7.52,7.58,4130800.0,31308951.0,322711278.0,0.0128002963689419,002394
2023-01-30,7.64,7.66,7.59,7.65,6762504.0,51605473.0,322711278.0,0.020955276313584553,002394
2023-01-31,7.66,7.83,7.6,7.81,7256900.0,55965100.0,322711278.0,0.022487283509193007,002394
2023-02-01,7.83,7.85,7.71,7.85,8507900.0,66134505.0,322711278.0,0.026363813662564343,002394
2023-02-02,7.85,7.99,7.81,7.94,9444700.0,74642131.0,322711278.0,0.02926671809715928,002394
2023-02-03,7.91,7.92,7.76,7.91,7670400.0,60208872.0,322711278.0,0.023768614619040368,002394
2023-02-06,7.91,8.1,7.85,8.02,9596100.0,76727454.0,322711278.0,0.029735868109325884,002394
2023-02-07,7.99,8.07,7.93,7.96,7516884.0,59910532.0,322711278.0,0.023292907662185888,002394
2023-02-08,7.98,8.01,7.89,7.9,7548199.0,59944716.0,322711278.0,0.023389944865825234,002394
2023-02-09,7.86,7.98,7.85,7.97,4760600.0,37802044.0,322711278.0,0.01475188604967193,002394
2023-02-10,7.96,8.07,7.94,7.98,4859100.0,38861815.0,322711278.0,0.015057112444641616,002394
2023-02-13,8.01,8.04,7.96,8.0,4283100.0,34230376.0,322711278.0,0.013272235251722438,002394
2023-02-14,8.01,8.03,7.97,7.98,3941500.0,31470688.0,322711278.0,0.012213703916477317,002394
2023-02-15,7.98,8.01,7.94,7.96,4073904.0,32489481.0,322711278.0,0.012623990166219106,002394
2023-02-16,7.97,8.03,7.73,7.8,7330000.0,58035780.0,322711278.0,0.02271380177794716,002394
2023-02-17,7.78,7.92,7.75,7.81,5084300.0,39958872.0,322711278.0,0.01575494984715099,002394
2023-02-20,7.81,7.96,7.81,7.96,4114200.0,32493389.0,322711278.0,0.01274885719984041,002394
2023-02-21,7.98,7.98,7.92,7.96,3750500.0,29816876.0,322711278.0,0.01162184359729752,002394
2023-02-22,7.95,7.95,7.88,7.92,2557700.0,20235020.0,322711278.0,0.007925660410294058,002394
2023-02-23,7.92,8.02,7.91,7.96,4290800.0,34182823.0,322711278.0,0.013296095589197227,002394
2023-02-24,7.94,7.97,7.86,7.94,2356700.0,18647381.0,322711278.0,0.007302812639848304,002394
2023-02-27,7.95,8.01,7.89,7.91,3806200.0,30280026.0,322711278.0,0.011794443700848905,002394
2023-02-28,7.96,8.26,7.9,8.21,16946400.0,138451155.0,322711278.0,0.052512574413342936,002394
2023-03-01,8.14,8.2,8.09,8.18,8896600.0,72382763.0,322711278.0,0.02756829589327213,002394
2023-03-02,8.13,8.21,8.1,8.19,5763643.0,47008830.0,322711278.0,0.017860060657687953,002394
2023-03-03,8.21,8.22,8.05,8.11,4803100.0,38990320.0,322711278.0,0.014883582717552251,002394
2023-03-06,8.1,8.13,8.04,8.1,4050823.0,32718323.0,322711278.0,0.012552468029952147,002394
2023-03-07,8.08,8.09,7.89,7.9,4672500.0,37313396.0,322711278.0,0.01447888660401884,002394
2023-03-08,7.88,7.94,7.86,7.94,2701289.0,21345742.0,322711278.0,0.008370606124276822,002394
2023-03-09,7.99,8.0,7.87,7.92,2823800.0,22338098.0,322711278.0,0.0087502364884812,002394
2023-03-10,7.89,7.91,7.74,7.74,3800200.0,29666459.0,322711278.0,0.011775851230089332,002394
2023-03-13,7.74,7.78,7.62,7.71,3071100.0,23595269.0,322711278.0,0.009516556158288338,002394
2023-03-14,7.71,7.71,7.52,7.59,3171700.0,24115865.0,322711278.0,0.009828289918023874,002394
2023-03-15,7.6,7.72,7.6,7.68,2494101.0,19150579.0,322711278.0,0.007728583318987693,002394
2023-03-16,7.63,7.7,7.61,7.61,2252488.0,17219080.0,322711278.0,0.0069798862127155034,002394
2023-03-17,7.66,7.71,7.63,7.7,2170201.0,16666558.0,322711278.0,0.0067248997724833155,002394
2023-03-20,7.7,7.74,7.55,7.58,3080500.0,23432042.0,322711278.0,0.00954568436247834,002394
2023-03-21,7.61,7.73,7.57,7.72,2337800.0,17924310.0,322711278.0,0.007244246356955644,002394
2023-03-22,7.73,7.87,7.71,7.85,4470200.0,34999679.0,322711278.0,0.013852010464908512,002394
2023-03-23,7.82,7.83,7.74,7.81,2817400.0,21932297.0,322711278.0,0.008730404519670986,002394
2023-03-24,7.81,7.84,7.75,7.78,2654800.0,20671600.0,322711278.0,0.00822654856208651,002394
2023-03-27,7.79,7.81,7.62,7.7,2952367.0,22684753.0,322711278.0,0.00914863285317224,002394
2023-03-28,7.74,7.74,7.67,7.68,2185163.0,16829951.0,322711278.0,0.006771263197067442,002394
2023-03-29,7.66,7.68,7.58,7.59,2422294.0,18437379.0,322711278.0,0.007506071727682228,002394
2023-03-30,7.58,7.59,7.43,7.48,2893000.0,21688936.0,322711278.0,0.008964669651241628,002394
2023-03-31,7.45,7.56,7.45,7.54,1637600.0,12315295.0,322711278.0,0.00507450501931327,002394
2023-04-03,7.55,7.61,7.51,7.6,2216962.0,16791297.0,322711278.0,0.006869800193348061,002394
2023-04-04,7.6,7.6,7.46,7.49,2973000.0,22357772.0,322711278.0,0.009212569261369291,002394
2023-04-06,7.47,7.49,7.41,7.43,2250867.0,16754523.0,322711278.0,0.006974863146865292,002394
2023-04-07,7.41,7.5,7.41,7.49,2295900.0,17121294.0,322711278.0,0.00711440893615128,002394
2023-04-10,7.5,7.5,7.33,7.34,3750790.0,27772007.0,322711278.0,0.011622742233384232,002394
2023-04-11,7.31,7.38,7.3,7.36,1846400.0,13546129.0,322711278.0,0.005721523001746471,002394
2023-04-12,7.36,7.42,7.33,7.38,1987200.0,14648743.0,322711278.0,0.0061578263155711585,002394
2023-04-13,7.36,7.41,7.32,7.41,1582274.0,11677147.0,322711278.0,0.004903063846439231,002394
2023-04-14,7.4,7.44,7.34,7.39,1961975.0,14483939.0,322711278.0,0.00607966046975278,002394
2023-04-17,7.38,7.45,7.34,7.43,2448274.0,18124915.0,322711278.0,0.007586577126071187,002394
2023-04-18,7.43,7.44,7.34,7.38,1812674.0,13380606.0,322711278.0,0.005617014723606902,002394
2023-04-19,7.37,7.39,7.33,7.34,1342000.0,9869529.0,322711278.0,0.004158515959891553,002394
2023-04-20,7.34,7.36,7.23,7.28,2265500.0,16464324.0,322711278.0,0.007020207084302768,002394
2023-04-21,7.25,7.29,7.14,7.15,2621600.0,18892111.0,322711278.0,0.00812367022388353,002394
2023-04-24,7.18,7.24,7.06,7.18,2005330.0,14367977.0,322711278.0,0.006214006564716341,002394
2023-04-25,7.54,7.9,7.51,7.64,20859130.0,160285925.0,322711278.0,0.0646371274325281,002394
2023-04-26,7.59,7.78,7.53,7.72,13707030.0,105527633.0,322711278.0,0.042474592412602326,002394
2023-04-27,7.73,7.85,7.61,7.76,8034731.0,62243740.0,322711278.0,0.024897583529758138,002394
2023-04-28,7.73,7.82,7.69,7.81,6769701.0,52537497.0,322711278.0,0.020977577982260662,002394
2023-05-04,7.67,8.08,7.67,8.03,9627371.0,76597293.0,322711278.0,0.02983276896817966,002394
2023-05-05,8.06,8.07,7.9,8.03,6876494.0,54909843.0,322711278.0,0.02130850227056521,002394
2023-05-08,8.0,8.09,7.93,8.04,6416376.0,51473937.0,322711278.0,0.019882713860406204,002394
2023-05-09,7.99,8.17,7.99,8.04,6489850.0,52483156.0,322711278.0,0.020110391059837703,002394
2023-05-10,8.0,8.15,7.97,8.13,4116000.0,33290027.0,322711278.0,0.012754434941068283,002394
2023-05-11,8.12,8.27,8.07,8.2,5861500.0,48101114.0,322711278.0,0.01816329455954124,002394
2023-05-12,8.21,8.43,8.19,8.35,7656943.0,63862129.0,322711278.0,0.023726914805871767,002394
2023-05-15,8.33,8.33,8.04,8.18,6892098.0,56232337.0,322711278.0,0.021356855089520607,002394
2023-05-16,8.2,8.23,8.1,8.11,4095700.0,33432402.0,322711278.0,0.012691530414998388,002394
2023-05-17,8.11,8.19,8.06,8.15,3397900.0,27653390.0,322711278.0,0.010529226065659843,002394
2023-05-18,8.18,8.19,8.06,8.11,2819002.0,22874698.0,322711278.0,0.008735368709363792,002394
2023-05-19,8.11,8.17,8.02,8.1,2941000.0,23813763.0,322711278.0,0.009113409417318226,002394
2023-05-22,8.04,8.15,8.04,8.1,2242800.0,18187213.0,322711278.0,0.006949865569929044,002394
2023-05-23,8.14,8.15,8.05,8.05,2178800.0,17625639.0,322711278.0,0.006751545881826913,002394
2023-05-24,8.03,8.09,7.96,7.99,2336200.0,18720190.0,322711278.0,0.0072392883647530906,002394
2023-05-25,8.01,8.38,7.9,8.26,10289485.0,83940262.0,322711278.0,0.03188449149893051,002394
2023-05-26,8.2,8.27,8.02,8.19,5270700.0,42897049.0,322711278.0,0.016332555938748442,002394
2023-05-29,8.15,8.22,8.03,8.05,4243300.0,34444850.0,322711278.0,0.013148905195683926,002394
2023-05-30,8.03,8.05,7.89,7.97,4421569.0,35289730.0,322711278.0,0.013701315390657031,002394
2023-05-31,7.97,8.02,7.94,7.97,2622100.0,20918129.0,322711278.0,0.008125219596446827,002394
2023-06-01,7.97,8.01,7.88,7.96,2835000.0,22522415.0,322711278.0,0.008784942433899072,002394
2023-06-02,8.03,8.22,8.02,8.16,5301901.0,43157025.0,322711278.0,0.01642923988544336,002394
2023-06-05,8.27,8.33,8.14,8.28,5407900.0,44588606.0,322711278.0,0.016757703770117385,002394
2023-06-06,8.3,8.31,8.15,8.16,3381000.0,27801812.0,322711278.0,0.010476857273020375,002394
2023-06-07,8.18,8.3,8.15,8.25,3701900.0,30557294.0,322711278.0,0.011471244584144965,002394
2023-06-08,8.28,8.29,8.19,8.23,2995900.0,24698522.0,322711278.0,0.009283530524768335,002394
2023-06-09,8.23,8.29,8.1,8.1,2958500.0,24120992.0,322711278.0,0.009167637457033652,002394
2023-06-12,8.11,8.24,7.98,8.23,4726400.0,38361349.0,322711278.0,0.014645908966342354,002394
2023-06-13,8.23,8.31,8.18,8.26,2908700.0,23966428.0,322711278.0,0.009013319949729181,002394
2023-06-14,8.27,8.31,8.21,8.29,3423800.0,28340829.0,322711278.0,0.010609483564438674,002394
2023-06-15,8.28,8.28,8.13,8.19,3897100.0,31887920.0,322711278.0,0.012076119632856463,002394
2023-06-16,8.21,8.29,8.14,8.17,3795500.0,31250361.0,322711278.0,0.011761287127994331,002394
2023-06-19,8.17,8.18,7.9,7.91,5567400.0,44429193.0,322711278.0,0.017251953617809415,002394
2023-06-20,7.94,7.97,7.77,7.78,4536853.0,35585134.0,322711278.0,0.014058551123831501,002394
2023-06-21,7.78,7.81,7.69,7.7,2577200.0,19980916.0,322711278.0,0.007986085940262677,002394
2023-06-26,7.68,7.74,7.61,7.65,3429800.0,26283044.0,322711278.0,0.010628076035198249,002394
2023-06-27,7.66,8.08,7.66,8.06,6991200.0,55767580.0,322711278.0,0.021663946929056505,002394
2023-06-28,8.06,8.17,7.96,8.14,3994400.0,32257938.0,322711278.0,0.012377627533674234,002394
2023-06-29,8.15,8.42,8.13,8.37,6826100.0,56936846.0,322711278.0,0.02115234410865554,002394
2023-06-30,8.43,8.55,8.36,8.51,5785295.0,49185646.0,322958459.0,0.01791343387602676,002394
2023-07-03,8.49,8.55,8.36,8.39,5289400.0,44572061.0,322958459.0,0.0163779577608153,002394
2023-07-04,8.42,8.48,8.4,8.46,3759800.0,31720154.0,322958459.0,0.011641744921751686,002394
2023-07-05,8.41,8.5,8.38,8.42,3233885.0,27277445.0,322958459.0,0.010013315675376071,002394
2023-07-06,8.43,8.49,8.31,8.43,2888001.0,24308257.0,322958459.0,0.00894232963874775,002394
2023-07-07,8.4,8.48,8.37,8.45,2583804.0,21815782.0,322958459.0,0.008000422122400578,002394
2023-07-10,8.44,8.49,8.36,8.46,3227600.0,27208721.0,322958459.0,0.009993854968201963,002394
2023-07-11,8.48,8.55,8.39,8.52,3351600.0,28454605.0,322958459.0,0.010377805276808061,002394
2023-07-12,8.52,8.57,8.41,8.41,2824900.0,23953858.0,322958459.0,0.008746945377269093,002394
2023-07-13,8.44,8.56,8.44,8.5,3169000.0,26905533.0,322958459.0,0.009812407483651017,002394
2023-07-14,8.6,8.65,8.47,8.56,4970385.0,42511277.0,322958459.0,0.0153901681825897,002394
2023-07-17,8.52,8.53,8.41,8.5,4097403.0,34700729.0,322958459.0,0.012687089889786724,002394
2023-07-18,8.5,8.56,8.47,8.51,3063600.0,26092314.0,322958459.0,0.009486049721335833,002394
2023-07-19,8.48,8.56,8.44,8.56,2895600.0,24705387.0,322958459.0,0.0089658589806437,002394
2023-07-20,8.59,8.63,8.5,8.5,3314400.0,28358574.0,322958459.0,0.010262620184226232,002394
2023-07-21,8.53,8.75,8.51,8.63,5248301.0,45326097.0,322958459.0,0.016250699908126574,002394
2023-07-24,8.63,8.69,8.48,8.53,5289800.0,45146135.0,322958459.0,0.0163791963101979,002394
2023-07-25,8.55,8.58,8.49,8.54,4010903.0,34211642.0,322958459.0,0.012419253585799405,002394
2023-07-26,8.55,8.63,8.48,8.59,3514200.0,30112712.0,322958459.0,0.010881275600835091,002394
2023-07-27,8.58,8.62,8.48,8.52,3332400.0,28458363.0,322958459.0,0.010318354906443247,002394
2023-07-28,8.47,8.67,8.47,8.66,5330700.0,45962696.0,322958459.0,0.016505837984568783,002394
2023-07-31,8.66,8.82,8.61,8.79,6381716.0,55578941.0,322958459.0,0.01976017602932642,002394
2023-08-01,8.74,8.79,8.64,8.73,3968116.0,34538983.0,322958459.0,0.012286769054716104,002394
2023-08-02,8.67,8.72,8.6,8.68,3674800.0,31769698.0,322958459.0,0.011378553177949119,002394
2023-08-03,8.65,8.66,8.52,8.57,3362300.0,28824202.0,322958459.0,0.01041093647279262,002394
2023-08-04,8.58,8.62,8.41,8.43,6011501.0,51076202.0,322958459.0,0.01861385213012798,002394
2023-08-07,8.45,8.45,8.25,8.3,5444930.0,45238704.0,322958459.0,0.016859536724504867,002394
2023-08-08,8.3,8.34,8.22,8.28,2710900.0,22419699.0,322958459.0,0.008393958803228003,002394
2023-08-09,8.27,8.28,8.16,8.18,3363800.0,27586205.0,322958459.0,0.010415581032977371,002394
2023-08-10,8.21,8.25,8.15,8.23,2577000.0,21136241.0,322958459.0,0.007979354397402546,002394
2023-08-11,8.23,8.27,8.11,8.12,2839169.0,23234389.0,322958459.0,0.008791127530119904,002394
2023-08-14,8.11,8.38,8.09,8.36,4971500.0,41036635.0,322958459.0,0.015393620638993698,002394
2023-08-15,8.34,8.59,8.33,8.55,7085585.0,60288674.0,322958459.0,0.02193961731778018,002394
2023-08-16,8.52,8.6,8.48,8.5,3869533.0,33020726.0,322958459.0,0.011981519270253888,002394
2023-08-17,8.52,8.56,8.37,8.56,3931500.0,33305032.0,322958459.0,0.012173392244232872,002394
2023-08-18,8.54,8.57,8.41,8.42,3206700.0,27262841.0,322958459.0,0.009929140762961097,002394
2023-08-21,8.5,9.26,8.5,9.26,25166001.0,229076065.0,322958459.0,0.07792333750267244,002394
2023-08-22,9.26,9.35,8.66,8.81,37490617.0,332194387.0,322958459.0,0.11608495134663743,002394
2023-08-23,8.73,8.79,8.52,8.73,25373500.0,218985190.0,322958459.0,0.0785658318985229,002394
2023-08-24,8.66,8.66,7.86,7.86,30386509.0,242598437.0,322958459.0,0.09408797990332249,002394
2023-08-25,7.7,7.98,7.53,7.85,19765293.0,153920960.0,322958459.0,0.06120072860516095,002394
2023-08-28,8.22,8.43,8.06,8.13,22684783.0,187019308.0,322958459.0,0.07024055994768046,002394
2023-08-29,8.13,8.49,8.06,8.47,13491600.0,112874927.0,322958459.0,0.041775032125726114,002394
2023-08-30,8.4,8.7,8.4,8.55,10200800.0,87378490.0,322958459.0,0.0315854863550733,002394
2023-08-31,8.61,8.84,8.56,8.62,11535902.0,100060552.0,322958459.0,0.03571946074959442,002394
2023-09-01,8.63,8.82,8.63,8.73,8250550.0,71887203.0,322958459.0,0.025546784021532626,002394
2023-09-04,8.75,8.89,8.74,8.86,6355550.0,56109501.0,322958459.0,0.019679156321463623,002394
2023-09-05,8.88,8.92,8.7,8.74,5744862.0,50334011.0,322958459.0,0.017788238208060064,002394
2023-09-06,8.74,8.8,8.64,8.66,4249050.0,36924806.0,322958459.0,0.013156645635344699,002394
2023-09-07,8.63,8.7,8.55,8.57,3490369.0,30118741.0,322958459.0,0.01080748592499322,002394
2023-09-08,8.55,8.62,8.48,8.51,3030500.0,25851799.0,322958459.0,0.009383559759925657,002394
2023-09-11,8.57,8.66,8.44,8.57,4193000.0,35898263.0,322958459.0,0.01298309390310783,002394
2023-09-12,8.62,8.62,8.46,8.48,3330350.0,28298160.0,322958459.0,0.01031200734085742,002394
2023-09-13,8.47,8.51,8.4,8.45,3142500.0,26526437.0,322958459.0,0.009730353587053745,002394
2023-09-14,8.42,8.56,8.36,8.51,4109000.0,34895552.0,322958459.0,0.012722998532761763,002394
2023-09-15,8.57,8.8,8.49,8.7,5908300.0,51322500.0,322958459.0,0.018294303293043643,002394
2023-09-18,8.7,8.82,8.61,8.82,5380400.0,46936451.0,322958459.0,0.016659727745356873,002394
2023-09-19,8.81,8.83,8.68,8.72,4378400.0,38354344.0,322958459.0,0.013557161541943077,002394
2023-09-20,8.72,8.77,8.6,8.69,5112500.0,44442691.0,322958459.0,0.01583020929636031,002394
2023-09-21,8.69,8.73,8.5,8.56,3969700.0,34095580.0,322958459.0,0.012291673710271202,002394
2023-09-22,8.56,8.66,8.47,8.62,4484400.0,38631214.0,322958459.0,0.013885377128332162,002394
2023-09-25,8.59,8.71,8.5,8.57,3892050.0,33413349.0,322958459.0,0.012051240311373916,002394
2023-09-26,8.6,8.69,8.53,8.54,2933700.0,25171163.0,322958459.0,0.00908383080933638,002394
2023-09-27,8.55,8.59,8.47,8.53,3275100.0,27940290.0,322958459.0,0.01014093270738575,002394
2023-09-28,8.58,8.77,8.52,8.73,4556400.0,39619119.0,322958459.0,0.014108316017200218,002394
2023-10-09,8.63,8.76,8.32,8.35,7717200.0,64880599.0,322958459.0,0.02389533323850793,002394
2023-10-10,8.39,8.43,8.2,8.25,4981300.0,41226998.0,322958459.0,0.015423965098867405,002394
2023-10-11,8.28,8.3,8.18,8.25,3745600.0,30854975.0,322958459.0,0.011597776418669374,002394
2023-10-12,8.25,8.32,8.22,8.31,2821400.0,23365942.0,322958459.0,0.00873610807017134,002394
2023-10-13,8.28,8.29,8.12,8.14,3126000.0,25494766.0,322958459.0,0.009679263425021482,002394
2023-10-16,8.13,8.31,8.1,8.29,3526492.0,29047554.0,322958459.0,0.010919336223362398,002394
2023-10-17,8.26,8.54,8.25,8.42,4678400.0,39422226.0,322958459.0,0.014486073578893316,002394
2023-10-18,8.5,8.52,8.28,8.29,3250900.0,27194132.0,322958459.0,0.01006600046973843,002394
2023-10-19,8.31,8.34,8.06,8.07,3571600.0,29029146.0,322958459.0,0.011059007437238236,002394
2023-10-20,8.03,8.22,8.03,8.12,3298492.0,26796002.0,322958459.0,0.010213363075280217,002394
2023-10-23,8.12,8.22,7.94,7.98,3797400.0,30513858.0,322958459.0,0.011758168563716115,002394
2023-10-24,8.03,8.34,7.93,8.28,4870192.0,40188120.0,322958459.0,0.015079933236862516,002394
2023-10-25,8.4,8.46,8.31,8.42,4321300.0,36277806.0,322958459.0,0.013380358617576882,002394
2023-10-26,8.39,8.44,8.25,8.39,3047700.0,25405255.0,322958459.0,0.00943681738337747,002394
2023-10-27,8.35,8.58,8.31,8.55,4347100.0,37044515.0,322958459.0,0.013460245052754602,002394
2023-10-30,8.92,9.3,8.84,8.96,15704892.0,142291723.0,322958459.0,0.04862821072601167,002394
2023-10-31,9.07,9.09,8.83,8.91,8649901.0,77384029.0,322958459.0,0.026783323857759677,002394
2023-11-01,8.94,9.02,8.86,8.98,5587000.0,50010311.0,322958459.0,0.017299438501469935,002394
2023-11-02,9.05,9.05,8.88,8.94,4469900.0,39988920.0,322958459.0,0.0138404797132129,002394
2023-11-03,9.01,9.03,8.93,8.99,3832600.0,34445330.0,322958459.0,0.011867160909384944,002394
2023-11-06,9.02,9.06,8.92,8.97,5319550.0,47652713.0,322958459.0,0.0164713134205288,002394
2023-11-07,8.95,9.01,8.87,8.98,4457300.0,39845726.0,322958459.0,0.013801465407660989,002394
2023-11-08,8.96,9.03,8.92,8.97,3678402.0,33004304.0,322958459.0,0.011389706315139435,002394
2023-11-09,8.99,9.0,8.93,9.0,3304154.0,29607007.0,322958459.0,0.010230894741790925,002394
2023-11-10,8.98,9.0,8.91,8.97,2882900.0,25841079.0,322958459.0,0.008926535037746139,002394
2023-11-13,9.01,9.15,8.98,9.12,5126929.0,46597381.0,322958459.0,0.01587488686896416,002394
2023-11-14,9.12,9.13,9.0,9.06,4327100.0,39104528.0,322958459.0,0.013398317583624586,002394
2023-11-15,9.08,9.17,9.0,9.13,4264500.0,38844251.0,322958459.0,0.013204484605247636,002394
2023-11-16,9.26,9.29,9.13,9.18,7169600.0,65961580.0,322958459.0,0.022199759133728094,002394
2023-11-17,9.18,9.28,9.14,9.18,5273274.0,48436932.0,322958459.0,0.01632802564245577,002394
2023-11-20,9.2,9.25,9.08,9.11,6032600.0,55086175.0,322958459.0,0.01867918251368669,002394
2023-11-21,9.11,9.18,9.1,9.11,6456317.0,58994275.0,322958459.0,0.019991168585554837,002394
2023-11-22,8.36,8.43,8.23,8.33,7779917.0,65023592.0,322958459.0,0.02408952849257929,002394
2023-11-23,8.36,8.58,8.33,8.53,7290800.0,61964287.0,322958459.0,0.02257503959665599,002394
2023-11-24,8.53,8.55,8.4,8.45,4859400.0,41042681.0,322958459.0,0.015046517174519958,002394
2023-11-27,8.44,8.47,8.37,8.44,4549300.0,38325269.0,322958459.0,0.014086331765659063,002394
2023-11-28,8.47,8.53,8.4,8.47,3607687.0,30544505.0,322958459.0,0.011170746266162981,002394
2023-11-29,8.45,8.51,8.33,8.35,3739102.0,31383709.0,322958459.0,0.011577656183949032,002394
2023-11-30,8.37,8.43,8.29,8.4,4000202.0,33417143.0,322958459.0,0.01238611929344139,002394
2023-12-01,8.4,8.68,8.37,8.51,5368100.0,45718006.0,322958459.0,0.016621642351841912,002394
2023-12-04,8.5,8.64,8.48,8.57,4473400.0,38250527.0,322958459.0,0.013851317020310653,002394
2023-12-05,8.52,8.56,8.42,8.43,2375593.0,20175231.0,322958459.0,0.007355723108649091,002394
2023-12-06,8.43,8.55,8.41,8.54,3365900.0,28587462.0,322958459.0,0.010422083417236022,002394
2023-12-07,8.56,8.59,8.48,8.57,3594500.0,30715071.0,322958459.0,0.011129914389392105,002394
2023-12-08,8.56,8.59,8.13,8.16,7620800.0,63144413.0,322958459.0,0.023596842837301252,002394
2023-12-11,8.14,8.33,8.07,8.29,6574800.0,54215768.0,322958459.0,0.020358036201801422,002394
2023-12-12,8.3,8.46,8.27,8.44,3883100.0,32483102.0,322958459.0,0.012023527768938233,002394
2023-12-13,8.45,8.57,8.35,8.5,4018900.0,34151637.0,322958459.0,0.012444015284331042,002394
2023-12-14,8.5,8.63,8.46,8.52,3225800.0,27595933.0,322958459.0,0.009988281495980262,002394
2023-12-15,8.56,8.68,8.46,8.54,3484900.0,29755535.0,322958459.0,0.010790551858559618,002394
2023-12-18,8.52,8.59,8.43,8.46,3286700.0,27945082.0,322958459.0,0.01017685063948116,002394
2023-12-19,8.46,8.55,8.29,8.34,3424000.0,28641297.0,322958459.0,0.010601982715058718,002394
2023-12-20,8.4,8.47,8.31,8.31,3471000.0,29101547.0,322958459.0,0.010747512267514256,002394
2023-12-21,8.32,8.51,8.2,8.48,3543000.0,29661860.0,322958459.0,0.010970451156382314,002394
2023-12-22,8.49,8.61,8.3,8.37,5047300.0,42839521.0,322958459.0,0.01562832574699646,002394
2023-12-25,8.36,8.37,8.09,8.23,4006900.0,32767097.0,322958459.0,0.012406858802853032,002394
2023-12-26,8.22,8.27,8.11,8.15,2509115.0,20528359.0,322958459.0,0.00776915708530799,002394
2023-12-27,8.11,8.19,8.0,8.13,3424500.0,27664923.0,322958459.0,0.01060353090178697,002394
2023-12-28,8.16,8.19,7.99,8.13,4821300.0,39147943.0,322958459.0,0.014928545345827278,002394
2023-12-29,8.17,8.34,8.1,8.31,3966002.0,32637250.0,322958459.0,0.012280223321229062,002394
2024-01-02,8.32,8.55,8.28,8.5,6408900.0,54260204.0,323285606.0,0.01982426647229076,002394
2024-01-03,8.48,8.57,8.44,8.54,3896800.0,33179627.0,323285606.0,0.012053738018883526,002394
2024-01-04,8.53,8.6,8.48,8.59,3630100.0,31038474.0,323285606.0,0.011228770884404918,002394
2024-01-05,8.59,8.63,8.39,8.43,3343500.0,28441476.0,323285606.0,0.010342248271950592,002394
2024-01-08,8.43,8.5,8.32,8.34,4145500.0,34905019.0,323285606.0,0.01282302683157505,002394
2024-01-09,8.37,8.5,8.34,8.46,4394300.0,37014639.0,323285606.0,0.013592624968276503,002394
2024-01-10,8.49,8.5,8.35,8.43,3515500.0,29630158.0,323285606.0,0.01087428556902716,002394
2024-01-11,8.44,8.47,8.36,8.43,3080700.0,25954646.0,323285606.0,0.009529344773859187,002394
2024-01-12,8.42,8.52,8.36,8.38,3707900.0,31270250.0,323285606.0,0.011469424964129086,002394
2024-01-15,8.37,8.49,8.31,8.47,2749200.0,23190230.0,323285606.0,0.008503935680947082,002394
2024-01-16,8.5,8.5,8.23,8.39,4244500.0,35406579.0,323285606.0,0.013129257601404005,002394
2024-01-17,8.4,8.52,8.35,8.36,4057800.0,34292761.0,323285606.0,0.012551749674867987,002394
2024-01-18,8.36,8.4,7.93,8.1,6460200.0,52328577.0,323285606.0,0.019982949689383942,002394
2024-01-19,8.17,8.31,8.06,8.12,4217600.0,34400626.0,323285606.0,0.013046049442733309,002394
2024-01-22,8.08,8.12,7.47,7.54,6898400.0,53776314.0,323285606.0,0.021338407500889476,002394
2024-01-23,7.52,7.52,7.17,7.3,8344000.0,60713102.0,323285606.0,0.025809995388412065,002394
2024-01-24,7.3,7.58,7.15,7.45,7408902.0,54577590.0,323285606.0,0.022917512758053322,002394
2024-01-25,7.47,7.84,7.4,7.83,6918600.0,52846441.0,323285606.0,0.02140089095089498,002394
2024-01-26,7.8,8.07,7.78,7.97,6512100.0,51860766.0,323285606.0,0.020143488850536698,002394
2024-01-29,8.0,8.05,7.77,7.83,5174200.0,40820319.0,323285606.0,0.01600504292170682,002394
2024-01-30,7.86,7.86,7.45,7.47,5243399.0,40046675.0,323285606.0,0.01621909204333706,002394
2024-01-31,7.46,7.47,6.97,6.98,7949100.0,56853373.0,323285606.0,0.02458847487320546,002394
2024-02-01,6.97,7.0,6.7,6.82,8807164.0,60384238.0,323285606.0,0.027242672845756082,002394
2024-02-02,6.88,7.07,6.33,6.59,8951800.0,59877668.0,323285606.0,0.02769006672075589,002394
2024-02-05,6.51,6.56,5.93,5.95,14141921.0,85314899.0,323285606.0,0.04374435711808338,002394
2024-02-06,5.73,6.17,5.41,5.92,14138015.0,81066880.0,323285606.0,0.043732274922255586,002394
2024-02-07,5.92,5.98,5.67,5.95,12995844.0,76223254.0,323285606.0,0.040199265784818146,002394
2024-02-08,6.05,6.55,6.05,6.55,13759075.0,87538699.0,323285606.0,0.04256012251903352,002394
2024-02-19,6.66,6.85,6.45,6.62,13123350.0,87068114.0,323285606.0,0.040593672456917244,002394
2024-02-20,6.62,6.7,6.47,6.61,6043594.0,39927444.0,323285606.0,0.018694287304582315,002394
2024-02-21,6.59,6.88,6.52,6.7,8679075.0,58470788.0,323285606.0,0.026846462814679103,002394
2024-02-22,6.7,6.83,6.67,6.83,5442702.0,36759733.0,323285606.0,0.016835584074844333,002394
2024-02-23,6.83,7.01,6.81,6.99,6273400.0,43291310.0,323285606.0,0.019405132438838,002394
2024-02-26,6.99,7.23,6.98,7.12,7335400.0,52091224.0,323285606.0,0.022690153424275872,002394
2024-02-27,7.11,7.3,7.0,7.29,5038424.0,36414951.0,323285606.0,0.015585055153986657,002394
2024-02-28,7.34,7.38,6.79,6.84,11275924.0,79883488.0,323285606.0,0.03487914027326042,002394
2024-02-29,6.75,6.98,6.7,6.96,8669300.0,59655813.0,323285606.0,0.026816226392708618,002394
2024-03-01,6.95,6.98,6.8,6.94,7010092.0,48293978.0,323285606.0,0.02168389767405852,002394
2024-03-04,6.91,7.01,6.82,6.91,5070900.0,35055826.0,323285606.0,0.015685511219450953,002394
2024-03-05,6.87,6.88,6.75,6.76,4474200.0,30436300.0,323285606.0,0.013839774852209163,002394
2024-03-06,6.74,6.89,6.72,6.85,3409824.0,23258578.0,323285606.0,0.010547404328295396,002394
2024-03-07,6.88,7.01,6.84,6.84,5040600.0,34876855.0,323285606.0,0.015591786044442696,002394
2024-03-08,6.85,6.96,6.82,6.95,3662300.0,25307758.0,323285606.0,0.01132837321560181,002394
2024-03-11,6.95,7.08,6.89,7.08,4406434.0,30864243.0,323285606.0,0.013630158343641195,002394
2024-03-12,7.09,7.11,7.0,7.08,3709500.0,26200741.0,323285606.0,0.011474374148287938,002394
2024-03-13,7.08,7.12,7.03,7.1,4462600.0,31611447.0,323285606.0,0.013803893267057488,002394
2024-03-14,7.09,7.13,7.0,7.08,2792700.0,19764201.0,323285606.0,0.008638491625265865,002394
2024-03-15,7.09,7.21,7.05,7.2,3544900.0,25282265.0,323285606.0,0.01096522682794606,002394
2024-03-18,7.23,7.33,7.23,7.32,5009300.0,36422020.0,323285606.0,0.015494967629335159,002394
2024-03-19,7.35,7.43,7.28,7.32,4241775.0,31112173.0,323285606.0,0.013120828522133459,002394
2024-03-20,7.32,7.41,7.29,7.39,2961900.0,21821497.0,323285606.0,0.009161867850064441,002394
2024-03-21,7.39,7.68,7.36,7.57,5460550.0,40915070.0,323285606.0,0.016890792224136326,002394
2024-03-22,7.58,7.61,7.34,7.41,5684827.0,42295919.0,323285606.0,0.017584534833883076,002394
2024-03-25,7.38,7.49,7.26,7.27,5274796.0,38961282.0,323285606.0,0.01631621050273423,002394
2024-03-26,7.26,7.37,7.23,7.36,3873815.0,28297236.0,323285606.0,0.01198263989520152,002394
2024-03-27,7.36,7.37,7.16,7.16,4003200.0,29206173.0,323285606.0,0.01238285876544717,002394
2024-03-28,7.2,7.39,7.16,7.33,4308715.0,31497960.0,323285606.0,0.013327890014379421,002394
2024-03-29,7.34,7.48,7.28,7.48,4552000.0,33649947.0,323285606.0,0.014080428931933332,002394
2024-04-01,7.48,7.61,7.45,7.59,4485015.0,33839934.0,323285606.0,0.013873228243882903,002394
2024-04-02,7.64,7.75,7.62,7.72,4837129.0,37202365.0,323285606.0,0.014962401388201613,002394
2024-04-03,7.72,7.81,7.63,7.75,4914461.0,37884110.0,323285606.0,0.015201607831559319,002394
2024-04-08,7.66,7.81,7.49,7.51,6488785.0,49533246.0,323285606.0,0.020071369957621932,002394
2024-04-09,7.51,7.64,7.47,7.6,4602700.0,34758621.0,323285606.0,0.014237256204966948,002394
2024-04-10,7.61,7.71,7.48,7.55,5049393.0,38317056.0,323285606.0,0.015618984904635686,002394
2024-04-11,7.51,7.71,7.4,7.59,4566100.0,34797451.0,323285606.0,0.014124043617333213,002394
2024-04-12,7.6,7.77,7.58,7.63,4098700.0,31421419.0,323285606.0,0.012678263194928636,002394
2024-04-15,7.77,7.77,7.13,7.26,9430799.0,69324538.0,323285606.0,0.029171725635072043,002394
2024-04-16,7.25,7.25,6.74,6.75,9001510.0,62186713.0,323285606.0,0.027843831686091215,002394
2024-04-17,6.86,7.26,6.86,7.25,7195865.0,51458938.0,323285606.0,0.022258538167022505,002394
2024-04-18,7.31,7.33,7.18,7.22,4685836.0,33931868.0,323285606.0,0.014494415813860887,002394
2024-04-19,7.19,7.3,7.15,7.19,3609077.0,26007559.0,323285606.0,0.011163741697797705,002394
2024-04-22,7.16,7.23,6.99,7.13,4221600.0,30027202.0,323285606.0,0.013058422403130439,002394
2024-04-23,7.14,7.19,7.06,7.14,2841270.0,20297994.0,323285606.0,0.008788730296888009,002394
2024-04-24,7.16,7.23,7.12,7.21,3683701.0,26426364.0,323285606.0,0.011394571646966552,002394
2024-04-25,7.19,7.41,7.15,7.31,4503300.0,32813428.0,323285606.0,0.01392978813909828,002394
2024-04-26,7.27,7.35,7.25,7.31,3979561.0,29019721.0,323285606.0,0.012309737662740234,002394
2024-04-29,7.3,7.46,7.29,7.46,5014532.0,37142076.0,323285606.0,0.015511151461534603,002394
2024-04-30,7.3,7.3,7.04,7.15,12995333.0,92449979.0,323285606.0,0.040197685139127415,002394
2024-05-06,7.2,7.39,7.17,7.38,13824526.0,100942167.0,323285606.0,0.042762578176771655,002394
2024-05-07,7.37,7.4,7.19,7.34,7797032.0,56795336.0,323285606.0,0.024118092037787787,002394
2024-05-08,7.28,7.34,7.22,7.28,4971000.0,36177161.0,323285606.0,0.015376496533532643,002394
2024-05-09,7.27,7.34,7.23,7.33,3513000.0,25695857.0,323285606.0,0.010866552468778953,002394
2024-05-10,7.33,7.36,7.21,7.24,5444830.0,39520789.0,323285606.0,0.016842166489775608,002394
2024-05-13,7.23,7.23,7.09,7.13,5894400.0,42152424.0,323285606.0,0.018232794441209982,002394
2024-05-14,7.13,7.3,7.13,7.27,5157800.0,37336277.0,323285606.0,0.015954313784078588,002394
2024-05-15,7.3,7.35,7.25,7.28,4858169.0,35429813.0,323285606.0,0.015027483159890515,002394
2024-05-16,7.3,7.36,7.24,7.26,3900100.0,28481267.0,323285606.0,0.012063945711211157,002394
2024-05-17,7.27,7.32,7.17,7.22,5818000.0,42033834.0,323285606.0,0.01799647089762481,002394
2024-05-20,7.21,7.24,7.13,7.18,5474050.0,39337307.0,323285606.0,0.016932550965476637,002394
2024-05-21,7.18,7.19,7.03,7.06,5027300.0,35627881.0,323285606.0,0.01555064595112224,002394
2024-05-22,7.06,7.11,7.05,7.1,2813700.0,19935403.0,323285606.0,0.008703449667350795,002394
2024-05-23,7.09,7.09,6.9,6.92,3438369.0,23953628.0,323285606.0,0.010635700866929412,002394
2024-05-24,6.91,6.95,6.86,6.88,2802000.0,19339802.0,323285606.0,0.00866725875818919,002394
2024-05-27,6.93,6.95,6.84,6.93,2885200.0,19886935.0,323285606.0,0.008924616334449484,002394
2024-05-28,6.92,6.99,6.88,6.94,2442300.0,16978102.0,323285606.0,0.007554620294477323,002394
2024-05-29,6.91,6.97,6.83,6.85,3348802.0,23080068.0,323285606.0,0.010358648630956988,002394
2024-05-30,6.82,6.92,6.77,6.78,3321502.0,22701197.0,323285606.0,0.010274203176246579,002394
2024-05-31,6.83,6.84,6.76,6.8,3163000.0,21470145.0,323285606.0,0.009783918434030125,002394
2024-06-03,6.77,6.81,6.54,6.62,3778500.0,25143124.0,323285606.0,0.011687807715138422,002394
2024-06-04,6.6,6.64,6.5,6.61,4111696.0,27008401.0,323285606.0,0.012718462943258908,002394
2024-06-05,6.6,6.61,6.43,6.44,3916900.0,25402734.0,323285606.0,0.012115912144879101,002394
2024-06-06,6.45,6.47,6.19,6.28,5053841.0,31863339.0,323285606.0,0.015632743636597293,002394
2024-06-07,6.3,6.48,6.29,6.46,3570150.0,22866314.0,323285606.0,0.011043331140452941,002394
2024-06-11,6.43,6.45,6.28,6.37,2943301.0,18703189.0,323285606.0,0.009104336677457888,002394
2024-06-12,6.34,6.47,6.34,6.43,2180200.0,14031250.0,323285606.0,0.0067438820644554155,002394
2024-06-13,6.46,6.46,6.31,6.35,2615202.0,16604290.0,323285606.0,0.008089447694123444,002394
2024-06-14,6.31,6.36,6.29,6.34,1625200.0,10281468.0,323285606.0,0.005027133809353702,002394
2024-06-17,6.33,6.36,6.26,6.28,1879300.0,11846311.0,323285606.0,0.005813126118581351,002394
2024-06-18,6.3,6.35,6.23,6.32,1939447.0,12228628.0,323285606.0,0.005999175230832887,002394
2024-06-19,6.34,6.36,6.28,6.32,1323100.0,8373325.0,323285606.0,0.004092665975360499,002394
2024-06-20,6.34,6.36,6.21,6.24,1889400.0,11834734.0,323285606.0,0.005844367843584103,002394
2024-06-21,6.21,6.3,6.18,6.25,1422946.0,8904982.0,323285606.0,0.0044015136263134465,002394
2024-06-24,6.25,6.25,6.01,6.04,2633161.0,16012379.0,323285606.0,0.008144999193066455,002394
2024-06-25,6.03,6.21,6.03,6.13,1756765.0,10779841.0,323285606.0,0.005434095943015787,002394
2024-06-26,6.12,6.24,6.03,6.23,2910715.0,17786876.0,323285606.0,0.009003540355582674,002394
2024-06-27,6.23,6.28,6.13,6.14,1819800.0,11267989.0,323285606.0,0.005629078332674051,002394
2024-06-28,6.14,6.24,6.11,6.16,1666615.0,10310450.0,323285606.0,0.005155240348065481,002394
2024-07-01,6.17,6.3,6.16,6.3,2095300.0,13068561.0,323285606.0,0.006481265980026342,002394
2024-07-02,6.3,6.37,6.3,6.33,1486746.0,9412004.0,323285606.0,0.0045988623446476615,002394
2024-07-03,6.35,6.38,6.29,6.31,1171300.0,7417267.0,323285606.0,0.003623112128289436,002394
2024-07-04,6.32,6.33,6.16,6.17,2091700.0,13022330.0,323285606.0,0.006470130315668926,002394
2024-07-05,6.18,6.22,6.13,6.21,1436400.0,8871412.0,323285606.0,0.004443130078609191,002394
2024-07-08,6.22,6.23,6.06,6.08,1709400.0,10437038.0,323285606.0,0.005287584625713277,002394
2024-07-09,6.1,6.13,5.9,6.1,2634500.0,15845252.0,323285606.0,0.008149141041559395,002394
2024-07-10,6.1,6.19,6.05,6.07,1722500.0,10529305.0,323285606.0,0.005328106071013876,002394
2024-07-11,6.15,6.25,6.13,6.23,2167200.0,13405405.0,323285606.0,0.006703669943164745,002394
2024-07-12,6.21,6.32,6.18,6.22,2633100.0,16438045.0,323285606.0,0.008144810505420399,002394
2024-07-15,6.26,6.26,6.14,6.16,2059789.0,12708075.0,323285606.0,0.0063714219308607265,002394
2024-07-16,6.14,6.18,6.08,6.13,1537497.0,9396755.0,323285606.0,0.0047558473729263405,002394
2024-07-17,6.13,6.14,6.08,6.12,1074717.0,6566504.0,323285606.0,0.003324357719780447,002394
2024-07-18,6.09,6.11,6.01,6.08,1489200.0,9014574.0,323285606.0,0.0046064531558513,002394
2024-07-19,6.06,6.12,6.05,6.09,1179359.0,7183903.0,323285606.0,0.0036480405502495525,002394
2024-07-22,6.08,6.14,6.04,6.05,1315400.0,7980279.0,323285606.0,0.004068848026596025,002394
2024-07-23,6.05,6.1,5.98,5.98,1631015.0,9861003.0,323285606.0,0.005045121000531029,002394
2024-07-24,5.97,6.03,5.91,5.92,1792063.0,10654493.0,323285606.0,0.005543281132040255,002394
2024-07-25,5.91,5.97,5.84,5.93,1374800.0,8120522.0,323285606.0,0.004252586488493398,002394
2024-07-26,5.92,6.01,5.91,6.01,1433010.0,8576466.0,323285606.0,0.004432643994672624,002394
2024-07-29,6.03,6.05,5.93,5.97,1808696.0,10832968.0,323285606.0,0.005594730994611619,002394
2024-07-30,5.97,6.07,5.95,6.05,1546913.0,9308046.0,323285606.0,0.004784973321701184,002394
2024-07-31,6.05,6.2,6.02,6.2,2411178.0,14826220.0,323285606.0,0.007458352476107458,002394
2024-08-01,6.21,6.23,6.17,6.2,2121013.0,13153010.0,323285606.0,0.00656080246269919,002394
2024-08-02,6.17,6.24,6.16,6.18,1547200.0,9588874.0,323285606.0,0.004785861081609677,002394
2024-08-05,6.16,6.23,6.07,6.08,3245100.0,19953293.0,323285606.0,0.010037873446181208,002394
2024-08-06,6.11,6.18,6.09,6.18,1934400.0,11859646.0,323285606.0,0.00598356364805181,002394
2024-08-07,6.19,6.19,6.11,6.13,1127700.0,6923457.0,323285606.0,0.0034882468599607246,002394
2024-08-08,6.16,6.2,6.1,6.19,1649201.0,10169846.0,323285606.0,0.005101374664976578,002394
2024-08-09,6.22,6.24,6.17,6.18,1254101.0,7780966.0,323285606.0,0.003879235501750115,002394
2024-08-12,6.19,6.22,6.16,6.22,1706942.0,10565745.0,323285606.0,0.005279981441549241,002394
2024-08-13,6.22,6.23,6.14,6.2,1245752.0,7691712.0,323285606.0,0.0038534100401612066,002394
2024-08-14,6.19,6.23,6.18,6.18,1278300.0,7928203.0,323285606.0,0.003954088818912649,002394
2024-08-15,6.17,6.28,6.15,6.22,1964800.0,12228272.0,323285606.0,0.006077598147069993,002394
2024-08-16,6.22,6.25,6.18,6.18,943500.0,5858660.0,323285606.0,0.0029184720336729126,002394
2024-08-19,6.16,6.21,6.16,6.19,1000700.0,6198198.0,323285606.0,0.003095405367351864,002394
2024-08-20,6.18,6.19,6.05,6.07,1537900.0,9383642.0,323285606.0,0.004757093948686351,002394
2024-08-21,6.06,6.06,5.98,5.99,1578300.0,9489516.0,323285606.0,0.004882060848697359,002394
2024-08-22,6.03,6.03,5.94,5.97,1577400.0,9439831.0,323285606.0,0.004879276932608005,002394
2024-08-23,5.91,5.99,5.86,5.9,1949700.0,11516977.0,323285606.0,0.00603089022157083,002394
2024-08-26,5.86,5.98,5.84,5.95,2071200.0,12268526.0,323285606.0,0.006406718893633637,002394
2024-08-27,5.93,5.96,5.86,5.87,1655800.0,9764636.0,323285606.0,0.005121786956391742,002394
2024-08-28,5.91,6.0,5.87,5.97,1584020.0,9420724.0,323285606.0,0.0048997541820652545,002394
2024-08-29,5.94,6.0,5.9,5.98,1264701.0,7537252.0,323285606.0,0.003912023846802508,002394
2024-08-30,5.98,6.09,5.96,5.99,4099301.0,24734896.0,323285606.0,0.012680122232228305,002394
2024-09-02,5.99,6.07,5.97,5.98,2404600.0,14492147.0,323285606.0,0.007438005142734378,002394
2024-09-03,5.98,6.01,5.91,6.0,2167200.0,12930264.0,323285606.0,0.006703669943164745,002394
2024-09-04,5.97,5.98,5.93,5.94,1752650.0,10433859.0,323285606.0,0.0054213672600072395,002394
2024-09-05,5.92,6.0,5.92,6.0,1732500.0,10321630.0,323285606.0,0.0053590384720067,002394
2024-09-06,6.0,6.03,5.93,5.93,1853000.0,11070239.0,323285606.0,0.005731773903970225,002394
2024-09-09,5.92,5.97,5.89,5.93,1840499.0,10913572.0,323285606.0,0.005693105309489096,002394
2024-09-10,5.93,5.98,5.84,5.91,1908100.0,11261693.0,323285606.0,0.005902211433440684,002394
2024-09-11,5.91,5.92,5.83,5.85,1484350.0,8711981.0,323285606.0,0.00459145094136978,002394
2024-09-12,5.85,5.9,5.8,5.8,1652100.0,9648712.0,323285606.0,0.005110341968024398,002394
2024-09-13,5.82,5.82,5.73,5.73,1267550.0,7325452.0,323285606.0,0.0039208364878453635,002394
2024-09-18,5.75,5.75,5.62,5.72,2282713.0,12968577.0,323285606.0,0.007060979386753149,002394
2024-09-19,5.73,5.89,5.71,5.87,2004322.0,11680876.0,323285606.0,0.006199849182273831,002394
2024-09-20,5.88,5.89,5.8,5.87,1393400.0,8161498.0,323285606.0,0.004310120754340049,002394
2024-09-23,5.87,5.9,5.84,5.89,1401801.0,8228966.0,323285606.0,0.00433610706441412,002394
2024-09-24,5.97,6.11,5.93,6.11,3275701.0,19770729.0,323285606.0,0.010132529686459347,002394
2024-09-25,6.37,6.48,6.24,6.26,7306900.0,46225162.0,323285606.0,0.022601996081446325,002394
2024-09-26,6.25,6.56,6.24,6.56,7844005.0,50217786.0,323285606.0,0.02426339080497138,002394
2024-09-27,6.7,7.22,6.63,7.13,23232534.0,161762372.0,323285606.0,0.07186380577674095,002394
2024-09-30,7.3,7.73,7.0,7.66,29158095.0,215875371.0,323285606.0,0.09019298867268467,002394
2024-10-08,8.28,8.35,7.52,7.84,25000179.0,198313122.0,323285606.0,0.07733155617203694,002394
2024-10-09,7.68,7.68,7.16,7.16,12201373.0,90095114.0,323285606.0,0.037741776229901186,002394
2024-10-10,7.26,7.35,7.11,7.21,7137069.0,51689929.0,323285606.0,0.0220766680221451,002394
2024-10-11,7.2,7.23,6.92,7.0,6600310.0,46760328.0,323285606.0,0.020416343559694395,002394
2024-10-14,7.0,7.1,6.95,7.07,4585786.0,32281936.0,323285606.0,0.014184937141927687,002394
2024-10-15,7.06,7.07,6.95,6.96,4057200.0,28464982.0,323285606.0,0.012549893730808417,002394
2024-10-16,6.92,7.02,6.92,6.99,3178885.0,22178626.0,323285606.0,0.009833054553007226,002394
2024-10-17,7.03,7.08,6.92,6.93,2976700.0,20836452.0,323285606.0,0.00920764780353382,002394
2024-10-18,6.94,7.08,6.88,7.01,5098230.0,35545114.0,323285606.0,0.015770049471364338,002394
2024-10-21,7.03,7.08,6.97,7.02,4055600.0,28453560.0,323285606.0,0.012544944546649565,002394
2024-10-22,7.01,7.08,7.01,7.08,3313930.0,23370204.0,323285606.0,0.010250781162214813,002394
2024-10-23,7.07,7.19,7.05,7.15,5289530.0,37666739.0,323285606.0,0.016361786302357056,002394
2024-10-24,7.13,7.2,7.11,7.2,4244100.0,30411387.0,323285606.0,0.013128020305364292,002394
2024-10-25,7.27,7.39,7.24,7.39,8354950.0,61371609.0,323285606.0,0.025843866367499208,002394
2024-10-28,7.45,7.74,7.45,7.71,14249514.0,108955226.0,323285606.0,0.04407716810008547,002394
2024-10-29,7.72,7.76,7.53,7.53,9569168.0,72969232.0,323285606.0,0.029599734174369643,002394
2024-10-30,7.51,7.62,7.47,7.5,6468161.0,48780648.0,323285606.0,0.02000757497381433,002394
2024-10-31,7.5,7.66,7.47,7.56,6889901.0,52222450.0,323285606.0,0.021312118053285676,002394
2024-11-01,7.52,7.59,7.37,7.39,7449417.0,55548371.0,323285606.0,0.02304283538067575,002394
2024-11-04,7.38,7.47,7.34,7.47,4387548.0,32545126.0,323285606.0,0.013571739411126148,002394
2024-11-05,7.49,7.59,7.44,7.55,6469950.0,48665146.0,323285606.0,0.020013108780351948,002394
2024-11-06,7.59,7.6,7.49,7.55,6921969.0,52182196.0,323285606.0,0.021411312076789462,002394
2024-11-07,7.5,7.69,7.46,7.69,7454751.0,56721806.0,323285606.0,0.02305933472336532,002394
2024-11-08,7.73,7.76,7.58,7.61,7105703.0,54303185.0,323285606.0,0.021979645453191008,002394
2024-11-11,7.57,7.65,7.55,7.65,4698058.0,35692916.0,323285606.0,0.014532221394354316,002394
2024-11-12,7.67,7.78,7.59,7.6,9253962.0,71261766.0,323285606.0,0.028624726335635245,002394
2024-11-13,7.61,7.72,7.51,7.65,5034895.0,38347260.0,323285606.0,0.01557413910967629,002394
2024-11-14,7.63,7.68,7.47,7.5,4407079.0,33343437.0,323285606.0,0.013632153483505232,002394
2024-11-15,7.48,7.6,7.42,7.42,4025383.0,30282087.0,323285606.0,0.01245147611056955,002394
2024-11-18,7.97,8.16,7.72,7.8,26693289.0,213057366.0,323285606.0,0.0825687519165329,002394
2024-11-19,7.68,7.88,7.44,7.67,21533052.0,164199275.0,323285606.0,0.06660689990633235,002394
2024-11-20,7.65,7.82,7.57,7.8,13723943.0,105931403.0,323285606.0,0.04245145080786554,002394
2024-11-21,7.78,7.86,7.74,7.81,8781420.0,68425787.0,323285606.0,0.02716304047264016,002394
2024-11-22,7.8,7.87,7.57,7.58,8577579.0,66564950.0,323285606.0,0.026532511317562343,002394
2024-11-25,7.57,7.82,7.57,7.76,9201400.0,70952339.0,323285606.0,0.028462139449536766,002394
2024-11-26,7.73,7.82,7.72,7.78,6148800.0,47817465.0,323285606.0,0.019019714722467416,002394
2024-11-27,7.75,7.82,7.54,7.82,6448100.0,49517497.0,323285606.0,0.019945521484182625,002394
2024-11-28,7.78,7.96,7.78,7.9,7766800.0,61368159.0,323285606.0,0.024024577203106284,002394
2024-11-29,7.91,8.22,7.91,8.15,18619145.0,150687099.0,323285606.0,0.057593485928352776,002394
2024-12-02,8.09,8.14,8.03,8.12,12234863.0,99043484.0,323285606.0,0.03784536884082615,002394
2024-12-03,8.11,8.17,8.01,8.08,8185350.0,66103228.0,323285606.0,0.02531925284666092,002394
2024-12-04,8.06,8.23,7.97,8.03,10317100.0,83345301.0,323285606.0,0.0319132674283061,002394
2024-12-05,8.0,8.14,7.95,8.03,7131000.0,57229675.0,323285606.0,0.022057895147982554,002394
2024-12-06,8.09,8.14,8.03,8.1,6943913.0,56220533.0,323285606.0,0.021479190137528116,002394
2024-12-09,8.09,8.22,8.05,8.15,6900913.0,56222220.0,323285606.0,0.021346180813258973,002394
2024-12-10,8.31,8.34,8.06,8.08,7434900.0,60812779.0,323285606.0,0.022997930814154466,002394
2024-12-11,8.1,8.22,8.08,8.21,7329300.0,59887872.0,323285606.0,0.02267128465967025,002394
2024-12-12,8.22,8.42,8.17,8.41,8461001.0,70243911.0,323285606.0,0.0261719075732682,002394
2024-12-13,8.4,8.4,8.2,8.22,6368703.0,52724477.0,323285606.0,0.019699927500019906,002394
2024-12-16,8.22,8.39,8.22,8.33,7154901.0,59508796.0,323285606.0,0.0221318266795955,002394
2024-12-17,8.35,8.38,7.91,7.93,9780500.0,78847172.0,323285606.0,0.030253434791031184,002394
2024-12-18,7.96,8.09,7.81,7.96,6219218.0,49648537.0,323285606.0,0.01923753450377868,002394
2024-12-19,7.86,7.98,7.76,7.88,5589700.0,43806004.0,323285606.0,0.017290284182958644,002394
2024-12-20,7.88,8.06,7.85,8.0,5688600.0,45470368.0,323285606.0,0.01759620562877767,002394
2024-12-23,7.94,7.99,7.58,7.6,8098600.0,62533720.0,323285606.0,0.025050914268048174,002394
2024-12-24,7.59,7.7,7.56,7.65,5107500.0,38909181.0,323285606.0,0.015798723807084688,002394
2024-12-25,7.63,7.65,7.4,7.5,5293510.0,39631477.0,323285606.0,0.0163740973979522,002394
2024-12-26,7.48,7.6,7.48,7.52,3512500.0,26504048.0,323285606.0,0.010865005848729311,002394
2024-12-27,7.52,7.68,7.52,7.64,4173100.0,31794030.0,323285606.0,0.012908400258315243,002394
2024-12-30,7.56,7.66,7.48,7.63,4192500.0,31814405.0,323285606.0,0.01296840911624132,002394
2024-12-31,7.63,7.74,7.5,7.52,3855501.0,29368008.0,323285606.0,0.011925990296023262,002394
