日期,开盘,最高,最低,收盘,成交量,成交额,outstanding_share,换手率,股票代码
2020-01-02,2.85,2.89,2.85,2.87,11238101.0,32284620.0,968751818.0,0.011600598616889512,002496
2020-01-03,2.87,3.02,2.87,2.97,33313653.0,98719338.0,968751818.0,0.0343882224332507,002496
2020-01-06,2.95,2.98,2.9,2.92,23220053.0,68318327.0,968751818.0,0.02396904198635527,002496
2020-01-07,2.94,2.95,2.91,2.93,9766504.0,28538103.0,968751818.0,0.01008153359666779,002496
2020-01-08,2.91,2.94,2.87,2.87,11726416.0,34061122.0,968751818.0,0.012104664767710402,002496
2020-01-09,2.88,2.93,2.88,2.9,9985029.0,28964397.0,968751818.0,0.010307107366894252,002496
2020-01-10,2.89,2.9,2.87,2.87,6901669.0,19898072.0,968751818.0,0.007124290114106397,002496
2020-01-13,2.87,2.89,2.84,2.89,10123380.0,28985964.0,968751818.0,0.010449921034367546,002496
2020-01-14,2.89,2.9,2.86,2.87,7401018.0,21247985.0,968751818.0,0.007639746179036332,002496
2020-01-15,2.85,2.87,2.83,2.85,7727253.0,22027224.0,968751818.0,0.007976504256738334,002496
2020-01-16,2.85,2.86,2.84,2.86,6030900.0,17189643.0,968751818.0,0.0062254334783607085,002496
2020-01-17,2.86,2.87,2.83,2.83,7283588.0,20668186.0,968751818.0,0.00751852834200307,002496
2020-01-20,2.83,2.83,2.74,2.76,13337811.0,36888549.0,968751818.0,0.013768037130021674,002496
2020-01-21,2.75,2.76,2.61,2.62,18760100.0,49899825.0,968751818.0,0.019365228174467283,002496
2020-01-22,2.6,2.61,2.42,2.54,21159800.0,53319677.0,968751818.0,0.02184233320323947,002496
2020-01-23,2.55,2.57,2.45,2.5,10919635.0,27477319.0,968751818.0,0.011271860137040795,002496
2020-02-03,2.25,2.25,2.25,2.25,1866200.0,4198950.0,968751818.0,0.0019263963848375457,002496
2020-02-04,2.03,2.14,2.03,2.11,28977458.0,60565403.0,968751818.0,0.029912158575169767,002496
2020-02-05,2.12,2.21,2.12,2.18,14992892.0,32637923.0,968751818.0,0.015476504633511821,002496
2020-02-06,2.2,2.21,2.16,2.19,13576455.0,29692061.0,968751818.0,0.014014378861274044,002496
2020-02-07,2.2,2.2,2.11,2.15,16058994.0,34486424.0,968751818.0,0.016576994955378756,002496
2020-02-10,2.17,2.37,2.17,2.37,21244690.0,48397857.0,968751818.0,0.021929961425889165,002496
2020-02-11,2.61,2.61,2.45,2.52,66612372.0,170676711.0,968751818.0,0.06876102915349575,002496
2020-02-12,2.4,2.59,2.36,2.53,34041955.0,85207241.0,968751818.0,0.03514001663530297,002496
2020-02-13,2.54,2.77,2.51,2.72,52497253.0,139961969.0,968751818.0,0.05419061107764548,002496
2020-02-14,2.63,2.81,2.6,2.69,41352404.0,111355172.0,968751818.0,0.04268627240914246,002496
2020-02-17,2.77,2.95,2.77,2.87,51341450.0,146747714.0,968751818.0,0.05299752634890023,002496
2020-02-18,2.78,2.8,2.72,2.78,41621693.0,114821008.0,968751818.0,0.04296424762941709,002496
2020-02-19,2.76,2.76,2.66,2.66,28810458.0,77701799.0,968751818.0,0.029739771801904374,002496
2020-02-20,2.67,2.72,2.66,2.68,13356181.0,35753480.0,968751818.0,0.013786999675080867,002496
2020-02-21,2.69,2.69,2.66,2.68,13768112.0,36788404.0,968751818.0,0.014212217973871198,002496
2020-02-24,2.69,2.73,2.67,2.69,15864709.0,42765384.0,968751818.0,0.01637644307367896,002496
2020-02-25,2.65,2.68,2.59,2.68,19289888.0,50959034.0,968751818.0,0.019912105083657247,002496
2020-02-26,2.66,2.85,2.65,2.75,31470137.0,87069326.0,968751818.0,0.032485241746405685,002496
2020-02-27,2.78,2.81,2.73,2.78,17396380.0,48270600.0,968751818.0,0.017957519848494363,002496
2020-02-28,2.72,2.75,2.68,2.69,16028140.0,43438356.0,968751818.0,0.01654514572482588,002496
2020-03-02,2.74,2.85,2.72,2.82,25489632.0,71010092.0,968751818.0,0.026311828815582156,002496
2020-03-03,2.83,2.89,2.8,2.87,30240982.0,86168513.0,968751818.0,0.031216438966207957,002496
2020-03-04,3.16,3.16,3.16,3.16,16881561.0,53345733.0,968751818.0,0.017426094781274517,002496
2020-03-05,3.35,3.36,3.03,3.09,85837995.0,272239128.0,968751818.0,0.08860679629712963,002496
2020-03-06,3.15,3.35,3.12,3.14,60368395.0,192160651.0,968751818.0,0.06231564563629031,002496
2020-03-09,3.02,3.11,2.91,3.0,52225604.0,155360422.0,968751818.0,0.053910199732910336,002496
2020-03-10,2.89,2.96,2.82,2.92,33134998.0,95572683.0,968751818.0,0.03420380471482119,002496
2020-03-11,2.95,2.96,2.87,2.87,23959556.0,69738424.0,968751818.0,0.024732398489289854,002496
2020-03-12,2.82,2.86,2.73,2.76,22820538.0,63728180.0,968751818.0,0.023556640179641965,002496
2020-03-13,2.55,2.71,2.52,2.65,26074234.0,68286332.0,968751818.0,0.026915287812136007,002496
2020-03-16,2.69,2.7,2.54,2.58,20842444.0,54692689.0,968751818.0,0.0215147405276921,002496
2020-03-17,2.58,2.61,2.43,2.5,19630484.0,48966201.0,968751818.0,0.020263687391603946,002496
2020-03-18,2.55,2.58,2.5,2.5,14479010.0,36819404.0,968751818.0,0.014946046790283288,002496
2020-03-19,2.48,2.52,2.41,2.49,15551808.0,38372829.0,968751818.0,0.016053449099178878,002496
2020-03-20,2.5,2.55,2.48,2.54,9996088.0,25160077.0,968751818.0,0.01031852308740648,002496
2020-03-23,2.51,2.59,2.48,2.52,14904720.0,37979673.0,968751818.0,0.015385488546252204,002496
2020-03-24,2.55,2.58,2.49,2.54,10018863.0,25283537.0,968751818.0,0.010342032720706594,002496
2020-03-25,2.57,2.65,2.54,2.64,15695780.0,40655059.0,968751818.0,0.016202065078343937,002496
2020-03-26,2.6,2.72,2.59,2.64,15566382.0,41433154.0,968751818.0,0.016068493199978696,002496
2020-03-27,2.64,2.68,2.6,2.62,8490512.0,22294223.0,968751818.0,0.00876438303623395,002496
2020-03-30,2.63,2.63,2.53,2.54,8401520.0,21485682.0,968751818.0,0.008672520498949917,002496
2020-03-31,2.53,2.54,2.41,2.46,15940740.0,39429460.0,969080341.0,0.016449348238300503,002496
2020-04-01,2.44,2.55,2.44,2.51,14161710.0,35503066.0,969080341.0,0.014613556173667133,002496
2020-04-02,2.5,2.52,2.47,2.51,6768864.0,16864197.0,969080341.0,0.0069848326435093784,002496
2020-04-03,2.5,2.53,2.49,2.5,5605980.0,14029698.0,969080341.0,0.00578484544863964,002496
2020-04-07,2.5,2.54,2.49,2.53,9283520.0,23451700.0,969080341.0,0.009579721729181171,002496
2020-04-08,2.54,2.6,2.51,2.57,9886500.0,25318606.0,969080341.0,0.010201940522081027,002496
2020-04-09,2.58,2.59,2.54,2.54,8016140.0,20480688.0,969080341.0,0.008271904465349174,002496
2020-04-10,2.52,2.54,2.45,2.47,9838728.0,24442075.0,969080341.0,0.010152644299694858,002496
2020-04-13,2.47,2.72,2.47,2.61,39425683.0,103753855.0,969080341.0,0.040683606231570434,002496
2020-04-14,2.57,2.57,2.48,2.56,23868644.0,60414175.0,969080341.0,0.024630201429295118,002496
2020-04-15,2.53,2.54,2.5,2.52,11464209.0,28784930.0,969080341.0,0.011829988201153696,002496
2020-04-16,2.5,2.6,2.48,2.55,17237560.0,43830775.0,969080341.0,0.0177875448202906,002496
2020-04-17,2.54,2.55,2.5,2.51,12941468.0,32577211.0,969080341.0,0.01335438090369847,002496
2020-04-20,2.52,2.53,2.49,2.5,6546220.0,16373387.0,969080341.0,0.00675508492231399,002496
2020-04-21,2.5,2.54,2.48,2.5,6850840.0,17160171.0,969080341.0,0.007069424185130591,002496
2020-04-22,2.49,2.61,2.48,2.54,15094144.0,38479622.0,969080341.0,0.015575740587642361,002496
2020-04-23,2.51,2.54,2.48,2.5,11552336.0,28975926.0,969080341.0,0.011920926997733823,002496
2020-04-24,2.5,2.51,2.46,2.46,8782772.0,21718628.0,969080341.0,0.009062996769635222,002496
2020-04-27,2.46,2.51,2.44,2.49,8754980.0,21672424.0,969080341.0,0.009034318032874016,002496
2020-04-28,2.46,2.47,2.34,2.35,14422000.0,34681685.0,969080341.0,0.014882151035194718,002496
2020-04-30,2.23,2.23,2.23,2.23,3051400.0,6804622.0,969080341.0,0.0031487585403406713,002496
2020-05-06,2.12,2.12,2.12,2.12,2966000.0,6287920.0,969080341.0,0.00306063375193368,002496
2020-05-07,2.01,2.23,2.01,2.19,42810592.0,90820696.0,969080341.0,0.04417651477257653,002496
2020-05-08,2.16,2.19,2.13,2.15,13701895.0,29438110.0,969080341.0,0.01413907023009148,002496
2020-05-11,2.15,2.18,2.14,2.15,10112552.0,21747378.0,969080341.0,0.010435204979563196,002496
2020-05-12,2.15,2.16,2.13,2.15,5061275.0,10855289.0,969080341.0,0.005222760988812588,002496
2020-05-13,2.15,2.15,2.13,2.15,4738214.0,10142537.0,969080341.0,0.004889392343993489,002496
2020-05-14,2.15,2.15,2.12,2.13,4536583.0,9679151.0,969080341.0,0.004681328067514683,002496
2020-05-15,2.13,2.14,2.02,2.11,15802795.0,32860543.0,969080341.0,0.01630700193927471,002496
2020-05-18,2.1,2.13,2.07,2.08,5524460.0,11593494.0,969080341.0,0.005700724456239898,002496
2020-05-19,2.08,2.1,2.05,2.06,7069534.0,14603923.0,969080341.0,0.007295095876885609,002496
2020-05-20,2.06,2.06,1.98,2.0,13791100.0,27682276.0,969080341.0,0.014231121421541664,002496
2020-05-21,1.99,1.99,1.9,1.9,18278644.0,35148762.0,969080341.0,0.018861845841530698,002496
2020-05-22,1.85,2.0,1.85,2.0,22192368.0,43967067.0,969080341.0,0.022900441853045496,002496
2020-05-25,2.04,2.06,1.97,1.98,8899829.0,17900952.0,969080341.0,0.00918378861221786,002496
2020-05-26,1.96,2.08,1.96,2.06,8579687.0,17578847.0,969080341.0,0.008853432101559885,002496
2020-05-27,2.07,2.16,2.06,2.16,13367239.0,28642166.0,969080341.0,0.013793736633029068,002496
2020-05-28,2.17,2.27,2.17,2.27,10187049.0,22928071.0,969080341.0,0.010512078894808577,002496
2020-05-29,2.35,2.38,2.34,2.38,5276180.0,12527648.0,969080341.0,0.005444522788023413,002496
2020-06-01,2.5,2.5,2.5,2.5,1423400.0,3558500.0,969080341.0,0.0014688152671956845,002496
2020-06-02,2.63,2.63,2.63,2.63,1381656.0,3633755.0,969080341.0,0.001425739375307377,002496
2020-06-03,2.76,2.76,2.76,2.76,2521930.0,6960527.0,969080341.0,0.0026023951712791996,002496
2020-06-04,2.76,2.76,2.62,2.62,41978322.0,110829114.0,969080341.0,0.04331769020995959,002496
2020-06-05,2.61,2.62,2.52,2.61,21270744.0,54587040.0,969080341.0,0.021949412344956443,002496
2020-06-08,2.74,2.74,2.69,2.74,15055522.0,41140144.0,969080341.0,0.015535886306871229,002496
2020-06-09,2.84,2.84,2.7,2.74,27939055.0,77696942.0,969080341.0,0.028830483725600622,002496
2020-06-10,2.71,2.75,2.71,2.72,6730720.0,18388342.0,969080341.0,0.006945471613895839,002496
2020-06-11,2.72,2.72,2.6,2.69,14503692.0,38591799.0,969080341.0,0.014966449515458698,002496
2020-06-12,2.63,2.77,2.61,2.72,8703060.0,23591829.0,969080341.0,0.008980741463622365,002496
2020-06-15,2.71,2.78,2.66,2.7,6181200.0,16757719.0,969080341.0,0.006378418525776286,002496
2020-06-16,2.68,2.74,2.66,2.69,8270691.0,22237406.0,969080341.0,0.008534577217267067,002496
2020-06-17,2.69,2.72,2.67,2.69,5529019.0,14840175.0,969080341.0,0.005705428916548416,002496
2020-06-18,2.69,2.72,2.66,2.68,5685200.0,15300744.0,969080341.0,0.005866593056808279,002496
2020-06-19,2.68,2.78,2.68,2.74,11264175.0,30862349.0,969080341.0,0.011623571878856223,002496
2020-06-22,2.74,2.88,2.73,2.88,19391859.0,55371054.0,969080341.0,0.020010579287976702,002496
2020-06-23,2.91,2.93,2.81,2.85,13378774.0,38453936.0,969080341.0,0.013805639670901135,002496
2020-06-24,2.83,2.93,2.83,2.93,11179605.0,32454952.0,969080341.0,0.011536303572584804,002496
2020-06-29,2.93,3.08,2.92,2.98,19507826.0,58765587.0,969080341.0,0.020130246352815035,002496
2020-06-30,2.99,3.07,2.99,3.01,10382315.0,31338782.0,969065169.0,0.010713742823626344,002496
2020-07-01,3.01,3.02,2.86,2.87,21230739.0,61631069.0,969065169.0,0.021908473938763554,002496
2020-07-02,2.85,2.92,2.84,2.89,11161854.0,32005517.0,969065169.0,0.011518166535196148,002496
2020-07-03,2.88,2.89,2.8,2.85,10725881.0,30462020.0,969065169.0,0.011068276255422818,002496
2020-07-06,2.85,2.91,2.82,2.87,14310928.0,41063118.0,969065169.0,0.01476776635648536,002496
2020-07-07,2.87,2.92,2.85,2.9,14097620.0,40606138.0,969065169.0,0.0145476490652818,002496
2020-07-08,2.91,2.92,2.86,2.88,8760625.0,25209812.0,969065169.0,0.00904028467872835,002496
2020-07-09,2.88,2.89,2.85,2.89,9744563.0,27977935.0,969065169.0,0.010055632285345301,002496
2020-07-10,2.89,3.03,2.89,2.94,17959065.0,52852239.0,969065169.0,0.01853236043818638,002496
2020-07-13,2.96,2.99,2.91,2.98,15116904.0,44679980.0,969065169.0,0.015599470999044854,002496
2020-07-14,2.99,3.06,2.95,2.99,13890940.0,41573419.0,969065169.0,0.0143343713553696,002496
2020-07-15,2.99,3.02,2.91,2.94,11376838.0,33507300.0,969065169.0,0.01174001332824707,002496
2020-07-16,2.94,2.96,2.8,2.82,12483895.0,35918179.0,969065169.0,0.012882410181848152,002496
2020-07-17,2.82,2.88,2.76,2.82,11553095.0,32501206.0,969065169.0,0.01192189686470921,002496
2020-07-20,2.83,2.88,2.83,2.86,6856988.0,19587463.0,969065169.0,0.007075879124905375,002496
2020-07-21,2.87,3.0,2.86,3.0,16011900.0,47267487.0,969065169.0,0.016523037368604464,002496
2020-07-22,3.05,3.15,2.97,2.99,23174495.0,71132204.0,969065169.0,0.02391427918507718,002496
2020-07-23,2.95,3.03,2.93,3.0,11269782.0,33528589.0,969065169.0,0.011629539849863287,002496
2020-07-24,3.02,3.04,2.92,2.95,10551400.0,31245161.0,969065169.0,0.01088822541304237,002496
2020-07-27,2.94,3.09,2.94,3.04,12833540.0,38864865.0,969065169.0,0.013243216669569517,002496
2020-07-28,3.08,3.09,3.0,3.02,10858444.0,32947242.0,969065169.0,0.011205070977017027,002496
2020-07-29,3.0,3.02,2.97,3.02,6984000.0,20965566.0,969065169.0,0.007206945645571955,002496
2020-07-30,3.03,3.04,3.0,3.04,8813340.0,26637856.0,969065169.0,0.009094682465055143,002496
2020-07-31,3.04,3.08,3.03,3.06,8722474.0,26628637.0,969065169.0,0.009000915809409305,002496
2020-08-03,3.05,3.15,3.05,3.14,15831609.0,49349315.0,969065169.0,0.01633699105740947,002496
2020-08-04,3.2,3.2,3.13,3.13,12550574.0,39589699.0,969065169.0,0.012951217731776717,002496
2020-08-05,3.18,3.28,3.14,3.27,17050539.0,54912171.0,969065169.0,0.01759483215932199,002496
2020-08-06,3.32,3.43,3.29,3.43,23549062.0,79739338.0,969065169.0,0.02430080324143814,002496
2020-08-07,3.5,3.6,3.45,3.53,31085640.0,109715012.0,969065169.0,0.03207796647162334,002496
2020-08-10,3.54,3.69,3.48,3.58,18048330.0,65084308.0,969065169.0,0.018624474986160607,002496
2020-08-11,3.57,3.62,3.41,3.42,23270064.0,81005111.0,969065169.0,0.024012898971503535,002496
2020-08-12,3.41,3.44,3.26,3.31,19616820.0,65037470.0,969065169.0,0.020243034862395308,002496
2020-08-13,3.34,3.37,3.31,3.36,10229920.0,34174525.0,969065169.0,0.010556483018119909,002496
2020-08-14,3.38,3.38,3.3,3.36,6677311.0,22260340.0,969065169.0,0.006890466414029168,002496
2020-08-17,3.36,3.41,3.33,3.37,11073012.0,37281290.0,969065169.0,0.011426488490373138,002496
2020-08-18,3.39,3.43,3.37,3.41,7276897.0,24774055.0,969065169.0,0.0075091926041560165,002496
2020-08-19,3.41,3.41,3.35,3.35,7291500.0,24601425.0,969065169.0,0.007524261766135153,002496
2020-08-20,3.34,3.34,3.19,3.24,15459400.0,50636108.0,969065169.0,0.015952900273934003,002496
2020-08-21,3.25,3.31,3.24,3.27,8388340.0,27424175.0,969065169.0,0.008656115469154789,002496
2020-08-24,3.3,3.33,3.27,3.31,6123902.0,20215530.0,969065169.0,0.006319391301948652,002496
2020-08-25,3.3,3.31,3.23,3.25,10655455.0,34674583.0,969065169.0,0.010995602092473928,002496
2020-08-26,3.25,3.26,3.13,3.17,10393680.0,33102235.0,969065169.0,0.010725470621057892,002496
2020-08-27,3.17,3.19,3.13,3.19,5988040.0,18907288.0,969065169.0,0.006179192268543913,002496
2020-08-28,3.19,3.19,3.14,3.18,6253845.0,19775751.0,969065169.0,0.0064534823870034275,002496
2020-08-31,3.18,3.18,3.13,3.14,7322433.0,23046002.0,969065169.0,0.007556182219980295,002496
2020-09-01,3.11,3.14,3.11,3.13,7012233.0,21890281.0,969065169.0,0.007236079909090201,002496
2020-09-02,3.17,3.29,3.13,3.29,13367281.0,43026593.0,969065169.0,0.013793995933002108,002496
2020-09-03,3.32,3.37,3.29,3.32,14672160.0,48958662.0,969065169.0,0.015140529728398484,002496
2020-09-04,3.3,3.36,3.24,3.36,9321544.0,30961175.0,969065169.0,0.009619109527607013,002496
2020-09-07,3.38,3.39,3.31,3.31,6982600.0,23286312.0,969065169.0,0.007205500954291341,002496
2020-09-08,3.31,3.35,3.24,3.28,6200576.0,20270808.0,969065169.0,0.006398512915698449,002496
2020-09-09,3.22,3.26,3.17,3.2,7387580.0,23754860.0,969065169.0,0.007623408864878931,002496
2020-09-10,3.21,3.25,3.17,3.17,5250640.0,16861809.0,969065169.0,0.005418252732598214,002496
2020-09-11,3.16,3.21,3.15,3.19,3712880.0,11851947.0,969065169.0,0.0038314038299729664,002496
2020-09-14,3.23,3.23,3.18,3.23,4355320.0,13989520.0,969065169.0,0.004494352020199376,002496
2020-09-15,3.23,3.24,3.2,3.22,3816240.0,12291365.0,969065169.0,0.003938063323375933,002496
2020-09-16,3.25,3.25,3.21,3.24,4966060.0,16067133.0,969065169.0,0.005124588272143336,002496
2020-09-17,3.24,3.39,3.24,3.33,12309780.0,41224561.0,969065169.0,0.01270273702304535,002496
2020-09-18,3.41,3.41,3.31,3.39,7479440.0,25149277.0,969065169.0,0.007718201251334006,002496
2020-09-21,3.39,3.56,3.39,3.55,19834193.0,69416745.0,969065169.0,0.020467346917924362,002496
2020-09-22,3.49,3.55,3.45,3.46,10459930.0,36485034.0,969065169.0,0.010793835476301182,002496
2020-09-23,3.46,3.56,3.46,3.5,5639760.0,19767846.0,969065169.0,0.005819794354821146,002496
2020-09-24,3.49,3.51,3.4,3.41,6733840.0,23128033.0,969065169.0,0.006948799952173288,002496
2020-09-25,3.44,3.45,3.36,3.39,4718370.0,16026234.0,969065169.0,0.0048689914269326095,002496
2020-09-28,3.32,3.44,3.32,3.36,6377440.0,21553134.0,969065169.0,0.006581022829022967,002496
2020-09-29,3.34,3.52,3.34,3.4,11118559.0,38200402.0,969065169.0,0.011473489457343193,002496
2020-09-30,3.41,3.43,3.37,3.41,5380792.0,18322413.0,969065169.0,0.005552559489422739,002496
2020-10-09,3.43,3.47,3.43,3.45,5702835.0,19663967.0,969065169.0,0.0058848828566244755,002496
2020-10-12,3.49,3.6,3.49,3.53,8572095.0,30424843.0,969065169.0,0.008845736359346953,002496
2020-10-13,3.7,3.7,3.53,3.55,14036710.0,50646227.0,969065169.0,0.014484794675351706,002496
2020-10-14,3.54,3.55,3.48,3.54,6985900.0,24552661.0,969065169.0,0.007208906298024215,002496
2020-10-15,3.54,3.66,3.52,3.64,10951732.0,39541509.0,969065169.0,0.011301336948578326,002496
2020-10-16,3.68,3.72,3.58,3.7,11600339.0,42469865.0,969065169.0,0.011970649003895837,002496
2020-10-19,3.7,3.88,3.67,3.88,17974450.0,67835465.0,969065169.0,0.018548236563437976,002496
2020-10-20,3.8,3.87,3.72,3.72,20680679.0,78275835.0,969065169.0,0.021340854734610733,002496
2020-10-21,3.72,3.73,3.65,3.68,7879330.0,29017142.0,969065169.0,0.008130856677194225,002496
2020-10-22,3.67,3.75,3.64,3.67,7850565.0,28963035.0,969065169.0,0.008101173430989346,002496
2020-10-23,3.69,3.73,3.64,3.69,6349090.0,23392365.0,969065169.0,0.0065517678305905555,002496
2020-10-26,3.71,3.75,3.7,3.72,7848905.0,29241231.0,969065169.0,0.008099460439899476,002496
2020-10-27,3.74,3.89,3.71,3.85,20546446.0,78676152.0,969065169.0,0.02120233670270322,002496
2020-10-28,3.87,3.93,3.78,3.89,16026020.0,62126662.0,969065169.0,0.01653760811209179,002496
2020-10-29,3.88,3.89,3.7,3.7,29433308.0,109846621.0,969065169.0,0.030372888162282098,002496
2020-10-30,3.53,3.63,3.52,3.52,17906000.0,63529714.0,969065169.0,0.018477601479039436,002496
2020-11-02,3.34,3.4,3.34,3.34,7165300.0,23955195.0,969065169.0,0.0073940331664113295,002496
2020-11-03,3.17,3.17,3.17,3.17,5730500.0,18165685.0,969065169.0,0.00591343098825173,002496
2020-11-04,3.01,3.01,3.01,3.01,3640700.0,10958507.0,969065169.0,0.0037569196752339365,002496
2020-11-05,3.01,3.16,3.01,3.16,19672378.0,59795453.0,969065169.0,0.020300366403944087,002496
2020-11-06,3.16,3.25,3.07,3.12,25489160.0,80474403.0,969065169.0,0.026302833715819995,002496
2020-11-09,3.16,3.16,2.96,3.03,22726156.0,68632051.0,969065169.0,0.023451628153606664,002496
2020-11-10,3.03,3.03,2.88,2.88,23218100.0,67629564.0,969065169.0,0.023959276158856558,002496
2020-11-11,2.85,2.87,2.74,2.74,20563602.0,56752944.0,969065169.0,0.02122004036242479,002496
2020-11-12,2.7,2.85,2.61,2.76,17486135.0,47791061.0,969065169.0,0.0180443334043719,002496
2020-11-13,2.72,2.82,2.71,2.8,9184920.0,25382250.0,969065169.0,0.009478124169376684,002496
2020-11-16,2.79,2.82,2.75,2.78,8023680.0,22338885.0,969065169.0,0.008279814667448851,002496
2020-11-17,2.82,2.92,2.78,2.92,18067143.0,52192496.0,969065169.0,0.018643888541205012,002496
2020-11-18,2.93,2.93,2.84,2.92,11689397.0,33754282.0,969065169.0,0.012062549943944997,002496
2020-11-19,2.88,2.96,2.88,2.9,5805880.0,16875621.0,969065169.0,0.005991217294489304,002496
2020-11-20,2.89,2.93,2.87,2.9,5949640.0,17301628.0,969065169.0,0.006139566450561387,002496
2020-11-23,2.96,2.96,2.87,2.9,7796033.0,22614863.0,969065169.0,0.008044900641764784,002496
2020-11-24,2.91,2.91,2.82,2.83,10225196.0,29141955.0,969065169.0,0.010551608216970184,002496
2020-11-25,2.84,2.84,2.78,2.84,7282840.0,20449697.0,969065169.0,0.007515325318642218,002496
2020-11-26,2.84,2.94,2.82,2.91,10818300.0,31410345.0,969065169.0,0.011163645486467795,002496
2020-11-27,2.91,2.94,2.88,2.89,5353300.0,15550288.0,969065169.0,0.005524189880360874,002496
2020-11-30,2.88,2.9,2.85,2.88,6104129.0,17493909.0,969065169.0,0.00629898710145468,002496
2020-12-01,2.87,2.89,2.79,2.86,7018612.0,19903347.0,969065169.0,0.00724266254171808,002496
2020-12-02,2.87,2.87,2.83,2.87,4635640.0,13224770.0,969065169.0,0.004783620491471818,002496
2020-12-03,2.87,2.88,2.83,2.86,4965500.0,14128910.0,969065169.0,0.005124010395631091,002496
2020-12-04,2.86,2.86,2.83,2.85,3048245.0,8669445.0,969065169.0,0.003145552123337125,002496
2020-12-07,2.86,2.86,2.81,2.82,5943080.0,16781478.0,969065169.0,0.006132797039989372,002496
2020-12-08,2.82,2.83,2.79,2.79,3963160.0,11118856.0,969065169.0,0.004089673354052827,002496
2020-12-09,2.79,2.86,2.78,2.81,5388836.0,15206812.0,969065169.0,0.005560860272752204,002496
2020-12-10,2.81,2.83,2.79,2.81,4202829.0,11809774.0,969065169.0,0.004336993150147986,002496
2020-12-11,2.79,2.8,2.67,2.74,9931049.0,27083674.0,969065169.0,0.010248071355457003,002496
2020-12-14,2.8,2.8,2.75,2.76,4014268.0,11123272.0,969065169.0,0.004142412841173945,002496
2020-12-15,2.75,2.75,2.62,2.63,12003900.0,31925320.0,969065169.0,0.01238709261667829,002496
2020-12-16,2.61,2.63,2.5,2.5,15174500.0,38144073.0,969065169.0,0.01565890559832927,002496
2020-12-17,2.5,2.5,2.38,2.38,12302480.0,29409767.0,969065169.0,0.012695203989939298,002496
2020-12-18,2.35,2.46,2.31,2.4,11115461.0,26550797.0,969065169.0,0.011470292561923666,002496
2020-12-21,2.39,2.39,2.32,2.34,8194580.0,19276127.0,969065169.0,0.00845617019591796,002496
2020-12-22,2.34,2.46,2.31,2.46,11879520.0,28877930.0,969065169.0,0.012258742115619264,002496
2020-12-23,2.45,2.45,2.34,2.38,12295180.0,29195036.0,969065169.0,0.012687670956833244,002496
2020-12-24,2.35,2.43,2.32,2.35,6917880.0,16424701.0,969065169.0,0.007138714940233292,002496
2020-12-25,2.36,2.37,2.3,2.36,6114800.0,14249083.0,969065169.0,0.0063099987447799806,002496
2020-12-28,2.34,2.34,2.3,2.33,4223080.0,9807746.0,969065169.0,0.0043578906095220514,002496
2020-12-29,2.35,2.45,2.33,2.44,12455580.0,30140103.0,969065169.0,0.012853191300697755,002496
2020-12-30,2.33,2.41,2.33,2.39,8420820.0,19956143.0,969065169.0,0.00868963230686501,002496
2020-12-31,2.36,2.5,2.36,2.47,9426805.0,23046736.0,969044941.0,0.00972793376360034,002496
2021-01-04,2.57,2.59,2.53,2.59,9293580.0,24015593.0,969044941.0,0.009590453039680024,002496
2021-01-05,2.65,2.72,2.63,2.72,23027930.0,62317965.0,969044941.0,0.023763531520257945,002496
2021-01-06,2.79,2.79,2.69,2.74,14233550.0,38855151.0,969044941.0,0.014688224867374856,002496
2021-01-07,2.72,2.88,2.69,2.88,19381109.0,54964334.0,969044941.0,0.0200002168939655,002496
2021-01-08,2.9,2.94,2.81,2.88,13839150.0,39643777.0,969044941.0,0.014281226199600995,002496
2021-01-11,2.86,2.98,2.83,2.88,12622134.0,36700102.0,969044941.0,0.013025333981904561,002496
2021-01-12,2.86,2.92,2.76,2.8,15804444.0,44647323.0,969044941.0,0.016309299322785485,002496
2021-01-13,2.8,2.88,2.78,2.8,9016409.0,25441692.0,969044941.0,0.009304428121461088,002496
2021-01-14,2.78,2.86,2.76,2.81,9444333.0,26499999.0,969044941.0,0.009746021675995727,002496
2021-01-15,2.79,2.85,2.78,2.84,5162320.0,14532422.0,969044941.0,0.005327224550259533,002496
2021-01-18,2.87,2.98,2.87,2.98,18201772.0,54007112.0,969044941.0,0.018783207289867064,002496
2021-01-19,2.96,3.06,2.95,3.0,16050224.0,48025721.0,969044941.0,0.016562930490547807,002496
2021-01-20,3.03,3.03,2.95,3.0,9920700.0,29657262.0,969044941.0,0.010237605688093676,002496
2021-01-21,2.85,2.85,2.85,2.85,2033300.0,5794905.0,969044941.0,0.002098251498946735,002496
2021-01-22,2.71,2.71,2.71,2.71,3361800.0,9110478.0,969044941.0,0.0034691889485856157,002496
2021-01-25,2.69,2.79,2.57,2.6,20216560.0,53881585.0,969044941.0,0.020862355443636748,002496
2021-01-26,2.56,2.6,2.52,2.56,6620600.0,16963634.0,969044941.0,0.006832087677139011,002496
2021-01-27,2.56,2.63,2.56,2.57,5707700.0,14695195.0,969044941.0,0.00589002610561072,002496
2021-01-28,2.56,2.7,2.53,2.7,6613546.0,17373725.0,969044941.0,0.00682480834498263,002496
2021-01-29,2.78,2.78,2.6,2.67,8840268.0,23837587.0,969044941.0,0.009122660493823268,002496
2021-02-01,2.54,2.62,2.54,2.58,8615793.0,22107973.0,969044941.0,0.008891014890505476,002496
2021-02-02,2.6,2.61,2.52,2.61,3778444.0,9706364.0,969044941.0,0.0038991421761109014,002496
2021-02-03,2.6,2.67,2.59,2.61,5229684.0,13754749.0,969044941.0,0.005396740418048372,002496
2021-02-04,2.62,2.64,2.5,2.51,8066804.0,20541680.0,969044941.0,0.008324489049677624,002496
2021-02-05,2.48,2.58,2.48,2.52,3216878.0,8178412.0,969044941.0,0.0033196375770563977,002496
2021-02-08,2.52,2.58,2.52,2.56,3981564.0,10165258.0,969044941.0,0.004108750617789975,002496
2021-02-09,2.55,2.59,2.54,2.57,3594044.0,9219550.0,969044941.0,0.0037088517239367126,002496
2021-02-10,2.56,2.64,2.53,2.62,5057429.0,13030859.0,969044941.0,0.005218982924343031,002496
2021-02-18,2.63,2.66,2.59,2.64,6009350.0,15783285.0,969044941.0,0.006201311978161392,002496
2021-02-19,2.65,2.72,2.62,2.72,5900200.0,15774408.0,969044941.0,0.006088675303243753,002496
2021-02-22,2.72,2.83,2.67,2.77,11005194.0,30336872.0,969044941.0,0.01135674263842011,002496
2021-02-23,2.77,2.81,2.73,2.75,5543820.0,15303024.0,969044941.0,0.005720911141932271,002496
2021-02-24,2.75,2.77,2.65,2.68,7084480.0,19189121.0,969044941.0,0.007310785805959849,002496
2021-02-25,2.68,2.73,2.65,2.68,4475778.0,12008141.0,969044941.0,0.004618751732382244,002496
2021-02-26,2.65,2.69,2.62,2.68,4360597.0,11604984.0,969044941.0,0.004499891403901359,002496
2021-03-01,2.71,2.74,2.7,2.73,4415937.0,11999153.0,969044941.0,0.004556999178431292,002496
2021-03-02,2.75,2.75,2.66,2.69,4595120.0,12373918.0,969044941.0,0.004741905979363655,002496
2021-03-03,2.7,2.73,2.67,2.72,5467340.0,14760421.0,969044941.0,0.005641988073698638,002496
2021-03-04,2.71,2.73,2.69,2.73,5953567.0,16135847.0,969044941.0,0.006143747052490933,002496
2021-03-05,2.72,2.83,2.71,2.8,8049520.0,22408196.0,969044941.0,0.008306652931589888,002496
2021-03-08,2.79,2.85,2.72,2.75,8075760.0,22469412.0,969044941.0,0.008333731139101009,002496
2021-03-09,2.75,2.76,2.62,2.7,6131820.0,16550852.0,969044941.0,0.006327694145611354,002496
2021-03-10,2.73,2.73,2.68,2.7,4015340.0,10832163.0,969044941.0,0.004143605554409473,002496
2021-03-11,2.72,2.73,2.69,2.7,4577100.0,12395015.0,969044941.0,0.004723310350577435,002496
2021-03-12,2.64,2.67,2.57,2.57,17186400.0,44565271.0,969044941.0,0.017735400364677203,002496
2021-03-15,2.56,2.62,2.53,2.58,5191827.0,13420117.0,969044941.0,0.0053576741184390535,002496
2021-03-16,2.57,2.6,2.49,2.55,9922036.0,25217581.0,969044941.0,0.010238984365122442,002496
2021-03-17,2.52,2.57,2.5,2.54,5553830.0,14106754.0,969044941.0,0.005731240900209189,002496
2021-03-18,2.53,2.54,2.5,2.51,6806946.0,17106514.0,969044941.0,0.00702438629211109,002496
2021-03-19,2.5,2.57,2.48,2.52,7280986.0,18371770.0,969044941.0,0.007513568970791418,002496
2021-03-22,2.55,2.65,2.54,2.61,11409860.0,29531694.0,969044941.0,0.011774335242105144,002496
2021-03-23,2.64,2.64,2.56,2.59,5146820.0,13313135.0,969044941.0,0.005311229420060509,002496
2021-03-24,2.57,2.6,2.53,2.55,4782465.0,12194400.0,969044941.0,0.004935235506275658,002496
2021-03-25,2.56,2.58,2.52,2.53,5310300.0,13500275.0,969044941.0,0.005479931606185435,002496
2021-03-26,2.54,2.57,2.52,2.56,3539171.0,9021413.0,969044941.0,0.0036522258672005183,002496
2021-03-29,2.56,2.69,2.53,2.62,8799177.0,22862217.0,969044941.0,0.009080256887693716,002496
2021-03-30,2.58,2.6,2.54,2.55,7906040.0,20280005.0,969044941.0,0.008158589623141121,002496
2021-03-31,2.55,2.56,2.52,2.54,3481260.0,8830241.0,969219465.0,0.003591818082192561,002496
2021-04-01,2.57,2.63,2.55,2.61,7510800.0,19478717.0,969219465.0,0.007749328476394147,002496
2021-04-02,2.62,2.66,2.6,2.65,9100378.0,23994085.0,969219465.0,0.009389388398220004,002496
2021-04-06,2.65,2.74,2.64,2.65,6793600.0,18175564.0,969219465.0,0.007009351592005016,002496
2021-04-07,2.66,2.72,2.64,2.72,6161944.0,16544189.0,969219465.0,0.0063576354195486575,002496
2021-04-08,2.72,2.74,2.68,2.71,5798140.0,15737292.0,969219465.0,0.00598227770838259,002496
2021-04-09,2.74,2.74,2.66,2.7,4890800.0,13132822.0,969219465.0,0.00504612234546899,002496
2021-04-12,2.7,2.72,2.64,2.68,6252792.0,16700486.0,969219465.0,0.006451368576259454,002496
2021-04-13,2.66,2.68,2.61,2.61,5377180.0,14205871.0,969219465.0,0.005547948833239745,002496
2021-04-14,2.67,2.68,2.61,2.66,7484244.0,19837516.0,969219465.0,0.00772192910921367,002496
2021-04-15,2.62,2.65,2.6,2.61,5950058.0,15578799.0,969219465.0,0.00613902033013751,002496
2021-04-16,2.61,2.68,2.61,2.65,6039900.0,16006158.0,969219465.0,0.006231715538234676,002496
2021-04-19,2.62,2.63,2.55,2.61,6325211.0,16443088.0,969219465.0,0.006526087463585969,002496
2021-04-20,2.6,2.64,2.58,2.64,5576036.0,14607108.0,969219465.0,0.005753120115060834,002496
2021-04-21,2.64,2.64,2.61,2.62,3097360.0,8113175.0,969219465.0,0.0031957261609474588,002496
2021-04-22,2.62,2.62,2.55,2.55,8609060.0,22133628.0,969219465.0,0.008882467089123101,002496
2021-04-23,2.56,2.57,2.52,2.53,5856482.0,14893041.0,969219465.0,0.006042472537424741,002496
2021-04-26,2.53,2.56,2.5,2.54,3120104.0,7921670.0,969219465.0,0.003219192466383246,002496
2021-04-27,2.55,2.55,2.41,2.46,9857000.0,24404621.0,969219465.0,0.010170039249056972,002496
2021-04-28,2.34,2.34,2.34,2.34,2583700.0,6045858.0,969219465.0,0.002665753313156995,002496
2021-04-29,2.22,2.27,2.22,2.22,28167800.0,62688132.0,969219465.0,0.0290623548300281,002496
2021-04-30,2.33,2.33,2.33,2.33,7708707.0,17961287.0,969219465.0,0.007953520619811324,002496
2021-05-06,2.45,2.45,2.45,2.45,738963.0,1810459.0,969219465.0,0.0007624310351629184,002496
2021-05-07,2.57,2.57,2.47,2.57,31855424.0,81563779.0,969219465.0,0.03286709063359556,002496
2021-05-10,2.53,2.6,2.5,2.54,13150240.0,33594926.0,969219465.0,0.01356786617982337,002496
2021-05-11,2.51,2.66,2.49,2.61,18896154.0,48634860.0,969219465.0,0.01949625929149081,002496
2021-05-12,2.57,2.66,2.55,2.6,15678069.0,40821413.0,969219465.0,0.01617597413811742,002496
2021-05-13,2.59,2.73,2.59,2.73,15846490.0,42432140.0,969219465.0,0.01634974386322297,002496
2021-05-14,2.8,2.87,2.73,2.74,26856680.0,75631438.0,969219465.0,0.027709596195532454,002496
2021-05-17,2.6,2.68,2.6,2.63,14067890.0,36803378.0,969219465.0,0.01451465896838958,002496
2021-05-18,2.63,2.74,2.63,2.65,10059308.0,26991403.0,969219465.0,0.010378772159719265,002496
2021-05-19,2.65,2.66,2.58,2.61,11654910.0,30483844.0,969219465.0,0.01202504739213012,002496
2021-05-20,2.61,2.66,2.58,2.6,9060080.0,23764490.0,969219465.0,0.00934781061170702,002496
2021-05-21,2.61,2.69,2.6,2.67,9930648.0,26293118.0,969219465.0,0.010246026167045666,002496
2021-05-24,2.67,2.75,2.67,2.73,9057076.0,24674278.0,969219465.0,0.009344711210479043,002496
2021-05-25,2.75,2.75,2.7,2.73,7169782.0,19513020.0,969219465.0,0.0073974804045026064,002496
2021-05-26,2.7,2.78,2.68,2.76,10048220.0,27571723.0,969219465.0,0.0103673320262919,002496
2021-05-27,2.77,2.82,2.75,2.8,9822042.0,27429834.0,969219465.0,0.01013397105061236,002496
2021-05-28,2.8,2.89,2.8,2.84,11574474.0,32985027.0,969219465.0,0.011942056900394587,002496
2021-05-31,2.9,2.97,2.84,2.96,19441149.0,56632106.0,969219465.0,0.020058562278255525,002496
2021-06-01,3.0,3.09,2.96,3.06,19032173.0,57978495.0,969219465.0,0.019636597991766497,002496
2021-06-02,3.07,3.13,3.0,3.03,18422516.0,56209404.0,969219465.0,0.019007579464987323,002496
2021-06-03,3.06,3.18,3.06,3.18,15927589.0,49963253.0,969219465.0,0.016433418410555754,002496
2021-06-04,3.23,3.27,3.12,3.23,20834452.0,66570882.0,969219465.0,0.021496113885826673,002496
2021-06-07,3.25,3.34,3.2,3.3,15650879.0,51332473.0,969219465.0,0.01614792063632358,002496
2021-06-08,3.32,3.38,3.22,3.27,21467941.0,70683448.0,969219465.0,0.022149721270816616,002496
2021-06-09,3.24,3.42,3.24,3.37,20261637.0,67921356.0,969219465.0,0.02090510738968702,002496
2021-06-10,3.33,3.37,3.2,3.2,17528000.0,56909914.0,969219465.0,0.018084655367502343,002496
2021-06-11,3.12,3.3,3.04,3.19,29471167.0,92164440.0,969219465.0,0.03040711424424395,002496
2021-06-16,3.03,3.03,3.03,3.03,5590900.0,16940427.0,969219465.0,0.0057684561669425405,002496
2021-06-17,2.91,3.02,2.88,2.9,36476789.0,106336159.0,969219465.0,0.03763522124475699,002496
2021-06-18,2.91,2.97,2.84,2.92,17196070.0,49922242.0,969219465.0,0.017742183912907692,002496
2021-06-21,2.9,2.95,2.87,2.88,13738923.0,39792866.0,969219465.0,0.01417524461294223,002496
2021-06-22,2.92,3.02,2.87,3.02,27237130.0,81127834.0,969219465.0,0.02810212855145248,002496
2021-06-23,3.01,3.17,2.98,3.12,28224281.0,86590230.0,969219465.0,0.029120629557310842,002496
2021-06-24,3.13,3.2,3.06,3.12,21409116.0,67189672.0,969219465.0,0.022089028102628954,002496
2021-06-25,3.1,3.22,3.09,3.15,17688016.0,55876762.0,969219465.0,0.018249753166069565,002496
2021-06-28,3.19,3.19,3.0,3.04,23185760.0,71729015.0,969219465.0,0.02392209487868674,002496
2021-06-29,2.98,3.1,2.98,3.02,12064663.0,36640272.0,969219465.0,0.012447813354635837,002496
2021-06-30,3.05,3.05,2.91,2.92,18577032.0,54886072.0,1024048144.0,0.01814077991239443,002496
2021-07-01,2.94,2.96,2.89,2.91,10921162.0,31841791.0,1024048144.0,0.010664695858283788,002496
2021-07-02,2.93,2.93,2.86,2.88,10071568.0,29105893.0,1024048144.0,0.009835053223825774,002496
2021-07-05,2.88,3.02,2.84,3.02,16629123.0,49260466.0,1024048144.0,0.01623861446107948,002496
2021-07-06,3.1,3.17,3.04,3.07,27277406.0,84788876.0,1024048144.0,0.02663683944922027,002496
2021-07-07,3.04,3.09,3.01,3.03,15640354.0,47560021.0,1024048144.0,0.015273065130422227,002496
2021-07-08,2.96,3.03,2.91,2.95,18162963.0,53588493.0,1024048144.0,0.017736434665126446,002496
2021-07-09,2.93,3.05,2.92,3.01,12777454.0,38299293.0,1024048144.0,0.012477395789313592,002496
2021-07-12,3.03,3.08,2.98,3.0,13337296.0,40349278.0,1024048144.0,0.013024090789231488,002496
2021-07-13,3.0,3.11,2.94,3.06,17084846.0,51528590.0,1024048144.0,0.01668363553032327,002496
2021-07-14,3.06,3.08,3.0,3.0,12665820.0,38320955.0,1024048144.0,0.012368383336477195,002496
2021-07-15,3.0,3.07,2.98,3.03,11632210.0,35090938.0,1024048144.0,0.011359046025476709,002496
2021-07-16,3.03,3.03,2.97,2.99,12704340.0,38012704.0,1024048144.0,0.012405998755464763,002496
2021-07-19,2.89,2.98,2.88,2.9,17775994.0,51832329.0,1024048144.0,0.01735855301740579,002496
2021-07-20,2.9,2.93,2.87,2.9,8810340.0,25565714.0,1024048144.0,0.008603443159992681,002496
2021-07-21,2.89,2.92,2.88,2.9,7905287.0,22885848.0,1024048144.0,0.007719643892055137,002496
2021-07-22,2.9,2.9,2.79,2.81,16526460.0,46963013.0,1024048144.0,0.016138362338558178,002496
2021-07-23,2.79,2.81,2.69,2.69,18875244.0,51727126.0,1024048144.0,0.01843198887727294,002496
2021-07-26,2.69,2.82,2.65,2.82,18595408.0,52176241.0,1024048144.0,0.018158724381224015,002496
2021-07-27,2.8,2.86,2.75,2.76,17810908.0,49930466.0,1024048144.0,0.017392647117575363,002496
2021-07-28,2.73,2.76,2.62,2.69,10748110.0,28909396.0,1024048144.0,0.010495707709617216,002496
2021-07-29,2.69,2.82,2.69,2.81,16711740.0,46758405.0,1024048144.0,0.016319291332068466,002496
2021-07-30,2.78,2.83,2.76,2.8,8722134.0,24348591.0,1024048144.0,0.008517308537790778,002496
2021-08-02,2.86,2.93,2.81,2.91,15664854.0,45023560.0,1024048144.0,0.015296989786839552,002496
2021-08-03,2.92,3.04,2.91,3.0,18478338.0,55517782.0,1024048144.0,0.018044403584212734,002496
2021-08-04,3.0,3.05,2.96,2.99,11851118.0,35573010.0,1024048144.0,0.011572813318823807,002496
2021-08-05,2.99,3.01,2.93,3.0,9116453.0,27164256.0,1024048144.0,0.008902367582436631,002496
2021-08-06,3.0,3.05,2.96,3.03,8891960.0,26855640.0,1024048144.0,0.008683146443942972,002496
2021-08-09,3.05,3.05,2.99,3.02,9848905.0,29661157.0,1024048144.0,0.009617619110688999,002496
2021-08-10,3.03,3.17,3.0,3.12,19745360.0,61055061.0,1024048144.0,0.01928167158515938,002496
2021-08-11,3.11,3.19,3.11,3.18,15941846.0,50384830.0,1024048144.0,0.015567477069710895,002496
2021-08-12,3.19,3.2,3.14,3.14,11567004.0,36643743.0,1024048144.0,0.011295371284809438,002496
2021-08-13,3.15,3.17,3.05,3.05,15575580.0,48258658.0,1024048144.0,0.015209812244921172,002496
2021-08-16,3.05,3.12,3.02,3.05,9449200.0,28922538.0,1024048144.0,0.009227300547697687,002496
2021-08-17,3.08,3.08,3.0,3.0,10804520.0,32857344.0,1024048144.0,0.010550793010372372,002496
2021-08-18,3.02,3.05,3.0,3.04,8008203.0,24253555.0,1024048144.0,0.007820143073273321,002496
2021-08-19,3.04,3.05,2.97,3.02,7295255.0,21987708.0,1024048144.0,0.007123937524562322,002496
2021-08-20,3.02,3.12,2.99,3.09,11237061.0,34357780.0,1024048144.0,0.01097317647206243,002496
2021-08-23,3.12,3.2,3.12,3.17,17742210.0,56148112.0,1024048144.0,0.017325562380981183,002496
2021-08-24,3.16,3.26,3.16,3.22,14260355.0,45830878.0,1024048144.0,0.013925473214860883,002496
2021-08-25,3.19,3.3,3.19,3.21,19387160.0,62676615.0,1024048144.0,0.018931883343172192,002496
2021-08-26,3.24,3.24,3.05,3.05,41799798.0,129132857.0,1024048144.0,0.04081819614137204,002496
2021-08-27,2.99,3.09,2.9,3.04,28157224.0,83789734.0,1024048144.0,0.027495996321047968,002496
2021-08-30,3.0,3.04,2.91,2.91,25273380.0,75012782.0,1024048144.0,0.02467987481651058,002496
2021-08-31,2.94,3.05,2.91,2.99,17057076.0,50997973.0,1024048144.0,0.016656517664661672,002496
2021-09-01,3.03,3.03,2.93,3.0,15935760.0,47564861.0,1024048144.0,0.015561533989753512,002496
2021-09-02,3.0,3.0,2.94,2.98,11531205.0,34174524.0,1024048144.0,0.011260412967459077,002496
2021-09-03,2.96,2.98,2.91,2.93,17282444.0,50882964.0,1024048144.0,0.016876593255170238,002496
2021-09-06,2.93,2.98,2.92,2.93,11669660.0,34272310.0,1024048144.0,0.01139561657171462,002496
2021-09-07,2.92,2.97,2.9,2.97,12675667.0,37185260.0,1024048144.0,0.012377999095323784,002496
2021-09-08,2.94,2.97,2.93,2.96,14363380.0,42349569.0,1024048144.0,0.014026078836387209,002496
2021-09-09,2.96,2.97,2.93,2.96,12530203.0,37003366.0,1024048144.0,0.012235951086299709,002496
2021-09-10,2.96,2.97,2.93,2.95,10170320.0,29985354.0,1024048144.0,0.009931486189969599,002496
2021-09-13,2.95,3.06,2.93,3.02,22163203.0,66322597.0,1024048144.0,0.02164273538295676,002496
2021-09-14,3.01,3.06,2.98,2.99,18433314.0,55528664.0,1024048144.0,0.01800043690133381,002496
2021-09-15,2.98,3.0,2.95,2.98,13421312.0,39988297.0,1024048144.0,0.013106133806927734,002496
2021-09-16,2.97,2.99,2.92,2.93,14944200.0,44146130.0,1024048144.0,0.014593259201297865,002496
2021-09-17,2.91,2.93,2.88,2.9,12892458.0,37442928.0,1024048144.0,0.012589699103053109,002496
2021-09-22,2.88,2.95,2.86,2.93,9307224.0,27196779.0,1024048144.0,0.009088658628534169,002496
2021-09-23,2.94,3.07,2.92,3.0,20107161.0,60172224.0,1024048144.0,0.019634976263381617,002496
2021-09-24,3.0,3.01,2.96,2.98,14428100.0,43099572.0,1024048144.0,0.014089278989992486,002496
2021-09-27,3.0,3.03,2.95,2.97,17765638.0,53166538.0,1024048144.0,0.017348440211615676,002496
2021-09-28,2.96,2.96,2.91,2.94,9402120.0,27569787.0,1024048144.0,0.009181326146712883,002496
2021-09-29,2.91,2.95,2.88,2.89,9680715.0,28156348.0,1024048144.0,0.00945337878567553,002496
2021-09-30,2.94,2.95,2.91,2.92,5924035.0,17359996.0,1024048144.0,0.005784918448131087,002496
2021-10-08,2.95,2.99,2.93,2.96,8934630.0,26412851.0,1024048144.0,0.008724814406772656,002496
2021-10-11,2.96,3.07,2.95,3.01,15578805.0,46848659.0,1024048144.0,0.015212961510918964,002496
2021-10-12,3.0,3.03,2.95,3.01,11684675.0,34981267.0,1024048144.0,0.011410278968290381,002496
2021-10-13,3.01,3.03,2.98,3.0,8609560.0,25840040.0,1024048144.0,0.008407378159361226,002496
2021-10-14,3.03,3.05,2.99,3.0,8791864.0,26490923.0,1024048144.0,0.008585401039504252,002496
2021-10-15,3.0,3.01,2.95,2.95,8793100.0,26142993.0,1024048144.0,0.008586608014007591,002496
2021-10-18,2.93,2.96,2.9,2.93,12040560.0,35186030.0,1024048144.0,0.011757806574375277,002496
2021-10-19,2.93,2.95,2.91,2.93,8176420.0,23935513.0,1024048144.0,0.007984409764234679,002496
2021-10-20,2.92,2.93,2.89,2.9,8307200.0,24142332.0,1024048144.0,0.008112118603673774,002496
2021-10-21,2.9,2.92,2.88,2.9,9182860.0,26621636.0,1024048144.0,0.008967215119526646,002496
2021-10-22,2.89,2.92,2.87,2.89,7485100.0,21636115.0,1024048144.0,0.007309324316298942,002496
2021-10-25,2.88,2.9,2.86,2.87,6468780.0,18584915.0,1024048144.0,0.0063168709771129665,002496
2021-10-26,2.86,2.89,2.84,2.85,8778980.0,25111580.0,1024048144.0,0.008572819599778504,002496
2021-10-27,2.83,2.86,2.74,2.82,9713180.0,27233441.0,1024048144.0,0.009485081396719957,002496
2021-10-28,2.79,2.81,2.77,2.78,5936280.0,16542529.0,1024048144.0,0.005796875893756807,002496
2021-10-29,2.8,2.85,2.78,2.85,9053920.0,25581460.0,1024048144.0,0.008841303070610321,002496
2021-11-01,2.82,2.82,2.71,2.73,16422420.0,44897177.0,1024048144.0,0.01603676555269456,002496
2021-11-02,2.72,2.75,2.68,2.68,8922200.0,24130161.0,1024048144.0,0.00871267630557807,002496
2021-11-03,2.68,2.73,2.68,2.71,5107883.0,13816197.0,1024048144.0,0.004987932481424428,002496
2021-11-04,2.71,2.73,2.69,2.7,6754400.0,18263653.0,1024048144.0,0.00659578364510956,002496
2021-11-05,2.71,2.72,2.66,2.67,6720800.0,18043571.0,1024048144.0,0.0065629726877372285,002496
2021-11-08,2.67,2.67,2.61,2.63,8161120.0,21453681.0,1024048144.0,0.007969469060431205,002496
2021-11-09,2.63,2.69,2.63,2.68,8861498.0,23625569.0,1024048144.0,0.008653399795625233,002496
2021-11-10,2.68,2.68,2.63,2.68,6250880.0,16590738.0,1024048144.0,0.006104088012487038,002496
2021-11-11,2.68,2.75,2.65,2.72,8797358.0,23858101.0,1024048144.0,0.008590766021641263,002496
2021-11-12,2.73,2.73,2.7,2.71,5878200.0,15934142.0,1024048144.0,0.005740159810298919,002496
2021-11-15,2.7,2.71,2.65,2.66,7727868.0,20609209.0,1024048144.0,0.00754639129544675,002496
2021-11-16,2.67,2.68,2.65,2.65,4594520.0,12221441.0,1024048144.0,0.004486624996021671,002496
2021-11-17,2.66,2.66,2.63,2.65,4973755.0,13142648.0,1024048144.0,0.0048569542644471605,002496
2021-11-18,2.64,2.65,2.62,2.64,5601803.0,14750263.0,1024048144.0,0.0054702535547977126,002496
2021-11-19,2.65,2.67,2.63,2.66,5992737.0,15879313.0,1024048144.0,0.005852007090791622,002496
2021-11-22,2.66,2.73,2.66,2.67,10958650.0,29352801.0,1024048144.0,0.010701303512152061,002496
2021-11-23,2.68,2.71,2.66,2.69,8695181.0,23325769.0,1024048144.0,0.008490988486181954,002496
2021-11-24,2.7,2.7,2.66,2.68,6320231.0,16898671.0,1024048144.0,0.006171810414413485,002496
2021-11-25,2.67,2.68,2.65,2.65,5564700.0,14824921.0,1024048144.0,0.005434021859815997,002496
2021-11-26,2.65,2.68,2.64,2.67,5651826.0,15062378.0,1024048144.0,0.005519101844102361,002496
2021-11-29,2.65,2.65,2.62,2.63,9991620.0,26278587.0,1024048144.0,0.009756982675611392,002496
2021-11-30,2.63,2.65,2.62,2.64,5941100.0,15677414.0,1024048144.0,0.005801582703713196,002496
2021-12-01,2.65,2.71,2.63,2.71,11617283.0,31063726.0,1024048144.0,0.011344469562360732,002496
2021-12-02,2.7,2.79,2.69,2.75,19159721.0,52501452.0,1024048144.0,0.018709785386808925,002496
2021-12-03,2.74,2.77,2.71,2.76,13644513.0,37442679.0,1024048144.0,0.0133240932859891,002496
2021-12-06,2.77,2.9,2.77,2.9,35206671.0,101517049.0,1024048144.0,0.034379898256033554,002496
2021-12-07,2.91,3.03,2.86,2.99,39804577.0,118037650.0,1024048144.0,0.03886982973722376,002496
2021-12-08,2.98,2.98,2.85,2.9,25892021.0,75062206.0,1024048144.0,0.025283988015313466,002496
2021-12-09,2.9,2.91,2.82,2.83,18052944.0,51374625.0,1024048144.0,0.01762899928658042,002496
2021-12-10,2.83,2.9,2.82,2.85,10495408.0,29987303.0,1024048144.0,0.010248940014679622,002496
2021-12-13,2.84,2.88,2.79,2.81,14049302.0,39492405.0,1024048144.0,0.013719376459316155,002496
2021-12-14,2.82,2.87,2.78,2.85,9224304.0,26135122.0,1024048144.0,0.009007685873018876,002496
2021-12-15,2.84,2.89,2.84,2.85,9402260.0,26938115.0,1024048144.0,0.009181462859035268,002496
2021-12-16,2.85,2.86,2.82,2.85,6961912.0,19783848.0,1024048144.0,0.0067984225554145435,002496
2021-12-17,2.85,2.87,2.83,2.84,8085315.0,23009288.0,1024048144.0,0.007895444220442823,002496
2021-12-20,2.83,2.84,2.79,2.8,9425556.0,26448106.0,1024048144.0,0.009204211789480086,002496
2021-12-21,2.81,2.86,2.79,2.85,6129591.0,17313194.0,1024048144.0,0.005985647291989037,002496
2021-12-22,2.84,2.87,2.82,2.83,7037108.0,19977593.0,1024048144.0,0.006871852696800552,002496
2021-12-23,2.85,2.85,2.81,2.84,6256932.0,17682569.0,1024048144.0,0.006109997890880412,002496
2021-12-24,2.84,2.84,2.77,2.77,7783720.0,21770094.0,1024048144.0,0.007600931699945545,002496
2021-12-27,2.76,2.79,2.75,2.77,6084495.0,16854625.0,1024048144.0,0.005941610299915743,002496
2021-12-28,2.76,2.82,2.76,2.78,5441340.0,15183379.0,1024048144.0,0.005313558773463291,002496
2021-12-29,2.77,2.8,2.75,2.75,6991900.0,19353869.0,1024048144.0,0.0068277063348693495,002496
2021-12-30,2.75,2.78,2.75,2.76,4241827.0,11727694.0,1024048144.0,0.004142214430887148,002496
2021-12-31,2.76,2.79,2.76,2.79,4591033.0,12762156.0,1019783543.0000001,0.004501968120111151,002496
2022-01-04,2.82,2.85,2.82,2.84,11212390.0,31763555.0,1019783543.0000001,0.010994872467754659,002496
2022-01-05,2.84,2.84,2.81,2.83,7085200.0,20011057.0,1019783543.0000001,0.006947748910672506,002496
2022-01-06,2.82,2.86,2.81,2.84,8055740.0,22884518.0,1019783543.0000001,0.007899460679961178,002496
2022-01-07,2.85,2.86,2.81,2.82,6744844.0,19083963.0,1019783543.0000001,0.006613995731052898,002496
2022-01-10,2.82,2.82,2.78,2.82,6862884.0,19227578.0,1019783543.0000001,0.006729745784885646,002496
2022-01-11,2.82,2.83,2.81,2.82,4711660.0,13278204.0,1019783543.0000001,0.004620254986797722,002496
2022-01-12,2.82,2.82,2.8,2.81,5389653.0,15130399.0,1019783543.0000001,0.005285095093949755,002496
2022-01-13,2.81,2.82,2.79,2.8,5221833.0,14641897.0,1019783543.0000001,0.0051205307595358985,002496
2022-01-14,2.79,2.8,2.76,2.77,7204250.0,20011914.0,1019783543.0000001,0.007064489370760515,002496
2022-01-17,2.76,2.8,2.76,2.78,4480340.0,12456815.0,1019783543.0000001,0.004393422536335242,002496
2022-01-18,2.77,2.78,2.75,2.76,5798820.0,16017882.0,1019783543.0000001,0.005686324357560259,002496
2022-01-19,2.75,2.75,2.72,2.73,5564000.0,15215213.0,1019783543.0000001,0.005456059806213208,002496
2022-01-20,2.73,2.74,2.67,2.67,7164700.0,19414185.0,1019783543.0000001,0.0070257066307648774,002496
2022-01-21,2.67,2.71,2.66,2.7,4858500.0,13058174.0,1019783543.0000001,0.004764246327909215,002496
2022-01-24,2.68,2.69,2.66,2.67,5065269.0,13561208.0,1019783543.0000001,0.004967004061566817,002496
2022-01-25,2.65,2.67,2.6,2.6,7651367.0,20080954.0,1019783543.0000001,0.007502932413962282,002496
2022-01-26,2.71,2.73,2.7,2.73,8931970.0,24355202.0,1019783543.0000001,0.008758692039414484,002496
2022-01-27,2.78,2.78,2.59,2.62,19873797.0,52877252.0,1019783543.0000001,0.019488250360988613,002496
2022-01-28,2.6,2.72,2.59,2.69,11349460.0,30013058.0,1019783543.0000001,0.011129283344396938,002496
2022-02-07,2.69,2.7,2.67,2.7,10344680.0,27757200.0,1019783543.0000001,0.010143995822454647,002496
2022-02-08,2.68,2.71,2.67,2.7,10189740.0,27409397.0,1019783543.0000001,0.009992061619296007,002496
2022-02-09,2.7,2.75,2.69,2.74,14064192.0,38217272.0,1019783543.0000001,0.013791350229702617,002496
2022-02-10,2.73,2.73,2.69,2.7,12621724.0,34136923.0,1019783543.0000001,0.01237686574434159,002496
2022-02-11,2.7,2.7,2.63,2.65,10042060.0,26759977.0,1019783543.0000001,0.009847246573972217,002496
2022-02-14,2.62,2.68,2.62,2.66,4730700.0,12588061.0,1019783543.0000001,0.004638925615609782,002496
2022-02-15,2.65,2.7,2.65,2.67,4540901.0,12141742.0,1019783543.0000001,0.00445280866824108,002496
2022-02-16,2.67,2.69,2.66,2.68,4698161.0,12564187.0,1019783543.0000001,0.004607017863986063,002496
2022-02-17,2.68,2.71,2.67,2.68,7971100.0,21439464.0,1019783543.0000001,0.007816462674569754,002496
2022-02-18,2.68,2.7,2.65,2.7,5964580.0,15977489.0,1019783543.0000001,0.005848868655453483,002496
2022-02-21,2.69,2.71,2.69,2.7,7569081.0,20422158.0,1019783543.0000001,0.007422242741565794,002496
2022-02-22,2.69,2.69,2.67,2.68,5956100.0,15949557.0,1019783543.0000001,0.005840553165310297,002496
2022-02-23,2.69,2.75,2.68,2.73,12164120.0,33157492.0,1019783543.0000001,0.0119281391462894,002496
2022-02-24,2.73,2.75,2.65,2.68,11863380.0,32110124.0,1019783543.0000001,0.011633233426282108,002496
2022-02-25,2.68,2.72,2.68,2.71,5789620.0,15675357.0,1019783543.0000001,0.005677302835235104,002496
2022-02-28,2.71,2.75,2.7,2.74,9033260.0,24652241.0,1019783543.0000001,0.008858017039013934,002496
2022-03-01,2.74,2.75,2.72,2.74,5323240.0,14547136.0,1019783543.0000001,0.0052199704893649175,002496
2022-03-02,2.74,2.75,2.72,2.75,5088640.0,13934915.0,1019783543.0000001,0.004989921670073469,002496
2022-03-03,2.73,2.76,2.73,2.74,5282300.0,14510290.0,1019783543.0000001,0.005179824715017978,002496
2022-03-04,2.74,2.74,2.71,2.72,5355905.0,14599396.0,1019783543.0000001,0.005252001796620481,002496
2022-03-07,2.72,2.75,2.69,2.71,8243420.0,22402369.0,1019783543.0000001,0.008083499735394337,002496
2022-03-08,2.7,2.71,2.65,2.66,8221900.0,21991168.0,1019783543.0000001,0.008062397217955496,002496
2022-03-09,2.67,2.68,2.53,2.59,12158727.0,31402738.0,1019783543.0000001,0.011922850769126404,002496
2022-03-10,2.63,2.65,2.59,2.6,5765340.0,15073154.0,1019783543.0000001,0.0056534938610987165,002496
2022-03-11,2.57,2.62,2.55,2.61,4210680.0,10866047.0,1019783543.0000001,0.004128993872182932,002496
2022-03-14,2.59,2.61,2.58,2.58,4454840.0,11540109.0,1019783543.0000001,0.004368417229890519,002496
2022-03-15,2.57,2.58,2.45,2.45,10419206.0,25933190.0,1019783543.0000001,0.010217076036889917,002496
2022-03-16,2.47,2.5,2.37,2.47,7146931.0,17502772.0,1019783543.0000001,0.007008282344874043,002496
2022-03-17,2.49,2.55,2.47,2.49,9574399.0,23994206.0,1019783543.0000001,0.009388658079178278,002496
2022-03-18,2.47,2.52,2.46,2.52,7048757.0,17608459.0,1019783543.0000001,0.006912012895662113,002496
2022-03-21,2.54,2.65,2.53,2.65,14764165.0,38443824.0,1019783543.0000001,0.014477743930409749,002496
2022-03-22,2.63,2.68,2.6,2.64,8880700.0,23498347.0,1019783543.0000001,0.0087084166644568,002496
2022-03-23,2.63,2.67,2.63,2.64,4285500.0,11359661.0,1019783543.0000001,0.004202362383092507,002496
2022-03-24,2.63,2.65,2.62,2.65,5351600.0,14093255.0,1019783543.0000001,0.00524778031253246,002496
2022-03-25,2.65,2.76,2.64,2.71,12189065.0,32924485.0,1019783543.0000001,0.011952600219593854,002496
2022-03-28,2.69,2.74,2.68,2.72,7464120.0,20235433.0,1019783543.0000001,0.007319317958438557,002496
2022-03-29,2.71,2.73,2.67,2.69,6575700.0,17746115.0,1019783543.0000001,0.006448133081904421,002496
2022-03-30,2.69,2.7,2.65,2.67,8804600.0,23520826.0,1019783543.0000001,0.008633792985223727,002496
2022-03-31,2.66,2.72,2.65,2.67,6623295.0,17786051.0,1019783543.0000001,0.006494804750933306,002496
2022-04-01,2.67,2.7,2.67,2.69,4770720.0,12810912.0,1019783543.0000001,0.004678169237724205,002496
2022-04-06,2.69,2.73,2.68,2.7,4752528.0,12797045.0,1019783543.0000001,0.004660330157926464,002496
2022-04-07,2.69,2.71,2.68,2.69,5045220.0,13585515.0,1019783543.0000001,0.004947344007099749,002496
2022-04-08,2.69,2.81,2.68,2.78,13727700.0,37856368.0,1019783543.0000001,0.013461386089459572,002496
2022-04-11,2.79,2.84,2.74,2.79,17101272.0,47671204.0,1019783543.0000001,0.016769511645276666,002496
2022-04-12,2.78,2.82,2.75,2.82,9487380.0,26415586.0,1019783543.0000001,0.009303327225785599,002496
2022-04-13,2.84,2.89,2.82,2.86,16208860.0,46436967.0,1019783543.0000001,0.015894412212533616,002496
2022-04-14,2.87,2.88,2.83,2.86,9223360.0,26261531.0,1019783543.0000001,0.00904442914705871,002496
2022-04-15,2.84,2.85,2.72,2.73,17490000.0,48313212.0,1019783543.0000001,0.017150698420321533,002496
2022-04-18,2.67,2.77,2.66,2.71,9258653.0,25133019.0,1019783543.0000001,0.009079037471778458,002496
2022-04-19,2.69,2.81,2.69,2.79,13040644.0,36111532.0,1019783543.0000001,0.01278765880221701,002496
2022-04-20,2.8,2.88,2.78,2.86,20516864.0,58253577.0,1019783543.0000001,0.02011884202371365,002496
2022-04-21,2.85,2.86,2.73,2.8,17123840.0,47987669.0,1019783543.0000001,0.016791641831780373,002496
2022-04-22,2.82,2.86,2.67,2.71,23482870.0,64738071.0,1019783543.0000001,0.02302730825692487,002496
2022-04-25,2.66,2.66,2.57,2.57,14382210.0,37138350.0,1019783543.0000001,0.014103198760876649,002496
2022-04-26,2.54,2.65,2.52,2.61,14730899.0,38160783.0,1019783543.0000001,0.014445123282402291,002496
2022-04-27,2.56,2.62,2.48,2.61,17375668.0,44187471.0,1019783543.0000001,0.017038584432225924,002496
2022-04-28,2.59,2.69,2.56,2.63,12784339.0,33553635.0,1019783543.0000001,0.012536326054439965,002496
2022-04-29,2.63,2.68,2.61,2.68,12454439.0,33051501.0,1019783543.0000001,0.012212826031062945,002496
2022-05-05,2.69,2.81,2.66,2.78,16040081.0,43930764.0,1019783543.0000001,0.015728907482477385,002496
2022-05-06,2.72,2.8,2.71,2.76,10321409.0,28360911.0,1019783543.0000001,0.010121176273973269,002496
2022-05-09,2.76,2.78,2.74,2.77,7621900.0,21055776.0,1019783543.0000001,0.007474037066314963,002496
2022-05-10,2.75,2.84,2.74,2.83,12132293.0,33972263.0,1019783543.0000001,0.011896929582045628,002496
2022-05-11,2.82,2.87,2.79,2.83,15230940.0,43069913.0,1019783543.0000001,0.014935463613379765,002496
2022-05-13,2.97,3.11,2.93,3.11,46029682.0,140988249.0,1019783543.0000001,0.04513671780247585,002496
2022-05-16,3.35,3.42,3.11,3.42,103415852.0,343459741.0,1019783543.0000001,0.10140961060792485,002496
2022-05-17,3.42,3.47,3.08,3.17,138378191.0,447374486.0,1019783543.0000001,0.13569368906750437,002496
2022-05-18,3.06,3.15,3.02,3.03,65430989.0,200735552.0,1019783543.0000001,0.06416164435005008,002496
2022-05-19,2.95,3.33,2.93,3.19,121758275.0,390416661.0,1019783543.0000001,0.11939619523748285,002496
2022-05-20,3.13,3.28,3.06,3.11,84848704.0,265603775.0,1019783543.0000001,0.08320266058657115,002496
2022-05-23,3.06,3.42,3.06,3.42,93963760.0,309923898.0,1019783543.0000001,0.09214088680385774,002496
2022-05-24,3.76,3.76,3.46,3.76,207885205.0,766402832.0,1019783543.0000001,0.20385228456270546,002496
2022-05-25,3.75,3.93,3.39,3.39,210206925.0,757017981.0,1019783543.0000001,0.20612896378148354,002496
2022-05-26,3.25,3.33,3.11,3.13,130445374.0,413821498.0,1019783543.0000001,0.12791476671241006,002496
2022-05-27,3.13,3.24,3.11,3.18,70582347.0,223460872.0,1019783543.0000001,0.06921306730677453,002496
2022-05-30,3.19,3.23,3.12,3.19,49792327.0,157910345.0,1019783543.0000001,0.048826368440425004,002496
2022-05-31,3.15,3.24,3.14,3.18,45032900.0,143514525.0,1019783543.0000001,0.044159273121354925,002496
2022-06-01,3.17,3.18,3.08,3.11,55752437.0,174200084.0,1019783543.0000001,0.05467085381274876,002496
2022-06-02,3.07,3.11,3.02,3.08,36370760.0,111494728.0,1019783543.0000001,0.035665176448135716,002496
2022-06-06,3.12,3.13,3.05,3.08,27861680.0,85972682.0,1019783543.0000001,0.027321170449600005,002496
2022-06-07,3.09,3.1,3.03,3.05,28329964.0,86592939.0,1019783543.0000001,0.0277803698583514,002496
2022-06-08,3.05,3.11,2.96,3.11,47187390.0,143243828.0,1019783543.0000001,0.04627196655986828,002496
2022-06-09,3.12,3.32,3.08,3.18,78042559.0,248845500.0,1019783543.0000001,0.0765285530794254,002496
2022-06-10,3.12,3.15,3.06,3.13,43218370.0,134534119.0,1019783543.0000001,0.0423799445447611,002496
2022-06-13,3.07,3.13,3.02,3.05,34888029.0,106798493.0,1019783543.0000001,0.03421121005479885,002496
2022-06-14,2.97,3.16,2.91,3.08,55417591.0,169006478.0,1019783543.0000001,0.05434250374052172,002496
2022-06-15,3.05,3.09,3.0,3.01,32648820.0,99178614.0,1019783543.0000001,0.032015441143474106,002496
2022-06-16,3.04,3.05,2.98,2.99,25920440.0,77833762.0,1019783543.0000001,0.025417590014982224,002496
2022-06-17,2.98,3.01,2.92,2.93,28225360.0,83227673.0,1019783543.0000001,0.02767779514951439,002496
2022-06-20,2.95,2.96,2.91,2.93,21191994.0,62106901.0,1019783543.0000001,0.020780874672342107,002496
2022-06-21,2.92,2.93,2.86,2.89,25677474.0,74162484.0,1019783543.0000001,0.0251793374939764,002496
2022-06-22,2.91,2.91,2.85,2.85,16558200.0,47692489.0,1019783543.0000001,0.016236975104823786,002496
2022-06-23,2.87,2.87,2.81,2.87,15437400.0,43891765.0,1019783543.0000001,0.015137918341559272,002496
2022-06-24,2.87,2.92,2.85,2.88,16653580.0,48094146.0,1019783543.0000001,0.016330504756929577,002496
2022-06-27,2.92,2.92,2.85,2.85,18002535.0,51653665.0,1019783543.0000001,0.01765329037085667,002496
2022-06-28,2.86,2.91,2.84,2.88,15578615.0,44859609.0,1019783543.0000001,0.015276393806249134,002496
2022-06-29,2.89,2.89,2.82,2.83,20236000.0,57672457.0,1019783543.0000001,0.019843426714329707,002496
2022-06-30,2.83,2.85,2.81,2.83,13565527.0,38384439.0,1140395282.0,0.011895460472450464,002496
2022-07-01,2.84,2.9,2.81,2.89,24202354.0,69566475.0,1140395282.0,0.02122277633204028,002496
2022-07-04,2.89,2.91,2.86,2.89,12889440.0,37196855.0,1140395282.0,0.011302607265609504,002496
2022-07-05,2.91,2.92,2.87,2.9,14386300.0,41618950.0,1140395282.0,0.012615187231193753,002496
2022-07-06,2.9,2.91,2.82,2.84,13445460.0,38276668.0,1140395282.0,0.01179017504914581,002496
2022-07-07,2.84,2.85,2.83,2.84,8667980.0,24594851.0,1140395282.0,0.007600855718026375,002496
2022-07-08,2.85,2.86,2.82,2.83,9920940.0,28063569.0,1140395282.0,0.008699562473286347,002496
2022-07-11,2.82,2.83,2.75,2.76,15672560.0,43352791.0,1140395282.0,0.013743094387863313,002496
2022-07-12,2.8,2.8,2.75,2.75,10031640.0,27751718.0,1140395282.0,0.008796634077972272,002496
2022-07-13,2.76,2.82,2.73,2.8,11069019.0,30721246.0,1140395282.0,0.009706300240551153,002496
2022-07-14,2.8,2.8,2.73,2.74,13847924.0,38210825.0,1140395282.0,0.012143091275959873,002496
2022-07-15,2.65,2.69,2.54,2.59,24596286.0,64068994.0,1140395282.0,0.021568210942493185,002496
2022-07-18,2.6,2.67,2.59,2.64,13682200.0,36152983.0,1140395282.0,0.01199776973472256,002496
2022-07-19,2.65,2.72,2.64,2.68,10766356.0,28885796.0,1140395282.0,0.009440898405961662,002496
2022-07-20,2.7,2.72,2.67,2.7,8991924.0,24243337.0,1140395282.0,0.007884918625961135,002496
2022-07-21,2.72,2.72,2.65,2.65,10654485.0,28512450.0,1140395282.0,0.009342799964337277,002496
2022-07-22,2.65,2.68,2.61,2.63,14015280.0,37037086.0,1140395282.0,0.012289843899932935,002496
2022-07-25,2.64,2.66,2.6,2.62,13169722.0,34465720.0,1140395282.0,0.011548383449029387,002496
2022-07-26,2.62,2.66,2.59,2.65,10074708.0,26399981.0,1140395282.0,0.008834399930462006,002496
2022-07-27,2.64,2.64,2.61,2.62,7086040.0,18564528.0,1140395282.0,0.006213670042174026,002496
2022-07-28,2.62,2.64,2.61,2.63,8739839.0,22930526.0,1140395282.0,0.00766386807973483,002496
2022-07-29,2.67,2.72,2.62,2.64,23358920.0,62144155.0,1140395282.0,0.02048317839322664,002496
2022-08-01,2.64,2.64,2.59,2.6,10849860.0,28278579.0,1140395282.0,0.009514122139274162,002496
2022-08-02,2.57,2.58,2.44,2.48,20792407.0,51767044.0,1140395282.0,0.018232631551697354,002496
2022-08-03,2.46,2.54,2.44,2.45,11525815.0,28689802.0,1140395282.0,0.010106859596776199,002496
2022-08-04,2.46,2.52,2.45,2.52,12195100.0,30336569.0,1140395282.0,0.010693748205107007,002496
2022-08-05,2.52,2.55,2.5,2.54,10062600.0,25344551.0,1140395282.0,0.008823782559282808,002496
2022-08-08,2.54,2.57,2.52,2.56,7410980.0,18893087.0,1140395282.0,0.006498606331484279,002496
2022-08-09,2.55,2.57,2.52,2.53,7358680.0,18683909.0,1140395282.0,0.006452745040381533,002496
2022-08-10,2.53,2.53,2.48,2.5,8512510.0,21301493.0,1140395282.0,0.00746452579588978,002496
2022-08-11,2.52,2.55,2.51,2.54,10053288.0,25521836.0,1140395282.0,0.008815616969555299,002496
2022-08-12,2.55,2.64,2.54,2.59,23104180.0,59788778.0,1140395282.0,0.02025979970688795,002496
2022-08-15,2.57,2.59,2.55,2.57,10392540.0,26685401.0,1140395282.0,0.009113103293249157,002496
2022-08-16,2.56,2.59,2.56,2.59,7779380.0,20035349.0,1140395282.0,0.006821652213745304,002496
2022-08-17,2.59,2.6,2.56,2.59,8485000.0,21880247.0,1140395282.0,0.007440402581391949,002496
2022-08-18,2.59,2.59,2.52,2.53,11670200.0,29650409.0,1140395282.0,0.010233469205110233,002496
2022-08-19,2.53,2.55,2.51,2.52,8944900.0,22629511.0,1140395282.0,0.007843683800859499,002496
2022-08-22,2.52,2.53,2.49,2.53,9055180.0,22770162.0,1140395282.0,0.007940387112194313,002496
2022-08-23,2.52,2.53,2.49,2.51,12402830.0,31042385.0,1140395282.0,0.0108759043427891,002496
2022-08-24,2.51,2.53,2.46,2.47,14265020.0,35569249.0,1140395282.0,0.012508838141615531,002496
2022-08-25,2.47,2.5,2.44,2.47,10878660.0,26786856.0,1140395282.0,0.009539376540493263,002496
2022-08-26,2.47,2.54,2.45,2.5,14674070.0,36808567.0,1140395282.0,0.012867529558930602,002496
2022-08-29,2.48,2.61,2.44,2.58,33094597.0,83463675.0,1140395282.0,0.029020285792448586,002496
2022-08-30,2.58,2.67,2.53,2.54,35564176.0,91507793.0,1140395282.0,0.031185832282319106,002496
2022-08-31,2.52,2.54,2.45,2.46,18420111.0,45767023.0,1140395282.0,0.016152391447722597,002496
2022-09-01,2.46,2.48,2.44,2.44,9824420.0,24136945.0,1140395282.0,0.008614925153645103,002496
2022-09-02,2.45,2.47,2.43,2.46,8881286.0,21724585.0,1140395282.0,0.007787901388388943,002496
2022-09-05,2.46,2.51,2.44,2.5,16318523.0,40378032.0,1140395282.0,0.014309532192540235,002496
2022-09-06,2.5,2.6,2.49,2.55,20317141.0,51720826.0,1140395282.0,0.017815876056912695,002496
2022-09-07,2.55,2.56,2.49,2.51,14847460.0,37334064.0,1140395282.0,0.01301957333071464,002496
2022-09-08,2.5,2.52,2.46,2.47,12206482.0,30228476.0,1140395282.0,0.01070372895492214,002496
2022-09-09,2.46,2.49,2.46,2.48,7444741.0,18439948.0,1140395282.0,0.006528210978691159,002496
2022-09-13,2.48,2.5,2.47,2.49,7747600.0,19250691.0,1140395282.0,0.006793784683511168,002496
2022-09-14,2.45,2.48,2.44,2.47,9583700.0,23546917.0,1140395282.0,0.0084038404501221,002496
2022-09-15,2.46,2.48,2.39,2.42,14617667.0,35501503.0,1140395282.0,0.012818070392543065,002496
2022-09-16,2.4,2.41,2.32,2.32,12986400.0,30744579.0,1140395282.0,0.011387630416380485,002496
2022-09-19,2.32,2.33,2.26,2.28,10890810.0,24925115.0,1140395282.0,0.009550030741007572,002496
2022-09-20,2.28,2.34,2.28,2.3,9060697.0,20943944.0,1140395282.0,0.007945224908427848,002496
2022-09-21,2.29,2.42,2.27,2.4,17164759.0,40464251.0,1140395282.0,0.015051587174139151,002496
2022-09-22,2.37,2.4,2.35,2.36,8352640.0,19840355.0,1140395282.0,0.007324337562455823,002496
2022-09-23,2.35,2.38,2.31,2.33,9150611.0,21430556.0,1140395282.0,0.00802406949978946,002496
2022-09-26,2.31,2.32,2.24,2.26,10699620.0,24380863.0,1140395282.0,0.009382378346247841,002496
2022-09-27,2.26,2.3,2.23,2.3,9030220.0,20460072.0,1140395282.0,0.00791849996447109,002496
2022-09-28,2.28,2.31,2.23,2.23,8634890.0,19584621.0,1140395282.0,0.007571839463292343,002496
2022-09-29,2.25,2.44,2.19,2.37,35082003.0,80466130.0,1140395282.0,0.030763020115686518,002496
2022-09-30,2.32,2.47,2.3,2.38,44084914.0,106456446.0,1140395282.0,0.03865757312033495,002496
2022-10-10,2.45,2.45,2.28,2.33,21296200.0,49979760.0,1140395282.0,0.01867440205702289,002496
2022-10-11,2.3,2.56,2.25,2.56,64974283.0,160650300.0,1140395282.0,0.056975229576581146,002496
2022-10-12,2.66,2.82,2.54,2.82,126111240.0,339230362.0,1140395282.0,0.11058555045828398,002496
2022-10-13,2.72,3.1,2.59,3.1,264905472.0,761677392.0,1140395282.0,0.23229267621610522,002496
2022-10-14,2.92,3.03,2.79,2.8,222201450.0,635876125.0,1140395282.0,0.19484599200577893,002496
2022-10-17,2.7,3.08,2.68,3.08,239742715.0,711880019.0,1140395282.0,0.21022773312385556,002496
2022-10-18,3.0,3.05,2.88,2.91,196271418.0,577002938.0,1140395282.0,0.17210823395882832,002496
2022-10-19,2.88,2.98,2.82,2.86,109720590.0,315769107.0,1140395282.0,0.09621277089780174,002496
2022-10-20,2.85,3.0,2.76,2.92,122168437.0,353303199.0,1140395282.0,0.10712815014960751,002496
2022-10-21,2.88,2.96,2.63,2.65,120196735.0,333034525.0,1140395282.0,0.10539918649014544,002496
2022-10-24,2.6,2.78,2.53,2.69,91716089.0,244371102.0,1140395282.0,0.080424823258783,002496
2022-10-25,2.63,2.67,2.54,2.57,59858223.0,154773787.0,1140395282.0,0.052489013191129634,002496
2022-10-26,2.55,2.62,2.51,2.58,48216843.0,124038616.0,1140395282.0,0.04228081592501713,002496
2022-10-27,2.52,2.55,2.41,2.44,65383819.0,161537032.0,1140395282.0,0.05733434716191679,002496
2022-10-28,2.44,2.45,2.28,2.31,56522247.0,132596258.0,1140395282.0,0.049563732761917896,002496
2022-10-31,2.32,2.43,2.31,2.34,40650790.0,95378296.0,1140395282.0,0.03564622779630195,002496
2022-11-01,2.34,2.38,2.32,2.37,32851200.0,77343119.0,1140395282.0,0.02880685365725671,002496
2022-11-02,2.35,2.42,2.34,2.38,35046017.0,83531232.0,1140395282.0,0.030731464390607678,002496
2022-11-03,2.36,2.49,2.35,2.42,46875439.0,113719213.0,1140395282.0,0.04110455360512444,002496
2022-11-04,2.39,2.44,2.39,2.44,30883036.0,74654600.0,1140395282.0,0.027080992430833294,002496
2022-11-07,2.42,2.49,2.42,2.46,36431780.0,89476991.0,1140395282.0,0.031946624626600306,002496
2022-11-08,2.46,2.48,2.42,2.44,20162900.0,49285078.0,1140395282.0,0.017680623831272568,002496
2022-11-09,2.44,2.47,2.42,2.45,22023375.0,53792308.0,1140395282.0,0.019312053765581958,002496
2022-11-10,2.43,2.59,2.42,2.49,64732276.0,161815820.0,1140395282.0,0.056763016317003666,002496
2022-11-11,2.52,2.53,2.45,2.47,42728430.0,106265902.0,1140395282.0,0.037468087315359486,002496
2022-11-14,2.45,2.51,2.43,2.43,31129580.0,76724848.0,1140395282.0,0.027297184135491714,002496
2022-11-15,2.45,2.48,2.43,2.47,24340004.0,59735369.0,1140395282.0,0.021343480093422556,002496
2022-11-16,2.46,2.48,2.44,2.44,17721600.0,43526526.0,1140395282.0,0.015539874883487986,002496
2022-11-17,2.43,2.46,2.42,2.44,14506000.0,35357680.0,1140395282.0,0.01272015083626065,002496
2022-11-18,2.45,2.46,2.39,2.39,21484487.0,52008605.0,1140395282.0,0.018839508843215294,002496
2022-11-21,2.38,2.41,2.37,2.4,15315260.0,36682398.0,1140395282.0,0.013429781972738817,002496
2022-11-22,2.4,2.41,2.36,2.37,17182504.0,41010304.0,1140395282.0,0.015067147568223629,002496
2022-11-23,2.38,2.39,2.33,2.35,16384601.0,38540738.0,1140395282.0,0.014367475259337315,002496
2022-11-24,2.35,2.38,2.34,2.36,14296075.0,33737733.0,1140395282.0,0.012536069927374533,002496
2022-11-25,2.36,2.37,2.34,2.35,11346289.0,26712798.0,1140395282.0,0.009949435234510204,002496
2022-11-28,2.35,2.35,2.31,2.33,13919940.0,32360033.0,1140395282.0,0.01220624130923053,002496
2022-11-29,2.34,2.41,2.34,2.38,17591696.0,41807763.0,1140395282.0,0.015425963503766934,002496
2022-11-30,2.4,2.41,2.38,2.4,14847360.0,35562245.0,1140395282.0,0.013019485641821517,002496
2022-12-01,2.42,2.43,2.39,2.43,19716644.0,47483121.0,1140395282.0,0.017289306884382568,002496
2022-12-02,2.43,2.44,2.4,2.42,13775840.0,33302500.0,1140395282.0,0.012079881614241894,002496
2022-12-05,2.42,2.46,2.42,2.44,18606040.0,45362043.0,1140395282.0,0.016315430529815187,002496
2022-12-06,2.45,2.45,2.41,2.42,12710232.0,30813345.0,1140395282.0,0.011145461754023638,002496
2022-12-07,2.43,2.44,2.4,2.43,13965032.0,33776177.0,1140395282.0,0.012245781984917051,002496
2022-12-08,2.44,2.47,2.4,2.44,25817252.0,63122198.0,1140395282.0,0.022638862513287738,002496
2022-12-09,2.44,2.48,2.43,2.46,25579786.0,62811723.0,1140395282.0,0.022430631206346925,002496
2022-12-12,2.46,2.47,2.4,2.4,22445500.0,54662488.0,1140395282.0,0.019682210505672718,002496
2022-12-13,2.41,2.48,2.38,2.44,23781900.0,58140015.0,1140395282.0,0.02085408487335359,002496
2022-12-14,2.45,2.46,2.41,2.43,11778480.0,28625997.0,1140395282.0,0.01032841873858261,002496
2022-12-15,2.42,2.44,2.41,2.44,11782480.0,28539954.0,1140395282.0,0.010331926294307486,002496
2022-12-16,2.42,2.44,2.39,2.41,10164800.0,24509375.0,1140395282.0,0.008913400608053375,002496
2022-12-19,2.4,2.41,2.32,2.33,13933464.0,32754046.0,1140395282.0,0.012218100355136334,002496
2022-12-20,2.34,2.36,2.31,2.34,8473300.0,19780108.0,1140395282.0,0.007430142980896688,002496
2022-12-21,2.35,2.35,2.31,2.32,6905540.0,16086138.0,1140395282.0,0.006055391590089023,002496
2022-12-22,2.32,2.35,2.27,2.28,9724760.0,22457342.0,1140395282.0,0.008527534402759832,002496
2022-12-23,2.25,2.29,2.25,2.27,7158800.0,16241559.0,1140395282.0,0.0062774724808095095,002496
2022-12-26,2.28,2.39,2.25,2.33,23726900.0,54834543.0,1140395282.0,0.02080585598213655,002496
2022-12-27,2.32,2.37,2.31,2.36,16140194.0,37849971.0,1140395282.0,0.014153157466324909,002496
2022-12-28,2.36,2.37,2.29,2.29,10692960.0,24784275.0,1140395282.0,0.009376538265965923,002496
2022-12-29,2.3,2.3,2.27,2.27,8188560.0,18684250.0,1140395282.0,0.007180457626621433,002496
2022-12-30,2.29,2.31,2.27,2.31,7424180.0,17023973.0,1140395282.0,0.006510181265376368,002496
2023-01-03,2.31,2.34,2.3,2.34,11322300.0,26273205.0,1140742056.0,0.009925381413306988,002496
2023-01-04,2.33,2.36,2.32,2.35,13024700.0,30543136.0,1140742056.0,0.011417743328996718,002496
2023-01-05,2.36,2.36,2.32,2.33,8664744.0,20242238.0,1140742056.0,0.00759570838510402,002496
2023-01-06,2.33,2.33,2.29,2.3,10901600.0,25157894.0,1140742056.0,0.009556586383977413,002496
2023-01-09,2.3,2.32,2.29,2.3,7771868.0,17887750.0,1140742056.0,0.006812993313538359,002496
2023-01-10,2.3,2.3,2.27,2.29,8085100.0,18452920.0,1140742056.0,0.007087579490450556,002496
2023-01-11,2.29,2.3,2.26,2.27,7570100.0,17261023.0,1140742056.0,0.006636118972017632,002496
2023-01-12,2.26,2.28,2.23,2.23,13297800.0,29880680.0,1140742056.0,0.01165714889712105,002496
2023-01-13,2.24,2.28,2.23,2.25,14591100.0,32818432.0,1140742056.0,0.01279088460292552,002496
2023-01-16,2.25,2.26,2.23,2.26,13350300.0,29978229.0,1140742056.0,0.011703171571330233,002496
2023-01-17,2.26,2.26,2.23,2.24,9089300.0,20345307.0,1140742056.0,0.007967883670276465,002496
2023-01-18,2.25,2.25,2.23,2.25,6209600.0,13922799.0,1140742056.0,0.005443474243225411,002496
2023-01-19,2.24,2.25,2.23,2.24,7564000.0,16953584.0,1140742056.0,0.006630771575585708,002496
2023-01-20,2.24,2.32,2.24,2.3,14797232.0,33700018.0,1140742056.0,0.012971584524450986,002496
2023-01-30,2.31,2.35,2.31,2.35,19982620.0,46635714.0,1140742056.0,0.017517211621064316,002496
2023-01-31,2.32,2.44,2.31,2.37,34415069.0,81164464.0,1140742056.0,0.03016901920901915,002496
2023-02-01,2.39,2.46,2.35,2.43,51884540.0,125261303.0,1140742056.0,0.04548314820787146,002496
2023-02-02,2.43,2.44,2.4,2.42,23811880.0,57581943.0,1140742056.0,0.02087402658186909,002496
2023-02-03,2.42,2.42,2.38,2.42,16526880.0,39653711.0,1140742056.0,0.014487832646366463,002496
2023-02-06,2.42,2.42,2.39,2.4,12257660.0,29432601.0,1140742056.0,0.010745338909465087,002496
2023-02-07,2.42,2.42,2.39,2.41,12344365.0,29663244.0,1140742056.0,0.010821346451699507,002496
2023-02-08,2.42,2.43,2.4,2.41,14405524.0,34822768.0,1140742056.0,0.01262820453075327,002496
2023-02-09,2.42,2.45,2.41,2.43,23415060.0,56825901.0,1140742056.0,0.02052616529463695,002496
2023-02-10,2.43,2.47,2.42,2.44,23056680.0,56299121.0,1140742056.0,0.020212001371149587,002496
2023-02-13,2.45,2.55,2.44,2.51,43692124.0,109904942.0,1140742056.0,0.038301493111603135,002496
2023-02-14,2.51,2.55,2.49,2.49,23029191.0,58017402.0,1140742056.0,0.02018790389893366,002496
2023-02-15,2.51,2.51,2.47,2.5,17279611.0,42982318.0,1140742056.0,0.015147693476464587,002496
2023-02-16,2.49,2.52,2.43,2.45,21472440.0,53342415.0,1140742056.0,0.018823221154213324,002496
2023-02-17,2.45,2.51,2.44,2.47,13780200.0,34124643.0,1140742056.0,0.012080031526425988,002496
2023-02-20,2.49,2.49,2.43,2.47,12789908.0,31341684.0,1140742056.0,0.011211919410464866,002496
2023-02-21,2.49,2.49,2.45,2.46,9401735.0,23237037.0,1140742056.0,0.008241771179163047,002496
2023-02-22,2.45,2.47,2.44,2.46,9228160.0,22656962.0,1140742056.0,0.008089611452003835,002496
2023-02-23,2.47,2.47,2.44,2.45,8924270.0,21882104.0,1140742056.0,0.007823214681233774,002496
2023-02-24,2.46,2.51,2.42,2.5,20173415.0,49835888.0,1140742056.0,0.01768446678536414,002496
2023-02-27,2.51,2.52,2.43,2.45,12116480.0,29810950.0,1140742056.0,0.010621577363848852,002496
2023-02-28,2.45,2.47,2.42,2.46,8713800.0,21315544.0,1140742056.0,0.00763871197188508,002496
2023-03-01,2.46,2.49,2.45,2.47,13388867.0,33129819.0,1140742056.0,0.01173698026611548,002496
2023-03-02,2.48,2.53,2.46,2.51,17372980.0,43509515.0,1140742056.0,0.015229542830145293,002496
2023-03-03,2.5,2.59,2.46,2.56,33314960.0,84667494.0,1140742056.0,0.029204639054703177,002496
2023-03-06,2.57,2.61,2.53,2.55,23366200.0,59963555.0,1140742056.0,0.020483333525839604,002496
2023-03-07,2.56,2.56,2.48,2.49,14122080.0,35590196.0,1140742056.0,0.012379731180876178,002496
2023-03-08,2.5,2.53,2.47,2.53,10936560.0,27431381.0,1140742056.0,0.009587233101888899,002496
2023-03-09,2.56,2.56,2.51,2.55,13235359.0,33634619.0,1140742056.0,0.011602411719972564,002496
2023-03-10,2.54,2.55,2.51,2.52,8181360.0,20640366.0,1140742056.0,0.007171963159391048,002496
2023-03-13,2.5,2.52,2.46,2.49,10212980.0,25417052.0,1140742056.0,0.008952926690378811,002496
2023-03-14,2.5,2.51,2.47,2.5,10202680.0,25428937.0,1140742056.0,0.008943897480010152,002496
2023-03-15,2.5,2.56,2.49,2.54,10744959.0,27171750.0,1140742056.0,0.009419271379962168,002496
2023-03-16,2.55,2.56,2.52,2.53,12371426.0,31398372.0,1140742056.0,0.010845068729542834,002496
2023-03-17,2.55,2.56,2.52,2.53,8845800.0,22454561.0,1140742056.0,0.007754426124182451,002496
2023-03-20,2.55,2.55,2.51,2.53,7992980.0,20194070.0,1140742056.0,0.007006825038104846,002496
2023-03-21,2.53,2.56,2.53,2.56,12424820.0,31568046.0,1140742056.0,0.01089187510414712,002496
2023-03-22,2.56,2.57,2.54,2.56,9354144.0,23875017.0,1140742056.0,0.008200051844148017,002496
2023-03-23,2.57,2.57,2.54,2.55,6265280.0,15999560.0,1140742056.0,0.005492284576558121,002496
2023-03-24,2.56,2.56,2.53,2.55,9266680.0,23568336.0,1140742056.0,0.008123378945537886,002496
2023-03-27,2.56,2.56,2.49,2.5,13317226.0,33569784.0,1140742056.0,0.011674178163200814,002496
2023-03-28,2.51,2.51,2.46,2.48,7150051.0,17761660.0,1140742056.0,0.00626789462384825,002496
2023-03-29,2.47,2.48,2.39,2.41,14033600.0,34169608.0,1140742056.0,0.012302167633942304,002496
2023-03-30,2.4,2.42,2.33,2.33,12934700.0,30516556.0,1140742056.0,0.011338847316066693,002496
2023-03-31,2.33,2.38,2.32,2.36,6688704.0,15773566.0,1140742056.0,0.005863467525212378,002496
2023-04-03,2.37,2.39,2.34,2.35,6368540.0,15044164.0,1140742056.0,0.005582804602059837,002496
2023-04-04,2.35,2.36,2.28,2.34,13967700.0,32472476.0,1140742056.0,0.012244398220030208,002496
2023-04-06,2.32,2.34,2.28,2.3,7743267.0,17818914.0,1140742056.0,0.006787921037251563,002496
2023-04-07,2.3,2.32,2.28,2.32,6631680.0,15262016.0,1140742056.0,0.0058134790114199135,002496
2023-04-10,2.32,2.32,2.27,2.27,9190400.0,21052350.0,1140742056.0,0.00805651019146786,002496
2023-04-11,2.27,2.28,2.24,2.26,8018180.0,18109091.0,1140742056.0,0.007028915921725253,002496
2023-04-12,2.26,2.31,2.25,2.3,7184900.0,16424744.0,1140742056.0,0.0062984440366771225,002496
2023-04-13,2.3,2.31,2.24,2.26,11489700.0,26047686.0,1140742056.0,0.010072127997356836,002496
2023-04-14,2.26,2.27,2.23,2.24,9157800.0,20536504.0,1140742056.0,0.008027932302339873,002496
2023-04-17,2.24,2.24,2.2,2.22,9055840.0,20077493.0,1140742056.0,0.007938551885913813,002496
2023-04-18,2.23,2.24,2.2,2.21,7812787.0,17292282.0,1140742056.0,0.006848863824128178,002496
2023-04-19,2.21,2.25,2.2,2.23,10175924.0,22626236.0,1140742056.0,0.00892044257198842,002496
2023-04-20,2.24,2.24,2.19,2.2,8315790.0,18350255.0,1140742056.0,0.00728980750403753,002496
2023-04-21,2.21,2.22,2.12,2.12,11259920.0,24392270.0,1140742056.0,0.009870697710122823,002496
2023-04-24,2.12,2.18,2.08,2.13,8823281.0,18787147.0,1140742056.0,0.007734685465124992,002496
2023-04-25,2.14,2.15,2.08,2.1,8728605.0,18409334.0,1140742056.0,0.007651690366012069,002496
2023-04-26,2.1,2.15,2.09,2.13,8960875.0,18996428.0,1140742056.0,0.007855303442937148,002496
2023-04-27,2.13,2.16,2.11,2.12,8380145.0,17923838.0,1140742056.0,0.007346222536394328,002496
2023-04-28,2.16,2.31,2.13,2.29,30608444.0,69192961.0,1140742056.0,0.026832046595466275,002496
2023-05-04,2.27,2.44,2.27,2.38,29502625.0,70186556.0,1140742056.0,0.025862660927441074,002496
2023-05-05,2.4,2.42,2.33,2.35,13095000.0,30769805.0,1140742056.0,0.011479369881318726,002496
2023-05-08,2.35,2.38,2.33,2.34,11959468.0,28127884.0,1140742056.0,0.01048393713293586,002496
2023-05-09,2.33,2.35,2.29,2.29,13205700.0,30545558.0,1140742056.0,0.011576411977222659,002496
2023-05-10,2.29,2.3,2.26,2.27,10372300.0,23612501.0,1140742056.0,0.009092590165712273,002496
2023-05-11,2.27,2.31,2.26,2.3,10229334.0,23317949.0,1140742056.0,0.008967262972550563,002496
2023-05-12,2.29,2.29,2.24,2.25,7722060.0,17430317.0,1140742056.0,0.006769330506738151,002496
2023-05-15,2.25,2.29,2.21,2.26,10962200.0,24597474.0,1140742056.0,0.009609709699350297,002496
2023-05-16,2.25,2.25,2.21,2.22,6968660.0,15513664.0,1140742056.0,0.006108883216277248,002496
2023-05-17,2.22,2.26,2.21,2.25,8330200.0,18685999.0,1140742056.0,0.007302439632329993,002496
2023-05-18,2.26,2.26,2.23,2.24,6595640.0,14775189.0,1140742056.0,0.005781885541353268,002496
2023-05-19,2.24,2.25,2.22,2.24,6216200.0,13861964.0,1140742056.0,0.00544925995084028,002496
2023-05-22,2.23,2.34,2.22,2.33,22166975.0,50869406.0,1140742056.0,0.01943206606910616,002496
2023-05-23,2.33,2.35,2.3,2.32,12829700.0,29800634.0,1140742056.0,0.011246801967648328,002496
2023-05-24,2.3,2.35,2.29,2.33,11208655.0,25981824.0,1140742056.0,0.009825757664535514,002496
2023-05-25,2.33,2.35,2.27,2.33,12142240.0,28124606.0,1140742056.0,0.010644159155994157,002496
2023-05-26,2.31,2.35,2.29,2.35,10720268.0,24874617.0,1140742056.0,0.009397626697125998,002496
2023-05-29,2.35,2.35,2.31,2.31,9650660.0,22445072.0,1140742056.0,0.00845998440159201,002496
2023-05-30,2.3,2.35,2.28,2.29,7994600.0,18430185.0,1140742056.0,0.007008245166337586,002496
2023-05-31,2.3,2.31,2.28,2.3,5954040.0,13658585.0,1140742056.0,0.005219444631398775,002496
2023-06-01,2.28,2.33,2.27,2.31,7739680.0,17908283.0,1140742056.0,0.006784776592825118,002496
2023-06-02,2.31,2.34,2.3,2.31,5761983.0,13356541.0,1140742056.0,0.005051083169673197,002496
2023-06-05,2.32,2.32,2.29,2.3,7145380.0,16468583.0,1140742056.0,0.006263799920777182,002496
2023-06-06,2.29,2.3,2.23,2.25,9279600.0,20996060.0,1140742056.0,0.008134704906505174,002496
2023-06-07,2.25,2.38,2.23,2.34,22636322.0,52494804.0,1140742056.0,0.019843506146669146,002496
2023-06-08,2.35,2.43,2.34,2.38,22074540.0,52814634.0,1140742056.0,0.019351035480715196,002496
2023-06-09,2.37,2.39,2.32,2.33,11544800.0,27069639.0,1140742056.0,0.01012042988971733,002496
2023-06-12,2.33,2.35,2.3,2.32,7943380.0,18447171.0,1140742056.0,0.006963344568756743,002496
2023-06-13,2.33,2.35,2.31,2.32,6698800.0,15576211.0,1140742056.0,0.005872317904618395,002496
2023-06-14,2.3,2.53,2.23,2.49,56498443.0,135995907.0,1140742056.0,0.049527798771714614,002496
2023-06-15,2.5,2.65,2.48,2.63,92744445.0,241065604.0,1140742056.0,0.08130185479897832,002496
2023-06-16,2.63,2.65,2.57,2.58,33838639.0,87876969.0,1140742056.0,0.029663707778649656,002496
2023-06-19,2.6,2.62,2.54,2.56,20966500.0,53714934.0,1140742056.0,0.018379702834415354,002496
2023-06-20,2.53,2.56,2.42,2.44,25179900.0,62345380.0,1140742056.0,0.0220732635108528,002496
2023-06-21,2.44,2.46,2.39,2.42,16598560.0,40185841.0,1140742056.0,0.014550668937553399,002496
2023-06-26,2.39,2.66,2.39,2.57,81219445.0,210871005.0,1140742056.0,0.0711987820321056,002496
2023-06-27,2.56,2.61,2.52,2.53,42493640.0,108523589.0,1140742056.0,0.03725087523204282,002496
2023-06-28,2.55,2.62,2.52,2.54,24919040.0,63986667.0,1140742056.0,0.02184458780048695,002496
2023-06-29,2.55,2.63,2.52,2.59,25883900.0,66834843.0,1140742056.0,0.02269040565643878,002496
2023-06-30,2.6,2.72,2.58,2.62,32148625.0,85237656.0,1173306415.0,0.027400024911651062,002496
2023-07-03,2.62,2.65,2.59,2.6,16644080.0,43456735.0,1173306415.0,0.014185620897674884,002496
2023-07-04,2.6,2.64,2.58,2.6,13056879.0,34037689.0,1173306415.0,0.01112827717727939,002496
2023-07-05,2.59,2.62,2.55,2.57,10735800.0,27696038.0,1173306415.0,0.009150039463476384,002496
2023-07-06,2.55,2.57,2.53,2.56,11790679.0,30120390.0,1173306415.0,0.010049104691889032,002496
2023-07-07,2.55,2.57,2.53,2.55,7579204.0,19335404.0,1173306415.0,0.006459697060464806,002496
2023-07-10,2.56,2.81,2.55,2.81,92454460.0,255762090.0,1173306415.0,0.07879822254274473,002496
2023-07-11,2.83,3.09,2.81,3.09,154119314.0,458908794.0,1173306415.0,0.13135470157639936,002496
2023-07-12,3.2,3.23,2.85,2.9,198703746.0,597642827.0,1173306415.0,0.16935366879418282,002496
2023-07-13,2.89,2.9,2.71,2.8,135599020.0,374525850.0,1173306415.0,0.11556999797022333,002496
2023-07-14,2.77,3.08,2.77,2.96,237045357.0,706309699.0,1173306415.0,0.2020319278660042,002496
2023-07-17,2.83,2.94,2.77,2.9,168438555.0,480348103.0,1173306415.0,0.1435588801412971,002496
2023-07-18,2.86,2.89,2.71,2.76,169468980.0,473434950.0,1173306415.0,0.14443710341428587,002496
2023-07-19,2.78,3.0,2.72,2.8,183002699.0,515233928.0,1173306415.0,0.15597178764253156,002496
2023-07-20,2.76,2.97,2.74,2.84,182818030.0,520724758.0,1173306415.0,0.15581439567940997,002496
2023-07-21,2.75,2.79,2.56,2.63,202189438.0,532569603.0,1173306415.0,0.17232449717749135,002496
2023-07-24,2.56,2.6,2.38,2.39,141027699.0,345041494.0,1173306415.0,0.12019681917446944,002496
2023-07-25,2.42,2.49,2.38,2.42,96818881.0,235297827.0,1173306415.0,0.08251798486928072,002496
2023-07-26,2.42,2.45,2.34,2.4,81519140.0,195110332.0,1173306415.0,0.06947813372349115,002496
2023-07-27,2.4,2.47,2.38,2.38,58022134.0,139992566.0,1173306415.0,0.049451816898145914,002496
2023-07-28,2.39,2.5,2.35,2.4,77773993.0,187886295.0,1173306415.0,0.0662861738465821,002496
2023-07-31,2.4,2.44,2.37,2.44,74631160.0,180217267.0,1173306415.0,0.06360756154222509,002496
2023-08-01,2.44,2.49,2.39,2.49,76728124.0,188418229.0,1173306415.0,0.06539478777161548,002496
2023-08-02,2.46,2.5,2.43,2.46,53225276.0,130813303.0,1173306415.0,0.04536349185476839,002496
2023-08-03,2.45,2.47,2.41,2.46,42335910.0,103336839.0,1173306415.0,0.03608256927496642,002496
2023-08-04,2.44,2.46,2.39,2.4,52008180.0,125669573.0,1173306415.0,0.04432617032951277,002496
2023-08-07,2.4,2.42,2.37,2.38,34382000.0,82196616.0,1173306415.0,0.029303513183297478,002496
2023-08-08,2.39,2.44,2.33,2.43,73709759.0,175718234.0,1173306415.0,0.06282225858281018,002496
2023-08-09,2.39,2.39,2.31,2.32,80755766.0,189039798.0,1173306415.0,0.0688275159562645,002496
2023-08-10,2.31,2.37,2.3,2.35,37580500.0,88029931.0,1173306415.0,0.03202957004202521,002496
2023-08-11,2.35,2.36,2.29,2.3,32221700.0,74676923.0,1173306415.0,0.027462306170038284,002496
2023-08-14,2.28,2.31,2.27,2.3,22499599.0,51584486.0,1173306415.0,0.01917623453886937,002496
2023-08-15,2.3,2.53,2.3,2.4,151225813.0,369055858.0,1173306415.0,0.1288885930108888,002496
2023-08-16,2.36,2.38,2.27,2.29,93739320.0,216503542.0,1173306415.0,0.07989329880208658,002496
2023-08-17,2.27,2.29,2.24,2.28,47248600.0,106826342.0,1173306415.0,0.04026961703776247,002496
2023-08-18,2.28,2.29,2.22,2.23,35776100.0,80666453.0,1173306415.0,0.03049169385134573,002496
2023-08-21,2.23,2.26,2.22,2.24,20473900.0,45940756.0,1173306415.0,0.017449746918838757,002496
2023-08-22,2.24,2.25,2.18,2.21,31004194.0,68375491.0,1173306415.0,0.02642463520494772,002496
2023-08-23,2.22,2.22,2.18,2.19,21230385.0,46677336.0,1173306415.0,0.01809449324454601,002496
2023-08-24,2.2,2.21,2.17,2.19,17927300.0,39264001.0,1173306415.0,0.015279299397676948,002496
2023-08-25,2.18,2.22,2.15,2.16,24427140.0,53252086.0,1173306415.0,0.02081906285324452,002496
2023-08-28,2.25,2.26,2.18,2.19,44113190.0,97924773.0,1173306415.0,0.03759733129900257,002496
2023-08-29,2.17,2.24,2.16,2.23,31223013.0,68977163.0,1173306415.0,0.02661113294944356,002496
2023-08-30,2.23,2.24,2.21,2.23,21415440.0,47697281.0,1173306415.0,0.018252214192487817,002496
2023-08-31,2.23,2.23,2.17,2.2,21327614.0,46839727.0,1173306415.0,0.018177360770673022,002496
2023-09-01,2.2,2.22,2.18,2.2,20930810.0,45961278.0,1173306415.0,0.017839167784657516,002496
2023-09-04,2.2,2.26,2.2,2.26,37350696.0,83449786.0,1173306415.0,0.03183370986682963,002496
2023-09-05,2.26,2.26,2.21,2.22,23324100.0,51893173.0,1173306415.0,0.01987895037631751,002496
2023-09-06,2.22,2.24,2.2,2.23,17610300.0,39075418.0,1173306415.0,0.015009122744803198,002496
2023-09-07,2.22,2.22,2.17,2.17,26717259.0,58635987.0,1173306415.0,0.022770913598047615,002496
2023-09-08,2.17,2.19,2.16,2.18,12647413.0,27499682.0,1173306415.0,0.01077929246640998,002496
2023-09-11,2.18,2.2,2.16,2.19,11160839.0,24323897.0,1173306415.0,0.009512296922027824,002496
2023-09-12,2.18,2.21,2.17,2.2,16688890.0,36564723.0,1173306415.0,0.014223812114757763,002496
2023-09-13,2.19,2.2,2.17,2.18,15718440.0,34279534.0,1173306415.0,0.013396705071283531,002496
2023-09-14,2.18,2.18,2.15,2.16,14071360.0,30453402.0,1173306415.0,0.011992911502150101,002496
2023-09-15,2.17,2.18,2.16,2.17,13087660.0,28391913.0,1173306415.0,0.011154511585961115,002496
2023-09-18,2.16,2.19,2.15,2.18,14337120.0,31205503.0,1173306415.0,0.012219416698578265,002496
2023-09-19,2.17,2.18,2.15,2.16,16913192.0,36492360.0,1173306415.0,0.01441498297782681,002496
2023-09-20,2.16,2.16,2.13,2.13,13529752.0,28986095.0,1173306415.0,0.011531303184769514,002496
2023-09-21,2.14,2.15,2.12,2.12,10384440.0,22109033.0,1173306415.0,0.008850578047849503,002496
2023-09-22,2.11,2.15,2.11,2.14,12940200.0,27605134.0,1173306415.0,0.0110288325662994,002496
2023-09-25,2.14,2.15,2.11,2.11,11227000.0,23843445.0,1173306415.0,0.009568685431588644,002496
2023-09-26,2.11,2.12,2.1,2.11,7578840.0,15994690.0,1173306415.0,0.006459386826074756,002496
2023-09-27,2.12,2.12,2.1,2.11,14798000.0,31205987.0,1173306415.0,0.012612221164750045,002496
2023-09-28,2.11,2.14,2.1,2.13,12752104.0,27088931.0,1173306415.0,0.010868519797533026,002496
2023-10-09,2.13,2.13,2.08,2.08,17949800.0,37640930.0,1173306415.0,0.015298475973985022,002496
2023-10-10,2.09,2.11,2.09,2.09,8946945.0,18755886.0,1173306415.0,0.00762541215629508,002496
2023-10-11,2.09,2.1,2.06,2.06,12954900.0,26852713.0,1173306415.0,0.011041361262820676,002496
2023-10-12,2.07,2.08,2.04,2.07,13866835.0,28539762.0,1173306415.0,0.01181859642350971,002496
2023-10-13,2.06,2.07,2.04,2.04,12180540.0,25011872.0,1173306415.0,0.010381380212602008,002496
2023-10-16,2.04,2.08,2.03,2.05,15735640.0,32378070.0,1173306415.0,0.013411364498505704,002496
2023-10-17,2.05,2.08,2.04,2.07,13040475.0,26864402.0,1173306415.0,0.011114296174712383,002496
2023-10-18,2.05,2.06,2.01,2.01,16357090.0,33180287.0,1173306415.0,0.013941021536134702,002496
2023-10-19,2.0,2.03,1.98,1.99,11806820.0,23583898.0,1173306415.0,0.010062861541586305,002496
2023-10-20,1.98,2.01,1.97,1.99,10349500.0,20595898.0,1173306415.0,0.008820798955573765,002496
2023-10-23,1.99,1.99,1.92,1.93,15381720.0,29900255.0,1173306415.0,0.013109721214641105,002496
2023-10-24,1.94,2.01,1.93,2.0,18939700.0,37451697.0,1173306415.0,0.016142160102312234,002496
2023-10-25,2.01,2.05,2.0,2.04,16917710.0,34460448.0,1173306415.0,0.014418833634349473,002496
2023-10-26,2.01,2.02,1.95,1.98,33937440.0,67043038.0,1173306415.0,0.02892461812714115,002496
2023-10-27,1.97,2.01,1.95,1.99,23489135.0,46511039.0,1173306415.0,0.02001960843280653,002496
2023-10-30,1.98,2.01,1.97,2.0,16208700.0,32390179.0,1173306415.0,0.013814549884652255,002496
2023-10-31,1.99,2.02,1.98,2.0,17087904.0,34206178.0,1173306415.0,0.014563888666712864,002496
2023-11-01,2.0,2.02,1.99,2.01,13674817.0,27422893.0,1173306415.0,0.011654940964419767,002496
2023-11-02,2.02,2.03,1.99,2.01,19343500.0,38957707.0,1173306415.0,0.01648631572512113,002496
2023-11-03,2.01,2.05,2.01,2.04,17181450.0,35005963.0,1173306415.0,0.014643617200371311,002496
2023-11-06,2.04,2.09,2.04,2.08,19767510.0,40947492.0,1173306415.0,0.01684769617491608,002496
2023-11-07,2.08,2.1,2.05,2.08,17071360.0,35452383.0,1173306415.0,0.014549788343226608,002496
2023-11-08,2.09,2.1,2.07,2.07,14391200.0,29956912.0,1173306415.0,0.012265508665100072,002496
2023-11-09,2.07,2.09,2.05,2.06,12241900.0,25246868.0,1173306415.0,0.010433676866924826,002496
2023-11-10,2.06,2.06,2.02,2.04,9556754.0,19528041.0,1173306415.0,0.00814514765948842,002496
2023-11-13,2.05,2.08,2.04,2.08,13106402.0,27023595.0,1173306415.0,0.0111704852478796,002496
2023-11-14,2.07,2.08,2.04,2.05,10847186.0,22309739.0,1173306415.0,0.009244972891416434,002496
2023-11-15,2.06,2.08,2.06,2.07,12298400.0,25434432.0,1173306415.0,0.0104818313807651,002496
2023-11-16,2.07,2.07,2.04,2.04,10998520.0,22573241.0,1173306415.0,0.009373953691372257,002496
2023-11-17,2.05,2.06,2.03,2.06,10372500.0,21281069.0,1173306415.0,0.00884040167802202,002496
2023-11-20,2.06,2.09,2.05,2.09,18058960.0,37496727.0,1173306415.0,0.015391512199308992,002496
2023-11-21,2.09,2.12,2.08,2.1,20591400.0,43230736.0,1173306415.0,0.01754989126178092,002496
2023-11-22,2.1,2.11,2.07,2.09,15746782.0,32896294.0,1173306415.0,0.013420860739093462,002496
2023-11-23,2.09,2.1,2.07,2.09,9769091.0,20371792.0,1173306415.0,0.008326120845422976,002496
2023-11-24,2.09,2.09,2.06,2.07,12925400.0,26793055.0,1173306415.0,0.01101621864055009,002496
2023-11-27,2.06,2.07,2.04,2.05,11624900.0,23865604.0,1173306415.0,0.009907812529943424,002496
2023-11-28,2.06,2.09,2.04,2.07,14264105.0,29512214.0,1173306415.0,0.012157186577727864,002496
2023-11-29,2.08,2.08,2.04,2.05,13254605.0,27283638.0,1173306415.0,0.01129679752070562,002496
2023-11-30,2.05,2.05,2.01,2.04,15788600.0,32051802.0,1173306415.0,0.013456501897673508,002496
2023-12-01,2.04,2.06,2.02,2.06,10531700.0,21605730.0,1173306415.0,0.008976086609055146,002496
2023-12-04,2.05,2.06,2.04,2.04,9350560.0,19151460.0,1173306415.0,0.007969410105032111,002496
2023-12-05,2.04,2.05,2.01,2.01,13227200.0,26852843.0,1173306415.0,0.011273440450762387,002496
2023-12-06,2.0,2.05,2.0,2.04,13308480.0,27064393.0,1173306415.0,0.011342714767309954,002496
2023-12-07,2.04,2.05,2.02,2.03,8483700.0,17268648.0,1173306415.0,0.007230592018880252,002496
2023-12-08,2.03,2.03,1.97,1.99,21752280.0,43444807.0,1173306415.0,0.018539300324203888,002496
2023-12-11,1.97,2.0,1.95,2.0,17374300.0,34371426.0,1173306415.0,0.014807981766638513,002496
2023-12-12,2.0,2.02,1.97,2.01,15520744.0,30946577.0,1173306415.0,0.01322821029662571,002496
2023-12-13,2.01,2.21,2.0,2.11,101141660.0,216459703.0,1173306415.0,0.08620225604067801,002496
2023-12-14,2.09,2.1,2.05,2.07,67103820.0,139330716.0,1173306415.0,0.057192067768588824,002496
2023-12-15,2.06,2.11,2.04,2.06,44129158.0,91308898.0,1173306415.0,0.03761094070213534,002496
2023-12-18,2.05,2.06,1.98,1.99,39835876.0,80029827.0,1173306415.0,0.0339518095961318,002496
2023-12-19,1.98,1.99,1.94,1.96,24888779.0,48786896.0,1173306415.0,0.021212514209257093,002496
2023-12-20,1.96,1.97,1.93,1.93,16566251.0,32235110.0,1173306415.0,0.014119287841786836,002496
2023-12-21,1.93,1.96,1.91,1.95,20464160.0,39554443.0,1173306415.0,0.017441445592028065,002496
2023-12-22,1.94,1.96,1.91,1.92,17400240.0,33569573.0,1173306415.0,0.01483009022839102,002496
2023-12-25,1.92,1.93,1.88,1.89,12872600.0,24451823.0,1173306415.0,0.010971217608147144,002496
2023-12-26,1.88,1.9,1.88,1.89,8375740.0,15804416.0,1173306415.0,0.007138578544292711,002496
2023-12-27,1.89,1.89,1.86,1.88,12268820.0,23003861.0,1173306415.0,0.010456620575112086,002496
2023-12-28,1.88,1.94,1.87,1.93,19517773.0,37316497.0,1173306415.0,0.016634847257696105,002496
2023-12-29,1.93,1.95,1.92,1.93,10559000.0,20399097.0,1173306415.0,0.008999354188308942,002496
2024-01-02,1.93,1.96,1.92,1.95,11252635.0,21884414.0,1173183040.0,0.009591542509854216,002496
2024-01-03,1.96,1.98,1.95,1.96,12906500.0,25372350.0,1173183040.0,0.011001267116851603,002496
2024-01-04,1.96,1.99,1.95,1.96,10305580.0,20260921.0,1173183040.0,0.00878428996041402,002496
2024-01-05,1.96,1.97,1.92,1.92,12946000.0,25077901.0,1173183040.0,0.011034936202282637,002496
2024-01-08,1.91,1.93,1.89,1.89,11410200.0,21799517.0,1173183040.0,0.009725848065447656,002496
2024-01-09,1.9,1.92,1.88,1.89,9174620.0,17408975.0,1173183040.0,0.007820280115880297,002496
2024-01-10,1.89,1.96,1.86,1.93,23834585.0,46008973.0,1173183040.0,0.020316169077930074,002496
2024-01-11,1.92,1.97,1.9,1.96,22138890.0,42818710.0,1173183040.0,0.018870789335652175,002496
2024-01-12,1.96,2.04,1.95,2.0,45918656.0,91875063.0,1173183040.0,0.03914023168967734,002496
2024-01-15,1.99,2.04,1.94,2.01,33467446.0,66692091.0,1173183040.0,0.02852704553246866,002496
2024-01-16,2.0,2.01,1.93,1.96,25771900.0,50574884.0,1173183040.0,0.02196750133721674,002496
2024-01-17,1.95,1.96,1.9,1.91,17171066.0,33094679.0,1173183040.0,0.014636306027744827,002496
2024-01-18,1.89,1.9,1.84,1.88,22053400.0,41140703.0,1173183040.0,0.018797919206196504,002496
2024-01-19,1.87,1.88,1.85,1.87,10448673.0,19475522.0,1173183040.0,0.008906259845011056,002496
2024-01-22,1.85,1.87,1.74,1.76,18405227.0,33127211.0,1173183040.0,0.01568828253773597,002496
2024-01-23,1.75,1.77,1.73,1.76,13222080.0,23183741.0,1173183040.0,0.011270261799897823,002496
2024-01-24,1.75,1.84,1.74,1.79,14598660.0,26016173.0,1173183040.0,0.0124436336890789,002496
2024-01-25,1.79,1.85,1.77,1.84,19089840.0,34724176.0,1173183040.0,0.01627183427404474,002496
2024-01-26,1.84,1.88,1.83,1.84,16431992.0,30481067.0,1173183040.0,0.014006332720254804,002496
2024-01-29,1.85,1.85,1.78,1.79,14507032.0,26220537.0,1173183040.0,0.012365531639461818,002496
2024-01-30,1.76,1.79,1.74,1.75,12873500.0,22686421.0,1173183040.0,0.010973138513833271,002496
2024-01-31,1.74,1.75,1.64,1.64,20232400.0,34036288.0,1173183040.0,0.01724573174873036,002496
2024-02-01,1.62,1.66,1.59,1.6,10733760.0,17342830.0,1173183040.0,0.009149262846486428,002496
2024-02-02,1.6,1.63,1.44,1.52,22990078.0,34875354.0,1173183040.0,0.0195963265885603,002496
2024-02-05,1.5,1.51,1.37,1.37,22867418.0,31845203.0,1173183040.0,0.019491773423523068,002496
2024-02-06,1.25,1.41,1.24,1.34,26294745.0,34490949.0,1173183040.0,0.022413164956765826,002496
2024-02-07,1.33,1.34,1.21,1.26,24036500.0,30857459.0,1173183040.0,0.02048827777121633,002496
2024-02-08,1.25,1.34,1.22,1.33,24954041.0,32218906.0,1173183040.0,0.02127037312097522,002496
2024-02-19,1.34,1.4,1.33,1.39,21672422.0,29666343.0,1173183040.0,0.018473180451023228,002496
2024-02-20,1.38,1.41,1.36,1.39,12776500.0,17652912.0,1173183040.0,0.010890457468597568,002496
2024-02-21,1.38,1.53,1.37,1.53,26885212.0,39935105.0,1173183040.0,0.022916468345809023,002496
2024-02-22,1.55,1.56,1.47,1.54,39481028.0,59763141.0,1173183040.0,0.033652914041444035,002496
2024-02-23,1.53,1.57,1.5,1.56,35459016.0,54392617.0,1173183040.0,0.030224623772263193,002496
2024-02-26,1.55,1.61,1.53,1.57,33514141.0,52543133.0,1173183040.0,0.0285668475057396,002496
2024-02-27,1.57,1.62,1.56,1.61,21170510.0,33754745.0,1173183040.0,0.01804535974198877,002496
2024-02-28,1.61,1.71,1.54,1.55,44796110.0,72953931.0,1173183040.0,0.038183393786531385,002496
2024-02-29,1.53,1.71,1.51,1.71,93383380.0,155160386.0,1173183040.0,0.07959830377363791,002496
2024-03-01,1.75,1.79,1.64,1.66,86582990.0,147185181.0,1173183040.0,0.07380177435909745,002496
2024-03-04,1.65,1.68,1.58,1.61,44126420.0,71339468.0,1173183040.0,0.03761256214546027,002496
2024-03-05,1.61,1.61,1.52,1.55,36503950.0,56712074.0,1173183040.0,0.03111530661063767,002496
2024-03-06,1.53,1.56,1.5,1.55,23490520.0,36163212.0,1173183040.0,0.020022894296187574,002496
2024-03-07,1.56,1.59,1.54,1.58,36333860.0,57109324.0,1173183040.0,0.030970324971625912,002496
2024-03-08,1.57,1.59,1.54,1.57,15868200.0,24743442.0,1173183040.0,0.013525766618651425,002496
2024-03-11,1.57,1.62,1.56,1.61,19181570.0,30534152.0,1173183040.0,0.016350023266616606,002496
2024-03-12,1.61,1.71,1.6,1.69,40928867.0,67858395.0,1173183040.0,0.03488702581312461,002496
2024-03-13,1.69,1.78,1.68,1.76,45215620.0,78932689.0,1173183040.0,0.038540976521447154,002496
2024-03-14,1.74,1.83,1.72,1.8,40484640.0,72424773.0,1173183040.0,0.034508374754548106,002496
2024-03-15,1.79,1.82,1.76,1.8,20842700.0,37396013.0,1173183040.0,0.017765940428187573,002496
2024-03-18,1.8,1.85,1.78,1.84,21557972.0,39212584.0,1173183040.0,0.018375625341464193,002496
2024-03-19,1.83,2.02,1.83,2.02,103362320.0,206505100.0,1173183040.0,0.08810417170708502,002496
2024-03-20,2.01,2.22,2.0,2.22,95539352.0,207009890.0,1173183040.0,0.08143601530414214,002496
2024-03-21,2.37,2.37,2.1,2.14,151062351.0,338557721.0,1173183040.0,0.12876281522105876,002496
2024-03-22,2.17,2.31,2.14,2.29,107514124.0,240035303.0,1173183040.0,0.0916430943290827,002496
2024-03-25,2.2,2.34,2.2,2.2,51161476.0,115345495.0,1173183040.0,0.04360911661320982,002496
2024-03-26,2.2,2.27,2.17,2.24,46173700.0,102605284.0,1173183040.0,0.03935762658144121,002496
2024-03-27,2.26,2.33,2.22,2.27,43050080.0,97884604.0,1173183040.0,0.036695109400831434,002496
2024-03-28,2.33,2.33,2.16,2.25,34689150.0,77443213.0,1173183040.0,0.029568403921011337,002496
2024-03-29,2.25,2.35,2.22,2.26,35915166.0,82456931.0,1173183040.0,0.03061343778034841,002496
2024-04-01,2.26,2.36,2.25,2.35,38250468.0,88697179.0,1173183040.0,0.032604006958709526,002496
2024-04-02,2.35,2.45,2.31,2.42,45266794.0,108499148.0,1173183040.0,0.038584596313291405,002496
2024-04-03,2.4,2.5,2.37,2.48,45998049.0,112306541.0,1173183040.0,0.0392079048466299,002496
2024-04-08,2.46,2.72,2.32,2.38,75400077.0,189956158.0,1173183040.0,0.0642696616207476,002496
2024-04-09,2.41,2.58,2.33,2.51,60523400.0,149011368.0,1173183040.0,0.051589051270294534,002496
2024-04-10,2.49,2.53,2.41,2.46,32036780.0,79670990.0,1173183040.0,0.027307571715322443,002496
2024-04-11,2.42,2.65,2.42,2.6,46825747.0,118640965.0,1173183040.0,0.03991341964848043,002496
2024-04-12,2.58,2.6,2.51,2.52,29195500.0,74124448.0,1173183040.0,0.024885716043082245,002496
2024-04-15,2.48,2.49,2.27,2.27,48757720.0,112101890.0,1173183040.0,0.041560198483605766,002496
2024-04-16,2.11,2.33,2.05,2.27,69222107.0,151717821.0,1173183040.0,0.05900367175440927,002496
2024-04-17,2.3,2.39,2.29,2.33,31560824.0,73736399.0,1173183040.0,0.02690187543113477,002496
2024-04-18,2.32,2.45,2.29,2.4,37533120.0,88654446.0,1173183040.0,0.03199255250058849,002496
2024-04-19,2.4,2.47,2.38,2.39,19854420.0,48115136.0,1173183040.0,0.016923548434522203,002496
2024-04-22,2.38,2.4,2.25,2.39,17987680.0,42274018.0,1173183040.0,0.015332373028508834,002496
2024-04-23,2.4,2.44,2.36,2.37,15043930.0,36019572.0,1173183040.0,0.012823173781987166,002496
2024-04-24,2.37,2.42,2.36,2.39,17895010.0,42772773.0,1173183040.0,0.015253382796941899,002496
2024-04-25,2.55,2.63,2.45,2.63,74562591.0,193325998.0,1173183040.0,0.06355580370476546,002496
2024-04-26,2.63,2.74,2.59,2.59,56681063.0,150985970.0,1173183040.0,0.04831391272072941,002496
2024-04-29,2.58,2.84,2.58,2.8,62897480.0,172057775.0,1173183040.0,0.05361267411434792,002496
2024-04-30,2.79,2.88,2.75,2.78,34842960.0,97326720.0,1173183040.0,0.029699508782534054,002496
2024-05-06,2.71,2.9,2.71,2.82,52626958.0,148565968.0,1173183040.0,0.04485826695892228,002496
2024-05-07,2.85,2.97,2.8,2.9,58510682.0,169254327.0,1173183040.0,0.049873446857874794,002496
2024-05-08,2.89,2.92,2.83,2.84,32704560.0,94057209.0,1173183040.0,0.027876775306946135,002496
2024-05-09,2.81,2.9,2.8,2.86,22583920.0,64686018.0,1173183040.0,0.019250124856902126,002496
2024-05-10,2.87,2.93,2.84,2.86,18488000.0,53127768.0,1173183040.0,0.015758836745543132,002496
2024-05-13,2.84,2.91,2.75,2.76,30328563.0,85515889.0,1173183040.0,0.025851518446771953,002496
2024-05-14,2.77,2.81,2.69,2.75,36515768.0,99815151.0,1173183040.0,0.031125380060045872,002496
2024-05-15,2.72,2.77,2.68,2.72,15510710.0,42260889.0,1173183040.0,0.013221048609771925,002496
2024-05-16,2.74,2.87,2.72,2.8,25653700.0,71833919.0,1173183040.0,0.02186674979549653,002496
2024-05-17,2.78,2.85,2.74,2.79,20543452.0,57277890.0,1173183040.0,0.0175108668464897,002496
2024-05-20,2.79,2.83,2.66,2.68,24593580.0,67283112.0,1173183040.0,0.020963122685442162,002496
2024-05-21,2.7,2.71,2.63,2.69,17174120.0,45903781.0,1173183040.0,0.014638909202096886,002496
2024-05-22,2.7,2.78,2.68,2.71,15362075.0,41913758.0,1173183040.0,0.013094354824631628,002496
2024-05-23,2.71,2.73,2.66,2.67,15898540.0,42686137.0,1173183040.0,0.013551627885790098,002496
2024-05-24,2.68,2.81,2.65,2.76,27382746.0,75404908.0,1173183040.0,0.023340557326843047,002496
2024-05-27,2.78,2.8,2.71,2.77,16152540.0,44442503.0,1173183040.0,0.013768132890840291,002496
2024-05-28,2.75,2.8,2.71,2.71,12763762.0,35137616.0,1173183040.0,0.010879599827832492,002496
2024-05-29,2.71,2.75,2.68,2.72,9920900.0,26926329.0,1173183040.0,0.008456395687411232,002496
2024-05-30,2.72,2.85,2.69,2.84,36108920.0,101363382.0,1173183040.0,0.030778590184870044,002496
2024-05-31,2.84,3.0,2.83,2.99,48163960.0,140247225.0,1173183040.0,0.0410540882009341,002496
2024-06-03,3.01,3.04,2.92,2.95,34122720.0,101597444.0,1173183040.0,0.029085589235930312,002496
2024-06-04,2.93,2.96,2.88,2.89,18293300.0,53289860.0,1173183040.0,0.015592877987734975,002496
2024-06-05,2.86,3.03,2.81,2.99,30671680.0,90102016.0,1173183040.0,0.026143985170464106,002496
2024-06-06,3.0,3.03,2.83,2.85,28477384.0,82996358.0,1173183040.0,0.024273606955654593,002496
2024-06-07,2.81,2.97,2.81,2.93,16375760.0,47678473.0,1173183040.0,0.013958401580711566,002496
2024-06-11,2.93,3.0,2.92,3.0,23637900.0,70175224.0,1173183040.0,0.020148518342031265,002496
2024-06-12,3.0,3.29,2.99,3.23,64662683.0,204981935.0,1173183040.0,0.05511730121840152,002496
2024-06-13,3.23,3.26,2.91,2.93,103982521.0,307777344.0,1173183040.0,0.08863281981982965,002496
2024-06-14,3.04,3.04,2.64,2.64,96297400.0,266685009.0,1173183040.0,0.0820821617059858,002496
2024-06-17,2.58,2.77,2.46,2.63,59515507.0,155565486.0,1173183040.0,0.050729941510235264,002496
2024-06-18,2.64,2.78,2.61,2.68,43383132.0,117576903.0,1173183040.0,0.036978996900602995,002496
2024-06-19,2.7,2.72,2.64,2.64,20421860.0,54508394.0,1173183040.0,0.01740722402533197,002496
2024-06-20,2.63,2.64,2.5,2.52,24226895.0,62280941.0,1173183040.0,0.020650567024903463,002496
2024-06-21,2.48,2.52,2.4,2.44,22511740.0,55161325.0,1173183040.0,0.019188599930663845,002496
2024-06-24,2.43,2.62,2.35,2.37,31459180.0,78177386.0,1173183040.0,0.02681523592431067,002496
2024-06-25,2.36,2.4,2.26,2.29,26551580.0,61453770.0,1173183040.0,0.022632086464529865,002496
2024-06-26,2.3,2.4,2.27,2.39,23375987.0,53960183.0,1173183040.0,0.01992526843893004,002496
2024-06-27,2.39,2.43,2.22,2.25,24485220.0,56301466.0,1173183040.0,0.020870758581712875,002496
2024-06-28,2.27,2.3,2.22,2.24,16781060.0,38069429.0,1173183040.0,0.014303871968691262,002496
2024-07-01,2.22,2.27,2.21,2.25,14168408.0,31792442.0,1181386559.0,0.011993033010290073,002496
2024-07-02,2.24,2.27,2.18,2.19,16096640.0,35647274.0,1181386559.0,0.01362521003593033,002496
2024-07-03,2.19,2.27,2.18,2.25,18225500.0,40698238.0,1181386559.0,0.015427211238485065,002496
2024-07-04,2.25,2.26,2.09,2.11,26160700.0,56315834.0,1181386559.0,0.022144064362933046,002496
2024-07-05,2.12,2.17,2.09,2.14,12238100.0,26178932.0,1181386559.0,0.010359098727480951,002496
2024-07-08,2.12,2.14,2.06,2.09,7702400.0,16129610.0,1181386559.0,0.006519796540194089,002496
2024-07-09,2.09,2.12,2.03,2.09,13707380.0,28437785.0,1181386559.0,0.01160278987057614,002496
2024-07-10,2.07,2.14,2.03,2.08,12290872.0,25680984.0,1181386559.0,0.010403768272430464,002496
2024-07-11,2.11,2.22,2.11,2.17,27192472.0,58966837.0,1181386559.0,0.023017421175857478,002496
2024-07-12,2.15,2.2,2.14,2.18,21682800.0,47199291.0,1181386559.0,0.018353687736513347,002496
2024-07-15,2.19,2.3,2.17,2.25,21225947.0,47484244.0,1181386559.0,0.017966978579785926,002496
2024-07-16,2.23,2.48,2.2,2.48,48541834.0,116769479.0,1181386559.0,0.04108886598565068,002496
2024-07-17,2.58,2.62,2.48,2.49,46658634.0,118260417.0,1181386559.0,0.039494806881411285,002496
2024-07-18,2.51,2.57,2.43,2.54,27686700.0,69580650.0,1181386559.0,0.023435766886865352,002496
2024-07-19,2.53,2.75,2.52,2.71,40779411.0,108741369.0,1181386559.0,0.03451826219736092,002496
2024-07-22,2.71,2.73,2.62,2.67,30403600.0,80872270.0,1181386559.0,0.025735522186519137,002496
2024-07-23,2.64,2.69,2.57,2.6,19303300.0,50973185.0,1181386559.0,0.01633952904994918,002496
2024-07-24,2.6,2.6,2.34,2.46,41639660.0,101459591.0,1181386559.0,0.03524643113871757,002496
2024-07-25,2.45,2.49,2.38,2.43,19419140.0,47313819.0,1181386559.0,0.016437583322801288,002496
2024-07-26,2.45,2.58,2.44,2.56,22543180.0,56460695.0,1181386559.0,0.019081967564521782,002496
2024-07-29,2.57,2.65,2.55,2.56,17673080.0,45810100.0,1181386559.0,0.014959608153117645,002496
2024-07-30,2.56,2.59,2.47,2.57,12375684.0,31550292.0,1181386559.0,0.010475558491604609,002496
2024-07-31,2.58,2.68,2.55,2.66,18092610.0,47518552.0,1181386559.0,0.015314724771640136,002496
2024-08-01,2.66,2.72,2.64,2.67,16882100.0,45297988.0,1181386559.0,0.014290072856669432,002496
2024-08-02,2.66,2.67,2.61,2.62,8494080.0,22393249.0,1181386559.0,0.0071899243607358495,002496
2024-08-05,2.59,2.66,2.57,2.6,12153040.0,31808115.0,1181386559.0,0.010287098585485092,002496
2024-08-06,2.6,2.79,2.6,2.79,28069639.0,76256154.0,1181386559.0,0.023759910578092163,002496
2024-08-07,2.82,2.85,2.72,2.74,16335700.0,45109053.0,1181386559.0,0.013827565478506516,002496
2024-08-08,2.72,2.79,2.7,2.72,13807700.0,37691043.0,1181386559.0,0.011687707037811322,002496
2024-08-09,2.73,2.74,2.65,2.66,9830640.0,26457135.0,1181386559.0,0.008321272935694539,002496
2024-08-12,2.93,2.93,2.44,2.52,41933700.0,110317467.0,1181386559.0,0.03549532511652691,002496
2024-08-13,2.49,2.52,2.42,2.5,20724850.0,51139104.0,1181386559.0,0.017542818514494372,002496
2024-08-14,2.52,2.53,2.25,2.26,49272108.0,115536057.0,1181386559.0,0.04170701589978052,002496
2024-08-15,2.29,2.34,2.18,2.27,31860152.0,72095809.0,1181386559.0,0.02696843954866766,002496
2024-08-16,2.27,2.28,2.23,2.25,13538000.0,30412542.0,1181386559.0,0.011459415969197598,002496
2024-08-19,2.25,2.27,2.2,2.21,14621800.0,32555792.0,1181386559.0,0.0123768125586064,002496
2024-08-20,2.2,2.23,2.17,2.18,11357200.0,24897824.0,1181386559.0,0.009613449478901682,002496
2024-08-21,2.17,2.2,2.14,2.18,8345812.0,18112794.0,1181386559.0,0.0070644209860186834,002496
2024-08-22,2.18,2.26,2.12,2.14,22319684.0,48809240.0,1181386559.0,0.01889278647193412,002496
2024-08-23,2.15,2.16,2.1,2.12,13443780.0,28489767.0,1181386559.0,0.011379662226206181,002496
2024-08-26,2.13,2.13,2.08,2.1,9153240.0,19233433.0,1181386559.0,0.007747878905739269,002496
2024-08-27,2.1,2.11,2.05,2.06,12714500.0,26298293.0,1181386559.0,0.010762353696289176,002496
2024-08-28,2.06,2.13,2.05,2.09,14830100.0,31033165.0,1181386559.0,0.01255313079958615,002496
2024-08-29,2.09,2.11,2.05,2.09,8933900.0,18577250.0,1181386559.0,0.007562215713341293,002496
2024-08-30,2.1,2.17,2.09,2.11,20708600.0,44129217.0,1181386559.0,0.017529063490894177,002496
2024-09-02,2.1,2.17,2.07,2.08,19676200.0,41631043.0,1181386559.0,0.016655175099211536,002496
2024-09-03,2.07,2.11,2.07,2.09,8661380.0,18091511.0,1181386559.0,0.007331537619093565,002496
2024-09-04,2.08,2.1,2.06,2.06,7423800.0,15412237.0,1181386559.0,0.006283971950962411,002496
2024-09-05,2.07,2.1,2.07,2.08,8846520.0,18410989.0,1181386559.0,0.00748825177720682,002496
2024-09-06,2.09,2.12,2.06,2.07,11191000.0,23356693.0,1181386559.0,0.009472767329833825,002496
2024-09-09,2.07,2.08,2.03,2.04,11737212.0,24104482.0,1181386559.0,0.009935115572954475,002496
2024-09-10,2.04,2.05,2.0,2.04,12314400.0,24968115.0,1181386559.0,0.010423683853677567,002496
2024-09-11,2.04,2.04,2.0,2.02,5515700.0,11111444.0,1181386559.0,0.004668835918252562,002496
2024-09-12,2.02,2.04,2.01,2.02,6135211.0,12426738.0,1181386559.0,0.005193229052134493,002496
2024-09-13,2.03,2.03,1.98,1.98,8572500.0,17110304.0,1181386559.0,0.007256303988472921,002496
2024-09-18,1.97,2.01,1.89,1.98,21516511.0,41791831.0,1181386559.0,0.018212930252239308,002496
2024-09-19,1.97,2.0,1.94,1.98,18710680.0,36926757.0,1181386559.0,0.01583789815235235,002496
2024-09-20,1.98,2.04,1.97,2.02,13927100.0,27966667.0,1181386559.0,0.011788774718910612,002496
2024-09-23,2.02,2.18,2.01,2.15,34740251.0,73599735.0,1181386559.0,0.029406336761953967,002496
2024-09-24,2.19,2.24,2.15,2.2,27788991.0,60864753.0,1181386559.0,0.023522352432655363,002496
2024-09-25,2.21,2.24,2.14,2.16,35366200.0,77543579.0,1181386559.0,0.02993617942457055,002496
2024-09-26,2.15,2.18,2.13,2.18,34058274.0,73518778.0,1181386559.0,0.028829068470889892,002496
2024-09-27,2.22,2.39,2.22,2.31,53529031.0,123050850.0,1181386559.0,0.04531034367388634,002496
2024-09-30,2.38,2.48,2.35,2.46,104999021.0,254215928.0,1181386559.0,0.08887778534477131,002496
2024-10-08,2.69,2.7,2.27,2.42,140920175.0,347712966.0,1181386559.0,0.11928371279192791,002496
2024-10-09,2.38,2.38,2.18,2.18,85463781.0,190326115.0,1181386559.0,0.0723419276687403,002496
2024-10-10,2.18,2.21,2.07,2.1,58690620.0,124425709.0,1181386559.0,0.049679437736010336,002496
2024-10-11,2.08,2.11,1.98,2.01,46379349.0,94794363.0,1181386559.0,0.03925840246503092,002496
2024-10-14,2.02,2.05,2.0,2.05,28645740.0,58142284.0,1181386559.0,0.024247558753544275,002496
2024-10-15,2.04,2.06,2.01,2.02,26729460.0,54449317.0,1181386559.0,0.022625498653569835,002496
2024-10-16,2.01,2.04,1.99,2.01,18854540.0,37986135.0,1181386559.0,0.01595967031820615,002496
2024-10-17,2.02,2.06,2.0,2.01,29292445.0,59345480.0,1181386559.0,0.024794970601997514,002496
2024-10-18,2.0,2.03,1.94,2.02,49765357.0,98658166.0,1181386559.0,0.04212453292352042,002496
2024-10-21,2.01,2.01,1.96,1.97,46330240.0,91589701.0,1181386559.0,0.03921683351401664,002496
2024-10-22,1.96,2.02,1.94,2.0,50316780.0,99990087.0,1181386559.0,0.04259129208528603,002496
2024-10-23,2.0,2.2,1.98,2.2,114378055.0,241895883.0,1181386559.0,0.09681679051505106,002496
2024-10-24,2.25,2.26,2.15,2.22,95971074.0,212001076.0,1181386559.0,0.081235962326536,002496
2024-10-25,2.21,2.31,2.19,2.25,84691211.0,190278844.0,1181386559.0,0.07168797575595237,002496
2024-10-28,2.2,2.35,2.2,2.33,87032821.0,198137042.0,1181386559.0,0.07367006195979584,002496
2024-10-29,2.32,2.34,2.18,2.19,72674040.0,162352099.0,1181386559.0,0.06151588525056175,002496
2024-10-30,2.17,2.26,2.15,2.22,45045483.0,99988682.0,1181386559.0,0.0381293342613694,002496
2024-10-31,2.22,2.3,2.21,2.27,58728172.0,132977315.0,1181386559.0,0.04971122411424016,002496
2024-11-01,2.25,2.27,2.13,2.15,64931500.0,141564340.0,1181386559.0,0.0549621116859177,002496
2024-11-04,2.15,2.17,2.1,2.12,34986100.0,74214765.0,1181386559.0,0.029614438841774567,002496
2024-11-05,2.13,2.33,2.11,2.28,120615885.0,272393716.0,1181386559.0,0.10209688275283653,002496
2024-11-06,2.3,2.37,2.22,2.3,112140066.0,256856097.0,1181386559.0,0.09492241565277534,002496
2024-11-07,2.3,2.53,2.29,2.53,198745582.0,493101493.0,1181386559.0,0.16823077974429537,002496
2024-11-08,2.56,2.56,2.41,2.44,154003036.0,379936688.0,1181386559.0,0.13035787044196429,002496
2024-11-11,2.42,2.49,2.42,2.46,80984781.0,198351764.0,1181386559.0,0.06855061993303074,002496
2024-11-12,2.46,2.49,2.33,2.35,95069432.0,227220727.0,1181386559.0,0.08047275574260195,002496
2024-11-13,2.34,2.36,2.25,2.32,59990735.0,137688278.0,1181386559.0,0.05077993696727,002496
2024-11-14,2.3,2.34,2.26,2.27,53417418.0,122280475.0,1181386559.0,0.04521586740009626,002496
2024-11-15,2.28,2.29,2.17,2.17,67581682.0,150119005.0,1181386559.0,0.057205392667752535,002496
2024-11-18,2.17,2.21,2.11,2.12,62379581.0,134053933.0,1181386559.0,0.052802006696946006,002496
2024-11-19,2.12,2.15,2.07,2.15,47747562.0,100809926.0,1181386559.0,0.040416544133036816,002496
2024-11-20,2.14,2.37,2.12,2.28,118788404.0,272242127.0,1181386559.0,0.10054998771998049,002496
2024-11-21,2.23,2.31,2.22,2.27,83531249.0,189244441.0,1181386559.0,0.07070611085223968,002496
2024-11-22,2.26,2.3,2.15,2.16,65327750.0,145190568.0,1181386559.0,0.0552975226460148,002496
2024-11-25,2.15,2.2,2.12,2.2,49061800.0,106143852.0,1181386559.0,0.04152899796111528,002496
2024-11-26,2.18,2.27,2.18,2.19,43579943.0,96799228.0,1181386559.0,0.03688880888985973,002496
2024-11-27,2.18,2.2,2.11,2.19,47132660.0,101381220.0,1181386559.0,0.039896052347079394,002496
2024-11-28,2.19,2.29,2.18,2.26,70252582.0,157882877.0,1181386559.0,0.059466210669830384,002496
2024-11-29,2.26,2.32,2.25,2.29,65255615.0,149344974.0,1181386559.0,0.05523646303817479,002496
2024-12-02,2.3,2.43,2.3,2.41,92930552.0,221580179.0,1181386559.0,0.07866227298087958,002496
2024-12-03,2.4,2.41,2.33,2.38,75435744.0,178166309.0,1181386559.0,0.0638535654780545,002496
2024-12-04,2.35,2.41,2.3,2.33,59740714.0,141186515.0,1181386559.0,0.05056830344385186,002496
2024-12-05,2.33,2.51,2.31,2.44,120554035.0,293745809.0,1181386559.0,0.1020445290168567,002496
2024-12-06,2.43,2.61,2.42,2.54,147652070.0,373062359.0,1181386559.0,0.12498201276725376,002496
2024-12-09,2.54,2.61,2.44,2.5,93055998.0,233226923.0,1181386559.0,0.07876845837722113,002496
2024-12-10,2.56,2.69,2.49,2.51,124002480.0,317050520.0,1181386559.0,0.10496351008510162,002496
2024-12-11,2.47,2.67,2.46,2.66,147003382.0,382380061.0,1181386559.0,0.12443292238268981,002496
2024-12-12,2.64,2.64,2.57,2.61,87976416.0,228709692.0,1181386559.0,0.07446878020558215,002496
2024-12-13,2.59,2.6,2.49,2.5,79749039.0,202268558.0,1181386559.0,0.06750461006387665,002496
2024-12-16,2.51,2.67,2.49,2.57,98173991.0,252581442.0,1181386559.0,0.08310065003879903,002496
2024-12-17,2.56,2.57,2.38,2.39,83078441.0,202488529.0,1181386559.0,0.07032282563830998,002496
2024-12-18,2.4,2.42,2.33,2.35,62823600.0,149051368.0,1181386559.0,0.05317785234764974,002496
2024-12-19,2.33,2.35,2.26,2.32,57563540.0,132144699.0,1181386559.0,0.04872540622836052,002496
2024-12-20,2.33,2.39,2.3,2.33,55850420.0,131464218.0,1181386559.0,0.04727531354959321,002496
2024-12-23,2.26,2.27,2.1,2.1,95333900.0,201764154.0,1181386559.0,0.0806966181168479,002496
2024-12-24,1.92,2.04,1.91,1.99,116001315.0,228113930.0,1181386559.0,0.09819082002946675,002496
2024-12-25,1.98,1.99,1.85,1.87,96825140.0,182838374.0,1181386559.0,0.08195889758722065,002496
2024-12-26,1.86,1.91,1.83,1.88,70411800.0,131298834.0,1181386559.0,0.059600982814296606,002496
2024-12-27,1.89,2.0,1.86,1.95,62905060.0,122641649.0,1181386559.0,0.053246805222878786,002496
2024-12-30,1.93,1.93,1.86,1.89,47137780.0,88855290.0,1181386559.0,0.03990038623759219,002496
2024-12-31,1.89,1.91,1.85,1.86,35392540.0,66208341.0,1181386559.0,0.02995847525974773,002496
