日期,开盘,最高,最低,收盘,成交量,成交额,outstanding_share,换手率,股票代码
2020-01-02,8.83,8.87,8.69,8.8,5059609.0,44422078.0,489557500.0,0.010335065850283164,002412
2020-01-03,8.79,8.79,8.68,8.71,5241985.0,45671243.0,489557500.0,0.010707598188159716,002412
2020-01-06,8.7,8.71,8.56,8.68,5382870.0,46563348.0,489557500.0,0.010995378479545303,002412
2020-01-07,8.68,8.78,8.63,8.77,5783092.0,50430169.0,489557500.0,0.011812896340062199,002412
2020-01-08,8.8,8.8,8.55,8.56,5860792.0,50708688.0,489557500.0,0.011971611097777075,002412
2020-01-09,8.61,8.72,8.61,8.67,4843930.0,41918013.0,489557500.0,0.009894506773974457,002412
2020-01-10,8.71,8.71,8.55,8.59,3739254.0,32212659.0,489557500.0,0.007638028219361362,002412
2020-01-13,8.61,8.63,8.5,8.56,3315734.0,28305857.0,489557500.0,0.006772920443461698,002412
2020-01-14,8.55,8.8,8.55,8.78,8940790.0,77494018.0,489557500.0,0.018263002813765493,002412
2020-01-15,8.79,8.8,8.6,8.63,6286789.0,54535634.0,489557500.0,0.012841778544910455,002412
2020-01-16,8.65,8.65,8.46,8.47,5120852.0,43576595.0,489557500.0,0.010460164536341491,002412
2020-01-17,8.49,8.53,8.37,8.38,2965328.0,24988707.0,489557500.0,0.006057159782048074,002412
2020-01-20,8.41,8.55,8.4,8.54,4346981.0,36923612.0,489557500.0,0.0088794084453818,002412
2020-01-21,8.57,9.37,8.57,9.37,19461960.0,174794182.0,489557500.0,0.03975418617833452,002412
2020-01-22,9.46,9.46,8.76,8.81,13339224.0,119307205.0,489557500.0,0.02724751229426574,002412
2020-01-23,8.84,8.98,8.51,8.65,7772452.0,67884100.0,489557500.0,0.015876484376196872,002412
2020-02-03,8.18,8.44,7.79,7.79,9248908.0,73993423.0,489557500.0,0.018892383427891513,002412
2020-02-04,7.87,8.28,7.8,8.19,8956239.0,71785608.0,489557500.0,0.018294559883159794,002412
2020-02-05,8.13,8.8,8.13,8.78,11822482.0,99172000.0,489557500.0,0.024149322602554348,002412
2020-02-06,8.69,9.56,8.53,9.11,22223227.0,203596160.0,489557500.0,0.04539451851927506,002412
2020-02-07,9.17,9.34,8.8,8.96,13251506.0,120148624.0,489557500.0,0.02706833415890881,002412
2020-02-10,9.0,9.0,8.61,8.68,9199200.0,80328760.0,489557500.0,0.018790846836173485,002412
2020-02-11,8.67,8.78,8.47,8.52,5891364.0,50682325.0,489557500.0,0.012034059329088003,002412
2020-02-12,8.52,8.62,8.42,8.56,5083726.0,43257843.0,489557500.0,0.010384328705004008,002412
2020-02-13,8.54,8.57,8.23,8.26,5709129.0,47631296.0,489557500.0,0.011661815006408848,002412
2020-02-14,8.28,8.4,8.28,8.33,2973970.0,24799618.0,489557500.0,0.006074812458189283,002412
2020-02-17,8.38,8.58,8.36,8.54,4740434.0,40384877.0,489557500.0,0.009683099533762632,002412
2020-02-18,8.72,8.72,8.51,8.58,4767499.0,40908603.0,489557500.0,0.00973838415303616,002412
2020-02-19,8.56,8.56,8.34,8.35,5115666.0,42997879.0,489557500.0,0.010449571296527987,002412
2020-02-20,8.33,8.42,8.27,8.42,4006604.0,33422061.0,489557500.0,0.008184133630880948,002412
2020-02-21,8.43,8.43,8.31,8.39,4073404.0,34055423.0,489557500.0,0.008320583383974303,002412
2020-02-24,8.36,8.57,8.33,8.53,6039841.0,51231394.0,489557500.0,0.012337347502591627,002412
2020-02-25,8.42,9.1,8.4,9.03,14734067.0,128576898.0,489557500.0,0.03009670365585248,002412
2020-02-26,8.87,8.98,8.64,8.67,8867277.0,77866140.0,489557500.0,0.018112840677550646,002412
2020-02-27,8.68,8.73,8.52,8.59,3962059.0,34125494.0,489557500.0,0.008093143297774011,002412
2020-02-28,8.48,8.49,8.28,8.29,4956920.0,41516689.0,489557500.0,0.010125307037477722,002412
2020-03-02,8.26,8.66,8.26,8.54,3651364.0,30971569.0,489557500.0,0.007458498746316827,002412
2020-03-03,8.58,8.71,8.56,8.6,5070749.0,43741436.0,489557500.0,0.010357821093538553,002412
2020-03-04,8.53,8.61,8.35,8.48,3953389.0,33524161.0,489557500.0,0.008075433427125517,002412
2020-03-05,8.51,8.71,8.51,8.71,6027389.0,52040980.0,489557500.0,0.012311912288137756,002412
2020-03-06,8.78,8.92,8.63,8.63,8610128.0,75282151.0,489557500.0,0.017587572450631438,002412
2020-03-09,8.58,8.66,8.4,8.51,6034300.0,51303453.0,489557500.0,0.01232602911813219,002412
2020-03-10,8.36,8.52,8.2,8.48,5269351.0,44092428.0,489557500.0,0.010763497648386553,002412
2020-03-11,8.5,8.59,8.41,8.45,3804068.0,32304270.0,489557500.0,0.007770421247759457,002412
2020-03-12,8.31,8.45,8.23,8.25,3705768.0,30808574.0,489557500.0,0.0075696276739708815,002412
2020-03-13,7.98,8.12,7.82,8.06,4154148.0,33250662.0,489557500.0,0.008485516001695408,002412
2020-03-16,8.15,8.28,7.97,8.0,3760022.0,30570641.0,489557500.0,0.007680450202478769,002412
2020-03-17,7.99,8.12,7.62,7.8,3685312.0,28771846.0,489557500.0,0.007527843001077504,002412
2020-03-18,7.88,7.97,7.77,7.78,2515927.0,19781429.0,489557500.0,0.0051391858974686325,002412
2020-03-19,7.75,7.8,7.38,7.63,4029533.0,30579493.0,489557500.0,0.008230969804364146,002412
2020-03-20,7.64,7.72,7.59,7.67,2294524.0,17570521.0,489557500.0,0.004686934629742165,002412
2020-03-23,7.5,7.78,7.48,7.71,3628719.0,27760854.0,489557500.0,0.007412242688550374,002412
2020-03-24,7.7,7.75,7.62,7.72,2846756.0,21866674.0,489557500.0,0.00581495738498542,002412
2020-03-25,7.76,8.49,7.76,8.49,9628731.0,80511918.0,489557500.0,0.019668233047190575,002412
2020-03-26,8.5,8.95,8.3,8.62,19908823.0,172688640.0,489557500.0,0.0406669757893608,002412
2020-03-27,8.51,8.65,7.76,8.32,9131827.0,76691585.0,489557500.0,0.018653226638341767,002412
2020-03-30,8.15,8.28,8.01,8.15,5596569.0,45466029.0,489557500.0,0.011431893087124598,002412
2020-03-31,8.19,8.29,8.02,8.22,4405092.0,35771761.0,489557500.0,0.008998109517268146,002412
2020-04-01,8.15,8.61,8.04,8.34,7860899.0,65503077.0,489557500.0,0.016057151611404176,002412
2020-04-02,8.35,8.35,8.12,8.26,4579039.0,37628020.0,489557500.0,0.009353424265791046,002412
2020-04-03,8.25,8.37,8.06,8.06,4702564.0,38554288.0,489557500.0,0.009605743962660158,002412
2020-04-07,8.15,8.29,8.06,8.27,5410985.0,44332083.0,489557500.0,0.011052807892842005,002412
2020-04-08,8.23,8.77,8.1,8.61,9605369.0,80563326.0,489557500.0,0.01962051240150544,002412
2020-04-09,8.61,8.66,8.41,8.45,8580416.0,73193540.0,489557500.0,0.017526880907758537,002412
2020-04-10,8.44,9.3,8.34,9.3,35602673.0,322551117.0,489557500.0,0.07272419072325519,002412
2020-04-13,9.22,9.4,8.87,9.16,37164930.0,338544910.0,489557500.0,0.07591535212921874,002412
2020-04-14,9.0,9.35,8.97,9.2,31848157.0,291789260.0,489557500.0,0.06505498741210175,002412
2020-04-15,9.13,9.75,9.01,9.5,45471543.0,425592524.0,489557500.0,0.09288294633418955,002412
2020-04-16,9.31,9.33,8.9,8.97,31316575.0,284226194.0,489557500.0,0.06396914560598091,002412
2020-04-17,8.9,8.92,8.57,8.65,22772587.0,198060048.0,489557500.0,0.04651667475219969,002412
2020-04-20,8.65,8.84,8.56,8.73,17927663.0,155372926.0,489557500.0,0.03662013757321663,002412
2020-04-21,8.65,8.69,8.25,8.3,22066130.0,185748401.0,489557500.0,0.045073622608171666,002412
2020-04-22,8.28,8.28,8.08,8.23,15397479.0,125587901.0,489557500.0,0.03145182945823524,002412
2020-04-23,8.19,8.37,8.11,8.15,14368831.0,118244673.0,489557500.0,0.02935065033218774,002412
2020-04-24,8.15,8.15,7.83,7.88,12619271.0,100575874.0,489557500.0,0.025776892397726518,002412
2020-04-27,7.9,7.95,7.73,7.77,7159277.0,55891835.0,489557500.0,0.014623975733187624,002412
2020-04-28,7.8,7.86,7.4,7.69,9419363.0,71822780.0,489557500.0,0.01924056520429163,002412
2020-04-29,7.65,7.79,7.6,7.7,5595592.0,43210146.0,489557500.0,0.011429897407352558,002412
2020-04-30,7.72,7.93,7.72,7.86,7221989.0,56456519.0,489557500.0,0.014752075088217421,002412
2020-05-06,7.8,7.95,7.76,7.91,5304191.0,41804339.0,489557500.0,0.010834663956736441,002412
2020-05-07,7.97,7.97,7.61,7.73,11608050.0,89929256.0,489557500.0,0.02371131072448078,002412
2020-05-08,7.72,7.82,7.66,7.79,9997522.0,77188968.0,489557500.0,0.020421548030619487,002412
2020-05-11,7.79,7.79,7.65,7.67,8087810.0,62211768.0,489557500.0,0.01652065385577792,002412
2020-05-12,7.67,7.74,7.6,7.66,6129537.0,46903471.0,489557500.0,0.01252056602135602,002412
2020-05-13,7.67,7.69,7.57,7.62,6201284.0,47225794.0,489557500.0,0.012667120818289987,002412
2020-05-14,7.6,7.62,7.4,7.42,8886549.0,66400563.0,489557500.0,0.018152206839850273,002412
2020-05-15,7.44,7.5,7.4,7.43,5048268.0,37581485.0,489557500.0,0.01031190003217191,002412
2020-05-18,7.45,7.46,7.22,7.23,9561392.0,69864620.0,489557500.0,0.01953068229983199,002412
2020-05-19,7.26,7.32,7.23,7.29,6072619.0,44162956.0,489557500.0,0.012404301844012195,002412
2020-05-20,7.3,7.3,7.13,7.15,6105908.0,43893471.0,489557500.0,0.012472299985190708,002412
2020-05-21,7.15,7.21,7.08,7.13,5020580.0,35924038.0,489557500.0,0.0102553428351113,002412
2020-05-22,7.11,7.13,6.9,6.91,6962224.0,48800805.0,489557500.0,0.014221463260189048,002412
2020-05-25,6.92,6.93,6.72,6.73,5874824.0,39735149.0,489557500.0,0.012000273716570576,002412
2020-05-26,6.79,7.06,6.75,7.02,6728988.0,46565359.0,489557500.0,0.013745041185151897,002412
2020-05-27,7.02,7.06,6.83,6.86,4859639.0,33695047.0,489557500.0,0.009926594935222114,002412
2020-05-28,6.88,6.88,6.68,6.76,4637532.0,31396522.0,489557500.0,0.009472905634169632,002412
2020-05-29,6.73,6.85,6.7,6.81,3548594.0,24170007.0,489557500.0,0.007248574477972455,002412
2020-06-01,6.83,6.99,6.81,6.95,5180345.0,35921441.0,489557500.0,0.01058168856569453,002412
2020-06-02,6.95,7.18,6.94,7.02,7362446.0,52051700.0,489557500.0,0.015038981120705943,002412
2020-06-03,7.08,7.44,7.07,7.22,12847261.0,93262060.0,489557500.0,0.026242598673291696,002412
2020-06-04,7.19,7.21,7.05,7.11,6044811.0,42976851.0,489557500.0,0.01234749952763465,002412
2020-06-05,7.11,7.13,7.02,7.07,3572797.0,25207655.0,489557500.0,0.007298013001537103,002412
2020-06-08,7.08,7.22,7.06,7.12,4594720.0,32790995.0,489557500.0,0.009385455232531419,002412
2020-06-09,7.14,7.19,7.09,7.14,3488347.0,24880091.0,489557500.0,0.00712551028224468,002412
2020-06-10,7.17,7.17,7.08,7.11,3041455.0,21638748.0,489557500.0,0.006212661434050137,002412
2020-06-11,7.14,7.14,7.0,7.03,3822103.0,27036140.0,489557500.0,0.007807260638433688,002412
2020-06-12,6.91,7.07,6.84,7.04,4811443.0,33542108.0,489557500.0,0.009828146846897453,002412
2020-06-15,7.05,7.21,7.03,7.16,6765392.0,48386586.0,489557500.0,0.013819402215265827,002412
2020-06-16,7.18,7.2,7.11,7.15,6092121.0,43472990.0,489557500.0,0.012444137818335947,002412
2020-06-17,7.17,7.46,7.12,7.37,16642749.0,121849429.0,489557500.0,0.03399549388989036,002412
2020-06-18,7.4,7.4,7.17,7.23,9946253.0,72020797.0,489557500.0,0.020316822845120337,002412
2020-06-19,7.21,7.23,7.17,7.2,4682741.0,33668722.0,489557500.0,0.009565252294163606,002412
2020-06-22,7.17,7.21,7.09,7.11,5972992.0,42563506.0,489557500.0,0.012200797659110522,002412
2020-06-23,7.11,7.12,7.06,7.06,3476590.0,24622553.0,489557500.0,0.007101494717168055,002412
2020-06-24,7.01,7.06,6.92,6.97,3727400.0,25999166.0,489557500.0,0.007613814516170215,002412
2020-06-29,6.97,7.05,6.8,6.86,6381931.0,44016737.0,489557500.0,0.013036121395341712,002412
2020-06-30,6.87,7.05,6.86,6.99,5587900.0,38987261.0,490577500.0,0.011390453088451876,002412
2020-07-01,7.02,7.06,6.92,6.99,5145434.0,35907651.0,490577500.0,0.010488524239289409,002412
2020-07-02,6.99,7.07,6.95,7.04,8066382.0,56760046.0,490577500.0,0.016442625273274863,002412
2020-07-03,7.09,7.15,7.03,7.12,10468921.0,74135440.0,490577500.0,0.021339994190520357,002412
2020-07-06,7.16,7.35,7.11,7.3,22159912.0,160166078.0,490577500.0,0.045171072868201254,002412
2020-07-07,7.4,7.42,7.28,7.31,20747804.0,152557432.0,490577500.0,0.04229261227838619,002412
2020-07-08,7.31,7.44,7.25,7.41,17308335.0,127019097.0,490577500.0,0.035281550825302835,002412
2020-07-09,7.43,7.68,7.4,7.61,21138153.0,159810937.0,490577500.0,0.04308830510979407,002412
2020-07-10,7.64,7.78,7.52,7.6,18895356.0,144561249.0,490577500.0,0.03851655650738161,002412
2020-07-13,7.6,7.95,7.58,7.95,21745951.0,169564857.0,490577500.0,0.044327249007547226,002412
2020-07-14,7.95,8.08,7.66,7.83,19151917.0,150420702.0,490577500.0,0.039039534018580145,002412
2020-07-15,7.86,7.94,7.58,7.61,15841608.0,122640648.0,490577500.0,0.03229175410613002,002412
2020-07-16,7.61,7.62,7.23,7.24,14083488.0,104753023.0,490577500.0,0.028707977842440797,002412
2020-07-17,7.26,7.33,7.14,7.19,9165437.0,66330638.0,490577500.0,0.01868295427327996,002412
2020-07-20,7.23,7.44,7.22,7.43,8057430.0,59053269.0,490577500.0,0.016424377391951323,002412
2020-07-21,7.43,7.53,7.35,7.53,9056654.0,67492766.0,490577500.0,0.01846120949289358,002412
2020-07-22,7.52,7.55,7.44,7.47,8479962.0,63594502.0,490577500.0,0.017285672498229127,002412
2020-07-23,7.47,7.69,7.31,7.69,14363538.0,107948962.0,490577500.0,0.02927883565797453,002412
2020-07-24,7.66,7.66,7.32,7.37,13766502.0,103071583.0,490577500.0,0.028061829170722263,002412
2020-07-27,7.38,7.43,7.31,7.37,5466012.0,40288778.0,490577500.0,0.011141994893773155,002412
2020-07-28,8.11,8.11,7.65,7.8,44094889.0,349879164.0,490577500.0,0.08988363510352594,002412
2020-07-29,7.57,7.83,7.4,7.8,30974502.0,235571332.0,490577500.0,0.06313885573635154,002412
2020-07-30,7.7,8.41,7.7,8.17,43005976.0,349508085.0,490577500.0,0.08766397969739745,002412
2020-07-31,8.07,8.2,7.86,8.18,30479803.0,245081187.0,490577500.0,0.06213045441342092,002412
2020-08-03,8.18,8.53,8.13,8.5,33542552.0,280102131.0,490577500.0,0.06837360457827764,002412
2020-08-04,8.54,8.56,8.18,8.22,25866194.0,214707484.0,490577500.0,0.052726009651889866,002412
2020-08-05,8.17,9.03,8.12,8.73,36445798.0,315123337.0,490577500.0,0.07429162160922587,002412
2020-08-06,8.61,8.74,8.4,8.65,20678446.0,176669077.0,490577500.0,0.04215123196640694,002412
2020-08-07,8.6,8.6,8.21,8.35,14713716.0,123437157.0,490577500.0,0.029992643364198317,002412
2020-08-10,8.35,8.46,8.22,8.3,9639974.0,79851112.0,490577500.0,0.019650257094954417,002412
2020-08-11,8.3,8.33,8.0,8.03,11836622.0,96480070.0,490577500.0,0.024127934933827987,002412
2020-08-12,8.02,8.06,7.81,7.97,9247854.0,72955245.0,490577500.0,0.018850954232511683,002412
2020-08-13,8.0,8.11,7.94,7.96,8062962.0,64712316.0,490577500.0,0.0164356538977022,002412
2020-08-14,7.93,8.07,7.86,8.07,5957791.0,47413124.0,490577500.0,0.012144444048086183,002412
2020-08-17,8.07,8.22,8.03,8.12,10220599.0,83035831.0,490577500.0,0.020833811171527435,002412
2020-08-18,8.13,8.17,8.08,8.11,7237659.0,58767422.0,490577500.0,0.014753344782424795,002412
2020-08-19,8.12,8.12,7.91,7.93,6684149.0,53327470.0,490577500.0,0.013625062299025128,002412
2020-08-20,7.9,7.95,7.85,7.87,4669580.0,36823944.0,490577500.0,0.009518536826495304,002412
2020-08-21,7.84,7.9,7.73,7.79,7579261.0,59213371.0,490577500.0,0.015449671050955252,002412
2020-08-24,7.78,7.9,7.67,7.84,5657845.0,44011064.0,490577500.0,0.011533029949396374,002412
2020-08-25,7.83,7.86,7.72,7.72,5347300.0,41645155.0,490577500.0,0.010900010701673029,002412
2020-08-26,7.74,7.79,7.56,7.61,5214610.0,40029621.0,490577500.0,0.010629533559937013,002412
2020-08-27,7.61,7.71,7.53,7.67,4743619.0,36104637.0,490577500.0,0.009669458953987901,002412
2020-08-28,7.62,7.81,7.62,7.79,4423218.0,34243661.0,490577500.0,0.00901634909876625,002412
2020-08-31,7.81,7.84,7.69,7.7,5926550.0,46026665.0,490577500.0,0.012080761959119609,002412
2020-09-01,7.72,7.73,7.61,7.7,2935241.0,22495874.0,490577500.0,0.0059832360840030374,002412
2020-09-02,7.71,7.74,7.6,7.69,4816285.0,36966624.0,490577500.0,0.009817582339181882,002412
2020-09-03,7.7,7.89,7.68,7.81,7353640.0,57394102.0,490577500.0,0.01498976206613634,002412
2020-09-04,7.71,7.76,7.56,7.75,4363274.0,33455955.0,490577500.0,0.008894158415337026,002412
2020-09-07,7.75,7.78,7.6,7.6,5382713.0,41344288.0,490577500.0,0.010972197053472693,002412
2020-09-08,7.65,7.65,7.49,7.54,7800037.0,58956059.0,490577500.0,0.01589970392037955,002412
2020-09-09,7.49,7.62,7.33,7.48,6707573.0,50173452.0,490577500.0,0.013672810106456167,002412
2020-09-10,7.51,7.54,7.2,7.23,5732374.0,42071779.0,490577500.0,0.01168495089970494,002412
2020-09-11,7.21,7.31,7.18,7.25,3764205.0,27283955.0,490577500.0,0.00767300783260545,002412
2020-09-14,7.28,7.33,7.2,7.24,3307737.0,24038805.0,490577500.0,0.006742537111873252,002412
2020-09-15,7.27,7.3,7.19,7.28,2922770.0,21140644.0,490577500.0,0.005957815024129724,002412
2020-09-16,7.28,7.28,7.12,7.13,4843700.0,34761756.0,490577500.0,0.009873465456528275,002412
2020-09-17,7.14,7.15,7.01,7.11,4446355.0,31437285.0,490577500.0,0.009063511881405079,002412
2020-09-18,7.11,7.24,7.09,7.22,4505791.0,32408368.0,490577500.0,0.009184667050567953,002412
2020-09-21,7.22,7.28,7.19,7.22,2746857.0,19853073.0,490577500.0,0.005599231517955878,002412
2020-09-22,7.18,7.27,7.04,7.09,5292478.0,37965839.0,490577500.0,0.010788260774291524,002412
2020-09-23,7.11,7.16,7.06,7.13,2939383.0,20883334.0,490577500.0,0.005991679194418823,002412
2020-09-24,7.09,7.09,6.91,6.93,4588567.0,32096566.0,490577500.0,0.009353398800393414,002412
2020-09-25,6.94,7.0,6.86,6.9,2604978.0,18044116.0,490577500.0,0.005310023390799619,002412
2020-09-28,6.91,6.98,6.73,6.77,3385716.0,23137935.0,490577500.0,0.006901490590171787,002412
2020-09-29,6.82,6.86,6.75,6.77,4355162.0,29589753.0,490577500.0,0.008877622801698,002412
2020-09-30,6.8,6.8,6.65,6.69,4895370.0,32885185.0,490577500.0,0.009978790303265029,002412
2020-10-09,6.75,6.9,6.75,6.87,4586083.0,31379434.0,490577500.0,0.009348335380240635,002412
2020-10-12,6.92,7.07,6.91,7.06,4201270.0,29458057.0,490577500.0,0.008563927208239269,002412
2020-10-13,7.06,7.07,7.01,7.03,2970522.0,20892890.0,490577500.0,0.006055153365166564,002412
2020-10-14,7.0,7.02,6.95,6.97,2930385.0,20474184.0,490577500.0,0.005973337546055414,002412
2020-10-15,6.97,7.0,6.9,6.91,2062000.0,14297989.0,490577500.0,0.00420320948270151,002412
2020-10-16,6.9,7.05,6.85,7.02,3205063.0,22254606.0,490577500.0,0.006533245002063894,002412
2020-10-19,7.06,7.36,7.06,7.18,8769835.0,63244371.0,490577500.0,0.01787655365360213,002412
2020-10-20,7.1,7.11,6.97,7.05,4927254.0,34649412.0,490577500.0,0.010043783092375823,002412
2020-10-21,7.03,7.05,6.97,6.99,2020200.0,14134317.0,490577500.0,0.0041180037812578035,002412
2020-10-22,6.98,7.18,6.9,7.07,3818700.0,26938645.0,490577500.0,0.007784091198638339,002412
2020-10-23,7.08,7.11,6.97,6.99,2660856.0,18761036.0,490577500.0,0.005423925883270227,002412
2020-10-26,6.97,6.98,6.88,6.92,2493381.0,17266311.0,490577500.0,0.005082542513670113,002412
2020-10-27,6.88,6.92,6.86,6.89,1605850.0,11066942.0,490577500.0,0.003273386977592735,002412
2020-10-28,6.89,6.92,6.81,6.84,2431527.0,16673257.0,490577500.0,0.004956458459672529,002412
2020-10-29,6.77,6.91,6.73,6.87,2138514.0,14663613.0,490577500.0,0.0043591766846216955,002412
2020-10-30,6.89,6.89,6.67,6.73,3261713.0,22094843.0,490577500.0,0.006648721150073128,002412
2020-11-02,6.7,6.76,6.62,6.66,3028830.0,20215541.0,490577500.0,0.006174009203438804,002412
2020-11-03,6.69,6.82,6.67,6.8,2155645.0,14595066.0,490577500.0,0.0043940967533162446,002412
2020-11-04,6.8,6.84,6.72,6.75,1705444.0,11534083.0,490577500.0,0.003476400772558872,002412
2020-11-05,6.77,6.87,6.77,6.84,2177743.0,14851219.0,490577500.0,0.004439141623902442,002412
2020-11-06,6.88,6.88,6.77,6.81,1706120.0,11611770.0,490577500.0,0.0034777787403621244,002412
2020-11-09,6.84,6.93,6.81,6.88,3030771.0,20876987.0,490577500.0,0.006177965764838379,002412
2020-11-10,6.96,6.96,6.84,6.88,2930814.0,20171688.0,490577500.0,0.005974212025622863,002412
2020-11-11,6.95,6.95,6.82,6.84,1676350.0,11478490.0,490577500.0,0.00341709515825736,002412
2020-11-12,6.81,6.86,6.78,6.79,1956890.0,13318059.0,490577500.0,0.00398895179660706,002412
2020-11-13,6.76,6.8,6.7,6.75,1891089.0,12730245.0,490577500.0,0.0038548221229061665,002412
2020-11-16,6.76,6.92,6.76,6.88,3243809.0,22195890.0,490577500.0,0.006612225387426044,002412
2020-11-17,6.88,6.92,6.81,6.92,2576074.0,17673525.0,490577500.0,0.005251105075141033,002412
2020-11-18,6.91,6.99,6.88,6.95,3459830.0,24032659.0,490577500.0,0.007052565598707645,002412
2020-11-19,6.95,6.98,6.92,6.93,2161459.0,15016267.0,490577500.0,0.004405948091789779,002412
2020-11-20,6.93,6.95,6.87,6.91,1895661.0,13080314.0,490577500.0,0.003864141751303311,002412
2020-11-23,6.93,6.96,6.88,6.93,2831690.0,19600067.0,490577500.0,0.00577215628519449,002412
2020-11-24,6.94,6.95,6.87,6.89,3057842.0,21089746.0,490577500.0,0.006233147667799685,002412
2020-11-25,6.89,6.92,6.86,6.86,2084480.0,14352903.0,490577500.0,0.004249033027401379,002412
2020-11-26,6.89,6.89,6.78,6.84,1920490.0,13118429.0,490577500.0,0.0039147535302780905,002412
2020-11-27,6.82,7.05,6.81,7.0,5904337.0,40984454.0,490577500.0,0.012035482670933746,002412
2020-11-30,7.0,7.08,6.94,6.96,3316880.0,23197040.0,490577500.0,0.00676117433025363,002412
2020-12-01,6.98,7.03,6.94,6.98,3393100.0,23722951.0,490577500.0,0.006916542238484235,002412
2020-12-02,6.98,6.99,6.92,6.94,2406015.0,16716907.0,490577500.0,0.0049044544439971255,002412
2020-12-03,6.94,7.01,6.92,6.98,2469540.0,17204101.0,490577500.0,0.005033944687638549,002412
2020-12-04,6.96,7.05,6.94,7.03,3156272.0,22108950.0,490577500.0,0.006433788748974423,002412
2020-12-07,7.01,7.28,6.95,7.15,8047771.0,57293412.0,490577500.0,0.016404688351993314,002412
2020-12-08,7.11,7.17,7.05,7.1,5045758.0,35830414.0,490577500.0,0.01028534329438264,002412
2020-12-09,7.1,7.25,7.1,7.15,6311202.0,45382580.0,490577500.0,0.012864841946481442,002412
2020-12-10,7.19,7.55,7.15,7.46,14437878.0,106122228.0,490577500.0,0.02943037134805408,002412
2020-12-11,7.36,7.48,7.25,7.29,8395573.0,61522533.0,490577500.0,0.017113652786766617,002412
2020-12-14,7.32,7.46,7.2,7.25,6986979.0,51262702.0,490577500.0,0.014242355183431771,002412
2020-12-15,7.2,7.27,7.15,7.19,3791340.0,27274107.0,490577500.0,0.007728320194057004,002412
2020-12-16,7.17,7.18,6.99,7.03,5391825.0,37979629.0,490577500.0,0.010990771081021857,002412
2020-12-17,7.0,7.14,7.0,7.11,4378880.0,30945460.0,490577500.0,0.008925969902818617,002412
2020-12-18,7.07,7.09,6.98,7.0,3896084.0,27373542.0,490577500.0,0.007941831820660343,002412
2020-12-21,6.98,6.98,6.77,6.83,6175572.0,42146118.0,490577500.0,0.012588371867849626,002412
2020-12-22,6.81,6.87,6.73,6.77,4722252.0,32142838.0,490577500.0,0.009625904163970016,002412
2020-12-23,6.76,6.77,6.66,6.69,3748208.0,25134191.0,490577500.0,0.007640399325284996,002412
2020-12-24,6.67,6.71,6.6,6.63,3873129.0,25728146.0,490577500.0,0.00789504002935316,002412
2020-12-25,6.62,6.67,6.55,6.64,2570604.0,17044318.0,490577500.0,0.005239954951052586,002412
2020-12-28,6.69,6.83,6.65,6.65,4085975.0,27479973.0,490577500.0,0.008328908276470079,002412
2020-12-29,6.66,6.69,6.58,6.65,2351515.0,15623220.0,490577500.0,0.004793360885894686,002412
2020-12-30,6.66,6.67,6.6,6.62,3081779.0,20403831.0,490577500.0,0.006281941181566623,002412
2020-12-31,6.61,6.67,6.61,6.66,2491087.0,16551659.0,493637500.0,0.005046389303892026,002412
2021-01-04,6.66,6.67,6.55,6.62,4527390.0,29893861.0,493637500.0,0.009171487174292876,002412
2021-01-05,6.6,6.64,6.58,6.61,2676958.0,17679384.0,493637500.0,0.0054229226912461065,002412
2021-01-06,6.61,6.62,6.51,6.54,3561401.0,23330255.0,493637500.0,0.007214607885340963,002412
2021-01-07,6.58,6.58,6.23,6.26,6368885.0,40626679.0,493637500.0,0.01290194727912689,002412
2021-01-08,6.24,6.31,6.12,6.28,3266923.0,20334196.0,493637500.0,0.006618060823985212,002412
2021-01-11,6.28,6.35,6.15,6.17,2239221.0,13986302.0,493637500.0,0.004536164695753463,002412
2021-01-12,6.17,6.24,6.13,6.19,2231549.0,13799499.0,493637500.0,0.0045206229267428025,002412
2021-01-13,6.19,6.21,5.98,6.01,4578034.0,27751206.0,493637500.0,0.00927408067660986,002412
2021-01-14,6.02,6.05,5.95,6.04,2745690.0,16492480.0,493637500.0,0.005562158466486035,002412
2021-01-15,6.04,6.14,6.01,6.1,2376393.0,14468707.0,493637500.0,0.00481404471904991,002412
2021-01-18,6.09,6.16,6.02,6.13,3404185.0,20770063.0,493637500.0,0.006896123167303943,002412
2021-01-19,6.13,6.21,6.08,6.16,2470436.0,15208103.0,493637500.0,0.005004554961890051,002412
2021-01-20,6.18,6.22,6.1,6.16,1913468.0,11776216.0,493637500.0,0.0038762614266541744,002412
2021-01-21,6.17,6.25,6.17,6.21,2396367.0,14895311.0,493637500.0,0.004854507609328707,002412
2021-01-22,6.21,6.35,6.09,6.34,4971226.0,30958780.0,493637500.0,0.01007060038996227,002412
2021-01-25,6.35,6.35,6.17,6.21,3730760.0,23260369.0,493637500.0,0.007557691625940088,002412
2021-01-26,6.21,6.41,6.16,6.31,4370026.0,27426828.0,493637500.0,0.008852702641108101,002412
2021-01-27,6.32,6.41,6.26,6.38,2261998.0,14344968.0,493637500.0,0.00458230584183738,002412
2021-01-28,6.35,6.46,6.32,6.38,2885938.0,18444939.0,493637500.0,0.005846269782988529,002412
2021-01-29,6.37,6.5,6.34,6.42,4301767.0,27556959.0,493637500.0,0.008714425058874174,002412
2021-02-01,6.42,6.55,6.27,6.3,5224459.0,33263386.0,493637500.0,0.010583594236661518,002412
2021-02-02,6.3,6.3,6.02,6.02,5203646.0,31929565.0,493637500.0,0.010541431718619432,002412
2021-02-03,6.01,6.01,5.77,5.78,5520198.0,32187029.0,493637500.0,0.011182695804107265,002412
2021-02-04,5.75,5.82,5.47,5.59,3799641.0,21418485.0,493637500.0,0.007697229242105796,002412
2021-02-05,5.6,5.67,5.55,5.58,1969210.0,11032722.0,493637500.0,0.003989182345344509,002412
2021-02-08,5.55,5.61,5.49,5.59,1753390.0,9752971.0,493637500.0,0.003551978931908536,002412
2021-02-09,5.59,5.63,5.5,5.61,2378477.0,13241358.0,493637500.0,0.004818266440454787,002412
2021-02-10,5.63,5.65,5.58,5.62,2464890.0,13832169.0,493637500.0,0.004993319996961333,002412
2021-02-18,5.69,5.8,5.62,5.72,2553215.0,14569628.0,493637500.0,0.005172246841052392,002412
2021-02-19,5.72,5.86,5.68,5.84,3243740.0,18745290.0,493637500.0,0.006571097212022993,002412
2021-02-22,5.85,6.01,5.84,5.89,4159330.0,24622565.0,493637500.0,0.008425879314274139,002412
2021-02-23,5.91,5.91,5.73,5.75,4096074.0,23638446.0,493637500.0,0.008297736699501151,002412
2021-02-24,5.76,5.8,5.71,5.76,2451380.0,14114191.0,493637500.0,0.004965951735838545,002412
2021-02-25,5.76,5.78,5.72,5.72,2230799.0,12822375.0,493637500.0,0.004519103593223772,002412
2021-02-26,5.7,5.78,5.65,5.74,2044657.0,11718629.0,493637500.0,0.004142021220024816,002412
2021-03-01,5.78,5.86,5.76,5.84,1953110.0,11362676.0,493637500.0,0.003956567319136006,002412
2021-03-02,5.89,5.89,5.73,5.78,2029217.0,11775903.0,493637500.0,0.004110743207313058,002412
2021-03-03,5.8,5.95,5.76,5.93,3612022.0,21181342.0,493637500.0,0.007317154794763364,002412
2021-03-04,5.88,6.0,5.87,5.97,4083612.0,24253446.0,493637500.0,0.008272491453748955,002412
2021-03-05,5.97,6.49,5.94,6.25,13156226.0,82085204.0,493637500.0,0.026651593527639208,002412
2021-03-08,6.16,6.24,6.0,6.0,10482278.0,63496178.0,493637500.0,0.021234768428249475,002412
2021-03-09,5.99,6.05,5.77,5.82,4774470.0,28017950.0,493637500.0,0.009672016408802005,002412
2021-03-10,5.84,5.86,5.72,5.73,2651250.0,15320253.0,493637500.0,0.005370843989769821,002412
2021-03-11,5.73,5.79,5.67,5.75,2297061.0,13170222.0,493637500.0,0.004653335696741029,002412
2021-03-12,5.75,5.79,5.71,5.76,2024281.0,11628053.0,493637500.0,0.004100743966979818,002412
2021-03-15,5.77,5.85,5.74,5.85,2879377.0,16741039.0,493637500.0,0.005832978653364057,002412
2021-03-16,5.85,6.02,5.83,5.96,2702421.0,16032768.0,493637500.0,0.005474505077106176,002412
2021-03-17,5.98,6.0,5.89,5.98,2308540.0,13723079.0,493637500.0,0.004676589602694285,002412
2021-03-18,5.98,6.0,5.93,5.99,1860000.0,11118125.0,493637500.0,0.0037679471271935376,002412
2021-03-19,5.97,6.05,5.92,5.95,2178570.0,13005798.0,493637500.0,0.004413299232736573,002412
2021-03-22,5.93,5.99,5.76,5.99,2436860.0,14458995.0,493637500.0,0.004936537438910132,002412
2021-03-23,5.97,6.0,5.9,5.92,1684412.0,10000646.0,493637500.0,0.0034122448152743663,002412
2021-03-24,5.91,5.95,5.82,5.85,2033280.0,11924688.0,493637500.0,0.004118973943430149,002412
2021-03-25,5.84,5.86,5.77,5.82,1575630.0,9172369.0,493637500.0,0.0031918766301182546,002412
2021-03-26,5.82,5.86,5.78,5.82,2205500.0,12843025.0,493637500.0,0.004467853434959864,002412
2021-03-29,5.83,5.86,5.79,5.8,2110220.0,12268948.0,493637500.0,0.004274837304702337,002412
2021-03-30,5.82,5.83,5.75,5.76,1670840.0,9666346.0,493637500.0,0.0033847509559140057,002412
2021-03-31,5.76,5.81,5.72,5.8,1621877.0,9371598.0,493637500.0,0.003285562786457674,002412
2021-04-01,5.8,5.82,5.76,5.8,1543470.0,8919381.0,493637500.0,0.003126727608822263,002412
2021-04-02,5.81,5.81,5.77,5.8,1393305.0,8076387.0,493637500.0,0.002822526651642146,002412
2021-04-06,5.81,5.88,5.78,5.86,2531273.0,14804190.0,493637500.0,0.00512779721961966,002412
2021-04-07,5.88,5.88,5.8,5.87,1666370.0,9741612.0,493637500.0,0.003375695728140589,002412
2021-04-08,5.86,5.88,5.8,5.81,1697703.0,9913479.0,493637500.0,0.003439169431009597,002412
2021-04-09,5.81,5.84,5.78,5.81,1455100.0,8440715.0,493637500.0,0.002947709604720063,002412
2021-04-12,5.81,5.84,5.59,5.66,4134243.0,23579365.0,493637500.0,0.008375058620951609,002412
2021-04-13,5.64,5.65,5.61,5.61,1823384.0,10257631.0,493637500.0,0.0036937712390164848,002412
2021-04-14,5.61,5.74,5.61,5.73,2028830.0,11521212.0,493637500.0,0.00410995923121724,002412
2021-04-15,5.73,5.78,5.7,5.77,1656960.0,9514048.0,493637500.0,0.0033566331569218305,002412
2021-04-16,5.8,6.05,5.75,6.03,6778755.0,40248161.0,493637500.0,0.013732252918386468,002412
2021-04-19,6.01,6.13,5.99,6.05,5730391.0,34664302.0,493637500.0,0.011608500164594464,002412
2021-04-20,6.07,6.08,5.89,5.9,5100481.0,30458659.0,493637500.0,0.01033244232863184,002412
2021-04-21,5.88,5.95,5.85,5.87,4743780.0,28015653.0,493637500.0,0.009609845281203313,002412
2021-04-22,5.9,5.93,5.82,5.82,2871950.0,16851896.0,493637500.0,0.005817933199969614,002412
2021-04-23,5.85,5.85,5.74,5.75,2769852.0,15984851.0,493637500.0,0.005611105315135094,002412
2021-04-26,5.79,5.93,5.77,5.78,3873051.0,22706437.0,493637500.0,0.007845941606948419,002412
2021-04-27,5.77,5.82,5.65,5.81,3170651.0,18163604.0,493637500.0,0.006423035121926515,002412
2021-04-28,5.84,6.02,5.75,5.92,7448112.0,44023870.0,493637500.0,0.015088221620115977,002412
2021-04-29,5.88,5.97,5.85,5.88,4482300.0,26450139.0,493637500.0,0.009080144843128813,002412
2021-04-30,5.83,6.0,5.83,5.97,6805427.0,40435639.0,493637500.0,0.013786284469879213,002412
2021-05-06,5.99,6.06,5.94,5.98,5446006.0,32637578.0,493637500.0,0.0110323992808488,002412
2021-05-07,5.99,5.99,5.87,5.88,4356525.0,25715973.0,493637500.0,0.008825352611987542,002412
2021-05-10,5.88,5.97,5.87,5.96,2812735.0,16674178.0,493637500.0,0.005697976754197159,002412
2021-05-11,5.92,6.15,5.86,6.09,7232893.0,43544897.0,493637500.0,0.014652235699273252,002412
2021-05-12,6.09,6.12,6.01,6.1,5208634.0,31640723.0,493637500.0,0.010551536299409992,002412
2021-05-13,6.11,6.36,6.08,6.2,13760405.0,85781318.0,493637500.0,0.027875526069230962,002412
2021-05-14,6.25,6.4,6.17,6.35,13878141.0,87787420.0,493637500.0,0.028114033070826265,002412
2021-05-17,6.3,6.37,6.15,6.18,8896917.0,55443872.0,493637500.0,0.018023178952166315,002412
2021-05-18,6.18,6.21,6.06,6.2,6260609.0,38380371.0,493637500.0,0.012682604137651618,002412
2021-05-19,6.19,6.19,6.07,6.09,4593845.0,28058713.0,493637500.0,0.00930611025296903,002412
2021-05-20,6.08,6.24,6.07,6.12,5848709.0,35964665.0,493637500.0,0.011848186169000532,002412
2021-05-21,6.1,6.14,6.04,6.07,4114770.0,25010025.0,493637500.0,0.008335610645463523,002412
2021-05-24,6.05,6.16,6.05,6.09,3355000.0,20486427.0,493637500.0,0.006796485275125978,002412
2021-05-25,6.11,6.23,6.07,6.19,6087461.0,37602089.0,493637500.0,0.012331844724114355,002412
2021-05-26,6.2,6.3,6.15,6.22,6220391.0,38736382.0,493637500.0,0.012601131397027171,002412
2021-05-27,6.2,6.25,6.14,6.23,5307621.0,32900237.0,493637500.0,0.010752061988807576,002412
2021-05-28,6.2,6.25,6.11,6.15,4173600.0,25727701.0,493637500.0,0.008454787166696209,002412
2021-05-31,6.16,6.24,6.1,6.22,5037108.0,31074327.0,493637500.0,0.010204062697829886,002412
2021-06-01,6.2,6.37,6.19,6.32,7670360.0,48395066.0,493637500.0,0.015538446734699046,002412
2021-06-02,6.28,6.36,6.26,6.33,5053400.0,31871308.0,493637500.0,0.01023706667341926,002412
2021-06-03,6.32,6.32,6.21,6.22,4377597.0,27416172.0,493637500.0,0.008868039806538199,002412
2021-06-04,6.21,6.26,6.15,6.21,3547608.0,22001287.0,493637500.0,0.007186666329036996,002412
2021-06-07,6.19,6.22,6.14,6.16,2804140.0,17262906.0,493637500.0,0.005680565192069079,002412
2021-06-08,6.15,6.18,6.11,6.15,2542733.0,15609659.0,493637500.0,0.005151012635790433,002412
2021-06-09,6.16,6.18,6.13,6.15,1782700.0,10964279.0,493637500.0,0.003611354485832215,002412
2021-06-10,6.14,6.19,6.12,6.15,3008940.0,18485637.0,493637500.0,0.006095444531665443,002412
2021-06-11,6.14,6.21,6.0,6.02,4586888.0,28023790.0,493637500.0,0.009292016915246512,002412
2021-06-15,6.05,6.05,5.85,5.86,4585971.0,27079928.0,493637500.0,0.009290159276797246,002412
2021-06-16,5.86,5.91,5.79,5.82,3334040.0,19482615.0,493637500.0,0.006754024967714163,002412
2021-06-17,5.81,5.86,5.79,5.81,2517629.0,14655253.0,493637500.0,0.0051001575042414725,002412
2021-06-18,5.82,5.91,5.79,5.9,2738622.0,16026566.0,493637500.0,0.005547840267402699,002412
2021-06-21,5.88,6.01,5.87,5.98,2859682.0,17064845.0,493637500.0,0.005793080955154339,002412
2021-06-22,6.0,6.03,5.92,5.95,2638247.0,15723488.0,493637500.0,0.0053445027981058974,002412
2021-06-23,5.93,6.0,5.89,5.93,2426470.0,14363002.0,493637500.0,0.004915489605226507,002412
2021-06-24,5.93,5.93,5.85,5.87,2625070.0,15412527.0,493637500.0,0.005317809121065559,002412
2021-06-25,5.86,5.95,5.85,5.94,2322721.0,13723550.0,493637500.0,0.004705317160872097,002412
2021-06-28,5.94,6.01,5.9,5.99,3005340.0,17924393.0,493637500.0,0.0060881517307741,002412
2021-06-29,5.98,6.0,5.86,5.88,2712070.0,16063259.0,493637500.0,0.005494051809272999,002412
2021-06-30,5.88,6.11,5.87,6.06,7005353.0,42168345.0,493637500.0,0.014191290167379909,002412
2021-07-01,6.03,6.34,6.03,6.23,16700456.0,104206504.0,493637500.0,0.0338314167785065,002412
2021-07-02,6.22,6.33,6.13,6.25,10881385.0,67738026.0,493637500.0,0.022043270618621963,002412
2021-07-05,6.22,6.23,6.13,6.19,5824800.0,35956594.0,493637500.0,0.011799751842191892,002412
2021-07-06,6.2,6.32,6.1,6.15,5622789.0,34664804.0,493637500.0,0.011390522397508294,002412
2021-07-07,6.13,6.18,6.09,6.14,3113768.0,19081264.0,493637500.0,0.00630780279050923,002412
2021-07-08,6.14,6.14,6.04,6.04,3728760.0,22643866.0,493637500.0,0.007553640069889342,002412
2021-07-09,6.05,6.2,5.99,6.19,5677874.0,34681258.0,493637500.0,0.011502112380035958,002412
2021-07-12,6.21,6.23,6.09,6.12,6060650.0,37276551.0,493637500.0,0.012277531589476084,002412
2021-07-13,6.11,6.18,6.1,6.14,3537328.0,21704218.0,493637500.0,0.007165841330936163,002412
2021-07-14,6.12,6.32,6.06,6.29,11942340.0,74366291.0,493637500.0,0.024192529943531438,002412
2021-07-15,6.26,6.32,6.12,6.21,7826881.0,48512987.0,493637500.0,0.01585552353700843,002412
2021-07-16,6.19,6.22,6.13,6.14,4548091.0,28020291.0,493637500.0,0.00921342280519612,002412
2021-07-19,6.13,6.37,6.11,6.37,13061983.0,82102278.0,493637500.0,0.026460678129193994,002412
2021-07-20,6.37,6.46,6.28,6.35,11076600.0,70521976.0,493637500.0,0.02243873287584513,002412
2021-07-21,6.38,6.41,6.27,6.33,6114055.0,38622006.0,493637500.0,0.012385718264921122,002412
2021-07-22,6.32,6.37,6.24,6.28,6163493.0,38746781.0,493637500.0,0.012485868678939506,002412
2021-07-23,6.28,6.28,6.17,6.19,5103100.0,31664440.0,493637500.0,0.010337747841280292,002412
2021-07-26,6.18,6.19,5.89,5.95,7705107.0,46289170.0,493637500.0,0.015608836443746676,002412
2021-07-27,5.95,5.99,5.85,5.86,4972556.0,29318877.0,493637500.0,0.010073294674736015,002412
2021-07-28,5.87,5.87,5.65,5.76,5888498.0,33787383.0,493637500.0,0.011928789850852092,002412
2021-07-29,5.78,5.83,5.72,5.8,3524912.0,20392280.0,493637500.0,0.007140689270973133,002412
2021-07-30,5.82,5.83,5.74,5.83,3573032.0,20667992.0,493637500.0,0.007238169709554075,002412
2021-08-02,5.79,5.89,5.75,5.86,3356063.0,19590190.0,493637500.0,0.006798638677166949,002412
2021-08-03,5.86,5.97,5.85,5.89,4652020.0,27491689.0,493637500.0,0.009423959889595098,002412
2021-08-04,5.89,5.91,5.82,5.86,3722178.0,21788117.0,493637500.0,0.007540306398926337,002412
2021-08-05,5.87,5.92,5.76,5.82,4258360.0,24854505.0,493637500.0,0.008626492112126814,002412
2021-08-06,5.79,5.83,5.73,5.77,3240170.0,18673426.0,493637500.0,0.006563865184472412,002412
2021-08-09,5.75,5.86,5.75,5.83,2696990.0,15705365.0,493637500.0,0.005463503076650376,002412
2021-08-10,5.85,5.87,5.79,5.87,2583167.0,15078541.0,493637500.0,0.0052329229444683595,002412
2021-08-11,5.87,5.87,5.82,5.85,2459834.0,14381705.0,493637500.0,0.004983077663265048,002412
2021-08-12,5.86,5.91,5.83,5.9,3450690.0,20301140.0,493637500.0,0.006990331974373908,002412
2021-08-13,5.86,5.88,5.81,5.85,3667410.0,21415718.0,493637500.0,0.007429358588032716,002412
2021-08-16,5.83,5.9,5.83,5.86,3612320.0,21181173.0,493637500.0,0.007317758476614925,002412
2021-08-17,5.86,5.92,5.74,5.76,4848133.0,28277339.0,493637500.0,0.009821241295485048,002412
2021-08-18,5.75,5.81,5.74,5.77,3047828.0,17584126.0,493637500.0,0.006174222987516143,002412
2021-08-19,5.73,5.77,5.73,5.75,2346000.0,13475119.0,493637500.0,0.004752475247524752,002412
2021-08-20,5.74,5.74,5.64,5.74,3689600.0,21001005.0,493637500.0,0.00747431060241574,002412
2021-08-23,5.74,5.8,5.71,5.78,2569560.0,14818958.0,493637500.0,0.005205358182877111,002412
2021-08-24,5.77,5.94,5.75,5.85,7638737.0,44421604.0,493637500.0,0.01547438555620268,002412
2021-08-25,5.86,5.87,5.82,5.86,3282270.0,19196017.0,493637500.0,0.006649150439340609,002412
2021-08-26,5.84,5.87,5.78,5.83,3430568.0,20009752.0,493637500.0,0.006949569268947355,002412
2021-08-27,5.81,5.84,5.76,5.83,2736246.0,15891467.0,493637500.0,0.005543027018814413,002412
2021-08-30,5.83,5.86,5.77,5.82,4335178.0,25187415.0,493637500.0,0.008782108328479907,002412
2021-08-31,5.81,5.88,5.77,5.88,4650722.0,27066018.0,493637500.0,0.009421330429718164,002412
2021-09-01,5.86,5.95,5.83,5.95,5441149.0,32135179.0,493637500.0,0.011022560076979566,002412
2021-09-02,5.95,5.96,5.87,5.92,3636100.0,21496605.0,493637500.0,0.007365931478058292,002412
2021-09-03,5.93,6.04,5.91,5.98,6644145.0,39776276.0,493637500.0,0.013459562938391026,002412
2021-09-06,6.0,6.07,5.98,6.05,6055173.0,36485661.0,493637500.0,0.012266436403231116,002412
2021-09-07,6.05,6.07,5.99,6.04,5279425.0,31794312.0,493637500.0,0.010694943151604163,002412
2021-09-08,6.08,6.09,6.02,6.06,5391659.0,32635848.0,493637500.0,0.010922304322503861,002412
2021-09-09,6.04,6.21,6.02,6.12,8075424.0,49436771.0,493637500.0,0.01635901648476868,002412
2021-09-10,6.1,6.13,6.06,6.08,5368500.0,32713494.0,493637500.0,0.01087538932921425,002412
2021-09-13,6.08,6.15,6.06,6.14,3776773.0,23064441.0,493637500.0,0.0076509037502215695,002412
2021-09-14,6.15,6.16,5.99,6.01,4263550.0,25876522.0,493637500.0,0.0086370059000785,002412
2021-09-15,6.01,6.06,5.97,6.02,2879780.0,17315242.0,493637500.0,0.0058337950419082825,002412
2021-09-16,6.01,6.12,6.0,6.02,4027780.0,24398212.0,493637500.0,0.008159388215036338,002412
2021-09-17,6.0,6.04,5.92,5.98,4354497.0,26005616.0,493637500.0,0.008821244334152085,002412
2021-09-22,5.9,6.02,5.87,5.99,3483010.0,20689222.0,493637500.0,0.007055805120153959,002412
2021-09-23,5.99,6.15,5.97,6.09,5111332.0,31100883.0,493637500.0,0.010354424045985161,002412
2021-09-24,6.09,6.1,6.0,6.0,3040175.0,18377233.0,493637500.0,0.006158719708287965,002412
2021-09-27,5.98,6.0,5.75,5.81,5180850.0,30330585.0,493637500.0,0.010495252082753032,002412
2021-09-28,5.81,5.88,5.77,5.81,2229250.0,12962374.0,493637500.0,0.00451596566306247,002412
2021-09-29,5.81,5.81,5.69,5.72,3456404.0,19843547.0,493637500.0,0.007001907270010889,002412
2021-09-30,5.72,5.78,5.72,5.77,2587638.0,14882160.0,493637500.0,0.005241980198019802,002412
2021-10-08,5.8,5.94,5.78,5.91,3517910.0,20686004.0,493637500.0,0.007126504773239472,002412
2021-10-11,5.92,5.94,5.86,5.9,1981710.0,11690796.0,493637500.0,0.00401450457066167,002412
2021-10-12,5.9,5.91,5.81,5.88,1946514.0,11407765.0,493637500.0,0.003943205287280646,002412
2021-10-13,5.9,5.91,5.84,5.88,1493780.0,8779756.0,493637500.0,0.0030260666987414852,002412
2021-10-14,5.88,5.91,5.84,5.87,2092453.0,12286102.0,493637500.0,0.004238845306525537,002412
2021-10-15,5.88,5.88,5.77,5.78,2556440.0,14837069.0,493637500.0,0.0051787799751842195,002412
2021-10-18,5.77,5.8,5.73,5.78,1825878.0,10513740.0,493637500.0,0.003698823529411765,002412
2021-10-19,5.77,5.8,5.75,5.78,1669050.0,9644219.0,493637500.0,0.0033811248132485884,002412
2021-10-20,5.79,5.79,5.73,5.74,1976120.0,11354471.0,493637500.0,0.004003180471499835,002412
2021-10-21,5.74,5.76,5.7,5.71,1672688.0,9557795.0,493637500.0,0.003388494593704895,002412
2021-10-22,5.71,5.72,5.63,5.65,4134600.0,23440351.0,493637500.0,0.008375781823706668,002412
2021-10-25,5.65,5.67,5.61,5.62,2223300.0,12516360.0,493637500.0,0.004503912283811502,002412
2021-10-26,5.63,5.68,5.61,5.65,1262780.0,7138211.0,493637500.0,0.0025581119748803523,002412
2021-10-27,5.15,5.4,5.09,5.09,9699070.0,49650975.0,493637500.0,0.019648162872553238,002412
2021-10-28,4.99,5.09,4.86,4.94,8504127.0,42208899.0,493637500.0,0.017227473601580105,002412
2021-10-29,4.97,5.17,4.92,5.14,5388302.0,27229509.0,493637500.0,0.010915503785672685,002412
2021-11-01,5.1,5.2,5.1,5.17,3305883.0,17052789.0,493637500.0,0.006696985135853739,002412
2021-11-02,5.16,5.19,4.99,5.04,4074871.0,20705396.0,493637500.0,0.008254784128029172,002412
2021-11-03,5.04,5.09,5.0,5.05,2753683.0,13871738.0,493637500.0,0.00557835051024284,002412
2021-11-04,5.07,5.07,4.99,5.03,4085106.0,20513861.0,493637500.0,0.008275517966118863,002412
2021-11-05,5.0,5.07,4.98,5.06,2874793.0,14446257.0,493637500.0,0.005823692486895749,002412
2021-11-08,5.06,5.07,5.02,5.06,1621190.0,8179938.0,493637500.0,0.0032841710769542427,002412
2021-11-09,5.07,5.12,5.06,5.1,2017607.0,10279480.0,493637500.0,0.00408722392443848,002412
2021-11-10,5.12,5.16,5.06,5.15,2082440.0,10643916.0,493637500.0,0.004218561191157479,002412
2021-11-11,5.15,5.19,5.11,5.15,2030279.0,10463883.0,493637500.0,0.004112894583576005,002412
2021-11-12,5.17,5.17,5.11,5.15,2396759.0,12326918.0,493637500.0,0.004855301714314654,002412
2021-11-15,5.18,5.23,5.11,5.21,3193610.0,16557199.0,493637500.0,0.006469544959611051,002412
2021-11-16,5.18,5.24,5.17,5.19,2486663.0,12930878.0,493637500.0,0.005037427261907776,002412
2021-11-17,5.19,5.23,5.18,5.22,2535574.0,13209816.0,493637500.0,0.0051365100909067886,002412
2021-11-18,5.22,5.22,5.12,5.13,2675202.0,13831846.0,493637500.0,0.0054193654250335515,002412
2021-11-19,5.12,5.2,5.11,5.17,2640700.0,13605283.0,493637500.0,0.005349472031602137,002412
2021-11-22,5.19,5.19,5.13,5.16,2192356.0,11301107.0,493637500.0,0.004441226608594364,002412
2021-11-23,5.18,5.18,5.13,5.15,2525710.0,13000112.0,493637500.0,0.005116527816464511,002412
2021-11-24,5.14,5.17,5.12,5.15,1899210.0,9759846.0,493637500.0,0.003847377883568408,002412
2021-11-25,5.16,5.32,5.15,5.27,6806246.0,35709182.0,493637500.0,0.013787943582081994,002412
2021-11-26,5.26,5.27,5.18,5.19,3245139.0,16898483.0,493637500.0,0.006573931275480489,002412
2021-11-29,5.25,5.26,5.19,5.23,3274940.0,17145507.0,493637500.0,0.006634301486414626,002412
2021-11-30,5.24,5.32,5.15,5.32,4345750.0,22789157.0,493637500.0,0.008803524853764148,002412
2021-12-01,5.33,5.33,5.26,5.32,2622500.0,13891768.0,493637500.0,0.005312602871540351,002412
2021-12-02,5.31,5.34,5.27,5.28,2630360.0,13942405.0,493637500.0,0.005328525486819781,002412
2021-12-03,5.29,5.3,5.24,5.27,2546533.0,13426078.0,493637500.0,0.00515871059228685,002412
2021-12-06,5.27,5.29,5.2,5.2,3196650.0,16719885.0,493637500.0,0.006475703324808184,002412
2021-12-07,5.22,5.26,5.2,5.23,1629134.0,8512516.0,493637500.0,0.003300263857587805,002412
2021-12-08,5.23,5.26,5.2,5.25,2226751.0,11644982.0,493637500.0,0.004510903243777063,002412
2021-12-09,5.25,5.32,5.24,5.3,2687745.0,14198780.0,493637500.0,0.005444774758805804,002412
2021-12-10,5.32,5.32,5.27,5.29,1639905.0,8672166.0,493637500.0,0.003322083512699096,002412
2021-12-13,5.31,5.33,5.27,5.3,2234019.0,11846785.0,493637500.0,0.004525626598465473,002412
2021-12-14,5.31,5.35,5.3,5.33,2225102.0,11856481.0,493637500.0,0.004507562735813223,002412
2021-12-15,5.33,5.42,5.31,5.38,3862097.0,20724944.0,493637500.0,0.007823751234458484,002412
2021-12-16,5.38,5.41,5.35,5.4,2537985.0,13665413.0,493637500.0,0.005141394241725963,002412
2021-12-17,5.39,5.43,5.37,5.41,2547605.0,13758886.0,493637500.0,0.00516088222633005,002412
2021-12-20,5.41,5.53,5.39,5.49,4841220.0,26575938.0,493637500.0,0.009807237091995645,002412
2021-12-21,5.48,5.67,5.46,5.63,8377250.0,46910035.0,493637500.0,0.016970448963054875,002412
2021-12-22,5.63,5.79,5.58,5.78,11871000.0,67870144.0,493637500.0,0.024048010939201336,002412
2021-12-23,5.73,5.75,5.57,5.6,9676372.0,54480602.0,493637500.0,0.019602181762933327,002412
2021-12-24,5.58,6.07,5.55,5.84,23594819.0,137313573.0,493637500.0,0.04779786584285027,002412
2021-12-27,5.84,6.41,5.71,6.38,40077325.0,247727298.0,493637500.0,0.08118776430072674,002412
2021-12-28,6.24,6.3,6.01,6.06,24546931.0,149899568.0,493637500.0,0.049726633410144085,002412
2021-12-29,6.08,6.17,5.98,6.08,13202437.0,80419794.0,493637500.0,0.026745206755969714,002412
2021-12-30,6.04,6.13,5.91,6.1,14103348.0,84922424.0,493637500.0,0.02857025246258641,002412
2021-12-31,6.12,6.5,6.07,6.35,25556364.0,161807442.0,493637500.0,0.0517715205996303,002412
2022-01-04,6.51,6.99,6.43,6.99,22793536.0,154782168.0,493637500.0,0.04617464434934542,002412
2022-01-05,7.42,7.69,7.02,7.2,76113967.0,559531271.0,493637500.0,0.15419000177255576,002412
2022-01-06,6.94,7.9,6.49,7.53,59487841.0,422765378.0,493637500.0,0.12050916107467524,002412
2022-01-07,7.26,7.34,6.78,6.78,44236730.0,311102710.0,493637500.0,0.08961379554835279,002412
2022-01-10,6.77,7.04,6.7,6.89,21344020.0,147247364.0,493637500.0,0.04323824668911904,002412
2022-01-11,6.98,7.29,6.8,7.2,29726087.0,211972137.0,493637500.0,0.060218453824922136,002412
2022-01-12,7.26,7.92,6.85,7.92,83614749.0,639505554.0,493637500.0,0.16938492112126813,002412
2022-01-13,7.54,8.71,7.52,8.71,89293289.0,727157324.0,493637500.0,0.180888382669469,002412
2022-01-14,8.88,9.58,8.77,9.14,127511932.0,1185023769.0,493637500.0,0.25831086981843965,002412
2022-01-17,9.05,9.08,8.23,8.5,95047057.0,800519917.0,493637500.0,0.1925442394469626,002412
2022-01-18,8.06,8.12,7.65,7.65,42576020.0,331209007.0,493637500.0,0.08624956572383581,002412
2022-01-19,7.12,7.65,7.12,7.25,44488795.0,325818070.0,493637500.0,0.09012442328631841,002412
2022-01-20,7.31,7.64,7.12,7.23,42390984.0,312160410.0,493637500.0,0.08587472386113292,002412
2022-01-21,7.05,7.14,6.64,6.68,45879739.0,312005067.0,493637500.0,0.09294216707604264,002412
2022-01-24,6.55,6.68,6.42,6.5,27617218.0,179613630.0,493637500.0,0.05594635334633208,002412
2022-01-25,6.51,6.57,6.17,6.2,23124380.0,146506788.0,493637500.0,0.04684486085437188,002412
2022-01-26,6.24,6.34,6.15,6.19,17381000.0,108433141.0,493637500.0,0.03521004785900585,002412
2022-01-27,6.25,6.3,6.03,6.06,19781740.0,121562959.0,493637500.0,0.04007341419563951,002412
2022-01-28,6.06,6.24,6.02,6.19,17707392.0,108769238.0,493637500.0,0.03587124560026335,002412
2022-02-07,6.25,6.29,6.1,6.26,17202302.0,106971576.0,493637500.0,0.03484804537742777,002412
2022-02-08,6.23,6.4,6.19,6.33,15908665.0,100198011.0,493637500.0,0.03222742397001849,002412
2022-02-09,6.34,6.54,6.24,6.49,29899906.0,192116168.0,493637500.0,0.06057057253551442,002412
2022-02-10,6.5,6.54,6.37,6.41,18960406.0,122156604.0,493637500.0,0.038409573826947915,002412
2022-02-11,6.41,6.42,6.04,6.06,24650127.0,151792008.0,493637500.0,0.04993568559925046,002412
2022-02-14,6.05,6.32,6.0,6.17,21067566.0,130789221.0,493637500.0,0.042678212250892605,002412
2022-02-15,6.2,6.34,6.1,6.21,17594293.0,109740449.0,493637500.0,0.035642132131371705,002412
2022-02-16,6.25,6.27,6.17,6.2,13538340.0,84072534.0,493637500.0,0.027425671672026537,002412
2022-02-17,6.2,6.22,6.06,6.09,13651923.0,83554623.0,493637500.0,0.027655765617482463,002412
2022-02-18,6.05,6.15,6.03,6.11,9992554.0,60932763.0,493637500.0,0.020242696310551773,002412
2022-02-21,6.17,6.34,6.08,6.33,19982402.0,124440780.0,493637500.0,0.04047991086576688,002412
2022-02-22,6.33,6.33,6.1,6.17,16893144.0,104406308.0,493637500.0,0.034221759894659545,002412
2022-02-23,6.21,6.42,6.15,6.4,21041191.0,132873061.0,493637500.0,0.0426247823554734,002412
2022-02-24,6.35,6.69,6.25,6.41,35362709.0,228989720.0,493637500.0,0.07163699880985541,002412
2022-02-25,6.41,6.49,6.4,6.43,20408594.0,131466059.0,493637500.0,0.041343281253956594,002412
2022-02-28,6.39,6.44,6.21,6.38,14051028.0,89026794.0,493637500.0,0.028464263756298902,002412
2022-03-01,6.41,6.41,6.28,6.34,12263996.0,77554766.0,493637500.0,0.024844133600060773,002412
2022-03-02,6.3,6.62,6.26,6.58,25730212.0,167084326.0,493637500.0,0.05212369805778532,002412
2022-03-03,6.58,6.71,6.48,6.66,25077540.0,165523748.0,493637500.0,0.05080152946240916,002412
2022-03-04,6.62,6.9,6.58,6.68,29247859.0,197257412.0,493637500.0,0.059249670051404114,002412
2022-03-07,6.59,6.76,6.43,6.52,19603509.0,128878110.0,493637500.0,0.03971235775239928,002412
2022-03-08,6.47,6.52,6.09,6.12,19771973.0,123266196.0,493637500.0,0.040053628421665696,002412
2022-03-09,6.09,6.21,5.72,5.93,17038440.0,102249401.0,493637500.0,0.034516097338634116,002412
2022-03-10,6.06,6.52,6.06,6.52,13147498.0,83577018.0,493637500.0,0.026633912537033753,002412
2022-03-11,6.55,7.17,6.52,7.17,69009111.0,479274734.0,493637500.0,0.1397971406143172,002412
2022-03-14,7.33,7.66,7.0,7.0,77631781.0,565676342.0,493637500.0,0.15726475602035908,002412
2022-03-15,6.83,7.11,6.65,6.68,43611721.0,298873216.0,493637500.0,0.08834766605049252,002412
2022-03-16,6.72,7.3,6.72,7.11,56367961.0,395134891.0,493637500.0,0.11418897672887493,002412
2022-03-17,7.12,7.52,7.0,7.22,58738542.0,427459528.0,493637500.0,0.11899124762604138,002412
2022-03-18,7.14,7.34,7.04,7.16,38381124.0,275367996.0,493637500.0,0.07775163758831126,002412
2022-03-21,7.16,7.48,7.16,7.44,47858977.0,351109884.0,493637500.0,0.0969516639234256,002412
2022-03-22,7.38,7.38,7.13,7.18,31798399.0,229495172.0,493637500.0,0.06441649793623863,002412
2022-03-23,7.13,7.86,7.03,7.69,62716931.0,473697278.0,493637500.0,0.1270505806386265,002412
2022-03-24,7.65,8.37,7.53,8.1,66460381.0,525160242.0,493637500.0,0.1346339793877086,002412
2022-03-25,8.04,8.21,7.53,7.54,53410848.0,419437028.0,493637500.0,0.1081985221949305,002412
2022-03-28,7.5,7.66,7.24,7.29,36800317.0,271651271.0,493637500.0,0.07454927350535565,002412
2022-03-29,7.25,7.61,7.17,7.52,35111889.0,261115606.0,493637500.0,0.07112889316553139,002412
2022-03-30,7.53,7.58,7.26,7.41,28617961.0,212227509.0,493637500.0,0.0579736365247778,002412
2022-03-31,7.36,7.88,7.3,7.52,42403331.0,324489455.0,493637500.0,0.0858997361424122,002412
2022-04-01,7.36,7.45,7.01,7.02,33701796.0,241389929.0,493637500.0,0.06827235775239929,002412
2022-04-06,7.1,7.51,7.06,7.32,31940161.0,235058617.0,493637500.0,0.06470367628067154,002412
2022-04-07,7.34,7.47,7.05,7.11,23825284.0,171345109.0,493637500.0,0.04826473677546783,002412
2022-04-08,7.06,7.13,6.71,6.82,21535233.0,147361330.0,493637500.0,0.04362560178268466,002412
2022-04-11,6.82,7.0,6.58,6.74,16746835.0,113595270.0,493637500.0,0.033925370337545266,002412
2022-04-12,6.6,6.77,6.54,6.76,12413219.0,82570869.0,493637500.0,0.02514642627434099,002412
2022-04-13,6.76,6.76,6.34,6.35,15350095.0,99044325.0,493637500.0,0.031095885138385963,002412
2022-04-14,6.4,6.7,6.4,6.52,15385466.0,101334448.0,493637500.0,0.031167538932921426,002412
2022-04-15,6.47,6.55,6.32,6.48,12565470.0,81025221.0,493637500.0,0.025454853004482032,002412
2022-04-18,6.46,6.46,6.25,6.28,10046813.0,63546470.0,493637500.0,0.020352613000430477,002412
2022-04-19,6.3,6.38,6.22,6.35,9832748.0,62112495.0,493637500.0,0.019918964827429036,002412
2022-04-20,6.35,6.49,6.28,6.37,10793922.0,69047660.0,493637500.0,0.021866089995188777,002412
2022-04-21,6.32,6.35,5.9,5.98,15299536.0,93206034.0,493637500.0,0.030993463827201133,002412
2022-04-22,5.93,6.12,5.8,6.12,11997401.0,71079305.0,493637500.0,0.024304071307386495,002412
2022-04-25,5.95,6.03,5.51,5.51,17253779.0,98581397.0,493637500.0,0.03495232635283989,002412
2022-04-26,5.51,5.58,5.27,5.28,11222194.0,60521729.0,493637500.0,0.022733674001671266,002412
2022-04-27,5.2,5.48,5.05,5.47,13792636.0,72151951.0,493637500.0,0.027940818920766757,002412
2022-04-28,5.48,5.61,5.38,5.53,14036456.0,77205162.0,493637500.0,0.02843474411891317,002412
2022-04-29,5.56,5.83,5.5,5.74,13218520.0,75263444.0,493637500.0,0.026777787343951788,002412
2022-05-05,5.74,5.91,5.65,5.86,11545861.0,66985164.0,493637500.0,0.023389351497809626,002412
2022-05-06,5.71,6.25,5.65,6.05,17831461.0,105717129.0,493637500.0,0.03612258185409334,002412
2022-05-09,6.01,6.13,5.88,6.05,18289246.0,109948258.0,493637500.0,0.037049952647438655,002412
2022-05-10,5.99,6.14,5.95,6.09,12972580.0,78607358.0,493637500.0,0.026279567496391584,002412
2022-05-11,6.09,6.36,6.04,6.04,16983720.0,105726899.0,493637500.0,0.03440524676508572,002412
2022-05-12,5.97,6.27,5.91,6.24,12950197.0,79888717.0,493637500.0,0.026234224506849663,002412
2022-05-13,6.26,6.36,6.13,6.29,11708500.0,73216051.0,493637500.0,0.023718822010078244,002412
2022-05-16,6.4,6.46,6.27,6.31,13344500.0,84801689.0,493637500.0,0.02703299485958826,002412
2022-05-17,6.29,6.31,6.05,6.18,11142414.0,68370629.0,493637500.0,0.022572057430807018,002412
2022-05-18,6.18,6.24,6.09,6.11,8366333.0,51539061.0,493637500.0,0.01694833354435188,002412
2022-05-19,6.0,6.14,5.89,6.09,8569759.0,51856172.0,493637500.0,0.01736042946494138,002412
2022-05-20,6.18,6.2,6.03,6.09,8914840.0,54367132.0,493637500.0,0.018059486971715076,002412
2022-05-23,6.09,6.24,6.09,6.23,10295397.0,63699906.0,493637500.0,0.020856189005089766,002412
2022-05-24,6.22,6.22,5.78,5.8,13454153.0,80560192.0,493637500.0,0.027255127497404472,002412
2022-05-25,5.79,5.95,5.75,5.94,9060700.0,53204454.0,493637500.0,0.018354966954495962,002412
2022-05-26,5.96,6.03,5.84,5.97,7723202.0,45974245.0,493637500.0,0.0156454928971158,002412
2022-05-27,6.02,6.08,5.85,5.97,6587903.0,39329174.0,493637500.0,0.013345629130688005,002412
2022-05-30,5.93,5.99,5.86,5.91,6794640.0,40168016.0,493637500.0,0.013764432402319516,002412
2022-05-31,5.9,5.97,5.8,5.95,6792300.0,40054237.0,493637500.0,0.013759692081740143,002412
2022-06-01,6.02,6.06,5.87,5.91,8306975.0,49575959.0,493637500.0,0.016828087412321793,002412
2022-06-02,5.9,5.91,5.74,5.81,9165000.0,53102960.0,493637500.0,0.018566255602542353,002412
2022-06-06,5.82,5.94,5.81,5.93,7870790.0,46340855.0,493637500.0,0.01594447342432453,002412
2022-06-07,5.95,6.16,5.9,6.15,15114542.0,91550558.0,493637500.0,0.030618707047175307,002412
2022-06-08,6.15,6.15,5.92,6.03,13605010.0,81989262.0,493637500.0,0.027560730292978147,002412
2022-06-09,6.04,6.05,5.8,5.83,10864323.0,64052016.0,493637500.0,0.022008706793953052,002412
2022-06-10,5.8,5.89,5.8,5.88,6537783.0,38309609.0,493637500.0,0.013244097136056317,002412
2022-06-13,5.84,5.92,5.78,5.85,6640481.0,38837176.0,493637500.0,0.01345214048770606,002412
2022-06-14,5.84,5.84,5.64,5.83,9093540.0,52162500.0,493637500.0,0.018421493504849205,002412
2022-06-15,5.84,5.88,5.81,5.82,8561700.0,50100693.0,493637500.0,0.0173441037198349,002412
2022-06-16,5.86,6.0,5.79,5.94,10721373.0,63550332.0,493637500.0,0.021719121825226,002412
2022-06-17,5.93,5.93,5.79,5.9,7338742.0,43041951.0,493637500.0,0.014866662277480945,002412
2022-06-20,5.91,6.05,5.9,6.05,11413315.0,68247566.0,493637500.0,0.023120842723658556,002412
2022-06-21,6.06,6.09,5.95,6.03,8365298.0,50340255.0,493637500.0,0.016946236864095618,002412
2022-06-22,6.02,6.15,5.98,6.05,14099390.0,85545917.0,493637500.0,0.028562234433161988,002412
2022-06-23,6.04,6.1,5.96,6.08,9952207.0,60054488.0,493637500.0,0.020160962244562052,002412
2022-06-24,6.1,6.13,6.03,6.04,7834863.0,47590811.0,493637500.0,0.01587169329720696,002412
2022-06-27,6.15,6.32,6.15,6.21,17166938.0,107149352.0,493637500.0,0.03477640576333848,002412
2022-06-28,6.21,6.3,6.1,6.27,11596581.0,72113201.0,493637500.0,0.023492098959256538,002412
2022-06-29,6.27,6.28,6.11,6.13,8658136.0,53739785.0,493637500.0,0.017539461649489756,002412
2022-06-30,6.15,6.27,6.14,6.16,7994940.0,49534634.0,493637500.0,0.01619597376617457,002412
2022-07-01,6.16,6.23,6.12,6.15,6224240.0,38328474.0,493637500.0,0.012608928616646831,002412
2022-07-04,6.13,6.26,6.1,6.26,8565540.0,53250879.0,493637500.0,0.017351882707452332,002412
2022-07-05,6.26,6.29,6.12,6.2,6967900.0,43161722.0,493637500.0,0.01411541870299562,002412
2022-07-06,6.04,6.09,5.76,5.84,21517870.0,126536908.0,493637500.0,0.04359042819883011,002412
2022-07-07,5.81,5.86,5.76,5.79,9506505.0,55241135.0,493637500.0,0.019258068927097312,002412
2022-07-08,5.81,5.93,5.8,5.92,7982055.0,47049777.0,493637500.0,0.01616987161631764,002412
2022-07-11,5.92,6.2,5.92,6.13,14229414.0,86385328.0,493637500.0,0.02882563419513307,002412
2022-07-12,5.9,6.05,5.73,5.73,17774348.0,103639789.0,493637500.0,0.036006883593730214,002412
2022-07-13,5.72,5.73,5.55,5.71,11205665.0,63134468.0,493637500.0,0.02270018991668988,002412
2022-07-14,5.74,5.95,5.71,5.79,12320424.0,71285100.0,493637500.0,0.024958444202476514,002412
2022-07-15,5.71,5.77,5.54,5.54,11852154.0,66483344.0,493637500.0,0.02400983312653516,002412
2022-07-18,5.5,5.72,5.5,5.71,10049581.0,56708446.0,493637500.0,0.02035822035400471,002412
2022-07-19,5.7,5.79,5.68,5.78,7639440.0,43883843.0,493637500.0,0.015475809678154517,002412
2022-07-20,5.79,5.88,5.79,5.87,8141563.0,47523067.0,493637500.0,0.01649299941758882,002412
2022-07-21,5.86,5.93,5.81,5.84,7358000.0,43132338.0,493637500.0,0.014905674710693576,002412
2022-07-22,5.87,5.94,5.78,5.87,6939700.0,40615691.0,493637500.0,0.014058291762680104,002412
2022-07-25,5.86,6.0,5.86,5.92,8522200.0,50525678.0,493637500.0,0.017264085487832672,002412
2022-07-26,5.93,5.98,5.86,5.97,6459860.0,38343807.0,493637500.0,0.013086242434985186,002412
2022-07-27,5.95,6.04,5.93,6.01,6009121.0,35982514.0,493637500.0,0.012173145273606644,002412
2022-07-28,6.05,6.07,5.97,6.0,5719733.0,34314152.0,493637500.0,0.01158690942240004,002412
2022-07-29,6.0,6.04,5.91,5.94,5951192.0,35448469.0,493637500.0,0.012055793978374819,002412
2022-08-01,5.94,5.95,5.81,5.88,6602900.0,38733281.0,493637500.0,0.013376009723734521,002412
2022-08-02,5.91,5.91,5.51,5.57,11635029.0,65285689.0,493637500.0,0.023569986072776074,002412
2022-08-03,5.56,5.66,5.5,5.55,8302188.0,46352790.0,493637500.0,0.016818390012914335,002412
2022-08-04,5.56,5.64,5.53,5.64,7304775.0,40833291.0,493637500.0,0.014797852675293105,002412
2022-08-05,5.64,5.72,5.63,5.69,5167920.0,29314864.0,493637500.0,0.01046905877288496,002412
2022-08-08,5.74,5.81,5.71,5.77,7156699.0,41236330.0,493637500.0,0.014497883568407992,002412
2022-08-09,5.76,5.8,5.7,5.72,4512760.0,25865249.0,493637500.0,0.009141850041781672,002412
2022-08-10,5.67,5.72,5.61,5.63,4932940.0,27886241.0,493637500.0,0.009993041452482844,002412
2022-08-11,5.67,5.73,5.66,5.72,5717700.0,32637788.0,493637500.0,0.011582791015674457,002412
2022-08-12,5.75,5.79,5.7,5.76,6362141.0,36640578.0,493637500.0,0.012888285432123775,002412
2022-08-15,5.76,5.77,5.71,5.76,4710480.0,27032735.0,493637500.0,0.009542386872958395,002412
2022-08-16,5.73,5.81,5.73,5.78,4603457.0,26505686.0,493637500.0,0.009325582031348915,002412
2022-08-17,5.78,5.81,5.75,5.78,3929588.0,22701050.0,493637500.0,0.007960473019168924,002412
2022-08-18,5.75,5.77,5.67,5.68,5272900.0,30027835.0,493637500.0,0.010681724949988605,002412
2022-08-19,5.68,5.73,5.62,5.63,6125500.0,34731380.0,493637500.0,0.012408903294421514,002412
2022-08-22,5.64,5.71,5.59,5.71,4490100.0,25421294.0,493637500.0,0.009095945911726723,002412
2022-08-23,5.72,5.75,5.63,5.73,5089630.0,28885762.0,493637500.0,0.01031046061127852,002412
2022-08-24,5.74,5.77,5.61,5.61,7385643.0,41936733.0,493637500.0,0.014961673292648957,002412
2022-08-25,5.62,5.66,5.52,5.63,5188999.0,28999079.0,493637500.0,0.010511760147881796,002412
2022-08-26,5.64,5.68,5.58,5.64,3784500.0,21363215.0,493637500.0,0.007666556937023626,002412
2022-08-29,5.6,5.67,5.52,5.67,5603556.0,31454008.0,493637500.0,0.011351560608746297,002412
2022-08-30,5.69,5.77,5.67,5.76,8470468.0,48556087.0,493637500.0,0.017159287939024083,002412
2022-08-31,5.77,5.78,5.63,5.65,6153706.0,35067523.0,493637500.0,0.01246604238940518,002412
2022-09-01,5.66,5.73,5.63,5.66,4741350.0,26939752.0,493637500.0,0.009604922640601657,002412
2022-09-02,5.69,5.75,5.65,5.74,5407820.0,30948370.0,493637500.0,0.010955042921171913,002412
2022-09-05,5.74,5.81,5.71,5.81,6726010.0,38834787.0,493637500.0,0.013625403256438176,002412
2022-09-06,5.78,5.94,5.78,5.92,8881000.0,52086887.0,493637500.0,0.017990934643336457,002412
2022-09-07,5.93,5.93,5.85,5.9,6297400.0,37068382.0,493637500.0,0.01275713453698311,002412
2022-09-08,5.9,5.94,5.84,5.87,4770400.0,28001916.0,493637500.0,0.009663771492238737,002412
2022-09-09,5.86,5.92,5.84,5.9,5009892.0,29506094.0,493637500.0,0.010148929123091337,002412
2022-09-13,5.91,5.98,5.85,5.87,5091540.0,30101389.0,493637500.0,0.010314329847306982,002412
2022-09-14,5.83,5.93,5.74,5.92,6489965.0,38055129.0,493637500.0,0.013147228482439037,002412
2022-09-15,5.95,5.97,5.79,5.84,5360100.0,31443746.0,493637500.0,0.010858372793801118,002412
2022-09-16,5.9,5.9,5.62,5.64,6264530.0,35855164.0,493637500.0,0.012690547213289103,002412
2022-09-19,5.64,5.71,5.53,5.57,4801940.0,26812343.0,493637500.0,0.009727664531158997,002412
2022-09-20,5.62,5.68,5.58,5.6,4344000.0,24380257.0,493637500.0,0.008799979742219747,002412
2022-09-21,5.57,5.65,5.5,5.63,3936900.0,21918257.0,493637500.0,0.00797528550809045,002412
2022-09-22,5.57,5.63,5.45,5.46,6794400.0,37546100.0,493637500.0,0.013763946215593426,002412
2022-09-23,5.43,5.48,5.28,5.3,6269970.0,33607779.0,493637500.0,0.012701567445747132,002412
2022-09-26,5.26,5.26,5.14,5.17,5784200.0,30042616.0,493637500.0,0.011717505254361753,002412
2022-09-27,5.18,5.53,5.17,5.51,7997418.0,42970169.0,493637500.0,0.016200993644121444,002412
2022-09-28,5.51,5.61,5.42,5.45,7515060.0,41461374.0,493637500.0,0.015223843407358639,002412
2022-09-29,5.48,5.59,5.42,5.46,4954757.0,27327814.0,493637500.0,0.010037237851662405,002412
2022-09-30,5.55,5.66,5.44,5.59,6869582.0,38407464.0,493637500.0,0.013916248259097009,002412
2022-10-10,5.57,5.77,5.55,5.6,7592267.0,42929599.0,493637500.0,0.015380247651363602,002412
2022-10-11,5.58,5.63,5.39,5.58,5890670.0,32336879.0,493637500.0,0.011933189840723203,002412
2022-10-12,5.58,5.75,5.48,5.75,7165350.0,40451345.0,493637500.0,0.014515408574105493,002412
2022-10-13,5.73,5.86,5.71,5.84,7128000.0,41446500.0,493637500.0,0.014439745764857816,002412
2022-10-14,5.83,6.06,5.8,5.97,11678073.0,69825668.0,493637500.0,0.023657183662100224,002412
2022-10-17,5.94,6.09,5.94,6.03,7430072.0,44862771.0,493637500.0,0.01505167658453825,002412
2022-10-18,6.05,6.34,5.96,6.23,18038359.0,111948593.0,493637500.0,0.03654171127598693,002412
2022-10-19,6.24,6.26,6.06,6.21,11646440.0,71863513.0,493637500.0,0.023593102225823604,002412
2022-10-20,6.21,6.58,6.13,6.43,27349708.0,174586263.0,493637500.0,0.05540443746676458,002412
2022-10-21,6.35,6.47,6.28,6.4,17340438.0,110253230.0,493637500.0,0.03512787825074067,002412
2022-10-24,6.35,6.45,6.04,6.19,19473327.0,121179636.0,493637500.0,0.03944863791750019,002412
2022-10-25,6.15,6.19,5.95,6.07,13045221.0,78903954.0,493637500.0,0.026426722037932695,002412
2022-10-26,6.29,6.68,6.22,6.28,58867185.0,379759014.0,493637500.0,0.11925184978855942,002412
2022-10-27,6.09,6.55,6.03,6.39,44417729.0,278967609.0,493637500.0,0.08998045934516725,002412
2022-10-28,6.46,6.58,6.28,6.33,30846020.0,198038658.0,493637500.0,0.06248718948621205,002412
2022-10-31,6.35,6.62,6.2,6.62,31749984.0,205127997.0,493637500.0,0.0643184198931402,002412
2022-11-01,6.63,6.81,6.36,6.55,34215479.0,223350301.0,493637500.0,0.0693129654858069,002412
2022-11-02,6.35,6.75,6.33,6.57,38695153.0,253893696.0,493637500.0,0.07838779063584107,002412
2022-11-03,6.7,6.94,6.51,6.62,44534372.0,297981360.0,493637500.0,0.09021675217138082,002412
2022-11-04,6.62,6.65,6.44,6.55,28400844.0,185594596.0,493637500.0,0.057533805677242915,002412
2022-11-07,6.51,6.7,6.43,6.69,36376071.0,238481188.0,493637500.0,0.07368984528120331,002412
2022-11-08,6.65,7.36,6.56,7.36,86351859.0,622392023.0,493637500.0,0.17492969841229647,002412
2022-11-09,7.1,7.88,7.0,7.53,87421927.0,646985720.0,493637500.0,0.17709741865235118,002412
2022-11-10,7.32,7.48,7.11,7.21,55259894.0,402286453.0,493637500.0,0.11194427894963409,002412
2022-11-11,7.22,7.5,6.85,6.89,60620015.0,437990345.0,493637500.0,0.12280269428477375,002412
2022-11-14,6.74,7.21,6.67,7.21,44460953.0,312944143.0,493637500.0,0.09006802157453597,002412
2022-11-15,7.08,7.28,6.98,7.15,38169373.0,271845604.0,493637500.0,0.07732267706566053,002412
2022-11-16,7.12,7.47,6.99,7.25,38119498.0,275037949.0,493637500.0,0.07722164138664506,002412
2022-11-17,7.13,7.42,7.06,7.36,39712404.0,289936952.0,493637500.0,0.08044851535792966,002412
2022-11-18,7.29,8.1,7.26,7.77,83882459.0,651629657.0,493637500.0,0.1699272421564407,002412
2022-11-21,7.63,7.97,7.41,7.7,60202979.0,462241609.0,493637500.0,0.12195787192018434,002412
2022-11-22,7.64,7.87,7.16,7.3,51387461.0,383926780.0,493637500.0,0.10409958927350535,002412
2022-11-23,7.25,7.28,6.78,6.97,33901401.0,235844816.0,493637500.0,0.06867671317515384,002412
2022-11-24,6.97,7.19,6.88,7.12,27264588.0,192777467.0,493637500.0,0.05523200324124484,002412
2022-11-25,7.03,7.14,6.79,7.02,25538261.0,178327706.0,493637500.0,0.05173484794003697,002412
2022-11-28,7.0,7.18,6.93,7.02,22133581.0,155951806.0,493637500.0,0.044837722012610465,002412
2022-11-29,6.95,7.24,6.95,7.16,25480913.0,182295960.0,493637500.0,0.05161867362183789,002412
2022-11-30,7.11,7.35,7.02,7.14,25586185.0,183340858.0,493637500.0,0.05183193132612494,002412
2022-12-01,7.15,7.24,6.8,6.92,28455401.0,197309387.0,493637500.0,0.05764432604897318,002412
2022-12-02,6.99,7.61,6.95,7.29,70840568.0,524632163.0,493637500.0,0.1435072659593325,002412
2022-12-05,7.23,7.39,7.07,7.2,50487519.0,363429510.0,493637500.0,0.10227650654579525,002412
2022-12-06,7.13,7.45,7.07,7.15,32648854.0,236966197.0,493637500.0,0.06613933098680712,002412
2022-12-07,7.09,7.45,6.91,7.39,39334434.0,284068546.0,493637500.0,0.07968283203767947,002412
2022-12-08,7.37,7.67,7.3,7.62,46613444.0,349987553.0,493637500.0,0.09442849054214884,002412
2022-12-09,7.56,7.65,7.36,7.48,33183502.0,248351539.0,493637500.0,0.06722240915651667,002412
2022-12-12,7.52,7.83,7.5,7.7,43034314.0,330599321.0,493637500.0,0.08717796763819605,002412
2022-12-13,7.69,7.73,7.38,7.66,30704239.0,231280895.0,493637500.0,0.06219997265199666,002412
2022-12-14,7.53,7.54,7.23,7.25,28623018.0,209804818.0,493637500.0,0.05798388088425211,002412
2022-12-15,7.23,7.3,7.1,7.18,18356618.0,131609302.0,493637500.0,0.03718643336456408,002412
2022-12-16,7.12,7.37,7.1,7.3,20553039.0,149645158.0,493637500.0,0.041635894760831585,002412
2022-12-19,7.34,7.36,6.8,6.93,23197824.0,161157910.0,493637500.0,0.046993642095667365,002412
2022-12-20,6.9,6.9,6.65,6.77,13230903.0,89529450.0,493637500.0,0.02680287255323998,002412
2022-12-21,6.76,6.89,6.72,6.82,10325458.0,70275330.0,493637500.0,0.020917085918310502,002412
2022-12-22,6.96,7.01,6.58,6.61,12517753.0,84412290.0,493637500.0,0.025358188954445318,002412
2022-12-23,6.63,6.72,6.51,6.58,9552200.0,63400572.0,493637500.0,0.019350636853966728,002412
2022-12-26,6.73,6.96,6.57,6.64,28707192.0,194060494.0,493637500.0,0.05815439872375985,002412
2022-12-27,6.54,6.63,6.25,6.35,17211950.0,109468913.0,493637500.0,0.03486759008381657,002412
2022-12-28,6.32,6.38,6.17,6.24,10205902.0,63841491.0,493637500.0,0.020674892000709023,002412
2022-12-29,6.31,6.4,6.18,6.34,9935748.0,62857105.0,493637500.0,0.02012761996404244,002412
2022-12-30,6.31,6.41,6.08,6.13,26103307.0,162649675.0,493637500.0,0.05287950571016181,002412
2023-01-03,6.36,6.74,6.33,6.43,51089979.0,335293709.0,493637500.0,0.10349695677496139,002412
2023-01-04,6.27,6.34,6.13,6.19,35563772.0,220884807.0,493637500.0,0.07204430781697095,002412
2023-01-05,6.21,6.21,6.09,6.16,15087519.0,92819457.0,493637500.0,0.030563964447595654,002412
2023-01-06,6.16,6.19,6.07,6.08,11724094.0,71646782.0,493637500.0,0.02375041199260591,002412
2023-01-09,6.08,6.17,6.08,6.16,9545011.0,58617319.0,493637500.0,0.01933607353574232,002412
2023-01-10,6.16,6.16,6.09,6.12,5382214.0,32955993.0,493637500.0,0.010903170849054214,002412
2023-01-11,6.11,6.17,6.09,6.11,7169700.0,43969304.0,493637500.0,0.014524220708515865,002412
2023-01-12,6.12,6.16,6.06,6.1,6887634.0,42098440.0,493637500.0,0.01395281760401104,002412
2023-01-13,6.09,6.16,6.09,6.15,6342066.0,38882211.0,493637500.0,0.012847617938264414,002412
2023-01-16,6.17,6.23,6.15,6.21,10011102.0,62096857.0,493637500.0,0.020280270441366387,002412
2023-01-17,6.21,6.22,6.12,6.13,5764000.0,35449974.0,493637500.0,0.011676584538249222,002412
2023-01-18,6.16,6.16,6.11,6.12,4619200.0,28310489.0,493637500.0,0.00935747385480236,002412
2023-01-19,6.1,6.16,6.09,6.15,5047222.0,30991940.0,493637500.0,0.010224551416778506,002412
2023-01-20,6.16,6.24,6.15,6.22,7349771.0,45629529.0,493637500.0,0.014889004583322783,002412
2023-01-30,6.24,6.31,6.22,6.29,10632958.0,66620505.0,493637500.0,0.02154001266111266,002412
2023-01-31,6.27,6.32,6.23,6.32,6424951.0,40320095.0,493637500.0,0.013015524549897446,002412
2023-02-01,6.33,6.4,6.29,6.4,6817839.0,43275411.0,493637500.0,0.013811428426730141,002412
2023-02-02,6.42,6.45,6.37,6.4,6544080.0,41942972.0,493637500.0,0.01325685346028209,002412
2023-02-03,6.41,6.42,6.27,6.33,8006868.0,50730357.0,493637500.0,0.01622013724646122,002412
2023-02-06,6.32,6.36,6.3,6.34,4850989.0,30755047.0,493637500.0,0.009827026917525511,002412
2023-02-07,6.34,6.36,6.27,6.31,6255517.0,39449578.0,493637500.0,0.012672288875946418,002412
2023-02-08,6.32,6.37,6.31,6.33,6394403.0,40552376.0,493637500.0,0.012953641082778354,002412
2023-02-09,6.31,6.37,6.28,6.37,5972604.0,37772577.0,493637500.0,0.012099169937454104,002412
2023-02-10,6.36,6.39,6.29,6.31,7683014.0,48675912.0,493637500.0,0.015564080929832113,002412
2023-02-13,6.33,6.42,6.31,6.41,8090533.0,51657082.0,493637500.0,0.01638962396495404,002412
2023-02-14,6.42,6.48,6.39,6.47,9396222.0,60468613.0,493637500.0,0.019034660049125116,002412
2023-02-15,6.47,6.51,6.44,6.49,8699629.0,56381822.0,493637500.0,0.017623517257096554,002412
2023-02-16,6.49,6.64,6.4,6.46,15110698.0,98905462.0,493637500.0,0.030610919956445774,002412
2023-02-17,6.42,6.67,6.41,6.63,18696291.0,123197274.0,493637500.0,0.03787453546377656,002412
2023-02-20,6.65,6.69,6.45,6.57,12952495.0,84581341.0,493637500.0,0.026238879744751968,002412
2023-02-21,6.57,6.62,6.53,6.56,8137260.0,53437480.0,493637500.0,0.01648428249474564,002412
2023-02-22,6.54,6.59,6.51,6.56,5927600.0,38872057.0,493637500.0,0.012008001823200222,002412
2023-02-23,6.55,6.57,6.46,6.51,7937084.0,51669387.0,493637500.0,0.016078770352738598,002412
2023-02-24,6.53,6.53,6.46,6.47,4303907.0,27924177.0,493637500.0,0.008718760223848472,002412
2023-02-27,6.47,6.52,6.39,6.41,7030334.0,45383432.0,493637500.0,0.014241896128231749,002412
2023-02-28,6.43,6.64,6.43,6.63,12068179.0,79096911.0,493637500.0,0.024447451824466334,002412
2023-03-01,6.77,6.85,6.61,6.71,16799209.0,112196996.0,493637500.0,0.03403146843584614,002412
2023-03-02,6.69,6.7,6.56,6.61,10937614.0,72311848.0,493637500.0,0.022157178091210657,002412
2023-03-03,6.61,6.64,6.55,6.6,5967453.0,39348929.0,493637500.0,0.012088735154845407,002412
2023-03-06,6.61,6.68,6.58,6.64,7861370.0,52194037.0,493637500.0,0.015925390595325516,002412
2023-03-07,6.64,6.69,6.49,6.49,8982400.0,59223386.0,493637500.0,0.018196348535109267,002412
2023-03-08,6.47,6.59,6.45,6.58,5989670.0,39252385.0,493637500.0,0.012133741865235116,002412
2023-03-09,6.59,6.68,6.58,6.67,8193460.0,54472955.0,493637500.0,0.016598131219771592,002412
2023-03-10,6.63,6.65,6.55,6.56,6413508.0,42255184.0,493637500.0,0.012992343571953103,002412
2023-03-13,6.51,6.61,6.49,6.6,6195900.0,40609310.0,493637500.0,0.012551518067407764,002412
2023-03-14,6.61,6.64,6.36,6.38,8603468.0,55608128.0,493637500.0,0.017428716416398673,002412
2023-03-15,6.41,6.66,6.41,6.65,13322010.0,87871076.0,493637500.0,0.026987435111797624,002412
2023-03-16,6.64,6.72,6.52,6.58,11876568.0,78760443.0,493637500.0,0.02405929047124661,002412
2023-03-17,6.62,6.66,6.47,6.52,10815200.0,70867555.0,493637500.0,0.02190919450001266,002412
2023-03-20,6.51,6.51,6.29,6.3,12656050.0,80360942.0,493637500.0,0.02563834797802031,002412
2023-03-21,6.32,6.4,6.31,6.39,6083094.0,38722049.0,493637500.0,0.012322998151477553,002412
2023-03-22,6.39,6.5,6.38,6.42,6436708.0,41441369.0,493637500.0,0.013039341622141754,002412
2023-03-23,6.41,6.46,6.36,6.42,5002400.0,32019505.0,493637500.0,0.010133751994125244,002412
2023-03-24,6.42,6.47,6.33,6.36,5776564.0,36918229.0,493637500.0,0.011702036413360007,002412
2023-03-27,6.34,6.36,6.27,6.29,6715000.0,42318452.0,493637500.0,0.01360309944037882,002412
2023-03-28,6.31,6.4,6.24,6.35,6222868.0,39399019.0,493637500.0,0.012606149249196019,002412
2023-03-29,6.38,6.38,6.22,6.24,6322434.0,39713389.0,493637500.0,0.012807847864070295,002412
2023-03-30,6.24,6.26,6.16,6.22,4968490.0,30839661.0,493637500.0,0.01006505786128485,002412
2023-03-31,6.2,6.39,6.2,6.35,6228700.0,39396066.0,493637500.0,0.012617963586639995,002412
2023-04-03,6.35,6.4,6.29,6.35,5753496.0,36466445.0,493637500.0,0.011655305765870705,002412
2023-04-04,6.34,6.41,6.32,6.38,6074553.0,38710016.0,493637500.0,0.012305695981362842,002412
2023-04-06,6.37,6.54,6.37,6.51,11035780.0,71470504.0,493637500.0,0.02235604061684941,002412
2023-04-07,6.51,6.62,6.49,6.57,8150315.0,53526329.0,493637500.0,0.016510729026866882,002412
2023-04-10,6.56,6.57,6.4,6.42,8946830.0,57748151.0,493637500.0,0.018124291610746752,002412
2023-04-11,6.45,6.45,6.35,6.44,4839780.0,30981552.0,493637500.0,0.009804319971639108,002412
2023-04-12,6.45,6.58,6.42,6.51,6018426.0,39249264.0,493637500.0,0.012191995138132738,002412
2023-04-13,6.51,6.59,6.43,6.58,6182653.0,40433832.0,493637500.0,0.01252468258590565,002412
2023-04-14,6.58,6.68,6.54,6.58,6496562.0,42895391.0,493637500.0,0.013160592540072421,002412
2023-04-17,6.57,6.64,6.5,6.63,6443610.0,42379927.0,493637500.0,0.013053323542072877,002412
2023-04-18,6.64,6.65,6.53,6.57,4216019.0,27705215.0,493637500.0,0.0085407186447545,002412
2023-04-19,6.58,6.61,6.51,6.51,3959500.0,25907019.0,493637500.0,0.008021068091463877,002412
2023-04-20,6.51,6.53,6.44,6.48,4505177.0,29170785.0,493637500.0,0.00912648856701527,002412
2023-04-21,6.47,6.55,6.38,6.38,5835240.0,37748349.0,493637500.0,0.011820900964776785,002412
2023-04-24,6.41,6.5,6.33,6.42,7010770.0,45050422.0,493637500.0,0.014202263806943354,002412
2023-04-25,6.45,6.48,6.06,6.16,9542772.0,59072472.0,493637500.0,0.01933153781874351,002412
2023-04-26,6.18,6.27,6.16,6.25,5577500.0,34708867.0,493637500.0,0.011298776936517181,002412
2023-04-27,6.23,6.62,6.22,6.6,12673272.0,82100935.0,493637500.0,0.02567323592717328,002412
2023-04-28,6.59,6.68,6.44,6.64,10823754.0,71216821.0,493637500.0,0.0219265230052417,002412
2023-05-04,6.64,6.9,6.6,6.9,17284843.0,118474518.0,493637500.0,0.03501525512142007,002412
2023-05-05,6.92,6.98,6.82,6.94,12116300.0,83331386.0,493637500.0,0.0245449342888253,002412
2023-05-08,6.94,7.0,6.81,6.87,11276200.0,77697712.0,493637500.0,0.022843078169709555,002412
2023-05-09,6.84,6.89,6.73,6.75,8927839.0,60695492.0,493637500.0,0.018085820060266895,002412
2023-05-10,6.78,6.82,6.7,6.77,6178900.0,41723338.0,493637500.0,0.012517079840976424,002412
2023-05-11,6.79,6.8,6.69,6.71,4414100.0,29702177.0,493637500.0,0.008941986781798384,002412
2023-05-12,6.74,6.91,6.66,6.82,10135733.0,69255849.0,493637500.0,0.020532745182446632,002412
2023-05-15,6.83,6.87,6.68,6.86,7374600.0,49967860.0,493637500.0,0.014939302625914766,002412
2023-05-16,6.85,6.87,6.75,6.78,10483727.0,71324436.0,493637500.0,0.02123770378060824,002412
2023-05-17,6.76,6.79,6.69,6.79,6072990.0,40948252.0,493637500.0,0.012302529690309184,002412
2023-05-18,6.78,6.86,6.75,6.84,7222140.0,49175913.0,493637500.0,0.014630452508166417,002412
2023-05-19,6.85,6.98,6.75,6.96,12454707.0,86189371.0,493637500.0,0.02523047175305766,002412
2023-05-22,6.96,7.19,6.94,7.06,15378220.0,108876191.0,493637500.0,0.031152860145349574,002412
2023-05-23,7.05,7.17,6.99,7.0,12598450.0,89126198.0,493637500.0,0.02552166316375883,002412
2023-05-24,6.97,6.99,6.84,6.88,9674300.0,66768616.0,493637500.0,0.019597984350864753,002412
2023-05-25,6.88,6.88,6.7,6.79,7248600.0,49122003.0,493637500.0,0.014684054594717784,002412
2023-05-26,6.79,7.06,6.73,7.01,10053670.0,69687962.0,493637500.0,0.02036650376035046,002412
2023-05-29,7.0,7.25,6.97,7.12,13708958.0,97841623.0,493637500.0,0.027771305867159608,002412
2023-05-30,7.1,7.13,6.95,7.04,9499800.0,66862554.0,493637500.0,0.019244486085437187,002412
2023-05-31,7.05,7.15,6.99,7.04,7897670.0,55765053.0,493637500.0,0.015998926337646553,002412
2023-06-01,7.05,7.1,6.98,6.99,8436645.0,59335243.0,493637500.0,0.017090770048871894,002412
2023-06-02,7.0,7.05,6.9,6.93,8036110.0,56056269.0,493637500.0,0.016279375047479172,002412
2023-06-05,6.93,7.02,6.9,7.02,6073600.0,42291190.0,493637500.0,0.012303765414904662,002412
2023-06-06,7.02,7.02,6.82,6.84,6149310.0,42488201.0,493637500.0,0.012457137069205641,002412
2023-06-07,6.82,6.99,6.8,6.92,6092122.0,42155895.0,493637500.0,0.012341286875490617,002412
2023-06-08,6.94,6.96,6.79,6.84,5809718.0,39750157.0,493637500.0,0.011769199058013219,002412
2023-06-09,6.85,6.96,6.81,6.92,6785720.0,46923682.0,493637500.0,0.01374636246233319,002412
2023-06-12,6.91,6.91,6.69,6.77,8246339.0,55676278.0,493637500.0,0.016705252335975286,002412
2023-06-13,6.77,6.81,6.7,6.71,4762700.0,32068350.0,493637500.0,0.009648173001443367,002412
2023-06-14,6.74,6.84,6.71,6.79,5131138.0,34810486.0,493637500.0,0.010394546605555697,002412
2023-06-15,6.78,6.81,6.67,6.73,5570079.0,37344178.0,493637500.0,0.011283743637790888,002412
2023-06-16,6.72,6.85,6.72,6.8,5714190.0,38860163.0,493637500.0,0.0115756805348054,002412
2023-06-19,6.8,6.89,6.75,6.83,6783752.0,46288621.0,493637500.0,0.013742375731179255,002412
2023-06-20,6.64,6.65,6.41,6.43,7801889.0,50676528.0,493637500.0,0.015804895292598313,002412
2023-06-21,6.44,6.45,6.33,6.34,4655000.0,29722765.0,493637500.0,0.009429996708110708,002412
2023-06-26,6.34,6.34,6.19,6.21,4451753.0,27760561.0,493637500.0,0.00901826340178775,002412
2023-06-27,6.22,6.46,6.22,6.45,5724297.0,36581160.0,493637500.0,0.011596155073307843,002412
2023-06-28,6.46,6.49,6.31,6.44,4320880.0,27658585.0,493637500.0,0.008753143754273126,002412
2023-06-29,6.31,6.62,6.31,6.51,6430510.0,42096483.0,493637500.0,0.013026785849940492,002412
2023-06-30,6.54,6.64,6.52,6.57,4937887.0,32549443.0,492235000.0,0.01003156419190021,002412
2023-07-03,6.6,6.65,6.53,6.61,5238740.0,34541178.0,492235000.0,0.01064276209534064,002412
2023-07-04,6.6,6.63,6.54,6.61,4151069.0,27308520.0,492235000.0,0.008433104106778267,002412
2023-07-05,6.59,6.68,6.57,6.6,6517950.0,43091409.0,492235000.0,0.013241541133808038,002412
2023-07-06,6.62,6.65,6.53,6.54,4397600.0,28989397.0,492235000.0,0.008933944152691296,002412
2023-07-07,6.54,6.6,6.51,6.57,3337850.0,21924199.0,492235000.0,0.006781009070870621,002412
2023-07-10,6.59,6.63,6.53,6.55,2967910.0,19515538.0,492235000.0,0.006029457474580231,002412
2023-07-11,6.57,6.63,6.53,6.62,3377100.0,22273062.0,492235000.0,0.006860747407234349,002412
2023-07-12,6.63,6.66,6.56,6.56,4266800.0,28230417.0,492235000.0,0.008668217416477901,002412
2023-07-13,6.6,6.68,6.58,6.67,4900500.0,32583969.0,492235000.0,0.009955610633132548,002412
2023-07-14,6.66,6.73,6.63,6.64,4458259.0,29768411.0,492235000.0,0.009057175942385243,002412
2023-07-17,6.61,6.72,6.56,6.7,4812900.0,32018324.0,492235000.0,0.009777646855668532,002412
2023-07-18,6.74,6.75,6.63,6.68,3624363.0,24195026.0,492235000.0,0.007363074547726188,002412
2023-07-19,6.66,6.72,6.61,6.65,3503621.0,23321289.0,492235000.0,0.007117781141121619,002412
2023-07-20,6.67,6.71,6.58,6.6,5205503.0,34612639.0,492235000.0,0.010575239468952837,002412
2023-07-21,6.59,6.69,6.55,6.65,4995140.0,33185698.0,492235000.0,0.01014787652239276,002412
2023-07-24,6.66,6.75,6.61,6.72,6064800.0,40698303.0,492235000.0,0.012320944264426544,002412
2023-07-25,6.76,6.76,6.69,6.75,5731000.0,38570667.0,492235000.0,0.011642812884089917,002412
2023-07-26,6.74,6.79,6.71,6.76,4863900.0,32833942.0,492235000.0,0.009881255904192103,002412
2023-07-27,6.78,6.78,6.69,6.7,4468876.0,30063039.0,492235000.0,0.009078744908427885,002412
2023-07-28,6.68,6.75,6.64,6.74,4911164.0,32936671.0,492235000.0,0.00997727508202383,002412
2023-07-31,6.75,6.8,6.71,6.77,7011370.0,47345352.0,492235000.0,0.014243948520523733,002412
2023-08-01,6.77,6.79,6.71,6.72,4844300.0,32651182.0,492235000.0,0.009841437524759515,002412
2023-08-02,6.72,6.74,6.58,6.59,7324846.0,48631085.0,492235000.0,0.014880790679248733,002412
2023-08-03,6.6,6.79,6.57,6.73,8327337.0,55707746.0,492235000.0,0.01691740124127703,002412
2023-08-04,6.69,6.77,6.66,6.69,6065900.0,40660603.0,492235000.0,0.0123231789693947,002412
2023-08-07,6.7,6.7,6.4,6.42,9023000.0,58460311.0,492235000.0,0.018330675388787875,002412
2023-08-08,6.42,6.6,6.33,6.54,6720800.0,43557010.0,492235000.0,0.013653641045435615,002412
2023-08-09,6.5,6.67,6.5,6.64,6864140.0,45304549.0,492235000.0,0.01394484341828598,002412
2023-08-10,6.64,6.66,6.58,6.63,5051900.0,33436626.0,492235000.0,0.01026318729874958,002412
2023-08-11,6.62,6.76,6.6,6.62,8219550.0,55037247.0,492235000.0,0.01669842656454742,002412
2023-08-14,6.6,6.72,6.52,6.68,6181253.0,40840567.0,492235000.0,0.012557524353205278,002412
2023-08-15,6.67,6.77,6.57,6.76,8438387.0,56720347.0,492235000.0,0.01714300486556218,002412
2023-08-16,6.76,6.82,6.71,6.73,7289170.0,49314164.0,492235000.0,0.014808313102481539,002412
2023-08-17,6.74,6.82,6.7,6.77,6151310.0,41491889.0,492235000.0,0.012496693652422116,002412
2023-08-18,6.77,6.78,6.53,6.53,7512800.0,49794182.0,492235000.0,0.015262628622507542,002412
2023-08-21,6.53,6.61,6.46,6.48,5174700.0,33765323.0,492235000.0,0.010512661635194572,002412
2023-08-22,6.5,6.53,6.27,6.39,7739210.0,49259649.0,492235000.0,0.015722591851453065,002412
2023-08-23,6.41,6.48,6.35,6.38,5806021.0,37239325.0,492235000.0,0.01179522179446809,002412
2023-08-24,6.37,6.47,6.24,6.42,7175035.0,45618444.0,492235000.0,0.014576442146535699,002412
2023-08-25,6.43,6.54,6.32,6.35,6073300.0,39015520.0,492235000.0,0.012338212439180473,002412
2023-08-28,6.64,6.71,6.49,6.53,10333795.0,68162223.0,492235000.0,0.0209936209330909,002412
2023-08-29,6.48,6.63,6.47,6.6,8263679.0,54327322.0,492235000.0,0.016788076833219905,002412
2023-08-30,6.57,6.68,6.57,6.62,6578488.0,43584252.0,492235000.0,0.013364527105955488,002412
2023-08-31,6.61,6.69,6.5,6.67,7483500.0,49455711.0,492235000.0,0.015203104208355765,002412
2023-09-01,6.66,6.69,6.6,6.66,5274500.0,35067875.0,492235000.0,0.010715410322305403,002412
2023-09-04,6.66,6.75,6.63,6.74,6959444.0,46626758.0,492235000.0,0.014138458256726969,002412
2023-09-05,6.71,6.75,6.67,6.69,5768831.0,38686374.0,492235000.0,0.011719668451044725,002412
2023-09-06,6.7,6.71,6.58,6.62,4863270.0,32263815.0,492235000.0,0.009879976027710341,002412
2023-09-07,6.63,6.65,6.47,6.49,5049700.0,33084384.0,492235000.0,0.01025871788881327,002412
2023-09-08,6.49,6.55,6.46,6.48,3247400.0,21098832.0,492235000.0,0.006597255375989111,002412
2023-09-11,6.51,6.77,6.46,6.68,10500621.0,70096861.0,492235000.0,0.021332536288561358,002412
2023-09-12,6.71,6.83,6.67,6.78,11408651.0,77398166.0,492235000.0,0.023177244608774263,002412
2023-09-13,6.77,6.78,6.62,6.66,6130370.0,40987908.0,492235000.0,0.01245415299602832,002412
2023-09-14,6.7,6.75,6.65,6.71,5214170.0,34910843.0,492235000.0,0.010592846912551931,002412
2023-09-15,6.71,6.9,6.67,6.83,12923778.0,88085488.0,492235000.0,0.026255300821761963,002412
2023-09-18,6.86,6.86,6.75,6.85,8339902.0,56874617.0,492235000.0,0.01694292766666328,002412
2023-09-19,6.84,6.93,6.79,6.82,7206000.0,49389711.0,492235000.0,0.014639349091389276,002412
2023-09-20,6.85,6.88,6.78,6.81,5972200.0,40820907.0,492235000.0,0.012132822737107276,002412
2023-09-21,6.82,6.82,6.74,6.76,4517260.0,30604827.0,492235000.0,0.009177039422227189,002412
2023-09-22,6.76,6.84,6.67,6.82,6670840.0,45071394.0,492235000.0,0.013552144808881936,002412
2023-09-25,6.86,6.97,6.81,6.92,7832800.0,54132938.0,492235000.0,0.015912724613243674,002412
2023-09-26,6.9,6.95,6.84,6.88,4886006.0,33674015.0,492235000.0,0.009926165347852144,002412
2023-09-27,6.93,7.06,6.88,7.02,8264570.0,57703409.0,492235000.0,0.01678988694424411,002412
2023-09-28,7.0,7.08,6.97,7.02,6796497.0,47775993.0,492235000.0,0.013807423283594219,002412
2023-10-09,7.03,7.06,6.89,7.02,6762179.0,47111529.0,492235000.0,0.01373770455168771,002412
2023-10-10,7.07,7.07,6.84,6.86,6403500.0,44211128.0,492235000.0,0.013009030239621319,002412
2023-10-11,6.86,7.02,6.86,6.92,6743998.0,46885027.0,492235000.0,0.013700768941664042,002412
2023-10-12,6.93,7.07,6.92,7.0,5971700.0,41772698.0,492235000.0,0.01213180696212175,002412
2023-10-13,6.97,7.1,6.94,7.02,6485210.0,45624375.0,492235000.0,0.01317502818775585,002412
2023-10-16,7.02,7.11,6.99,7.05,9999600.0,70507785.0,492235000.0,0.020314687090515707,002412
2023-10-17,7.05,7.06,6.91,6.99,7682541.0,53478204.0,492235000.0,0.01560746594614361,002412
2023-10-18,6.95,6.96,6.76,6.79,7840400.0,53467556.0,492235000.0,0.015928164393023657,002412
2023-10-19,6.82,6.86,6.69,6.69,7023541.0,47447938.0,492235000.0,0.014268674515221388,002412
2023-10-20,6.68,6.75,6.58,6.61,6891498.0,45710780.0,492235000.0,0.014000422562393979,002412
2023-10-23,6.6,6.63,6.43,6.48,6033600.0,39246359.0,492235000.0,0.01225755990532977,002412
2023-10-24,6.55,6.62,6.42,6.6,4947040.0,32454593.0,492235000.0,0.010050158968785234,002412
2023-10-25,6.6,6.68,6.5,6.54,8233583.0,54164163.0,492235000.0,0.016726935305291173,002412
2023-10-26,6.54,6.56,6.44,6.55,5275850.0,34297938.0,492235000.0,0.010718152914766322,002412
2023-10-27,6.58,6.85,6.4,6.83,10374515.0,69244664.0,492235000.0,0.021076345647912074,002412
2023-10-30,6.67,6.88,6.66,6.75,14696772.0,99616598.0,492235000.0,0.029857226731134518,002412
2023-10-31,6.83,6.88,6.71,6.81,10586403.0,72098814.0,492235000.0,0.021506806708178006,002412
2023-11-01,6.81,6.88,6.75,6.86,7345389.0,50061134.0,492235000.0,0.014922524810304021,002412
2023-11-02,6.86,6.9,6.77,6.78,6089830.0,41527398.0,492235000.0,0.012371793960201936,002412
2023-11-03,6.78,6.81,6.73,6.76,5968006.0,40413297.0,492235000.0,0.01212430241652869,002412
2023-11-06,6.78,6.9,6.78,6.84,7877055.0,53977041.0,492235000.0,0.01600263085721251,002412
2023-11-07,6.84,6.87,6.76,6.8,5887343.0,40097250.0,492235000.0,0.01196043150121385,002412
2023-11-08,6.8,7.02,6.8,6.97,11873755.0,82515573.0,492235000.0,0.024122126626509695,002412
2023-11-09,6.95,7.05,6.85,6.89,8113800.0,56174492.0,492235000.0,0.016483590155108842,002412
2023-11-10,6.86,6.95,6.77,6.9,5796470.0,39917687.0,492235000.0,0.011775818460694587,002412
2023-11-13,6.91,6.95,6.85,6.9,5583721.0,38445092.0,492235000.0,0.011343608235903583,002412
2023-11-14,6.89,6.93,6.84,6.86,4024100.0,27664889.0,492235000.0,0.008175160238503967,002412
2023-11-15,6.9,6.92,6.84,6.9,4841202.0,33343570.0,492235000.0,0.009835143782949201,002412
2023-11-16,6.9,6.93,6.81,6.82,4711508.0,32332094.0,492235000.0,0.009571663941003788,002412
2023-11-17,6.8,6.95,6.79,6.93,6474952.0,44495111.0,492235000.0,0.013154188548152814,002412
2023-11-20,6.98,7.14,6.92,7.13,17006571.0,120264542.0,492235000.0,0.034549698822716794,002412
2023-11-21,7.17,7.2,7.06,7.14,11007002.0,78540462.0,492235000.0,0.022361274594451835,002412
2023-11-22,7.14,7.23,7.06,7.13,9899423.0,70814961.0,492235000.0,0.020111172509065793,002412
2023-11-23,7.15,7.31,7.15,7.23,10248000.0,74256900.0,492235000.0,0.02081932410332463,002412
2023-11-24,7.27,7.38,7.16,7.23,16318155.0,118281996.0,492235000.0,0.03315114731784615,002412
2023-11-27,7.28,7.32,7.1,7.13,12584250.0,89884631.0,492235000.0,0.025565532723191158,002412
2023-11-28,7.27,7.29,7.0,7.18,9745817.0,69393491.0,492235000.0,0.019799114244212622,002412
2023-11-29,7.17,7.19,7.06,7.12,6144600.0,43688044.0,492235000.0,0.012483061952116367,002412
2023-11-30,7.11,7.16,7.06,7.15,6401410.0,45527433.0,492235000.0,0.013004784300181824,002412
2023-12-01,7.15,7.25,7.1,7.12,5817092.0,41615063.0,492235000.0,0.011817713084197589,002412
2023-12-04,7.14,7.32,7.09,7.2,9661140.0,69636238.0,492235000.0,0.019627088687313988,002412
2023-12-05,7.25,7.26,7.14,7.14,7618881.0,54832927.0,492235000.0,0.015478137474986541,002412
2023-12-06,7.13,7.15,7.01,7.11,6907200.0,48976462.0,492235000.0,0.014032321960039413,002412
2023-12-07,7.1,7.17,7.03,7.05,8727100.0,62000107.0,492235000.0,0.01772953975235406,002412
2023-12-08,7.04,7.09,6.92,6.93,7219400.0,50534342.0,492235000.0,0.014666571861001352,002412
2023-12-11,6.94,6.98,6.83,6.94,8125670.0,56201723.0,492235000.0,0.016507704653265207,002412
2023-12-12,6.94,7.03,6.91,7.0,6539190.0,45616996.0,492235000.0,0.013284691255193149,002412
2023-12-13,6.98,7.21,6.95,7.12,9681797.0,69194257.0,492235000.0,0.019669054415065973,002412
2023-12-14,7.12,7.21,7.06,7.07,6006769.0,42805911.0,492235000.0,0.012203051388056517,002412
2023-12-15,7.07,7.12,6.93,6.97,6300227.0,44091653.0,492235000.0,0.01279922597946103,002412
2023-12-18,6.95,7.08,6.87,6.9,6548086.0,45656875.0,492235000.0,0.013302763923735614,002412
2023-12-19,6.89,6.93,6.77,6.84,5942555.0,40522020.0,492235000.0,0.012072597438215487,002412
2023-12-20,6.9,6.97,6.81,6.82,4728599.0,32554150.0,492235000.0,0.009606385161559011,002412
2023-12-21,6.81,6.83,6.66,6.82,6377914.0,42931450.0,492235000.0,0.012957051002062023,002412
2023-12-22,6.81,6.82,6.66,6.68,5889800.0,39656548.0,492235000.0,0.011965423019492723,002412
2023-12-25,6.64,6.72,6.58,6.66,5266874.0,34942241.0,492235000.0,0.010699917722226173,002412
2023-12-26,6.66,6.7,6.6,6.63,4515114.0,29980356.0,492235000.0,0.009172679715989314,002412
2023-12-27,6.66,6.72,6.59,6.69,4390670.0,29193945.0,492235000.0,0.008919865511391916,002412
2023-12-28,6.67,6.76,6.61,6.73,7142314.0,47829784.0,492235000.0,0.014509967799932959,002412
2023-12-29,6.71,6.8,6.7,6.78,5608970.0,37893305.0,492235000.0,0.011394902841122635,002412
2024-01-02,6.78,6.99,6.75,6.93,9189207.0,63338989.0,497845000.0,0.01845796784139642,002412
2024-01-03,6.9,7.07,6.89,6.97,9155802.0,63900191.0,497845000.0,0.018390868643855016,002412
2024-01-04,6.93,7.05,6.87,7.01,6687670.0,46551166.0,497845000.0,0.013433237252558527,002412
2024-01-05,7.01,7.06,6.84,6.87,6242400.0,43325129.0,497845000.0,0.012538842410790507,002412
2024-01-08,6.84,6.87,6.72,6.72,4965100.0,33725654.0,497845000.0,0.009973184424871195,002412
2024-01-09,6.73,6.84,6.7,6.77,5945650.0,40270096.0,497845000.0,0.011942773353152086,002412
2024-01-10,6.78,6.84,6.69,6.77,5049167.0,34160022.0,497845000.0,0.010142046219204772,002412
2024-01-11,6.77,6.81,6.69,6.75,6905800.0,46526225.0,497845000.0,0.013871385672247386,002412
2024-01-12,6.75,6.83,6.67,6.67,5877182.0,39662935.0,497845000.0,0.011805244604244293,002412
2024-01-15,6.61,6.78,6.61,6.72,5729232.0,38466492.0,497845000.0,0.011508063754783115,002412
2024-01-16,6.73,6.74,6.5,6.62,6891309.0,45522464.0,497845000.0,0.013842278219124426,002412
2024-01-17,6.56,6.67,6.46,6.47,5406600.0,35531075.0,497845000.0,0.010860006628569133,002412
2024-01-18,6.5,6.5,6.15,6.33,8313400.0,52196269.0,497845000.0,0.01669877170605309,002412
2024-01-19,6.34,6.36,6.2,6.23,6479648.0,40681730.0,497845000.0,0.013015392340989666,002412
2024-01-22,6.27,6.27,5.76,5.81,6971000.0,41912990.0,497845000.0,0.014002350129056233,002412
2024-01-23,5.85,5.85,5.61,5.74,10535543.0,60028671.0,497845000.0,0.02116229549357732,002412
2024-01-24,5.76,5.84,5.52,5.8,9042100.0,51563572.0,497845000.0,0.018162480290050118,002412
2024-01-25,5.8,6.02,5.72,6.0,7784300.0,45960150.0,497845000.0,0.015635991121734676,002412
2024-01-26,6.01,6.19,6.01,6.05,8086200.0,49319993.0,497845000.0,0.016242404764535145,002412
2024-01-29,6.05,6.1,5.85,5.88,5956470.0,35379336.0,497845000.0,0.011964507025278952,002412
2024-01-30,5.83,5.88,5.66,5.67,6728379.0,38782828.0,497845000.0,0.013515007683114222,002412
2024-01-31,5.66,5.67,5.3,5.32,9275399.0,50655996.0,497845000.0,0.018631098032520162,002412
2024-02-01,5.32,5.35,5.12,5.24,7838569.0,41068451.0,497845000.0,0.015744998945454912,002412
2024-02-02,5.27,5.34,4.77,4.98,10238769.0,51741040.0,497845000.0,0.020566178228163385,002412
2024-02-05,4.86,4.97,4.48,4.49,15543716.0,71072054.0,497845000.0,0.031221998814892186,002412
2024-02-06,4.43,4.7,4.08,4.52,19725945.0,85858716.0,497845000.0,0.03962266368046279,002412
2024-02-07,4.55,4.58,4.2,4.27,22226724.0,97001073.0,497845000.0,0.044645871707057416,002412
2024-02-08,4.33,4.7,4.28,4.7,22446877.0,101415088.0,497845000.0,0.045088083640490516,002412
2024-02-19,4.9,5.03,4.77,4.9,21157206.0,103439524.0,497845000.0,0.042497576554951844,002412
2024-02-20,4.88,5.11,4.77,5.01,14343408.0,71390911.0,497845000.0,0.02881099137281684,002412
2024-02-21,4.97,5.18,4.93,5.05,14504105.0,73425611.0,497845000.0,0.029133776577047073,002412
2024-02-22,5.03,5.15,5.0,5.14,11316922.0,57430827.0,497845000.0,0.02273181813616688,002412
2024-02-23,5.13,5.26,5.09,5.24,12153980.0,62781143.0,497845000.0,0.024413180809288032,002412
2024-02-26,5.23,5.46,5.19,5.35,13174937.0,70154631.0,497845000.0,0.026463933553616086,002412
2024-02-27,5.32,5.42,5.27,5.42,12010880.0,64423254.0,497845000.0,0.024125741947794998,002412
2024-02-28,5.42,5.56,5.0,5.01,21852350.0,115602564.0,497845000.0,0.0438938826341532,002412
2024-02-29,4.96,5.19,4.96,5.17,13568940.0,69257341.0,497845000.0,0.027255350560917553,002412
2024-03-01,5.2,5.3,5.18,5.25,10441440.0,54648871.0,497845000.0,0.02097327481445028,002412
2024-03-04,5.29,5.36,5.22,5.32,10003369.0,52939269.0,497845000.0,0.020093340296678686,002412
2024-03-05,5.32,5.32,5.15,5.17,9211100.0,48020454.0,497845000.0,0.018501943375950347,002412
2024-03-06,5.15,5.26,5.1,5.19,7319502.0,37960750.0,497845000.0,0.01470237121995802,002412
2024-03-07,5.22,5.25,5.13,5.14,7672444.0,39865886.0,497845000.0,0.01541131074932961,002412
2024-03-08,5.15,5.3,5.12,5.26,8641963.0,44877637.0,497845000.0,0.017358742178790586,002412
2024-03-11,5.29,5.33,5.22,5.33,8349521.0,44036740.0,497845000.0,0.016771326416856653,002412
2024-03-12,5.33,5.55,5.33,5.52,18314389.0,100129736.0,497845000.0,0.03678733139832679,002412
2024-03-13,5.5,5.52,5.37,5.44,12026929.0,65283772.0,497845000.0,0.02415797888901164,002412
2024-03-14,5.51,5.58,5.37,5.46,10220417.0,55838422.0,497845000.0,0.020529315349154857,002412
2024-03-15,5.43,5.5,5.4,5.47,8847929.0,48133230.0,497845000.0,0.01777245729092388,002412
2024-03-18,5.48,5.57,5.45,5.57,9829553.0,54207152.0,497845000.0,0.019744203517158956,002412
2024-03-19,5.56,5.66,5.54,5.57,9314869.0,52187019.0,497845000.0,0.018710379736665027,002412
2024-03-20,5.57,5.66,5.55,5.63,6792972.0,38076029.0,497845000.0,0.013644752884934067,002412
2024-03-21,5.63,5.72,5.57,5.66,8523128.0,48047080.0,497845000.0,0.017120043386997963,002412
2024-03-22,5.64,5.65,5.4,5.52,10959880.0,60546935.0,497845000.0,0.02201464311181191,002412
2024-03-25,5.52,5.54,5.36,5.36,8243940.0,45076486.0,497845000.0,0.01655925036909078,002412
2024-03-26,5.38,5.44,5.35,5.41,7396800.0,39879775.0,497845000.0,0.01485763641293977,002412
2024-03-27,5.4,5.47,5.33,5.33,6809500.0,36896732.0,497845000.0,0.013677951973003645,002412
2024-03-28,5.35,5.66,5.31,5.48,15239700.0,83565240.0,497845000.0,0.030611334853217365,002412
2024-03-29,5.4,5.53,5.36,5.51,11663953.0,63416439.0,497845000.0,0.023428884492161215,002412
2024-04-01,5.53,5.57,5.48,5.57,8451278.0,46778160.0,497845000.0,0.016975721359057536,002412
2024-04-02,5.58,5.86,5.51,5.73,18230012.0,103457941.0,497845000.0,0.036617846920226176,002412
2024-04-03,5.78,5.78,5.58,5.68,11647303.0,65992752.0,497845000.0,0.023395440347899445,002412
2024-04-08,5.65,5.66,5.53,5.55,8444459.0,47116508.0,497845000.0,0.01696202432484006,002412
2024-04-09,5.55,5.71,5.5,5.71,8753031.0,49085734.0,497845000.0,0.017581839729232995,002412
2024-04-10,5.73,5.73,5.52,5.56,7878641.0,44052031.0,497845000.0,0.01582548986130221,002412
2024-04-11,5.53,5.62,5.44,5.6,6763036.0,37671370.0,497845000.0,0.013584621719611526,002412
2024-04-12,5.58,5.64,5.46,5.48,6391196.0,35324220.0,497845000.0,0.012837722584338499,002412
2024-04-15,5.41,5.48,5.1,5.18,10418539.0,54721536.0,497845000.0,0.02092727455332483,002412
2024-04-16,5.17,5.19,4.8,4.83,10949985.0,54261759.0,497845000.0,0.021994767447699584,002412
2024-04-17,4.95,5.17,4.93,5.17,8402200.0,42707902.0,497845000.0,0.016877140475449186,002412
2024-04-18,5.17,5.18,5.08,5.09,6699626.0,34307383.0,497845000.0,0.013457252759392984,002412
2024-04-19,5.1,5.17,5.01,5.05,5587950.0,28317217.0,497845000.0,0.01122427663228515,002412
2024-04-22,5.04,5.56,4.97,5.22,17214210.0,91147483.0,497845000.0,0.03457744880434673,002412
2024-04-23,5.19,5.23,5.06,5.17,12355371.0,63681564.0,497845000.0,0.024817706314214264,002412
2024-04-24,5.14,5.24,5.06,5.17,9634195.0,49496425.0,497845000.0,0.019351796241802166,002412
2024-04-25,5.15,5.28,5.14,5.24,8089907.0,42315789.0,497845000.0,0.01624985085719451,002412
2024-04-26,5.24,5.26,5.17,5.23,8248491.0,43036054.0,497845000.0,0.01656839176852233,002412
2024-04-29,5.38,5.75,5.38,5.75,22353193.0,126150230.0,497845000.0,0.04489990458877763,002412
2024-04-30,5.75,5.89,5.69,5.77,28968713.0,167370540.0,497845000.0,0.05818821721620183,002412
2024-05-06,5.83,6.07,5.83,6.06,20842340.0,124137285.0,497845000.0,0.041865118661430764,002412
2024-05-07,6.06,6.08,5.91,5.95,18196003.0,108514250.0,497845000.0,0.036549534493667706,002412
2024-05-08,5.9,6.04,5.9,5.98,13554731.0,81022863.0,497845000.0,0.027226809549156867,002412
2024-05-09,5.95,6.19,5.95,6.12,14722540.0,89463699.0,497845000.0,0.029572537637216404,002412
2024-05-10,6.15,6.18,6.04,6.09,10269000.0,62631814.0,497845000.0,0.020626901947393264,002412
2024-05-13,6.05,6.15,6.01,6.05,9383000.0,56916146.0,497845000.0,0.018847231568058332,002412
2024-05-14,6.01,6.4,6.0,6.16,18999487.0,117705283.0,497845000.0,0.038163458506161554,002412
2024-05-15,6.11,6.15,6.01,6.02,12563100.0,76129078.0,497845000.0,0.02523496268919041,002412
2024-05-16,6.03,6.1,5.98,6.0,8653700.0,52230205.0,497845000.0,0.01738231778967349,002412
2024-05-17,6.01,6.09,5.97,6.03,7619992.0,45815061.0,497845000.0,0.015305952655947133,002412
2024-05-20,6.0,6.06,6.0,6.05,6203226.0,37405198.0,497845000.0,0.012460155269210297,002412
2024-05-21,6.05,6.08,6.01,6.02,5688400.0,34350485.0,497845000.0,0.011426046259377919,002412
2024-05-22,6.02,6.05,5.9,5.95,8420000.0,50202763.0,497845000.0,0.016912894575620927,002412
2024-05-23,5.92,5.95,5.75,5.77,7895900.0,46085855.0,497845000.0,0.01586015727786761,002412
2024-05-24,5.74,5.86,5.73,5.79,5434880.0,31584114.0,497845000.0,0.010916811457381314,002412
2024-05-27,5.85,5.99,5.76,5.92,8180504.0,47987079.0,497845000.0,0.0164318291837821,002412
2024-05-28,5.88,5.93,5.81,5.84,6656150.0,39079968.0,497845000.0,0.013369924374052164,002412
2024-05-29,5.86,5.92,5.81,5.85,4124249.0,24204751.0,497845000.0,0.00828420291456176,002412
2024-05-30,5.88,5.9,5.8,5.85,4767400.0,27926430.0,497845000.0,0.009576072874087316,002412
2024-05-31,5.86,5.9,5.84,5.89,4610629.0,27061750.0,497845000.0,0.009261173658467996,002412
2024-06-03,5.86,5.88,5.64,5.71,7121503.0,40883009.0,497845000.0,0.014304659080637548,002412
2024-06-04,5.67,5.71,5.55,5.67,6854700.0,38577759.0,497845000.0,0.013768743283552109,002412
2024-06-05,5.68,5.68,5.48,5.5,6526579.0,36423507.0,497845000.0,0.013109660637346966,002412
2024-06-06,5.5,5.53,5.19,5.26,10778736.0,57284513.0,497845000.0,0.021650786891502374,002412
2024-06-07,5.35,5.46,5.29,5.44,8419073.0,45280515.0,497845000.0,0.016911032550291756,002412
2024-06-11,5.44,5.5,5.34,5.48,6191646.0,33602924.0,497845000.0,0.012436895017525535,002412
2024-06-12,5.48,5.57,5.42,5.55,4731170.0,26105370.0,497845000.0,0.009503299219636633,002412
2024-06-13,5.55,5.58,5.4,5.44,6072390.0,33163673.0,497845000.0,0.012197350581004128,002412
2024-06-14,5.45,5.49,5.37,5.45,5859750.0,31828221.0,497845000.0,0.011770229689963744,002412
2024-06-17,5.4,5.47,5.38,5.4,3762900.0,20369696.0,497845000.0,0.007558376603159618,002412
2024-06-18,5.36,5.48,5.36,5.47,3451330.0,18777708.0,497845000.0,0.006932539244142253,002412
2024-06-19,5.47,5.5,5.42,5.43,3313850.0,18071577.0,497845000.0,0.006656389036748385,002412
2024-06-20,5.43,5.49,5.27,5.29,4814550.0,25794758.0,497845000.0,0.009670781066396168,002412
2024-06-21,5.29,5.4,5.25,5.34,4176600.0,22255186.0,497845000.0,0.008389358133555624,002412
2024-06-24,5.29,5.29,5.06,5.08,6549330.0,33654971.0,497845000.0,0.013155359599875464,002412
2024-06-25,5.09,5.17,5.07,5.11,4098300.0,21013656.0,497845000.0,0.008232080265946228,002412
2024-06-26,5.05,5.27,5.05,5.25,4116020.0,21279563.0,497845000.0,0.008267673673532927,002412
2024-06-27,5.26,5.3,5.14,5.14,3771200.0,19727301.0,497845000.0,0.007575048458857677,002412
2024-06-28,5.16,5.26,5.12,5.17,4075590.0,21198019.0,497845000.0,0.008186463658367565,002412
2024-07-01,5.17,5.32,5.16,5.32,4781410.0,25093951.0,497845000.0,0.009604214163042715,002412
2024-07-02,5.31,5.42,5.27,5.38,4879400.0,26195271.0,497845000.0,0.009801042493145456,002412
2024-07-03,5.38,5.47,5.36,5.38,5257200.0,28454231.0,497845000.0,0.010559913226004077,002412
2024-07-04,5.38,5.38,5.21,5.22,5525800.0,29155386.0,497845000.0,0.01109943858028101,002412
2024-07-05,5.2,5.46,5.16,5.45,9199452.0,49045239.0,497845000.0,0.0184785465355683,002412
2024-07-08,5.47,5.47,5.24,5.27,6327900.0,33708070.0,497845000.0,0.012710582611053641,002412
2024-07-09,5.26,5.38,5.11,5.33,7495331.0,39330687.0,497845000.0,0.015055551426648857,002412
2024-07-10,5.33,5.37,5.2,5.22,5861400.0,30941219.0,497845000.0,0.011773543974530225,002412
2024-07-11,5.32,5.45,5.32,5.43,8285615.0,44679034.0,497845000.0,0.016642961162610853,002412
2024-07-12,5.39,5.52,5.39,5.45,5869615.0,32086500.0,497845000.0,0.011790045094356678,002412
2024-07-15,5.45,5.47,5.35,5.38,5336800.0,28745839.0,497845000.0,0.0107198023481204,002412
2024-07-16,5.39,5.39,5.28,5.32,4202400.0,22366860.0,497845000.0,0.008441181492231518,002412
2024-07-17,5.3,5.36,5.27,5.33,4421170.0,23549199.0,497845000.0,0.008880615452600708,002412
2024-07-18,5.3,5.37,5.22,5.36,4807433.0,25509745.0,497845000.0,0.00965648545229941,002412
2024-07-19,5.36,5.41,5.33,5.36,4571700.0,24557877.0,497845000.0,0.009182978637929476,002412
2024-07-22,5.37,5.44,5.32,5.41,4101400.0,22105163.0,497845000.0,0.008238307103616588,002412
2024-07-23,5.38,5.42,5.26,5.26,5161800.0,27500461.0,497845000.0,0.010368287318342054,002412
2024-07-24,5.25,5.29,5.16,5.16,4547370.0,23654141.0,497845000.0,0.009134108005503721,002412
2024-07-25,5.14,5.23,5.11,5.17,3668130.0,18969457.0,497845000.0,0.007368016149604797,002412
2024-07-26,5.19,5.26,5.18,5.24,4218500.0,22070532.0,497845000.0,0.008473520874971125,002412
2024-07-29,5.24,5.24,5.16,5.21,3864801.0,20136851.0,497845000.0,0.007763060792013578,002412
2024-07-30,5.21,5.28,5.18,5.26,4562600.0,23884253.0,497845000.0,0.009164699856381003,002412
2024-07-31,5.26,5.46,5.23,5.45,6500473.0,35007673.0,497845000.0,0.013057222629533289,002412
2024-08-01,5.46,5.57,5.44,5.5,6226372.0,34296701.0,497845000.0,0.012506647651377437,002412
2024-08-02,5.47,5.7,5.46,5.6,12437500.0,69850911.0,497845000.0,0.02498267533067521,002412
2024-08-05,5.6,5.69,5.49,5.5,11399250.0,63716592.0,497845000.0,0.02289718687543312,002412
2024-08-06,5.52,5.72,5.52,5.71,9343564.0,52582697.0,497845000.0,0.01876801815826211,002412
2024-08-07,5.68,5.68,5.58,5.62,6384961.0,35926861.0,497845000.0,0.012825198605991826,002412
2024-08-08,5.59,5.76,5.56,5.69,8268815.0,47091704.0,497845000.0,0.016609215719752133,002412
2024-08-09,5.71,5.71,5.62,5.64,5127064.0,29015869.0,497845000.0,0.010298514597917023,002412
2024-08-12,5.6,5.79,5.6,5.73,8583200.0,49144940.0,497845000.0,0.017240707449105646,002412
2024-08-13,5.69,5.72,5.6,5.66,5786700.0,32692907.0,497845000.0,0.011623497273247697,002412
2024-08-14,5.68,5.69,5.52,5.54,9386530.0,52314772.0,497845000.0,0.018854322128373287,002412
2024-08-15,5.55,5.64,5.52,5.59,6944710.0,38784251.0,497845000.0,0.01394954252829696,002412
2024-08-16,5.57,5.64,5.53,5.61,5212000.0,29167809.0,497845000.0,0.010469121915455614,002412
2024-08-19,5.63,5.65,5.54,5.56,5460448.0,30485698.0,497845000.0,0.010968168807560586,002412
2024-08-20,5.56,5.58,5.38,5.41,5744400.0,31247838.0,497845000.0,0.011538531068906989,002412
2024-08-21,5.35,5.44,5.32,5.36,4465700.0,23990555.0,497845000.0,0.00897006096274945,002412
2024-08-22,5.37,5.41,5.31,5.32,4336300.0,23217172.0,497845000.0,0.008710140706444778,002412
2024-08-23,5.31,5.33,5.19,5.22,6868284.0,35975720.0,497845000.0,0.013796028884492162,002412
2024-08-26,5.22,5.26,5.16,5.25,4874600.0,25439307.0,497845000.0,0.009791400938042965,002412
2024-08-27,5.22,5.33,5.22,5.25,4747390.0,25010805.0,497845000.0,0.009535879641253804,002412
2024-08-28,5.22,5.34,5.21,5.29,4391503.0,23217160.0,497845000.0,0.008821024616095371,002412
2024-08-29,5.3,5.35,5.26,5.33,4311600.0,22948552.0,497845000.0,0.008660526870813205,002412
2024-08-30,5.32,5.43,5.31,5.35,6332900.0,34098752.0,497845000.0,0.012720625897618737,002412
2024-09-02,5.34,5.44,5.32,5.33,5937512.0,31915592.0,497845000.0,0.011926426899938737,002412
2024-09-03,5.33,5.4,5.29,5.34,4093396.0,21892040.0,497845000.0,0.008222229810483183,002412
2024-09-04,5.31,5.37,5.26,5.28,4120915.0,21890343.0,497845000.0,0.008277506051080156,002412
2024-09-05,5.27,5.34,5.25,5.3,2996254.0,15884753.0,497845000.0,0.006018447508762768,002412
2024-09-06,5.3,5.33,5.18,5.18,4270800.0,22370041.0,497845000.0,0.008578573652442025,002412
2024-09-09,5.19,5.3,5.16,5.22,3988101.0,20854514.0,497845000.0,0.008010728238708836,002412
2024-09-10,5.23,5.25,5.12,5.21,3730265.0,19287412.0,497845000.0,0.007492824071749239,002412
2024-09-11,5.2,5.2,5.1,5.13,3971540.0,20423721.0,497845000.0,0.007977462864947925,002412
2024-09-12,5.15,5.2,5.12,5.14,3324000.0,17140161.0,497845000.0,0.00667677690847553,002412
2024-09-13,5.14,5.17,5.07,5.07,3998134.0,20455071.0,497845000.0,0.008030881097530355,002412
2024-09-18,5.1,5.1,4.9,4.97,5029395.0,24979669.0,497845000.0,0.010102331046811758,002412
2024-09-19,5.03,5.12,4.97,5.1,3867401.0,19607980.0,497845000.0,0.007768283301027429,002412
2024-09-20,5.13,5.13,5.02,5.05,3448400.0,17479159.0,497845000.0,0.006926653878215107,002412
2024-09-23,5.05,5.15,5.04,5.13,4337188.0,22176485.0,497845000.0,0.008711924394138738,002412
2024-09-24,5.15,5.28,5.13,5.27,5641097.0,29393346.0,497845000.0,0.011331030742500177,002412
2024-09-25,5.32,5.41,5.3,5.31,6848199.0,36674237.0,497845000.0,0.013755685002360173,002412
2024-09-26,5.31,5.47,5.29,5.46,6501671.0,34951773.0,497845000.0,0.013059629000994286,002412
2024-09-27,5.53,5.73,5.5,5.66,12302023.0,68937986.0,497845000.0,0.02471054846387932,002412
2024-09-30,5.91,6.2,5.72,6.15,20533341.0,122673079.0,497845000.0,0.041244445560365176,002412
2024-10-08,6.77,6.77,6.16,6.49,22191444.0,142992084.0,497845000.0,0.0445750062770541,002412
2024-10-09,6.33,6.33,5.86,5.86,18508076.0,112459313.0,497845000.0,0.03717638220731352,002412
2024-10-10,6.0,6.15,5.88,5.96,12150500.0,72973457.0,497845000.0,0.024406190681838726,002412
2024-10-11,5.96,5.97,5.7,5.76,9764310.0,56831263.0,497845000.0,0.01961315268808565,002412
2024-10-14,5.76,5.87,5.68,5.83,9001209.0,52149064.0,497845000.0,0.018080344283863452,002412
2024-10-15,5.82,5.86,5.76,5.76,6474080.0,37594404.0,497845000.0,0.013004208137070775,002412
2024-10-16,5.76,5.86,5.72,5.82,7406280.0,43000537.0,497845000.0,0.014876678484267191,002412
2024-10-17,5.82,5.88,5.72,5.74,9406720.0,54617833.0,497845000.0,0.018894876919523143,002412
2024-10-18,5.71,5.93,5.71,5.84,10632580.0,61800355.0,497845000.0,0.021357209573260753,002412
2024-10-21,5.9,5.93,5.81,5.86,9219650.0,54052950.0,497845000.0,0.01851911739597666,002412
2024-10-22,5.86,6.05,5.86,6.03,10508248.0,62934375.0,497845000.0,0.02110746919221846,002412
2024-10-23,6.02,6.06,5.96,5.98,8721800.0,52415613.0,497845000.0,0.017519107352690095,002412
2024-10-24,6.05,6.18,6.0,6.07,12179165.0,74184747.0,497845000.0,0.024463768843716416,002412
2024-10-25,6.07,6.17,6.02,6.16,10004888.0,61120451.0,497845000.0,0.020096391447137162,002412
2024-10-28,6.22,6.38,6.2,6.37,12803203.0,80663407.0,497845000.0,0.02571724733601824,002412
2024-10-29,6.42,6.45,6.12,6.14,15237145.0,94822982.0,497845000.0,0.030606202733782603,002412
2024-10-30,6.13,6.18,6.03,6.11,9165780.0,56040171.0,497845000.0,0.01841091102652432,002412
2024-10-31,6.17,6.22,6.09,6.14,8698040.0,53487669.0,497845000.0,0.017471381654932762,002412
2024-11-01,6.09,6.18,5.98,6.05,9527550.0,57840696.0,497845000.0,0.019137582982655246,002412
2024-11-04,6.0,6.14,6.0,6.13,5881060.0,35875847.0,497845000.0,0.011813034177304182,002412
2024-11-05,6.18,6.23,6.11,6.21,10134380.0,62599692.0,497845000.0,0.020356496499914632,002412
2024-11-06,6.21,6.24,6.13,6.17,10837710.0,67045593.0,497845000.0,0.021769245447880364,002412
2024-11-07,6.17,6.5,6.14,6.46,17786313.0,112994372.0,497845000.0,0.035726607679096904,002412
2024-11-08,6.53,6.58,6.38,6.42,12486253.0,80772895.0,497845000.0,0.02508060340065683,002412
2024-11-11,6.42,6.48,6.31,6.45,11041262.0,70696725.0,497845000.0,0.02217811166126003,002412
2024-11-12,6.45,6.63,6.4,6.44,14223343.0,92877518.0,497845000.0,0.028569821932529202,002412
2024-11-13,6.44,6.51,6.28,6.4,9848816.0,62894418.0,497845000.0,0.01978289628297964,002412
2024-11-14,6.42,6.45,6.23,6.25,7960230.0,50404342.0,497845000.0,0.015989374202814127,002412
2024-11-15,6.24,6.36,6.16,6.17,6494618.0,40605668.0,497845000.0,0.013045461940965562,002412
2024-11-18,6.21,6.25,6.03,6.07,9664860.0,59463160.0,497845000.0,0.0194133917183059,002412
2024-11-19,6.1,6.19,6.06,6.17,7478369.0,45836638.0,497845000.0,0.015021480581305426,002412
2024-11-20,6.14,6.3,6.14,6.27,6633140.0,41407572.0,497845000.0,0.013323705169279595,002412
2024-11-21,6.29,6.62,6.24,6.42,15918670.0,102464023.0,497845000.0,0.031975152909037956,002412
2024-11-22,6.43,6.45,6.17,6.19,11818503.0,74814374.0,497845000.0,0.02373932247988832,002412
2024-11-25,6.23,6.3,6.14,6.26,7568988.0,47074227.0,497845000.0,0.015203503098353905,002412
2024-11-26,6.26,6.43,6.25,6.31,8765770.0,55715311.0,497845000.0,0.017607428014743545,002412
2024-11-27,6.3,6.39,6.16,6.38,7657600.0,48036754.0,497845000.0,0.015381494240175155,002412
2024-11-28,6.38,6.6,6.38,6.48,11867570.0,77018988.0,497845000.0,0.023837881268266227,002412
2024-11-29,6.44,6.53,6.43,6.48,11276068.0,73198068.0,497845000.0,0.022649756450300797,002412
2024-12-02,6.5,6.58,6.49,6.55,9727830.0,63588962.0,497845000.0,0.01953987686930671,002412
2024-12-03,6.55,6.69,6.51,6.6,11192050.0,73670894.0,497845000.0,0.02248099308017556,002412
2024-12-04,6.58,6.58,6.38,6.4,10096858.0,65311147.0,497845000.0,0.020281127660215528,002412
2024-12-05,6.41,6.52,6.37,6.48,8875220.0,57309283.0,497845000.0,0.017827275557653486,002412
2024-12-06,6.49,6.59,6.44,6.58,7804224.0,50983322.0,497845000.0,0.01567601161003927,002412
2024-12-09,6.65,6.83,6.57,6.64,12484400.0,83459686.0,497845000.0,0.025076881358655805,002412
2024-12-10,6.75,6.8,6.53,6.57,10986680.0,72949211.0,497845000.0,0.022068475127800823,002412
2024-12-11,6.57,6.65,6.55,6.59,6273742.0,41385092.0,497845000.0,0.012601797748295153,002412
2024-12-12,6.62,6.77,6.58,6.74,11439865.0,76583160.0,497845000.0,0.022978768492201387,002412
2024-12-13,6.68,6.76,6.6,6.62,8734250.0,58356019.0,497845000.0,0.017544115136237184,002412
2024-12-16,6.6,6.75,6.58,6.62,7161260.0,47620305.0,497845000.0,0.01438451726943125,002412
2024-12-17,6.62,6.62,6.23,6.26,13261775.0,84275413.0,497845000.0,0.02663836133736404,002412
2024-12-18,6.29,6.3,6.18,6.24,7901290.0,49359310.0,497845000.0,0.01587098394078478,002412
2024-12-19,6.19,6.28,6.12,6.26,6484600.0,40230626.0,497845000.0,0.013025339212003736,002412
2024-12-20,6.26,6.42,6.25,6.36,8160670.0,51571560.0,497845000.0,0.01639198947463568,002412
2024-12-23,6.36,6.38,6.02,6.04,11227910.0,69119460.0,497845000.0,0.022553023531420423,002412
2024-12-24,6.1,6.16,6.02,6.12,6105772.0,37164758.0,497845000.0,0.012264403579427333,002412
2024-12-25,6.15,6.16,5.95,6.05,7050250.0,42440951.0,497845000.0,0.014161536221112997,002412
2024-12-26,6.0,6.08,6.0,6.06,4371800.0,26483369.0,497845000.0,0.008781448041056955,002412
2024-12-27,6.07,6.19,6.03,6.15,6380360.0,39175933.0,497845000.0,0.012815956773694624,002412
2024-12-30,6.12,6.15,6.05,6.13,4682800.0,28555699.0,497845000.0,0.0094061404654059,002412
2024-12-31,6.12,6.18,5.98,6.01,8937437.0,54312073.0,497845000.0,0.017952248189697595,002412
