日期,开盘,最高,最低,收盘,成交量,成交额,outstanding_share,换手率,股票代码
2020-01-02,10.44,10.69,10.24,10.58,20861949.0,219013196.0,484227195.0,0.04308297678324324,002524
2020-01-03,10.5,10.68,10.28,10.38,17920800.0,187411448.0,484227195.0,0.03700907380883472,002524
2020-01-06,11.42,11.42,10.88,10.9,43828161.0,488901861.0,484227195.0,0.0905115645146696,002524
2020-01-07,11.09,11.99,11.02,11.99,49393575.0,579147263.0,484227195.0,0.10200495864343183,002524
2020-01-08,11.99,12.35,11.22,11.67,65213004.0,766535053.0,484227195.0,0.13467439390718236,002524
2020-01-09,11.85,12.15,11.38,11.84,40582470.0,479730207.0,484227195.0,0.08380873775583794,002524
2020-01-10,11.85,11.85,11.3,11.4,28806138.0,330974467.0,484227195.0,0.059488889301229766,002524
2020-01-13,11.31,11.57,11.22,11.45,18605093.0,212504864.0,484227195.0,0.03842223896574004,002524
2020-01-14,11.31,11.43,11.11,11.35,22042820.0,248488967.0,484227195.0,0.04552164815939344,002524
2020-01-15,11.28,11.32,11.02,11.16,15469310.0,172193656.0,484227195.0,0.031946388306422976,002524
2020-01-16,11.18,11.68,11.06,11.29,33240965.0,380549496.0,484227195.0,0.0686474558703792,002524
2020-01-17,11.1,11.39,11.01,11.01,22663444.0,251587438.0,484227195.0,0.046803327516539005,002524
2020-01-20,10.86,10.87,9.91,10.6,32560295.0,338893476.0,484227195.0,0.06724177273851792,002524
2020-01-21,10.66,11.11,10.6,10.6,18784100.0,203060261.0,484227195.0,0.038791914609422135,002524
2020-01-22,10.59,10.59,10.06,10.35,15550200.0,161446920.0,484227195.0,0.032113437990611,002524
2020-01-23,10.35,10.53,9.8,9.94,21055800.0,212519211.0,484227195.0,0.04348330745859906,002524
2020-02-03,8.95,8.95,8.95,8.95,1233300.0,11038035.0,484227195.0,0.0025469449315005943,002524
2020-02-04,8.06,8.76,8.06,8.55,26978110.0,228411898.0,484227195.0,0.05571374404116233,002524
2020-02-05,8.54,9.02,8.45,8.75,23102987.0,203203967.0,484227195.0,0.04771104811657677,002524
2020-02-06,8.81,9.24,8.62,9.01,25121832.0,225489293.0,484227195.0,0.05188025839812652,002524
2020-02-07,8.9,9.07,8.7,8.93,19178104.0,169972309.0,484227195.0,0.039605590512114874,002524
2020-02-10,8.86,9.15,8.8,8.91,20606360.0,183951434.0,484227195.0,0.042555148105632525,002524
2020-02-11,8.96,9.48,8.74,9.19,32871336.0,298296028.0,484227195.0,0.06788411790874323,002524
2020-02-12,9.07,9.19,8.91,9.14,19232020.0,174419171.0,484227195.0,0.03971693494001302,002524
2020-02-13,9.05,9.14,8.86,8.89,16156920.0,144915059.0,484227195.0,0.03336640355360462,002524
2020-02-14,8.92,8.98,8.7,8.78,12717002.0,112430237.0,484227195.0,0.026262469624408435,002524
2020-02-17,8.85,9.47,8.81,9.3,30014918.0,276609609.0,484227195.0,0.06198519684546012,002524
2020-02-18,9.34,9.59,9.28,9.59,25794702.0,244236585.0,484227195.0,0.05326983338884963,002524
2020-02-19,9.54,9.68,9.34,9.35,18241100.0,173156872.0,484227195.0,0.037670540168649555,002524
2020-02-20,9.43,9.55,9.2,9.47,20488216.0,192407687.0,484227195.0,0.04231116346119305,002524
2020-02-21,9.45,9.57,9.34,9.47,19312702.0,182758161.0,484227195.0,0.03988355507377069,002524
2020-02-24,9.34,9.63,9.3,9.49,22357100.0,211859145.0,484227195.0,0.0461706823384837,002524
2020-02-25,9.32,9.33,8.88,9.22,30667812.0,280565740.0,484227195.0,0.06333351847369911,002524
2020-02-26,9.18,9.35,8.98,8.98,22933180.0,209652748.0,484227195.0,0.04736037181885251,002524
2020-02-27,9.04,9.15,8.89,8.96,15216950.0,137434628.0,484227195.0,0.0314252279862142,002524
2020-02-28,8.7,8.91,8.3,8.37,24037804.0,206203488.0,484227195.0,0.049641581985084504,002524
2020-03-02,8.48,8.81,8.43,8.73,14718684.0,127593334.0,484227195.0,0.030396235800015322,002524
2020-03-03,8.89,8.96,8.64,8.65,16610802.0,146118688.0,484227195.0,0.03430373628643472,002524
2020-03-04,8.68,8.79,8.6,8.76,12452012.0,108419616.0,484227195.0,0.025715226506433618,002524
2020-03-05,8.95,9.64,8.81,9.64,49330066.0,462121434.0,484227195.0,0.10187380326708004,002524
2020-03-06,9.47,9.89,9.41,9.45,42253777.0,405800106.0,484227195.0,0.08726023122265986,002524
2020-03-09,9.2,9.37,8.81,8.83,29603395.0,267374327.0,484227195.0,0.061135341644741784,002524
2020-03-10,8.63,8.94,8.41,8.9,18994240.0,165445841.0,484227195.0,0.03922588445285482,002524
2020-03-11,8.99,9.25,8.91,8.93,17584874.0,159882061.0,484227195.0,0.036315337472939746,002524
2020-03-12,8.74,8.85,8.6,8.67,12529274.0,108685822.0,484227195.0,0.025874783839846087,002524
2020-03-13,8.28,8.48,8.11,8.41,17673900.0,146128674.0,484227195.0,0.036499189187422655,002524
2020-03-16,8.47,8.55,7.98,8.0,14804800.0,122275293.0,484227195.0,0.030574077938765914,002524
2020-03-17,8.0,8.15,7.25,7.74,16718702.0,128014911.0,484227195.0,0.034526565572179396,002524
2020-03-18,7.78,8.04,7.57,7.58,12775200.0,99955862.0,484227195.0,0.02638265700876218,002524
2020-03-19,7.59,7.64,7.29,7.53,11555328.0,86410807.0,484227195.0,0.023863442861774834,002524
2020-03-20,7.9,8.16,7.85,7.95,18629253.0,148860779.0,484227195.0,0.03847213290034237,002524
2020-03-23,7.64,8.46,7.64,7.9,17149253.0,138078762.0,484227195.0,0.035415716376689665,002524
2020-03-24,8.02,8.14,7.86,8.06,12701700.0,101886160.0,484227195.0,0.026230868755729424,002524
2020-03-25,8.31,8.33,8.05,8.12,11535300.0,93851968.0,484227195.0,0.023822082111683133,002524
2020-03-26,8.05,8.25,7.97,8.03,8791884.0,71083982.0,484227195.0,0.0181565267105661,002524
2020-03-27,8.12,8.14,7.95,7.97,7421000.0,59776736.0,484227195.0,0.015325450690558592,002524
2020-03-30,7.87,7.89,7.57,7.73,8959400.0,69114959.0,484227195.0,0.018502471758117593,002524
2020-03-31,7.83,7.89,7.63,7.63,6817200.0,52898892.0,484227195.0,0.01407851535476028,002524
2020-04-01,7.62,7.72,7.51,7.63,6130586.0,46910750.0,484227195.0,0.0126605569932932,002524
2020-04-02,7.58,7.95,7.55,7.95,10099453.0,79095834.0,484227195.0,0.02085684799260397,002524
2020-04-03,7.95,8.45,7.88,8.28,20350781.0,167569202.0,484227195.0,0.0420273400794848,002524
2020-04-07,8.35,8.55,8.18,8.38,16974930.0,141770218.0,484227195.0,0.03505571387827567,002524
2020-04-08,8.36,8.47,8.3,8.38,10580274.0,88770764.0,484227195.0,0.021849813701603438,002524
2020-04-09,8.45,8.55,8.35,8.39,10824754.0,91201506.0,484227195.0,0.02235470066897007,002524
2020-04-10,8.43,8.44,8.12,8.18,11165740.0,92612586.0,484227195.0,0.023058886645141854,002524
2020-04-13,8.17,8.37,7.98,8.13,8053204.0,65810375.0,484227195.0,0.01663104444185544,002524
2020-04-14,8.21,8.21,8.0,8.13,9651000.0,77879718.0,484227195.0,0.0199307269390353,002524
2020-04-15,8.18,8.35,8.05,8.05,9867312.0,80824646.0,484227195.0,0.020377442865430143,002524
2020-04-16,8.01,8.09,7.91,8.02,8430901.0,67600318.0,484227195.0,0.01741104400383791,002524
2020-04-17,8.06,8.09,7.9,7.92,8553528.0,68382150.0,484227195.0,0.017664286699139234,002524
2020-04-20,7.92,8.05,7.75,8.04,8819400.0,69632717.0,484227195.0,0.018213351276150445,002524
2020-04-21,8.0,8.1,7.75,7.87,7888185.0,62133920.0,484227195.0,0.016290256064614463,002524
2020-04-22,7.81,7.96,7.73,7.96,6287900.0,49366853.0,484227195.0,0.012985433418294485,002524
2020-04-23,8.0,8.39,7.97,8.11,19291905.0,158074136.0,484227195.0,0.03984060622617447,002524
2020-04-24,8.04,8.1,7.71,7.76,13757655.0,107941255.0,484227195.0,0.028411570316698137,002524
2020-04-27,7.75,8.06,7.6,7.86,11164000.0,87610755.0,484227195.0,0.023055293290580262,002524
2020-04-28,7.85,7.88,7.44,7.59,9350756.0,71442271.0,484227195.0,0.019310679153408557,002524
2020-04-29,7.55,7.64,7.5,7.52,5229944.0,39535516.0,484227195.0,0.010800599499579944,002524
2020-04-30,7.5,7.62,7.31,7.51,10571427.0,79008762.0,484227195.0,0.021831543352289415,002524
2020-05-06,7.42,7.57,7.39,7.54,7207984.0,54093158.0,484227195.0,0.014885541486367778,002524
2020-05-07,7.54,7.59,7.42,7.43,6932397.0,51968369.0,484227195.0,0.014316414013054347,002524
2020-05-08,7.46,7.5,7.4,7.43,6417700.0,47798006.0,484227195.0,0.013253489408004027,002524
2020-05-11,7.44,8.17,7.41,8.17,37448016.0,299854374.0,484227195.0,0.07733563167595327,002524
2020-05-12,8.14,8.25,7.95,8.15,24595977.0,199207471.0,484227195.0,0.050794290890663424,002524
2020-05-13,8.12,8.29,8.05,8.21,19500869.0,159306585.0,484227195.0,0.04027214745755864,002524
2020-05-14,8.13,8.8,8.05,8.63,36223977.0,307363520.0,484227195.0,0.0748078120643348,002524
2020-05-15,8.52,8.65,8.36,8.59,20835986.0,176820091.0,484227195.0,0.04302935938986244,002524
2020-05-18,8.7,9.15,8.62,8.75,27097315.0,240745229.0,484227195.0,0.05595991980582586,002524
2020-05-19,8.79,8.86,8.52,8.6,16208423.0,139744304.0,484227195.0,0.03347276478348144,002524
2020-05-20,8.55,8.97,8.42,8.85,22149316.0,193988427.0,484227195.0,0.04574157797973325,002524
2020-05-21,8.76,8.86,8.35,8.4,16401089.0,140500088.0,484227195.0,0.03387064826047203,002524
2020-05-22,8.44,8.45,8.1,8.13,12626200.0,103969588.0,484227195.0,0.026074950210097144,002524
2020-05-25,8.12,8.33,8.06,8.25,8821633.0,72449528.0,484227195.0,0.01821796274783782,002524
2020-05-26,8.27,8.34,8.2,8.3,8846100.0,73133512.0,484227195.0,0.01826849068235418,002524
2020-05-27,8.26,8.35,8.07,8.1,8529133.0,69725269.0,484227195.0,0.01761390745515646,002524
2020-05-28,8.13,8.75,8.11,8.5,20327063.0,171530133.0,484227195.0,0.04197835893954696,002524
2020-05-29,8.32,8.45,8.22,8.37,15201425.0,126760443.0,484227195.0,0.03139316658991034,002524
2020-06-01,8.43,8.62,8.33,8.6,18992318.0,161239965.0,484227195.0,0.039221915241666676,002524
2020-06-02,8.48,8.49,8.33,8.36,13786302.0,115743241.0,484227195.0,0.028470730562747515,002524
2020-06-03,8.36,8.49,8.18,8.36,12410758.0,103123686.0,484227195.0,0.025630030960983097,002524
2020-06-04,8.29,8.33,8.2,8.27,6834302.0,56411506.0,484227195.0,0.014113833486778866,002524
2020-06-05,8.28,8.68,8.18,8.68,22142573.0,188904958.0,484227195.0,0.045727652698233937,002524
2020-06-08,8.68,9.3,8.53,8.92,31803727.0,283747104.0,484227195.0,0.06567934913279705,002524
2020-06-09,8.86,9.04,8.73,8.9,17265679.0,153293620.0,484227195.0,0.03565615309978615,002524
2020-06-10,8.86,9.62,8.86,9.38,36011593.0,335444292.0,484227195.0,0.07436920803260544,002524
2020-06-11,9.41,9.55,9.08,9.18,28198288.0,261636191.0,484227195.0,0.05823359012291741,002524
2020-06-12,8.98,9.4,8.91,9.37,20812287.0,192791561.0,484227195.0,0.0429804174877043,002524
2020-06-15,9.25,9.31,8.87,8.88,24368396.0,221525473.0,484227195.0,0.05032430283061653,002524
2020-06-16,9.05,9.5,8.99,9.16,19279570.0,177456583.0,484227195.0,0.039815132646566866,002524
2020-06-17,9.14,9.61,9.02,9.46,28535275.0,268637692.0,484227195.0,0.05892951757903643,002524
2020-06-18,9.36,9.43,9.11,9.31,22521800.0,208054510.0,484227195.0,0.04651081193405505,002524
2020-06-19,9.29,9.32,9.04,9.07,21324979.0,195573937.0,484227195.0,0.04403920147442359,002524
2020-06-22,9.1,9.58,8.97,9.57,32195304.0,299884671.0,484227195.0,0.06648801292542027,002524
2020-06-23,9.5,10.23,9.45,10.03,48993376.0,485433790.0,484227195.0,0.10117848915941204,002524
2020-06-24,10.05,11.03,10.05,10.71,71024974.0,765686242.0,484227195.0,0.14667696224702953,002524
2020-06-29,10.61,11.16,10.61,10.82,46384068.0,503895609.0,484227195.0,0.09578988639826394,002524
2020-06-30,10.83,10.95,10.62,10.87,28942990.0,312145068.0,484227195.0,0.059771508702645255,002524
2020-07-01,10.94,10.97,10.1,10.35,36907556.0,388682708.0,484227195.0,0.07621950270678209,002524
2020-07-02,10.5,10.85,10.26,10.53,26416610.0,276760135.0,484227195.0,0.05455416439384409,002524
2020-07-03,10.38,10.59,10.23,10.24,22485804.0,232837608.0,484227195.0,0.04643647492784869,002524
2020-07-06,10.15,10.42,10.15,10.32,31648050.0,326140705.0,484227195.0,0.06535785335228848,002524
2020-07-07,10.36,10.9,10.3,10.74,41164569.0,435009281.0,484227195.0,0.08501085735178504,002524
2020-07-08,10.7,10.81,10.5,10.69,26085285.0,277114119.0,484227195.0,0.05386992979607434,002524
2020-07-09,10.69,11.05,10.48,11.01,38880453.0,419638132.0,484227195.0,0.08029382364615023,002524
2020-07-10,10.9,11.6,10.85,11.13,38449363.0,432871641.0,484227195.0,0.07940355972778439,002524
2020-07-13,11.02,11.64,10.98,11.53,32412461.0,369154232.0,484227195.0,0.06693647390043841,002524
2020-07-14,11.41,12.68,11.35,12.27,67440906.0,824284512.0,484227195.0,0.13927533747872214,002524
2020-07-15,12.0,13.33,12.0,12.82,62644858.0,798912770.0,484227195.0,0.1293707966980252,002524
2020-07-16,12.82,12.98,11.54,11.54,41738238.0,503771560.0,484227195.0,0.08619556776442512,002524
2020-07-17,11.22,11.48,10.4,10.6,37256902.0,400479487.0,484227195.0,0.07694095330601991,002524
2020-07-20,10.74,10.96,10.36,10.92,23575780.0,251376095.0,484227195.0,0.04868743483108172,002524
2020-07-21,10.82,11.19,10.74,10.86,17412529.0,190612169.0,484227195.0,0.035959419833906686,002524
2020-07-22,10.89,11.34,10.69,10.99,27218300.0,300362834.0,484227195.0,0.056209771530902966,002524
2020-07-23,10.82,11.22,10.75,11.13,23543896.0,259588543.0,484227195.0,0.04862158970646,002524
2020-07-24,11.01,11.07,10.02,10.03,33932009.0,352708057.0,484227195.0,0.07007456282995424,002524
2020-07-27,9.99,10.18,9.84,9.98,13162854.0,131533856.0,484227195.0,0.02718321923245141,002524
2020-07-28,10.05,10.22,10.0,10.16,10194700.0,103024004.0,484227195.0,0.021053546982217716,002524
2020-07-29,10.16,11.18,10.02,11.18,29702044.0,320149657.0,484227195.0,0.06133906626206733,002524
2020-07-30,11.2,11.56,11.11,11.3,29280232.0,331340932.0,484227195.0,0.060467962771070714,002524
2020-07-31,11.21,11.57,11.15,11.56,26092938.0,297265759.0,484227195.0,0.05388573436070644,002524
2020-08-03,11.58,12.18,11.42,11.82,28600068.0,338377978.0,484227195.0,0.05906332460323712,002524
2020-08-04,11.97,12.33,11.7,11.89,25558803.0,306072446.0,484227195.0,0.05278266744188129,002524
2020-08-05,11.74,12.09,11.59,11.97,24163219.0,287437398.0,484227195.0,0.04990058230826957,002524
2020-08-06,11.95,12.23,11.69,11.79,20739178.0,246946371.0,484227195.0,0.04282943670687476,002524
2020-08-07,11.75,11.95,11.25,11.54,19957924.0,230146401.0,484227195.0,0.04121603289959788,002524
2020-08-10,11.7,11.7,11.11,11.25,16096958.0,182480721.0,484227195.0,0.0332425732511781,002524
2020-08-11,11.33,12.38,11.26,11.69,43696055.0,526811415.0,484227195.0,0.0902387462975928,002524
2020-08-12,11.48,11.91,10.64,11.03,33243400.0,371883110.0,484227195.0,0.06865248450161912,002524
2020-08-13,11.05,12.13,11.03,11.99,53267101.0,633113899.0,484227195.0,0.11000435652937667,002524
2020-08-14,11.93,12.27,11.86,12.02,34131429.0,411079868.0,484227195.0,0.07048639430505343,002524
2020-08-17,12.06,12.87,11.91,12.64,35981147.0,449524868.0,484227195.0,0.07430633258836278,002524
2020-08-18,12.78,12.83,12.35,12.43,23816345.0,299272370.0,484227195.0,0.04918423675068477,002524
2020-08-19,12.4,12.6,11.91,11.97,20658901.0,251660408.0,484227195.0,0.04266365295736849,002524
2020-08-20,11.91,12.08,11.75,11.88,13841200.0,164807854.0,484227195.0,0.02858410296431203,002524
2020-08-21,11.93,12.11,11.73,12.01,14135488.0,168641308.0,484227195.0,0.029191850738577375,002524
2020-08-24,12.01,12.12,11.41,12.01,15055100.0,178030004.0,484227195.0,0.03109098405759718,002524
2020-08-25,12.26,12.48,11.68,12.38,30293833.0,367790851.0,484227195.0,0.06256119712565916,002524
2020-08-26,12.31,13.24,12.21,12.57,34893302.0,443580897.0,484227195.0,0.07205977351189456,002524
2020-08-27,12.58,12.67,12.04,12.52,21256781.0,263072068.0,484227195.0,0.043898362627072196,002524
2020-08-28,12.5,12.89,12.39,12.68,19340000.0,245795132.0,484227195.0,0.039939929437461684,002524
2020-08-31,12.72,13.46,12.45,13.28,35341980.0,458278381.0,484227195.0,0.07298635922338068,002524
2020-09-01,13.13,13.55,13.03,13.18,22276370.0,295236944.0,484227195.0,0.04600396307770364,002524
2020-09-02,13.24,13.27,12.66,12.84,21114234.0,272691853.0,484227195.0,0.04360398221747955,002524
2020-09-03,12.68,13.53,12.68,13.22,27735341.0,365347347.0,484227195.0,0.05727753683887994,002524
2020-09-04,12.97,13.35,12.77,12.97,18533751.0,241235913.0,484227195.0,0.03827490729842218,002524
2020-09-07,12.97,13.06,12.38,12.41,18448990.0,234215836.0,484227195.0,0.03809986343290777,002524
2020-09-08,12.5,12.63,12.22,12.6,10503402.0,130940680.0,484227195.0,0.021691061775247877,002524
2020-09-09,12.38,12.55,11.34,11.34,28916554.0,339963657.0,484227195.0,0.05971691449506466,002524
2020-09-10,11.2,11.33,10.28,10.57,29330700.0,315804505.0,484227195.0,0.06057218657452727,002524
2020-09-11,10.55,10.76,10.44,10.72,10984313.0,116732241.0,484227195.0,0.022684213347414328,002524
2020-09-14,10.78,10.84,10.46,10.62,9861993.0,104813973.0,484227195.0,0.02036645835226169,002524
2020-09-15,10.6,10.68,10.36,10.4,10962623.0,114832567.0,484227195.0,0.022639420324172415,002524
2020-09-16,10.4,10.43,10.13,10.25,8567219.0,87949555.0,484227195.0,0.01769256061712932,002524
2020-09-17,10.26,10.62,10.15,10.57,10032412.0,104284042.0,484227195.0,0.0207183985195214,002524
2020-09-18,10.5,10.68,10.41,10.63,8032214.0,84895963.0,484227195.0,0.016587697021023366,002524
2020-09-21,10.58,10.69,10.48,10.5,6385650.0,67458361.0,484227195.0,0.013187301469096547,002524
2020-09-22,10.47,10.56,10.31,10.38,5680200.0,59460968.0,484227195.0,0.011730444011927087,002524
2020-09-23,10.4,10.95,10.27,10.58,10026645.0,106537630.0,484227195.0,0.020706488820810654,002524
2020-09-24,10.5,10.6,10.28,10.52,7098480.0,74110763.0,484227195.0,0.014659399705958275,002524
2020-09-25,10.53,10.58,10.36,10.4,3861600.0,40372733.0,484227195.0,0.00797476895117384,002524
2020-09-28,10.42,10.8,10.42,10.57,6866674.0,72813847.0,484227195.0,0.01418068640279487,002524
2020-09-29,10.59,10.95,10.47,10.77,8148353.0,87859244.0,484227195.0,0.01682754104713181,002524
2020-09-30,11.28,11.59,11.01,11.08,17596555.0,198742970.0,484227195.0,0.036339460446867304,002524
2020-10-09,11.25,12.09,11.25,11.88,17363781.0,204172966.0,484227195.0,0.03585874808208572,002524
2020-10-12,11.89,12.26,11.89,12.0,17523700.0,210984507.0,484227195.0,0.0361890042131979,002524
2020-10-13,12.04,12.37,11.92,12.27,13787469.0,167728481.0,484227195.0,0.02847314058847934,002524
2020-10-14,12.21,12.53,12.1,12.26,13253800.0,162455279.0,484227195.0,0.02737103602782987,002524
2020-10-15,12.28,12.35,12.09,12.14,10684369.0,130212730.0,484227195.0,0.022064785105677512,002524
2020-10-16,12.18,12.38,11.95,12.1,10855975.0,132028476.0,484227195.0,0.022419176601595044,002524
2020-10-19,12.3,12.44,12.06,12.12,8964200.0,109600807.0,484227195.0,0.018512384460356465,002524
2020-10-20,12.39,13.33,12.39,12.88,43489806.0,565180229.0,484227195.0,0.0898128119384125,002524
2020-10-21,13.0,13.32,12.52,12.53,21568799.0,275953737.0,484227195.0,0.04454272544523238,002524
2020-10-22,12.42,12.53,11.6,11.63,24209100.0,287954764.0,484227195.0,0.049995333285649105,002524
2020-10-23,11.81,11.96,11.48,11.65,15863573.0,186045732.0,484227195.0,0.03276059908200736,002524
2020-10-26,11.55,11.78,11.29,11.49,13541100.0,155925108.0,484227195.0,0.027964352559752454,002524
2020-10-27,11.52,12.64,11.42,12.64,35766427.0,444473311.0,484227195.0,0.07386290437487716,002524
2020-10-28,12.93,13.55,12.78,13.26,50022355.0,658335529.0,484227195.0,0.10330348133379828,002524
2020-10-29,13.27,13.99,13.15,13.4,44979524.0,610338305.0,484227195.0,0.09288929755380633,002524
2020-10-30,13.67,13.7,12.98,12.98,31832677.0,424606976.0,484227195.0,0.06573913511817527,002524
2020-11-02,13.12,14.1,13.08,13.77,40785066.0,555566790.0,484227195.0,0.0842271281355852,002524
2020-11-03,13.77,15.15,13.65,15.15,48266875.0,708254810.0,484227195.0,0.09967815830748622,002524
2020-11-04,15.38,16.67,15.21,16.67,57210541.0,915056712.0,484227195.0,0.1181481370537233,002524
2020-11-05,17.56,18.34,17.0,17.9,95757771.0,1696869613.0,484227195.0,0.19775380645442683,002524
2020-11-06,18.36,18.85,17.42,17.83,84871440.0,1537032713.0,484227195.0,0.1752719402717561,002524
2020-11-09,18.11,18.24,17.18,17.66,76412613.0,1354177062.0,484227195.0,0.15780322499235094,002524
2020-11-10,17.66,17.66,16.0,16.29,67374791.0,1117061403.0,484227195.0,0.13913880033111317,002524
2020-11-11,16.5,16.5,15.47,15.5,50924550.0,811824836.0,484227195.0,0.10516664599971508,002524
2020-11-12,15.8,15.85,15.18,15.47,37331460.0,575477749.0,484227195.0,0.07709492648383783,002524
2020-11-13,15.33,15.42,14.96,15.16,28041708.0,425526223.0,484227195.0,0.05791022951530015,002524
2020-11-16,15.22,15.47,14.93,15.1,33368200.0,506651170.0,484227195.0,0.06891021475982984,002524
2020-11-17,15.0,15.09,14.41,14.7,36092523.0,531332006.0,484227195.0,0.07453634032264544,002524
2020-11-18,14.64,14.82,14.16,14.37,29994704.0,431994843.0,484227195.0,0.061943451978156656,002524
2020-11-19,14.46,15.39,14.16,14.88,52131041.0,771501667.0,484227195.0,0.10765822642406525,002524
2020-11-20,14.66,14.99,14.54,14.58,27826003.0,410245082.0,484227195.0,0.05746476713270927,002524
2020-11-23,14.45,14.52,13.6,14.13,31758797.0,444304589.0,484227195.0,0.0655865621095486,002524
2020-11-24,14.14,14.41,13.92,14.19,19346290.0,274236988.0,484227195.0,0.03995291920768721,002524
2020-11-25,14.02,14.15,13.6,13.61,21410900.0,295481812.0,487564515.0,0.043913983362796616,002524
2020-11-26,13.66,14.08,13.56,13.75,16403541.0,225991723.0,487564515.0,0.033643836857159305,002524
2020-11-27,13.74,13.93,13.62,13.88,11358100.0,156491923.0,487564515.0,0.023295583764950573,002524
2020-11-30,13.84,13.84,13.48,13.55,14188230.0,193354708.0,487564515.0,0.029100210461378635,002524
2020-12-01,13.48,14.41,13.48,13.84,27201246.0,380874936.0,487564515.0,0.05579004452364627,002524
2020-12-02,13.75,13.86,13.53,13.53,16769129.0,228762677.0,487564515.0,0.034393661729053435,002524
2020-12-03,13.52,13.93,13.32,13.91,20590176.0,282289151.0,487564515.0,0.04223066971967802,002524
2020-12-04,13.78,14.38,13.74,14.3,23632066.0,332847892.0,487564515.0,0.048469618425778994,002524
2020-12-07,14.17,14.3,14.01,14.07,13637607.0,192582490.0,487564515.0,0.02797087683872974,002524
2020-12-08,14.06,14.07,13.23,13.67,22735667.0,309465828.0,487564515.0,0.046631094553712546,002524
2020-12-09,13.61,13.8,13.33,13.39,13651657.0,185141267.0,487564515.0,0.027999693537992608,002524
2020-12-10,13.39,14.73,13.25,14.73,54343114.0,780735124.0,487564515.0,0.11145830413847899,002524
2020-12-11,14.73,15.54,14.52,15.09,58304095.0,878653511.0,487564515.0,0.11958231824971922,002524
2020-12-14,14.93,15.1,14.25,15.04,35426463.0,523193556.0,487564515.0,0.0726600519728143,002524
2020-12-15,15.0,15.75,14.8,15.0,39498348.0,600746147.0,487564515.0,0.08101153136626442,002524
2020-12-16,14.97,16.5,14.64,16.02,66904566.0,1066874694.0,487564515.0,0.13722197563947,002524
2020-12-17,15.62,15.96,15.4,15.67,41974439.0,656492209.0,487564515.0,0.08609002031249137,002524
2020-12-18,15.51,15.69,14.95,15.25,30463082.0,465908329.0,487564515.0,0.0624801048123857,002524
2020-12-21,15.05,15.31,14.79,15.12,23828202.0,359131130.0,487564515.0,0.048871895445467356,002524
2020-12-22,15.09,15.47,14.06,14.19,37019670.0,544198856.0,487564515.0,0.07592773645555399,002524
2020-12-23,14.03,14.67,13.86,14.55,22586117.0,323887479.0,487564515.0,0.046324365914939485,002524
2020-12-24,14.46,14.48,13.91,14.12,18692067.0,264780808.0,487564515.0,0.03833762799575355,002524
2020-12-25,14.22,14.69,13.75,13.95,22206405.0,314845716.0,487564515.0,0.04554557256899633,002524
2020-12-28,14.2,14.75,13.81,14.56,26534310.0,380887527.0,487564515.0,0.05442215170232395,002524
2020-12-29,14.5,14.74,14.06,14.1,18321186.0,262363259.0,487564515.0,0.03757694712462822,002524
2020-12-30,13.9,14.22,13.73,13.95,13576635.0,189816731.0,487564515.0,0.027845822618982025,002524
2020-12-31,13.99,15.05,13.99,14.36,22705642.0,330812252.0,487564515.0,0.04656951295973621,002524
2021-01-04,13.81,14.15,13.66,14.06,27241449.0,378880241.0,487564515.0,0.055872501303750544,002524
2021-01-05,13.9,14.23,13.63,13.81,23230547.0,322040437.0,487564515.0,0.047646098691165005,002524
2021-01-06,13.8,13.88,13.08,13.3,22286054.0,299976033.0,487564515.0,0.04570893351416273,002524
2021-01-07,13.3,13.3,12.18,12.4,31778154.0,398991503.0,487564515.0,0.06517733145530495,002524
2021-01-08,12.28,12.57,11.9,12.31,15362188.0,187912726.0,487564515.0,0.031508010791146276,002524
2021-01-11,12.1,12.23,11.43,11.46,24777978.0,291574484.0,487564515.0,0.050819896111594584,002524
2021-01-12,11.53,11.85,11.32,11.54,16512869.0,190589505.0,487564515.0,0.03386806974662625,002524
2021-01-13,11.49,11.62,11.0,11.17,19329329.0,216510042.0,487564515.0,0.03964465912782845,002524
2021-01-14,11.03,11.24,10.79,10.87,15400103.0,169248662.0,487564515.0,0.03158577485894354,002524
2021-01-15,10.95,11.55,10.9,11.18,18343752.0,206211668.0,487564515.0,0.03762323023036244,002524
2021-01-18,11.05,11.86,11.05,11.66,16128042.0,186859400.0,487564515.0,0.033078785481342916,002524
2021-01-19,11.88,12.23,11.71,11.83,15078620.0,179652010.0,487564515.0,0.03092640981060732,002524
2021-01-20,11.72,12.28,11.63,12.15,14177390.0,171111666.0,487564515.0,0.02907797750621782,002524
2021-01-21,12.15,12.3,11.84,11.97,13262344.0,158746681.0,487564515.0,0.027201208439051393,002524
2021-01-22,11.88,12.08,11.48,11.56,21966601.0,256306183.0,487564515.0,0.045053732017392614,002524
2021-01-25,11.5,11.85,11.2,11.7,18283655.0,212923182.0,487564515.0,0.037499970644910445,002524
2021-01-26,11.79,11.79,11.18,11.2,13282796.0,150518797.0,487564515.0,0.027243155708327135,002524
2021-01-27,11.2,11.44,11.1,11.38,10875345.0,122980966.0,487564515.0,0.022305448131310378,002524
2021-01-28,11.21,11.38,10.95,11.0,9049904.0,100824077.0,487564515.0,0.01856144924738832,002524
2021-01-29,11.01,11.13,10.41,10.61,13129903.0,140408189.0,487564515.0,0.026929570541039068,002524
2021-02-01,10.63,11.2,10.62,11.11,9864695.0,108261954.0,487564515.0,0.02023259424447655,002524
2021-02-02,11.21,11.22,10.94,11.18,7794652.0,86370730.0,487564515.0,0.015986914059978298,002524
2021-02-03,11.12,11.18,10.77,10.9,9307400.0,101707386.0,487564515.0,0.019089576278946387,002524
2021-02-04,10.72,10.92,10.33,10.56,10529000.0,111187295.0,487564515.0,0.02159509085684794,002524
2021-02-05,10.64,10.74,10.07,10.1,10146515.0,104738717.0,487564515.0,0.02081061005844529,002524
2021-02-08,10.19,10.67,10.19,10.49,11756761.0,123024356.0,487564515.0,0.024113241711202056,002524
2021-02-09,10.5,10.91,10.36,10.79,12116500.0,128594370.0,487564515.0,0.024851070221958215,002524
2021-02-10,10.8,11.87,10.8,11.42,29414102.0,339542580.0,487564515.0,0.060328635688345775,002524
2021-02-18,11.45,11.87,11.33,11.65,22821807.0,265214062.0,487564515.0,0.046807768608837334,002524
2021-02-19,11.75,12.08,11.66,11.77,18193365.0,215204528.0,487564515.0,0.03731478489569734,002524
2021-02-22,11.79,12.05,11.52,11.52,18318553.0,216261274.0,487564515.0,0.037571546813656036,002524
2021-02-23,11.53,11.66,11.34,11.45,11442202.0,131589908.0,487564515.0,0.023468077860424277,002524
2021-02-24,11.45,11.9,11.3,11.44,16200778.0,186803544.0,487564515.0,0.033227967790067744,002524
2021-02-25,11.53,11.55,10.9,10.93,15619783.0,174059852.0,492345760.0,0.03172523106525788,002524
2021-02-26,10.61,11.08,10.53,10.97,9183834.0,99963737.0,492345760.0,0.01865322045222853,002524
2021-03-01,11.02,11.18,11.01,11.15,7181692.0,79611594.0,492345760.0,0.01458668395966282,002524
2021-03-02,11.15,11.18,10.7,10.8,9143210.0,99328110.0,492345760.0,0.018570709332400872,002524
2021-03-03,10.81,11.01,10.65,10.97,8035077.0,86933467.0,492345760.0,0.016319988213161416,002524
2021-03-04,10.91,10.93,10.61,10.64,7443504.0,79976279.0,492345760.0,0.015118448465972368,002524
2021-03-05,10.6,10.9,10.53,10.77,6658649.0,71485405.0,492345760.0,0.013524335012045193,002524
2021-03-08,10.8,10.98,10.44,10.47,9485341.0,101525444.0,492345760.0,0.01926560919301915,002524
2021-03-09,10.53,10.53,9.87,10.03,10473600.0,106661195.0,492345760.0,0.02127285507648121,002524
2021-03-10,10.18,10.26,9.99,10.06,6596800.0,66452594.0,492345760.0,0.013398713944444246,002524
2021-03-11,10.06,10.19,9.92,10.18,6188900.0,62584487.0,492345760.0,0.012570231131877727,002524
2021-03-12,10.28,10.34,10.02,10.1,6480200.0,65551503.0,492345760.0,0.013161888506971198,002524
2021-03-15,10.05,10.1,9.89,9.92,6541466.0,65047589.0,492345760.0,0.01328632544738478,002524
2021-03-16,10.09,10.25,9.98,10.1,7804325.0,78750693.0,492345760.0,0.01585130945374649,002524
2021-03-17,10.05,10.29,9.98,10.22,7436002.0,75568026.0,492345760.0,0.015103211206693442,002524
2021-03-18,10.2,10.48,10.15,10.4,9134690.0,94570654.0,492345760.0,0.018553404420503183,002524
2021-03-19,10.32,10.63,10.26,10.39,9199422.0,96163931.0,492345760.0,0.018684881129066695,002524
2021-03-22,10.34,10.42,10.16,10.31,6660100.0,68470082.0,492345760.0,0.013527282127909459,002524
2021-03-23,10.33,10.34,10.04,10.07,7395946.0,74860097.0,492345760.0,0.015021853747658962,002524
2021-03-24,10.04,10.15,9.99,10.09,4534901.0,45723891.0,492345760.0,0.00921080543072007,002524
2021-03-25,10.06,10.06,9.88,9.98,5481800.0,54661000.0,492345760.0,0.01113404530994641,002524
2021-03-26,10.07,10.15,9.93,10.11,5519991.0,55466420.0,492345760.0,0.011211614780637088,002524
2021-03-29,10.12,11.12,10.08,10.72,17291190.0,183857801.0,492345760.0,0.035120014032414944,002524
2021-03-30,10.65,10.97,10.46,10.8,16088085.0,173169960.0,492345760.0,0.03267639595393286,002524
2021-03-31,10.8,10.88,10.52,10.56,9879400.0,105463278.0,492345760.0,0.02006597964812371,002524
2021-04-01,10.6,11.37,10.47,11.12,19569502.0,214004328.0,492345760.0,0.03974747746380511,002524
2021-04-02,11.17,11.31,10.91,11.01,12061330.0,133683142.0,492345760.0,0.02449768227921776,002524
2021-04-06,10.93,11.08,10.81,10.9,6929002.0,75720578.0,492345760.0,0.014073447083204292,002524
2021-04-07,10.9,10.9,10.6,10.75,8538005.0,91625848.0,492345760.0,0.017341481726175525,002524
2021-04-08,10.72,11.15,10.66,11.15,13855382.0,151914111.0,492345760.0,0.028141568640704856,002524
2021-04-09,11.15,11.32,10.93,11.02,10102447.0,112018689.0,492345760.0,0.020519008836391725,002524
2021-04-12,10.93,11.02,10.58,10.62,9190001.0,98911881.0,492345760.0,0.018665746202424897,002524
2021-04-13,10.64,11.33,10.58,11.02,12113701.0,133193686.0,492345760.0,0.024604052647879,002524
2021-04-14,10.99,11.55,10.9,11.46,19481697.0,220996184.0,492345760.0,0.03956913734770459,002524
2021-04-15,11.22,11.54,11.15,11.42,15580716.0,176724996.0,492345760.0,0.031645882357146736,002524
2021-04-16,11.62,12.56,11.3,12.56,32730869.0,394917835.0,492345760.0,0.06647943713377363,002524
2021-04-19,12.7,13.29,12.25,12.33,46276603.0,584024274.0,492345760.0,0.09399208190601661,002524
2021-04-20,12.2,13.29,12.15,13.07,42834581.0,549691593.0,492345760.0,0.08700101530274172,002524
2021-04-21,12.8,13.5,12.71,13.01,35440823.0,464407950.0,492345760.0,0.07198360558644802,002524
2021-04-22,13.0,13.8,12.86,13.39,33005536.0,439727683.0,492345760.0,0.06703731133990064,002524
2021-04-23,13.18,13.9,13.11,13.28,34567582.0,467540473.0,492345760.0,0.07020997195141886,002524
2021-04-26,13.2,13.53,12.63,12.8,32613331.0,425163880.0,492345760.0,0.06624070653111748,002524
2021-04-27,12.8,13.15,12.62,13.03,22901581.0,295767081.0,492345760.0,0.046515239615346746,002524
2021-04-28,12.88,12.96,12.2,12.71,27516520.0,346983818.0,492345760.0,0.05588860966325779,002524
2021-04-29,12.68,13.1,12.38,12.41,22234310.0,282904977.0,492345760.0,0.04515995019435122,002524
2021-04-30,12.84,13.65,12.64,13.65,23087585.0,306795890.0,492345760.0,0.04689303102762579,002524
2021-05-06,14.08,14.98,13.69,13.96,60699859.0,856848387.0,492345760.0,0.12328705542218948,002524
2021-05-07,13.88,13.92,13.02,13.06,35347930.0,470527605.0,492345760.0,0.07179493126943959,002524
2021-05-10,13.06,13.39,12.8,13.18,22391255.0,293355132.0,492345760.0,0.04547872007672007,002524
2021-05-11,13.01,13.65,12.6,13.47,31333462.0,414567077.0,492345760.0,0.06364117363374877,002524
2021-05-12,13.35,14.55,13.25,14.23,43921277.0,610450196.0,492345760.0,0.08920819588250338,002524
2021-05-13,13.98,14.58,13.82,14.07,32984675.0,466860694.0,492345760.0,0.06699494070995961,002524
2021-05-14,14.16,15.05,14.02,14.27,34340179.0,497669714.0,492345760.0,0.0697480953222792,002524
2021-05-17,14.15,15.5,14.13,14.99,40535816.0,601528962.0,492345760.0,0.08233200992733238,002524
2021-05-18,14.76,15.45,14.64,15.33,34806036.0,525351410.0,492345760.0,0.07069429418870186,002524
2021-05-19,15.53,15.67,14.9,15.33,37820521.0,579563734.0,492345760.0,0.07681699340723479,002524
2021-05-20,15.01,15.55,14.8,14.8,32301668.0,487346698.0,492345760.0,0.06560769001036995,002524
2021-05-21,14.7,15.15,14.6,14.78,24533000.0,365419973.0,492345760.0,0.04982880323778964,002524
2021-05-24,14.86,15.18,14.71,14.83,19236600.0,287132557.0,492345760.0,0.03907132255998305,002524
2021-05-25,14.8,15.05,14.29,14.88,28218304.0,415700822.0,492345760.0,0.05731399819508957,002524
2021-05-26,14.75,14.99,14.49,14.6,20986204.0,307998431.0,492345760.0,0.042624930902217986,002524
2021-05-27,14.52,14.82,14.35,14.59,20244647.0,296193403.0,492345760.0,0.04111875971065537,002524
2021-05-28,14.56,14.98,14.39,14.5,21918300.0,321555625.0,492345760.0,0.04451810451256857,002524
2021-05-31,14.5,15.15,14.27,15.1,31578098.0,465631095.0,492345760.0,0.06413805208762233,002524
2021-06-01,14.95,15.04,14.45,14.71,24256154.0,356936829.0,492345760.0,0.049266503280133864,002524
2021-06-02,14.57,14.68,13.31,13.32,43709259.0,604099314.0,492345760.0,0.08877756761833391,002524
2021-06-03,13.24,13.65,13.21,13.28,17186297.0,230119128.0,492345760.0,0.034906966600057654,002524
2021-06-04,13.28,13.56,12.9,13.32,14113791.0,187638908.0,492345760.0,0.02866642133772006,002524
2021-06-07,13.22,13.96,13.15,13.82,19334891.0,263602334.0,492345760.0,0.03927096071671258,002524
2021-06-08,13.8,14.12,13.7,13.82,14486680.0,201158909.0,492345760.0,0.029423793555163346,002524
2021-06-09,13.75,14.05,13.63,13.77,10057400.0,138859538.0,492345760.0,0.02042751419246507,002524
2021-06-10,13.8,13.85,13.48,13.59,11038550.0,150244654.0,492345760.0,0.02242032103617588,002524
2021-06-11,13.59,13.67,13.3,13.41,10245400.0,138045131.0,492345760.0,0.020809359666263808,002524
2021-06-15,13.42,14.08,13.16,13.73,18630702.0,253457399.0,492345760.0,0.0378406874063463,002524
2021-06-16,13.67,13.74,13.03,13.11,14052962.0,187103252.0,492345760.0,0.028542871984923765,002524
2021-06-17,13.17,13.68,13.12,13.48,12504451.0,168404303.0,492345760.0,0.025397702216426114,002524
2021-06-18,13.56,13.7,13.3,13.49,11381800.0,153508463.0,492345760.0,0.023117493689800435,002524
2021-06-21,13.4,13.98,13.26,13.8,16983790.0,233768473.0,492345760.0,0.034495656060895094,002524
2021-06-22,13.85,14.47,13.78,14.36,24638302.0,351435309.0,492345760.0,0.05004268138716174,002524
2021-06-23,14.32,14.57,14.11,14.36,18971446.0,272195891.0,492345760.0,0.03853277014104884,002524
2021-06-24,14.39,14.99,14.27,14.41,24880600.0,364666465.0,492345760.0,0.05053481114572816,002524
2021-06-25,14.3,15.09,14.2,14.8,28923422.0,427084580.0,492345760.0,0.05874615839080243,002524
2021-06-28,14.91,14.92,14.63,14.75,18501119.0,272825588.0,492345760.0,0.03757749228915874,002524
2021-06-29,14.69,15.0,14.41,14.47,16715300.0,244482449.0,492345760.0,0.033950327915893905,002524
2021-06-30,14.53,15.43,14.45,14.93,31031638.0,466216789.0,492345760.0,0.06302814103649436,002524
2021-07-01,15.0,15.13,14.44,14.49,18583094.0,274442965.0,492345760.0,0.03774399113338561,002524
2021-07-02,14.41,14.45,14.1,14.39,15489898.0,220980054.0,492345760.0,0.031461422558000704,002524
2021-07-05,14.22,14.35,13.71,14.08,19243032.0,269584305.0,492345760.0,0.039084386549810037,002524
2021-07-06,14.03,14.21,13.45,13.64,18060400.0,248008672.0,492345760.0,0.036682351037206046,002524
2021-07-07,13.56,13.95,13.4,13.74,11926900.0,164092361.0,492345760.0,0.024224642454522206,002524
2021-07-08,13.73,13.79,13.32,13.33,12885860.0,173766611.0,492345760.0,0.026172379345767088,002524
2021-07-09,13.3,13.48,13.08,13.41,10474600.0,139406894.0,492345760.0,0.021274886169426948,002524
2021-07-12,13.41,13.64,13.34,13.49,10726400.0,144679443.0,492345760.0,0.02178631537316377,002524
2021-07-13,13.49,13.67,13.24,13.6,11792823.0,158668137.0,492345760.0,0.023952319605636496,002524
2021-07-14,13.58,13.87,13.39,13.65,13911113.0,189850263.0,492345760.0,0.02825476348166378,002524
2021-07-15,13.75,13.99,13.27,13.4,14158493.0,191357416.0,492345760.0,0.02875721525458044,002524
2021-07-16,13.28,13.29,12.8,12.86,20036414.0,259455846.0,492345760.0,0.040695819133285516,002524
2021-07-19,12.71,13.11,12.43,13.07,11214000.0,143866262.0,492345760.0,0.022776676293505604,002524
2021-07-20,12.95,13.21,12.85,13.1,7388700.0,96145392.0,492345760.0,0.015007136448174144,002524
2021-07-21,13.08,13.18,12.94,12.99,7639300.0,99422937.0,492345760.0,0.01551612834037608,002524
2021-07-22,12.99,13.06,12.78,12.83,7853700.0,101063812.0,492345760.0,0.0159515946679423,002524
2021-07-23,12.83,12.83,12.28,12.42,11227819.0,140498507.0,492345760.0,0.022804743966922756,002524
2021-07-26,12.2,12.2,11.28,11.53,19238746.0,225238742.0,492345760.0,0.039075681285444606,002524
2021-07-27,11.45,11.73,11.04,11.11,12057198.0,137303660.0,492345760.0,0.02448928980316597,002524
2021-07-28,11.08,11.28,10.68,11.15,9821800.0,108508851.0,492345760.0,0.0199489886944492,002524
2021-07-29,11.3,11.49,11.2,11.24,9133400.0,103303814.0,492345760.0,0.018550784310603183,002524
2021-07-30,11.21,11.46,11.02,11.39,10034420.0,112934622.0,492345760.0,0.020380839676572008,002524
2021-08-02,11.3,11.65,11.0,11.57,11010700.0,125049814.0,492345760.0,0.022363755097637075,002524
2021-08-03,11.5,11.74,11.42,11.52,8493300.0,98295295.0,492345760.0,0.017250681716036307,002524
2021-08-04,11.41,11.49,11.28,11.37,8609800.0,97783430.0,492345760.0,0.01748730404421478,002524
2021-08-05,11.28,11.42,11.15,11.23,5897700.0,66425923.0,492345760.0,0.01197877686607883,002524
2021-08-06,11.23,11.37,11.06,11.32,6779648.0,75758576.0,492345760.0,0.013770095227386543,002524
2021-08-09,11.16,11.38,11.16,11.37,6009800.0,67989838.0,492345760.0,0.012206462385296057,002524
2021-08-10,11.35,11.67,11.3,11.62,9315429.0,107188654.0,492345760.0,0.01892050212842292,002524
2021-08-11,11.56,11.6,11.31,11.35,7751100.0,88554880.0,492345760.0,0.015743204531709586,002524
2021-08-12,11.3,11.43,11.23,11.24,5687810.0,64193335.0,492345760.0,0.011552470767697888,002524
2021-08-13,11.26,11.28,11.08,11.15,5906200.0,65969164.0,492345760.0,0.011996041156117604,002524
2021-08-16,11.15,11.39,11.11,11.31,8849100.0,99498324.0,492345760.0,0.017973344586129876,002524
2021-08-17,11.3,11.3,10.87,10.87,9475700.0,104683906.0,492345760.0,0.01924602742592929,002524
2021-08-18,10.86,11.06,10.85,11.02,4326300.0,47434861.0,492345760.0,0.008787117411146184,002524
2021-08-19,11.08,11.08,10.85,10.87,4725702.0,51579487.0,492345760.0,0.00959833999585982,002524
2021-08-20,10.87,10.91,10.45,10.69,7085300.0,75172371.0,492345760.0,0.014390902848437245,002524
2021-08-23,10.6,10.92,10.6,10.87,6001747.0,64957999.0,492345760.0,0.012190105993804028,002524
2021-08-24,10.84,10.96,10.83,10.9,4993691.0,54429133.0,492345760.0,0.010142650563295193,002524
2021-08-25,10.9,11.26,10.84,11.1,9416700.0,104339192.0,492345760.0,0.01912619294213075,002524
2021-08-26,11.11,11.16,10.74,10.78,7679600.0,83593940.0,492345760.0,0.01559798138608932,002524
2021-08-27,10.75,10.83,10.52,10.57,6196591.0,65862830.0,492345760.0,0.012585852267723399,002524
2021-08-30,10.55,10.55,10.11,10.17,9959980.0,102536169.0,492345760.0,0.020229645117691274,002524
2021-08-31,10.18,10.3,10.05,10.23,6293184.0,64014421.0,492345760.0,0.012782041628631067,002524
2021-09-01,10.23,10.46,10.11,10.4,7236938.0,74707199.0,492345760.0,0.014698893720543059,002524
2021-09-02,10.4,10.86,10.36,10.69,10421500.0,111441699.0,492345760.0,0.021167035134008264,002524
2021-09-03,10.69,10.76,10.53,10.58,5958500.0,63242303.0,492345760.0,0.012102267317179699,002524
2021-09-06,10.57,11.08,10.48,10.93,10812300.0,117135063.0,492345760.0,0.02196078625720266,002524
2021-09-07,10.88,10.99,10.73,10.82,8005500.0,86607293.0,492345760.0,0.016259914577105326,002524
2021-09-08,10.82,10.88,10.69,10.79,6366006.0,68482900.0,492345760.0,0.012929949879125597,002524
2021-09-09,10.82,10.91,10.66,10.72,6042600.0,65023402.0,492345760.0,0.012273082233916262,002524
2021-09-10,10.66,10.78,10.58,10.66,6137019.0,65358931.0,492345760.0,0.012464855998759896,002524
2021-09-13,10.66,11.11,10.65,11.09,13389919.0,146160527.0,492345760.0,0.027196170024902825,002524
2021-09-14,11.29,11.29,10.67,10.68,11621105.0,126411538.0,492345760.0,0.02360354438718026,002524
2021-09-15,10.58,10.61,10.26,10.28,9560382.0,99025541.0,492345760.0,0.019418024438760274,002524
2021-09-16,10.29,11.09,10.29,10.77,15719998.0,169936765.0,492345760.0,0.03192877704481501,002524
2021-09-17,10.76,11.64,10.58,11.57,30575375.0,344369077.0,492345760.0,0.062101428475793106,002524
2021-09-22,11.2,11.67,11.2,11.57,23318695.0,267814656.0,492345760.0,0.04736243691831529,002524
2021-09-23,11.46,11.64,11.33,11.38,12616497.0,144251058.0,492345760.0,0.025625278056624273,002524
2021-09-24,11.39,11.64,11.31,11.53,13664092.0,157665124.0,492345760.0,0.027753040871114642,002524
2021-09-27,11.53,12.1,11.22,11.77,19994616.0,234044859.0,492345760.0,0.04061092351033956,002524
2021-09-28,11.67,11.7,11.03,11.04,16282819.0,182820680.0,492345760.0,0.0330719188076282,002524
2021-09-29,10.97,11.04,10.28,10.36,15742300.0,165715342.0,492345760.0,0.031974074479690855,002524
2021-09-30,10.36,10.54,10.14,10.5,8867671.0,91928951.0,492345760.0,0.018011064013225178,002524
2021-10-08,10.5,10.89,10.48,10.75,8601500.0,92270644.0,492345760.0,0.017470445972765154,002524
2021-10-11,10.74,10.89,10.59,10.66,6502100.0,69658809.0,492345760.0,0.01320636944248286,002524
2021-10-12,10.61,11.05,10.49,10.74,10170539.0,109598657.0,492345760.0,0.020657310017252916,002524
2021-10-13,10.7,11.02,10.62,10.95,9757200.0,106332195.0,492345760.0,0.01981778009015453,002524
2021-10-14,10.93,10.95,10.55,10.65,9451000.0,101065618.0,492345760.0,0.019195859430169562,002524
2021-10-15,10.47,10.47,9.59,9.76,29675945.0,295848483.0,492345760.0,0.060274602547608004,002524
2021-10-18,9.68,9.68,9.3,9.53,11677905.0,109815862.0,492345760.0,0.02371891046649818,002524
2021-10-19,9.48,9.67,9.38,9.65,6730000.0,64640430.0,492345760.0,0.013669255524816544,002524
2021-10-20,9.65,9.83,9.45,9.76,7537418.0,72674535.0,492345760.0,0.015309196528878405,002524
2021-10-21,9.7,9.94,9.66,9.86,7355000.0,72339985.0,492345760.0,0.014938688615902775,002524
2021-10-22,9.77,9.98,9.72,9.78,5096400.0,50117227.0,492345760.0,0.010351262088658995,002524
2021-10-25,9.72,9.88,9.7,9.77,4847794.0,47398847.0,492345760.0,0.00984632019579086,002524
2021-10-26,9.78,9.79,9.57,9.61,6026555.0,58073071.0,492345760.0,0.012240493347601897,002524
2021-10-27,9.58,9.58,9.3,9.51,6617700.0,62361505.0,492345760.0,0.01344116378701017,002524
2021-10-28,9.45,9.53,9.18,9.2,6369975.0,59343247.0,492345760.0,0.012938011287027231,002524
2021-10-29,9.21,9.38,9.13,9.34,4430044.0,41150528.0,492345760.0,0.008997831117708823,002524
2021-11-01,9.34,9.46,9.23,9.36,3691369.0,34489580.0,492345760.0,0.007497513536015828,002524
2021-11-02,9.32,9.42,8.96,9.02,6709834.0,61511397.0,492345760.0,0.013628296504472791,002524
2021-11-03,9.02,9.32,9.01,9.31,5472882.0,50485497.0,492345760.0,0.011115932023056318,002524
2021-11-04,9.33,9.4,9.21,9.33,4463400.0,41472515.0,492345760.0,0.009065580254006859,002524
2021-11-05,9.35,9.35,9.27,9.31,2522092.0,23484108.0,492345760.0,0.00512260326970217,002524
2021-11-08,9.26,9.29,8.78,9.24,3497100.0,31884941.0,492345760.0,0.007102935140540258,002524
2021-11-09,9.26,9.53,9.17,9.38,4670819.0,43966644.0,492345760.0,0.009486867521718883,002524
2021-11-10,9.37,9.42,9.18,9.33,3243700.0,30157467.0,492345760.0,0.006588256188090256,002524
2021-11-11,9.34,9.37,9.28,9.34,2517800.0,23477379.0,492345760.0,0.005113885818779063,002524
2021-11-12,9.32,9.4,9.25,9.36,3030800.0,28275033.0,492345760.0,0.006155836499942642,002524
2021-11-15,9.28,9.6,9.26,9.55,5722100.0,54399697.0,492345760.0,0.011622116944807243,002524
2021-11-16,9.59,9.74,9.52,9.65,6036400.0,58329719.0,492345760.0,0.012260489457652688,002524
2021-11-17,9.61,9.78,9.51,9.61,6936052.0,66886433.0,492345760.0,0.014087766288471745,002524
2021-11-18,9.61,9.61,9.32,9.35,5243400.0,49352858.0,492345760.0,0.010649832751682476,002524
2021-11-19,9.35,9.38,9.25,9.33,3995300.0,37181354.0,492345760.0,0.008114825646106915,002524
2021-11-22,9.33,9.35,9.23,9.31,3979709.0,36945041.0,492345760.0,0.008083158875989914,002524
2021-11-23,9.28,9.35,9.26,9.29,3005300.0,27916415.0,492345760.0,0.006104043629826324,002524
2021-11-24,9.27,9.33,9.21,9.26,3811400.0,35256511.0,492345760.0,0.007741307653385702,002524
2021-11-25,9.3,9.55,9.27,9.48,7770000.0,73532760.0,492345760.0,0.015781592188384035,002524
2021-11-26,9.5,9.56,9.26,9.27,5558800.0,51940900.0,492345760.0,0.011290439466768233,002524
2021-11-29,9.15,9.29,9.1,9.13,4131216.0,37907614.0,492345760.0,0.008390883674919837,002524
2021-11-30,9.13,9.26,9.13,9.21,3525268.0,32391362.0,492345760.0,0.007160146966635805,002524
2021-12-01,9.2,9.2,9.03,9.17,4700900.0,42863359.0,492345760.0,0.009547964828619627,002524
2021-12-02,9.13,9.2,9.06,9.07,4030700.0,36733978.0,492345760.0,0.008186726336386039,002524
2021-12-03,9.1,9.12,9.02,9.05,3974000.0,35995376.0,492345760.0,0.008071563366362696,002524
2021-12-06,9.06,9.08,9.01,9.02,3966016.0,35866418.0,492345760.0,0.008055347120283924,002524
2021-12-07,9.02,9.16,9.02,9.11,4545606.0,41303743.0,492345760.0,0.009232548280704194,002524
2021-12-08,9.11,9.12,9.03,9.11,3479500.0,31574107.0,492345760.0,0.007067187904695269,002524
2021-12-09,9.12,9.36,9.07,9.27,7723200.0,71452659.0,492345760.0,0.015686537038523497,002524
2021-12-10,9.2,9.27,9.11,9.14,4448800.0,40799252.0,492345760.0,0.009035926296999085,002524
2021-12-13,9.14,9.21,9.09,9.16,3815700.0,34913471.0,492345760.0,0.007750041353052376,002524
2021-12-14,9.11,9.19,9.1,9.16,3290300.0,30088598.0,492345760.0,0.006682905119361645,002524
2021-12-15,9.18,9.2,9.09,9.1,3716300.0,33997174.0,492345760.0,0.007548150714246021,002524
2021-12-16,9.09,9.16,9.05,9.11,3886800.0,35316423.0,492345760.0,0.007894452061494346,002524
2021-12-17,9.11,9.15,9.03,9.03,3643481.0,32998906.0,492345760.0,0.007400248557030328,002524
2021-12-20,8.96,9.08,8.92,8.93,4320600.0,38804376.0,492345760.0,0.008775540181355476,002524
2021-12-21,8.93,8.98,8.91,8.98,2979752.0,26668010.0,492345760.0,0.00605215326724861,002524
2021-12-22,9.01,9.16,8.95,9.13,4343888.0,39398434.0,492345760.0,0.008822840273875823,002524
2021-12-23,9.15,9.15,9.03,9.04,3214623.0,29112947.0,492345760.0,0.006529198098507033,002524
2021-12-24,9.0,9.0,8.73,8.78,6379152.0,56375191.0,492345760.0,0.012956650626990269,002524
2021-12-27,8.7,8.98,8.68,8.94,4209500.0,37325470.0,509215320.0,0.008266640524483827,002524
2021-12-28,8.95,9.05,8.83,8.98,3704856.0,33186034.0,509215320.0,0.0072756177092236736,002524
2021-12-29,9.01,9.33,8.95,9.26,13682809.0,125938262.0,509215320.0,0.026870379704993952,002524
2021-12-30,9.25,9.25,9.09,9.16,7305612.0,66800359.0,509215320.0,0.014346803234435287,002524
2021-12-31,9.15,9.21,9.11,9.17,4949500.0,45330010.0,509215320.0,0.009719856818133437,002524
2022-01-04,9.2,9.4,9.16,9.34,10296577.0,96097799.0,509215320.0,0.020220477655699755,002524
2022-01-05,9.35,9.36,9.13,9.21,5961227.0,54948511.0,509215320.0,0.011706692171005381,002524
2022-01-06,9.15,9.27,9.13,9.23,4177549.0,38485659.0,509215320.0,0.008203894965296802,002524
2022-01-07,9.29,9.39,9.17,9.18,7443000.0,69177122.0,509215320.0,0.014616606585991954,002524
2022-01-10,9.18,9.44,9.11,9.39,7698200.0,71753248.0,509215320.0,0.015117769826720846,002524
2022-01-11,9.38,9.55,9.35,9.4,8143400.0,76835754.0,509215320.0,0.015992056169873287,002524
2022-01-12,9.44,9.53,9.35,9.44,5829500.0,55101313.0,509215320.0,0.011448005924095134,002524
2022-01-13,9.44,9.51,9.33,9.33,5178400.0,48711085.0,509215320.0,0.010169371966263701,002524
2022-01-14,9.41,9.5,9.35,9.48,7923525.0,74949068.0,509215320.0,0.01556026436910814,002524
2022-01-17,9.49,9.8,9.49,9.55,10920579.0,104806638.0,509215320.0,0.02144589640390238,002524
2022-01-18,9.39,9.42,9.01,9.05,12472300.0,114782302.0,509215320.0,0.02449317510714328,002524
2022-01-19,9.0,9.13,8.96,9.05,5160700.0,46590486.0,509215320.0,0.010134612603564245,002524
2022-01-20,9.12,9.13,8.75,8.76,7515280.0,66588160.0,509215320.0,0.01475855046937708,002524
2022-01-21,8.76,8.76,8.29,8.34,8464451.0,71483273.0,509215320.0,0.016622537986484776,002524
2022-01-24,8.28,8.28,8.08,8.11,5266280.0,42851366.0,509215320.0,0.010341951220163605,002524
2022-01-25,8.11,8.18,7.64,7.68,7354900.0,57614100.0,509215320.0,0.014443595294815561,002524
2022-01-26,7.75,7.83,7.6,7.67,3607000.0,27772687.0,509215320.0,0.007083447528640733,002524
2022-01-27,7.66,7.73,7.5,7.51,3356500.0,25416168.0,509215320.0,0.006591514175182318,002524
2022-01-28,7.56,7.7,7.51,7.68,2504100.0,19078959.0,509215320.0,0.004917566109362146,002524
2022-02-07,7.8,7.93,7.73,7.87,4211500.0,33100858.0,509215320.0,0.008270568136088285,002524
2022-02-08,7.88,7.93,7.81,7.91,2528757.0,19917365.0,509215320.0,0.0049659876690277115,002524
2022-02-09,7.93,8.01,7.86,7.97,2748557.0,21877003.0,509215320.0,0.00539763218435769,002524
2022-02-10,7.94,7.98,7.86,7.91,2355557.0,18640266.0,509215320.0,0.0046258565040816135,002524
2022-02-11,7.91,7.91,7.72,7.75,2908343.0,22630755.0,509215320.0,0.005711420858272685,002524
2022-02-14,7.7,7.85,7.69,7.79,2353200.0,18323843.0,509215320.0,0.004621227813805759,002524
2022-02-15,7.81,8.03,7.78,7.95,4069938.0,32250490.0,509215320.0,0.007992567859113115,002524
2022-02-16,7.95,7.99,7.86,7.97,2938810.0,23314922.0,509215320.0,0.005771252129649202,002524
2022-02-17,7.95,7.97,7.88,7.91,2260595.0,17899870.0,509215320.0,0.004439369577490324,002524
2022-02-18,7.87,7.92,7.8,7.92,1792900.0,14098116.0,509215320.0,0.003520907422816737,002524
2022-02-21,7.9,8.06,7.86,8.05,3726643.0,29743265.0,509215320.0,0.0073184031462368414,002524
2022-02-22,8.05,8.05,7.9,7.93,2809100.0,22295775.0,509215320.0,0.005516526879042053,002524
2022-02-23,7.94,8.13,7.94,8.09,4054075.0,32507289.0,509215320.0,0.007961416007672353,002524
2022-02-24,8.0,8.42,7.9,7.97,6812167.0,55221423.0,509215320.0,0.013377773080354299,002524
2022-02-25,7.98,8.21,7.96,8.13,4689967.0,38069427.0,509215320.0,0.009210184406863485,002524
2022-02-28,8.05,8.13,7.93,8.02,2791600.0,22327528.0,509215320.0,0.005482160277503041,002524
2022-03-01,7.99,8.04,7.94,7.97,2353700.0,18753646.0,509215320.0,0.004622209716706874,002524
2022-03-02,7.91,8.06,7.91,8.03,2704000.0,21651337.0,509215320.0,0.005310130889227763,002524
2022-03-03,8.03,8.1,8.0,8.0,2190550.0,17598674.0,509215320.0,0.004301814800073179,002524
2022-03-04,8.01,8.15,8.0,8.02,3232400.0,26073158.0,509215320.0,0.006347805875125674,002524
2022-03-07,7.96,8.2,7.82,8.02,5295173.0,42206089.0,509215320.0,0.010398691461207412,002524
2022-03-08,8.05,8.05,7.6,7.71,5296064.0,41235942.0,509215320.0,0.0104004412121772,002524
2022-03-09,7.7,7.76,7.15,7.46,4779701.0,35760705.0,509215320.0,0.00938640455672072,002524
2022-03-10,7.62,7.78,7.61,7.74,3482371.0,26861100.0,509215320.0,0.0068387003753147095,002524
2022-03-11,7.66,7.83,7.61,7.81,2898810.0,22401098.0,509215320.0,0.005692699897560034,002524
2022-03-14,7.81,7.84,7.61,7.61,3018710.0,23294874.0,509215320.0,0.005928160213247316,002524
2022-03-15,7.45,7.58,7.05,7.07,5636700.0,41060287.0,509215320.0,0.011069384165425345,002524
2022-03-16,7.15,7.27,6.78,7.13,5366500.0,37530604.0,509215320.0,0.010538763837663015,002524
2022-03-17,7.14,7.49,7.14,7.41,5876800.0,43541305.0,509215320.0,0.011540893938540577,002524
2022-03-18,7.42,7.49,7.35,7.4,2524500.0,18699604.0,509215320.0,0.004957627747727621,002524
2022-03-21,7.43,7.73,7.43,7.73,5474810.0,41689229.0,509215320.0,0.01075146364410246,002524
2022-03-22,7.66,7.73,7.55,7.64,3096550.0,23599989.0,509215320.0,0.006081022856892836,002524
2022-03-23,7.62,7.77,7.61,7.66,3215500.0,24737110.0,509215320.0,0.006314617557068,002524
2022-03-24,7.65,7.72,7.55,7.69,2978855.0,22829618.0,509215320.0,0.005849892732999471,002524
2022-03-25,7.7,7.78,7.6,7.62,2172300.0,16649743.0,509215320.0,0.004265975344182497,002524
2022-03-28,7.59,7.75,7.45,7.62,2745050.0,20841068.0,509215320.0,0.005390745117409272,002524
2022-03-29,7.6,7.66,7.48,7.49,2616500.0,19732279.0,509215320.0,0.005138297881532708,002524
2022-03-30,7.53,7.96,7.4,7.64,6878807.0,52561449.0,509215320.0,0.013508641099014854,002524
2022-03-31,7.71,8.22,7.62,7.95,15527300.0,123713403.0,509215320.0,0.030492601832953495,002524
2022-04-01,7.84,7.9,7.66,7.68,7482800.0,57839823.0,509215320.0,0.014694766056920676,002524
2022-04-06,7.69,7.83,7.66,7.68,5470357.0,42401390.0,509215320.0,0.010742718816865133,002524
2022-04-07,7.67,7.69,7.42,7.57,5186600.0,39047232.0,509215320.0,0.010185475173841982,002524
2022-04-08,7.66,7.66,7.15,7.24,6261057.0,45368963.0,509215320.0,0.012295500064687763,002524
2022-04-11,7.2,7.25,6.83,6.91,4557257.0,32025266.0,509215320.0,0.008949567738849648,002524
2022-04-12,6.85,7.08,6.79,7.06,2973100.0,20654437.0,509215320.0,0.005838591030607641,002524
2022-04-13,7.06,7.15,6.92,7.03,3476700.0,24383124.0,509215320.0,0.006827563632610268,002524
2022-04-14,7.0,7.27,7.0,7.14,3039280.0,21769323.0,509215320.0,0.00596855569859917,002524
2022-04-15,7.04,7.04,6.7,6.79,5963250.0,40819506.0,509215320.0,0.011710664950143291,002524
2022-04-18,6.78,6.78,6.55,6.7,2595200.0,17292169.0,509215320.0,0.005096468817945226,002524
2022-04-19,6.7,6.74,6.55,6.64,2960500.0,19624291.0,509215320.0,0.005813847077499553,002524
2022-04-20,6.65,6.82,6.6,6.65,3147936.0,21146023.0,509215320.0,0.006181934981846186,002524
2022-04-21,6.64,6.69,6.33,6.37,3955500.0,25633444.0,509215320.0,0.00776783385071761,002524
2022-04-22,6.27,6.42,6.18,6.33,3021302.0,19048535.0,509215320.0,0.005933250397886693,002524
2022-04-25,6.24,6.32,5.84,5.92,5433624.0,33051023.0,509215320.0,0.010670582338331848,002524
2022-04-26,5.92,5.97,5.65,5.66,3959200.0,23127097.0,509215320.0,0.007775099932185858,002524
2022-04-27,5.66,5.82,5.48,5.82,4153518.0,23427367.0,509215320.0,0.008156702748063432,002524
2022-04-28,5.82,5.82,5.62,5.75,3375400.0,19310864.0,509215320.0,0.00662863010484445,002524
2022-04-29,5.82,6.0,5.75,5.96,3259566.0,19244810.0,509215320.0,0.006401154623549032,002524
2022-05-05,5.97,6.22,5.87,6.16,3503201.0,21381596.0,509215320.0,0.006879606450175144,002524
2022-05-06,6.25,6.3,6.02,6.24,4032801.0,24914780.0,509215320.0,0.00791963800303573,002524
2022-05-09,6.24,6.37,6.21,6.24,2704000.0,16982500.0,509215320.0,0.005310130889227763,002524
2022-05-10,6.18,6.34,6.11,6.32,2912300.0,18226814.0,509215320.0,0.005719191637832106,002524
2022-05-11,6.32,6.52,6.31,6.33,3454950.0,22200585.0,509215320.0,0.006784850856411783,002524
2022-05-12,6.36,6.45,6.29,6.38,2086500.0,13300786.0,509215320.0,0.004097480806351231,002524
2022-05-13,6.41,6.46,6.31,6.4,2213400.0,14128257.0,509215320.0,0.004346687762654116,002524
2022-05-16,6.53,6.63,6.42,6.42,4593800.0,29872121.0,509215320.0,0.00902133109428051,002524
2022-05-17,6.44,6.45,6.3,6.32,2447800.0,15504525.0,509215320.0,0.004807003842696641,002524
2022-05-18,6.5,6.95,6.49,6.77,24151000.0,165629468.0,509215320.0,0.04742787392963747,002524
2022-05-19,6.44,6.54,6.24,6.31,17116410.0,108650882.0,509215320.0,0.033613305271333944,002524
2022-05-20,6.36,6.4,6.15,6.2,8330700.0,51979286.0,509215320.0,0.016359876996630815,002524
2022-05-23,6.1,6.29,6.08,6.25,5348580.0,33261151.0,509215320.0,0.010503572437687068,002524
2022-05-24,6.28,6.28,5.87,5.89,7177600.0,43594414.0,509215320.0,0.014095412526080323,002524
2022-05-25,5.9,6.04,5.87,6.01,3206180.0,19161409.0,509215320.0,0.006296314886991224,002524
2022-05-26,6.05,6.13,5.9,6.07,2956900.0,17844628.0,509215320.0,0.005806777376611528,002524
2022-05-27,6.11,6.14,5.98,6.05,2460900.0,14884513.0,509215320.0,0.004832729698705844,002524
2022-05-30,6.08,6.1,6.02,6.08,2611800.0,15848358.0,509215320.0,0.005129067994262231,002524
2022-05-31,6.09,6.16,6.01,6.13,3545450.0,21584823.0,509215320.0,0.0069625752815135255,002524
2022-06-01,6.09,6.25,6.06,6.22,5022000.0,31086771.0,509215320.0,0.009862232738795055,002524
2022-06-02,6.2,6.22,6.08,6.11,3880600.0,23763745.0,509215320.0,0.007620744796130643,002524
2022-06-06,6.06,6.14,6.06,6.12,4573700.0,27915493.0,509215320.0,0.008981858597655703,002524
2022-06-07,6.12,6.18,6.09,6.13,3115100.0,19098443.0,509215320.0,0.0061174514545241886,002524
2022-06-08,6.11,6.31,6.1,6.2,5562300.0,34420584.0,509215320.0,0.010923277013739493,002524
2022-06-09,6.16,6.2,6.05,6.09,3752100.0,22934358.0,509215320.0,0.00736839575054419,002524
2022-06-10,6.06,6.13,6.02,6.09,3109143.0,18938288.0,509215320.0,0.0061057530633603085,002524
2022-06-13,6.03,6.13,6.01,6.07,3233700.0,19596234.0,509215320.0,0.006350358822668572,002524
2022-06-14,6.01,6.03,5.84,6.01,4595943.0,27309686.0,509215320.0,0.009025539530114687,002524
2022-06-15,6.01,6.12,5.98,6.0,4393800.0,26624433.0,509215320.0,0.00862856993383467,002524
2022-06-16,6.01,6.12,6.0,6.08,4483574.0,27202363.0,509215320.0,0.008804868635923994,002524
2022-06-17,6.06,6.68,5.92,6.58,19568271.0,123544810.0,509215320.0,0.038428284129393434,002524
2022-06-20,6.58,6.58,6.31,6.39,16246951.0,104150854.0,509215320.0,0.031905856642333544,002524
2022-06-21,6.41,6.42,6.24,6.3,6990800.0,44160595.0,509215320.0,0.013728573602223909,002524
2022-06-22,6.27,6.41,6.18,6.26,7308406.0,46048331.0,509215320.0,0.014352290107846716,002524
2022-06-23,6.3,6.31,6.21,6.28,5139304.0,32164715.0,509215320.0,0.01009259501461975,002524
2022-06-24,6.29,6.34,6.25,6.31,4838568.0,30462989.0,509215320.0,0.009502007912880547,002524
2022-06-27,6.33,6.42,6.3,6.31,5874293.0,37317084.0,509215320.0,0.011535970677394388,002524
2022-06-28,6.38,6.46,6.32,6.4,6895901.0,44070725.0,509215320.0,0.01354221039539816,002524
2022-06-29,6.4,6.99,6.36,6.64,20638098.0,137232670.0,509215320.0,0.0405292165993749,002524
2022-06-30,6.65,6.98,6.64,6.73,17688827.0,119998264.0,509152820.0,0.03474168521741665,002524
2022-07-01,6.64,6.77,6.59,6.63,8811609.0,58667655.0,509152820.0,0.017306413033320724,002524
2022-07-04,6.66,6.85,6.64,6.82,9372800.0,63493942.0,509152820.0,0.018408618457617498,002524
2022-07-05,6.84,6.84,6.57,6.64,7816023.0,52109167.0,509152820.0,0.015351035471039913,002524
2022-07-06,6.6,6.66,6.45,6.5,4928757.0,32182193.0,509152820.0,0.009680309734904346,002524
2022-07-07,6.53,6.54,6.39,6.43,3533900.0,22742021.0,509152820.0,0.006940745216730804,002524
2022-07-08,6.44,6.52,6.39,6.45,3647300.0,23545113.0,509152820.0,0.007163468131238083,002524
2022-07-11,6.45,6.52,6.32,6.36,3628800.0,23181374.0,509152820.0,0.007127133264232927,002524
2022-07-12,6.32,6.33,6.15,6.16,4363600.0,27099729.0,509152820.0,0.00857031490074041,002524
2022-07-13,6.16,6.22,6.15,6.2,2268090.0,14033886.0,509152820.0,0.004454635054363443,002524
2022-07-14,6.2,6.82,6.19,6.82,11742890.0,78866037.0,509152820.0,0.023063586292225585,002524
2022-07-15,6.8,7.18,6.63,6.9,34723702.0,239574435.0,509152820.0,0.06819897805927894,002524
2022-07-18,6.69,6.9,6.65,6.82,17543775.0,118898459.0,509152820.0,0.034456796291533844,002524
2022-07-19,6.8,6.91,6.74,6.81,10889400.0,74073372.0,509152820.0,0.021387291933294212,002524
2022-07-20,6.84,7.15,6.69,7.13,25351202.0,177603487.0,509152820.0,0.049790948815720985,002524
2022-07-21,7.03,7.13,6.95,6.96,12531144.0,87767737.0,509152820.0,0.02461175408986245,002524
2022-07-22,6.95,7.01,6.78,6.87,10427500.0,71856185.0,509152820.0,0.020480098686284406,002524
2022-07-25,6.87,7.06,6.8,6.98,10525900.0,73162477.0,509152820.0,0.02067336089781453,002524
2022-07-26,7.05,7.05,6.84,6.94,6993300.0,48299405.0,509152820.0,0.013735168942008413,002524
2022-07-27,6.89,6.94,6.83,6.86,6375947.0,43852610.0,509152820.0,0.012522658717671446,002524
2022-07-28,6.86,6.9,6.77,6.82,7293800.0,49789941.0,509152820.0,0.014325365024984051,002524
2022-07-29,6.8,6.83,6.7,6.71,5889900.0,39776936.0,509152820.0,0.011568039631009016,002524
2022-08-01,6.65,6.77,6.52,6.75,5185244.0,34694061.0,509152820.0,0.010184062223204421,002524
2022-08-02,6.65,6.65,6.25,6.29,9419400.0,59889152.0,509152820.0,0.018500143041533187,002524
2022-08-03,6.27,6.4,6.15,6.2,5077044.0,31945580.0,509152820.0,0.009971552352395888,002524
2022-08-04,6.23,6.42,6.22,6.39,4293100.0,27198427.0,509152820.0,0.00843184959674779,002524
2022-08-05,6.43,6.45,6.33,6.43,3285474.0,20959791.0,509152820.0,0.006452824910210652,002524
2022-08-08,6.42,6.53,6.35,6.47,3348700.0,21636184.0,509152820.0,0.0065770037373062175,002524
2022-08-09,6.46,6.47,6.33,6.38,3677200.0,23466348.0,509152820.0,0.007222193132505875,002524
2022-08-10,6.4,6.5,6.28,6.31,3439900.0,21808940.0,509152820.0,0.00675612481140731,002524
2022-08-11,6.35,6.48,6.32,6.47,5210900.0,33505986.0,509152820.0,0.010234451809576543,002524
2022-08-12,6.5,6.51,6.42,6.45,3371700.0,21770893.0,509152820.0,0.00662217681520452,002524
2022-08-15,6.42,6.44,6.34,6.39,3342738.0,21342977.0,509152820.0,0.006565294089896232,002524
2022-08-16,6.46,6.46,6.28,6.32,5306100.0,33561995.0,509152820.0,0.01042142907113821,002524
2022-08-17,6.32,6.37,6.27,6.36,3351200.0,21199132.0,509152820.0,0.006581913854469077,002524
2022-08-18,6.37,6.37,6.25,6.27,3811800.0,23906278.0,509152820.0,0.007486553840554197,002524
2022-08-19,6.27,6.31,6.2,6.2,3972700.0,24809303.0,509152820.0,0.007802568981155795,002524
2022-08-22,6.2,6.26,6.15,6.24,2464600.0,15325186.0,509152820.0,0.004840589903832802,002524
2022-08-23,6.21,6.23,6.16,6.17,3075500.0,19007097.0,509152820.0,0.006040426133748999,002524
2022-08-24,6.18,6.23,5.97,5.97,5743802.0,34821495.0,509152820.0,0.011281096312105273,002524
2022-08-25,5.98,6.13,5.98,6.11,4691200.0,28395822.0,509152820.0,0.00921373665376144,002524
2022-08-26,6.08,6.15,6.03,6.04,3398900.0,20656949.0,509152820.0,0.0066755988899364245,002524
2022-08-29,6.02,6.05,5.91,6.04,2774300.0,16632535.0,509152820.0,0.005448855217967761,002524
2022-08-30,6.06,6.1,6.03,6.08,2123800.0,12876586.0,509152820.0,0.004171242732191879,002524
2022-08-31,6.06,6.1,5.98,6.01,3051500.0,18412126.0,509152820.0,0.005993289008985553,002524
2022-09-01,6.01,6.09,5.98,5.99,2232900.0,13471923.0,509152820.0,0.004385520245179041,002524
2022-09-02,6.0,6.07,5.98,6.05,2221902.0,13400997.0,509152820.0,0.004363919657756192,002524
2022-09-05,6.05,6.66,6.01,6.66,22526046.0,145488362.0,509152820.0,0.04424221003037948,002524
2022-09-06,6.7,6.74,6.38,6.5,27178446.0,177531551.0,509152820.0,0.053379741665773354,002524
2022-09-07,6.41,6.54,6.33,6.53,15826395.0,101614161.0,509152820.0,0.03108378148627361,002524
2022-09-08,6.47,6.57,6.35,6.35,9212700.0,59204584.0,509152820.0,0.018094174554508017,002524
2022-09-09,6.5,6.99,6.5,6.99,13560861.0,94096253.0,509152820.0,0.026634166535697473,002524
2022-09-13,7.69,7.69,7.69,7.69,17767193.0,136629714.0,509152820.0,0.03489559971405049,002524
2022-09-14,7.19,7.78,7.08,7.27,50130512.0,370329912.0,509152820.0,0.09845867494164129,002524
2022-09-15,7.27,8.0,7.1,7.53,59522605.0,447254441.0,509152820.0,0.116905185755428,002524
2022-09-16,7.25,7.26,6.78,6.78,40770796.0,282267938.0,509152820.0,0.08007575407320733,002524
2022-09-19,6.64,6.68,6.19,6.21,29276905.0,186509077.0,509152820.0,0.05750121348635563,002524
2022-09-20,6.21,6.3,6.15,6.28,18300514.0,113881124.0,509152820.0,0.035943067152215714,002524
2022-09-21,6.28,6.91,6.16,6.91,37019903.0,251500611.0,509152820.0,0.07270882443506843,002524
2022-09-22,6.98,7.11,6.84,6.85,47693144.0,331862750.0,509152820.0,0.09367156996204008,002524
2022-09-23,6.91,6.96,6.72,6.73,22542096.0,153361656.0,509152820.0,0.04427373298256504,002524
2022-09-26,6.74,7.1,6.65,6.96,34050459.0,234940690.0,509152820.0,0.0668766972556491,002524
2022-09-27,6.8,7.35,6.77,7.21,41991214.0,298457111.0,509152820.0,0.0824727122202721,002524
2022-09-28,7.06,7.34,6.89,6.9,30661810.0,217247743.0,509152820.0,0.060221231810127264,002524
2022-09-29,6.99,7.13,6.77,7.04,26155552.0,182254872.0,509152820.0,0.0513707299116992,002524
2022-09-30,7.0,7.0,6.57,6.61,21508629.0,145103822.0,509152820.0,0.04224395536098573,002524
2022-10-10,6.69,7.24,6.65,6.79,21219312.0,145306844.0,509152820.0,0.04167572321410299,002524
2022-10-11,6.7,6.8,6.37,6.55,18689942.0,121678953.0,509152820.0,0.03670792199481484,002524
2022-10-12,6.48,6.75,6.22,6.74,22002371.0,141343881.0,509152820.0,0.04321368778827543,002524
2022-10-13,6.6,7.27,6.57,6.98,37960571.0,266509887.0,509152820.0,0.07455634047160929,002524
2022-10-14,6.88,7.48,6.87,7.22,51106439.0,368815787.0,509152820.0,0.10037544130660024,002524
2022-10-17,7.2,7.35,7.12,7.24,31207959.0,225929589.0,509152820.0,0.06129389404147855,002524
2022-10-18,7.24,7.39,7.11,7.29,31373205.0,228113699.0,509152820.0,0.06161844492975606,002524
2022-10-19,7.25,7.25,7.1,7.1,21177302.0,151346560.0,509152820.0,0.04159321360529831,002524
2022-10-20,7.06,7.81,7.02,7.48,68217381.0,517818482.0,509152820.0,0.13398213330135342,002524
2022-10-21,7.27,7.55,7.25,7.3,44049940.0,324561394.0,509152820.0,0.08651614656676163,002524
2022-10-24,7.37,7.53,7.24,7.24,31314759.0,230356236.0,509152820.0,0.06150365424667588,002524
2022-10-25,7.22,7.45,6.89,7.09,28547341.0,203629457.0,509152820.0,0.05606831559923404,002524
2022-10-26,6.98,7.58,6.93,7.35,37871482.0,279788418.0,509152820.0,0.07438136550044051,002524
2022-10-27,7.22,7.28,7.06,7.18,24622743.0,175661317.0,509152820.0,0.04836022120038538,002524
2022-10-28,7.07,7.1,6.57,6.69,23588300.0,160338459.0,509152820.0,0.04632852666906569,002524
2022-10-31,6.79,7.36,6.79,7.36,26363385.0,190596632.0,509152820.0,0.051778923663822585,002524
2022-11-01,7.68,7.72,7.43,7.64,48824961.0,370166282.0,509152820.0,0.09589451159280626,002524
2022-11-02,7.66,7.82,7.44,7.71,42746002.0,327665086.0,509152820.0,0.08395515122552007,002524
2022-11-03,7.65,7.77,7.51,7.67,26349232.0,201502674.0,509152820.0,0.051751126508540204,002524
2022-11-04,7.79,8.03,7.61,7.85,42304089.0,329195465.0,509152820.0,0.08308721338320389,002524
2022-11-07,7.78,7.89,7.69,7.78,24439902.0,189713416.0,509152820.0,0.048001112907515665,002524
2022-11-08,7.87,8.47,7.71,8.04,46950883.0,381403814.0,509152820.0,0.09221373457187176,002524
2022-11-09,7.93,8.2,7.88,8.12,26393098.0,212586655.0,509152820.0,0.05183728138832659,002524
2022-11-10,8.01,8.21,7.89,7.98,26966088.0,217706370.0,509152820.0,0.0529626606015852,002524
2022-11-11,8.06,8.15,7.7,7.88,36744402.0,291913292.0,509152820.0,0.07216772755967452,002524
2022-11-14,7.88,7.99,7.66,7.86,22876577.0,180382904.0,509152820.0,0.04493066934206512,002524
2022-11-15,7.8,7.9,7.68,7.88,18133543.0,141506444.0,509152820.0,0.03561512828309583,002524
2022-11-16,7.83,8.1,7.79,7.92,23911103.0,190366107.0,509152820.0,0.04696252688927462,002524
2022-11-17,7.86,8.02,7.73,7.84,16086899.0,126070902.0,509152820.0,0.03159542355083097,002524
2022-11-18,7.84,8.06,7.78,7.81,15191399.0,119964794.0,509152820.0,0.029836619583094914,002524
2022-11-21,7.76,7.8,7.57,7.69,13744000.0,105502083.0,509152820.0,0.026993860114533,002524
2022-11-22,7.69,7.79,7.42,7.48,15789900.0,119371912.0,509152820.0,0.031012103595930197,002524
2022-11-23,7.52,7.54,7.23,7.35,13257000.0,97153240.0,509152820.0,0.02603736929120809,002524
2022-11-24,7.35,7.51,7.32,7.49,11495000.0,85294960.0,509152820.0,0.02257671871482515,002524
2022-11-25,7.4,7.49,7.33,7.41,8438300.0,62422647.0,509152820.0,0.016573216662140847,002524
2022-11-28,7.33,7.47,7.22,7.26,10021298.0,73158435.0,509152820.0,0.019682298921569363,002524
2022-11-29,7.26,7.57,7.24,7.56,16853301.0,125836915.0,509152820.0,0.03310067299637072,002524
2022-11-30,7.52,7.63,7.35,7.4,12438380.0,92890256.0,509152820.0,0.024429561246464275,002524
2022-12-01,7.55,7.58,7.44,7.48,11441600.0,85753053.0,509152820.0,0.022471838612226482,002524
2022-12-02,7.46,7.51,7.38,7.43,8161880.0,60749710.0,509152820.0,0.016030314827677868,002524
2022-12-05,7.45,7.53,7.41,7.49,9370300.0,70113113.0,509152820.0,0.01840370834045464,002524
2022-12-06,7.48,7.5,7.28,7.33,11841400.0,87414325.0,509152820.0,0.023257064548910876,002524
2022-12-07,7.26,7.48,7.13,7.47,14225078.0,104828333.0,509152820.0,0.02793871985232253,002524
2022-12-08,7.44,7.54,7.26,7.29,10725900.0,78663270.0,509152820.0,0.021066170270843242,002524
2022-12-09,7.33,7.33,7.15,7.22,7619874.0,55082532.0,509152820.0,0.01496578964248887,002524
2022-12-12,7.22,7.33,7.19,7.26,6230500.0,45263502.0,509152820.0,0.01223699399327691,002524
2022-12-13,7.3,7.32,7.16,7.24,6555502.0,47347464.0,509152820.0,0.012875313152542296,002524
2022-12-14,7.24,7.42,7.15,7.4,15522002.0,113567725.0,509152820.0,0.03048593936885197,002524
2022-12-15,7.35,7.47,7.2,7.23,12299600.0,89546252.0,509152820.0,0.024156990822519653,002524
2022-12-16,7.1,7.17,6.85,7.12,17272155.0,121179928.0,509152820.0,0.03392332188202356,002524
2022-12-19,7.1,7.13,6.84,6.91,9775898.0,67769532.0,509152820.0,0.019200321820863134,002524
2022-12-20,6.85,6.94,6.7,6.77,7549841.0,51121357.0,509152820.0,0.01482824154838227,002524
2022-12-21,6.75,6.82,6.67,6.69,5115143.0,34431245.0,509152820.0,0.010046380573910992,002524
2022-12-22,6.74,7.25,6.69,6.85,14581798.0,101084695.0,509152820.0,0.02863933465005654,002524
2022-12-23,6.71,7.02,6.7,6.89,10362200.0,71366528.0,509152820.0,0.02035184642599053,002524
2022-12-26,6.86,6.94,6.8,6.91,5761998.0,39590226.0,509152820.0,0.011316834108863425,002524
2022-12-27,6.91,7.18,6.74,7.05,14214200.0,99146866.0,509152820.0,0.0279173549505235,002524
2022-12-28,7.0,7.21,6.96,7.04,14416738.0,102695568.0,509152820.0,0.028315149074495945,002524
2022-12-29,6.98,7.2,6.96,7.07,10640736.0,75362414.0,509152820.0,0.020898904183620157,002524
2022-12-30,7.02,7.15,6.97,7.14,9364400.0,66265577.0,509152820.0,0.018392120463950293,002524
2023-01-03,7.14,7.47,7.11,7.29,16476740.0,120250349.0,509302820.0,0.032351558548213026,002524
2023-01-04,7.29,7.42,7.25,7.4,13175900.0,96930717.0,509302820.0,0.025870463470043226,002524
2023-01-05,7.39,7.71,7.31,7.58,22327300.0,168327020.0,509302820.0,0.04383894830976982,002524
2023-01-06,7.54,7.59,7.34,7.35,16998900.0,126345753.0,509302820.0,0.0333768032150303,002524
2023-01-09,7.35,7.4,7.25,7.34,11143534.0,81438895.0,509302820.0,0.021879977024278012,002524
2023-01-10,7.34,7.55,7.27,7.4,12634770.0,93563309.0,509302820.0,0.024807971807420975,002524
2023-01-11,7.45,7.53,7.32,7.38,9948002.0,73768997.0,509302820.0,0.01953258770489431,002524
2023-01-12,7.33,7.38,7.23,7.27,8168600.0,59536889.0,509302820.0,0.016038788082893395,002524
2023-01-13,7.32,7.7,7.29,7.62,28619905.0,216228827.0,509302820.0,0.056194279466192626,002524
2023-01-16,7.57,7.77,7.53,7.7,22670656.0,174177255.0,509302820.0,0.04451311697037138,002524
2023-01-17,7.7,7.72,7.53,7.57,11491900.0,87397934.0,509302820.0,0.022563982661631444,002524
2023-01-18,7.6,7.6,7.42,7.45,11177105.0,83685953.0,509302820.0,0.02194589262238917,002524
2023-01-19,7.47,7.78,7.42,7.64,15555700.0,118232125.0,509302820.0,0.030543125600600445,002524
2023-01-20,7.59,7.75,7.55,7.58,11355900.0,86507472.0,509302820.0,0.02229695095738916,002524
2023-01-30,7.65,7.66,7.5,7.52,13219300.0,99644020.0,509302820.0,0.02595567799919113,002524
2023-01-31,7.36,7.4,7.06,7.27,23232420.0,168496785.0,509302820.0,0.04561612284023874,002524
2023-02-01,7.3,7.32,7.21,7.32,10251588.0,74482661.0,509302820.0,0.020128669226689145,002524
2023-02-02,7.31,7.59,7.26,7.44,17055419.0,127369863.0,509302820.0,0.03348777648629552,002524
2023-02-03,7.45,7.57,7.28,7.36,11640100.0,86084846.0,509302820.0,0.022854968680518988,002524
2023-02-06,7.31,7.4,7.26,7.27,7693800.0,56218364.0,509302820.0,0.015106533280141665,002524
2023-02-07,7.28,7.43,7.23,7.27,9435800.0,68921940.0,509302820.0,0.018526895256539125,002524
2023-02-08,7.25,7.39,7.23,7.27,8524400.0,62120144.0,509302820.0,0.01673739014443313,002524
2023-02-09,7.23,7.29,7.22,7.28,7299703.0,52968690.0,509302820.0,0.014332736268768353,002524
2023-02-10,7.26,7.33,7.18,7.24,8519600.0,61801894.0,509302820.0,0.016727965496048106,002524
2023-02-13,7.21,7.44,7.21,7.44,17124555.0,126448716.0,509302820.0,0.03362352283853445,002524
2023-02-14,7.56,7.66,7.42,7.52,14100228.0,106210217.0,509302820.0,0.027685352301799547,002524
2023-02-15,7.5,7.58,7.45,7.47,8516702.0,63916891.0,509302820.0,0.01672227536458565,002524
2023-02-16,7.49,7.55,7.25,7.31,10034700.0,74588204.0,509302820.0,0.019702816489411936,002524
2023-02-17,7.35,7.44,7.3,7.31,7808600.0,57563670.0,509302820.0,0.015331939454016768,002524
2023-02-20,7.32,7.34,7.16,7.31,8741400.0,63154702.0,509302820.0,0.01716346279017265,002524
2023-02-21,7.31,7.35,7.21,7.28,7934307.0,57725696.0,509302820.0,0.015578761177878419,002524
2023-02-22,7.26,7.4,7.2,7.26,9013200.0,65591122.0,509302820.0,0.017697133504974507,002524
2023-02-23,7.3,7.31,7.12,7.15,10578700.0,76125992.0,509302820.0,0.020770943306381063,002524
2023-02-24,7.15,7.16,7.06,7.1,6290300.0,44655960.0,509302820.0,0.01235080536172959,002524
2023-02-27,7.09,7.1,7.0,7.02,5775000.0,40610534.0,509302820.0,0.011339030088229238,002524
2023-02-28,7.04,7.12,7.02,7.12,5458900.0,38628525.0,509302820.0,0.010718377722707288,002524
2023-03-01,7.13,7.15,7.06,7.11,5391057.0,38206033.0,509302820.0,0.010585170135127074,002524
2023-03-02,7.12,7.13,7.02,7.04,6538600.0,46118077.0,509302820.0,0.012838334568813108,002524
2023-03-03,7.07,7.12,7.01,7.06,4547590.0,32124712.0,509302820.0,0.00892904932275851,002524
2023-03-06,7.03,7.11,7.01,7.09,4663907.0,32975168.0,509302820.0,0.009157434078216963,002524
2023-03-07,7.1,7.19,6.95,6.97,9657200.0,68403396.0,509302820.0,0.018961607163298252,002524
2023-03-08,6.96,6.99,6.92,6.97,4009757.0,27890081.0,509302820.0,0.007873031215495725,002524
2023-03-09,6.94,7.0,6.88,6.95,5148528.0,35684607.0,509302820.0,0.01010897210425813,002524
2023-03-10,6.93,7.08,6.86,7.05,8397500.0,58522535.0,509302820.0,0.016488226002754118,002524
2023-03-13,7.0,7.02,6.82,6.87,7700300.0,53131197.0,509302820.0,0.015119295824829715,002524
2023-03-14,6.85,6.93,6.75,6.79,5219600.0,35604716.0,509302820.0,0.010248519731345685,002524
2023-03-15,6.81,7.13,6.81,7.12,13654228.0,95580550.0,509302820.0,0.026809645389357945,002524
2023-03-16,7.12,7.39,7.02,7.04,22553357.0,162962826.0,509302820.0,0.04428280408893082,002524
2023-03-17,7.09,7.16,6.97,6.99,9576800.0,67368284.0,509302820.0,0.01880374430284914,002524
2023-03-20,6.99,7.14,6.81,7.02,9632927.0,66994522.0,509302820.0,0.018913947894496245,002524
2023-03-21,7.02,7.11,6.99,7.09,6648091.0,46914804.0,509302820.0,0.013053316688880694,002524
2023-03-22,7.1,7.16,7.03,7.06,6406701.0,45349030.0,509302820.0,0.012579355048534779,002524
2023-03-23,7.1,7.18,7.04,7.12,7284700.0,51821473.0,509302820.0,0.01430327835215992,002524
2023-03-24,7.13,7.17,7.02,7.06,6974307.0,49274249.0,509302820.0,0.013693831500874077,002524
2023-03-27,7.08,7.11,7.01,7.01,6026900.0,42464795.0,509302820.0,0.011833627781601524,002524
2023-03-28,6.98,7.17,6.96,7.08,11071694.0,78134194.0,509302820.0,0.021738921453448853,002524
2023-03-29,7.04,7.79,6.96,7.79,49348320.0,377820477.0,509302820.0,0.09689386758156965,002524
2023-03-30,7.5,7.59,7.27,7.41,56924181.0,424623251.0,509302820.0,0.11176883136048608,002524
2023-03-31,7.35,7.47,7.3,7.42,26250346.0,194364828.0,509302820.0,0.051541725215658536,002524
2023-04-03,7.38,7.47,7.33,7.47,20031095.0,148500492.0,509302820.0,0.03933042232124299,002524
2023-04-04,7.45,7.48,7.33,7.44,15667500.0,115714558.0,509302820.0,0.030762641369234907,002524
2023-04-06,7.42,7.42,7.34,7.4,10424100.0,76869483.0,509302820.0,0.020467391089646823,002524
2023-04-07,7.4,7.55,7.4,7.41,18260512.0,136127928.0,509302820.0,0.03585393852718114,002524
2023-04-10,7.45,7.65,7.43,7.55,23270383.0,174929213.0,509302820.0,0.045690661991622195,002524
2023-04-11,7.5,7.76,7.5,7.55,22582492.0,171904534.0,509302820.0,0.044340009741159495,002524
2023-04-12,7.5,7.51,7.3,7.42,15083436.0,111579070.0,509302820.0,0.029615850153745467,002524
2023-04-13,7.42,7.45,7.31,7.39,10906960.0,80588106.0,509302820.0,0.021415471447811738,002524
2023-04-14,7.39,7.52,7.35,7.42,10315695.0,76548703.0,509302820.0,0.020254541296276348,002524
2023-04-17,7.41,7.41,7.21,7.26,12940000.0,94265774.0,509302820.0,0.02540728127128768,002524
2023-04-18,7.22,7.25,7.1,7.11,10813594.0,77176688.0,509302820.0,0.02123215025591258,002524
2023-04-19,7.11,7.16,7.07,7.12,7083600.0,50392087.0,509302820.0,0.013908424854195781,002524
2023-04-20,7.09,7.09,6.92,6.99,8675102.0,60613308.0,509302820.0,0.017033288761291367,002524
2023-04-21,6.95,6.98,6.77,6.78,9327318.0,64076044.0,509302820.0,0.018313894276100806,002524
2023-04-24,6.8,6.87,6.75,6.81,6165494.0,41943223.0,509302820.0,0.012105752722908545,002524
2023-04-25,6.81,6.98,6.78,6.89,10840111.0,74368135.0,509302820.0,0.021284215547834585,002524
2023-04-26,6.84,7.55,6.84,7.32,26154225.0,187449858.0,509302820.0,0.05135299466828006,002524
2023-04-27,7.1,7.46,7.05,7.29,25423817.0,184406067.0,509302820.0,0.049918861631278615,002524
2023-04-28,7.2,7.28,7.18,7.21,15925218.0,114884457.0,509302820.0,0.03126866252183721,002524
2023-05-04,7.15,7.22,7.12,7.2,7774301.0,55777252.0,509302820.0,0.015264594450900547,002524
2023-05-05,7.15,7.23,6.96,7.0,9196134.0,64820337.0,509302820.0,0.018056318635738165,002524
2023-05-08,6.97,7.05,6.84,6.94,7686000.0,53196874.0,509302820.0,0.015091218226516006,002524
2023-05-09,6.94,6.95,6.83,6.84,6559200.0,45057359.0,509302820.0,0.012878782018132159,002524
2023-05-10,6.82,6.9,6.77,6.9,6389700.0,43741670.0,509302820.0,0.01254597412203608,002524
2023-05-11,6.93,6.96,6.84,6.84,5931200.0,40789752.0,509302820.0,0.011645723854425152,002524
2023-05-12,6.85,6.9,6.8,6.8,4199700.0,28757444.0,509302820.0,0.008245978296369928,002524
2023-05-15,6.82,6.92,6.79,6.92,5400700.0,37111806.0,509302820.0,0.0106041038610389,002524
2023-05-16,6.88,7.06,6.86,7.0,8927401.0,62347570.0,509302820.0,0.017528669878560655,002524
2023-05-17,6.98,6.98,6.83,6.94,7634501.0,52684667.0,509302820.0,0.01499010156668679,002524
2023-05-18,6.93,6.97,6.88,6.96,4776600.0,33111109.0,509302820.0,0.009378703224144724,002524
2023-05-19,6.92,6.99,6.88,6.98,5548600.0,38516478.0,509302820.0,0.010894500839402382,002524
2023-05-22,6.96,6.99,6.92,6.97,2998702.0,20860827.0,509302820.0,0.005887856658637783,002524
2023-05-23,6.97,7.05,6.9,6.91,4613900.0,32223125.0,509302820.0,0.009059246913260759,002524
2023-05-24,6.9,6.9,6.78,6.82,4444100.0,30331959.0,509302820.0,0.008725849976640616,002524
2023-05-25,6.84,6.85,6.44,6.53,11983700.0,78915400.0,509302820.0,0.02352961642741346,002524
2023-05-26,6.57,6.58,6.43,6.5,4577700.0,29682208.0,509302820.0,0.008988169356690386,002524
2023-05-29,6.51,6.57,6.5,6.54,3103700.0,20274504.0,509302820.0,0.006094016915123305,002524
2023-05-30,6.52,6.55,6.33,6.46,5229500.0,33590122.0,509214945.0,0.010269730005665879,002524
2023-05-31,6.44,6.52,6.41,6.49,3316600.0,21482393.0,509214945.0,0.006513163120143695,002524
2023-06-01,6.47,6.54,6.38,6.47,3770000.0,24365667.0,509214945.0,0.0074035533265819605,002524
2023-06-02,6.49,6.53,6.43,6.52,3250600.0,21080611.0,509214945.0,0.0063835518417473,002524
2023-06-05,6.52,6.52,6.43,6.48,3373300.0,21799779.0,509214945.0,0.006624510991129689,002524
2023-06-06,6.46,6.47,6.27,6.28,5717600.0,36292316.0,509214945.0,0.011228264323624672,002524
2023-06-07,6.32,6.32,6.23,6.25,2936000.0,18403085.0,509214945.0,0.00576573808139115,002524
2023-06-08,6.25,6.27,6.21,6.26,2837802.0,17705173.0,509214945.0,0.005572896137209798,002524
2023-06-09,6.22,6.29,6.18,6.24,3230200.0,20110999.0,509214945.0,0.0063434901738793235,002524
2023-06-12,6.24,6.3,6.13,6.27,3719502.0,23136933.0,509214945.0,0.007304384988150731,002524
2023-06-13,6.27,6.36,6.24,6.31,2601700.0,16391373.0,512015745.0,0.005081289052937229,002524
2023-06-14,6.3,6.3,6.25,6.26,2273000.0,14258844.0,512015745.0,0.004439316607343784,002524
2023-06-15,6.27,6.31,6.2,6.3,3020000.0,18893462.0,512015745.0,0.005898256117104367,002524
2023-06-16,6.3,6.35,6.25,6.35,3380984.0,21371624.0,512015745.0,0.006603281311202647,002524
2023-06-19,6.38,6.38,6.21,6.22,4551900.0,28496398.0,512015745.0,0.008890156297830255,002524
2023-06-20,6.2,6.23,6.02,6.04,6132400.0,37369550.0,512015745.0,0.011976975434612855,002524
2023-06-21,6.05,6.15,5.94,6.05,4836202.0,29184299.0,512015745.0,0.00944541656624251,002524
2023-06-26,6.05,6.05,5.88,5.91,4074100.0,24186350.0,512015745.0,0.007956981869766525,002524
2023-06-27,5.9,6.06,5.9,6.06,3912902.0,23536659.0,512015745.0,0.007642151707658912,002524
2023-06-28,6.08,6.15,5.96,6.04,3933568.0,23719889.0,512015745.0,0.007682513747697349,002524
2023-06-29,5.98,6.08,5.98,6.07,2331100.0,14124389.0,512015745.0,0.004552789680325162,002524
2023-06-30,6.07,6.14,6.05,6.12,2768500.0,16917402.0,512015745.0,0.005407060284835577,002524
2023-07-03,6.11,6.17,6.1,6.16,3074300.0,18885804.0,512015745.0,0.00600430754331588,002524
2023-07-04,6.15,6.22,6.1,6.16,3021100.0,18584227.0,512015745.0,0.00590040448853775,002524
2023-07-05,6.14,6.22,6.13,6.16,2198100.0,13585088.0,512015745.0,0.0042930320433798375,002524
2023-07-06,6.14,6.15,6.06,6.1,2253200.0,13747488.0,512015745.0,0.004400645921542901,002524
2023-07-07,6.06,6.16,6.05,6.13,2570100.0,15733819.0,512015745.0,0.005019572200850972,002524
2023-07-10,6.13,6.19,6.1,6.18,2679800.0,16529047.0,512015745.0,0.005233823424707379,002524
2023-07-11,6.16,6.22,6.12,6.22,2553600.0,15790656.0,512015745.0,0.004987346629350236,002524
2023-07-12,6.24,6.24,6.15,6.17,3736700.0,23141506.0,512015745.0,0.007298017759199964,002524
2023-07-13,6.16,6.26,6.16,6.24,2760900.0,17201947.0,512015745.0,0.005392216991295844,002524
2023-07-14,6.43,6.45,6.26,6.28,8038200.0,50760919.0,512015745.0,0.01569912659619481,002524
2023-07-17,6.25,6.33,6.18,6.33,5022200.0,31569863.0,512015745.0,0.009808682738848197,002524
2023-07-18,6.33,6.33,6.26,6.3,3207984.0,20190980.0,512015745.0,0.006265401076679781,002524
2023-07-19,6.3,6.35,6.26,6.3,2796100.0,17606089.0,512015745.0,0.0054609648771640805,002524
2023-07-20,6.35,6.43,6.33,6.33,5942200.0,37935511.0,512015745.0,0.011605502483131646,002524
2023-07-21,6.33,6.53,6.32,6.49,8907580.0,57569053.0,512015745.0,0.01739708219324388,002524
2023-07-24,6.54,6.55,6.4,6.5,5296300.0,34223288.0,512015745.0,0.010344017838748299,002524
2023-07-25,6.51,6.56,6.46,6.54,5318100.0,34669262.0,512015745.0,0.01038659465442806,002524
2023-07-26,6.5,6.63,6.5,6.59,4696300.0,30894903.0,512015745.0,0.00917217887508518,002524
2023-07-27,6.58,6.72,6.58,6.68,6026128.0,40191087.0,512015745.0,0.011769419317368844,002524
2023-07-28,6.68,6.73,6.63,6.66,6448100.0,43049864.0,512015745.0,0.0125935580359936,002524
2023-07-31,6.67,6.72,6.58,6.67,7111900.0,47189036.0,512015745.0,0.013890002542792898,002524
2023-08-01,6.67,6.81,6.65,6.7,6212961.0,41869640.0,512015745.0,0.012134316299198963,002524
2023-08-02,6.67,6.7,6.63,6.65,4470368.0,29794845.0,512015745.0,0.008730919007187954,002524
2023-08-03,6.65,6.74,6.64,6.72,4726627.0,31600625.0,512015745.0,0.009231409475503532,002524
2023-08-04,6.7,6.76,6.64,6.65,4470900.0,29847733.0,512015745.0,0.008731958037735734,002524
2023-08-07,6.64,6.67,6.54,6.6,6159100.0,40592330.0,512015745.0,0.012029122268495864,002524
2023-08-08,6.56,6.66,6.55,6.63,4007361.0,26525426.0,512015745.0,0.007826636268773337,002524
2023-08-09,6.64,6.75,6.6,6.71,4698900.0,31456525.0,512015745.0,0.00917725684392772,002524
2023-08-10,6.7,6.81,6.69,6.79,6546400.0,44293249.0,512015745.0,0.012785544319540407,002524
2023-08-11,6.78,6.85,6.73,6.74,6468700.0,43978743.0,512015745.0,0.012633791173746033,002524
2023-08-14,6.69,6.79,6.64,6.77,4542800.0,30548007.0,512015745.0,0.008872383406881365,002524
2023-08-15,6.79,6.83,6.72,6.81,3465800.0,23515149.0,512015745.0,0.006768932467106065,002524
2023-08-16,6.8,6.88,6.78,6.79,5356044.0,36588588.0,512015745.0,0.010460701750490114,002524
2023-08-17,6.76,6.82,6.7,6.81,4231600.0,28627007.0,512015745.0,0.008264589597728094,002524
2023-08-18,6.81,6.84,6.72,6.73,3707400.0,25142724.0,512015745.0,0.007240792956474415,002524
2023-08-21,6.73,6.78,6.63,6.67,4775300.0,31981268.0,512015745.0,0.009326471005300823,002524
2023-08-22,6.7,6.74,6.53,6.64,4363600.0,28897797.0,512015745.0,0.00852239416973398,002524
2023-08-23,6.63,6.65,6.48,6.51,4158300.0,27237642.0,512015745.0,0.008121429937667249,002524
2023-08-24,6.54,6.7,6.47,6.62,4258200.0,28046826.0,512015745.0,0.008316541125117158,002524
2023-08-25,6.62,6.75,6.53,6.55,5726500.0,38061347.0,512015745.0,0.011184226375694755,002524
2023-08-28,6.99,6.99,6.66,6.68,7618500.0,51435428.0,512015745.0,0.014879425241112458,002524
2023-08-29,6.68,6.84,6.66,6.83,5745745.0,39036481.0,512015745.0,0.01122181311045425,002524
2023-08-30,6.83,6.91,6.81,6.9,6466802.0,44430256.0,512015745.0,0.01263008425649098,002524
2023-08-31,6.9,6.92,6.84,6.87,3492702.0,23969057.0,512015745.0,0.006821473820106841,002524
2023-09-01,6.89,6.9,6.81,6.84,3062400.0,20963341.0,512015745.0,0.005981066070536561,002524
2023-09-04,6.85,6.88,6.81,6.88,3138500.0,21500726.0,512015745.0,0.006129694312427833,002524
2023-09-05,6.87,6.91,6.82,6.83,2376200.0,16275468.0,512015745.0,0.004640872909093841,002524
2023-09-06,6.83,6.86,6.77,6.8,2781600.0,18954114.0,512015745.0,0.005432645435542221,002524
2023-09-07,6.83,6.83,6.72,6.72,2934300.0,19873780.0,512015745.0,0.0057308784517944855,002524
2023-09-08,6.71,6.8,6.7,6.78,2539400.0,17133495.0,512015745.0,0.004959613107210209,002524
2023-09-11,6.8,6.94,6.72,6.9,4174400.0,28744583.0,512015745.0,0.008152874283192208,002524
2023-09-12,6.93,6.98,6.88,6.94,3227100.0,22427269.0,512015745.0,0.006302735866062088,002524
2023-09-13,6.94,6.98,6.85,6.91,3329300.0,22973573.0,512015745.0,0.006502339102872705,002524
2023-09-14,6.93,6.96,6.88,6.91,3406502.0,23572445.0,512015745.0,0.006653119622327239,002524
2023-09-15,6.96,7.05,6.89,7.01,5367400.0,37507272.0,512015745.0,0.010482880755942378,002524
2023-09-18,7.01,7.04,6.95,7.01,3380600.0,23664432.0,512015745.0,0.006602531334265902,002524
2023-09-19,7.02,7.08,6.96,7.02,3073601.0,21583069.0,512015745.0,0.006002942350923212,002524
2023-09-20,7.0,7.03,6.93,6.96,2915300.0,20315927.0,512015745.0,0.005693770217945153,002524
2023-09-21,7.01,7.01,6.86,6.86,3273000.0,22600894.0,512015745.0,0.006392381546782316,002524
2023-09-22,6.86,6.94,6.8,6.92,3611613.0,24796063.0,512015745.0,0.007053714725120416,002524
2023-09-25,6.92,7.01,6.88,6.98,3607072.0,25113641.0,512015745.0,0.007044845857230426,002524
2023-09-26,6.95,6.96,6.84,6.84,3456825.0,23782379.0,512015745.0,0.006751403709274605,002524
2023-09-27,6.85,7.0,6.81,6.97,3951942.0,27473637.0,512015745.0,0.007718399362894592,002524
2023-09-28,6.98,6.99,6.9,6.91,3460781.0,23951034.0,512015745.0,0.006759130034175023,002524
2023-10-09,6.91,6.94,6.83,6.88,4079119.0,28058244.0,512015745.0,0.007966784302697566,002524
2023-10-10,6.89,6.91,6.77,6.79,3158100.0,21547659.0,512015745.0,0.0061679743852408285,002524
2023-10-11,6.78,7.0,6.76,6.93,4741753.0,32891031.0,512015745.0,0.00926095153577748,002524
2023-10-12,6.96,7.08,6.93,7.02,4502495.0,31552570.0,512015745.0,0.008793665124497295,002524
2023-10-13,7.05,7.11,6.98,7.06,5115000.0,35988730.0,512015745.0,0.009989927165228093,002524
2023-10-16,7.09,7.18,6.95,7.02,5941200.0,41865270.0,512015745.0,0.011603549418192208,002524
2023-10-17,7.06,7.09,6.86,6.93,3790300.0,26218949.0,512015745.0,0.007402702039953869,002524
2023-10-18,6.91,6.93,6.74,6.75,4711401.0,31985929.0,512015745.0,0.009201672108735641,002524
2023-10-19,6.74,6.78,6.62,6.63,3842300.0,25617421.0,512015745.0,0.007504261416804672,002524
2023-10-20,6.63,6.66,6.54,6.56,2840000.0,18690933.0,512015745.0,0.005546704428005432,002524
2023-10-23,6.49,6.54,6.09,6.13,10781271.0,66691805.0,512015745.0,0.021056522392685406,002524
2023-10-24,6.13,6.37,6.09,6.34,6499838.0,40706082.0,512060745.0,0.012693490105358496,002524
2023-10-25,6.35,6.54,6.32,6.47,4709400.0,30422812.0,508060798.99999994,0.009269363055109473,002524
2023-10-26,6.46,6.61,6.46,6.6,4204290.0,27561834.0,508060798.99999994,0.008275171019443287,002524
2023-10-27,6.57,6.97,6.53,6.96,8579893.0,58544673.0,508060798.99999994,0.01688753199791744,002524
2023-10-30,6.94,7.1,6.93,7.09,7664600.0,54065331.0,508060798.99999994,0.015085989738011653,002524
2023-10-31,7.08,7.12,7.0,7.08,6452901.0,45642802.0,508060798.99999994,0.012701040924041063,002524
2023-11-01,7.07,7.14,7.02,7.1,5131382.0,36334196.0,508060798.99999994,0.010099936877830246,002524
2023-11-02,7.09,7.14,7.04,7.06,3691702.0,26123680.0,508060798.99999994,0.007266260272916668,002524
2023-11-03,7.05,7.09,7.02,7.03,3337600.0,23543868.0,508060798.99999994,0.006569292507056818,002524
2023-11-06,7.04,7.16,7.04,7.09,3809932.0,27117588.0,508060798.99999994,0.0074989686421368645,002524
2023-11-07,7.11,7.11,7.03,7.04,3147900.0,22232915.0,508060798.99999994,0.006195911997532407,002524
2023-11-08,7.04,7.18,7.03,7.08,4922200.0,35074395.0,508060798.99999994,0.009688210563948668,002524
2023-11-09,7.1,7.17,7.01,7.03,4506687.0,31849754.0,508060798.99999994,0.008870369469304402,002524
2023-11-10,7.02,7.08,6.93,7.03,3310400.0,23254818.0,508060798.99999994,0.0065157556074307565,002524
2023-11-13,7.03,7.13,7.02,7.05,3913700.0,27562222.0,508060798.99999994,0.007703211914210292,002524
2023-11-14,7.1,7.12,7.03,7.06,3986300.0,28156895.0,508060798.99999994,0.007846108197771031,002524
2023-11-15,7.07,7.13,7.0,7.02,3709500.0,26154428.0,508060798.99999994,0.007301291513341104,002524
2023-11-16,7.01,7.02,6.93,6.95,3456126.0,24067545.0,508060798.99999994,0.006802583483714122,002524
2023-11-17,6.95,7.02,6.95,7.01,3121400.0,21803889.0,508060798.99999994,0.006143752885764368,002524
2023-11-20,7.01,7.09,6.99,7.07,4977700.0,35078615.0,508060798.99999994,0.009797449458406257,002524
2023-11-21,7.07,7.1,7.02,7.03,3794500.0,26778340.0,508060798.99999994,0.007468594324672549,002524
2023-11-22,7.01,7.04,6.95,6.95,4007100.0,28003112.0,508060798.99999994,0.00788704817983802,002524
2023-11-23,6.96,7.07,6.93,7.03,5240901.0,36821217.0,508060798.99999994,0.010315499661291524,002524
2023-11-24,7.04,7.07,6.99,7.04,4580304.0,32195361.0,508060798.99999994,0.009015267481796013,002524
2023-11-27,7.16,7.23,6.78,6.93,10487100.0,73162103.0,508060798.99999994,0.020641427208399916,002524
2023-11-28,6.9,7.0,6.81,6.96,6195690.0,42944637.0,508060798.99999994,0.012194780648683743,002524
2023-11-29,6.95,6.98,6.88,6.89,3768384.0,26128739.0,508060798.99999994,0.007417191027958054,002524
2023-11-30,6.91,6.92,6.81,6.87,3814300.0,26105917.0,508060798.99999994,0.0075075660383709325,002524
2023-12-01,6.96,6.97,6.8,6.82,5212400.0,35819438.0,508060798.99999994,0.010259402044517906,002524
2023-12-04,6.85,6.87,6.75,6.78,5864300.0,39930728.0,508060798.99999994,0.011542516194011655,002524
2023-12-05,6.8,6.82,6.73,6.74,3449600.0,23327850.0,508060798.99999994,0.006789738564340605,002524
2023-12-06,6.82,6.91,6.64,6.72,6237000.0,42076295.0,508060798.99999994,0.012276089814990825,002524
2023-12-07,6.76,6.76,6.63,6.65,4658300.0,31043448.0,508060798.99999994,0.009168784541473747,002524
2023-12-08,6.64,6.69,6.54,6.54,3623200.0,23923259.0,508060798.99999994,0.007131429953130473,002524
2023-12-11,6.5,6.65,6.43,6.6,5891600.0,38547752.0,508060798.99999994,0.011596249920474578,002524
2023-12-12,6.6,6.67,6.53,6.56,4469000.0,29402104.0,508060798.99999994,0.008796191339296777,002524
2023-12-13,6.54,6.67,6.54,6.61,4586800.0,30402368.0,508060798.99999994,0.009028053353118473,002524
2023-12-14,6.61,6.66,6.53,6.57,4098508.0,27046060.0,508060798.99999994,0.008066963654875487,002524
2023-12-15,6.58,6.65,6.52,6.53,4325314.0,28482887.0,508060798.99999994,0.008513378730485365,002524
2023-12-18,6.52,6.59,6.47,6.49,3713602.0,24218944.0,508060798.99999994,0.0073093653501891225,002524
2023-12-19,6.48,6.52,6.42,6.48,3324400.0,21492791.0,508060798.99999994,0.006543311364591229,002524
2023-12-20,6.48,6.55,6.42,6.42,2899700.0,18783804.0,508060798.99999994,0.005707387788444588,002524
2023-12-21,6.4,6.46,6.3,6.44,4085500.0,26122324.0,508060798.99999994,0.008041360419936671,002524
2023-12-22,6.48,6.48,6.36,6.37,3400000.0,21739479.0,508060798.99999994,0.006692112453257785,002524
2023-12-25,6.37,6.39,6.3,6.35,3860200.0,24483368.0,508060798.99999994,0.007597909556489912,002524
2023-12-26,6.35,6.38,6.24,6.26,3274175.0,20569549.0,508060798.99999994,0.006444455085778032,002524
2023-12-27,6.3,6.38,6.24,6.36,3552700.0,22440712.0,508060798.99999994,0.006992667033143804,002524
2023-12-28,6.33,6.46,6.24,6.4,3857300.0,24530146.0,508060798.99999994,0.007592201578220957,002524
2023-12-29,6.39,6.46,6.37,6.45,3194300.0,20563227.0,508060798.99999994,0.006287239649835689,002524
2024-01-02,6.57,6.58,6.47,6.54,4850406.0,31702039.0,508060798.99999994,0.009546900704693023,002524
2024-01-03,6.51,6.6,6.5,6.55,4704800.0,30843185.0,508060798.99999994,0.00926030902061389,002524
2024-01-04,6.54,6.59,6.5,6.54,3012512.0,19679792.0,508060798.99999994,0.0059294320796436815,002524
2024-01-05,6.57,6.58,6.43,6.45,3411100.0,22175141.0,508060798.99999994,0.006713960232149303,002524
2024-01-08,6.45,6.45,6.32,6.33,3493101.0,22350527.0,508060798.99999994,0.0068753602066433,002524
2024-01-09,6.33,6.43,6.3,6.36,3697700.0,23478833.0,508060798.99999994,0.007278065946591562,002524
2024-01-10,6.35,6.43,6.27,6.32,3636925.0,23098236.0,508060798.99999994,0.00715844443648958,002524
2024-01-11,6.32,6.41,6.27,6.35,4210600.0,26724771.0,508060798.99999994,0.008287590792849185,002524
2024-01-12,6.35,6.41,6.11,6.13,8210314.0,51182127.0,508060798.99999994,0.016160101342516688,002524
2024-01-15,6.13,6.25,6.07,6.2,5562313.0,34400326.0,508060798.99999994,0.010948124734181667,002524
2024-01-16,6.21,6.23,6.05,6.15,5371701.0,32852265.0,508060798.99999994,0.010572949163905087,002524
2024-01-17,6.13,6.17,5.96,5.97,4410400.0,26729854.0,508060798.99999994,0.008680850812896511,002524
2024-01-18,5.94,5.98,5.69,5.85,6500100.0,37736552.0,508060798.99999994,0.01279394122277086,002524
2024-01-19,5.89,5.96,5.82,5.83,4387100.0,25777575.0,508060798.99999994,0.008634990159908009,002524
2024-01-22,5.82,5.88,5.43,5.47,5828512.0,32883049.0,508060798.99999994,0.011472075805636011,002524
2024-01-23,5.47,5.54,5.28,5.42,7321100.0,39447409.0,508060798.99999994,0.014409889553395755,002524
2024-01-24,5.47,5.59,5.21,5.46,9520700.0,51193296.0,508060798.99999994,0.018739292656979822,002524
2024-01-25,5.43,5.66,5.42,5.64,5336450.0,29562694.0,508060798.99999994,0.010503565735643384,002524
2024-01-26,5.64,5.78,5.58,5.68,4706300.0,26839992.0,508060798.99999994,0.009263261423166799,002524
2024-01-29,5.67,5.72,5.36,5.38,8562700.0,46803284.0,508060798.99999994,0.01685369155985601,002524
2024-01-30,5.38,5.44,5.25,5.26,6215100.0,33171130.0,508060798.99999994,0.01223298473771837,002524
2024-01-31,5.3,5.3,4.91,4.93,7934285.0,40152290.0,508060798.99999994,0.015616802192998954,002524
2024-02-01,4.93,4.98,4.77,4.84,7380600.0,35972958.0,508060798.99999994,0.014527001521327767,002524
2024-02-02,4.85,4.94,4.36,4.52,10341672.0,47591914.0,508060798.99999994,0.020355185876090396,002524
2024-02-05,4.47,4.55,4.07,4.07,14259400.0,59010957.0,508060798.99999994,0.02806632597528943,002524
2024-02-06,3.88,4.12,3.66,3.97,20034000.0,76501949.0,508060798.99999994,0.03943228849663719,002524
2024-02-07,4.0,4.0,3.57,3.59,23428414.0,85647507.0,508060798.99999994,0.04611340620278795,002524
2024-02-08,3.6,3.95,3.36,3.89,25202470.0,92084463.0,508060798.99999994,0.04960522451172227,002524
2024-02-19,3.96,4.12,3.89,4.09,17068415.0,68667716.0,508060798.99999994,0.03359522134672705,002524
2024-02-20,4.09,4.19,3.99,4.18,12394900.0,51284254.0,508060798.99999994,0.024396489602024975,002524
2024-02-21,4.18,4.48,4.12,4.33,11184805.0,48627592.0,508060798.99999994,0.022014697890517628,002524
2024-02-22,4.33,4.48,4.32,4.47,7539100.0,33181618.0,508060798.99999994,0.014838972057751696,002524
2024-02-23,4.48,4.73,4.48,4.7,11251600.0,51691607.0,508060798.99999994,0.022146168376198615,002524
2024-02-26,4.7,4.96,4.67,4.78,11900232.0,57072813.0,508060798.99999994,0.023422850224663765,002524
2024-02-27,4.8,4.89,4.7,4.85,7722354.0,37308080.0,508060798.99999994,0.015199665109372078,002524
2024-02-28,4.87,5.0,4.4,4.41,16232002.0,76729165.0,508060798.99999994,0.031948936095736846,002524
2024-02-29,4.37,4.63,4.35,4.63,11150101.0,50603353.0,508060798.99999994,0.021946391105053552,002524
2024-03-01,4.66,4.7,4.58,4.65,7156600.0,33198311.0,508060798.99999994,0.014086109406760196,002524
2024-03-04,4.66,4.72,4.59,4.68,7774902.0,36204835.0,508060798.99999994,0.015303093675605547,002524
2024-03-05,4.66,4.68,4.55,4.58,6604802.0,30447545.0,508060798.99999994,0.013000022857500565,002524
2024-03-06,4.6,4.61,4.48,4.54,5454500.0,24770688.0,508060798.99999994,0.010735919816557232,002524
2024-03-07,4.59,4.6,4.46,4.46,5463401.0,24756043.0,508060798.99999994,0.010753439373306186,002524
2024-03-08,4.48,4.55,4.46,4.54,4289961.0,19341855.0,508060798.99999994,0.008443794538850065,002524
2024-03-11,4.54,4.65,4.53,4.64,5647502.0,25930065.0,508060798.99999994,0.011115799548234778,002524
2024-03-12,4.64,4.84,4.64,4.78,8623000.0,41044544.0,508060798.99999994,0.016972378142482907,002524
2024-03-13,4.78,4.83,4.71,4.76,7121700.0,33820068.0,508060798.99999994,0.014017416840695874,002524
2024-03-14,4.79,4.86,4.69,4.75,7299200.0,34921519.0,508060798.99999994,0.014366784476123301,002524
2024-03-15,4.74,4.82,4.69,4.81,6900602.0,32904520.0,508060798.99999994,0.013582236640933993,002524
2024-03-18,4.82,4.89,4.78,4.89,7160300.0,34659857.0,508060798.99999994,0.014093391999724035,002524
2024-03-19,4.88,4.95,4.88,4.89,7046742.0,34606030.0,508060798.99999994,0.013869879380321961,002524
2024-03-20,4.88,4.98,4.86,4.97,6663300.0,32870544.0,508060798.99999994,0.013115162620527235,002524
2024-03-21,4.98,5.47,4.91,5.28,34676780.0,182695149.0,508060798.99999994,0.0682532091990825,002524
2024-03-22,5.08,5.3,5.01,5.12,32475353.0,165818783.0,508060798.99999994,0.06392021006918899,002524
2024-03-25,5.04,5.09,4.81,4.83,20228704.0,99881505.0,508060798.99999994,0.03981551822107811,002524
2024-03-26,4.77,4.86,4.65,4.76,12340624.0,58602360.0,508060798.99999994,0.02428965986805056,002524
2024-03-27,4.74,5.09,4.7,4.71,14666753.0,71245668.0,508060798.99999994,0.028868106000045878,002524
2024-03-28,4.61,4.8,4.59,4.73,10915900.0,51476170.0,508060798.99999994,0.02148542068485784,002524
2024-03-29,4.75,4.81,4.7,4.76,7585172.0,36015563.0,508060798.99999994,0.014929654118030076,002524
2024-04-01,4.8,4.92,4.76,4.92,9204100.0,44657578.0,508060798.99999994,0.018116138891479405,002524
2024-04-02,4.9,5.13,4.87,4.99,15483390.0,77182132.0,508060798.99999994,0.030475466775778545,002524
2024-04-03,4.97,4.99,4.82,4.94,10433402.0,51181468.0,508060798.99999994,0.02053573513354255,002524
2024-04-08,4.92,4.94,4.74,4.75,8167775.0,39318139.0,508060798.99999994,0.016076373174384588,002524
2024-04-09,4.73,4.89,4.72,4.88,6456602.0,31020324.0,508060798.99999994,0.01270832548527327,002524
2024-04-10,4.87,4.88,4.68,4.73,7686202.0,36557672.0,508060798.99999994,0.015128508271310263,002524
2024-04-11,4.71,4.81,4.63,4.71,5115802.0,24234038.0,508060798.99999994,0.010069271256647378,002524
2024-04-12,4.71,4.75,4.59,4.62,6128100.0,28437076.0,508060798.99999994,0.012061745389649716,002524
2024-04-15,4.6,4.63,4.25,4.33,11664349.0,51087803.0,508060798.99999994,0.022958569177072057,002524
2024-04-16,4.27,4.27,3.9,3.9,13527969.0,53730414.0,508060798.99999994,0.026626673474172136,002524
2024-04-17,3.98,4.17,3.94,4.17,10614167.0,43565231.0,508060798.99999994,0.02089152916519348,002524
2024-04-18,4.17,4.24,4.07,4.14,8453100.0,35160218.0,508060798.99999994,0.016637969346656876,002524
2024-04-19,4.14,4.23,4.07,4.13,6523539.0,26996871.0,508060798.99999994,0.012840075465062599,002524
2024-04-22,4.18,4.18,3.97,4.07,6043500.0,24550856.0,508060798.99999994,0.011895229885665713,002524
2024-04-23,4.08,4.23,4.07,4.2,6135901.0,25552514.0,508060798.99999994,0.012077099851193205,002524
2024-04-24,4.25,4.28,4.19,4.27,5017400.0,21292677.0,508060798.99999994,0.009875589712639885,002524
2024-04-25,4.25,4.44,4.25,4.4,7669060.0,33576407.0,508060798.99999994,0.015094768214935632,002524
2024-04-26,4.2,4.2,3.98,4.1,21788300.0,88297534.0,508060798.99999994,0.042885221695681354,002524
2024-04-29,4.05,4.24,4.02,4.24,15602000.0,64692318.0,508060798.99999994,0.030708923086978812,002524
2024-04-30,4.24,4.31,4.07,4.14,10112700.0,42047979.0,508060798.99999994,0.01990450753119412,002524
2024-05-06,4.18,4.32,4.18,4.32,11137256.0,47520799.0,508060798.99999994,0.02192110869785882,002524
2024-05-07,4.37,4.4,4.28,4.35,8159300.0,35339913.0,508060798.99999994,0.01605969209996066,002524
2024-05-08,4.37,4.42,4.29,4.35,12805600.0,55943960.0,508060798.99999994,0.025204857421011143,002524
2024-05-09,4.35,4.53,4.32,4.46,9008273.0,40088867.0,508060798.99999994,0.01773069880166055,002524
2024-05-10,4.46,4.49,4.28,4.29,8507700.0,36860438.0,508060798.99999994,0.016745436799582722,002524
2024-05-13,4.28,4.28,4.13,4.15,9498400.0,39738994.0,508060798.99999994,0.018695400272359924,002524
2024-05-14,4.16,4.25,4.12,4.24,7029102.0,29634796.0,508060798.99999994,0.013835159126299765,002524
2024-05-15,4.23,4.25,4.16,4.2,5099100.0,21453461.0,508060798.99999994,0.010036397238354932,002524
2024-05-16,4.22,4.32,4.21,4.25,6023400.0,25676542.0,508060798.99999994,0.011855667691456748,002524
2024-05-17,4.3,4.33,4.21,4.3,6072600.0,25913729.0,508060798.99999994,0.011952506495192125,002524
2024-05-20,4.28,4.34,4.2,4.24,6727711.0,28765008.0,508060798.99999994,0.013241940754417467,002524
2024-05-21,4.23,4.24,4.1,4.13,5852700.0,24213140.0,508060798.99999994,0.011519684280935834,002524
2024-05-22,4.15,4.23,4.13,4.15,4574002.0,19092402.0,508060798.99999994,0.009002863454537064,002524
2024-05-23,4.12,4.14,4.03,4.04,6258400.0,25473030.0,508060798.99999994,0.012318210758078978,002524
2024-05-24,4.07,4.09,4.01,4.01,3406900.0,13779318.0,508060798.99999994,0.006705693505001161,002524
2024-05-27,4.01,4.05,3.92,4.04,4968702.0,19766377.0,508060798.99999994,0.009779738979625549,002524
2024-05-28,4.04,4.05,3.95,3.95,4334202.0,17228920.0,508060798.99999994,0.008530872699745529,002524
2024-05-29,3.96,4.03,3.95,4.0,3717700.0,14828501.0,508060798.99999994,0.007317431313963667,002524
2024-05-30,4.0,4.02,3.9,3.91,5893200.0,23190622.0,508060798.99999994,0.011599399149864346,002524
2024-05-31,3.91,3.95,3.87,3.89,4857756.0,18973655.0,508060798.99999994,0.009561367477202272,002524
2024-06-03,3.88,3.89,3.69,3.73,8395556.0,31590958.0,508060798.99999994,0.01652470731165386,002524
2024-06-04,3.73,3.73,3.53,3.56,10795180.0,38717977.0,508060798.99999994,0.021247811327399817,002524
2024-06-05,3.55,3.55,3.37,3.45,7426080.0,25874841.0,508060798.99999994,0.014616518366731933,002524
2024-06-06,3.48,3.49,3.11,3.15,21436955.0,68667030.0,508060798.99999994,0.04219368044571375,002524
2024-06-07,3.2,3.38,3.17,3.34,13640100.0,45097701.0,508060798.99999994,0.02684737737461221,002524
2024-06-11,3.33,3.36,3.23,3.32,8433800.0,27782246.0,508060798.99999994,0.016599981767142797,002524
2024-06-12,3.33,3.45,3.3,3.41,7175100.0,24317187.0,508060798.99999994,0.014122522371579392,002524
2024-06-13,3.45,3.45,3.31,3.35,6091039.0,20460671.0,508060798.99999994,0.011988799395640837,002524
2024-06-14,3.37,3.4,3.26,3.38,7015450.0,23568836.0,508087424.0,0.01380756473909498,002524
2024-06-17,3.38,3.38,3.28,3.3,5050435.0,16784071.0,508087424.0,0.009940090546307243,002524
2024-06-18,3.3,3.36,3.27,3.34,6978300.0,23193659.0,508087424.0,0.013734447400926027,002524
2024-06-19,3.34,3.4,3.3,3.32,4172700.0,13934643.0,508087424.0,0.008212563041119475,002524
2024-06-20,3.32,3.36,3.23,3.23,5650800.0,18531271.0,508087424.0,0.011121708062587277,002524
2024-06-21,3.23,3.29,3.18,3.21,3831900.0,12405883.0,508087424.0,0.007541812331887199,002524
2024-06-24,3.18,3.19,3.04,3.07,7182400.0,22238496.0,508087424.0,0.014136149923679276,002524
2024-06-25,3.07,3.16,3.04,3.12,4943400.0,15363007.0,508087424.0,0.009729427981275915,002524
2024-06-26,3.09,3.3,3.09,3.29,7414780.0,23817687.0,508447424.0,0.014583179400668967,002524
2024-06-27,3.29,3.32,3.19,3.19,4464585.0,14462230.0,508447424.0,0.00878081939107238,002524
2024-06-28,3.18,3.23,3.13,3.15,4234900.0,13496836.0,508447424.0,0.008329081435173129,002524
2024-07-01,3.14,3.17,3.07,3.12,4635928.0,14455373.0,508299424.0,0.009120466758585192,002524
2024-07-02,3.12,3.25,3.11,3.21,5473708.0,17516726.0,508299424.0,0.010768668508268858,002524
2024-07-03,3.23,3.3,3.21,3.23,4011900.0,13058766.0,508299424.0,0.007892788798438615,002524
2024-07-04,3.23,3.26,3.07,3.09,5865427.0,18319882.0,508299424.0,0.01153931466977228,002524
2024-07-05,3.07,3.2,3.04,3.19,5619687.0,17621920.0,508299424.0,0.01105585946916202,002524
2024-07-08,3.18,3.18,3.05,3.07,5433400.0,16773471.0,508299424.0,0.010689368792202291,002524
2024-07-09,3.09,3.11,2.9,3.01,7684139.0,22997045.0,508299424.0,0.015117347447554849,002524
2024-07-10,3.01,3.03,2.94,2.95,4119118.0,12279931.0,508299424.0,0.008103723524974918,002524
2024-07-11,3.02,3.25,3.02,3.25,9256560.0,29456236.0,508299424.0,0.018210841017990215,002524
2024-07-12,3.33,3.38,3.17,3.19,21552604.0,69893572.0,508299424.0,0.04240139371080617,002524
2024-07-15,3.23,3.29,3.08,3.12,10407380.0,32541396.0,508299424.0,0.02047490024305044,002524
2024-07-16,3.14,3.17,3.06,3.1,10086445.0,31290487.0,508299424.0,0.019843510584029306,002524
2024-07-17,3.16,3.32,3.08,3.1,12833149.0,40375649.0,508299424.0,0.02524722318001289,002524
2024-07-18,3.06,3.09,2.92,3.06,11458500.0,34765389.0,508299424.0,0.02254281523639893,002524
2024-07-19,3.04,3.09,3.0,3.06,7701279.0,23480372.0,508299424.0,0.015151067729716727,002524
2024-07-22,3.07,3.1,3.01,3.07,6957200.0,21283199.0,508299424.0,0.013687208112988142,002524
2024-07-23,3.08,3.15,3.05,3.05,7893749.0,24460622.0,508299424.0,0.015529722496793543,002524
2024-07-24,3.05,3.07,2.97,2.97,6850945.0,20620772.0,508299424.0,0.013478167939061052,002524
2024-07-25,2.93,3.05,2.93,3.01,5537549.0,16599910.0,508299424.0,0.010894265738927928,002524
2024-07-26,3.02,3.07,3.01,3.03,3773180.0,11457471.0,508299424.0,0.007423144355166533,002524
2024-07-29,3.03,3.11,3.01,3.06,4745601.0,14526506.0,508299424.0,0.009336231315501157,002524
2024-07-30,3.06,3.2,3.05,3.1,7908100.0,24745342.0,508299424.0,0.015557955855562803,002524
2024-07-31,3.09,3.26,3.07,3.23,10916800.0,34769605.0,508299424.0,0.021477104801912977,002524
2024-08-01,3.23,3.27,3.19,3.21,6820000.0,22005151.0,508299424.0,0.013417288468145107,002524
2024-08-02,3.18,3.34,3.18,3.26,10642500.0,35097192.0,508299424.0,0.02093746224666192,002524
2024-08-05,3.26,3.34,3.21,3.23,9393300.0,30785400.0,508299424.0,0.018479855684432174,002524
2024-08-06,3.23,3.34,3.22,3.34,8450800.0,27786228.0,508299424.0,0.016625633634398923,002524
2024-08-07,3.34,3.35,3.25,3.29,6198900.0,20375433.0,508299424.0,0.012195370892255822,002524
2024-08-08,3.27,3.35,3.27,3.32,5836000.0,19362547.0,508299424.0,0.01148142162757989,002524
2024-08-09,3.33,3.37,3.27,3.27,4708700.0,15571301.0,508299424.0,0.00926363434163561,002524
2024-08-12,3.27,3.34,3.25,3.29,5854400.0,19317572.0,508299424.0,0.011517620763622978,002524
2024-08-13,3.3,3.37,3.22,3.29,6032400.0,19808525.0,508299424.0,0.011867808057952865,002524
2024-08-14,3.3,3.33,3.23,3.32,5758700.0,18910164.0,508299424.0,0.01132934590931191,002524
2024-08-15,3.32,3.38,3.27,3.35,7789301.0,25959171.0,508299424.0,0.015324237314107206,002524
2024-08-16,3.36,3.38,3.26,3.34,8277400.0,27446799.0,508299424.0,0.01628449612407981,002524
2024-08-19,3.31,3.33,3.23,3.25,7842501.0,25610624.0,508299424.0,0.015428900033536138,002524
2024-08-20,3.24,3.27,3.15,3.17,6797500.0,21682939.0,508299424.0,0.013373023220266329,002524
2024-08-21,3.18,3.18,3.1,3.12,4106600.0,12876918.0,508299424.0,0.008079096308399515,002524
2024-08-22,3.12,3.16,3.06,3.07,5035300.0,15658554.0,508299424.0,0.009906169006400447,002524
2024-08-23,3.1,3.11,3.03,3.05,5854100.0,17952058.0,508299424.0,0.011517030560317928,002524
2024-08-26,3.07,3.17,3.04,3.15,6967035.0,21787069.0,508299424.0,0.013706556944672044,002524
2024-08-27,3.16,3.22,3.12,3.13,5160600.0,16232906.0,508299424.0,0.010152677253476487,002524
2024-08-28,3.12,3.28,3.12,3.24,9368835.0,30187745.0,508299424.0,0.018431724604905317,002524
2024-08-29,3.25,3.27,3.17,3.25,7975411.0,25745172.0,508299424.0,0.015690379771116956,002524
2024-08-30,3.25,3.34,3.24,3.29,7447292.0,24539497.0,508299424.0,0.014651387840250631,002524
2024-09-02,3.3,3.35,3.26,3.26,5085700.0,16801017.0,508299424.0,0.01000532316164891,002524
2024-09-03,3.26,3.32,3.23,3.28,4863600.0,15948488.0,508299424.0,0.00956837598147662,002524
2024-09-04,3.27,3.31,3.24,3.25,5055600.0,16538873.0,508299424.0,0.009946106096708856,002524
2024-09-05,3.28,3.31,3.25,3.31,4696480.0,15444392.0,508299424.0,0.00923959339367656,002524
2024-09-06,3.29,3.32,3.2,3.22,4913301.0,15985530.0,508299424.0,0.009666154963024315,002524
2024-09-09,3.22,3.54,3.19,3.54,15711999.0,54053592.0,508299424.0,0.03091091246249376,002524
2024-09-10,3.72,3.72,3.48,3.59,50233248.0,180350809.0,508299424.0,0.09882609664338317,002524
2024-09-11,3.53,3.62,3.44,3.46,31440699.0,109764679.0,508299424.0,0.06185468154297968,002524
2024-09-12,3.47,3.58,3.41,3.42,17961180.0,62183712.0,508299424.0,0.035335825995348756,002524
2024-09-13,3.42,3.48,3.38,3.41,13304900.0,45523342.0,508299424.0,0.026175319844548947,002524
2024-09-18,3.44,3.45,3.3,3.33,13065082.0,43603697.0,508299424.0,0.02570351525718038,002524
2024-09-19,3.33,3.47,3.33,3.45,12691877.0,43291612.0,508299424.0,0.02496929250897597,002524
2024-09-20,3.44,3.47,3.33,3.36,10112600.0,34135332.0,508299424.0,0.01989496647550795,002524
2024-09-23,3.38,3.42,3.34,3.36,9657842.0,32559160.0,508299424.0,0.01900030089351429,002524
2024-09-24,3.36,3.49,3.36,3.49,12872400.0,44162072.0,508299424.0,0.02532444341310133,002524
2024-09-25,3.54,3.61,3.49,3.54,16164100.0,57347496.0,508299424.0,0.03180035081054902,002524
2024-09-26,3.52,3.68,3.5,3.67,12789100.0,45854407.0,508299424.0,0.025160563628732344,002524
2024-09-27,3.72,3.89,3.65,3.83,19396400.0,73082726.0,508299424.0,0.038159397953596734,002524
2024-09-30,3.96,4.21,3.86,4.16,29253704.0,118868857.0,508299424.0,0.057552109285884216,002524
2024-10-08,4.57,4.58,4.13,4.35,34847508.0,150903485.0,508299424.0,0.06855704798123084,002524
2024-10-09,4.2,4.21,3.92,3.92,25888348.0,103950398.0,508299424.0,0.05093129517298056,002524
2024-10-10,3.89,3.98,3.77,3.83,17913506.0,69338059.0,508299424.0,0.03524203482079885,002524
2024-10-11,3.83,3.87,3.65,3.7,12577700.0,47140942.0,508299424.0,0.02474466703310685,002524
2024-10-14,3.75,3.79,3.67,3.78,11239335.0,42108260.0,508299424.0,0.02211164221189438,002524
2024-10-15,3.8,3.8,3.69,3.7,8195676.0,30711982.0,508299424.0,0.01612371687440669,002524
2024-10-16,3.67,3.77,3.64,3.73,8626132.0,32114107.0,508299424.0,0.016970572054002563,002524
2024-10-17,3.76,3.82,3.68,3.69,10697933.0,40135708.0,508299424.0,0.021046518046024778,002524
2024-10-18,3.7,3.81,3.66,3.75,14751537.0,54889794.0,508299424.0,0.029021352973242796,002524
2024-10-21,3.75,3.79,3.71,3.75,14776800.0,55418152.0,508299424.0,0.029071053993561087,002524
2024-10-22,3.77,3.89,3.75,3.89,17459300.0,67130170.0,508299424.0,0.034348455212886486,002524
2024-10-23,3.9,3.94,3.83,3.86,15351100.0,59503189.0,508299424.0,0.030200899853862515,002524
2024-10-24,3.84,3.9,3.82,3.87,12801144.0,49529863.0,508299424.0,0.025184258324085766,002524
2024-10-25,3.85,3.95,3.8,3.93,17404494.0,67914177.0,508299424.0,0.03424063293843119,002524
2024-10-28,3.93,4.08,3.93,4.07,16070387.0,64764457.0,508299424.0,0.031615985069461734,002524
2024-10-29,4.1,4.11,3.89,3.9,15710500.0,62284158.0,508299424.0,0.03090796341331286,002524
2024-10-30,3.93,3.95,3.8,3.84,12877743.0,49782999.0,508299424.0,0.025334954933964277,002524
2024-10-31,3.82,3.92,3.82,3.9,10996712.0,42755639.0,508299424.0,0.021634319223623594,002524
2024-11-01,3.92,3.95,3.77,3.79,13469336.0,51704466.0,508299424.0,0.026498822080113157,002524
2024-11-04,3.79,3.86,3.77,3.86,8202800.0,31384012.0,508299424.0,0.016137732235557284,002524
2024-11-05,3.85,3.95,3.85,3.95,11822500.0,46292126.0,508299424.0,0.023258928579860047,002524
2024-11-06,3.94,4.05,3.88,4.01,16627080.0,66243138.0,508299424.0,0.03271119189778975,002524
2024-11-07,3.99,4.27,3.95,4.23,21387556.0,88723413.0,508299424.0,0.04207668746049966,002524
2024-11-08,4.3,4.31,4.13,4.15,16932878.0,70876090.0,508299424.0,0.0333128018653824,002524
2024-11-11,4.16,4.18,4.05,4.16,12383403.0,51162939.0,508299424.0,0.024362417927902277,002524
2024-11-12,4.17,4.58,4.17,4.58,60579836.0,270773059.0,508299424.0,0.11918139808869821,002524
2024-11-13,4.4,5.04,4.36,4.83,93358368.0,447449335.0,508299424.0,0.18366805782569606,002524
2024-11-14,4.7,4.76,4.41,4.42,57563370.0,261308511.0,508299424.0,0.11324697074612464,002524
2024-11-15,4.49,4.55,4.25,4.26,32693443.0,142385057.0,508299424.0,0.06431926037358641,002524
2024-11-18,4.27,4.33,3.98,3.99,30957308.0,126418351.0,508299424.0,0.06090368499020766,002524
2024-11-19,4.01,4.3,3.93,4.06,28442447.0,114972566.0,508299424.0,0.055956087410400056,002524
2024-11-20,4.07,4.24,4.04,4.2,27296743.0,113894935.0,508299424.0,0.05370209311903529,002524
2024-11-21,4.22,4.26,4.13,4.21,20591096.0,86475002.0,508299424.0,0.04050977637936493,002524
2024-11-22,4.24,4.24,4.01,4.02,17329789.0,71488472.0,508299424.0,0.034093662478751896,002524
2024-11-25,4.05,4.2,4.05,4.18,18809900.0,77857101.0,508299424.0,0.03700555049222326,002524
2024-11-26,4.16,4.28,4.16,4.22,16633526.0,70373249.0,508299424.0,0.032723873399470936,002524
2024-11-27,4.23,4.23,4.06,4.22,16080200.0,66492025.0,508299424.0,0.031635290619569933,002524
2024-11-28,4.21,4.35,4.19,4.29,17335500.0,74157396.0,508299424.0,0.0341048979823357,002524
2024-11-29,4.29,4.36,4.23,4.32,15191026.0,65401360.0,508299424.0,0.029885979174353736,002524
2024-12-02,4.44,4.61,4.38,4.55,30486848.0,137174893.0,508299424.0,0.05997812816722767,002524
2024-12-03,4.54,4.6,4.49,4.59,20457800.0,93213452.0,508299424.0,0.04024753724686495,002524
2024-12-04,4.56,4.56,4.38,4.41,18122655.0,80948972.0,508299424.0,0.03565350292429212,002524
2024-12-05,4.41,4.5,4.41,4.5,10397000.0,46289964.0,508299424.0,0.0204544792086957,002524
2024-12-06,4.48,4.68,4.46,4.66,20198600.0,92866590.0,508299424.0,0.03973760159130143,002524
2024-12-09,4.73,5.02,4.68,4.77,39914785.0,192738380.0,508299424.0,0.0785261267579166,002524
2024-12-10,4.87,4.92,4.7,4.71,29486181.0,140892585.0,508299424.0,0.0580094715983782,002524
2024-12-11,4.71,4.81,4.69,4.78,16476400.0,78438203.0,508299424.0,0.032414752451106456,002524
2024-12-12,4.8,4.86,4.74,4.86,16593700.0,79894473.0,508299424.0,0.032645521943381155,002524
2024-12-13,4.86,4.86,4.6,4.63,21226610.0,99775065.0,508299424.0,0.041760051256717536,002524
2024-12-16,4.63,4.69,4.55,4.59,13836301.0,63868003.0,508299424.0,0.027220768599572523,002524
2024-12-17,4.58,4.58,4.27,4.31,19201102.0,83905896.0,508299424.0,0.037775179536697644,002524
2024-12-18,4.3,4.32,4.16,4.24,13806900.0,58741578.0,508299424.0,0.027162926708333236,002524
2024-12-19,4.2,4.25,4.1,4.18,11911900.0,49634403.0,508299424.0,0.023434809164765057,002524
2024-12-20,4.17,4.23,4.15,4.18,9154900.0,38379159.0,508299424.0,0.018010840791352147,002524
2024-12-23,4.18,4.19,3.84,3.85,20894100.0,82505792.0,508299424.0,0.041105889586843206,002524
2024-12-24,3.87,3.95,3.76,3.86,19737369.0,75826150.0,508299424.0,0.03883020138932914,002524
2024-12-25,3.89,3.96,3.7,3.8,17329369.0,65736744.0,508299424.0,0.03409283619412482,002524
2024-12-26,3.8,3.97,3.77,3.79,15292700.0,58679172.0,508299424.0,0.030086006943812707,002524
2024-12-27,3.79,3.94,3.76,3.87,15003300.0,57983257.0,508299424.0,0.029516657488874116,002524
2024-12-30,3.86,3.86,3.66,3.73,15045290.0,56165216.0,508299424.0,0.029599266278137668,002524
2024-12-31,3.74,3.77,3.62,3.64,9705300.0,35794162.0,508299424.0,0.01909366712168456,002524
