日期,开盘,最高,最低,收盘,成交量,成交额,outstanding_share,换手率,股票代码
2020-01-02,2.6,2.68,2.58,2.67,79117140.0,209410037.0,1600041927.0000002,0.04944691677445024,002517
2020-01-03,2.71,2.9,2.71,2.76,113722446.0,317184127.0,1600042152.0,0.07107465628818009,002517
2020-01-06,2.72,2.82,2.72,2.76,91796874.0,253580317.0,1600042152.0,0.05737153479691578,002517
2020-01-07,2.78,2.94,2.76,2.89,111843240.0,319728593.0,1600042152.0,0.06990018347966623,002517
2020-01-08,2.89,2.93,2.79,2.8,79288817.0,225710326.0,1600042152.0,0.04955420511946613,002517
2020-01-09,2.83,2.93,2.83,2.86,72125226.0,207108789.0,1600042152.0,0.0450770786943618,002517
2020-01-10,2.88,2.9,2.81,2.82,46589160.0,132252727.0,1600042152.0,0.02911745790057161,002517
2020-01-13,2.81,2.82,2.74,2.8,51932400.0,144355178.0,1600042152.0,0.032456894923103254,002517
2020-01-14,2.82,2.84,2.77,2.78,42339678.0,118510341.0,1600042152.0,0.026461601619105345,002517
2020-01-15,2.77,2.78,2.7,2.72,44541311.0,121720967.0,1600042152.0,0.027837585993796994,002517
2020-01-16,2.74,2.75,2.68,2.69,33458649.0,90763656.0,1600042152.0,0.0209111047219461,002517
2020-01-17,2.69,2.71,2.62,2.64,40463987.0,107824136.0,1600042152.0,0.02528932562771634,002517
2020-01-20,2.62,2.67,2.61,2.67,28422843.0,75210234.0,1600042152.0,0.01776380888745486,002517
2020-01-21,2.58,2.64,2.44,2.61,58528841.0,150480087.0,1600042152.0,0.03657956193644078,002517
2020-01-22,2.65,2.72,2.56,2.68,56492650.0,149879756.0,1600042152.0,0.03530697608771497,002517
2020-01-23,2.66,2.68,2.54,2.62,44758123.0,117171327.0,1600042152.0,0.027973089923945954,002517
2020-02-03,2.36,2.47,2.36,2.36,67021523.0,159994728.0,1600042152.0,0.04188734835280764,002517
2020-02-04,2.35,2.6,2.34,2.56,98382600.0,245842015.0,1600042152.0,0.06148750511167783,002517
2020-02-05,2.57,2.73,2.57,2.68,86652476.0,231292598.0,1600042152.0,0.05415637075041258,002517
2020-02-06,2.71,2.8,2.64,2.78,94131965.0,256547127.0,1600042152.0,0.05883092822419593,002517
2020-02-07,2.77,3.06,2.73,2.97,154727009.0,446514111.0,1600042152.0,0.09670183301520921,002517
2020-02-10,2.91,2.93,2.78,2.83,106134417.0,302285258.0,1600042152.0,0.0663322631015286,002517
2020-02-11,2.8,2.88,2.74,2.77,76050529.0,212778444.0,1600042152.0,0.04753032843849729,002517
2020-02-12,2.74,2.88,2.73,2.85,79661900.0,225869657.0,1600042152.0,0.04978737585158319,002517
2020-02-13,2.85,2.87,2.76,2.82,64469880.0,181157736.0,1600042152.0,0.04029261349109758,002517
2020-02-14,2.8,2.89,2.77,2.82,59249384.0,168479989.0,1600042152.0,0.037029889447562504,002517
2020-02-17,2.84,2.95,2.82,2.91,84697884.0,244453427.0,1600042152.0,0.052934782933143625,002517
2020-02-18,2.91,3.02,2.87,2.98,97172329.0,284889197.0,1600042152.0,0.06073110566402128,002517
2020-02-19,2.95,2.95,2.85,2.86,87191843.0,252823871.0,1600042152.0,0.054493466244631784,002517
2020-02-20,2.87,2.89,2.79,2.87,83940772.0,238971972.0,1600042152.0,0.052461600399137484,002517
2020-02-21,2.87,3.0,2.83,2.94,110714241.0,325486458.0,1600042152.0,0.06919457769385065,002517
2020-02-24,2.93,3.07,2.92,3.02,109575304.0,329935984.0,1600042152.0,0.06848276082166616,002517
2020-02-25,2.94,2.98,2.83,2.95,104771343.0,305780056.0,1600042152.0,0.06548036429480265,002517
2020-02-26,2.94,3.25,2.92,3.25,237120702.0,746158563.0,1600042152.0,0.14819653451229828,002517
2020-02-27,3.43,3.58,3.21,3.58,253887849.0,880671963.0,1600042152.0,0.15867572531301663,002517
2020-02-28,3.22,3.9,3.22,3.37,416684944.0,1469520824.0,1600042152.0,0.26042122920271665,002517
2020-03-02,3.5,3.71,3.28,3.59,358406252.0,1271650684.0,1600042152.0,0.22399800627252475,002517
2020-03-03,3.5,3.54,3.31,3.36,265186134.0,909465139.0,1600042152.0,0.1657369674095936,002517
2020-03-04,3.23,3.4,3.22,3.31,131474659.0,434509821.0,1600042152.0,0.08216949711959838,002517
2020-03-05,3.32,3.39,3.26,3.31,109677842.0,363439677.0,1600042152.0,0.06854684538335838,002517
2020-03-06,3.25,3.27,3.13,3.17,121553311.0,387761773.0,1600042152.0,0.07596881797649041,002517
2020-03-09,3.17,3.25,3.11,3.19,94571195.0,301157434.0,1600042152.0,0.05910543974218999,002517
2020-03-10,3.12,3.19,3.01,3.18,86793214.0,270263389.0,1600042152.0,0.0542443296831345,002517
2020-03-11,3.17,3.25,3.1,3.11,67379599.0,213620714.0,1600042152.0,0.04211113995701783,002517
2020-03-12,3.06,3.08,2.96,3.0,65069591.0,196752217.0,1600042152.0,0.04066742299174128,002517
2020-03-13,2.8,2.94,2.76,2.92,69688651.0,199778851.0,1600042152.0,0.043554259438035106,002517
2020-03-16,2.94,2.99,2.76,2.81,54219699.0,157199944.0,1600042152.0,0.03388641913728783,002517
2020-03-17,2.85,2.91,2.66,2.84,47677263.0,132741331.0,1600042152.0,0.029797504359747644,002517
2020-03-18,2.91,3.04,2.88,2.9,85695429.0,253695245.0,1600042152.0,0.05355823213337445,002517
2020-03-19,2.88,2.99,2.85,2.99,62153889.0,182398808.0,1600042152.0,0.03884515724933227,002517
2020-03-20,3.03,3.03,2.92,2.97,42936990.0,127285081.0,1600042152.0,0.026834911784249044,002517
2020-03-23,2.89,2.93,2.81,2.82,38040905.0,109317897.0,1600042152.0,0.023774939274224822,002517
2020-03-24,2.87,2.9,2.74,2.86,38878868.0,109901327.0,1600042152.0,0.024298652352003788,002517
2020-03-25,2.93,2.98,2.87,2.93,47564828.0,138969206.0,1600042152.0,0.02972723433601142,002517
2020-03-26,2.9,2.94,2.86,2.88,31871119.0,92196866.0,1600042152.0,0.019918924610931126,002517
2020-03-27,2.93,2.94,2.87,2.93,40048838.0,116351158.0,1600042152.0,0.02502986433822401,002517
2020-03-30,2.9,2.9,2.79,2.81,32518261.0,92100642.0,1600042152.0,0.020323377705614345,002517
2020-03-31,2.85,2.87,2.8,2.82,22487950.0,63705658.0,1600042152.0,0.014054598481603002,002517
2020-04-01,2.8,2.85,2.76,2.77,22667830.0,63727621.0,1600042152.0,0.014167020519844404,002517
2020-04-02,2.77,2.89,2.77,2.88,34545650.0,98343794.0,1600042152.0,0.021590462449266774,002517
2020-04-03,2.87,2.9,2.81,2.82,26170231.0,74469515.0,1600042152.0,0.016355963477142195,002517
2020-04-07,2.86,2.92,2.86,2.9,36311050.0,104853069.0,1600042152.0,0.022693808381618188,002517
2020-04-08,2.88,2.95,2.88,2.94,35202210.0,102810372.0,1600042152.0,0.022000801638880824,002517
2020-04-09,2.94,3.03,2.93,3.0,50833824.0,152239573.0,1600042152.0,0.031770303011367164,002517
2020-04-10,3.0,3.01,2.87,2.88,34993650.0,101917050.0,1600042152.0,0.021870455072861106,002517
2020-04-13,2.86,2.88,2.8,2.84,15618791.0,44426924.0,1600042152.0,0.009761487208619489,002517
2020-04-14,2.86,2.86,2.82,2.86,27939235.0,79349420.0,1600042152.0,0.017461561850153056,002517
2020-04-15,2.85,2.85,2.8,2.81,26802000.0,75689103.0,1600042152.0,0.0167508086999448,002517
2020-04-16,2.79,2.9,2.76,2.85,30371420.0,85571219.0,1600042152.0,0.01898163742876194,002517
2020-04-17,2.86,2.86,2.79,2.8,23785065.0,67216646.0,1600042152.0,0.014865273999356486,002517
2020-04-20,2.81,2.82,2.78,2.8,19092800.0,53325210.0,1600042152.0,0.011932685633396988,002517
2020-04-21,2.77,2.77,2.69,2.72,35709244.0,97189653.0,1600042152.0,0.022317689540469057,002517
2020-04-22,2.72,2.73,2.68,2.7,22752502.0,61386368.0,1600042152.0,0.014219939125703733,002517
2020-04-23,2.7,2.79,2.63,2.74,49519544.0,133725814.0,1600042152.0,0.030948899651238686,002517
2020-04-24,2.7,2.72,2.64,2.66,30892352.0,82545829.0,1600042152.0,0.019307211351516945,002517
2020-04-27,2.63,2.67,2.47,2.51,47994545.0,123347873.0,1600042152.0,0.02999580038563884,002517
2020-04-28,2.5,2.53,2.35,2.42,36669943.0,89113597.0,1600042152.0,0.022918110597376314,002517
2020-04-29,2.43,2.55,2.4,2.51,27800206.0,69552633.0,1600042152.0,0.017374671014292128,002517
2020-04-30,2.52,2.57,2.51,2.56,19809461.0,50331670.0,1600042152.0,0.01238058695843658,002517
2020-05-06,2.53,2.73,2.52,2.72,46137616.0,122737422.0,1600042152.0,0.028835250335329916,002517
2020-05-07,2.73,2.84,2.7,2.79,51322625.0,142801826.0,1600042152.0,0.03207579558816523,002517
2020-05-08,2.84,2.96,2.81,2.89,63519244.0,183103857.0,1600042152.0,0.0396984816435011,002517
2020-05-11,2.92,3.0,2.85,2.96,60914429.0,179350386.0,1600042152.0,0.03807051515727818,002517
2020-05-12,2.98,3.04,2.93,3.01,57153781.0,170386892.0,1600042152.0,0.03572017207706663,002517
2020-05-13,3.0,3.12,2.97,3.02,62084821.0,189194819.0,1600042152.0,0.03880199088655009,002517
2020-05-14,2.99,3.05,2.96,2.97,37343649.0,112118747.0,1600042152.0,0.023339165754678193,002517
2020-05-15,3.01,3.03,2.91,2.93,33071726.0,97465647.0,1600042152.0,0.020669284217707286,002517
2020-05-18,3.07,3.16,3.03,3.05,90013170.0,278037320.0,1600042152.0,0.056256749165943226,002517
2020-05-19,3.1,3.12,3.03,3.08,40827647.0,125094316.0,1600042152.0,0.025516607139984895,002517
2020-05-20,3.1,3.18,3.04,3.14,62132342.0,194038651.0,1600042152.0,0.03883169072910774,002517
2020-05-21,3.25,3.27,3.01,3.04,58658750.0,183564245.0,1600042152.0,0.036660752922464256,002517
2020-05-22,3.08,3.13,2.97,3.11,50850260.0,154882474.0,1600042152.0,0.03178057524074528,002517
2020-05-25,3.02,3.09,2.99,3.03,35699141.0,108262094.0,1600042152.0,0.022311375331816884,002517
2020-05-26,3.05,3.08,2.96,3.06,43217185.0,130269154.0,1600042152.0,0.02701002904578479,002517
2020-05-27,3.05,3.06,2.98,2.99,24981300.0,74951111.0,1600042152.0,0.015612901178118463,002517
2020-05-28,3.0,3.0,2.91,2.96,29928639.0,88151344.0,1600042152.0,0.018704906594235775,002517
2020-05-29,2.96,3.26,2.95,3.18,82135368.0,257078560.0,1600042152.0,0.05133325262545958,002517
2020-06-01,3.21,3.4,3.15,3.37,87399867.0,288267088.0,1600042152.0,0.054623477819476844,002517
2020-06-02,3.34,3.52,3.33,3.38,82925728.0,283308517.0,1600042152.0,0.05182721461203105,002517
2020-06-03,3.45,3.59,3.38,3.43,98133048.0,342641519.0,1600042152.0,0.06133153922059923,002517
2020-06-04,3.45,3.54,3.39,3.43,55439112.0,191026809.0,1600042152.0,0.0346485321844196,002517
2020-06-05,3.43,3.5,3.37,3.45,45160774.0,155191146.0,1600042152.0,0.028224740169220244,002517
2020-06-08,3.47,3.48,3.37,3.39,37603643.0,128458093.0,1600042152.0,0.023501657723827264,002517
2020-06-09,3.37,3.48,3.31,3.42,40956044.0,139931256.0,1600042152.0,0.02559685315090374,002517
2020-06-10,3.43,3.43,3.35,3.38,25394235.0,85934269.0,1600042152.0,0.015870978754064725,002517
2020-06-11,3.37,3.55,3.31,3.32,76831544.0,262619172.0,1600042152.0,0.04801844995393596,002517
2020-06-12,3.23,3.45,3.21,3.41,57213050.0,192862184.0,1600042152.0,0.035757214226191214,002517
2020-06-15,3.44,3.65,3.41,3.47,83179042.0,291303337.0,1600042152.0,0.0519855316911676,002517
2020-06-16,3.51,3.55,3.37,3.42,52648150.0,180785836.0,1600042152.0,0.03290422688814263,002517
2020-06-17,3.4,3.68,3.33,3.68,91085039.0,317489138.0,1600042152.0,0.05692664964241517,002517
2020-06-18,3.63,3.88,3.55,3.59,120697379.0,448165087.0,1600042152.0,0.07543387456957447,002517
2020-06-19,3.5,3.73,3.5,3.66,73421854.0,267768622.0,1600042152.0,0.04588744984513383,002517
2020-06-22,3.66,3.71,3.59,3.6,51329003.0,186637603.0,1600042152.0,0.032079781733150244,002517
2020-06-23,3.58,3.73,3.56,3.67,59823103.0,219259343.0,1600042152.0,0.03738845437616946,002517
2020-06-24,3.67,3.95,3.63,3.89,105296413.0,402918055.0,1600042152.0,0.0658085243994247,002517
2020-06-29,3.76,3.79,3.5,3.5,131191015.0,472535253.0,1600042152.0,0.08199222428985109,002517
2020-06-30,3.51,3.59,3.41,3.44,73670794.0,257124307.0,1423644878.0,0.05174801324294864,002517
2020-07-01,3.49,3.78,3.48,3.78,77101976.0,282224213.0,1423644878.0,0.054158152213012775,002517
2020-07-02,3.84,4.16,3.7,3.96,141529916.0,558574282.0,1423644878.0,0.09941377810372735,002517
2020-07-03,3.94,4.28,3.94,4.14,99419123.0,407433618.0,1423644878.0,0.06983421535549542,002517
2020-07-06,4.1,4.22,4.07,4.13,132715842.0,548420312.0,1423644878.0,0.09322257541251801,002517
2020-07-07,4.13,4.23,4.01,4.12,109183004.0,451351980.0,1423644878.0,0.07669258372452066,002517
2020-07-08,4.11,4.17,4.04,4.15,69944994.0,287780947.0,1423644878.0,0.049130928000992675,002517
2020-07-09,4.13,4.57,4.13,4.57,133246694.0,592417216.0,1423644878.0,0.09359545772903065,002517
2020-07-10,4.69,4.98,4.56,4.58,165686671.0,783453883.0,1423644878.0,0.11638202304549716,002517
2020-07-13,4.71,4.85,4.6,4.78,103181836.0,486192348.0,1423644878.0,0.07247722911415554,002517
2020-07-14,4.76,5.19,4.65,5.11,122702737.0,599523591.0,1423644878.0,0.08618914653236999,002517
2020-07-15,5.07,5.33,4.88,5.1,113704364.0,574559744.0,1423644878.0,0.07986848810198859,002517
2020-07-16,5.13,5.37,4.85,5.08,118005016.0,613589070.0,1423644878.0,0.08288936224445152,002517
2020-07-17,5.13,5.25,4.66,4.83,108956814.0,537233123.0,1423644878.0,0.07653370281011891,002517
2020-07-20,4.87,5.3,4.7,5.3,96571999.0,491533315.0,1423644878.0,0.0678343317862167,002517
2020-07-21,5.29,5.49,5.18,5.24,77368380.0,410471196.0,1423644878.0,0.054345280340340606,002517
2020-07-22,5.22,5.34,5.18,5.21,58301722.0,306048437.0,1423644878.0,0.040952433363792846,002517
2020-07-23,5.22,5.3,5.05,5.28,54242420.0,281335548.0,1423644878.0,0.03810108885876243,002517
2020-07-24,5.25,5.31,4.89,5.04,64825168.0,331169474.0,1423644878.0,0.045534647721325906,002517
2020-07-27,5.01,5.19,4.91,5.04,51456807.0,260231012.0,1423644878.0,0.03614441199148542,002517
2020-07-28,5.1,5.13,4.81,4.94,48621494.0,240178476.0,1423644878.0,0.034152824732742094,002517
2020-07-29,4.95,5.43,4.87,5.34,61857424.0,315388640.0,1423644878.0,0.043450037966560925,002517
2020-07-30,5.31,5.55,5.27,5.3,67011418.0,360540693.0,1423644878.0,0.047070318613544014,002517
2020-07-31,5.23,5.76,5.21,5.66,91794525.0,506242460.0,1423644878.0,0.06447852720754144,002517
2020-08-03,5.71,6.22,5.71,6.12,93335711.0,560795965.0,1423644878.0,0.06556109072026599,002517
2020-08-04,6.12,6.44,6.0,6.23,81749522.0,510779357.0,1423644878.0,0.05742269245884225,002517
2020-08-05,6.25,6.85,6.18,6.85,74307536.0,490816928.0,1423644878.0,0.05219527506353308,002517
2020-08-06,7.16,7.47,6.83,6.9,119233055.0,840460704.0,1423644878.0,0.08375196430131082,002517
2020-08-07,7.3,7.49,7.02,7.2,99901433.0,718954751.0,1423644878.0,0.07017300068563868,002517
2020-08-10,7.03,7.03,6.48,6.48,112706881.0,757964578.0,1423644878.0,0.07916783373557011,002517
2020-08-11,6.66,6.67,5.86,6.2,141678070.0,876882140.0,1423644878.0,0.09951784478657043,002517
2020-08-12,6.2,6.2,5.66,5.85,93301547.0,547725473.0,1423644878.0,0.06553709316263912,002517
2020-08-13,5.94,6.19,5.84,6.09,65099696.0,392775928.0,1423644878.0,0.045727482327934874,002517
2020-08-14,6.12,6.12,5.9,6.08,38263022.0,229958727.0,1423644878.0,0.026876802348176607,002517
2020-08-17,6.12,6.2,5.99,6.11,42271723.0,258333799.0,1423644878.0,0.029692603579191186,002517
2020-08-18,6.14,6.72,6.14,6.59,76293575.0,494133221.0,1423644878.0,0.053590313271931006,002517
2020-08-19,6.61,6.61,6.26,6.39,54079680.0,346095133.0,1423644878.0,0.03798677664332523,002517
2020-08-20,6.38,6.38,6.11,6.14,34194065.0,211950493.0,1423644878.0,0.024018675955226526,002517
2020-08-21,6.18,6.38,6.1,6.26,32977884.0,205625760.0,1423644878.0,0.0231644032227537,002517
2020-08-24,6.27,6.27,5.92,6.1,34358711.0,209369607.0,1423644878.0,0.024134326987688567,002517
2020-08-25,6.12,6.12,5.84,5.84,45845315.0,273018176.0,1423644878.0,0.03220277451804241,002517
2020-08-26,5.82,5.94,5.61,5.66,50896873.0,291426100.0,1423644878.0,0.035751101827797255,002517
2020-08-27,5.66,5.96,5.61,5.83,38803676.0,225677840.0,1423644878.0,0.02725656980869635,002517
2020-08-28,5.89,5.89,5.73,5.84,23990355.0,139245105.0,1423644878.0,0.016851361860482177,002517
2020-08-31,5.88,6.15,5.84,5.92,36744929.0,221075705.0,1423644878.0,0.02581045987509253,002517
2020-09-01,5.9,5.94,5.74,5.82,21776014.0,126729437.0,1423644878.0,0.01529595922165078,002517
2020-09-02,5.83,5.88,5.71,5.8,25914060.0,149921260.0,1423644878.0,0.018202615273273225,002517
2020-09-03,5.78,5.9,5.64,5.79,28027927.0,161712783.0,1423644878.0,0.019687442727553576,002517
2020-09-04,5.72,5.76,5.62,5.68,19623754.0,111507932.0,1423644878.0,0.01378416366556829,002517
2020-09-07,5.74,5.83,5.4,5.47,30704661.0,172759086.0,1423644878.0,0.021567640550314262,002517
2020-09-08,5.53,5.61,5.32,5.41,36592884.0,198605089.0,1423644878.0,0.025703660066833042,002517
2020-09-09,5.36,5.38,5.08,5.1,47571099.0,246892689.0,1423644878.0,0.03341500379422571,002517
2020-09-10,5.15,5.26,4.88,4.91,42321907.0,214432791.0,1423644878.0,0.029727853943081445,002517
2020-09-11,4.9,5.31,4.85,5.26,45271592.0,232604215.0,1423644878.0,0.03179977865238384,002517
2020-09-14,5.26,5.46,5.21,5.45,36281266.0,193371778.0,1423644878.0,0.025484772614761588,002517
2020-09-15,5.52,5.52,5.27,5.39,27644885.0,147738903.0,1423644878.0,0.019418385460590968,002517
2020-09-16,5.44,5.5,5.33,5.43,23452040.0,127325567.0,1423644878.0,0.016473237365870676,002517
2020-09-17,5.45,5.51,5.26,5.29,30398959.0,164129917.0,1423644878.0,0.021352908628945316,002517
2020-09-18,5.3,5.39,5.24,5.31,21486532.0,114098204.0,1423644878.0,0.015092620591017923,002517
2020-09-21,5.32,5.35,5.2,5.23,17499550.0,91921398.0,1423644878.0,0.012292075271316363,002517
2020-09-22,5.19,5.27,5.1,5.16,17757708.0,91953012.0,1423644878.0,0.012473411223834713,002517
2020-09-23,5.24,5.65,5.21,5.48,46800651.0,256357665.0,1423644878.0,0.03287382388910614,002517
2020-09-24,5.39,5.93,5.35,5.73,75499895.0,432961455.0,1423644878.0,0.053032814690462435,002517
2020-09-25,5.83,5.87,5.44,5.76,56828493.0,322941888.0,1423644878.0,0.03991760436762517,002517
2020-09-28,5.74,5.96,5.49,5.5,42247225.0,239806803.0,1423644878.0,0.029675395636129982,002517
2020-09-29,5.57,5.6,5.2,5.22,40237384.0,215900029.0,1423644878.0,0.028263638370635856,002517
2020-09-30,5.21,5.28,5.14,5.26,20172845.0,104976922.0,1423644878.0,0.014169857463568945,002517
2020-10-09,5.3,5.77,5.3,5.71,53458028.0,301824361.0,1423644878.0,0.03755011437620612,002517
2020-10-12,5.88,5.92,5.61,5.64,46042350.0,261586779.0,1423644878.0,0.032341176308436095,002517
2020-10-13,5.66,5.69,5.46,5.51,33804884.0,186801858.0,1423644878.0,0.023745306517374342,002517
2020-10-14,5.52,5.54,5.37,5.41,25270552.0,136963776.0,1423644878.0,0.017750600862977292,002517
2020-10-15,5.49,5.61,5.35,5.49,36119877.0,197256697.0,1423644878.0,0.025371409371937485,002517
2020-10-16,5.44,5.45,5.35,5.4,17245552.0,92828241.0,1423644878.0,0.012113661395830203,002517
2020-10-19,5.37,5.4,5.29,5.31,13386301.0,71312540.0,1423644878.0,0.00940283718704181,002517
2020-10-20,5.3,5.51,5.28,5.41,16230503.0,87803946.0,1423644878.0,0.011400668278174356,002517
2020-10-21,5.41,5.42,5.3,5.34,10256601.0,54735538.0,1423644878.0,0.007204465915972621,002517
2020-10-22,5.33,5.37,5.27,5.32,8386604.0,44672283.0,1423644878.0,0.005890938203480826,002517
2020-10-23,5.31,5.39,5.24,5.29,12068750.0,64010822.0,1423644878.0,0.008477359899580239,002517
2020-10-26,5.29,5.29,5.15,5.19,11087404.0,57524805.0,1423644878.0,0.00778804052284168,002517
2020-10-27,5.13,5.2,5.12,5.16,10367900.0,53384448.0,1423644878.0,0.0072826448226086336,002517
2020-10-28,5.17,5.17,5.04,5.08,15956650.0,81042757.0,1423644878.0,0.011208307806660756,002517
2020-10-29,4.99,5.1,4.96,5.05,15140170.0,75838328.0,1423644878.0,0.010634793995304214,002517
2020-10-30,5.05,5.23,5.05,5.09,14992501.0,77060570.0,1423644878.0,0.010531067987307435,002517
2020-11-02,5.19,5.19,5.05,5.1,9736016.0,49603498.0,1423644878.0,0.006838795369866108,002517
2020-11-03,5.1,5.15,5.04,5.13,9201351.0,46951530.0,1423644878.0,0.00646323471688141,002517
2020-11-04,5.1,5.14,5.02,5.08,10199100.0,51662665.0,1423644878.0,0.00716407592764858,002517
2020-11-05,5.08,5.19,5.06,5.16,12943520.0,66327619.0,1423644878.0,0.009091817910505628,002517
2020-11-06,5.17,5.47,5.12,5.39,31384770.0,166672106.0,1423644878.0,0.022045364321536934,002517
2020-11-09,5.5,5.8,5.44,5.56,41798950.0,234444491.0,1423644878.0,0.02936051725112869,002517
2020-11-10,5.66,5.67,5.32,5.35,32345155.0,176387745.0,1423644878.0,0.02271996022311401,002517
2020-11-11,5.32,5.37,5.06,5.11,27914477.0,144508242.0,1423644878.0,0.01960775291041366,002517
2020-11-12,5.06,5.16,5.03,5.13,15393776.0,78409640.0,1423644878.0,0.010812932521223877,002517
2020-11-13,5.07,5.15,5.05,5.09,10038478.0,51104199.0,1423644878.0,0.007051251442777291,002517
2020-11-16,5.12,5.15,5.07,5.1,10193823.0,51927213.0,1423644878.0,0.0071603692448363515,002517
2020-11-17,5.11,5.11,5.05,5.07,8701186.0,44056097.0,1423644878.0,0.006111907635437719,002517
2020-11-18,5.07,5.1,5.03,5.05,9668350.0,48907600.0,1423644878.0,0.006791265258217014,002517
2020-11-19,5.04,5.13,4.96,5.12,14090700.0,71220463.0,1423644878.0,0.009897622797474076,002517
2020-11-20,5.12,5.15,5.07,5.1,8025750.0,40961517.0,1423644878.0,0.005637466283919717,002517
2020-11-23,5.11,5.11,5.0,5.05,12652156.0,63831342.0,1423644878.0,0.00888715732098465,002517
2020-11-24,5.05,5.07,4.92,5.0,20649900.0,102894934.0,1423644878.0,0.01450495156419198,002517
2020-11-25,5.0,5.03,4.93,4.94,8659250.0,43028365.0,1423644878.0,0.006082450851201671,002517
2020-11-26,4.96,5.03,4.91,4.92,7778347.0,38505075.0,1423644878.0,0.00546368488392089,002517
2020-11-27,4.93,4.99,4.91,4.97,7257214.0,35970028.0,1423644878.0,0.005097629410359176,002517
2020-11-30,4.96,4.96,4.83,4.87,13974847.0,68198616.0,1423644878.0,0.00981624505939465,002517
2020-12-01,4.87,4.93,4.83,4.87,13131573.0,63976922.0,1423644878.0,0.00922391054323029,002517
2020-12-02,4.85,4.86,4.6,4.69,24094869.0,114416744.0,1423644878.0,0.01692477483138179,002517
2020-12-03,4.69,4.73,4.6,4.6,13281404.0,61929640.0,1423644878.0,0.00932915518837697,002517
2020-12-04,4.6,4.65,4.45,4.63,24412047.0,110802492.0,1423644878.0,0.017147567751794348,002517
2020-12-07,4.63,4.9,4.6,4.82,31263174.0,149862376.0,1423644878.0,0.021959952571823885,002517
2020-12-08,4.82,4.9,4.73,4.81,17468728.0,84371090.0,1423644878.0,0.012270425209228338,002517
2020-12-09,4.81,4.86,4.7,4.71,10799950.0,51608236.0,1423644878.0,0.007586126404762017,002517
2020-12-10,4.68,4.72,4.62,4.65,10760950.0,50160365.0,1423644878.0,0.007558731932585227,002517
2020-12-11,4.65,4.71,4.53,4.56,12069426.0,55277584.0,1423644878.0,0.00847783473709797,002517
2020-12-14,4.57,4.64,4.51,4.61,10228476.0,46692310.0,1423644878.0,0.0071847102869989745,002517
2020-12-15,4.6,4.72,4.54,4.58,10723547.0,49318935.0,1423644878.0,0.007532459228922959,002517
2020-12-16,4.64,4.64,4.53,4.56,6716100.0,30638919.0,1423644878.0,0.004717538835552218,002517
2020-12-17,4.55,4.69,4.51,4.68,13416950.0,61780825.0,1423644878.0,0.009424365730060948,002517
2020-12-18,4.65,4.86,4.65,4.83,19789500.0,94955398.0,1423644878.0,0.01390058736263019,002517
2020-12-21,4.88,5.15,4.81,5.11,37696596.0,190041553.0,1423644878.0,0.026478932058504552,002517
2020-12-22,5.07,5.13,4.86,4.88,24106694.0,119965991.0,1423644878.0,0.016933080975830267,002517
2020-12-23,4.85,4.94,4.71,4.74,20619808.0,98980895.0,1423644878.0,0.014483814270429314,002517
2020-12-24,4.74,4.74,4.53,4.53,19883723.0,91535459.0,1423644878.0,0.013966771704986952,002517
2020-12-25,4.54,4.59,4.48,4.54,11700423.0,53115783.0,1423644878.0,0.008218638777696638,002517
2020-12-28,4.52,4.62,4.3,4.57,27240202.0,120447648.0,1423644878.0,0.01913412707125969,002517
2020-12-29,4.5,5.0,4.47,4.86,43257350.0,207377756.0,1423644878.0,0.03038493002606792,002517
2020-12-30,4.79,4.88,4.66,4.76,25139306.0,120101197.0,1423644878.0,0.017658410737456394,002517
2020-12-31,4.71,4.79,4.61,4.7,17652896.0,83026413.0,1552899414.0,0.01136770085741046,002517
2021-01-04,4.69,4.73,4.5,4.55,33841928.0,154706183.0,1552899414.0,0.02179273666723143,002517
2021-01-05,4.5,4.53,4.1,4.1,78464153.0,332921589.0,1552899414.0,0.05052751794006408,002517
2021-01-06,4.1,4.28,4.04,4.26,34379107.0,144520308.0,1552899414.0,0.0221386566895826,002517
2021-01-07,4.2,4.2,3.88,3.99,42073392.0,167954677.0,1552899414.0,0.027093443155874614,002517
2021-01-08,3.99,4.07,3.91,4.02,22736911.0,90995933.0,1552899414.0,0.01464158643825723,002517
2021-01-11,4.06,4.06,3.84,3.85,25115750.0,98107904.0,1552899414.0,0.016173455777992844,002517
2021-01-12,3.88,4.0,3.82,3.94,19461422.0,76204606.0,1552899414.0,0.01253231331311456,002517
2021-01-13,3.96,4.0,3.91,3.92,14288611.0,56432558.0,1552899414.0,0.009201246952109417,002517
2021-01-14,3.92,4.02,3.87,3.97,16232882.0,64383655.0,1552899414.0,0.01045327331162223,002517
2021-01-15,4.0,4.04,3.95,3.97,9797050.0,39070579.0,1552899414.0,0.006308876100844481,002517
2021-01-18,4.0,4.04,3.94,3.95,11173156.0,44351428.0,1552899414.0,0.007195028795342182,002517
2021-01-19,3.95,3.98,3.87,3.89,13352783.0,52317861.0,1658649410.0,0.008050395050030494,002517
2021-01-20,3.88,3.88,3.76,3.78,17620581.0,67125532.0,1658649410.0,0.010623451160785087,002517
2021-01-21,3.9,4.16,3.9,4.16,46055037.0,188514294.0,1658649410.0,0.027766589324021162,002517
2021-01-22,4.2,4.4,4.04,4.22,56314880.0,236449485.0,1658649410.0,0.03395225034324764,002517
2021-01-25,4.15,4.33,4.12,4.2,32581017.0,137875682.0,1663063460.0,0.019590964376067766,002517
2021-01-26,4.12,4.23,4.05,4.09,19168631.0,78989293.0,1663063460.0,0.011526097146046368,002517
2021-01-27,4.09,4.37,3.96,4.26,35545600.0,149167895.0,1663063460.0,0.021373568029689018,002517
2021-01-28,4.34,4.58,4.29,4.52,56843852.0,253775024.0,1663063460.0,0.0341802062081263,002517
2021-01-29,4.4,4.56,4.38,4.52,36293860.0,162344109.0,1663063460.0,0.02182349674136909,002517
2021-02-01,4.52,4.62,4.38,4.4,22803450.0,101523924.0,1663063460.0,0.013711713682892174,002517
2021-02-02,4.48,4.54,4.34,4.41,19920542.0,88535018.0,1663063460.0,0.011978221203898015,002517
2021-02-03,4.43,4.6,4.36,4.57,29931472.0,134101143.0,1663063460.0,0.017997793060765103,002517
2021-02-04,4.52,4.7,4.48,4.52,27586916.0,126264145.0,1663063460.0,0.016588011620434495,002517
2021-02-05,4.48,4.57,4.27,4.28,20560227.0,90273270.0,1663063460.0,0.012362863771897195,002517
2021-02-08,4.28,4.41,4.25,4.27,14416688.0,62352043.0,1663063460.0,0.00866875398729523,002517
2021-02-09,4.26,4.32,4.17,4.22,17534050.0,74127075.0,1663063460.0,0.010543223648242502,002517
2021-02-10,4.23,4.26,4.0,4.09,24330439.0,99603457.0,1663063460.0,0.01462989211488057,002517
2021-02-18,4.15,4.42,4.13,4.31,25020737.0,107545807.0,1663063460.0,0.015044968277999445,002517
2021-02-19,4.32,4.42,4.27,4.4,19942230.0,86875476.0,1663063460.0,0.011991262197535144,002517
2021-02-22,4.44,4.46,4.33,4.33,22962362.0,100973872.0,1663063460.0,0.013807267462902468,002517
2021-02-23,4.3,4.33,4.17,4.18,21258050.0,89725340.0,1663063460.0,0.012782464717251378,002517
2021-02-24,4.16,4.43,4.16,4.43,28749730.0,124190735.0,1663063460.0,0.017287211637732693,002517
2021-02-25,4.43,4.48,4.32,4.44,25600585.0,112721571.0,1663063460.0,0.015393630860003381,002517
2021-02-26,4.33,4.49,4.31,4.38,20411099.0,90065418.0,1663063460.0,0.01227319311074275,002517
2021-03-01,4.4,4.43,4.33,4.38,17341950.0,75695821.0,1663063460.0,0.01042771392499959,002517
2021-03-02,4.38,4.47,4.31,4.47,18351878.0,80472489.0,1663063460.0,0.01103498359587553,002517
2021-03-03,4.46,4.63,4.43,4.58,28161628.0,128511167.0,1663063460.0,0.01693358592581909,002517
2021-03-04,4.57,4.65,4.5,4.5,19127853.0,87230446.0,1663063460.0,0.011501577336080728,002517
2021-03-05,4.49,4.55,4.42,4.51,16882580.0,75762566.0,1663063460.0,0.010151494760157859,002517
2021-03-08,4.68,4.68,4.43,4.43,17072250.0,77141346.0,1663063460.0,0.010265543324486247,002517
2021-03-09,4.42,4.42,4.21,4.3,15286350.0,65980811.0,1663063460.0,0.009191681717305004,002517
2021-03-10,4.35,4.37,4.23,4.28,10829700.0,46466195.0,1663063460.0,0.0065118982290669775,002517
2021-03-11,4.28,4.35,4.21,4.31,8695045.0,37420558.0,1663063460.0,0.005228330252653137,002517
2021-03-12,4.23,4.31,4.19,4.27,10160155.0,43215779.0,1663063460.0,0.006109300844118119,002517
2021-03-15,4.24,4.45,4.23,4.31,14898852.0,64492741.0,1663063460.0,0.008958679183535186,002517
2021-03-16,4.27,4.37,4.27,4.32,8089500.0,34882017.0,1663063460.0,0.0048642160654530885,002517
2021-03-17,4.31,4.32,4.23,4.27,7242000.0,30948541.0,1663063460.0,0.00435461434526377,002517
2021-03-18,4.25,4.37,4.25,4.35,10905250.0,47282790.0,1663063460.0,0.006557326441409518,002517
2021-03-19,4.31,4.35,4.28,4.29,8438309.0,36336804.0,1663063460.0,0.005073954904883786,002517
2021-03-22,4.31,4.38,4.3,4.3,7978450.0,34543142.0,1663063460.0,0.004797441704359255,002517
2021-03-23,4.32,4.41,4.28,4.41,17194021.0,74991317.0,1663063460.0,0.010338764222502971,002517
2021-03-24,4.43,4.44,4.35,4.39,11924450.0,52328287.0,1663063460.0,0.007170171365559316,002517
2021-03-25,4.39,4.82,4.37,4.55,42068977.0,193840499.0,1663063460.0,0.02529607439033024,002517
2021-03-26,4.55,4.85,4.5,4.69,34630871.0,161507496.0,1663063460.0,0.02082354151416447,002517
2021-03-29,4.62,4.77,4.6,4.69,25395400.0,118995727.0,1663063460.0,0.015270253126720732,002517
2021-03-30,4.69,4.69,4.58,4.6,16901050.0,78338642.0,1663063460.0,0.01016260077050818,002517
2021-03-31,4.56,4.75,4.56,4.66,17108395.0,80018360.0,1663063460.0,0.010287277311714851,002517
2021-04-01,4.66,4.76,4.61,4.7,16027241.0,75164138.0,1663063460.0,0.009637179449544276,002517
2021-04-02,4.69,4.82,4.68,4.69,23055350.0,109515425.0,1663063460.0,0.013863181144031629,002517
2021-04-06,4.64,4.78,4.63,4.74,13066784.0,61799884.0,1663063460.0,0.007857056759577893,002517
2021-04-07,4.73,4.77,4.66,4.67,12932750.0,60697307.0,1663063460.0,0.007776462120092519,002517
2021-04-08,4.66,4.7,4.58,4.61,14509750.0,67098741.0,1663063460.0,0.008724712164621787,002517
2021-04-09,4.61,4.77,4.58,4.7,14954950.0,70122593.0,1663063460.0,0.008992410908961947,002517
2021-04-12,4.79,4.96,4.72,4.83,27468536.0,133442713.0,1663063460.0,0.016516829730598495,002517
2021-04-13,4.86,4.9,4.72,4.74,22507500.0,107824842.0,1663063460.0,0.013533758958302168,002517
2021-04-14,4.83,4.95,4.8,4.91,26812023.0,130746248.0,1663063460.0,0.01612206848679124,002517
2021-04-15,4.88,4.94,4.82,4.85,21765600.0,106131498.0,1663063460.0,0.013087654514398386,002517
2021-04-16,4.88,4.9,4.83,4.85,12771100.0,62013680.0,1663063460.0,0.007679261980778533,002517
2021-04-19,4.85,4.86,4.77,4.82,13244726.0,63757086.0,1663063460.0,0.007964053277918812,002517
2021-04-20,4.82,4.95,4.77,4.88,21177060.0,103570660.0,1663063460.0,0.01273376543310019,002517
2021-04-21,4.83,4.88,4.72,4.77,20168103.0,96745204.0,1663063460.0,0.012127079624490096,002517
2021-04-22,4.77,4.81,4.72,4.75,10943950.0,52157592.0,1663063460.0,0.006580596750048251,002517
2021-04-23,4.77,4.78,4.64,4.67,13883300.0,65095851.0,1663063460.0,0.00834802780165707,002517
2021-04-26,4.65,4.71,4.6,4.6,11996224.0,55783535.0,1663063460.0,0.007213329069234676,002517
2021-04-27,4.57,4.63,4.47,4.55,11996046.0,54379535.0,1663063460.0,0.007213222037840937,002517
2021-04-28,4.58,4.71,4.54,4.65,11009647.0,50951659.0,1663063460.0,0.006620100353837369,002517
2021-04-29,4.68,4.7,4.56,4.58,13844150.0,63943970.0,1663063460.0,0.008324486908034164,002517
2021-04-30,4.59,4.61,4.44,4.48,13787900.0,61974524.0,1663063460.0,0.00829066378501275,002517
2021-05-06,4.5,4.55,4.35,4.38,13412051.0,59394800.0,1663063460.0,0.008064665794533181,002517
2021-05-07,4.37,4.43,4.35,4.36,13295700.0,58273179.0,1663063460.0,0.007994703942325808,002517
2021-05-10,4.35,4.37,4.25,4.32,14165190.0,61005431.0,1663063460.0,0.008517528248741633,002517
2021-05-11,4.31,4.36,4.23,4.28,12559174.0,53731745.0,1663063460.0,0.007551830884432997,002517
2021-05-12,4.28,4.35,4.22,4.34,13308100.0,57181223.0,1663063460.0,0.00800216006188964,002517
2021-05-13,4.31,4.43,4.3,4.36,12833400.0,56306509.0,1663063460.0,0.00771672296858714,002517
2021-05-14,4.35,4.42,4.34,4.36,10753107.0,47030797.0,1663063460.0,0.006465842860861124,002517
2021-05-17,4.36,4.36,4.22,4.25,13152557.0,56095719.0,1663063460.0,0.007908632061460842,002517
2021-05-18,4.23,4.28,4.19,4.2,11983907.0,50684630.0,1663063460.0,0.007205922857567925,002517
2021-05-19,4.2,4.22,4.13,4.15,11164773.0,46423001.0,1663063460.0,0.006713377612180837,002517
2021-05-20,4.14,4.46,4.05,4.37,46015377.0,196588518.0,1663063460.0,0.02766904457151623,002517
2021-05-21,4.3,4.33,4.16,4.2,29616381.0,124389358.0,1663063460.0,0.01780832885354838,002517
2021-05-24,4.15,4.26,4.15,4.19,14281016.0,59919912.0,1663063460.0,0.00858717441846747,002517
2021-05-25,4.2,4.32,4.16,4.25,23268834.0,98714114.0,1663063460.0,0.013991549065722362,002517
2021-05-26,4.25,4.32,4.22,4.24,16704295.0,71242051.0,1663063460.0,0.010044291995929006,002517
2021-05-27,4.26,4.39,4.25,4.34,20120647.0,87165492.0,1663063460.0,0.012098544333359353,002517
2021-05-28,4.32,4.37,4.26,4.3,13163500.0,56686849.0,1663063460.0,0.007915212086975923,002517
2021-05-31,4.31,4.31,4.23,4.26,12121450.0,51590040.0,1663063460.0,0.007288627458629871,002517
2021-06-01,4.25,4.54,4.21,4.45,34898800.0,152582745.0,1663063460.0,0.020984647212440106,002517
2021-06-02,4.4,4.52,4.38,4.43,20746453.0,92071028.0,1663063460.0,0.012474841459146725,002517
2021-06-03,4.44,4.54,4.43,4.47,21013650.0,94339176.0,1663063460.0,0.012635507005848111,002517
2021-06-04,4.45,4.6,4.44,4.52,20272750.0,91864839.0,1663063460.0,0.012190003861909155,002517
2021-06-07,4.53,4.75,4.48,4.63,26023150.0,120561040.0,1663063460.0,0.015647719179639724,002517
2021-06-08,4.54,4.7,4.44,4.7,31708025.0,145334218.0,1663063460.0,0.019066034317175126,002517
2021-06-09,4.75,4.83,4.61,4.65,26625919.0,125018524.0,1663063460.0,0.016010164158137417,002517
2021-06-10,4.69,4.74,4.64,4.67,20858973.0,97814650.0,1663063460.0,0.012542499731188851,002517
2021-06-11,4.7,4.71,4.53,4.55,20641209.0,94939568.0,1663063460.0,0.012411558245648666,002517
2021-06-15,4.53,4.71,4.52,4.63,22437000.0,104374431.0,1663063460.0,0.013491367310781995,002517
2021-06-16,4.64,4.67,4.53,4.58,14866571.0,68166241.0,1663063460.0,0.008939268619370664,002517
2021-06-17,4.58,4.62,4.51,4.56,10645250.0,48476462.0,1663063460.0,0.006400988450554978,002517
2021-06-18,4.57,4.73,4.49,4.69,22782199.0,105692502.0,1663063460.0,0.013698935457339674,002517
2021-06-21,4.68,4.73,4.65,4.69,17559770.0,82247188.0,1663063460.0,0.010558689083337807,002517
2021-06-22,4.7,4.74,4.6,4.61,15557196.0,72277123.0,1663063460.0,0.009354541407578036,002517
2021-06-23,4.6,4.67,4.58,4.6,11534267.0,53298416.0,1663063460.0,0.006935554341383942,002517
2021-06-24,4.63,4.63,4.51,4.52,13952450.0,63551430.0,1663063460.0,0.008389607694224728,002517
2021-06-25,4.53,4.58,4.45,4.56,12994500.0,58514895.0,1663063460.0,0.007813592392920472,002517
2021-06-28,4.56,4.57,4.41,4.41,16235500.0,72387011.0,1663063460.0,0.009762405578918798,002517
2021-06-29,4.41,4.48,4.33,4.35,15634205.0,68757468.0,1663063460.0,0.009400846916569257,002517
2021-06-30,4.35,4.42,4.3,4.32,12481545.0,54281426.0,1648212114.0,0.007572778342047788,002517
2021-07-01,4.31,4.36,4.27,4.33,10124850.0,43739541.0,1648212114.0,0.0061429290041002576,002517
2021-07-02,4.33,4.33,4.25,4.27,9086000.0,38899495.0,1648212114.0,0.005512639982938506,002517
2021-07-05,4.25,4.38,4.24,4.34,11798700.0,50884659.0,1648212114.0,0.007158483971681329,002517
2021-07-06,4.35,4.4,4.32,4.39,11087240.0,48418868.0,1648212114.0,0.006726828365004967,002517
2021-07-07,4.39,4.4,4.32,4.34,9204087.0,39924152.0,1648212114.0,0.005584285494457906,002517
2021-07-08,4.35,4.36,4.2,4.22,13565400.0,57808495.0,1648212114.0,0.008230372707963242,002517
2021-07-09,4.2,4.27,4.12,4.22,15438800.0,64647769.0,1648212114.0,0.009366998257604118,002517
2021-07-12,4.22,4.28,4.2,4.26,13816820.0,58584165.0,1648212114.0,0.008382913754024258,002517
2021-07-13,4.39,4.69,4.34,4.54,58646493.0,265683705.0,1648212114.0,0.03558188445640802,002517
2021-07-14,4.48,4.52,4.38,4.38,30039821.0,133095477.0,1648212114.0,0.01822570089422362,002517
2021-07-15,4.5,4.64,4.44,4.58,45856702.0,209453221.0,1648212114.0,0.027822087709761852,002517
2021-07-16,4.59,4.73,4.53,4.58,30816008.0,142379518.0,1648212114.0,0.018696627538559638,002517
2021-07-19,4.51,4.66,4.47,4.64,33316195.0,152666202.0,1648212114.0,0.020213536059473472,002517
2021-07-20,4.58,4.66,4.56,4.62,20854219.0,95927671.0,1648212114.0,0.012652630582473682,002517
2021-07-21,4.58,4.65,4.5,4.54,22498650.0,102644505.0,1648212114.0,0.013650336512452062,002517
2021-07-22,4.53,4.7,4.51,4.65,29346236.0,135752874.0,1648212114.0,0.017804890372259453,002517
2021-07-23,4.65,4.68,4.52,4.55,21321700.0,97841399.0,1648212114.0,0.012936259731919432,002517
2021-07-26,4.62,4.62,4.35,4.42,25627600.0,113884296.0,1648212114.0,0.015548726879457943,002517
2021-07-27,4.45,4.51,4.27,4.27,23755050.0,103709340.0,1648212114.0,0.014412617040139046,002517
2021-07-28,4.25,4.3,4.1,4.15,23187103.0,96599943.0,1648212114.0,0.014068033357507528,002517
2021-07-29,4.2,4.27,4.16,4.17,17052037.0,71488944.0,1648212114.0,0.010345778225483908,002517
2021-07-30,4.16,4.2,4.11,4.17,16147150.0,67232621.0,1648212114.0,0.009796766971220065,002517
2021-08-02,4.37,4.5,4.31,4.36,33977522.0,149089838.0,1648212114.0,0.020614775071359535,002517
2021-08-03,4.27,4.38,4.01,4.04,69740366.0,289277470.0,1648212114.0,0.042312737182078494,002517
2021-08-04,4.04,4.09,3.9,4.07,32693905.0,130542308.0,1648212114.0,0.019835981499162797,002517
2021-08-05,4.06,4.06,3.84,3.86,36782048.0,144250787.0,1648212114.0,0.02231633154954472,002517
2021-08-06,3.84,3.93,3.76,3.91,26760500.0,103194296.0,1648212114.0,0.016236077730951565,002517
2021-08-09,3.92,3.96,3.88,3.95,19917000.0,78284927.0,1648212114.0,0.012084002920997825,002517
2021-08-10,3.94,3.96,3.9,3.94,15079202.0,59279317.0,1648212114.0,0.009148823668941921,002517
2021-08-11,3.94,3.95,3.88,3.89,17586650.0,68588870.0,1648212114.0,0.010670137569441502,002517
2021-08-12,3.9,3.93,3.85,3.88,17089300.0,66293326.0,1648212114.0,0.010368386359281424,002517
2021-08-13,3.87,3.9,3.81,3.89,20720295.0,79654309.0,1648212114.0,0.012571376477578783,002517
2021-08-16,3.88,3.95,3.86,3.92,22602450.0,88452923.0,1648212114.0,0.01371331384353604,002517
2021-08-17,3.92,3.95,3.85,3.87,18350200.0,71598440.0,1648212114.0,0.011133397118084766,002517
2021-08-18,3.86,3.87,3.83,3.87,10462900.0,40272394.0,1648212114.0,0.006348030032741284,002517
2021-08-19,3.85,3.89,3.81,3.82,14191850.0,54494416.0,1648212114.0,0.008610451215261484,002517
2021-08-20,3.81,3.83,3.74,3.76,16202200.0,61314817.0,1648212114.0,0.009830166798543503,002517
2021-08-23,3.82,3.92,3.8,3.9,30294879.0,117507782.0,1648212114.0,0.018380449180462704,002517
2021-08-24,3.91,4.07,3.89,4.02,38502977.0,153912628.0,1648212114.0,0.023360450195065125,002517
2021-08-25,4.08,4.08,3.99,4.03,20311000.0,81720623.0,1648212114.0,0.01232304982318556,002517
2021-08-26,3.99,4.18,3.98,4.07,30121199.0,122868669.0,1648212114.0,0.018275074393731824,002517
2021-08-27,4.07,4.07,3.93,3.95,16898350.0,67159675.0,1648212114.0,0.010252533552243993,002517
2021-08-30,3.95,3.97,3.9,3.93,16418350.0,64478338.0,1648212114.0,0.009961308899832537,002517
2021-08-31,3.86,3.96,3.75,3.95,28062150.0,108141521.0,1648212114.0,0.017025812249308585,002517
2021-09-01,3.92,4.1,3.91,4.08,36165908.0,145620752.0,1648212114.0,0.021942508305093065,002517
2021-09-02,4.05,4.12,4.04,4.09,24360600.0,99415224.0,1648212114.0,0.014780015140696873,002517
2021-09-03,4.07,4.1,4.02,4.04,17718155.0,71824295.0,1648212114.0,0.010749924023431853,002517
2021-09-06,4.02,4.09,4.0,4.07,16852550.0,68377523.0,1648212114.0,0.010224745866659732,002517
2021-09-07,4.08,4.19,4.06,4.17,31685561.0,131196635.0,1648212114.0,0.019224201018097842,002517
2021-09-08,4.4,4.59,4.4,4.59,57260612.0,261942867.0,1648212114.0,0.034741045472015016,002517
2021-09-09,4.64,4.64,4.38,4.4,103956569.0,463837268.0,1648212114.0,0.06307232431856766,002517
2021-09-10,4.36,4.7,4.36,4.43,77765986.0,352133889.0,1648212114.0,0.04718202550475854,002517
2021-09-13,4.41,4.68,4.41,4.59,74914280.0,342880700.0,1648212114.0,0.04545184407011342,002517
2021-09-14,4.58,5.05,4.51,4.81,144059703.0,696848129.0,1648212114.0,0.08740361860973435,002517
2021-09-15,4.77,4.86,4.69,4.76,67516055.0,321450915.0,1648212114.0,0.04096320760326604,002517
2021-09-16,4.76,4.93,4.72,4.78,57397589.0,276319102.0,1648212114.0,0.03482415188704286,002517
2021-09-17,4.76,4.8,4.55,4.67,47320890.0,220355182.0,1648212114.0,0.02871043696260565,002517
2021-09-22,4.57,4.66,4.54,4.61,27410214.0,125679958.0,1648212114.0,0.01663027092640335,002517
2021-09-23,4.6,4.76,4.59,4.68,40065129.0,187759185.0,1648212114.0,0.024308235972594,002517
2021-09-24,4.65,4.73,4.49,4.51,27860617.0,127734854.0,1648212114.0,0.016903538545403506,002517
2021-09-27,4.52,4.56,4.37,4.4,28947949.0,128781197.0,1648212114.0,0.017563242469894866,002517
2021-09-28,4.38,4.42,4.31,4.32,18916553.0,82495163.0,1648212114.0,0.011477013692183069,002517
2021-09-29,4.32,4.36,4.19,4.19,22812700.0,97038141.0,1648212114.0,0.013840876308472515,002517
2021-09-30,4.22,4.33,4.22,4.3,15997870.0,68404431.0,1648212114.0,0.009706196104320101,002517
2021-10-08,4.35,4.43,4.32,4.37,18803114.0,82092514.0,1648212114.0,0.011408188206047854,002517
2021-10-11,4.39,4.42,4.27,4.31,21442989.0,92839959.0,1648212114.0,0.013009847954557625,002517
2021-10-12,4.29,4.34,4.15,4.17,20016831.0,84774294.0,1648212114.0,0.012144572188237175,002517
2021-10-13,4.24,4.35,4.12,4.14,28524831.0,119668076.0,1648212114.0,0.01730652915223022,002517
2021-10-14,4.33,4.44,4.26,4.28,42975160.0,186466012.0,1648212114.0,0.02607380423609725,002517
2021-10-15,4.28,4.43,4.24,4.25,33630792.0,145443357.0,1648212114.0,0.02040440773025407,002517
2021-10-18,4.25,4.47,4.25,4.38,43791976.0,192390171.0,1648212114.0,0.02656938122710582,002517
2021-10-19,4.39,4.47,4.34,4.42,29957983.0,132062769.0,1648212114.0,0.018176048304423518,002517
2021-10-20,4.42,4.44,4.35,4.41,20218183.0,88745194.0,1648212114.0,0.012266736076179573,002517
2021-10-21,4.4,4.72,4.38,4.58,55304299.0,252752568.0,1648212114.0,0.033554115110696246,002517
2021-10-22,4.59,4.59,4.51,4.53,33371917.0,151678815.0,1648212114.0,0.020247343601310287,002517
2021-10-25,4.55,4.64,4.5,4.6,33037167.0,151225085.0,1648212114.0,0.02004424474215459,002517
2021-10-26,4.62,4.66,4.53,4.56,20275105.0,92734287.0,1648212114.0,0.012301271679647417,002517
2021-10-27,4.58,4.58,4.42,4.47,23495355.0,105072736.0,1648212114.0,0.014255055402414061,002517
2021-10-28,4.46,4.62,4.43,4.56,36155307.0,164662337.0,1648212114.0,0.021936076487300955,002517
2021-10-29,4.6,4.67,4.42,4.63,47811231.0,218644194.0,1648212114.0,0.029007935686122498,002517
2021-11-01,4.67,4.88,4.67,4.76,90842689.0,436240926.0,1648212114.0,0.055115896933639455,002517
2021-11-02,4.72,4.79,4.57,4.62,58766398.0,274418108.0,1648212114.0,0.03565463298129842,002517
2021-11-03,4.59,4.79,4.59,4.69,49181982.0,231348023.0,1648212114.0,0.029839595026784276,002517
2021-11-04,4.71,4.89,4.68,4.85,52048076.0,250041839.0,1648212114.0,0.03157850592038544,002517
2021-11-05,4.83,5.22,4.8,5.0,116335923.0,585961614.0,1648212114.0,0.07058310153883507,002517
2021-11-08,5.08,5.21,4.97,5.14,107125979.0,545783197.0,1648212114.0,0.06499526249689971,002517
2021-11-09,5.09,5.34,5.05,5.25,87404237.0,455957804.0,1648212114.0,0.053029726124194716,002517
2021-11-10,5.3,5.42,5.22,5.34,82207701.0,437746955.0,1648212114.0,0.04987689406097885,002517
2021-11-11,5.23,5.85,5.18,5.67,115260221.0,640021712.0,1648212114.0,0.06993045374498442,002517
2021-11-12,5.65,5.69,5.44,5.46,77785411.0,429354369.0,1648212114.0,0.047193811002410824,002517
2021-11-15,5.46,5.57,5.24,5.53,68969986.0,375040189.0,1648212114.0,0.041845333749318626,002517
2021-11-16,5.5,5.78,5.45,5.5,66769146.0,372367131.0,1648212114.0,0.04051004444929107,002517
2021-11-17,5.45,5.7,5.45,5.5,57404097.0,319031670.0,1648212114.0,0.034828100407955136,002517
2021-11-18,5.46,5.55,5.24,5.27,80779179.0,431187675.0,1648212114.0,0.04901018401324528,002517
2021-11-19,5.3,5.39,5.15,5.17,60387732.0,316937638.0,1648212114.0,0.03663832554503358,002517
2021-11-22,5.17,5.25,5.1,5.19,52798393.0,273409486.0,1648212114.0,0.032033736769392536,002517
2021-11-23,5.16,5.26,5.12,5.23,38133700.0,198461889.0,1648212114.0,0.023136403182630653,002517
2021-11-24,5.19,5.32,5.15,5.24,47897222.0,250755382.0,1648212114.0,0.029060107975883983,002517
2021-11-25,5.22,5.31,5.08,5.11,46479667.0,239468056.0,1648212114.0,0.02820005180473998,002517
2021-11-26,5.07,5.14,5.03,5.07,32265794.0,163933877.0,1648212114.0,0.019576238838395044,002517
2021-11-29,5.0,5.08,4.95,5.05,33863867.0,170226313.0,1648212114.0,0.020545818534130737,002517
2021-11-30,5.08,5.14,5.01,5.07,32892667.0,166246330.0,1648212114.0,0.019956573987418225,002517
2021-12-01,5.05,5.06,4.96,5.03,33841750.0,169338458.0,1648212114.0,0.02053239975155285,002517
2021-12-02,5.0,5.03,4.86,4.88,32675204.0,161139973.0,1648212114.0,0.01982463526536124,002517
2021-12-03,4.88,4.98,4.81,4.83,28333600.0,137730281.0,1648212114.0,0.017190505857427523,002517
2021-12-06,4.83,4.91,4.76,4.89,47467323.0,229971493.0,1648212114.0,0.028799280503286,002517
2021-12-07,4.88,4.89,4.74,4.76,42556093.0,203959001.0,1648212114.0,0.02581954873315535,002517
2021-12-08,4.75,4.92,4.71,4.88,35959488.0,173634340.0,1648212114.0,0.021817269570195624,002517
2021-12-09,4.85,4.94,4.81,4.88,29581353.0,144687698.0,1648212114.0,0.01794754009434492,002517
2021-12-10,4.86,5.04,4.82,4.98,49797237.0,247454794.0,1648212114.0,0.030212881325783047,002517
2021-12-13,5.09,5.29,5.02,5.27,87835408.0,456176647.0,1648212114.0,0.05329132534212159,002517
2021-12-14,5.25,5.54,5.21,5.44,100331678.0,543978248.0,1648212114.0,0.060873037607100125,002517
2021-12-15,5.4,5.55,5.33,5.53,80686824.0,440555963.0,1648212114.0,0.048954150569967235,002517
2021-12-16,5.57,5.58,5.4,5.53,58038607.0,319606089.0,1648212114.0,0.03521306906254179,002517
2021-12-17,5.53,5.75,5.5,5.58,72661290.0,409809677.0,1648212114.0,0.04408491442503741,002517
2021-12-20,5.64,5.85,5.5,5.52,70336562.0,396889893.0,1648212114.0,0.04267446004222245,002517
2021-12-21,5.54,5.58,5.42,5.49,50456562.0,277050840.0,1648212114.0,0.030612905688181345,002517
2021-12-22,5.59,5.77,5.53,5.6,69763520.0,394962390.0,1648212114.0,0.04232678513124919,002517
2021-12-23,5.6,5.6,5.35,5.39,62764070.0,342146639.0,1648212114.0,0.03808009264516302,002517
2021-12-24,5.45,5.55,5.26,5.34,43260812.0,233019486.0,1648212114.0,0.026247114453619408,002517
2021-12-27,5.39,5.45,5.24,5.27,35611073.0,188673857.0,1648212114.0,0.02160587990921659,002517
2021-12-28,5.35,5.41,5.24,5.32,43380883.0,230598541.0,1648212114.0,0.026319963693702108,002517
2021-12-29,5.29,5.34,5.21,5.28,36073921.0,190302628.0,1648212114.0,0.02188669813404854,002517
2021-12-30,5.28,5.81,5.27,5.81,109795049.0,624891778.0,1648212114.0,0.06661463537817439,002517
2021-12-31,5.87,5.99,5.75,5.82,136566428.0,801454290.0,1639498364.0,0.08329769092712556,002517
2022-01-04,5.84,6.29,5.74,6.16,118659768.0,725332844.0,1639498364.0,0.0723756550207817,002517
2022-01-05,6.16,6.24,5.93,6.16,85797198.0,522007564.0,1639498364.0,0.05233137152432071,002517
2022-01-06,6.11,6.19,5.94,6.03,64141066.0,387484163.0,1639498364.0,0.03912237267715871,002517
2022-01-07,6.07,6.13,5.8,5.82,60885436.0,361965142.0,1639498364.0,0.03713662504148738,002517
2022-01-10,5.82,5.95,5.75,5.88,49588695.0,290237420.0,1639498364.0,0.03024626073978809,002517
2022-01-11,5.84,5.95,5.67,5.7,47934042.0,276261285.0,1639498364.0,0.029237017280732094,002517
2022-01-12,5.78,5.82,5.65,5.74,38440085.0,220389777.0,1639498364.0,0.023446247854871295,002517
2022-01-13,5.75,5.8,5.69,5.74,37407323.0,214912678.0,1639498364.0,0.02281632224916328,002517
2022-01-14,5.68,5.94,5.58,5.84,60714118.0,351866404.0,1639498364.0,0.037032130884151346,002517
2022-01-17,5.81,5.97,5.75,5.9,52555875.0,309125934.0,1639498364.0,0.032056070413986705,002517
2022-01-18,5.91,5.93,5.67,5.69,46671928.0,268627123.0,1639498364.0,0.02846720010511703,002517
2022-01-19,5.75,5.95,5.71,5.77,53138753.0,308766073.0,1639498364.0,0.03241159257417838,002517
2022-01-20,5.7,5.71,5.45,5.49,53608521.0,297869107.0,1639498364.0,0.03269812411962858,002517
2022-01-21,5.48,5.72,5.41,5.41,38347962.0,211496191.0,1639498364.0,0.02339005810682224,002517
2022-01-24,5.36,5.47,5.26,5.41,28288850.0,152423161.0,1639498364.0,0.017254576534606412,002517
2022-01-25,5.36,5.43,5.13,5.15,38859120.0,203891984.0,1639498364.0,0.023701835179141418,002517
2022-01-26,5.23,5.37,5.19,5.27,34516991.0,181864372.0,1639498364.0,0.021053385448818903,002517
2022-01-27,5.32,5.37,5.03,5.07,38217423.0,197430195.0,1639498364.0,0.023310436801387377,002517
2022-01-28,5.11,5.24,5.07,5.16,31828411.0,164378206.0,1639498364.0,0.019413505800851168,002517
2022-02-07,5.28,5.31,5.11,5.14,37591624.0,194993281.0,1639498364.0,0.022928735292107923,002517
2022-02-08,5.17,5.24,5.06,5.24,32957311.0,170681260.0,1639498364.0,0.020102070074404784,002517
2022-02-09,5.25,5.47,5.22,5.46,38367773.0,205796741.0,1639498364.0,0.023402141680941624,002517
2022-02-10,5.47,5.57,5.42,5.49,34108750.0,187410846.0,1639498364.0,0.02080438184566557,002517
2022-02-11,5.46,5.51,5.27,5.29,31427263.0,168581334.0,1639498364.0,0.019168828521014616,002517
2022-02-14,5.3,5.34,5.15,5.2,28298597.0,148395068.0,1639498364.0,0.017260521645753837,002517
2022-02-15,5.2,5.32,5.2,5.25,26268475.0,137941614.0,1639498364.0,0.016022263624533874,002517
2022-02-16,5.29,5.33,5.25,5.28,22685596.0,119851771.0,1639498364.0,0.013836912861963674,002517
2022-02-17,5.24,5.33,5.16,5.18,23989449.0,124959638.0,1639498364.0,0.014632188434437499,002517
2022-02-18,5.16,5.32,5.13,5.32,23816615.0,125420175.0,1639498364.0,0.014526769604022612,002517
2022-02-21,5.33,5.49,5.32,5.45,32633939.0,177323797.0,1639498364.0,0.019904831695214793,002517
2022-02-22,5.39,5.4,5.17,5.21,38262456.0,200990234.0,1639498364.0,0.023337904349381832,002517
2022-02-23,5.23,5.3,5.21,5.24,23298756.0,122412277.0,1639498364.0,0.014210905305910997,002517
2022-02-24,5.2,5.22,4.8,4.93,58149151.0,291558996.0,1639498364.0,0.0354676480787266,002517
2022-02-25,4.99,5.06,4.94,4.96,25190966.0,125823823.0,1639498364.0,0.015365044914433352,002517
2022-02-28,4.95,4.99,4.78,4.99,29305975.0,143126597.0,1639498364.0,0.017874964466875188,002517
2022-03-01,4.98,5.06,4.93,5.01,21272544.0,106324624.0,1640222550.0,0.012969303464337813,002517
2022-03-02,4.96,5.05,4.93,5.03,18655479.0,93250085.0,1640222550.0,0.01137374864160964,002517
2022-03-03,5.07,5.07,4.97,4.99,19140851.0,95835283.0,1640842049.0,0.01166526114543765,002517
2022-03-04,4.99,5.1,4.93,5.05,28536320.0,143462638.0,1640842049.0,0.017391265672031787,002517
2022-03-07,5.05,5.07,4.94,4.99,20430037.0,102243967.0,1640842049.0,0.012450946763858805,002517
2022-03-08,4.98,4.99,4.75,4.78,28480220.0,137985625.0,1640842049.0,0.017357075909504558,002517
2022-03-09,4.79,4.84,4.45,4.75,31100674.0,145279687.0,1640842049.0,0.018954093734344566,002517
2022-03-10,4.81,4.85,4.7,4.73,21258157.0,101492624.0,1640842049.0,0.012955638851988001,002517
2022-03-11,4.64,4.82,4.58,4.81,26716165.0,125307974.0,1640842049.0,0.016281984616546112,002517
2022-03-14,4.82,4.87,4.7,4.7,25299996.0,121134190.0,1640842049.0,0.015418910074506508,002517
2022-03-15,4.69,4.7,4.34,4.35,37575743.0,169481484.0,1640842049.0,0.022900280391339484,002517
2022-03-16,4.45,4.55,4.25,4.55,34066981.0,150387913.0,1640842049.0,0.020761889312113795,002517
2022-03-17,4.58,4.82,4.54,4.74,34972290.0,165397293.0,1640842049.0,0.021313623710041817,002517
2022-03-18,4.69,4.94,4.66,4.87,35395625.0,170804039.0,1640842049.0,0.021571622339622284,002517
2022-03-21,4.88,5.15,4.87,4.92,32968670.0,163553633.0,1640842049.0,0.020092531161114827,002517
2022-03-22,4.89,5.02,4.78,4.98,24142079.0,118481489.0,1640842049.0,0.014713225453183154,002517
2022-03-23,4.94,5.23,4.92,5.12,42684083.0,217764511.0,1640842049.0,0.026013523377227885,002517
2022-03-24,5.03,5.1,5.0,5.05,25110425.0,126751382.0,1640842049.0,0.015303377320994046,002517
2022-03-25,5.04,5.16,5.03,5.07,27265060.0,138397501.0,1640842049.0,0.016616504932096605,002517
2022-03-28,5.07,5.17,5.01,5.13,28565182.0,145748591.0,1640842049.0,0.01740885542115943,002517
2022-03-29,5.13,5.22,5.1,5.16,32076420.0,165404711.0,1640842049.0,0.019548755481704504,002517
2022-03-30,5.16,5.19,5.08,5.15,25864549.0,132730569.0,1640842049.0,0.01576297305140551,002517
2022-03-31,5.13,5.16,5.06,5.09,26945738.0,137625267.0,1640842049.0,0.01642189631623708,002517
2022-04-01,5.05,5.19,5.02,5.15,33283629.0,171278107.0,1640842049.0,0.020284480776369962,002517
2022-04-06,5.14,5.28,5.13,5.17,29200161.0,151818733.0,1640842049.0,0.017795839043615345,002517
2022-04-07,5.15,5.18,4.98,4.99,29449921.0,149331197.0,1640842049.0,0.01794805357282747,002517
2022-04-08,5.05,5.07,4.81,4.9,28300091.0,138967051.0,1640842049.0,0.017247297518519406,002517
2022-04-11,4.9,4.92,4.64,4.65,32928303.0,155640641.0,1640842049.0,0.02006792976817478,002517
2022-04-12,4.93,5.12,4.75,4.88,99880997.0,495480974.0,1640842049.0,0.060871792663329045,002517
2022-04-13,4.79,4.8,4.53,4.54,69707470.0,323162733.0,1640842049.0,0.04248274234712765,002517
2022-04-14,4.6,4.72,4.58,4.62,33372076.0,155018331.0,1640842049.0,0.02033838419751516,002517
2022-04-15,4.59,4.63,4.45,4.45,28807050.0,129969506.0,1640842049.0,0.017556260224776823,002517
2022-04-18,4.45,4.5,4.38,4.5,20099023.0,89396154.0,1640842049.0,0.012249212538311785,002517
2022-04-19,4.46,4.79,4.45,4.73,42992194.0,199315082.0,1640842049.0,0.026201299525570605,002517
2022-04-20,4.73,4.84,4.67,4.68,28492287.0,135263137.0,1640842049.0,0.017364430060385416,002517
2022-04-21,4.69,4.78,4.43,4.44,32858189.0,150141212.0,1640842049.0,0.02002519926889075,002517
2022-04-22,4.45,4.5,4.34,4.4,22425982.0,98408304.0,1640842049.0,0.013667361836361618,002517
2022-04-25,4.3,4.33,3.96,3.96,42150702.0,172191806.0,1640842049.0,0.025688457963207647,002517
2022-04-26,3.96,4.07,3.89,3.97,32603212.0,130092377.0,1640842049.0,0.019869805274596544,002517
2022-04-27,3.9,4.17,3.8,4.15,29256733.0,117723443.0,1640842049.0,0.017830316463324617,002517
2022-04-28,4.15,4.16,4.03,4.11,24491074.0,100356759.0,1640842049.0,0.014925918076591174,002517
2022-04-29,4.45,4.52,4.31,4.52,57447403.0,257010023.0,1640842049.0,0.03501092809939319,002517
2022-05-05,4.6,4.97,4.52,4.97,90373002.0,433531283.0,1640842049.0,0.055077209933203024,002517
2022-05-06,4.82,5.33,4.78,5.08,115491368.0,587010624.0,1640842049.0,0.07038542684250775,002517
2022-05-09,5.02,5.19,4.96,5.18,56462574.0,286323394.0,1640842049.0,0.03441073077960839,002517
2022-05-10,5.09,5.15,5.01,5.11,48712488.0,247610381.0,1640842049.0,0.029687493704642378,002517
2022-05-11,5.14,5.22,5.07,5.09,43209403.0,222218575.0,1640842049.0,0.026333676069755573,002517
2022-05-12,5.09,5.13,4.99,5.09,39685748.0,200490587.0,1640842049.0,0.02418620855321584,002517
2022-05-13,5.16,5.2,5.06,5.1,27642742.0,141335003.0,1640842049.0,0.016846680652075365,002517
2022-05-16,5.12,5.27,5.09,5.15,42829456.0,221548579.0,1640842049.0,0.026102119960968895,002517
2022-05-17,5.14,5.19,5.04,5.18,29691353.0,151906109.0,1640842049.0,0.018095192659217378,002517
2022-05-18,5.19,5.23,5.13,5.17,27315267.0,141493802.0,1640842049.0,0.01664710324595052,002517
2022-05-19,5.09,5.24,5.05,5.24,31200498.0,161590801.0,1640842049.0,0.019014930790574834,002517
2022-05-20,5.34,5.42,5.25,5.33,42271013.0,225230565.0,1640842049.0,0.025761780681913767,002517
2022-05-23,5.39,5.45,5.32,5.41,39826032.0,214921450.0,1640842049.0,0.024271703680602105,002517
2022-05-24,5.4,5.52,5.27,5.28,54113337.0,292177998.0,1640842049.0,0.0329790043063432,002517
2022-05-25,5.27,5.4,5.23,5.36,34008575.0,180741001.0,1640842049.0,0.020726294173608176,002517
2022-05-26,5.36,5.4,5.28,5.39,24885298.0,133200212.0,1640842049.0,0.0151661752056916,002517
2022-05-27,5.4,5.52,5.34,5.39,34079355.0,185107725.0,1640842049.0,0.02076943056205162,002517
2022-05-30,5.42,5.44,5.31,5.37,21847750.0,116983031.0,1640842049.0,0.013314962286171884,002517
2022-05-31,5.32,5.42,5.32,5.39,24980160.0,134640625.0,1640842049.0,0.015223988204851276,002517
2022-06-01,5.37,5.58,5.35,5.48,31219374.0,171297282.0,1640842049.0,0.019026434640083995,002517
2022-06-02,5.48,5.48,5.36,5.43,20322585.0,110250650.0,1640842049.0,0.012385460875033926,002517
2022-06-06,5.45,5.49,5.35,5.47,32712225.0,177382939.0,1640842049.0,0.019936242504229,002517
2022-06-07,5.49,5.75,5.44,5.64,45877538.0,258071360.0,1640842049.0,0.027959752754970993,002517
2022-06-08,5.68,5.84,5.4,5.5,56830769.0,316117055.0,1640842049.0,0.03463512471211664,002517
2022-06-09,5.45,5.69,5.43,5.51,45679424.0,253949905.0,1640842049.0,0.02783901352835211,002517
2022-06-10,5.46,5.62,5.45,5.6,25887550.0,143539286.0,1640842049.0,0.015776990854041675,002517
2022-06-13,5.53,5.59,5.35,5.56,45566386.0,249446889.0,1640842049.0,0.027770123289910888,002517
2022-06-14,5.49,5.66,5.38,5.64,42072769.0,232481103.0,1640842049.0,0.025640962227681186,002517
2022-06-15,5.65,5.68,5.45,5.45,38248187.0,212158872.0,1640842049.0,0.023310096802620396,002517
2022-06-16,5.46,5.83,5.45,5.71,66340143.0,379364136.0,1640842049.0,0.040430547864391056,002517
2022-06-17,5.67,5.73,5.5,5.58,41069599.0,229505757.0,1640842049.0,0.025029587110489755,002517
2022-06-20,5.6,5.68,5.52,5.58,32218923.0,180041657.0,1640842049.0,0.019635602963512303,002517
2022-06-21,5.56,5.63,5.52,5.62,28200000.0,157440719.0,1640842049.0,0.017186297740959464,002517
2022-06-22,5.6,5.61,5.46,5.47,25852875.0,143096156.0,1640842049.0,0.0157558584116953,002517
2022-06-23,5.49,5.51,5.29,5.47,35446550.0,190741417.0,1640842049.0,0.02160265823368109,002517
2022-06-24,5.45,5.8,5.45,5.65,53531177.0,304027484.0,1640842049.0,0.03262421086333338,002517
2022-06-27,5.66,5.8,5.61,5.63,38191123.0,217167580.0,1640842049.0,0.02327531953686543,002517
2022-06-28,5.64,5.8,5.6,5.75,33658250.0,192687934.0,1640842049.0,0.020512790990767693,002517
2022-06-29,5.75,5.82,5.57,5.59,33874970.0,191865004.0,1640842049.0,0.020644869517236514,002517
2022-06-30,5.59,5.66,5.55,5.58,22851200.0,127797705.0,1640842049.0,0.013926508047454359,002517
2022-07-01,5.57,5.59,5.51,5.55,17964450.0,99453900.0,1640842049.0,0.010948311576332598,002517
2022-07-04,5.54,5.9,5.51,5.83,60864030.0,350457284.0,1640842049.0,0.037093168131017346,002517
2022-07-05,5.85,5.89,5.62,5.73,42372741.0,241735659.0,1640842049.0,0.025823778117963138,002517
2022-07-06,5.73,5.76,5.58,5.63,29020476.0,163567549.0,1640842049.0,0.017686331245403135,002517
2022-07-07,5.63,5.65,5.55,5.6,20377765.0,113932535.0,1640842049.0,0.012419089949833435,002517
2022-07-08,5.6,5.71,5.46,5.49,30868744.0,172419964.0,1640842049.0,0.01881274557707291,002517
2022-07-11,5.46,5.57,5.41,5.45,24542301.0,134474940.0,1640842049.0,0.014957138022491037,002517
2022-07-12,5.45,5.49,5.36,5.4,21109176.0,114372591.0,1640842049.0,0.01286484339724524,002517
2022-07-13,5.41,5.69,5.4,5.63,40084483.0,223318244.0,1640842049.0,0.024429214880511634,002517
2022-07-14,5.62,5.83,5.55,5.82,56370609.0,324775835.0,1640842049.0,0.03435468333734785,002517
2022-07-15,5.81,5.83,5.66,5.68,47118730.0,270763940.0,1640842049.0,0.028716188757300674,002517
2022-07-18,5.72,5.78,5.65,5.73,30400413.0,173581640.0,1640842049.0,0.018527324442061517,002517
2022-07-19,5.76,5.84,5.73,5.83,34794550.0,201767019.0,1640842049.0,0.02120530127881919,002517
2022-07-20,5.86,6.41,5.83,6.15,106642771.0,654867133.0,1640842049.0,0.0649927097279063,002517
2022-07-21,6.15,6.3,6.12,6.19,64061410.0,396642802.0,1640842049.0,0.039041789573250996,002517
2022-07-22,6.2,6.22,6.04,6.1,42026188.0,256241168.0,1640842049.0,0.025612573754806304,002517
2022-07-25,6.1,6.23,6.03,6.04,35174284.0,214389391.0,1640842049.0,0.02143672757620804,002517
2022-07-26,6.07,6.2,6.01,6.15,33089637.0,202865857.0,1640842049.0,0.020166253674548537,002517
2022-07-27,6.14,6.18,6.06,6.1,30537483.0,186128668.0,1640842049.0,0.01861086081905986,002517
2022-07-28,6.13,6.15,6.0,6.01,30227080.0,183103918.0,1640842049.0,0.018421687826943298,002517
2022-07-29,6.04,6.09,5.92,5.98,35067373.0,210317897.0,1640842049.0,0.021371571396144786,002517
2022-08-01,5.98,6.15,5.94,6.04,30809350.0,186640606.0,1640842049.0,0.018776548308703175,002517
2022-08-02,5.92,6.09,5.8,5.98,65611571.0,389656109.0,1640842049.0,0.03998652462617382,002517
2022-08-03,5.91,6.06,5.88,5.89,45616877.0,272407762.0,1640842049.0,0.027800894685628574,002517
2022-08-04,5.91,6.07,5.9,5.9,82091632.0,490238789.0,1640842049.0,0.050030185446570064,002517
2022-08-05,6.0,6.49,5.98,6.4,167284925.0,1068486019.0,1640842049.0,0.10195065704340686,002517
2022-08-08,6.4,6.88,6.4,6.67,143426867.0,958703175.0,1640842049.0,0.08741052625230473,002517
2022-08-09,6.67,6.7,6.28,6.3,96769186.0,618372259.0,1640842049.0,0.058975320664761924,002517
2022-08-10,6.35,6.62,6.31,6.47,81832948.0,529893735.0,1640842049.0,0.04987253224639906,002517
2022-08-11,6.46,6.97,6.35,6.88,120643251.0,810694663.0,1640842049.0,0.07352520681288319,002517
2022-08-12,7.01,7.11,6.8,7.03,127371200.0,890012127.0,1640842049.0,0.07762550946181901,002517
2022-08-15,7.16,7.53,7.08,7.4,122034086.0,898201472.0,1640842049.0,0.07437284172134231,002517
2022-08-16,7.48,7.75,7.31,7.41,97606649.0,728231356.0,1640842049.0,0.059485706780543386,002517
2022-08-17,7.39,8.15,7.35,7.91,170772206.0,1341565321.0,1640842049.0,0.1040759566736335,002517
2022-08-18,8.08,8.12,7.67,7.8,95023554.0,741018109.0,1640842049.0,0.05791145714355105,002517
2022-08-19,7.88,8.18,7.54,7.59,176219708.0,1383590263.0,1640842049.0,0.10739589962811832,002517
2022-08-22,7.65,8.2,7.52,8.09,140011438.0,1112600667.0,1640842049.0,0.08532901633361299,002517
2022-08-23,7.99,8.2,7.87,8.1,77849134.0,625809522.0,1640842049.0,0.047444623964533715,002517
2022-08-24,8.08,8.43,7.89,8.02,80346153.0,650867549.0,1640842049.0,0.04896641517016608,002517
2022-08-25,8.04,8.11,7.52,7.85,95433637.0,740533816.0,1640842049.0,0.058161379432079635,002517
2022-08-26,7.83,8.04,7.66,7.75,43925571.0,344718945.0,1640842049.0,0.026770139774739524,002517
2022-08-29,7.66,8.0,7.53,7.88,50015550.0,391768265.0,1640842049.0,0.030481635956661177,002517
2022-08-30,7.97,8.05,7.77,7.91,40587852.0,320744613.0,1640842049.0,0.02473598968574458,002517
2022-08-31,7.84,8.08,7.64,7.72,66642703.0,521934647.0,1640842049.0,0.04061494099362881,002517
2022-09-01,7.78,7.79,7.59,7.69,44947028.0,345658630.0,1640842049.0,0.027392659779405738,002517
2022-09-02,7.69,8.19,7.67,8.11,82037236.0,659003380.0,1640842049.0,0.049997034175225476,002517
2022-09-05,8.1,8.11,7.6,7.89,69271040.0,541730040.0,1640842049.0,0.04221676305907492,002517
2022-09-06,7.93,8.17,7.82,8.16,58321351.0,469520606.0,1640842049.0,0.03554354974968099,002517
2022-09-07,8.18,8.48,7.8,7.85,115588572.0,929614718.0,1639166924.0,0.07051665715529043,002517
2022-09-08,7.84,8.12,7.7,7.73,64504922.0,509238205.0,1639166924.0,0.03935225940418012,002517
2022-09-09,7.74,7.78,7.42,7.65,63914191.0,484728888.0,1639166924.0,0.03899187450905397,002517
2022-09-13,7.65,7.89,7.59,7.79,39307900.0,304722728.0,1639166924.0,0.023980413113801946,002517
2022-09-14,7.65,7.77,7.61,7.71,30080024.0,231154699.0,1639166924.0,0.01835079976272142,002517
2022-09-15,7.71,7.85,7.38,7.51,48678477.0,368542520.0,1639166924.0,0.029697083492394822,002517
2022-09-16,7.5,7.72,7.44,7.47,46738281.0,354230963.0,1639166924.0,0.028513435889705643,002517
2022-09-19,7.47,7.47,7.19,7.33,42013083.0,306520272.0,1639166924.0,0.02563075327159298,002517
2022-09-20,7.36,7.46,7.2,7.27,29388847.0,214858038.0,1639166924.0,0.017929136178689756,002517
2022-09-21,7.21,7.46,7.14,7.42,31294923.0,230086254.0,1639166924.0,0.019091968329639136,002517
2022-09-22,7.41,7.55,7.22,7.24,29761900.0,217893017.0,1907863491.0,0.015599596166285673,002517
2022-09-23,7.11,7.11,6.61,6.69,115189845.0,777179663.0,1907863491.0,0.060376355825973504,002517
2022-09-26,6.74,6.89,6.53,6.73,63778378.0,429782229.0,1907863491.0,0.033429214564282474,002517
2022-09-27,6.8,6.84,6.57,6.81,62043213.0,415474889.0,1907863491.0,0.03251973387649463,002517
2022-09-28,6.98,6.99,6.64,6.7,50966360.0,345444295.0,1907863491.0,0.02671383997881639,002517
2022-09-29,6.77,6.88,6.63,6.65,32488602.0,218677864.0,1907863491.0,0.017028787517167285,002517
2022-09-30,6.61,6.74,6.54,6.55,27746693.0,183546632.0,1907863491.0,0.014543332440130015,002517
2022-10-10,6.61,6.64,6.28,6.32,38909806.0,249356505.0,1907863491.0,0.020394439216196523,002517
2022-10-11,6.38,6.45,6.2,6.43,34469529.0,218311512.0,1907863491.0,0.018067083500787007,002517
2022-10-12,6.43,6.58,6.29,6.55,27459352.0,176699053.0,1907863491.0,0.01439272365634885,002517
2022-10-13,6.52,6.54,6.2,6.37,57482703.0,366045969.0,1907863491.0,0.030129358453141027,002517
2022-10-14,6.4,6.5,6.32,6.44,34971891.0,224632436.0,1907863491.0,0.018330394792380876,002517
2022-10-17,6.44,6.51,6.31,6.4,29068935.0,185879266.0,1907863491.0,0.015236380976483605,002517
2022-10-18,6.43,6.6,6.4,6.49,39996759.0,259785311.0,1907863491.0,0.020964161843170362,002517
2022-10-19,6.49,6.72,6.4,6.47,46985430.0,307138940.0,1907863491.0,0.02462724939265584,002517
2022-10-20,6.43,6.57,6.32,6.4,33611800.0,216520002.0,1907863491.0,0.017617507834579136,002517
2022-10-21,6.38,6.42,6.22,6.3,30993146.0,195994363.0,1907863491.0,0.016244949466355713,002517
2022-10-24,6.37,6.37,6.04,6.11,45607837.0,283136507.0,1907863491.0,0.023905188822547684,002517
2022-10-25,6.11,6.2,5.95,6.14,33673888.0,204892229.0,1907863491.0,0.0176500510434056,002517
2022-10-26,6.17,6.25,6.11,6.14,32707075.0,201566955.0,1907863491.0,0.017143299378749945,002517
2022-10-27,6.16,6.32,6.06,6.18,57695035.0,358204579.0,1907863491.0,0.03024065153097476,002517
2022-10-28,6.16,6.16,5.66,5.7,89385055.0,520801906.0,1907863491.0,0.04685086507585987,002517
2022-10-31,5.81,5.98,5.7,5.9,66748876.0,391178775.0,1907863491.0,0.03498619073894737,002517
2022-11-01,5.95,5.99,5.78,5.95,43879291.0,259660940.0,1907863491.0,0.022999177460542957,002517
2022-11-02,6.45,6.55,6.3,6.55,69362354.0,452022731.0,1907863491.0,0.03635603612480889,002517
2022-11-03,6.62,6.65,5.98,6.07,176916606.0,1095523517.0,1909746189.0,0.09263880562717018,002517
2022-11-04,6.08,6.53,5.99,6.4,133006003.0,831877378.0,1909746189.0,0.06964590570522144,002517
2022-11-07,6.46,6.7,6.34,6.68,110102414.0,719899612.0,1909746189.0,0.05765290415772627,002517
2022-11-08,6.75,6.75,6.58,6.72,73545701.0,491215677.0,1909746189.0,0.038510720127950995,002517
2022-11-09,6.83,6.87,6.53,6.55,65365867.0,433896401.0,1909746189.0,0.0342275153507323,002517
2022-11-10,6.52,6.69,6.43,6.66,57092628.0,378110444.0,1909746189.0,0.02989540093277809,002517
2022-11-11,6.79,6.82,6.48,6.49,86497729.0,571242977.0,1909746189.0,0.04529278785747586,002517
2022-11-14,6.49,6.57,6.34,6.4,54464331.0,350676096.0,1909746189.0,0.02851914632096695,002517
2022-11-15,6.42,6.55,6.38,6.5,47058145.0,304790742.0,1909746189.0,0.024641046685183358,002517
2022-11-16,6.57,6.73,6.52,6.58,65366014.0,433719664.0,1909746189.0,0.03422759232431174,002517
2022-11-17,6.82,7.03,6.73,7.0,162920515.0,1120758020.0,1906771400.0000002,0.08544312915538799,002517
2022-11-18,7.08,7.56,7.07,7.25,179967420.0,1319283329.0,1906771400.0000002,0.09438332251050124,002517
2022-11-21,7.21,7.24,6.87,6.95,95641406.0,668494608.0,1906771400.0000002,0.05015882134586243,002517
2022-11-22,6.88,6.93,6.69,6.72,55490054.0,376925360.0,1906771400.0000002,0.029101576623186184,002517
2022-11-23,6.78,7.02,6.63,6.97,66395481.0,453938595.0,1906771400.0000002,0.03482089200624679,002517
2022-11-24,6.9,6.93,6.72,6.77,45088436.0,307252099.0,1906771400.0000002,0.023646482215959393,002517
2022-11-25,6.77,6.96,6.75,6.85,46356157.0,316588372.0,1906771400.0000002,0.024311334331949805,002517
2022-11-28,6.76,7.03,6.67,6.96,50306572.0,347554145.0,1906771400.0000002,0.026383116507830984,002517
2022-11-29,6.87,7.04,6.86,6.97,39898353.0,277344427.0,1906771400.0000002,0.020924560227828043,002517
2022-11-30,6.95,7.15,6.95,7.04,43373504.0,305836324.0,1906771400.0000002,0.022747091759400206,002517
2022-12-01,7.1,7.17,7.03,7.08,45314122.0,322565669.0,1906771400.0000002,0.023764842497637627,002517
2022-12-02,7.03,7.3,7.03,7.15,40400407.0,290628530.0,1906771400.0000002,0.021187860799674253,002517
2022-12-05,7.15,7.24,6.92,6.97,65783880.0,461616789.0,1906771400.0000002,0.03450013986993931,002517
2022-12-06,6.93,6.94,6.83,6.91,32264445.0,221751404.0,1906771400.0000002,0.016920982242548843,002517
2022-12-07,6.87,6.98,6.81,6.97,32145714.0,222180202.0,1906771400.0000002,0.016858714159442498,002517
2022-12-08,6.92,7.02,6.8,6.93,32867638.0,227386883.0,1906771400.0000002,0.01723732483086331,002517
2022-12-09,6.92,6.98,6.76,6.9,49207323.0,337782346.0,1906771400.0000002,0.025806618979076355,002517
2022-12-12,6.9,6.95,6.75,6.77,37601633.0,256681638.0,1906771400.0000002,0.0197200529649228,002517
2022-12-13,6.78,6.89,6.75,6.79,25410927.0,173286089.0,1906771400.0000002,0.013326677230422062,002517
2022-12-14,6.78,7.05,6.77,6.95,42419864.0,294417499.0,1906771400.0000002,0.02224695839260018,002517
2022-12-15,6.94,7.09,6.83,6.85,31115986.0,215569088.0,1906771400.0000002,0.016318676690871278,002517
2022-12-16,6.77,6.81,6.53,6.57,39690223.0,264015347.0,1906771400.0000002,0.0208154071327061,002517
2022-12-19,6.55,6.64,6.46,6.49,24653053.0,161076323.0,1906771400.0000002,0.012929212699540175,002517
2022-12-20,6.5,6.67,6.44,6.55,22066205.0,144890276.0,1906771400.0000002,0.011572548759646802,002517
2022-12-21,6.65,6.65,6.41,6.44,15927079.0,103453476.0,1906771400.0000002,0.008352904286271546,002517
2022-12-22,6.48,6.61,6.43,6.46,20202910.0,131714646.0,1906771400.0000002,0.010595349814875553,002517
2022-12-23,6.39,6.59,6.39,6.55,17667212.0,115259538.0,1906771400.0000002,0.009265511324535285,002517
2022-12-26,6.54,6.56,6.47,6.49,14950202.0,97305237.0,1906771400.0000002,0.007840584351118335,002517
2022-12-27,6.5,6.54,6.34,6.41,21300979.0,136622109.0,1906771400.0000002,0.011171228496504614,002517
2022-12-28,6.4,6.44,6.29,6.39,18736771.0,119313609.0,1906771400.0000002,0.00982643803027463,002517
2022-12-29,6.68,6.82,6.56,6.57,67769351.0,453934314.0,1906771400.0000002,0.03554141361675552,002517
2022-12-30,6.59,6.68,6.48,6.56,37475690.0,246750756.0,1906771400.0000002,0.019654002572096475,002517
2023-01-03,6.61,6.99,6.58,6.94,57278323.0,390985422.0,1906771400.0000002,0.03003942842859925,002517
2023-01-04,7.0,7.3,6.96,7.27,80521468.0,578924833.0,1906771400.0000002,0.042229219506858554,002517
2023-01-05,7.27,7.77,7.21,7.6,108783294.0,825868003.0,1906771400.0000002,0.05705104135713384,002517
2023-01-06,7.6,7.69,7.44,7.66,62001364.0,469233203.0,1906771400.0000002,0.032516411773325316,002517
2023-01-09,7.66,7.98,7.63,7.86,58782297.0,459447416.0,1906771400.0000002,0.030828182654722005,002517
2023-01-10,7.81,8.15,7.76,8.06,65093893.0,522576953.0,1906771400.0000002,0.034138278453305936,002517
2023-01-11,8.05,8.09,7.74,7.8,52871510.0,415814080.0,1906771400.0000002,0.027728289820164072,002517
2023-01-12,7.81,7.84,7.62,7.77,40739726.0,315421856.0,1906771400.0000002,0.021365815535097702,002517
2023-01-13,7.71,7.85,7.68,7.8,30413483.0,236148319.0,1906771400.0000002,0.015950251299133182,002517
2023-01-16,7.81,7.82,7.55,7.58,43795756.0,334059229.0,1906771400.0000002,0.022968540434369845,002517
2023-01-17,7.6,7.64,7.46,7.62,29980791.0,226336774.0,1906771400.0000002,0.015723327400442442,002517
2023-01-18,7.82,8.14,7.75,7.98,62948278.0,501959005.0,1906771400.0000002,0.03301301771150962,002517
2023-01-19,7.9,8.1,7.83,8.04,35340828.0,282416105.0,1906771400.0000002,0.01853438120584355,002517
2023-01-20,8.04,8.22,7.99,8.18,35176696.0,285864613.0,1906771400.0000002,0.018448302717357725,002517
2023-01-30,8.2,8.28,7.89,7.91,51253987.0,410446037.0,1906771400.0000002,0.026879985193820295,002517
2023-01-31,7.85,8.0,7.82,7.88,24874696.0,196538930.0,1906771400.0000002,0.013045452643143272,002517
2023-02-01,7.92,8.18,7.87,8.08,35681494.0,285896335.0,1906771400.0000002,0.018713042370994235,002517
2023-02-02,8.07,8.45,8.04,8.29,54263945.0,449124451.0,1906771400.0000002,0.02845854778396613,002517
2023-02-03,8.32,8.62,8.22,8.45,47524726.0,399051839.0,1906771400.0000002,0.024924186507097806,002517
2023-02-06,8.6,8.92,8.44,8.85,84789640.0,744315247.0,1906771400.0000002,0.04446764829806026,002517
2023-02-07,8.82,8.86,8.52,8.78,50514285.0,438751794.0,1906771400.0000002,0.026492050908672113,002517
2023-02-08,8.74,8.84,8.56,8.61,36165411.0,313712505.0,1906771400.0000002,0.01896683105274182,002517
2023-02-09,8.49,8.79,8.43,8.74,29925967.0,258351107.0,1906771400.0000002,0.015694575133652622,002517
2023-02-10,8.7,8.86,8.52,8.64,32879300.0,284640554.0,1906771400.0000002,0.017243440928472072,002517
2023-02-13,8.62,8.92,8.54,8.63,48840654.0,424064678.0,1906771400.0000002,0.025614320625954423,002517
2023-02-14,8.57,8.66,8.27,8.31,61384069.0,515444846.0,1906771400.0000002,0.032192673437413624,002517
2023-02-15,8.32,8.57,8.28,8.43,38070089.0,320344927.0,1906771400.0000002,0.01996573317598533,002517
2023-02-16,8.44,9.25,8.41,8.84,119657794.0,1068538578.0,1906771400.0000002,0.06275413717659074,002517
2023-02-17,8.87,8.95,8.42,8.58,66047275.0,569472156.0,1906771400.0000002,0.03463827651285308,002517
2023-02-20,8.64,9.44,8.57,9.44,107669564.0,982100491.0,1906771400.0000002,0.056466949315476404,002517
2023-02-21,9.49,9.7,9.07,9.28,100554003.0,940798169.0,1906771400.0000002,0.052735216712396664,002517
2023-02-22,9.23,9.31,9.04,9.17,37650801.0,345094514.0,1906771400.0000002,0.019745838961083638,002517
2023-02-23,9.15,9.19,8.75,8.85,61356289.0,547144180.0,1906771400.0000002,0.03217810430762701,002517
2023-02-24,8.82,8.91,8.7,8.85,40990654.0,361269558.0,1906771400.0000002,0.021497413900795865,002517
2023-02-27,8.86,8.86,8.53,8.55,44455762.0,383624158.0,1906771400.0000002,0.02331467841399341,002517
2023-02-28,8.62,8.62,8.31,8.5,46033443.0,389231931.0,1906771400.0000002,0.024142088034255178,002517
2023-03-01,8.51,9.25,8.47,9.17,89874553.0,804313611.0,1906771400.0000002,0.047134414225008824,002517
2023-03-02,9.09,9.44,9.05,9.34,55840351.0,515471514.0,1906771400.0000002,0.029285288734664256,002517
2023-03-03,9.28,9.36,9.11,9.22,33824474.0,311746962.0,1906771400.0000002,0.01773913432936953,002517
2023-03-06,9.21,9.22,9.01,9.1,30562370.0,278318634.0,1906771400.0000002,0.016028334597424733,002517
2023-03-07,9.09,9.15,8.68,8.73,42441099.0,375708438.0,1906771400.0000002,0.022258095018626772,002517
2023-03-08,8.63,8.86,8.55,8.77,25513419.0,223132489.0,1906771400.0000002,0.013380428823297852,002517
2023-03-09,8.73,8.8,8.54,8.7,36982021.0,319710474.0,1906771400.0000002,0.019395099485968792,002517
2023-03-10,8.61,8.77,8.53,8.55,32680575.0,281894832.0,1906771400.0000002,0.017139220254719572,002517
2023-03-13,8.51,8.84,8.39,8.7,44481141.0,383420445.0,1906771400.0000002,0.023327988347213512,002517
2023-03-14,8.65,8.82,8.46,8.63,36746216.0,316893583.0,1906771400.0000002,0.01927143232796548,002517
2023-03-15,8.63,8.75,8.43,8.45,30320156.0,259880685.0,1906771400.0000002,0.015901306260414853,002517
2023-03-16,8.45,8.57,8.25,8.46,30441380.0,257292551.0,1906771400.0000002,0.015964881789185634,002517
2023-03-17,8.53,9.31,8.53,9.19,119435521.0,1091586168.0,1906771400.0000002,0.0626375668315562,002517
2023-03-20,9.45,10.11,9.42,9.75,158076441.0,1568415404.0,1906771400.0000002,0.08290267045121402,002517
2023-03-21,9.65,10.14,9.65,9.95,96156748.0,954449827.0,1906771400.0000002,0.050429090765678565,002517
2023-03-22,10.01,10.5,9.76,10.36,106172015.0,1086857788.0,1906771400.0000002,0.05568156465950768,002517
2023-03-23,10.35,10.55,10.19,10.47,65171162.0,678685046.0,1906771400.0000002,0.03417880192664941,002517
2023-03-24,10.47,11.39,10.37,11.08,92584989.0,1017392343.0,1906771400.0000002,0.048555893485710974,002517
2023-03-27,11.3,12.18,11.2,11.45,110712764.0,1281480557.0,1906771400.0000002,0.05806294556337482,002517
2023-03-28,11.45,11.71,11.06,11.37,80107967.0,911836067.0,1906771400.0000002,0.042012360265105714,002517
2023-03-29,11.41,11.8,11.18,11.45,55481676.0,639578297.0,1906771400.0000002,0.02909718280859467,002517
2023-03-30,11.48,11.93,11.3,11.39,57664620.0,665729622.0,1906771400.0000002,0.030242020621874227,002517
2023-03-31,11.23,12.34,10.95,12.11,88278636.0,1035540627.0,1906771400.0000002,0.04629744079442349,002517
2023-04-03,12.03,13.25,11.97,12.96,142331778.0,1788756147.0,1906771400.0000002,0.07464543363719425,002517
2023-04-04,12.98,13.93,12.9,13.16,118106932.0,1572194075.0,1906771400.0000002,0.061940792692820955,002517
2023-04-06,12.78,13.5,12.52,13.11,84476884.0,1100975829.0,1906771400.0000002,0.04430362444076935,002517
2023-04-07,13.17,14.2,12.81,14.03,81626911.0,1118117224.0,1906771400.0000002,0.04280896545857568,002517
2023-04-10,14.35,15.0,13.0,13.56,143437952.0,1989979328.0,1906771400.0000002,0.0752255629594612,002517
2023-04-11,13.26,14.23,12.85,13.64,111906071.0,1518514112.0,1906771400.0000002,0.05868877150139759,002517
2023-04-12,13.42,15.0,13.01,14.77,130840563.0,1837152138.0,1906771400.0000002,0.06861890366092127,002517
2023-04-13,14.4,14.76,13.68,13.79,88404926.0,1257003989.0,1906771400.0000002,0.046363673170260467,002517
2023-04-14,13.56,14.27,12.99,13.85,91799152.0,1252684665.0,1906771400.0000002,0.04814376385129334,002517
2023-04-17,13.8,13.83,12.91,13.11,98929284.0,1309819561.0,1906771400.0000002,0.05188313816748037,002517
2023-04-18,13.11,13.43,12.78,13.21,60924774.0,798159902.0,1906771400.0000002,0.03195179768272169,002517
2023-04-19,13.0,14.12,12.98,13.54,84401676.0,1157492510.0,1906771400.0000002,0.044264181852108744,002517
2023-04-20,13.43,14.5,13.4,14.39,86860923.0,1225218020.0,1906771400.0000002,0.045553925866519705,002517
2023-04-21,14.85,15.26,14.32,14.42,104154761.0,1536991036.0,1906771400.0000002,0.05462362242269838,002517
2023-04-24,14.35,15.86,14.35,15.72,107398087.0,1648631352.0,1906771400.0000002,0.05632457409419923,002517
2023-04-25,15.75,16.95,15.4,16.85,116099346.0,1892838789.0,1906771400.0000002,0.06088792080686756,002517
2023-04-26,16.92,17.9,16.08,16.68,145457993.0,2458473833.0,1906771400.0000002,0.07628496682926961,002517
2023-04-27,16.51,16.6,15.01,15.16,139300611.0,2172028686.0,1906771400.0000002,0.07305574805663646,002517
2023-04-28,15.22,16.68,15.22,16.68,127780865.0,2078921267.0,1906771400.0000002,0.06701425509109271,002517
2023-05-04,16.96,18.34,16.56,18.15,140456154.0,2421354265.0,1906771400.0000002,0.07366176878885428,002517
2023-05-05,17.3,17.56,16.34,16.5,113595667.0,1910632679.0,1906771400.0000002,0.059574874575945486,002517
2023-05-08,16.0,16.75,15.41,16.38,84873475.0,1365583548.0,1906771400.0000002,0.04451161528854481,002517
2023-05-09,15.99,16.52,15.3,15.62,81036135.0,1281806441.0,1906771400.0000002,0.04249913492514099,002517
2023-05-10,15.61,16.16,15.1,15.95,78183317.0,1221028662.0,1906771400.0000002,0.04100298389203865,002517
2023-05-11,15.68,17.25,15.61,16.42,95577490.0,1571425303.0,1906771400.0000002,0.05012530080952546,002517
2023-05-12,16.31,16.53,15.08,15.27,67159900.0,1053020536.0,1906771400.0000002,0.03522178904088869,002517
2023-05-15,15.33,15.67,14.55,15.25,83318637.0,1257017601.0,1906771400.0000002,0.04369618560462989,002517
2023-05-16,16.0,16.28,14.9,15.07,85173536.0,1330992805.0,1906771400.0000002,0.044668981294768734,002517
2023-05-17,14.68,15.86,14.6,15.27,62770758.0,961544421.0,1906771400.0000002,0.03291991793038221,002517
2023-05-18,15.18,16.55,14.95,16.33,90415299.0,1446974482.0,1906771400.0000002,0.04741800668921298,002517
2023-05-19,16.61,16.8,15.91,16.1,71272016.0,1166201842.0,1906771400.0000002,0.03737837477528769,002517
2023-05-22,15.6,16.25,14.75,15.45,82245676.0,1271799420.0,1906771400.0000002,0.04313347473116074,002517
2023-05-23,15.68,16.9,15.1,15.8,94220573.0,1502206463.0,1906771400.0000002,0.04941367014420291,002517
2023-05-24,15.79,17.38,15.4,16.89,132630913.0,2191223182.0,1906771400.0000002,0.06955784683995155,002517
2023-05-25,16.68,17.3,15.22,16.11,114431557.0,1846166590.0,1906771400.0000002,0.06001325434186814,002517
2023-05-26,16.35,16.6,15.22,15.72,118591697.0,1880273336.0,1906771400.0000002,0.0621950261053842,002517
2023-05-29,15.8,17.29,15.61,16.53,154044160.0,2568420937.0,1906771400.0000002,0.08078795392043324,002517
2023-05-30,16.06,17.32,15.52,17.25,128183071.0,2125292534.0,1906771400.0000002,0.06722519070718178,002517
2023-05-31,17.22,18.77,17.1,18.56,120068443.0,2175520479.0,1906771400.0000002,0.0629695006963079,002517
2023-06-01,18.33,19.08,17.81,18.3,86162269.0,1586075443.0,1906771400.0000002,0.04518751907019373,002517
2023-06-02,18.5,18.87,17.94,18.37,66422869.0,1222422882.0,1906771400.0000002,0.0348352555529205,002517
2023-06-05,18.2,19.25,18.07,18.51,64237257.0,1198663318.0,1906771400.0000002,0.033689018515801104,002517
2023-06-06,18.51,19.29,17.2,17.44,102790266.0,1864777119.0,1906771400.0000002,0.05390801750015759,002517
2023-06-07,17.4,17.65,16.9,17.15,71520825.0,1231130091.0,1906771400.0000002,0.037508861838393415,002517
2023-06-08,17.0,17.05,16.48,16.71,71410749.0,1196169716.0,1906771400.0000002,0.03745113284161908,002517
2023-06-09,16.65,17.41,16.2,17.3,102819174.0,1740039355.0,1906771400.0000002,0.053923178205840507,002517
2023-06-12,16.95,17.3,16.72,17.27,71594268.0,1219195230.0,1906771400.0000002,0.037547378778599254,002517
2023-06-13,17.04,17.66,17.0,17.43,72745125.0,1264486292.0,1906771400.0000002,0.03815094195350318,002517
2023-06-14,17.28,18.34,17.22,17.88,81881783.0,1459637927.0,1906771400.0000002,0.04294263224212404,002517
2023-06-15,17.77,18.05,17.15,17.44,64878163.0,1135068424.0,1906771400.0000002,0.03402513956313798,002517
2023-06-16,17.18,17.39,16.53,17.32,95552059.0,1619269397.0,1906771400.0000002,0.050111963605076096,002517
2023-06-19,17.1,17.5,16.77,17.04,92236663.0,1569172289.0,1906771400.0000002,0.048373215058711276,002517
2023-06-20,17.0,17.86,16.7,17.86,114408091.0,2004880643.0,1906771400.0000002,0.060000947675216854,002517
2023-06-21,17.51,17.74,16.07,16.22,115856846.0,1915671952.0,1906771400.0000002,0.060760742478096735,002517
2023-06-26,16.0,16.37,14.92,15.16,101346868.0,1578078011.0,1906771400.0000002,0.05315103215833843,002517
2023-06-27,15.21,15.68,14.84,15.36,62327434.0,953558598.0,1906771400.0000002,0.032687418114200784,002517
2023-06-28,15.25,15.98,14.8,15.46,70643484.0,1084261263.0,1906771400.0000002,0.037048743231621786,002517
2023-06-29,15.37,16.3,15.2,16.16,61256957.0,979822910.0,1906771400.0000002,0.03212600996637562,002517
2023-06-30,16.06,16.38,15.51,15.74,56166425.0,885930786.0,1909021400.0000002,0.029421579559034797,002517
2023-07-03,15.56,15.65,14.17,14.34,108059094.0,1559792764.0,1909021400.0000002,0.05660444351226235,002517
2023-07-04,14.41,14.43,13.9,14.31,47881934.0,680288735.0,1909021400.0000002,0.02508192626861071,002517
2023-07-05,14.31,14.4,14.06,14.17,43312303.0,614820108.0,1909021400.0000002,0.02268822287691484,002517
2023-07-06,13.96,15.44,13.96,14.8,86018155.0,1280986027.0,1909021400.0000002,0.0450587693778603,002517
2023-07-07,14.83,15.8,14.44,15.34,87693109.0,1323334527.0,1909021400.0000002,0.045936158180311645,002517
2023-07-10,15.34,15.65,14.73,15.56,52038358.0,795678573.0,1909021400.0000002,0.0272591800175734,002517
2023-07-11,15.35,15.87,15.0,15.29,35776944.0,550744704.0,1909021400.0000002,0.018740986350388737,002517
2023-07-12,15.29,15.74,14.69,14.74,47853706.0,720627948.0,1909021400.0000002,0.025067139634998327,002517
2023-07-13,14.88,15.7,14.61,15.37,54916192.0,831455189.0,1909021400.0000002,0.02876667176177281,002517
2023-07-14,15.59,16.0,15.36,15.39,57724691.0,903383859.0,1909021400.0000002,0.030237843850257514,002517
2023-07-17,15.35,15.39,14.3,14.62,49298846.0,726795726.0,1909021400.0000002,0.02582414529245193,002517
2023-07-18,14.63,15.25,14.46,14.86,46910024.0,698090252.0,1909021400.0000002,0.024572812017717556,002517
2023-07-19,14.71,15.74,14.71,15.35,46443137.0,716434304.0,1909021400.0000002,0.024328243255942544,002517
2023-07-20,15.45,15.5,14.68,14.71,43618866.0,652117393.0,1909021400.0000002,0.022848809342839213,002517
2023-07-21,14.62,15.12,14.49,14.6,25170900.0,371104719.0,1909021400.0000002,0.013185237211065312,002517
2023-07-24,14.42,14.94,14.33,14.5,25530098.0,372656563.0,1909021400.0000002,0.013373395395148528,002517
2023-07-25,14.58,14.71,14.1,14.28,43699756.0,626703853.0,1909021400.0000002,0.022891181837982538,002517
2023-07-26,14.26,14.26,13.55,13.87,42033873.0,581956200.0,1909021400.0000002,0.022018544684726946,002517
2023-07-27,13.87,14.4,13.66,13.89,41243048.0,581404433.0,1909021400.0000002,0.021604287935169292,002517
2023-07-28,13.9,14.34,13.75,14.17,36494426.0,514954164.0,1909021400.0000002,0.01911682393921828,002517
2023-07-31,14.01,15.13,13.67,15.0,78206195.0,1138604348.0,1909021400.0000002,0.04096664133780794,002517
2023-08-01,14.99,15.26,14.37,14.92,53211769.0,788999267.0,1909021400.0000002,0.027873846254421242,002517
2023-08-02,14.91,15.02,14.35,14.78,41421366.0,604951003.0,1909021400.0000002,0.021697696002779224,002517
2023-08-03,14.66,15.25,14.45,14.51,44457831.0,658087496.0,1909021400.0000002,0.023288283201015975,002517
2023-08-04,14.52,15.62,14.38,15.45,74630430.0,1122540230.0,1909021400.0000002,0.039093553377662495,002517
2023-08-07,15.55,16.47,15.22,16.01,96888161.0,1536951975.0,1909021400.0000002,0.050752789361083114,002517
2023-08-08,16.03,16.06,15.6,15.65,29620870.0,468179567.0,1909021400.0000002,0.015516258749116168,002517
2023-08-09,15.75,15.75,14.38,14.44,54882508.0,818391039.0,1909021400.0000002,0.02874902711933978,002517
2023-08-10,14.48,15.3,14.48,14.89,47306508.0,707730052.0,1909021400.0000002,0.02478050167483717,002517
2023-08-11,14.99,15.43,14.73,14.76,31511192.0,475020925.0,1909021400.0000002,0.016506463468665147,002517
2023-08-14,14.75,15.8,14.61,15.76,49578752.0,759160839.0,1909021400.0000002,0.025970768059488485,002517
2023-08-15,15.86,15.87,15.01,15.24,41571170.0,638249012.0,1909021400.0000002,0.021776167621798265,002517
2023-08-16,15.42,15.43,14.45,14.7,39251327.0,578864728.0,1909021400.0000002,0.02056096751979836,002517
2023-08-17,14.7,14.99,14.46,14.82,28956370.0,427677884.0,1909021400.0000002,0.015168174646968334,002517
2023-08-18,14.82,14.89,14.35,14.35,26659360.0,387737035.0,1909021400.0000002,0.013964935123304534,002517
2023-08-21,14.35,14.48,13.43,13.61,61803099.0,854979909.0,1909021400.0000002,0.03237423058746224,002517
2023-08-22,13.61,13.75,12.4,13.68,88267792.0,1148397987.0,1909021400.0000002,0.04623719356943824,002517
2023-08-23,13.55,13.62,12.93,13.15,55397643.0,729693256.0,1909021400.0000002,0.029018869563222284,002517
2023-08-24,13.18,14.24,13.11,14.1,70209349.0,968805940.0,1909021400.0000002,0.03677766472392609,002517
2023-08-25,13.91,14.09,13.44,13.51,42016509.0,575829281.0,1909021400.0000002,0.022009448924983237,002517
2023-08-28,14.39,14.47,13.68,14.23,68618429.0,969223573.0,1909021400.0000002,0.03594429533372438,002517
2023-08-29,14.02,14.48,13.9,14.32,73905280.0,1050797437.0,1909021400.0000002,0.038713699071157605,002517
2023-08-30,14.29,15.0,14.21,14.94,59189570.0,873012638.0,1909021400.0000002,0.031005189360370708,002517
2023-08-31,15.03,15.52,14.83,15.14,60477493.0,918943664.0,1905504541.0,0.031738309565120054,002517
2023-09-01,15.03,15.08,14.41,14.5,36340888.0,531880212.0,1905504541.0,0.019071530514919933,002517
2023-09-04,14.5,14.53,14.04,14.38,39375627.0,560292651.0,1905504541.0,0.02066414755397846,002517
2023-09-05,14.36,14.52,14.21,14.27,28723240.0,411423447.0,1905504541.0,0.015073823956843565,002517
2023-09-06,14.22,14.23,13.33,13.47,51620524.0,702994707.0,1905504541.0,0.02709021305869457,002517
2023-09-07,13.58,13.73,13.15,13.25,32576186.0,435405927.0,1905504541.0,0.017095832258108484,002517
2023-09-08,13.01,13.16,12.69,12.96,29232120.0,377141916.0,1905504541.0,0.015340881835243026,002517
2023-09-11,13.08,13.49,12.94,13.25,31295521.0,412733653.0,1905504541.0,0.016423745169127885,002517
2023-09-12,13.16,13.24,12.78,12.91,29995739.0,388135282.0,1905504541.0,0.015741625566664027,002517
2023-09-13,12.9,12.91,12.59,12.74,23798015.0,302410619.0,1905504541.0,0.012489088578876286,002517
2023-09-14,12.7,12.86,12.5,12.58,20998942.0,265656189.0,1905504541.0,0.011020147970353222,002517
2023-09-15,12.66,12.75,12.29,12.5,32361573.0,402753908.0,1905504541.0,0.0169832043449326,002517
2023-09-18,12.4,12.52,12.07,12.27,38791224.0,475134651.0,1905504541.0,0.020357455553290126,002517
2023-09-19,12.18,12.18,11.85,11.91,41244914.0,493901509.0,1905504541.0,0.021645140755400593,002517
2023-09-20,11.92,12.19,11.84,11.93,29431146.0,353444557.0,1905504541.0,0.01544532976266468,002517
2023-09-21,11.84,11.94,11.72,11.86,23071715.0,273044013.0,1905504541.0,0.012107929686639356,002517
2023-09-22,11.88,12.63,11.81,12.45,65289342.0,806809863.0,1905504541.0,0.03426354574087578,002517
2023-09-25,12.45,12.86,12.35,12.55,55387009.0,693808522.0,1905504541.0,0.029066847025687566,002517
2023-09-26,12.55,13.08,12.52,12.82,47843915.0,614497172.0,1905504541.0,0.02510826606316652,002517
2023-09-27,12.65,12.92,12.55,12.71,29537144.0,376070479.0,1905504541.0,0.015500957024483942,002517
2023-09-28,12.7,13.09,12.57,12.6,28546105.0,364426115.0,1905504541.0,0.014980864325318866,002517
2023-10-09,12.51,12.82,12.4,12.58,23008473.0,290071728.0,1905504541.0,0.012074740576543187,002517
2023-10-10,12.61,12.73,12.21,12.29,35218960.0,438049309.0,1905504541.0,0.018482747871866656,002517
2023-10-11,12.29,12.61,12.03,12.13,60872998.0,746546972.0,1905504541.0,0.03194586876610335,002517
2023-10-12,12.14,12.15,10.92,10.92,115542481.0,1281571475.0,1905504541.0,0.060636161454311645,002517
2023-10-13,10.78,11.06,10.65,10.73,96576560.0,1043077810.0,1905504541.0,0.050682933533875006,002517
2023-10-16,10.83,10.84,10.36,10.44,56825000.0,596794665.0,1905504541.0,0.029821498074299263,002517
2023-10-17,10.46,10.6,10.29,10.52,39598431.0,414452266.0,1905504541.0,0.020781074066199248,002517
2023-10-18,10.48,10.48,10.18,10.25,36528760.0,374854436.0,1905504541.0,0.019170124874554155,002517
2023-10-19,10.25,10.6,10.17,10.4,41813059.0,435212221.0,1905504541.0,0.021943300632627567,002517
2023-10-20,10.35,10.45,10.07,10.1,31682563.0,324295264.0,1905504541.0,0.016626863026720017,002517
2023-10-23,10.09,10.19,9.9,9.94,26800400.0,269179705.0,1905504541.0,0.014064726387865375,002517
2023-10-24,10.08,10.43,10.01,10.05,35661683.0,363197794.0,1905504541.0,0.01871508686160617,002517
2023-10-25,10.1,10.18,9.86,9.91,46596591.0,463078204.0,1905504541.0,0.024453676177305945,002517
2023-10-26,9.85,9.96,9.68,9.96,37832553.0,370377047.0,1905504541.0,0.019854349431329958,002517
2023-10-27,9.98,10.41,9.92,10.32,54329777.0,554452409.0,1905504541.0,0.028512016545228478,002517
2023-10-30,10.55,10.79,10.3,10.7,71727703.0,758057094.0,1905504541.0,0.03764236791708596,002517
2023-10-31,10.82,11.04,10.54,10.7,55566536.0,598177427.0,1905504541.0,0.029161061967786724,002517
2023-11-01,10.7,11.4,10.55,10.85,72932699.0,800384961.0,1905504541.0,0.03827474426365064,002517
2023-11-02,10.85,11.3,10.85,11.03,75314970.0,836929552.0,1905504541.0,0.03952494910375551,002517
2023-11-03,11.05,11.18,10.76,11.05,40462989.0,445863866.0,1905504541.0,0.021234790119558155,002517
2023-11-06,11.12,12.09,11.1,11.95,76755820.0,899266154.0,1905504541.0,0.040281100542389106,002517
2023-11-07,12.02,12.08,11.71,11.95,53252146.0,634673390.0,1905504541.0,0.027946480763595304,002517
2023-11-08,11.89,12.94,11.82,12.5,104007786.0,1298952848.0,1905504541.0,0.05458280668563361,002517
2023-11-09,12.5,12.63,12.23,12.41,54623776.0,676296929.0,1905504541.0,0.028666305865287362,002517
2023-11-10,12.3,12.48,12.15,12.24,39893386.0,489734438.0,1905504541.0,0.0209358650906516,002517
2023-11-13,12.35,12.48,12.1,12.22,41699786.0,511433369.0,1905504541.0,0.02188385548434125,002517
2023-11-14,12.16,12.28,11.97,12.21,39796550.0,482460244.0,1905504541.0,0.02088504600420157,002517
2023-11-15,12.31,12.35,11.8,11.87,46401347.0,556637654.0,1905504541.0,0.024351213026051772,002517
2023-11-16,11.79,12.02,11.73,11.83,33460672.0,397050557.0,1905504541.0,0.017560006434012482,002517
2023-11-17,11.9,12.02,11.73,11.86,25515265.0,302837029.0,1905504541.0,0.013390293463488525,002517
2023-11-20,11.85,11.96,11.64,11.86,32121993.0,379226579.0,1905504541.0,0.016857473865238087,002517
2023-11-21,12.05,12.49,11.96,12.31,73767484.0,906970937.0,1905504541.0,0.038712835583843405,002517
2023-11-22,12.35,12.74,12.24,12.32,77476978.0,970263395.0,1905502241.0,0.040659610014071874,002517
2023-11-23,12.25,12.53,11.99,12.34,46607917.0,571537206.0,1905502241.0,0.024459649533416634,002517
2023-11-24,12.34,12.46,12.06,12.15,32891900.0,402165535.0,1905502241.0,0.01726153834525981,002517
2023-11-27,12.14,12.26,11.7,11.85,48031810.0,571514097.0,1905502241.0,0.0252069029185676,002517
2023-11-28,11.85,11.92,11.6,11.87,32670961.0,383422823.0,1905502241.0,0.017145590436490072,002517
2023-11-29,11.89,11.95,11.69,11.7,22661384.0,267200455.0,1905502241.0,0.011892604223917047,002517
2023-11-30,11.68,11.74,11.41,11.68,35328306.0,406757560.0,1905502241.0,0.01854015452716542,002517
2023-12-01,11.55,12.44,11.45,12.34,64974477.0,782469643.0,1905502241.0,0.034098347197902876,002517
2023-12-04,12.34,12.5,12.05,12.25,57985870.0,713832839.0,1905502241.0,0.030430754030270384,002517
2023-12-05,12.22,12.25,11.67,11.7,43468324.0,514953662.0,1905502241.0,0.02281200360970869,002517
2023-12-06,11.61,12.33,11.36,12.04,51884818.0,616461147.0,1905502241.0,0.027228946197812423,002517
2023-12-07,12.25,12.51,11.96,12.17,71745610.0,877008587.0,1910353337.0,0.037556198955669945,002517
2023-12-08,12.15,12.5,12.02,12.32,82648700.0,1015206646.0,1910353337.0,0.04326356721515754,002517
2023-12-11,12.15,12.66,11.96,12.6,81379441.0,1004609049.0,1910353337.0,0.042599156618742307,002517
2023-12-12,12.71,13.18,12.56,12.6,77008035.0,989898434.0,1910353337.0,0.04031088569245135,002517
2023-12-13,12.63,13.07,12.55,12.55,62329400.0,797741929.0,1910353337.0,0.03262715791513285,002517
2023-12-14,12.61,12.77,12.35,12.4,39882336.0,500111503.0,1910353337.0,0.020876942096288233,002517
2023-12-15,12.42,12.49,12.11,12.25,38462694.0,473003883.0,1910353337.0,0.020133811507561966,002517
2023-12-18,12.16,12.3,11.94,12.0,30926509.0,374458440.0,1910353337.0,0.016188894693463716,002517
2023-12-19,12.06,12.35,11.92,12.24,35140035.0,428897206.0,1910353337.0,0.018394521222541774,002517
2023-12-20,12.33,12.58,11.95,11.96,38198300.0,467890912.0,1910353337.0,0.019995410932715847,002517
2023-12-21,11.85,12.23,11.76,12.15,32744871.0,393372536.0,1910353337.0,0.017140740597978706,002517
2023-12-22,12.08,12.12,10.94,10.94,63901662.0,722069001.0,1910353337.0,0.033450179483733904,002517
2023-12-25,10.12,10.19,9.85,9.85,121301010.0,1200479957.0,1910353337.0,0.06349663575351454,002517
2023-12-26,9.89,10.44,9.86,10.22,118777915.0,1209099816.0,1910353337.0,0.06217588793627448,002517
2023-12-27,10.41,10.64,9.8,10.0,75404809.0,763067162.0,1910353337.0,0.039471655603991546,002517
2023-12-28,10.01,10.22,9.78,10.15,65701897.0,661188740.0,1910353337.0,0.03439253656769988,002517
2023-12-29,10.16,11.17,10.13,11.17,133002383.0,1450250057.0,1910353337.0,0.0696218759242024,002517
2024-01-02,11.3,11.42,10.81,10.82,111847245.0,1240444542.0,1908215312.0,0.058613535011818416,002517
2024-01-03,10.93,11.62,10.61,11.17,117040602.0,1312313981.0,1908215312.0,0.061335113110128944,002517
2024-01-04,11.2,11.2,10.7,11.0,71224834.0,778319202.0,1908215312.0,0.037325365514098756,002517
2024-01-05,10.89,10.95,10.56,10.65,51405993.0,551555799.0,1908215312.0,0.02693930432102098,002517
2024-01-08,10.56,10.78,10.37,10.41,43375279.0,457475024.0,1908215312.0,0.022730809635176014,002517
2024-01-09,10.46,10.69,10.27,10.36,41910349.0,437739409.0,1908215312.0,0.021963113248511655,002517
2024-01-10,10.36,10.36,9.92,9.96,53270420.0,535899749.0,1908215312.0,0.02791635706149286,002517
2024-01-11,9.99,10.61,9.85,10.44,62954063.0,650900627.0,1908215312.0,0.032991068986873325,002517
2024-01-12,10.3,10.59,10.28,10.33,36951029.0,384648598.0,1908215312.0,0.019364182211320607,002517
2024-01-15,10.2,10.5,10.14,10.25,36360757.0,375052541.0,1908215312.0,0.019054850242182734,002517
2024-01-16,10.25,10.39,10.11,10.29,32647474.0,334015366.0,1908215312.0,0.017108904741877474,002517
2024-01-17,10.48,10.55,9.92,9.92,60759687.0,616315618.0,1908215312.0,0.031841106513456174,002517
2024-01-18,9.96,10.23,9.9,10.22,71266725.0,717082392.0,1908215312.0,0.03734731848750619,002517
2024-01-19,10.72,11.2,10.58,10.97,129585419.0,1412296256.0,1908215312.0,0.06790922291897006,002517
2024-01-22,10.96,11.28,10.12,10.18,92287202.0,984729087.0,1908215312.0,0.04836309687887045,002517
2024-01-23,10.24,11.2,10.23,11.2,134710030.0,1488908194.0,1908215312.0,0.0705947746844199,002517
2024-01-24,11.08,11.29,10.85,11.26,134231396.0,1490616961.0,1908215312.0,0.07034394659547727,002517
2024-01-25,11.2,11.25,10.72,11.15,122212904.0,1347384195.0,1908215312.0,0.0640456573382742,002517
2024-01-26,11.24,11.56,10.95,11.03,123521543.0,1386660084.0,1908215312.0,0.06473144944557493,002517
2024-01-29,10.96,10.96,10.28,10.63,85358273.0,904853023.0,1908215312.0,0.04473199248701972,002517
2024-01-30,10.53,10.65,10.15,10.19,51556507.0,534253562.0,1908215312.0,0.027018181164243798,002517
2024-01-31,10.07,10.16,9.45,9.51,94404207.0,924780414.0,1908215312.0,0.049472513089235705,002517
2024-02-01,9.45,10.37,9.17,9.96,87128288.0,856712829.0,1908215312.0,0.04565956863048167,002517
2024-02-02,10.06,10.66,9.82,10.16,95088288.0,979999944.0,1908215312.0,0.04983100565330753,002517
2024-02-05,9.82,10.04,9.16,9.56,93550664.0,899076160.0,1921535047.0,0.04868538002783563,002517
2024-02-06,9.35,10.52,9.35,10.52,118300181.0,1200815082.0,1921535047.0,0.061565455797798936,002517
2024-02-07,10.52,10.97,10.43,10.83,105719693.0,1132713979.0,1921535047.0,0.05501835273057083,002517
2024-02-08,10.8,11.57,10.8,11.02,92039894.0,1024955970.0,1921535047.0,0.047899149247211205,002517
2024-02-19,11.34,11.83,11.1,11.81,93785760.0,1081566136.0,1921535047.0,0.04880772804348439,002517
2024-02-20,11.56,11.81,11.39,11.6,64848179.0,753095895.0,1921535047.0,0.03374811149098963,002517
2024-02-21,11.41,11.95,11.26,11.49,66152587.0,765404121.0,1921535047.0,0.03442694792545202,002517
2024-02-22,11.52,11.8,11.41,11.58,60432737.0,699813992.0,1921535047.0,0.03145023927320541,002517
2024-02-23,11.68,11.74,11.27,11.56,71823325.0,819582621.0,1921535047.0,0.03737809784533168,002517
2024-02-26,11.4,11.86,11.23,11.52,71481921.0,824978677.0,1921535047.0,0.037200425311836635,002517
2024-02-27,11.5,12.4,11.42,12.23,101236413.0,1208574317.0,1921535047.0,0.05268517644684937,002517
2024-02-28,12.31,13.08,11.95,12.02,122928006.0,1541747934.0,1921535047.0,0.06397385579405464,002517
2024-02-29,12.0,12.54,11.99,12.5,62734122.0,774726969.0,1921535047.0,0.03264791974413569,002517
2024-03-01,12.45,12.56,12.2,12.45,65567294.0,812328335.0,1921535047.0,0.034122351347360046,002517
2024-03-04,12.43,12.54,12.0,12.31,72345675.0,881510858.0,1921535047.0,0.037649937799963534,002517
2024-03-05,12.18,12.62,12.1,12.36,63427819.0,785938732.0,1921535047.0,0.03300893163464637,002517
2024-03-06,12.3,12.39,12.0,12.1,50936811.0,617760531.0,1921535047.0,0.02650839550364964,002517
2024-03-07,12.03,12.17,11.29,11.34,94773368.0,1102571662.0,1921535047.0,0.049321696290663596,002517
2024-03-08,11.34,11.53,11.15,11.53,58748334.0,665956262.0,1921535047.0,0.03057364688285074,002517
2024-03-11,11.45,11.65,11.17,11.64,52477536.0,599219334.0,1921535047.0,0.02731021538323261,002517
2024-03-12,11.73,11.98,11.68,11.83,70296106.0,831789848.0,1921535047.0,0.03658330672123307,002517
2024-03-13,11.9,12.44,11.8,12.16,90033201.0,1090217987.0,1921535047.0,0.04685483157882782,002517
2024-03-14,12.0,12.16,11.52,11.8,65195719.0,770201956.0,1921535047.0,0.033928977304778764,002517
2024-03-15,11.8,11.82,11.44,11.77,57013872.0,659528422.0,1921535047.0,0.029671002924985944,002517
2024-03-18,11.84,12.09,11.55,12.05,63411021.0,752563026.0,1921535047.0,0.033000189665549205,002517
2024-03-19,11.91,12.33,11.9,12.17,81581419.0,994194838.0,1921535047.0,0.042456378366540405,002517
2024-03-20,12.08,12.59,12.04,12.49,90065259.0,1119329452.0,1921535047.0,0.0468715151152796,002517
2024-03-21,12.63,13.04,12.49,12.56,91155830.0,1162159560.0,1921535047.0,0.04743906708457762,002517
2024-03-22,12.46,12.72,12.12,12.58,70992905.0,880818602.0,1921535047.0,0.036945932946077564,002517
2024-03-25,12.66,12.76,11.82,11.85,65184990.0,796274942.0,1921535047.0,0.03392339374801942,002517
2024-03-26,11.85,11.9,11.3,11.51,61183208.0,708959406.0,1921535047.0,0.031840797333112604,002517
2024-03-27,11.54,11.57,10.8,10.81,68646262.0,760106254.0,1921535047.0,0.035724699430892036,002517
2024-03-28,10.78,11.33,10.78,11.19,55014904.0,615940801.0,1921535047.0,0.028630705479919357,002517
2024-03-29,11.2,11.22,10.77,11.02,53673927.0,585254680.0,1921535047.0,0.02793283790675508,002517
2024-04-01,11.06,11.68,11.02,11.64,62293459.0,712812089.0,1921535047.0,0.032418591114044874,002517
2024-04-02,11.65,11.95,11.31,11.68,55817191.0,648842614.0,1921535047.0,0.029048229480458702,002517
2024-04-03,11.55,11.65,11.2,11.35,40694415.0,463373053.0,1921535047.0,0.02117807586363529,002517
2024-04-08,11.35,11.35,11.1,11.13,35946633.0,402015632.0,1921535047.0,0.018707248174381075,002517
2024-04-09,11.2,11.51,10.96,11.44,42456085.0,478402687.0,1921535047.0,0.02209487933425135,002517
2024-04-10,11.26,11.34,11.06,11.13,30566978.0,342141574.0,1921535047.0,0.015907582871164776,002517
2024-04-11,11.02,11.42,10.99,11.17,31329250.0,352205379.0,1921535047.0,0.01630428237513172,002517
2024-04-12,11.16,11.39,11.1,11.26,34436202.0,387998869.0,1921535047.0,0.017921193815207057,002517
2024-04-15,11.24,11.37,10.94,11.15,45242104.0,502782761.0,1921535047.0,0.023544771702516856,002517
2024-04-16,11.03,11.18,10.63,10.65,57804234.0,627183309.0,1921535047.0,0.030082320949725565,002517
2024-04-17,10.76,11.03,10.56,10.78,62798242.0,677215142.0,1921535047.0,0.032681288898708284,002517
2024-04-18,10.66,10.71,10.19,10.57,61037368.0,639456426.0,1921535047.0,0.03176489968022946,002517
2024-04-19,10.5,10.58,10.22,10.27,33819285.0,350697974.0,1921535047.0,0.017600139561753204,002517
2024-04-22,10.17,10.47,9.94,10.31,34295965.0,351513457.0,1921535047.0,0.01784821206021958,002517
2024-04-23,10.34,10.76,10.3,10.61,44809019.0,471915976.0,1921535047.0,0.02331938679440594,002517
2024-04-24,10.6,11.04,10.51,11.02,45067545.0,490381272.0,1921535047.0,0.023453928186405855,002517
2024-04-25,10.93,11.27,10.81,10.98,37218506.0,410328168.0,1921535047.0,0.01936915283335969,002517
2024-04-26,10.98,11.3,10.98,11.23,41921963.0,469684599.0,1921535047.0,0.021816913027660225,002517
2024-04-29,11.36,11.83,11.31,11.74,59125413.0,691752209.0,1921535047.0,0.030769885302019163,002517
2024-04-30,12.05,12.05,11.61,11.79,45358285.0,534277621.0,1921535047.0,0.023605234299949773,002517
2024-05-06,11.99,12.25,11.9,11.98,53352481.0,643713558.0,1921535047.0,0.027765551860891975,002517
2024-05-07,12.0,12.16,11.93,12.06,36004342.0,434074137.0,1921535047.0,0.018737280933913667,002517
2024-05-08,12.01,12.01,11.34,11.42,60452784.0,698945345.0,1921535047.0,0.031460672077973297,002517
2024-05-09,11.51,11.75,11.34,11.7,38950577.0,450832437.0,1921535047.0,0.020270552473561,002517
2024-05-10,11.65,11.86,11.57,11.68,30682687.0,358478691.0,1921535047.0,0.01596779983165199,002517
2024-05-13,11.63,11.98,11.54,11.77,48203319.0,569242299.0,1921535047.0,0.025085839092686607,002517
2024-05-14,12.07,12.13,11.8,11.99,51547273.0,615912039.0,1921535047.0,0.02682609046370415,002517
2024-05-15,12.0,12.16,11.65,11.65,42100773.0,497244125.0,1921535047.0,0.021909968837534297,002517
2024-05-16,11.7,11.71,11.45,11.49,30258714.0,350539696.0,1921535047.0,0.0157471569655945,002517
2024-05-17,11.51,11.62,11.33,11.53,25063173.0,287482478.0,1921535047.0,0.013043307765387846,002517
2024-05-20,11.5,11.56,11.15,11.26,47775809.0,540787766.0,1921535047.0,0.02486335551078814,002517
2024-05-21,11.35,11.48,11.17,11.27,34124290.0,387264904.0,1921535047.0,0.017758869427480183,002517
2024-05-22,11.18,11.31,11.09,11.26,28036512.0,314127190.0,1921535047.0,0.014590684694391629,002517
2024-05-23,11.2,11.25,10.99,11.04,24673029.0,273902920.0,1921535047.0,0.012840270094745766,002517
2024-05-24,11.0,11.17,10.94,11.0,20837329.0,230551789.0,1921535047.0,0.010844105618855257,002517
2024-05-27,11.05,11.12,10.85,11.08,19047850.0,208778210.0,1921535047.0,0.009912829864715967,002517
2024-05-28,11.01,11.05,10.75,10.78,28764834.0,312594794.0,1921535047.0,0.014969716032454963,002517
2024-05-29,10.8,11.0,10.76,10.88,20723492.0,226158428.0,1921535047.0,0.010784862879474715,002517
2024-05-30,10.8,10.91,10.67,10.71,20883620.0,224948231.0,1921535047.0,0.010868196254137851,002517
2024-05-31,10.75,11.04,10.74,10.88,27111529.0,295725240.0,1921535047.0,0.01410930757798455,002517
2024-06-03,10.82,10.87,10.51,10.63,34516249.0,368319571.0,1921535047.0,0.01796285165544524,002517
2024-06-04,10.62,10.81,10.55,10.8,28087552.0,299900063.0,1921535047.0,0.014617246791231699,002517
2024-06-05,10.62,10.73,10.51,10.51,21334088.0,226579553.0,1921535047.0,0.011102627575441771,002517
2024-06-06,10.6,10.65,10.4,10.44,24768037.0,260402876.0,1921535047.0,0.01288971389757847,002517
2024-06-07,10.57,10.64,10.24,10.39,26497400.0,275466946.0,1921535047.0,0.013789704247845551,002517
2024-06-11,10.26,10.56,10.13,10.44,31356573.0,325468472.0,1921535047.0,0.016318501735867637,002517
2024-06-12,10.39,10.66,10.31,10.62,34767130.0,364806742.0,1921535047.0,0.01809341445750898,002517
2024-06-13,10.54,10.72,10.44,10.66,34029845.0,360146932.0,1921535047.0,0.017709718619563643,002517
2024-06-14,10.8,10.82,10.45,10.67,35243829.0,373985438.0,1921535047.0,0.01834149684390326,002517
2024-06-17,10.62,10.63,10.28,10.3,40156474.0,416941441.0,1921535047.0,0.020898122083536474,002517
2024-06-18,10.34,10.35,10.15,10.21,37818959.0,386830918.0,1921535047.0,0.019681638937080494,002517
2024-06-19,10.22,10.23,9.9,9.98,40339136.0,403474347.0,1921535047.0,0.020993182540687744,002517
2024-06-20,9.97,10.19,9.91,9.93,29953900.0,299806532.0,1921535047.0,0.015588526499563762,002517
2024-06-21,9.83,9.93,9.71,9.89,35883735.0,351921153.0,1921535047.0,0.018674514969697558,002517
2024-06-24,9.75,9.81,9.48,9.5,34954230.0,337248551.0,1921535047.0,0.018190784526450534,002517
2024-06-25,9.5,9.6,9.3,9.43,29187012.0,275645262.0,1921535047.0,0.015189424749534636,002517
2024-06-26,9.41,9.84,9.32,9.81,48213536.0,462022765.0,1921535047.0,0.025091156195809945,002517
2024-06-27,9.67,9.73,9.4,9.44,38503077.0,367797820.0,1921535047.0,0.020037665750678342,002517
2024-06-28,9.43,9.78,9.4,9.55,34231192.0,328904898.0,1921535047.0,0.01781450307317762,002517
2024-07-01,9.52,9.67,9.42,9.63,32083400.0,305667584.0,1914257722.0,0.01676023015672077,002517
2024-07-02,9.59,9.81,9.59,9.64,29795072.0,288925735.0,1914257722.0,0.015564817452516458,002517
2024-07-03,9.88,10.05,9.68,9.86,50643291.0,500423285.0,1914257722.0,0.026455837381754596,002517
2024-07-04,9.82,9.94,9.4,9.46,52511308.0,502613663.0,1914257722.0,0.02743168142748127,002517
2024-07-05,9.4,9.66,9.36,9.54,37048800.0,353363648.0,1914257722.0,0.019354133758589066,002517
2024-07-08,9.47,9.47,9.06,9.12,46140239.0,423900760.0,1914257722.0,0.024103462386346326,002517
2024-07-09,9.08,9.18,8.88,9.12,56289697.0,509322215.0,1914257722.0,0.02940549558874915,002517
2024-07-10,9.1,9.32,8.92,9.12,39401607.0,361180248.0,1914257722.0,0.02058323001504392,002517
2024-07-11,9.29,9.34,9.11,9.3,43015648.0,397680929.0,1914257722.0,0.02247118948803697,002517
2024-07-12,9.22,9.27,9.04,9.05,34774304.0,317234186.0,1914257722.0,0.0181659468316879,002517
2024-07-15,9.01,9.04,8.68,8.72,53371888.0,468521420.0,1914257722.0,0.027881244717789362,002517
2024-07-16,8.66,8.83,8.61,8.8,34464477.0,301163600.0,1914257722.0,0.01800409453957527,002517
2024-07-17,8.78,8.96,8.7,8.81,36074280.0,319318133.0,1914257722.0,0.01884504870238157,002517
2024-07-18,8.71,9.13,8.58,9.05,52612054.0,466891436.0,1914257722.0,0.027484310704533232,002517
2024-07-19,9.03,9.06,8.92,8.96,28829575.0,258655010.0,1914257722.0,0.015060445972697505,002517
2024-07-22,8.94,9.02,8.79,8.87,22488200.0,199762791.0,1914257722.0,0.01174773894943703,002517
2024-07-23,8.93,8.98,8.56,8.57,29564700.0,258434050.0,1914257722.0,0.015444472110636731,002517
2024-07-24,8.52,8.63,8.36,8.4,26379834.0,223356415.0,1914257722.0,0.01378071181159378,002517
2024-07-25,8.4,8.91,8.33,8.73,45563902.0,395653636.0,1914257722.0,0.02380238641659767,002517
2024-07-26,8.72,9.03,8.68,8.9,34531261.0,307335404.0,1914257722.0,0.01803898221391111,002517
2024-07-29,8.94,9.08,8.74,8.98,33274154.0,297788846.0,1914257722.0,0.01738227492442107,002517
2024-07-30,8.86,9.04,8.71,8.99,31750894.0,281822273.0,1914257722.0,0.01658653045255941,002517
2024-07-31,8.97,9.43,8.96,9.42,49040119.0,456297457.0,1914257722.0,0.02561834722482577,002517
2024-08-01,9.42,9.54,9.24,9.27,34434215.0,321639180.0,1914257722.0,0.017988285800943995,002517
2024-08-02,9.16,9.44,9.16,9.22,28132788.0,262109107.0,1914257722.0,0.014696447441051514,002517
2024-08-05,9.19,9.71,9.16,9.28,77169860.0,730765917.0,1914257722.0,0.04031320292618362,002517
2024-08-06,9.41,9.78,9.4,9.66,86404737.0,829367387.0,1914257722.0,0.045137462948157826,002517
2024-08-07,9.6,10.08,9.46,9.84,82264657.0,805613510.0,1914257722.0,0.042974702964264706,002517
2024-08-08,9.79,9.82,9.42,9.54,55939742.0,536620284.0,1914257722.0,0.02922268060204278,002517
2024-08-09,9.55,9.72,9.38,9.38,42218654.0,402287317.0,1914257722.0,0.022054843250620567,002517
2024-08-12,9.35,9.6,9.27,9.45,32179101.0,303722298.0,1914257722.0,0.016810223947473255,002517
2024-08-13,9.44,9.49,9.29,9.44,23970395.0,224656364.0,1914257722.0,0.012522031241935353,002517
2024-08-14,9.39,9.58,9.35,9.48,41712050.0,395832584.0,1914257722.0,0.021790195500122945,002517
2024-08-15,9.42,9.79,9.31,9.61,59613873.0,572369045.0,1914257722.0,0.031142030832565188,002517
2024-08-16,9.56,9.59,9.31,9.34,43109200.0,405565280.0,1914257722.0,0.02252006065043315,002517
2024-08-19,9.31,9.46,9.26,9.31,33982993.0,316730407.0,1914257722.0,0.017752569369026687,002517
2024-08-20,9.36,9.38,8.99,9.06,45288620.0,412158559.0,1914257722.0,0.023658580283893456,002517
2024-08-21,9.05,9.36,8.85,8.88,47786449.0,432508009.0,1914257722.0,0.024963435409351843,002517
2024-08-22,8.92,9.04,8.7,8.74,33824450.0,298049438.0,1914257722.0,0.017669747187782272,002517
2024-08-23,8.75,8.78,8.53,8.6,34051300.0,294133672.0,1914257722.0,0.017788252652011505,002517
2024-08-26,8.66,8.8,8.57,8.61,29933948.0,259637518.0,1914257722.0,0.015637365677556348,002517
2024-08-27,8.59,8.85,8.48,8.66,59714300.0,520033425.0,1914257722.0,0.031194493465389297,002517
2024-08-28,8.6,8.79,8.33,8.71,57374858.0,493167448.0,1914257722.0,0.029972379027446337,002517
2024-08-29,8.59,8.83,8.55,8.79,39893038.0,348584838.0,1914257722.0,0.020839951455606562,002517
2024-08-30,8.79,9.5,8.76,9.28,94464053.0,871762919.0,1914257722.0,0.04934761496028067,002517
2024-09-02,9.28,9.33,8.85,8.88,64790762.0,586524873.0,1914257722.0,0.033846415378336395,002517
2024-09-03,8.8,9.02,8.76,8.96,33581649.0,299405292.0,1914257722.0,0.017542908989764544,002517
2024-09-04,8.82,8.94,8.72,8.88,39234350.0,346193587.0,1914257722.0,0.020495855677681838,002517
2024-09-05,8.84,9.75,8.84,9.36,98379121.0,920067099.0,1914257722.0,0.0513928296432386,002517
2024-09-06,9.41,9.78,9.28,9.58,86370777.0,826166609.0,1914257722.0,0.0451197223902331,002517
2024-09-09,9.53,9.61,9.39,9.46,48387381.0,458949754.0,1914257722.0,0.025277359701307765,002517
2024-09-10,9.5,9.64,9.23,9.6,55600235.0,524791539.0,1914257722.0,0.029045323605595464,002517
2024-09-11,9.51,9.75,9.44,9.69,49822259.0,479463701.0,1914257722.0,0.026026933796535052,002517
2024-09-12,9.66,9.75,9.4,9.47,43577064.0,414935775.0,1914257722.0,0.022764470791566696,002517
2024-09-13,9.51,9.61,9.32,9.34,35176560.0,332923400.0,1914257722.0,0.018376083635827174,002517
2024-09-18,9.37,9.41,9.18,9.35,29415083.0,273417498.0,1914257722.0,0.015366312833398094,002517
2024-09-19,9.38,9.63,9.29,9.47,41855814.0,396445301.0,1914257722.0,0.02186529719533763,002517
2024-09-20,9.45,9.47,9.19,9.25,32861927.0,304861212.0,1914257722.0,0.01716692931277098,002517
2024-09-23,9.24,9.32,9.1,9.18,31110390.0,285914710.0,1914257722.0,0.01625193391801817,002517
2024-09-24,9.22,9.63,9.06,9.61,66639115.0,625036216.0,1914257722.0,0.03481198703504564,002517
2024-09-25,9.66,10.02,9.57,9.58,81769758.0,799774556.0,1914257722.0,0.04271616985541929,002517
2024-09-26,9.55,10.25,9.5,10.2,88864588.0,878964461.0,1914257722.0,0.04642247852977448,002517
2024-09-27,10.33,11.09,10.28,10.81,88556183.0,942422897.0,1914257722.0,0.04626136908434527,002517
2024-09-30,11.3,11.89,11.25,11.89,106333463.0,1240357334.0,1914257722.0,0.055548143689295774,002517
2024-10-08,13.08,13.08,11.89,12.68,132595488.0,1674656560.0,1914257722.0,0.06926731258603223,002517
2024-10-09,12.22,12.48,11.54,11.73,98654043.0,1185596893.0,1914257722.0,0.05153644771349132,002517
2024-10-10,11.76,12.08,11.2,11.52,78684097.0,916858540.0,1914257722.0,0.04110423382165675,002517
2024-10-11,11.42,11.48,10.9,11.09,65108787.0,726445654.0,1914257722.0,0.034012550270386216,002517
2024-10-14,11.09,11.6,10.85,11.58,71177158.0,799083291.0,1914257722.0,0.037182641178343905,002517
2024-10-15,11.42,11.95,11.3,11.53,77111707.0,902456145.0,1914257722.0,0.04028282404912247,002517
2024-10-16,11.27,11.99,11.26,11.75,64821052.0,760087080.0,1914257722.0,0.033862238744047236,002517
2024-10-17,11.76,12.28,11.68,11.94,68131762.0,820515592.0,1914257722.0,0.03559173940738582,002517
2024-10-18,11.86,12.9,11.77,12.54,82489303.0,1018872600.0,1914257722.0,0.043092057068374205,002517
2024-10-21,12.55,13.52,12.45,13.32,97902493.0,1291085438.0,1914257722.0,0.051143841226202455,002517
2024-10-22,13.4,13.97,12.8,12.95,141115143.0,1883497291.0,1914257722.0,0.0737179437116566,002517
2024-10-23,12.83,13.15,12.61,12.7,73526370.0,946079869.0,1914257722.0,0.038409859422262264,002517
2024-10-24,12.76,12.77,12.33,12.42,50344835.0,626990352.0,1914257722.0,0.02629992525113084,002517
2024-10-25,12.43,13.03,12.38,12.92,54528366.0,696401506.0,1914257722.0,0.02848538385052418,002517
2024-10-28,13.15,13.66,12.94,13.29,77539343.0,1034541671.0,1914257722.0,0.040506219256092414,002517
2024-10-29,13.86,14.08,13.26,13.47,98218252.0,1334347723.0,1914257722.0,0.051308792369599225,002517
2024-10-30,13.41,13.88,13.34,13.58,58758392.0,799002925.0,1914257722.0,0.030695131237924295,002517
2024-10-31,13.5,13.9,13.3,13.35,53032205.0,719336263.0,1914257722.0,0.027703795779699093,002517
2024-11-01,13.27,13.78,13.21,13.27,64292773.0,866707981.0,1914257722.0,0.033586268066782284,002517
2024-11-04,13.58,13.87,13.3,13.71,42328655.0,578777902.0,1914257722.0,0.02211230729986315,002517
2024-11-05,13.71,13.72,13.34,13.54,83173115.0,1122845703.0,1914257722.0,0.043449277515830755,002517
2024-11-06,13.51,14.3,13.34,14.06,94336210.0,1317247364.0,1914257722.0,0.04928083032698353,002517
2024-11-07,13.55,14.18,13.45,14.15,65359994.0,908390175.0,1914257722.0,0.034143779726646444,002517
2024-11-08,14.25,14.47,13.72,13.8,54509757.0,765651475.0,1914257722.0,0.02847566258896878,002517
2024-11-11,13.67,14.4,13.63,14.26,62097446.0,874853635.0,1914257722.0,0.03243943868494422,002517
2024-11-12,14.45,14.45,13.57,13.74,54046809.0,756494460.0,1914257722.0,0.02823382054508959,002517
2024-11-13,13.59,14.06,13.49,13.93,54259990.0,751769264.0,1914257722.0,0.02834518538251455,002517
2024-11-14,14.01,14.52,13.71,13.75,59073161.0,830074414.0,1914257722.0,0.030859565209579446,002517
2024-11-15,13.65,14.55,13.33,13.38,101930200.0,1419297652.0,1914257722.0,0.05324789803825589,002517
2024-11-18,13.41,13.53,12.66,13.12,72134864.0,946298909.0,1914257722.0,0.037682942673275,002517
2024-11-19,13.12,13.44,13.08,13.44,38209952.0,506850136.0,1914257722.0,0.019960714568819173,002517
2024-11-20,13.37,13.93,13.31,13.72,51916188.0,708053321.0,1914257722.0,0.02712079329932566,002517
2024-11-21,13.72,13.98,13.6,13.77,35300700.0,486383015.0,1914257722.0,0.018440933837852374,002517
2024-11-22,13.7,14.09,13.09,13.13,57337831.0,780980423.0,1914257722.0,0.029953036281913977,002517
2024-11-25,13.12,13.24,12.59,12.88,62099895.0,796556656.0,1914257722.0,0.03244071803201011,002517
2024-11-26,12.8,13.17,12.6,12.63,47092229.0,603383778.0,1914257722.0,0.02460077786746418,002517
2024-11-27,12.52,13.15,12.3,13.08,43305300.0,549570818.0,1914257722.0,0.022622502446930183,002517
2024-11-28,13.09,13.36,12.69,12.75,53875292.0,698522015.0,1914257722.0,0.02814422080205144,002517
2024-11-29,12.76,13.66,12.66,13.62,71365680.0,945852544.0,1914257722.0,0.037281124260236886,002517
2024-12-02,13.55,13.92,13.46,13.53,60055950.0,820128664.0,1914257722.0,0.03137296995581873,002517
2024-12-03,13.55,13.96,13.28,13.45,53297750.0,724438720.0,1914257722.0,0.02784251534548596,002517
2024-12-04,13.46,13.6,13.12,13.22,35196527.0,468231435.0,1914257722.0,0.01838651431074128,002517
2024-12-05,13.15,14.08,13.11,13.87,90159562.0,1247454883.0,1914257722.0,0.047098967377183706,002517
2024-12-06,13.85,14.15,13.66,13.96,69605617.0,966510448.0,1914257722.0,0.036361674919757746,002517
2024-12-09,14.15,14.4,13.93,14.23,71169762.0,1009422271.0,1914257722.0,0.037178777539757,002517
2024-12-10,14.68,14.75,14.11,14.17,70344145.0,1012436748.0,1914257722.0,0.036747478770259336,002517
2024-12-11,14.08,14.33,14.0,14.17,42011217.0,595880785.0,1914257722.0,0.021946479054088412,002517
2024-12-12,14.14,14.2,13.76,13.95,61815576.0,858714735.0,1914257722.0,0.03229219100937757,002517
2024-12-13,13.83,14.68,13.75,14.21,111705927.0,1597970371.0,1914257722.0,0.05835469577382225,002517
2024-12-16,14.3,14.3,13.45,13.57,79668461.0,1093963326.0,1914257722.0,0.04161846134112134,002517
2024-12-17,13.57,13.69,13.28,13.48,38719600.0,522307619.0,1914257722.0,0.020226952491823356,002517
2024-12-18,13.49,13.83,13.39,13.72,31751711.0,434416347.0,1914257722.0,0.01658695724984517,002517
2024-12-19,13.52,14.02,13.45,13.92,32228217.0,442452039.0,1914257722.0,0.016835881934606087,002517
2024-12-20,13.85,14.35,13.8,14.09,38151982.0,537070152.0,1914257722.0,0.019930431290170865,002517
2024-12-23,14.1,14.1,13.52,13.57,42222969.0,579597818.0,1914257722.0,0.02205709738806006,002517
2024-12-24,13.6,14.06,13.5,13.86,39415347.0,546059989.0,1914257722.0,0.020590407731942793,002517
2024-12-25,13.86,14.35,13.7,13.95,37915355.0,530374576.0,1914257722.0,0.01980681836319634,002517
2024-12-26,13.8,14.13,13.71,13.94,32719682.0,456840634.0,1914257722.0,0.01709262113662248,002517
2024-12-27,13.89,14.26,13.75,13.95,46499015.0,651911154.0,1914257722.0,0.02429088542551012,002517
2024-12-30,13.96,14.57,13.78,14.18,64062532.0,912765530.0,1914257722.0,0.03346599115873907,002517
2024-12-31,14.17,14.26,13.51,13.61,60969123.0,836616845.0,1906908123.0,0.03197276379738826,002517
