日期,开盘,最高,最低,收盘,成交量,成交额,outstanding_share,换手率,股票代码
2020-01-02,16.43,16.65,16.15,16.55,7258365.0,119643384.0,457610081.0,0.01586146219536628,002695
2020-01-03,16.55,16.59,16.36,16.48,4623785.0,76135110.0,457610081.0,0.010104202665063228,002695
2020-01-06,16.35,16.36,16.04,16.09,7701730.0,124712175.0,457610081.0,0.016830332896446833,002695
2020-01-07,16.09,16.78,16.05,16.58,9952624.0,164447109.0,457610081.0,0.02174913624772178,002695
2020-01-08,16.41,16.58,16.21,16.25,5248910.0,85979421.0,457610081.0,0.011470267413099231,002695
2020-01-09,16.42,16.66,16.29,16.62,6181753.0,101996394.0,457610081.0,0.013508778011383013,002695
2020-01-10,16.72,17.12,16.62,17.0,8276854.0,139998861.0,457610081.0,0.018087132132038847,002695
2020-01-13,17.02,17.59,16.85,17.54,13064158.0,226402798.0,457610081.0,0.02854866739703665,002695
2020-01-14,17.6,17.88,17.37,17.58,8655133.0,152361292.0,457610081.0,0.01891377257486598,002695
2020-01-15,17.51,17.84,17.4,17.59,5355613.0,94178275.0,457610081.0,0.01170344190909553,002695
2020-01-16,17.66,18.5,17.47,17.8,9575575.0,171868698.0,457610081.0,0.020925183682743213,002695
2020-01-17,18.1,18.25,17.72,18.08,6438202.0,115735725.0,457610081.0,0.014069187431209584,002695
2020-01-20,17.87,18.0,17.21,17.59,7820128.0,137111014.0,457610081.0,0.017089064084669935,002695
2020-01-21,17.5,17.61,17.05,17.21,7538847.0,130325291.0,457610081.0,0.01647439012603396,002695
2020-01-22,17.01,17.25,16.79,17.06,4844572.0,82661818.0,457610081.0,0.010586681109413758,002695
2020-01-23,16.84,17.0,15.5,15.91,7931446.0,128908989.0,457610081.0,0.01733232358576471,002695
2020-02-03,14.32,14.32,14.32,14.32,1018500.0,14584920.0,458304251.0,0.002222322829818133,002695
2020-02-04,13.19,14.0,13.0,13.43,15522477.0,208445520.0,458304251.0,0.0338693716371398,002695
2020-02-05,13.48,14.72,13.48,14.44,12295897.0,175073108.0,458304251.0,0.026829114007061654,002695
2020-02-06,14.3,14.49,14.09,14.29,13510518.0,192109700.0,458304251.0,0.029479364353528548,002695
2020-02-07,14.16,14.31,13.68,14.02,12017460.0,167752503.0,458304251.0,0.02622157654828299,002695
2020-02-10,13.98,14.53,13.78,14.39,9877434.0,140520100.0,458304251.0,0.02155213262466553,002695
2020-02-11,14.35,14.48,14.12,14.24,8614575.0,122915584.0,458304251.0,0.018796629054178247,002695
2020-02-12,14.3,14.55,14.19,14.36,9303887.0,133381244.0,458304251.0,0.020300677944180796,002695
2020-02-13,14.35,14.35,13.95,14.02,9761877.0,137801382.0,458304251.0,0.021299992262127195,002695
2020-02-14,14.03,14.07,13.68,13.87,9488494.0,131395502.0,458304251.0,0.02070348241216728,002695
2020-02-17,13.87,14.26,13.8,14.26,9970133.0,140679150.0,458304251.0,0.02175439782250678,002695
2020-02-18,14.43,14.55,14.18,14.53,11862084.0,171053535.0,458304251.0,0.025882552854610115,002695
2020-02-19,14.55,15.08,14.55,14.76,12269450.0,181856736.0,458304251.0,0.026771407800011873,002695
2020-02-20,14.9,15.48,14.77,15.35,14515104.0,221074995.0,458304251.0,0.031671327438767306,002695
2020-02-21,15.4,15.56,15.12,15.22,10738642.0,163914199.0,458304251.0,0.02343125113190364,002695
2020-02-24,15.3,15.3,14.91,15.19,9778117.0,147360257.0,458304251.0,0.021335427237832886,002695
2020-02-25,14.85,15.66,14.6,15.54,13829912.0,209655920.0,458304251.0,0.03017626821008911,002695
2020-02-26,15.24,15.95,15.18,15.47,12378291.0,192689154.0,458304251.0,0.027008894141808865,002695
2020-02-27,15.49,17.02,15.49,16.86,23628283.0,387218320.0,458304251.0,0.051555888797549035,002695
2020-02-28,16.4,17.25,16.15,16.75,19832280.0,335068705.0,458304251.0,0.04327317487613703,002695
2020-03-02,16.2,17.58,16.2,17.43,17580929.0,302350919.0,458304251.0,0.03836082463044839,002695
2020-03-03,17.35,17.58,17.01,17.37,12355348.0,213030369.0,458304251.0,0.026958833510798048,002695
2020-03-04,17.26,17.98,17.16,17.42,9292615.0,163838728.0,458304251.0,0.020276082929023498,002695
2020-03-05,17.27,18.18,17.27,17.91,11368667.0,202809444.0,458304251.0,0.024805938359057464,002695
2020-03-06,17.7,18.23,17.58,17.99,9377000.0,168377017.0,458304251.0,0.020460207339425267,002695
2020-03-09,17.84,18.43,17.55,17.72,10475810.0,188432583.0,458304251.0,0.022857763106369267,002695
2020-03-10,17.45,18.23,17.09,18.13,9783723.0,173401707.0,458304251.0,0.021347659286712572,002695
2020-03-11,18.13,18.9,17.74,18.82,11770477.0,215735857.0,458304251.0,0.025682670353411145,002695
2020-03-12,18.74,19.4,18.17,18.39,12787480.0,239923438.0,458304251.0,0.02790172679415099,002695
2020-03-13,17.55,19.05,17.5,18.9,12076828.0,223700140.0,458304251.0,0.026351114949618917,002695
2020-03-16,18.97,20.32,18.93,19.37,14824172.0,292527144.0,458304251.0,0.03234570041114456,002695
2020-03-17,19.24,19.65,17.43,18.7,13253267.0,246523489.0,458304251.0,0.028918053827958055,002695
2020-03-18,18.66,19.43,18.46,18.75,10235955.0,194196106.0,458304251.0,0.022334409898371203,002695
2020-03-19,18.8,18.88,17.89,18.35,7485318.0,137123455.0,458304251.0,0.016332639253655974,002695
2020-03-20,18.41,19.46,18.14,19.2,7571017.0,143604776.0,458304251.0,0.016519630755072356,002695
2020-03-23,18.8,19.66,18.45,18.49,5797095.0,109866929.0,458304251.0,0.012649009882301965,002695
2020-03-24,18.78,19.98,18.53,19.88,8706298.0,166771243.0,458304251.0,0.01899676466234654,002695
2020-03-25,20.1,20.9,20.0,20.75,10136341.0,207655326.0,458304251.0,0.022117056470418818,002695
2020-03-26,20.3,21.39,20.2,20.89,7839193.0,163817696.0,458304251.0,0.0171047791568488,002695
2020-03-27,20.71,21.31,20.68,20.8,5806198.0,121740904.0,458304251.0,0.012668872233524187,002695
2020-03-30,20.51,21.2,20.15,20.3,6296196.0,129222176.0,458304251.0,0.013738026619351607,002695
2020-03-31,20.47,22.2,20.25,22.08,10120283.0,216002041.0,458304251.0,0.022082018610820174,002695
2020-04-01,22.03,22.18,21.15,21.94,7648481.0,166094456.0,458304251.0,0.016688653843623197,002695
2020-04-02,21.65,21.98,20.87,21.39,7422740.0,157704166.0,458304251.0,0.01619609677153093,002695
2020-04-03,21.1,21.96,20.9,21.36,5308050.0,114043300.0,458304251.0,0.01158193490114496,002695
2020-04-07,21.59,22.05,21.05,21.78,8320057.0,179359251.0,458304251.0,0.0181540035507984,002695
2020-04-08,21.6,21.7,20.91,21.42,6030983.0,128363957.0,458304251.0,0.013159343355076146,002695
2020-04-09,21.42,22.08,21.04,21.7,7933583.0,171715593.0,458304251.0,0.017310734043354967,002695
2020-04-10,21.57,22.17,21.2,21.35,5434394.0,117656565.0,458304251.0,0.011857612029874015,002695
2020-04-13,21.21,21.89,20.86,21.05,4728012.0,101025182.0,458304251.0,0.01031631714016111,002695
2020-04-14,21.25,21.39,20.73,21.26,6802210.0,143089397.0,458304251.0,0.01484212722259912,002695
2020-04-15,21.2,21.47,20.86,21.16,4110700.0,87060495.0,458304251.0,0.008969369127671477,002695
2020-04-16,21.11,21.85,21.06,21.66,5055027.0,108931772.0,458304251.0,0.011029849688215089,002695
2020-04-17,21.66,21.75,20.99,21.03,4878680.0,103505729.0,458304251.0,0.010645068182009946,002695
2020-04-20,21.04,21.38,20.4,21.25,6041584.0,126654107.0,458304251.0,0.013182474277333291,002695
2020-04-21,21.29,21.43,20.89,21.16,2760842.0,58350629.0,458304251.0,0.0060240375121460524,002695
2020-04-22,21.28,22.74,21.07,22.42,7399133.0,163779074.0,458304251.0,0.01614458732131638,002695
2020-04-23,22.7,22.79,21.77,21.95,4885027.0,108665604.0,458304251.0,0.010658917060754036,002695
2020-04-24,22.01,22.29,20.79,21.13,4330114.0,92296551.0,458304251.0,0.009448120960152299,002695
2020-04-27,21.1,21.35,20.62,21.15,4080176.0,85777293.0,458304251.0,0.008902767083432529,002695
2020-04-28,21.18,21.74,20.3,21.46,4637847.0,98471142.0,458304251.0,0.010119581020425665,002695
2020-04-29,21.78,21.9,20.88,21.53,6762116.0,144789384.0,458304251.0,0.014754643853390747,002695
2020-04-30,21.26,21.53,20.3,20.32,8154860.0,167936144.0,458304251.0,0.017793550861041434,002695
2020-05-06,20.35,21.82,19.91,21.63,7557361.0,158300399.0,458304251.0,0.01648983395530407,002695
2020-05-07,21.69,22.77,21.63,22.51,7258886.0,162337219.0,458304251.0,0.015838574449530907,002695
2020-05-08,22.5,23.23,22.0,22.65,6040464.0,137531911.0,458304251.0,0.013180030485905311,002695
2020-05-11,22.79,23.26,22.52,22.73,4181805.0,95667913.0,458304251.0,0.009124517153998644,002695
2020-05-12,22.8,24.9,22.55,24.65,9661615.0,233507520.0,458304251.0,0.021081224926277196,002695
2020-05-13,24.25,24.8,24.25,24.43,5719797.0,140118338.0,458304251.0,0.012480348998552056,002695
2020-05-14,24.56,24.88,24.01,24.46,4452582.0,108819552.0,458304251.0,0.009715340824975242,002695
2020-05-15,24.5,25.27,24.5,24.72,4497480.0,111560214.0,458304251.0,0.009813306313844337,002695
2020-05-18,24.68,26.0,24.58,25.79,5958887.0,152319569.0,458304251.0,0.013002033009726546,002695
2020-05-19,26.13,26.48,24.85,26.05,7891572.0,201074126.0,458304251.0,0.017219067863282814,002695
2020-05-20,25.7,25.73,24.9,25.02,4773731.0,120684558.0,458304251.0,0.010416074015425181,002695
2020-05-21,25.02,25.45,24.76,24.94,4584873.0,115105862.0,458304251.0,0.010003994049795536,002695
2020-05-22,25.28,25.28,24.18,24.33,3906673.0,95822354.0,458304251.0,0.008524191061889147,002695
2020-05-25,24.3,25.26,23.7,24.93,4069900.0,100621378.0,458304251.0,0.008880345297080825,002695
2020-05-26,24.99,26.1,24.53,25.65,4648620.0,118860521.0,458304251.0,0.010143087239223535,002695
2020-05-27,25.5,25.88,25.25,25.34,2988000.0,76311752.0,458304251.0,0.00651968641678604,002695
2020-05-28,25.56,25.56,24.47,24.8,3236000.0,80290304.0,458304251.0,0.007060811661552753,002695
2020-05-29,24.89,26.1,24.3,25.63,5662011.0,144702835.0,458304251.0,0.012354262452608147,002695
2020-06-01,26.1,26.33,25.58,25.7,4557038.0,117992498.0,458304251.0,0.009943259286940368,002695
2020-06-02,25.63,25.77,24.21,24.64,9124355.0,225201674.0,458304251.0,0.01990894690610234,002695
2020-06-03,24.46,24.46,23.8,24.07,6626878.0,159213402.0,458304251.0,0.014459560402375582,002695
2020-06-04,24.14,24.4,23.6,24.34,5871241.0,141187981.0,458304251.0,0.012810793238747419,002695
2020-06-05,24.28,24.3,23.35,23.66,4896696.0,116183589.0,458304251.0,0.010684378312694288,002695
2020-06-08,23.9,23.9,22.98,23.33,4780684.0,111566122.0,458304251.0,0.010431245159888337,002695
2020-06-09,23.6,24.34,23.55,24.0,5900615.0,141729390.0,458304251.0,0.012874886032859424,002695
2020-06-10,23.84,24.98,23.84,24.39,5502340.0,135198319.0,458304251.0,0.012005867255200302,002695
2020-06-11,24.54,24.54,23.16,23.48,7142396.0,169236786.0,458304251.0,0.015584398321454801,002695
2020-06-12,23.48,23.77,22.75,23.57,3108666.0,73159602.0,458304251.0,0.006782974395757896,002695
2020-06-15,23.54,24.13,23.46,23.59,3310548.0,78422280.0,458304251.0,0.007223472164564321,002695
2020-06-16,23.58,24.09,23.3,23.9,5108090.0,121532096.0,458304251.0,0.011145630852985478,002695
2020-06-17,23.88,24.15,23.38,23.94,4245364.0,100726655.0,458304251.0,0.009263200135579804,002695
2020-06-18,23.83,23.94,23.03,23.64,4471573.0,105063257.0,458304251.0,0.009756778363375905,002695
2020-06-19,23.73,25.49,23.73,24.5,12267058.0,304546561.0,458304251.0,0.026766188559747835,002695
2020-06-22,24.49,24.5,22.05,23.27,11207396.0,260887563.0,461268293.0,0.024296913900388118,002695
2020-06-23,23.17,24.87,23.0,24.82,10424417.0,251291689.0,461268293.0,0.022599465773382347,002695
2020-06-24,24.67,25.2,24.58,24.65,5461453.0,135704782.0,461268293.0,0.011840078936446646,002695
2020-06-29,24.48,25.18,24.21,24.59,4707271.0,115471847.0,461268293.0,0.010205060853814204,002695
2020-06-30,24.73,25.22,24.53,25.22,5610268.0,140072842.0,461268293.0,0.01216270028774772,002695
2020-07-01,25.06,25.54,25.02,25.22,5119468.0,129394229.0,461268293.0,0.01109867744583953,002695
2020-07-02,25.44,25.9,24.76,24.98,5725970.0,143171016.0,461268293.0,0.012413534784191204,002695
2020-07-03,24.9,24.9,24.26,24.57,3946038.0,96664374.0,461268293.0,0.008554756656556058,002695
2020-07-06,24.55,25.31,24.23,25.04,8823470.0,217977477.0,461268293.0,0.019128715617138678,002695
2020-07-07,25.0,26.0,24.79,25.8,7908617.0,201645436.0,461268293.0,0.01714537313753755,002695
2020-07-08,25.4,25.78,25.1,25.57,8563622.0,217479010.0,461268293.0,0.018565381861180733,002695
2020-07-09,25.64,25.85,25.17,25.59,6798399.0,173421352.0,461268293.0,0.014738491899767323,002695
2020-07-10,25.56,26.15,25.09,25.14,7664379.0,196803462.0,461268293.0,0.01661588085786768,002695
2020-07-13,24.94,27.2,24.94,26.52,10829316.0,286213780.0,461268293.0,0.023477260770663897,002695
2020-07-14,26.7,26.85,25.0,25.44,10638460.0,272778250.0,461268293.0,0.023063497234569297,002695
2020-07-15,25.45,27.98,25.09,27.98,19692640.0,535750560.0,461268293.0,0.04269237729721865,002695
2020-07-16,28.39,28.44,25.46,25.5,17381121.0,464092075.0,461268293.0,0.037681152734250475,002695
2020-07-17,25.0,26.66,25.0,26.0,8961513.0,232533836.0,461268293.0,0.019427983965071713,002695
2020-07-20,26.02,26.1,24.01,25.66,11883264.0,297203098.0,461268293.0,0.025762152266555205,002695
2020-07-21,25.3,25.95,25.11,25.85,6641302.0,170016979.0,461268293.0,0.014397915704992973,002695
2020-07-22,25.77,27.47,25.35,26.96,10378355.0,276952881.0,461268293.0,0.022499606319136268,002695
2020-07-23,26.74,27.63,26.31,26.62,6776036.0,181364526.0,461268293.0,0.014690010353692358,002695
2020-07-24,26.8,26.8,24.64,25.39,9108306.0,232070413.0,461268293.0,0.019746221750385953,002695
2020-07-27,25.36,25.81,25.09,25.6,4090283.0,104208574.0,461268293.0,0.00886747054170489,002695
2020-07-28,25.81,27.09,25.6,26.97,7623217.0,203076484.0,461268293.0,0.016526644288555076,002695
2020-07-29,26.63,27.5,26.42,27.42,7139947.0,193488757.0,461268293.0,0.015478946002473229,002695
2020-07-30,27.66,27.68,26.55,26.69,5588677.0,150119843.0,461268293.0,0.012115892388033704,002695
2020-07-31,26.8,27.1,26.05,26.7,4277701.0,113402583.0,461268293.0,0.009273780714860451,002695
2020-08-03,27.02,27.15,26.4,26.86,5293342.0,141523302.0,461268293.0,0.011475625097864683,002695
2020-08-04,26.86,28.5,26.86,27.22,8980712.0,249241456.0,461268293.0,0.019469606162589633,002695
2020-08-05,26.95,27.94,26.36,27.7,5575806.0,153277661.0,461268293.0,0.012087988887629872,002695
2020-08-06,27.72,29.18,27.48,28.5,8219856.0,234102427.0,461268293.0,0.017820119277090655,002695
2020-08-07,28.22,30.17,28.15,30.0,10172320.0,302113373.0,461268293.0,0.0220529356870406,002695
2020-08-10,30.0,30.01,28.05,29.24,9121295.0,264053832.0,461268293.0,0.019774381067202466,002695
2020-08-11,29.27,30.23,28.64,28.94,6473662.0,191395110.0,461268293.0,0.014034482964126042,002695
2020-08-12,28.6,29.2,27.5,28.73,5779019.0,164025959.0,461268293.0,0.01252854160517814,002695
2020-08-13,28.73,28.81,27.6,27.66,4352268.0,122353824.0,461268293.0,0.009435437176255251,002695
2020-08-14,27.67,28.25,26.9,28.11,6288817.0,173166269.0,461268293.0,0.013633750889528408,002695
2020-08-17,28.0,29.39,27.7,29.26,8104845.0,232558778.0,461268293.0,0.017570782824216362,002695
2020-08-18,29.65,29.87,28.5,29.52,8247172.0,240507786.0,461268293.0,0.017879338608691234,002695
2020-08-19,29.5,29.82,28.89,28.95,4914525.0,143571988.0,461268293.0,0.010654374199529037,002695
2020-08-20,28.65,29.3,28.17,28.35,3419760.0,97614271.0,461268293.0,0.007413819791858098,002695
2020-08-21,28.65,29.72,28.5,29.69,7349732.0,215472538.0,461268293.0,0.01593374639344656,002695
2020-08-24,29.69,30.5,29.31,30.23,7328156.0,220052991.0,461268293.0,0.01588697101276805,002695
2020-08-25,30.22,30.48,29.4,29.66,4333208.0,129333237.0,461268293.0,0.00939411632179973,002695
2020-08-26,29.51,29.95,28.7,29.65,4223235.0,124108872.0,461268293.0,0.009155701928985611,002695
2020-08-27,29.87,30.48,29.44,30.34,5618679.0,168977863.0,461268293.0,0.012180934794926388,002695
2020-08-28,30.36,31.99,29.9,31.47,8516364.0,263807708.0,461268293.0,0.01846292955583661,002695
2020-08-31,31.47,31.94,30.78,31.85,7696449.0,241221137.0,461268293.0,0.01668540655578943,002695
2020-09-01,31.61,31.84,31.05,31.38,4662109.0,146237244.0,461268293.0,0.010107152541698763,002695
2020-09-02,31.79,32.49,31.21,31.76,6213575.0,197993067.0,461268293.0,0.013470631071535628,002695
2020-09-03,31.56,33.28,31.14,31.3,8586259.0,275520495.0,461268293.0,0.018614457421637694,002695
2020-09-04,30.1,30.66,28.18,28.63,12969997.0,375631809.0,461268293.0,0.028118119534394272,002695
2020-09-07,28.18,28.49,26.49,26.51,10271567.0,278960422.0,461268293.0,0.02226809680152891,002695
2020-09-08,26.26,26.71,25.2,25.88,6712623.0,172691372.0,461268293.0,0.01455253504710327,002695
2020-09-09,25.43,25.68,24.33,24.9,7021164.0,175381039.0,461268293.0,0.01522143209613586,002695
2020-09-10,25.21,25.66,24.7,24.96,5056453.0,127694633.0,461268293.0,0.010962064977659326,002695
2020-09-11,24.98,27.27,24.7,26.88,8380008.0,220000497.0,461268293.0,0.018167318515430672,002695
2020-09-14,27.2,27.2,25.5,26.1,4929291.0,129242775.0,461268293.0,0.010686385938085711,002695
2020-09-15,26.1,26.7,25.68,25.93,4460605.0,116254037.0,461268293.0,0.009670304826263009,002695
2020-09-16,25.79,26.07,24.8,25.24,4914646.0,124140883.0,461268293.0,0.010654636519748822,002695
2020-09-17,25.04,25.24,24.11,24.42,5787536.0,141388024.0,461268293.0,0.012547005913541081,002695
2020-09-18,24.27,24.78,23.7,24.74,5235135.0,127369867.0,461268293.0,0.011349436064533489,002695
2020-09-21,24.62,24.62,24.06,24.23,3276778.0,79473300.0,461268293.0,0.007103844009499261,002695
2020-09-22,24.0,24.36,23.48,23.54,4812340.0,114758198.0,461268293.0,0.010432843689952042,002695
2020-09-23,23.52,24.06,23.35,23.89,3307315.0,78645791.0,461268293.0,0.007170046261991825,002695
2020-09-24,23.6,24.27,23.53,23.65,3052800.0,72760327.0,461268293.0,0.0066182741071257635,002695
2020-09-25,23.65,23.87,22.86,23.02,5108729.0,118784428.0,461268293.0,0.011075395984349612,002695
2020-09-28,23.04,23.43,22.76,23.02,3541141.0,81904101.0,461268293.0,0.007676965995145909,002695
2020-09-29,23.15,23.83,22.88,23.48,4091687.0,95872028.0,461268293.0,0.008870514323428686,002695
2020-09-30,23.55,24.03,23.19,23.49,3648033.0,86346987.0,461268293.0,0.007908700978066143,002695
2020-10-09,23.76,24.52,23.71,24.47,4252063.0,103127684.0,461268293.0,0.009218199179365663,002695
2020-10-12,24.54,25.23,24.35,25.23,5554823.0,137959605.0,461268293.0,0.012042499092821886,002695
2020-10-13,25.24,25.5,24.63,25.12,3470091.0,86813777.0,461268293.0,0.007522934163610504,002695
2020-10-14,25.1,25.3,24.72,25.03,2555362.0,64061624.0,461268293.0,0.005539860508036263,002695
2020-10-15,25.2,25.29,24.56,24.66,2463346.0,61008435.0,461268293.0,0.005340375736599784,002695
2020-10-16,24.52,24.87,24.12,24.38,2257454.0,55173836.0,461268293.0,0.004894015119309317,002695
2020-10-19,24.7,24.7,24.01,24.06,2199733.0,53286376.0,461268293.0,0.004768879702728668,002695
2020-10-20,24.28,24.28,23.0,23.82,6713179.0,157714313.0,461268293.0,0.014553740419352864,002695
2020-10-21,24.25,24.36,22.7,22.93,7529324.0,174421933.0,461268293.0,0.016323090301808365,002695
2020-10-22,22.76,22.87,21.58,22.32,7417807.0,163139519.0,461268293.0,0.01608132861627235,002695
2020-10-23,22.13,22.71,21.85,22.0,4776333.0,106194953.0,461268293.0,0.010354782829176599,002695
2020-10-26,21.72,21.72,20.86,21.35,7224331.0,152930908.0,461268293.0,0.015661885088641893,002695
2020-10-27,21.33,21.71,21.05,21.59,8648648.0,185567688.0,461268293.0,0.018749712762069253,002695
2020-10-28,21.81,21.86,20.91,21.05,6856915.0,145283652.0,461268293.0,0.014865350825230036,002695
2020-10-29,20.69,21.78,20.5,21.52,6536429.0,139422062.0,461268293.0,0.014170557784252472,002695
2020-10-30,21.72,21.72,20.86,20.89,4529418.0,95518631.0,461268293.0,0.009819486985635928,002695
2020-11-02,20.97,21.27,20.4,20.76,7736608.0,160840712.0,461268293.0,0.016772468685594222,002695
2020-11-03,20.81,21.08,20.5,21.08,4378235.0,91175185.0,461268293.0,0.009491731962595574,002695
2020-11-04,21.01,21.06,20.09,20.31,8311919.0,169169571.0,461268293.0,0.018019705941505065,002695
2020-11-05,20.66,20.95,20.46,20.75,8117836.0,168069793.0,461268293.0,0.017598946476904277,002695
2020-11-06,20.94,20.97,20.01,20.18,8530518.0,172736076.0,461268293.0,0.01849361451774445,002695
2020-11-09,20.38,21.7,20.35,21.19,16307393.0,344224981.0,461268293.0,0.035353379470199134,002695
2020-11-10,21.26,22.55,21.1,22.39,17721847.0,390942066.0,461268293.0,0.0384198247938104,002695
2020-11-11,22.43,23.58,21.95,23.57,15788632.0,363387743.0,461268293.0,0.034228738978163406,002695
2020-11-12,23.4,23.73,22.85,23.53,10424038.0,243377543.0,461268293.0,0.022598644125751778,002695
2020-11-13,23.34,23.88,22.68,23.59,9275387.0,216820841.0,461268293.0,0.020108442615196186,002695
2020-11-16,23.63,24.28,23.41,24.02,10820636.0,258467589.0,461268293.0,0.023458443088781738,002695
2020-11-17,23.95,23.95,23.07,23.37,8064307.0,188667174.0,461268293.0,0.017482899046781002,002695
2020-11-18,23.3,23.53,22.63,22.76,6589821.0,150951167.0,461268293.0,0.01428630820718475,002695
2020-11-19,23.0,23.73,22.57,23.62,9863437.0,229895836.0,461268293.0,0.02138329720399837,002695
2020-11-20,23.43,23.55,22.76,22.84,10491625.0,240731751.0,461268293.0,0.022745168395955626,002695
2020-11-23,22.83,22.83,21.93,22.5,8919719.0,198783419.0,461268293.0,0.019337377260396263,002695
2020-11-24,22.49,22.67,21.8,21.99,6586881.0,145324351.0,461268293.0,0.014279934476224665,002695
2020-11-25,21.79,22.1,20.8,21.09,9960831.0,211500080.0,461268293.0,0.021594441133633263,002695
2020-11-26,21.09,21.3,20.72,21.02,4894682.0,102872825.0,461268293.0,0.01061135585141986,002695
2020-11-27,21.07,22.0,20.8,22.0,8518376.0,182337964.0,461268293.0,0.018467291442466435,002695
2020-11-30,22.49,23.12,22.22,23.0,14176588.0,323120963.0,461268293.0,0.03073393123944897,002695
2020-12-01,22.65,23.22,22.6,22.87,8695278.0,199160832.0,461268293.0,0.018850803603793334,002695
2020-12-02,22.9,23.08,22.4,22.54,5762900.0,130320865.0,461268293.0,0.012493596649618403,002695
2020-12-03,22.54,23.4,22.25,23.38,9648161.0,221908868.0,461268293.0,0.020916592678092445,002695
2020-12-04,23.3,23.77,23.15,23.41,7122318.0,167036437.0,461268293.0,0.015440727464005422,002695
2020-12-07,23.47,23.83,23.2,23.73,6448500.0,151837821.0,461268293.0,0.013979933366024792,002695
2020-12-08,23.7,23.82,22.96,23.12,6067542.0,140967500.0,461268293.0,0.013154040917353928,002695
2020-12-09,23.0,23.3,22.68,22.93,4933509.0,113299165.0,461268293.0,0.010695530290871304,002695
2020-12-10,23.21,24.4,22.8,23.99,9858859.0,234601023.0,461268293.0,0.02137337239436052,002695
2020-12-11,24.28,24.28,22.89,23.61,8438056.0,198311849.0,461268293.0,0.018293162846985452,002695
2020-12-14,23.58,24.54,22.9,24.45,10562340.0,253877665.0,461268293.0,0.022898473969031295,002695
2020-12-15,24.4,24.79,24.06,24.3,6835720.0,166737050.0,461268293.0,0.0148194014280535,002695
2020-12-16,24.22,25.2,24.11,25.2,9987255.0,247775497.0,461268293.0,0.021651726666588808,002695
2020-12-17,25.0,26.26,24.89,25.54,11214022.0,288702808.0,461268293.0,0.02431127864234102,002695
2020-12-18,25.15,25.7,24.63,24.85,8626461.0,215702011.0,461268293.0,0.018701612772677612,002695
2020-12-21,24.8,25.14,24.25,24.6,7668641.0,188578958.0,461268293.0,0.016625120599824104,002695
2020-12-22,24.31,24.6,22.9,23.06,12218698.0,288793784.0,461268293.0,0.02648935161038697,002695
2020-12-23,22.91,22.95,22.17,22.63,8971273.0,202447069.0,461268293.0,0.019449143017510634,002695
2020-12-24,22.49,22.94,22.08,22.7,4899188.0,110902911.0,461268293.0,0.010621124569687257,002695
2020-12-25,22.5,23.44,22.21,23.25,5438822.0,125260382.0,461268293.0,0.011791016383603891,002695
2020-12-28,23.3,23.5,22.43,22.65,5152605.0,117458482.0,461268293.0,0.01117051633115394,002695
2020-12-29,22.73,22.78,22.1,22.28,5330254.0,119223370.0,461268293.0,0.01155564794044927,002695
2020-12-30,22.35,22.6,22.15,22.49,3996968.0,89524334.0,461268293.0,0.008665169621793188,002695
2020-12-31,22.51,23.08,22.23,22.9,5485308.0,123860361.0,461268293.0,0.01189179504258707,002695
2021-01-04,23.8,25.19,23.8,25.19,12283912.0,305050669.0,461268293.0,0.026630731369173037,002695
2021-01-05,25.58,26.3,25.0,25.56,21093167.0,541405558.0,461268293.0,0.04572862978032613,002695
2021-01-06,25.26,25.68,24.33,24.74,13680188.0,339500097.0,461268293.0,0.029657767957616803,002695
2021-01-07,25.04,25.16,23.8,24.1,10741666.0,260748723.0,461268293.0,0.023287241206496716,002695
2021-01-08,24.0,24.0,23.08,23.4,8493521.0,199148865.0,461268293.0,0.0184134074006253,002695
2021-01-11,23.39,23.77,22.7,23.01,9295834.0,214385740.0,461268293.0,0.02015277039646859,002695
2021-01-12,23.21,23.95,22.92,23.6,7467617.0,175767141.0,461268293.0,0.01618931349352469,002695
2021-01-13,23.53,23.93,23.07,23.61,7198876.0,168562748.0,461268293.0,0.015606700285380335,002695
2021-01-14,23.54,23.82,23.01,23.45,6424081.0,149714886.0,461268293.0,0.013926994544149168,002695
2021-01-15,23.38,23.68,23.04,23.55,4949772.0,115750844.0,461268293.0,0.010730787429171941,002695
2021-01-18,23.8,24.22,23.1,23.66,9873847.0,234447545.0,461268293.0,0.021405865414642754,002695
2021-01-19,23.38,23.53,23.0,23.08,7648161.0,177266520.0,461268293.0,0.016580721276673573,002695
2021-01-20,23.0,23.41,22.6,23.19,3952375.0,91128729.0,461268293.0,0.008568494865091453,002695
2021-01-21,23.12,23.39,23.0,23.32,4780049.0,111013938.0,461268293.0,0.010362838878240434,002695
2021-01-22,23.37,23.45,22.45,22.73,8682524.0,197796520.0,461268293.0,0.018823153751866488,002695
2021-01-25,22.51,23.36,22.22,23.2,7641443.0,175003485.0,461268293.0,0.01656615708463621,002695
2021-01-26,22.99,23.5,22.82,22.92,5090137.0,117898625.0,461268293.0,0.011035089723802021,002695
2021-01-27,22.85,23.07,22.25,22.64,4478459.0,101084275.0,461268293.0,0.009709011150263475,002695
2021-01-28,22.65,24.0,22.55,23.0,6877588.0,159901334.0,461268293.0,0.014910168559970802,002695
2021-01-29,22.83,23.19,22.06,22.34,4589968.0,103148178.0,461268293.0,0.009950755492313884,002695
2021-02-01,22.23,22.7,22.05,22.49,3292000.0,73924458.0,461268293.0,0.0071368443267354606,002695
2021-02-02,22.56,24.3,22.44,23.74,11743501.0,278100598.0,461268293.0,0.025459155069216952,002695
2021-02-03,23.69,23.97,23.29,23.61,6949484.0,164605233.0,461268293.0,0.015066034465109008,002695
2021-02-04,23.67,24.48,23.65,24.19,11171086.0,269804333.0,461268293.0,0.02421819615509536,002695
2021-02-05,24.24,24.28,23.41,23.63,7042500.0,167333676.0,461268293.0,0.015267687172246197,002695
2021-02-08,23.6,23.86,22.66,23.48,6198603.0,144640454.0,461268293.0,0.013438172738224606,002695
2021-02-09,23.6,23.97,23.2,23.85,5883638.0,139306382.0,461268293.0,0.01275534887025066,002695
2021-02-10,23.85,23.88,22.9,23.16,7440436.0,173818692.0,461268293.0,0.016130386833243707,002695
2021-02-18,23.21,23.46,22.3,22.77,8713789.0,198086795.0,461268293.0,0.018890934261549166,002695
2021-02-19,22.57,23.28,22.5,23.21,5283720.0,121250736.0,461268293.0,0.011454765220552457,002695
2021-02-22,23.21,23.32,22.6,22.9,4854666.0,111426376.0,461268293.0,0.01052460373642027,002695
2021-02-23,22.7,23.15,22.52,22.8,4400498.0,100626232.0,461268293.0,0.009539996715100467,002695
2021-02-24,22.81,22.88,22.13,22.49,5327300.0,119658569.0,461268293.0,0.011549243858389374,002695
2021-02-25,22.58,22.6,22.21,22.52,3704164.0,82935507.0,461268293.0,0.008030389376882665,002695
2021-02-26,22.41,22.6,22.13,22.36,3890044.0,87008755.0,461268293.0,0.008433365264930534,002695
2021-03-01,22.39,22.72,22.26,22.58,4481264.0,100781320.0,461268293.0,0.009715092209903966,002695
2021-03-02,22.65,22.84,22.17,22.31,4047311.0,90785268.0,461268293.0,0.008774310008774005,002695
2021-03-03,22.31,22.72,22.25,22.67,3403790.0,76574366.0,461268293.0,0.007379197858717768,002695
2021-03-04,22.68,23.09,22.37,22.82,4728938.0,107490878.0,461268293.0,0.010252033516641475,002695
2021-03-05,22.82,22.82,22.5,22.72,2289732.0,51867363.0,461268293.0,0.0049639917478568165,002695
2021-03-08,22.7,22.7,20.61,20.7,11581966.0,249834094.0,461268293.0,0.02510895757580285,002695
2021-03-09,20.27,20.28,19.0,19.67,6581090.0,129049861.0,461268293.0,0.014267379960581856,002695
2021-03-10,19.65,19.93,19.18,19.18,4183840.0,81167357.0,461268293.0,0.009070296102056162,002695
2021-03-11,19.18,19.62,19.03,19.3,3170736.0,61224071.0,461268293.0,0.0068739517719246315,002695
2021-03-12,19.28,19.29,18.07,18.68,8155178.0,150878851.0,461268293.0,0.01767990153184017,002695
2021-03-15,18.48,18.65,17.91,18.18,4762583.0,86507350.0,461268293.0,0.010324973713291843,002695
2021-03-16,18.18,18.41,18.06,18.29,3165205.0,57703399.0,461268293.0,0.006861960919564008,002695
2021-03-17,18.13,18.23,17.91,18.1,4860133.0,87832055.0,461268293.0,0.010536455840896049,002695
2021-03-18,18.03,18.64,18.03,18.63,4930747.0,90746959.0,461268293.0,0.010689542452465945,002695
2021-03-19,18.5,19.15,18.35,18.83,4801670.0,90413543.0,461268293.0,0.010409711816025473,002695
2021-03-22,18.83,19.15,18.65,18.95,2780566.0,52811289.0,461268293.0,0.006028088299578831,002695
2021-03-23,18.97,19.49,18.87,19.17,3583256.0,68745094.0,461268293.0,0.007768268607181287,002695
2021-03-24,19.22,19.32,18.81,19.0,2749324.0,52405200.0,461268293.0,0.005960357652417267,002695
2021-03-25,19.11,19.75,18.71,19.57,4003665.0,77696603.0,461268293.0,0.00867968828718084,002695
2021-03-26,19.56,19.85,19.31,19.66,3271902.0,64248956.0,461268293.0,0.007093273155022602,002695
2021-03-29,20.6,20.88,20.22,20.38,7320167.0,149687892.0,461268293.0,0.015869651374455084,002695
2021-03-30,20.76,20.86,20.24,20.47,4727217.0,96870226.0,461268293.0,0.010248302499300553,002695
2021-03-31,20.36,20.66,19.98,20.26,4220474.0,85341281.0,461268293.0,0.009149716258515952,002695
2021-04-01,20.25,20.45,19.99,20.15,2541947.0,51273908.0,461268293.0,0.005510777650611246,002695
2021-04-02,20.01,20.67,19.98,20.19,4190299.0,85137240.0,461268293.0,0.009084298798747045,002695
2021-04-06,20.28,20.35,19.8,20.05,3191400.0,64093675.0,461268293.0,0.006918749995244091,002695
2021-04-07,19.98,20.12,19.67,19.99,3186976.0,63364626.0,461268293.0,0.006909159047704153,002695
2021-04-08,19.78,20.24,19.76,19.97,3099611.0,62183403.0,461268293.0,0.006719757345211672,002695
2021-04-09,19.95,20.09,19.59,19.82,3077072.0,60822465.0,461268293.0,0.006670894242453383,002695
2021-04-12,19.62,19.91,19.1,19.21,2872514.0,55744216.0,461268293.0,0.0062274256513876625,002695
2021-04-13,19.27,19.5,18.77,18.9,4301634.0,81844305.0,461268293.0,0.00932566591998553,002695
2021-04-14,19.02,19.19,18.65,19.14,3195220.0,60743451.0,461268293.0,0.0069270315096208014,002695
2021-04-15,19.21,19.39,18.95,19.29,3155134.0,60323340.0,461268293.0,0.006840127639122163,002695
2021-04-16,19.29,19.37,19.01,19.14,2578842.0,49379185.0,461268293.0,0.005590763638288921,002695
2021-04-19,19.14,19.47,18.85,19.36,4895864.0,94390841.0,461268293.0,0.010613918351418098,002695
2021-04-20,19.37,19.61,19.16,19.2,5373852.0,103635576.0,461268293.0,0.011650165601128798,002695
2021-04-21,19.2,19.69,19.11,19.45,4662239.0,90599825.0,461268293.0,0.010107434373339856,002695
2021-04-22,19.5,19.53,19.23,19.36,2847539.0,55107720.0,461268293.0,0.006173281457262444,002695
2021-04-23,19.29,19.45,18.86,19.16,3428037.0,65463147.0,461268293.0,0.00743176379565287,002695
2021-04-26,19.0,19.18,18.62,18.67,4645991.0,87720927.0,461268293.0,0.010072209754074728,002695
2021-04-27,18.68,18.95,18.41,18.94,2926690.0,54914368.0,461268293.0,0.006344875735909297,002695
2021-04-28,18.8,19.09,18.66,18.86,2005694.0,37795117.0,461268293.0,0.004348215627298709,002695
2021-04-29,18.86,19.25,18.68,19.22,3919681.0,74485314.0,461268293.0,0.00849761637529246,002695
2021-04-30,18.81,18.81,18.0,18.58,6055028.0,111862920.0,461268293.0,0.01312691136999525,002695
2021-05-06,18.49,18.5,17.98,18.15,4221584.0,76718548.0,461268293.0,0.00915212266714374,002695
2021-05-07,18.14,18.16,17.36,17.45,5221712.0,92312905.0,461268293.0,0.011320335863622865,002695
2021-05-10,17.28,17.63,17.11,17.44,2985536.0,52063715.0,461268293.0,0.006472450080153244,002695
2021-05-11,17.55,18.34,17.35,18.19,4127225.0,73918029.0,461268293.0,0.008947558422360499,002695
2021-05-12,18.23,18.38,18.02,18.38,2816374.0,51372278.0,461268293.0,0.006105717741149834,002695
2021-05-13,18.15,18.4,18.05,18.21,1730987.0,31514492.0,461268293.0,0.0037526685147639227,002695
2021-05-14,18.2,18.58,18.18,18.3,2727679.0,50158447.0,461268293.0,0.005913432684175411,002695
2021-05-17,18.5,18.73,18.03,18.58,4585441.0,84692695.0,461268293.0,0.009940941247396773,002695
2021-05-18,18.61,18.7,18.2,18.26,2345222.0,43001190.0,461268293.0,0.005084290499889183,002695
2021-05-19,18.2,18.42,18.05,18.27,1756680.0,32047061.0,461268293.0,0.0038083692867222504,002695
2021-05-20,18.18,18.65,18.17,18.53,2391060.0,44052658.0,461268293.0,0.005183664336538302,002695
2021-05-21,18.74,18.75,18.23,18.32,2311366.0,42597670.0,461268293.0,0.005010892868805964,002695
2021-05-24,18.21,18.67,18.11,18.35,2124839.0,38821996.0,461268293.0,0.004606514326359735,002695
2021-05-25,18.42,19.21,18.22,19.02,4643716.0,87555104.0,461268293.0,0.010067277700355615,002695
2021-05-26,19.09,19.35,18.92,19.14,3179092.0,60840068.0,461268293.0,0.006892067042639759,002695
2021-05-27,19.1,19.22,19.0,19.13,1830332.0,35021878.0,461268293.0,0.003968042086950902,002695
2021-05-28,19.2,19.2,18.6,18.75,3244569.0,61074168.0,461268293.0,0.007034016968515111,002695
2021-05-31,18.75,18.92,18.62,18.75,1723748.0,32300920.0,461268293.0,0.003736974828226487,002695
2021-06-01,18.75,18.97,18.69,18.87,2553816.0,48039117.0,461268293.0,0.005536508879442966,002695
2021-06-02,18.8,18.95,18.42,18.44,2083553.0,38789994.0,461268293.0,0.004517008933020246,002695
2021-06-03,18.66,19.33,18.41,18.42,5526049.0,104272970.0,461268293.0,0.011980118910969673,002695
2021-06-04,18.33,18.55,18.03,18.1,3805327.0,69401203.0,461268293.0,0.008249704256173532,002695
2021-06-07,18.11,18.75,17.85,18.5,3298905.0,60454656.0,461268293.0,0.007151813922748859,002695
2021-06-08,18.52,19.27,18.42,18.72,3838289.0,72031451.0,461268293.0,0.008321163752740317,002695
2021-06-09,18.5,18.58,18.25,18.31,2760596.0,50633024.0,461268293.0,0.005984794623635664,002695
2021-06-10,18.27,18.37,18.1,18.22,2213002.0,40279926.0,461268293.0,0.0047976460415413815,002695
2021-06-11,18.15,18.44,18.03,18.1,2309177.0,42025996.0,461268293.0,0.005006147257557111,002695
2021-06-15,18.01,18.26,17.59,17.73,2641756.0,46861490.0,461268293.0,0.005727157144963354,002695
2021-06-16,17.61,17.84,17.55,17.58,1615111.0,28544599.0,461268293.0,0.0035014567975085163,002695
2021-06-17,17.75,17.75,17.17,17.37,2836116.0,49327083.0,461268293.0,0.00614851712775324,002695
2021-06-18,17.37,17.38,16.7,17.02,3981674.0,67705105.0,461699581.00000006,0.0086239497800194,002695
2021-06-21,17.0,17.18,16.75,16.8,3267372.0,55254628.0,464357707.0,0.007036325554084106,002695
2021-06-22,16.9,16.98,16.66,16.85,4947920.0,83020577.0,464357707.0,0.010655406221135467,002695
2021-06-23,16.9,16.9,16.36,16.4,7838451.0,129193043.0,464357707.0,0.016880200073862456,002695
2021-06-24,16.41,16.53,15.9,16.08,7293416.0,117614090.0,464357707.0,0.01570646053689812,002695
2021-06-25,16.07,16.39,15.74,16.38,8139779.0,130128322.0,464357707.0,0.017529113606377593,002695
2021-06-28,16.3,16.43,16.02,16.04,6743378.0,109352950.0,464357707.0,0.014521946978259155,002695
2021-06-29,16.08,16.14,15.65,15.72,6658240.0,105122691.0,464357707.0,0.014338601254226625,002695
2021-06-30,15.69,16.22,15.61,15.83,5767478.0,91361065.0,464357707.0,0.012420334395354398,002695
2021-07-01,15.7,16.6,15.7,16.4,9140541.0,148414184.0,464357707.0,0.019684266810284685,002695
2021-07-02,16.39,16.47,15.87,15.92,6756347.0,108551348.0,464357707.0,0.014549875878338765,002695
2021-07-05,15.76,16.38,15.56,15.95,7032438.0,112344542.0,464357707.0,0.015144441222766224,002695
2021-07-06,15.97,16.04,15.59,15.77,5599462.0,88019835.0,464357707.0,0.012058509884923694,002695
2021-07-07,15.77,15.95,15.61,15.88,3647208.0,57660897.0,464357707.0,0.007854307024562855,002695
2021-07-08,15.87,15.87,15.41,15.44,4793507.0,74883510.0,464357707.0,0.010322875937536663,002695
2021-07-09,15.35,15.54,15.2,15.43,3371890.0,51910815.0,464357707.0,0.007261406345087323,002695
2021-07-12,15.48,15.85,15.48,15.65,3814527.0,59807828.0,464357707.0,0.00821463053697093,002695
2021-07-13,15.7,15.85,15.61,15.75,3817007.0,59989337.0,464357707.0,0.008219971247295352,002695
2021-07-14,15.77,15.78,15.61,15.68,2408293.0,37785452.0,464357707.0,0.0051862884231186025,002695
2021-07-15,15.62,15.67,14.99,15.14,5297116.0,80610750.0,464357707.0,0.011407404076960868,002695
2021-07-16,15.0,15.33,14.99,15.18,2718629.0,41309597.0,464357707.0,0.00585460079377987,002695
2021-07-19,15.1,15.29,14.65,14.76,4596732.0,68199725.0,464357707.0,0.009899118568952706,002695
2021-07-20,14.74,14.91,14.62,14.77,2647847.0,39129718.0,464357707.0,0.005702170891286618,002695
2021-07-21,14.8,15.25,14.8,15.07,3318406.0,49968834.0,464357707.0,0.007146227897106917,002695
2021-07-22,15.07,15.1,14.8,14.97,3159867.0,47179950.0,464357707.0,0.006804812222057079,002695
2021-07-23,14.95,14.97,14.65,14.74,2826632.0,41771105.0,464357707.0,0.006087186574896236,002695
2021-07-26,14.75,14.8,14.11,14.25,4472932.0,63993622.0,464357707.0,0.009632513755177105,002695
2021-07-27,14.24,14.36,13.93,13.93,3029899.0,42842179.0,464357707.0,0.006524924544861705,002695
2021-07-28,13.9,14.0,13.54,13.62,2920548.0,39956986.0,464357707.0,0.006289435829262547,002695
2021-07-29,13.63,13.99,13.55,13.59,2996602.0,41208552.0,464357707.0,0.006453219048219652,002695
2021-07-30,13.51,13.95,13.32,13.95,3782605.0,51591212.0,464357707.0,0.008145886119641814,002695
2021-08-02,13.85,14.3,13.63,14.2,4550718.0,63958572.0,464357707.0,0.009800026857312395,002695
2021-08-03,14.07,14.5,14.07,14.44,4126939.0,59280415.0,464357707.0,0.008887413599016673,002695
2021-08-04,14.5,14.56,14.1,14.18,4491633.0,63877148.0,464357707.0,0.00967278658734526,002695
2021-08-05,14.13,14.28,13.93,14.02,3015800.0,42521302.0,464357707.0,0.006494562175964919,002695
2021-08-06,14.09,14.1,13.86,14.02,2469571.0,34459038.0,464357707.0,0.005318251345400842,002695
2021-08-09,13.91,14.8,13.86,14.71,7977334.0,115945040.0,464357707.0,0.01717928631256679,002695
2021-08-10,14.84,16.12,14.6,15.7,13250970.0,203820330.0,464357707.0,0.02853612592242385,002695
2021-08-11,15.6,15.75,15.3,15.49,6819874.0,105888912.0,464357707.0,0.014686682049620854,002695
2021-08-12,15.47,15.72,15.33,15.35,4536468.0,70164020.0,464357707.0,0.009769339308069242,002695
2021-08-13,15.32,15.49,15.06,15.24,4270303.0,65093975.0,464357707.0,0.009196149726012839,002695
2021-08-16,15.14,15.5,15.09,15.32,3727490.0,57144170.0,464357707.0,0.00802719529321821,002695
2021-08-17,15.32,15.38,14.8,14.87,3632023.0,54750994.0,464357707.0,0.007821605941386906,002695
2021-08-18,14.82,14.92,14.41,14.56,4004185.0,58386229.0,464357707.0,0.00862306135903113,002695
2021-08-19,14.67,15.05,14.56,14.58,4508096.0,66611779.0,464357707.0,0.009708239859148069,002695
2021-08-20,14.62,14.62,14.15,14.27,3411102.0,48606315.0,464357707.0,0.007345849866555569,002695
2021-08-23,14.22,14.5,14.19,14.21,3348362.0,47910796.0,464357707.0,0.007210738509396593,002695
2021-08-24,14.22,14.38,14.18,14.26,2518263.0,35905210.0,464357707.0,0.005423110162786638,002695
2021-08-25,14.2,15.09,14.2,14.8,7221091.0,106437909.0,464357707.0,0.015550707765037697,002695
2021-08-26,14.72,14.76,14.27,14.29,4812151.0,69489529.0,464357707.0,0.010363026019507844,002695
2021-08-27,14.21,14.44,14.16,14.36,2263754.0,32345279.0,464357707.0,0.0048750219192550195,002695
2021-08-30,13.95,14.36,13.95,14.05,5554138.0,78122126.0,464357707.0,0.01196090409672042,002695
2021-08-31,14.06,14.12,13.75,13.83,3468437.0,48308539.0,464357707.0,0.007469321490124423,002695
2021-09-01,13.9,14.3,13.74,14.28,6872736.0,97031779.0,464357707.0,0.014800521012995699,002695
2021-09-02,14.22,14.31,13.8,13.93,6613850.0,92104416.0,464357707.0,0.014243006846443921,002695
2021-09-03,13.93,14.19,13.8,14.07,4862574.0,68232203.0,464357707.0,0.010471612566559598,002695
2021-09-06,14.07,14.54,13.97,14.4,6690452.0,96048734.0,464357707.0,0.014407970190101744,002695
2021-09-07,14.49,14.54,14.29,14.43,4629449.0,66659195.0,464357707.0,0.009969575028502757,002695
2021-09-08,14.44,14.55,14.35,14.37,4105265.0,59124851.0,464357707.0,0.008840738374995894,002695
2021-09-09,14.4,14.54,14.19,14.31,5459410.0,78432669.0,464357707.0,0.011756906190425305,002695
2021-09-10,14.33,14.54,14.25,14.37,4590450.0,65977363.0,464357707.0,0.009885590205138987,002695
2021-09-13,14.4,14.47,14.15,14.18,5052700.0,72065953.0,464357707.0,0.010881051232342311,002695
2021-09-14,14.18,14.47,14.03,14.07,5220335.0,74342016.0,464357707.0,0.011242055254614306,002695
2021-09-15,14.06,14.07,13.76,13.85,4504763.0,62337081.0,464357707.0,0.009701062202893513,002695
2021-09-16,13.88,14.1,13.78,14.01,3721626.0,51886341.0,464357707.0,0.008014567097515623,002695
2021-09-17,14.0,14.02,13.68,13.88,3356780.0,46354516.0,464357707.0,0.007228866775328443,002695
2021-09-22,13.66,13.78,13.6,13.65,3711454.0,50777973.0,464357707.0,0.00799266157113658,002695
2021-09-23,13.69,13.83,13.67,13.75,2851663.0,39201109.0,464357707.0,0.006141091139465033,002695
2021-09-24,13.8,14.3,13.77,14.07,7999146.0,112387014.0,464357707.0,0.017226258721274975,002695
2021-09-27,14.13,14.69,13.93,14.57,12734074.0,184264868.0,464357707.0,0.027422984066031664,002695
2021-09-28,14.5,14.5,14.01,14.33,7298283.0,103527509.0,464357707.0,0.0157169416809098,002695
2021-09-29,14.31,14.48,14.1,14.3,7161426.0,102640971.0,464357707.0,0.01542221845797856,002695
2021-09-30,14.33,14.68,14.25,14.45,5748302.0,82996427.0,464357707.0,0.012379038644878139,002695
2021-10-08,14.45,14.98,14.3,14.91,9195057.0,136337871.0,464357707.0,0.019801667682883963,002695
2021-10-11,14.87,15.08,14.74,14.94,8150666.0,121528300.0,464357707.0,0.017552558893999363,002695
2021-10-12,14.95,14.96,14.54,14.72,6114624.0,90119810.0,464357707.0,0.013167917551113241,002695
2021-10-13,14.81,15.2,14.55,15.18,9684356.0,144769433.0,464357707.0,0.02085537906233136,002695
2021-10-14,15.21,15.21,14.85,14.98,6914360.0,103719569.0,464357707.0,0.014890158805956892,002695
2021-10-15,14.84,15.08,14.2,14.21,11176119.0,162315097.0,464357707.0,0.024067908923497205,002695
2021-10-18,14.2,14.2,13.68,13.86,7065448.0,97680881.0,464357707.0,0.015215528661398959,002695
2021-10-19,13.7,14.23,13.7,14.13,6109465.0,85948907.0,464357707.0,0.013156807581531106,002695
2021-10-20,14.1,14.2,13.87,13.96,3501639.0,48907226.0,464357707.0,0.007540822403104855,002695
2021-10-21,14.01,14.09,13.79,13.94,3697555.0,51378723.0,464357707.0,0.007962729904685313,002695
2021-10-22,13.87,14.05,13.85,14.02,3511058.0,49060008.0,464357707.0,0.007561106334776521,002695
2021-10-25,14.0,14.12,13.86,13.97,3003821.0,41888372.0,464357707.0,0.006468765252990622,002695
2021-10-26,13.93,14.08,13.72,13.76,4437517.0,61551814.0,464357707.0,0.009556247119637018,002695
2021-10-27,13.78,13.85,13.19,13.27,6026620.0,81083520.0,464357707.0,0.01297839986103644,002695
2021-10-28,13.27,13.56,13.21,13.44,3085591.0,41296722.0,464357707.0,0.006644857947840629,002695
2021-10-29,13.32,13.92,13.32,13.84,5207454.0,71474466.0,464357707.0,0.011214315863610724,002695
2021-11-01,13.45,13.89,13.37,13.73,4264356.0,58381558.0,464357707.0,0.009183342788795363,002695
2021-11-02,13.74,14.26,13.66,14.22,9160913.0,128636600.0,464357707.0,0.01972813816138514,002695
2021-11-03,14.21,14.5,13.92,14.35,7680282.0,108909570.0,464357707.0,0.016539581198336824,002695
2021-11-04,14.27,15.0,14.16,14.99,15694241.0,231420333.0,464357707.0,0.03379773989623908,002695
2021-11-05,14.8,15.1,14.7,14.82,10982963.0,163203965.0,464357707.0,0.023651945115664895,002695
2021-11-08,14.8,15.03,14.5,14.56,6152744.0,90411283.0,464357707.0,0.01325000943722896,002695
2021-11-09,14.72,14.73,14.35,14.43,5937860.0,85743029.0,464357707.0,0.01278725411571558,002695
2021-11-10,14.41,14.55,14.03,14.51,7900285.0,113041518.0,464357707.0,0.017013360348943234,002695
2021-11-11,14.4,14.52,14.25,14.39,5137467.0,73844048.0,464357707.0,0.011063598003338405,002695
2021-11-12,14.41,14.48,14.21,14.21,4265385.0,61110405.0,464357707.0,0.009185558752877552,002695
2021-11-15,14.21,15.05,14.2,15.05,14487864.0,214212924.0,464357707.0,0.031199792275656148,002695
2021-11-16,15.05,15.05,14.74,14.85,7542032.0,112125267.0,464357707.0,0.016241858132872555,002695
2021-11-17,14.85,14.89,14.57,14.72,5677251.0,83355919.0,464357707.0,0.012226029447595666,002695
2021-11-18,14.7,14.97,14.52,14.64,6442133.0,94895081.0,464357707.0,0.013873212187258906,002695
2021-11-19,14.63,14.86,14.62,14.75,4495000.0,66197395.0,464357707.0,0.009680037463015554,002695
2021-11-22,14.65,14.85,14.63,14.8,5051748.0,74494918.0,464357707.0,0.010879001088701646,002695
2021-11-23,14.8,14.82,14.42,14.5,7329295.0,106624770.0,464357707.0,0.01578372640211181,002695
2021-11-24,14.49,14.59,14.31,14.56,4488437.0,64870689.0,464357707.0,0.009665903962265883,002695
2021-11-25,14.5,14.59,14.35,14.36,3337666.0,48110177.0,464357707.0,0.007187704542610294,002695
2021-11-26,14.36,14.47,13.89,13.97,7386800.0,103598926.0,464357707.0,0.015907564122759354,002695
2021-11-29,13.89,14.06,13.73,13.96,2852578.0,39749257.0,464357707.0,0.006143061603153277,002695
2021-11-30,13.96,14.15,13.89,14.03,2888299.0,40606705.0,464357707.0,0.006219987213435008,002695
2021-12-01,14.03,14.14,14.0,14.14,2240292.0,31526863.0,464357707.0,0.00482449621537131,002695
2021-12-02,14.19,14.28,14.01,14.02,2778097.0,39225026.0,464357707.0,0.005982665858930172,002695
2021-12-03,14.02,14.1,14.01,14.08,1577499.0,22164613.0,464357707.0,0.0033971633855104724,002695
2021-12-06,14.14,14.15,13.95,14.1,2304521.0,32372434.0,464357707.0,0.004962814152237168,002695
2021-12-07,14.1,14.36,14.08,14.36,4622656.0,65942331.0,464357707.0,0.00995494621994074,002695
2021-12-08,14.4,14.6,14.3,14.6,5694129.0,82354947.0,464357707.0,0.012262376426972924,002695
2021-12-09,14.57,14.83,14.46,14.72,7982777.0,117210876.0,464357707.0,0.01719100787962156,002695
2021-12-10,14.68,14.9,14.57,14.65,6578580.0,96781378.0,464357707.0,0.014167052470176833,002695
2021-12-13,14.67,14.86,14.55,14.59,6218879.0,91232483.0,464357707.0,0.013392431968400603,002695
2021-12-14,14.59,14.98,14.4,14.9,9309782.0,137927118.0,464357707.0,0.02004872937319419,002695
2021-12-15,14.9,14.97,14.7,14.76,5822280.0,86175104.0,464357707.0,0.012538351172450767,002695
2021-12-16,14.92,14.92,14.59,14.73,3749397.0,55093694.0,464357707.0,0.008074372285588015,002695
2021-12-17,14.78,14.84,14.54,14.54,3721513.0,54367289.0,464357707.0,0.008014323750633906,002695
2021-12-20,14.51,14.71,14.43,14.43,3217982.0,46779658.0,464357707.0,0.006929963585163452,002695
2021-12-21,14.44,14.64,14.41,14.61,2780496.0,40475509.0,464357707.0,0.005987832134764159,002695
2021-12-22,14.68,14.78,14.53,14.72,3461404.0,50789429.0,464357707.0,0.007454175838627785,002695
2021-12-23,14.83,15.33,14.74,14.95,11430158.0,171079140.0,464357707.0,0.024614985016281857,002695
2021-12-24,14.88,15.96,14.84,15.64,22002249.0,340083390.0,464357707.0,0.047382112255972525,002695
2021-12-27,15.73,17.2,15.35,17.2,33233261.0,543570994.0,464357707.0,0.07156823392617881,002695
2021-12-28,17.19,17.19,16.23,16.4,28540565.0,471955079.0,464357707.0,0.06146245570981769,002695
2021-12-29,16.22,16.77,16.09,16.09,16057293.0,262140092.0,464357707.0,0.03457957681748997,002695
2021-12-30,15.99,16.22,15.78,16.09,11496638.0,184176571.0,464357707.0,0.024758150509172017,002695
2021-12-31,16.06,16.47,15.77,16.31,14567547.0,235004371.0,464357707.0,0.03137139059048717,002695
2022-01-04,16.32,16.65,16.07,16.62,13014504.0,213085904.0,464357707.0,0.028026893500014635,002695
2022-01-05,16.5,16.85,16.23,16.23,11613424.0,191027672.0,464357707.0,0.025009650588183302,002695
2022-01-06,16.08,16.23,15.8,16.1,9384679.0,149981204.0,464357707.0,0.02021002097850397,002695
2022-01-07,16.09,16.3,15.78,15.95,8519537.0,136549823.0,464357707.0,0.01834692710290259,002695
2022-01-10,15.81,16.13,15.52,16.0,7725047.0,122768122.0,464357707.0,0.016635983173204878,002695
2022-01-11,16.02,16.24,15.77,15.86,5756871.0,91686020.0,464357707.0,0.012397492091156355,002695
2022-01-12,15.83,16.43,15.75,16.23,11472298.0,184951302.0,464357707.0,0.024705734021552486,002695
2022-01-13,16.23,16.58,16.07,16.27,12592782.0,205376216.0,464357707.0,0.027118710016371065,002695
2022-01-14,16.28,16.78,15.91,16.0,12169294.0,198746197.0,464357707.0,0.026206723430133572,002695
2022-01-17,15.76,15.86,14.4,14.82,17625074.0,263241080.0,464357707.0,0.03795581237117272,002695
2022-01-18,14.79,14.84,14.42,14.47,10693643.0,155291467.0,464357707.0,0.02302889095797865,002695
2022-01-19,14.46,14.68,14.26,14.61,6097681.0,88607415.0,464357707.0,0.01313143059344119,002695
2022-01-20,14.59,14.74,14.11,14.12,8173262.0,117318628.0,464357707.0,0.01760121965629398,002695
2022-01-21,14.11,14.25,13.86,14.08,4558786.0,64330088.0,464357707.0,0.009817401393964588,002695
2022-01-24,14.07,14.08,13.82,13.94,4030114.0,56144130.0,464357707.0,0.008678899777580304,002695
2022-01-25,13.82,13.91,13.29,13.29,6698825.0,90726725.0,464357707.0,0.014426001547983352,002695
2022-01-26,13.35,13.53,13.22,13.38,3710908.0,49496582.0,464357707.0,0.007991485753460316,002695
2022-01-27,13.38,13.5,12.66,12.67,5734244.0,74077461.0,464357707.0,0.012348764569982684,002695
2022-01-28,12.71,12.98,12.71,12.86,3491092.0,44853425.0,464357707.0,0.007518109309640466,002695
2022-02-07,13.06,13.14,12.98,13.01,2949836.0,38500826.0,464357707.0,0.006352507895384193,002695
2022-02-08,13.08,13.24,12.92,13.21,2600824.0,34128405.0,464357707.0,0.0056009062858086685,002695
2022-02-09,13.26,13.33,13.19,13.3,2305786.0,30605872.0,464357707.0,0.004965538345205069,002695
2022-02-10,13.28,13.38,13.16,13.21,2251000.0,29823505.0,464357707.0,0.004847556024304341,002695
2022-02-11,13.16,13.16,12.89,12.92,3273326.0,42506014.0,464357707.0,0.007049147565887175,002695
2022-02-14,13.0,13.1,12.72,13.03,2211309.0,28773209.0,464357707.0,0.004762080970479079,002695
2022-02-15,13.01,13.12,12.9,13.0,2174211.0,28282625.0,464357707.0,0.004682189973859958,002695
2022-02-16,13.04,13.14,13.04,13.08,2193906.0,28719175.0,464357707.0,0.0047246033971823365,002695
2022-02-17,13.12,13.18,13.0,13.0,2299191.0,30006636.0,464357707.0,0.0049513359320641145,002695
2022-02-18,12.91,13.04,12.86,13.03,1677369.0,21748264.0,464357707.0,0.0036122346516798526,002695
2022-02-21,12.91,13.15,12.91,13.15,2320136.0,30406531.0,464357707.0,0.00499644124567098,002695
2022-02-22,13.18,13.18,12.94,12.97,2886993.0,37526154.0,464357707.0,0.006217174726465776,002695
2022-02-23,12.97,13.07,12.96,13.06,2273051.0,29608403.0,464357707.0,0.004895043122434921,002695
2022-02-24,13.05,13.05,12.61,12.7,5818865.0,74505843.0,464357707.0,0.012530996928193549,002695
2022-02-25,12.73,12.87,12.67,12.7,2403657.0,30677158.0,464357707.0,0.005176304740431497,002695
2022-02-28,12.72,12.75,12.31,12.48,3509683.0,43679953.0,464357707.0,0.007558145255463586,002695
2022-03-01,12.57,12.7,12.52,12.67,2814907.0,35509756.0,464357707.0,0.006061936644027747,002695
2022-03-02,12.56,12.77,12.5,12.72,2113355.0,26785024.0,464357707.0,0.0045511358337377615,002695
2022-03-03,12.78,12.78,12.6,12.65,1831175.0,23197688.0,464357707.0,0.003943457753356509,002695
2022-03-04,12.65,12.65,12.46,12.5,2028265.0,25415013.0,464357707.0,0.004367893478292156,002695
2022-03-07,12.45,12.45,12.1,12.11,3560300.0,43515679.0,464357707.0,0.007667149583887492,002695
2022-03-08,12.11,12.22,11.51,11.61,4073470.0,48027525.0,464357707.0,0.008772267453719682,002695
2022-03-09,11.7,11.73,10.73,11.2,4655393.0,52384366.0,464357707.0,0.010025445749735344,002695
2022-03-10,11.46,11.54,11.3,11.34,2489075.0,28382465.0,464357707.0,0.005360253447887751,002695
2022-03-11,11.25,11.62,11.11,11.53,3394639.0,38578877.0,464357707.0,0.00731039659475276,002695
2022-03-14,11.44,11.64,11.32,11.32,2816847.0,32353705.0,464357707.0,0.006066114457749272,002695
2022-03-15,11.15,11.25,10.54,10.62,4622172.0,50600507.0,464357707.0,0.009953903920022588,002695
2022-03-16,10.65,10.88,10.26,10.84,4305019.0,45655244.0,464357707.0,0.009270911056505841,002695
2022-03-17,10.92,11.39,10.86,11.26,4978100.0,55826716.0,464357707.0,0.010720399220164122,002695
2022-03-18,11.21,11.29,11.1,11.27,2225197.0,24979181.0,464357707.0,0.004791988948295845,002695
2022-03-21,11.29,11.5,11.23,11.42,3070200.0,34977816.0,464357707.0,0.006611713241145796,002695
2022-03-22,11.43,11.52,11.3,11.4,2512384.0,28630018.0,464357707.0,0.005410449664400638,002695
2022-03-23,11.41,11.46,11.34,11.4,1855516.0,21160920.0,464357707.0,0.003995876394488269,002695
2022-03-24,11.4,11.4,11.25,11.29,1614436.0,18248636.0,464357707.0,0.003476707666660952,002695
2022-03-25,11.29,11.49,11.24,11.29,2648696.0,30095692.0,464357707.0,0.005703999223167841,002695
2022-03-28,11.26,11.41,11.07,11.34,1692000.0,19045976.0,464357707.0,0.0036437426890817168,002695
2022-03-29,11.34,11.5,11.11,11.19,2448900.0,27638250.0,464357707.0,0.005273736094144336,002695
2022-03-30,11.23,11.34,11.12,11.31,2069436.0,23265756.0,464357707.0,0.00445655573021425,002695
2022-03-31,11.4,11.54,11.27,11.32,2502767.0,28537388.0,464357707.0,0.005389739337307908,002695
2022-04-01,11.28,11.37,11.18,11.32,1764617.0,19901440.0,464357707.0,0.003800124286512596,002695
2022-04-06,11.28,11.67,11.27,11.55,2901000.0,33432994.0,464357707.0,0.0062473389722376245,002695
2022-04-07,11.48,11.61,11.31,11.34,2448946.0,28046291.0,464357707.0,0.005273835155706805,002695
2022-04-08,11.33,11.36,10.96,11.1,2716566.0,30192600.0,464357707.0,0.005850158098054352,002695
2022-04-11,11.1,12.18,11.01,11.81,10205095.0,119814612.0,464357707.0,0.021976796866214173,002695
2022-04-12,11.68,11.88,11.36,11.87,7184369.0,83404266.0,464357707.0,0.01547162648901615,002695
2022-04-13,11.88,12.35,11.65,12.2,12116805.0,146470793.0,464357707.0,0.02609368772681962,002695
2022-04-14,12.28,12.88,12.02,12.84,14584776.0,183114494.0,464357707.0,0.03140849345265632,002695
2022-04-15,12.61,12.9,12.31,12.33,11599883.0,146224383.0,464357707.0,0.024980489879109512,002695
2022-04-18,12.13,12.75,12.12,12.24,7822499.0,96809116.0,464357707.0,0.016845847246807943,002695
2022-04-19,12.2,12.58,12.1,12.41,7206707.0,89172713.0,464357707.0,0.015519731645156049,002695
2022-04-20,12.23,12.75,12.22,12.65,10766370.0,135110469.0,464357707.0,0.023185509441754567,002695
2022-04-21,12.5,12.59,11.9,12.05,8926700.0,109158273.0,464357707.0,0.01922375760202468,002695
2022-04-22,12.06,12.18,11.05,11.33,8025499.0,92422411.0,464357707.0,0.017283010229008647,002695
2022-04-25,11.24,11.24,10.5,10.52,6903541.0,74976865.0,464357707.0,0.014866859957166599,002695
2022-04-26,10.57,11.22,10.43,10.62,6965291.0,75176036.0,464357707.0,0.014999839337220261,002695
2022-04-27,10.45,10.93,10.09,10.91,6318767.0,66105614.0,464357707.0,0.013607541997790079,002695
2022-04-28,10.78,10.82,10.34,10.47,4378120.0,46138432.0,464357707.0,0.009428334953854874,002695
2022-04-29,10.43,10.78,10.4,10.69,5369330.0,57087939.0,464357707.0,0.011562917808964028,002695
2022-05-05,10.69,11.04,10.57,10.89,3811339.0,41555845.0,464357707.0,0.008207765139989375,002695
2022-05-06,10.7,10.9,10.54,10.68,3187240.0,34080770.0,464357707.0,0.006863760312262891,002695
2022-05-09,10.6,11.0,10.6,10.8,2856340.0,31003357.0,464357707.0,0.00615116311615347,002695
2022-05-10,10.67,10.94,10.63,10.91,2720480.0,29471000.0,464357707.0,0.005858586944913138,002695
2022-05-11,10.91,11.19,10.76,10.81,5615969.0,61617376.0,464357707.0,0.012094057911264515,002695
2022-05-12,10.68,10.97,10.64,10.79,3567033.0,38490440.0,464357707.0,0.007681649181715854,002695
2022-05-13,10.84,10.88,10.67,10.77,3066106.0,32949238.0,464357707.0,0.006602896762086044,002695
2022-05-16,10.82,11.05,10.79,10.92,4556859.0,49701632.0,464357707.0,0.009813251575902023,002695
2022-05-17,10.84,10.91,10.65,10.81,3194506.0,34317091.0,464357707.0,0.0068794077321085575,002695
2022-05-18,10.81,10.96,10.76,10.86,2948850.0,32057431.0,464357707.0,0.00635038453232779,002695
2022-05-19,10.81,10.81,10.64,10.73,3142216.0,33615565.0,464357707.0,0.006766800577727894,002695
2022-05-20,10.74,10.96,10.73,10.96,4835077.0,52611507.0,464357707.0,0.010412397440837565,002695
2022-05-23,11.0,11.2,10.98,11.18,4826177.0,53731661.0,464357707.0,0.010393231182012018,002695
2022-05-24,11.24,11.24,10.86,10.87,4939100.0,54545936.0,464357707.0,0.010636412243288125,002695
2022-05-25,10.87,11.1,10.8,11.04,3090301.0,34004360.0,464357707.0,0.0066550009904325766,002695
2022-05-26,11.09,11.71,10.85,11.57,9370601.0,106450499.0,464357707.0,0.02017970383336396,002695
2022-05-27,11.45,11.58,11.22,11.35,6017282.0,68526594.0,464357707.0,0.012958290363855207,002695
2022-05-30,11.35,11.42,11.27,11.34,3171491.0,36000723.0,464357707.0,0.006829844648190581,002695
2022-05-31,11.35,11.78,11.2,11.69,8378970.0,97454801.0,464357707.0,0.018044214349606996,002695
2022-06-01,11.64,11.78,11.52,11.64,5212562.0,60616014.0,464357707.0,0.011225316004069251,002695
2022-06-02,11.6,11.64,11.39,11.54,4797384.0,55250182.0,464357707.0,0.010331225104443028,002695
2022-06-06,11.57,11.78,11.51,11.69,4692000.0,54800993.0,464357707.0,0.01010427937185072,002695
2022-06-07,11.66,11.8,11.55,11.67,3371704.0,39256879.0,464357707.0,0.007261005791812991,002695
2022-06-08,11.7,11.72,11.42,11.61,3058860.0,35447681.0,464357707.0,0.00658729241248493,002695
2022-06-09,11.61,11.68,11.34,11.36,3003161.0,34428028.0,464357707.0,0.006467343934920412,002695
2022-06-10,11.2,11.46,11.2,11.37,2567804.0,29189496.0,464357707.0,0.005529797312053658,002695
2022-06-13,11.21,11.43,11.08,11.21,4312963.0,48352666.0,464357707.0,0.009288018557641813,002695
2022-06-14,11.07,11.23,10.97,11.2,3012896.0,33458632.0,464357707.0,0.006488308376455998,002695
2022-06-15,11.26,11.43,11.19,11.33,3614592.0,40993187.0,464357707.0,0.007784068069747791,002695
2022-06-16,11.35,11.63,11.35,11.52,4077999.0,46959008.0,464357707.0,0.008782020710598436,002695
2022-06-17,11.49,11.6,11.28,11.52,3028916.0,34750149.0,464357707.0,0.0065228076423419845,002695
2022-06-20,11.47,11.68,11.47,11.65,4721120.0,54644463.0,464357707.0,0.01016698964791813,002695
2022-06-21,11.66,11.74,11.45,11.51,3307951.0,38286028.0,464357707.0,0.007123712926767467,002695
2022-06-22,11.54,11.62,11.43,11.5,4037002.0,46480323.0,464357707.0,0.008693733169803942,002695
2022-06-23,11.5,11.56,11.33,11.48,3391215.0,38726154.0,464357707.0,0.007303022968885494,002695
2022-06-24,11.47,12.12,11.43,12.02,11180568.0,132143111.0,464357707.0,0.02407748989939775,002695
2022-06-27,12.1,12.26,12.02,12.05,7374257.0,89384459.0,464357707.0,0.015880552618888696,002695
2022-06-28,12.3,12.3,12.04,12.08,4224638.0,51091658.0,464357707.0,0.009097809590139956,002695
2022-06-29,12.12,12.2,11.95,11.95,4764014.0,57492976.0,464357707.0,0.01025936240140836,002695
2022-06-30,11.96,12.53,11.96,12.37,8060328.0,99283619.0,464353507.0,0.017358171906732257,002695
2022-07-01,12.38,12.44,12.24,12.31,3937623.0,48561829.0,464353507.0,0.008479795975784458,002695
2022-07-04,12.4,12.6,12.26,12.45,4763138.0,59385969.0,464353507.0,0.010257568701855416,002695
2022-07-05,12.45,12.48,12.08,12.3,5349156.0,65529115.0,464353507.0,0.011519577044994731,002695
2022-07-06,12.22,12.33,11.97,12.09,3885728.0,47061813.0,464353507.0,0.00836803844791464,002695
2022-07-07,12.11,12.12,11.9,11.93,3710970.0,44386889.0,464353507.0,0.007991691554081446,002695
2022-07-08,11.96,12.07,11.86,11.88,2383198.0,28426067.0,464353507.0,0.005132292454076372,002695
2022-07-11,11.84,11.99,11.75,11.89,3380222.0,40066882.0,464353507.0,0.007279415249468547,002695
2022-07-12,11.89,11.96,11.5,11.5,4695776.0,54761266.0,464353507.0,0.010112502499092787,002695
2022-07-13,11.45,11.57,11.33,11.41,3377803.0,38648124.0,464353507.0,0.007274205856272342,002695
2022-07-14,11.43,11.44,11.3,11.32,2514700.0,28545068.0,464353507.0,0.005415486180445709,002695
2022-07-15,11.3,11.39,11.07,11.07,3619059.0,40491232.0,464353507.0,0.007793758301474398,002695
2022-07-18,11.07,11.3,11.07,11.3,2522692.0,28309285.0,464353507.0,0.005432697205838052,002695
2022-07-19,11.3,11.49,11.22,11.36,4313318.0,48828461.0,464353507.0,0.009288867069975634,002695
2022-07-20,11.36,11.47,11.26,11.4,2743926.0,31266198.0,464353507.0,0.005909131639227611,002695
2022-07-21,11.37,11.44,11.3,11.3,2150236.0,24406750.0,464353507.0,0.0046306014008417945,002695
2022-07-22,11.29,11.37,11.08,11.2,2879900.0,32287873.0,464353507.0,0.006201955959385055,002695
2022-07-25,11.21,11.28,11.13,11.23,1534657.0,17212719.0,464353507.0,0.0033049325069488492,002695
2022-07-26,11.23,11.3,11.18,11.29,2121491.0,23845000.0,464353507.0,0.004568698131960054,002695
2022-07-27,11.27,11.32,11.18,11.19,2095100.0,23496960.0,464353507.0,0.004511864276713646,002695
2022-07-28,11.21,11.3,11.21,11.23,1966398.0,22128046.0,464353507.0,0.004234700439120405,002695
2022-07-29,11.21,11.29,11.13,11.17,2281700.0,25528762.0,464353507.0,0.004913713293006313,002695
2022-08-01,11.12,11.18,11.04,11.11,2088524.0,23198763.0,464353507.0,0.004497702652216644,002695
2022-08-02,11.05,11.05,10.66,10.72,4150426.0,44699320.0,464353507.0,0.008938073983362852,002695
2022-08-03,10.61,11.03,10.61,10.84,3416947.0,37137922.0,464353507.0,0.007358503701362161,002695
2022-08-04,10.82,11.12,10.78,10.9,2823400.0,30666852.0,464353507.0,0.006080281418010266,002695
2022-08-05,10.85,11.05,10.85,11.03,2053307.0,22531037.0,464353507.0,0.0044218617261352995,002695
2022-08-08,11.04,11.14,11.0,11.02,2016271.0,22275178.0,464353507.0,0.004342103525881199,002695
2022-08-09,11.08,11.09,10.88,10.97,2141277.0,23428797.0,464353507.0,0.004611307910289994,002695
2022-08-10,10.93,10.98,10.8,10.89,1916187.0,20830848.0,464353507.0,0.004126569458643068,002695
2022-08-11,10.96,11.1,10.91,11.1,2678336.0,29523916.0,464353507.0,0.0057678814946475684,002695
2022-08-12,11.13,11.14,11.03,11.13,2182239.0,24205419.0,464353507.0,0.004699520876020863,002695
2022-08-15,11.11,11.12,10.99,11.06,1794917.0,19838561.0,464353507.0,0.0038654106686869492,002695
2022-08-16,11.01,11.12,11.0,11.11,1575413.0,17463454.0,464353507.0,0.0033927018451483343,002695
2022-08-17,11.17,11.18,11.08,11.15,1511235.0,16825285.0,464353507.0,0.0032544924873368084,002695
2022-08-18,11.18,11.18,11.01,11.02,1979506.0,21873598.0,464353507.0,0.004262928932719356,002695
2022-08-19,11.0,11.12,10.96,11.0,2122000.0,23436700.0,464353507.0,0.004569794279598281,002695
2022-08-22,11.0,11.1,10.9,11.1,1792380.0,19798214.0,464353507.0,0.0038599471587494653,002695
2022-08-23,11.09,11.09,11.0,11.07,1462457.0,16142768.0,464353507.0,0.003149447517793809,002695
2022-08-24,11.07,11.27,10.84,10.88,3201429.0,35244930.0,464353507.0,0.006894378855202659,002695
2022-08-25,10.88,11.03,10.78,10.96,2271787.0,24796624.0,464353507.0,0.004892365333207228,002695
2022-08-26,10.92,11.23,10.92,11.14,3602772.0,40126889.0,464353507.0,0.007758683730582873,002695
2022-08-29,11.05,11.23,10.95,11.16,3400303.0,37799729.0,464353507.0,0.007322660319651683,002695
2022-08-30,11.17,11.27,11.06,11.27,3397621.0,37986932.0,464353507.0,0.007316884547616865,002695
2022-08-31,11.26,12.13,11.16,11.88,17860712.0,209305745.0,464353507.0,0.03846360957924239,002695
2022-09-01,11.76,12.3,11.6,11.98,15263073.0,181925379.0,464353507.0,0.032869511632653614,002695
2022-09-02,11.78,11.88,11.51,11.64,10414692.0,121378802.0,464353507.0,0.022428369427605076,002695
2022-09-05,11.55,11.8,11.35,11.8,8455596.0,97696695.0,464353507.0,0.01820939407700005,002695
2022-09-06,11.65,11.72,11.53,11.67,5459742.0,63402436.0,464353507.0,0.011757727502206633,002695
2022-09-07,11.65,11.69,11.44,11.56,4467266.0,51579039.0,464353507.0,0.0096203989690122,002695
2022-09-08,11.49,11.54,11.3,11.31,4707836.0,53574781.0,464353507.0,0.010138474091464114,002695
2022-09-09,11.28,11.44,11.21,11.34,3307909.0,37434783.0,464353507.0,0.007123686911230757,002695
2022-09-13,11.36,11.44,11.31,11.35,3233890.0,36799321.0,464353507.0,0.006964284647902961,002695
2022-09-14,11.22,11.3,11.17,11.23,3156183.0,35423917.0,464353507.0,0.006796940159644363,002695
2022-09-15,11.26,11.43,11.03,11.17,3912833.0,43977110.0,464353507.0,0.008426409924798952,002695
2022-09-16,11.13,11.23,10.77,10.77,4336571.0,47550365.0,464353507.0,0.009338943142729404,002695
2022-09-19,10.76,10.97,10.58,10.97,3497989.0,37682587.0,464353507.0,0.007533030217859429,002695
2022-09-20,10.98,11.23,10.9,11.2,4262407.0,47242257.0,464353507.0,0.009179228617304273,002695
2022-09-21,11.1,11.25,11.0,11.04,2646804.0,29301535.0,464353507.0,0.005699976332901907,002695
2022-09-22,11.01,11.14,10.86,10.86,2714681.0,29767728.0,464353507.0,0.005846151604492996,002695
2022-09-23,10.92,10.94,10.68,10.75,2240000.0,24234652.0,464353507.0,0.004823911020876601,002695
2022-09-26,10.74,10.84,10.4,10.41,2645401.0,28091331.0,464353507.0,0.005696954927918742,002695
2022-09-27,10.45,11.15,10.4,11.1,5909008.0,64281885.0,464353507.0,0.01272523607752143,002695
2022-09-28,11.01,11.2,10.96,10.96,4389581.0,48716167.0,464353507.0,0.00945310185845113,002695
2022-09-29,11.2,11.4,10.87,10.91,4332537.0,48272529.0,464353507.0,0.009330255795828414,002695
2022-09-30,10.96,11.09,10.84,10.85,2547158.0,27841933.0,464353507.0,0.005485385512550894,002695
2022-10-10,10.9,11.0,10.64,10.67,2321847.0,25099016.0,464353507.0,0.005000171130396997,002695
2022-10-11,10.78,10.82,10.52,10.72,2079661.0,22154137.0,464353507.0,0.004478615900708595,002695
2022-10-12,10.79,10.79,10.42,10.76,2882642.0,30587160.0,464353507.0,0.006207860943322218,002695
2022-10-13,10.75,10.94,10.59,10.88,2393673.0,25842033.0,464353507.0,0.005154850698694088,002695
2022-10-14,10.89,11.13,10.86,11.08,3103405.0,34315052.0,464353507.0,0.00668328106327837,002695
2022-10-17,11.06,11.15,11.0,11.09,3018521.0,33426092.0,464353507.0,0.0065004806779676155,002695
2022-10-18,11.07,11.15,10.94,10.98,3676129.0,40551196.0,464353507.0,0.007916660355921463,002695
2022-10-19,10.95,11.02,10.61,10.65,4496730.0,48250549.0,464353507.0,0.009683850627190375,002695
2022-10-20,10.57,10.75,10.57,10.6,2665461.0,28373057.0,464353507.0,0.005740154773936057,002695
2022-10-21,10.6,10.69,10.49,10.5,2973131.0,31397989.0,464353507.0,0.006402731873843692,002695
2022-10-24,10.55,10.6,10.1,10.15,5245879.0,53953336.0,464353507.0,0.011297166751020144,002695
2022-10-25,10.15,10.19,9.9,10.08,2801356.0,28162824.0,464353507.0,0.0060328089650887465,002695
2022-10-26,10.15,10.31,10.0,10.22,2981740.0,30472280.0,464353507.0,0.006421271628298481,002695
2022-10-27,10.22,10.32,10.18,10.27,2335761.0,23943297.0,464353507.0,0.005030135370550782,002695
2022-10-28,10.0,10.11,9.82,9.84,4428267.0,44004165.0,464353507.0,0.009536413386019717,002695
2022-10-31,9.72,9.88,9.58,9.63,3919567.0,38230166.0,464353507.0,0.008440911807305463,002695
2022-11-01,9.66,10.1,9.65,10.05,3914801.0,38723595.0,464353507.0,0.008430648075195866,002695
2022-11-02,10.04,10.5,10.01,10.31,4427948.0,45519663.0,464353507.0,0.009535726409405582,002695
2022-11-03,10.24,10.34,10.1,10.25,2386958.0,24389507.0,464353507.0,0.0051403897332899864,002695
2022-11-04,10.25,10.54,10.25,10.48,3972153.0,41437770.0,464353507.0,0.008554157425583953,002695
2022-11-07,10.46,10.6,10.43,10.57,3932700.0,41395504.0,464353507.0,0.008469194139197058,002695
2022-11-08,10.6,10.66,10.44,10.48,2285208.0,24009851.0,464353507.0,0.004921267882230079,002695
2022-11-09,10.53,10.56,10.4,10.49,1763600.0,18502331.0,464353507.0,0.0037979685162580243,002695
2022-11-10,10.4,10.75,10.4,10.67,2820734.0,29871711.0,464353507.0,0.006074540102482741,002695
2022-11-11,10.8,10.93,10.6,10.75,4683653.0,50580007.0,464353507.0,0.010086395234223998,002695
2022-11-14,10.75,10.96,10.75,10.83,4780884.0,51891928.0,464353507.0,0.010295785275505629,002695
2022-11-15,10.89,10.97,10.8,10.94,3211653.0,35055121.0,464353507.0,0.006916396563362232,002695
2022-11-16,10.94,11.18,10.88,11.1,4164100.0,46125388.0,464353507.0,0.008967521375907258,002695
2022-11-17,11.09,11.23,11.0,11.19,3625800.0,40470144.0,464353507.0,0.007808275258702848,002695
2022-11-18,11.19,11.32,11.05,11.05,3413980.0,38036374.0,464353507.0,0.007352114172791205,002695
2022-11-21,11.03,11.03,10.76,10.96,4057860.0,44131617.0,464353507.0,0.008738730167488539,002695
2022-11-22,11.03,11.15,10.74,10.8,2782809.0,30218070.0,464353507.0,0.005992867412542229,002695
2022-11-23,10.85,10.85,10.57,10.58,3342015.0,35570927.0,464353507.0,0.007197135263587015,002695
2022-11-24,10.63,10.75,10.55,10.63,1909175.0,20303694.0,464353507.0,0.004111468894322359,002695
2022-11-25,10.62,10.66,10.55,10.6,1509600.0,16015937.0,464353507.0,0.0032509714629979096,002695
2022-11-28,10.5,10.64,10.36,10.64,2539845.0,26719572.0,464353507.0,0.005469636735186755,002695
2022-11-29,10.74,11.0,10.65,10.98,4722900.0,51360940.0,464353507.0,0.01017091489307951,002695
2022-11-30,11.0,11.06,10.88,10.9,2675400.0,29324891.0,464353507.0,0.005761558725559491,002695
2022-12-01,11.26,11.99,11.26,11.99,14146616.0,166416840.0,464353507.0,0.03046518608504878,002695
2022-12-02,12.18,12.88,12.11,12.28,42100569.0,524462782.0,464353507.0,0.09066491017155169,002695
2022-12-05,12.15,12.74,12.14,12.65,29753236.0,372317907.0,464353507.0,0.06407453707461716,002695
2022-12-06,12.41,13.92,12.38,13.27,39265829.0,516250793.0,464353507.0,0.08456020770399823,002695
2022-12-07,12.83,13.15,12.69,13.06,25141216.0,324177917.0,464353507.0,0.054142405777071044,002695
2022-12-08,12.83,12.93,12.58,12.69,17043708.0,216623486.0,464353507.0,0.03670416556151906,002695
2022-12-09,12.69,12.87,12.38,12.61,16891771.0,212515314.0,464353507.0,0.03637696441474275,002695
2022-12-12,12.63,12.8,12.5,12.69,11364274.0,143794639.0,464353507.0,0.024473324371813134,002695
2022-12-13,12.48,13.01,12.48,12.79,18168769.0,232452065.0,464353507.0,0.03912702009592015,002695
2022-12-14,12.65,13.46,12.51,13.37,28383607.0,371462060.0,464353507.0,0.06112499759800458,002695
2022-12-15,13.16,13.23,12.71,12.72,17131720.0,221468756.0,464353507.0,0.036893702194005396,002695
2022-12-16,12.46,13.06,12.38,13.01,13625297.0,175124084.0,464353507.0,0.029342509089739684,002695
2022-12-19,12.99,13.15,12.63,12.85,9940360.0,127554161.0,464353507.0,0.021406880426553986,002695
2022-12-20,13.39,13.57,12.71,12.93,22330032.0,291513680.0,464353507.0,0.0480884319023782,002695
2022-12-21,13.4,14.22,13.37,14.22,28911915.0,407677372.0,464353507.0,0.06226272562640514,002695
2022-12-22,14.5,15.45,14.39,14.58,57245389.0,847690388.0,464353507.0,0.12327976021940543,002695
2022-12-23,14.36,14.5,13.6,13.82,32165336.0,449866842.0,464353507.0,0.06926907090205307,002695
2022-12-26,13.6,14.23,13.6,13.77,22889281.0,318523606.0,464353507.0,0.04929279235528634,002695
2022-12-27,13.69,13.82,13.16,13.8,20404455.0,275629474.0,464353507.0,0.04394164078101816,002695
2022-12-28,13.5,13.79,13.21,13.3,18623566.0,250948805.0,464353507.0,0.04010643985509945,002695
2022-12-29,13.16,13.56,12.63,13.33,20527959.0,269709585.0,464353507.0,0.04420761056080492,002695
2022-12-30,13.2,13.93,13.17,13.88,24108395.0,330300598.0,464353507.0,0.051918193007208194,002695
2023-01-03,13.8,13.8,13.36,13.73,17783077.0,240716339.0,464353507.0,0.03829642014526661,002695
2023-01-04,13.59,13.72,13.22,13.37,15043164.0,202068369.0,464353507.0,0.03239593062877417,002695
2023-01-05,13.13,13.36,12.9,13.13,13758523.0,180475121.0,464353507.0,0.029629415504769732,002695
2023-01-06,13.12,13.12,12.37,12.64,21181107.0,267732941.0,464353507.0,0.045614185487351126,002695
2023-01-09,12.66,13.5,12.64,13.25,18422912.0,241965870.0,464353507.0,0.03967432510421419,002695
2023-01-10,13.26,13.3,12.84,12.9,10216500.0,132341211.0,464353507.0,0.022001556671779374,002695
2023-01-11,12.87,12.93,12.61,12.65,7185927.0,91580927.0,464353507.0,0.015475121629694078,002695
2023-01-12,12.58,12.75,12.33,12.5,7844544.0,97984694.0,464353507.0,0.016893474221139026,002695
2023-01-13,12.53,12.73,12.46,12.6,6649396.0,83792539.0,464353507.0,0.014319685110077137,002695
2023-01-16,12.6,12.7,12.51,12.57,6582200.0,82775305.0,464353507.0,0.014174976393577662,002695
2023-01-17,12.59,12.59,12.29,12.32,5841845.0,72211146.0,464353507.0,0.012580598427568245,002695
2023-01-18,12.33,12.56,12.24,12.25,4329938.0,53592107.0,464353507.0,0.009324658766925174,002695
2023-01-19,12.25,12.4,12.17,12.35,3656565.0,44973898.0,464353507.0,0.0078745286616302,002695
2023-01-20,12.35,12.51,12.24,12.4,5250500.0,65041405.0,464353507.0,0.011307118221032409,002695
2023-01-30,12.45,12.72,12.45,12.68,8566160.0,107911100.0,464353507.0,0.018447497156514423,002695
2023-01-31,12.54,12.84,12.5,12.61,7220388.0,91424161.0,464353507.0,0.015549334485805876,002695
2023-02-01,12.68,12.68,12.42,12.57,7038401.0,88035316.0,464353507.0,0.015157419711271826,002695
2023-02-02,12.59,12.8,12.42,12.79,11364180.0,143584334.0,464353507.0,0.024473121939832792,002695
2023-02-03,12.7,12.72,12.4,12.67,8448732.0,106055727.0,464353507.0,0.01819461223537179,002695
2023-02-06,12.6,12.74,12.48,12.54,3908877.0,49196448.0,464353507.0,0.008417890553371011,002695
2023-02-07,12.5,12.58,12.3,12.4,5688200.0,70706353.0,464353507.0,0.01224971904863852,002695
2023-02-08,12.41,12.44,12.28,12.29,3435800.0,42426723.0,464353507.0,0.007399104234610637,002695
2023-02-09,12.28,12.5,12.23,12.5,4633400.0,57544160.0,464353507.0,0.00997817380541502,002695
2023-02-10,12.5,12.86,12.45,12.84,10626302.0,135029253.0,464353507.0,0.022884078271858514,002695
2023-02-13,12.93,13.58,12.87,13.33,16122929.0,214594805.0,464353507.0,0.03472123879103168,002695
2023-02-14,13.35,13.61,13.29,13.4,10706544.0,143726654.0,464353507.0,0.023056881962991185,002695
2023-02-15,13.35,13.47,13.14,13.26,8666037.0,115214568.0,464353507.0,0.018662585442689464,002695
2023-02-16,13.25,13.47,12.9,13.02,9314468.0,123300579.0,464353507.0,0.020059002160179657,002695
2023-02-17,13.07,13.7,13.03,13.41,15347634.0,206645579.0,464353507.0,0.03305161642722341,002695
2023-02-20,13.42,13.8,13.39,13.65,11672737.0,158688488.0,464353507.0,0.025137609222363428,002695
2023-02-21,13.65,13.73,13.36,13.47,8056521.0,108680828.0,464353507.0,0.017349973411528472,002695
2023-02-22,13.48,13.75,13.36,13.62,7957999.0,108543528.0,464353507.0,0.01713780316081472,002695
2023-02-23,13.56,13.72,13.34,13.4,6399316.0,86355266.0,464353507.0,0.013781129901103558,002695
2023-02-24,13.31,13.42,13.16,13.3,4457983.0,59210236.0,464353507.0,0.009600407734187738,002695
2023-02-27,13.29,13.53,13.06,13.43,5450662.0,72663944.0,464353507.0,0.011738173434318436,002695
2023-02-28,13.4,13.53,13.21,13.35,3082629.0,41140914.0,464353507.0,0.006638539288559739,002695
2023-03-01,13.35,13.35,13.17,13.31,3053900.0,40439655.0,464353507.0,0.0065766704761852915,002695
2023-03-02,13.3,13.39,13.23,13.3,3623670.0,48144132.0,464353507.0,0.007803688236169604,002695
2023-03-03,13.31,13.42,13.05,13.16,4042383.0,53336647.0,464353507.0,0.008705399957278669,002695
2023-03-06,13.15,13.54,13.08,13.54,6919393.0,92631502.0,464353507.0,0.01490113221003411,002695
2023-03-07,13.54,13.59,12.72,12.72,11283250.0,147007424.0,464353507.0,0.024298836618886568,002695
2023-03-08,12.68,12.85,12.59,12.66,4134000.0,52436928.0,464353507.0,0.008902700071564228,002695
2023-03-09,12.68,12.76,12.41,12.46,3301700.0,41377152.0,464353507.0,0.007110315632869765,002695
2023-03-10,12.42,12.46,12.27,12.34,3357248.0,41483999.0,464353507.0,0.007229940012060682,002695
2023-03-13,12.33,12.47,12.23,12.42,3027400.0,37435409.0,464353507.0,0.006519601885982956,002695
2023-03-14,12.48,12.49,12.03,12.07,4955700.0,60310309.0,464353507.0,0.010672257074177755,002695
2023-03-15,12.17,12.26,12.07,12.11,3067800.0,37286823.0,464353507.0,0.006606604566895195,002695
2023-03-16,12.1,12.14,11.93,11.95,3170300.0,38024467.0,464353507.0,0.006827341566734414,002695
2023-03-17,12.16,12.16,11.94,11.99,3461169.0,41553288.0,464353507.0,0.00745373718045377,002695
2023-03-20,11.95,12.12,11.75,12.03,4043620.0,48333867.0,464353507.0,0.00870806387599868,002695
2023-03-21,12.03,12.32,11.98,12.32,3503100.0,42741821.0,464353507.0,0.007544036918407509,002695
2023-03-22,12.37,12.44,12.22,12.25,2883113.0,35508473.0,464353507.0,0.006208875256755625,002695
2023-03-23,12.28,12.33,12.15,12.2,2236698.0,27328839.0,464353507.0,0.00481680005918422,002695
2023-03-24,12.21,12.44,12.18,12.26,2805129.0,34575403.0,464353507.0,0.006040934240214535,002695
2023-03-27,12.39,12.39,12.07,12.16,2966743.0,36133482.0,464353507.0,0.006388975113307371,002695
2023-03-28,12.16,12.32,12.08,12.21,2820187.0,34475902.0,464353507.0,0.006073362120639696,002695
2023-03-29,12.16,12.3,12.05,12.19,2427214.0,29465710.0,464353507.0,0.005227082305636598,002695
2023-03-30,12.19,12.37,12.03,12.36,3331468.0,40701913.0,464353507.0,0.007174421964686486,002695
2023-03-31,12.37,12.55,12.29,12.35,3841527.0,47662079.0,464353507.0,0.008272850192988852,002695
2023-04-03,12.36,12.39,12.16,12.18,3371642.0,41307900.0,464353507.0,0.007260937947433226,002695
2023-04-04,12.17,12.3,11.88,12.07,4699511.0,56600884.0,464353507.0,0.010120545940013758,002695
2023-04-06,12.09,12.09,11.83,11.99,3886100.0,46349262.0,464353507.0,0.008368839561709179,002695
2023-04-07,11.98,12.28,11.9,12.1,4181908.0,50684185.0,464353507.0,0.009005871468523226,002695
2023-04-10,12.04,12.19,11.92,11.96,2508700.0,30127029.0,464353507.0,0.005402564990211219,002695
2023-04-11,11.92,12.21,11.85,11.93,3066644.0,36723074.0,464353507.0,0.00660411508424335,002695
2023-04-12,11.91,11.98,11.78,11.81,2860738.0,33867354.0,464353507.0,0.006160689984839503,002695
2023-04-13,11.81,12.04,11.75,11.98,3237609.0,38694494.0,464353507.0,0.006972293632316639,002695
2023-04-14,11.94,12.08,11.85,11.95,2819477.0,33674360.0,464353507.0,0.0060718331131286146,002695
2023-04-17,12.0,12.19,11.93,12.05,3477148.0,41884804.0,464353507.0,0.007488148463579925,002695
2023-04-18,12.05,12.29,11.92,12.15,5050288.0,61290962.0,464353507.0,0.010875955331161093,002695
2023-04-19,12.15,12.15,11.75,11.79,6288171.0,74503730.0,464353507.0,0.013541775619668142,002695
2023-04-20,11.79,11.8,11.28,11.46,5036211.0,57665222.0,464353507.0,0.010845640065339272,002695
2023-04-21,11.54,12.18,11.51,11.59,6471004.0,76656293.0,464353507.0,0.013935512282025254,002695
2023-04-24,11.56,11.6,11.25,11.3,4522722.0,51397323.0,464353507.0,0.009739825223286189,002695
2023-04-25,11.3,11.47,11.11,11.35,3369372.0,37941858.0,464353507.0,0.007256049430461177,002695
2023-04-26,11.31,11.58,11.23,11.56,3003305.0,34407369.0,464353507.0,0.0064677125395329466,002695
2023-04-27,11.5,11.74,11.46,11.69,2778110.0,32295508.0,464353507.0,0.005982747967056917,002695
2023-04-28,11.68,12.1,11.6,11.95,4832924.0,57542417.0,464353507.0,0.01040785506547278,002695
2023-05-04,11.88,12.15,11.85,12.02,3169500.0,38088168.0,464353507.0,0.006825618741369816,002695
2023-05-05,11.99,12.23,11.95,12.16,4308766.0,52137057.0,464353507.0,0.009279064193651067,002695
2023-05-08,12.16,12.26,11.95,11.99,3116546.0,37565158.0,464353507.0,0.0067115806234236105,002695
2023-05-09,11.99,11.99,11.79,11.83,2545015.0,30204726.0,464353507.0,0.005480770494105475,002695
2023-05-10,11.74,11.92,11.7,11.78,2590600.0,30531332.0,464353507.0,0.005578939236912019,002695
2023-05-11,11.69,11.93,11.69,11.83,3447245.0,40852189.0,464353507.0,0.007423751404982928,002695
2023-05-12,11.83,11.95,11.67,11.68,3364654.0,39680223.0,464353507.0,0.007245889067873455,002695
2023-05-15,11.68,11.68,11.41,11.64,2974262.0,34322906.0,464353507.0,0.006405167518202894,002695
2023-05-16,11.6,11.68,11.51,11.55,1806000.0,20856519.0,464353507.0,0.0038892782605817596,002695
2023-05-17,11.55,11.56,11.3,11.39,3361379.0,38303780.0,464353507.0,0.007238836251537129,002695
2023-05-18,11.41,11.44,11.02,11.07,5953202.0,66415737.0,464353507.0,0.012820409257725278,002695
2023-05-19,11.13,11.6,10.89,11.58,7140735.0,80737731.0,464353507.0,0.015377799224847891,002695
2023-05-22,11.56,11.71,11.26,11.62,5281676.0,60785734.0,464353507.0,0.011374256725490823,002695
2023-05-23,11.62,11.73,11.46,11.5,2590952.0,29984483.0,464353507.0,0.0055796972800724425,002695
2023-05-24,11.42,11.52,11.13,11.21,3753339.0,42213007.0,464353507.0,0.008082934538922304,002695
2023-05-25,11.22,11.22,10.95,11.0,3325864.0,36701555.0,464353507.0,0.007162353573007472,002695
2023-05-26,11.09,11.12,10.89,11.02,2493766.0,27388177.0,464353507.0,0.0053704041477175704,002695
2023-05-29,11.07,11.11,10.77,10.83,3406213.0,37057313.0,464353507.0,0.0073353876920326565,002695
2023-05-30,10.83,10.87,10.63,10.83,2359933.0,25366784.0,464353507.0,0.005082190538942134,002695
2023-05-31,10.82,10.87,10.61,10.64,2623146.0,28080731.0,464353507.0,0.00564902807980731,002695
2023-06-01,10.64,10.92,10.63,10.81,2457100.0,26559173.0,464353507.0,0.005291442754194597,002695
2023-06-02,10.9,10.99,10.78,10.97,3004512.0,32818020.0,464353507.0,0.006470311852301785,002695
2023-06-05,10.96,10.99,10.87,10.92,1804790.0,19688196.0,464353507.0,0.003886672487217804,002695
2023-06-06,10.97,11.02,10.77,10.77,2324828.0,25293033.0,464353507.0,0.005006590808411833,002695
2023-06-07,10.78,10.91,10.76,10.9,1681628.0,18259518.0,464353507.0,0.0036214392152744096,002695
2023-06-08,10.9,10.95,10.76,10.88,2491934.0,27041145.0,464353507.0,0.0053664588776326395,002695
2023-06-09,10.83,10.88,10.59,10.62,4605094.0,49254181.0,464353507.0,0.009917215936952103,002695
2023-06-12,10.56,11.15,10.48,10.99,5364997.0,58172699.0,464353507.0,0.011553691140745493,002695
2023-06-13,11.01,11.06,10.92,11.02,2796050.0,30745854.0,464353507.0,0.006021382325858045,002695
2023-06-14,11.0,11.26,11.0,11.18,3343406.0,37352954.0,464353507.0,0.007200130826189711,002695
2023-06-15,11.19,11.21,11.04,11.2,2477200.0,27620563.0,464353507.0,0.0053347287414801416,002695
2023-06-16,11.2,11.3,11.09,11.16,2582450.0,28858937.0,464353507.0,0.005561387953510169,002695
2023-06-19,11.03,11.23,10.97,10.99,3282752.0,36210597.0,464353507.0,0.007069510514109243,002695
2023-06-20,11.06,11.09,10.81,10.83,3302532.0,36011542.0,464353507.0,0.007112107371248948,002695
2023-06-21,10.79,10.9,10.61,10.67,3264534.0,35160196.0,464353507.0,0.007030277473493917,002695
2023-06-26,10.57,10.8,10.4,10.47,4066400.0,42789673.0,464353507.0,0.00875712132825563,002695
2023-06-27,10.45,10.72,10.35,10.62,2806200.0,29782525.0,464353507.0,0.006043240672671392,002695
2023-06-28,10.6,10.74,10.45,10.72,2496700.0,26511599.0,464353507.0,0.005376722609742237,002695
2023-06-29,10.64,10.72,10.62,10.67,1828104.0,19500633.0,464353507.0,0.003936879925405624,002695
2023-06-30,10.63,10.8,10.63,10.69,2204558.0,23676320.0,464353507.0,0.004747585550161464,002695
2023-07-03,10.77,11.33,10.76,11.15,7205579.0,80096277.0,464353507.0,0.015517442834775446,002695
2023-07-04,11.13,11.18,11.0,11.13,2823100.0,31319853.0,464353507.0,0.0060796353584985415,002695
2023-07-05,11.12,11.12,10.92,10.99,2589300.0,28447634.0,464353507.0,0.005576139645694546,002695
2023-07-06,10.92,11.05,10.89,10.93,2231125.0,24452306.0,464353507.0,0.004804798426988084,002695
2023-07-07,10.94,11.21,10.86,11.08,2824704.0,31216367.0,464353507.0,0.006083089623354562,002695
2023-07-10,11.13,11.3,11.1,11.15,2233430.0,24916531.0,464353507.0,0.004809762317569834,002695
2023-07-11,11.18,11.22,11.08,11.14,1483700.0,16507041.0,464353507.0,0.0031951949918190238,002695
2023-07-12,11.19,11.19,11.03,11.05,1954300.0,21654394.0,464353507.0,0.00420864701254426,002695
2023-07-13,11.03,11.23,11.03,11.17,2728145.0,30479064.0,464353507.0,0.0058751467553791945,002695
2023-07-14,11.16,11.22,11.04,11.07,2305489.0,25626906.0,464353507.0,0.004964943658754364,002695
2023-07-17,11.09,11.18,10.85,11.16,2448273.0,27018834.0,464353507.0,0.005272433529827955,002695
2023-07-18,11.16,11.4,11.1,11.35,3531630.0,39865449.0,464353507.0,0.007605477177972514,002695
2023-07-19,11.33,11.5,11.28,11.38,2996908.0,34153426.0,464353507.0,0.006453936397211274,002695
2023-07-20,11.38,11.54,11.36,11.4,2899310.0,33169966.0,464353507.0,0.006243756009793633,002695
2023-07-21,11.32,11.79,11.32,11.57,5131187.0,59448660.0,464353507.0,0.01105017389262444,002695
2023-07-24,11.57,11.6,11.4,11.49,2820400.0,32381249.0,464353507.0,0.006073820822893021,002695
2023-07-25,11.58,11.66,11.48,11.63,3402438.0,39379195.0,464353507.0,0.007327258109843456,002695
2023-07-26,11.66,11.71,11.5,11.65,2920614.0,33945997.0,464353507.0,0.0062896348492528995,002695
2023-07-27,11.59,11.74,11.55,11.57,2483704.0,28845652.0,464353507.0,0.0053487353116943295,002695
2023-07-28,11.63,11.66,11.53,11.63,4271973.0,49599671.0,464353507.0,0.009199829301601462,002695
2023-07-31,11.68,11.85,11.6,11.78,3694100.0,43291830.0,464353507.0,0.00795536147420547,002695
2023-08-01,11.88,11.9,11.64,11.69,3223391.0,37795798.0,464353507.0,0.006941674718524307,002695
2023-08-02,11.7,11.79,11.62,11.73,3562499.0,41729846.0,464353507.0,0.0076719545481972636,002695
2023-08-03,11.67,11.93,11.65,11.92,4706309.0,55773693.0,464353507.0,0.010135185648549436,002695
2023-08-04,11.92,12.05,11.74,11.74,4001400.0,47348442.0,464353507.0,0.00861714176738198,002695
2023-08-07,11.7,11.77,11.55,11.58,3379900.0,39254909.0,464353507.0,0.007278721812259296,002695
2023-08-08,11.55,11.7,11.51,11.69,3411365.0,39630045.0,464353507.0,0.007346482687380673,002695
2023-08-09,11.67,11.75,11.52,11.58,2483300.0,28891008.0,464353507.0,0.005347865284885207,002695
2023-08-10,11.56,11.63,11.42,11.53,2806800.0,32222903.0,464353507.0,0.006044532791694842,002695
2023-08-11,11.55,11.61,11.25,11.27,2938527.0,33408326.0,464353507.0,0.006328211062697971,002695
2023-08-14,11.19,11.26,11.08,11.21,2714800.0,30361538.0,464353507.0,0.005846407874765981,002695
2023-08-15,11.18,11.28,11.05,11.14,2701600.0,30072804.0,464353507.0,0.005817981256250101,002695
2023-08-16,11.08,11.24,11.03,11.14,1786361.0,19913122.0,464353507.0,0.0038469850514125654,002695
2023-08-17,11.1,11.26,10.96,11.25,2591527.0,28905824.0,464353507.0,0.005580935560803248,002695
2023-08-18,11.28,11.35,11.05,11.06,2315575.0,25860034.0,464353507.0,0.004986664179538543,002695
2023-08-21,11.07,11.15,10.97,10.97,2074994.0,22930919.0,464353507.0,0.004468565368237867,002695
2023-08-22,10.98,11.07,10.78,10.92,2768444.0,30136195.0,464353507.0,0.005961931929589152,002695
2023-08-23,10.96,11.0,10.72,10.77,2135504.0,23107807.0,464353507.0,0.004598875571752708,002695
2023-08-24,10.75,11.07,10.7,11.03,2309000.0,25216210.0,464353507.0,0.004972504708573247,002695
2023-08-25,11.0,11.04,10.74,10.77,2716000.0,29521153.0,464353507.0,0.005848992112812879,002695
2023-08-28,11.27,11.36,10.9,10.93,3935474.0,43720450.0,464353507.0,0.008475168036148804,002695
2023-08-29,11.0,11.18,10.87,11.09,3408200.0,37596683.0,464353507.0,0.007339666759531979,002695
2023-08-30,11.1,11.17,10.97,11.04,2152400.0,23774345.0,464353507.0,0.004635261643453034,002695
2023-08-31,11.08,11.17,10.99,11.03,2678428.0,29611946.0,464353507.0,0.005768079619564497,002695
2023-09-01,11.15,11.62,11.06,11.48,8301228.0,94906143.0,464353507.0,0.017876957694647064,002695
2023-09-04,11.41,11.68,11.4,11.6,5446020.0,62998636.0,464353507.0,0.011728176740140352,002695
2023-09-05,11.65,11.68,11.45,11.51,3941888.0,45526813.0,464353507.0,0.008488980788509475,002695
2023-09-06,11.49,11.54,11.32,11.34,2877700.0,32804725.0,464353507.0,0.006197218189632409,002695
2023-09-07,11.43,11.43,11.1,11.11,3991700.0,44800728.0,464353507.0,0.008596252509836219,002695
2023-09-08,11.15,11.18,11.05,11.08,2551111.0,28327077.0,464353507.0,0.0054938984233837175,002695
2023-09-11,11.14,11.33,10.99,11.3,3643589.0,40798780.0,464353507.0,0.007846584434216408,002695
2023-09-12,11.27,11.42,11.27,11.34,2777600.0,31532533.0,464353507.0,0.005981649665886986,002695
2023-09-13,11.3,11.47,11.21,11.29,2843700.0,32250870.0,464353507.0,0.00612399811163696,002695
2023-09-14,11.17,11.27,11.06,11.15,2539300.0,28276219.0,464353507.0,0.005468463060407122,002695
2023-09-15,11.11,11.3,11.11,11.26,2717092.0,30492879.0,464353507.0,0.005851343769435556,002695
2023-09-18,11.22,11.4,10.98,11.37,3437700.0,38629045.0,464353507.0,0.0074031959448515585,002695
2023-09-19,11.28,11.38,11.23,11.26,1998300.0,22544639.0,464353507.0,0.0043034024075971926,002695
2023-09-20,11.28,11.5,11.24,11.34,3483300.0,39667526.0,464353507.0,0.00750139699063369,002695
2023-09-21,11.27,11.34,11.02,11.07,3747550.0,41708767.0,464353507.0,0.008070467743877726,002695
2023-09-22,11.08,11.32,11.0,11.3,3382700.0,37859877.0,464353507.0,0.007284751701035393,002695
2023-09-25,11.37,11.37,11.18,11.23,2253700.0,25331849.0,464353507.0,0.004853414405245356,002695
2023-09-26,11.2,11.28,11.09,11.12,2502423.0,27896842.0,464353507.0,0.005389047271694235,002695
2023-09-27,11.14,11.32,11.04,11.25,2411255.0,27061795.0,464353507.0,0.005192714093144557,002695
2023-09-28,11.33,11.38,11.22,11.28,2926800.0,33004038.0,464353507.0,0.006302956596384659,002695
2023-10-09,11.28,11.28,10.48,10.55,9436100.0,100735773.0,464353507.0,0.020320940528613256,002695
2023-10-10,10.62,10.72,10.48,10.53,3856500.0,40761161.0,464353507.0,0.008305095023219024,002695
2023-10-11,10.54,10.83,10.54,10.64,4972076.0,53197681.0,464353507.0,0.010707523309391093,002695
2023-10-12,10.73,10.83,10.64,10.7,2946895.0,31551727.0,464353507.0,0.006346231816011675,002695
2023-10-13,10.7,10.7,10.44,10.5,3030000.0,31814144.0,464353507.0,0.006525201068417903,002695
2023-10-16,10.58,10.58,10.45,10.52,2401745.0,25236431.0,464353507.0,0.005172234006622889,002695
2023-10-17,10.58,10.59,10.45,10.57,2342237.0,24623079.0,464353507.0,0.005044081641877209,002695
2023-10-18,10.57,10.57,10.36,10.38,2271375.0,23654710.0,464353507.0,0.00489147807814446,002695
2023-10-19,10.35,10.44,10.2,10.29,2371400.0,24526910.0,464353507.0,0.005106885087011952,002695
2023-10-20,10.29,10.42,10.22,10.31,2571868.0,26597785.0,464353507.0,0.0055385992809999385,002695
2023-10-23,10.21,10.42,10.13,10.21,3666136.0,37658563.0,464353507.0,0.007895140113585919,002695
2023-10-24,10.22,10.46,10.18,10.42,3138399.0,32477305.0,464353507.0,0.006758641751789332,002695
2023-10-25,10.43,10.6,10.43,10.56,2536759.0,26734742.0,464353507.0,0.005462990936342815,002695
2023-10-26,10.55,10.68,10.44,10.65,2685393.0,28316242.0,464353507.0,0.0057830789678950355,002695
2023-10-27,10.64,11.04,10.6,11.01,4967843.0,54197775.0,464353507.0,0.01069840740968066,002695
2023-10-30,10.96,11.25,10.93,11.08,4956450.0,55137799.0,464353507.0,0.010673872222957067,002695
2023-10-31,11.1,11.1,10.96,11.04,2775000.0,30592029.0,464353507.0,0.00597605048345204,002695
2023-11-01,11.14,11.2,10.99,11.14,3298156.0,36710960.0,464353507.0,0.007102683516504593,002695
2023-11-02,11.16,11.16,10.89,10.94,2540600.0,27833940.0,464353507.0,0.005471262651624595,002695
2023-11-03,11.03,11.07,10.87,11.04,2233293.0,24557750.0,464353507.0,0.004809467283726146,002695
2023-11-06,11.08,11.08,10.86,10.96,3369200.0,36869907.0,464353507.0,0.007255679023007788,002695
2023-11-07,10.96,11.03,10.86,10.93,2770200.0,30322807.0,464353507.0,0.005965713531264447,002695
2023-11-08,10.95,11.0,10.8,10.83,3162418.0,34379056.0,464353507.0,0.006810367429829705,002695
2023-11-09,10.93,10.95,10.8,10.83,3423190.0,37170433.0,464353507.0,0.007371948199801148,002695
2023-11-10,10.72,10.82,10.67,10.76,2390300.0,25693619.0,464353507.0,0.005147586836250598,002695
2023-11-13,10.78,10.83,10.67,10.79,2021400.0,21703748.0,464353507.0,0.004353148989999983,002695
2023-11-14,10.8,11.08,10.75,11.03,4901900.0,53693711.0,464353507.0,0.010556397068408488,002695
2023-11-15,11.01,11.7,10.95,11.28,9628482.0,108607646.0,464353507.0,0.020735241265228563,002695
2023-11-16,11.28,11.3,11.04,11.08,6744684.0,75106857.0,464353507.0,0.0145248908392545,002695
2023-11-17,11.08,11.15,10.89,11.01,4155837.0,45553676.0,464353507.0,0.008949726743422657,002695
2023-11-20,10.91,11.05,10.87,11.04,2883819.0,31627739.0,464353507.0,0.006210395650139883,002695
2023-11-21,11.03,11.12,10.98,11.06,3226700.0,35684249.0,464353507.0,0.006948800754938629,002695
2023-11-22,11.04,11.17,10.99,11.06,2765432.0,30640835.0,464353507.0,0.005955445492091438,002695
2023-11-23,11.06,11.09,10.97,11.08,2504343.0,27609424.0,464353507.0,0.0053931820525692726,002695
2023-11-24,11.08,11.26,11.0,11.23,5162934.0,57734129.0,464353507.0,0.011118542063686837,002695
2023-11-27,11.21,11.25,11.08,11.23,4535851.0,50664008.0,464353507.0,0.00976809894105096,002695
2023-11-28,11.2,11.36,11.09,11.32,4356100.0,49027166.0,464353507.0,0.009380999463410965,002695
2023-11-29,11.32,11.37,11.19,11.28,3672621.0,41389304.0,464353507.0,0.007909105766697698,002695
2023-11-30,11.21,11.4,11.18,11.39,4985624.0,56447593.0,464353507.0,0.010736699356940573,002695
2023-12-01,11.5,11.52,11.25,11.28,6476770.0,73702727.0,464353507.0,0.0139479295458406,002695
2023-12-04,11.3,11.3,11.11,11.22,4802916.0,53802312.0,464353507.0,0.01034323188604668,002695
2023-12-05,11.21,11.53,11.14,11.28,8927800.0,101597191.0,464353507.0,0.019226300362581304,002695
2023-12-06,11.28,11.52,11.15,11.35,6589400.0,74631654.0,464353507.0,0.014190481821859053,002695
2023-12-07,11.35,11.35,11.01,11.24,4855770.0,54226427.0,464353507.0,0.01045705465082231,002695
2023-12-08,11.26,11.29,10.99,11.0,5949900.0,66143144.0,464353507.0,0.012813298296032897,002695
2023-12-11,10.91,10.97,10.7,10.94,4826856.0,52385159.0,464353507.0,0.010394787435082297,002695
2023-12-12,10.91,11.1,10.9,11.01,3601900.0,39605102.0,464353507.0,0.0077568058509354595,002695
2023-12-13,11.01,11.02,10.79,10.8,3561457.0,38729632.0,464353507.0,0.007669710568159874,002695
2023-12-14,10.81,10.9,10.72,10.72,2534102.0,27319321.0,464353507.0,0.005457269002600642,002695
2023-12-15,10.72,10.82,10.67,10.7,2641114.0,28347340.0,464353507.0,0.005687722737496198,002695
2023-12-18,10.66,10.75,10.47,10.49,3097500.0,32749754.0,464353507.0,0.006670564458555925,002695
2023-12-19,10.52,10.6,10.47,10.58,2249138.0,23684560.0,464353507.0,0.004843589993603731,002695
2023-12-20,10.58,10.58,10.32,10.32,2380577.0,24860823.0,464353507.0,0.005126648047475606,002695
2023-12-21,10.3,10.44,10.17,10.41,2463205.0,25415395.0,464353507.0,0.005304590065258192,002695
2023-12-22,10.45,10.45,10.24,10.29,2430396.0,25119901.0,464353507.0,0.0052339348435242895,002695
2023-12-25,10.26,10.35,10.17,10.19,2716223.0,27761546.0,464353507.0,0.005849472350383261,002695
2023-12-26,10.23,10.29,10.03,10.05,2969794.0,30084129.0,464353507.0,0.00639554553854161,002695
2023-12-27,10.12,10.41,10.05,10.4,3665632.0,37607763.0,464353507.0,0.007894054733606222,002695
2023-12-28,10.4,10.53,10.28,10.45,3231476.0,33619365.0,464353507.0,0.006959086022365284,002695
2023-12-29,10.48,10.51,10.4,10.47,2400400.0,25132492.0,464353507.0,0.005169337506478658,002695
2024-01-02,10.48,10.52,10.35,10.47,2625260.0,27385359.0,464353507.0,0.005653580645833262,002695
2024-01-03,10.44,10.5,10.37,10.44,2269900.0,23674367.0,464353507.0,0.004888301618878481,002695
2024-01-04,10.48,10.48,10.32,10.36,2110800.0,21873991.0,464353507.0,0.004545674724493898,002695
2024-01-05,10.41,10.41,10.18,10.24,2097900.0,21594220.0,464353507.0,0.004517894165489741,002695
2024-01-08,10.23,10.23,9.84,9.85,4543400.0,45515361.0,464353507.0,0.009784355951897656,002695
2024-01-09,9.9,10.02,9.81,9.95,2181949.0,21637279.0,464353507.0,0.004698896351826196,002695
2024-01-10,9.95,10.16,9.83,10.12,3225700.0,32392430.0,464353507.0,0.00694664722323288,002695
2024-01-11,10.12,10.21,10.1,10.18,2785700.0,28305572.0,464353507.0,0.005999093272703549,002695
2024-01-12,10.18,10.39,10.13,10.22,2213644.0,22727710.0,464353507.0,0.004767152539239894,002695
2024-01-15,10.26,10.35,10.14,10.23,2586500.0,26458102.0,464353507.0,0.005570109756918451,002695
2024-01-16,10.22,10.28,10.07,10.24,2278140.0,23152661.0,464353507.0,0.004906046720133848,002695
2024-01-17,10.26,10.26,9.96,10.0,2068895.0,20919625.0,464353507.0,0.004455430978364507,002695
2024-01-18,9.99,9.99,9.33,9.64,7158600.0,68473726.0,464353507.0,0.015416272068771088,002695
2024-01-19,9.58,9.73,9.49,9.62,3318952.0,31966646.0,464353507.0,0.007147468361857338,002695
2024-01-22,9.56,9.62,8.9,9.01,4752190.0,44107148.0,464353507.0,0.010233991836740883,002695
2024-01-23,9.01,9.01,8.68,8.92,4228666.0,37460101.0,464353507.0,0.009106566304020612,002695
2024-01-24,8.93,9.17,8.77,9.15,3951040.0,35633255.0,464353507.0,0.008508689910680486,002695
2024-01-25,9.19,9.42,9.12,9.39,3237297.0,30100948.0,464353507.0,0.006971621730424446,002695
2024-01-26,9.37,9.54,9.3,9.37,2427797.0,22890986.0,464353507.0,0.005228337814621049,002695
2024-01-29,9.52,9.64,9.23,9.26,3805200.0,35779774.0,464353507.0,0.008194618846714127,002695
2024-01-30,9.19,9.2,8.88,8.94,3141092.0,28462037.0,464353507.0,0.006764441212672913,002695
2024-01-31,8.94,8.98,8.47,8.52,4074600.0,35357323.0,464353507.0,0.008774780288242768,002695
2024-02-01,8.57,8.77,8.38,8.65,5934337.0,51068755.0,464353507.0,0.012779782882096333,002695
2024-02-02,8.62,8.77,8.0,8.18,5591262.0,46814215.0,464353507.0,0.012040959992146672,002695
2024-02-05,8.18,8.18,7.36,7.4,6965416.0,52744570.0,464353507.0,0.015000244199727774,002695
2024-02-06,7.32,7.87,6.91,7.6,6224325.0,45635414.0,464353507.0,0.013404281234382925,002695
2024-02-07,7.68,7.74,7.32,7.38,6360173.0,47888910.0,464353507.0,0.013696834209545445,002695
2024-02-08,7.44,7.95,7.19,7.91,8360161.0,63128967.0,464353507.0,0.01800387177866194,002695
2024-02-19,7.98,8.27,7.98,8.1,6738588.0,54550271.0,464353507.0,0.014511762909976257,002695
2024-02-20,8.0,8.05,7.88,8.02,3599782.0,28687125.0,464353507.0,0.007752244670782685,002695
2024-02-21,7.94,8.4,7.91,8.2,4981300.0,40994751.0,464353507.0,0.010727387485844916,002695
2024-02-22,8.17,8.31,8.11,8.24,3361392.0,27552160.0,464353507.0,0.0072388642474493035,002695
2024-02-23,8.25,8.38,8.16,8.35,3282504.0,27119869.0,464353507.0,0.007068976438246217,002695
2024-02-26,8.33,8.57,8.27,8.39,3941366.0,33150002.0,464353507.0,0.008487856644959074,002695
2024-02-27,8.4,8.52,8.31,8.52,3528500.0,29864153.0,464353507.0,0.0075987366237335215,002695
2024-02-28,8.5,8.75,8.1,8.1,6393234.0,54061223.0,464353507.0,0.013768032121269196,002695
2024-02-29,8.01,8.27,7.94,8.25,3868146.0,31615925.0,464353507.0,0.008330175053464171,002695
2024-03-01,8.24,8.34,8.11,8.2,6182166.0,50630090.0,464353507.0,0.013313490491200274,002695
2024-03-04,8.23,8.24,8.05,8.14,3054300.0,24820319.0,464353507.0,0.006577531888867591,002695
2024-03-05,8.15,8.16,8.0,8.0,3151826.0,25324633.0,464353507.0,0.006787557222002417,002695
2024-03-06,8.04,8.06,7.92,7.97,3122748.0,24936025.0,464353507.0,0.006724936827062663,002695
2024-03-07,8.0,8.13,7.93,7.95,4194004.0,33642506.0,464353507.0,0.009031920588035959,002695
2024-03-08,7.98,7.99,7.79,7.96,3990246.0,31446875.0,464353507.0,0.00859312127473606,002695
2024-03-11,7.97,8.14,7.91,8.14,5434856.0,43760980.0,464353507.0,0.011704134712177376,002695
2024-03-12,8.21,8.46,8.2,8.44,7311330.0,60805442.0,464353507.0,0.015745180966190053,002695
2024-03-13,8.45,8.47,8.26,8.32,4711866.0,39255589.0,464353507.0,0.01014715282423828,002695
2024-03-14,8.27,8.39,8.14,8.24,3971800.0,32840576.0,464353507.0,0.008553397228891823,002695
2024-03-15,8.24,8.36,8.21,8.36,4360350.0,36145653.0,464353507.0,0.009390151973160397,002695
2024-03-18,8.35,8.41,8.26,8.4,4152252.0,34613250.0,464353507.0,0.008942006332257548,002695
2024-03-19,8.41,8.51,8.37,8.41,4484876.0,37853258.0,464353507.0,0.009658322662350432,002695
2024-03-20,8.41,8.53,8.36,8.53,4912047.0,41534535.0,464353507.0,0.010578248954626716,002695
2024-03-21,8.57,8.73,8.39,8.52,5544167.0,47259480.0,464353507.0,0.011939539416464449,002695
2024-03-22,8.5,8.51,8.22,8.24,6482143.0,53865714.0,464353507.0,0.013959500471695587,002695
2024-03-25,8.2,8.24,8.02,8.03,4630864.0,37604299.0,464353507.0,0.009972712449009241,002695
2024-03-26,8.06,8.17,7.97,8.13,4469831.0,36054278.0,464353507.0,0.009625922777837446,002695
2024-03-27,8.15,8.35,8.03,8.03,4694400.0,38485418.0,464353507.0,0.010109539239465677,002695
2024-03-28,8.0,8.17,7.96,8.1,4694953.0,37911512.0,464353507.0,0.010110730142498955,002695
2024-03-29,8.1,8.27,8.08,8.27,3725793.0,30439496.0,464353507.0,0.008023613354555757,002695
2024-04-01,8.3,8.38,8.18,8.38,5613720.0,46703789.0,464353507.0,0.012089324007194372,002695
2024-04-02,8.36,8.42,8.3,8.36,4250261.0,35542467.0,464353507.0,0.009153071821206251,002695
2024-04-03,8.37,8.49,8.29,8.45,5468640.0,45926949.0,464353507.0,0.011776889627324382,002695
2024-04-08,8.45,8.45,8.25,8.29,5330780.0,44392771.0,464353507.0,0.011480003746369897,002695
2024-04-09,8.28,8.44,8.19,8.43,4257046.0,35522098.0,464353507.0,0.009167683533829756,002695
2024-04-10,8.4,8.45,8.19,8.24,4311000.0,35811896.0,464353507.0,0.00928387518348171,002695
2024-04-11,8.17,8.36,8.08,8.28,3635200.0,30071058.0,464353507.0,0.007828518456736884,002695
2024-04-12,8.26,8.34,8.05,8.06,3837905.0,31285448.0,464353507.0,0.00826505010115063,002695
2024-04-15,8.04,8.08,7.56,7.65,7652734.0,59516685.0,464353507.0,0.01648040530465941,002695
2024-04-16,7.63,7.63,7.19,7.2,6807712.0,49897822.0,464353507.0,0.014660623635604414,002695
2024-04-17,7.27,7.65,7.26,7.65,5068447.0,38075627.0,464353507.0,0.01091506131340578,002695
2024-04-18,7.69,7.79,7.55,7.68,4187095.0,32212634.0,464353507.0,0.009017041837480944,002695
2024-04-19,7.67,7.68,7.49,7.62,2973500.0,22520461.0,464353507.0,0.006403526527043114,002695
2024-04-22,7.51,7.79,7.45,7.67,3451642.0,26399598.0,464353507.0,0.007433220483893104,002695
2024-04-23,7.69,7.84,7.63,7.79,3086414.0,23939918.0,464353507.0,0.006646690406065998,002695
2024-04-24,7.8,7.88,7.73,7.88,2882358.0,22534156.0,464353507.0,0.006207249340317785,002695
2024-04-25,7.88,7.91,7.8,7.84,2015808.0,15830601.0,464353507.0,0.004341106440701437,002695
2024-04-26,7.83,7.89,7.77,7.89,2441221.0,19130216.0,464353507.0,0.005257246824239017,002695
2024-04-29,7.94,8.19,7.91,8.19,3775908.0,30564806.0,464353507.0,0.008131537595989342,002695
2024-04-30,8.17,8.25,8.15,8.22,4647841.0,38150724.0,464353507.0,0.010009272956777733,002695
2024-05-06,8.15,8.26,8.13,8.19,4339508.0,35588115.0,464353507.0,0.009345268065349186,002695
2024-05-07,8.25,8.26,8.16,8.2,3175846.0,26050659.0,464353507.0,0.006839285053574496,002695
2024-05-08,8.22,8.22,8.08,8.09,3182900.0,25912111.0,464353507.0,0.006854476066226845,002695
2024-05-09,8.1,8.24,8.1,8.2,3334900.0,27354087.0,464353507.0,0.007181812885500615,002695
2024-05-10,8.2,8.27,8.13,8.14,2456000.0,20086247.0,464353507.0,0.005289073869318274,002695
2024-05-13,8.2,8.2,7.99,8.02,2947320.0,23740407.0,464353507.0,0.006347147066986618,002695
2024-05-14,7.9,8.17,7.9,8.13,3012818.0,24417641.0,464353507.0,0.006488199086649732,002695
2024-05-15,8.11,8.18,8.04,8.08,2186408.0,17684319.0,464353507.0,0.004708498949702129,002695
2024-05-16,8.07,8.14,8.03,8.09,2228605.0,18030990.0,464353507.0,0.004799371527089597,002695
2024-05-17,8.1,8.21,8.02,8.15,2662590.0,21590069.0,464353507.0,0.005733971984408852,002695
2024-05-20,8.19,8.3,8.18,8.22,3332799.0,27439594.0,464353507.0,0.007177288315386838,002695
2024-05-21,8.26,8.26,8.08,8.14,2803220.0,22788172.0,464353507.0,0.006036823148188261,002695
2024-05-22,8.15,8.17,8.05,8.09,2282700.0,18479702.0,464353507.0,0.004915866824712061,002695
2024-05-23,8.06,8.06,7.86,7.89,2997200.0,23810848.0,464353507.0,0.006454565228469353,002695
2024-05-24,7.9,8.0,7.84,7.88,2174325.0,17262214.0,464353507.0,0.00468247782610157,002695
2024-05-27,7.89,7.97,7.78,7.88,2231893.0,17500621.0,464353507.0,0.0048064523393380985,002695
2024-05-28,7.9,7.9,7.72,7.72,2285501.0,17793721.0,464353507.0,0.004921898867019863,002695
2024-05-29,7.71,7.85,7.67,7.75,1702100.0,13209909.0,464353507.0,0.003665526316354492,002695
2024-05-30,7.74,7.77,7.63,7.7,1630000.0,12551669.0,464353507.0,0.0035102566803700266,002695
2024-05-31,7.71,7.74,7.67,7.7,1429100.0,11004905.0,464353507.0,0.0030776121606851566,002695
2024-06-03,7.72,7.75,7.48,7.56,2400000.0,18167945.0,464353507.0,0.005168476093796359,002695
2024-06-04,7.55,7.56,7.44,7.51,2276600.0,17045835.0,464353507.0,0.004902730281306996,002695
2024-06-05,7.5,7.5,7.33,7.33,2921500.0,21643243.0,464353507.0,0.006291542878344192,002695
2024-06-06,7.39,7.39,6.92,6.98,6798800.0,47937212.0,464353507.0,0.014641431361042784,002695
2024-06-07,7.0,7.23,7.0,7.21,4015555.0,28705592.0,464353507.0,0.008647625008676848,002695
2024-06-11,7.21,7.21,7.06,7.16,2426762.0,17282501.0,464353507.0,0.0052261089093056,002695
2024-06-12,7.17,7.24,7.12,7.21,1658126.0,11941641.0,464353507.0,0.0035708269131259087,002695
2024-06-13,7.2,7.21,7.01,7.06,2194514.0,15553080.0,464353507.0,0.004725955477708926,002695
2024-06-14,7.08,7.1,6.95,7.09,2012100.0,14164693.0,464353507.0,0.004333121145136522,002695
2024-06-17,7.08,7.09,7.0,7.04,2083300.0,14665683.0,464353507.0,0.004486452602585814,002695
2024-06-18,7.04,7.07,6.96,6.98,2831200.0,19819721.0,464353507.0,0.0060970789653151045,002695
2024-06-19,6.99,7.01,6.88,6.94,2202568.0,15280303.0,464353507.0,0.004743300022067024,002695
2024-06-20,6.95,7.0,6.81,6.83,2416212.0,16624985.0,464353507.0,0.005203389149809953,002695
2024-06-21,6.8,6.89,6.77,6.82,2037450.0,13897328.0,464353507.0,0.0043877131738772465,002695
2024-06-24,6.8,6.8,6.52,6.55,2937750.0,19421863.0,464353507.0,0.006326537768562605,002695
2024-06-25,6.56,6.69,6.56,6.62,2525650.0,16729188.0,464353507.0,0.005439067352623656,002695
2024-06-26,6.62,6.81,6.57,6.77,2927260.0,19619602.0,464353507.0,0.0063039472209693035,002695
2024-06-27,6.78,6.81,6.61,6.63,2476400.0,16559199.0,464353507.0,0.005333005916115543,002695
2024-06-28,6.63,6.7,6.44,6.49,4540100.0,29915612.0,464353507.0,0.009777249297268687,002695
2024-07-01,6.5,6.64,6.43,6.56,3808529.0,24783601.0,464353507.0,0.008201787953762562,002695
2024-07-02,6.58,6.72,6.51,6.64,2813730.0,18679441.0,464353507.0,0.006059456766415678,002695
2024-07-03,6.63,6.82,6.61,6.72,3260964.0,21992090.0,464353507.0,0.007022589365304395,002695
2024-07-04,6.71,6.72,6.45,6.46,2567068.0,16786651.0,464353507.0,0.005528262328812346,002695
2024-07-05,6.42,6.52,6.37,6.48,2097138.0,13532605.0,464353507.0,0.0045162531743299615,002695
2024-07-08,6.48,6.48,6.25,6.26,3305169.0,20832751.0,464353507.0,0.007117786234357007,002695
2024-07-09,6.26,6.33,6.06,6.22,3984085.0,24675620.0,464353507.0,0.008579853365896943,002695
2024-07-10,6.2,6.32,6.14,6.27,3202284.0,20025544.0,464353507.0,0.0068962201248110745,002695
2024-07-11,6.35,6.53,6.35,6.51,3206900.0,20725761.0,464353507.0,0.0069061608271648095,002695
2024-07-12,6.5,6.56,6.45,6.49,1651400.0,10728468.0,464353507.0,0.003556342258873044,002695
2024-07-15,6.49,6.52,6.35,6.38,2323585.0,14864602.0,464353507.0,0.005003913968501588,002695
2024-07-16,6.38,6.39,6.29,6.32,1933000.0,12234913.0,464353507.0,0.004162776787211817,002695
2024-07-17,6.32,6.39,6.27,6.34,2878100.0,18234702.0,464353507.0,0.006198079602314708,002695
2024-07-18,6.28,6.34,6.19,6.32,2425400.0,15197960.0,464353507.0,0.00522317579912237,002695
2024-07-19,6.33,6.35,6.22,6.32,1888900.0,11885502.0,464353507.0,0.004067806038988309,002695
2024-07-22,6.34,6.34,6.21,6.25,2484900.0,15551673.0,464353507.0,0.005351310935614404,002695
2024-07-23,6.24,6.28,6.09,6.09,3119266.0,19239870.0,464353507.0,0.006717438229663247,002695
2024-07-24,6.07,6.12,5.94,5.97,2943024.0,17637037.0,464353507.0,0.006337895494778723,002695
2024-07-25,5.96,6.13,5.92,6.08,2533124.0,15291359.0,464353507.0,0.00545516284859242,002695
2024-07-26,6.14,6.19,6.09,6.15,1515700.0,9307189.0,464353507.0,0.0032641080064029753,002695
2024-07-29,6.16,6.2,6.05,6.1,2219086.0,13595628.0,464353507.0,0.004778872058782578,002695
2024-07-30,6.09,6.19,6.06,6.17,1852100.0,11399909.0,464353507.0,0.0039885560722167646,002695
2024-07-31,6.19,6.38,6.17,6.38,3452170.0,21806022.0,464353507.0,0.007434357548633739,002695
2024-08-01,6.39,6.42,6.29,6.32,2767499.0,17560751.0,464353507.0,0.0059598968421272205,002695
2024-08-02,6.3,6.4,6.24,6.32,2472400.0,15681925.0,464353507.0,0.005324391789292548,002695
2024-08-05,6.31,6.43,6.23,6.24,2793400.0,17707161.0,464353507.0,0.006015675466837811,002695
2024-08-06,6.28,6.42,6.28,6.41,2764300.0,17608885.0,464353507.0,0.005953007694200531,002695
2024-08-07,6.45,6.85,6.31,6.66,5970108.0,38832686.0,464353507.0,0.012856816864742663,002695
2024-08-08,6.53,7.33,6.46,7.33,17325682.0,120619492.0,464353507.0,0.03731140551071578,002695
2024-08-09,7.43,7.6,6.91,7.04,23439218.0,168594135.0,464353507.0,0.05047709912095054,002695
2024-08-12,6.92,6.96,6.73,6.87,10599247.0,72512811.0,464353507.0,0.02282581447155949,002695
2024-08-13,6.83,6.87,6.66,6.76,7499647.0,50473492.0,464353507.0,0.016150727596421492,002695
2024-08-14,6.78,6.79,6.66,6.71,5738200.0,38453273.0,464353507.0,0.012357395633925943,002695
2024-08-15,6.76,6.79,6.66,6.75,7085201.0,47636263.0,464353507.0,0.015258204995100855,002695
2024-08-16,6.7,6.71,6.51,6.54,7354212.0,48312016.0,464353507.0,0.01583752871279596,002695
2024-08-19,6.54,6.6,6.48,6.59,4571901.0,29949753.0,464353507.0,0.009845733759043193,002695
2024-08-20,6.6,6.83,6.28,6.31,8867301.0,57769321.0,464353507.0,0.019096013847915226,002695
2024-08-21,6.28,6.36,6.24,6.28,4876700.0,30670374.0,464353507.0,0.010502128069423626,002695
2024-08-22,6.28,6.35,6.17,6.2,3849700.0,23978318.0,464353507.0,0.008290451007619933,002695
2024-08-23,6.13,6.25,6.13,6.2,2081500.0,12894371.0,464353507.0,0.004482576245515467,002695
2024-08-26,6.16,6.3,6.15,6.27,2295400.0,14334728.0,464353507.0,0.004943216677375067,002695
2024-08-27,6.24,6.31,6.18,6.23,2946100.0,18416157.0,464353507.0,0.006344519758305605,002695
2024-08-28,6.23,6.31,6.11,6.3,2930732.0,18295059.0,464353507.0,0.006311424283051662,002695
2024-08-29,6.27,6.36,6.23,6.33,2833100.0,17848251.0,464353507.0,0.006101170675556026,002695
2024-08-30,6.35,6.55,6.28,6.45,5713900.0,36769943.0,464353507.0,0.012305064813476256,002695
2024-09-02,6.41,6.46,6.29,6.29,2937800.0,18735049.0,464353507.0,0.006326645445147892,002695
2024-09-03,6.3,6.43,6.26,6.39,2792891.0,17804532.0,464353507.0,0.006014579319199586,002695
2024-09-04,6.38,6.41,6.27,6.29,2598691.0,16445361.0,464353507.0,0.00559636346194323,002695
2024-09-05,6.32,6.51,6.28,6.44,3240530.0,20783512.0,464353507.0,0.006978584098429131,002695
2024-09-06,6.4,6.47,6.36,6.38,2481200.0,15867824.0,464353507.0,0.005343342868303135,002695
2024-09-09,6.51,6.51,6.22,6.37,4695400.0,29865853.0,464353507.0,0.010111692771171426,002695
2024-09-10,6.34,6.39,6.21,6.34,3394816.0,21351307.0,464353507.0,0.007310843891182241,002695
2024-09-11,6.34,6.36,6.2,6.24,2496000.0,15651004.0,464353507.0,0.005375215137548212,002695
2024-09-12,6.23,6.31,6.16,6.16,2697500.0,16802313.0,464353507.0,0.005809151776256532,002695
2024-09-13,6.15,6.18,6.07,6.07,2580200.0,15762921.0,464353507.0,0.005556542507172235,002695
2024-09-18,6.08,6.1,5.88,5.97,2674759.0,15938499.0,464353507.0,0.005760178311736106,002695
2024-09-19,6.02,6.35,6.02,6.32,6199500.0,38727384.0,464353507.0,0.013350819809787718,002695
2024-09-20,6.31,6.32,6.23,6.29,2901700.0,18214101.0,464353507.0,0.006248902950570372,002695
2024-09-23,6.3,6.32,6.21,6.25,2222620.0,13900956.0,464353507.0,0.004786482639830693,002695
2024-09-24,6.3,6.49,6.3,6.49,4425100.0,28289000.0,464353507.0,0.00952959315110761,002695
2024-09-25,6.56,6.65,6.5,6.56,5352100.0,35279233.0,464353507.0,0.011525917042336454,002695
2024-09-26,6.57,6.99,6.55,6.99,7102074.0,48161649.0,464353507.0,0.01529454153557195,002695
2024-09-27,7.08,7.34,7.03,7.2,9241200.0,66222361.0,464353507.0,0.01990121719916288,002695
2024-09-30,7.48,7.9,7.3,7.82,17513750.0,133494872.0,464353507.0,0.03771641591155249,002695
2024-10-08,8.6,8.6,7.4,7.96,19589076.0,157707615.0,464353507.0,0.04218569625231666,002695
2024-10-09,7.94,7.94,7.19,7.2,12698396.0,94514151.0,464353507.0,0.02734639839814971,002695
2024-10-10,7.3,7.55,7.25,7.33,7693398.0,57032574.0,464353507.0,0.016567976517941965,002695
2024-10-11,7.34,7.44,7.05,7.15,5303300.0,38301713.0,464353507.0,0.011420824695095928,002695
2024-10-14,7.2,7.27,7.06,7.24,4516499.0,32479673.0,464353507.0,0.009726423795481316,002695
2024-10-15,7.2,7.25,7.08,7.09,4262005.0,30474290.0,464353507.0,0.009178362897558561,002695
2024-10-16,6.98,7.17,6.98,7.1,3594335.0,25500712.0,464353507.0,0.0077405143835814726,002695
2024-10-17,7.14,7.24,7.02,7.04,4735841.0,33761780.0,464353507.0,0.0101987837468836,002695
2024-10-18,7.03,7.21,6.96,7.13,7069164.0,49998602.0,464353507.0,0.015223668807135767,002695
2024-10-21,7.23,7.23,7.06,7.17,7393450.0,52795301.0,464353507.0,0.01592202898986612,002695
2024-10-22,7.13,7.4,7.13,7.4,8517550.0,62090629.0,464353507.0,0.018342813980297988,002695
2024-10-23,7.45,7.49,7.36,7.42,6006602.0,44577512.0,464353507.0,0.012935407850812248,002695
2024-10-24,7.41,7.48,7.33,7.43,4564300.0,33831411.0,464353507.0,0.0098293647645478,002695
2024-10-25,7.41,7.46,7.38,7.43,5300989.0,39347919.0,464353507.0,0.011415847883323943,002695
2024-10-28,7.42,7.65,7.4,7.65,6340609.0,48005466.0,464353507.0,0.01365470251525418,002695
2024-10-29,7.68,7.75,7.42,7.44,6328200.0,47695235.0,464353507.0,0.013627979340317549,002695
2024-10-30,7.37,7.53,7.36,7.45,4862480.0,36235513.0,464353507.0,0.010471504848567882,002695
2024-10-31,7.45,7.57,7.42,7.48,5435900.0,40744369.0,464353507.0,0.011706382999278177,002695
2024-11-01,7.47,7.88,7.31,7.54,11036933.0,83203853.0,464353507.0,0.023768385149721717,002695
2024-11-04,7.58,8.16,7.45,8.02,19267040.0,150079051.0,464353507.0,0.041492181515924244,002695
2024-11-05,7.88,8.11,7.8,8.01,16022155.0,127491963.0,464353507.0,0.034504218786916584,002695
2024-11-06,8.03,8.3,7.95,8.24,17386240.0,142126187.0,464353507.0,0.0374418190837525,002695
2024-11-07,8.33,8.72,8.24,8.49,22431340.0,190462582.0,464353507.0,0.04830660189242417,002695
2024-11-08,8.45,8.55,8.18,8.25,16964310.0,140917979.0,464353507.0,0.03653317945114604,002695
2024-11-11,8.21,8.27,8.1,8.22,8956802.0,73213822.0,464353507.0,0.01928875708911142,002695
2024-11-12,8.26,8.32,8.1,8.17,7360207.0,60439611.0,464353507.0,0.015850439135371923,002695
2024-11-13,8.14,8.18,7.9,8.11,7520229.0,60444220.0,464353507.0,0.016195051585989207,002695
2024-11-14,8.05,8.1,7.91,7.94,5787805.0,46300736.0,464353507.0,0.012464221574189596,002695
2024-11-15,7.94,8.03,7.83,7.84,4457300.0,35352743.0,464353507.0,0.009598936872032712,002695
2024-11-18,7.85,7.93,7.67,7.7,5284200.0,41107565.0,464353507.0,0.011379692239516133,002695
2024-11-19,7.75,7.82,7.65,7.81,4196106.0,32502984.0,464353507.0,0.009036447311681442,002695
2024-11-20,7.79,7.93,7.75,7.88,4349430.0,34088237.0,464353507.0,0.009366635406933624,002695
2024-11-21,7.88,8.02,7.82,7.95,5584905.0,44201273.0,464353507.0,0.01202726999109323,002695
2024-11-22,7.9,7.96,7.6,7.6,5094200.0,39680554.0,464353507.0,0.01097052121542392,002695
2024-11-25,7.61,7.87,7.59,7.81,5443800.0,42243257.0,464353507.0,0.01172339589975359,002695
2024-11-26,7.8,8.1,7.78,8.08,10308000.0,82678379.0,464353507.0,0.02219860482285536,002695
2024-11-27,8.17,8.22,7.77,8.15,10664768.0,85386471.0,464353507.0,0.022966916022451836,002695
2024-11-28,8.1,8.5,8.09,8.32,13991956.0,116131860.0,464353507.0,0.030132120871437715,002695
2024-11-29,8.37,9.15,8.33,9.15,25382138.0,223415208.0,464353507.0,0.054661238942683384,002695
2024-12-02,9.62,10.07,9.45,10.05,66544425.0,653775103.0,464353507.0,0.14330552907830196,002695
2024-12-03,9.96,9.96,9.27,9.32,41455212.0,394432563.0,464353507.0,0.08927511341052496,002695
2024-12-04,8.95,10.25,8.88,10.25,28942659.0,285815623.0,464353507.0,0.06232893380516667,002695
2024-12-05,11.28,11.28,10.02,10.1,63847954.0,678554345.0,464353507.0,0.13749859328617065,002695
2024-12-06,9.81,10.11,9.39,9.51,41461337.0,399810216.0,464353507.0,0.08928830379222268,002695
2024-12-09,9.46,9.7,9.37,9.45,28008496.0,266431512.0,464353507.0,0.06031718416632956,002695
2024-12-10,9.7,10.4,9.58,10.4,25444257.0,258149096.0,464353507.0,0.05479501417871277,002695
2024-12-11,10.5,11.44,10.23,11.08,69080160.0,762188641.0,464353507.0,0.14876631479817812,002695
2024-12-12,10.55,12.19,10.4,11.77,64481420.0,716847386.0,464353507.0,0.13886278240168431,002695
2024-12-13,11.22,11.58,11.0,11.01,41673216.0,467009141.0,464353507.0,0.08974459193650496,002695
2024-12-16,10.79,11.26,10.5,10.73,28708053.0,311744744.0,464353507.0,0.06182370234580785,002695
2024-12-17,10.61,10.7,9.84,9.88,26817897.0,270709186.0,464353507.0,0.05775319147099712,002695
2024-12-18,9.92,9.99,9.66,9.78,14442138.0,141119986.0,464353507.0,0.03110160208179498,002695
2024-12-19,9.31,9.36,8.93,9.15,24926528.0,227049339.0,464353507.0,0.053680068362227315,002695
2024-12-20,9.21,9.63,9.21,9.34,20832948.0,195996050.0,464353507.0,0.04486441404220944,002695
2024-12-23,9.31,9.35,8.63,8.69,18026055.0,160612776.0,464353507.0,0.038819680972065965,002695
2024-12-24,8.69,9.06,8.52,8.96,14729300.0,130010452.0,464353507.0,0.03172001455348113,002695
2024-12-25,8.92,8.95,8.52,8.76,12026255.0,104762583.0,464353507.0,0.025898921443916218,002695
2024-12-26,8.75,9.15,8.68,8.89,10152780.0,90243912.0,464353507.0,0.02186433363148908,002695
2024-12-27,8.93,9.07,8.75,8.96,12055520.0,107763286.0,464353507.0,0.025961944549284948,002695
2024-12-30,8.94,8.94,8.56,8.65,9106777.0,78907969.0,464353507.0,0.01961173300668105,002695
2024-12-31,8.64,8.79,8.52,8.53,9116340.0,78862327.0,466233707.0,0.01955315513041617,002695
