日期,开盘,最高,最低,收盘,成交量,成交额,outstanding_share,换手率,股票代码
2020-01-02,17.88,18.37,17.82,18.27,13358699.0,242342558.0,820335960.0,0.016284424493594064,002607
2020-01-03,18.31,18.65,18.18,18.4,13510459.0,249593321.0,820335960.0,0.016469421869547203,002607
2020-01-06,18.48,18.6,17.79,17.95,16705173.0,303732936.0,820335960.0,0.020363818989478408,002607
2020-01-07,17.97,18.1,17.82,18.04,8658526.0,155693087.0,820335960.0,0.010554853648010261,002607
2020-01-08,17.95,18.09,17.7,17.78,6200909.0,111013476.0,820335960.0,0.007558987173986619,002607
2020-01-09,18.0,18.6,17.96,18.6,13362001.0,245890246.0,820335960.0,0.016288449673716607,002607
2020-01-10,18.89,19.27,18.64,19.1,15168207.0,288262848.0,820335960.0,0.01849023782890122,002607
2020-01-13,19.05,19.07,18.46,18.71,12383565.0,231189398.0,820335960.0,0.015095723708125631,002607
2020-01-14,18.72,18.8,18.4,18.52,7592172.0,141184462.0,820335960.0,0.009254954518877851,002607
2020-01-15,18.53,18.7,18.31,18.55,7008004.0,129726209.0,820335960.0,0.008542846274835984,002607
2020-01-16,18.59,18.85,18.43,18.6,8438375.0,157600472.0,820335960.0,0.010286486770615298,002607
2020-01-17,18.74,18.79,18.31,18.38,6100428.0,112898880.0,820335960.0,0.0074364995531830645,002607
2020-01-20,18.4,18.61,17.71,18.48,12565301.0,227849697.0,820335960.0,0.015317262210472889,002607
2020-01-21,18.36,18.6,17.79,17.86,9548295.0,172445899.0,820335960.0,0.011639493409505052,002607
2020-01-22,17.93,18.13,16.82,17.65,18398821.0,321928149.0,820335960.0,0.022428397506797093,002607
2020-01-23,17.79,17.9,16.2,16.76,17457636.0,297035497.0,820335960.0,0.021281080985405054,002607
2020-02-03,15.08,15.08,15.08,15.08,7419300.0,111883044.0,820335960.0,0.009044221345605768,002607
2020-02-04,14.42,16.59,14.42,16.59,24853776.0,403199992.0,820335960.0,0.030297069995566205,002607
2020-02-05,17.1,17.45,16.5,16.75,27391096.0,462962931.0,820335960.0,0.03339009544333519,002607
2020-02-06,16.8,18.43,16.79,18.0,35308328.0,627509035.0,820335960.0,0.04304130224889812,002607
2020-02-07,18.24,18.4,17.1,17.33,27320043.0,481147493.0,820335960.0,0.0333034809299351,002607
2020-02-10,17.39,17.69,17.0,17.41,15262999.0,262660312.0,820335960.0,0.01860579048613205,002607
2020-02-11,17.45,17.79,17.0,17.6,18391131.0,319363298.0,820335960.0,0.022419023298698257,002607
2020-02-12,17.45,17.65,17.21,17.49,13231998.0,230640707.0,820335960.0,0.016129974358310466,002607
2020-02-13,17.49,17.7,17.25,17.42,13786141.0,241027758.0,820335960.0,0.016805481744333137,002607
2020-02-14,17.39,17.6,17.25,17.37,8232664.0,143457094.0,820335960.0,0.010035722437426734,002607
2020-02-17,17.5,17.85,17.37,17.79,17567353.0,309559320.0,820335960.0,0.021414827408029267,002607
2020-02-18,17.9,19.03,17.85,18.91,27531141.0,510825683.0,820335960.0,0.03356081208484387,002607
2020-02-19,18.68,20.45,18.54,19.72,24404600.0,480196531.0,820335960.0,0.029749518721573536,002607
2020-02-20,19.88,20.05,19.2,19.8,15746313.0,308775906.0,820335960.0,0.01919495641761212,002607
2020-02-21,19.84,19.99,19.5,19.76,10290192.0,203669566.0,820335960.0,0.012543875316644658,002607
2020-02-24,19.74,20.24,19.52,19.69,12334737.0,244101629.0,820335960.0,0.01503620175324266,002607
2020-02-25,19.3,19.81,19.1,19.64,12801201.0,249635334.0,820335960.0,0.015604827319772743,002607
2020-02-26,20.11,21.25,20.0,20.21,22392902.0,459945844.0,820335960.0,0.02729723319699407,002607
2020-02-27,20.8,20.8,19.87,20.29,16367750.0,333027113.0,820335960.0,0.019952496048082545,002607
2020-02-28,19.99,21.2,19.83,21.0,21879695.0,451683280.0,820335960.0,0.026671627317178682,002607
2020-03-02,21.0,22.03,20.7,21.89,20060302.0,433131413.0,820335960.0,0.024453764040771785,002607
2020-03-03,22.03,22.73,21.61,22.38,19037071.0,420656500.0,820335960.0,0.023206432398745508,002607
2020-03-04,22.08,23.08,22.05,22.33,17106393.0,385380693.0,820335960.0,0.020852911287711925,002607
2020-03-05,22.41,22.65,22.06,22.55,9634674.0,215676392.0,820335960.0,0.011744790512413963,002607
2020-03-06,22.22,23.15,22.13,22.58,7359982.0,165907486.0,820335960.0,0.008971911946905265,002607
2020-03-09,22.31,22.32,21.25,21.4,16811956.0,365240387.0,820335960.0,0.020493988828674536,002607
2020-03-10,21.0,23.17,21.0,22.71,29540133.0,667342183.0,820335960.0,0.036009798960903776,002607
2020-03-11,22.84,23.15,22.33,22.5,13787630.0,312739277.0,820335960.0,0.01680729685432783,002607
2020-03-12,22.0,22.4,21.6,22.06,9238545.0,202885326.0,820335960.0,0.01126190420812468,002607
2020-03-13,21.35,22.75,21.02,22.54,18526265.0,409996688.0,820335960.0,0.0225837533685589,002607
2020-03-16,22.7,23.08,21.77,21.77,17141112.0,383453411.0,820335960.0,0.02089523419161096,002607
2020-03-17,21.75,22.42,21.2,22.13,12560749.0,274593052.0,820335960.0,0.015311713264404501,002607
2020-03-18,22.34,23.58,22.04,22.5,20470178.0,470679222.0,820335960.0,0.02495340811342709,002607
2020-03-19,22.78,23.19,21.7,23.14,16520722.0,371487647.0,820335960.0,0.020138970867496775,002607
2020-03-20,23.02,24.47,22.9,24.02,18988469.0,454098448.0,820335960.0,0.023147185940745545,002607
2020-03-23,23.66,24.47,23.4,23.51,16997728.0,404735624.0,820335960.0,0.020720447266507735,002607
2020-03-24,23.66,23.96,21.9,22.5,22263719.0,505859471.0,820335960.0,0.027139757472048404,002607
2020-03-25,22.5,23.63,22.5,23.26,12502699.0,289908565.0,820335960.0,0.015240949573879463,002607
2020-03-26,22.8,23.6,22.65,23.27,7687169.0,178670147.0,820335960.0,0.009370757073723795,002607
2020-03-27,23.48,23.85,22.87,23.08,6765918.0,156880286.0,820335960.0,0.008247740352623333,002607
2020-03-30,22.15,22.98,21.86,22.0,11031339.0,244439105.0,820335960.0,0.013447342964216758,002607
2020-03-31,22.21,22.92,22.02,22.77,12886311.0,290047681.0,820335960.0,0.015708577495493432,002607
2020-04-01,22.77,22.8,22.0,22.1,8870076.0,197718538.0,820335960.0,0.010812735796685055,002607
2020-04-02,22.0,22.26,20.52,21.52,26488735.0,564049793.0,820335960.0,0.03229010587320834,002607
2020-04-03,21.58,22.48,21.58,21.89,13106812.0,289421595.0,820335960.0,0.01597737102735323,002607
2020-04-07,22.05,22.87,21.96,22.7,12012088.0,269718710.0,820335960.0,0.014642888506313925,002607
2020-04-08,22.36,22.65,21.91,22.06,11980471.0,265444161.0,820335960.0,0.014604346979986102,002607
2020-04-09,22.35,23.2,22.06,23.01,9793870.0,223290408.0,820335960.0,0.011938852467225746,002607
2020-04-10,23.11,24.02,22.82,23.22,11116764.0,259982401.0,820335960.0,0.0135514771289558,002607
2020-04-13,23.28,24.17,23.0,24.0,14252944.0,339639220.0,820335960.0,0.017374520556187736,002607
2020-04-14,24.07,24.09,23.22,23.71,13712899.0,322547852.0,820335960.0,0.01671619881200868,002607
2020-04-15,23.71,24.15,23.4,23.5,7856565.0,186402990.0,820335960.0,0.009577252958653672,002607
2020-04-16,23.25,24.25,23.06,23.98,9842270.0,233974067.0,820335960.0,0.01199785268464886,002607
2020-04-17,23.99,24.24,23.56,23.7,7864500.0,187698032.0,820335960.0,0.009586925824877895,002607
2020-04-20,23.56,23.9,23.3,23.69,8398979.0,197925776.0,820335960.0,0.010238462544053292,002607
2020-04-21,23.7,24.32,23.32,24.17,8612087.0,205577479.0,820335960.0,0.010498243914602988,002607
2020-04-22,24.16,24.8,23.82,24.65,10761891.0,261542891.0,820335960.0,0.013118882414955941,002607
2020-04-23,24.5,24.75,24.2,24.27,6548708.0,159811165.0,820335960.0,0.007982958591745753,002607
2020-04-24,24.24,24.5,23.99,24.03,5482228.0,132854237.0,820335960.0,0.006682905867006001,002607
2020-04-27,24.31,24.39,23.81,24.02,6510427.0,156826502.0,820335960.0,0.007936293564407441,002607
2020-04-28,24.2,24.7,23.55,24.36,8740531.0,211893619.0,820335960.0,0.010654818789121471,002607
2020-04-29,24.7,25.44,23.9,24.1,12524002.0,307649880.0,820335960.0,0.01526691820263493,002607
2020-04-30,24.31,25.88,24.25,25.79,12365865.0,312625119.0,820335960.0,0.015074147182332468,002607
2020-05-06,25.4,25.81,24.72,25.81,14998092.0,378450645.0,820335960.0,0.018282865473799297,002607
2020-05-07,25.41,25.79,25.2,25.55,7673495.0,195606942.0,820335960.0,0.009354088293289008,002607
2020-05-08,25.75,26.72,25.7,26.12,10743538.0,282089998.0,820335960.0,0.013096509873832667,002607
2020-05-11,26.48,27.15,26.19,26.28,9665355.0,256741294.0,820335960.0,0.011782191042801538,002607
2020-05-12,26.58,27.45,26.3,27.16,12649357.0,341871665.0,820335960.0,0.015419727546748042,002607
2020-05-13,27.4,28.23,27.0,28.21,11548422.0,319763572.0,820335960.0,0.014077673737477021,002607
2020-05-14,27.9,29.25,27.88,28.73,12776245.0,367301141.0,820335960.0,0.015574405637417138,002607
2020-05-15,28.73,29.02,27.91,28.25,9875124.0,279604436.0,820335960.0,0.012037902129756691,002607
2020-05-18,28.25,28.61,27.83,28.27,9432853.0,265422264.0,820335960.0,0.01149876813884887,002607
2020-05-19,28.3,28.86,28.21,28.67,7452751.0,212680524.0,820335960.0,0.009084998541329336,002607
2020-05-20,28.55,28.64,27.43,27.86,10057268.0,280748913.0,820335960.0,0.012259937989308673,002607
2020-05-21,27.61,28.15,27.5,27.62,8184321.0,227015228.0,820335960.0,0.00997679170373075,002607
2020-05-22,27.54,27.72,26.0,26.84,11538927.0,311606477.0,820335960.0,0.014066099211352384,002607
2020-05-25,26.8,27.32,26.05,27.02,13159861.0,353272021.0,820335960.0,0.016042038435082135,002607
2020-05-26,27.6,28.12,27.1,27.84,8526878.0,236576410.0,820335960.0,0.010394373056619388,002607
2020-05-27,27.9,28.33,27.45,27.61,6252145.0,174062931.0,820335960.0,0.007621444511587667,002607
2020-05-28,27.87,28.81,27.61,28.6,9810307.0,276574619.0,820335960.0,0.011958889379907228,002607
2020-05-29,28.8,30.47,28.32,29.4,17072441.0,503347214.0,820335960.0,0.020811523366597265,002607
2020-06-01,29.86,30.45,28.91,29.67,11516103.0,340249465.0,820335960.0,0.014038276464194012,002607
2020-06-02,29.38,29.49,27.75,28.72,15755718.0,446153879.0,820335960.0,0.019206421232588658,002607
2020-06-03,28.4,28.71,28.05,28.27,10436459.0,295455996.0,820335960.0,0.012722176655525377,002607
2020-06-04,28.15,28.67,27.78,28.45,7810547.0,221731341.0,820335960.0,0.009521156429616958,002607
2020-06-05,28.38,28.79,28.32,28.37,6006030.0,171325234.0,820335960.0,0.0073214271869783696,002607
2020-06-08,28.7,28.7,26.75,26.84,17955257.0,488187079.0,820335960.0,0.02188768733239489,002607
2020-06-09,26.96,28.11,26.8,27.9,11901284.0,328678243.0,820335960.0,0.014507817016823205,002607
2020-06-10,27.74,28.38,27.4,28.13,7108111.0,199495695.0,820335960.0,0.00866487798486854,002607
2020-06-11,28.3,28.47,27.88,27.92,6091259.0,171392421.0,820335960.0,0.007425322425217103,002607
2020-06-12,27.3,29.3,27.0,28.87,11464035.0,327807366.0,820335960.0,0.013974804907979409,002607
2020-06-15,28.9,29.25,27.94,28.51,8485396.0,241739909.0,820335960.0,0.010343805969446956,002607
2020-06-16,28.61,29.65,28.08,29.54,10475766.0,305739544.0,820335960.0,0.012770092389952038,002607
2020-06-17,29.44,29.45,28.13,28.59,15271857.0,436949750.0,820335960.0,0.018616588501130682,002607
2020-06-18,28.97,28.97,28.21,28.61,6695658.0,191180033.0,820335960.0,0.008162092516339281,002607
2020-06-19,28.65,29.64,28.4,29.01,13504864.0,394178230.0,820335960.0,0.016462601493173603,002607
2020-06-22,29.12,29.28,27.68,28.1,15871975.0,448928392.0,820335960.0,0.01934813999864153,002607
2020-06-23,28.25,29.0,28.0,28.84,11151022.0,318433213.0,820335960.0,0.013593238067974004,002607
2020-06-24,28.62,29.34,27.7,27.87,13754136.0,386330818.0,820335960.0,0.016766467241055724,002607
2020-06-29,27.75,28.09,27.12,27.88,9549266.0,264762875.0,820335960.0,0.011640677070891784,002607
2020-06-30,27.88,28.29,27.36,27.75,12868940.0,355825342.0,783990960.0,0.01641465355671958,002607
2020-07-01,27.81,27.98,27.33,27.75,10925352.0,301828443.0,783990960.0,0.013935558644706822,002607
2020-07-02,27.85,28.49,27.59,27.8,17738996.0,496677611.0,783990960.0,0.022626531305922203,002607
2020-07-03,27.8,27.88,26.97,27.65,16898517.0,461474536.0,783990960.0,0.021554479403691082,002607
2020-07-06,27.65,27.77,27.1,27.53,21069746.0,575814357.0,783990960.0,0.026874985905449726,002607
2020-07-07,27.5,30.28,27.22,30.28,33949053.0,975442871.0,783990960.0,0.043302862828928534,002607
2020-07-08,29.51,29.92,28.23,29.28,29242141.0,842926633.0,783990960.0,0.037299079315914564,002607
2020-07-09,28.69,29.77,28.45,29.2,22879257.0,660498059.0,783990960.0,0.029183062263881204,002607
2020-07-10,29.12,30.22,28.68,29.71,21716747.0,644615424.0,783990960.0,0.02770025179882176,002607
2020-07-13,30.0,32.2,29.71,31.44,24309608.0,753943360.0,783990960.0,0.03100751059680586,002607
2020-07-14,31.21,31.84,30.2,31.56,16943603.0,523683531.0,783990960.0,0.0216119877198584,002607
2020-07-15,30.4,33.0,29.65,31.98,23841408.0,753256680.0,783990960.0,0.030410309833164402,002607
2020-07-16,31.98,32.68,30.73,31.16,15206190.0,480849092.0,783990960.0,0.01939587415650813,002607
2020-07-17,30.8,32.27,30.36,31.95,11209360.0,354116315.0,783990960.0,0.014297817923818918,002607
2020-07-20,32.24,33.2,31.47,31.8,10628587.0,341651884.0,783990960.0,0.013557027494296619,002607
2020-07-21,31.72,33.92,31.3,33.41,13083471.0,428868217.0,783990960.0,0.016688293191543944,002607
2020-07-22,33.4,34.15,33.06,33.3,8904697.0,299073156.0,783990960.0,0.01135816285432679,002607
2020-07-23,33.2,33.9,32.61,33.84,10828782.0,360081438.0,783990960.0,0.013812381203987352,002607
2020-07-24,33.69,33.69,31.3,31.45,11692530.0,376900251.0,783990960.0,0.014914113295387998,002607
2020-07-27,31.55,32.4,30.9,31.2,7097217.0,224079227.0,783990960.0,0.009052677086990901,002607
2020-07-28,31.5,31.82,30.86,31.24,8232308.0,256155235.0,783990960.0,0.010500513934497408,002607
2020-07-29,31.49,33.0,31.25,32.86,10085753.0,325232410.0,783990960.0,0.01286462920439797,002607
2020-07-30,32.95,33.44,32.09,32.28,9638341.0,315285075.0,783990960.0,0.0122939440526202,002607
2020-07-31,32.28,32.84,31.43,31.96,8254503.0,264430678.0,783990960.0,0.010528824209911808,002607
2020-08-03,32.0,32.19,31.58,31.99,9994873.0,318597030.0,783990960.0,0.012748709500425873,002607
2020-08-04,31.99,33.1,31.92,32.45,10047071.0,327816618.0,783990960.0,0.012815289349764952,002607
2020-08-05,32.41,33.0,32.0,32.43,7693485.0,250884647.0,783990960.0,0.009813231775019447,002607
2020-08-06,32.79,33.95,32.01,33.3,14931696.0,494486082.0,783990960.0,0.019045750221405613,002607
2020-08-07,33.79,34.96,33.31,34.82,14879971.0,512361062.0,783990960.0,0.018979773695349752,002607
2020-08-10,34.5,38.0,34.23,37.03,15935391.0,580157028.0,783990960.0,0.020325988197619015,002607
2020-08-11,37.32,38.98,36.8,38.0,12852179.0,487192627.0,783990960.0,0.01639327448367517,002607
2020-08-12,37.95,38.77,34.8,36.19,17438138.0,633116574.0,783990960.0,0.022242779432048554,002607
2020-08-13,36.73,36.82,35.5,35.77,10541709.0,379606573.0,783990960.0,0.013446212441021003,002607
2020-08-14,35.64,37.33,35.61,36.6,8947256.0,324802311.0,783990960.0,0.011412447919042331,002607
2020-08-17,36.61,37.29,36.13,36.7,8859012.0,324854069.0,783990960.0,0.011299890498737383,002607
2020-08-18,36.7,37.17,36.45,37.08,6443875.0,237301802.0,783990960.0,0.008219323090154,002607
2020-08-19,37.08,37.55,35.47,35.48,9328302.0,339842202.0,783990960.0,0.011898481584532557,002607
2020-08-20,35.48,35.77,34.65,34.89,9580697.0,335647778.0,783990960.0,0.012220417694612193,002607
2020-08-21,35.2,36.66,35.1,35.7,6525019.0,233363192.0,783990960.0,0.008322824283586126,002607
2020-08-24,36.0,36.36,35.24,35.86,5765710.0,206916052.0,783990960.0,0.007354306738434841,002607
2020-08-25,35.64,36.55,35.32,36.08,5636770.0,202984018.0,783990960.0,0.0071898405563247825,002607
2020-08-26,36.21,36.27,34.34,34.84,7950912.0,278908094.0,783990960.0,0.01014158632645458,002607
2020-08-27,34.58,35.19,33.58,35.05,7941730.0,273496118.0,783990960.0,0.010129874456715674,002607
2020-08-28,34.84,36.42,34.58,36.32,6487155.0,232001959.0,783990960.0,0.00827452780833085,002607
2020-08-31,36.31,36.31,34.3,35.71,14537067.0,508556716.0,783990960.0,0.018542391101040247,002607
2020-09-01,35.15,35.63,34.2,34.71,11012049.0,382381478.0,783990960.0,0.014046142827973425,002607
2020-09-02,34.95,35.86,34.37,35.7,8977031.0,316905972.0,783990960.0,0.011450426673287151,002607
2020-09-03,36.0,37.84,35.72,37.46,13737396.0,510595883.0,783990960.0,0.017522390819404345,002607
2020-09-04,36.6,37.49,35.25,37.1,10557285.0,382896781.0,783990960.0,0.013466080017045095,002607
2020-09-07,36.83,37.98,34.9,35.5,9630960.0,348808319.0,783990960.0,0.0122845294032472,002607
2020-09-08,35.4,35.4,33.2,34.08,10694625.0,362144692.0,783990960.0,0.013641260608413138,002607
2020-09-09,33.89,33.89,32.28,33.04,8218790.0,269846758.0,783990960.0,0.010483271388741524,002607
2020-09-10,33.2,34.4,33.04,33.31,5987585.0,201587348.0,783990960.0,0.007637313828210468,002607
2020-09-11,33.55,33.85,33.0,33.56,4970742.0,166351013.0,783990960.0,0.0063403052504585,002607
2020-09-14,33.66,34.1,32.6,33.25,4925860.0,163736402.0,783990960.0,0.0062830571413731605,002607
2020-09-15,33.65,34.2,33.22,33.63,7162632.0,240549189.0,783990960.0,0.009136115549087455,002607
2020-09-16,33.23,34.21,33.15,33.7,5620557.0,189551566.0,783990960.0,0.007169160470931961,002607
2020-09-17,33.7,33.91,32.85,33.47,6278958.0,208616224.0,783990960.0,0.008008967348296975,002607
2020-09-18,33.2,33.25,30.6,30.99,25752200.0,803932394.0,783990960.0,0.0328475726301742,002607
2020-09-21,30.88,31.22,29.8,30.23,15372850.0,464898091.0,783990960.0,0.019608453138286186,002607
2020-09-22,30.23,30.53,29.9,30.04,7592439.0,229236075.0,783990960.0,0.009684345084795366,002607
2020-09-23,30.08,33.04,29.84,33.04,15836800.0,500019179.0,783990960.0,0.02020023292105307,002607
2020-09-24,33.08,33.58,31.66,31.81,10993163.0,356166236.0,783990960.0,0.014022053264491723,002607
2020-09-25,32.13,32.76,31.18,31.54,6533315.0,208233724.0,783990960.0,0.008333406038253298,002607
2020-09-28,31.88,32.39,31.3,32.08,5374745.0,171378013.0,783990960.0,0.006855621141345814,002607
2020-09-29,32.73,33.45,31.91,32.68,7534065.0,247462295.0,783990960.0,0.009609887593601844,002607
2020-09-30,32.8,33.16,32.28,32.63,5526256.0,180968103.0,783990960.0,0.007048877196237059,002607
2020-10-09,34.0,34.07,32.43,32.48,7305148.0,240272244.0,783990960.0,0.009317898257398274,002607
2020-10-12,32.65,33.13,31.66,32.07,13052184.0,418652669.0,783990960.0,0.016648385843632686,002607
2020-10-13,32.06,33.0,31.83,32.95,7928021.0,257301217.0,783990960.0,0.010112388285701662,002607
2020-10-14,34.55,36.25,34.48,36.25,19756920.0,707282910.0,783990960.0,0.025200443637768476,002607
2020-10-15,36.23,37.1,35.4,36.71,15927706.0,577939683.0,783990960.0,0.02031618578867287,002607
2020-10-16,36.9,39.05,36.57,38.18,19634544.0,747126824.0,783990960.0,0.025044350001178585,002607
2020-10-19,38.0,38.43,37.23,38.2,9356967.0,355085654.0,783990960.0,0.011935044506125429,002607
2020-10-20,38.05,38.8,37.4,37.66,9494372.0,359679399.0,783990960.0,0.01211030800661273,002607
2020-10-21,38.01,38.58,37.68,38.12,9148835.0,348955833.0,783990960.0,0.01166956695521081,002607
2020-10-22,38.0,38.72,37.67,38.52,11460138.0,438748828.0,783990960.0,0.014617691510116392,002607
2020-10-23,38.49,39.72,37.5,37.57,10417429.0,402104698.0,783990960.0,0.013287690204999302,002607
2020-10-26,37.71,37.9,36.39,37.35,8192918.0,305018424.0,783990960.0,0.010450271008226932,002607
2020-10-27,37.32,38.24,36.79,38.03,6029224.0,227827100.0,783990960.0,0.007690425410007279,002607
2020-10-28,38.15,39.59,37.95,38.8,8891592.0,345935632.0,783990960.0,0.011341447100359423,002607
2020-10-29,38.81,39.98,38.16,39.46,8702314.0,343207301.0,783990960.0,0.011100018296129333,002607
2020-10-30,39.12,40.66,38.74,39.52,8191466.0,326732796.0,783990960.0,0.010448418946055194,002607
2020-11-02,39.52,43.47,39.52,43.1,16450030.0,684407402.0,783990960.0,0.020982423062633274,002607
2020-11-03,42.87,43.38,41.0,42.5,13834708.0,586082998.0,783990960.0,0.017646514699608273,002607
2020-11-04,42.46,42.8,41.51,42.52,8342866.0,351011930.0,783990960.0,0.010641533417681245,002607
2020-11-05,42.39,43.58,42.1,42.48,8183960.0,349187354.0,783990960.0,0.010438844856068238,002607
2020-11-06,42.96,43.0,41.42,42.28,10639846.0,447948519.0,783990960.0,0.013571388629277053,002607
2020-11-09,41.7,42.42,40.9,42.15,10428682.0,434849602.0,783990960.0,0.013302043686830266,002607
2020-11-10,41.62,42.68,41.02,42.2,9671713.0,405891893.0,783990960.0,0.012336510869972277,002607
2020-11-11,41.9,42.77,41.08,41.23,8297581.0,346301439.0,783990960.0,0.010583771272056505,002607
2020-11-12,41.2,42.6,41.03,42.21,6757562.0,283372832.0,783990960.0,0.008619438673119394,002607
2020-11-13,42.2,42.38,41.5,42.05,5338894.0,223522890.0,783990960.0,0.006809892297737719,002607
2020-11-16,42.14,42.28,41.15,41.45,6460620.0,268082943.0,783990960.0,0.008240681754799827,002607
2020-11-17,41.53,41.95,40.4,40.8,9058861.0,371625492.0,783990960.0,0.011554802876808682,002607
2020-11-18,40.97,41.38,38.22,38.5,15850119.0,619431208.0,783990960.0,0.020217221637351533,002607
2020-11-19,38.49,38.8,37.5,38.52,10604681.0,406609787.0,783990960.0,0.01352653479575836,002607
2020-11-20,38.98,39.68,38.3,39.35,7425910.0,290750255.0,783990960.0,0.009471933196780738,002607
2020-11-23,39.49,39.5,38.39,38.7,8272903.0,321154379.0,783990960.0,0.01055229386828644,002607
2020-11-24,38.0,38.29,36.17,37.28,18667079.0,690955876.0,783990960.0,0.0238103242925148,002607
2020-11-25,38.0,38.2,36.36,36.55,9399418.0,346481915.0,783990960.0,0.01198919181415051,002607
2020-11-26,36.95,37.44,35.65,36.14,7351952.0,267105192.0,783990960.0,0.009377597925363834,002607
2020-11-27,35.84,36.32,35.26,35.9,7880674.0,281770654.0,783990960.0,0.010051996007709068,002607
2020-11-30,36.0,36.18,34.91,36.08,11696667.0,414557365.0,783990960.0,0.014919390141947556,002607
2020-12-01,35.58,35.96,35.18,35.65,13834690.0,492238922.0,783990960.0,0.01764649174015986,002607
2020-12-02,36.0,36.74,35.45,36.18,13580972.0,490877288.0,783990960.0,0.017322868110622093,002607
2020-12-03,36.15,37.66,35.9,37.24,13586041.0,501821049.0,783990960.0,0.01732933374639932,002607
2020-12-04,37.27,37.92,36.66,37.67,8373818.0,313209979.0,783990960.0,0.010681013464747093,002607
2020-12-07,37.82,38.11,37.18,37.39,7744381.0,291094020.0,783990960.0,0.009878150890923539,002607
2020-12-08,37.97,37.97,36.83,37.0,8385825.0,313511053.0,783990960.0,0.010696328692361453,002607
2020-12-09,37.43,37.89,36.9,36.95,6533102.0,244180249.0,783990960.0,0.008333134351447113,002607
2020-12-10,36.88,38.84,36.7,38.48,8762957.0,333256745.0,783990960.0,0.011177369953347421,002607
2020-12-11,38.85,38.85,35.9,37.2,11914257.0,442005658.0,783990960.0,0.015196931607476698,002607
2020-12-14,36.7,37.14,36.2,36.96,7198291.0,264052148.0,783990960.0,0.00918159949191251,002607
2020-12-15,36.96,38.02,36.83,38.02,7885640.0,295840345.0,783990960.0,0.010058330264420396,002607
2020-12-16,38.02,39.6,37.8,39.33,10743107.0,421302551.0,783990960.0,0.01370310060718047,002607
2020-12-17,39.47,39.88,39.0,39.32,8724950.0,344322499.0,783990960.0,0.011128891078029777,002607
2020-12-18,39.49,39.49,38.54,38.92,5903614.0,229894249.0,783990960.0,0.007530206725853064,002607
2020-12-21,39.19,39.6,38.1,38.5,9002970.0,347578101.0,783990960.0,0.011483512513970824,002607
2020-12-22,38.34,39.99,38.25,39.62,11667684.0,460380818.0,783990960.0,0.014882421603432774,002607
2020-12-23,40.21,40.8,38.58,39.17,11035848.0,433741171.0,783990960.0,0.014076499045346136,002607
2020-12-24,39.14,39.3,35.7,37.1,15284054.0,570113404.0,783990960.0,0.019495191628229998,002607
2020-12-25,36.8,38.18,36.4,37.6,6828498.0,256430092.0,783990960.0,0.008709919308253248,002607
2020-12-28,37.59,38.98,36.99,38.0,8584212.0,327405020.0,783990960.0,0.010949376253011896,002607
2020-12-29,38.7,38.7,34.2,34.33,27547253.0,977916307.0,783990960.0,0.035137207449432835,002607
2020-12-30,34.07,34.79,32.89,34.0,24134474.0,812722860.0,783990960.0,0.030784122816926357,002607
2020-12-31,34.3,35.19,33.86,35.13,14843118.0,515868667.0,747639399.0,0.019853311663153805,002607
2021-01-04,35.5,36.0,34.01,34.2,21494339.0,748926866.0,747639399.0,0.028749607135137082,002607
2021-01-05,34.3,34.44,33.28,34.44,21673798.0,731580202.0,747639399.0,0.028989641301661793,002607
2021-01-06,34.3,34.37,33.3,33.56,18928562.0,637001027.0,747639399.0,0.025317769536112956,002607
2021-01-07,33.89,34.19,32.7,33.8,16294427.0,545297083.0,747639399.0,0.021794500158491513,002607
2021-01-08,33.84,34.83,33.2,34.7,18482550.0,631209200.0,747639399.0,0.024721209214925283,002607
2021-01-11,34.8,34.8,32.8,33.13,24692733.0,819625182.0,747639399.0,0.033027597305636376,002607
2021-01-12,33.0,35.65,32.9,35.28,27613049.0,961450533.0,747639399.0,0.03693364613600306,002607
2021-01-13,35.66,36.4,35.08,35.95,13338441.0,477992106.0,747639399.0,0.017840741161903373,002607
2021-01-14,36.0,36.0,33.74,34.15,13029439.0,453464926.0,747639399.0,0.017427437635613423,002607
2021-01-15,34.48,34.52,32.71,33.3,14081233.0,468518727.0,747639399.0,0.01883425755629553,002607
2021-01-18,32.95,33.88,32.0,33.13,13966958.0,460614116.0,747639399.0,0.01868140980622665,002607
2021-01-19,33.0,33.7,32.08,32.3,15199392.0,493166396.0,747639399.0,0.020329843531961857,002607
2021-01-20,32.1,35.03,31.88,34.94,25659258.0,868405033.0,747639399.0,0.034320366254534426,002607
2021-01-21,34.8,35.44,33.43,34.01,19604904.0,668515825.0,747639399.0,0.026222406184348238,002607
2021-01-22,34.31,37.41,34.02,37.41,27264742.0,979567934.0,747639399.0,0.03646777047393138,002607
2021-01-25,37.41,39.99,36.62,38.21,34581397.0,1331291635.0,747639399.0,0.04625411267283949,002607
2021-01-26,37.9,37.9,35.91,36.98,20209144.0,744198731.0,747639399.0,0.02703060329221628,002607
2021-01-27,36.03,39.99,36.02,39.39,30481443.0,1172199291.0,747639399.0,0.04077024704793547,002607
2021-01-28,38.47,41.1,38.35,39.3,24892378.0,987283632.0,747639399.0,0.0332946311193533,002607
2021-01-29,39.59,40.74,38.77,39.65,18165400.0,725015662.0,747639399.0,0.02429700738657835,002607
2021-02-01,38.81,42.32,37.36,41.21,28745305.0,1158735861.0,1602278368.0,0.017940269040691435,002607
2021-02-02,40.99,43.0,40.01,41.8,17667822.0,735216632.0,1602278368.0,0.011026686968290893,002607
2021-02-03,40.94,41.28,39.78,40.0,25318523.0,1022517616.0,1602278368.0,0.01580157574716755,002607
2021-02-04,39.71,39.98,38.8,39.7,15386907.0,607349527.0,1602278368.0,0.00960314219258061,002607
2021-02-05,39.7,40.5,38.61,39.46,13147381.0,522756351.0,1602278368.0,0.00820542875855639,002607
2021-02-08,39.45,39.73,38.77,39.5,13552677.0,533338318.0,1602278368.0,0.008458378563093725,002607
2021-02-09,39.5,39.8,39.11,39.42,11210557.0,442867047.0,1602278368.0,0.006996635056612086,002607
2021-02-10,39.1,39.72,38.49,39.39,18722056.0,734480627.0,1602278368.0,0.011684646297365478,002607
2021-02-18,39.88,39.99,38.2,38.44,18294115.0,707860290.0,1602278368.0,0.011417563492937327,002607
2021-02-19,38.31,38.72,36.73,37.5,24136786.0,907123258.0,1602278368.0,0.015064040357811283,002607
2021-02-22,37.51,37.69,35.87,35.98,18044847.0,657523704.0,1602278368.0,0.01126199252288726,002607
2021-02-23,35.6,36.58,35.5,35.82,15156394.0,545234261.0,1602278368.0,0.00945927642954985,002607
2021-02-24,35.54,35.98,34.45,34.86,15699814.0,551581068.0,1602278368.0,0.00979843098025274,002607
2021-02-25,35.09,35.24,33.33,33.5,20678378.0,703617031.0,1602278368.0,0.012905608921008662,002607
2021-02-26,32.12,33.19,32.12,32.58,22190355.0,725360239.0,1602278368.0,0.013849250818819018,002607
2021-03-01,32.65,33.43,32.15,33.11,15884954.0,521565146.0,1602278368.0,0.009913978942265792,002607
2021-03-02,33.22,33.88,32.76,33.26,15343496.0,512014726.0,1602278368.0,0.009576048897890382,002607
2021-03-03,33.28,33.39,32.66,33.1,10265058.0,338663643.0,1602278368.0,0.006406538467353258,002607
2021-03-04,33.2,33.62,32.0,32.75,12191723.0,397804835.0,1602278368.0,0.007608991822824135,002607
2021-03-05,32.22,32.89,31.5,32.79,14147469.0,455032275.0,1602278368.0,0.008829594958371179,002607
2021-03-08,32.88,32.94,30.66,30.85,16409955.0,515070176.0,1602278368.0,0.010241637987338788,002607
2021-03-09,30.02,31.24,28.34,30.41,20001180.0,599006833.0,1602278368.0,0.012482962011754502,002607
2021-03-10,30.94,31.1,29.95,30.46,10961688.0,334976438.0,1602278368.0,0.006841313106961949,002607
2021-03-11,30.27,31.75,30.1,31.7,11196863.0,348726536.0,1602278368.0,0.006988088476770848,002607
2021-03-12,31.7,31.77,30.6,31.2,8130904.0,252765416.0,1602278368.0,0.005074588886916808,002607
2021-03-15,31.0,31.04,29.13,29.5,15259293.0,454595908.0,1602278368.0,0.009523496855947068,002607
2021-03-16,29.41,29.97,28.99,29.49,14741055.0,433288255.0,1602278368.0,0.009200058675447336,002607
2021-03-17,29.6,30.19,29.05,29.71,11223698.0,332711234.0,1602278368.0,0.007004836502916577,002607
2021-03-18,29.94,30.27,29.1,30.03,18669059.0,555669529.0,1602278368.0,0.011651570271964128,002607
2021-03-19,29.99,29.99,28.79,28.99,11035116.0,322087923.0,1602278368.0,0.006887140349884572,002607
2021-03-22,28.73,29.04,28.36,28.78,13144780.0,378508011.0,1602278368.0,0.008203805445122255,002607
2021-03-23,28.69,28.79,27.4,27.78,19029198.0,532288052.0,1602278368.0,0.01187633708351981,002607
2021-03-24,27.83,27.96,26.81,27.52,18343150.0,504030430.0,1602278368.0,0.011448166789455151,002607
2021-03-25,27.48,28.96,27.1,28.76,17538006.0,496079878.0,1602278368.0,0.010945667338623148,002607
2021-03-26,28.87,28.9,27.65,28.7,15132313.0,430076349.0,1602278368.0,0.009444247205863794,002607
2021-03-29,28.7,28.97,28.27,28.53,13330568.0,381429249.0,1602278368.0,0.008319757831243465,002607
2021-03-30,28.63,29.15,28.28,28.46,10546161.0,302755555.0,1602278368.0,0.006581978019939167,002607
2021-03-31,28.46,28.92,28.11,28.17,9001349.0,255841985.0,1602278368.0,0.005617843428314948,002607
2021-04-01,28.52,28.67,28.09,28.38,8758046.0,248296100.0,1602278368.0,0.005465995282038283,002607
2021-04-02,28.6,29.37,28.37,29.19,12084050.0,349229443.0,1602278368.0,0.007541791889185637,002607
2021-04-06,29.1,29.47,28.01,28.1,12009368.0,338996950.0,1602278368.0,0.007495182010720375,002607
2021-04-07,28.2,28.77,27.77,28.54,13525251.0,383188361.0,1602278368.0,0.008441261687182686,002607
2021-04-08,28.48,29.04,28.29,28.68,11196854.0,321860443.0,1602278368.0,0.006988082859769346,002607
2021-04-09,29.0,29.0,27.21,27.92,14145091.0,393384745.0,1602278368.0,0.008828110821752042,002607
2021-04-12,28.0,28.2,26.76,26.86,9811376.0,268110780.0,1602278368.0,0.006123390414517535,002607
2021-04-13,26.86,28.0,26.84,27.26,9981056.0,273945570.0,1602278368.0,0.006229289616172363,002607
2021-04-14,27.4,27.85,26.7,26.8,12904734.0,348651017.0,1602278368.0,0.008053990029278108,002607
2021-04-15,26.85,26.86,25.39,25.62,16390470.0,421750002.0,1602278368.0,0.010229477179086524,002607
2021-04-16,25.61,25.61,24.66,25.2,16692805.0,420121797.0,1602278368.0,0.010418167862327403,002607
2021-04-19,25.2,25.69,24.72,25.58,14992722.0,380845268.0,1602278368.0,0.00935712688845338,002607
2021-04-20,25.7,26.16,25.54,25.66,15286514.0,395345578.0,1602278368.0,0.009540485789046114,002607
2021-04-21,25.39,26.03,25.23,25.73,14354175.0,368507947.0,1602278368.0,0.00895860250420606,002607
2021-04-22,25.64,26.04,25.11,25.87,14825834.0,379827319.0,1602278368.0,0.009252970205486792,002607
2021-04-23,26.08,26.16,25.61,25.82,11805047.0,305683382.0,1602278368.0,0.007367662970283575,002607
2021-04-26,25.67,26.93,25.37,26.25,18538385.0,488999298.0,1602278368.0,0.01157001515481984,002607
2021-04-27,26.27,26.35,25.25,25.66,14497120.0,372674036.0,1602278368.0,0.009047816090842962,002607
2021-04-28,25.7,25.99,25.35,25.57,11351198.0,290401895.0,1602278368.0,0.007084410690864423,002607
2021-04-29,25.09,28.13,25.05,28.13,52312136.0,1433620715.0,1602278368.0,0.032648594055037505,002607
2021-04-30,28.21,28.21,25.32,25.5,48647771.0,1283683622.0,1602278368.0,0.03036162253174724,002607
2021-05-06,25.2,25.2,23.22,24.65,44194859.0,1059935085.0,1602278368.0,0.02758250993250631,002607
2021-05-07,24.58,24.62,23.66,23.83,25803365.0,620564033.0,1602278368.0,0.016104171107426447,002607
2021-05-10,23.6,24.14,22.95,23.21,22454294.0,524642609.0,1602278368.0,0.014013978125428952,002607
2021-05-11,23.07,25.33,23.07,24.95,30364962.0,739259829.0,1602278368.0,0.018951115240919237,002607
2021-05-12,24.67,24.98,23.92,24.2,16511924.0,402072658.0,1602278368.0,0.010305277990247448,002607
2021-05-13,23.96,23.96,23.03,23.18,16478042.0,383295892.0,1602278368.0,0.010284131851925496,002607
2021-05-14,23.18,24.85,23.03,24.65,27243977.0,657182726.0,1602278368.0,0.01700327330388074,002607
2021-05-17,25.51,27.0,25.51,26.58,29556088.0,780324210.0,1602278368.0,0.01844628785502021,002607
2021-05-18,26.89,27.1,26.01,26.35,21317230.0,566053054.0,1602278368.0,0.013304323659195778,002607
2021-05-19,26.15,26.73,25.44,25.54,20489663.0,529005891.0,1602278368.0,0.01278782976117668,002607
2021-05-20,25.52,25.52,24.86,25.3,13158403.0,332022357.0,1602278368.0,0.008212307713062753,002607
2021-05-21,25.53,25.61,24.95,25.11,11545325.0,291034041.0,1602278368.0,0.007205567540933062,002607
2021-05-24,25.1,25.55,24.52,25.46,14579527.0,367338963.0,1602278368.0,0.009099247228930947,002607
2021-05-25,25.0,25.91,24.58,25.49,19649232.0,497419932.0,1602278368.0,0.012263307295677102,002607
2021-05-26,26.0,26.48,24.84,24.98,20541092.0,522132281.0,1602278368.0,0.012819927180094089,002607
2021-05-27,24.68,25.98,24.5,25.98,21207091.0,531656506.0,1602278368.0,0.013235584667145677,002607
2021-05-28,25.59,25.95,24.75,25.01,19634132.0,496412039.0,1602278368.0,0.012253883215378965,002607
2021-05-31,24.88,25.08,24.35,24.88,11880013.0,293240499.0,1602278368.0,0.007414450096351797,002607
2021-06-01,24.88,25.17,24.49,24.72,13340325.0,328906656.0,1602278368.0,0.00832584728498313,002607
2021-06-02,24.82,24.88,23.98,24.03,14358712.0,347709074.0,1602278368.0,0.008961434097074448,002607
2021-06-03,23.81,25.95,23.73,25.39,31586185.0,797900626.0,1602278368.0,0.01971329428819949,002607
2021-06-04,25.2,27.8,25.01,26.76,46611429.0,1255670431.0,1602278368.0,0.029090718523636712,002607
2021-06-07,27.22,27.6,26.81,27.05,26637952.0,722509959.0,1602278368.0,0.016625046266617264,002607
2021-06-08,27.28,27.86,26.82,27.22,22961902.0,628323077.0,1602278368.0,0.014330782003043307,002607
2021-06-09,27.44,27.46,26.73,26.88,13245061.0,358213483.0,1602278368.0,0.008266391948193612,002607
2021-06-10,26.88,26.92,25.63,25.87,22609496.0,590499367.0,1602278368.0,0.014110841444000571,002607
2021-06-11,26.01,26.39,25.06,25.81,22922699.0,586696853.0,1602278368.0,0.014306314968610997,002607
2021-06-15,25.59,25.6,24.66,24.9,18716221.0,465624817.0,1602278368.0,0.011681004608058217,002607
2021-06-16,25.25,25.45,24.06,24.3,14169920.0,347018021.0,1602278368.0,0.008843606880674058,002607
2021-06-17,24.3,24.3,21.87,21.9,42201519.0,950107478.0,1602278368.0,0.026338443957573295,002607
2021-06-18,21.78,22.24,20.21,22.0,45237985.0,961083955.0,1602278368.0,0.028233536633504624,002607
2021-06-21,21.81,21.81,20.35,20.52,36771628.0,761843313.0,1602278368.0,0.022949587746041392,002607
2021-06-22,20.36,21.44,20.28,21.13,28625651.0,599009211.0,1602278368.0,0.017865591629830955,002607
2021-06-23,21.13,21.38,20.7,21.13,14337245.0,301530232.0,1602278368.0,0.008948036300269142,002607
2021-06-24,21.25,22.23,21.13,21.65,23775535.0,515398180.0,1602278368.0,0.014838579534514442,002607
2021-06-25,21.9,21.9,21.1,21.42,22968648.0,493696848.0,1602278368.0,0.014334992257724844,002607
2021-06-28,21.48,21.63,20.73,20.9,18299174.0,383534747.0,1602278368.0,0.011420720871892841,002607
2021-06-29,20.91,21.06,20.42,20.49,14598302.0,302605736.0,1602278368.0,0.009110964918175816,002607
2021-06-30,20.49,20.92,20.25,20.89,13752229.0,283802924.0,1642547503.0000002,0.008372500018953788,002607
2021-07-01,20.69,20.85,20.27,20.39,11669146.0,239664846.0,1642547503.0000002,0.0071042974274333655,002607
2021-07-02,20.28,20.29,19.24,19.68,21515540.0,420866875.0,1642547503.0000002,0.013098884483220937,002607
2021-07-05,19.5,19.61,18.87,19.14,19511264.0,373767272.0,1642547503.0000002,0.011878660412781985,002607
2021-07-06,19.09,19.45,18.55,18.79,18405632.0,346570677.0,1642547503.0000002,0.011205540154171113,002607
2021-07-07,19.0,20.1,18.8,19.74,27006159.0,531747632.0,1642547503.0000002,0.016441630425101925,002607
2021-07-08,19.59,19.6,18.6,18.69,22695728.0,429250179.0,1642547503.0000002,0.013817395209908883,002607
2021-07-09,18.5,18.6,18.01,18.4,14393100.0,263519631.0,1642547503.0000002,0.008762668947906829,002607
2021-07-12,18.6,18.68,17.33,17.42,47105848.0,831636644.0,1642547503.0000002,0.02867853009667264,002607
2021-07-13,17.51,17.64,17.0,17.29,30884421.0,534698766.0,1642547503.0000002,0.018802756659147893,002607
2021-07-14,17.19,17.29,16.9,17.0,21444275.0,365192535.0,1642547503.0000002,0.013055497610165613,002607
2021-07-15,15.3,15.95,15.3,15.3,27851175.0,426537662.0,1642547503.0000002,0.01695608495287457,002607
2021-07-16,15.31,15.53,14.85,14.96,55782480.0,841733845.0,1642547503.0000002,0.033960953882987935,002607
2021-07-19,14.87,15.54,14.59,15.39,48085333.0,730334500.0,1642547503.0000002,0.02927485074993292,002607
2021-07-20,15.22,15.6,14.85,15.12,33009247.0,499998761.0,1642547503.0000002,0.020096372823136546,002607
2021-07-21,15.0,15.4,14.91,15.3,23176784.0,353322238.0,1642547503.0000002,0.014110267105011695,002607
2021-07-22,15.5,15.97,15.25,15.29,32637171.0,509252319.0,1642547503.0000002,0.019869849085271778,002607
2021-07-23,15.35,15.38,14.73,14.96,24157582.0,360637674.0,1642547503.0000002,0.014707387126325317,002607
2021-07-26,13.66,14.14,13.46,13.46,38895775.0,530601544.0,1642547503.0000002,0.02368015228111183,002607
2021-07-27,13.06,13.4,12.22,12.26,81266376.0,1032442208.0,1642547503.0000002,0.04947581476430517,002607
2021-07-28,12.53,12.85,12.27,12.55,55765237.0,701507954.0,1642547503.0000002,0.033950456165285095,002607
2021-07-29,12.89,13.09,12.26,12.28,44791137.0,562428245.0,1642547503.0000002,0.027269309970148238,002607
2021-07-30,12.06,13.36,11.77,13.04,65220386.0,816761020.0,1642547503.0000002,0.039706849196677385,002607
2021-08-02,12.9,13.03,11.84,12.0,91868939.0,1116657969.0,1642547503.0000002,0.0559307653703821,002607
2021-08-03,12.15,12.56,11.91,12.27,56773619.0,695577397.0,1642547503.0000002,0.03456436961263335,002607
2021-08-04,12.27,12.6,12.0,12.15,45316248.0,555025742.0,1642547503.0000002,0.027589003007360814,002607
2021-08-05,12.24,12.28,11.65,11.66,48074706.0,572763042.0,1642547503.0000002,0.029268380921827132,002607
2021-08-06,11.6,11.69,11.27,11.4,44201261.0,504022809.0,1642547503.0000002,0.026910187327471156,002607
2021-08-09,11.43,12.54,11.36,12.48,93540477.0,1141860781.0,1642547503.0000002,0.05694841508641591,002607
2021-08-10,12.37,12.92,12.08,12.75,75855785.0,954354930.0,1642547503.0000002,0.046181790701002326,002607
2021-08-11,12.78,12.85,12.22,12.26,57959121.0,719429510.0,1642547503.0000002,0.03528611555777939,002607
2021-08-12,12.35,12.55,12.05,12.11,42030635.0,514420937.0,1642547503.0000002,0.025588687647227208,002607
2021-08-13,12.21,12.21,11.75,11.82,37350575.0,444119696.0,1642547503.0000002,0.02273941845321474,002607
2021-08-16,11.82,12.21,11.66,11.93,41947491.0,502402088.0,1642547503.0000002,0.025538068715447063,002607
2021-08-17,12.0,12.08,11.33,11.41,48558516.0,564687176.0,1642547503.0000002,0.029562929480767653,002607
2021-08-18,11.33,11.43,10.95,11.2,42651516.0,475383976.0,1642547503.0000002,0.025966686456312487,002607
2021-08-19,11.19,11.67,11.15,11.25,49443972.0,562607138.0,1642547503.0000002,0.030102004301059165,002607
2021-08-20,11.08,11.12,10.53,10.74,52556357.0,566326117.0,1642547503.0000002,0.03199685665346629,002607
2021-08-23,10.76,11.68,10.69,11.41,73862525.0,837841038.0,1642547503.0000002,0.04496827328591421,002607
2021-08-24,11.41,11.56,11.08,11.1,37102150.0,416815542.0,1642547503.0000002,0.02258817472994569,002607
2021-08-25,11.56,12.21,11.56,11.85,103273755.0,1238731181.0,1642547503.0000002,0.06287413594515688,002607
2021-08-26,11.57,11.78,10.94,10.95,82516381.0,928761032.0,1642547503.0000002,0.05023683080659128,002607
2021-08-27,10.95,11.07,10.64,10.66,45946471.0,497375816.0,1642547503.0000002,0.027972689323189696,002607
2021-08-30,10.67,10.71,10.15,10.25,54175979.0,559286963.0,1642547503.0000002,0.032982899368847046,002607
2021-08-31,10.48,11.13,10.41,10.51,73629062.0,791026965.0,1642547503.0000002,0.04482613858382882,002607
2021-09-01,10.52,11.2,10.25,11.1,71008753.0,774804108.0,1642547503.0000002,0.04323086721711694,002607
2021-09-02,11.3,11.4,10.62,10.73,72062535.0,785249932.0,1642547503.0000002,0.04387242065656106,002607
2021-09-03,10.77,11.3,10.48,11.15,76524151.0,840253339.0,1642547503.0000002,0.04658869887186452,002607
2021-09-06,11.15,11.57,10.83,11.18,79574501.0,885017215.0,1642547503.0000002,0.048445783671195286,002607
2021-09-07,11.1,11.41,11.01,11.32,64325371.0,722491970.0,1642547503.0000002,0.03916195475778577,002607
2021-09-08,11.4,11.93,11.33,11.85,93692972.0,1090404651.0,1642547503.0000002,0.057041255628148484,002607
2021-09-09,11.66,13.04,11.53,13.04,140000070.0,1751338336.0,1642547503.0000002,0.08523349841894952,002607
2021-09-10,13.3,13.49,12.6,12.99,120755050.0,1569941610.0,1642547503.0000002,0.07351693012192902,002607
2021-09-13,12.98,12.98,12.21,12.48,79962919.0,997822576.0,1642547503.0000002,0.048682256588593764,002607
2021-09-14,12.47,12.6,12.05,12.22,58431679.0,716443512.0,1642547503.0000002,0.03557381378211501,002607
2021-09-15,12.08,12.24,11.7,12.2,60674376.0,725843305.0,1642547503.0000002,0.03693919103659554,002607
2021-09-16,12.05,12.1,11.68,11.68,43801185.0,519245715.0,1642547503.0000002,0.026666616898445947,002607
2021-09-17,11.75,12.27,11.72,12.21,55221592.0,667673967.0,1642547503.0000002,0.03361947943614511,002607
2021-09-22,12.0,12.63,11.8,12.0,50024652.0,605597448.0,1642547503.0000002,0.03045552832331084,002607
2021-09-23,12.01,12.2,11.87,12.09,34030261.0,409967114.0,1642547503.0000002,0.02071797676343976,002607
2021-09-24,11.99,12.2,11.8,11.9,32572115.0,390161127.0,1642547503.0000002,0.019830242315981284,002607
2021-09-27,11.9,12.04,10.89,11.01,67218128.0,755124104.0,1642547503.0000002,0.040923095299971964,002607
2021-09-28,11.01,11.43,10.62,11.3,40778194.0,453102935.0,1642547503.0000002,0.024826188542810133,002607
2021-09-29,11.13,11.21,10.8,10.81,31429987.0,343314545.0,1642547503.0000002,0.01913490291306357,002607
2021-09-30,10.81,10.97,10.78,10.84,20592533.0,223920370.0,1642547503.0000002,0.012536948223652072,002607
2021-10-08,11.0,11.56,10.85,11.2,61670799.0,686990061.0,1642547503.0000002,0.037545823720387096,002607
2021-10-11,11.2,11.85,11.12,11.38,53095781.0,609754070.0,1642547503.0000002,0.03232526359391385,002607
2021-10-12,11.41,11.45,10.96,11.05,34831075.0,387611392.0,1642547503.0000002,0.021205520653974044,002607
2021-10-13,11.8,12.16,11.37,12.16,104187475.0,1229948988.0,1642547503.0000002,0.06343041818255407,002607
2021-10-14,12.38,13.38,12.18,13.38,123516668.0,1598063778.0,1642547503.0000002,0.07519823187725487,002607
2021-10-15,12.88,12.9,12.04,12.05,181437271.0,2234769575.0,1642547503.0000002,0.11046089727610148,002607
2021-10-18,11.7,12.32,11.4,12.0,105684512.0,1260643912.0,1642547503.0000002,0.06434182987522401,002607
2021-10-19,11.9,12.05,11.29,11.4,103179838.0,1194501933.0,1642547503.0000002,0.06281695829895276,002607
2021-10-20,11.3,11.44,10.96,11.03,67052155.0,743886561.0,1642547503.0000002,0.040822049211687236,002607
2021-10-21,10.92,11.26,10.88,11.08,57828678.0,641807180.0,1642547503.0000002,0.03520670050295647,002607
2021-10-22,11.0,11.49,10.98,11.32,52857724.0,597514051.0,1642547503.0000002,0.03218033201685735,002607
2021-10-25,11.26,11.26,10.89,11.08,46143900.0,506759651.0,1642547503.0000002,0.028092886151372388,002607
2021-10-26,10.9,11.1,10.9,10.95,31630360.0,346830888.0,1642547503.0000002,0.019256892079059704,002607
2021-10-27,10.88,10.9,10.3,10.41,49768226.0,520193810.0,1642547503.0000002,0.030299413508042692,002607
2021-10-28,10.32,10.62,10.16,10.41,31852883.0,330209407.0,1642547503.0000002,0.019392366395384546,002607
2021-10-29,10.41,10.53,10.21,10.44,25553281.0,265486584.0,1642547503.0000002,0.01555710319082321,002607
2021-11-01,10.31,10.66,10.31,10.5,28642495.0,300942835.0,1642547503.0000002,0.017437848797484667,002607
2021-11-02,10.5,10.66,10.24,10.32,30346432.0,316973076.0,1642547503.0000002,0.01847522336162231,002607
2021-11-03,10.2,10.25,9.82,10.11,33474782.0,337150386.0,1642547503.0000002,0.020379795372042885,002607
2021-11-04,10.1,10.34,9.98,10.05,29534642.0,297872568.0,1642547503.0000002,0.01798099716815313,002607
2021-11-05,9.99,10.04,9.57,9.59,61535904.0,598640233.0,1642547503.0000002,0.03746369824166966,002607
2021-11-08,9.5,9.53,9.23,9.46,43876586.0,411247690.0,1642547503.0000002,0.026712521811309828,002607
2021-11-09,9.62,9.66,9.28,9.29,33075613.0,310517519.0,1642547503.0000002,0.02013677713404919,002607
2021-11-10,9.19,9.19,8.9,9.02,49301125.0,443095553.0,1642547503.0000002,0.030015037562052167,002607
2021-11-11,9.01,9.27,9.0,9.17,35561952.0,325670494.0,1642547503.0000002,0.021650486171662334,002607
2021-11-12,9.19,9.23,8.96,9.13,31064900.0,282075562.0,1642547503.0000002,0.018912634151074532,002607
2021-11-15,9.11,9.35,9.08,9.3,30787532.0,285152522.0,1642547503.0000002,0.01874376962843917,002607
2021-11-16,9.27,9.32,9.06,9.07,27653819.0,253565715.0,1642547503.0000002,0.016835932567850976,002607
2021-11-17,9.05,9.55,9.05,9.33,38631002.0,359848908.0,1642547503.0000002,0.02351895572544668,002607
2021-11-18,9.25,9.32,9.15,9.17,23207895.0,213757986.0,1642547503.0000002,0.014129207805322144,002607
2021-11-19,9.16,9.19,8.98,9.15,24131943.0,219053397.0,1642547503.0000002,0.014691777836515938,002607
2021-11-22,9.17,9.38,9.17,9.25,27157114.0,251290593.0,1642547503.0000002,0.01653353339882067,002607
2021-11-23,9.26,9.42,9.21,9.4,31591866.0,294431931.0,1642547503.0000002,0.019233456531576484,002607
2021-11-24,9.46,9.49,9.28,9.44,30332138.0,284819685.0,1642547503.0000002,0.018466521025784905,002607
2021-11-25,9.49,10.25,9.42,10.0,86746858.0,857561033.0,1642547503.0000002,0.052812389195175675,002607
2021-11-26,9.91,9.93,9.58,9.82,49219151.0,479537297.0,1642547503.0000002,0.02996513093843837,002607
2021-11-29,9.6,10.19,9.53,9.96,45397267.0,451903098.0,1642547503.0000002,0.027638328217043956,002607
2021-11-30,9.79,9.9,9.53,9.53,55234211.0,533867058.0,1642547503.0000002,0.03362716201456488,002607
2021-12-01,9.41,9.46,9.06,9.19,50064974.0,459779356.0,1642547503.0000002,0.030480076776202673,002607
2021-12-02,9.18,9.55,9.14,9.24,42395668.0,396348364.0,1642547503.0000002,0.025810923533454724,002607
2021-12-03,9.2,9.21,9.04,9.12,37466030.0,340773083.0,1642547503.0000002,0.022809708657783638,002607
2021-12-06,9.06,9.33,9.01,9.14,30542779.0,279096314.0,1642547503.0000002,0.018594761456953733,002607
2021-12-07,9.13,9.2,9.06,9.16,24407433.0,222492571.0,1642547503.0000002,0.014859499013222753,002607
2021-12-08,9.17,9.3,9.1,9.25,24234836.0,223454847.0,1642547503.0000002,0.014754420164857781,002607
2021-12-09,9.34,10.18,9.34,10.18,96516531.0,954050266.0,1642547503.0000002,0.05876026770837323,002607
2021-12-10,10.18,10.78,10.1,10.37,140227076.0,1466611667.0,1642547503.0000002,0.08537170203229123,002607
2021-12-13,10.36,10.66,10.36,10.53,68484451.0,719282830.0,1642547503.0000002,0.04169404591034223,002607
2021-12-14,10.06,10.28,9.9,10.06,62294379.0,629422164.0,1642547503.0000002,0.037925465708738164,002607
2021-12-15,10.1,10.14,9.81,9.84,44944963.0,445691522.0,1642547503.0000002,0.027362960838521327,002607
2021-12-16,9.85,9.88,9.72,9.74,34526955.0,337491876.0,1642547503.0000002,0.021020369235555676,002607
2021-12-17,9.06,9.23,8.77,8.77,142837486.0,1269943200.0,1642547503.0000002,0.08696094678486749,002607
2021-12-20,8.5,8.64,8.01,8.08,128448180.0,1057874303.0,1642547503.0000002,0.0782005876636129,002607
2021-12-21,8.0,8.13,7.92,8.08,59812242.0,481221043.0,1642547503.0000002,0.036414314892419884,002607
2021-12-22,8.05,8.08,7.99,8.05,37383025.0,300179918.0,1642547503.0000002,0.0227591743506489,002607
2021-12-23,8.01,8.03,7.81,7.83,49417856.0,390391501.0,1642547503.0000002,0.03008610460868966,002607
2021-12-24,7.79,8.0,7.77,7.84,38118096.0,300439708.0,1642547503.0000002,0.023206693219148863,002607
2021-12-27,7.8,7.81,7.53,7.69,36960751.0,283399899.0,1642547503.0000002,0.022502089548395846,002607
2021-12-28,7.69,7.81,7.65,7.73,29764622.0,229958079.0,1642547503.0000002,0.018121011383620236,002607
2021-12-29,7.78,8.01,7.74,7.87,43224690.0,341490687.0,1642547503.0000002,0.026315640747712362,002607
2021-12-30,7.86,7.94,7.72,7.88,26593870.0,208296651.0,1642547503.0000002,0.01619062459467877,002607
2021-12-31,7.95,8.01,7.82,7.86,27173350.0,214297556.0,1602623368.0,0.016955543356335236,002607
2022-01-04,7.84,8.08,7.77,8.04,42202623.0,336629224.0,1602623368.0,0.026333462897565836,002607
2022-01-05,8.04,8.18,7.93,7.99,46801816.0,376593001.0,1602623368.0,0.029203253200036954,002607
2022-01-06,7.99,7.99,7.81,7.95,45895451.0,361626223.0,1602623368.0,0.02863770235503018,002607
2022-01-07,7.9,8.04,7.85,7.87,34203488.0,271632805.0,1602623368.0,0.0213421872430853,002607
2022-01-10,7.87,7.96,7.68,7.93,31961086.0,250192603.0,1602623368.0,0.019942980140047476,002607
2022-01-11,7.92,8.08,7.88,7.95,36184750.0,288691157.0,1602623368.0,0.022578449012107503,002607
2022-01-12,7.96,7.97,7.86,7.94,23310418.0,184448640.0,1602623368.0,0.014545162928137212,002607
2022-01-13,7.92,8.01,7.81,7.81,30782339.0,243115381.0,1602623368.0,0.019207469212441933,002607
2022-01-14,7.75,7.77,7.57,7.57,34689190.0,265520591.0,1602623368.0,0.02164525408317895,002607
2022-01-17,7.57,7.57,7.16,7.41,46878334.0,343822869.0,1602623368.0,0.029250998666331688,002607
2022-01-18,7.39,7.59,7.28,7.32,32077432.0,237222513.0,1602623368.0,0.02001557735928383,002607
2022-01-19,7.26,7.61,7.21,7.39,38715007.0,287477286.0,1602623368.0,0.024157270992694022,002607
2022-01-20,7.36,7.38,7.19,7.2,29447322.0,213542692.0,1602623368.0,0.018374449410873683,002607
2022-01-21,7.19,7.3,7.01,7.02,27817224.0,197721371.0,1602623368.0,0.017357305874501638,002607
2022-01-24,6.95,7.06,6.9,6.97,28911492.0,201443910.0,1602623368.0,0.018040103855517974,002607
2022-01-25,6.93,6.98,6.66,6.67,31193999.0,211782536.0,1602623368.0,0.01946433555310545,002607
2022-01-26,6.69,6.82,6.57,6.7,27371924.0,182450791.0,1602623368.0,0.017079448950104166,002607
2022-01-27,6.64,6.67,6.36,6.38,35004643.0,226896084.0,1602623368.0,0.021842089475884893,002607
2022-01-28,6.41,6.68,6.4,6.6,35698895.0,234174462.0,1602623368.0,0.022275286703544436,002607
2022-02-07,6.54,6.67,6.49,6.54,28494520.0,186633722.0,1602623368.0,0.017779922949432495,002607
2022-02-08,6.54,6.77,6.53,6.69,43608695.0,291008452.0,1602623368.0,0.02721081937949129,002607
2022-02-09,6.68,6.87,6.66,6.75,37598650.0,254415014.0,1602623368.0,0.023460689985396493,002607
2022-02-10,6.75,6.77,6.65,6.71,24125352.0,161793799.0,1701791287.0,0.014176445833454312,002607
2022-02-11,6.73,6.85,6.5,6.53,38492257.0,255532059.0,1790909010.0000002,0.021493139397405787,002607
2022-02-14,6.5,6.74,6.46,6.62,33195107.0,220216514.0,1790909010.0000002,0.01853533977139352,002607
2022-02-15,6.62,6.77,6.45,6.56,37239522.0,244483417.0,1790909010.0000002,0.020793642665296545,002607
2022-02-16,6.65,6.85,6.6,6.71,57665609.0,388574768.0,1790909010.0000002,0.03219907246990733,002607
2022-02-17,6.72,6.73,6.51,6.52,45215705.0,297484100.0,1790909010.0000002,0.025247349110159422,002607
2022-02-18,6.45,6.55,6.41,6.55,28501011.0,184582635.0,1790909010.0000002,0.015914270820492436,002607
2022-02-21,6.54,7.21,6.5,7.21,109077182.0,756875649.0,1790909010.0000002,0.060906043462252715,002607
2022-02-22,7.2,7.2,6.92,6.97,83056881.0,581401913.0,1790909010.0000002,0.04637694072464351,002607
2022-02-23,7.0,7.42,6.93,7.23,122365993.0,881543276.0,1790909010.0000002,0.06832619207158938,002607
2022-02-24,7.24,7.31,6.84,6.99,77434993.0,547828097.0,1790909010.0000002,0.043237815303637336,002607
2022-02-25,7.05,7.34,6.95,7.06,63484583.0,453333638.0,1790909010.0000002,0.03544824591618979,002607
2022-02-28,7.04,7.04,6.82,7.01,36797001.0,255154552.0,1790909010.0000002,0.020546549709971024,002607
2022-03-01,6.95,7.37,6.94,7.23,65394719.0,471551513.0,1790909010.0000002,0.03651481936539031,002607
2022-03-02,7.2,7.34,7.14,7.28,44445826.0,322922220.0,1790909010.0000002,0.024817467415611468,002607
2022-03-03,7.28,7.31,7.11,7.14,37496859.0,268880823.0,1790909010.0000002,0.020937333382448055,002607
2022-03-04,7.09,7.34,7.04,7.18,57986397.0,417432189.0,1790909010.0000002,0.03237819268104525,002607
2022-03-07,7.05,7.18,6.91,6.99,48829236.0,343282531.0,1790909010.0000002,0.027265056866289366,002607
2022-03-08,6.96,7.04,6.35,6.35,75851472.0,499589958.0,1790909010.0000002,0.04235361572054405,002607
2022-03-09,6.4,6.45,5.72,6.0,86255783.0,519692053.0,1790909010.0000002,0.04816312973934951,002607
2022-03-10,6.1,6.33,6.06,6.14,57983113.0,359228439.0,1790909010.0000002,0.03237635897537865,002607
2022-03-11,6.0,6.26,5.9,6.23,50245398.0,303971524.0,1790909010.0000002,0.028055807257343572,002607
2022-03-14,6.17,6.38,5.97,5.98,38204308.0,234713848.0,1790909010.0000002,0.0213323556845582,002607
2022-03-15,5.88,5.97,5.53,5.55,47874144.0,275980356.0,1790909010.0000002,0.02673175674067327,002607
2022-03-16,5.72,5.79,5.5,5.77,45434033.0,257098109.0,1790909010.0000002,0.025369258151199985,002607
2022-03-17,5.85,6.04,5.79,5.88,55855722.0,332036590.0,1790909010.0000002,0.03118847562222047,002607
2022-03-18,5.86,5.97,5.81,5.88,35017924.0,206374453.0,1790909010.0000002,0.01955315641636087,002607
2022-03-21,5.96,6.01,5.83,5.85,49507490.0,292359082.0,1790909010.0000002,0.02764377739101329,002607
2022-03-22,5.84,5.91,5.77,5.85,34336295.0,200376714.0,1790909010.0000002,0.019172551373785315,002607
2022-03-23,5.86,5.97,5.8,5.87,39359819.0,231488705.0,1790909010.0000002,0.021977564901524502,002607
2022-03-24,5.84,5.85,5.64,5.68,40039529.0,228701930.0,1790909010.0000002,0.02235709842120901,002607
2022-03-25,5.75,5.75,5.51,5.52,49601236.0,278471866.0,1790909010.0000002,0.02769612287561164,002607
2022-03-28,5.45,5.79,5.34,5.61,57578062.0,321699403.0,1790909010.0000002,0.032150188356023734,002607
2022-03-29,5.61,5.8,5.5,5.53,47438588.0,267003360.0,1790909010.0000002,0.026488552871817866,002607
2022-03-30,5.53,5.67,5.45,5.66,44987890.0,251340250.0,1790909010.0000002,0.02512014275923487,002607
2022-03-31,5.62,5.69,5.56,5.61,30810972.0,173282759.0,1790909010.0000002,0.017204096817850057,002607
2022-04-01,5.56,5.86,5.54,5.73,45929634.0,261660794.0,1790909010.0000002,0.025645989686544707,002607
2022-04-06,5.73,6.3,5.73,6.05,115703473.0,705315258.0,1790909010.0000002,0.06460600307103262,002607
2022-04-07,5.91,6.03,5.76,5.79,66813199.0,394640647.0,1790909010.0000002,0.03730686407122381,002607
2022-04-08,5.76,5.85,5.6,5.72,51688424.0,294993163.0,1790909010.0000002,0.028861557852121137,002607
2022-04-11,5.66,5.75,5.47,5.55,34497711.0,193704239.0,1790909010.0000002,0.01926268213927853,002607
2022-04-12,5.51,5.78,5.43,5.76,46787017.0,262220482.0,1790909010.0000002,0.026124731484822892,002607
2022-04-13,5.67,5.73,5.55,5.6,31929300.0,179613810.0,1790909010.0000002,0.017828543952660106,002607
2022-04-14,5.6,5.85,5.55,5.68,65727850.0,376006235.0,1790909010.0000002,0.036700831607296446,002607
2022-04-15,5.6,5.65,5.4,5.4,47801260.0,261907454.0,1790909010.0000002,0.0266910600890885,002607
2022-04-18,5.4,5.4,5.22,5.35,22755138.0,121179479.0,1790909010.0000002,0.012705915193312918,002607
2022-04-19,5.29,5.43,5.29,5.4,30413098.0,163171276.0,1790909010.0000002,0.016981933660605124,002607
2022-04-20,5.4,5.49,5.26,5.28,43304068.0,232748875.0,1790909010.0000002,0.024179937539093622,002607
2022-04-21,5.27,5.39,4.97,5.0,50644980.0,260096499.0,1790909010.0000002,0.02827892412021535,002607
2022-04-22,4.85,4.93,4.76,4.85,32276764.0,156254619.0,1790909010.0000002,0.01802255939289735,002607
2022-04-25,4.81,4.82,4.45,4.46,39767756.0,184332762.0,1790909010.0000002,0.02220534699303344,002607
2022-04-26,4.56,4.64,4.41,4.43,43399689.0,197053111.0,1790909010.0000002,0.02423332997805399,002607
2022-04-27,4.33,4.47,4.19,4.45,41890027.0,181756959.0,1790909010.0000002,0.023390371462813732,002607
2022-04-28,4.4,4.47,4.09,4.16,51609803.0,219536354.0,1790909010.0000002,0.028817657799376416,002607
2022-04-29,4.16,4.58,4.15,4.58,60180822.0,267106019.0,1790909010.0000002,0.0336035061881787,002607
2022-05-05,4.58,4.84,4.54,4.74,76101104.0,356823979.0,1790909010.0000002,0.042493004153237236,002607
2022-05-06,4.63,4.67,4.58,4.65,33657538.0,155587373.0,1790909010.0000002,0.01879354998610454,002607
2022-05-09,4.6,4.68,4.5,4.59,38572304.0,177311088.0,1790909010.0000002,0.021537835693841306,002607
2022-05-10,4.52,4.71,4.47,4.69,51253045.0,237077487.0,1790909010.0000002,0.02861845281575751,002607
2022-05-11,4.69,4.79,4.61,4.63,46965720.0,221267183.0,1790909010.0000002,0.0262245148903461,002607
2022-05-12,4.6,4.7,4.56,4.68,36304118.0,168420883.0,1790909010.0000002,0.020271335839669485,002607
2022-05-13,4.7,4.71,4.49,4.61,41328073.0,189084133.0,1790909010.0000002,0.023076590027318024,002607
2022-05-16,4.63,4.7,4.49,4.54,36822000.0,168967973.0,1790909010.0000002,0.02056050854308896,002607
2022-05-17,4.56,4.57,4.4,4.45,35217103.0,156705077.0,1790909010.0000002,0.019664373121892995,002607
2022-05-18,4.48,4.9,4.46,4.9,56129969.0,264588558.0,1790909010.0000002,0.03134160847177825,002607
2022-05-19,5.05,5.39,4.97,5.39,107123694.0,554859106.0,1790909010.0000002,0.05981526331145098,002607
2022-05-20,5.64,5.85,5.25,5.3,193608274.0,1065834804.0,1790909010.0000002,0.1081061477266229,002607
2022-05-23,5.32,5.44,5.18,5.27,104534405.0,551416608.0,1790909010.0000002,0.058369467357808416,002607
2022-05-24,5.22,5.27,5.02,5.03,87673004.0,450902372.0,1790909010.0000002,0.04895447145022738,002607
2022-05-25,5.04,5.13,4.99,5.06,61975224.0,312686219.0,1790909010.0000002,0.03460545658877443,002607
2022-05-26,5.06,5.09,4.9,5.06,58081396.0,289731720.0,1790909010.0000002,0.03243123781034526,002607
2022-05-27,5.09,5.57,4.99,5.35,172586634.0,920740465.0,1790909010.0000002,0.09636817562272468,002607
2022-05-30,5.33,5.77,5.08,5.32,159678632.0,842953525.0,1790909010.0000002,0.08916066148999942,002607
2022-05-31,5.23,5.3,5.12,5.17,90658141.0,470118171.0,1790909010.0000002,0.050621299292028236,002607
2022-06-01,5.15,5.22,5.05,5.08,55797693.0,285816575.0,1790909010.0000002,0.03115607364106119,002607
2022-06-02,5.04,5.09,5.0,5.06,37670538.0,189837281.0,1790909010.0000002,0.02103431150865671,002607
2022-06-06,5.05,5.18,5.01,5.17,53560486.0,273925389.0,1790909010.0000002,0.029906871706452575,002607
2022-06-07,5.18,5.69,5.14,5.46,153583776.0,838564602.0,1790909010.0000002,0.0857574422499555,002607
2022-06-08,5.47,6.01,5.4,6.01,173080524.0,1007647863.0,1790909010.0000002,0.09664395177731558,002607
2022-06-09,6.15,6.34,5.62,5.63,190896396.0,1138410024.0,1790909010.0000002,0.106591901059228,002607
2022-06-10,5.6,5.79,5.5,5.67,134424574.0,755362444.0,1790909010.0000002,0.07505941019303933,002607
2022-06-13,5.58,6.2,5.55,6.01,166762053.0,988519217.0,1790909010.0000002,0.09311587136411803,002607
2022-06-14,5.8,5.92,5.73,5.89,97037286.0,564359110.0,1790909010.0000002,0.05418325859000508,002607
2022-06-15,6.07,6.4,5.95,6.09,157742948.0,973961193.0,1790909010.0000002,0.08807982265944375,002607
2022-06-16,6.18,6.7,6.15,6.7,239584626.0,1576392088.0,1790909010.0000002,0.13377822360723954,002607
2022-06-17,6.6,6.66,6.31,6.44,205202499.0,1326676879.0,1790909010.0000002,0.11458008076021683,002607
2022-06-20,6.24,6.65,5.98,6.39,180644170.0,1130410077.0,1790909010.0000002,0.1008673076026347,002607
2022-06-21,6.15,6.25,6.01,6.06,91647805.0,559535640.0,1790909010.0000002,0.051173903580953,002607
2022-06-22,6.02,6.18,5.85,5.87,83318218.0,498972087.0,1790909010.0000002,0.04652286494443399,002607
2022-06-23,5.91,6.02,5.76,6.02,75072031.0,440164828.0,1790909010.0000002,0.04191839483793763,002607
2022-06-24,6.04,6.07,5.89,5.91,50847031.0,301844533.0,1790909010.0000002,0.02839174448064226,002607
2022-06-27,5.88,6.02,5.84,5.95,59587395.0,353122555.0,1790909010.0000002,0.03327215099554387,002607
2022-06-28,5.9,5.91,5.76,5.87,55864842.0,326050693.0,1790909010.0000002,0.031193568008237332,002607
2022-06-29,5.85,5.96,5.66,5.67,68390792.0,398124010.0,1790909010.0000002,0.03818775360340612,002607
2022-06-30,5.66,5.93,5.66,5.79,61705819.0,358720407.0,1790909010.0000002,0.03445502739416113,002607
2022-07-01,5.75,5.75,5.59,5.6,52594531.0,296371906.0,1790909010.0000002,0.029367505946044682,002607
2022-07-04,5.59,5.99,5.52,5.9,75033632.0,434368443.0,1790909010.0000002,0.04189695377097912,002607
2022-07-05,5.9,5.96,5.7,5.77,45798504.0,266021578.0,1790909010.0000002,0.025572769886282494,002607
2022-07-06,5.82,5.83,5.6,5.63,40971405.0,232780417.0,1790909010.0000002,0.022877435297508495,002607
2022-07-07,5.6,5.86,5.54,5.75,54205784.0,307258274.0,1790909010.0000002,0.030267190402933977,002607
2022-07-08,5.7,5.73,5.62,5.62,33298033.0,188562447.0,1790909010.0000002,0.01859281114454832,002607
2022-07-11,5.61,5.61,5.33,5.35,54481582.0,294933114.0,1790909010.0000002,0.03042118929314002,002607
2022-07-12,5.36,5.5,5.33,5.34,33998140.0,183322248.0,1790909010.0000002,0.018983733852564622,002607
2022-07-13,5.3,5.4,5.21,5.31,24880592.0,131998712.0,1790909010.0000002,0.013892716972818176,002607
2022-07-14,5.35,5.37,5.22,5.25,26746345.0,141225096.0,1790909010.0000002,0.01493450803511229,002607
2022-07-15,5.12,5.21,5.02,5.03,43629157.0,222644351.0,1790909010.0000002,0.0243614593239441,002607
2022-07-18,5.09,5.23,5.03,5.2,35348256.0,182578236.0,1790909010.0000002,0.019737605764795385,002607
2022-07-19,5.2,5.28,5.15,5.24,27587496.0,143738291.0,1790909010.0000002,0.01540418627968151,002607
2022-07-20,5.26,5.32,5.21,5.23,25946864.0,136342793.0,1790909010.0000002,0.014488097304284598,002607
2022-07-21,5.2,5.29,5.16,5.18,23009189.0,119867392.0,1790909010.0000002,0.01284777108804651,002607
2022-07-22,5.18,5.24,5.09,5.12,24132439.0,124422169.0,1790909010.0000002,0.013474966547853818,002607
2022-07-25,5.12,5.15,5.05,5.08,18544066.0,94380738.0,1790909010.0000002,0.01035455508708396,002607
2022-07-26,5.09,5.27,5.08,5.22,28738587.0,148503977.0,1790909010.0000002,0.016046927476231748,002607
2022-07-27,5.21,5.24,5.14,5.15,19393401.0,100217213.0,1790909010.0000002,0.010828803078052524,002607
2022-07-28,5.19,5.26,5.16,5.17,25592971.0,133379086.0,1790909010.0000002,0.014290492066930859,002607
2022-07-29,5.2,5.22,5.06,5.07,25829236.0,131845887.0,1790909010.0000002,0.014422416692180244,002607
2022-08-01,5.05,5.05,4.96,4.97,24799018.0,123771228.0,1790909010.0000002,0.01384716803675023,002607
2022-08-02,4.89,4.91,4.6,4.68,40047648.0,188500078.0,1790909010.0000002,0.02236163187319047,002607
2022-08-03,4.65,4.83,4.64,4.66,24577094.0,116447737.0,1790909010.0000002,0.01372325107683723,002607
2022-08-04,4.71,4.79,4.68,4.77,21336770.0,101002840.0,1790909010.0000002,0.011913933025553318,002607
2022-08-05,4.77,4.9,4.66,4.78,57082534.0,270401914.0,1790909010.0000002,0.03187349758210217,002607
2022-08-08,4.69,4.74,4.67,4.7,30058714.0,141199044.0,1790909010.0000002,0.01678405426080245,002607
2022-08-09,4.71,4.72,4.64,4.64,24204118.0,112804511.0,1790909010.0000002,0.013514990356768598,002607
2022-08-10,4.66,4.67,4.53,4.58,31167163.0,143084750.0,1790909010.0000002,0.017402985202469887,002607
2022-08-11,4.61,4.75,4.6,4.7,42877538.0,200514177.0,1790909010.0000002,0.023941773568943066,002607
2022-08-12,4.71,4.77,4.61,4.74,33118533.0,156670602.0,1790909010.0000002,0.018492582713624292,002607
2022-08-15,4.71,4.72,4.65,4.68,25448189.0,119041779.0,1790909010.0000002,0.014209649322161821,002607
2022-08-16,4.71,4.74,4.61,4.63,32974556.0,153283603.0,1790909010.0000002,0.018412189461261348,002607
2022-08-17,4.63,4.73,4.54,4.71,50940182.0,236001810.0,1790909010.0000002,0.02844375773172306,002607
2022-08-18,4.69,4.69,4.58,4.59,34707600.0,159965108.0,1790909010.0000002,0.019379879048126512,002607
2022-08-19,4.59,4.82,4.59,4.7,64111514.0,303358721.0,1790909010.0000002,0.035798308926928674,002607
2022-08-22,4.68,4.69,4.57,4.64,45056438.0,209046898.0,1790909010.0000002,0.025158418293958994,002607
2022-08-23,4.62,4.62,4.55,4.56,43284018.0,197716734.0,1790909010.0000002,0.024168742107115757,002607
2022-08-24,4.56,4.58,4.38,4.4,49532321.0,221004680.0,1790909010.0000002,0.02765764241702039,002607
2022-08-25,4.39,4.42,4.29,4.39,32712248.0,142336887.0,1790909010.0000002,0.018265723058705254,002607
2022-08-26,4.4,4.53,4.39,4.43,36918866.0,164847398.0,1790909010.0000002,0.020614596159745712,002607
2022-08-29,4.34,4.5,4.31,4.47,26257542.0,115794072.0,1790909010.0000002,0.014661572337502505,002607
2022-08-30,4.45,4.59,4.44,4.57,33764304.0,152713622.0,1790909010.0000002,0.018853165521792753,002607
2022-08-31,4.57,4.72,4.54,4.58,55134282.0,255525241.0,1790909010.0000002,0.030785641086254846,002607
2022-09-01,4.57,4.68,4.5,4.51,37436637.0,171277761.0,1790909010.0000002,0.020903706883466957,002607
2022-09-02,4.5,4.57,4.44,4.54,28877707.0,129787781.0,1790909010.0000002,0.016124608698015314,002607
2022-09-05,4.52,4.55,4.42,4.47,24157120.0,107617796.0,1790909010.0000002,0.013488747817511956,002607
2022-09-06,4.45,4.54,4.43,4.53,25849222.0,116033283.0,1790909010.0000002,0.014433576388115885,002607
2022-09-07,4.54,4.56,4.46,4.48,18194594.0,81622050.0,1790909010.0000002,0.010159418428521949,002607
2022-09-08,4.49,4.56,4.44,4.44,21808082.0,97962366.0,1790909010.0000002,0.012177102174498524,002607
2022-09-09,4.43,4.54,4.42,4.51,27478138.0,123306387.0,1790909010.0000002,0.01534312343428324,002607
2022-09-13,4.52,4.84,4.51,4.75,83627633.0,392887897.0,1790909010.0000002,0.046695634749193644,002607
2022-09-14,4.64,4.77,4.62,4.71,43567565.0,204569605.0,1790909010.0000002,0.024327067850309154,002607
2022-09-15,4.71,4.86,4.68,4.75,64326975.0,307356303.0,1790909010.0000002,0.03591861710495275,002607
2022-09-16,4.76,4.76,4.52,4.53,43932623.0,203280492.0,1790909010.0000002,0.024530907351903934,002607
2022-09-19,4.52,4.55,4.39,4.47,27790643.0,124240747.0,1790909010.0000002,0.015517618619831499,002607
2022-09-20,4.48,4.55,4.43,4.48,23353942.0,104678427.0,1790909010.0000002,0.01304027277187019,002607
2022-09-21,4.47,4.54,4.32,4.52,33510646.0,148470449.0,1790909010.0000002,0.018711529068693444,002607
2022-09-22,4.5,4.54,4.38,4.39,31244616.0,138631180.0,1790909010.0000002,0.01744623307244403,002607
2022-09-23,4.38,4.39,4.18,4.19,40259195.0,171539453.0,1790909010.0000002,0.02247975456888231,002607
2022-09-26,4.11,4.18,4.07,4.07,25624043.0,105598487.0,1790909010.0000002,0.014307841915430419,002607
2022-09-27,4.13,4.34,4.09,4.32,48577652.0,204992546.0,1790909010.0000002,0.027124578484308364,002607
2022-09-28,4.31,4.33,4.16,4.16,30958169.0,131500226.0,1790909010.0000002,0.017286288039837377,002607
2022-09-29,4.23,4.28,4.06,4.08,34966623.0,145556816.0,1790909010.0000002,0.01952451118664035,002607
2022-09-30,4.09,4.13,4.04,4.05,22962710.0,93543870.0,1790909010.0000002,0.012821818345757274,002607
2022-10-10,4.06,4.09,3.91,3.92,26361057.0,104694445.0,1790909010.0000002,0.014719372593920891,002607
2022-10-11,3.9,3.95,3.79,3.95,34217123.0,132011724.0,1790909010.0000002,0.019106008629662316,002607
2022-10-12,3.91,4.03,3.86,4.02,26232983.0,103150530.0,1790909010.0000002,0.014647859189674855,002607
2022-10-13,4.02,4.12,4.0,4.05,28573410.0,116248931.0,1790909010.0000002,0.015954696659882233,002607
2022-10-14,4.06,4.46,4.05,4.46,45760497.0,199327979.0,1790909010.0000002,0.025551547702582608,002607
2022-10-17,4.58,4.9,4.48,4.65,159357026.0,741104061.0,1790909010.0000002,0.08898108452757182,002607
2022-10-18,4.6,4.65,4.49,4.56,89153278.0,406467739.0,1790909010.0000002,0.049781020421579086,002607
2022-10-19,4.57,4.73,4.52,4.62,94752732.0,438820705.0,1790909010.0000002,0.05290761924303457,002607
2022-10-20,4.56,4.66,4.52,4.54,61929208.0,284148860.0,1790909010.0000002,0.03457976237441566,002607
2022-10-21,4.53,4.73,4.49,4.66,88524861.0,408643684.0,1790909010.0000002,0.04943012766460982,002607
2022-10-24,4.68,4.7,4.44,4.46,76756755.0,348162125.0,1790909010.0000002,0.04285910371292397,002607
2022-10-25,4.39,4.43,4.25,4.28,60267945.0,259629068.0,1790909010.0000002,0.03365215355078257,002607
2022-10-26,4.33,4.71,4.33,4.5,120071866.0,546897083.0,1790909010.0000002,0.06704520739442814,002607
2022-10-27,4.58,4.62,4.41,4.42,83489567.0,377152551.0,1790909010.0000002,0.04661854205535545,002607
2022-10-28,4.41,4.45,4.22,4.25,60259821.0,261728889.0,1846115945.0,0.032641406496275074,002607
2022-10-31,4.31,4.55,4.28,4.35,100584724.0,442897597.0,1846115945.0,0.054484510722320856,002607
2022-11-01,4.39,4.46,4.24,4.33,78842465.0,340331106.0,1846115945.0,0.042707211978497917,002607
2022-11-02,4.33,4.76,4.3,4.76,217420746.0,1018836304.0,4396665205.0,0.04945128543168208,002607
2022-11-03,4.75,5.18,4.58,5.0,263337827.0,1280064616.0,4396665205.0,0.059894900958236595,002607
2022-11-04,5.02,5.35,4.91,5.13,211131562.0,1083619096.0,4396665205.0,0.04802084128668605,002607
2022-11-07,5.08,5.19,4.95,5.02,158781809.0,798993859.0,4396665205.0,0.036114145971230485,002607
2022-11-08,5.12,5.15,4.86,4.91,135406850.0,674703027.0,4396665205.0,0.03079762585652687,002607
2022-11-09,4.85,4.93,4.79,4.85,79143067.0,384286634.0,4396665205.0,0.01800070355823238,002607
2022-11-10,4.79,4.93,4.77,4.87,83002198.0,404223607.0,4396665205.0,0.018878444031992198,002607
2022-11-11,4.98,5.01,4.77,4.8,102035611.0,497394065.0,4396665205.0,0.023207500740325303,002607
2022-11-14,4.81,4.93,4.74,4.89,83690308.0,405198412.0,4396665205.0,0.019034951286448932,002607
2022-11-15,4.89,5.03,4.84,4.98,95740612.0,475081016.0,4396665205.0,0.021775734002016194,002607
2022-11-16,4.95,5.24,4.91,5.09,142281258.0,723936938.0,4396665205.0,0.03236117633841988,002607
2022-11-17,5.0,5.05,4.91,4.99,67215301.0,334550285.0,4396665205.0,0.015287791511521287,002607
2022-11-18,5.0,5.49,4.97,5.49,257266894.0,1373748361.0,4396665205.0,0.058514096935884385,002607
2022-11-21,5.39,5.39,5.15,5.22,186068419.0,976536553.0,4396665205.0,0.04232035197685697,002607
2022-11-22,5.15,5.68,5.14,5.39,217150682.0,1181577290.0,4396665205.0,0.04938986069556779,002607
2022-11-23,5.39,5.45,5.07,5.17,131528138.0,682292635.0,4396665205.0,0.029915431780073415,002607
2022-11-24,5.23,5.27,5.07,5.08,81528346.0,419814300.0,4396665205.0,0.01854322360212551,002607
2022-11-25,5.03,5.2,4.98,4.99,74195289.0,374173307.0,4396665205.0,0.01687535564809966,002607
2022-11-28,4.8,4.82,4.61,4.69,103892770.0,488393356.0,4396665205.0,0.0236299024728675,002607
2022-11-29,4.7,5.01,4.7,4.98,117490997.0,574473971.0,4396665205.0,0.02672275270502431,002607
2022-11-30,4.99,5.03,4.86,4.95,75867438.0,374223506.0,4647497124.0,0.016324364701209872,002607
2022-12-01,5.01,5.19,4.98,5.07,93617342.0,476247558.0,4647497124.0,0.020143604073804264,002607
2022-12-02,5.01,5.1,4.99,5.01,51731120.0,260345337.0,4647497124.0,0.011130963316331469,002607
2022-12-05,5.07,5.23,5.01,5.17,81688620.0,420045791.0,4647497124.0,0.017576905981964843,002607
2022-12-06,5.15,5.38,5.12,5.2,101553857.0,532693083.0,4647497124.0,0.021851300665807576,002607
2022-12-07,5.15,5.44,5.14,5.33,110705322.0,587086996.0,4647497124.0,0.023820417537928098,002607
2022-12-08,5.3,5.68,5.25,5.55,168416711.0,919852941.0,4647497124.0,0.03623815281784346,002607
2022-12-09,5.56,5.73,5.47,5.52,134816878.0,749358716.0,4647497124.0,0.02900849089368904,002607
2022-12-12,5.48,5.63,5.36,5.39,93875043.0,511190625.0,4647497124.0,0.02019905348950572,002607
2022-12-13,5.3,5.5,5.3,5.4,64935177.0,352175957.0,4647497124.0,0.013972074703321537,002607
2022-12-14,5.4,5.51,5.23,5.29,106485116.0,568548670.0,4647497124.0,0.02291235758922871,002607
2022-12-15,5.33,5.36,5.22,5.28,54579011.0,288682217.0,4647497124.0,0.011743742824099917,002607
2022-12-16,5.36,5.52,5.26,5.41,129216529.0,696933798.0,4647497124.0,0.02780346615659358,002607
2022-12-19,5.45,5.64,5.28,5.48,180052948.0,992930975.0,4647497124.0,0.03874191703534231,002607
2022-12-20,5.38,5.38,5.07,5.16,129056986.0,670752825.0,4647497124.0,0.027769137356436588,002607
2022-12-21,5.18,5.3,5.13,5.17,74486095.0,388207920.0,4647497124.0,0.016027141709318894,002607
2022-12-22,5.28,5.69,5.07,5.69,203363579.0,1116505604.0,4647497124.0,0.0437576556959694,002607
2022-12-23,5.7,6.26,5.66,5.71,452370463.0,2667351070.0,4647497124.0,0.0973363621171334,002607
2022-12-26,5.6,5.65,5.35,5.43,283902501.0,1552777090.0,4647497124.0,0.061087181643191914,002607
2022-12-27,5.39,5.4,5.11,5.17,303126200.0,1588273858.0,4647497124.0,0.06522353686560345,002607
2022-12-28,5.08,5.1,4.75,4.76,328694231.0,1602579111.0,4647497124.0,0.07072499933407167,002607
2022-12-29,4.68,4.83,4.62,4.71,172436158.0,814571393.0,4647497124.0,0.03710301553701403,002607
2022-12-30,4.74,4.83,4.63,4.63,168264451.0,791498623.0,4647497124.0,0.03620539109773099,002607
2023-01-03,4.62,4.65,4.53,4.58,177654994.0,812345282.0,4679173985.0,0.037967169968355,002607
2023-01-04,4.58,4.69,4.55,4.61,179827527.0,830587457.0,4679173985.0,0.03843146836951822,002607
2023-01-05,4.59,5.07,4.58,4.85,500651386.0,2454490950.0,4679173985.0,0.10699567650293303,002607
2023-01-06,4.8,4.9,4.69,4.74,310560398.0,1483295643.0,4679173985.0,0.06637077377237127,002607
2023-01-09,4.78,5.01,4.75,4.9,277985753.0,1360428323.0,4679173985.0,0.059409150822589046,002607
2023-01-10,4.88,5.02,4.78,4.92,208081392.0,1021205619.0,4679173985.0,0.0444696847492838,002607
2023-01-11,4.92,4.96,4.78,4.79,145648581.0,707283053.0,4679173985.0,0.031126985546360272,002607
2023-01-12,4.78,4.92,4.71,4.76,132659020.0,635864416.0,4679173985.0,0.0283509483565399,002607
2023-01-13,4.76,4.84,4.68,4.84,96708626.0,461035442.0,4679173985.0,0.020667884184263775,002607
2023-01-16,4.87,5.32,4.87,5.29,484235759.0,2517595764.0,4679173985.0,0.10348744469692978,002607
2023-01-17,5.34,5.82,5.31,5.82,529785943.0,2965140934.0,4679173985.0,0.11322210815377493,002607
2023-01-18,5.75,5.8,5.55,5.72,306717416.0,1740935483.0,4679173985.0,0.0655494788146887,002607
2023-01-19,5.71,5.94,5.62,5.83,239553167.0,1383832189.0,4679173985.0,0.051195610115788416,002607
2023-01-20,5.9,6.15,5.78,6.09,262312016.0,1573903841.0,4679173985.0,0.05605947050502761,002607
2023-01-30,6.11,6.14,5.84,6.05,300725301.0,1802967445.0,4679173985.0,0.06426888633849336,002607
2023-01-31,6.05,6.29,5.97,6.14,245850366.0,1505816019.0,4679173985.0,0.05254140298867301,002607
2023-02-01,6.11,6.38,6.04,6.26,201067845.0,1251317177.0,4679173985.0,0.04297079904371198,002607
2023-02-02,6.24,6.25,6.05,6.09,173610228.0,1065226192.0,4679173985.0,0.03710275116004262,002607
2023-02-03,6.06,6.19,6.02,6.12,120355072.0,734488091.0,4679173985.0,0.025721435532387028,002607
2023-02-06,6.03,6.09,5.85,5.9,152379803.0,906064530.0,4679173985.0,0.03256553474790273,002607
2023-02-07,6.05,6.06,5.83,5.84,125512107.0,742264748.0,4679173985.0,0.026823560611841622,002607
2023-02-08,5.84,5.91,5.78,5.8,94459318.0,551954389.0,4679173985.0,0.020187177972609625,002607
2023-02-09,5.78,5.88,5.74,5.82,127677167.0,740772739.0,4679173985.0,0.027286261936250698,002607
2023-02-10,5.88,5.95,5.77,5.8,209500701.0,1226865306.0,4679173985.0,0.04477300943961373,002607
2023-02-13,5.77,6.24,5.74,6.15,286844739.0,1729510439.0,4679173985.0,0.061302430710962336,002607
2023-02-14,6.15,6.2,6.01,6.15,145789493.0,889519334.0,4679173985.0,0.031157100263285036,002607
2023-02-15,6.12,6.19,6.06,6.13,114417307.0,700461558.0,4679173985.0,0.024452458354142607,002607
2023-02-16,6.12,6.22,5.8,5.88,234878413.0,1418937707.0,4679173985.0,0.05019655472375003,002607
2023-02-17,5.82,5.9,5.65,5.66,159648080.0,918100636.0,4679173985.0,0.03411885954909625,002607
2023-02-20,5.63,5.96,5.62,5.9,137321410.0,797018954.0,4679173985.0,0.029347361401865033,002607
2023-02-21,5.89,5.91,5.79,5.89,86564773.0,506391610.0,4679173985.0,0.018500011599803762,002607
2023-02-22,5.82,5.85,5.72,5.79,74635424.0,431162001.0,4679173985.0,0.015950555426931832,002607
2023-02-23,5.78,6.07,5.77,5.82,153435352.0,905376673.0,4679173985.0,0.03279111922144096,002607
2023-02-24,5.8,5.8,5.67,5.7,80880799.0,462287635.0,4679173985.0,0.017285272840736228,002607
2023-02-27,5.64,5.66,5.5,5.58,92750395.0,517438799.0,4679173985.0,0.01982195902467602,002607
2023-02-28,5.6,5.74,5.56,5.71,109770132.0,622410613.0,4679173985.0,0.02345929695110493,002607
2023-03-01,5.67,5.78,5.63,5.73,94774414.0,542053262.0,4679173985.0,0.020254518063191874,002607
2023-03-02,5.73,5.83,5.65,5.7,99271055.0,568221723.0,4679173985.0,0.021215508403455957,002607
2023-03-03,5.71,5.83,5.61,5.79,140042500.0,804745815.0,4679173985.0,0.029928893528843637,002607
2023-03-06,5.72,5.74,5.21,5.22,337036455.0,1808762477.0,4679173985.0,0.07202904958875984,002607
2023-03-07,5.16,5.29,5.07,5.1,148828105.0,765882726.0,4679173985.0,0.03180649094842324,002607
2023-03-08,5.08,5.16,5.04,5.14,82211177.0,420617569.0,4679173985.0,0.017569591826152198,002607
2023-03-09,5.13,5.13,5.02,5.05,78279802.0,395812004.0,4679173985.0,0.01672940614111403,002607
2023-03-10,5.01,5.08,4.97,5.04,71822744.0,360854275.0,4679173985.0,0.015349449332348346,002607
2023-03-13,5.02,5.13,4.89,5.11,117459232.0,587427389.0,4679173985.0,0.02510255707023042,002607
2023-03-14,5.06,5.09,4.9,5.02,93020274.0,464907429.0,4679173985.0,0.01987963565753155,002607
2023-03-15,5.01,5.08,4.9,4.92,94647099.0,469867616.0,4679173985.0,0.02022730920102771,002607
2023-03-16,4.89,5.19,4.87,4.97,158193977.0,796500051.0,4679173985.0,0.03380809893094839,002607
2023-03-17,4.98,5.03,4.94,4.96,81116111.0,403432693.0,4679173985.0,0.017335562058609796,002607
2023-03-20,4.95,4.97,4.8,4.84,141785664.0,690137898.0,4679173985.0,0.030301430221342796,002607
2023-03-21,4.84,5.07,4.83,5.03,140222730.0,696326135.0,4679173985.0,0.029967411010898753,002607
2023-03-22,5.04,5.07,4.98,5.03,79179278.0,397221439.0,4679173985.0,0.01692163579593846,002607
2023-03-23,5.01,5.05,4.92,4.96,109161671.0,542499695.0,4679173985.0,0.0233292609657044,002607
2023-03-24,4.98,5.06,4.93,4.99,99284592.0,495053234.0,4679173985.0,0.021218401435440532,002607
2023-03-27,4.97,5.0,4.86,4.93,88344066.0,434095539.0,4679173985.0,0.01888026952688745,002607
2023-03-28,4.91,4.95,4.81,4.84,90715435.0,442006914.0,4679173985.0,0.01938706175295168,002607
2023-03-29,4.86,4.9,4.78,4.8,82726688.0,399578645.0,4679173985.0,0.017679763194357902,002607
2023-03-30,4.79,4.82,4.72,4.77,67301066.0,320437159.0,4679173985.0,0.01438310826136122,002607
2023-03-31,4.78,4.92,4.76,4.9,98600384.0,479845378.0,4679173985.0,0.02107217733644499,002607
2023-04-03,4.88,4.89,4.73,4.79,132669765.0,637016625.0,4679173985.0,0.02835324470201336,002607
2023-04-04,4.81,4.82,4.61,4.66,134213505.0,627761996.0,4679173985.0,0.028683161906406435,002607
2023-04-06,4.64,4.66,4.58,4.65,76837411.0,354717595.0,4679173985.0,0.01642114852884659,002607
2023-04-07,4.64,4.77,4.61,4.69,110556607.0,520438461.0,4679173985.0,0.023627376830699317,002607
2023-04-10,4.66,4.69,4.57,4.59,94609748.0,436890336.0,4679173985.0,0.020219326809238106,002607
2023-04-11,4.6,4.8,4.56,4.68,132309870.0,620992346.0,4679173985.0,0.028276330485710717,002607
2023-04-12,4.67,4.86,4.66,4.78,138860337.0,664926482.0,4679173985.0,0.029676250005907828,002607
2023-04-13,4.76,4.93,4.72,4.8,152508610.0,738842270.0,4679173985.0,0.032593062469764095,002607
2023-04-14,4.8,4.81,4.69,4.75,81918518.0,387678377.0,4679173985.0,0.017507046812665163,002607
2023-04-17,4.73,4.73,4.61,4.64,83091700.0,385639600.0,4679173985.0,0.0177577709797427,002607
2023-04-18,4.66,4.67,4.58,4.6,66706066.0,307219507.0,4679173985.0,0.014255949065762299,002607
2023-04-19,4.6,4.6,4.48,4.53,82782373.0,374528299.0,4679173985.0,0.017691663799075427,002607
2023-04-20,4.52,4.57,4.44,4.47,75146374.0,336226346.0,4679173985.0,0.01605975205044657,002607
2023-04-21,4.49,4.59,4.29,4.31,109200529.0,483925073.0,4679173985.0,0.02333756542288521,002607
2023-04-24,4.34,4.74,4.27,4.74,201870827.0,918812771.0,4679173985.0,0.043142406682704276,002607
2023-04-25,4.97,5.2,4.7,4.83,390073585.0,1933524515.0,4679173985.0,0.08336377024031519,002607
2023-04-26,4.7,4.8,4.59,4.68,200770491.0,940994668.0,4679173985.0,0.042907250648000855,002607
2023-04-27,4.75,5.0,4.69,4.94,274292623.0,1343498171.0,4679173985.0,0.05861988117545922,002607
2023-04-28,4.89,5.02,4.53,4.92,266403820.0,1291331995.0,4679173985.0,0.05693394194231912,002607
2023-05-04,4.86,5.39,4.85,5.27,414649243.0,2138388561.0,4679173985.0,0.08861590621106173,002607
2023-05-05,5.27,5.65,5.17,5.46,470960825.0,2564419440.0,4679173985.0,0.10065041960605789,002607
2023-05-08,5.72,5.88,5.38,5.4,458471671.0,2553939558.0,4679173985.0,0.09798132586429141,002607
2023-05-09,5.3,5.4,4.98,5.0,395074871.0,2034274643.0,4679173985.0,0.08443260974404652,002607
2023-05-10,4.95,5.23,4.91,5.09,259663758.0,1329929733.0,4679173985.0,0.055493503518442046,002607
2023-05-11,5.13,5.59,5.11,5.44,410133436.0,2203227669.0,4679173985.0,0.08765081984870883,002607
2023-05-12,5.35,5.75,5.25,5.54,464648555.0,2580039721.0,4679173985.0,0.0993014058655483,002607
2023-05-15,5.5,5.7,5.3,5.53,354712432.0,1950438879.0,4679173985.0,0.07580663449085234,002607
2023-05-16,5.42,5.42,4.98,5.05,356559433.0,1839052875.0,4679173985.0,0.07620136249325639,002607
2023-05-17,4.99,5.1,4.95,5.04,148810328.0,746576536.0,4679173985.0,0.031802691773599435,002607
2023-05-18,5.04,5.12,4.83,5.11,205594842.0,1027872855.0,4679173985.0,0.04393827685379389,002607
2023-05-19,5.05,5.08,4.9,4.91,161262744.0,801458111.0,4679173985.0,0.03446393412960472,002607
2023-05-22,4.65,4.84,4.62,4.78,137593374.0,655045318.0,4679173985.0,0.029405483626187497,002607
2023-05-23,4.78,4.86,4.7,4.7,105994438.0,505875485.0,4679173985.0,0.022652382309310517,002607
2023-05-24,4.68,4.73,4.55,4.56,161584334.0,747483630.0,4679173985.0,0.03453266207197893,002607
2023-05-25,4.56,4.74,4.54,4.64,168899344.0,783076588.0,4679173985.0,0.03609597431970677,002607
2023-05-26,4.6,5.1,4.58,5.1,370019927.0,1827970908.0,4679173985.0,0.07907804415612044,002607
2023-05-29,5.1,5.27,5.0,5.02,331312193.0,1693252875.0,4679173985.0,0.07080570076301619,002607
2023-05-30,5.06,5.09,4.87,5.0,206962156.0,1028695030.0,4679173985.0,0.044230489540131944,002607
2023-05-31,4.97,5.07,4.94,5.02,166830219.0,833985647.0,4679173985.0,0.03565377554559985,002607
2023-06-01,4.98,5.22,4.96,5.09,239297917.0,1223807759.0,4679173985.0,0.05114105988944115,002607
2023-06-02,5.11,5.17,5.03,5.05,148596400.0,754527929.0,4679173985.0,0.03175697259310181,002607
2023-06-05,5.05,5.16,4.98,5.1,181506879.0,925283938.0,4679173985.0,0.03879036761228702,002607
2023-06-06,5.12,5.19,4.98,5.03,179905467.0,915309742.0,4679173985.0,0.038448125155577,002607
2023-06-07,4.99,5.11,4.92,5.04,140115289.0,704641067.0,4679173985.0,0.02994444947958053,002607
2023-06-08,4.98,4.98,4.8,4.81,218042630.0,1056262252.0,4679173985.0,0.04659853014634163,002607
2023-06-09,4.86,4.87,4.73,4.83,132151342.0,633467197.0,4679173985.0,0.028242451001744488,002607
2023-06-12,4.83,5.31,4.82,5.19,519087114.0,2687088435.0,4679173985.0,0.11093563002017759,002607
2023-06-13,5.12,5.19,5.05,5.1,347396359.0,1774075521.0,4679173985.0,0.0742430950662759,002607
2023-06-14,5.12,5.24,5.04,5.09,291069337.0,1491520100.0,4679173985.0,0.062205281943582186,002607
2023-06-15,5.03,5.06,4.87,4.94,282130552.0,1395263290.0,4679173985.0,0.06029494797680621,002607
2023-06-16,4.91,5.09,4.87,4.99,212748216.0,1061280833.0,4679173985.0,0.04546704539775731,002607
2023-06-19,4.99,5.05,4.88,4.9,167852932.0,828387900.0,4679173985.0,0.03587234254124449,002607
2023-06-20,4.9,4.96,4.84,4.85,151623458.0,740742522.0,4679173985.0,0.03240389403900312,002607
2023-06-21,4.85,4.88,4.68,4.7,176820265.0,837121228.0,4679173985.0,0.03778877758485401,002607
2023-06-26,4.68,4.79,4.62,4.74,141032377.0,663723404.0,4679173985.0,0.030140443046594686,002607
2023-06-27,4.74,4.88,4.7,4.8,112229381.0,538943359.0,4679173985.0,0.023984870269789724,002607
2023-06-28,4.77,4.77,4.66,4.71,90532057.0,425674255.0,4679173985.0,0.019347871502581028,002607
2023-06-29,4.7,4.76,4.66,4.7,109082602.0,513878349.0,4679173985.0,0.023312362897743372,002607
2023-06-30,4.72,4.74,4.67,4.7,92893899.0,435834547.0,4867359324.0,0.019085071147708018,002607
2023-07-03,4.69,4.81,4.67,4.77,110152570.0,523167062.0,4867359324.0,0.022630868745781546,002607
2023-07-04,4.77,4.77,4.68,4.72,107272921.0,504179442.0,4867359324.0,0.0220392442512017,002607
2023-07-05,4.7,4.71,4.63,4.64,92097254.0,429193218.0,4867359324.0,0.018921400264386972,002607
2023-07-06,4.64,4.7,4.62,4.68,74297560.0,346849780.0,4867359324.0,0.015264449376821887,002607
2023-07-07,4.65,4.68,4.6,4.61,60634643.0,280201783.0,4867359324.0,0.012457400196657436,002607
2023-07-10,4.62,4.8,4.61,4.77,156891676.0,739711599.0,4867359324.0,0.03223342793419786,002607
2023-07-11,4.76,4.76,4.65,4.7,103634723.0,486596223.0,4867359324.0,0.021291775704538062,002607
2023-07-12,4.73,5.03,4.72,4.86,298559933.0,1465642161.0,4867359324.0,0.06133920122310658,002607
2023-07-13,4.86,5.04,4.82,5.03,328406763.0,1626784843.0,4867359324.0,0.06747123874349902,002607
2023-07-14,5.05,5.14,4.61,4.72,461178264.0,2260263760.0,4867359324.0,0.09474917163522732,002607
2023-07-17,4.72,4.72,4.6,4.64,245215981.0,1136110734.0,4867359324.0,0.05037967503054229,002607
2023-07-18,4.62,4.63,4.56,4.61,118639279.0,544675304.0,4867359324.0,0.02437446490030289,002607
2023-07-19,4.6,4.65,4.59,4.63,86511263.0,399460751.0,4867359324.0,0.017773757234940478,002607
2023-07-20,4.64,4.72,4.58,4.64,121865681.0,565517889.0,4867359324.0,0.025037329871888454,002607
2023-07-21,4.6,4.62,4.58,4.6,73913327.0,339863026.0,4867359324.0,0.015185508625908877,002607
2023-07-24,4.58,4.6,4.55,4.55,72260433.0,330051479.0,4867359324.0,0.01484592120489192,002607
2023-07-25,4.58,4.61,4.57,4.6,94949258.0,435647153.0,4867359324.0,0.019507345087884456,002607
2023-07-26,4.6,4.6,4.55,4.56,76881622.0,350967034.0,4867359324.0,0.015795345459890687,002607
2023-07-27,4.56,4.58,4.41,4.44,175256354.0,785062976.0,4867359324.0,0.03600645490375964,002607
2023-07-28,4.42,4.52,4.37,4.49,114604938.0,510722975.0,4867359324.0,0.023545608690713545,002607
2023-07-31,4.5,4.62,4.5,4.58,114026346.0,521608862.0,4867359324.0,0.023426736842245922,002607
2023-08-01,4.56,4.6,4.54,4.57,71312840.0,325944231.0,4867359324.0,0.014651238023124836,002607
2023-08-02,4.57,4.57,4.5,4.52,67093763.0,303597903.0,4867359324.0,0.013784427763361076,002607
2023-08-03,4.51,4.54,4.48,4.52,55889222.0,252068734.0,4867359324.0,0.011482452451048999,002607
2023-08-04,4.54,4.6,4.54,4.55,84753199.0,387372518.0,4867359324.0,0.01741256261523543,002607
2023-08-07,4.53,4.54,4.48,4.49,70907432.0,319359388.0,4867359324.0,0.014567946863994461,002607
2023-08-08,4.5,4.54,4.45,4.5,68428800.0,307770266.0,4867359324.0,0.014058711396668606,002607
2023-08-09,4.47,4.49,4.43,4.45,59571900.0,265627288.0,4867359324.0,0.012239059423096745,002607
2023-08-10,4.43,4.47,4.42,4.44,41360414.0,183690883.0,4867359324.0,0.008497505782254427,002607
2023-08-11,4.44,4.46,4.38,4.38,54013678.0,237988375.0,4867359324.0,0.011097121540558776,002607
2023-08-14,4.36,4.45,4.33,4.44,57833437.0,253996758.0,4867359324.0,0.01188189183297699,002607
2023-08-15,4.44,4.44,4.35,4.38,41238479.0,180826676.0,4867359324.0,0.008472454210779364,002607
2023-08-16,4.37,4.4,4.35,4.38,32790645.0,143593331.0,4867359324.0,0.0067368449332096195,002607
2023-08-17,4.36,4.38,4.3,4.37,55273463.0,239693588.0,4867359324.0,0.011355944634590122,002607
2023-08-18,4.35,4.41,4.31,4.31,45288027.0,197475852.0,4867359324.0,0.009304434701726986,002607
2023-08-21,4.32,4.34,4.27,4.28,54849100.0,235958703.0,4867359324.0,0.011268759166710742,002607
2023-08-22,4.28,4.39,4.15,4.37,130465093.0,554418202.0,4867359324.0,0.026804080881537153,002607
2023-08-23,4.34,4.49,4.32,4.42,157670527.0,697604481.0,4867359324.0,0.03239344303646484,002607
2023-08-24,4.39,4.43,4.33,4.36,67432271.0,294465930.0,4867359324.0,0.01385397430337732,002607
2023-08-25,4.34,4.34,4.22,4.23,66243656.0,282074270.0,4867359324.0,0.013609773100860962,002607
2023-08-28,4.42,4.43,4.23,4.24,104678511.0,453295171.0,4867359324.0,0.021506222169349748,002607
2023-08-29,4.21,4.36,4.19,4.35,92703924.0,397958937.0,4867359324.0,0.019046040743878313,002607
2023-08-30,4.36,4.36,4.27,4.33,82008808.0,354237673.0,4867359324.0,0.01684872690529145,002607
2023-08-31,4.32,4.32,4.25,4.27,51580478.0,220394673.0,4867359324.0,0.010597220087217871,002607
2023-09-01,4.28,4.32,4.26,4.3,49779869.0,213849391.0,4867359324.0,0.010227284588286952,002607
2023-09-04,4.3,4.48,4.3,4.45,130135046.0,572415155.0,4867359324.0,0.02673627265575596,002607
2023-09-05,4.42,4.49,4.39,4.44,69676582.0,309795894.0,4867359324.0,0.014315068471817636,002607
2023-09-06,4.43,4.43,4.34,4.38,63926098.0,279383913.0,4867359324.0,0.013133630320817465,002607
2023-09-07,4.49,4.56,4.39,4.4,158282574.0,710583117.0,4867359324.0,0.03251918822174058,002607
2023-09-08,4.33,4.41,4.27,4.31,77027523.0,332269288.0,4867359324.0,0.01582532085112194,002607
2023-09-11,4.31,4.33,4.27,4.31,51853731.0,222799483.0,4867359324.0,0.010653359973717033,002607
2023-09-12,4.3,4.31,4.27,4.27,56476997.0,241749711.0,4867359324.0,0.011603210948803993,002607
2023-09-13,4.26,4.27,4.18,4.2,67588462.0,285053601.0,4867359324.0,0.013886063777279493,002607
2023-09-14,4.19,4.2,4.16,4.18,37687900.0,157347040.0,4867359324.0,0.007742987006151018,002607
2023-09-15,4.19,4.2,4.12,4.14,63062484.0,262365791.0,4867359324.0,0.012956200642317731,002607
2023-09-18,4.13,4.13,4.06,4.08,80854814.0,330114646.0,4867359324.0,0.01661163859452921,002607
2023-09-19,4.07,4.08,3.94,3.95,117299133.0,467026121.0,4867359324.0,0.024099131621867498,002607
2023-09-20,3.93,3.97,3.88,3.9,68911813.0,270502456.0,4867359324.0,0.014157946519421585,002607
2023-09-21,3.88,3.91,3.8,3.82,110966430.0,426435442.0,4867359324.0,0.022798076454484503,002607
2023-09-22,3.81,3.88,3.79,3.87,95799947.0,367406686.0,4867359324.0,0.019682119322407356,002607
2023-09-25,3.87,3.88,3.79,3.8,69122805.0,263868837.0,4867359324.0,0.014201294870335323,002607
2023-09-26,3.79,3.82,3.7,3.71,120109051.0,451522110.0,4867359324.0,0.024676429867785944,002607
2023-09-27,3.69,3.73,3.64,3.65,141107540.0,518768169.0,4867359324.0,0.02899057386296225,002607
2023-09-28,3.67,3.81,3.66,3.75,131491573.0,492868880.0,4867359324.0,0.027014971414097307,002607
2023-10-09,3.74,3.74,3.67,3.67,74389816.0,274604438.0,4867359324.0,0.015283403391485465,002607
2023-10-10,3.68,3.74,3.68,3.69,80738328.0,299174819.0,4867359324.0,0.016587706521253742,002607
2023-10-11,3.69,3.85,3.65,3.83,176326149.0,668622230.0,4867359324.0,0.036226244512208114,002607
2023-10-12,4.1,4.21,3.94,4.21,459714001.0,1913596060.0,4867359324.0,0.09444833849295652,002607
2023-10-13,4.19,4.23,4.08,4.14,283066749.0,1174861795.0,4867359324.0,0.05815612330165415,002607
2023-10-16,4.13,4.18,4.01,4.04,180163367.0,734603980.0,4867359324.0,0.03701460175985972,002607
2023-10-17,4.07,4.12,3.98,4.0,135654649.0,548803739.0,4867359324.0,0.027870276256596337,002607
2023-10-18,3.98,3.99,3.89,3.91,119930599.0,471161839.0,4867359324.0,0.024639766866737287,002607
2023-10-19,3.88,3.95,3.84,3.85,117680672.0,457651029.0,4867359324.0,0.024177518889912143,002607
2023-10-20,3.86,3.91,3.82,3.87,107317449.0,414065658.0,4867359324.0,0.022048392538195932,002607
2023-10-23,3.88,3.89,3.71,3.75,103398257.0,391314046.0,4867359324.0,0.021243193714949985,002607
2023-10-24,3.76,3.86,3.73,3.8,106646638.0,405717188.0,4867359324.0,0.02191057427672254,002607
2023-10-25,3.82,3.92,3.82,3.9,139551411.0,538608595.0,4867359324.0,0.02867086683161015,002607
2023-10-26,3.86,3.92,3.8,3.85,118892142.0,457733287.0,4867359324.0,0.0244264156570003,002607
2023-10-27,3.82,3.95,3.79,3.92,118066096.0,457586452.0,4867359324.0,0.024256704332026424,002607
2023-10-30,3.9,4.1,3.88,4.03,162087715.0,646067879.0,4867359324.0,0.033300955242974786,002607
2023-10-31,4.0,4.03,3.92,3.95,95573998.0,378228793.0,4867359324.0,0.019635698052688087,002607
2023-11-01,3.94,4.03,3.94,3.99,86458812.0,343798668.0,4867359324.0,0.017762981165924705,002607
2023-11-02,3.99,4.05,3.92,3.92,97133285.0,386959807.0,4867359324.0,0.01995605389580644,002607
2023-11-03,3.91,3.96,3.89,3.94,101750995.0,399827423.0,4867359324.0,0.02090476338952123,002607
2023-11-06,3.96,4.09,3.93,4.07,193063026.0,777650542.0,4867359324.0,0.0396648394228969,002607
2023-11-07,4.06,4.25,4.04,4.17,230771089.0,961940958.0,4867359324.0,0.047411968921651775,002607
2023-11-08,4.15,4.26,4.11,4.18,164893625.0,687188491.0,4867359324.0,0.03387743004444765,002607
2023-11-09,4.16,4.24,4.14,4.15,92526332.0,386394382.0,4867359324.0,0.019009554430011094,002607
2023-11-10,4.11,4.16,4.09,4.12,72674926.0,299575261.0,4867359324.0,0.01493107887918899,002607
2023-11-13,4.16,4.35,4.15,4.31,201958539.0,858059505.0,4867359324.0,0.04149242444546508,002607
2023-11-14,4.26,4.42,4.24,4.39,202445192.0,875349985.0,4867359324.0,0.041592407406986005,002607
2023-11-15,4.37,4.43,4.35,4.39,134355497.0,589390273.0,4867359324.0,0.027603365204109595,002607
2023-11-16,4.36,4.44,4.31,4.31,121397792.0,530024880.0,4867359324.0,0.02494120197812624,002607
2023-11-17,4.29,4.59,4.26,4.47,210620300.0,934442649.0,4867359324.0,0.04327198507031777,002607
2023-11-20,4.48,4.65,4.4,4.62,228292384.0,1039118074.0,4867359324.0,0.04690271845646052,002607
2023-11-21,4.58,4.69,4.56,4.59,175288171.0,809775244.0,4867359324.0,0.03601299171312219,002607
2023-11-22,4.57,4.77,4.54,4.54,155462055.0,719934170.0,4867359324.0,0.031939711998135605,002607
2023-11-23,4.52,4.68,4.48,4.62,143163791.0,656623090.0,4867359324.0,0.029413031064726876,002607
2023-11-24,4.63,4.64,4.48,4.51,111880783.0,508367251.0,4867359324.0,0.022985930471238824,002607
2023-11-27,4.52,4.59,4.5,4.54,100908091.0,459249753.0,4867359324.0,0.02073158858489076,002607
2023-11-28,4.58,4.62,4.43,4.6,93207876.0,424487563.0,4867359324.0,0.019149577788598868,002607
2023-11-29,4.6,5.02,4.59,4.85,328400444.0,1586544035.0,4867359324.0,0.06746994050361588,002607
2023-11-30,4.81,4.96,4.8,4.88,194912982.0,953879330.0,4867359324.0,0.04004491327338873,002607
2023-12-01,4.85,5.01,4.85,4.96,196785353.0,971150845.0,4867359324.0,0.040429592290359535,002607
2023-12-04,4.99,5.1,4.84,4.86,197461662.0,975767373.0,4867359324.0,0.04056854011709286,002607
2023-12-05,4.84,4.89,4.72,4.74,197688629.0,946643209.0,4867359324.0,0.0406151705351269,002607
2023-12-06,4.73,4.81,4.63,4.76,156812436.0,739764181.0,4867359324.0,0.03221714805948031,002607
2023-12-07,4.74,4.78,4.61,4.7,143867391.0,675321968.0,4867359324.0,0.029557585833167883,002607
2023-12-08,4.68,4.72,4.6,4.72,154791979.0,720564527.0,4867359324.0,0.03180204474256727,002607
2023-12-11,4.68,4.7,4.53,4.67,153936512.0,708124978.0,4867359324.0,0.031626288866936345,002607
2023-12-12,4.61,4.73,4.59,4.64,131519518.0,610486752.0,4867359324.0,0.027020712720242965,002607
2023-12-13,4.62,4.72,4.55,4.57,154823367.0,714879739.0,4867359324.0,0.031808493413789315,002607
2023-12-14,4.59,4.67,4.42,4.44,161427413.0,727454160.0,4867359324.0,0.03316529605776851,002607
2023-12-15,4.46,4.47,4.32,4.35,147756975.0,646758741.0,4867359324.0,0.030356701686567327,002607
2023-12-18,4.31,4.34,4.23,4.24,121480820.0,519112427.0,4867359324.0,0.024958260098242955,002607
2023-12-19,4.26,4.29,4.21,4.28,85260742.0,362818248.0,4867359324.0,0.017516837431663594,002607
2023-12-20,4.3,4.31,4.09,4.12,140168176.0,584860105.0,4867359324.0,0.028797581330981266,002607
2023-12-21,4.08,4.12,4.02,4.08,110813236.0,451318174.0,4867359324.0,0.022766602714864616,002607
2023-12-22,4.09,4.12,3.95,3.97,157404133.0,633998346.0,4867359324.0,0.032338712332962746,002607
2023-12-25,3.96,4.1,3.96,4.02,114365064.0,460751674.0,4867359324.0,0.023496326526806468,002607
2023-12-26,4.02,4.02,3.88,3.91,87502900.0,344039371.0,4867359324.0,0.017977489265799684,002607
2023-12-27,3.91,3.97,3.88,3.93,75023446.0,294106320.0,4867359324.0,0.015413582808664651,002607
2023-12-28,3.91,4.07,3.86,4.02,128176440.0,511694097.0,4867359324.0,0.026333876639841845,002607
2023-12-29,4.03,4.13,4.02,4.08,129328495.0,527409948.0,4867359324.0,0.02657056658264501,002607
2024-01-02,4.08,4.11,4.02,4.04,98822027.0,401166121.0,4867359324.0,0.020303006295986376,002607
2024-01-03,4.03,4.11,4.02,4.05,94800790.0,384967542.0,4867359324.0,0.01947684230596163,002607
2024-01-04,4.05,4.08,3.98,4.02,79580521.0,319710056.0,4867359324.0,0.01634983482883706,002607
2024-01-05,4.02,4.03,3.91,3.92,89362028.0,354352309.0,4867359324.0,0.018359447505626566,002607
2024-01-08,3.92,3.95,3.86,3.86,75516000.0,294334941.0,4867359324.0,0.01551477813188053,002607
2024-01-09,3.88,3.93,3.8,3.84,92613180.0,357298528.0,4867359324.0,0.019027397369933727,002607
2024-01-10,3.85,3.88,3.75,3.84,80155615.0,306823597.0,4867359324.0,0.016467988012466697,002607
2024-01-11,3.84,3.99,3.83,3.96,103683718.0,406745592.0,4867359324.0,0.02130184173762471,002607
2024-01-12,3.95,4.14,3.91,4.03,190516559.0,769210118.0,4867359324.0,0.03914166724050965,002607
2024-01-15,3.95,4.08,3.88,4.01,129366796.0,513511844.0,4867359324.0,0.026578435531175507,002607
2024-01-16,3.99,4.0,3.91,4.0,91232931.0,361101127.0,4867359324.0,0.01874382492168766,002607
2024-01-17,3.98,4.07,3.88,3.89,101874200.0,403693801.0,4867359324.0,0.02093007588276423,002607
2024-01-18,3.85,3.91,3.76,3.91,104414978.0,399607527.0,4867359324.0,0.021452079258901247,002607
2024-01-19,3.92,4.04,3.92,3.94,106475943.0,422196883.0,4867359324.0,0.021875504952960402,002607
2024-01-22,3.92,3.98,3.78,3.83,113261740.0,442728570.0,4867359324.0,0.02326964837823426,002607
2024-01-23,3.83,4.1,3.77,4.03,177395503.0,705660579.0,4867359324.0,0.036445943517113555,002607
2024-01-24,4.05,4.15,4.0,4.1,138574348.0,563679219.0,4867359324.0,0.028470129032125674,002607
2024-01-25,4.1,4.34,4.08,4.24,185637695.0,781649346.0,4867359324.0,0.03813930360239827,002607
2024-01-26,4.24,4.29,4.18,4.18,121819624.0,514604784.0,4867359324.0,0.025027867451521645,002607
2024-01-29,4.18,4.23,3.97,4.02,165455688.0,670543603.0,4867359324.0,0.03399290600637809,002607
2024-01-30,4.0,4.01,3.85,3.87,139624884.0,546853258.0,4867359324.0,0.028685961874961013,002607
2024-01-31,3.76,3.8,3.48,3.53,280282196.0,1000352658.0,4867359324.0,0.05758403630033705,002607
2024-02-01,3.47,3.52,3.26,3.31,259965517.0,879602349.0,4867359324.0,0.05340997031350464,002607
2024-02-02,3.33,3.49,3.03,3.16,260219965.0,847581344.0,4867359324.0,0.053462246708786444,002607
2024-02-05,3.11,3.14,2.84,2.84,263666615.0,765497792.0,4867359324.0,0.054170361678438514,002607
2024-02-06,2.64,2.91,2.59,2.79,375865292.0,1027962010.0,4867359324.0,0.07722160353904457,002607
2024-02-07,2.8,3.07,2.79,3.03,336577441.0,998822354.0,4867359324.0,0.06914990626239617,002607
2024-02-08,3.04,3.18,3.0,3.13,227913487.0,707326951.0,4867359324.0,0.046824873987873265,002607
2024-02-19,3.25,3.35,3.18,3.29,228895257.0,746758948.0,4867359324.0,0.04702657884150079,002607
2024-02-20,3.25,3.28,3.16,3.21,147652628.0,474231213.0,4867359324.0,0.030335263573402868,002607
2024-02-21,3.17,3.38,3.15,3.32,210880486.0,694376819.0,4867359324.0,0.04332544033891014,002607
2024-02-22,3.29,3.34,3.24,3.31,143276492.0,471149595.0,4867359324.0,0.029436185508953806,002607
2024-02-23,3.31,3.37,3.25,3.34,169954443.0,561549123.0,4867359324.0,0.03491717617024652,002607
2024-02-26,3.31,3.49,3.26,3.4,239806571.0,808568525.0,4867359324.0,0.04926831060479972,002607
2024-02-27,3.38,3.5,3.34,3.5,188488673.0,649629262.0,4867359324.0,0.03872503763397929,002607
2024-02-28,3.55,3.71,3.36,3.37,290410920.0,1036042901.0,4867359324.0,0.059664984783030166,002607
2024-02-29,3.3,3.52,3.28,3.49,199147739.0,685541706.0,4867359324.0,0.04091494499246056,002607
2024-03-01,3.5,3.52,3.38,3.43,163048875.0,557775518.0,4867359324.0,0.03349842576775414,002607
2024-03-04,3.41,3.44,3.29,3.35,212911013.0,710381711.0,4867359324.0,0.04374261253944768,002607
2024-03-05,3.32,3.32,3.03,3.12,406276846.0,1274378864.0,4867359324.0,0.08346966372437886,002607
2024-03-06,3.08,3.21,3.05,3.13,227141229.0,710157916.0,4867359324.0,0.04666621341884723,002607
2024-03-07,3.11,3.13,3.01,3.01,228226291.0,698384348.0,4867359324.0,0.04688913963566664,002607
2024-03-08,3.01,3.04,2.95,2.98,174521088.0,521052201.0,4867359324.0,0.03585539434893794,002607
2024-03-11,2.98,3.15,2.97,3.15,282986885.0,867502854.0,4867359324.0,0.05813971522600496,002607
2024-03-12,3.17,3.22,3.07,3.17,275339538.0,864129049.0,4867359324.0,0.05656856617146682,002607
2024-03-13,3.16,3.25,3.1,3.16,220123348.0,696228589.0,4867359324.0,0.04522438828680979,002607
2024-03-14,3.18,3.18,3.03,3.07,212268238.0,656440245.0,4867359324.0,0.04361055428008914,002607
2024-03-15,3.05,3.08,3.01,3.07,168115778.0,510303466.0,4867359324.0,0.034539422058086786,002607
2024-03-18,3.07,3.38,3.06,3.38,439358780.0,1419085004.0,4867359324.0,0.09026635404409276,002607
2024-03-19,3.43,3.43,3.26,3.28,409286856.0,1361151398.0,4867359324.0,0.08408807091391143,002607
2024-03-20,3.3,3.4,3.28,3.32,357422430.0,1188218075.0,4867359324.0,0.07343251365018803,002607
2024-03-21,3.33,3.39,3.27,3.28,231685438.0,768177357.0,4867359324.0,0.04759982211660525,002607
2024-03-22,3.26,3.28,3.16,3.21,233943903.0,750003484.0,4867359324.0,0.04806382422733169,002607
2024-03-25,3.18,3.21,3.06,3.07,228537319.0,712873035.0,4867359324.0,0.04695304040388533,002607
2024-03-26,3.05,3.1,3.02,3.1,187201750.0,572803108.0,4867359324.0,0.038460639032122546,002607
2024-03-27,3.08,3.09,2.95,2.97,201410054.0,606998533.0,4867359324.0,0.041379738086499245,002607
2024-03-28,2.94,3.03,2.93,2.99,169986880.0,508196693.0,4867359324.0,0.03492384035873987,002607
2024-03-29,2.96,2.98,2.88,2.95,197516897.0,577654185.0,4867359324.0,0.04057988815949599,002607
2024-04-01,2.94,3.01,2.93,3.0,167856237.0,501221812.0,4867359324.0,0.034486099304880495,002607
2024-04-02,3.0,3.06,2.94,3.01,189173117.0,566932786.0,4867359324.0,0.03886565679817889,002607
2024-04-03,3.0,3.01,2.94,2.95,119591028.0,354130515.0,4867359324.0,0.02457000193314678,002607
2024-04-08,2.94,2.95,2.84,2.84,160916377.0,464429549.0,4867359324.0,0.033060303603753415,002607
2024-04-09,2.84,2.89,2.84,2.87,87990569.0,252184624.0,4867359324.0,0.018077680964734954,002607
2024-04-10,2.87,2.88,2.78,2.8,127461814.0,357889189.0,4867359324.0,0.026187056577374645,002607
2024-04-11,2.78,2.83,2.75,2.79,111899812.0,313665685.0,4867359324.0,0.02298983998330344,002607
2024-04-12,2.8,2.84,2.71,2.72,135686222.0,374604877.0,4867359324.0,0.027876762936107406,002607
2024-04-15,2.69,2.75,2.58,2.65,211881576.0,563420899.0,4867359324.0,0.04353111449061368,002607
2024-04-16,2.64,2.65,2.44,2.45,222979774.0,561405310.0,4867359324.0,0.04581124161114019,002607
2024-04-17,2.45,2.62,2.45,2.61,178260363.0,457432415.0,4867359324.0,0.036623629186576155,002607
2024-04-18,2.6,2.65,2.54,2.59,149745145.0,388574618.0,4867359324.0,0.03076517163251866,002607
2024-04-19,2.58,2.61,2.51,2.53,117120910.0,298346048.0,4867359324.0,0.024062515668917154,002607
2024-04-22,2.52,2.57,2.47,2.51,100135624.0,251860685.0,4867359324.0,0.020572885076770634,002607
2024-04-23,2.52,2.62,2.52,2.54,164832657.0,421683800.0,4867359324.0,0.03386490415598501,002607
2024-04-24,2.52,2.53,2.45,2.49,185101109.0,458996839.0,4867359324.0,0.0380290618954928,002607
2024-04-25,2.47,2.52,2.45,2.46,148392352.0,367491067.0,4867359324.0,0.030487240025265084,002607
2024-04-26,2.46,2.57,2.44,2.56,203603661.0,511428978.0,4867359324.0,0.041830415107442356,002607
2024-04-29,2.55,2.68,2.53,2.67,227238266.0,599433540.0,4867359324.0,0.04668614969096948,002607
2024-04-30,2.76,2.8,2.61,2.66,248901539.0,668323868.0,4867359324.0,0.05113687369919764,002607
2024-05-06,2.7,2.84,2.69,2.75,255760268.0,706404648.0,4867359324.0,0.05254600101925822,002607
2024-05-07,2.74,2.75,2.68,2.69,156247055.0,422303718.0,4867359324.0,0.032100990413749864,002607
2024-05-08,2.69,2.7,2.61,2.62,156865613.0,413743742.0,4867359324.0,0.032228073285349254,002607
2024-05-09,2.61,2.68,2.61,2.65,123017852.0,326514811.0,4867359324.0,0.02527404364691609,002607
2024-05-10,2.65,2.68,2.57,2.58,159680565.0,415608062.0,4867359324.0,0.03280640576762974,002607
2024-05-13,2.54,2.58,2.51,2.52,130287736.0,330616117.0,4867359324.0,0.02676764284846951,002607
2024-05-14,2.52,2.62,2.52,2.59,163561198.0,421380953.0,4867359324.0,0.03360368263619076,002607
2024-05-15,2.57,2.58,2.53,2.53,105891563.0,270150628.0,4867359324.0,0.021755443958671666,002607
2024-05-16,2.53,2.6,2.53,2.58,145523813.0,374881936.0,4867359324.0,0.029897898082529153,002607
2024-05-17,2.57,2.64,2.55,2.62,135689995.0,352004807.0,4867359324.0,0.02787753809975341,002607
2024-05-20,2.61,2.68,2.59,2.65,167454751.0,444058934.0,4867359324.0,0.03440361392147756,002607
2024-05-21,2.63,2.64,2.56,2.58,123772154.0,320821690.0,4867359324.0,0.025429015151953883,002607
2024-05-22,2.57,2.68,2.56,2.61,157131355.0,411810046.0,4867359324.0,0.03228267003531379,002607
2024-05-23,2.59,2.6,2.51,2.52,150078828.0,381212304.0,4867359324.0,0.030833726875266955,002607
2024-05-24,2.5,2.52,2.47,2.49,100928639.0,251960947.0,4867359324.0,0.020735810175825844,002607
2024-05-27,2.5,2.51,2.41,2.5,149041768.0,365606239.0,4867359324.0,0.0306206626794747,002607
2024-05-28,2.48,2.48,2.42,2.43,97513600.0,238478535.0,4867359324.0,0.020034189692792855,002607
2024-05-29,2.41,2.46,2.4,2.41,108416262.0,262591696.0,4867359324.0,0.02227414390086644,002607
2024-05-30,2.4,2.41,2.35,2.35,124682128.0,295294691.0,4867359324.0,0.02561596950223435,002607
2024-05-31,2.35,2.48,2.35,2.35,236554072.0,571834597.0,4867359324.0,0.04860008399905838,002607
2024-06-03,2.35,2.38,2.12,2.12,256473455.0,569330041.0,4867359324.0,0.05269252543887183,002607
2024-06-04,1.91,1.91,1.91,1.91,49123900.0,93826649.0,4867359324.0,0.010092515618844828,002607
2024-06-05,1.72,1.93,1.72,1.77,772684227.0,1373294603.0,4867359324.0,0.15874813745310412,002607
2024-06-06,1.68,1.82,1.64,1.82,754202760.0,1291074299.0,4867359324.0,0.15495111615885296,002607
2024-06-07,1.79,1.84,1.68,1.71,511160480.0,897875649.0,4867359324.0,0.10501802845735414,002607
2024-06-11,1.69,1.88,1.65,1.88,603410046.0,1096605253.0,4867359324.0,0.12397072125427491,002607
2024-06-12,1.9,1.95,1.85,1.93,529534181.0,1006450395.0,4867359324.0,0.10879290920416954,002607
2024-06-13,1.91,1.95,1.86,1.89,304314042.0,576951517.0,4867359324.0,0.06252138413112153,002607
2024-06-14,1.9,1.95,1.83,1.85,276939678.0,519070541.0,4867359324.0,0.05689731527205408,002607
2024-06-17,1.83,1.88,1.82,1.84,201529455.0,371708219.0,4867359324.0,0.041404269047139695,002607
2024-06-18,1.85,1.93,1.84,1.88,249052698.0,469942548.0,4867359324.0,0.0511679293476382,002607
2024-06-19,1.89,1.9,1.83,1.83,178236889.0,329222216.0,4867359324.0,0.036618806448323764,002607
2024-06-20,1.82,1.85,1.76,1.76,285183500.0,511340982.0,4867359324.0,0.05859101024118268,002607
2024-06-21,1.74,1.78,1.7,1.7,218132464.0,376745639.0,4867359324.0,0.04481536074898587,002607
2024-06-24,1.66,1.69,1.64,1.65,197297678.0,328853480.0,4867359324.0,0.04053484956969657,002607
2024-06-25,1.66,1.72,1.62,1.65,212717000.0,355068039.0,4867359324.0,0.04370275252766607,002607
2024-06-26,1.63,1.63,1.49,1.58,472114066.0,730736973.0,4867359324.0,0.09699593446329256,002607
2024-06-27,1.54,1.59,1.51,1.52,290582324.0,448128037.0,4867359324.0,0.059700199770991884,002607
2024-06-28,1.51,1.6,1.51,1.53,237277126.0,368859982.0,4867359324.0,0.048748635595903665,002607
2024-07-01,1.53,1.56,1.46,1.53,206426918.0,310780387.0,5028744315.0,0.04104939624475618,002607
2024-07-02,1.52,1.67,1.5,1.6,354386724.0,568459628.0,5028744315.0,0.07047220972100667,002607
2024-07-03,1.61,1.74,1.58,1.67,418744805.0,699311686.0,5028744315.0,0.08327025173082397,002607
2024-07-04,1.64,1.65,1.55,1.55,296205300.0,469114169.0,5028744315.0,0.058902437953837386,002607
2024-07-05,1.56,1.59,1.52,1.56,181063400.0,282405979.0,5028744315.0,0.03600568823113847,002607
2024-07-08,1.54,1.55,1.48,1.49,180268402.0,272263936.0,5028744315.0,0.03584759747324716,002607
2024-07-09,1.48,1.5,1.34,1.45,314843528.0,447252506.0,5028744315.0,0.06260877632232531,002607
2024-07-10,1.43,1.44,1.38,1.4,241638926.0,339349802.0,5028744315.0,0.04805154345971157,002607
2024-07-11,1.39,1.47,1.39,1.47,228630502.0,331337951.0,5028744315.0,0.045464729896493056,002607
2024-07-12,1.48,1.52,1.44,1.45,193639000.0,284450216.0,5028744315.0,0.038506431798968885,002607
2024-07-15,1.43,1.44,1.37,1.39,155508694.0,217864336.0,5028744315.0,0.030923961183737376,002607
2024-07-16,1.39,1.41,1.37,1.39,135331104.0,187325630.0,5028744315.0,0.02691151021465286,002607
2024-07-17,1.47,1.52,1.44,1.44,296879361.0,437306000.0,5028744315.0,0.059036479566967205,002607
2024-07-18,1.4,1.58,1.38,1.58,551900571.0,834404698.0,5028744315.0,0.1097491811929595,002607
2024-07-19,1.58,1.65,1.52,1.53,580823807.0,915409420.0,5028744315.0,0.11550076333519056,002607
2024-07-22,1.53,1.59,1.5,1.52,330389600.0,507919634.0,5028744315.0,0.06570021844508911,002607
2024-07-23,1.51,1.56,1.48,1.49,265622000.0,402663261.0,5028744315.0,0.05282074079759611,002607
2024-07-24,1.45,1.52,1.44,1.45,281952021.0,414739851.0,5028744315.0,0.05606807650947352,002607
2024-07-25,1.42,1.49,1.42,1.46,205055070.0,299091942.0,5028744315.0,0.04077659494207154,002607
2024-07-26,1.46,1.48,1.44,1.46,151726700.0,221634237.0,5028744315.0,0.03017188596115768,002607
2024-07-29,1.46,1.47,1.43,1.45,150174589.0,217732941.0,5028744315.0,0.02986323813522422,002607
2024-07-30,1.44,1.6,1.43,1.6,501371033.0,770759552.0,5028744315.0,0.09970103898591233,002607
2024-07-31,1.63,1.71,1.6,1.66,678051238.0,1113926542.0,5028744315.0,0.1348350990877531,002607
2024-08-01,1.65,1.83,1.63,1.83,584284026.0,1003346182.0,5028744315.0,0.11618885141111017,002607
2024-08-02,1.83,2.01,1.78,2.01,683444166.0,1331597165.0,5028744315.0,0.1359075194897834,002607
2024-08-05,2.19,2.21,2.14,2.21,198355829.0,434562941.0,5028744315.0,0.039444405317712004,002607
2024-08-06,2.43,2.43,2.06,2.43,1396783511.0,3263777307.0,5028744315.0,0.27775989859607725,002607
2024-08-07,2.55,2.67,2.42,2.67,1377394935.0,3592531905.0,5028744315.0,0.2739043484257958,002607
2024-08-08,2.4,2.52,2.4,2.4,1007118067.0,2439923780.0,5028744315.0,0.20027227552530677,002607
2024-08-09,2.44,2.5,2.17,2.18,1229343098.0,2870987866.0,5028744315.0,0.2444632339594303,002607
2024-08-12,2.17,2.21,1.96,1.96,907519009.0,1837837171.0,5028744315.0,0.18046632561790926,002607
2024-08-13,1.93,2.0,1.9,1.96,642706132.0,1245781660.0,5028744315.0,0.12780648443049744,002607
2024-08-14,1.93,2.01,1.92,1.92,499971757.0,978942321.0,5028744315.0,0.09942278343893092,002607
2024-08-15,1.88,1.97,1.86,1.96,515876031.0,988425597.0,5028744315.0,0.1025854564649903,002607
2024-08-16,1.95,2.03,1.89,1.89,655122064.0,1279116533.0,5028744315.0,0.1302754769308648,002607
2024-08-19,1.86,1.95,1.82,1.91,517842765.0,981335972.0,5028744315.0,0.10297655489370411,002607
2024-08-20,1.9,1.91,1.82,1.86,440063804.0,813552932.0,5028744315.0,0.08750967964057246,002607
2024-08-21,1.84,1.92,1.82,1.83,417260024.0,774173077.0,5028744315.0,0.08297499293320106,002607
2024-08-22,1.82,1.84,1.75,1.75,406824053.0,727016063.0,5028744315.0,0.08089972914043453,002607
2024-08-23,1.74,1.78,1.71,1.72,323718574.0,565511160.0,5028744315.0,0.06437363956532756,002607
2024-08-26,1.71,1.75,1.68,1.72,323881438.0,552838752.0,5028744315.0,0.06440602617912182,002607
2024-08-27,1.74,1.75,1.65,1.65,283692926.0,479591925.0,5028744315.0,0.05641426730601236,002607
2024-08-28,1.63,1.82,1.61,1.82,609679221.0,1069351468.0,5028744315.0,0.12123885861156573,002607
2024-08-29,1.86,1.99,1.8,1.9,850303418.0,1611811040.0,5028744315.0,0.1690886163099744,002607
2024-08-30,1.89,1.94,1.86,1.88,643750316.0,1224264590.0,5028744315.0,0.1280141275188297,002607
2024-09-02,1.87,1.98,1.86,1.9,538195183.0,1031152362.0,5028744315.0,0.10702377159933214,002607
2024-09-03,1.88,2.08,1.84,2.01,751417970.0,1481375909.0,5028744315.0,0.14942457260327024,002607
2024-09-04,1.96,2.08,1.95,2.0,629850554.0,1268617005.0,5028744315.0,0.12525006533365576,002607
2024-09-05,1.97,2.05,1.95,1.98,478434485.0,953436440.0,5028744315.0,0.0951399504589845,002607
2024-09-06,1.98,2.01,1.92,1.92,416808049.0,814054083.0,5028744315.0,0.08288511463124568,002607
2024-09-09,1.9,1.97,1.89,1.94,333502696.0,643496198.0,5028744315.0,0.06631927875219482,002607
2024-09-10,1.94,1.95,1.87,1.93,363626197.0,692037786.0,5028744315.0,0.0723095417508814,002607
2024-09-11,1.92,1.92,1.86,1.88,236833925.0,445861682.0,5028744315.0,0.04709603633924267,002607
2024-09-12,1.87,1.92,1.84,1.84,245465225.0,461821710.0,5028744315.0,0.04881242903279325,002607
2024-09-13,1.84,1.88,1.82,1.84,287685405.0,530986362.0,5028744315.0,0.05720819890203545,002607
2024-09-18,1.83,1.86,1.78,1.82,224894500.0,407948926.0,5028744315.0,0.04472180049583611,002607
2024-09-19,1.83,2.0,1.81,2.0,464550049.0,905771461.0,5028744315.0,0.09237893595311975,002607
2024-09-20,2.02,2.07,1.96,2.04,710814849.0,1430938182.0,5028744315.0,0.14135036591137562,002607
2024-09-23,2.02,2.24,2.02,2.14,831349427.0,1805417203.0,5028744315.0,0.165319486321905,002607
2024-09-24,2.1,2.35,2.1,2.29,903929405.0,1982727659.0,5028744315.0,0.17975250845498594,002607
2024-09-25,2.23,2.36,2.2,2.21,864993619.0,1971809656.0,5028744315.0,0.17200986266489074,002607
2024-09-26,2.27,2.34,2.22,2.31,798626297.0,1813607353.0,5028744315.0,0.15881226942038312,002607
2024-09-27,2.37,2.53,2.36,2.5,876880566.0,2161005484.0,5028744315.0,0.17437366290117298,002607
2024-09-30,2.6,2.75,2.55,2.75,844112405.0,2259553489.0,5028744315.0,0.16785749127911267,002607
2024-10-08,3.03,3.03,2.77,3.03,909016668.0,2708934102.0,5028744315.0,0.18076414529339618,002607
2024-10-09,3.03,3.28,2.8,3.0,1100667067.0,3436731965.0,5028744315.0,0.21887513026201652,002607
2024-10-10,2.92,3.04,2.73,2.83,851946037.0,2436619353.0,5028744315.0,0.16941526226711728,002607
2024-10-11,2.76,2.77,2.58,2.64,577975757.0,1544398558.0,5028744315.0,0.11493440922736593,002607
2024-10-14,2.66,2.9,2.63,2.9,726310740.0,2019694719.0,5028744315.0,0.14443182920108358,002607
2024-10-15,2.93,3.02,2.82,2.85,720523668.0,2106323533.0,5028744315.0,0.14328103058466993,002607
2024-10-16,2.76,2.89,2.75,2.79,458299393.0,1288585412.0,5028744315.0,0.09113595050616527,002607
2024-10-17,2.8,3.03,2.78,2.91,696373056.0,2042115341.0,5028744315.0,0.13847851717631024,002607
2024-10-18,2.83,3.0,2.75,2.93,693092235.0,1986627200.0,5028744315.0,0.13782610361250788,002607
2024-10-21,2.91,3.14,2.89,3.08,721634234.0,2191957564.0,5028744315.0,0.14350187418506682,002607
2024-10-22,3.08,3.33,3.01,3.25,815723219.0,2593342097.0,5028744315.0,0.1622121086106562,002607
2024-10-23,3.25,3.27,3.08,3.1,673208508.0,2124906169.0,5028744315.0,0.13387208929909572,002607
2024-10-24,3.05,3.23,3.01,3.14,489082531.0,1534960961.0,5028744315.0,0.09725738680750565,002607
2024-10-25,3.1,3.22,3.08,3.12,468759649.0,1471692711.0,5028744315.0,0.09321604353630773,002607
2024-10-28,3.07,3.25,3.04,3.15,615860038.0,1937640255.0,5028744315.0,0.12246795609849971,002607
2024-10-29,3.18,3.33,3.13,3.14,745213888.0,2395137776.0,5028744315.0,0.14819084871289584,002607
2024-10-30,3.06,3.07,2.93,2.98,620850737.0,1854074857.0,5028744315.0,0.12346039052892273,002607
2024-10-31,2.98,3.28,2.97,3.28,799989136.0,2536641045.0,5028744315.0,0.15908327922216106,002607
2024-11-01,3.5,3.61,3.29,3.3,1299326287.0,4510913985.0,5028744315.0,0.25837986694298654,002607
2024-11-04,3.3,3.34,3.13,3.19,697484679.0,2233753995.0,5028744315.0,0.1386995709683442,002607
2024-11-05,3.18,3.34,3.16,3.29,645252347.0,2113029153.0,5028744315.0,0.12831281659624408,002607
2024-11-06,3.27,3.37,3.18,3.21,637491309.0,2075754104.0,5028744315.0,0.1267694814187426,002607
2024-11-07,3.15,3.53,3.09,3.53,640440352.0,2127791587.0,5028744315.0,0.12735591867131943,002607
2024-11-08,3.7,3.73,3.48,3.53,936868674.0,3346583959.0,5028744315.0,0.1863027060662956,002607
2024-11-11,3.51,3.8,3.51,3.67,772090174.0,2841458014.0,5028744315.0,0.15353538092938415,002607
2024-11-12,3.67,3.88,3.56,3.62,705750217.0,2612306589.0,5028744315.0,0.14034322940119495,002607
2024-11-13,3.55,3.65,3.45,3.56,442066650.0,1567635881.0,5028744315.0,0.08790795918602992,002607
2024-11-14,3.54,3.66,3.46,3.47,403114573.0,1428897311.0,5028744315.0,0.08016207381981401,002607
2024-11-15,3.43,3.63,3.42,3.49,489170361.0,1727554210.0,5028744315.0,0.09727485240020599,002607
2024-11-18,3.47,3.49,3.14,3.14,606586965.0,1962946036.0,5028744315.0,0.12062394248016167,002607
2024-11-19,3.05,3.21,2.98,3.17,525092899.0,1608283127.0,5028744315.0,0.10441829333691229,002607
2024-11-20,3.17,3.27,3.13,3.23,386381176.0,1236501047.0,5028744315.0,0.07683452404758026,002607
2024-11-21,3.2,3.21,3.12,3.15,297256836.0,939317578.0,5028744315.0,0.05911154303735962,002607
2024-11-22,3.14,3.22,3.02,3.03,335503150.0,1051226586.0,5028744315.0,0.06671708263218787,002607
2024-11-25,3.03,3.33,3.02,3.28,653966073.0,2110356984.0,5028744315.0,0.13004560026035047,002607
2024-11-26,3.12,3.18,3.05,3.11,388858998.0,1213438577.0,5028744315.0,0.07732725580023847,002607
2024-11-27,3.09,3.19,3.03,3.17,297763655.0,926783936.0,5028744315.0,0.059212327441626945,002607
2024-11-28,3.16,3.2,3.13,3.15,241487706.0,762241240.0,5028744315.0,0.04802147233449072,002607
2024-11-29,3.13,3.24,3.07,3.17,321891793.0,1013547397.0,5028744315.0,0.06401037174227459,002607
2024-12-02,3.16,3.49,3.14,3.44,808930496.0,2706809452.0,5028744315.0,0.16086132945496553,002607
2024-12-03,3.37,3.46,3.3,3.36,609820192.0,2060398739.0,5028744315.0,0.12126689165344848,002607
2024-12-04,3.32,3.48,3.31,3.35,495280549.0,1681192211.0,5028744315.0,0.09848990483024787,002607
2024-12-05,3.29,3.69,3.28,3.69,1064570956.0,3834179203.0,5028744315.0,0.2116971731540501,002607
2024-12-06,3.88,4.06,3.84,4.06,298517880.0,1188299716.0,5028744315.0,0.059362310211232124,002607
2024-12-09,4.16,4.47,3.89,4.11,2016434299.0,8506186051.0,5028744315.0,0.4009816711072931,002607
2024-12-10,4.1,4.39,3.91,3.95,1457871367.0,5980309749.0,5028744315.0,0.28990763412873977,002607
2024-12-11,3.73,3.94,3.66,3.85,888852980.0,3377055762.0,5028744315.0,0.17675445883153834,002607
2024-12-12,3.8,4.2,3.71,4.09,1086504908.0,4257449125.0,5028744315.0,0.21605888864922335,002607
2024-12-13,4.0,4.1,3.88,3.89,705397941.0,2793015082.0,5028744315.0,0.14027317692329322,002607
2024-12-16,3.89,4.28,3.89,4.28,966359964.0,4008785539.0,5028744315.0,0.19216724960891157,002607
2024-12-17,4.3,4.43,4.09,4.14,1143660474.0,4855161097.0,5028744315.0,0.22742466157776806,002607
2024-12-18,4.05,4.54,3.99,4.33,1111976090.0,4727227651.0,5028744315.0,0.22112400638130275,002607
2024-12-19,4.18,4.27,4.04,4.1,761182835.0,3146704168.0,5028744315.0,0.15136638240474948,002607
2024-12-20,4.06,4.14,3.91,3.93,674061010.0,2685346653.0,5028744315.0,0.13404161511838567,002607
2024-12-23,3.85,3.91,3.68,3.7,564707515.0,2129769436.0,5028744315.0,0.11229592908821415,002607
2024-12-24,3.69,3.77,3.66,3.71,361272629.0,1338279094.0,5028744315.0,0.07184151875098864,002607
2024-12-25,3.7,3.7,3.43,3.49,506605985.0,1786927814.0,5028744315.0,0.10074204478618436,002607
2024-12-26,3.49,3.58,3.46,3.55,335824171.0,1190121415.0,5028744315.0,0.06678091984082114,002607
2024-12-27,3.55,3.71,3.52,3.61,374839950.0,1361347599.0,5028744315.0,0.074539472782879,002607
2024-12-30,3.6,3.63,3.49,3.56,249113486.0,885094720.0,5028744315.0,0.049537910539005005,002607
2024-12-31,3.58,3.6,3.39,3.4,299722073.0,1038830943.0,5028744315.0,0.05960177217719609,002607
