日期,开盘,最高,最低,收盘,成交量,成交额,outstanding_share,换手率,股票代码
2020-01-02,8.81,8.93,8.81,8.91,10778216.0,95686698.0,205409345.0,0.05247188729412481,002660
2020-01-03,8.87,8.93,8.74,8.92,9271184.0,82148910.0,205409345.0,0.04513516169383627,002660
2020-01-06,8.82,9.18,8.82,9.1,14118218.0,127321875.0,205409345.0,0.06873211148207498,002660
2020-01-07,9.1,9.29,9.1,9.25,11924888.0,109812432.0,205409345.0,0.058054262331638316,002660
2020-01-08,9.2,9.74,9.11,9.43,20911843.0,196190990.0,205409345.0,0.10180570411730781,002660
2020-01-09,9.54,9.65,9.37,9.63,17092338.0,162963335.0,205409345.0,0.08321110220180099,002660
2020-01-10,9.58,9.68,9.37,9.45,11123223.0,105464058.0,205409345.0,0.054151494422028365,002660
2020-01-13,9.45,9.6,9.42,9.49,9306777.0,88432424.0,205409345.0,0.04530844008095153,002660
2020-01-14,9.44,9.6,9.43,9.58,9469881.0,89970819.0,205409345.0,0.046102483798874876,002660
2020-01-15,9.58,9.77,9.53,9.65,9047977.0,87316705.0,205409345.0,0.04404851687736018,002660
2020-01-16,9.7,9.75,9.49,9.54,8979128.0,86234619.0,205409345.0,0.04371333738491791,002660
2020-01-17,9.52,9.75,9.52,9.58,9993226.0,96119641.0,205409345.0,0.04865029874857933,002660
2020-01-20,9.57,9.57,9.17,9.44,9610759.0,89681241.0,205409345.0,0.046788324065781914,002660
2020-01-21,9.48,9.86,9.3,9.47,11594221.0,110831806.0,205409345.0,0.056444467022666374,002660
2020-01-22,9.62,9.62,9.31,9.38,8552644.0,80521386.0,205409345.0,0.04163707352262868,002660
2020-01-23,9.32,9.42,8.65,8.82,10870264.0,97673639.0,205409345.0,0.052920007120416064,002660
2020-02-03,7.94,7.94,7.94,7.94,324800.0,2578912.0,205409345.0,0.0015812328304732192,002660
2020-02-04,7.15,7.57,7.15,7.37,15407917.0,113527196.0,205409345.0,0.0750107888226799,002660
2020-02-05,7.4,7.84,7.32,7.68,10779892.0,82085687.0,205409345.0,0.05248004661131654,002660
2020-02-06,7.6,7.9,7.59,7.88,9284628.0,72055258.0,205409345.0,0.045200611491166574,002660
2020-02-07,7.84,8.03,7.75,7.97,7354116.0,57934450.0,205409345.0,0.03580224648493962,002660
2020-02-10,7.9,8.22,7.86,8.18,7326356.0,59214957.0,205409345.0,0.03566710170854203,002660
2020-02-11,8.18,8.25,8.05,8.15,6643745.0,54178010.0,205409345.0,0.03234392768255018,002660
2020-02-12,8.15,8.45,8.1,8.36,7654470.0,63601667.0,205409345.0,0.03726446817694687,002660
2020-02-13,8.38,8.68,8.3,8.33,8588776.0,72545699.0,205409345.0,0.041812975938363466,002660
2020-02-14,8.25,8.43,8.19,8.39,8038242.0,67075946.0,205409345.0,0.03913279602736672,002660
2020-02-17,8.38,8.68,8.36,8.68,7501800.0,64377212.0,205409345.0,0.036521220590036936,002660
2020-02-18,8.73,8.95,8.6,8.89,12083496.0,106109088.0,205409345.0,0.05882641804831226,002660
2020-02-19,8.82,9.04,8.75,8.79,11389647.0,100963991.0,205409345.0,0.05544853375585225,002660
2020-02-20,8.88,9.08,8.73,9.01,11148300.0,99590698.0,205409345.0,0.05427357747526044,002660
2020-02-21,9.07,9.66,8.98,9.47,18801326.0,176860881.0,205409345.0,0.09153101578703735,002660
2020-02-24,9.48,9.68,9.3,9.58,16536225.0,157642815.0,205409345.0,0.08050376189067737,002660
2020-02-25,9.28,9.53,8.95,9.47,14272336.0,133201954.0,205409345.0,0.06948240840746558,002660
2020-02-26,9.27,9.65,9.2,9.25,13293865.0,124715187.0,205409345.0,0.06471889095406054,002660
2020-02-27,9.37,9.41,9.14,9.36,8827801.0,82072658.0,205409345.0,0.04297662796208225,002660
2020-02-28,9.0,9.16,8.65,8.69,11180501.0,99399671.0,205409345.0,0.05443034249488503,002660
2020-03-02,8.8,9.28,8.79,9.15,7434239.0,67289742.0,205409345.0,0.03619231150364654,002660
2020-03-03,9.34,9.5,9.16,9.29,9700200.0,90590754.0,205409345.0,0.047223752161811336,002660
2020-03-04,9.24,9.38,9.06,9.31,6508100.0,60007836.0,205409345.0,0.03168356337439273,002660
2020-03-05,9.43,10.07,9.36,9.79,19651790.0,191047112.0,205409345.0,0.095671353219105,002660
2020-03-06,9.6,10.05,9.53,9.85,13587165.0,134360339.0,205409345.0,0.06614677146261286,002660
2020-03-09,9.8,10.08,9.15,9.17,16362700.0,155335126.0,205409345.0,0.07965898533000045,002660
2020-03-10,9.05,9.67,9.05,9.64,13986207.0,131782440.0,205409345.0,0.06808943867670675,002660
2020-03-11,9.82,9.86,9.48,9.51,12951791.0,124891276.0,205409345.0,0.06305356263124251,002660
2020-03-12,9.26,9.68,9.23,9.55,10641760.0,100371116.0,205409345.0,0.05180757477221886,002660
2020-03-13,9.02,10.05,9.01,9.98,18998452.0,182909663.0,205409345.0,0.09249068974929062,002660
2020-03-16,10.08,10.12,8.98,8.98,20594513.0,194905756.0,205409345.0,0.10026083769460441,002660
2020-03-17,9.06,9.3,8.11,8.62,12178497.0,105309217.0,205409345.0,0.05928891404624264,002660
2020-03-18,8.75,9.48,8.75,9.14,21019943.0,194366802.0,205409345.0,0.10233197033951888,002660
2020-03-19,9.27,9.45,9.01,9.35,14547678.0,134641895.0,205409345.0,0.07082286348753997,002660
2020-03-20,9.38,9.63,9.15,9.41,9187076.0,86017233.0,205409345.0,0.04472569638932445,002660
2020-03-23,9.13,9.28,8.73,8.78,9582700.0,86138701.0,205409345.0,0.046651723659408,002660
2020-03-24,8.92,9.04,8.45,8.81,7729638.0,67686457.0,205409345.0,0.03763041063199924,002660
2020-03-25,9.04,9.69,8.9,9.69,32064408.0,306849647.0,205409345.0,0.15610004501012356,002660
2020-03-26,9.69,10.36,9.41,10.07,31519830.0,308017806.0,205409345.0,0.15344886085878906,002660
2020-03-27,9.95,9.99,9.51,9.71,21856324.0,211789611.0,205409345.0,0.1064037471128687,002660
2020-03-30,9.66,10.23,9.47,10.03,22385314.0,220831992.0,205409345.0,0.10897904377232691,002660
2020-03-31,10.07,10.07,9.6,9.8,18713164.0,183156201.0,205409345.0,0.09110181428211069,002660
2020-04-01,9.72,10.7,9.67,10.22,25135966.0,257449406.0,205409345.0,0.12237011904205235,002660
2020-04-02,10.07,10.45,9.88,10.43,21374564.0,217892317.0,205409345.0,0.10405838156973822,002660
2020-04-03,10.26,10.3,9.89,9.95,16284670.0,164305710.0,205409345.0,0.07927910972112782,002660
2020-04-07,10.12,10.57,10.05,10.46,17976558.0,186255180.0,205409345.0,0.08751577490303569,002660
2020-04-08,10.28,11.11,10.25,11.0,25296260.0,270028530.0,205409345.0,0.12315048275919481,002660
2020-04-09,10.86,11.02,10.61,10.91,18411531.0,198723841.0,205409345.0,0.08963336599900068,002660
2020-04-10,10.95,11.47,10.55,10.58,21737588.0,237514624.0,205409345.0,0.10582570135745284,002660
2020-04-13,10.25,11.0,9.98,10.87,16620978.0,175892059.0,205409345.0,0.08091636726654282,002660
2020-04-14,10.94,11.0,10.52,10.86,12509867.0,134406789.0,205409345.0,0.06090213178957364,002660
2020-04-15,10.84,10.84,10.34,10.45,9990201.0,105669207.0,205409345.0,0.04863557205734725,002660
2020-04-16,10.5,10.76,10.15,10.57,9105585.0,96136627.0,205409345.0,0.04432897149835126,002660
2020-04-17,10.5,11.19,10.37,10.86,16036715.0,173009605.0,205409345.0,0.0780719835312264,002660
2020-04-20,10.85,11.28,10.85,11.16,14203403.0,158066096.0,205409345.0,0.0691468199754982,002660
2020-04-21,11.14,11.36,10.91,11.22,11969389.0,133186045.0,205409345.0,0.05827090778172726,002660
2020-04-22,11.04,11.65,10.97,11.51,17916751.0,205355692.0,205409345.0,0.08722461482947623,002660
2020-04-23,11.4,11.57,10.88,10.91,17365515.0,194496443.0,205409345.0,0.08454101735244811,002660
2020-04-24,10.88,11.39,10.85,11.02,11437860.0,127225521.0,205409345.0,0.05568325043828946,002660
2020-04-27,11.08,11.08,9.93,9.99,18558850.0,194214465.0,205409345.0,0.09035056316449477,002660
2020-04-28,10.1,10.78,9.48,10.46,17579834.0,181080697.0,205409345.0,0.08558439247250411,002660
2020-04-29,10.46,10.59,10.08,10.17,7957100.0,81622935.0,205409345.0,0.03873777018275386,002660
2020-04-30,10.15,10.79,10.12,10.63,7484010.0,78556348.0,205409345.0,0.03643461304060923,002660
2020-05-06,10.61,11.1,10.5,11.03,13254550.0,144855958.0,205409345.0,0.06452749265132023,002660
2020-05-07,11.1,11.14,9.93,9.94,42390293.0,437089644.0,205409345.0,0.20636983677641346,002660
2020-05-08,9.86,10.01,9.67,10.0,16959590.0,166619355.0,205409345.0,0.08256484143893258,002660
2020-05-11,9.99,9.99,9.65,9.78,11899417.0,116712230.0,205409345.0,0.057930261157300315,002660
2020-05-12,9.68,9.85,9.45,9.84,9716509.0,93550041.0,205409345.0,0.047303149717944915,002660
2020-05-13,9.68,9.72,9.57,9.6,9803061.0,94404539.0,205409345.0,0.047724513215306734,002660
2020-05-14,9.51,9.59,9.34,9.36,9278850.0,87494072.0,205409345.0,0.045172482293831376,002660
2020-05-15,9.38,9.42,9.13,9.2,8512951.0,78689992.0,205409345.0,0.041443834992025315,002660
2020-05-18,9.23,9.32,8.94,9.28,7398850.0,67767627.0,205409345.0,0.036020026255378014,002660
2020-05-19,9.28,9.65,9.28,9.65,11098807.0,105362676.0,205409345.0,0.05403262933339279,002660
2020-05-20,9.6,9.67,9.42,9.52,6092298.0,58106564.0,205409345.0,0.029659302988381566,002660
2020-05-21,9.5,9.57,9.42,9.5,4658892.0,44241493.0,205409345.0,0.0226810128818628,002660
2020-05-22,9.5,9.64,9.32,9.37,4174500.0,39480931.0,205409345.0,0.02032283390027849,002660
2020-05-25,9.3,9.36,9.1,9.14,3403807.0,31304942.0,205409345.0,0.016570847835574373,002660
2020-05-26,9.28,9.3,8.25,8.95,23869714.0,207417821.0,205409345.0,0.11620558938056104,002660
2020-05-27,8.8,8.8,8.51,8.62,13190500.0,113936742.0,205409345.0,0.0642156762634144,002660
2020-05-28,8.66,8.67,8.36,8.51,8932370.0,76052352.0,205409345.0,0.04348570411925514,002660
2020-05-29,8.47,8.65,8.37,8.53,4978270.0,42456666.0,205409345.0,0.024235849639654906,002660
2020-06-01,8.53,8.84,8.53,8.78,8249494.0,72045672.0,205409345.0,0.04016123998642808,002660
2020-06-02,8.83,9.08,8.72,8.92,10955700.0,97822187.0,205409345.0,0.05333593756408697,002660
2020-06-03,8.95,8.99,8.78,8.8,7530500.0,66809547.0,205409345.0,0.036660941594453746,002660
2020-06-04,8.84,8.91,8.64,8.67,9124831.0,79667144.0,205409345.0,0.04442266733288108,002660
2020-06-05,8.7,8.7,8.51,8.6,5720100.0,49078500.0,205409345.0,0.027847321162530362,002660
2020-06-08,8.62,9.0,8.62,8.9,10614500.0,93646775.0,205409345.0,0.051674864159661285,002660
2020-06-09,8.89,8.89,8.73,8.82,6589500.0,57985922.0,205409345.0,0.03207984524754704,002660
2020-06-10,8.82,8.99,8.74,8.8,5879674.0,51982591.0,205409345.0,0.02862417968374321,002660
2020-06-11,8.83,8.86,8.64,8.71,6211900.0,54356742.0,205409345.0,0.030241564715568322,002660
2020-06-12,8.52,8.77,8.4,8.69,5006500.0,43157924.0,205409345.0,0.024373282530062105,002660
2020-06-15,8.63,8.73,8.5,8.52,5381752.0,46360786.0,205409345.0,0.02620013222864812,002660
2020-06-16,8.57,8.67,8.55,8.65,4332100.0,37257771.0,205409345.0,0.021090082342650963,002660
2020-06-17,8.65,8.79,8.55,8.77,6649622.0,57822402.0,205409345.0,0.032372538844325706,002660
2020-06-18,8.77,8.88,8.71,8.85,6037418.0,53249272.0,205409345.0,0.02939212916530161,002660
2020-06-19,8.85,8.97,8.76,8.83,5852800.0,51712504.0,205409345.0,0.02849334824567013,002660
2020-06-22,8.77,8.91,8.76,8.89,6364701.0,56208119.0,205409345.0,0.030985450053404338,002660
2020-06-23,8.88,8.88,8.74,8.83,6165501.0,54298125.0,205409345.0,0.030015679179542683,002660
2020-06-24,8.81,8.84,8.73,8.74,4084300.0,35779312.0,205409345.0,0.01988371074353993,002660
2020-06-29,8.71,8.74,8.44,8.47,5741300.0,49049545.0,205409345.0,0.02795052970934696,002660
2020-06-30,8.54,8.69,8.5,8.68,4658621.0,40176053.0,206873945.0,0.022519128738034168,002660
2020-07-01,8.75,8.95,8.66,8.9,9916874.0,87832805.0,206873945.0,0.04793679552057655,002660
2020-07-02,8.96,8.99,8.78,8.92,11848452.0,105088608.0,206873945.0,0.05727377606687009,002660
2020-07-03,8.91,9.05,8.81,9.03,11640174.0,103899166.0,206873945.0,0.05626698905944874,002660
2020-07-06,9.06,9.36,9.03,9.22,19559169.0,180195557.0,206873945.0,0.09454631418180767,002660
2020-07-07,9.19,9.43,9.06,9.22,20185415.0,186605060.0,206873945.0,0.09757350061652278,002660
2020-07-08,9.2,9.37,9.12,9.34,13412330.0,124478084.0,206873945.0,0.06483334573621632,002660
2020-07-09,9.29,9.56,9.27,9.56,17665869.0,166216618.0,206873945.0,0.0853943641863648,002660
2020-07-10,9.48,9.6,9.27,9.3,14544312.0,137327918.0,206873945.0,0.07030518995516812,002660
2020-07-13,9.34,10.15,9.34,9.98,23879963.0,232875711.0,206873945.0,0.11543243398776003,002660
2020-07-14,10.01,10.01,9.63,9.95,19402670.0,190091791.0,206873945.0,0.09378981968947323,002660
2020-07-15,9.92,9.93,9.55,9.59,12216670.0,118566498.0,206873945.0,0.05905369088407919,002660
2020-07-16,9.63,9.7,9.12,9.23,9977750.0,94482580.0,206873945.0,0.048231061673813004,002660
2020-07-17,9.22,9.42,9.17,9.42,6602559.0,61378138.0,206873945.0,0.03191585581258191,002660
2020-07-20,9.42,9.72,9.42,9.67,9042178.0,86504002.0,206873945.0,0.04370863619389092,002660
2020-07-21,9.64,9.68,9.43,9.55,7949917.0,76035846.0,206873945.0,0.03842879778794763,002660
2020-07-22,9.45,9.45,9.24,9.39,12333592.0,115340074.0,206873945.0,0.05961887563946248,002660
2020-07-23,9.3,9.33,8.9,9.14,10402637.0,94870031.0,206873945.0,0.05028490658888919,002660
2020-07-24,9.13,9.19,8.72,8.8,8255062.0,74058606.0,206873945.0,0.03990382645818447,002660
2020-07-27,8.8,8.85,8.51,8.64,6140574.0,53229802.0,206873945.0,0.029682684303235965,002660
2020-07-28,8.73,8.76,8.61,8.72,4219076.0,36687481.0,206873945.0,0.020394429080955553,002660
2020-07-29,8.73,8.93,8.61,8.92,6336262.0,55703310.0,206873945.0,0.030628612994255996,002660
2020-07-30,8.9,8.97,8.7,8.76,5930888.0,52299191.0,206873945.0,0.0286690912188096,002660
2020-07-31,8.75,8.96,8.7,8.94,7623669.0,67637574.0,206873945.0,0.03685176013828131,002660
2020-08-03,8.96,9.28,8.96,9.17,11501865.0,105022269.0,206873945.0,0.05559842250796735,002660
2020-08-04,9.21,9.21,9.01,9.07,8053148.0,73038624.0,206873945.0,0.03892780214540792,002660
2020-08-05,9.09,9.14,8.91,9.11,7798206.0,70464448.0,206873945.0,0.03769544782451942,002660
2020-08-06,9.15,9.18,8.91,9.07,7514000.0,67818894.0,206873945.0,0.03632163538042454,002660
2020-08-07,9.11,9.26,8.85,9.02,7804708.0,70673653.0,206873945.0,0.037726877592052496,002660
2020-08-10,9.02,9.18,8.88,9.17,9540609.0,86694601.0,206873945.0,0.04611798261980261,002660
2020-08-11,9.18,9.42,9.18,9.23,18119375.0,168762001.0,206873945.0,0.0875865493839739,002660
2020-08-12,9.15,9.19,8.86,9.07,9099575.0,81892801.0,206873945.0,0.043986085342936736,002660
2020-08-13,9.09,9.33,9.08,9.31,10191361.0,94282876.0,206873945.0,0.049263627664663134,002660
2020-08-14,9.29,9.37,9.15,9.3,7885606.0,73010814.0,206873945.0,0.03811792732042694,002660
2020-08-17,9.37,10.23,9.32,9.86,28704688.0,282983206.0,206873945.0,0.1387544864579249,002660
2020-08-18,9.72,9.86,9.62,9.68,17026825.0,165714168.0,206873945.0,0.08230531399205444,002660
2020-08-19,9.76,10.46,9.73,10.26,35772146.0,363699333.0,206873945.0,0.17291759965229067,002660
2020-08-20,10.02,10.3,9.84,10.17,17842829.0,180376926.0,206873945.0,0.08624976431903979,002660
2020-08-21,10.25,10.6,10.1,10.38,22156556.0,229639761.0,206873945.0,0.10710172322570637,002660
2020-08-24,10.0,10.29,9.8,10.03,14988487.0,150048419.0,206873945.0,0.0724522703910345,002660
2020-08-25,9.98,10.38,9.92,10.25,14894330.0,151305126.0,206873945.0,0.07199712849290905,002660
2020-08-26,10.1,10.11,9.25,9.28,21876501.0,210981742.0,206873945.0,0.10574797614073633,002660
2020-08-27,9.31,9.43,9.08,9.41,10799389.0,100238311.0,206873945.0,0.052202750810402924,002660
2020-08-28,9.37,9.41,9.15,9.3,8415100.0,77964664.0,206873945.0,0.04067742798640012,002660
2020-08-31,9.27,9.72,9.27,9.52,13854203.0,132556280.0,206873945.0,0.06696929862288845,002660
2020-09-01,9.54,9.75,9.41,9.65,8849000.0,84729346.0,206873945.0,0.04277484049525908,002660
2020-09-02,9.65,9.76,9.59,9.63,8142441.0,78751875.0,206873945.0,0.03935943214115243,002660
2020-09-03,9.54,9.63,9.26,9.3,10190801.0,95656049.0,206873945.0,0.049260920702217964,002660
2020-09-04,9.23,9.99,9.18,9.96,16559081.0,159521165.0,206873945.0,0.08004430427427678,002660
2020-09-07,9.87,10.15,9.75,9.83,15412455.0,153209210.0,206873945.0,0.0745016729873837,002660
2020-09-08,9.88,9.88,9.49,9.81,10681956.0,103448801.0,206873945.0,0.05163509595178842,002660
2020-09-09,9.78,9.99,9.3,9.32,11584804.0,110775965.0,206873945.0,0.055999338147682154,002660
2020-09-10,9.39,9.42,8.65,8.72,14997217.0,134116429.0,206873945.0,0.07249447000201016,002660
2020-09-11,8.6,8.78,8.54,8.72,7305279.0,63249112.0,206873945.0,0.03531270697235459,002660
2020-09-14,8.77,8.93,8.69,8.82,7806272.0,68758805.0,206873945.0,0.037734437751452944,002660
2020-09-15,8.85,8.85,8.6,8.7,6269543.0,54387545.0,206873945.0,0.030306102588221053,002660
2020-09-16,8.68,9.22,8.57,9.12,13093399.0,116946109.0,206873945.0,0.0632916774512131,002660
2020-09-17,9.0,9.31,8.98,8.99,8491256.0,77322420.0,206873945.0,0.04104555554349776,002660
2020-09-18,9.0,9.48,8.8,9.43,13795853.0,127006260.0,206873945.0,0.06668724280382433,002660
2020-09-21,9.42,10.11,9.38,9.9,21982673.0,216257868.0,206873945.0,0.1062611968848953,002660
2020-09-22,9.97,10.0,9.7,9.7,12774572.0,125857951.0,206873945.0,0.06175051188780685,002660
2020-09-23,9.88,9.89,9.63,9.66,9216001.0,89979295.0,206873945.0,0.044548872503011434,002660
2020-09-24,9.61,9.73,9.32,9.35,9922243.0,93994682.0,206873945.0,0.047962748523019655,002660
2020-09-25,9.39,9.66,9.16,9.6,11698678.0,109765367.0,206873945.0,0.05654978929318528,002660
2020-09-28,9.58,9.96,9.51,9.87,17127800.0,167735117.0,206873945.0,0.08279341315794989,002660
2020-09-29,9.93,10.33,9.65,9.99,24696468.0,247782400.0,206873945.0,0.11937930607936152,002660
2020-09-30,10.0,10.1,8.99,9.07,32165538.0,296374374.0,206873945.0,0.15548375606217593,002660
2020-10-09,9.1,9.98,9.1,9.98,21647337.0,209434542.0,206873945.0,0.104640229101833,002660
2020-10-12,10.32,10.6,10.08,10.45,37291869.0,387136295.0,206873945.0,0.18026373016669645,002660
2020-10-13,10.27,10.48,10.23,10.39,24550111.0,254116979.0,206873945.0,0.11867183661045377,002660
2020-10-14,10.46,10.58,10.16,10.48,25474083.0,264270659.0,206873945.0,0.12313818929686868,002660
2020-10-15,10.5,10.76,10.23,10.24,26142200.0,273519825.0,206873945.0,0.12636777434683716,002660
2020-10-16,10.22,10.22,9.86,10.1,14713461.0,147717511.0,206873945.0,0.07112283279559443,002660
2020-10-19,10.05,10.15,9.76,9.8,12455910.0,123528337.0,206873945.0,0.060210143911549614,002660
2020-10-20,9.8,9.98,9.73,9.96,9739200.0,96283436.0,206873945.0,0.04707794401078396,002660
2020-10-21,9.87,9.91,9.5,9.56,13058625.0,125744303.0,206873945.0,0.06312358475109081,002660
2020-10-22,9.52,9.75,9.32,9.65,9523909.0,91325218.0,206873945.0,0.046037257132598305,002660
2020-10-23,9.68,9.72,9.35,9.39,9710145.0,92323169.0,206873945.0,0.04693749616463301,002660
2020-10-26,9.32,9.5,9.21,9.43,7488500.0,70439353.0,206873945.0,0.036198371911938934,002660
2020-10-27,9.41,9.51,9.24,9.27,7600200.0,71055177.0,206873945.0,0.03673831424252097,002660
2020-10-28,9.27,9.38,8.93,9.36,11490304.0,105452304.0,206873945.0,0.05554253823505904,002660
2020-10-29,9.12,9.3,9.08,9.13,7762004.0,71319704.0,206873945.0,0.03752045237016194,002660
2020-10-30,9.18,9.58,9.06,9.45,14927337.0,139450570.0,206873945.0,0.07215667975974452,002660
2020-11-02,9.4,9.75,9.31,9.69,13651030.0,130884997.0,206873945.0,0.06598718847847175,002660
2020-11-03,9.64,9.73,9.5,9.63,10743095.0,103253764.0,206873945.0,0.051930633410601806,002660
2020-11-04,9.6,9.84,9.52,9.73,10106101.0,97942907.0,206873945.0,0.04885149263238539,002660
2020-11-05,9.83,10.18,9.67,10.07,24842966.0,247294596.0,206873945.0,0.12008745712274206,002660
2020-11-06,10.02,10.09,9.65,9.72,16249700.0,159297629.0,206873945.0,0.0785487993666868,002660
2020-11-09,9.78,9.91,9.68,9.9,15330628.0,150600115.0,206873945.0,0.07410613260166717,002660
2020-11-10,9.88,9.88,9.46,9.51,12481001.0,119713431.0,206873945.0,0.06033143033067794,002660
2020-11-11,9.46,9.56,9.25,9.25,7139403.0,66679112.0,206873945.0,0.034510885360648,002660
2020-11-12,9.26,9.43,9.23,9.31,6747810.0,62790463.0,206873945.0,0.03261797903066043,002660
2020-11-13,9.33,9.44,9.24,9.42,5012003.0,46848074.0,206873945.0,0.024227328385892193,002660
2020-11-16,9.45,9.45,9.25,9.37,6172500.0,57578178.0,206873945.0,0.02983701016577994,002660
2020-11-17,9.38,9.42,9.19,9.29,5243203.0,48577647.0,206873945.0,0.02534491716682833,002660
2020-11-18,9.28,9.38,9.25,9.32,4131530.0,38433345.0,206873945.0,0.019971243841267687,002660
2020-11-19,9.31,9.34,9.23,9.29,3783900.0,35140619.0,206873945.0,0.018290848564810808,002660
2020-11-20,9.32,9.32,9.07,9.12,8953703.0,81798898.0,206873945.0,0.04328096029686097,002660
2020-11-23,9.15,9.21,8.99,9.19,5938402.0,54048198.0,206873945.0,0.028705412854190024,002660
2020-11-24,9.18,9.28,9.13,9.2,4564300.0,42058344.0,206873945.0,0.022063194086621205,002660
2020-11-25,9.15,9.24,9.02,9.02,5078760.0,46194101.0,206873945.0,0.024550022478664484,002660
2020-11-26,9.3,9.55,9.18,9.36,13136113.0,122743045.0,206873945.0,0.06349815101171875,002660
2020-11-27,9.21,9.27,9.1,9.17,6615408.0,60642090.0,206873945.0,0.03197796609911412,002660
2020-11-30,9.08,9.17,9.02,9.03,4875200.0,44300265.0,206873945.0,0.023566041629843718,002660
2020-12-01,9.08,9.13,9.04,9.11,4325617.0,39336464.0,206873945.0,0.020909433520011424,002660
2020-12-02,9.08,9.17,9.03,9.12,4820230.0,43829682.0,206873945.0,0.023300324262680833,002660
2020-12-03,9.15,9.15,9.02,9.04,4425934.0,40059474.0,206873945.0,0.02139435200503379,002660
2020-12-04,9.01,9.02,8.75,8.85,7159260.0,63461646.0,206873945.0,0.03460687134863697,002660
2020-12-07,8.89,8.92,8.79,8.81,3473033.0,30669591.0,206873945.0,0.016788160539018097,002660
2020-12-08,8.82,8.87,8.75,8.85,2652830.0,23442582.0,206873945.0,0.012823412827555447,002660
2020-12-09,8.83,8.86,8.6,8.6,4237900.0,36973362.0,206873945.0,0.020485421690005477,002660
2020-12-10,8.59,8.64,8.48,8.54,3176028.0,27148748.0,206873945.0,0.01535247950146646,002660
2020-12-11,8.57,8.57,8.08,8.19,7848463.0,64587997.0,206873945.0,0.037938383202389264,002660
2020-12-14,8.16,8.28,8.07,8.23,2801630.0,22915385.0,206873945.0,0.013542691420130263,002660
2020-12-15,8.25,8.25,8.09,8.12,2827995.0,23005994.0,206873945.0,0.01367013617882136,002660
2020-12-16,8.12,8.12,7.8,7.8,5204104.0,41143681.0,206873945.0,0.025155918015678583,002660
2020-12-17,7.8,7.95,7.53,7.93,6229300.0,48208284.0,206873945.0,0.030111573499504735,002660
2020-12-18,7.93,8.05,7.86,7.87,3496900.0,27799102.0,206873945.0,0.01690353031165911,002660
2020-12-21,7.87,8.04,7.87,8.03,3118800.0,24895820.0,206873945.0,0.015075847275015711,002660
2020-12-22,8.0,8.0,7.73,7.78,3652708.0,28767365.0,206873945.0,0.017656684605690677,002660
2020-12-23,7.78,7.94,7.78,7.9,3128851.0,24663164.0,206873945.0,0.015124432417045076,002660
2020-12-24,7.9,7.95,7.56,7.63,4007400.0,30892676.0,206873945.0,0.019371216612125805,002660
2020-12-25,7.67,7.87,7.56,7.85,3729900.0,29052095.0,206873945.0,0.018029820043311884,002660
2020-12-28,7.85,7.85,7.6,7.65,3615501.0,27847755.0,206873945.0,0.017476831120516408,002660
2020-12-29,7.61,7.77,7.57,7.7,2472100.0,19018461.0,206873945.0,0.011949789036990618,002660
2020-12-30,7.65,7.87,7.62,7.84,3093000.0,24038311.0,206873945.0,0.014951133648077335,002660
2020-12-31,7.86,8.06,7.86,8.04,6290245.0,50227478.0,211292046.99999997,0.029770382223614885,002660
2021-01-04,8.0,8.3,7.9,8.24,6504900.0,53003065.0,211292046.99999997,0.030786298359824216,002660
2021-01-05,8.18,8.28,8.11,8.16,4763683.0,38985005.0,211292046.99999997,0.022545491264988317,002660
2021-01-06,8.15,8.2,7.9,7.94,4362600.0,34817061.0,211292046.99999997,0.020647251337387065,002660
2021-01-07,7.89,7.97,7.55,7.56,5286465.0,40571954.0,211292046.99999997,0.025019706491839707,002660
2021-01-08,7.55,7.67,7.25,7.53,4076700.0,30487703.0,211292046.99999997,0.019294147876753737,002660
2021-01-11,7.53,7.54,7.1,7.17,5703132.0,41542508.0,211292046.99999997,0.02699170215337069,002660
2021-01-12,7.18,7.34,7.07,7.21,3275550.0,23540157.0,211292046.99999997,0.015502476531925503,002660
2021-01-13,7.24,7.29,6.76,6.79,6605550.0,45803441.0,211292046.99999997,0.03126265325073973,002660
2021-01-14,6.79,6.86,6.6,6.81,4376554.0,29593447.0,211292046.99999997,0.02071329263046044,002660
2021-01-15,6.76,6.92,6.75,6.89,3485300.0,23897949.0,211292046.99999997,0.01649517835377874,002660
2021-01-18,6.84,7.07,6.83,7.04,3488620.0,24525339.0,211292046.99999997,0.01651089120263954,002660
2021-01-19,7.04,7.09,6.99,7.07,2689500.0,18944024.0,211292046.99999997,0.012728827412988244,002660
2021-01-20,7.11,7.34,7.08,7.16,3962701.0,28421528.0,211292046.99999997,0.018754615028174725,002660
2021-01-21,7.16,7.19,7.05,7.15,3068005.0,21860199.0,211292046.99999997,0.014520210502764454,002660
2021-01-22,7.15,7.15,6.9,6.92,3370700.0,23429687.0,211292046.99999997,0.015952801100933063,002660
2021-01-25,6.88,6.98,6.73,6.74,2350200.0,15994994.0,211292046.99999997,0.011122993190557713,002660
2021-01-26,6.74,6.93,6.68,6.76,2722301.0,18522591.0,211292046.99999997,0.012884067520061465,002660
2021-01-27,6.73,6.78,6.63,6.71,2545991.0,17063772.0,211292046.99999997,0.01204963005540857,002660
2021-01-28,6.72,7.18,6.67,6.85,4960501.0,34384142.0,211292046.99999997,0.02347698870085726,002660
2021-01-29,6.8,6.97,6.73,6.85,3489706.0,23830626.0,211292046.99999997,0.01651603100801991,002660
2021-02-01,6.92,6.98,6.76,6.88,2835549.0,19467041.0,211292046.99999997,0.013420046046503589,002660
2021-02-02,6.88,6.93,6.72,6.77,2661601.0,18068861.0,211292046.99999997,0.01259678742191371,002660
2021-02-03,6.82,6.95,6.75,6.8,3662401.0,25094488.0,211292046.99999997,0.01733335945200058,002660
2021-02-04,6.69,6.7,6.13,6.23,7525824.0,47716792.0,211292046.99999997,0.03561811297137938,002660
2021-02-05,6.26,6.37,6.07,6.15,4819054.0,29921414.0,211292046.99999997,0.022807550347600167,002660
2021-02-08,6.18,6.25,6.09,6.11,1987300.0,12210743.0,211292046.99999997,0.009405465223213064,002660
2021-02-09,6.09,6.23,6.09,6.21,2560522.0,15775644.0,211292046.99999997,0.012118402165889379,002660
2021-02-10,6.21,6.43,6.21,6.29,2543400.0,16007559.0,211292046.99999997,0.012037367407397024,002660
2021-02-18,6.37,6.51,6.31,6.46,3389378.0,21808871.0,211292046.99999997,0.016041200074132466,002660
2021-02-19,6.46,6.76,6.42,6.74,3453900.0,22829560.0,211292046.99999997,0.016346568879613346,002660
2021-02-22,6.73,6.98,6.73,6.81,4696860.0,32342271.0,211292046.99999997,0.02222923231937831,002660
2021-02-23,6.81,6.86,6.67,6.73,2630820.0,17762901.0,211292046.99999997,0.012451107542159409,002660
2021-02-24,6.73,6.86,6.67,6.77,2607720.0,17676088.0,211292046.99999997,0.012341780190146014,002660
2021-02-25,6.8,6.8,6.65,6.68,2143800.0,14367015.0,211292046.99999997,0.010146146201139319,002660
2021-02-26,6.62,6.86,6.58,6.79,2616230.0,17674103.0,211292046.99999997,0.012382056197316317,002660
2021-03-01,6.89,6.97,6.84,6.93,3090102.0,21332443.0,211292046.99999997,0.014624790870618999,002660
2021-03-02,6.94,6.98,6.85,6.91,2412300.0,16669821.0,211292046.99999997,0.011416899188827491,002660
2021-03-03,6.91,7.03,6.83,7.03,2897400.0,20124942.0,211292046.99999997,0.013712773581108808,002660
2021-03-04,7.0,7.15,6.93,6.98,3062800.0,21495687.0,211292046.99999997,0.014495576352667927,002660
2021-03-05,6.95,7.05,6.93,7.05,2210500.0,15509808.0,211292046.99999997,0.010461823014095747,002660
2021-03-08,7.05,7.14,6.95,6.99,2901100.0,20485114.0,211292046.99999997,0.013730284888574156,002660
2021-03-09,6.97,7.02,6.68,6.83,3354902.0,23047868.0,211292046.99999997,0.015878032550841824,002660
2021-03-10,6.84,6.93,6.68,6.69,1926600.0,13017297.0,211292046.99999997,0.00911818512506531,002660
2021-03-11,6.69,6.82,6.62,6.81,1931428.0,12998228.0,211292046.99999997,0.00914103501491469,002660
2021-03-12,6.82,6.91,6.68,6.86,2617200.0,17793957.0,211292046.99999997,0.012386646999543718,002660
2021-03-15,6.86,7.0,6.77,6.97,3124300.0,21615865.0,211292046.99999997,0.014786642679456839,002660
2021-03-16,6.97,7.1,6.95,7.02,3214400.0,22528559.0,211292046.99999997,0.015213066680167099,002660
2021-03-17,7.03,7.03,6.92,6.96,2335900.0,16267096.0,211292046.99999997,0.011055314353597039,002660
2021-03-18,6.96,6.99,6.83,6.85,2958000.0,20381565.0,211292046.99999997,0.013999580400676417,002660
2021-03-19,6.87,6.98,6.8,6.9,2578520.0,17844059.0,211292046.99999997,0.012203582844743798,002660
2021-03-22,6.91,7.08,6.91,7.08,4082399.0,28737462.0,211292046.99999997,0.019321120023036174,002660
2021-03-23,7.09,7.16,6.93,6.95,5048920.0,35485164.0,211292046.99999997,0.023895456888635286,002660
2021-03-24,6.93,6.99,6.82,6.87,2979550.0,20543019.0,211292046.99999997,0.014101571934697573,002660
2021-03-25,6.85,7.25,6.76,7.02,8044580.0,56600625.0,211292046.99999997,0.03807327400259415,002660
2021-03-26,7.0,7.09,6.88,7.05,5782170.0,40341372.0,211292046.99999997,0.027365772077545356,002660
2021-03-29,7.04,7.13,6.97,7.02,4464623.0,31438523.0,211292046.99999997,0.021130104343207962,002660
2021-03-30,7.0,7.0,6.76,6.79,4602500.0,31416292.0,211292046.99999997,0.02178264665115389,002660
2021-03-31,6.77,6.94,6.72,6.86,2185600.0,14948510.0,211292046.99999997,0.010343976647639749,002660
2021-04-01,6.82,6.9,6.79,6.85,1553700.0,10626639.0,211292046.99999997,0.007353329299706203,002660
2021-04-02,6.86,6.96,6.81,6.93,2652502.0,18276079.0,211292046.99999997,0.012553723803906356,002660
2021-04-06,7.0,7.14,6.97,7.11,4982691.0,35227751.0,211292046.99999997,0.023582009217791338,002660
2021-04-07,7.11,7.12,7.0,7.07,3772001.0,26614850.0,211292046.99999997,0.01785207277583903,002660
2021-04-08,7.01,7.08,6.95,6.96,2967800.0,20841044.0,211292046.99999997,0.014045961701530585,002660
2021-04-09,7.01,7.01,6.9,6.94,1982000.0,13737392.0,211292046.99999997,0.009380381458465401,002660
2021-04-12,6.97,6.99,6.82,6.84,2122400.0,14574093.0,211292046.99999997,0.01004486458498838,002660
2021-04-13,6.81,6.84,6.62,6.63,3366320.0,22583941.0,211292046.99999997,0.015932071499122732,002660
2021-04-14,6.63,6.79,6.62,6.77,1763700.0,11844613.0,211292046.99999997,0.008347214318009803,002660
2021-04-15,6.77,6.88,6.67,6.88,2477820.0,16840952.0,211292046.99999997,0.011726991314538216,002660
2021-04-16,6.88,7.01,6.84,6.97,3404201.0,23696971.0,211292046.99999997,0.016111354158067297,002660
2021-04-19,6.97,7.08,6.94,7.05,3494409.0,24640551.0,211292046.99999997,0.01653828929964411,002660
2021-04-20,7.05,7.08,6.96,6.97,2496200.0,17502701.0,211292046.99999997,0.011813979917568787,002660
2021-04-21,6.97,7.07,6.87,6.98,2558424.0,17819017.0,211292046.99999997,0.012108472781277945,002660
2021-04-22,6.96,7.1,6.96,7.06,3502600.0,24663407.0,211292046.99999997,0.016577055548143753,002660
2021-04-23,7.01,7.05,6.85,6.91,3522613.0,24370589.0,211292046.99999997,0.016671772790388086,002660
2021-04-26,6.94,6.94,6.78,6.85,3434601.0,23518322.0,211292046.99999997,0.016255230846431247,002660
2021-04-27,6.84,6.84,6.71,6.79,2210225.0,14955054.0,211292046.99999997,0.01046052149800035,002660
2021-04-28,6.79,6.92,6.73,6.82,1952100.0,13306524.0,211292046.99999997,0.009238871163002175,002660
2021-04-29,6.79,6.89,6.71,6.71,3112753.0,21160786.0,211292046.99999997,0.014731993201807545,002660
2021-04-30,6.73,6.73,6.45,6.54,3681300.0,24169620.0,211292046.99999997,0.0174228043708621,002660
2021-05-06,6.57,6.69,6.55,6.63,1877300.0,12432371.0,211292046.99999997,0.008884858785054036,002660
2021-05-07,6.63,6.64,6.54,6.58,1372300.0,9044918.0,211292046.99999997,0.006494801955323952,002660
2021-05-10,6.58,6.62,6.5,6.59,1635864.0,10713335.0,211292046.99999997,0.007742193912296189,002660
2021-05-11,6.57,6.64,6.53,6.62,1490050.0,9821570.0,211292046.99999997,0.007052087483444183,002660
2021-05-12,6.62,6.74,6.61,6.73,2047400.0,13690670.0,211292046.99999997,0.009689905649879952,002660
2021-05-13,6.73,6.77,6.66,6.71,1957003.0,13160092.0,211292046.99999997,0.009262076011786663,002660
2021-05-14,6.72,6.78,6.68,6.76,2135386.0,14391767.0,211292046.99999997,0.010106324541405955,002660
2021-05-17,6.73,6.75,6.51,6.53,3659403.0,24124536.0,211292046.99999997,0.017319170560167844,002660
2021-05-18,6.53,6.76,6.48,6.76,3719288.0,24730326.0,211292046.99999997,0.01760259343788742,002660
2021-05-19,6.73,6.79,6.58,6.62,3588139.0,23831918.0,211292046.99999997,0.016981893312813617,002660
2021-05-20,6.56,6.65,6.56,6.63,1965110.0,12981013.0,211292046.99999997,0.009300444706278985,002660
2021-05-21,6.67,6.72,6.64,6.65,2054413.0,13715934.0,211292046.99999997,0.00972309667670549,002660
2021-05-24,6.63,6.74,6.62,6.71,2221400.0,14866727.0,211292046.99999997,0.010513410379331506,002660
2021-05-25,6.69,6.75,6.64,6.73,2281249.0,15281526.0,211292046.99999997,0.01079666287676223,002660
2021-05-26,6.7,6.78,6.7,6.77,2449404.0,16528291.0,211292046.99999997,0.011592504473204333,002660
2021-05-27,6.77,6.84,6.74,6.8,2437932.0,16590575.0,211292046.99999997,0.011538209954490149,002660
2021-05-28,6.83,6.86,6.71,6.75,2310101.0,15640682.0,211292046.99999997,0.010933213212705541,002660
2021-05-31,6.78,6.88,6.78,6.88,3030831.0,20703861.0,211292046.99999997,0.01434427392338151,002660
2021-06-01,6.89,6.96,6.82,6.89,3062781.0,21082589.0,211292046.99999997,0.0144954864297377,002660
2021-06-02,6.86,7.58,6.82,7.58,25687059.0,190005145.0,211292046.99999997,0.12157134811609831,002660
2021-06-03,7.47,7.9,7.36,7.65,35205077.0,269043615.0,211292046.99999997,0.16661808856440302,002660
2021-06-04,7.38,7.64,7.33,7.52,17469768.0,130288894.0,211292046.99999997,0.08268066994495066,002660
2021-06-07,7.7,7.7,7.38,7.48,11884374.0,88959303.0,211292046.99999997,0.05624619652627059,002660
2021-06-08,7.47,7.58,7.36,7.43,10772456.0,80172457.0,211292046.99999997,0.05098372680349867,002660
2021-06-09,7.45,7.48,7.24,7.37,9141468.0,67116129.0,211292046.99999997,0.043264609954770335,002660
2021-06-10,7.31,7.56,7.3,7.43,10795104.0,80215146.0,211292046.99999997,0.05109091493632981,002660
2021-06-11,7.43,7.48,7.15,7.15,8454764.0,61400295.0,211292046.99999997,0.04001458701377436,002660
2021-06-15,7.18,7.31,7.15,7.22,5116200.0,37033502.0,211292046.99999997,0.024213878717356554,002660
2021-06-16,7.17,7.32,7.1,7.17,6547230.0,47238369.0,211292046.99999997,0.030986637182799412,002660
2021-06-17,7.2,7.32,7.14,7.31,5444070.0,39440929.0,211292046.99999997,0.02576561719807656,002660
2021-06-18,7.32,8.04,7.22,7.84,18734500.0,145594930.0,211292046.99999997,0.0886663755971847,002660
2021-06-21,7.66,8.0,7.6,7.9,15659530.0,123140549.0,211292046.99999997,0.07411320124131318,002660
2021-06-22,7.89,8.2,7.8,8.0,13857427.0,110629689.0,211292046.99999997,0.06558423375017046,002660
2021-06-23,7.98,7.98,7.77,7.8,8954800.0,70216043.0,211292046.99999997,0.04238115029478606,002660
2021-06-24,7.8,7.8,7.61,7.64,6980330.0,53613344.0,211292046.99999997,0.03303640671340555,002660
2021-06-25,7.66,8.01,7.6,7.86,10002003.0,77950528.0,211292046.99999997,0.04733733778441742,002660
2021-06-28,7.8,7.94,7.72,7.83,5888984.0,46207105.0,211292046.99999997,0.027871299860140978,002660
2021-06-29,7.85,7.85,7.7,7.75,3870080.0,30011427.0,211292046.99999997,0.01831625967445902,002660
2021-06-30,7.75,7.82,7.68,7.71,3869950.0,29932273.0,211292046.99999997,0.018315644412304835,002660
2021-07-01,7.7,7.75,7.38,7.43,4781952.0,36293148.0,211292046.99999997,0.022631954528794927,002660
2021-07-02,7.4,7.62,7.35,7.55,4423853.0,33139335.0,211292046.99999997,0.020937148666083018,002660
2021-07-05,7.46,7.78,7.18,7.76,8384450.0,63435988.0,211292046.99999997,0.0396818059129315,002660
2021-07-06,7.75,7.83,7.61,7.78,6607252.0,51034685.0,211292046.99999997,0.031270708452173786,002660
2021-07-07,7.78,7.86,7.65,7.72,6169800.0,47776517.0,211292046.99999997,0.029200341837759755,002660
2021-07-08,7.77,7.77,7.41,7.45,8465380.0,63763022.0,211292046.99999997,0.04006483026784251,002660
2021-07-09,7.35,7.58,7.34,7.56,4883200.0,36659921.0,211292046.99999997,0.023111139625619705,002660
2021-07-12,7.65,7.7,7.5,7.6,5300218.0,40206734.0,211292046.99999997,0.02508479649496699,002660
2021-07-13,7.59,7.85,7.5,7.79,9347298.0,71943849.0,211292046.99999997,0.04423875925628191,002660
2021-07-14,7.82,7.97,7.68,7.82,9868500.0,77399623.0,211292046.99999997,0.04670549668156701,002660
2021-07-15,7.74,7.85,7.57,7.68,6173900.0,47501225.0,211292046.99999997,0.029219746259545685,002660
2021-07-16,7.62,7.96,7.61,7.86,9032701.0,70849579.0,211292046.99999997,0.042749839041504485,002660
2021-07-19,7.82,7.86,7.62,7.72,6079000.0,46890767.0,211292046.99999997,0.028770604886988484,002660
2021-07-20,7.62,7.63,7.42,7.56,6105542.0,45913765.0,211292046.99999997,0.02889622248773046,002660
2021-07-21,7.65,8.17,7.61,8.12,18846051.0,150655971.0,211292046.99999997,0.08919432258612177,002660
2021-07-22,8.13,8.18,7.97,8.1,12406601.0,100183927.0,211292046.99999997,0.058717785057002175,002660
2021-07-23,8.03,8.32,8.02,8.03,13354832.0,108980685.0,211292046.99999997,0.06320555927029285,002660
2021-07-26,8.17,8.18,7.72,7.92,8741701.0,69328353.0,211292046.99999997,0.04137259837328379,002660
2021-07-27,7.98,8.02,7.46,7.46,9135900.0,70952742.0,211292046.99999997,0.04323825780342788,002660
2021-07-28,7.4,7.58,7.15,7.16,8713500.0,63528163.0,211292046.99999997,0.04123912908089721,002660
2021-07-29,7.22,7.72,7.22,7.59,9622304.0,72528413.0,211292046.99999997,0.04554030374839428,002660
2021-07-30,7.64,8.35,7.58,8.19,30496526.0,250439219.0,211292046.99999997,0.14433352524622,002660
2021-08-02,8.19,8.35,8.08,8.27,24371126.0,200310970.0,211292046.99999997,0.11534331909804443,002660
2021-08-03,8.26,8.42,8.15,8.2,14057556.0,116317134.0,211292046.99999997,0.06653140143982798,002660
2021-08-04,8.22,8.36,8.17,8.27,12653701.0,104566677.0,211292046.99999997,0.05988725642853941,002660
2021-08-05,8.35,8.6,8.25,8.39,13706700.0,114919017.0,211292046.99999997,0.06487087514467595,002660
2021-08-06,8.3,8.36,8.11,8.25,10480800.0,86040948.0,211292046.99999997,0.04960338142779222,002660
2021-08-09,8.34,8.34,8.07,8.15,6754920.0,55080523.0,211292046.99999997,0.03196958946590167,002660
2021-08-10,8.15,8.35,8.12,8.25,8827720.0,72919501.0,211292046.99999997,0.04177970787513834,002660
2021-08-11,8.29,9.08,8.17,8.88,24752842.0,216576841.0,211292046.99999997,0.11714989916302909,002660
2021-08-12,8.87,9.27,8.78,8.97,19711290.0,178133125.0,211292046.99999997,0.09328931344017885,002660
2021-08-13,8.98,9.12,8.78,8.89,12413300.0,110795027.0,211292046.99999997,0.058749489989086065,002660
2021-08-16,8.91,8.96,8.59,8.71,10380760.0,90195589.0,211292046.99999997,0.0491299135362156,002660
2021-08-17,8.4,8.4,8.01,8.03,15778838.0,128580994.0,211292046.99999997,0.07467786044971206,002660
2021-08-18,8.0,8.09,7.82,7.99,9724110.0,76960352.0,211292046.99999997,0.046022129739696264,002660
2021-08-19,7.94,8.01,7.71,7.81,9363934.0,73205028.0,211292046.99999997,0.044317493880874755,002660
2021-08-20,7.78,7.8,7.53,7.72,6361624.0,48823274.0,211292046.99999997,0.03010820374133628,002660
2021-08-23,7.72,7.99,7.72,7.94,9335900.0,73480858.0,211292046.99999997,0.044184814963717026,002660
2021-08-24,7.89,8.07,7.83,7.94,8117622.0,64468369.0,211292046.99999997,0.03841896614310335,002660
2021-08-25,7.89,8.0,7.82,7.96,6506435.0,51571784.0,211292046.99999997,0.030793563186029434,002660
2021-08-26,7.95,8.03,7.86,7.93,6787400.0,53854703.0,211292046.99999997,0.03212331034873263,002660
2021-08-27,7.89,7.91,7.6,7.72,8671710.0,66635330.0,211292046.99999997,0.0410413459622548,002660
2021-08-30,7.68,7.84,7.56,7.58,9119197.0,69956717.0,211292046.99999997,0.04315920608218634,002660
2021-08-31,7.56,7.6,7.39,7.47,7478200.0,55921686.0,211292046.99999997,0.03539271878037133,002660
2021-09-01,7.48,7.53,7.22,7.23,9787900.0,71657694.0,211292046.99999997,0.046324034145970486,002660
2021-09-02,7.16,7.42,7.16,7.36,6411500.0,46864801.0,211292046.99999997,0.030344256165969186,002660
2021-09-03,7.42,7.73,7.37,7.62,12015900.0,91412641.0,211292046.99999997,0.056868680911591536,002660
2021-09-06,7.7,7.7,7.41,7.48,8963299.0,67168406.0,211292046.99999997,0.04242137424131255,002660
2021-09-07,7.47,7.56,7.43,7.56,5560645.0,41739277.0,211292046.99999997,0.026317341702880092,002660
2021-09-08,7.61,7.86,7.54,7.69,9193453.0,70692283.0,211292046.99999997,0.04351064382465849,002660
2021-09-09,7.68,7.78,7.61,7.65,7965710.0,61271280.0,211292046.99999997,0.03769999918643412,002660
2021-09-10,7.62,7.73,7.49,7.6,5894400.0,44772484.0,211292046.99999997,0.027896932628041608,002660
2021-09-13,7.6,7.6,7.41,7.53,4548600.0,34021127.0,211292046.99999997,0.021527549496455967,002660
2021-09-14,7.53,7.6,7.46,7.48,4694308.0,35381598.0,211292046.99999997,0.02221715425001302,002660
2021-09-15,7.48,7.6,7.38,7.6,5644431.0,42469390.0,211292046.99999997,0.026713882894040024,002660
2021-09-16,7.58,7.86,7.45,7.47,6658330.0,50735913.0,211292046.99999997,0.03151244968534003,002660
2021-09-17,7.42,7.64,7.28,7.57,6462931.0,48350485.0,211292046.99999997,0.03058766807252334,002660
2021-09-22,7.42,7.55,7.35,7.48,4518500.0,33567113.0,211292046.99999997,0.02138509264383245,002660
2021-09-23,7.48,7.7,7.47,7.66,5332501.0,40647194.0,211292046.99999997,0.025237585018995062,002660
2021-09-24,7.66,7.71,7.38,7.42,5782400.0,43500740.0,211292046.99999997,0.027366860618279688,002660
2021-09-27,7.43,7.5,6.95,7.02,7812536.0,55872603.0,211292046.99999997,0.036975059454083484,002660
2021-09-28,6.99,7.09,6.96,7.04,1987000.0,13976038.0,211292046.99999997,0.00940404538747263,002660
2021-09-29,7.02,7.09,6.95,6.96,2703000.0,18968426.0,211292046.99999997,0.012792720021307762,002660
2021-09-30,7.02,7.22,6.97,7.18,2986301.0,21230623.0,211292046.99999997,0.014133522971643133,002660
2021-10-08,7.22,7.35,7.22,7.3,3076500.0,22429316.0,211292046.99999997,0.014560415518147735,002660
2021-10-11,7.28,7.36,7.24,7.29,2184300.0,15912438.0,211292046.99999997,0.01033782402609787,002660
2021-10-12,7.29,7.29,7.06,7.15,2456200.0,17541834.0,211292046.99999997,0.011624668485510959,002660
2021-10-13,7.17,7.26,7.05,7.25,1991400.0,14224410.0,211292046.99999997,0.009424869644998992,002660
2021-10-14,7.2,7.33,7.14,7.28,2174000.0,15740012.0,211292046.99999997,0.010289076332342979,002660
2021-10-15,7.27,7.27,7.16,7.2,1802783.0,12981778.0,211292046.99999997,0.008532185785487706,002660
2021-10-18,7.21,7.24,7.1,7.23,1641100.0,11779860.0,211292046.99999997,0.007766974778752558,002660
2021-10-19,7.21,7.34,7.21,7.26,2164000.0,15752260.0,211292046.99999997,0.010241748474328521,002660
2021-10-20,7.27,7.33,7.2,7.22,2028100.0,14716994.0,211292046.99999997,0.00959856288391205,002660
2021-10-21,7.22,7.23,7.06,7.09,2177126.0,15514041.0,211292046.99999997,0.010303871020758299,002660
2021-10-22,7.08,7.13,7.0,7.0,1785600.0,12620648.0,211292046.99999997,0.008450862327061465,002660
2021-10-25,7.08,7.24,6.99,7.21,2965500.0,21134271.0,211292046.99999997,0.01403507629418726,002660
2021-10-26,7.2,7.33,7.18,7.29,4251300.0,30868982.0,211292046.99999997,0.02012049227768616,002660
2021-10-27,7.24,7.29,7.1,7.18,2770800.0,19894521.0,211292046.99999997,0.01311360289864578,002660
2021-10-28,7.18,7.18,6.7,6.7,6155630.0,42052629.0,211292046.99999997,0.029133278262953272,002660
2021-10-29,6.74,6.9,6.7,6.83,3440919.0,23445814.0,211292046.99999997,0.01628513258712478,002660
2021-11-01,6.85,7.24,6.83,7.19,4677229.0,32993667.0,211292046.99999997,0.02213632300131013,002660
2021-11-02,7.2,7.3,7.01,7.12,3414600.0,24439629.0,211292046.99999997,0.01616057039761653,002660
2021-11-03,7.12,7.17,6.99,7.07,2377204.0,16805690.0,211292046.99999997,0.011250797338339953,002660
2021-11-04,7.04,7.14,7.04,7.12,2344304.0,16655181.0,211292046.99999997,0.01109508868547239,002660
2021-11-05,7.09,7.25,7.06,7.17,3194900.0,22985318.0,211292046.99999997,0.015120777357038907,002660
2021-11-08,7.17,7.35,7.12,7.32,3694604.0,26968613.0,211292046.99999997,0.017485769353164534,002660
2021-11-09,7.31,7.5,7.29,7.43,4170944.0,30992125.0,211292046.99999997,0.019740184541825186,002660
2021-11-10,7.36,7.74,7.34,7.74,9698346.0,73766563.0,211292046.99999997,0.04590019424630782,002660
2021-11-11,7.74,7.74,7.61,7.64,5217308.0,39927374.0,211292046.99999997,0.024692401224169127,002660
2021-11-12,7.64,7.75,7.59,7.71,4853538.0,37326288.0,211292046.99999997,0.02297075573317722,002660
2021-11-15,7.72,7.91,7.72,7.83,5886430.0,46093745.0,211292046.99999997,0.027859212325204084,002660
2021-11-16,7.83,7.88,7.69,7.72,5938133.0,46087510.0,211292046.99999997,0.028103911549496232,002660
2021-11-17,7.72,7.93,7.65,7.92,6726600.0,52840189.0,211292046.99999997,0.03183555697200473,002660
2021-11-18,7.92,7.99,7.77,7.79,4506700.0,35457618.0,211292046.99999997,0.02132924577137539,002660
2021-11-19,7.73,7.99,7.73,7.95,5324716.0,42112627.0,211292046.99999997,0.02520074028153081,002660
2021-11-22,7.95,7.97,7.85,7.91,3316100.0,26194264.0,211292046.99999997,0.01569439099617413,002660
2021-11-23,7.92,8.03,7.83,7.96,4726900.0,37501905.0,211292046.99999997,0.02237140520485374,002660
2021-11-24,7.96,8.05,7.82,7.98,4291778.0,34004611.0,211292046.99999997,0.020312065981357076,002660
2021-11-25,7.96,8.04,7.85,7.94,4008900.0,31878984.0,211292046.99999997,0.018973264999415717,002660
2021-11-26,7.9,7.94,7.73,7.79,4549157.0,35479025.0,211292046.99999997,0.021530185658147374,002660
2021-11-29,7.66,7.84,7.65,7.79,3485962.0,27056901.0,211292046.99999997,0.0164983114579793,002660
2021-11-30,7.85,8.09,7.82,7.94,5389700.0,43045625.0,211292046.99999997,0.025508295634051957,002660
2021-12-01,7.92,8.09,7.92,8.06,4533800.0,36408838.0,211292046.99999997,0.02145750426659457,002660
2021-12-02,8.01,8.24,8.01,8.04,5670200.0,46115607.0,211292046.99999997,0.02683584205135748,002660
2021-12-03,8.01,8.28,8.0,8.12,4960104.0,40518313.0,211292046.99999997,0.023475109784894085,002660
2021-12-06,8.17,8.19,7.82,7.87,5785100.0,45879796.0,211292046.99999997,0.027379639139943592,002660
2021-12-07,7.87,7.89,7.52,7.59,5547497.0,42378469.0,211292046.99999997,0.026255115035162684,002660
2021-12-08,7.62,8.05,7.6,7.79,5110178.0,39967276.0,211292046.99999997,0.024185377881260246,002660
2021-12-09,7.79,8.39,7.79,8.04,11992970.0,97593181.0,211292046.99999997,0.05676015813316439,002660
2021-12-10,8.05,8.47,7.99,8.36,15011055.0,124522558.0,211292046.99999997,0.07104410796872067,002660
2021-12-13,8.38,8.44,8.18,8.25,8539652.0,70657648.0,211292046.99999997,0.040416343734887485,002660
2021-12-14,8.26,8.35,8.13,8.25,5187700.0,42674209.0,211292046.99999997,0.024552272902159923,002660
2021-12-15,8.25,8.44,8.16,8.29,6340500.0,52661362.0,211292046.99999997,0.03000822837406654,002660
2021-12-16,8.29,8.4,8.2,8.27,4715582.0,38929554.0,211292046.99999997,0.022317839535152977,002660
2021-12-17,8.27,8.31,8.14,8.17,4660705.0,38286320.0,211292046.99999997,0.02205811844872704,002660
2021-12-20,8.17,8.24,7.91,7.96,4820400.0,38844082.0,211292046.99999997,0.022813920677288914,002660
2021-12-21,7.96,8.2,7.96,8.2,4224650.0,34245203.0,211292046.99999997,0.019994363536077628,002660
2021-12-22,8.23,8.26,8.04,8.11,3376100.0,27420394.0,211292046.99999997,0.01597835814426087,002660
2021-12-23,8.07,8.11,7.93,7.96,4596600.0,36786120.0,211292046.99999997,0.021754723214925362,002660
2021-12-24,7.93,8.02,7.68,7.7,5184600.0,40303714.0,211292046.99999997,0.024537601266175442,002660
2021-12-27,7.71,7.92,7.61,7.87,4519701.0,35245481.0,211292046.99999997,0.02139077671957999,002660
2021-12-28,7.87,7.92,7.82,7.87,2812500.0,22144177.0,211292046.99999997,0.013310960066566067,002660
2021-12-29,7.86,7.95,7.75,7.86,3095600.0,24356661.0,211292046.99999997,0.014650811726955348,002660
2021-12-30,7.8,7.97,7.8,7.94,3497171.0,27701499.0,211292046.99999997,0.016551361254027702,002660
2021-12-31,7.96,8.09,7.88,8.05,5061146.0,40530818.0,274327707.0,0.018449270237220334,002660
2022-01-04,8.08,8.19,8.05,8.18,5645575.0,45854311.0,274327707.0,0.020579674804776463,002660
2022-01-05,8.12,8.2,7.96,8.07,4414900.0,35640473.0,274327707.0,0.016093525689696374,002660
2022-01-06,8.11,8.15,7.97,8.1,3174500.0,25657991.0,274327707.0,0.011571926272835431,002660
2022-01-07,8.08,8.13,7.88,7.89,5203700.0,41571142.0,274327707.0,0.01896891880483658,002660
2022-01-10,7.94,7.98,7.75,7.95,3023000.0,23907354.0,274327707.0,0.011019667072856043,002660
2022-01-11,7.99,8.18,7.82,7.93,4877500.0,39026164.0,274327707.0,0.01777983001913839,002660
2022-01-12,7.96,8.19,7.86,8.18,7982615.0,64791972.0,274327707.0,0.02909882886893375,002660
2022-01-13,8.15,8.3,8.12,8.2,6278500.0,51609860.0,274327707.0,0.022886860640729957,002660
2022-01-14,8.15,8.28,8.05,8.1,4534744.0,37034999.0,274327707.0,0.016530390056444424,002660
2022-01-17,8.1,8.25,8.08,8.24,4345902.0,35483103.0,274327707.0,0.01584200898817705,002660
2022-01-18,8.21,8.22,7.92,7.95,5515980.0,44254523.0,274327707.0,0.020107265359091124,002660
2022-01-19,7.99,8.13,7.92,8.02,3520807.0,28234693.0,274327707.0,0.012834310607932869,002660
2022-01-20,7.96,8.08,7.5,7.51,8317200.0,63728258.0,274327707.0,0.030318483287581303,002660
2022-01-21,7.51,7.63,7.43,7.57,3289400.0,24800576.0,274327707.0,0.011990768398760392,002660
2022-01-24,7.62,8.33,7.49,8.33,11841017.0,97567238.0,274327707.0,0.043163766174008814,002660
2022-01-25,8.33,8.33,7.68,7.92,25673334.0,204663637.0,274327707.0,0.09358636894814273,002660
2022-01-26,7.74,8.05,7.55,7.86,14176527.0,110866784.0,274327707.0,0.0516773429670376,002660
2022-01-27,7.86,7.95,7.07,7.07,15906817.0,114668418.0,274327707.0,0.05798472627484179,002660
2022-01-28,6.98,7.26,6.9,7.15,7974414.0,56544367.0,274327707.0,0.029068933966629917,002660
2022-02-07,7.28,7.32,7.05,7.19,4532900.0,32497765.0,274327707.0,0.016523668168888242,002660
2022-02-08,7.22,7.39,7.16,7.37,5062632.0,37044150.0,274327707.0,0.018454687116237954,002660
2022-02-09,7.44,7.57,7.4,7.5,4937233.0,37041247.0,274327707.0,0.01799757324549066,002660
2022-02-10,7.47,7.58,7.39,7.47,3889100.0,28984157.0,274327707.0,0.014176839964619397,002660
2022-02-11,7.44,7.44,7.21,7.24,3666400.0,26773264.0,274327707.0,0.013365037167025933,002660
2022-02-14,7.22,7.39,7.18,7.37,2696500.0,19768148.0,274327707.0,0.009829484704583632,002660
2022-02-15,7.37,7.42,7.25,7.36,2307100.0,16907933.0,274327707.0,0.008410014523250471,002660
2022-02-16,7.38,7.58,7.35,7.49,3487300.0,26052165.0,274327707.0,0.012712168370218616,002660
2022-02-17,7.49,7.61,7.43,7.44,3973700.0,29871680.0,274327707.0,0.01448523025054848,002660
2022-02-18,7.4,7.6,7.38,7.58,3058400.0,23016475.0,274327707.0,0.011148709816613603,002660
2022-02-21,7.65,7.78,7.6,7.77,3422400.0,26420846.0,274327707.0,0.012475590006663088,002660
2022-02-22,7.71,7.81,7.6,7.68,3925400.0,30150018.0,274327707.0,0.014309163456099606,002660
2022-02-23,7.87,7.95,7.7,7.83,4845100.0,37810695.0,274327707.0,0.017661723101122993,002660
2022-02-24,7.86,7.89,7.45,7.54,6684600.0,51304454.0,274327707.0,0.024367206918694508,002660
2022-02-25,7.6,7.76,7.58,7.63,3303400.0,25276282.0,274327707.0,0.012041802252223835,002660
2022-02-28,7.63,7.83,7.5,7.74,4967800.0,38092711.0,274327707.0,0.018108998373977586,002660
2022-03-01,7.7,7.85,7.66,7.81,2958800.0,23055241.0,274327707.0,0.010785640401973688,002660
2022-03-02,7.78,8.14,7.77,8.02,8157100.0,65279862.0,274327707.0,0.02973487472047437,002660
2022-03-03,8.09,8.28,7.98,8.08,6717000.0,54534324.0,274327707.0,0.0244853138367099,002660
2022-03-04,8.12,8.12,7.86,7.92,3886200.0,30946557.0,274327707.0,0.01416626866640197,002660
2022-03-07,7.88,7.97,7.8,7.89,3199600.0,25178256.0,274327707.0,0.011663422681544886,002660
2022-03-08,7.84,7.96,7.65,7.74,3260100.0,25383343.0,274327707.0,0.011883961834011903,002660
2022-03-09,7.74,7.89,7.35,7.87,4597300.0,35532303.0,274327707.0,0.016758423894820074,002660
2022-03-10,7.89,8.03,7.82,7.87,5642100.0,44792383.0,274327707.0,0.02056700747329179,002660
2022-03-11,7.79,7.98,7.58,7.94,5459150.0,42368796.0,274327707.0,0.019900104366782027,002660
2022-03-14,7.88,7.94,7.68,7.68,4067200.0,31602567.0,274327707.0,0.014826063486179323,002660
2022-03-15,7.61,7.74,7.25,7.26,4398800.0,33000632.0,274327707.0,0.016034836758213416,002660
2022-03-16,7.3,7.59,7.2,7.57,3902700.0,28880763.0,274327707.0,0.014226415707983883,002660
2022-03-17,7.64,7.87,7.59,7.61,4389050.0,33992487.0,274327707.0,0.015999295324551376,002660
2022-03-18,7.65,7.86,7.6,7.79,3565400.0,27680636.0,274327707.0,0.012996864367039673,002660
2022-03-21,7.79,7.99,7.71,7.97,4750200.0,37414415.0,274327707.0,0.017315786480145805,002660
2022-03-22,7.97,8.77,7.97,8.26,34045398.0,287648013.0,274327707.0,0.12410484661689677,002660
2022-03-23,8.17,8.41,7.97,8.02,24692054.0,201791331.0,274327707.0,0.09000933325338516,002660
2022-03-24,7.97,8.02,7.76,7.76,10691629.0,83885125.0,274327707.0,0.038973930547963206,002660
2022-03-25,7.88,8.22,7.78,8.12,14593700.0,117333335.0,274327707.0,0.05319805337781648,002660
2022-03-28,7.99,8.05,7.72,7.83,9951231.0,78037012.0,274327707.0,0.03627497604534711,002660
2022-03-29,7.85,7.85,7.54,7.56,7239900.0,55522208.0,274327707.0,0.026391428263569452,002660
2022-03-30,7.65,7.66,7.51,7.63,4769614.0,36144672.0,274327707.0,0.01738655585379861,002660
2022-03-31,7.6,8.34,7.6,8.23,23897602.0,194068316.0,274327707.0,0.08711333704254672,002660
2022-04-01,8.2,8.28,8.05,8.12,12177500.0,99207021.0,274327707.0,0.044390339325075905,002660
2022-04-06,8.1,8.29,8.08,8.28,9743300.0,80102297.0,274327707.0,0.035517010317882326,002660
2022-04-07,8.19,8.24,7.98,8.05,6894628.0,55634956.0,274327707.0,0.025132816788353062,002660
2022-04-08,7.96,8.11,7.65,7.82,8406300.0,65664218.0,274327707.0,0.030643277312123636,002660
2022-04-11,7.89,7.95,7.71,7.77,7052500.0,55368928.0,274327707.0,0.025708303682208812,002660
2022-04-12,7.73,8.55,7.73,8.55,41592044.0,351736637.0,274327707.0,0.1516144484815017,002660
2022-04-13,8.45,8.82,8.19,8.25,35905842.0,302400224.0,274327707.0,0.1308866770792496,002660
2022-04-14,8.33,8.39,8.2,8.3,20329400.0,168827368.0,274327707.0,0.07410625861426386,002660
2022-04-15,8.3,8.32,7.82,7.96,17862300.0,142688077.0,274327707.0,0.06511300005143118,002660
2022-04-18,8.02,8.02,7.22,7.39,23840500.0,176971167.0,274327707.0,0.08690518453537031,002660
2022-04-19,7.3,7.61,7.28,7.49,12806800.0,95331044.0,274327707.0,0.04668431103825761,002660
2022-04-20,7.46,7.55,7.32,7.35,8591500.0,63854777.0,274327707.0,0.031318382287940025,002660
2022-04-21,7.41,7.42,6.9,6.96,11301300.0,80157164.0,274327707.0,0.041196349153313924,002660
2022-04-22,6.98,6.99,6.73,6.9,7624556.0,52313589.0,274327707.0,0.027793605259129002,002660
2022-04-25,6.78,6.78,6.21,6.21,10432700.0,66999183.0,274327707.0,0.0380300630734321,002660
2022-04-26,6.22,6.29,5.84,5.86,7937840.0,48076675.0,274327707.0,0.028935611669731923,002660
2022-04-27,5.75,6.33,5.7,6.19,8706604.0,52042075.0,274327707.0,0.03173796805001545,002660
2022-04-28,6.06,6.11,5.85,5.97,5644231.0,33770914.0,274327707.0,0.020574775554843973,002660
2022-04-29,6.0,6.29,6.0,6.26,7482705.0,46190768.0,274327707.0,0.02727651932001167,002660
2022-05-05,6.26,6.39,6.15,6.28,5221779.0,32713882.0,274327707.0,0.019034821736034123,002660
2022-05-06,6.11,6.28,6.03,6.19,3881100.0,23983205.0,274327707.0,0.014147677762640287,002660
2022-05-09,6.19,6.31,6.15,6.26,3354041.0,21014461.0,274327707.0,0.012226402636026845,002660
2022-05-10,6.16,6.35,6.12,6.35,4221741.0,26515722.0,274327707.0,0.01538940796818602,002660
2022-05-11,6.35,6.51,6.27,6.28,5649000.0,36197598.0,274327707.0,0.02059215987249877,002660
2022-05-12,6.25,6.41,6.2,6.41,3610781.0,22922341.0,274327707.0,0.01316229060304142,002660
2022-05-13,6.41,6.45,6.32,6.41,3299474.0,21044757.0,274327707.0,0.012027490901602586,002660
2022-05-16,6.41,6.5,6.39,6.43,3588800.0,23107069.0,274327707.0,0.013082163807828569,002660
2022-05-17,6.41,6.44,6.27,6.43,3310174.0,21051132.0,274327707.0,0.012066495346749645,002660
2022-05-18,6.44,6.63,6.4,6.52,4611500.0,30094978.0,274327707.0,0.01681018680333299,002660
2022-05-19,6.46,6.75,6.43,6.66,5894872.0,39131714.0,274327707.0,0.021488430988124724,002660
2022-05-20,6.68,7.16,6.67,7.01,11567100.0,80704641.0,274327707.0,0.04216526331406984,002660
2022-05-23,7.04,7.12,6.95,7.1,8515300.0,59832715.0,274327707.0,0.031040612314089003,002660
2022-05-24,7.04,7.08,6.69,6.74,6842503.0,47084672.0,274327707.0,0.02494280681608293,002660
2022-05-25,6.71,7.41,6.71,7.41,12031500.0,87138160.0,274327707.0,0.043858129138957154,002660
2022-05-26,7.71,8.15,7.71,8.15,29715963.0,239673672.0,274327707.0,0.10832286437621848,002660
2022-05-27,7.94,8.97,7.92,8.97,43604507.0,379357868.0,274327707.0,0.15895043004168732,002660
2022-05-30,9.43,9.87,9.05,9.87,30037351.0,287765429.0,274327707.0,0.10949441209742623,002660
2022-05-31,10.86,10.86,8.88,8.88,93437808.0,925242301.0,274327707.0,0.3406065286726579,002660
2022-06-01,7.99,7.99,7.99,7.99,6720400.0,53695996.0,274327707.0,0.024497707772551024,002660
2022-06-02,7.51,7.94,7.38,7.7,57911070.0,442144560.0,274327707.0,0.21110179002079435,002660
2022-06-06,7.63,8.3,7.54,8.11,54480278.0,436588459.0,274327707.0,0.19859560886425517,002660
2022-06-07,8.18,8.54,7.97,7.97,48259409.0,396972968.0,274327707.0,0.1759188290813075,002660
2022-06-08,7.95,8.0,7.52,7.7,36480015.0,282393776.0,274327707.0,0.1329796957038685,002660
2022-06-09,7.66,7.71,7.36,7.41,22976760.0,172180009.0,274327707.0,0.0837566144931908,002660
2022-06-10,7.35,7.62,7.35,7.6,16509435.0,124588819.0,274327707.0,0.06018143475387267,002660
2022-06-13,7.55,7.71,7.49,7.66,14676700.0,111738297.0,274327707.0,0.053500611223349745,002660
2022-06-14,7.57,7.62,7.34,7.6,14725000.0,110204902.0,274327707.0,0.053676678017798615,002660
2022-06-15,7.65,7.71,7.41,7.42,14485002.0,108882133.0,274327707.0,0.052801819248975826,002660
2022-06-16,7.39,7.52,7.37,7.46,10194120.0,75834076.0,274327707.0,0.0371603733049101,002660
2022-06-17,7.5,7.65,7.4,7.48,15756015.0,118337083.0,274327707.0,0.05743501147698508,002660
2022-06-20,7.5,7.83,7.47,7.71,21799642.0,167859801.0,274327707.0,0.07946569538453511,002660
2022-06-21,7.78,7.78,7.52,7.59,12341000.0,93505836.0,274327707.0,0.044986341828023954,002660
2022-06-22,7.6,7.77,7.57,7.63,16862400.0,129617703.0,274327707.0,0.06146808933156723,002660
2022-06-23,7.6,7.72,7.38,7.71,16777400.0,126885449.0,274327707.0,0.06115824093553919,002660
2022-06-24,7.7,8.25,7.63,8.03,30357349.0,240109173.0,274327707.0,0.11066089288604013,002660
2022-06-27,8.03,8.04,7.82,7.9,17938522.0,141815682.0,274327707.0,0.06539085022133766,002660
2022-06-28,7.85,7.99,7.81,7.97,14376302.0,114077151.0,274327707.0,0.052405577829584674,002660
2022-06-29,7.9,7.97,7.7,7.72,12974823.0,101202911.0,274327707.0,0.047296801121149604,002660
2022-06-30,7.74,8.14,7.69,7.88,17340246.0,136734498.0,274327707.0,0.06320996952743092,002660
2022-07-01,7.8,7.99,7.76,7.82,11911713.0,93622718.0,274327707.0,0.0434214725528982,002660
2022-07-04,7.76,7.94,7.65,7.86,9671951.0,75336285.0,274327707.0,0.03525692357425639,002660
2022-07-05,7.86,7.87,7.58,7.67,9317636.0,71737251.0,274327707.0,0.03396534787497786,002660
2022-07-06,7.71,7.75,7.5,7.58,6824594.0,51876407.0,274327707.0,0.02487752358167744,002660
2022-07-07,7.55,7.9,7.55,7.87,12288700.0,95516855.0,274327707.0,0.04479569393258553,002660
2022-07-08,8.01,8.29,7.95,7.98,23605900.0,191279634.0,274327707.0,0.08605000296233294,002660
2022-07-11,8.05,8.08,7.69,7.77,12379500.0,96710808.0,274327707.0,0.04512668492504842,002660
2022-07-12,7.83,7.9,7.66,7.66,9986400.0,77503845.0,274327707.0,0.03640317673052252,002660
2022-07-13,7.91,8.43,7.86,8.43,16453073.0,135016979.0,274327707.0,0.059975979750379355,002660
2022-07-14,8.79,9.27,8.45,8.81,66896139.0,590459840.0,274327707.0,0.2438548396425739,002660
2022-07-15,8.53,8.63,8.21,8.32,36252596.0,304022867.0,274327707.0,0.13215069085238262,002660
2022-07-18,8.39,8.86,8.39,8.64,33455068.0,286853986.0,274327707.0,0.1219529312801058,002660
2022-07-19,8.55,8.92,8.54,8.73,29897418.0,261616627.0,274327707.0,0.1089843177962334,002660
2022-07-20,8.74,8.82,8.55,8.59,20128118.0,173956070.0,274327707.0,0.07337253032191896,002660
2022-07-21,8.55,8.87,8.44,8.73,24413268.0,212064392.0,274327707.0,0.08899308154826666,002660
2022-07-22,8.73,9.06,8.64,8.98,27148625.0,241067319.0,274327707.0,0.09896421071313806,002660
2022-07-25,8.97,8.97,8.49,8.57,18628995.0,160547955.0,274327707.0,0.06790781435722787,002660
2022-07-26,8.6,8.62,8.26,8.54,11636640.0,97868053.0,274327707.0,0.04241875575477325,002660
2022-07-27,8.44,8.62,8.41,8.49,10865800.0,92385157.0,274327707.0,0.03960883178307614,002660
2022-07-28,8.62,9.15,8.56,8.87,27597340.0,245424323.0,274327707.0,0.10059990039577009,002660
2022-07-29,8.88,9.0,8.75,8.8,18250974.0,161907604.0,274327707.0,0.06652982376293474,002660
2022-08-01,8.66,8.86,8.6,8.84,13847700.0,120907403.0,274327707.0,0.05047867804326451,002660
2022-08-02,8.66,8.68,8.13,8.27,18145300.0,151148630.0,274327707.0,0.0661446129464422,002660
2022-08-03,8.37,8.72,8.25,8.33,17898240.0,152563544.0,274327707.0,0.06524401124382234,002660
2022-08-04,8.36,8.52,8.3,8.5,10385340.0,87390545.0,274327707.0,0.037857422837715766,002660
2022-08-05,8.5,8.54,8.28,8.45,11145200.0,93501774.0,274327707.0,0.040627321687196544,002660
2022-08-08,8.44,8.68,8.26,8.67,11121495.0,94660472.0,274327707.0,0.040540910437457195,002660
2022-08-09,8.67,8.9,8.57,8.86,14857200.0,130361135.0,274327707.0,0.054158583405503405,002660
2022-08-10,8.8,9.14,8.7,9.07,19057726.0,171277580.0,274327707.0,0.06947065685931607,002660
2022-08-11,9.09,9.42,9.09,9.37,24652626.0,229536337.0,274327707.0,0.08986560734093112,002660
2022-08-12,9.36,9.38,9.06,9.09,17655946.0,161578739.0,274327707.0,0.06436078292303155,002660
2022-08-15,9.09,9.1,8.88,9.03,11655600.0,104969654.0,274327707.0,0.04248787017346374,002660
2022-08-16,9.08,9.19,9.0,9.12,12096600.0,110089636.0,274327707.0,0.04409543655756216,002660
2022-08-17,9.18,9.35,9.11,9.34,19200644.0,177670836.0,274327707.0,0.06999163230712237,002660
2022-08-18,9.25,9.76,9.22,9.63,26881262.0,257011041.0,274327707.0,0.09798959898717048,002660
2022-08-19,9.59,9.59,9.17,9.2,19493800.0,181488984.0,274327707.0,0.07106026661754586,002660
2022-08-22,9.2,10.12,9.08,9.55,39976200.0,384927792.0,274327707.0,0.1457242523446602,002660
2022-08-23,9.58,10.07,9.35,9.91,40065500.0,392646258.0,274327707.0,0.146049775424252,002660
2022-08-24,9.75,9.8,9.28,9.3,28457788.0,269667542.0,274327707.0,0.1037364701918352,002660
2022-08-25,9.38,9.4,8.76,9.11,18102355.0,163006851.0,274327707.0,0.06598806660094308,002660
2022-08-26,9.09,9.76,9.08,9.3,19362195.0,182922316.0,274327707.0,0.07058053016861326,002660
2022-08-29,9.0,9.96,8.9,9.81,27701978.0,265492883.0,274327707.0,0.10098133470710634,002660
2022-08-30,9.67,9.75,9.35,9.41,16348691.0,155197035.0,274327707.0,0.059595478629506426,002660
2022-08-31,9.43,9.43,8.79,8.89,16376900.0,147358384.0,274327707.0,0.059698308198960014,002660
2022-09-01,8.89,9.28,8.51,9.0,15888800.0,141924199.0,274327707.0,0.05791904935070959,002660
2022-09-02,9.01,9.7,8.79,9.48,21390900.0,200176109.0,274327707.0,0.07797571828936696,002660
2022-09-05,9.48,9.61,9.18,9.3,14451830.0,135415999.0,274327707.0,0.052680898178469444,002660
2022-09-06,9.31,9.88,9.21,9.66,19900501.0,190652787.0,274327707.0,0.07254280370593409,002660
2022-09-07,9.61,9.92,9.52,9.72,22651538.0,220164470.0,274327707.0,0.08257109078668455,002660
2022-09-08,9.64,10.18,9.52,9.6,20189730.0,197266524.0,274327707.0,0.07359712302046108,002660
2022-09-09,9.6,9.73,9.21,9.31,13311600.0,124365591.0,274327707.0,0.04852444598313943,002660
2022-09-13,9.37,9.5,9.08,9.16,9969400.0,91776286.0,274327707.0,0.03634120705131691,002660
2022-09-14,9.0,9.15,8.86,8.95,8114800.0,72823040.0,274327707.0,0.029580679577509827,002660
2022-09-15,8.98,9.03,8.32,8.43,13502440.0,115504540.0,274327707.0,0.04922011031135109,002660
2022-09-16,8.3,8.42,8.12,8.12,7338400.0,60570257.0,274327707.0,0.02675048787543724,002660
2022-09-19,8.12,8.18,7.88,7.92,6286541.0,50350682.0,274327707.0,0.02291617229899421,002660
2022-09-20,7.96,8.2,7.96,8.17,6337200.0,51361785.0,274327707.0,0.023100838297751673,002660
2022-09-21,8.12,8.2,8.02,8.17,4465500.0,36330197.0,274327707.0,0.016277976617214245,002660
2022-09-22,8.16,8.23,8.08,8.14,4242939.0,34611101.0,274327707.0,0.015466680512880167,002660
2022-09-23,8.14,8.15,7.78,7.84,6772743.0,53649016.0,274327707.0,0.02468851241482509,002660
2022-09-26,7.79,7.84,7.6,7.64,5005270.0,38646381.0,274327707.0,0.018245586837497243,002660
2022-09-27,7.69,7.84,7.6,7.82,4959600.0,38330085.0,274327707.0,0.018079107116949,002660
2022-09-28,7.79,7.83,7.47,7.48,5102800.0,38900600.0,274327707.0,0.01860111053237506,002660
2022-09-29,7.59,7.67,7.37,7.4,3909100.0,29221032.0,274327707.0,0.01424974546956717,002660
2022-09-30,7.4,7.45,7.27,7.27,3182700.0,23421620.0,274327707.0,0.011601817529864018,002660
2022-10-10,7.29,7.34,7.0,7.1,4472300.0,32030522.0,274327707.0,0.016302764488896487,002660
2022-10-11,7.1,7.31,7.05,7.31,5067400.0,36468262.0,274327707.0,0.018472067788617503,002660
2022-10-12,7.3,7.56,7.21,7.55,4692700.0,34706678.0,274327707.0,0.017106183153420957,002660
2022-10-13,7.45,7.68,7.44,7.59,4477068.0,34012560.0,274327707.0,0.016320145161276035,002660
2022-10-14,7.68,7.77,7.59,7.73,5060600.0,38995865.0,274327707.0,0.018447279916935257,002660
2022-10-17,7.65,7.82,7.63,7.81,4442003.0,34451942.0,274327707.0,0.016192323584726352,002660
2022-10-18,7.83,8.03,7.79,7.93,6033300.0,47732697.0,274327707.0,0.021993039150070247,002660
2022-10-19,7.89,8.13,7.89,8.04,6772473.0,54538154.0,274327707.0,0.024687528190508297,002660
2022-10-20,7.97,8.05,7.76,7.92,7038100.0,55633660.0,274327707.0,0.025655811718646414,002660
2022-10-21,7.92,8.11,7.92,8.07,5555673.0,44640718.0,274327707.0,0.020251957269485726,002660
2022-10-24,8.05,8.3,7.99,8.06,7365000.0,60027799.0,274327707.0,0.02684745219701778,002660
2022-10-25,8.05,8.25,7.94,8.16,6468440.0,52532943.0,274327707.0,0.023579244221218966,002660
2022-10-26,8.23,8.24,8.08,8.18,5428400.0,44323560.0,274327707.0,0.019788012152924823,002660
2022-10-27,8.2,8.36,8.12,8.14,6161700.0,50849637.0,274327707.0,0.022461092491834957,002660
2022-10-28,8.1,8.24,7.8,7.86,6759240.0,54074427.0,274327707.0,0.024639290263159603,002660
2022-10-31,7.81,8.15,7.81,8.08,5477600.0,44138204.0,274327707.0,0.019967359695096346,002660
2022-11-01,8.07,8.3,8.07,8.29,5667800.0,46654214.0,274327707.0,0.02066069104714968,002660
2022-11-02,8.27,8.34,8.21,8.25,5144000.0,42497638.0,274327707.0,0.018751295872567478,002660
2022-11-03,8.17,8.32,8.14,8.31,4379603.0,36206560.0,274327707.0,0.015964858409289295,002660
2022-11-04,8.31,8.63,8.3,8.56,8592273.0,73015053.0,274327707.0,0.031321200085706255,002660
2022-11-07,8.55,8.73,8.45,8.68,6769870.0,58304874.0,274327707.0,0.024678039539039343,002660
2022-11-08,8.71,8.71,8.49,8.56,5686813.0,48714961.0,274327707.0,0.020729998665428278,002660
2022-11-09,8.56,8.63,8.47,8.51,3398940.0,28960003.0,274327707.0,0.012390071849359351,002660
2022-11-10,8.42,8.61,8.42,8.46,4157741.0,35432758.0,274327707.0,0.015156110352353144,002660
2022-11-11,8.56,8.68,8.36,8.38,6113500.0,51927820.0,274327707.0,0.02228539022491082,002660
2022-11-14,8.38,8.41,8.15,8.23,5263900.0,43552082.0,274327707.0,0.019188364374729382,002660
2022-11-15,8.27,8.39,8.22,8.39,4085811.0,34076950.0,274327707.0,0.014893905703808474,002660
2022-11-16,8.4,8.52,8.39,8.46,4038913.0,34115329.0,274327707.0,0.01472294958525644,002660
2022-11-17,8.44,8.47,8.26,8.41,3321800.0,27729973.0,274327707.0,0.012108875316775786,002660
2022-11-18,8.37,8.5,8.36,8.38,4327756.0,36505313.0,274327707.0,0.015775861823537934,002660
2022-11-21,8.32,8.58,8.26,8.54,6047200.0,51080691.0,274327707.0,0.02204370847600895,002660
2022-11-22,8.49,8.66,8.37,8.42,5601400.0,47722596.0,274327707.0,0.02041864477072307,002660
2022-11-23,8.47,8.59,8.15,8.59,7133196.0,60071748.0,274327707.0,0.02600246281357209,002660
2022-11-24,8.5,8.59,8.41,8.43,5229541.0,44410650.0,274327707.0,0.019063116362504354,002660
2022-11-25,8.5,8.5,8.13,8.13,5760066.0,47422653.0,274327707.0,0.020997026013125242,002660
2022-11-28,8.1,8.18,7.99,8.12,3116400.0,25256725.0,274327707.0,0.011360135780962146,002660
2022-11-29,8.19,8.25,8.12,8.21,3772800.0,30959891.0,274327707.0,0.01375289445334809,002660
2022-11-30,8.24,8.26,8.12,8.15,3666801.0,29939958.0,274327707.0,0.013366498922400135,002660
2022-12-01,8.21,8.26,8.16,8.2,3501300.0,28751131.0,274327707.0,0.012763202223682059,002660
2022-12-02,8.39,8.39,8.2,8.26,4440004.0,36765254.0,274327707.0,0.016185036679506822,002660
2022-12-05,8.28,8.36,8.24,8.3,3346030.0,27695264.0,274327707.0,0.012197200336020014,002660
2022-12-06,8.29,8.3,8.18,8.2,2764041.0,22716505.0,274327707.0,0.010075690240067511,002660
2022-12-07,8.2,8.23,8.07,8.1,3432400.0,27912518.0,274327707.0,0.012512042759136976,002660
2022-12-08,8.1,8.6,8.1,8.43,11972700.0,100039258.0,274327707.0,0.0436437869544107,002660
2022-12-09,8.42,8.42,8.1,8.17,8675514.0,71247586.0,274327707.0,0.031624636442574135,002660
2022-12-12,8.17,8.57,7.88,8.57,16194775.0,133678493.0,274327707.0,0.059034412444529345,002660
2022-12-13,8.53,8.6,8.41,8.48,8379391.0,71144617.0,274327707.0,0.03054518660049165,002660
2022-12-14,8.42,8.54,8.36,8.38,5584900.0,47184537.0,274327707.0,0.020358497729141153,002660
2022-12-15,8.43,8.59,8.35,8.53,5836400.0,49639300.0,274327707.0,0.021275284453859414,002660
2022-12-16,8.55,8.55,8.22,8.24,5405600.0,45018563.0,274327707.0,0.01970489987728436,002660
2022-12-19,8.22,8.24,7.81,7.86,7659217.0,60932985.0,274327707.0,0.027919954144478742,002660
2022-12-20,7.88,7.98,7.82,7.94,2074800.0,16410442.0,274327707.0,0.007563217083282076,002660
2022-12-21,7.9,7.98,7.65,7.7,3505300.0,27217649.0,274327707.0,0.012777783324671613,002660
2022-12-22,7.7,7.76,7.42,7.48,3688600.0,27924889.0,274327707.0,0.01344596227751796,002660
2022-12-23,7.45,7.53,7.34,7.44,2199887.0,16373384.0,274327707.0,0.008019193628152187,002660
2022-12-26,7.48,7.8,7.48,7.8,3385147.0,26000357.0,274327707.0,0.012339792567872118,002660
2022-12-27,7.78,8.1,7.78,8.09,5415421.0,43268847.0,274327707.0,0.019740700125488966,002660
2022-12-28,8.08,8.08,7.9,7.95,3249717.0,25921865.0,274327707.0,0.011846112941118266,002660
2022-12-29,7.96,8.04,7.8,7.81,2433610.0,19136088.0,274327707.0,0.008871178294797616,002660
2022-12-30,7.82,8.02,7.78,7.99,3131503.0,24840580.0,274327707.0,0.011415190373023458,002660
2023-01-03,8.0,8.17,7.91,8.15,3755500.0,30455968.0,257084939.0,0.014608012490377742,002660
2023-01-04,8.17,8.25,8.04,8.11,3538700.0,28792456.0,257084939.0,0.013764711436479754,002660
2023-01-05,8.11,8.15,8.04,8.14,3092400.0,25051635.0,257084939.0,0.012028709313072596,002660
2023-01-06,8.18,8.25,8.11,8.16,3432500.0,28126023.0,257084939.0,0.01335161839255002,002660
2023-01-09,8.23,8.34,8.2,8.27,3957860.0,32813582.0,257084939.0,0.015395145337549316,002660
2023-01-10,8.23,8.3,8.12,8.14,3018221.0,24741190.0,257084939.0,0.011740170434488191,002660
2023-01-11,8.19,8.27,8.09,8.12,3119900.0,25496399.0,257084939.0,0.012135677850813346,002660
2023-01-12,8.1,8.26,8.1,8.23,2987300.0,24521608.0,257084939.0,0.011619895010652491,002660
2023-01-13,8.27,8.29,8.13,8.18,3238574.0,26541821.0,257084939.0,0.012597291823462285,002660
2023-01-16,8.16,8.43,8.15,8.39,5735833.0,47710925.0,257084939.0,0.02231104249945968,002660
2023-01-17,8.39,8.48,8.28,8.36,3940549.0,32957208.0,257084939.0,0.015327809615482765,002660
2023-01-18,8.35,8.68,8.33,8.6,9220400.0,78916976.0,257084939.0,0.03586518928672053,002660
2023-01-19,8.54,8.7,8.54,8.65,5130100.0,44213055.0,257084939.0,0.019954883471411757,002660
2023-01-20,8.65,8.69,8.56,8.61,3852660.0,33180539.0,257084939.0,0.014985942058628335,002660
2023-01-30,8.68,8.76,8.59,8.67,5529700.0,47957249.0,257084939.0,0.021509233568910078,002660
2023-01-31,8.65,8.85,8.6,8.8,6498890.0,56815993.0,257084939.0,0.02527915491774491,002660
2023-02-01,8.8,8.84,8.69,8.83,4549400.0,39955612.0,257084939.0,0.017696096930827986,002660
2023-02-02,8.82,8.88,8.75,8.79,3924500.0,34579222.0,257084939.0,0.015265382776857263,002660
2023-02-03,8.79,8.86,8.61,8.75,5036600.0,43920813.0,257084939.0,0.019591190443093206,002660
2023-02-06,8.82,8.88,8.74,8.8,4555403.0,40129877.0,257084939.0,0.01771944719017554,002660
2023-02-07,8.77,9.29,8.76,9.11,16359903.0,148321748.0,257084939.0,0.06363617823601872,002660
2023-02-08,9.2,9.26,9.08,9.13,10339901.0,94557047.0,257084939.0,0.040219785103786265,002660
2023-02-09,9.13,9.37,9.08,9.34,10022200.0,92627280.0,257084939.0,0.03898400287073993,002660
2023-02-10,9.27,10.27,9.21,10.27,25608000.0,256905480.0,257084939.0,0.09960910234418673,002660
2023-02-13,11.3,11.3,11.3,11.3,9903660.0,111911358.0,257084939.0,0.03852291012660217,002660
2023-02-14,12.43,12.43,10.67,11.49,102452564.0,1202999296.0,257084939.0,0.3985163985043869,002660
2023-02-15,10.67,11.88,10.67,11.53,76704987.0,856426531.0,257084939.0,0.29836437442957325,002660
2023-02-16,11.22,11.37,10.5,10.5,58610385.0,641378348.0,257084939.0,0.227980624722633,002660
2023-02-17,10.41,10.43,9.69,9.73,46141515.0,462084934.0,257084939.0,0.17947965049792355,002660
2023-02-20,9.73,10.02,9.62,9.99,27651803.0,272048557.0,257084939.0,0.10755901573837431,002660
2023-02-21,10.0,10.06,9.8,9.89,23826091.0,236130717.0,257084939.0,0.0926778950672019,002660
2023-02-22,9.86,10.2,9.76,10.03,24248356.0,242972743.0,257084939.0,0.09432040668862364,002660
2023-02-23,10.07,10.07,9.89,9.97,16169343.0,161174378.0,257084939.0,0.06289494461595045,002660
2023-02-24,10.0,10.17,9.91,9.97,13517023.0,135401251.0,257084939.0,0.052578043087930564,002660
2023-02-27,9.92,10.02,9.8,9.83,12075019.0,119460408.0,257084939.0,0.046968986386246456,002660
2023-02-28,9.9,9.93,9.7,9.83,11581138.0,113378675.0,257084939.0,0.045047905353957744,002660
2023-03-01,9.83,9.88,9.76,9.85,10601491.0,104119958.0,257084939.0,0.04123730873242637,002660
2023-03-02,9.84,9.85,9.65,9.68,13915213.0,135375115.0,257084939.0,0.05412690861676654,002660
2023-03-03,9.7,9.8,9.64,9.7,8658500.0,84040606.0,257084939.0,0.03367953032830134,002660
2023-03-06,9.67,9.73,9.52,9.59,8401860.0,80608572.0,257084939.0,0.03268126103645457,002660
2023-03-07,9.52,9.66,9.3,9.32,11751400.0,110645097.0,257084939.0,0.04571018452387831,002660
2023-03-08,9.35,9.46,9.28,9.44,6295041.0,59205951.0,257084939.0,0.0244862302104753,002660
2023-03-09,9.44,9.47,9.28,9.34,5263700.0,49223924.0,257084939.0,0.020474556076581368,002660
2023-03-10,9.29,9.41,9.25,9.25,7932400.0,73873340.0,257084939.0,0.030855171955444655,002660
2023-03-13,9.2,9.3,9.05,9.3,7611300.0,70051390.0,257084939.0,0.029606168411133567,002660
2023-03-14,9.25,9.25,8.93,9.05,8475500.0,76849523.0,257084939.0,0.03296770333169926,002660
2023-03-15,9.08,9.41,9.05,9.26,11615900.0,107914428.0,257084939.0,0.04518312136519207,002660
2023-03-16,9.19,9.29,9.0,9.05,8189646.0,74582585.0,257084939.0,0.03185579844488673,002660
2023-03-17,9.11,9.15,8.99,9.01,6115946.0,55379124.0,257084939.0,0.023789592746232404,002660
2023-03-20,8.96,9.13,8.91,9.07,7024400.0,63491401.0,257084939.0,0.027323265327495516,002660
2023-03-21,9.06,9.23,8.98,9.23,6740200.0,61566204.0,257084939.0,0.026217794112007472,002660
2023-03-22,9.26,9.35,9.2,9.34,7057100.0,65629311.0,257084939.0,0.027450460643281792,002660
2023-03-23,9.28,9.34,9.23,9.27,6406200.0,59452755.0,257084939.0,0.02491861259908345,002660
2023-03-24,9.29,9.58,9.25,9.51,16889926.0,160068309.0,257084939.0,0.06569784315525383,002660
2023-03-27,9.5,9.51,9.24,9.28,13348441.0,124531927.0,257084939.0,0.0519222987232247,002660
2023-03-28,9.29,9.32,9.17,9.18,6468100.0,59645164.0,257084939.0,0.025159389053125356,002660
2023-03-29,9.17,9.24,9.08,9.09,5109800.0,46666566.0,257084939.0,0.01987592124173404,002660
2023-03-30,9.09,9.16,9.03,9.09,4445900.0,40452873.0,257084939.0,0.01729350625242189,002660
2023-03-31,9.1,9.22,9.06,9.21,4894600.0,44758286.0,257084939.0,0.01903884381185006,002660
2023-04-03,9.23,9.43,9.2,9.35,5945300.0,55581180.0,257084939.0,0.023125819906548474,002660
2023-04-04,9.35,9.35,8.9,8.95,11460900.0,103834261.0,257084939.0,0.04458020778883511,002660
2023-04-06,8.95,9.03,8.87,8.95,5306000.0,47577900.0,257084939.0,0.020639093136451684,002660
2023-04-07,8.99,8.99,8.83,8.87,5516900.0,49014402.0,257084939.0,0.02145944457679802,002660
2023-04-10,8.88,9.14,8.83,8.91,8519203.0,76666131.0,257084939.0,0.03313769773187686,002660
2023-04-11,8.92,8.96,8.68,8.8,6079742.0,53249235.0,257084939.0,0.023648767693855453,002660
2023-04-12,8.85,9.12,8.78,9.09,11225900.0,100830387.0,257084939.0,0.043666113011777793,002660
2023-04-13,9.02,9.81,8.97,9.31,25834012.0,243170523.0,257084939.0,0.10048823591334535,002660
2023-04-14,9.21,10.24,9.15,10.24,38335289.0,381045798.0,257084939.0,0.14911526575269352,002660
2023-04-17,10.23,10.24,9.8,9.88,50771870.0,507451258.0,257084939.0,0.19749064335503527,002660
2023-04-18,9.91,10.08,9.39,9.69,30569939.0,293893968.0,257084939.0,0.1189098790419613,002660
2023-04-19,9.57,9.74,9.48,9.71,22256843.0,214603177.0,257084939.0,0.08657388910674382,002660
2023-04-20,9.6,9.61,9.43,9.59,18345673.0,174669095.0,257084939.0,0.07136035689745326,002660
2023-04-21,9.51,9.52,8.78,8.79,22765077.0,208850931.0,257084939.0,0.08855079993620318,002660
2023-04-24,8.68,8.7,8.21,8.26,17938515.0,149914712.0,257084939.0,0.06977660795601877,002660
2023-04-25,8.22,8.33,7.89,8.01,13243865.0,106835243.0,257084939.0,0.051515522657669184,002660
2023-04-26,8.15,8.49,8.15,8.41,15439400.0,128907094.0,257084939.0,0.06005563787616512,002660
2023-04-27,8.35,8.47,8.31,8.39,9638173.0,80937774.0,257084939.0,0.037490228083722946,002660
2023-04-28,8.38,8.7,8.38,8.65,9395800.0,80811436.0,257084939.0,0.03654745406925607,002660
2023-05-04,8.61,8.78,8.61,8.73,7448913.0,64988831.0,257084939.0,0.02897452114065694,002660
2023-05-05,8.75,8.75,8.52,8.59,6470800.0,55577182.0,257084939.0,0.025169891418648994,002660
2023-05-08,8.64,8.88,8.6,8.85,9057800.0,79749943.0,257084939.0,0.03523271349629704,002660
2023-05-09,8.76,8.83,8.62,8.63,6974800.0,60568584.0,257084939.0,0.027130332983061292,002660
2023-05-10,8.6,8.87,8.57,8.82,7224900.0,63431514.0,257084939.0,0.028103163211750805,002660
2023-05-11,8.88,8.95,8.82,8.91,6102898.0,54247005.0,257084939.0,0.023738839092398174,002660
2023-05-12,8.88,8.94,8.76,8.81,4583401.0,40491541.0,257084939.0,0.01782835283089065,002660
2023-05-15,8.81,9.04,8.74,9.0,7609513.0,67989204.0,257084939.0,0.029599217401062923,002660
2023-05-16,9.02,9.22,8.96,9.07,9849200.0,89857044.0,257084939.0,0.03831107352422539,002660
2023-05-17,9.04,9.33,9.01,9.3,9616510.0,88738756.0,257084939.0,0.037405964104338295,002660
2023-05-18,9.29,9.55,9.24,9.52,12807600.0,120977465.0,257084939.0,0.04981855432612488,002660
2023-05-19,9.49,9.61,9.43,9.49,11007800.0,104945175.0,257084939.0,0.04281775526336842,002660
2023-05-22,9.49,9.59,9.41,9.5,7680750.0,72942970.0,257084939.0,0.02987631259099157,002660
2023-05-23,9.48,9.5,9.25,9.26,9181013.0,85646989.0,257084939.0,0.03571198311232071,002660
2023-05-24,9.26,9.4,9.22,9.31,5471600.0,51079490.0,257084939.0,0.021283238221901438,002660
2023-05-25,9.27,9.42,9.23,9.42,5579300.0,52062605.0,257084939.0,0.021702165913344305,002660
2023-05-26,9.44,9.47,9.24,9.39,5092091.0,47614252.0,257084939.0,0.019807037393194005,002660
2023-05-29,9.41,9.51,9.33,9.37,4387900.0,41220516.0,257084939.0,0.017067899881914126,002660
2023-05-30,9.36,9.41,9.28,9.38,3987800.0,37229361.0,257084939.0,0.015511604901911426,002660
2023-05-31,9.4,9.41,9.31,9.36,3554968.0,33254993.0,257084939.0,0.013827990133642174,002660
2023-06-01,9.25,9.39,9.2,9.31,4704626.0,43853466.0,257084939.0,0.01829988959407692,002660
2023-06-02,9.35,9.55,9.3,9.42,6559100.0,61919400.0,257084939.0,0.025513357668922022,002660
2023-06-05,9.5,9.56,9.42,9.43,5122800.0,48460831.0,257084939.0,0.01992648818684785,002660
2023-06-06,9.4,9.42,9.2,9.22,5015500.0,46673340.0,257084939.0,0.019509116401408486,002660
2023-06-07,9.2,9.32,9.06,9.27,4206100.0,38817594.0,257084939.0,0.016360740603322547,002660
2023-06-08,9.28,9.29,9.02,9.07,4793800.0,43698989.0,257084939.0,0.0186467554989676,002660
2023-06-09,9.08,9.25,9.08,9.2,4431045.0,40651955.0,257084939.0,0.01723572379321684,002660
2023-06-12,9.27,9.39,9.2,9.34,4694800.0,43689694.0,257084939.0,0.0182616687631009,002660
2023-06-13,9.34,9.54,9.3,9.47,5632500.0,53331914.0,257084939.0,0.021909101411810048,002660
2023-06-14,9.49,9.49,9.32,9.41,4077200.0,38267485.0,257084939.0,0.015859349893694082,002660
2023-06-15,9.42,9.55,9.39,9.54,7104029.0,67457348.0,257084939.0,0.027633003425377632,002660
2023-06-16,9.56,9.56,9.41,9.49,5904595.0,55919335.0,257084939.0,0.022967487021867117,002660
2023-06-19,9.49,9.58,9.45,9.53,5927803.0,56438384.0,257084939.0,0.023057760688190296,002660
2023-06-20,9.56,9.68,9.45,9.51,5755666.0,54993533.0,257084939.0,0.02238818820887831,002660
2023-06-21,9.46,9.58,9.3,9.3,5196200.0,48961184.0,257084939.0,0.020211996938490434,002660
2023-06-26,9.28,9.39,9.06,9.07,5799800.0,53258443.0,257084939.0,0.022559859097774686,002660
2023-06-27,9.1,9.9,9.1,9.49,16694784.0,158680993.0,257084939.0,0.06493878663191545,002660
2023-06-28,9.62,9.66,9.08,9.48,14178500.0,132323175.0,257084939.0,0.0551510331766265,002660
2023-06-29,9.45,9.82,9.39,9.79,20594866.0,199635068.0,257084939.0,0.08010918912678895,002660
2023-06-30,9.84,9.86,9.58,9.63,18396100.0,177433939.0,257084939.0,0.07155650607754972,002660
2023-07-03,9.71,9.89,9.65,9.69,16914200.0,165088211.0,257084939.0,0.06579226331107635,002660
2023-07-04,9.76,9.86,9.7,9.81,11793202.0,115500693.0,257084939.0,0.04587278448077427,002660
2023-07-05,9.79,9.86,9.63,9.74,9115681.0,89047284.0,257084939.0,0.035457856984768756,002660
2023-07-06,9.73,9.86,9.64,9.75,7739900.0,75692266.0,257084939.0,0.030106392191259403,002660
2023-07-07,9.74,9.82,9.62,9.68,6335400.0,61430873.0,257084939.0,0.024643217236463625,002660
2023-07-10,9.68,9.7,9.45,9.52,7695100.0,73456222.0,257084939.0,0.0299321307188672,002660
2023-07-11,9.57,10.1,9.49,9.93,20329202.0,200559785.0,257084939.0,0.07907581859550318,002660
2023-07-12,9.87,9.99,9.7,9.75,12401500.0,122084610.0,257084939.0,0.04823892075606965,002660
2023-07-13,9.7,9.89,9.69,9.86,9151220.0,89734661.0,257084939.0,0.03559609534341489,002660
2023-07-14,9.89,10.07,9.83,9.99,15902914.0,158828115.0,257084939.0,0.06185859841443298,002660
2023-07-17,10.01,10.23,9.91,10.0,15372100.0,154527438.0,257084939.0,0.05979385669107594,002660
2023-07-18,10.0,10.06,9.84,9.97,9452200.0,94348297.0,257084939.0,0.03676683681574983,002660
2023-07-19,9.95,10.01,9.73,9.81,8410826.0,82673745.0,257084939.0,0.03271613666952306,002660
2023-07-20,9.8,9.82,9.45,9.46,11519014.0,110532792.0,257084939.0,0.044806257592553876,002660
2023-07-21,9.42,9.67,9.29,9.32,9046469.0,85385775.0,257084939.0,0.035188638568982834,002660
2023-07-24,9.21,9.55,9.21,9.45,6652314.0,62765903.0,257084939.0,0.02587593822444807,002660
2023-07-25,9.48,9.56,9.4,9.52,5360800.0,50883759.0,257084939.0,0.020852252258931434,002660
2023-07-26,9.5,9.51,9.23,9.28,6404600.0,59645956.0,257084939.0,0.024912388975069442,002660
2023-07-27,9.26,9.43,9.15,9.19,5248400.0,48779107.0,257084939.0,0.020415042671947423,002660
2023-07-28,9.15,9.29,9.05,9.21,6197800.0,56856627.0,257084939.0,0.024107985571259,002660
2023-07-31,9.2,9.24,9.12,9.16,5804100.0,53228745.0,257084939.0,0.02257658508731233,002660
2023-08-01,9.13,9.16,8.88,9.05,7835300.0,70371694.0,257084939.0,0.03047747577309459,002660
2023-08-02,9.0,9.11,8.95,9.06,3457600.0,31295246.0,257084939.0,0.01344925149426976,002660
2023-08-03,9.02,9.06,8.91,8.94,3654300.0,32748759.0,257084939.0,0.014214368271491782,002660
2023-08-04,9.0,9.1,8.98,9.05,3422700.0,30949040.0,257084939.0,0.013313498695464226,002660
2023-08-07,9.05,9.09,8.98,9.0,3482200.0,31441792.0,257084939.0,0.013544939713485122,002660
2023-08-08,9.04,9.07,8.92,8.95,3988410.0,35829206.0,257084939.0,0.015513977658566767,002660
2023-08-09,8.9,8.96,8.8,8.81,4207400.0,37296284.0,257084939.0,0.016365797297833926,002660
2023-08-10,8.81,8.89,8.78,8.89,3512000.0,31073803.0,257084939.0,0.013660854710746007,002660
2023-08-11,8.9,8.92,8.7,8.7,2852815.0,25091967.0,257084939.0,0.011096779963450135,002660
2023-08-14,8.65,8.87,8.6,8.86,2982631.0,26064427.0,257084939.0,0.011601733697826615,002660
2023-08-15,8.81,8.93,8.77,8.79,3152427.0,27878697.0,257084939.0,0.012262200237253105,002660
2023-08-16,8.77,8.84,8.65,8.65,2456100.0,21420872.0,257084939.0,0.00955365183800207,002660
2023-08-17,8.65,8.87,8.56,8.87,3538345.0,30972526.0,257084939.0,0.013763330569901646,002660
2023-08-18,8.82,8.91,8.74,8.74,2551300.0,22562893.0,257084939.0,0.009923957466835503,002660
2023-08-21,8.79,8.89,8.68,8.7,3700500.0,32538189.0,257084939.0,0.014394075414896242,002660
2023-08-22,8.7,8.82,8.57,8.81,3578300.0,31124549.0,257084939.0,0.013918746130826434,002660
2023-08-23,8.71,8.77,8.36,8.48,6480900.0,55043010.0,257084939.0,0.025209178045237413,002660
2023-08-24,8.48,8.59,8.36,8.52,3831801.0,32554651.0,257084939.0,0.014904805450310725,002660
2023-08-25,8.48,8.5,8.22,8.26,4379126.0,36547222.0,257084939.0,0.017033771083727313,002660
2023-08-28,8.64,8.7,8.37,8.4,5358100.0,45795993.0,257084939.0,0.020841749893407795,002660
2023-08-29,8.38,8.65,8.37,8.65,4655800.0,39952128.0,257084939.0,0.01810996792775947,002660
2023-08-30,8.69,8.9,8.65,8.86,5231400.0,46234768.0,257084939.0,0.020348916666798594,002660
2023-08-31,8.89,8.94,8.75,8.84,3262900.0,28855514.0,257084939.0,0.012691914247065247,002660
2023-09-01,8.88,8.93,8.79,8.85,2909900.0,25717476.0,257084939.0,0.011318827198974889,002660
2023-09-04,8.93,8.93,8.83,8.93,3862001.0,34337472.0,257084939.0,0.015022276353575111,002660
2023-09-05,8.9,9.03,8.89,8.99,4396400.0,39477199.0,257084939.0,0.01710096288448854,002660
2023-09-06,8.97,9.14,8.92,9.12,4318319.0,39184756.0,257084939.0,0.016797246142839974,002660
2023-09-07,9.13,9.15,8.98,9.0,3957700.0,35908774.0,257084939.0,0.015394522975147915,002660
2023-09-08,9.01,9.08,8.99,9.02,2402700.0,21700276.0,257084939.0,0.009345938386534577,002660
2023-09-11,9.02,9.1,8.95,9.07,3141900.0,28409443.0,257084939.0,0.012221252681005946,002660
2023-09-12,9.08,9.11,9.01,9.05,2285800.0,20683927.0,257084939.0,0.008891224857011168,002660
2023-09-13,9.05,9.08,8.83,8.89,2928400.0,26129677.0,257084939.0,0.011390787851636847,002660
2023-09-14,8.89,8.93,8.67,8.74,2731100.0,23970776.0,257084939.0,0.010623337215409574,002660
2023-09-15,8.8,8.84,8.61,8.65,3276400.0,28445811.0,257084939.0,0.012744426074683434,002660
2023-09-18,8.62,8.94,8.59,8.89,3980100.0,35203556.0,257084939.0,0.015481653711344016,002660
2023-09-19,8.88,8.92,8.53,8.56,5278900.0,45411478.0,257084939.0,0.020533680504714436,002660
2023-09-20,8.54,8.62,8.49,8.49,2600800.0,22195053.0,257084939.0,0.010116500834768853,002660
2023-09-21,8.49,8.62,8.45,8.52,2006600.0,17112067.0,257084939.0,0.007805202466566896,002660
2023-09-22,8.46,8.77,8.46,8.76,3475600.0,30053650.0,257084939.0,0.013519267264427341,002660
2023-09-25,8.73,8.82,8.65,8.7,2753800.0,24004955.0,257084939.0,0.010711634881108302,002660
2023-09-26,8.7,8.7,8.6,8.61,2044900.0,17661748.0,257084939.0,0.007954180466402196,002660
2023-09-27,8.59,8.72,8.54,8.65,1742800.0,15089624.0,257084939.0,0.006779082457257443,002660
2023-09-28,8.65,8.89,8.65,8.88,3105325.0,27373261.0,257084939.0,0.012078984525810748,002660
2023-10-09,8.85,8.99,8.84,8.94,3124125.0,27869133.0,257084939.0,0.012152112107975333,002660
2023-10-10,8.97,9.05,8.92,8.99,2640900.0,23711382.0,257084939.0,0.010272480411619912,002660
2023-10-11,9.0,9.19,8.98,9.17,6366200.0,58078502.0,257084939.0,0.024763021998733266,002660
2023-10-12,9.17,9.3,9.08,9.26,5112100.0,47069841.0,257084939.0,0.019884867701254177,002660
2023-10-13,9.24,9.34,9.18,9.33,4825000.0,44750653.0,257084939.0,0.018768116167240743,002660
2023-10-16,9.32,9.35,9.16,9.24,4526800.0,41787774.0,257084939.0,0.017608188241630133,002660
2023-10-17,9.27,9.31,9.18,9.22,4027200.0,37196744.0,257084939.0,0.015664861643256357,002660
2023-10-18,9.23,9.26,9.12,9.14,3804500.0,34881464.0,257084939.0,0.014798610975806715,002660
2023-10-19,9.12,9.24,9.08,9.09,3616500.0,33147662.0,257084939.0,0.01406733515416086,002660
2023-10-20,9.09,9.16,8.93,8.95,3423437.0,30888290.0,257084939.0,0.013316365452275677,002660
2023-10-23,8.95,8.95,8.57,8.62,3931840.0,34294967.0,257084939.0,0.015293933652021521,002660
2023-10-24,8.63,8.93,8.6,8.9,3911750.0,34492346.0,257084939.0,0.015215788272995643,002660
2023-10-25,8.89,9.0,8.83,8.89,3908750.0,34743466.0,257084939.0,0.015204118977969378,002660
2023-10-26,8.83,8.91,8.69,8.89,3068416.0,27001962.0,257084939.0,0.011935417189102626,002660
2023-10-27,8.89,8.89,8.72,8.87,4528500.0,39913660.0,257084939.0,0.017614800842145017,002660
2023-10-30,8.82,9.03,8.81,9.03,4300400.0,38492180.0,257084939.0,0.0167275454436481,002660
2023-10-31,9.02,9.13,8.94,8.99,3450900.0,31088388.0,257084939.0,0.013423190068711104,002660
2023-11-01,8.99,9.17,8.94,9.11,5306800.0,48350631.0,257084939.0,0.020642204948458687,002660
2023-11-02,9.12,9.22,9.01,9.01,3884200.0,35294943.0,257084939.0,0.015108625247004454,002660
2023-11-03,9.03,9.25,9.01,9.19,4017900.0,36938758.0,257084939.0,0.015628686828674937,002660
2023-11-06,9.24,9.38,9.24,9.35,4202100.0,39265780.0,257084939.0,0.016345181543287526,002660
2023-11-07,9.36,9.42,9.2,9.4,4544800.0,42604628.0,257084939.0,0.017678204011787716,002660
2023-11-08,9.4,9.44,9.27,9.32,4745200.0,44455705.0,257084939.0,0.018457712919542128,002660
2023-11-09,9.33,9.35,9.19,9.28,5631000.0,52202434.0,257084939.0,0.021903266764296915,002660
2023-11-10,9.26,10.21,9.2,10.21,29517364.0,294750298.0,257084939.0,0.11481560963787148,002660
2023-11-13,10.37,10.4,9.77,9.85,51214528.0,507542126.0,257084939.0,0.19921247895428054,002660
2023-11-14,9.81,9.86,9.66,9.74,25952126.0,252043968.0,257084939.0,0.10094767161758939,002660
2023-11-15,9.74,9.81,9.64,9.72,22634468.0,219933505.0,257084939.0,0.08804276161817476,002660
2023-11-16,9.68,9.78,9.6,9.68,17179846.0,166671445.0,257084939.0,0.06682556382659195,002660
2023-11-17,9.65,9.74,9.62,9.74,14345710.0,139080062.0,257084939.0,0.05580144078374035,002660
2023-11-20,9.76,9.77,9.64,9.71,11326244.0,109868802.0,257084939.0,0.04405642759181626,002660
2023-11-21,9.69,9.92,9.65,9.76,24287541.0,238513545.0,257084939.0,0.09447282713049168,002660
2023-11-22,9.65,9.83,9.55,9.56,14726084.0,142423036.0,257084939.0,0.05728100625918035,002660
2023-11-23,9.52,9.7,9.49,9.7,9151103.0,88165956.0,257084939.0,0.03559564024090886,002660
2023-11-24,9.73,9.73,9.56,9.63,7092199.0,68147734.0,257084939.0,0.027586987505324068,002660
2023-11-27,9.58,9.78,9.55,9.74,9484700.0,92105514.0,257084939.0,0.036893254178534354,002660
2023-11-28,9.71,9.88,9.65,9.83,11162797.0,109405836.0,257084939.0,0.04342065717043035,002660
2023-11-29,9.8,9.87,9.68,9.73,7248800.0,70754458.0,257084939.0,0.02819612859546004,002660
2023-11-30,9.78,9.78,9.51,9.62,7421100.0,71196490.0,257084939.0,0.02886633510646845,002660
2023-12-01,9.64,9.68,9.52,9.64,5558900.0,53373012.0,257084939.0,0.021622814707165712,002660
2023-12-04,9.62,9.76,9.59,9.7,6256780.0,60699046.0,257084939.0,0.024337403911475344,002660
2023-12-05,9.69,9.73,9.51,9.59,7680374.0,73862616.0,257084939.0,0.02987485003934828,002660
2023-12-06,9.57,9.73,9.53,9.68,7300000.0,70352485.0,257084939.0,0.028395284563908274,002660
2023-12-07,9.61,9.63,9.4,9.62,6776600.0,64577337.0,257084939.0,0.026359381558326136,002660
2023-12-08,9.62,9.97,9.57,9.59,12668874.0,123522169.0,257084939.0,0.04927894278552039,002660
2023-12-11,9.56,9.85,9.51,9.71,7685550.0,74360921.0,257084939.0,0.029894983463033594,002660
2023-12-12,9.71,9.81,9.66,9.76,7572100.0,73690551.0,257084939.0,0.029453689622790387,002660
2023-12-13,9.72,9.76,9.63,9.74,6273300.0,60823599.0,257084939.0,0.024401662829419968,002660
2023-12-14,9.84,10.2,9.74,9.9,20735519.0,205548010.0,257084939.0,0.0806562962445653,002660
2023-12-15,9.9,10.89,9.9,10.09,46900515.0,488233117.0,257084939.0,0.18243198213956827,002660
2023-12-18,10.07,10.23,9.72,9.79,28149295.0,279804338.0,257084939.0,0.10949414271210964,002660
2023-12-19,9.7,10.77,9.41,10.77,74776930.0,789897901.0,257084939.0,0.290864685776089,002660
2023-12-20,10.46,10.99,10.3,10.35,57689207.0,609869747.0,257084939.0,0.2243974587713985,002660
2023-12-21,10.33,10.88,10.27,10.67,49055936.0,520580997.0,257084939.0,0.19081606332450304,002660
2023-12-22,10.45,10.71,10.14,10.29,36777124.0,383896920.0,257084939.0,0.14305437005782745,002660
2023-12-25,10.19,11.13,10.15,10.71,35186713.0,373794114.0,257084939.0,0.13686804500048913,002660
2023-12-26,10.58,10.79,10.34,10.68,34413840.0,363674928.0,257084939.0,0.13386175064887795,002660
2023-12-27,10.5,10.56,9.75,10.23,28952300.0,294742932.0,257084939.0,0.11261764346296459,002660
2023-12-28,10.19,11.25,10.05,11.25,58322439.0,643374480.0,257084939.0,0.22686058244742216,002660
2023-12-29,11.7,12.38,11.5,12.38,61304299.0,729826430.0,257084939.0,0.23845931713642704,002660
2024-01-02,13.38,13.62,13.06,13.62,24281066.0,326085645.0,257084939.0,0.09444764090206,002660
2024-01-03,13.62,14.58,12.26,12.27,104770290.0,1389863984.0,257084939.0,0.4075318079990676,002660
2024-01-04,12.09,12.48,11.4,11.67,69753230.0,823154922.0,257084939.0,0.27132367330160867,002660
2024-01-05,11.38,11.42,10.51,10.64,57672061.0,630023711.0,257084939.0,0.2243307648605584,002660
2024-01-08,10.6,10.7,10.34,10.45,28791020.0,301370377.0,257084939.0,0.11199030216235266,002660
2024-01-09,10.42,10.62,10.22,10.49,31440413.0,327492719.0,257084939.0,0.12229581834819192,002660
2024-01-10,10.41,10.42,10.02,10.07,25673500.0,260703731.0,257084939.0,0.09986388195226015,002660
2024-01-11,10.03,10.34,10.03,10.33,23093500.0,236232735.0,257084939.0,0.08982828822967338,002660
2024-01-12,10.33,10.41,10.07,10.12,19378259.0,197974836.0,257084939.0,0.07537687378878309,002660
2024-01-15,10.12,10.21,10.04,10.17,13493081.0,136762177.0,257084939.0,0.05248491433409096,002660
2024-01-16,10.17,10.17,9.74,9.92,23642484.0,234114100.0,257084939.0,0.0919637069832395,002660
2024-01-17,9.9,9.92,9.53,9.55,16292500.0,158036142.0,257084939.0,0.06337399640513364,002660
2024-01-18,9.53,9.59,9.15,9.4,19511873.0,182028962.0,257084939.0,0.07589660085066283,002660
2024-01-19,9.35,9.53,9.26,9.28,12909700.0,121258930.0,257084939.0,0.050215699333518715,002660
2024-01-22,9.2,9.36,8.49,8.6,17442300.0,154941575.0,257084939.0,0.06784644821219962,002660
2024-01-23,8.57,8.64,8.37,8.5,13293800.0,112608195.0,257084939.0,0.051709758073381344,002660
2024-01-24,8.5,8.65,8.32,8.65,14145118.0,120232949.0,257084939.0,0.05502118504110425,002660
2024-01-25,8.59,8.91,8.51,8.91,15507918.0,135740796.0,257084939.0,0.06032215679503497,002660
2024-01-26,8.85,9.09,8.81,8.88,12520400.0,112043997.0,257084939.0,0.048701413815610564,002660
2024-01-29,8.94,8.95,8.4,8.46,12315599.0,105640000.0,257084939.0,0.047904786052052624,002660
2024-01-30,8.46,8.49,8.11,8.13,9476899.0,78257812.0,257084939.0,0.036862910121701065,002660
2024-01-31,8.1,8.12,7.59,7.59,13818201.0,107537542.0,257084939.0,0.05374955473373724,002660
2024-02-01,7.53,7.65,7.31,7.42,11211326.0,83770894.0,257084939.0,0.043609423576540206,002660
2024-02-02,7.42,7.57,6.81,7.1,11264324.0,81152904.0,257084939.0,0.04381557334247418,002660
2024-02-05,7.04,7.07,6.39,6.39,13007900.0,84292085.0,257084939.0,0.05059767425737841,002660
2024-02-06,5.99,6.53,5.75,6.21,22168469.0,133627765.0,257084939.0,0.08623013501386015,002660
2024-02-07,6.18,6.24,5.68,5.82,22026879.0,132071899.0,257084939.0,0.0856793831862706,002660
2024-02-08,5.89,6.4,5.78,6.4,20898570.0,127904769.0,257084939.0,0.08129052631900774,002660
2024-02-19,6.48,6.85,6.46,6.84,23577501.0,158294049.0,257084939.0,0.0917109383836756,002660
2024-02-20,6.81,7.06,6.66,6.98,13131810.0,90004606.0,257084939.0,0.05107965503961319,002660
2024-02-21,6.95,7.39,6.85,7.13,16745800.0,120519771.0,257084939.0,0.06513722688360207,002660
2024-02-22,7.17,7.42,7.13,7.41,13460700.0,97938932.0,257084939.0,0.05235895985334248,002660
2024-02-23,7.45,7.95,7.36,7.82,16422400.0,125524749.0,257084939.0,0.06387927687977085,002660
2024-02-26,7.9,8.1,7.68,7.9,15925600.0,125518439.0,257084939.0,0.06194684162342159,002660
2024-02-27,7.85,8.14,7.8,8.14,11367630.0,90989311.0,257084939.0,0.04421740940646857,002660
2024-02-28,8.15,8.36,7.43,7.46,19921700.0,158198074.0,257084939.0,0.07749073157490567,002660
2024-02-29,7.38,7.83,7.32,7.83,13355561.0,101985767.0,257084939.0,0.051949993850087035,002660
2024-03-01,7.83,8.25,7.83,8.25,16920781.0,136531779.0,257084939.0,0.06581786185459895,002660
2024-03-04,8.25,8.37,7.91,8.18,15080310.0,122157939.0,257084939.0,0.058658862159171446,002660
2024-03-05,8.11,8.21,7.97,8.03,11173700.0,90029105.0,257084939.0,0.043463067278320805,002660
2024-03-06,7.96,8.31,7.92,8.26,13677600.0,111556785.0,257084939.0,0.05320264988374134,002660
2024-03-07,8.3,8.33,7.99,8.05,12823300.0,104659848.0,257084939.0,0.04987962363676232,002660
2024-03-08,8.05,8.22,7.97,8.18,8421100.0,68393729.0,257084939.0,0.03275610011522301,002660
2024-03-11,8.23,9.0,8.19,8.82,34563570.0,299999169.0,257084939.0,0.13444416516363877,002660
2024-03-12,8.69,8.78,8.42,8.55,29113465.0,248563108.0,257084939.0,0.11324453744060052,002660
2024-03-13,8.47,8.57,8.42,8.48,15189565.0,128799756.0,257084939.0,0.05908383843520293,002660
2024-03-14,8.53,8.53,8.18,8.35,14318270.0,119640949.0,257084939.0,0.05569470563190013,002660
2024-03-15,8.29,8.39,8.22,8.38,9388400.0,77996640.0,257084939.0,0.036518669808191295,002660
2024-03-18,8.41,8.67,8.4,8.67,19055650.0,163038824.0,257084939.0,0.0741220005890738,002660
2024-03-19,8.64,8.75,8.58,8.69,13857100.0,120239892.0,257084939.0,0.05390086270281279,002660
2024-03-20,8.69,8.8,8.64,8.79,14455100.0,126154594.0,257084939.0,0.05622694217804801,002660
2024-03-21,8.82,8.86,8.64,8.77,11235504.0,98183413.0,257084939.0,0.04370347031492187,002660
2024-03-22,8.75,8.8,8.53,8.59,11059700.0,95573171.0,257084939.0,0.04301963406732279,002660
2024-03-25,8.56,8.86,8.47,8.48,14664900.0,127378804.0,257084939.0,0.057043014876884714,002660
2024-03-26,8.44,8.6,8.18,8.4,11430001.0,95862945.0,257084939.0,0.04446001793982961,002660
2024-03-27,8.42,8.42,7.93,7.95,9474400.0,77017541.0,257084939.0,0.03685318959894419,002660
2024-03-28,7.96,8.38,7.96,8.26,10471200.0,86202059.0,257084939.0,0.04073050735967073,002660
2024-03-29,8.28,9.09,8.28,9.09,11863523.0,106851311.0,257084939.0,0.0461463166459549,002660
2024-04-01,9.54,10.0,9.29,9.36,70047944.0,673325889.0,257084939.0,0.2724700415063988,002660
2024-04-02,9.24,9.85,9.23,9.51,53855031.0,511384073.0,257084939.0,0.209483415129192,002660
2024-04-03,9.3,9.36,8.96,9.02,33738414.0,307202496.0,257084939.0,0.1312345022280749,002660
2024-04-08,8.95,9.03,8.69,8.71,18832903.0,165543797.0,257084939.0,0.07325556710266874,002660
2024-04-09,8.65,9.07,8.65,8.9,15712000.0,139013312.0,257084939.0,0.06111598781755161,002660
2024-04-10,8.76,8.78,8.28,8.39,20231000.0,171291268.0,257084939.0,0.07869383589211346,002660
2024-04-11,8.28,8.54,8.22,8.37,13941900.0,117444265.0,257084939.0,0.054230714775555175,002660
2024-04-12,8.38,8.62,8.23,8.31,11227561.0,94583703.0,257084939.0,0.04367257391145733,002660
2024-04-15,8.25,8.37,7.48,7.58,20915600.0,162115266.0,257084939.0,0.08135676901710684,002660
2024-04-16,7.61,7.8,6.87,6.88,18127061.0,129115109.0,257084939.0,0.07051000758935941,002660
2024-04-17,7.06,7.57,7.06,7.52,20420220.0,152175762.0,257084939.0,0.07942985722707,002660
2024-04-18,7.47,7.6,7.36,7.44,14741755.0,110395368.0,257084939.0,0.057341962766632545,002660
2024-04-19,7.37,7.49,7.2,7.25,9849200.0,71931907.0,257084939.0,0.03831107352422539,002660
2024-04-22,7.15,7.22,6.95,7.11,8428900.0,59798545.0,257084939.0,0.032786440282291295,002660
2024-04-23,7.17,7.31,7.11,7.26,8120800.0,58833769.0,257084939.0,0.031588003683094015,002660
2024-04-24,7.26,7.58,7.25,7.57,10027800.0,74906829.0,257084939.0,0.03900578555478896,002660
2024-04-25,7.47,7.63,7.42,7.56,7193426.0,54267348.0,257084939.0,0.027980736747865265,002660
2024-04-26,7.57,7.76,7.47,7.7,7901800.0,60572320.0,257084939.0,0.030736145146176765,002660
2024-04-29,7.71,7.99,7.71,7.97,8079526.0,63760401.0,257084939.0,0.03142745752212268,002660
2024-04-30,8.0,8.04,7.77,7.96,7965500.0,62958096.0,257084939.0,0.030983923177234432,002660
2024-05-06,8.04,8.16,8.01,8.08,6646000.0,53600910.0,257084939.0,0.02585137824818279,002660
2024-05-07,8.05,8.24,8.02,8.15,7271800.0,59198089.0,257084939.0,0.028285593190661394,002660
2024-05-08,8.15,8.16,7.96,8.0,6177500.0,49664371.0,257084939.0,0.02402902334158128,002660
2024-05-09,8.04,8.19,8.02,8.15,6275500.0,51055205.0,257084939.0,0.024410220312439227,002660
2024-05-10,8.15,8.17,7.98,8.07,5685400.0,45792811.0,257084939.0,0.022114869980773163,002660
2024-05-13,8.02,8.02,7.75,7.82,7307500.0,57430385.0,257084939.0,0.028424457801473933,002660
2024-05-14,7.86,7.99,7.82,7.88,4771200.0,37764253.0,257084939.0,0.018558846809769748,002660
2024-05-15,7.87,7.98,7.81,7.83,5346500.0,42272137.0,257084939.0,0.020796628619306243,002660
2024-05-16,7.83,8.02,7.83,7.92,4930155.0,39208244.0,257084939.0,0.01917714440673633,002660
2024-05-17,7.93,8.05,7.87,8.05,5436215.0,43411884.0,257084939.0,0.021145598887066658,002660
2024-05-20,8.08,8.11,8.0,8.09,5237616.0,42205025.0,257084939.0,0.020373095446093014,002660
2024-05-21,8.08,8.13,7.99,8.01,4134400.0,33205643.0,257084939.0,0.016081844452194845,002660
2024-05-22,7.95,8.13,7.95,8.12,5034100.0,40710679.0,257084939.0,0.01958146603057132,002660
2024-05-23,8.13,8.14,7.92,7.96,5101800.0,40906557.0,257084939.0,0.019844803121664003,002660
2024-05-24,8.04,8.18,7.93,8.03,8503500.0,68749832.0,257084939.0,0.033076616751944385,002660
2024-05-27,8.04,8.1,7.87,8.05,5619700.0,44702621.0,257084939.0,0.02185931241969799,002660
2024-05-28,8.02,8.13,7.92,8.11,6406800.0,51699961.0,257084939.0,0.024920946458088702,002660
2024-05-29,8.03,8.12,7.88,8.0,9311700.0,74671855.0,257084939.0,0.03622032483201982,002660
2024-05-30,7.92,8.0,7.8,7.89,5694500.0,44991753.0,257084939.0,0.02215026684235283,002660
2024-05-31,7.89,8.13,7.88,8.11,8431700.0,68033056.0,257084939.0,0.032797331624315806,002660
2024-06-03,8.1,8.14,7.83,7.86,9538003.0,76117070.0,257084939.0,0.037100590322796,002660
2024-06-04,7.86,7.86,7.3,7.64,8747403.0,66095052.0,257084939.0,0.03402534210687465,002660
2024-06-05,7.61,7.68,7.45,7.46,5061950.0,38213854.0,257084939.0,0.019689795986065135,002660
2024-06-06,7.48,7.68,7.05,7.13,9447351.0,68326896.0,257084939.0,0.03674797534522238,002660
2024-06-07,7.18,7.39,7.14,7.27,6479300.0,47025795.0,257084939.0,0.025202954421223406,002660
2024-06-11,7.27,7.36,7.07,7.34,5595700.0,40430710.0,257084939.0,0.02176595805948788,002660
2024-06-12,7.35,7.59,7.35,7.56,5080500.0,38236033.0,257084939.0,0.019761951126977532,002660
2024-06-13,7.53,7.7,7.53,7.66,5314700.0,40514187.0,257084939.0,0.020672934092027848,002660
2024-06-14,7.58,7.67,7.45,7.64,4633600.0,35146778.0,257084939.0,0.01802361514456512,002660
2024-06-17,7.6,7.73,7.52,7.68,4326600.0,33202336.0,257084939.0,0.01682945728687747,002660
2024-06-18,7.69,7.82,7.64,7.8,4245000.0,32887491.0,257084939.0,0.0165120524621631,002660
2024-06-19,7.8,7.85,7.69,7.75,4105000.0,31860148.0,257084939.0,0.01596748536093746,002660
2024-06-20,7.74,7.77,7.34,7.44,5805100.0,43824482.0,257084939.0,0.022580474852321085,002660
2024-06-21,7.45,7.46,7.28,7.33,3688200.0,27126888.0,257084939.0,0.014346231305288561,002660
2024-06-24,7.3,7.31,6.96,6.99,5682900.0,40204448.0,257084939.0,0.02210514556825128,002660
2024-06-25,7.05,7.1,6.93,7.01,4465200.0,31365403.0,257084939.0,0.01736857871709085,002660
2024-06-26,6.94,7.33,6.87,7.33,5139400.0,36767486.0,257084939.0,0.019991058285993176,002660
2024-06-27,7.34,7.41,7.2,7.2,3837700.0,28037233.0,257084939.0,0.014927751174097366,002660
2024-06-28,7.18,7.52,7.18,7.42,5766500.0,42714218.0,257084939.0,0.022430329922983158,002660
2024-07-01,7.45,7.49,7.18,7.35,5286800.0,38578377.0,257084939.0,0.020564409648283596,002660
2024-07-02,7.33,7.43,7.31,7.33,3358200.0,24711636.0,257084939.0,0.013062608852399557,002660
2024-07-03,7.33,7.34,7.19,7.26,4051300.0,29422382.0,257084939.0,0.015758604979967342,002660
2024-07-04,7.25,7.3,7.02,7.06,4027500.0,28746876.0,257084939.0,0.01566602857275898,002660
2024-07-05,7.05,7.08,6.91,7.05,4245200.0,29650607.0,257084939.0,0.01651283041516485,002660
2024-07-08,7.02,7.07,6.77,6.8,4567600.0,31334628.0,257084939.0,0.01776689065398732,002660
2024-07-09,6.78,7.1,6.71,7.07,6100700.0,42319297.0,257084939.0,0.02373028938890893,002660
2024-07-10,7.09,7.11,6.9,6.95,3659200.0,25559612.0,257084939.0,0.014233428120034678,002660
2024-07-11,7.08,7.23,7.05,7.23,4678800.0,33522843.0,257084939.0,0.018199432522960825,002660
2024-07-12,7.24,7.24,7.12,7.15,2913400.0,20881001.0,257084939.0,0.011332441376505529,002660
2024-07-15,7.17,7.33,7.03,7.09,6033300.0,43124813.0,257084939.0,0.023468119227318875,002660
2024-07-16,6.97,7.14,6.93,7.03,4803500.0,33678640.0,257084939.0,0.01868448621955252,002660
2024-07-17,7.05,7.06,6.85,6.85,3549100.0,24548574.0,257084939.0,0.013805164992570802,002660
2024-07-18,6.8,6.87,6.66,6.81,4774000.0,32173476.0,257084939.0,0.01856973815179426,002660
2024-07-19,6.8,6.92,6.76,6.87,2993800.0,20538416.0,257084939.0,0.011645178483209395,002660
2024-07-22,6.87,6.92,6.83,6.9,2344100.0,16141297.0,257084939.0,0.00911799815702156,002660
2024-07-23,6.91,6.95,6.73,6.74,2768500.0,18955815.0,257084939.0,0.010768814426736995,002660
2024-07-24,6.74,6.82,6.65,6.68,3582600.0,24007484.0,257084939.0,0.013935472120364079,002660
2024-07-25,6.62,6.77,6.52,6.68,3139100.0,20885451.0,257084939.0,0.012210361338981433,002660
2024-07-26,6.72,6.88,6.69,6.86,3794600.0,25847054.0,257084939.0,0.014760102302220047,002660
2024-07-29,6.88,6.92,6.78,6.86,2293200.0,15738679.0,257084939.0,0.008920009118075953,002660
2024-07-30,6.86,6.91,6.8,6.86,2320400.0,15917567.0,257084939.0,0.009025810726314077,002660
2024-07-31,6.87,7.06,6.85,7.03,4018100.0,28042958.0,257084939.0,0.015629464781676688,002660
2024-08-01,7.03,7.12,7.0,7.06,3683600.0,26007313.0,257084939.0,0.01432833838624829,002660
2024-08-02,7.01,7.09,6.91,6.92,2975100.0,20834220.0,257084939.0,0.011572439877545686,002660
2024-08-05,6.99,6.99,6.67,6.67,4186800.0,28445250.0,257084939.0,0.016285668138653585,002660
2024-08-06,6.77,6.83,6.73,6.8,2703200.0,18308950.0,257084939.0,0.01051481277166532,002660
2024-08-07,6.8,6.92,6.79,6.86,2910400.0,20003765.0,257084939.0,0.011320772081479266,002660
2024-08-08,6.81,6.9,6.68,6.83,3520700.0,23949347.0,257084939.0,0.013694695666322173,002660
2024-08-09,6.88,6.94,6.83,6.83,2371900.0,16291971.0,257084939.0,0.009226133624264936,002660
2024-08-12,6.84,6.86,6.69,6.73,2734000.0,18453199.0,257084939.0,0.010634617533934961,002660
2024-08-13,6.74,6.83,6.69,6.83,2535500.0,17187825.0,257084939.0,0.009862499179697181,002660
2024-08-14,6.82,6.9,6.81,6.87,2217300.0,15223770.0,257084939.0,0.00862477595391148,002660
2024-08-15,6.86,7.01,6.82,6.98,4099100.0,28478932.0,257084939.0,0.01594453574738581,002660
2024-08-16,6.99,7.16,6.99,7.06,5381802.0,38128631.0,257084939.0,0.020933945103645296,002660
2024-08-19,7.01,7.06,6.86,6.91,3889701.0,27003164.0,257084939.0,0.015130022844317612,002660
2024-08-20,6.92,6.93,6.74,6.8,3976700.0,27108345.0,257084939.0,0.01546842851031425,002660
2024-08-21,6.79,6.92,6.77,6.84,3592700.0,24669244.0,257084939.0,0.0139747587469525,002660
2024-08-22,6.88,6.93,6.7,6.7,3349200.0,22697720.0,257084939.0,0.013027600967320765,002660
2024-08-23,6.66,6.78,6.5,6.68,4344400.0,28773812.0,257084939.0,0.0168986951040333,002660
2024-08-26,6.69,6.92,6.63,6.9,5343900.0,36632864.0,257084939.0,0.02078651523028348,002660
2024-08-27,6.91,6.91,6.64,6.66,4972000.0,33501875.0,257084939.0,0.01933991162352766,002660
2024-08-28,6.63,6.86,6.58,6.79,3886400.0,26229926.0,257084939.0,0.015117182730023715,002660
2024-08-29,6.75,7.02,6.73,7.0,5516600.0,38279486.0,257084939.0,0.021458277647295396,002660
2024-08-30,7.03,7.44,6.99,7.19,10726400.0,77895617.0,257084939.0,0.04172317538990489,002660
2024-09-02,7.14,7.38,7.12,7.2,8473901.0,61531544.0,257084939.0,0.032961483597450256,002660
2024-09-03,7.2,7.57,7.18,7.35,10133600.0,74891569.0,257084939.0,0.03941732269271519,002660
2024-09-04,7.31,7.59,7.22,7.41,9772200.0,72210978.0,257084939.0,0.03801156161855129,002660
2024-09-05,7.3,7.36,7.23,7.27,7400101.0,53928764.0,257084939.0,0.028784653931049613,002660
2024-09-06,7.3,7.32,7.1,7.1,4412200.0,31632108.0,257084939.0,0.01716242117162686,002660
2024-09-09,7.02,7.21,7.0,7.13,4118700.0,29302112.0,257084939.0,0.0160207751415574,002660
2024-09-10,7.19,7.22,7.03,7.2,3570800.0,25456158.0,257084939.0,0.013889572893260775,002660
2024-09-11,7.19,7.92,7.17,7.5,28801400.0,219074588.0,257084939.0,0.11203067792314353,002660
2024-09-12,7.42,7.47,7.23,7.3,19576700.0,142901382.0,257084939.0,0.07614876264688536,002660
2024-09-13,7.23,7.27,6.99,6.99,13137600.0,92942222.0,257084939.0,0.05110217677901388,002660
2024-09-18,6.96,7.06,6.85,6.95,7185900.0,49891414.0,257084939.0,0.02795146237640938,002660
2024-09-19,6.96,7.22,6.96,7.17,8289800.0,59002002.0,257084939.0,0.03224537396957353,002660
2024-09-20,7.18,7.39,7.17,7.32,9434501.0,68603763.0,257084939.0,0.036697991864859884,002660
2024-09-23,7.28,7.37,7.21,7.3,7645000.0,55912865.0,257084939.0,0.029737253491928597,002660
2024-09-24,7.31,7.42,7.21,7.41,9275300.0,68040859.0,257084939.0,0.03607873738570115,002660
2024-09-25,7.43,7.64,7.4,7.46,10655565.0,80086689.0,257084939.0,0.04144764388550976,002660
2024-09-26,7.48,7.61,7.4,7.59,9130400.0,68746810.0,257084939.0,0.03551511043593262,002660
2024-09-27,7.68,7.96,7.58,7.81,13990300.0,108678530.0,257084939.0,0.054418979401978894,002660
2024-09-30,8.02,8.49,7.86,8.46,25308504.0,207777687.0,257084939.0,0.09844413328312476,002660
2024-10-08,9.28,9.28,8.32,8.88,29313392.0,258651551.0,257084939.0,0.11402220648950578,002660
2024-10-09,8.6,8.7,8.13,8.14,17547532.0,148030732.0,257084939.0,0.06825577596360088,002660
2024-10-10,8.24,8.54,8.21,8.3,13193936.0,110309409.0,257084939.0,0.05132131058054708,002660
2024-10-11,8.31,8.31,7.81,7.89,10017600.0,80391632.0,257084939.0,0.03896610995169966,002660
2024-10-14,7.91,8.13,7.89,8.1,7731081.0,62019000.0,257084939.0,0.030072088353647195,002660
2024-10-15,8.11,8.21,8.0,8.0,6494100.0,52575026.0,257084939.0,0.025260522943352976,002660
2024-10-16,7.88,8.07,7.88,7.97,5814000.0,46404015.0,257084939.0,0.022615093760899,002660
2024-10-17,7.99,8.17,7.99,8.05,6624600.0,53717126.0,257084939.0,0.025768137276995444,002660
2024-10-18,8.03,8.32,8.0,8.22,9617300.0,78832694.0,257084939.0,0.03740903701869521,002660
2024-10-21,8.32,8.47,8.24,8.4,12297900.0,102926704.0,257084939.0,0.047835941101162675,002660
2024-10-22,8.38,8.46,8.3,8.42,7429304.0,62278138.0,257084939.0,0.028898246738600274,002660
2024-10-23,8.35,8.35,8.16,8.18,11827500.0,97491662.0,257084939.0,0.04600619564104454,002660
2024-10-24,8.1,8.18,8.03,8.15,6195600.0,50272430.0,257084939.0,0.02409942808823974,002660
2024-10-25,8.28,8.85,8.28,8.47,15995269.0,135439282.0,257084939.0,0.06221783766181651,002660
2024-10-28,8.52,8.61,8.43,8.61,11908414.0,101649073.0,257084939.0,0.0463209320869629,002660
2024-10-29,8.61,8.66,8.4,8.42,8836113.0,75215115.0,257084939.0,0.03437040316080126,002660
2024-10-30,8.4,8.65,8.38,8.57,14709903.0,125084604.0,257084939.0,0.057218065971573695,002660
2024-10-31,8.65,8.75,8.53,8.6,15122512.0,130463121.0,257084939.0,0.058823018022070905,002660
2024-11-01,8.59,8.6,8.1,8.11,13047600.0,108038762.0,257084939.0,0.05075209792822597,002660
2024-11-04,8.11,8.32,8.11,8.31,6659029.0,55040816.0,257084939.0,0.025902057996481855,002660
2024-11-05,8.3,8.53,8.26,8.5,9774904.0,82567545.0,257084939.0,0.03802207954313496,002660
2024-11-06,8.48,8.59,8.41,8.46,9626900.0,81736887.0,257084939.0,0.03744637876277925,002660
2024-11-07,8.4,8.62,8.38,8.61,9164100.0,78264453.0,257084939.0,0.035646195516727645,002660
2024-11-08,8.67,8.72,8.52,8.6,11601529.0,100021733.0,257084939.0,0.04512722155225126,002660
2024-11-11,8.59,9.17,8.59,9.07,22269376.0,199913082.0,257084939.0,0.08662263953159854,002660
2024-11-12,9.04,9.16,8.87,8.99,18133975.0,163890044.0,257084939.0,0.07053690142462994,002660
2024-11-13,8.99,9.13,8.77,8.95,10564391.0,94616208.0,257084939.0,0.041092998450601576,002660
2024-11-14,8.9,9.0,8.63,8.67,10294900.0,90459697.0,257084939.0,0.0400447417886273,002660
2024-11-15,8.62,9.0,8.54,8.82,15506400.0,136283339.0,257084939.0,0.06031625213175168,002660
2024-11-18,8.85,8.87,8.3,8.68,13971340.0,119814732.0,257084939.0,0.05434522945741291,002660
2024-11-19,8.84,8.94,8.43,8.9,13014993.0,113099250.0,257084939.0,0.05062526436058551,002660
2024-11-20,8.81,9.1,8.81,8.97,15258300.0,136785636.0,257084939.0,0.05935120143307967,002660
2024-11-21,8.96,9.39,8.9,9.34,27777640.0,256814219.0,257084939.0,0.10804849209778096,002660
2024-11-22,9.21,9.25,8.8,8.86,19688340.0,177864312.0,257084939.0,0.07658301601246272,002660
2024-11-25,8.82,9.09,8.7,9.01,10517963.0,93736275.0,257084939.0,0.04091240444077512,002660
2024-11-26,8.97,9.18,8.82,9.0,12448507.0,111770627.0,257084939.0,0.04842176693983618,002660
2024-11-27,9.05,9.18,8.76,9.0,16230801.0,144798645.0,257084939.0,0.06313400179385849,002660
2024-11-28,9.17,9.17,8.82,8.86,12539600.0,111986863.0,257084939.0,0.04877609730377865,002660
2024-11-29,8.8,8.88,8.61,8.76,12524700.0,109549561.0,257084939.0,0.04871813980514821,002660
2024-12-02,8.66,8.92,8.64,8.86,12674401.0,111093654.0,257084939.0,0.049300441516723775,002660
2024-12-03,8.86,8.99,8.77,8.86,10352362.0,92031536.0,257084939.0,0.04026825546556035,002660
2024-12-04,8.8,8.95,8.6,8.66,10855816.0,94651571.0,257084939.0,0.04222657321827787,002660
2024-12-05,8.62,8.99,8.6,8.93,12583760.0,111388313.0,257084939.0,0.04894786932656526,002660
2024-12-06,8.93,9.17,8.9,9.07,13261603.0,119650065.0,257084939.0,0.05158451930939447,002660
2024-12-09,9.06,9.08,8.88,9.07,8029960.0,72182803.0,257084939.0,0.03123465742969875,002660
2024-12-10,9.21,9.3,8.94,8.97,13821245.0,125598699.0,257084939.0,0.05376139517842389,002660
2024-12-11,8.95,9.16,8.93,9.15,11939107.0,108273215.0,257084939.0,0.0464403206443766,002660
2024-12-12,9.2,9.34,9.01,9.2,13095995.0,119832154.0,257084939.0,0.05094034310582465,002660
2024-12-13,9.17,9.31,9.11,9.19,14907756.0,137797973.0,257084939.0,0.057987667647850814,002660
2024-12-16,9.19,9.39,9.16,9.21,11579533.0,107331859.0,257084939.0,0.045041662281118694,002660
2024-12-17,9.21,9.22,8.71,8.72,11812330.0,105031272.0,257084939.0,0.045947187905861726,002660
2024-12-18,8.74,9.0,8.59,8.89,9181801.0,81011808.0,257084939.0,0.03571504824714761,002660
2024-12-19,8.76,9.78,8.76,9.38,43351600.0,408290111.0,257084939.0,0.1686275367535241,002660
2024-12-20,9.29,9.5,9.27,9.34,28897933.0,270395664.0,257084939.0,0.11240616860873363,002660
2024-12-23,9.33,9.53,8.83,8.87,18523422.0,168057369.0,257084939.0,0.07205175873799437,002660
2024-12-24,8.91,9.65,8.91,9.24,22877222.0,210126185.0,257084939.0,0.08898701763310997,002660
2024-12-25,9.27,10.16,9.25,10.16,35479495.0,356471109.0,257084939.0,0.1380068981792823,002660
2024-12-26,10.19,10.83,10.11,10.41,95858773.0,1001768674.0,257084939.0,0.3728681009975462,002660
2024-12-27,10.15,10.5,9.89,10.33,57011105.0,581013123.0,257084939.0,0.22175980133943202,002660
2024-12-30,10.25,10.76,10.12,10.62,58464922.0,608846945.0,257084939.0,0.22741480783516455,002660
2024-12-31,10.63,10.78,10.11,10.32,48464475.0,506924680.0,257084939.0,0.18851541902266006,002660
