日期,开盘,最高,最低,收盘,成交量,成交额,outstanding_share,换手率,股票代码
2020-01-02,19.3,21.29,19.2,21.29,11303859.0,232549381.0,94785053.0,0.11925782222224426,603825
2020-01-03,23.42,23.42,21.86,23.42,27828928.0,642490522.0,94785053.0,0.2936003844403611,603825
2020-01-06,23.5,25.76,23.15,25.76,12118545.0,300629017.0,94785053.0,0.12785291157668077,603825
2020-01-07,27.0,27.87,24.38,24.88,24460961.0,627005419.0,94785053.0,0.2580677039870411,603825
2020-01-08,23.7,24.87,22.8,23.35,17935611.0,427325343.0,94785053.0,0.18922404358417144,603825
2020-01-09,23.99,24.37,22.59,23.23,15865888.0,373349791.0,94785053.0,0.16738807963740865,603825
2020-01-10,23.45,23.7,22.65,22.65,10357171.0,238618356.0,94785053.0,0.10927008713072092,603825
2020-01-13,21.98,24.0,21.88,23.24,14591982.0,340828425.0,94785053.0,0.15394813357333884,603825
2020-01-14,23.35,24.92,23.35,23.98,16358234.0,393871677.0,94785053.0,0.17258242182973724,603825
2020-01-15,23.35,23.66,22.21,23.6,10302609.0,235261658.0,94785053.0,0.10869444784717269,603825
2020-01-16,23.36,23.37,22.25,22.8,10331874.0,234872533.0,94785053.0,0.10900319905924408,603825
2020-01-17,22.84,23.3,21.77,22.13,8220316.0,185878107.0,94785053.0,0.08672586805432286,603825
2020-01-20,21.42,23.82,21.13,22.96,10876370.0,243742040.0,94785053.0,0.11474773348494093,603825
2020-01-21,22.88,22.9,22.04,22.33,6138352.0,138031536.0,94785053.0,0.06476075927287818,603825
2020-01-22,23.0,24.56,23.0,24.56,12958821.0,313418076.0,94785053.0,0.13671798020728015,603825
2020-01-23,24.28,27.02,24.25,27.02,16094950.0,425531864.0,94785053.0,0.16980472648994563,603825
2020-02-03,24.82,25.38,24.32,24.32,4530800.0,111557806.0,94785053.0,0.04780078563652858,603825
2020-02-04,23.02,26.75,22.51,26.75,19013242.0,461009040.0,94785053.0,0.200593251765128,603825
2020-02-05,26.12,29.43,25.7,29.43,18486961.0,513691961.0,94785053.0,0.19504088898911098,603825
2020-02-06,29.5,31.55,27.71,28.33,19472012.0,580201159.0,94785053.0,0.20543336089077252,603825
2020-02-07,27.77,29.88,27.25,28.8,14935175.0,428620090.0,94785053.0,0.15756888377748757,603825
2020-02-10,27.8,31.6,27.44,30.11,15201824.0,443379795.0,94785053.0,0.16038208049532873,603825
2020-02-11,29.23,29.99,27.8,28.28,9819565.0,282296004.0,94785053.0,0.10359824349098586,603825
2020-02-12,27.8,28.59,27.66,28.33,7704535.0,216719099.0,94785053.0,0.08128428223804443,603825
2020-02-13,28.12,28.33,26.98,27.18,7862781.0,215420355.0,94785053.0,0.08295380707335787,603825
2020-02-14,27.3,27.75,26.2,26.62,7407410.0,199250555.0,94785053.0,0.07814955803210871,603825
2020-02-17,26.6,29.25,26.38,28.48,9294506.0,260911639.0,94785053.0,0.09805877304304508,603825
2020-02-18,28.76,31.33,28.19,31.33,10618590.0,320675749.0,94785053.0,0.11202810637242562,603825
2020-02-19,32.05,32.88,28.69,28.93,9848985.0,295919022.0,94785053.0,0.10390862998198672,603825
2020-02-20,29.12,29.62,27.73,28.87,6551784.0,187675723.0,94785053.0,0.06912254403655817,603825
2020-02-21,28.56,31.76,28.56,31.76,10062138.0,310665248.0,94785053.0,0.10615743391523978,603825
2020-02-24,32.22,34.58,30.55,33.78,11736691.0,387140121.0,94785053.0,0.12382428060677457,603825
2020-02-25,32.14,33.78,30.6,33.4,6838697.0,223433755.0,94785053.0,0.07214952973650814,603825
2020-02-26,32.9,32.9,30.06,30.22,6856492.0,214105779.0,94785053.0,0.07233727030779842,603825
2020-02-27,30.66,31.67,29.71,31.39,5844219.0,180062178.0,94785053.0,0.061657601225374635,603825
2020-02-28,28.56,30.8,28.56,29.0,5275908.0,155677257.0,94785053.0,0.05566181410480406,603825
2020-03-02,29.74,30.3,28.0,29.57,7097758.0,207538298.0,94785053.0,0.07488267163811155,603825
2020-03-03,29.51,30.69,28.96,29.2,7269115.0,216866668.0,94785053.0,0.07669051997048522,603825
2020-03-04,28.6,32.12,28.6,31.3,12589442.0,391989158.0,94785053.0,0.13282096281573003,603825
2020-03-05,31.5,31.7,29.71,30.54,7580985.0,230163751.0,94785053.0,0.07998080667845382,603825
2020-03-06,29.5,31.38,28.83,30.25,6881529.0,206214256.0,94785053.0,0.0726014153307484,603825
2020-03-09,29.86,29.88,27.23,27.23,6893032.0,192902177.0,94785053.0,0.07272277412768868,603825
2020-03-10,26.01,27.22,25.15,26.88,6086363.0,160049547.0,94785053.0,0.06421226561955924,603825
2020-03-11,27.24,27.48,25.37,25.75,4866940.0,127738641.0,94785053.0,0.05134712537429293,603825
2020-03-12,25.78,26.19,24.32,24.86,5568931.0,140106341.0,94785053.0,0.058753261445135235,603825
2020-03-13,24.46,26.2,23.58,25.76,6414219.0,163133110.0,94785053.0,0.06767120761118317,603825
2020-03-16,26.42,26.49,24.11,24.56,4644362.0,116406597.0,94785053.0,0.04899888593194119,603825
2020-03-17,24.6,25.92,22.63,25.02,6273259.0,150669568.0,94785053.0,0.06618405330215936,603825
2020-03-18,25.22,25.25,23.18,23.26,6314718.0,153410998.0,94785053.0,0.06662145349014048,603825
2020-03-19,23.4,23.8,22.8,23.51,3664229.0,85588711.0,94785053.0,0.03865829984818387,603825
2020-03-20,24.0,24.59,23.7,24.12,3939089.0,95015425.0,94785053.0,0.04155812414854059,603825
2020-03-23,23.44,23.99,22.11,22.35,3598064.0,82908292.0,94785053.0,0.0379602467490312,603825
2020-03-24,23.15,23.87,22.52,23.27,5270622.0,123099966.0,94785053.0,0.05560604581821566,603825
2020-03-25,23.78,24.1,23.21,23.88,3867171.0,91657301.0,94785053.0,0.04079937582563783,603825
2020-03-26,23.56,24.25,23.03,23.36,3702800.0,87269475.0,94785053.0,0.039065231097143556,603825
2020-03-27,23.87,24.65,23.1,23.34,5501679.0,131913910.0,94785053.0,0.05804374029310296,603825
2020-03-30,22.53,22.65,21.01,21.37,6965254.0,149184851.0,94785053.0,0.07348472970733054,603825
2020-03-31,21.84,22.39,21.38,21.73,5214139.0,113891987.0,94785053.0,0.05501013962612861,603825
2020-04-01,22.04,22.16,21.37,21.46,3747066.0,81409006.0,94785053.0,0.03953224565902812,603825
2020-04-02,21.5,22.29,21.35,22.27,4653626.0,102369763.0,94785053.0,0.04909662286099054,603825
2020-04-03,22.37,22.59,21.81,21.88,3450569.0,76613609.0,94785053.0,0.036404146970303426,603825
2020-04-07,22.29,23.48,22.28,23.38,4940314.0,113616799.0,94785053.0,0.05212123476894611,603825
2020-04-08,23.01,23.65,22.86,23.05,3702490.0,85891809.0,94785053.0,0.03906196053928461,603825
2020-04-09,23.32,23.49,22.91,23.21,2561779.0,59293341.0,94785053.0,0.027027246584965248,603825
2020-04-10,23.49,24.74,23.21,23.5,7469195.0,178458911.0,94785053.0,0.07880140131377043,603825
2020-04-13,22.77,23.2,21.57,22.79,4849156.0,108818520.0,94785053.0,0.0511595008550557,603825
2020-04-14,23.15,23.4,21.75,22.39,5750698.0,128013513.0,94785053.0,0.06067093722044973,603825
2020-04-15,22.41,22.41,21.09,21.16,6424001.0,138465583.0,94785053.0,0.06777440953691295,603825
2020-04-16,20.94,23.28,20.9,23.28,9468146.0,212637236.0,94785053.0,0.09989070745152191,603825
2020-04-17,24.2,24.59,23.6,23.7,10773659.0,258393028.0,94785053.0,0.11366411326477815,603825
2020-04-20,24.24,24.24,23.2,23.85,6168011.0,145711179.0,94785053.0,0.06507366725848641,603825
2020-04-21,23.75,24.45,23.32,24.0,6333875.0,151862861.0,94785053.0,0.06682356341563685,603825
2020-04-22,23.71,26.4,23.48,26.4,10575385.0,267772198.0,94785053.0,0.11157228555856798,603825
2020-04-23,26.7,27.6,25.11,26.54,12154810.0,319725258.0,94785053.0,0.12823551409524453,603825
2020-04-24,25.85,25.88,23.89,23.99,7659605.0,188595354.0,94785053.0,0.08081026235222974,603825
2020-04-27,23.36,23.69,22.53,22.66,4979698.0,114547606.0,94785053.0,0.05253674331964556,603825
2020-04-28,22.62,24.58,22.62,24.04,7385717.0,174906613.0,94785053.0,0.07792069283328881,603825
2020-04-29,23.58,23.91,22.91,22.97,5936103.0,138770211.0,94785053.0,0.06262699457476698,603825
2020-04-30,23.99,25.11,23.35,24.91,7100437.0,172447060.0,94785053.0,0.07491093558812485,603825
2020-05-06,24.4,25.3,23.85,24.62,11715074.0,283600288.0,94785053.0,0.12359621722213944,603825
2020-05-07,24.35,24.37,23.68,23.82,7549071.0,180984312.0,94785053.0,0.0796441080219684,603825
2020-05-08,24.16,26.2,24.16,26.2,13816331.0,351949183.0,94785053.0,0.1457648707544638,603825
2020-05-11,26.99,27.39,25.81,26.79,17649934.0,471814082.0,94785053.0,0.1862100979149107,603825
2020-05-12,26.85,27.0,25.74,26.12,9152985.0,240641002.0,94785053.0,0.09656570007931525,603825
2020-05-13,26.31,27.39,25.93,27.09,12047194.0,322322833.0,94785053.0,0.1271001452096039,603825
2020-05-14,26.6,29.12,26.29,27.29,14750917.0,404749635.0,94785053.0,0.15562492748724843,603825
2020-05-15,27.6,27.8,26.33,27.35,12070260.0,326081135.0,94785053.0,0.12734349581468293,603825
2020-05-18,27.0,27.65,26.06,26.58,8022370.0,215162574.0,94785053.0,0.08463750080933119,603825
2020-05-19,26.98,27.38,26.48,27.16,6594575.0,178264305.0,94785053.0,0.06957399707314613,603825
2020-05-20,27.2,27.62,25.88,26.0,9308117.0,247874894.0,94785053.0,0.09820237163342621,603825
2020-05-21,25.88,26.28,24.74,24.96,6425323.0,163249391.0,94785053.0,0.06778835688365338,603825
2020-05-22,24.79,25.14,23.78,23.81,5918161.0,143854872.0,94785053.0,0.06243770312604035,603825
2020-05-25,23.96,24.47,23.44,24.3,4997681.0,120270055.0,94785053.0,0.05272646732602449,603825
2020-05-26,24.46,26.73,24.3,26.05,8801320.0,226803616.0,94785053.0,0.09285556869393743,603825
2020-05-27,25.83,26.37,25.41,26.04,8179319.0,211695585.0,94785053.0,0.08629334205257025,603825
2020-05-28,25.81,26.86,25.42,26.75,9237330.0,242539758.0,94785053.0,0.09745555557161528,603825
2020-05-29,26.48,28.51,26.27,27.81,16733798.0,463827991.0,94785053.0,0.1765446921256667,603825
2020-06-01,27.69,29.96,27.69,29.22,15297666.0,439079740.0,94785053.0,0.1613932314834492,603825
2020-06-02,28.91,29.08,27.5,27.7,12491480.0,351167599.0,94785053.0,0.13178744543192902,603825
2020-06-03,27.93,28.47,27.23,27.55,8663925.0,240767966.0,94785053.0,0.09140602580029153,603825
2020-06-04,27.41,27.9,27.13,27.31,5324408.0,146217101.0,94785053.0,0.05617349815692987,603825
2020-06-05,27.24,27.64,26.92,27.37,5544937.0,151043750.0,94785053.0,0.058500120266852626,603825
2020-06-08,27.48,27.67,25.81,25.91,8255611.0,218672276.0,94785053.0,0.08709823689184412,603825
2020-06-09,26.1,27.45,25.8,27.02,8461432.0,227013826.0,94785053.0,0.08926968685663973,603825
2020-06-10,26.88,27.3,26.08,26.83,6130157.0,163399719.0,94785053.0,0.06467430049334888,603825
2020-06-11,26.81,27.34,26.5,26.81,6167489.0,166117157.0,94785053.0,0.06506816006105942,603825
2020-06-12,25.88,26.83,25.6,26.56,5216041.0,137738212.0,94785053.0,0.05503020608112125,603825
2020-06-15,26.6,29.22,26.37,29.22,10632864.0,299650999.0,94785053.0,0.11217869973655023,603825
2020-06-16,32.14,32.14,32.14,32.14,2581868.0,82981238.0,94785053.0,0.02723918928441175,603825
2020-06-17,33.59,35.35,32.95,35.35,25024140.0,867898109.0,94785053.0,0.2640093475497661,603825
2020-06-18,37.0,38.89,33.61,34.51,35067457.0,1297872968.0,94785053.0,0.36996821640222116,603825
2020-06-19,31.85,36.57,31.13,35.0,27172764.0,913937512.0,94785053.0,0.28667773177275113,603825
2020-06-22,34.35,35.1,32.23,32.4,21029686.0,695968974.0,94785053.0,0.22186711231780396,603825
2020-06-23,32.54,33.38,31.6,31.78,15694917.0,509740702.0,94785053.0,0.16558430367707871,603825
2020-06-24,30.95,32.0,30.35,30.47,12567447.0,389041172.0,94785053.0,0.1325889114605443,603825
2020-06-29,30.47,31.3,30.01,30.84,9637038.0,295431648.0,94785053.0,0.10167254957382363,603825
2020-06-30,30.97,32.44,30.31,32.15,14986436.0,471154013.0,94785053.0,0.15810969689493132,603825
2020-07-01,32.0,32.0,30.68,30.9,12538459.0,392661298.0,94785053.0,0.1322830826501727,603825
2020-07-02,30.69,31.85,30.03,31.27,10823585.0,337158782.0,94785053.0,0.11419084188305513,603825
2020-07-03,30.8,31.15,30.41,30.53,9007753.0,276491116.0,94785053.0,0.0950334753729578,603825
2020-07-06,30.53,31.58,29.87,31.52,12625326.0,391049815.0,94785053.0,0.1331995457131833,603825
2020-07-07,31.8,32.93,31.1,32.38,15990057.0,513950774.0,94785053.0,0.1686980857625305,603825
2020-07-08,31.98,32.22,30.9,32.11,12435597.0,393478571.0,94785053.0,0.13119786935182703,603825
2020-07-09,32.11,34.38,31.7,33.83,17555194.0,584672483.0,94785053.0,0.18521057323246948,603825
2020-07-10,33.8,33.8,32.52,32.85,13067411.0,431969017.0,94785053.0,0.1378636249747099,603825
2020-07-13,33.09,33.89,32.02,33.88,12112366.0,400138254.0,94785053.0,0.12778772197342128,603825
2020-07-14,33.97,34.3,32.32,32.55,10261742.0,340569945.0,94785053.0,0.1082632933696835,603825
2020-07-15,30.55,30.55,29.3,29.3,10683500.0,316307887.0,94785053.0,0.11271291898734287,603825
2020-07-16,27.7,28.5,26.37,26.37,10303610.0,281388942.0,94785053.0,0.1087050085840011,603825
2020-07-17,26.44,26.75,25.38,25.78,6318059.0,164969596.0,94785053.0,0.06665670166371063,603825
2020-07-20,26.26,26.48,25.78,26.18,5164822.0,134841034.0,94785053.0,0.054489836071516466,603825
2020-07-21,26.13,27.31,26.05,27.06,6332611.0,169993963.0,94785053.0,0.06681022797972165,603825
2020-07-22,27.24,27.36,26.71,27.08,5561066.0,150421146.0,94785053.0,0.05867028422719772,603825
2020-07-23,26.86,27.86,26.71,27.64,6861340.0,188191804.0,94785053.0,0.07238841761263773,603825
2020-07-24,27.21,27.5,25.13,25.7,7054980.0,186779990.0,94785053.0,0.07443135575394993,603825
2020-07-27,25.66,26.4,25.5,26.04,3343210.0,86757894.0,94785053.0,0.03527148948262972,603825
2020-07-28,26.33,26.44,25.87,26.03,3320625.0,86546413.0,94785053.0,0.03503321351732535,603825
2020-07-29,26.06,26.35,25.68,26.3,4087508.0,106986529.0,94785053.0,0.04312397229972536,603825
2020-07-30,26.5,27.09,26.2,26.21,6343778.0,168452958.0,94785053.0,0.0669280419139503,603825
2020-07-31,26.32,27.45,25.95,27.3,10204019.0,271240213.0,94785053.0,0.10765430494616066,603825
2020-08-03,26.51,27.99,26.51,27.42,10265705.0,279099361.0,226399672.0,0.04534328565635024,603825
2020-08-04,27.25,27.51,26.8,26.97,6824122.0,184681496.0,226399672.0,0.030141925293955374,603825
2020-08-05,26.9,28.12,26.89,27.75,8846886.0,243885676.0,226399672.0,0.03907640820257019,603825
2020-08-06,27.89,28.1,27.22,27.5,7255560.0,199306038.0,226399672.0,0.032047572931112725,603825
2020-08-07,27.35,28.4,27.01,28.14,11000474.0,305986762.0,226399672.0,0.04858873647131432,603825
2020-08-10,28.1,28.68,27.5,27.55,8938710.0,249308852.0,226399672.0,0.0394819918290341,603825
2020-08-11,27.7,28.22,27.15,28.09,13548569.0,375755004.0,226399672.0,0.05984358934936973,603825
2020-08-12,28.0,28.16,27.25,27.7,10234711.0,283018416.0,226399672.0,0.04520638616472907,603825
2020-08-13,27.87,28.14,27.74,27.93,11050411.0,308676733.0,226399672.0,0.04880930657885405,603825
2020-08-14,27.98,28.37,27.83,28.26,12350852.0,347117420.0,226399672.0,0.05455331225038171,603825
2020-08-17,28.34,28.87,28.12,28.67,13534929.0,385834820.0,226399672.0,0.05978334191226214,603825
2020-08-18,28.65,30.97,28.36,30.49,20498451.0,603512426.0,226399672.0,0.09054099247988309,603825
2020-08-19,30.33,31.74,29.71,30.6,19535501.0,600353608.0,226399672.0,0.08628767359698294,603825
2020-08-20,30.51,31.09,29.95,30.74,11171890.0,342419098.0,226399672.0,0.04934587537741662,603825
2020-08-21,30.8,32.33,30.6,31.48,15769004.0,497409745.0,226399672.0,0.0696511786465839,603825
2020-08-24,31.53,34.15,30.0,32.39,18787653.0,604411512.0,226399672.0,0.08298445326369554,603825
2020-08-25,31.92,31.92,30.11,30.28,16258580.0,499655483.0,226399672.0,0.07181361994199356,603825
2020-08-26,30.0,31.05,29.95,30.37,11828591.0,360793561.0,226399672.0,0.05224650237125785,603825
2020-08-27,30.48,31.3,30.16,31.04,13117264.0,405118583.0,226399672.0,0.057938529168893846,603825
2020-08-28,31.5,31.7,29.62,30.6,16589417.0,509073170.0,226399672.0,0.07327491622867723,603825
2020-08-31,30.6,30.77,29.52,29.83,12555081.0,376937869.0,226399672.0,0.05545538511204204,603825
2020-09-01,29.8,30.06,29.46,29.92,6682187.0,199544911.0,226399672.0,0.029515003007601532,603825
2020-09-02,30.06,30.19,29.68,29.83,6242300.0,186445876.0,226399672.0,0.0275720364117842,603825
2020-09-03,29.95,30.28,29.07,29.3,9605457.0,284436704.0,226399672.0,0.042426991678680526,603825
2020-09-04,29.0,29.66,28.7,29.39,7610953.0,223132903.0,226399672.0,0.033617332272460186,603825
2020-09-07,29.17,29.55,28.91,29.08,9275027.0,271584765.0,226399672.0,0.04096749309778152,603825
2020-09-08,29.15,29.77,28.5,29.07,9700793.0,282545243.0,226399672.0,0.04284808769510938,603825
2020-09-09,29.08,29.26,28.36,28.7,10250480.0,296485638.0,226399672.0,0.045276037325707785,603825
2020-09-10,28.96,28.96,26.82,27.0,11681154.0,323949735.0,226399672.0,0.051595277929554595,603825
2020-09-11,27.1,28.31,27.1,28.15,9240212.0,256593362.0,226399672.0,0.04081371637322867,603825
2020-09-14,28.61,29.1,27.92,28.29,7703985.0,219531349.0,226399672.0,0.03402825159570019,603825
2020-09-15,28.6,29.27,28.3,28.8,14658703.0,422286439.0,226399672.0,0.06474701518118807,603825
2020-09-16,28.9,29.38,28.58,28.79,6245810.0,180559972.0,226399672.0,0.027587539967814087,603825
2020-09-17,29.0,29.1,28.41,28.9,6531072.0,187772335.0,226399672.0,0.02884753295932337,603825
2020-09-18,29.07,29.41,28.71,29.2,8972353.0,261309734.0,226399672.0,0.03963059186764193,603825
2020-09-21,29.3,29.48,29.0,29.2,7527800.0,220248811.0,226399672.0,0.03325004817144788,603825
2020-09-22,29.05,30.26,28.81,29.74,12604578.0,374394606.0,226399672.0,0.055674011753868616,603825
2020-09-23,29.69,30.27,29.52,29.72,10058200.0,300730977.0,226399672.0,0.04442674280906202,603825
2020-09-24,29.73,29.8,29.0,29.28,7606729.0,223390540.0,226399672.0,0.03359867500161396,603825
2020-09-25,29.3,29.51,28.62,28.75,7426700.0,215004257.0,226399672.0,0.03280349275417678,603825
2020-09-28,28.0,29.0,27.56,28.54,9079728.0,256532583.0,226399672.0,0.04010486375616304,603825
2020-09-29,28.95,29.49,28.5,28.72,14783581.0,429369153.0,226399672.0,0.06529859725238471,603825
2020-09-30,28.78,28.79,27.58,27.82,10957240.0,306631336.0,226399672.0,0.04839777329712739,603825
2020-10-09,28.01,28.18,27.7,27.94,6179900.0,172429588.0,226399672.0,0.027296417637919547,603825
2020-10-12,28.02,28.44,27.89,28.43,10321620.0,291177447.0,226399672.0,0.045590260395783615,603825
2020-10-13,28.53,29.4,28.33,29.37,14272779.0,413779119.0,226399672.0,0.06304240140418578,603825
2020-10-14,29.15,30.3,29.02,30.0,19445053.0,581366562.0,226399672.0,0.08588816771784015,603825
2020-10-15,29.76,29.76,29.21,29.45,6696336.0,197181688.0,226399672.0,0.029577498681181834,603825
2020-10-16,29.5,30.4,29.49,29.62,12334338.0,368807832.0,226399672.0,0.05448037044859323,603825
2020-10-19,29.56,29.69,28.87,28.99,5207479.0,151411376.0,226399672.0,0.023001265655543883,603825
2020-10-20,29.0,29.55,28.85,29.4,8723440.0,255563507.0,226399672.0,0.03853115122887634,603825
2020-10-21,29.64,30.59,29.54,30.17,20208357.0,608849115.0,226399672.0,0.08925965670126942,603825
2020-10-22,30.3,31.59,29.9,31.25,24483960.0,751175966.0,226399672.0,0.10814485632293672,603825
2020-10-23,31.34,32.25,30.08,30.22,20683761.0,639673510.0,226399672.0,0.09135950073284559,603825
2020-10-26,30.16,30.45,29.7,30.35,6870340.0,207328262.0,226399672.0,0.030346068699251473,603825
2020-10-27,30.27,31.17,30.02,30.83,13533775.0,415651306.0,226399672.0,0.05977824473173265,603825
2020-10-28,30.83,31.29,30.7,31.08,15932051.0,494598864.0,226399672.0,0.07037135195142863,603825
2020-10-29,30.79,31.7,30.51,31.47,18130951.0,568547238.0,226399672.0,0.08008382185288679,603825
2020-10-30,31.7,32.4,30.22,30.34,23569873.0,743199224.0,226399672.0,0.10410736372444922,603825
2020-11-02,30.1,30.45,29.8,30.4,9524945.0,287746162.0,226399672.0,0.04207137278891464,603825
2020-11-03,30.49,30.98,30.25,30.91,9554214.0,293539765.0,226399672.0,0.04220065301154677,603825
2020-11-04,31.0,31.4,30.05,30.24,14510742.0,444530585.0,226399672.0,0.06409347624849916,603825
2020-11-05,30.49,30.7,29.56,30.03,13742647.0,413621145.0,226399672.0,0.06070082557363422,603825
2020-11-06,30.09,30.18,28.57,28.73,15004209.0,440675465.0,226399672.0,0.06627310396456758,603825
2020-11-09,29.0,29.72,28.72,29.7,14139409.0,412160515.0,226399672.0,0.06245331044472538,603825
2020-11-10,30.05,30.95,29.85,30.41,19221865.0,584758987.0,226399672.0,0.08490235356878079,603825
2020-11-11,30.42,31.36,30.38,30.68,18497296.0,569794323.0,226399672.0,0.0817019558226215,603825
2020-11-12,30.73,30.9,28.97,29.34,19379145.0,575729351.0,226399672.0,0.08559705422188067,603825
2020-11-13,29.4,29.65,26.42,26.67,21581197.0,597270485.0,226399672.0,0.09532344640499303,603825
2020-11-16,27.05,27.15,26.01,26.41,12661100.0,334284665.0,226399672.0,0.055923667592592624,603825
2020-11-17,26.45,27.8,26.07,27.49,14108159.0,380055631.0,226399672.0,0.06231528020941656,603825
2020-11-18,27.4,27.86,27.2,27.72,10662383.0,293980164.0,226399672.0,0.04709539950216889,603825
2020-11-19,27.96,27.99,26.73,27.21,7888743.0,215234963.0,226399672.0,0.034844321682586187,603825
2020-11-20,27.21,27.54,26.84,27.29,8590200.0,234164776.0,226399672.0,0.037942634475194824,603825
2020-11-23,27.4,27.96,26.9,26.91,9902100.0,270504600.0,226399672.0,0.04373725417764739,603825
2020-11-24,27.0,27.0,25.75,26.04,8252864.0,215464080.0,226399672.0,0.03645263231653445,603825
2020-11-25,26.1,27.14,25.8,26.5,10087104.0,266357872.0,226399672.0,0.044554410838545735,603825
2020-11-26,26.45,26.67,26.1,26.39,6516644.0,171709206.0,226399672.0,0.028783804951802227,603825
2020-11-27,26.45,27.38,26.1,26.58,9204249.0,246039036.0,226399672.0,0.04065486896995151,603825
2020-11-30,26.35,26.68,26.07,26.34,4736064.0,124252540.0,226399672.0,0.020919040907444425,603825
2020-12-01,26.34,26.76,26.01,26.41,6314830.0,166843979.0,226399672.0,0.027892399066726564,603825
2020-12-02,26.44,26.47,26.0,26.12,3986160.0,103983996.0,226399672.0,0.01760673928891558,603825
2020-12-03,26.12,26.38,25.3,25.94,5113400.0,132519570.0,226399672.0,0.022585721767300088,603825
2020-12-04,26.11,26.15,25.52,25.74,6404838.0,165231692.0,226399672.0,0.02828996148015621,603825
2020-12-07,25.8,25.8,24.46,24.46,7746681.0,193299881.0,226399672.0,0.03421683844135605,603825
2020-12-08,24.6,25.14,24.48,24.6,7214819.0,178350486.0,226399672.0,0.03186762125697779,603825
2020-12-09,24.66,24.88,24.4,24.48,6188200.0,152022459.0,226399672.0,0.02733307846841757,603825
2020-12-10,24.59,24.8,24.4,24.44,5485109.0,134353283.0,226399672.0,0.024227548350865102,603825
2020-12-11,24.6,24.62,24.4,24.47,6089240.0,149011154.0,226399672.0,0.02689597536166042,603825
2020-12-14,24.55,24.7,24.39,24.48,6628600.0,162490087.0,226399672.0,0.029278310968577727,603825
2020-12-15,24.59,24.59,24.4,24.48,3801369.0,92952347.0,226399672.0,0.0167905234421011,603825
2020-12-16,24.52,24.66,24.4,24.51,6079973.0,149017583.0,226399672.0,0.026855043323561,603825
2020-12-17,24.52,24.78,24.4,24.54,6445007.0,157976146.0,226399672.0,0.02846738664886405,603825
2020-12-18,24.55,24.78,24.42,24.67,6609510.0,162566025.0,226399672.0,0.029193991058432275,603825
2020-12-21,24.68,24.68,24.44,24.53,3794780.0,92978047.0,226399672.0,0.016761420043046704,603825
2020-12-22,24.55,24.65,24.4,24.46,4337721.0,106081196.0,226399672.0,0.019159572810688523,603825
2020-12-23,24.48,24.58,24.4,24.47,5329700.0,130264470.0,226399672.0,0.023541111844013626,603825
2020-12-24,24.49,24.72,24.4,24.45,8472048.0,207630410.0,226399672.0,0.03742076092760417,603825
2020-12-25,24.49,24.66,24.38,24.43,8489172.0,207615472.0,226399672.0,0.03749639707958587,603825
2020-12-28,24.48,24.64,24.39,24.41,6610921.0,161595405.0,226399672.0,0.02920022339961694,603825
2020-12-29,24.45,24.45,21.97,21.97,15584480.0,351827685.0,226399672.0,0.0688361421300999,603825
2020-12-30,21.9,22.22,19.77,19.77,15794898.0,317995728.0,226399672.0,0.06976555160380268,603825
2020-12-31,19.38,19.38,18.02,18.53,11342633.0,209565333.0,226399672.0,0.05010004166437131,603825
2021-01-04,18.63,20.38,18.18,20.38,13682641.0,265629280.0,226399672.0,0.060435781020036106,603825
2021-01-05,20.2,20.2,18.64,18.9,10571634.0,202216219.0,226399672.0,0.0466945641157996,603825
2021-01-06,18.5,18.8,18.02,18.1,6344486.0,115329339.0,226399672.0,0.028023388655792753,603825
2021-01-07,17.93,17.93,16.29,16.38,10663138.0,179420628.0,226399672.0,0.047098734312653955,603825
2021-01-08,16.5,17.38,15.17,17.1,9827852.0,165658008.0,226399672.0,0.04340930317248869,603825
2021-01-11,16.8,17.25,16.07,16.23,5835637.0,96683428.0,226399672.0,0.02577581914517968,603825
2021-01-12,16.12,16.61,15.72,15.81,5555206.0,89410875.0,226399672.0,0.02453716452380726,603825
2021-01-13,15.94,15.95,15.06,15.09,6443309.0,98972443.0,226399672.0,0.02845988663799831,603825
2021-01-14,15.0,15.6,15.0,15.05,4952737.0,75249054.0,226399672.0,0.02187607851304661,603825
2021-01-15,15.08,15.75,15.03,15.57,4907360.0,75842368.0,226399672.0,0.02167564977744314,603825
2021-01-18,15.6,15.86,15.46,15.7,4245300.0,66595542.0,226399672.0,0.018751352254609274,603825
2021-01-19,15.66,16.3,15.45,16.1,5431661.0,86685530.0,226399672.0,0.023991470270327952,603825
2021-01-20,16.11,16.16,15.45,15.78,3995926.0,62913725.0,226399672.0,0.01764987539381241,603825
2021-01-21,15.72,15.95,15.53,15.77,4180736.0,65904413.0,226399672.0,0.018466175163009954,603825
2021-01-22,15.71,15.71,15.26,15.26,3959240.0,60976501.0,226399672.0,0.017487834523011146,603825
2021-01-25,15.36,15.37,14.91,14.93,3596191.0,54203571.0,226399672.0,0.01588425887825491,603825
2021-01-26,14.95,15.29,14.61,14.8,3116909.0,46744881.0,226399672.0,0.013767285846597869,603825
2021-01-27,14.77,15.37,14.71,15.08,4245400.0,64075485.0,226399672.0,0.018751793951362263,603825
2021-01-28,14.95,15.95,14.81,15.36,6516000.0,101007383.0,226399672.0,0.02878096042471298,603825
2021-01-29,15.38,15.55,14.11,14.5,5663160.0,83496246.0,226399672.0,0.02501399383652817,603825
2021-02-01,14.25,14.65,14.0,14.15,3525700.0,50054113.0,226399672.0,0.015572902420105979,603825
2021-02-02,13.99,14.26,13.69,13.88,3556080.0,49548678.0,226399672.0,0.015707089893663803,603825
2021-02-03,13.88,13.88,13.4,13.43,3614549.0,49146689.0,226399672.0,0.01596534556816849,603825
2021-02-04,13.49,13.58,12.7,13.15,4625380.0,60483873.0,226399672.0,0.020430153273366933,603825
2021-02-05,13.14,13.54,12.85,12.95,2764135.0,36362563.0,226399672.0,0.012209094543211176,603825
2021-02-08,13.01,14.08,12.72,13.64,7141024.0,96325220.0,226399672.0,0.03154167113811013,603825
2021-02-09,13.19,13.4,13.0,13.4,5531536.0,72961446.0,226399672.0,0.024432614902374947,603825
2021-02-10,13.33,13.55,13.09,13.27,3756234.0,49856388.0,226399672.0,0.01659116361263986,603825
2021-02-18,13.37,14.11,13.37,13.8,5837934.0,80655214.0,226399672.0,0.02578596491959582,603825
2021-02-19,13.85,14.78,13.68,14.66,6084919.0,87372731.0,226399672.0,0.026876889644963795,603825
2021-02-22,14.67,16.13,14.67,16.13,8135300.0,126884572.0,226399672.0,0.03593335594585137,603825
2021-02-23,16.48,16.48,15.04,15.26,11046596.0,170923193.0,226399672.0,0.04879245584772755,603825
2021-02-24,14.97,15.6,14.92,15.3,6658925.0,101652542.0,226399672.0,0.02941225550892141,603825
2021-02-25,15.3,15.33,14.82,14.86,4322600.0,64598737.0,226399672.0,0.019092783844669173,603825
2021-02-26,14.92,15.39,14.7,15.14,5173416.0,78228733.0,226399672.0,0.0228508104905735,603825
2021-03-01,15.15,15.47,15.11,15.24,4761300.0,72667744.0,226399672.0,0.021030507500028533,603825
2021-03-02,15.33,15.35,14.91,14.97,4492300.0,67780158.0,226399672.0,0.0198423432344902,603825
2021-03-03,14.91,15.28,14.9,15.22,4278560.0,64827095.0,226399672.0,0.018898260594653157,603825
2021-03-04,15.23,15.36,14.81,14.95,4397373.0,66113781.0,226399672.0,0.019423053757781063,603825
2021-03-05,14.82,15.33,14.75,15.21,4579020.0,69379971.0,226399672.0,0.020225382658681592,603825
2021-03-08,15.26,16.38,15.21,15.68,9807990.0,155244621.0,226399672.0,0.04332157336341017,603825
2021-03-09,15.6,15.69,14.8,14.97,7102178.0,108134388.0,226399672.0,0.03137008961744432,603825
2021-03-10,15.11,15.36,14.31,14.53,5916048.0,86606674.0,226399672.0,0.026130991921225043,603825
2021-03-11,14.44,14.63,14.1,14.56,3733540.0,53898832.0,226399672.0,0.016490924951516713,603825
2021-03-12,14.53,14.59,14.2,14.24,3580125.0,51147935.0,226399672.0,0.01581329587791982,603825
2021-03-15,14.04,14.42,13.9,14.05,3152250.0,44614802.0,226399672.0,0.01392338589607144,603825
2021-03-16,14.13,14.98,14.03,14.88,6129300.0,89735141.0,226399672.0,0.027072919080907504,603825
2021-03-17,15.16,15.28,14.63,15.15,5162900.0,77602615.0,226399672.0,0.02280436166002926,603825
2021-03-18,15.14,15.24,14.86,14.9,3627800.0,54239641.0,226399672.0,0.01602387480490696,603825
2021-03-19,14.8,15.03,14.57,14.74,2940480.0,43568558.0,226399672.0,0.012988004682268267,603825
2021-03-22,14.82,15.06,14.63,15.05,3317660.0,49379533.0,226399672.0,0.014653996495189269,603825
2021-03-23,15.08,15.11,14.61,14.75,3232180.0,47817331.0,226399672.0,0.014276434110734931,603825
2021-03-24,14.71,15.02,14.55,14.66,2781320.0,41094714.0,226399672.0,0.012285000130212203,603825
2021-03-25,14.57,14.84,14.42,14.54,2430300.0,35443475.0,226399672.0,0.010734556187872923,603825
2021-03-26,14.54,14.63,14.41,14.58,2288300.0,33230023.0,226399672.0,0.010107346798629638,603825
2021-03-29,14.6,14.7,14.32,14.44,2325000.0,33626134.0,226399672.0,0.010269449506976317,603825
2021-03-30,14.44,14.54,13.95,13.96,3108576.0,43786636.0,226399672.0,0.01373047925617136,603825
2021-03-31,14.04,14.36,13.75,14.16,3460060.0,48649648.0,226399672.0,0.015282972671444506,603825
2021-04-01,14.09,14.55,14.06,14.42,4016500.0,57552896.0,226399672.0,0.017740750083772207,603825
2021-04-02,14.28,15.3,14.23,14.81,5715216.0,84871627.0,226399672.0,0.025243923498263727,603825
2021-04-06,14.79,15.08,14.52,14.96,3919316.0,58311039.0,226399672.0,0.017311491511348125,603825
2021-04-07,14.98,15.18,14.81,15.13,3770300.0,56705186.0,226399672.0,0.016653292677915186,603825
2021-04-08,15.11,15.44,14.86,15.16,6318300.0,96223316.0,226399672.0,0.027907725944055255,603825
2021-04-09,15.18,15.83,15.07,15.62,7377180.0,114134758.0,226399672.0,0.032584764522097014,603825
2021-04-12,15.5,17.18,15.5,17.18,15861371.0,266945746.0,226399672.0,0.07005916068641654,603825
2021-04-13,17.33,17.33,16.06,16.22,19711065.0,325811567.0,226399672.0,0.08706313408439921,603825
2021-04-14,15.98,16.95,15.51,16.69,14110351.0,229421614.0,226399672.0,0.06232496220224206,603825
2021-04-15,16.17,16.44,15.8,15.89,9363038.0,150325655.0,226399672.0,0.041356234827053986,603825
2021-04-16,15.74,16.29,15.74,15.99,7180046.0,115561327.0,226399672.0,0.031714030045061195,603825
2021-04-19,16.12,17.59,16.11,17.59,14038221.0,241797303.0,226399672.0,0.06200636633431165,603825
2021-04-20,17.63,18.45,17.07,17.14,21197021.0,372291577.0,226399672.0,0.09362655348723296,603825
2021-04-21,17.04,17.52,16.75,17.14,11252532.0,193399157.0,226399672.0,0.049702068472961394,603825
2021-04-22,17.13,17.53,17.0,17.26,8731415.0,150757444.0,226399672.0,0.03856637654492715,603825
2021-04-23,17.35,17.36,16.28,16.48,9447978.0,157141142.0,226399672.0,0.04173141204904219,603825
2021-04-26,16.31,16.47,15.89,15.97,6064286.0,96988854.0,226399672.0,0.026785754353919736,603825
2021-04-27,15.83,16.0,14.9,14.91,7295679.0,110874684.0,226399672.0,0.03222477725144408,603825
2021-04-28,14.94,15.6,14.67,15.29,4838280.0,73838468.0,226399672.0,0.02137052566047887,603825
2021-04-29,15.28,15.69,15.01,15.03,3950942.0,60379068.0,226399672.0,0.017451182526448183,603825
2021-04-30,15.03,15.06,14.45,14.67,4187058.0,61411660.0,226399672.0,0.018494099231733868,603825
2021-05-06,14.67,14.76,14.4,14.51,2559300.0,37203377.0,226399672.0,0.011304344999227738,603825
2021-05-07,14.51,14.89,14.39,14.89,3536980.0,52109339.0,226399672.0,0.015622725813843052,603825
2021-05-10,14.92,15.13,14.86,15.09,3327515.0,49981445.0,226399672.0,0.014697525710196259,603825
2021-05-11,15.09,15.2,14.57,14.88,3184998.0,47212695.0,226399672.0,0.014068032748740024,603825
2021-05-12,14.91,15.02,14.66,15.02,2655927.0,39447187.0,226399672.0,0.011731143320737674,603825
2021-05-13,14.88,15.4,14.74,15.27,4188140.0,63516694.0,226399672.0,0.0184988783906012,603825
2021-05-14,15.25,16.29,15.16,15.75,5923967.0,92941822.0,226399672.0,0.026165969887094184,603825
2021-05-17,15.68,15.69,15.23,15.33,4642259.0,71426196.0,226399672.0,0.020504707268303817,603825
2021-05-18,15.16,15.67,15.13,15.62,3356367.0,51777833.0,226399672.0,0.014824964057368422,603825
2021-05-19,15.5,15.6,15.22,15.26,3554877.0,54625106.0,226399672.0,0.015701776281725355,603825
2021-05-20,15.2,15.34,14.78,15.29,4103295.0,61727981.0,226399672.0,0.01812412078052834,603825
2021-05-21,15.29,15.45,14.85,14.88,3340139.0,50495757.0,226399672.0,0.014753285508293492,603825
2021-05-24,14.9,15.16,14.64,15.03,2429007.0,36329609.0,226399672.0,0.010728845048856784,603825
2021-05-25,15.0,15.9,14.84,15.62,6769939.0,103826248.0,226399672.0,0.02990260074228376,603825
2021-05-26,15.71,16.66,15.71,16.19,9234213.0,149500715.0,226399672.0,0.0407872189850169,603825
2021-05-27,16.07,16.34,15.85,15.9,6073749.0,97205883.0,226399672.0,0.026827552117655012,603825
2021-05-28,15.9,16.1,15.75,15.94,3888100.0,61735357.0,226399672.0,0.01717361145293532,603825
2021-05-31,15.94,16.19,15.65,15.99,4128735.0,65681101.0,226399672.0,0.018236488434488544,603825
2021-06-01,15.8,17.18,15.7,16.88,10612192.0,175770534.0,226399672.0,0.04687370748487657,603825
2021-06-02,16.79,17.89,16.6,17.13,11031688.0,189892766.0,226399672.0,0.04872660769579207,603825
2021-06-03,17.11,18.0,16.81,17.98,12946783.0,228450332.0,226399672.0,0.057185520127431985,603825
2021-06-04,18.04,18.08,17.28,17.51,8721501.0,153363444.0,226399672.0,0.0385225867288359,603825
2021-06-07,17.55,17.55,16.88,17.19,6066020.0,103485506.0,226399672.0,0.02679341337561655,603825
2021-06-08,17.15,17.38,16.94,17.25,4126000.0,70860312.0,226399672.0,0.018224408028294316,603825
2021-06-09,17.21,17.48,16.33,16.68,6645778.0,111571272.0,226399672.0,0.029354185636806047,603825
2021-06-10,17.18,17.55,16.68,16.7,5886666.0,100284314.0,226399672.0,0.026001212581262045,603825
2021-06-11,16.6,17.78,16.32,17.53,11066269.0,190670526.0,226399672.0,0.04887935084994293,603825
2021-06-15,17.3,17.52,16.55,16.85,7733980.0,130762876.0,226399672.0,0.03416073853675901,603825
2021-06-16,16.98,18.54,16.59,18.54,11523440.0,205710001.0,226399672.0,0.050898660312546744,603825
2021-06-17,18.77,18.77,17.78,18.19,13675342.0,248451465.0,226399672.0,0.0604035415740355,603825
2021-06-18,18.0,19.5,17.9,18.9,12239520.0,230198805.0,226399672.0,0.05406156242134485,603825
2021-06-21,18.6,19.37,18.5,18.9,9425620.0,178312044.0,226399672.0,0.04163265748900908,603825
2021-06-22,19.0,20.77,19.0,19.92,11044947.0,219668633.0,226399672.0,0.048785172268270775,603825
2021-06-23,19.69,20.36,19.59,19.77,7805587.0,155807211.0,226399672.0,0.03447702433067129,603825
2021-06-24,19.92,20.7,19.55,20.28,8180421.0,165364170.0,226399672.0,0.03613265393776719,603825
2021-06-25,19.87,19.89,18.84,19.19,9560620.0,184360914.0,226399672.0,0.042228948105543195,603825
2021-06-28,19.0,19.98,18.42,19.46,7049755.0,136015989.0,226399672.0,0.031138538928625302,603825
2021-06-29,19.58,19.58,18.51,18.85,5479320.0,103594569.0,226399672.0,0.024201978525834614,603825
2021-06-30,18.85,19.67,18.37,18.46,6318120.0,119718358.0,226399672.0,0.027906930889899876,603825
2021-07-01,18.6,19.07,18.35,18.8,4698980.0,87857385.0,226399672.0,0.02075524208356627,603825
2021-07-02,18.58,18.88,17.61,17.83,5269400.0,95409937.0,226399672.0,0.023274768701961723,603825
2021-07-05,18.0,18.4,17.62,18.25,4267446.0,77008005.0,226399672.0,0.018849170417526047,603825
2021-07-06,18.19,19.38,18.08,18.75,6665446.0,125005364.0,226399672.0,0.02944105855418377,603825
2021-07-07,18.75,19.22,18.5,18.83,4866000.0,91868074.0,226399672.0,0.02149296400040721,603825
2021-07-08,18.9,19.28,18.3,18.83,5745783.0,108258807.0,226399672.0,0.025378936944749637,603825
2021-07-09,18.84,19.23,18.32,18.43,4746800.0,88334402.0,226399672.0,0.02096646147084524,603825
2021-07-12,18.61,19.17,18.5,18.89,6741840.0,127403254.0,226399672.0,0.0297784883716616,603825
2021-07-13,18.5,19.18,18.4,19.14,5442679.0,103366581.0,226399672.0,0.024040136418572198,603825
2021-07-14,19.05,19.15,18.52,18.7,5405800.0,101527179.0,226399672.0,0.02387724307303767,603825
2021-07-15,19.13,19.13,17.79,18.28,5908420.0,108369590.0,226399672.0,0.026097299292907102,603825
2021-07-16,17.86,17.99,17.21,17.21,4687087.0,82091116.0,226399672.0,0.02070271108873338,603825
2021-07-19,17.27,17.27,16.5,16.73,3867300.0,65432852.0,226399672.0,0.01708173852831377,603825
2021-07-20,16.72,16.93,16.61,16.81,2624600.0,44056323.0,226399672.0,0.01159277297892905,603825
2021-07-21,16.8,17.55,16.76,17.31,4626145.0,79794778.0,226399672.0,0.020433532253527294,603825
2021-07-22,17.35,17.44,16.89,16.93,3481807.0,59559216.0,226399672.0,0.015379028464316857,603825
2021-07-23,16.93,17.18,16.69,16.72,3356318.0,56677249.0,226399672.0,0.014824747625959459,603825
2021-07-26,16.68,16.88,16.0,16.21,3671440.0,59664423.0,226399672.0,0.016216631267911025,603825
2021-07-27,16.15,16.34,15.73,15.73,2489944.0,39889527.0,226399672.0,0.010998001799225221,603825
2021-07-28,15.53,15.78,14.73,14.97,3575220.0,53899121.0,226399672.0,0.01579163065218575,603825
2021-07-29,15.06,15.51,15.0,15.39,2157700.0,32994964.0,226399672.0,0.009530490839227012,603825
2021-07-30,15.25,15.7,15.19,15.57,2068548.0,32026252.0,226399672.0,0.009136709350002945,603825
2021-08-02,15.6,16.65,15.21,16.53,4071988.0,65998031.0,226399672.0,0.017985838778070314,603825
2021-08-03,16.55,16.95,16.5,16.69,3658200.0,61273399.0,226399672.0,0.016158150617815382,603825
2021-08-04,16.64,16.98,16.64,16.92,2845200.0,47910465.0,226399672.0,0.012567156016021083,603825
2021-08-05,16.89,18.53,16.75,17.71,7720091.0,136135741.0,226399672.0,0.034099391274736476,603825
2021-08-06,17.26,17.44,16.8,16.84,4878033.0,82774763.0,226399672.0,0.021546113370694283,603825
2021-08-09,16.77,17.02,16.51,16.85,2828390.0,47412944.0,226399672.0,0.012492906791843762,603825
2021-08-10,16.73,17.14,16.73,17.06,2562920.0,43624148.0,226399672.0,0.011320334421685911,603825
2021-08-11,16.98,17.28,16.85,17.18,2295719.0,39325023.0,226399672.0,0.010140116280733835,603825
2021-08-12,17.32,17.48,16.89,17.27,4057500.0,69536060.0,226399672.0,0.01792184575249738,603825
2021-08-13,17.28,17.59,17.2,17.35,2632260.0,45728342.0,226399672.0,0.01162660695020795,603825
2021-08-16,17.78,19.09,17.78,19.09,13343507.0,252444044.0,226399672.0,0.05893783715375701,603825
2021-08-17,18.72,19.06,17.65,17.72,12551079.0,230498768.0,226399672.0,0.055437708407987445,603825
2021-08-18,17.7,18.2,17.3,17.7,7348346.0,129979360.0,226399672.0,0.03245740568034038,603825
2021-08-19,17.51,18.07,17.3,17.59,4865768.0,85977346.0,226399672.0,0.021491939263940277,603825
2021-08-20,17.31,17.77,17.03,17.28,3740380.0,65187635.0,226399672.0,0.016521137009421108,603825
2021-08-23,17.31,18.1,17.31,18.02,5507900.0,98411221.0,226399672.0,0.02432821545783865,603825
2021-08-24,18.05,18.21,17.82,18.03,3769880.0,67951572.0,226399672.0,0.016651437551552635,603825
2021-08-25,18.09,18.56,17.95,18.22,3391884.0,61948309.0,226399672.0,0.014981841493127252,603825
2021-08-26,18.05,18.22,17.48,17.53,3940516.0,70179925.0,226399672.0,0.01740513122298163,603825
2021-08-27,17.5,17.96,17.2,17.75,4359800.0,77114525.0,226399672.0,0.019257095036780796,603825
2021-08-30,17.69,18.34,17.57,17.65,3398000.0,60893725.0,226399672.0,0.015008855666540012,603825
2021-08-31,17.65,17.67,17.16,17.4,3236596.0,56352285.0,226399672.0,0.014295939439346891,603825
2021-09-01,17.19,17.6,16.73,17.03,3841014.0,65550319.0,226399672.0,0.016965634119823284,603825
2021-09-02,17.0,17.15,16.72,16.82,3276200.0,55503694.0,226399672.0,0.01447086902140035,603825
2021-09-03,16.93,17.39,16.9,17.04,4383600.0,75005145.0,226399672.0,0.019362218863991993,603825
2021-09-06,16.96,17.0,16.5,16.94,3664200.0,61336821.0,226399672.0,0.016184652422994675,603825
2021-09-07,16.92,17.15,16.83,17.04,3151135.0,53581340.0,226399672.0,0.01391846097727562,603825
2021-09-08,17.03,17.46,16.95,17.43,4851500.0,83931505.0,226399672.0,0.021428917971223916,603825
2021-09-09,17.37,17.37,17.09,17.26,3453200.0,59513858.0,226399672.0,0.015252672274189513,603825
2021-09-10,17.4,17.4,16.68,16.76,4364316.0,73822086.0,226399672.0,0.019277042062145745,603825
2021-09-13,16.73,16.88,16.18,16.83,4061309.0,67279387.0,226399672.0,0.0179386699818187,603825
2021-09-14,16.82,16.88,16.41,16.41,2611585.0,43488911.0,226399672.0,0.011535286146527633,603825
2021-09-15,16.55,17.13,16.34,16.9,4220688.0,70903785.0,226399672.0,0.01864264184976381,603825
2021-09-16,16.85,16.86,16.2,16.23,3470900.0,57276366.0,226399672.0,0.01533085259946843,603825
2021-09-17,16.31,16.4,15.96,16.18,2615031.0,42274760.0,226399672.0,0.011550507016635608,603825
2021-09-22,16.0,16.31,15.75,15.97,2297622.0,36680776.0,226399672.0,0.0101485217699432,603825
2021-09-23,15.97,16.4,15.95,15.99,2351158.0,37942920.0,226399672.0,0.010384988543622978,603825
2021-09-24,16.0,16.16,15.66,15.72,2320386.0,36872504.0,226399672.0,0.010249069618793441,603825
2021-09-27,15.7,15.83,15.04,15.14,2751510.0,42066942.0,226399672.0,0.012153330328146411,603825
2021-09-28,15.55,15.99,15.32,15.4,2140702.0,33417191.0,226399672.0,0.009455411225154071,603825
2021-09-29,15.27,15.51,15.14,15.2,1729700.0,26486423.0,226399672.0,0.007640028736437392,603825
2021-09-30,15.48,15.85,15.36,15.7,1963344.0,30682155.0,226399672.0,0.00867202669798921,603825
2021-10-08,15.73,16.55,15.71,16.5,3129502.0,50824488.0,226399672.0,0.013822908718701678,603825
2021-10-11,16.78,16.84,16.33,16.67,2441883.0,40635778.0,226399672.0,0.010785717922771549,603825
2021-10-12,16.57,17.53,16.52,17.06,5903619.0,101503254.0,226399672.0,0.02607609343179614,603825
2021-10-13,17.14,17.47,17.01,17.13,3268441.0,56259427.0,226399672.0,0.014436597770335992,603825
2021-10-14,17.05,17.55,17.0,17.43,3596355.0,62608681.0,226399672.0,0.015884983260929814,603825
2021-10-15,17.43,17.55,17.01,17.22,3300282.0,56815941.0,226399672.0,0.014577238433454974,603825
2021-10-18,17.3,17.38,17.05,17.3,2653568.0,45731521.0,226399672.0,0.01172072369433468,603825
2021-10-19,17.47,17.47,16.94,16.98,2884573.0,49352339.0,226399672.0,0.012741065278575138,603825
2021-10-20,17.09,17.73,16.93,17.18,4401785.0,76366938.0,226399672.0,0.019442541418522905,603825
2021-10-21,17.0,17.29,16.6,16.78,4110897.0,69271916.0,226399672.0,0.018157698567690506,603825
2021-10-22,17.2,17.28,16.67,16.75,3081925.0,52362517.0,226399672.0,0.013612762654532467,603825
2021-10-25,16.65,17.08,16.46,16.96,2603997.0,43791122.0,226399672.0,0.011501770196910887,603825
2021-10-26,16.82,17.0,16.47,16.75,3094269.0,51521966.0,226399672.0,0.013667285701721335,603825
2021-10-27,16.64,16.64,15.45,15.75,4146434.0,65625113.0,226399672.0,0.018314664342799932,603825
2021-10-28,15.72,16.24,15.61,15.66,3078687.0,48536610.0,226399672.0,0.013598460513670708,603825
2021-10-29,15.58,16.36,15.58,16.18,3381516.0,54393974.0,226399672.0,0.014936046373777432,603825
2021-11-01,16.33,16.4,15.94,16.29,2063700.0,33520381.0,226399672.0,0.009115295891418075,603825
2021-11-02,16.26,16.53,15.69,16.0,2825000.0,45433263.0,226399672.0,0.01247793327191746,603825
2021-11-03,15.99,16.21,15.84,16.19,1594620.0,25628241.0,226399672.0,0.007043384762500893,603825
2021-11-04,16.38,16.88,16.13,16.72,3977605.0,65662576.0,226399672.0,0.017568952131697433,603825
2021-11-05,16.84,17.23,16.72,17.06,4843380.0,82539167.0,226399672.0,0.02139305219488127,603825
2021-11-08,17.06,17.3,16.9,17.09,2928832.0,50096279.0,226399672.0,0.012936555844480198,603825
2021-11-09,17.09,17.54,17.03,17.3,3278043.0,56820544.0,226399672.0,0.014479009492557923,603825
2021-11-10,17.35,17.61,17.22,17.54,3633948.0,63369469.0,226399672.0,0.016051030321280677,603825
2021-11-11,17.54,17.91,17.39,17.77,3819928.0,67594536.0,226399672.0,0.016872497942488185,603825
2021-11-12,17.67,18.5,17.67,18.24,6512101.0,118596935.0,226399672.0,0.02876373866831397,603825
2021-11-15,18.2,18.99,18.11,18.69,7540095.0,140741280.0,226399672.0,0.033304354787227784,603825
2021-11-16,18.58,19.6,18.51,18.53,7743900.0,146669976.0,226399672.0,0.03420455485465544,603825
2021-11-17,18.8,19.21,18.4,19.13,6056411.0,115078174.0,226399672.0,0.02675097073462191,603825
2021-11-18,19.1,19.34,18.73,18.79,3934795.0,74454540.0,226399672.0,0.017379861751743175,603825
2021-11-19,18.6,18.94,18.46,18.71,4654737.0,87187063.0,226399672.0,0.020559822189141687,603825
2021-11-22,18.88,18.98,18.3,18.53,3466180.0,64256866.0,226399672.0,0.015310004512727385,603825
2021-11-23,18.69,18.69,18.13,18.25,3962255.0,72410734.0,226399672.0,0.017501151680113743,603825
2021-11-24,18.38,18.42,17.91,18.25,4714400.0,85746559.0,226399672.0,0.020823351722877054,603825
2021-11-25,18.24,18.97,17.84,18.31,8456377.0,155049477.0,226399672.0,0.03735154262944339,603825
2021-11-26,17.88,17.99,16.82,16.86,14286973.0,245091227.0,226399672.0,0.06310509584130493,603825
2021-11-29,16.36,16.62,16.13,16.47,5945990.0,97672186.0,226399672.0,0.02626324476300478,603825
2021-11-30,16.49,17.02,16.48,16.9,5749300.0,96482328.0,226399672.0,0.02539447141955223,603825
2021-12-01,16.8,17.03,16.61,16.95,3407800.0,57613529.0,226399672.0,0.015052141948332858,603825
2021-12-02,17.01,17.06,16.63,16.67,3342538.0,56134698.0,226399672.0,0.01476388181339768,603825
2021-12-03,16.63,16.94,16.62,16.67,2710100.0,45358902.0,226399672.0,0.011970423702733986,603825
2021-12-06,16.7,16.78,16.44,16.46,3362880.0,55710122.0,226399672.0,0.014853731766890546,603825
2021-12-07,16.46,16.68,16.33,16.6,2766697.0,45690018.0,226399672.0,0.012220410814022734,603825
2021-12-08,16.76,16.79,16.55,16.75,2036757.0,34001535.0,226399672.0,0.008996289535260457,603825
2021-12-09,16.65,16.99,16.65,16.95,3047600.0,51458704.0,226399672.0,0.013461150244069258,603825
2021-12-10,16.91,17.16,16.8,17.14,3829834.0,65228840.0,226399672.0,0.0169162524228392,603825
2021-12-13,17.14,18.85,17.11,18.84,15517461.0,283816708.0,226399672.0,0.06854012138321472,603825
2021-12-14,18.4,19.05,18.31,19.0,12229237.0,228088251.0,226399672.0,0.05401614274423507,603825
2021-12-15,19.1,20.66,18.95,19.81,16836577.0,337001986.0,226399672.0,0.07436661392336293,603825
2021-12-16,19.98,20.15,19.47,19.97,9637264.0,191112008.0,226399672.0,0.04256748216490349,603825
2021-12-17,20.2,21.97,19.82,21.97,14985192.0,317320997.0,226399672.0,0.0661891064930518,603825
2021-12-20,23.9,24.17,23.17,24.17,5680076.0,136833737.0,226399672.0,0.025088711259263662,603825
2021-12-21,26.59,26.59,21.75,22.76,35523854.0,828925807.0,226399672.0,0.156907709654279,603825
2021-12-22,22.37,25.04,22.3,25.04,24556504.0,577696170.0,226399672.0,0.1084652808154245,603825
2021-12-23,25.72,27.54,25.72,27.54,27650838.0,750270812.0,226399672.0,0.12213285362003529,603825
2021-12-24,28.2,29.47,26.2,26.86,27244417.0,748576993.0,226399672.0,0.12033770525957299,603825
2021-12-27,26.5,28.69,25.62,26.33,23546210.0,631424711.0,226399672.0,0.10400284502178961,603825
2021-12-28,25.91,27.75,25.23,27.0,20762240.0,558813321.0,226399672.0,0.09170613992762322,603825
2021-12-29,26.48,27.39,25.19,27.12,16829046.0,442898181.0,226399672.0,0.07433334974089538,603825
2021-12-30,27.12,29.83,26.5,29.83,18899542.0,552029546.0,226399672.0,0.08347866334364654,603825
2021-12-31,29.8,30.5,28.21,29.16,20360241.0,597917290.0,226399672.0,0.08993052339757807,603825
2022-01-04,29.6,31.65,29.09,30.07,18534041.0,565782088.0,226399672.0,0.08186425729450704,603825
2022-01-05,30.33,31.32,28.5,30.04,14346097.0,430657666.0,226399672.0,0.06336624462954168,603825
2022-01-06,28.75,29.33,27.18,28.01,15759082.0,443278489.0,226399672.0,0.06960735349475242,603825
2022-01-07,28.29,29.13,26.18,26.33,15581281.0,428714397.0,226399672.0,0.06882201225097181,603825
2022-01-10,26.29,26.5,24.88,25.46,16627507.0,424121996.0,226399672.0,0.07344315852189044,603825
2022-01-11,25.75,25.88,23.51,23.61,16254103.0,393524294.0,226399672.0,0.07179384517836228,603825
2022-01-12,23.88,24.66,23.4,24.26,17150100.0,413662394.0,226399672.0,0.07575143483423422,603825
2022-01-13,24.15,25.71,24.0,24.8,21154594.0,526316430.0,226399672.0,0.09343915480584265,603825
2022-01-14,24.21,27.28,24.21,26.53,29572517.0,770658632.0,226399672.0,0.13062084736589194,603825
2022-01-17,28.0,28.55,26.77,27.73,28770395.0,790248155.0,226399672.0,0.1270779005368877,603825
2022-01-18,28.03,28.85,27.23,28.7,22722972.0,639654308.0,226399672.0,0.10036662950642437,603825
2022-01-19,27.29,27.75,25.83,25.83,18954940.0,501286720.0,226399672.0,0.08372335451086696,603825
2022-01-20,25.99,26.16,24.5,25.12,14934272.0,376094137.0,226399672.0,0.06596419450643021,603825
2022-01-21,24.55,25.17,23.02,23.27,15783700.0,379317338.0,226399672.0,0.06971609040140306,603825
2022-01-24,23.27,24.35,23.14,23.77,11415815.0,270961644.0,226399672.0,0.05042328418214316,603825
2022-01-25,23.72,24.05,21.95,22.06,10236720.0,232273275.0,226399672.0,0.04521525985249661,603825
2022-01-26,22.1,22.47,21.26,21.88,7890075.0,172229330.0,226399672.0,0.034850205083335986,603825
2022-01-27,21.8,21.92,20.76,21.03,7250115.0,153791985.0,226399672.0,0.03202352254291252,603825
2022-01-28,21.51,21.73,20.57,20.66,6135080.0,129326786.0,226399672.0,0.02709844915323022,603825
2022-02-07,21.24,21.27,19.9,20.11,7692028.0,156547074.0,226399672.0,0.03397543791494539,603825
2022-02-08,20.02,22.12,20.02,22.12,5442540.0,118363719.0,226399672.0,0.024039522460085543,603825
2022-02-09,24.33,24.33,24.33,24.33,1653940.0,40240360.0,226399672.0,0.00730539927637351,603825
2022-02-10,26.76,26.76,26.76,26.76,2951100.0,78971436.0,226399672.0,0.013034912877435618,603825
2022-02-11,29.44,29.44,25.75,26.32,47273839.0,1286284933.0,226399672.0,0.20880701187588294,603825
2022-02-14,25.9,26.29,23.69,23.8,31807009.0,787930892.0,226399672.0,0.14049052597567369,603825
2022-02-15,23.69,23.85,22.2,22.43,20952885.0,476163071.0,226399672.0,0.09254821270235762,603825
2022-02-16,22.79,23.1,21.85,22.04,16845683.0,377680291.0,226399672.0,0.07440683482969003,603825
2022-02-17,21.66,22.45,21.35,21.77,14735300.0,323657638.0,226399672.0,0.06508534164307446,603825
2022-02-18,22.22,23.39,22.21,23.12,24905147.0,568655936.0,226399672.0,0.11000522562594525,603825
2022-02-21,23.6,25.33,23.02,24.14,34733073.0,833791932.0,226399672.0,0.15341485565403115,603825
2022-02-22,23.65,23.68,21.73,22.16,34161150.0,769239796.0,226399672.0,0.1508886903334383,603825
2022-02-23,22.06,22.15,21.28,21.44,19773115.0,427074612.0,226399672.0,0.0873372069196284,603825
2022-02-24,21.0,21.13,19.31,19.84,23003101.0,468039563.0,226399672.0,0.10160395020360277,603825
2022-02-25,19.9,20.29,19.71,19.89,12674100.0,253276585.0,226399672.0,0.05598108817048109,603825
2022-02-28,20.18,21.88,19.57,21.58,30560027.0,646722239.0,226399672.0,0.134982646971326,603825
2022-03-01,21.03,21.08,20.35,20.52,24590099.0,509032496.0,226399672.0,0.1086136688395909,603825
2022-03-02,20.1,20.71,20.01,20.24,11430900.0,232619293.0,226399672.0,0.050489914137331435,603825
2022-03-03,20.28,20.42,19.88,20.04,11033900.0,221477316.0,226399672.0,0.048736378027968166,603825
2022-03-04,19.87,20.63,19.7,20.5,15068080.0,304924775.0,226399672.0,0.06655522009766869,603825
2022-03-07,20.1,20.28,19.29,19.35,10949530.0,216240917.0,226399672.0,0.048363718477472,603825
2022-03-08,19.3,19.55,18.56,18.62,10578700.0,201279832.0,226399672.0,0.04672577440836575,603825
2022-03-09,18.62,18.78,17.18,18.29,12694319.0,228913260.0,226399672.0,0.05607039483696778,603825
2022-03-10,18.7,19.08,18.32,18.47,10119871.0,189061455.0,226399672.0,0.04469914161359739,603825
2022-03-11,18.11,18.74,17.89,18.55,10014654.0,182661117.0,226399672.0,0.04423440154100577,603825
2022-03-14,18.38,18.5,17.88,17.88,6677900.0,121332399.0,226399672.0,0.029496067467800924,603825
2022-03-15,17.87,18.1,17.15,17.17,8223100.0,145372437.0,226399672.0,0.03632116569497504,603825
2022-03-16,17.44,17.76,16.7,17.65,8406448.0,145577299.0,226399672.0,0.037131007857643894,603825
2022-03-17,17.76,18.39,17.7,17.98,9295496.0,167995042.0,226399672.0,0.04105790400615068,603825
2022-03-18,17.89,18.09,17.66,17.81,6421960.0,114565745.0,226399672.0,0.02836558879820285,603825
2022-03-21,17.81,18.03,17.47,17.91,7085415.0,126193304.0,226399672.0,0.031296047990740906,603825
2022-03-22,17.87,18.71,17.55,18.69,12584600.0,230006990.0,226399672.0,0.05558576957655663,603825
2022-03-23,18.4,20.56,18.15,19.32,25859036.0,501093138.0,226399672.0,0.11421852236605713,603825
2022-03-24,18.48,18.8,17.91,18.12,19315388.0,351007690.0,253336552.0,0.07624398393169889,603825
2022-03-25,18.28,19.25,18.28,18.84,20270277.0,381022316.0,253336552.0,0.08001323472658615,603825
2022-03-28,19.08,19.83,18.8,19.4,21493426.0,415991940.0,253336552.0,0.0848413931204053,603825
2022-03-29,19.24,19.64,18.81,19.26,15300492.0,293740753.0,253336552.0,0.06039591160141786,603825
2022-03-30,19.27,19.35,18.74,19.07,12130775.0,230665910.0,253336552.0,0.04788402977869534,603825
2022-03-31,19.0,19.54,18.78,19.4,15353380.0,295138586.0,253336552.0,0.06060467737004647,603825
2022-04-01,19.26,20.21,18.93,19.99,21221982.0,419811584.0,253336552.0,0.08376991726010387,603825
2022-04-06,20.28,20.85,19.6,19.85,21282700.0,429890985.0,253336552.0,0.08400959053078136,603825
2022-04-07,19.62,20.27,19.32,19.8,13809485.0,273119467.0,253336552.0,0.05451043243061112,603825
2022-04-08,19.75,19.8,18.45,18.61,14668436.0,277629321.0,253336552.0,0.0579009854053749,603825
2022-04-11,18.2,18.3,17.43,17.61,11390627.0,203592287.0,253336552.0,0.04496243005628339,603825
2022-04-12,17.94,18.45,17.6,18.43,10372944.0,187594091.0,253336552.0,0.04094531135799148,603825
2022-04-13,18.46,18.67,17.55,17.6,9936856.0,178721390.0,253336552.0,0.03922393322855361,603825
2022-04-14,17.46,17.83,17.35,17.5,7067774.0,124334605.0,253336552.0,0.02789875343373269,603825
2022-04-15,17.3,17.3,16.35,16.55,10706501.0,178324849.0,253336552.0,0.04226196699795614,603825
2022-04-18,16.42,16.76,15.9,16.65,8144300.0,132963408.0,253336552.0,0.03214814418094709,603825
2022-04-19,16.5,17.25,16.42,17.25,8670300.0,146610573.0,253336552.0,0.034224433590617435,603825
2022-04-20,17.44,17.56,16.7,16.87,6583390.0,112570761.0,253336552.0,0.025986735621159003,603825
2022-04-21,16.9,17.05,15.82,15.88,7213139.0,118227215.0,253336552.0,0.02847255535395461,603825
2022-04-22,15.81,15.83,15.35,15.35,6024952.0,93699307.0,253336552.0,0.023782403101467963,603825
2022-04-25,15.0,15.0,13.9,13.91,8160860.0,118571949.0,253336552.0,0.032213511771487284,603825
2022-04-26,14.05,14.22,13.5,13.54,6167500.0,86054981.0,253336552.0,0.024345085426125165,603825
2022-04-27,13.17,13.88,12.88,13.79,9471726.0,126350589.0,253336552.0,0.037387917081937706,603825
2022-04-28,13.71,13.84,12.95,13.16,8477100.0,112694441.0,253336552.0,0.033461811700981864,603825
2022-04-29,13.34,14.48,13.34,14.48,8474384.0,118059469.0,253336552.0,0.03345109078456235,603825
2022-05-05,14.6,14.88,14.19,14.67,11382285.0,166789229.0,253336552.0,0.0449295015272806,603825
2022-05-06,14.2,14.88,14.05,14.57,7777028.0,112533276.0,253336552.0,0.030698404705531795,603825
2022-05-09,15.01,15.33,14.81,14.96,10193654.0,153561977.0,253336552.0,0.040237596665482364,603825
2022-05-10,14.88,14.98,14.5,14.97,8288479.0,122927763.0,253336552.0,0.03271726458170158,603825
2022-05-11,14.87,15.31,14.74,14.77,11691800.0,176049579.0,253336552.0,0.0461512557414139,603825
2022-05-12,14.58,15.26,14.53,14.97,8071219.0,120546036.0,253336552.0,0.0318596702145058,603825
2022-05-13,14.94,15.1,14.77,14.96,4860677.0,72420028.0,253336552.0,0.019186639123437665,603825
2022-05-16,15.0,15.3,14.87,15.09,7447300.0,112242731.0,253336552.0,0.02939686334722042,603825
2022-05-17,15.26,15.5,14.71,15.42,10114500.0,153172225.0,253336552.0,0.039925150635191406,603825
2022-05-18,15.85,15.88,15.05,15.09,12622485.0,194333789.0,253336552.0,0.04982496564491017,603825
2022-05-19,14.65,15.37,14.55,15.28,9599900.0,143744933.0,253336552.0,0.03789386065379148,603825
2022-05-20,15.36,15.41,15.07,15.22,7194000.0,109444601.0,253336552.0,0.0283970076295978,603825
2022-05-23,15.55,15.88,15.38,15.5,8876600.0,138423784.0,253336552.0,0.035038765349581294,603825
2022-05-24,15.47,15.64,14.52,14.54,8459120.0,128086857.0,253336552.0,0.03339083891849921,603825
2022-05-25,14.61,15.76,14.6,15.7,12288893.0,187891939.0,253336552.0,0.04850817184880609,603825
2022-05-26,15.66,16.1,15.32,15.91,13083682.0,206141265.0,253336552.0,0.051645456988772785,603825
2022-05-27,16.09,16.14,15.57,16.05,11031209.0,174626698.0,253336552.0,0.043543692818555454,603825
2022-05-30,16.5,16.85,15.91,16.21,17306460.0,282170391.0,253336552.0,0.06831410573551976,603825
2022-05-31,15.8,16.26,15.58,16.09,13055460.0,207785677.0,253336552.0,0.0515340557725756,603825
2022-06-01,16.09,16.7,15.98,16.24,12913948.0,211163283.0,253336552.0,0.05097546286964544,603825
2022-06-02,16.14,16.14,15.79,16.01,8093461.0,129137763.0,253336552.0,0.031947466467452355,603825
2022-06-06,16.05,16.45,15.89,16.35,7917144.0,128528614.0,253336552.0,0.031251487152157975,603825
2022-06-07,16.36,17.13,16.18,16.7,13107559.0,218034454.0,253336552.0,0.0517397071070897,603825
2022-06-08,16.7,17.34,16.55,17.3,15130547.0,257182897.0,253336552.0,0.059725084598135685,603825
2022-06-09,17.27,17.28,16.68,16.81,10788548.0,182059426.0,253336552.0,0.04258583262000029,603825
2022-06-10,16.6,18.33,16.46,17.93,16765355.0,298006369.0,253336552.0,0.06617819208339111,603825
2022-06-13,18.07,19.72,17.99,19.72,26748280.0,518841946.0,253336552.0,0.10558397431729473,603825
2022-06-14,19.13,19.5,18.85,19.35,15443684.0,296668257.0,253336552.0,0.06096113599904052,603825
2022-06-15,19.32,20.15,18.92,19.95,16446573.0,322377827.0,253336552.0,0.06491985807085587,603825
2022-06-16,19.98,21.95,19.55,20.99,21976090.0,453801809.0,253336552.0,0.08674662154555574,603825
2022-06-17,20.61,21.19,20.02,20.7,14063792.0,287921048.0,253336552.0,0.055514263097730956,603825
2022-06-20,20.62,20.86,20.08,20.08,9853500.0,201355449.0,253336552.0,0.0388949005668949,603825
2022-06-21,20.07,20.79,19.68,20.11,11378005.0,230674464.0,253336552.0,0.04491260700508784,603825
2022-06-22,20.11,20.31,19.0,19.21,9812495.0,192932660.0,253336552.0,0.03873304078126081,603825
2022-06-23,19.3,19.46,17.29,17.9,24975455.0,445279572.0,253336552.0,0.09858606980646045,603825
2022-06-24,17.7,18.36,17.5,17.58,14494038.0,258510163.0,253336552.0,0.05721258099383937,603825
2022-06-27,17.63,17.89,17.44,17.54,8103780.0,142892697.0,253336552.0,0.031988198844673625,603825
2022-06-28,17.54,17.69,17.07,17.62,7164463.0,124721919.0,253336552.0,0.028280415689876444,603825
2022-06-29,17.62,17.81,17.08,17.1,7984545.0,138858152.0,253336552.0,0.03151754035082944,603825
2022-06-30,17.1,17.38,16.94,17.23,6269100.0,107829278.0,253336552.0,0.024746132962289627,603825
2022-07-01,17.22,17.32,16.97,17.12,4538764.0,77646290.0,253336552.0,0.017915946057401145,603825
2022-07-04,17.24,17.27,16.7,17.1,6619274.0,112416578.0,253336552.0,0.02612838118993583,603825
2022-07-05,17.11,17.25,16.8,16.99,4699670.0,79973979.0,253336552.0,0.018551093250846803,603825
2022-07-06,17.0,17.08,16.52,16.66,4448835.0,74734359.0,253336552.0,0.017560967672758096,603825
2022-07-07,16.64,17.27,16.58,17.07,4704455.0,79969363.0,253336552.0,0.01856998116876557,603825
2022-07-08,17.01,17.52,16.99,17.36,6575590.0,113993215.0,253336552.0,0.025955946538658188,603825
2022-07-11,17.48,17.55,17.02,17.2,5231987.0,90521914.0,253336552.0,0.020652317870024535,603825
2022-07-12,17.16,17.3,16.78,16.88,3758000.0,63719875.0,253336552.0,0.014834022056161876,603825
2022-07-13,16.88,17.14,16.85,16.96,3081100.0,52310280.0,253336552.0,0.012162082319648843,603825
2022-07-14,16.96,17.11,16.77,16.87,3685600.0,62335479.0,253336552.0,0.014548236213462004,603825
2022-07-15,16.9,16.9,16.0,16.08,7394846.0,120115334.0,253336552.0,0.02918981071472071,603825
2022-07-18,16.02,16.64,15.93,16.5,5544567.0,90818687.0,253336552.0,0.02188617061465335,603825
2022-07-19,16.5,16.86,16.45,16.82,4368315.0,72962120.0,253336552.0,0.01724312960571122,603825
2022-07-20,16.94,17.09,16.77,16.99,3568788.0,60457830.0,253336552.0,0.014087142071784414,603825
2022-07-21,16.96,17.65,16.86,17.42,9683695.0,167920423.0,253336552.0,0.03822462618817043,603825
2022-07-22,17.21,17.21,16.43,16.68,5425316.0,91087333.0,253336552.0,0.02141544896371685,603825
2022-07-25,16.81,17.05,16.52,16.89,3335972.0,56013957.0,253336552.0,0.013168143221590859,603825
2022-07-26,16.87,17.77,16.8,17.33,7892751.0,136892762.0,253336552.0,0.031155200217614077,603825
2022-07-27,17.3,17.3,16.9,17.09,4202487.0,71625077.0,253336552.0,0.016588553711743895,603825
2022-07-28,17.09,17.2,16.95,17.03,4207610.0,71897778.0,253336552.0,0.0166087758232377,603825
2022-07-29,17.09,17.11,16.71,16.72,3430600.0,57968816.0,253336552.0,0.013541670054781515,603825
2022-08-01,16.68,16.97,16.44,16.82,3341309.0,55890131.0,253336552.0,0.0131892100591943,603825
2022-08-02,16.66,16.66,15.5,15.83,5364298.0,85166441.0,253336552.0,0.021174591497558553,603825
2022-08-03,15.7,16.1,15.5,15.54,4201900.0,66501882.0,253336552.0,0.016586236635919793,603825
2022-08-04,15.61,16.2,15.6,16.04,4162982.0,66154428.0,253336552.0,0.016432614903513804,603825
2022-08-05,16.17,16.65,16.04,16.62,5503066.0,90434996.0,253336552.0,0.021722352959157667,603825
2022-08-08,16.57,16.59,16.27,16.35,3890800.0,63682964.0,253336552.0,0.015358225922329598,603825
2022-08-09,16.37,16.4,16.04,16.22,2837353.0,45800592.0,253336552.0,0.011199935333453185,603825
2022-08-10,16.25,16.29,16.0,16.14,2627124.0,42425476.0,253336552.0,0.010370094561009104,603825
2022-08-11,16.24,17.28,16.21,17.27,9958649.0,168387304.0,253336552.0,0.039309957135597234,603825
2022-08-12,17.22,17.55,17.0,17.13,7137840.0,123041824.0,253336552.0,0.028175326235591932,603825
2022-08-15,17.19,17.19,16.8,17.04,3780700.0,64089639.0,253336552.0,0.014923626180875785,603825
2022-08-16,17.04,17.12,16.75,16.83,4883317.0,82337104.0,253336552.0,0.019276006409055413,603825
2022-08-17,16.89,17.04,16.77,16.92,5793140.0,98004234.0,253336552.0,0.02286736735881682,603825
2022-08-18,16.88,16.88,16.12,16.31,9269305.0,151239675.0,253336552.0,0.036588896970540595,603825
2022-08-19,16.44,17.94,16.4,17.47,32885137.0,583609721.0,253336552.0,0.12980810206969265,603825
2022-08-22,17.22,18.34,17.0,18.18,33473693.0,591159528.0,253336552.0,0.13213131992101954,603825
2022-08-23,17.79,18.03,17.53,17.98,18726431.0,331690787.0,253336552.0,0.073919183205746,603825
2022-08-24,17.8,18.78,17.68,18.41,25662544.0,472621412.0,253336552.0,0.10129822876881975,603825
2022-08-25,18.58,18.89,17.5,18.35,16774963.0,302240316.0,253336552.0,0.06621611791732288,603825
2022-08-26,18.0,18.1,17.6,17.64,9911564.0,176536860.0,253336552.0,0.03912409765488559,603825
2022-08-29,17.17,17.38,16.48,16.97,10065651.0,170580698.0,253336552.0,0.03973232808505264,603825
2022-08-30,17.01,17.45,16.91,17.1,6693100.0,115017274.0,253336552.0,0.026419795908487774,603825
2022-08-31,16.63,17.39,16.33,16.53,8823614.0,148236322.0,253336552.0,0.0348296127437623,603825
2022-09-01,16.5,16.63,15.74,15.85,8282893.0,133625037.0,253336552.0,0.03269521486184907,603825
2022-09-02,15.79,17.35,15.75,16.9,12539559.0,210698350.0,253336552.0,0.04949763033010728,603825
2022-09-05,17.4,17.55,16.79,17.23,10339480.0,177217721.0,253336552.0,0.04081321829942645,603825
2022-09-06,17.33,17.94,16.9,17.67,11098369.0,193033196.0,253336552.0,0.04380879471352401,603825
2022-09-07,17.6,17.87,17.32,17.5,9139868.0,160553203.0,253336552.0,0.03607796793571265,603825
2022-09-08,17.55,17.65,16.9,16.93,8864295.0,152600436.0,253336552.0,0.034990193598277125,603825
2022-09-09,17.17,17.2,16.37,16.49,7352809.0,121910026.0,253336552.0,0.029023877296632663,603825
2022-09-13,16.62,17.08,16.31,16.4,6499759.0,107673483.0,253336552.0,0.025656617446976226,603825
2022-09-14,16.09,16.22,15.85,16.12,5912926.0,94913957.0,253336552.0,0.023340200825027413,603825
2022-09-15,16.12,16.21,15.38,15.8,6811462.0,107742656.0,253336552.0,0.026887008393482834,603825
2022-09-16,15.74,16.15,15.6,15.62,5246740.0,83080788.0,253336552.0,0.02071055265645204,603825
2022-09-19,15.6,15.73,15.01,15.14,4585311.0,69725022.0,253336552.0,0.018099681880883893,603825
2022-09-20,15.14,15.4,15.14,15.27,2376368.0,36312753.0,253336552.0,0.009380280821063673,603825
2022-09-21,15.27,15.47,14.73,15.4,3224000.0,48782038.0,253336552.0,0.012726154100336852,603825
2022-09-22,15.21,15.55,15.1,15.13,2421600.0,37037001.0,253336552.0,0.009558825921022246,603825
2022-09-23,15.13,15.25,14.41,14.53,3935326.0,58155556.0,253336552.0,0.015533984215590019,603825
2022-09-26,14.35,14.37,13.96,14.09,4443499.0,62945582.0,253336552.0,0.017539904782472922,603825
2022-09-27,14.0,14.45,13.98,14.45,3187078.0,45318305.0,253336552.0,0.012580411215196456,603825
2022-09-28,14.3,14.39,13.82,13.87,3012417.0,42396203.0,253336552.0,0.011890968658956091,603825
2022-09-29,14.06,14.13,13.67,13.8,2415700.0,33586034.0,253336552.0,0.009535536743233167,603825
2022-09-30,13.83,15.18,13.8,15.18,8986596.0,131618977.0,253336552.0,0.03547295456993509,603825
2022-10-10,15.18,15.27,14.57,15.18,8363477.0,124790083.0,253336552.0,0.033013305557265185,603825
2022-10-11,14.98,15.32,14.84,15.26,5162718.0,77996895.0,253336552.0,0.020378891080825953,603825
2022-10-12,15.1,15.65,15.0,15.65,7156613.0,110237564.0,253336552.0,0.028249429241462162,603825
2022-10-13,15.6,16.0,15.39,15.42,7714294.0,120997638.0,253336552.0,0.030450773641223318,603825
2022-10-14,15.45,15.8,15.24,15.3,8748264.0,135452182.0,253336552.0,0.03453218231216788,603825
2022-10-17,15.31,15.83,15.29,15.6,8298671.0,129478682.0,253336552.0,0.032757495649502644,603825
2022-10-18,15.64,15.7,15.31,15.42,4865524.0,75185186.0,253336552.0,0.01920577177508913,603825
2022-10-19,15.35,15.41,14.95,15.13,5038400.0,76424902.0,253336552.0,0.01988816836821873,603825
2022-10-20,15.11,15.5,15.0,15.25,5789600.0,88532908.0,253336552.0,0.022853393852143373,603825
2022-10-21,15.24,15.31,14.8,14.9,4727382.0,70972000.0,253336552.0,0.01866048133472662,603825
2022-10-24,14.82,15.21,14.16,14.21,6970000.0,102154297.0,253336552.0,0.027512808337266704,603825
2022-10-25,14.15,14.35,13.93,14.27,3814080.0,53905385.0,253336552.0,0.015055387664706196,603825
2022-10-26,14.25,14.9,14.19,14.53,6107043.0,89091243.0,253336552.0,0.024106442405515963,603825
2022-10-27,14.5,14.8,14.38,14.41,4902879.0,71499893.0,253336552.0,0.01935322384904015,603825
2022-10-28,14.41,14.42,13.35,13.48,8139100.0,112328053.0,253336552.0,0.03212761812594655,603825
2022-10-31,13.4,14.12,13.2,13.88,6668400.0,91853840.0,253336552.0,0.02632229714723519,603825
2022-11-01,13.99,14.05,13.76,14.05,6169100.0,85922888.0,253336552.0,0.024351401135356103,603825
2022-11-02,14.66,14.91,14.36,14.37,15488620.0,226162919.0,253336552.0,0.061138512692791365,603825
2022-11-03,14.15,14.36,13.68,13.87,11626084.0,161731156.0,253336552.0,0.04589185377402626,603825
2022-11-04,13.98,15.0,13.88,14.78,14875957.0,216764772.0,253336552.0,0.058720136839945626,603825
2022-11-07,14.64,15.22,14.46,15.12,12158238.0,180562159.0,253336552.0,0.04799243498032609,603825
2022-11-08,15.14,15.49,15.03,15.32,10501937.0,159938096.0,253336552.0,0.04145448778350785,603825
2022-11-09,15.23,15.3,14.88,14.99,6489326.0,98125697.0,253336552.0,0.025615435075472252,603825
2022-11-10,14.95,16.49,14.9,16.49,20101419.0,323508465.0,253336552.0,0.07934669845826274,603825
2022-11-11,17.5,18.0,16.66,16.69,42353441.0,738974939.0,253336552.0,0.1671825114285127,603825
2022-11-14,16.74,17.31,16.6,17.2,24775307.0,420147265.0,253336552.0,0.09779602194948955,603825
2022-11-15,16.58,16.99,16.49,16.7,18232362.0,304019925.0,253336552.0,0.07196893561573381,603825
2022-11-16,16.74,17.48,16.74,17.02,20811556.0,355266181.0,253336552.0,0.08214983521209368,603825
2022-11-17,17.02,17.4,16.54,16.85,17184380.0,288761997.0,253336552.0,0.06783221712119931,603825
2022-11-18,16.67,17.05,16.32,16.41,14715461.0,244888042.0,253336552.0,0.058086608046990396,603825
2022-11-21,16.42,16.71,15.81,16.58,16163917.0,261558038.0,253336552.0,0.06380412487811865,603825
2022-11-22,16.34,16.42,15.75,15.97,13103293.0,210521832.0,253336552.0,0.05172286784735272,603825
2022-11-23,15.88,15.94,15.33,15.51,8860636.0,137703809.0,253336552.0,0.03497575036072963,603825
2022-11-24,15.6,16.04,15.53,15.75,9679339.0,153092992.0,253336552.0,0.0382074316697892,603825
2022-11-25,14.18,14.18,14.18,14.18,2248200.0,31879476.0,253336552.0,0.008874360933119513,603825
2022-11-28,13.03,13.98,12.81,13.09,29672211.0,386371851.0,253336552.0,0.11712566057187042,603825
2022-11-29,13.0,13.83,12.91,13.58,23492830.0,314402541.0,253336552.0,0.09273367705738728,603825
2022-11-30,13.67,13.7,13.33,13.43,10800115.0,145407308.0,253336552.0,0.04263149125042169,603825
2022-12-01,13.54,13.65,13.41,13.43,9297330.0,125460716.0,253336552.0,0.03669952056503872,603825
2022-12-02,13.41,14.77,13.39,14.77,15246420.0,218337316.0,253336552.0,0.06018247220795837,603825
2022-12-05,14.8,14.9,14.17,14.43,21459408.0,309984254.0,253336552.0,0.08470711324751906,603825
2022-12-06,14.42,14.43,14.06,14.19,12078809.0,171528656.0,253336552.0,0.047678903437511064,603825
2022-12-07,14.14,14.29,14.07,14.23,9656380.0,137057117.0,253336552.0,0.03811680518964354,603825
2022-12-08,14.23,14.27,13.8,13.97,8939250.0,124718849.0,253336552.0,0.03528606483915515,603825
2022-12-09,13.97,14.0,13.74,13.82,7141860.0,98753027.0,253336552.0,0.028191194455034662,603825
2022-12-12,13.82,14.23,13.81,13.93,7509642.0,104762093.0,253336552.0,0.02964294706276732,603825
2022-12-13,13.86,13.99,13.66,13.74,7321702.0,100915048.0,253336552.0,0.02890108806722845,603825
2022-12-14,13.76,13.97,13.61,13.93,7115502.0,98435644.0,253336552.0,0.02808715104009152,603825
2022-12-15,13.92,14.85,13.83,14.31,16972457.0,243388991.0,253336552.0,0.06699568959160698,603825
2022-12-16,14.11,14.34,13.91,14.14,9527800.0,134280003.0,253336552.0,0.03760925900657241,603825
2022-12-19,14.1,14.42,13.76,14.14,11061500.0,156644988.0,253336552.0,0.043663261036251885,603825
2022-12-20,14.56,14.8,14.06,14.21,14113385.0,202559856.0,253336552.0,0.0557100224526621,603825
2022-12-21,13.98,14.47,13.71,14.27,12663885.0,180078706.0,253336552.0,0.04998838462126065,603825
2022-12-22,14.2,14.46,13.81,13.83,10563185.0,149102324.0,253336552.0,0.041696253132868094,603825
2022-12-23,13.73,14.85,13.7,14.24,17441289.0,251596998.0,253336552.0,0.06884631871045596,603825
2022-12-26,14.12,14.45,14.11,14.45,10081503.0,144422604.0,253336552.0,0.03979490097425815,603825
2022-12-27,14.34,14.45,14.11,14.35,7155847.0,102284250.0,253336552.0,0.028246405595667854,603825
2022-12-28,14.34,14.43,13.96,14.03,8770044.0,124358584.0,253336552.0,0.03461815490407401,603825
2022-12-29,13.93,14.28,13.7,13.73,9171300.0,127576601.0,253336552.0,0.036202040043554394,603825
2022-12-30,13.75,14.27,13.75,14.18,11736280.0,165472303.0,253336552.0,0.04632683245803393,603825
2023-01-03,14.27,14.91,14.16,14.76,17036567.0,248694068.0,253336552.0,0.06724875216585406,603825
2023-01-04,16.24,16.24,15.21,15.35,42011616.0,668086397.0,253336552.0,0.16583321936109718,603825
2023-01-05,15.59,15.59,15.05,15.12,29509269.0,452274119.0,253336552.0,0.1164824766384284,603825
2023-01-06,15.29,15.37,14.98,15.19,17329380.0,262804954.0,253336552.0,0.06840457827025292,603825
2023-01-09,15.06,15.22,14.83,14.89,13917800.0,208927082.0,253336552.0,0.05493798620895417,603825
2023-01-10,15.0,15.07,14.75,15.04,10231780.0,152784832.0,253336552.0,0.04038809212181904,603825
2023-01-11,15.07,15.2,14.61,14.61,11746500.0,175113104.0,253336552.0,0.046367174050746536,603825
2023-01-12,14.51,14.85,14.41,14.63,8090809.0,118507518.0,253336552.0,0.03193699817940208,603825
2023-01-13,14.64,14.75,14.38,14.53,7197564.0,104653979.0,253336552.0,0.028411075871909712,603825
2023-01-16,14.63,14.78,14.54,14.69,6381136.0,93716788.0,253336552.0,0.025188374711912872,603825
2023-01-17,14.69,14.75,14.24,14.27,8309400.0,120072925.0,253336552.0,0.03279984642721434,603825
2023-01-18,14.26,14.43,14.26,14.29,5041400.0,72313770.0,253336552.0,0.019900010323026737,603825
2023-01-19,14.26,14.4,14.2,14.33,5005002.0,71718395.0,253336552.0,0.019756335832659472,603825
2023-01-20,14.34,15.05,14.32,14.92,12406479.0,183522672.0,253336552.0,0.048972321214824144,603825
2023-01-30,15.08,15.21,14.95,15.15,11148844.0,168184887.0,253336552.0,0.0440080356031687,603825
2023-01-31,14.38,14.45,13.9,14.31,15914266.0,226774316.0,253336552.0,0.06281867292486083,603825
2023-02-01,14.4,15.28,14.25,15.24,20839184.0,308385537.0,253336552.0,0.08225889172123887,603825
2023-02-02,15.15,15.44,15.07,15.39,16551917.0,252692980.0,253336552.0,0.06533568436662072,603825
2023-02-03,15.34,15.76,15.21,15.65,17563220.0,273226267.0,253336552.0,0.06932761917435427,603825
2023-02-06,15.6,16.13,15.44,15.9,16648518.0,262691733.0,253336552.0,0.06571699925875679,603825
2023-02-07,15.88,16.7,15.63,16.08,18661721.0,299312627.0,253336552.0,0.07366375224053733,603825
2023-02-08,16.01,16.41,15.61,15.89,19359004.0,308407328.0,253336552.0,0.07641615016533422,603825
2023-02-09,15.82,15.95,15.42,15.9,12692980.0,199804668.0,253336552.0,0.05010323184630696,603825
2023-02-10,15.9,16.14,15.66,15.7,13086132.0,207772821.0,253336552.0,0.051655127918532655,603825
2023-02-13,15.8,15.8,15.41,15.59,10107098.0,157411852.0,253336552.0,0.03989593258536178,603825
2023-02-14,15.59,15.69,15.28,15.42,10168800.0,156795879.0,253336552.0,0.040139490017216305,603825
2023-02-15,15.42,15.75,15.35,15.74,13612400.0,212525193.0,253336552.0,0.053732475209499184,603825
2023-02-16,15.7,16.03,15.32,15.45,19037208.0,300061640.0,253336552.0,0.07514591893553521,603825
2023-02-17,15.5,15.99,15.16,15.44,15437663.0,239038497.0,253336552.0,0.06093736919574085,603825
2023-02-20,15.43,16.28,15.43,15.84,15137758.0,239553771.0,253336552.0,0.05975354871017586,603825
2023-02-21,15.81,16.03,15.45,15.66,12133272.0,190631448.0,253336552.0,0.04789388623241387,603825
2023-02-22,15.52,15.73,15.28,15.54,8261036.0,127787273.0,253336552.0,0.03260893832643621,603825
2023-02-23,15.42,15.59,14.9,15.05,12611892.0,191079104.0,253336552.0,0.049783151702483104,603825
2023-02-24,15.07,15.13,14.86,14.95,6410222.0,95926442.0,253336552.0,0.025303186411094757,603825
2023-02-27,14.95,14.95,14.5,14.55,6666200.0,97792371.0,253336552.0,0.026313613047042654,603825
2023-02-28,14.95,15.22,14.61,14.87,10424236.0,155422105.0,253336552.0,0.041147777206662225,603825
2023-03-01,14.99,15.59,14.87,15.45,15586700.0,237719805.0,253336552.0,0.06152566566864777,603825
2023-03-02,15.45,15.59,15.29,15.5,10382700.0,160633070.0,253336552.0,0.04098382139502712,603825
2023-03-03,15.57,15.72,15.23,15.36,7772600.0,119702574.0,253336552.0,0.03068092598023518,603825
2023-03-06,15.32,15.42,15.1,15.13,6059600.0,92218064.0,253336552.0,0.02391916978486389,603825
2023-03-07,15.15,15.36,14.77,14.77,6785284.0,101763522.0,253336552.0,0.026783675495828174,603825
2023-03-08,14.78,15.27,14.77,15.22,8077865.0,121899441.0,253336552.0,0.0318859040917238,603825
2023-03-09,15.18,15.22,14.89,15.13,5531728.0,83174515.0,253336552.0,0.021835490995393354,603825
2023-03-10,14.95,15.08,14.89,14.98,4613400.0,69063491.0,253336552.0,0.01821055810375125,603825
2023-03-13,14.9,15.29,14.53,15.27,8189019.0,122162061.0,253336552.0,0.03232466430663349,603825
2023-03-14,15.21,15.54,15.01,15.22,11281990.0,172712359.0,253336552.0,0.044533605241457615,603825
2023-03-15,15.31,15.44,15.06,15.24,6996580.0,106659372.0,253336552.0,0.027617728056865635,603825
2023-03-16,15.15,15.29,14.85,14.96,6148364.0,92427375.0,253336552.0,0.024269549543723165,603825
2023-03-17,15.09,15.56,15.09,15.53,14109108.0,217222994.0,253336552.0,0.055693139772424155,603825
2023-03-20,15.62,15.87,15.43,15.74,15846619.0,248854426.0,253336552.0,0.06255164868589512,603825
2023-03-21,15.7,16.4,15.64,16.19,16819361.0,269927472.0,253336552.0,0.06639137095384483,603825
2023-03-22,16.3,16.66,16.21,16.45,15918589.0,261097049.0,253336552.0,0.06283573718173918,603825
2023-03-23,16.26,16.39,16.01,16.2,12789108.0,207158382.0,253336552.0,0.05048267965690162,603825
2023-03-24,16.17,16.61,16.1,16.43,11319509.0,185547032.0,253336552.0,0.044681704675604804,603825
2023-03-27,16.47,16.58,16.01,16.33,11825904.0,192351816.0,253336552.0,0.04668060691060483,603825
2023-03-28,16.16,16.32,15.8,15.84,10113000.0,162225543.0,253336552.0,0.0399192296577874,603825
2023-03-29,15.96,16.42,15.57,16.09,10440200.0,167104244.0,253336552.0,0.04121079219551389,603825
2023-03-30,16.1,16.2,15.61,15.68,7583200.0,120035315.0,253336552.0,0.029933303900023082,603825
2023-03-31,15.9,16.48,15.6,16.3,11205100.0,180365563.0,253336552.0,0.04423009593972843,603825
2023-04-03,16.16,16.77,16.03,16.71,14087800.0,233029436.0,253336552.0,0.05560903031474116,603825
2023-04-04,16.55,16.72,16.15,16.25,9922600.0,162533142.0,253336552.0,0.039167660259305966,603825
2023-04-06,16.0,16.12,15.6,15.65,11039809.0,174064459.0,253336552.0,0.043577639755671735,603825
2023-04-07,15.76,16.19,15.42,16.07,9038795.0,143519251.0,253336552.0,0.035679000636276124,603825
2023-04-10,16.06,16.29,15.42,15.49,9722200.0,153251886.0,253336552.0,0.038376617678131185,603825
2023-04-11,15.54,16.25,15.34,15.89,13178828.0,209052466.0,253336552.0,0.05202102853282696,603825
2023-04-12,16.01,16.5,15.88,16.39,12504558.0,202821172.0,253336552.0,0.04935947024336228,603825
2023-04-13,16.46,17.16,16.36,16.63,18084689.0,302523288.0,253336552.0,0.07138602328494627,603825
2023-04-14,16.64,16.85,15.94,16.24,11276100.0,184278999.0,253336552.0,0.04451035553685123,603825
2023-04-17,16.17,16.26,15.58,15.66,11779474.0,185447574.0,253336552.0,0.04649733292335959,603825
2023-04-18,15.65,15.65,14.9,15.05,12938864.0,195501028.0,253336552.0,0.051073814251644194,603825
2023-04-19,14.95,15.18,14.8,14.81,9479356.0,142152059.0,253336552.0,0.03741803512033273,603825
2023-04-20,14.74,15.09,14.61,15.06,7765923.0,115656251.0,253336552.0,0.030654569736150827,603825
2023-04-21,15.1,15.1,13.9,13.93,13625428.0,195608835.0,253336552.0,0.05378390087191208,603825
2023-04-24,14.03,14.5,13.98,14.07,8488700.0,120055472.0,253336552.0,0.03350760059290615,603825
2023-04-25,14.0,14.15,13.41,13.71,8844245.0,122044664.0,253336552.0,0.034911049866976955,603825
2023-04-26,13.7,13.89,13.36,13.61,7127101.0,97172321.0,253336552.0,0.02813293598469754,603825
2023-04-27,13.6,13.69,13.17,13.21,8181300.0,109745397.0,253336552.0,0.03229419495691249,603825
2023-04-28,13.21,14.28,13.2,14.17,12512428.0,173590565.0,253336552.0,0.04939053563814195,603825
2023-05-04,14.12,15.59,13.96,15.27,22067532.0,332868926.0,253336552.0,0.08710757222274029,603825
2023-05-05,15.17,15.48,14.82,15.22,13415389.0,203333095.0,253336552.0,0.05295481008993917,603825
2023-05-08,15.01,15.39,14.82,15.21,11327314.0,171265679.0,253336552.0,0.044712513494696966,603825
2023-05-09,15.08,15.58,14.89,14.89,9431872.0,143476317.0,253336552.0,0.037230600659631616,603825
2023-05-10,14.89,15.39,14.85,14.98,7957718.0,120371341.0,253336552.0,0.03141164564361798,603825
2023-05-11,15.16,15.74,15.12,15.46,12788300.0,198039684.0,253336552.0,0.05047949022374,603825
2023-05-12,15.66,16.1,15.16,15.2,13339916.0,208107641.0,253336552.0,0.05265689413819764,603825
2023-05-15,15.41,16.09,14.8,15.22,17869192.0,275155872.0,253336552.0,0.07053538803985933,603825
2023-05-16,15.28,15.28,14.2,14.23,19793840.0,288464682.0,253336552.0,0.07813258625229888,603825
2023-05-17,14.14,14.5,14.01,14.2,8515700.0,121445432.0,253336552.0,0.033614178186178206,603825
2023-05-18,14.14,14.32,14.08,14.09,8117112.0,114808573.0,253336552.0,0.032040824491840404,603825
2023-05-19,14.09,14.18,13.71,13.81,7716820.0,106944171.0,253336552.0,0.030460744567171658,603825
2023-05-22,13.78,13.84,13.4,13.53,8164874.0,110584761.0,253336552.0,0.032229356307020396,603825
2023-05-23,13.45,13.53,13.27,13.28,6875600.0,91904113.0,253336552.0,0.027140181492641458,603825
2023-05-24,13.26,13.44,13.15,13.38,7481300.0,99572499.0,253336552.0,0.029531072168377817,603825
2023-05-25,13.38,13.48,12.96,13.23,8160980.0,107559780.0,253336552.0,0.0322139854496796,603825
2023-05-26,13.19,13.37,13.01,13.32,5392500.0,71310231.0,253336552.0,0.021285913767390346,603825
2023-05-29,13.32,13.42,13.11,13.16,7012418.0,92813428.0,253336552.0,0.02768024568361537,603825
2023-05-30,13.2,13.46,12.96,13.45,7878718.0,104268398.0,253336552.0,0.031099807500340495,603825
2023-05-31,13.35,13.63,13.35,13.54,8181671.0,110476843.0,253336552.0,0.03229565941199042,603825
2023-06-01,13.43,14.25,13.43,14.09,14001182.0,194966982.0,253336552.0,0.055267121500887875,603825
2023-06-02,14.14,14.26,13.98,14.11,9094790.0,128381953.0,253336552.0,0.035900030722767554,603825
2023-06-05,14.02,14.44,14.01,14.41,8139686.0,116439665.0,253336552.0,0.032129931254452376,603825
2023-06-06,14.31,15.85,14.31,15.55,46688748.0,721817262.0,253336552.0,0.1842953479527897,603825
2023-06-07,15.4,15.58,14.91,15.25,32964374.0,501834594.0,253336552.0,0.13012087572739997,603825
2023-06-08,15.02,15.18,14.61,14.75,19688800.0,291869601.0,253336552.0,0.0777179599412879,603825
2023-06-09,14.64,14.82,14.29,14.66,11829900.0,172394364.0,253336552.0,0.04669638039440909,603825
2023-06-12,14.66,14.93,14.5,14.79,9374702.0,138297054.0,253336552.0,0.037004932474173725,603825
2023-06-13,14.75,15.34,14.66,15.15,12118816.0,182688526.0,253336552.0,0.04783682379951236,603825
2023-06-14,15.02,15.39,14.93,14.97,9071886.0,136785615.0,253336552.0,0.0358096213451267,603825
2023-06-15,15.0,15.17,14.64,14.65,7558200.0,112388491.0,253336552.0,0.0298346209432897,603825
2023-06-16,14.69,15.15,14.42,14.8,8271500.0,122483610.0,253336552.0,0.03265024306480654,603825
2023-06-19,14.68,14.88,14.56,14.6,6153000.0,90118001.0,253336552.0,0.024287849311219804,603825
2023-06-20,14.48,14.7,14.34,14.4,6500600.0,94065983.0,253336552.0,0.025659937141640738,603825
2023-06-21,14.42,14.47,13.69,13.7,8656100.0,120616594.0,253336552.0,0.03416838167119287,603825
2023-06-26,13.52,13.86,12.95,12.99,12576400.0,165668689.0,253336552.0,0.04964305348246786,603825
2023-06-27,13.0,13.3,12.95,13.25,7848418.0,103472324.0,253336552.0,0.030980203756779637,603825
2023-06-28,13.25,13.3,12.82,13.16,7235100.0,94148032.0,253336552.0,0.028559242410467478,603825
2023-06-29,13.06,13.21,13.05,13.15,6408900.0,84247885.0,253336552.0,0.025297968056342695,603825
2023-06-30,13.09,13.36,13.03,13.29,5954600.0,78815351.0,253336552.0,0.02350470136658369,603825
2023-07-03,13.35,13.38,13.14,13.29,7557316.0,100172369.0,253336552.0,0.029831131513939606,603825
2023-07-04,13.29,13.43,13.24,13.43,6717371.0,89676085.0,253336552.0,0.026515601270202808,603825
2023-07-05,13.42,13.44,13.18,13.21,5722624.0,76193224.0,253336552.0,0.022589018263736375,603825
2023-07-06,13.12,13.35,13.1,13.22,4137116.0,54750114.0,253336552.0,0.01633051356915918,603825
2023-07-07,13.21,13.21,13.0,13.08,4482855.0,58693815.0,253336552.0,0.01769525544028088,603825
2023-07-10,13.13,13.25,13.08,13.16,3525500.0,46390845.0,253336552.0,0.01391627055854143,603825
2023-07-11,13.11,13.21,13.06,13.19,3460400.0,45451585.0,253336552.0,0.013659300139207705,603825
2023-07-12,13.16,13.18,12.94,12.95,5757200.0,75060213.0,253336552.0,0.02272550074021691,603825
2023-07-13,13.01,13.35,12.94,13.26,8012650.0,105108529.0,253336552.0,0.031628479730789104,603825
2023-07-14,13.59,13.77,13.3,13.37,10080680.0,135610914.0,253336552.0,0.03979165233132249,603825
2023-07-17,13.0,13.11,12.83,12.98,8014200.0,103924203.0,253336552.0,0.031634598074106575,603825
2023-07-18,13.01,13.01,12.72,12.75,6928200.0,88926427.0,253336552.0,0.02734781043360849,603825
2023-07-19,12.78,12.9,12.74,12.86,3153600.0,40432883.0,253336552.0,0.01244826289417565,603825
2023-07-20,12.85,13.03,12.79,12.93,4664800.0,60258322.0,253336552.0,0.018413450262795082,603825
2023-07-21,12.97,12.99,12.77,12.89,3472416.0,44747522.0,253336552.0,0.013706731115532037,603825
2023-07-24,12.81,12.98,12.77,12.83,2682900.0,34502715.0,253336552.0,0.010590260184799546,603825
2023-07-25,12.9,13.06,12.86,13.02,4255000.0,55247277.0,253336552.0,0.016795839236021497,603825
2023-07-26,13.02,13.03,12.85,12.88,3531200.0,45529577.0,253336552.0,0.013938770272676641,603825
2023-07-27,12.88,12.94,12.76,12.78,3103700.0,39831693.0,253336552.0,0.012251291712535821,603825
2023-07-28,12.75,12.79,12.43,12.65,5838600.0,73593971.0,253336552.0,0.0230468124473408,603825
2023-07-31,12.65,12.95,12.61,12.92,5068916.0,65071561.0,253336552.0,0.02000862473252577,603825
2023-08-01,12.92,12.92,12.77,12.85,2604900.0,33433670.0,253336552.0,0.010282369359791398,603825
2023-08-02,12.83,12.83,12.67,12.74,3561620.0,45375391.0,253336552.0,0.014058847694429819,603825
2023-08-03,12.7,12.78,12.63,12.77,2699300.0,34318149.0,253336552.0,0.010654996204416645,603825
2023-08-04,12.75,13.05,12.74,13.02,6339900.0,82171647.0,253336552.0,0.02502560309575856,603825
2023-08-07,12.95,13.15,12.93,13.1,4770400.0,62371789.0,253336552.0,0.018830287072036885,603825
2023-08-08,13.14,13.2,13.0,13.03,3708118.0,48568272.0,253336552.0,0.014637121926250895,603825
2023-08-09,13.03,13.11,12.78,12.8,3308216.0,42765305.0,253336552.0,0.013058581455707189,603825
2023-08-10,12.8,13.01,12.76,12.91,2582100.0,33361824.0,253336552.0,0.010192370503250553,603825
2023-08-11,12.91,12.97,12.68,12.71,2836000.0,36328275.0,253336552.0,0.011194594611834774,603825
2023-08-14,12.6,12.88,12.57,12.87,2685737.0,34163585.0,253336552.0,0.010601458726729652,603825
2023-08-15,12.85,12.91,12.62,12.71,2663972.0,33894376.0,253336552.0,0.010515545344597569,603825
2023-08-16,12.99,13.2,12.72,12.76,6199311.0,79901957.0,253336552.0,0.02447065356759099,603825
2023-08-17,12.5,12.58,12.13,12.53,7101500.0,87916108.0,253336552.0,0.02803188068968429,603825
2023-08-18,12.44,12.88,12.21,12.21,5163516.0,64360731.0,253336552.0,0.02038204104080488,603825
2023-08-21,12.12,12.39,12.12,12.14,3128600.0,38278846.0,253336552.0,0.012349579937442269,603825
2023-08-22,12.18,12.31,11.91,12.3,4231800.0,51465743.0,253336552.0,0.01670426145217292,603825
2023-08-23,12.21,13.17,12.15,12.61,12004618.0,153384614.0,253336552.0,0.04738604794779081,603825
2023-08-24,12.68,12.94,12.4,12.74,8715618.0,111146801.0,253336552.0,0.03440331815994717,603825
2023-08-25,12.54,12.67,12.09,12.13,6821900.0,84173943.0,253336552.0,0.026928210501578155,603825
2023-08-28,12.63,12.73,12.13,12.18,5728600.0,70836210.0,253336552.0,0.022612607437713924,603825
2023-08-29,12.17,12.78,12.08,12.71,7112900.0,89336878.0,253336552.0,0.02807688011795471,603825
2023-08-30,12.64,12.94,12.6,12.86,6785900.0,86919535.0,253336552.0,0.026786107043882085,603825
2023-08-31,12.79,12.87,12.6,12.83,4838900.0,61664470.0,253336552.0,0.01910067837348635,603825
2023-09-01,12.7,12.96,12.66,12.81,5066716.0,64777727.0,253336552.0,0.019999940632333228,603825
2023-09-04,12.86,12.97,12.74,12.91,4723916.0,60631250.0,253336552.0,0.018646799929605103,603825
2023-09-05,12.85,12.88,12.7,12.72,3280616.0,41885264.0,253336552.0,0.012949635471473537,603825
2023-09-06,12.68,12.7,12.53,12.61,3335000.0,42062295.0,253336552.0,0.013164306428233064,603825
2023-09-07,12.58,12.7,12.42,12.44,3494700.0,43873288.0,253336552.0,0.013794693155845904,603825
2023-09-08,12.4,12.47,12.21,12.25,3800420.0,46651769.0,253336552.0,0.015001467297147077,603825
2023-09-11,12.4,12.66,12.27,12.53,4093200.0,51057089.0,253336552.0,0.016157163140043052,603825
2023-09-12,12.5,12.53,12.23,12.26,4697634.0,57756691.0,253336552.0,0.018543056510850437,603825
2023-09-13,12.26,12.26,11.84,11.9,6969600.0,83441727.0,253336552.0,0.02751122940995897,603825
2023-09-14,11.91,11.91,11.64,11.72,3279918.0,38559369.0,253336552.0,0.012946880243321541,603825
2023-09-15,11.75,11.86,11.72,11.79,2100600.0,24747845.0,253336552.0,0.00829173675656563,603825
2023-09-18,11.79,12.03,11.63,11.99,3386200.0,40269341.0,253336552.0,0.01336640912362303,603825
2023-09-19,11.95,11.97,11.69,11.74,3185600.0,37498327.0,253336552.0,0.012574577078794377,603825
2023-09-20,11.73,11.81,11.67,11.67,1926600.0,22609791.0,253336552.0,0.007604903377701296,603825
2023-09-21,11.7,11.73,11.43,11.5,2595500.0,30001680.0,253336552.0,0.010245264568059647,603825
2023-09-22,11.49,11.84,11.42,11.84,3883412.0,45392588.0,253336552.0,0.015329063134955748,603825
2023-09-25,11.8,11.97,11.55,11.61,3220300.0,37639870.0,253336552.0,0.01271154902274031,603825
2023-09-26,11.56,11.68,11.48,11.58,2681200.0,31082086.0,253336552.0,0.010583549743741677,603825
2023-09-27,11.55,11.69,11.49,11.59,2520110.0,29259763.0,253336552.0,0.00994767624373446,603825
2023-09-28,11.62,11.74,11.62,11.72,2099100.0,24557131.0,253336552.0,0.008285815779161626,603825
2023-10-09,11.66,11.7,11.26,11.35,3943860.0,45076631.0,253336552.0,0.015567670629700527,603825
2023-10-10,11.42,11.62,11.37,11.5,3057640.0,35182409.0,253336552.0,0.012069478233050239,603825
2023-10-11,11.48,11.69,11.38,11.6,3105340.0,35971354.0,253336552.0,0.01225776531449753,603825
2023-10-12,11.6,11.66,11.45,11.5,2515540.0,28925703.0,253336552.0,0.0099296369992436,603825
2023-10-13,11.45,11.53,11.38,11.43,1777040.0,20314289.0,253336552.0,0.0070145424573395156,603825
2023-10-16,11.44,11.46,11.26,11.33,2165556.0,24531016.0,253336552.0,0.00854813876206857,603825
2023-10-17,11.37,11.45,11.29,11.4,2278100.0,25901922.0,253336552.0,0.008992385749372637,603825
2023-10-18,11.4,11.4,10.96,11.02,3933670.0,43478727.0,253336552.0,0.015527447456536,603825
2023-10-19,10.96,11.15,10.89,10.99,2706600.0,29874469.0,253336552.0,0.010683811627782792,603825
2023-10-20,10.95,11.02,10.7,10.76,2935240.0,31777964.0,253336552.0,0.011586326476883605,603825
2023-10-23,10.76,10.77,10.32,10.37,3431872.0,36034525.0,253336552.0,0.013546691043620109,603825
2023-10-24,10.42,10.87,10.42,10.86,4527070.0,48630981.0,253336552.0,0.017869786117559537,603825
2023-10-25,10.86,11.1,10.86,11.02,2682600.0,29486624.0,253336552.0,0.010589075989318747,603825
2023-10-26,10.98,11.08,10.81,10.93,2528610.0,27682395.0,253336552.0,0.009981228449023811,603825
2023-10-27,10.9,11.01,10.75,10.94,2503080.0,27248368.0,253336552.0,0.009880453413607682,603825
2023-10-30,10.57,11.49,10.51,11.31,6999141.0,77738642.0,253336552.0,0.027627837138953403,603825
2023-10-31,11.28,11.71,11.2,11.5,7949140.0,90996373.0,253336552.0,0.031377785547503624,603825
2023-11-01,11.42,11.85,11.29,11.54,6239550.0,72247845.0,253336552.0,0.02462948970743077,603825
2023-11-02,11.63,11.94,11.62,11.67,7519200.0,88713598.0,253336552.0,0.029680675530785624,603825
2023-11-03,11.65,11.71,11.48,11.64,4945300.0,57470407.0,253336552.0,0.01952067303734362,603825
2023-11-06,11.67,11.99,11.67,11.93,5114560.0,60825789.0,253336552.0,0.020188796127611305,603825
2023-11-07,11.93,12.23,11.92,12.06,4911540.0,59274247.0,253336552.0,0.019387411572570862,603825
2023-11-08,12.04,12.28,12.04,12.2,4661800.0,56790959.0,253336552.0,0.018401608307987077,603825
2023-11-09,12.18,12.26,11.97,12.01,4354540.0,52570719.0,253336552.0,0.017188755296551127,603825
2023-11-10,11.93,11.95,11.69,11.83,4567500.0,53914750.0,253336552.0,0.01802937619518876,603825
2023-11-13,11.85,12.05,11.85,11.95,3531699.0,42222417.0,253336552.0,0.01394073998449304,603825
2023-11-14,12.0,12.06,11.91,11.96,2851400.0,34136353.0,253336552.0,0.011255383313182536,603825
2023-11-15,11.98,12.15,11.88,11.9,2395400.0,28629633.0,253336552.0,0.009455406182365662,603825
2023-11-16,11.9,12.26,11.81,12.13,4796599.0,58156243.0,253336552.0,0.018933702863375198,603825
2023-11-17,12.35,12.5,12.13,12.28,5657580.0,69609735.0,253336552.0,0.022332268894225734,603825
2023-11-20,12.17,12.46,12.17,12.37,4655440.0,57527740.0,253336552.0,0.018376503363794105,603825
2023-11-21,12.37,12.64,12.34,12.47,5489527.0,68734981.0,253336552.0,0.021668910217109136,603825
2023-11-22,12.63,12.93,12.54,12.6,8888100.0,112949892.0,253336552.0,0.03508415950967865,603825
2023-11-23,12.56,12.78,12.19,12.4,7357463.0,91711184.0,253336552.0,0.02904224811585815,603825
2023-11-24,12.4,12.67,12.21,12.24,5207800.0,64482122.0,253336552.0,0.020556844083044125,603825
2023-11-27,12.2,13.18,12.1,12.5,11198099.0,141328893.0,253336552.0,0.04420246076452481,603825
2023-11-28,12.3,12.5,12.11,12.33,8914900.0,109451098.0,253336552.0,0.03518994763929684,603825
2023-11-29,12.3,12.33,12.01,12.14,4797600.0,58270378.0,253336552.0,0.018937654128962804,603825
2023-11-30,12.22,12.26,12.0,12.11,3059100.0,37109552.0,253336552.0,0.012075241317723468,603825
2023-12-01,12.1,12.63,12.09,12.6,6662760.0,83014592.0,253336552.0,0.02630003427219614,603825
2023-12-04,12.56,12.87,12.51,12.71,4873540.0,62159957.0,253336552.0,0.019237413478336123,603825
2023-12-05,12.7,12.77,12.35,12.41,3601200.0,45203991.0,253336552.0,0.014215082551530108,603825
2023-12-06,12.3,13.08,12.16,12.94,9634400.0,122837556.0,253336552.0,0.03803004313408355,603825
2023-12-07,13.19,13.4,12.94,13.13,14160300.0,185926199.0,253336552.0,0.055895210889267966,603825
2023-12-08,13.03,14.44,12.87,14.44,22272934.0,310491089.0,253336552.0,0.08791835928989829,603825
2023-12-11,14.0,14.35,13.52,14.24,34340643.0,475871858.0,253336552.0,0.13555344749461973,603825
2023-12-12,13.98,14.05,13.31,13.56,33741697.0,458442664.0,253336552.0,0.13318921700647446,603825
2023-12-13,13.31,13.71,13.2,13.26,19416832.0,259339803.0,253336552.0,0.07664441568621333,603825
2023-12-14,13.15,13.45,12.88,12.98,20229360.0,266398318.0,253336552.0,0.07985172230495977,603825
2023-12-15,12.88,14.0,12.63,13.23,27950607.0,374699348.0,253336552.0,0.11032994165010977,603825
2023-12-18,13.34,14.55,13.07,14.55,40024705.0,552464592.0,253336552.0,0.157990249271254,603825
2023-12-19,14.0,15.41,13.77,14.6,48249807.0,702788143.0,253336552.0,0.1904573446629999,603825
2023-12-20,14.7,16.06,14.32,16.06,73242681.0,1149512244.0,253336552.0,0.2891121728063939,603825
2023-12-21,15.0,16.47,14.45,15.45,63596108.0,961399631.0,253336552.0,0.25103407896701774,603825
2023-12-22,15.55,16.35,13.92,14.42,50171963.0,760946125.0,253336552.0,0.1980447061583123,603825
2023-12-25,15.29,15.86,14.62,14.66,57633762.0,884037010.0,253336552.0,0.22749880167311978,603825
2023-12-26,13.52,13.89,13.19,13.19,38221272.0,510842954.0,253336552.0,0.15087152524283193,603825
2023-12-27,12.5,12.63,11.87,11.87,30521792.0,367107283.0,253336552.0,0.12047922717445053,603825
2023-12-28,11.38,11.83,11.27,11.59,25489082.0,294951179.0,253336552.0,0.10061351904718431,603825
2023-12-29,11.58,12.49,11.58,12.08,29149177.0,353256668.0,253336552.0,0.11506107890818693,603825
2024-01-02,12.16,12.19,11.73,11.77,18120427.0,215449866.0,253336552.0,0.07152709254525577,603825
2024-01-03,11.7,11.85,11.49,11.65,13458700.0,156777170.0,253336552.0,0.05312577239150235,603825
2024-01-04,11.67,11.7,11.4,11.54,9678732.0,111303024.0,253336552.0,0.03820503564759972,603825
2024-01-05,11.52,11.52,11.15,11.22,13077091.0,148020793.0,253336552.0,0.0516194402140596,603825
2024-01-08,11.15,11.52,11.1,11.32,10993893.0,124767319.0,253336552.0,0.04339639469001694,603825
2024-01-09,11.32,11.54,11.08,11.22,9350500.0,105732465.0,253336552.0,0.03690939947741927,603825
2024-01-10,11.13,11.17,10.81,10.85,9906875.0,108425076.0,253336552.0,0.03910558867952067,603825
2024-01-11,10.84,11.2,10.73,11.17,8113100.0,89930495.0,253336552.0,0.032024987850943834,603825
2024-01-12,11.14,11.24,10.92,10.92,5538775.0,61045942.0,253336552.0,0.021863307747237357,603825
2024-01-15,10.9,11.06,10.86,10.98,4266900.0,46891907.0,253336552.0,0.016842812323426586,603825
2024-01-16,11.05,11.05,10.63,10.8,5339900.0,57439557.0,253336552.0,0.02107828482642331,603825
2024-01-17,10.77,10.83,10.46,10.5,4155900.0,44131752.0,253336552.0,0.016404659995530372,603825
2024-01-18,10.35,10.55,10.15,10.46,6610633.0,68259522.0,253336552.0,0.026094272412770503,603825
2024-01-19,10.42,10.69,10.4,10.59,8021400.0,84735892.0,253336552.0,0.03166301876564579,603825
2024-01-22,10.46,10.55,9.66,9.81,8349637.0,84629369.0,253336552.0,0.03295867467241758,603825
2024-01-23,9.78,9.96,9.53,9.75,6783700.0,65778852.0,253336552.0,0.026777422943689545,603825
2024-01-24,9.85,9.94,9.48,9.86,5963400.0,57988450.0,253336552.0,0.02353943776735384,603825
2024-01-25,9.83,10.73,9.73,10.6,12797200.0,132046284.0,253336552.0,0.05051462135633708,603825
2024-01-26,10.6,10.87,10.44,10.51,7033100.0,74590732.0,253336552.0,0.02776188412006176,603825
2024-01-29,10.45,10.58,9.92,9.99,7809300.0,79322529.0,253336552.0,0.03082579256071978,603825
2024-01-30,9.9,10.99,9.75,10.99,17374200.0,184616832.0,253336552.0,0.06858149707508453,603825
2024-01-31,10.9,11.68,10.42,10.61,34661800.0,381557699.0,253336552.0,0.13682115638804462,603825
2024-02-01,10.49,10.51,9.63,10.19,22167900.0,224702840.0,253336552.0,0.08750375666279693,603825
2024-02-02,10.26,11.21,9.2,9.49,22891600.0,235517135.0,253336552.0,0.09036043089431485,603825
2024-02-05,8.54,8.76,8.54,8.54,3309400.0,28300129.0,253336552.0,0.013063255080538082,603825
2024-02-06,7.69,7.9,7.69,7.69,16504440.0,127321217.0,253336552.0,0.0651482775371475,603825
2024-02-07,7.63,7.68,6.92,6.92,17794295.0,127378501.0,253336552.0,0.07023974574344093,603825
2024-02-08,6.59,7.3,6.23,7.15,15727915.0,106180383.0,253336552.0,0.06208308621805195,603825
2024-02-19,7.87,7.87,7.87,7.87,2809000.0,22106830.0,253336552.0,0.011088017018562723,603825
2024-02-20,8.66,8.66,8.66,8.66,1622000.0,14046520.0,253336552.0,0.006402550232861778,603825
2024-02-21,9.33,9.53,8.82,9.53,16117010.0,149275409.0,253336552.0,0.06361896802005894,603825
2024-02-22,10.48,10.48,10.48,10.48,5323381.0,55789033.0,253336552.0,0.02101307907593216,603825
2024-02-23,11.53,11.53,10.6,11.53,29974764.0,337830566.0,253336552.0,0.1183199335562126,603825
2024-02-26,12.28,12.68,12.0,12.68,21444204.0,267963999.0,253336552.0,0.08464709822055208,603825
2024-02-27,13.95,13.95,12.6,13.95,19268650.0,265418341.0,253336552.0,0.07605949417042669,603825
2024-02-28,15.0,15.35,14.5,15.35,33744062.0,514236513.0,253336552.0,0.13319855241418144,603825
2024-02-29,15.35,16.1,13.82,13.95,74944030.0,1074296618.0,253336552.0,0.2958279387966092,603825
2024-03-01,13.2,13.48,12.56,12.56,51678797.0,658239206.0,253336552.0,0.2039926595353678,603825
2024-03-04,12.07,12.79,11.71,12.54,48367946.0,592287515.0,253336552.0,0.1909236768960209,603825
2024-03-05,12.12,12.46,11.81,11.82,38567894.0,467250502.0,253336552.0,0.15223975259598543,603825
2024-03-06,11.6,12.2,11.4,11.93,26000987.0,307667643.0,253336552.0,0.10263417100584837,603825
2024-03-07,11.93,12.34,11.44,12.31,38610360.0,463174920.0,253336552.0,0.15240737941361102,603825
2024-03-08,11.97,12.35,11.74,12.28,32074784.0,387930280.0,253336552.0,0.12660938086818202,603825
2024-03-11,12.05,12.11,11.8,12.0,19916000.0,238255482.0,253336552.0,0.07861479065208088,603825
2024-03-12,12.06,12.16,11.82,11.91,19841652.0,238011638.0,253336552.0,0.07832131543339234,603825
2024-03-13,11.98,12.57,11.8,12.33,38807038.0,473996942.0,253336552.0,0.15318373007618735,603825
2024-03-14,12.0,12.01,11.1,11.1,34609170.0,399034634.0,253336552.0,0.13661340902752953,603825
2024-03-15,11.01,11.28,10.6,10.86,23011873.0,248518200.0,253336552.0,0.0908351867045226,603825
2024-03-18,10.83,11.27,10.79,11.27,21216400.0,234479501.0,253336552.0,0.08374788332952443,603825
2024-03-19,11.27,11.45,11.12,11.16,17574100.0,197572789.0,253336552.0,0.06937056599712464,603825
2024-03-20,11.16,11.65,11.14,11.65,26173393.0,301039158.0,253336552.0,0.1033147123593914,603825
2024-03-21,11.63,11.9,11.48,11.72,23833793.0,278207413.0,253336552.0,0.09407956653645463,603825
2024-03-22,11.8,12.89,11.8,12.89,62128455.0,785577683.0,253336552.0,0.24524078546707306,603825
2024-03-25,13.2,13.85,12.16,12.27,64044155.0,840139276.0,253336552.0,0.2528026630756386,603825
2024-03-26,11.6,11.84,11.04,11.04,42252410.0,474036965.0,253336552.0,0.16678370991644348,603825
2024-03-27,10.93,11.56,10.14,10.23,31923029.0,342349066.0,253336552.0,0.12601035558421905,603825
2024-03-28,10.19,10.73,10.05,10.55,22515693.0,235932060.0,253336552.0,0.08887660632564384,603825
2024-03-29,10.5,10.54,10.07,10.2,17319580.0,176785212.0,253336552.0,0.06836589455121343,603825
2024-04-01,10.23,10.62,10.18,10.59,15963400.0,166196281.0,253336552.0,0.06301262046070635,603825
2024-04-02,10.54,10.8,10.14,10.36,18272140.0,190246716.0,253336552.0,0.07212595204185143,603825
2024-04-03,10.26,10.35,9.85,9.96,14635316.0,146064910.0,253336552.0,0.057770250224294516,603825
2024-04-08,9.96,9.96,9.61,9.72,9696516.0,94614952.0,253336552.0,0.038275234755701576,603825
2024-04-09,9.71,9.89,9.66,9.84,6610400.0,64807452.0,253336552.0,0.026093352687613747,603825
2024-04-10,9.85,9.93,9.47,9.56,8128640.0,78103883.0,253336552.0,0.0320863291768493,603825
2024-04-11,9.45,10.13,9.44,9.99,15509140.0,154497269.0,253336552.0,0.061219511663678124,603825
2024-04-12,9.81,9.95,9.63,9.67,10838400.0,105588438.0,253336552.0,0.04278261433036319,603825
2024-04-15,9.52,9.63,8.77,8.9,14234110.0,128689576.0,253336552.0,0.056186562450727597,603825
2024-04-16,8.88,8.88,8.01,8.01,11452640.0,93339121.0,253336552.0,0.04520721510411968,603825
2024-04-17,7.8,8.81,7.8,8.81,12486800.0,107532672.0,253336552.0,0.049289373765535424,603825
2024-04-18,9.02,9.02,8.56,8.66,13842840.0,121322019.0,253336552.0,0.0546420952314848,603825
2024-04-19,8.64,8.79,8.4,8.47,7904506.0,67247169.0,253336552.0,0.031201600943870113,603825
2024-04-22,8.35,8.54,8.09,8.29,6456800.0,53565630.0,253336552.0,0.025487044601443853,603825
2024-04-23,8.34,8.66,8.34,8.58,8803016.0,75298543.0,253336552.0,0.03474830588205053,603825
2024-04-24,8.53,8.79,8.46,8.78,7225800.0,62764022.0,253336552.0,0.028522532350562662,603825
2024-04-25,8.78,8.94,8.62,8.76,6229700.0,54958386.0,253336552.0,0.02459060862247782,603825
2024-04-26,8.76,9.08,8.72,9.01,7306100.0,65230561.0,253336552.0,0.028839502007590282,603825
2024-04-29,9.18,9.44,9.01,9.37,8131100.0,75896788.0,253336552.0,0.03209603957979187,603825
2024-04-30,9.21,9.66,9.08,9.35,13125374.0,121922343.0,253336552.0,0.05181002858205791,603825
2024-05-06,9.46,9.53,9.26,9.34,9267710.0,86820469.0,253336552.0,0.036582600997901005,603825
2024-05-07,9.42,9.75,9.42,9.62,11862350.0,113759085.0,253336552.0,0.04682447087224902,603825
2024-05-08,9.5,9.85,9.29,9.34,10635700.0,100599510.0,253336552.0,0.041982492917168934,603825
2024-05-09,9.44,10.06,9.41,9.7,13919500.0,135484343.0,253336552.0,0.05494469665001204,603825
2024-05-10,9.78,9.87,9.33,9.37,8992100.0,85458721.0,253336552.0,0.035494680609689515,603825
2024-05-13,9.3,9.3,8.84,8.91,8605710.0,77156325.0,253336552.0,0.033969476303601066,603825
2024-05-14,9.2,9.28,8.89,9.12,7468254.0,67923643.0,253336552.0,0.02947957545423607,603825
2024-05-15,9.07,9.16,8.86,8.89,6644900.0,59663033.0,253336552.0,0.026229535167905813,603825
2024-05-16,8.92,9.12,8.9,8.99,5781000.0,52262249.0,253336552.0,0.02281944691502709,603825
2024-05-17,9.2,9.22,8.85,9.01,4770900.0,42792799.0,253336552.0,0.018832260731171554,603825
2024-05-20,9.05,9.1,8.88,8.94,4406700.0,39584422.0,253336552.0,0.017394647417479654,603825
2024-05-21,8.91,9.02,8.86,8.96,4781700.0,42772520.0,253336552.0,0.018874891768480374,603825
2024-05-22,8.91,9.04,8.83,9.02,5056100.0,45362694.0,253336552.0,0.019958035901585965,603825
2024-05-23,8.97,9.3,8.73,8.8,12558900.0,113207737.0,253336552.0,0.04957397541275449,603825
2024-05-24,8.65,8.81,8.55,8.56,6757500.0,58454291.0,253336552.0,0.026674003205032965,603825
2024-05-27,8.6,8.7,8.33,8.53,4796700.0,40578765.0,253336552.0,0.018934101542520402,603825
2024-05-28,8.57,8.57,8.3,8.33,3571500.0,29886966.0,253336552.0,0.014097847198930851,603825
2024-05-29,8.42,8.45,8.25,8.33,3180500.0,26537719.0,253336552.0,0.012554445755620768,603825
2024-05-30,8.25,8.39,8.13,8.28,3030900.0,25087402.0,253336552.0,0.011963926942528215,603825
2024-05-31,8.32,8.41,8.24,8.36,3614700.0,30097374.0,253336552.0,0.014268371348166135,603825
2024-06-03,8.37,8.38,8.03,8.12,4555400.0,37209783.0,253336552.0,0.017981613644129806,603825
2024-06-04,8.08,8.12,7.8,7.9,5315810.0,41933441.0,253336552.0,0.020983193929315025,603825
2024-06-05,7.84,7.91,7.75,7.78,3534100.0,27662369.0,253336552.0,0.013950217495657714,603825
2024-06-06,7.88,7.89,7.33,7.38,9065630.0,68025590.0,253336552.0,0.035784926922033736,603825
2024-06-07,7.49,7.62,7.38,7.61,5875100.0,44095865.0,253336552.0,0.02319088956417154,603825
2024-06-11,7.44,7.72,7.41,7.68,4127700.0,31355245.0,253336552.0,0.016293345620335117,603825
2024-06-12,7.7,7.99,7.66,7.98,4958500.0,39141103.0,253336552.0,0.019572777638498847,603825
2024-06-13,8.15,8.18,7.88,7.89,3941300.0,31544718.0,253336552.0,0.015557565494931027,603825
2024-06-14,7.97,8.02,7.77,7.83,3050400.0,23905515.0,253336552.0,0.012040899648780252,603825
2024-06-17,7.79,7.8,7.65,7.65,3222800.0,24860354.0,253336552.0,0.012721417318413648,603825
2024-06-18,7.58,8.42,7.58,8.42,5420000.0,43533511.0,253336552.0,0.021394465019797065,603825
2024-06-19,8.3,9.26,8.29,9.26,21481030.0,192630720.0,253336552.0,0.08479246216313863,603825
2024-06-20,9.3,9.69,8.33,8.41,31159400.0,278662243.0,253336552.0,0.12299606888152484,603825
2024-06-21,8.2,8.8,7.88,8.45,18987904.0,159997399.0,253336552.0,0.07495130035558391,603825
2024-06-24,8.33,8.46,7.91,8.05,14182700.0,115227420.0,253336552.0,0.05598363081850107,603825
2024-06-25,8.07,8.45,7.81,8.24,16287000.0,132232191.0,253336552.0,0.06428997265266324,603825
2024-06-26,8.2,9.06,7.91,9.06,19785100.0,174542224.0,253336552.0,0.07809808669062489,603825
2024-06-27,9.7,9.97,9.36,9.97,24785800.0,243048318.0,253336552.0,0.09783744116008969,603825
2024-06-28,10.38,10.86,9.19,9.27,48756000.0,484392281.0,253336552.0,0.19245544953970953,603825
2024-07-01,8.84,9.51,8.84,9.37,31690300.0,292495784.0,253336552.0,0.12509170015071494,603825
2024-07-02,9.4,9.58,9.07,9.14,23519000.0,218470796.0,253336552.0,0.09283697837649578,603825
2024-07-03,9.17,9.17,8.79,8.9,16397400.0,146320291.0,253336552.0,0.06472575658959785,603825
2024-07-04,8.86,8.88,8.38,8.48,17080100.0,146320205.0,253336552.0,0.06742059077207303,603825
2024-07-05,8.49,8.84,8.15,8.71,17481200.0,150058565.0,253336552.0,0.06900386012990341,603825
2024-07-08,8.53,9.11,8.42,8.42,17248500.0,149944156.0,253336552.0,0.06808531916862909,603825
2024-07-09,8.43,8.59,8.07,8.57,17181500.0,143369883.0,253336552.0,0.06782084884458363,603825
2024-07-10,8.31,8.34,7.93,8.05,17555800.0,142730572.0,253336552.0,0.06929833007279582,603825
2024-07-11,8.18,8.23,7.97,8.18,11713700.0,95080558.0,253336552.0,0.04623770201151234,603825
2024-07-12,8.15,8.4,8.12,8.15,10406000.0,85815272.0,253336552.0,0.04107579391070263,603825
2024-07-15,8.22,8.26,7.95,8.0,8450000.0,67820148.0,253336552.0,0.03335483937588288,603825
2024-07-16,8.01,8.05,7.85,7.91,6725900.0,53309885.0,253336552.0,0.02654926794772197,603825
2024-07-17,7.99,8.24,7.9,7.99,11580300.0,93179970.0,253336552.0,0.04571112975438302,603825
2024-07-18,7.9,7.9,7.58,7.79,11617100.0,89539555.0,253336552.0,0.045856391066694556,603825
2024-07-19,7.8,8.57,7.77,8.57,9988880.0,84152531.0,253336552.0,0.03942928851419751,603825
2024-07-22,8.48,8.49,8.2,8.3,16844780.0,139987029.0,253336552.0,0.06649170783693306,603825
2024-07-23,8.26,8.38,8.18,8.23,10605200.0,87882480.0,253336552.0,0.04186209970995421,603825
2024-07-24,8.26,8.45,8.11,8.38,15635300.0,129992163.0,253336552.0,0.06171750533653746,603825
2024-07-25,8.2,8.65,8.1,8.56,17816020.0,150408731.0,253336552.0,0.07032550123284223,603825
2024-07-26,8.42,9.13,8.34,8.84,24977740.0,218382359.0,253336552.0,0.09859508942870589,603825
2024-07-29,8.72,8.73,8.51,8.59,16233900.0,139819761.0,253336552.0,0.06408037005256154,603825
2024-07-30,8.48,8.67,8.47,8.54,10416800.0,89248603.0,253336552.0,0.04111842494801145,603825
2024-07-31,8.4,8.9,8.36,8.8,18373840.0,160689746.0,253336552.0,0.07252739430984283,603825
2024-08-01,8.78,8.83,8.68,8.69,11387440.0,99486098.0,253336552.0,0.04494984995295902,603825
2024-08-02,8.67,8.78,8.49,8.5,8912500.0,77022563.0,253336552.0,0.035180474075450434,603825
2024-08-05,8.42,8.67,8.2,8.23,9516900.0,80310680.0,253336552.0,0.03756623323743666,603825
2024-08-06,8.33,8.44,8.23,8.42,7516400.0,62770609.0,253336552.0,0.029669623039631485,603825
2024-08-07,8.42,8.56,8.31,8.32,6142000.0,51544416.0,253336552.0,0.024244428810257117,603825
2024-08-08,8.26,8.34,8.08,8.27,6946300.0,56988711.0,253336552.0,0.02741925689428346,603825
2024-08-09,8.29,8.33,8.04,8.05,5803000.0,47341742.0,253336552.0,0.022906287916952466,603825
2024-08-12,8.1,8.1,7.85,7.95,4326400.0,34413018.0,253336552.0,0.017077677760452034,603825
2024-08-13,7.89,8.02,7.87,8.02,3555700.0,28272610.0,253336552.0,0.014035479570275355,603825
2024-08-14,8.05,8.14,8.01,8.07,3984700.0,32190185.0,253336552.0,0.015728879107820178,603825
2024-08-15,8.08,8.35,7.97,8.23,7954800.0,65308679.0,253336552.0,0.031400127368908064,603825
2024-08-16,8.23,8.26,8.06,8.07,5220300.0,42533366.0,253336552.0,0.020606185561410816,603825
2024-08-19,8.0,8.24,7.96,8.11,6787500.0,55131316.0,253336552.0,0.02679242275311302,603825
2024-08-20,8.21,8.81,8.04,8.3,17503600.0,146021664.0,253336552.0,0.06909228005913651,603825
2024-08-21,8.18,8.59,8.12,8.32,14988500.0,125453614.0,253336552.0,0.05916437987993142,603825
2024-08-22,8.21,8.37,7.86,7.86,13960100.0,112996384.0,253336552.0,0.055104957771747044,603825
2024-08-23,7.86,7.94,7.68,7.92,8365700.0,65539939.0,253336552.0,0.03302208044577792,603825
2024-08-26,7.98,8.02,7.76,7.84,5599000.0,44086297.0,253336552.0,0.022101034990008074,603825
2024-08-27,7.84,7.86,7.58,7.61,5504520.0,42210554.0,253336552.0,0.02172809235992128,603825
2024-08-28,7.75,7.85,7.56,7.74,7063701.0,54616899.0,253336552.0,0.027882676006421688,603825
2024-08-29,7.65,7.77,7.57,7.75,5578501.0,42814897.0,253336552.0,0.022020118912804972,603825
2024-08-30,7.75,8.12,7.7,8.02,10424720.0,83347614.0,253336552.0,0.041149687708704585,603825
2024-09-02,8.06,8.19,7.92,7.93,7315200.0,58890736.0,253336552.0,0.028875422603841232,603825
2024-09-03,7.98,8.72,7.98,8.26,15043300.0,124968197.0,253336552.0,0.059380692921090994,603825
2024-09-04,8.18,8.24,8.03,8.07,9585000.0,77739448.0,253336552.0,0.03783504561157839,603825
2024-09-05,8.08,8.29,8.05,8.26,10618500.0,87064240.0,253336552.0,0.041914599042936374,603825
2024-09-06,8.26,8.34,8.07,8.11,7381100.0,60542027.0,253336552.0,0.029135550877790427,603825
2024-09-09,8.0,8.18,7.93,8.13,4918700.0,39762445.0,253336552.0,0.019415674371379303,603825
2024-09-10,8.13,8.25,8.01,8.23,4624100.0,37649794.0,253336552.0,0.018252794409233136,603825
2024-09-11,8.24,9.05,8.1,9.05,14052500.0,124116403.0,253336552.0,0.05546968997983363,603825
2024-09-12,9.53,9.96,9.37,9.96,15265089.0,149463870.0,253336552.0,0.06025616469272859,603825
2024-09-13,9.73,10.12,8.96,8.98,45046310.0,425232951.0,253336552.0,0.17781212242913924,603825
2024-09-18,8.76,9.25,8.58,8.88,29040510.0,256764653.0,253336552.0,0.11463213567381307,603825
2024-09-19,8.79,9.2,8.51,9.07,31952500.0,284324213.0,253336552.0,0.12612668700093463,603825
2024-09-20,8.95,9.18,8.85,8.91,19697500.0,176233111.0,253336552.0,0.07775230161023113,603825
2024-09-23,8.85,8.98,8.77,8.8,15716900.0,139259303.0,253336552.0,0.062039606507315215,603825
2024-09-24,8.83,9.0,8.52,8.97,21622940.0,190545292.0,253336552.0,0.08535262609873999,603825
2024-09-25,9.1,9.87,9.03,9.49,45483710.0,433799372.0,253336552.0,0.17953867944014648,603825
2024-09-26,9.21,9.5,9.12,9.47,29170310.0,273387635.0,253336552.0,0.11514449758517278,603825
2024-09-27,9.49,9.83,9.4,9.74,22354740.0,214620002.0,253336552.0,0.08824127360823952,603825
2024-09-30,10.09,10.58,9.74,10.53,40976240.0,418449786.0,253336552.0,0.16174626076066592,603825
2024-10-08,11.58,11.58,10.15,11.16,40380540.0,441009775.0,253336552.0,0.1593948432676229,603825
2024-10-09,10.7,10.7,10.04,10.04,22595421.0,231872014.0,253336552.0,0.0891913181166214,603825
2024-10-10,9.87,10.2,9.54,9.75,13977818.0,137154481.0,253336552.0,0.05517489635684313,603825
2024-10-11,9.76,10.1,9.73,9.83,12397969.0,122737527.0,253336552.0,0.0489387295363521,603825
2024-10-14,9.92,10.34,9.72,10.18,13515968.0,135530799.0,253336552.0,0.05335182741415064,603825
2024-10-15,9.67,10.5,9.45,9.95,19368149.0,191857506.0,253336552.0,0.07645224839090728,603825
2024-10-16,9.63,10.16,9.55,9.91,11622400.0,114730986.0,253336552.0,0.04587731185352203,603825
2024-10-17,9.91,10.9,9.91,10.9,44454932.0,475357687.0,253336552.0,0.1754777652456563,603825
2024-10-18,10.79,11.06,10.4,10.83,44046997.0,471423138.0,253336552.0,0.17386751596745503,603825
2024-10-21,10.5,11.0,10.45,10.83,30380963.0,327978440.0,253336552.0,0.11992333028989832,603825
2024-10-22,10.78,11.5,10.66,11.17,34692604.0,387196228.0,253336552.0,0.13694274958001323,603825
2024-10-23,11.6,11.88,10.7,10.72,30813376.0,345441720.0,253336552.0,0.12163020202469638,603825
2024-10-24,10.32,10.68,10.29,10.45,16633412.0,173894832.0,253336552.0,0.0656573710689802,603825
2024-10-25,10.45,10.98,10.45,10.88,15983600.0,172667381.0,253336552.0,0.06309235628974692,603825
2024-10-28,10.93,11.8,10.88,11.33,24628779.0,280507000.0,253336552.0,0.09721762929812039,603825
2024-10-29,11.46,11.75,10.86,10.89,16147141.0,179354720.0,253336552.0,0.06373790466683228,603825
2024-10-30,10.7,11.98,10.7,11.38,42217331.0,488043405.0,253336552.0,0.16664524193887348,603825
2024-10-31,11.22,11.53,10.82,11.19,33260577.0,368249658.0,253336552.0,0.13129008324073188,603825
2024-11-01,11.04,11.11,10.3,10.75,24000910.0,257503697.0,253336552.0,0.09473923052367114,603825
2024-11-04,10.85,11.42,10.38,11.14,19902660.0,219045383.0,253336552.0,0.07856213342636795,603825
2024-11-05,11.08,11.44,11.01,11.36,20992435.0,236714247.0,253336552.0,0.08286382219333277,603825
2024-11-06,11.49,11.78,11.31,11.51,20277220.0,233443771.0,253336552.0,0.08004064095733016,603825
2024-11-07,11.7,11.86,11.55,11.74,17443720.0,204070774.0,253336552.0,0.06885591464116872,603825
2024-11-08,11.88,12.0,11.56,11.75,22607297.0,265755364.0,253336552.0,0.08923819646838803,603825
2024-11-11,11.9,12.46,11.87,12.29,23586298.0,287445464.0,253336552.0,0.09310262500138551,603825
2024-11-12,12.42,13.24,12.18,12.78,28630200.0,365452114.0,253336552.0,0.11301251151472212,603825
2024-11-13,12.74,14.0,12.74,13.75,34366870.0,463206372.0,253336552.0,0.13565697381086958,603825
2024-11-14,13.2,13.96,13.2,13.23,25016584.0,338419868.0,253336552.0,0.09874841905955994,603825
2024-11-15,13.46,13.98,13.3,13.43,26009745.0,353881565.0,253336552.0,0.10266874161925121,603825
2024-11-18,13.42,13.9,12.74,13.38,27443572.0,368023719.0,253336552.0,0.10832851313141738,603825
2024-11-19,13.14,13.23,12.04,12.48,30485972.0,377303408.0,253336552.0,0.12033783423404294,603825
2024-11-20,11.98,13.73,11.8,13.73,41160371.0,541196144.0,253336552.0,0.16247308442091687,603825
2024-11-21,13.46,14.85,13.1,13.65,49344177.0,689287688.0,253336552.0,0.19477717135741232,603825
2024-11-22,13.36,13.47,12.58,12.62,29345426.0,381578731.0,253336552.0,0.1158357361712257,603825
2024-11-25,12.51,13.88,11.78,13.88,49935393.0,666788143.0,253336552.0,0.19711088907533564,603825
2024-11-26,13.39,13.81,12.65,13.15,39840280.0,524245286.0,253336552.0,0.15726226509943184,603825
2024-11-27,12.72,13.45,12.55,13.18,23746979.0,307855326.0,253336552.0,0.09373688404822057,603825
2024-11-28,13.05,13.56,12.75,12.82,21555916.0,281933988.0,253336552.0,0.08508806103905606,603825
2024-11-29,12.75,13.45,12.6,13.03,20323600.0,264241370.0,253336552.0,0.08022371757866192,603825
2024-12-02,12.97,14.09,12.9,13.61,24398600.0,329109223.0,253336552.0,0.09630903952620307,603825
2024-12-03,13.6,13.64,13.13,13.24,18653800.0,248656342.0,253336552.0,0.07363248553252592,603825
2024-12-04,13.24,13.54,12.47,12.55,19455930.0,250359425.0,253336552.0,0.07679874793590781,603825
2024-12-05,13.0,13.81,12.83,13.81,14155380.0,194035225.0,253336552.0,0.05587579008338284,603825
2024-12-06,15.19,15.19,15.19,15.19,3950601.0,60009629.0,253336552.0,0.015594279502154114,603825
2024-12-09,16.71,16.71,16.71,16.71,1954100.0,32653011.0,253336552.0,0.007713454630108015,603825
2024-12-10,18.38,18.38,17.45,18.38,83303711.0,1520708349.0,253336552.0,0.328826260333724,603825
2024-12-11,16.54,16.54,16.54,16.54,10084600.0,166799284.0,253336552.0,0.03980712581893828,603825
2024-12-12,16.0,17.4,15.25,15.52,70942334.0,1147290964.0,253336552.0,0.2800319710674834,603825
2024-12-13,14.89,16.48,14.88,15.72,54405061.0,854335957.0,253336552.0,0.2147540912295988,603825
2024-12-16,15.5,16.12,14.95,15.17,37960981.0,588258858.0,253336552.0,0.14984407382318837,603825
2024-12-17,15.01,15.29,13.98,14.17,31930484.0,461755113.0,253336552.0,0.12603978284191694,603825
2024-12-18,14.15,14.55,14.0,14.33,20356500.0,291472542.0,253336552.0,0.08035358434972305,603825
2024-12-19,14.09,14.42,13.7,14.03,20155500.0,281675728.0,253336552.0,0.07956017337758667,603825
2024-12-20,13.99,14.46,13.88,14.42,21390080.0,303522054.0,253336552.0,0.08443345356654258,603825
2024-12-23,14.23,14.29,12.98,12.98,26125300.0,349694225.0,253336552.0,0.10312487398186425,603825
2024-12-24,12.9,13.24,12.6,13.21,15850221.0,205876095.0,253336552.0,0.06256586692630127,603825
2024-12-25,13.11,13.3,12.52,12.78,14871100.0,191682200.0,253336552.0,0.058700964715111464,603825
2024-12-26,13.53,14.06,13.53,14.06,8878100.0,124631924.0,253336552.0,0.0350446863269853,603825
2024-12-27,13.88,13.88,13.3,13.41,22281100.0,302710798.0,253336552.0,0.08795059309088568,603825
2024-12-30,13.82,14.75,13.07,14.75,46692271.0,679241889.0,253336552.0,0.18430925435505258,603825
2024-12-31,14.63,16.15,14.33,15.09,56895136.0,850178549.0,253336552.0,0.22458320976911378,603825
