日期,开盘,最高,最低,收盘,成交量,成交额,outstanding_share,换手率,股票代码
2020-01-02,17.33,18.06,17.12,17.98,12630416.0,222861930.0,254979064.0,0.04953511006691906,603936
2020-01-03,17.9,18.08,17.71,18.05,9807097.0,175570400.0,254979064.0,0.03846236175688526,603936
2020-01-06,17.8,18.52,17.65,18.3,12201929.0,221056669.0,254979064.0,0.04785463091981544,603936
2020-01-07,18.3,18.86,18.12,18.8,15131501.0,280756702.0,268376689.0,0.05638157716447571,603936
2020-01-08,18.75,20.68,18.45,20.22,32320706.0,634810063.0,268376689.0,0.12043037761748376,603936
2020-01-09,19.91,20.63,19.73,20.22,22887872.0,461353426.0,268376689.0,0.08528263794177743,603936
2020-01-10,20.32,21.76,19.96,21.06,24401204.0,509433106.0,268376689.0,0.0909214734369124,603936
2020-01-13,20.88,23.17,20.69,23.17,27147164.0,605449591.0,268376689.0,0.10115321155929456,603936
2020-01-14,23.55,24.63,22.08,22.44,33603409.0,775272051.0,268376689.0,0.1252098650043335,603936
2020-01-15,22.0,22.94,21.9,22.64,18178241.0,407172092.0,268376689.0,0.0677340534594642,603936
2020-01-16,22.25,23.85,22.25,23.07,21361017.0,494601213.0,268376689.0,0.07959341431475817,603936
2020-01-17,23.25,23.3,22.18,22.46,13774284.0,312227216.0,268376689.0,0.05132444271268284,603936
2020-01-20,22.11,23.28,21.6,23.03,15812451.0,357541298.0,268376689.0,0.05891886906764842,603936
2020-01-21,23.41,23.5,22.56,22.77,13209136.0,302941061.0,268376689.0,0.04921864134034383,603936
2020-01-22,22.43,24.98,22.39,24.5,22814139.0,543755677.0,268376689.0,0.08500790096564609,603936
2020-01-23,24.08,24.57,22.88,23.03,18144429.0,430632384.0,268376689.0,0.06760806636227634,603936
2020-02-03,20.73,20.73,20.73,20.73,682800.0,14154444.0,268376689.0,0.0025441851993337618,603936
2020-02-04,18.66,21.37,18.66,20.14,19464323.0,392183323.0,268376689.0,0.07252613135859948,603936
2020-02-05,20.16,20.98,19.71,20.04,18205843.0,371580831.0,268376689.0,0.06783690143818713,603936
2020-02-06,19.85,20.7,19.58,20.49,14206053.0,287212974.0,268376689.0,0.05293325978844608,603936
2020-02-07,20.46,21.8,20.22,21.75,20155375.0,422829367.0,268376689.0,0.07510106438491758,603936
2020-02-10,21.32,21.63,20.8,21.37,15734168.0,334757162.0,268376689.0,0.05862717830906693,603936
2020-02-11,21.5,22.43,21.22,21.95,19642745.0,432945591.0,268376689.0,0.07319095064921977,603936
2020-02-12,21.85,22.44,21.35,22.35,17984371.0,394921457.0,268376689.0,0.06701167328284612,603936
2020-02-13,22.13,22.7,21.75,22.03,18642362.0,413911255.0,268376689.0,0.06946341751760712,603936
2020-02-14,21.78,23.46,21.5,22.93,23367252.0,530465307.0,268376689.0,0.08706885865187793,603936
2020-02-17,22.89,24.17,22.72,24.01,21910658.0,516868750.0,268376689.0,0.08164143496084342,603936
2020-02-18,23.67,24.44,23.18,24.44,23746069.0,564966076.0,268376689.0,0.08848037096098164,603936
2020-02-19,24.35,24.67,23.53,23.64,20416859.0,491514173.0,268376689.0,0.07607538149485107,603936
2020-02-20,23.67,23.86,22.85,23.84,18806715.0,441977619.0,268376689.0,0.0700758142224491,603936
2020-02-21,23.62,24.43,23.53,23.86,18815574.0,452393972.0,268376689.0,0.07010882379579547,603936
2020-02-24,23.58,26.25,23.47,26.25,32490916.0,825495096.0,268376689.0,0.12106459812536102,603936
2020-02-25,25.31,26.23,24.03,25.94,33270052.0,850824077.0,268376689.0,0.12396774147549007,603936
2020-02-26,25.4,25.87,23.35,23.46,22030885.0,541850689.0,268376689.0,0.08208941351087315,603936
2020-02-27,23.83,24.02,22.85,23.63,13270773.0,312465311.0,268376689.0,0.049448307337899976,603936
2020-02-28,22.52,22.78,21.28,21.32,15459778.0,338754056.0,268376689.0,0.05760477207467151,603936
2020-03-02,22.0,22.86,21.53,22.53,12607874.0,280884577.0,268376689.0,0.04697827537472899,603936
2020-03-03,22.98,23.75,22.55,22.96,14329589.0,332167646.0,268376689.0,0.053393568023339014,603936
2020-03-04,22.55,23.25,21.85,22.67,10922184.0,247428219.0,268376689.0,0.040697215695957856,603936
2020-03-05,23.37,23.38,22.28,22.62,11227394.0,255438129.0,268376689.0,0.041834460518290394,603936
2020-03-06,22.3,22.59,21.93,21.98,8772259.0,194544276.0,268376689.0,0.03268636718295604,603936
2020-03-09,21.56,21.86,20.36,20.45,10824708.0,229102528.0,268376689.0,0.040334009784284953,603936
2020-03-10,20.21,21.65,20.2,21.59,11177962.0,234193261.0,268376689.0,0.04165027164486704,603936
2020-03-11,21.7,21.94,20.69,20.81,10304275.0,220847670.0,268376689.0,0.03839482124321163,603936
2020-03-12,20.8,21.37,20.33,20.54,7639936.0,159116271.0,268376689.0,0.028467211621349124,603936
2020-03-13,19.4,20.63,19.37,20.2,9012007.0,180571211.0,268376689.0,0.033579693652156205,603936
2020-03-16,20.33,20.5,18.5,18.76,10101118.0,197122706.0,268376689.0,0.037637836719865043,603936
2020-03-17,19.2,19.44,18.0,18.77,7943673.0,148184740.0,268376689.0,0.02959896788949505,603936
2020-03-18,19.0,19.4,18.37,18.43,8404051.0,159249918.0,268376689.0,0.031314385132756445,603936
2020-03-19,18.34,19.15,18.22,18.96,7509585.0,139987034.0,268376689.0,0.027981509973841284,603936
2020-03-20,19.15,19.2,18.57,18.82,6186801.0,116483180.0,268376689.0,0.023052676531082773,603936
2020-03-23,18.0,18.22,17.24,17.46,7383167.0,131852312.0,268376689.0,0.027510463101361238,603936
2020-03-24,17.8,18.15,17.41,18.1,6533726.0,116790978.0,268376689.0,0.02434535586658199,603936
2020-03-25,18.5,18.71,18.23,18.45,6261685.0,115740870.0,268376689.0,0.023331702255258095,603936
2020-03-26,18.26,18.88,18.15,18.51,6208651.0,114974212.0,268376689.0,0.023134091947903865,603936
2020-03-27,18.77,18.86,17.93,18.03,5114840.0,94052754.0,268376689.0,0.01905843618183992,603936
2020-03-30,17.53,17.6,16.65,17.1,6435283.0,109648634.0,268376689.0,0.023978546810375173,603936
2020-03-31,17.38,17.55,17.04,17.12,3608980.0,62333636.0,268376689.0,0.013447442150983539,603936
2020-04-01,17.06,17.62,17.03,17.24,4822121.0,83809428.0,268376689.0,0.017967734149965612,603936
2020-04-02,17.2,18.05,17.05,18.03,6690237.0,117990242.0,268376689.0,0.024928532447913165,603936
2020-04-03,18.0,18.18,17.65,17.82,5533389.0,98790651.0,268376689.0,0.020617994135846873,603936
2020-04-07,18.2,18.47,18.2,18.35,5642570.0,103384116.0,268376689.0,0.021024814118636062,603936
2020-04-08,18.35,18.69,18.2,18.53,5417054.0,100166857.0,268376689.0,0.020184517590497587,603936
2020-04-09,18.66,18.92,18.54,18.62,5267096.0,98492313.0,268376689.0,0.01962575818200067,603936
2020-04-10,18.8,18.8,17.75,17.85,5530459.0,100226366.0,268376689.0,0.020607076645170176,603936
2020-04-13,17.58,18.09,17.5,17.8,3385680.0,60223209.0,268376689.0,0.012615402673814193,603936
2020-04-14,17.85,18.43,17.83,18.37,4241219.0,76954305.0,268376689.0,0.015803231703182687,603936
2020-04-15,18.36,18.6,18.16,18.18,4615027.0,84799149.0,268376689.0,0.017196079947167094,603936
2020-04-16,18.06,18.35,17.86,18.29,4084761.0,74073642.0,268376689.0,0.01522025260547126,603936
2020-04-17,18.49,18.68,18.19,18.21,5201515.0,96091272.0,268376689.0,0.01938139642225037,603936
2020-04-20,18.31,18.55,18.16,18.52,4000620.0,73757624.0,268376689.0,0.014906734317748438,603936
2020-04-21,18.31,18.47,18.18,18.41,3843036.0,70340283.0,268376689.0,0.014319559624643853,603936
2020-04-22,18.38,18.65,18.1,18.59,3890900.0,71821178.0,268376689.0,0.01449790596380746,603936
2020-04-23,18.75,18.75,18.06,18.07,5105337.0,93692406.0,268376689.0,0.019023026996208302,603936
2020-04-24,18.06,18.26,17.24,17.33,5325772.0,93899041.0,268376689.0,0.019844391179593097,603936
2020-04-27,17.38,17.5,17.13,17.37,2860068.0,49690900.0,268376689.0,0.010656916629595949,603936
2020-04-28,17.31,17.44,16.36,16.9,5354856.0,90315103.0,268376689.0,0.01995276124745693,603936
2020-04-29,16.89,18.22,16.89,17.55,7034941.0,124234097.0,268376689.0,0.026212936101913085,603936
2020-04-30,17.4,18.34,17.4,18.22,7839241.0,141436637.0,268376689.0,0.02920984318425659,603936
2020-05-06,18.01,18.63,17.92,18.63,8177523.0,150491426.0,268376689.0,0.03047031778531257,603936
2020-05-07,18.75,18.9,18.35,18.4,6402489.0,118772849.0,268376689.0,0.023856352889128907,603936
2020-05-08,18.57,18.73,18.41,18.59,6013185.0,111758751.0,268376689.0,0.0224057649060571,603936
2020-05-11,18.74,18.83,18.23,18.43,4873980.0,90270609.0,268376689.0,0.01816096628273106,603936
2020-05-12,18.48,18.49,18.13,18.4,3403767.0,62326116.0,268376689.0,0.0126827967536331,603936
2020-05-13,18.45,19.48,18.35,19.38,12582442.0,238757178.0,268376689.0,0.04688351304609768,603936
2020-05-14,19.15,19.54,19.02,19.05,7603127.0,146056863.0,268376689.0,0.028330057384380356,603936
2020-05-15,19.22,19.35,18.8,19.01,6527938.0,124782470.0,268376689.0,0.024323789164862972,603936
2020-05-18,19.02,19.33,18.56,18.68,6488353.0,122955608.0,268376689.0,0.02417629125754659,603936
2020-05-19,18.92,19.2,18.74,19.2,5004927.0,95058316.0,268376689.0,0.018648888689434574,603936
2020-05-20,19.0,19.18,18.56,18.68,5188783.0,97843602.0,268376689.0,0.01933395564023819,603936
2020-05-21,18.8,18.8,17.66,17.77,6021308.0,109214958.0,268376689.0,0.022436032065363175,603936
2020-05-22,17.71,17.99,17.31,17.46,3682219.0,64974188.0,268376689.0,0.013720338430734572,603936
2020-05-25,17.46,17.66,17.27,17.34,2711206.0,47290939.0,268376689.0,0.010102241033311206,603936
2020-05-26,17.43,17.88,17.39,17.81,2921335.0,51609166.0,268376689.0,0.010885203967919881,603936
2020-05-27,17.66,17.94,17.51,17.83,3138082.0,55693650.0,268376689.0,0.011692826272254965,603936
2020-05-28,17.93,17.96,17.31,17.67,3463825.0,61010810.0,268376689.0,0.012906579229763133,603936
2020-05-29,17.61,17.75,17.46,17.52,2451215.0,43138388.0,268376689.0,0.009133486999684984,603936
2020-06-01,17.6,18.7,17.53,18.58,6062483.0,111148754.0,268376689.0,0.02258945448127203,603936
2020-06-02,18.67,19.25,18.66,19.15,9427162.0,179451967.0,268376689.0,0.03512660520228715,603936
2020-06-03,19.24,19.42,19.01,19.08,7024643.0,134814960.0,268376689.0,0.026174564661985228,603936
2020-06-04,13.81,14.12,13.65,13.83,8166412.0,113554042.0,268376689.0,0.030428917021179884,603936
2020-06-05,13.7,13.97,13.43,13.65,7773169.0,106430747.0,375727365.0,0.020688322768292376,603936
2020-06-08,13.89,13.99,13.53,13.62,7301878.0,100261403.0,375727365.0,0.019433979742199507,603936
2020-06-09,13.62,13.79,13.39,13.52,5252868.0,71051723.0,375727365.0,0.013980530803232817,603936
2020-06-10,13.54,13.59,13.21,13.28,4404972.0,58547717.0,375727365.0,0.011723851947807954,603936
2020-06-11,13.26,13.72,13.21,13.44,7285648.0,98183320.0,375727365.0,0.019390783527305763,603936
2020-06-12,13.12,13.3,13.0,13.15,5908211.0,77919189.0,375727365.0,0.015724729019937104,603936
2020-06-15,13.16,13.44,13.03,13.03,5578146.0,73776696.0,375727365.0,0.014846259601027463,603936
2020-06-16,13.15,13.38,13.15,13.33,6478551.0,86081774.0,375727365.0,0.017242691386079905,603936
2020-06-17,13.3,13.44,13.15,13.29,6047651.0,80211050.0,396659976.0,0.01524643615669457,603936
2020-06-18,13.32,13.45,13.2,13.38,6687790.0,89020522.0,396659976.0,0.01686025917573292,603936
2020-06-19,13.43,13.75,13.37,13.41,7167292.0,96552027.0,396659976.0,0.0180691081370912,603936
2020-06-22,13.27,13.62,13.12,13.6,10136175.0,136040231.0,396659976.0,0.025553813374909296,603936
2020-06-23,13.54,13.6,13.27,13.47,8293548.0,111251524.0,396659976.0,0.020908456869366623,603936
2020-06-24,13.5,14.03,13.34,14.0,16148310.0,221796611.0,396659976.0,0.040710711886898315,603936
2020-06-29,14.03,14.93,13.82,14.7,22410066.0,325318527.0,396659976.0,0.05649691765221102,603936
2020-06-30,14.8,14.89,14.51,14.77,15004270.0,220396165.0,396659976.0,0.03782652878494602,603936
2020-07-01,14.7,14.8,14.36,14.64,11795295.0,171872326.0,396659976.0,0.029736539388082857,603936
2020-07-02,14.6,15.18,14.5,15.01,14030296.0,209262996.0,396659976.0,0.03537109072985977,603936
2020-07-03,14.9,15.0,14.61,14.82,9797506.0,144797865.0,396659976.0,0.024700011578682696,603936
2020-07-06,14.88,15.6,14.68,15.3,14504172.0,220123627.0,396659976.0,0.03656575625870557,603936
2020-07-07,15.35,15.86,15.17,15.41,15446659.0,239652796.0,396659976.0,0.03894181398326914,603936
2020-07-08,15.41,15.58,15.16,15.45,11926436.0,183495489.0,396659976.0,0.030067152527634904,603936
2020-07-09,15.55,16.5,15.41,16.25,19154446.0,306916964.0,396659976.0,0.048289333834881286,603936
2020-07-10,15.95,16.59,15.75,16.09,15842055.0,255986195.0,396659976.0,0.039938627435403266,603936
2020-07-13,16.13,16.48,16.13,16.47,11969332.0,195842057.0,396659976.0,0.030175295528178016,603936
2020-07-14,16.6,16.6,15.67,15.83,13108233.0,209886244.0,396659976.0,0.033046522949419024,603936
2020-07-15,15.96,15.96,15.05,15.23,12364214.0,190446773.0,396659976.0,0.031170813160135924,603936
2020-07-16,15.3,15.99,14.85,15.03,17581592.0,269771024.0,396659976.0,0.04432408880093312,603936
2020-07-17,15.1,15.68,14.38,14.77,14331046.0,214106979.0,396659976.0,0.03612929679600445,603936
2020-07-20,14.8,15.49,14.57,15.47,12072066.0,182416831.0,396659976.0,0.030434293174061,603936
2020-07-21,15.55,15.7,15.22,15.4,7427616.0,114588015.0,396659976.0,0.01872539819848121,603936
2020-07-22,15.39,15.58,15.22,15.27,7935257.0,122278190.0,396659976.0,0.020005187011860253,603936
2020-07-23,15.12,15.19,14.41,14.85,10687982.0,157965069.0,396659976.0,0.026944946923508108,603936
2020-07-24,14.85,15.15,14.07,14.1,9153039.0,133652290.0,396659976.0,0.023075277451234454,603936
2020-07-27,14.11,14.52,14.03,14.25,5947027.0,84494086.0,396659976.0,0.0149927579282665,603936
2020-07-28,14.25,14.54,14.25,14.44,4353458.0,62693543.0,396659976.0,0.010975289324375899,603936
2020-07-29,14.38,14.84,14.33,14.75,5686284.0,83109079.0,396659976.0,0.014335411546538288,603936
2020-07-30,15.47,15.96,15.4,15.6,23843271.0,374218922.0,396659976.0,0.060110100445324485,603936
2020-07-31,15.6,16.32,15.46,15.95,24406167.0,390454189.0,396659976.0,0.06152918992764725,603936
2020-08-03,16.29,16.29,15.77,15.95,23547571.0,375824761.0,396659976.0,0.059364625686358634,603936
2020-08-04,16.0,16.01,15.4,15.45,17486569.0,272316998.0,396659976.0,0.044084530978744374,603936
2020-08-05,15.9,16.06,15.59,15.64,19537746.0,308444921.0,396659976.0,0.04925565265500848,603936
2020-08-06,15.52,15.97,15.36,15.93,22776228.0,358527747.0,396659976.0,0.05742003070155987,603936
2020-08-07,15.91,15.92,14.9,15.07,21322101.0,324867506.0,396659976.0,0.053754102480962185,603936
2020-08-10,14.99,15.65,14.92,15.32,17537067.0,269797324.0,396659976.0,0.04421183900843074,603936
2020-08-11,15.34,15.34,14.68,14.68,15963235.0,239294495.0,396659976.0,0.04024412838667645,603936
2020-08-12,14.73,14.87,14.37,14.77,10810213.0,158210996.0,396659976.0,0.027253097499305046,603936
2020-08-13,14.85,14.9,14.64,14.65,6958710.0,102568773.0,396659976.0,0.017543262292740117,603936
2020-08-14,14.58,14.98,14.56,14.96,8906919.0,131975449.0,396659976.0,0.022454796397204442,603936
2020-08-17,14.99,15.92,14.86,15.92,21784649.0,338396635.0,396659976.0,0.05492020954491259,603936
2020-08-18,15.83,16.08,15.74,15.87,16864935.0,268268981.0,396659976.0,0.04251736000710089,603936
2020-08-19,15.82,16.15,15.63,15.81,16565642.0,263079840.0,396659976.0,0.04176282711215613,603936
2020-08-20,15.7,16.06,15.36,15.47,14206786.0,222403917.0,396659976.0,0.03581603100787764,603936
2020-08-21,15.49,16.1,15.48,15.68,12650393.0,199587616.0,396659976.0,0.031892284993230574,603936
2020-08-24,15.6,15.98,15.28,15.9,12686269.0,199375959.0,396659976.0,0.03198273021626966,603936
2020-08-25,15.91,16.43,15.8,16.18,21429893.0,347465641.0,396659976.0,0.054025851602431396,603936
2020-08-26,16.05,16.08,15.15,15.21,18277576.0,283912307.0,396659976.0,0.04607869990896182,603936
2020-08-27,15.28,15.53,15.05,15.47,9341449.0,143400398.0,396659976.0,0.023550268656296194,603936
2020-08-28,15.47,15.71,15.35,15.62,8275710.0,128617151.0,396659976.0,0.020863486362939727,603936
2020-08-31,15.7,16.17,15.61,15.9,15840900.0,253140953.0,396659976.0,0.03993571562158316,603936
2020-09-01,15.93,16.14,15.81,16.07,11308157.0,180971606.0,396659976.0,0.028508439681849827,603936
2020-09-02,16.13,16.23,15.63,16.0,13716518.0,218275657.0,396659976.0,0.03458004041224467,603936
2020-09-03,16.05,16.06,15.4,15.53,12116202.0,188880992.0,396659976.0,0.030545562277752975,603936
2020-09-04,15.26,15.77,15.2,15.7,10074800.0,157020977.0,396659976.0,0.0253990838742954,603936
2020-09-07,15.8,16.54,15.71,16.14,26271221.0,426844943.0,396659976.0,0.06623108604231852,603936
2020-09-08,16.3,16.37,15.58,16.09,20264602.0,321672737.0,396659976.0,0.051088093647240075,603936
2020-09-09,15.92,16.69,15.85,16.09,27874609.0,454536751.0,396659976.0,0.07027330884525643,603936
2020-09-10,16.25,16.45,14.48,14.48,31841533.0,482696742.0,396659976.0,0.08027412627080883,603936
2020-09-11,14.01,14.1,13.38,14.1,17145093.0,235507464.0,396659976.0,0.043223652592567094,603936
2020-09-14,14.11,14.33,13.86,14.13,11142974.0,157067152.0,396659976.0,0.02809200492665789,603936
2020-09-15,14.05,14.1,13.72,13.89,7696271.0,106726447.0,396659976.0,0.019402691135139885,603936
2020-09-16,13.76,13.89,13.5,13.61,7109369.0,96905569.0,396659976.0,0.01792308130427558,603936
2020-09-17,13.7,13.96,13.46,13.88,7040621.0,96853085.0,396659976.0,0.017749764095180604,603936
2020-09-18,13.84,14.15,13.77,14.11,7437088.0,104403725.0,396659976.0,0.01874927759285701,603936
2020-09-21,14.12,14.35,14.02,14.2,6554499.0,93128749.0,396659976.0,0.016524225776688897,603936
2020-09-22,14.04,14.21,13.92,13.98,4277891.0,60129905.0,396659976.0,0.010784781069013124,603936
2020-09-23,14.0,14.1,13.72,13.95,3982674.0,55444350.0,396659976.0,0.010040523977644773,603936
2020-09-24,13.82,13.94,13.53,13.6,4816993.0,65852528.0,396659976.0,0.012143884665590762,603936
2020-09-25,13.66,13.77,13.48,13.66,3739689.0,50815694.0,396659976.0,0.009427946418269334,603936
2020-09-28,13.65,13.88,13.5,13.65,3195045.0,43709348.0,396659976.0,0.008054871157457035,603936
2020-09-29,13.68,13.85,13.55,13.76,3821877.0,52526992.0,396659976.0,0.009635146551816461,603936
2020-09-30,13.69,13.8,13.48,13.6,4327403.0,58815192.0,396659976.0,0.010909603342485958,603936
2020-10-09,13.8,14.14,13.76,13.99,6854768.0,95861784.0,396659976.0,0.017281219217337926,603936
2020-10-12,14.1,15.39,14.06,15.1,22392469.0,334574952.0,396659976.0,0.05645255471905741,603936
2020-10-13,15.1,15.46,14.96,15.35,15481122.0,235831522.0,396659976.0,0.039028696961349085,603936
2020-10-14,15.34,15.88,15.34,15.78,17818174.0,278713392.0,396659976.0,0.04492052407122618,603936
2020-10-15,15.16,15.78,15.12,15.53,18861683.0,289805430.0,396659976.0,0.04755126340248657,603936
2020-10-16,15.57,15.98,15.57,15.8,12866068.0,203570564.0,396659976.0,0.03243601265180332,603936
2020-10-19,15.89,15.93,15.52,15.64,8486575.0,132969028.0,396659976.0,0.02139508776655601,603936
2020-10-20,15.63,15.9,15.4,15.9,7601307.0,119553413.0,396659976.0,0.019163282054955804,603936
2020-10-21,15.9,16.17,15.6,15.91,11662306.0,186034563.0,396659976.0,0.029401267346418635,603936
2020-10-22,15.85,15.95,15.6,15.91,5444694.0,86028885.0,396659976.0,0.013726350853205315,603936
2020-10-23,15.92,16.13,15.56,15.61,6747528.0,106710511.0,396659976.0,0.01701086171598014,603936
2020-10-26,15.63,15.75,15.2,15.42,6248645.0,96703153.0,396659976.0,0.015753152266615375,603936
2020-10-27,15.42,15.56,15.11,15.26,5050310.0,77044169.0,396659976.0,0.012732088704608806,603936
2020-10-28,15.28,15.3,14.62,15.14,8705714.0,130175827.0,396659976.0,0.021947548345538144,603936
2020-10-29,15.0,15.04,14.6,14.8,4870936.0,72157554.0,396659976.0,0.012279877715718916,603936
2020-10-30,14.96,15.12,14.65,14.66,6895365.0,102377602.0,396659976.0,0.01738356632180102,603936
2020-11-02,14.69,14.83,14.25,14.46,6273493.0,90878798.0,396659976.0,0.01581579534003703,603936
2020-11-03,14.74,14.88,14.55,14.67,7788744.0,114614033.0,396659976.0,0.01963582027746606,603936
2020-11-04,14.87,15.04,14.65,14.88,8907545.0,132501307.0,396659976.0,0.02245637457508443,603936
2020-11-05,14.96,15.09,14.62,14.91,10282610.0,153036243.0,396659976.0,0.025922983467331222,603936
2020-11-06,14.94,15.01,14.48,14.52,7822528.0,114764725.0,396659976.0,0.019720991461966913,603936
2020-11-09,14.62,15.46,14.56,14.89,21766283.0,327793880.0,396659976.0,0.054873907923596504,603936
2020-11-10,14.85,14.93,13.73,13.84,22265017.0,318317282.0,396659976.0,0.05613124173637322,603936
2020-11-11,13.79,14.03,13.56,13.62,10954638.0,150654723.0,396659976.0,0.027617200279364713,603936
2020-11-12,13.6,13.82,13.59,13.65,6187665.0,84647714.0,396659976.0,0.015599418581117446,603936
2020-11-13,13.64,13.81,13.46,13.77,5839611.0,79894384.0,396659976.0,0.014721956721945649,603936
2020-11-16,13.8,13.93,13.65,13.89,5371923.0,74048457.0,396659976.0,0.013542891456233034,603936
2020-11-17,13.83,13.83,13.56,13.71,5226408.0,71359093.0,396659976.0,0.013176040730663485,603936
2020-11-18,13.98,14.2,13.73,13.8,9659909.0,134651350.0,396659976.0,0.024353122534349167,603936
2020-11-19,13.7,14.0,13.59,13.98,6613527.0,91644087.0,396659976.0,0.0166730383707783,603936
2020-11-20,13.84,14.0,13.8,13.92,4326521.0,60019675.0,396659976.0,0.010907379775568786,603936
2020-11-23,13.88,13.89,13.65,13.73,6437783.0,88437904.0,396659976.0,0.016229978796751605,603936
2020-11-24,13.72,13.85,13.63,13.68,4842769.0,66540722.0,396659976.0,0.012208867274272209,603936
2020-11-25,13.7,13.82,13.65,13.65,4492708.0,61620576.0,396659976.0,0.011326345665890929,603936
2020-11-26,13.69,13.75,13.45,13.5,5168676.0,69942879.0,396659976.0,0.013030495418574825,603936
2020-11-27,13.52,13.52,13.06,13.23,6876286.0,91183676.0,396659976.0,0.017335467191174337,603936
2020-11-30,13.24,13.48,13.23,13.36,4044376.0,54115838.0,396659976.0,0.010196077861911634,603936
2020-12-01,14.7,14.7,14.11,14.7,36857631.0,535444762.0,396659976.0,0.09291996478112025,603936
2020-12-02,14.8,15.09,14.56,14.92,34448343.0,510619583.0,396659976.0,0.08684602703651653,603936
2020-12-03,14.76,15.07,14.62,14.72,19502818.0,288832637.0,396659976.0,0.04916759738824771,603936
2020-12-04,14.73,15.1,14.6,14.99,19448480.0,290157808.0,396659976.0,0.04903060852300359,603936
2020-12-07,15.04,15.26,14.85,14.98,15694764.0,235725420.0,396659976.0,0.039567299323388254,603936
2020-12-08,14.86,15.18,14.75,15.15,14145104.0,211671504.0,396659976.0,0.035660527544629304,603936
2020-12-09,15.0,15.01,14.47,14.47,14749391.0,217016672.0,396659976.0,0.037183965845850805,603936
2020-12-10,14.3,14.46,13.76,13.8,15363115.0,215116153.0,396659976.0,0.03873119530466568,603936
2020-12-11,13.97,14.17,13.48,13.61,10121573.0,139334046.0,396659976.0,0.02551700098928055,603936
2020-12-14,13.64,13.76,13.33,13.73,7365371.0,99954019.0,396659976.0,0.01856847538356126,603936
2020-12-15,13.58,13.73,13.49,13.53,5427070.0,73627945.0,396659976.0,0.013681919851676692,603936
2020-12-16,13.54,13.54,13.2,13.25,6930676.0,92449169.0,396659976.0,0.017472587151066636,603936
2020-12-17,13.21,13.72,13.14,13.69,7487470.0,100738195.0,396659976.0,0.0188762931806359,603936
2020-12-18,13.69,13.74,13.4,13.45,5286338.0,71524868.0,396659976.0,0.013327127312688588,603936
2020-12-21,13.4,13.72,13.27,13.62,7954908.0,107800450.0,396659976.0,0.020054728183616893,603936
2020-12-22,13.6,13.6,12.81,12.82,12908732.0,170084477.0,396659976.0,0.03254357076853148,603936
2020-12-23,12.81,12.9,12.46,12.61,10854319.0,137343895.0,396659976.0,0.027364290971469227,603936
2020-12-24,12.61,12.68,12.07,12.1,9742045.0,119710340.0,396659976.0,0.024560191573248118,603936
2020-12-25,12.08,12.34,12.06,12.25,5395567.0,66015376.0,396659976.0,0.013602499184339183,603936
2020-12-28,12.26,12.28,11.91,11.91,7697174.0,93183314.0,396659976.0,0.019404967644126515,603936
2020-12-29,11.96,12.47,11.93,12.23,6866170.0,84122615.0,396659976.0,0.01730996424000187,603936
2020-12-30,12.17,12.34,12.06,12.26,4504424.0,55073479.0,396659976.0,0.011355882298545795,603936
2020-12-31,12.23,12.62,12.22,12.56,7092896.0,88162901.0,396659976.0,0.017881552032363357,603936
2021-01-04,12.58,12.66,12.36,12.55,8129775.0,101858221.0,396659976.0,0.02049557679598105,603936
2021-01-05,12.49,12.67,12.45,12.67,6932877.0,87195412.0,396659976.0,0.01747813598415586,603936
2021-01-06,12.61,12.64,12.11,12.13,7401896.0,91142747.0,396659976.0,0.018660556768651648,603936
2021-01-07,12.01,12.17,11.4,11.55,9577769.0,112513160.0,396659976.0,0.02414604341124651,603936
2021-01-08,11.53,11.88,11.15,11.79,6331464.0,73761739.0,396659976.0,0.015961943183297123,603936
2021-01-11,11.78,11.99,11.55,11.56,5402095.0,63605286.0,396659976.0,0.013618956604787371,603936
2021-01-12,11.54,11.71,11.43,11.64,4242481.0,49097100.0,396659976.0,0.010695510655705783,603936
2021-01-13,11.73,11.74,11.15,11.35,6089971.0,69325954.0,396659976.0,0.01535312703190402,603936
2021-01-14,11.27,11.83,11.26,11.66,5411701.0,62739118.0,396659976.0,0.013643173819987323,603936
2021-01-15,11.6,11.74,11.51,11.71,3881077.0,45172241.0,396659976.0,0.00978439276666522,603936
2021-01-18,11.78,12.09,11.73,12.0,7066954.0,84284704.0,396659976.0,0.01781615092922811,603936
2021-01-19,11.9,11.99,11.74,11.79,5882624.0,69780387.0,396659976.0,0.014830394685447165,603936
2021-01-20,11.77,11.82,11.55,11.65,4898963.0,57109012.0,396659976.0,0.012350535210035913,603936
2021-01-21,11.63,11.92,11.63,11.82,4981493.0,58747889.0,396659976.0,0.012558597542999901,603936
2021-01-22,11.93,11.93,11.39,11.4,5922687.0,68458465.0,396659976.0,0.014931395548715507,603936
2021-01-25,11.4,11.45,11.0,11.03,5866104.0,65699104.0,396659976.0,0.014788746924141396,603936
2021-01-26,11.03,11.29,10.93,11.18,3630239.0,40417162.0,396659976.0,0.009152017394363983,603936
2021-01-27,11.21,11.27,10.99,11.03,3692672.0,41060985.0,396659976.0,0.009309414166858116,603936
2021-01-28,10.94,11.09,10.85,10.85,3303033.0,36140332.0,396659976.0,0.008327114404907845,603936
2021-01-29,11.25,11.41,10.85,11.02,5572311.0,62019178.0,396659976.0,0.01404807980929238,603936
2021-02-01,11.07,11.07,10.52,10.76,5971152.0,64219563.0,396659976.0,0.015053578281868298,603936
2021-02-02,10.78,10.82,10.51,10.53,4469235.0,47304049.0,396659976.0,0.01126716903749321,603936
2021-02-03,10.53,10.57,10.21,10.27,5459123.0,56359342.0,396659976.0,0.013762727097023775,603936
2021-02-04,10.27,10.52,10.1,10.44,6064378.0,62589309.0,396659976.0,0.015288605775542124,603936
2021-02-05,10.45,10.61,10.18,10.26,3361705.0,34791374.0,396659976.0,0.008475029504867414,603936
2021-02-08,10.75,10.79,10.45,10.54,4143652.0,43880230.0,396659976.0,0.010446357713690782,603936
2021-02-09,10.41,10.7,10.36,10.65,3938489.0,41615100.0,396659976.0,0.0099291313424574,603936
2021-02-10,10.63,10.86,10.6,10.81,3712226.0,40029732.0,396659976.0,0.009358710796674883,603936
2021-02-18,10.88,11.63,10.88,11.5,8798799.0,99027161.0,396659976.0,0.022182220371031333,603936
2021-02-19,11.46,12.65,11.46,12.65,25680879.0,320320139.0,396659976.0,0.06474280379626705,603936
2021-02-22,12.8,13.08,12.5,12.57,25408618.0,325246689.0,396659976.0,0.06405641994996743,603936
2021-02-23,12.54,12.8,12.49,12.63,11190729.0,141497384.0,396659976.0,0.028212397713652863,603936
2021-02-24,12.59,12.93,12.5,12.76,11242290.0,143129093.0,396659976.0,0.028342385620474097,603936
2021-02-25,12.83,12.93,12.38,12.44,10208207.0,128273163.0,396659976.0,0.025735409715246894,603936
2021-02-26,12.38,12.71,12.29,12.51,9242798.0,115558399.0,396659976.0,0.023301564461346107,603936
2021-03-01,12.6,13.25,12.6,13.17,12094851.0,158310752.0,396659976.0,0.030491735319421287,603936
2021-03-02,13.18,13.52,13.01,13.19,12432356.0,164728377.0,396659976.0,0.031342602612369444,603936
2021-03-03,13.19,13.5,13.1,13.41,9086394.0,121117612.0,396659976.0,0.022907262012237906,603936
2021-03-04,13.32,13.51,13.21,13.35,7778658.0,103929108.0,396659976.0,0.019610392957821386,603936
2021-03-05,13.4,13.49,13.24,13.28,5204880.0,69441084.0,396659976.0,0.013121767546317806,603936
2021-03-08,13.26,13.52,12.52,12.89,8517618.0,112273557.0,396659976.0,0.021473348750467327,603936
2021-03-09,12.97,13.0,12.01,12.32,9483508.0,118125570.0,396659976.0,0.02390840662986376,603936
2021-03-10,12.37,12.63,11.91,11.92,7762022.0,94005070.0,396659976.0,0.019568452754608143,603936
2021-03-11,11.93,12.31,11.7,12.31,8155680.0,98079021.0,396659976.0,0.020560884620232013,603936
2021-03-12,12.34,12.35,12.0,12.04,5149583.0,62316855.0,396659976.0,0.012982360993235173,603936
2021-03-15,12.04,12.12,11.83,11.91,4828678.0,57687577.0,396659976.0,0.012173343145666907,603936
2021-03-16,11.91,12.09,11.85,11.98,4086898.0,48839210.0,396659976.0,0.010303277989408239,603936
2021-03-17,11.95,12.06,11.75,12.0,3727417.0,44570935.0,396659976.0,0.009397008081299334,603936
2021-03-18,12.0,12.12,11.79,11.99,5351331.0,63969903.0,396659976.0,0.013490977975554558,603936
2021-03-19,11.81,11.99,11.76,11.82,4853517.0,57552845.0,396659976.0,0.012235963529630224,603936
2021-03-22,11.88,12.37,11.87,12.26,6986911.0,84870772.0,396659976.0,0.017614358449918325,603936
2021-03-23,12.26,12.54,12.22,12.38,6945720.0,85761501.0,396659976.0,0.017510513841204892,603936
2021-03-24,12.33,12.39,11.95,12.37,6416825.0,77932390.0,396659976.0,0.01617714261143403,603936
2021-03-25,11.98,12.0,11.32,11.69,11721703.0,136730682.0,396659976.0,0.029551010208299918,603936
2021-03-26,11.65,11.84,11.5,11.62,7572300.0,88309449.0,396659976.0,0.019090153930730838,603936
2021-03-29,11.71,11.78,11.43,11.48,5320408.0,61656477.0,396659976.0,0.013413019517754421,603936
2021-03-30,11.53,11.55,11.23,11.25,5461844.0,61813143.0,396659976.0,0.01376958687659478,603936
2021-03-31,11.27,11.54,11.2,11.45,4172958.0,47319256.0,396659976.0,0.01052023963214277,603936
2021-04-01,11.5,11.69,11.41,11.57,5060874.0,58553737.0,396659976.0,0.012758721086596345,603936
2021-04-02,11.6,12.09,11.6,11.9,8187341.0,96828773.0,396659976.0,0.02064070361361591,603936
2021-04-06,11.93,12.13,11.79,11.96,5642859.0,67308498.0,396659976.0,0.014225934910055055,603936
2021-04-07,11.97,12.02,11.77,11.83,3686220.0,43688065.0,396659976.0,0.009293148346280342,603936
2021-04-08,11.83,11.93,11.62,11.63,4304387.0,50671366.0,396659976.0,0.01085157883436165,603936
2021-04-09,11.63,11.74,11.48,11.59,3459937.0,40151375.0,396659976.0,0.008722677379479295,603936
2021-04-12,11.65,11.65,11.3,11.34,4816648.0,54975136.0,396659976.0,0.01214301490302112,603936
2021-04-13,11.3,11.52,11.2,11.33,4549217.0,51702169.0,396659976.0,0.01146880773269648,603936
2021-04-14,11.33,11.51,11.31,11.5,3399406.0,38863588.0,396659976.0,0.008570075645847365,603936
2021-04-15,11.45,11.63,11.34,11.52,4257020.0,48991033.0,396659976.0,0.010732164215126157,603936
2021-04-16,11.6,11.61,11.45,11.55,3881536.0,44789968.0,396659976.0,0.009785549929040484,603936
2021-04-19,11.55,11.74,11.5,11.72,4902843.0,57174016.0,396659976.0,0.012360316887630729,603936
2021-04-20,11.66,11.78,11.48,11.49,4822104.0,56081328.0,396659976.0,0.012156769756876101,603936
2021-04-21,11.48,11.48,11.3,11.37,3311834.0,37670742.0,396659976.0,0.008349302174111966,603936
2021-04-22,11.46,11.62,11.38,11.44,3877312.0,44520989.0,396659976.0,0.00977490100992695,603936
2021-04-23,11.44,11.44,11.08,11.1,5988865.0,67079321.0,396659976.0,0.01509823365692938,603936
2021-04-26,11.14,11.72,11.14,11.31,6776033.0,77209469.0,396659976.0,0.01708272427264,603936
2021-04-27,11.39,11.39,10.83,10.9,7243912.0,79325910.0,396659976.0,0.018262271059079578,603936
2021-04-28,11.01,11.14,10.93,11.14,4025184.0,44442095.0,396659976.0,0.01014769385253026,603936
2021-04-29,11.12,11.18,11.01,11.01,3628276.0,40254928.0,396659976.0,0.009147068571395264,603936
2021-04-30,10.99,11.04,10.75,10.89,3638550.0,39537093.0,396659976.0,0.00917296984861412,603936
2021-05-06,10.98,11.38,10.88,10.96,5644256.0,62639389.0,396659976.0,0.014229456818199374,603936
2021-05-07,10.96,10.98,10.79,10.86,4081409.0,44341563.0,396659976.0,0.010289439940872683,603936
2021-05-10,10.84,10.94,10.53,10.58,6095513.0,64970687.0,396659976.0,0.01536709869613868,603936
2021-05-11,10.57,10.98,10.48,10.92,6211906.0,66714593.0,396659976.0,0.015660531376626714,603936
2021-05-12,10.9,10.94,10.7,10.89,3718476.0,40319562.0,396659976.0,0.009374467364965503,603936
2021-05-13,10.97,11.12,10.82,10.86,4918209.0,53980554.0,396659976.0,0.012399055356167319,603936
2021-05-14,10.87,11.02,10.73,11.0,4170431.0,45517531.0,396659976.0,0.010513868936451506,603936
2021-05-17,11.03,11.03,10.82,10.84,5124714.0,55813875.0,396659976.0,0.012919664977744062,603936
2021-05-18,10.79,10.83,10.67,10.78,3352262.0,35990975.0,396659976.0,0.00845122322096848,603936
2021-05-19,10.8,10.97,10.64,10.84,5563340.0,59903907.0,396659976.0,0.014025463461430755,603936
2021-05-20,10.84,10.84,10.64,10.69,3587077.0,38403536.0,396659976.0,0.009043203794274418,603936
2021-05-21,10.73,10.78,10.63,10.64,3004665.0,32170440.0,396659976.0,0.007574913482070094,603936
2021-05-24,10.68,10.84,10.53,10.8,4873626.0,52202760.0,396659976.0,0.0122866593427112,603936
2021-05-25,10.8,10.93,10.71,10.89,4263588.0,46227669.0,396659976.0,0.010748722477611404,603936
2021-05-26,10.89,11.03,10.84,10.85,4028185.0,44034978.0,396659976.0,0.010155259526360684,603936
2021-05-27,10.81,11.2,10.81,11.12,7534686.0,83540353.0,396659976.0,0.01899532712118149,603936
2021-05-28,11.14,11.21,10.96,11.03,4875801.0,53820953.0,396659976.0,0.012292142628476336,603936
2021-05-31,10.99,11.14,10.97,11.09,4384218.0,48513633.0,396659976.0,0.011052836850875018,603936
2021-06-01,11.08,11.21,10.91,11.09,5553115.0,61558060.0,396659976.0,0.013999685715707299,603936
2021-06-02,11.11,11.15,10.91,10.92,3996377.0,43893528.0,396659976.0,0.010075069938490593,603936
2021-06-03,10.92,11.14,10.9,11.08,5480115.0,60626478.0,396659976.0,0.013815648998072848,603936
2021-06-04,11.08,11.28,11.02,11.06,5140831.0,57116176.0,466618477.0,0.011017204104414409,603936
2021-06-07,11.1,11.58,11.1,11.35,6631306.0,75006264.0,466618477.0,0.014211408949414576,603936
2021-06-08,11.36,11.42,11.19,11.27,6004649.0,67793787.0,466618477.0,0.012868433840437055,603936
2021-06-09,11.28,11.44,11.23,11.35,5374612.0,60833533.0,466618477.0,0.01151821512631614,603936
2021-06-10,11.35,11.35,11.19,11.27,6067492.0,68277350.0,466618477.0,0.013003111319143069,603936
2021-06-11,11.25,11.35,11.01,11.02,8290092.0,92563994.0,466618477.0,0.017766317470536,603936
2021-06-15,11.04,11.16,10.96,11.04,6019667.0,66512357.0,466618477.0,0.01290061859252093,603936
2021-06-16,11.04,11.23,10.91,10.97,5825303.0,64378747.0,466618477.0,0.012484081293677533,603936
2021-06-17,10.93,11.34,10.87,11.34,9776838.0,109075990.0,466618477.0,0.02095253077601554,603936
2021-06-18,11.32,11.37,11.17,11.3,6899663.0,77882140.0,466618477.0,0.01478651905162341,603936
2021-06-21,11.26,11.64,11.22,11.59,11396118.0,131018295.0,466618477.0,0.024422774840097042,603936
2021-06-22,11.53,11.67,11.35,11.43,8958621.0,102566696.0,466618477.0,0.019199027560153816,603936
2021-06-23,11.42,11.74,11.34,11.74,13379368.0,154931472.0,466618477.0,0.028673035165729197,603936
2021-06-24,11.73,11.92,11.54,11.59,15004476.0,175499274.0,466618477.0,0.03215576909098694,603936
2021-06-25,11.49,11.71,11.45,11.61,9742069.0,113047604.0,481551088.0,0.020230603237677662,603936
2021-06-28,11.68,11.91,11.57,11.73,12647126.0,148171091.0,481551088.0,0.026263311027967192,603936
2021-06-29,11.67,11.79,11.5,11.55,7739954.0,89983204.0,481551088.0,0.01607296545034491,603936
2021-06-30,11.51,11.92,11.5,11.85,14599558.0,171904068.0,481551088.0,0.030317775961498813,603936
2021-07-01,11.83,11.86,11.37,11.4,11617603.0,134589115.0,481551088.0,0.02412538002613754,603936
2021-07-02,11.43,11.52,11.3,11.39,6421625.0,73312311.0,481551088.0,0.013335293305369917,603936
2021-07-05,11.41,11.61,11.33,11.6,7740088.0,89102870.0,481551088.0,0.016073243717808817,603936
2021-07-06,11.6,11.72,11.43,11.63,8440429.0,97767811.0,481551088.0,0.017527587851696433,603936
2021-07-07,11.49,11.8,11.45,11.77,9519695.0,111251455.0,481551088.0,0.019768816304699118,603936
2021-07-08,11.74,12.02,11.71,11.88,12073839.0,143309074.0,481551088.0,0.02507281013556759,603936
2021-07-09,11.8,12.5,11.75,12.35,22459444.0,273652186.0,481551088.0,0.0466397949452873,603936
2021-07-12,12.38,12.43,12.18,12.31,13290506.0,163410864.0,481551088.0,0.027599368646842305,603936
2021-07-13,12.34,12.34,12.12,12.31,9317467.0,113974315.0,481551088.0,0.0193488650159586,603936
2021-07-14,12.2,12.33,11.97,12.06,10947878.0,132645320.0,481551088.0,0.02273461377788435,603936
2021-07-15,12.06,12.24,11.82,12.0,8861795.0,106278156.0,481551088.0,0.0184026061218244,603936
2021-07-16,11.99,12.17,11.88,11.92,6664777.0,79998916.0,481551088.0,0.013840228308237152,603936
2021-07-19,11.89,12.02,11.58,12.01,10389100.0,122990065.0,481551088.0,0.021574242606632838,603936
2021-07-20,11.88,11.95,11.73,11.85,5784770.0,68440373.0,481551088.0,0.012012785650688843,603936
2021-07-21,11.88,12.12,11.87,11.9,8211384.0,98304574.0,481551088.0,0.017051947767585566,603936
2021-07-22,11.93,12.27,11.75,12.1,11464118.0,138320624.0,481551088.0,0.023806649565705062,603936
2021-07-23,12.11,12.22,11.75,11.77,10708713.0,127901659.0,481551088.0,0.022237958270379818,603936
2021-07-26,11.77,11.91,11.39,11.65,11238347.0,130942458.0,481551088.0,0.02333780834485416,603936
2021-07-27,11.63,12.4,11.6,12.02,26120776.0,316568617.0,481551088.0,0.05424300069279461,603936
2021-07-28,11.84,11.92,11.0,11.35,17956279.0,205302823.0,481551088.0,0.03728841954147968,603936
2021-07-29,11.52,12.49,11.48,12.49,21560201.0,265463203.0,481551088.0,0.044772406370308104,603936
2021-07-30,12.72,12.76,12.25,12.57,38433310.0,482505372.0,481551088.0,0.0798114903231202,603936
2021-08-02,12.49,12.75,12.33,12.69,24525830.0,307870995.0,481551088.0,0.05093089936077561,603936
2021-08-03,12.7,12.75,12.15,12.17,19090205.0,237303986.0,481551088.0,0.03964315620028253,603936
2021-08-04,12.21,12.54,12.21,12.42,11468358.0,142578794.0,481551088.0,0.023815454446652604,603936
2021-08-05,12.38,12.75,12.23,12.53,19076651.0,238601253.0,481551088.0,0.0396150096539705,603936
2021-08-06,12.6,12.68,12.3,12.67,15121403.0,189245745.0,481551088.0,0.03140145122047777,603936
2021-08-09,12.75,13.29,12.64,12.9,24146412.0,311254678.0,505012097.0,0.047813531880603645,603936
2021-08-10,12.42,12.92,12.3,12.75,22737309.0,286671073.0,505012097.0,0.045023295748893716,603936
2021-08-11,12.82,13.53,12.62,13.45,37955670.0,500813600.0,505012097.0,0.07515794220667946,603936
2021-08-12,13.27,13.9,13.23,13.51,30886921.0,419951231.0,505012097.0,0.06116075472940602,603936
2021-08-13,13.38,13.74,13.14,13.46,26405774.0,353792528.0,505012097.0,0.05228740886973248,603936
2021-08-16,13.47,14.08,13.4,14.06,39116017.0,541734766.0,505012097.0,0.07745560399912559,603936
2021-08-17,14.2,14.2,13.14,13.18,31023447.0,422008477.0,505012097.0,0.06143109676836118,603936
2021-08-18,13.12,13.54,12.93,13.09,19750385.0,260781691.0,505012097.0,0.039108736438842176,603936
2021-08-19,12.98,13.49,12.8,13.24,14657191.0,193804417.0,505012097.0,0.029023445353230815,603936
2021-08-20,13.05,14.5,13.01,14.32,38893072.0,545739278.0,505012097.0,0.07701413932664666,603936
2021-08-23,14.32,14.66,13.96,14.49,32257879.0,460857312.0,505012097.0,0.06387545801699875,603936
2021-08-24,14.33,14.79,14.2,14.28,22186820.0,320272670.0,505012097.0,0.04393324463275184,603936
2021-08-25,14.18,14.95,14.11,14.91,31577517.0,463652051.0,505012097.0,0.06252823880375286,603936
2021-08-26,14.7,15.56,14.65,14.97,31040904.0,470980342.0,505012097.0,0.06146566425714749,603936
2021-08-27,14.7,15.11,14.26,15.06,23322196.0,341931072.0,505012097.0,0.04618146008490565,603936
2021-08-30,14.9,15.27,14.51,14.72,24439876.0,360119568.0,505012097.0,0.04839463479228301,603936
2021-08-31,14.65,15.15,14.43,14.63,23533659.0,349210629.0,505012097.0,0.04660018866835184,603936
2021-09-01,14.57,14.64,13.84,14.12,22327371.0,315597163.0,505012097.0,0.04421155677781714,603936
2021-09-02,14.11,14.36,13.95,14.19,13432545.0,190797743.0,505012097.0,0.026598461858231486,603936
2021-09-03,14.2,15.6,14.05,15.4,40856610.0,621123561.0,505012097.0,0.0809022402487123,603936
2021-09-06,15.4,15.56,14.8,15.49,21016393.0,320094824.0,505012097.0,0.04161562292239507,603936
2021-09-07,15.35,15.85,15.27,15.44,17410634.0,270651111.0,505012097.0,0.034475677124225404,603936
2021-09-08,15.44,15.54,15.14,15.41,12990486.0,199061321.0,505012097.0,0.02572311847017003,603936
2021-09-09,15.44,15.6,14.7,14.77,17540597.0,263108776.0,505012097.0,0.034733023434882195,603936
2021-09-10,14.7,15.19,14.54,15.04,16677110.0,248079406.0,505012097.0,0.03302318914550675,603936
2021-09-13,15.04,15.11,13.88,14.16,26034881.0,371680883.0,505012097.0,0.051552984878300845,603936
2021-09-14,14.1,14.33,13.53,13.6,19109162.0,266376243.0,505012097.0,0.03783901833939633,603936
2021-09-15,13.65,14.08,13.44,14.02,12826861.0,176983493.0,505012097.0,0.025399116330474755,603936
2021-09-16,14.01,14.41,13.46,13.46,15864417.0,221050988.0,505012097.0,0.03141393462501553,603936
2021-09-17,13.46,13.78,13.11,13.5,13274122.0,177999781.0,505012097.0,0.02628476046188652,603936
2021-09-22,12.8,13.58,12.5,13.41,14732475.0,195282580.0,505012097.0,0.02917251900997532,603936
2021-09-23,13.41,13.63,13.37,13.45,7550334.0,101565096.0,505012097.0,0.014950798297411874,603936
2021-09-24,13.45,13.86,13.18,13.79,16027417.0,217539637.0,505012097.0,0.031736699170594324,603936
2021-09-27,13.79,13.93,12.87,12.88,12534321.0,167498907.0,505012097.0,0.0248198430779372,603936
2021-09-28,12.8,13.44,12.8,13.04,9431611.0,124343878.0,505012097.0,0.01867601005209188,603936
2021-09-29,12.99,13.15,12.2,12.37,11631380.0,146271249.0,505012097.0,0.023031883927326992,603936
2021-09-30,12.37,12.79,12.37,12.71,7179750.0,90305345.0,505012097.0,0.014216986172511428,603936
2021-10-08,12.78,13.45,12.77,13.22,9306726.0,122936259.0,505012097.0,0.018428718946112692,603936
2021-10-11,13.23,13.3,12.93,13.04,5196018.0,67731374.0,505012097.0,0.010288898089504577,603936
2021-10-12,13.04,13.15,12.28,12.41,11865774.0,149552883.0,505012097.0,0.0234960193438693,603936
2021-10-13,12.4,12.5,12.27,12.39,8426251.0,104546207.0,505012097.0,0.016685245858575937,603936
2021-10-14,12.43,12.7,12.35,12.67,5990745.0,75136064.0,505012097.0,0.011862577224561018,603936
2021-10-15,12.69,12.69,12.4,12.51,6885223.0,86135514.0,505012097.0,0.013633778360758752,603936
2021-10-18,12.45,12.54,12.2,12.37,10243894.0,126253842.0,505012097.0,0.020284452710842688,603936
2021-10-19,12.29,12.75,12.27,12.69,9667641.0,120980663.0,505012097.0,0.019143384994993497,603936
2021-10-20,12.6,12.78,12.4,12.71,8667009.0,109758438.0,505012097.0,0.017161982953449926,603936
2021-10-21,12.68,12.85,12.5,12.85,8036208.0,102171562.0,505012097.0,0.01591290198341526,603936
2021-10-22,12.84,13.28,12.8,13.11,15985331.0,208630714.0,505012097.0,0.03165336255301623,603936
2021-10-25,12.99,13.35,12.7,13.14,14252647.0,187815046.0,505012097.0,0.028222387314417143,603936
2021-10-26,13.11,13.37,12.97,13.27,12783058.0,168278786.0,505012097.0,0.025312379794339857,603936
2021-10-27,13.27,13.4,12.97,13.1,10713576.0,140664176.0,505012097.0,0.02121449379855152,603936
2021-10-28,13.05,13.21,12.57,13.09,12267138.0,158539693.0,505012097.0,0.024290780503818308,603936
2021-10-29,13.13,13.28,12.81,13.26,10315144.0,135619123.0,505012097.0,0.020425538440121762,603936
2021-11-01,13.27,13.9,13.16,13.85,20466070.0,278526709.0,505012097.0,0.040525900511250525,603936
2021-11-02,13.9,14.31,13.39,13.54,30777846.0,426696399.0,505012097.0,0.060944769804197385,603936
2021-11-03,13.59,13.98,13.26,13.45,15277980.0,207473003.0,505012097.0,0.030252701055594713,603936
2021-11-04,13.45,13.75,13.4,13.51,12439096.0,168649156.0,505012097.0,0.024631283238349833,603936
2021-11-05,13.54,13.88,13.53,13.73,16543195.0,227139203.0,505012097.0,0.032758017279732606,603936
2021-11-08,13.75,13.77,13.37,13.59,10988084.0,148750594.0,505012097.0,0.021758060975715598,603936
2021-11-09,13.66,13.97,13.6,13.93,17214412.0,238396436.0,505012097.0,0.03408712801586612,603936
2021-11-10,14.04,15.17,13.84,14.92,42567751.0,622242194.0,505012097.0,0.08429055710322915,603936
2021-11-11,15.14,16.33,14.79,14.86,80501763.0,1243565614.0,505012097.0,0.15940561320850893,603936
2021-11-12,14.96,14.99,13.9,14.18,53476492.0,760057463.0,505012097.0,0.10589150699097016,603936
2021-11-15,14.25,14.25,13.68,13.99,30780487.0,429198052.0,505012097.0,0.06094999938189599,603936
2021-11-16,14.01,14.08,13.59,13.62,26216859.0,362520449.0,505012097.0,0.05191332872170783,603936
2021-11-17,13.61,13.88,13.53,13.86,18811200.0,258349412.0,505012097.0,0.037249008710379464,603936
2021-11-18,13.84,13.94,13.29,13.32,24505807.0,332577190.0,505012097.0,0.04852518810059316,603936
2021-11-19,13.26,13.63,13.2,13.54,14039275.0,189681020.0,505012097.0,0.027799878623501566,603936
2021-11-22,13.54,14.09,13.37,14.02,24707168.0,342839528.0,505012097.0,0.04892391320281581,603936
2021-11-23,14.01,14.1,13.84,13.91,16147261.0,225459954.0,505012097.0,0.03197400833746761,603936
2021-11-24,13.87,14.05,13.8,13.84,15116391.0,210782552.0,505012097.0,0.02993273050249329,603936
2021-11-25,13.88,13.99,13.68,13.86,17837857.0,246787561.0,505012097.0,0.03532164299818743,603936
2021-11-26,13.84,13.84,13.49,13.72,17234208.0,234843342.0,505012097.0,0.034126327076873963,603936
2021-11-29,13.5,13.71,13.4,13.58,8644314.0,117529926.0,505012097.0,0.01711704343589219,603936
2021-11-30,13.63,14.09,13.62,13.95,20453817.0,284722853.0,505012097.0,0.040501637726115695,603936
2021-12-01,13.95,14.08,13.81,14.03,12852405.0,179223272.0,505012097.0,0.025449697297053063,603936
2021-12-02,14.08,14.09,13.62,13.66,14997636.0,207008467.0,505012097.0,0.029697577719608566,603936
2021-12-03,13.62,13.82,13.62,13.77,7661492.0,105330430.0,505012097.0,0.015170907876291922,603936
2021-12-06,13.72,13.72,13.04,13.06,22280919.0,294719840.0,505012097.0,0.04411957482277895,603936
2021-12-07,13.07,13.15,12.76,13.0,11082832.0,143122568.0,505012097.0,0.021945676283473266,603936
2021-12-08,13.04,13.51,13.01,13.47,11421849.0,152065111.0,505012097.0,0.022616980994813674,603936
2021-12-09,13.52,14.8,13.42,14.09,41742832.0,595034848.0,511012097.0,0.08168658285206896,603936
2021-12-10,14.06,14.2,13.82,13.83,16158458.0,224931598.0,511012097.0,0.03162049997419141,603936
2021-12-13,13.89,14.13,13.69,13.96,12912491.0,179675452.0,511012097.0,0.02526846443715402,603936
2021-12-14,13.9,14.2,13.88,14.12,15687632.0,220935491.0,511012097.0,0.03069914018102002,603936
2021-12-15,14.19,14.21,13.87,13.93,11596426.0,162529634.0,511012097.0,0.022693055737974047,603936
2021-12-16,14.04,14.16,13.93,14.03,9337586.0,130959728.0,511012097.0,0.018272729852812076,603936
2021-12-17,14.27,14.28,13.84,14.16,15585887.0,219395241.0,511012097.0,0.03050003530542644,603936
2021-12-20,14.31,14.78,14.14,14.22,26981573.0,389986993.0,511012097.0,0.05280026276951326,603936
2021-12-21,14.08,14.64,14.02,14.57,18819712.0,272087476.0,511012097.0,0.036828310152508974,603936
2021-12-22,14.61,14.97,14.61,14.82,24432000.0,361742716.0,511012097.0,0.04781100123349918,603936
2021-12-23,14.81,15.08,14.72,14.74,21936532.0,326037209.0,511012097.0,0.04292761781723535,603936
2021-12-24,14.79,15.36,14.73,15.29,32996025.0,498980661.0,511012097.0,0.06456994891844997,603936
2021-12-27,15.35,16.58,14.57,14.65,51945109.0,796325978.0,511012097.0,0.10165142724595813,603936
2021-12-28,14.86,16.12,14.86,16.12,26673930.0,424609942.0,511012097.0,0.05219823592551861,603936
2021-12-29,16.66,16.88,16.01,16.26,70688051.0,1161201678.0,511012097.0,0.13832950612126116,603936
2021-12-30,16.2,17.3,16.14,17.3,49141314.0,830466522.0,511012097.0,0.09616467846552759,603936
2021-12-31,17.0,17.89,16.86,17.2,37077384.0,642397558.0,511012097.0,0.07255676375896049,603936
2022-01-04,17.46,17.52,16.48,17.1,30971973.0,522656082.0,511012097.0,0.06060907986685098,603936
2022-01-05,16.98,17.46,16.51,16.77,27096711.0,458111177.0,511012097.0,0.053025576418007966,603936
2022-01-06,16.7,16.85,16.18,16.76,19179048.0,316833873.0,511012097.0,0.03753149507143663,603936
2022-01-07,16.81,17.05,15.9,16.0,18557401.0,303157078.0,511012097.0,0.03631499353722736,603936
2022-01-10,16.04,16.15,15.62,15.88,13859456.0,220277031.0,511012097.0,0.02712158103764029,603936
2022-01-11,15.93,16.06,15.56,15.62,12482446.0,197077204.0,511012097.0,0.024426909016989476,603936
2022-01-12,15.75,15.9,15.62,15.8,9315739.0,146772232.0,511012097.0,0.01822997744024052,603936
2022-01-13,15.85,15.88,15.1,15.4,15842482.0,243134077.0,511012097.0,0.031002166275527526,603936
2022-01-14,15.29,16.43,15.2,16.2,22933542.0,366930753.0,511012097.0,0.04487866752007634,603936
2022-01-17,16.2,17.02,16.07,16.88,24058312.0,401469665.0,511012097.0,0.047079730873768336,603936
2022-01-18,16.87,17.24,16.68,16.75,17840278.0,302243159.0,511012097.0,0.03491165493876753,603936
2022-01-19,16.63,16.92,16.3,16.56,14905634.0,247331548.0,511012097.0,0.029168847640802523,603936
2022-01-20,16.56,16.69,16.23,16.28,15183331.0,250170881.0,511012097.0,0.02971227313235209,603936
2022-01-21,16.2,16.2,15.53,15.85,15011749.0,237842546.0,511012097.0,0.02937650417305092,603936
2022-01-24,15.79,15.97,15.65,15.74,7440649.0,117717503.0,511012097.0,0.014560612251024656,603936
2022-01-25,15.74,15.77,14.34,14.39,22155179.0,327319458.0,511012097.0,0.04335548831439894,603936
2022-01-26,14.5,15.18,14.4,15.01,14760885.0,218098949.0,511012097.0,0.028885588201642904,603936
2022-01-27,15.01,15.28,14.2,14.28,12192206.0,177790954.0,511012097.0,0.023858938118249674,603936
2022-01-28,14.3,14.46,13.81,14.28,10369195.0,145800118.0,511012097.0,0.020291486367689647,603936
2022-02-07,14.35,14.48,13.74,13.97,11346052.0,158808747.0,511012097.0,0.02220309864797584,603936
2022-02-08,13.92,14.09,13.61,13.97,9812861.0,136096624.0,511012097.0,0.019202795897804353,603936
2022-02-09,13.99,14.04,13.51,14.01,18232985.0,251198237.0,511012097.0,0.03568014359550475,603936
2022-02-10,13.96,14.05,13.75,13.87,11437943.0,158668474.0,511012097.0,0.022382920222728114,603936
2022-02-11,13.76,13.8,13.28,13.33,13415130.0,181123858.0,511012097.0,0.026252079116631948,603936
2022-02-14,13.32,13.57,13.17,13.42,7742263.0,103829093.0,511012097.0,0.015150840939877007,603936
2022-02-15,13.36,13.61,13.36,13.54,9155364.0,123682447.0,511012097.0,0.017916139468612226,603936
2022-02-16,13.6,14.01,13.6,13.96,13601866.0,187919127.0,511012097.0,0.026617502951207045,603936
2022-02-17,13.89,13.97,13.72,13.83,8371063.0,115827735.0,511012097.0,0.016381340185768634,603936
2022-02-18,13.71,14.05,13.66,13.9,6151544.0,85331703.0,511012097.0,0.012037961598392455,603936
2022-02-21,13.97,14.35,13.91,14.34,11286044.0,159493303.0,511012097.0,0.022085668942588652,603936
2022-02-22,14.19,14.26,13.88,14.01,9162112.0,128440468.0,511012097.0,0.01792934463545586,603936
2022-02-23,14.01,14.5,14.0,14.39,11282314.0,161568810.0,511012097.0,0.022078369702469097,603936
2022-02-24,14.3,14.53,13.89,14.27,15135413.0,214803030.0,511012097.0,0.02961850235807627,603936
2022-02-25,14.3,14.66,14.28,14.32,8189471.0,118322192.0,511012097.0,0.01602598264909568,603936
2022-02-28,14.35,14.45,14.12,14.35,5875067.0,84079848.0,511012097.0,0.011496923525863224,603936
2022-03-01,14.39,14.44,14.2,14.35,4793198.0,68642562.0,511012097.0,0.00937981317495112,603936
2022-03-02,14.29,14.3,13.94,14.14,9515207.0,133719013.0,511012097.0,0.018620316536263917,603936
2022-03-03,14.14,14.29,13.66,13.77,14044582.0,194854308.0,511012097.0,0.027483854261868872,603936
2022-03-04,13.65,13.8,13.48,13.66,8663191.0,117958001.0,511012097.0,0.01695300571328745,603936
2022-03-07,13.57,13.7,12.9,12.99,11368640.0,150019587.0,511012097.0,0.02224730112406713,603936
2022-03-08,13.01,13.28,12.7,13.01,11925660.0,155348579.0,511012097.0,0.023337334027926152,603936
2022-03-09,13.0,13.14,12.03,12.69,18224528.0,229729005.0,511012097.0,0.035663594085131804,603936
2022-03-10,12.9,13.02,12.73,12.92,11718371.0,150831759.0,511012097.0,0.02293169001046173,603936
2022-03-11,12.71,12.95,12.31,12.92,9065093.0,114405988.0,511012097.0,0.01773948807321483,603936
2022-03-14,12.84,12.95,12.5,12.75,9472354.0,121123426.0,511012097.0,0.018536457464724168,603936
2022-03-15,12.75,12.76,12.1,12.1,12142478.0,150608413.0,511012097.0,0.023761625353460075,603936
2022-03-16,12.31,12.81,11.9,12.7,12113385.0,149990863.0,511012097.0,0.02370469323742839,603936
2022-03-17,12.74,13.43,12.74,12.92,14905256.0,194251212.0,511012097.0,0.029168107932286386,603936
2022-03-18,12.89,13.02,12.78,13.0,7155144.0,92352814.0,511012097.0,0.014001907277744934,603936
2022-03-21,12.99,13.2,12.9,13.05,7282132.0,94900661.0,511012097.0,0.014250410201150287,603936
2022-03-22,13.34,13.39,12.75,12.83,14156644.0,184144874.0,511012097.0,0.02770314848339099,603936
2022-03-23,12.78,13.17,12.75,13.09,8718238.0,112984857.0,511012097.0,0.017060727233625547,603936
2022-03-24,13.06,13.1,12.86,12.92,7446757.0,96540937.0,511012097.0,0.014572565001333032,603936
2022-03-25,12.98,13.05,12.7,12.8,5459900.0,70252171.0,511012097.0,0.01068448287634177,603936
2022-03-28,12.75,12.8,12.45,12.55,6213087.0,78097286.0,511012097.0,0.012158395146563429,603936
2022-03-29,12.55,12.61,12.25,12.27,5074253.0,62895455.0,511012097.0,0.009929809939509123,603936
2022-03-30,12.4,12.52,12.31,12.5,4355910.0,54174365.0,511012097.0,0.008524083922028953,603936
2022-03-31,12.35,12.57,12.33,12.37,3622960.0,44999752.0,511012097.0,0.007089773454032342,603936
2022-04-01,12.2,12.37,12.14,12.25,5863353.0,71837757.0,511012097.0,0.011474000389466318,603936
2022-04-06,12.28,12.33,12.13,12.26,6631406.0,81293595.0,511012097.0,0.012977003947521031,603936
2022-04-07,12.1,12.25,11.03,11.03,21980066.0,250402928.0,511012097.0,0.04301280953824465,603936
2022-04-08,11.04,11.33,10.92,11.03,16169025.0,179131529.0,511012097.0,0.03164117854532904,603936
2022-04-11,11.04,11.04,10.27,10.36,13602589.0,143701832.0,511012097.0,0.026618917790511717,603936
2022-04-12,10.49,10.94,10.36,10.91,14178637.0,150408101.0,511012097.0,0.027746186603484654,603936
2022-04-13,10.89,10.91,10.63,10.72,7063632.0,76044730.0,511012097.0,0.013822827368409637,603936
2022-04-14,10.82,10.88,10.58,10.64,5207742.0,55769981.0,511012097.0,0.010191034675251533,603936
2022-04-15,10.6,10.62,10.33,10.44,7849192.0,82089833.0,511012097.0,0.015360090389406183,603936
2022-04-18,10.18,10.65,10.17,10.53,7868463.0,82116306.0,511012097.0,0.015397801825423323,603936
2022-04-19,10.42,10.63,10.3,10.41,5443424.0,56865873.0,511012097.0,0.010652240978162206,603936
2022-04-20,10.46,10.61,10.19,10.28,7499076.0,77912644.0,511012097.0,0.01467494809618959,603936
2022-04-21,10.21,10.3,9.73,9.77,10573487.0,105430772.0,511012097.0,0.020691265553347556,603936
2022-04-22,9.79,9.8,9.42,9.44,9488649.0,90711822.0,511012097.0,0.018568345163852355,603936
2022-04-25,9.23,9.23,8.56,8.62,15103918.0,134698666.0,511012097.0,0.02955686976623569,603936
2022-04-26,8.59,8.74,8.15,8.2,16912544.0,143491590.0,511012097.0,0.033096171498264944,603936
2022-04-27,8.12,8.68,8.05,8.64,12334336.0,103272688.0,511012097.0,0.024137072434118913,603936
2022-04-28,8.51,8.69,8.32,8.58,10217128.0,87159892.0,511012097.0,0.019993906328209684,603936
2022-04-29,8.73,9.28,8.73,9.17,12705571.0,115234554.0,511012097.0,0.024863542516098205,603936
2022-05-05,9.19,9.24,9.06,9.15,8495029.0,77712612.0,511012097.0,0.016623929354846564,603936
2022-05-06,8.89,9.18,8.73,9.07,5775331.0,52048347.0,511012097.0,0.011301750064049853,603936
2022-05-09,9.04,9.17,9.03,9.09,4297460.0,39090404.0,511012097.0,0.008409703068144784,603936
2022-05-10,8.91,9.34,8.89,9.27,5481486.0,50554288.0,511012097.0,0.010726724537795041,603936
2022-05-11,9.24,9.67,9.24,9.35,11372423.0,107829349.0,511012097.0,0.022254704079931006,603936
2022-05-12,9.35,9.54,9.24,9.38,6195516.0,58116890.0,511012097.0,0.012124010441968069,603936
2022-05-13,9.44,9.45,9.3,9.35,4970349.0,46512382.0,511012097.0,0.00972648011500988,603936
2022-05-16,9.36,9.47,9.2,9.26,5636499.0,52395214.0,511012097.0,0.01103006960713887,603936
2022-05-17,9.19,9.25,9.08,9.22,5317872.0,48844499.0,511012097.0,0.01040654816435784,603936
2022-05-18,9.24,9.45,9.18,9.37,6682914.0,62634768.0,511012097.0,0.013077799995799317,603936
2022-05-19,9.28,9.4,9.2,9.35,4864198.0,45291376.0,511012097.0,0.009518753134331377,603936
2022-05-20,9.4,9.5,9.32,9.46,7320155.0,68892803.0,511012097.0,0.014324817441650506,603936
2022-05-23,9.45,9.82,9.43,9.79,12655891.0,121959867.0,511012097.0,0.024766323682548753,603936
2022-05-24,9.84,10.02,9.47,9.5,13220759.0,129298136.0,511012097.0,0.025871714344171386,603936
2022-05-25,9.5,9.84,9.4,9.84,7525183.0,72425814.0,511012097.0,0.014726036906323962,603936
2022-05-26,10.8,10.8,9.94,10.09,27075060.0,276704484.0,511012097.0,0.05298320755800034,603936
2022-05-27,9.93,10.29,9.77,9.84,16075294.0,160809463.0,511012097.0,0.031457756273037894,603936
2022-05-30,9.8,9.83,9.58,9.7,9911212.0,95980214.0,511012097.0,0.01939525905195939,603936
2022-05-31,9.71,9.82,9.53,9.76,7690885.0,74750837.0,511012097.0,0.015050299288707445,603936
2022-06-01,9.76,9.96,9.74,9.88,7394216.0,72967969.0,511012097.0,0.014469747474490804,603936
2022-06-02,9.84,10.12,9.72,10.1,7780281.0,77532119.0,511012097.0,0.015225238395873043,603936
2022-06-06,10.03,10.34,9.96,10.33,11537525.0,117990081.0,511012097.0,0.022577792321812687,603936
2022-06-07,10.34,10.34,10.07,10.13,7763876.0,78939476.0,511012097.0,0.015193135437652858,603936
2022-06-08,10.18,10.24,9.85,10.1,8811380.0,88609233.0,511012097.0,0.01724299689132408,603936
2022-06-09,10.1,10.1,9.75,9.84,5983427.0,59110207.0,511012097.0,0.011708973300489206,603936
2022-06-10,9.75,10.4,9.75,10.25,13041543.0,132471371.0,511012097.0,0.02552100640388558,603936
2022-06-13,10.18,10.36,10.05,10.16,8153920.0,83326607.0,511012097.0,0.0159564128674629,603936
2022-06-14,10.05,10.15,9.66,10.05,10025662.0,99070257.0,511012097.0,0.019619226352678692,603936
2022-06-15,10.11,10.21,9.99,10.0,8458882.0,85428580.0,511012097.0,0.016553193260315322,603936
2022-06-16,9.97,10.2,9.97,10.1,7965346.0,80728602.0,511012097.0,0.01558739224915061,603936
2022-06-17,10.06,11.11,9.87,10.79,27133228.0,287544854.0,511012097.0,0.05309703656584865,603936
2022-06-20,10.92,11.23,10.48,10.59,23491568.0,252394329.0,511012097.0,0.04597066906617672,603936
2022-06-21,10.51,10.61,10.29,10.36,10216142.0,106667026.0,511012097.0,0.01999197682398505,603936
2022-06-22,10.44,11.4,10.4,11.4,46844502.0,523564059.0,511012097.0,0.09167004514180806,603936
2022-06-23,11.5,12.35,11.31,11.99,53468236.0,629881422.0,511012097.0,0.10463203574611268,603936
2022-06-24,11.83,11.97,11.56,11.72,27198863.0,319967579.0,511012097.0,0.05322547775224194,603936
2022-06-27,11.74,12.3,11.5,11.85,24925281.0,295556414.0,511012097.0,0.04877630323495062,603936
2022-06-28,11.86,13.04,11.62,13.04,39210934.0,490677983.0,511012097.0,0.07673190953833721,603936
2022-06-29,13.1,14.07,13.0,13.19,49161653.0,663222479.0,511012097.0,0.09620447987163795,603936
2022-06-30,13.17,13.91,12.93,13.62,29728045.0,397285671.0,511012097.0,0.05817483612330218,603936
2022-07-01,13.6,14.25,13.4,13.8,25807694.0,356625314.0,511012097.0,0.05050309797264936,603936
2022-07-04,13.76,13.76,13.02,13.34,24383604.0,323545525.0,511012097.0,0.04771629506062358,603936
2022-07-05,13.3,13.3,12.73,12.89,20810430.0,269878315.0,511012097.0,0.04072394787162935,603936
2022-07-06,13.01,13.25,12.85,13.08,13933217.0,182502408.0,511012097.0,0.027265924000229685,603936
2022-07-07,13.16,13.19,12.87,13.08,11614622.0,151590759.0,511012097.0,0.02272866350559212,603936
2022-07-08,13.16,13.45,12.75,12.82,11452917.0,148922885.0,511012097.0,0.022412222855851493,603936
2022-07-11,12.95,13.07,12.55,12.8,10991004.0,140390831.0,511012097.0,0.021508304919834412,603936
2022-07-12,12.79,13.03,12.41,12.79,10759817.0,137220282.0,511012097.0,0.021055894886183094,603936
2022-07-13,12.8,13.04,12.66,12.92,10713410.0,137802269.0,511012097.0,0.02096508098907099,603936
2022-07-14,12.92,13.1,12.54,12.87,16547703.0,212332932.0,511012097.0,0.032382213840233216,603936
2022-07-15,12.75,12.97,12.26,12.76,16287042.0,206015407.0,511012097.0,0.03187212611133157,603936
2022-07-18,12.8,13.65,12.2,13.59,28905825.0,376239632.0,511012097.0,0.056565833117645355,603936
2022-07-19,13.43,13.82,13.37,13.71,17730345.0,241625915.0,511012097.0,0.03469652695912598,603936
2022-07-20,13.72,14.12,13.62,13.73,15647430.0,216038065.0,511012097.0,0.030620468853597413,603936
2022-07-21,14.01,14.29,13.59,13.65,16111212.0,224411524.0,511012097.0,0.03152804423727761,603936
2022-07-22,13.7,13.92,13.38,13.87,19141199.0,262631223.0,511012097.0,0.03745742833168194,603936
2022-07-25,13.82,14.13,13.6,14.04,20163334.0,281688296.0,511012097.0,0.039457645168036015,603936
2022-07-26,13.93,14.11,13.78,13.95,14478098.0,202266167.0,511012097.0,0.02833220208483636,603936
2022-07-27,13.88,14.78,13.88,14.24,23960303.0,344821614.0,511012097.0,0.04688793697969933,603936
2022-07-28,14.25,14.9,14.24,14.83,26331381.0,384615995.0,511012097.0,0.05152790150093061,603936
2022-07-29,15.12,15.51,14.3,14.41,27303979.0,407401521.0,511012097.0,0.05343117934055483,603936
2022-08-01,14.43,14.77,14.12,14.38,15327646.0,221698391.0,511012097.0,0.029994683276548736,603936
2022-08-02,14.09,14.35,13.57,13.89,24581370.0,341686708.0,511012097.0,0.04810330351142353,603936
2022-08-03,13.92,14.41,13.85,13.86,19965823.0,282718781.0,511012097.0,0.039071135726949334,603936
2022-08-04,14.04,14.17,13.63,13.92,10993329.0,152722863.0,511012097.0,0.021512854714278908,603936
2022-08-05,14.0,14.92,13.93,14.89,24477198.0,356208934.0,511012097.0,0.04789944923750014,603936
2022-08-08,14.96,15.61,14.6,15.41,25525276.0,387792981.0,511012097.0,0.049950433952251426,603936
2022-08-09,15.38,15.55,14.78,15.28,19506686.0,294841151.0,511012097.0,0.03817265014765394,603936
2022-08-10,15.28,16.09,15.18,15.87,22222168.0,349570858.0,511012097.0,0.04348657914452463,603936
2022-08-11,16.0,16.45,15.6,15.85,23093007.0,369227505.0,511012097.0,0.04519072471194356,603936
2022-08-12,15.84,16.39,15.6,15.67,22025253.0,353843137.0,511012097.0,0.04310123601633642,603936
2022-08-15,15.57,16.35,15.4,15.93,17678425.0,280471371.0,511012097.0,0.03459492466770312,603936
2022-08-16,15.88,16.34,15.77,16.05,12278354.0,197235249.0,511012097.0,0.024027521211498835,603936
2022-08-17,16.13,16.15,15.72,16.0,13373796.0,212632870.0,511012097.0,0.026171192577462605,603936
2022-08-18,15.91,17.6,15.77,17.22,39918048.0,673094847.0,511012097.0,0.0781156615163261,603936
2022-08-19,17.4,18.9,17.3,17.48,63175305.0,1137333873.0,511012097.0,0.12362780719063877,603936
2022-08-22,17.78,17.99,17.0,17.55,33059965.0,578893301.0,511012097.0,0.06469507315792565,603936
2022-08-23,17.14,17.66,16.49,16.7,31278528.0,532512891.0,511012097.0,0.06120897760273569,603936
2022-08-24,16.68,16.78,15.03,15.03,37618082.0,576761260.0,511012097.0,0.07361485612736875,603936
2022-08-25,15.01,15.37,14.2,14.46,32211933.0,474815924.0,511012097.0,0.06303555862788117,603936
2022-08-26,14.66,15.5,14.51,14.92,27338539.0,408717318.0,511012097.0,0.053498809833458796,603936
2022-08-29,14.58,15.54,14.58,15.04,15084028.0,228270177.0,511012097.0,0.029517947008600855,603936
2022-08-30,14.95,15.67,14.9,15.2,20540873.0,314103094.0,511012097.0,0.040196451552887605,603936
2022-08-31,15.3,15.35,14.0,14.11,20257330.0,291681375.0,511012097.0,0.03964158601904878,603936
2022-09-01,14.19,14.35,13.56,13.63,20235818.0,280278394.0,511012097.0,0.0395994891682574,603936
2022-09-02,13.52,14.63,13.52,14.58,19713323.0,281282542.0,511012097.0,0.03857701826577307,603936
2022-09-05,14.79,15.02,14.25,14.35,15041706.0,219064710.0,511012097.0,0.029435127051405205,603936
2022-09-06,14.6,15.79,14.6,15.54,46867297.0,729577965.0,511012097.0,0.09171465269637247,603936
2022-09-07,15.56,16.07,15.21,15.94,37110270.0,580351718.0,511012097.0,0.07262111839986442,603936
2022-09-08,15.74,16.25,15.35,15.35,20137417.0,314597948.0,511012097.0,0.039406928169060544,603936
2022-09-09,15.45,15.58,14.67,14.93,15150636.0,226312990.0,511012097.0,0.0296482922595079,603936
2022-09-13,15.18,15.6,14.7,14.79,13000241.0,194725554.0,511012097.0,0.025440182485543,603936
2022-09-14,14.55,14.96,14.36,14.5,14883632.0,217176373.0,511012097.0,0.029125791908601335,603936
2022-09-15,14.67,14.68,13.05,13.32,30643911.0,415522535.0,511012097.0,0.059967095064679066,603936
2022-09-16,13.3,13.62,13.12,13.25,13121067.0,175461069.0,511012097.0,0.025676626985994815,603936
2022-09-19,13.17,13.57,12.76,12.92,22815072.0,298089190.0,511012097.0,0.044646833477994946,603936
2022-09-20,13.1,13.5,12.8,13.41,15812214.0,208898762.0,511012097.0,0.030942934801013136,603936
2022-09-21,13.55,13.56,13.1,13.32,10710526.0,143359799.0,511012097.0,0.020959437287058978,603936
2022-09-22,13.2,13.65,13.05,13.52,12891835.0,173373311.0,511012097.0,0.025228042693478545,603936
2022-09-23,13.45,13.7,12.69,12.86,19376159.0,252366433.0,511012097.0,0.03791722175218878,603936
2022-09-26,12.58,12.88,12.5,12.62,10029310.0,127282160.0,511012097.0,0.019626365126929668,603936
2022-09-27,12.57,13.14,12.54,13.11,13150298.0,170644390.0,511012097.0,0.025733829154341917,603936
2022-09-28,13.24,13.44,12.56,12.59,14334304.0,185144822.0,511012097.0,0.02805081148597545,603936
2022-09-29,12.78,12.85,12.2,12.35,13725364.0,170364699.0,511012097.0,0.026859176290693565,603936
2022-09-30,12.38,12.45,11.63,11.65,16420306.0,195054422.0,511012097.0,0.0321329105443858,603936
2022-10-10,11.85,11.88,11.14,11.22,12951730.0,147732222.0,511012097.0,0.02534525126907123,603936
2022-10-11,11.26,11.45,11.1,11.22,8737223.0,98467376.0,511012097.0,0.017097878996003495,603936
2022-10-12,11.12,11.88,10.87,11.8,16526910.0,187250460.0,511012097.0,0.032341524001143165,603936
2022-10-13,11.63,12.19,11.59,11.97,13424581.0,160975684.0,511012097.0,0.026270573786436213,603936
2022-10-14,12.03,12.32,11.88,12.19,11171996.0,135637551.0,511012097.0,0.02186248831600556,603936
2022-10-17,12.17,12.65,12.08,12.53,12260172.0,151773535.0,511012097.0,0.02399194084049247,603936
2022-10-18,12.54,12.73,12.39,12.7,10678284.0,134256954.0,511012097.0,0.020896342890293653,603936
2022-10-19,12.58,12.85,12.54,12.7,10169013.0,129062380.0,511012097.0,0.019899750044469103,603936
2022-10-20,12.62,13.67,12.39,13.29,20301545.0,265274409.0,511012097.0,0.03972811038952763,603936
2022-10-21,13.29,13.29,12.88,12.95,13532837.0,177090836.0,511012097.0,0.026482420043375216,603936
2022-10-24,12.8,13.23,12.57,12.69,14929097.0,192121155.0,511012097.0,0.02921476240512561,603936
2022-10-25,12.8,12.8,12.1,12.47,13797766.0,171227576.0,511012097.0,0.027000859825046374,603936
2022-10-26,12.52,12.85,12.18,12.75,12820467.0,161146285.0,511012097.0,0.025088382594590515,603936
2022-10-27,12.78,12.91,12.3,12.31,13469883.0,168311649.0,511012097.0,0.026359225308124165,603936
2022-10-28,12.1,12.35,11.36,11.45,18768118.0,221262251.0,511012097.0,0.03672734581075876,603936
2022-10-31,11.52,11.95,11.45,11.63,16430604.0,192325008.0,511012097.0,0.032153062709198446,603936
2022-11-01,11.72,12.35,11.56,12.3,15963317.0,191688072.0,511012097.0,0.03123862838808687,603936
2022-11-02,12.39,12.66,12.21,12.29,15544135.0,193083937.0,511012097.0,0.0304183307817075,603936
2022-11-03,12.31,12.93,12.22,12.85,18242808.0,231457719.0,511012097.0,0.03569936623242013,603936
2022-11-04,12.92,13.48,12.82,13.43,16920143.0,223280914.0,511012097.0,0.0331110419877203,603936
2022-11-07,13.52,13.67,13.11,13.15,14926566.0,198806924.0,511012097.0,0.029209809489108826,603936
2022-11-08,13.27,13.47,12.64,12.79,14511689.0,186788823.0,511012097.0,0.02839793634082991,603936
2022-11-09,12.73,13.12,12.52,12.87,11460969.0,147160476.0,511012097.0,0.022427979821385717,603936
2022-11-10,12.84,12.88,12.29,12.33,13258666.0,165772529.0,511012097.0,0.02594589458417459,603936
2022-11-11,12.65,12.81,12.35,12.4,11505142.0,144040495.0,511012097.0,0.022514422002029435,603936
2022-11-14,12.43,12.6,12.16,12.24,10409822.0,128429423.0,511012097.0,0.0203709893779677,603936
2022-11-15,12.15,13.46,12.13,13.46,32884065.0,429913553.0,511012097.0,0.06435085430081315,603936
2022-11-16,13.66,14.79,13.61,14.18,54436623.0,776563361.0,511012097.0,0.10652707307631507,603936
2022-11-17,14.37,15.18,13.9,14.99,47413187.0,693120121.0,511012097.0,0.09278290529392301,603936
2022-11-18,14.72,15.1,14.63,14.73,25655056.0,380365357.0,511012097.0,0.05020440054279185,603936
2022-11-21,14.68,15.1,14.43,14.97,25118443.0,372322981.0,511012097.0,0.049154302114300046,603936
2022-11-22,14.85,15.1,14.68,14.8,20103708.0,298983012.0,511012097.0,0.039340962998768304,603936
2022-11-23,14.86,14.89,14.15,14.61,18699352.0,270585028.0,511012097.0,0.036592777567846894,603936
2022-11-24,14.62,14.86,14.48,14.7,11739715.0,172281473.0,511012097.0,0.022973458101912606,603936
2022-11-25,14.71,15.1,14.44,14.49,12025562.0,176882721.0,511012097.0,0.023532832335278357,603936
2022-11-28,14.33,14.8,14.23,14.65,12842917.0,187062619.0,511012097.0,0.025132315018366384,603936
2022-11-29,14.5,14.98,14.48,14.76,12477162.0,184596014.0,511012097.0,0.024416568752970245,603936
2022-11-30,14.83,15.29,14.6,14.93,15885886.0,237322012.0,511012097.0,0.0310871035994281,603936
2022-12-01,15.11,15.16,14.6,14.67,16100474.0,238834271.0,511012097.0,0.03150703103609698,603936
2022-12-02,14.65,15.34,14.59,14.85,14105099.0,211220028.0,511012097.0,0.02760228002978176,603936
2022-12-05,14.95,15.09,14.5,14.77,12519780.0,184786299.0,511012097.0,0.024499967952813454,603936
2022-12-06,14.64,14.77,14.48,14.51,10615002.0,154873908.0,511012097.0,0.02077250629156828,603936
2022-12-07,14.52,14.71,14.25,14.42,9725541.0,140830296.0,511012097.0,0.019031919316775,603936
2022-12-08,14.6,14.6,13.85,14.15,18423054.0,260188676.0,511012097.0,0.03605208978056737,603936
2022-12-09,14.1,14.57,13.97,14.42,11348332.0,162486969.0,511012097.0,0.0222075603818827,603936
2022-12-12,14.3,14.52,14.08,14.3,9927156.0,141745792.0,511012097.0,0.01942645987889402,603936
2022-12-13,14.32,14.32,13.7,13.73,13371686.0,186111437.0,511012097.0,0.02616706351669792,603936
2022-12-14,13.93,14.19,13.72,13.77,9239783.0,128761540.0,511012097.0,0.018081339080315353,603936
2022-12-15,13.61,14.12,13.53,13.93,10160975.0,141135321.0,511012097.0,0.01988402047554659,603936
2022-12-16,13.89,13.89,13.44,13.67,9700191.0,131962304.0,511012097.0,0.01898231188057374,603936
2022-12-19,13.66,13.74,13.2,13.27,6682860.0,89780488.0,511012097.0,0.013077694323154154,603936
2022-12-20,13.26,13.42,13.16,13.27,5719688.0,75980987.0,511012097.0,0.011192862230813295,603936
2022-12-21,13.3,13.34,12.55,12.75,11625925.0,149426204.0,511012097.0,0.022750782355745288,603936
2022-12-22,12.75,13.19,12.6,12.88,9140862.0,117959894.0,511012097.0,0.0178877604926836,603936
2022-12-23,12.87,12.96,12.43,12.57,6381085.0,80319928.0,511012097.0,0.012487150573267153,603936
2022-12-26,12.65,13.02,12.51,12.96,6846471.0,87946422.0,511012097.0,0.013397864825888848,603936
2022-12-27,12.96,13.1,12.76,12.94,5225324.0,67673788.0,511012097.0,0.010225440905756092,603936
2022-12-28,12.95,12.95,12.48,12.62,7595965.0,96177220.0,511012097.0,0.014864550261321895,603936
2022-12-29,12.6,12.63,12.2,12.22,7413539.0,91895126.0,511012097.0,0.014507560669351435,603936
2022-12-30,12.33,12.55,12.16,12.22,6736550.0,82794565.0,511012097.0,0.013182760329057337,603936
2023-01-03,12.27,13.44,12.22,13.44,13615890.0,176788972.0,511012097.0,0.0266449465285359,603936
2023-01-04,13.6,14.17,13.58,13.84,24880054.0,343469348.0,511012097.0,0.0486877984808254,603936
2023-01-05,13.93,14.11,13.75,13.84,13633477.0,189295676.0,511012097.0,0.026679362543544638,603936
2023-01-06,13.9,14.22,13.75,13.89,13709424.0,191715205.0,511012097.0,0.026827983291362278,603936
2023-01-09,13.9,14.05,13.7,13.75,10795875.0,149675742.0,511012097.0,0.021126456816539903,603936
2023-01-10,13.75,14.06,13.74,13.96,20668929.0,288077994.0,511012097.0,0.040447044446386166,603936
2023-01-11,13.88,14.25,13.75,13.79,16578408.0,232824680.0,511012097.0,0.03244230048041309,603936
2023-01-12,13.9,14.03,13.45,13.92,16256850.0,223024024.0,511012097.0,0.03181304336128074,603936
2023-01-13,13.98,14.28,13.7,13.88,12829909.0,179042327.0,511012097.0,0.025106859652287254,603936
2023-01-16,13.82,14.07,13.8,13.9,10746050.0,150006831.0,511012097.0,0.02102895423236918,603936
2023-01-17,13.95,14.21,13.89,14.01,12177544.0,171138754.0,511012097.0,0.023830246038187234,603936
2023-01-18,13.99,14.19,13.82,13.97,9992988.0,140137824.0,511012097.0,0.019555286574752063,603936
2023-01-19,13.9,14.07,13.81,13.98,10520739.0,146937015.0,511012097.0,0.020588042948032206,603936
2023-01-20,13.98,14.15,13.98,14.1,10325193.0,145115330.0,511012097.0,0.02020537881708894,603936
2023-01-30,14.17,14.42,14.1,14.13,15954887.0,226644961.0,511012097.0,0.031222131714036507,603936
2023-01-31,14.1,14.18,13.86,14.04,8783006.0,122695393.0,511012097.0,0.017187471786993723,603936
2023-02-01,14.02,14.65,14.01,14.59,19670332.0,283314853.0,511012097.0,0.0384928891419179,603936
2023-02-02,14.68,14.71,14.42,14.47,14514685.0,211302832.0,511012097.0,0.028403799215735593,603936
2023-02-03,14.5,14.96,14.42,14.76,19145064.0,281492107.0,511012097.0,0.0374649917534144,603936
2023-02-06,14.76,14.79,14.29,14.58,14050790.0,203342315.0,511012097.0,0.027496002702260883,603936
2023-02-07,14.58,14.65,14.29,14.43,11736334.0,169418197.0,511012097.0,0.022966841820184936,603936
2023-02-08,14.42,14.57,14.08,14.09,10978075.0,156321680.0,511012097.0,0.02148300414892135,603936
2023-02-09,14.11,15.18,13.9,14.86,24534709.0,359162313.0,511012097.0,0.04801199256149899,603936
2023-02-10,14.84,15.55,14.73,15.32,34670817.0,529127258.0,511012097.0,0.06784735078394827,603936
2023-02-13,15.2,15.51,15.11,15.37,22034720.0,337071937.0,511012097.0,0.04311976199655407,603936
2023-02-14,15.37,15.47,15.04,15.15,17598544.0,267025081.0,511012097.0,0.034438605471995315,603936
2023-02-15,15.17,15.3,14.9,15.03,13169267.0,198219226.0,511012097.0,0.025770949606306482,603936
2023-02-16,15.01,15.09,14.28,14.47,16595388.0,244858472.0,511012097.0,0.03247552865661417,603936
2023-02-17,14.53,14.56,13.88,13.9,14558339.0,205588864.0,511012097.0,0.02848922576484525,603936
2023-02-20,13.99,14.22,13.63,14.13,12837677.0,178663084.0,511012097.0,0.025122060857983956,603936
2023-02-21,14.21,14.85,14.19,14.34,16166498.0,234222757.0,511012097.0,0.0316362334569156,603936
2023-02-22,14.17,14.68,14.1,14.54,11723015.0,169038315.0,511012097.0,0.0229407778579457,603936
2023-02-23,14.53,14.67,14.31,14.4,9858571.0,142415532.0,511012097.0,0.019292245835033528,603936
2023-02-24,14.48,14.95,14.4,14.62,15953562.0,234245641.0,511012097.0,0.031219538820428355,603936
2023-02-27,14.55,14.64,14.14,14.25,11406182.0,163465553.0,511012097.0,0.022320767095265065,603936
2023-02-28,14.21,14.55,14.04,14.38,9153488.0,130837211.0,511012097.0,0.01791246832264325,603936
2023-03-01,14.38,14.44,14.23,14.38,8383803.0,120117851.0,511012097.0,0.01640627110242363,603936
2023-03-02,14.3,14.32,13.8,13.84,19874077.0,278241493.0,511012097.0,0.038891597902818334,603936
2023-03-03,13.89,14.3,13.54,14.19,28805249.0,402025051.0,511012097.0,0.05636901585912946,603936
2023-03-06,14.01,14.09,13.72,13.93,16724494.0,232864850.0,511012097.0,0.032728176295990896,603936
2023-03-07,13.9,14.02,13.45,13.45,13363596.0,182480375.0,511012097.0,0.02615123218893192,603936
2023-03-08,13.44,13.68,13.36,13.6,9300716.0,126250233.0,511012097.0,0.018200578918976158,603936
2023-03-09,13.7,13.97,13.62,13.69,10761908.0,148184596.0,511012097.0,0.021059986765831887,603936
2023-03-10,13.6,13.8,13.44,13.47,8531910.0,115974071.0,511012097.0,0.01669610181459168,603936
2023-03-13,13.41,13.52,13.06,13.18,12955709.0,170932520.0,511012097.0,0.025353037777499032,603936
2023-03-14,13.19,13.33,12.7,13.33,14389174.0,187916380.0,511012097.0,0.028158186634865516,603936
2023-03-15,13.25,14.26,13.25,13.98,27113769.0,373999705.0,511012097.0,0.05305895723247429,603936
2023-03-16,13.88,14.08,13.7,13.82,16226741.0,225151695.0,511012097.0,0.03175412303399933,603936
2023-03-17,13.92,14.13,13.7,14.11,25846704.0,360260336.0,511012097.0,0.05057943667427505,603936
2023-03-20,14.13,14.2,13.83,14.04,19558596.0,274056729.0,511012097.0,0.03827423287006844,603936
2023-03-21,14.15,14.15,13.85,13.98,13033360.0,182129646.0,511012097.0,0.025504993084341798,603936
2023-03-22,14.02,14.24,13.9,14.17,18071964.0,254695087.0,511012097.0,0.03536504146593618,603936
2023-03-23,14.06,14.36,14.0,14.29,22308334.0,316984437.0,511012097.0,0.04365519746198885,603936
2023-03-24,14.29,14.84,14.29,14.69,29656979.0,431409741.0,511012097.0,0.05803576700846673,603936
2023-03-27,14.91,14.94,14.53,14.61,25651368.0,377053717.0,511012097.0,0.050197183492507416,603936
2023-03-28,14.55,14.6,14.07,14.09,18616443.0,266080258.0,511012097.0,0.03643053287640664,603936
2023-03-29,14.09,14.94,14.04,14.61,24533230.0,357752674.0,511012097.0,0.04800909830516204,603936
2023-03-30,14.68,15.0,14.49,14.55,19953280.0,293967340.0,511012097.0,0.0390465903197591,603936
2023-03-31,14.44,14.64,14.32,14.57,12509721.0,181490439.0,511012097.0,0.02448028348730069,603936
2023-04-03,14.57,14.72,14.38,14.69,17188919.0,250691475.0,511012097.0,0.03363700996690887,603936
2023-04-04,14.74,14.77,14.24,14.48,21755797.0,316280410.0,511012097.0,0.04257393734457914,603936
2023-04-06,14.3,15.1,14.15,15.1,37897613.0,563517842.0,511012097.0,0.07416187057505216,603936
2023-04-07,15.11,15.27,14.85,15.19,36586502.0,551659633.0,511012097.0,0.07159615636261542,603936
2023-04-10,15.25,15.54,14.88,15.03,30470133.0,462958261.0,511012097.0,0.05962702875114129,603936
2023-04-11,15.09,15.29,14.71,14.96,24003120.0,360609895.0,511012097.0,0.04697172560280897,603936
2023-04-12,14.92,15.06,14.59,14.88,25098112.0,372116264.0,511012097.0,0.049114516363396386,603936
2023-04-13,14.78,14.8,13.91,13.93,35945808.0,513531752.0,511012097.0,0.07034238173817635,603936
2023-04-14,13.99,15.12,13.7,14.86,39248137.0,564406247.0,511012097.0,0.07680471212015164,603936
2023-04-17,14.85,15.08,14.55,14.69,20981780.0,308599045.0,511012097.0,0.04105926282993649,603936
2023-04-18,14.64,14.78,14.14,14.47,18977256.0,273947816.0,511012097.0,0.03713660813786958,603936
2023-04-19,14.38,14.85,14.32,14.53,16066544.0,234446348.0,511012097.0,0.03144063339071991,603936
2023-04-20,14.6,15.15,14.35,15.14,34561709.0,512654043.0,511012097.0,0.0676338372474967,603936
2023-04-21,15.25,16.1,14.16,14.16,54237738.0,815318289.0,511012097.0,0.10613787485347925,603936
2023-04-24,13.8,14.41,13.24,13.42,30359736.0,413544796.0,511012097.0,0.05941099276951168,603936
2023-04-25,13.34,13.4,12.32,12.63,24614122.0,315668922.0,511012097.0,0.04816739592761539,603936
2023-04-26,12.49,12.62,11.95,12.08,20521712.0,250406715.0,511012097.0,0.04015895537596246,603936
2023-04-27,12.0,12.25,11.86,11.93,15151554.0,182429948.0,511012097.0,0.029650088694475663,603936
2023-04-28,11.91,12.24,11.9,12.15,12478853.0,151459915.0,511012097.0,0.024419877872284498,603936
2023-05-04,12.17,12.29,11.8,11.89,14346705.0,171947881.0,511012097.0,0.02807507901324692,603936
2023-05-05,11.88,11.92,11.4,11.67,14692856.0,170642207.0,511012097.0,0.02875246219464742,603936
2023-05-08,11.7,11.95,11.61,11.85,12645360.0,149257428.0,511012097.0,0.024745715559841237,603936
2023-05-09,11.82,11.92,11.48,11.52,13417195.0,156594104.0,511012097.0,0.026256120116858996,603936
2023-05-10,11.5,11.62,11.41,11.54,8197689.0,94476053.0,511012097.0,0.016042064460168738,603936
2023-05-11,11.6,11.71,11.54,11.66,6855326.0,79695561.0,511012097.0,0.013415193182794653,603936
2023-05-12,11.65,11.76,11.39,11.39,7697335.0,89059425.0,511012097.0,0.01506292129910185,603936
2023-05-15,11.39,11.51,11.08,11.49,6602467.0,75371459.0,511012097.0,0.01292037319421814,603936
2023-05-16,11.49,11.62,11.37,11.45,7285016.0,83792300.0,511012097.0,0.014256053903162296,603936
2023-05-17,11.45,11.69,11.45,11.62,10052992.0,116525300.0,511012097.0,0.01967270845253591,603936
2023-05-18,11.63,11.76,11.61,11.74,9370025.0,109704716.0,511012097.0,0.01833620975904216,603936
2023-05-19,11.75,12.05,11.7,11.99,13056694.0,155535197.0,511012097.0,0.025550655408456992,603936
2023-05-22,12.08,12.18,11.81,11.86,9799408.0,116491711.0,511012097.0,0.019176469710853048,603936
2023-05-23,11.84,11.84,11.57,11.62,6827692.0,79822126.0,511012097.0,0.013361116185083188,603936
2023-05-24,11.54,11.85,11.53,11.67,7508812.0,87845166.0,511012097.0,0.014694000482732212,603936
2023-05-25,11.7,11.97,11.53,11.69,8446394.0,98693950.0,511012097.0,0.01652875548267109,603936
2023-05-26,11.64,11.92,11.56,11.87,11115662.0,131275566.0,511012097.0,0.02175224826429109,603936
2023-05-29,11.88,12.15,11.86,11.92,11705525.0,140245338.0,511012097.0,0.022906551662318083,603936
2023-05-30,11.85,11.94,11.6,11.91,12752980.0,149987860.0,511012097.0,0.024956317227848326,603936
2023-05-31,11.89,12.32,11.83,12.31,19874608.0,240978737.0,511012097.0,0.03889263701716243,603936
2023-06-01,12.2,12.38,12.1,12.31,16232409.0,198948361.0,511012097.0,0.03176521474793972,603936
2023-06-02,12.25,12.38,12.17,12.31,11881462.0,145863423.0,511012097.0,0.023250842924761525,603936
2023-06-05,12.12,12.25,12.0,12.09,11077850.0,134247602.0,511012097.0,0.02167825392986734,603936
2023-06-06,12.09,12.12,11.61,11.67,11875412.0,140333262.0,511012097.0,0.023239003674701657,603936
2023-06-07,11.68,11.82,11.6,11.8,7702913.0,90328147.0,511012097.0,0.015073836891966962,603936
2023-06-08,11.8,12.25,11.53,11.96,16685471.0,199533168.0,511012097.0,0.03265181215465433,603936
2023-06-09,11.9,12.04,11.76,11.95,11098327.0,131933801.0,511012097.0,0.021718325388293106,603936
2023-06-12,11.97,12.15,11.91,12.05,10876790.0,131014908.0,511012097.0,0.02128479944771249,603936
2023-06-13,12.02,12.26,11.91,12.24,13713470.0,166323148.0,511012097.0,0.02683590091214612,603936
2023-06-14,12.27,12.34,12.04,12.14,12133235.0,147603528.0,511012097.0,0.023743537719029772,603936
2023-06-15,12.14,12.28,11.99,12.01,11315080.0,136898530.0,511012097.0,0.02214248951527267,603936
2023-06-16,11.98,12.3,11.93,12.23,14724685.0,178985084.0,511012097.0,0.02881474839136734,603936
2023-06-19,12.23,12.49,12.23,12.45,15604990.0,193662985.0,511012097.0,0.030537417982103073,603936
2023-06-20,12.39,12.93,12.25,12.66,26194495.0,330538754.0,511012097.0,0.05126002917304715,603936
2023-06-21,12.58,12.62,12.12,12.27,19216864.0,236726454.0,511012097.0,0.03760549723346373,603936
2023-06-26,12.14,12.24,11.76,11.78,11339454.0,135783866.0,511012097.0,0.02219018701625766,603936
2023-06-27,11.76,11.94,11.74,11.88,6061111.0,71868322.0,511012097.0,0.01186099318505957,603936
2023-06-28,11.9,11.91,11.31,11.55,10810207.0,124295240.0,511012097.0,0.021154503119326352,603936
2023-06-29,11.5,11.76,11.43,11.68,6848783.0,79722876.0,511012097.0,0.013402389180622469,603936
2023-06-30,11.67,12.07,11.65,12.0,11280075.0,134637478.0,511012097.0,0.02207398820149653,603936
2023-07-03,12.07,12.21,11.9,11.98,10068126.0,121054638.0,511012097.0,0.019702324189793105,603936
2023-07-04,11.95,12.21,11.95,12.21,10096222.0,122459633.0,511012097.0,0.01975730527569096,603936
2023-07-05,12.18,12.26,12.01,12.03,9437157.0,114358647.0,511012097.0,0.01846758042598745,603936
2023-07-06,11.96,12.3,11.95,12.17,10668157.0,129931192.0,511012097.0,0.02087652535552402,603936
2023-07-07,12.18,12.2,11.84,11.98,10116433.0,121218623.0,511012097.0,0.01979685619849426,603936
2023-07-10,12.0,12.05,11.76,11.83,7574837.0,89911653.0,511012097.0,0.01482320486045167,603936
2023-07-11,11.8,12.13,11.8,12.05,9838895.0,118203447.0,511012097.0,0.01925374185417767,603936
2023-07-12,12.08,12.11,11.8,11.81,8706712.0,103779825.0,511012097.0,0.017038171994585873,603936
2023-07-13,11.82,12.28,11.82,12.24,20625144.0,250263178.0,511012097.0,0.04036136154326695,603936
2023-07-14,12.22,12.33,12.1,12.16,13641588.0,166645346.0,511012097.0,0.026695234966228207,603936
2023-07-17,12.2,12.46,12.16,12.42,19439400.0,239673306.0,511012097.0,0.03804097811797986,603936
2023-07-18,12.44,12.66,12.33,12.37,21230666.0,265436723.0,511012097.0,0.04154630805149022,603936
2023-07-19,12.28,12.48,12.16,12.19,10460692.0,128278607.0,511012097.0,0.0204705369235124,603936
2023-07-20,12.25,12.28,11.82,11.87,12600760.0,151281596.0,511012097.0,0.0246584377825404,603936
2023-07-21,11.84,11.97,11.76,11.88,7786122.0,92763513.0,511012097.0,0.015236668653658116,603936
2023-07-24,11.8,12.17,11.78,11.95,7866237.0,94475687.0,511012097.0,0.015393445764161627,603936
2023-07-25,12.0,12.18,11.95,12.17,8713494.0,105362786.0,511012097.0,0.017051443696057943,603936
2023-07-26,12.11,12.12,11.91,11.96,6720636.0,80457201.0,511012097.0,0.013151618209147797,603936
2023-07-27,12.03,12.84,12.0,12.21,16563602.0,204270515.0,511012097.0,0.03241332660663022,603936
2023-07-28,12.05,12.24,11.9,12.2,11821476.0,142530436.0,511012097.0,0.023133456271192735,603936
2023-07-31,12.2,12.28,12.13,12.23,8770827.0,107071073.0,511012097.0,0.01716363869170792,603936
2023-08-01,12.21,12.24,12.12,12.18,6643907.0,80783934.0,511012097.0,0.013001467164876138,603936
2023-08-02,12.18,12.2,12.11,12.14,5245128.0,63709490.0,511012097.0,0.010264195369919002,603936
2023-08-03,12.05,12.18,12.03,12.16,4715144.0,57181895.0,511012097.0,0.00922706923707131,603936
2023-08-04,12.2,12.27,12.13,12.17,6758233.0,82433464.0,511012097.0,0.013225191809891733,603936
2023-08-07,12.14,12.24,12.09,12.13,5804922.0,70542223.0,511012097.0,0.011359656716698039,603936
2023-08-08,12.1,12.14,11.54,11.94,8181233.0,97494345.0,511012097.0,0.0160098617000059,603936
2023-08-09,11.9,11.93,11.76,11.82,4731896.0,55886305.0,511012097.0,0.009259851239881704,603936
2023-08-10,11.76,11.86,11.7,11.75,4435432.0,52235933.0,511012097.0,0.008679700590336514,603936
2023-08-11,11.75,11.76,11.56,11.56,4497700.0,52357525.0,511012097.0,0.008801552891613836,603936
2023-08-14,11.36,11.52,11.33,11.46,4224330.0,48219476.0,511012097.0,0.008266594909983119,603936
2023-08-15,11.45,11.5,11.11,11.2,5887288.0,66360862.0,511012097.0,0.011520838810984155,603936
2023-08-16,11.16,11.23,10.9,10.91,5212140.0,57705431.0,511012097.0,0.010199641125129763,603936
2023-08-17,10.89,11.05,10.71,11.0,6735800.0,73482753.0,511012097.0,0.013181292653430082,603936
2023-08-18,10.98,11.11,10.68,10.68,6504562.0,70795159.0,511012097.0,0.01272878281783611,603936
2023-08-21,10.81,10.88,10.64,10.65,5328596.0,57422813.0,511012097.0,0.010427533968926766,603936
2023-08-22,10.68,10.79,10.51,10.77,6900795.0,73589316.0,511012097.0,0.013504171506922272,603936
2023-08-23,10.74,10.83,10.57,10.66,4648279.0,49560425.0,511012097.0,0.009096221062649325,603936
2023-08-24,10.74,10.76,10.54,10.66,5112900.0,54467525.0,511012097.0,0.010005438286131218,603936
2023-08-25,10.59,10.59,10.19,10.19,7720900.0,79786957.0,511012097.0,0.01510903566731024,603936
2023-08-28,10.66,10.76,10.3,10.36,10612930.0,112442138.0,511012097.0,0.020768451593035378,603936
2023-08-29,10.37,10.66,10.36,10.59,7721540.0,81472559.0,511012097.0,0.015110288083845498,603936
2023-08-30,10.64,10.91,10.63,10.78,8165890.0,88155847.0,511012097.0,0.01597983697047391,603936
2023-08-31,10.74,10.87,10.7,10.84,6075066.0,65528905.0,511012097.0,0.011888301736230717,603936
2023-09-01,10.8,10.93,10.72,10.8,3905240.0,42136586.0,511012097.0,0.007642167422114862,603936
2023-09-04,10.81,10.95,10.78,10.95,5185060.0,56344559.0,511012097.0,0.010146648250481631,603936
2023-09-05,10.94,11.08,10.9,11.02,6436900.0,70957762.0,511012097.0,0.012596374993447563,603936
2023-09-06,10.94,11.35,10.94,11.33,10505919.0,117599078.0,511012097.0,0.020559041677637623,603936
2023-09-07,11.25,11.27,11.02,11.04,8604492.0,95711348.0,511012097.0,0.01683813759109503,603936
2023-09-08,10.98,11.21,10.96,11.14,5239780.0,58392784.0,511012097.0,0.010253729864246247,603936
2023-09-11,11.21,11.29,11.06,11.23,6182840.0,69282298.0,511012097.0,0.012099204766966602,603936
2023-09-12,11.24,11.38,11.19,11.29,5124764.0,57830700.0,511012097.0,0.010028654957653576,603936
2023-09-13,11.24,11.29,10.99,11.05,6054551.0,67146802.0,511012097.0,0.011848155915573168,603936
2023-09-14,11.09,11.13,10.85,10.86,4764944.0,52062549.0,511012097.0,0.009324522898721124,603936
2023-09-15,10.91,11.05,10.76,10.95,5318572.0,58002944.0,511012097.0,0.010407917994943278,603936
2023-09-18,10.92,11.04,10.8,10.91,4121000.0,45032223.0,511012097.0,0.008064388346563936,603936
2023-09-19,10.87,10.91,10.7,10.72,3387800.0,36466219.0,511012097.0,0.0066295886533582395,603936
2023-09-20,10.75,10.85,10.65,10.66,3076368.0,33069976.0,511012097.0,0.006020147112094687,603936
2023-09-21,10.66,10.82,10.61,10.71,4414100.0,47325441.0,511012097.0,0.008637955981695674,603936
2023-09-22,10.64,10.96,10.63,10.93,8370010.0,90890739.0,511012097.0,0.016379279569187968,603936
2023-09-25,10.96,11.03,10.73,10.8,6173640.0,66772485.0,511012097.0,0.01208120127927226,603936
2023-09-26,10.77,10.79,10.64,10.65,4867536.0,52016684.0,511012097.0,0.009525285269323086,603936
2023-09-27,10.74,10.84,10.58,10.58,6651514.0,71044104.0,511012097.0,0.013016353309538188,603936
2023-09-28,10.59,10.94,10.59,10.87,10606448.0,114795657.0,511012097.0,0.020755766961814213,603936
2023-10-09,10.76,10.79,9.91,10.28,35768839.0,363736249.0,638023104.0,0.056061980789962114,603936
2023-10-10,10.29,11.15,10.28,10.69,35423795.0,379328812.0,638023104.0,0.05552117905749068,603936
2023-10-11,10.72,11.09,10.44,10.97,26685202.0,288795727.0,638023104.0,0.041824820814012405,603936
2023-10-12,10.97,11.13,10.86,11.07,18321945.0,201713952.0,638023104.0,0.02871674220750476,603936
2023-10-13,11.07,11.34,10.94,11.31,21771303.0,244201024.0,638023104.0,0.03412306366886676,603936
2023-10-16,11.32,11.41,10.87,10.95,20379366.0,225856216.0,638023104.0,0.031941423237237504,603936
2023-10-17,10.98,11.04,10.65,10.72,16658363.0,179104279.0,638023104.0,0.02610934133194023,603936
2023-10-18,10.67,10.75,10.49,10.5,10868652.0,114759906.0,638023104.0,0.017034887814971665,603936
2023-10-19,10.51,10.89,10.45,10.48,17202170.0,183455175.0,638023104.0,0.02696167253529427,603936
2023-10-20,10.38,10.53,9.99,10.03,16942188.0,172681672.0,638023104.0,0.02655419199364918,603936
2023-10-23,10.0,10.04,9.44,9.53,18067659.0,174277834.0,638023104.0,0.028318189242250387,603936
2023-10-24,9.65,9.89,9.5,9.8,17413116.0,169148503.0,638023104.0,0.027292296925974645,603936
2023-10-25,9.8,10.0,9.75,9.9,12473232.0,123578882.0,638023104.0,0.019549812415570456,603936
2023-10-26,9.83,10.09,9.7,10.08,13047968.0,129557342.0,638023104.0,0.02045061991987049,603936
2023-10-27,9.99,10.38,9.97,10.34,15424189.0,157637845.0,638023104.0,0.024174969375403685,603936
2023-10-30,10.37,10.91,10.16,10.76,31517250.0,336933649.0,638023104.0,0.049398289501441,603936
2023-10-31,10.8,11.05,10.53,10.59,18745918.0,201989337.0,638023104.0,0.029381252626237184,603936
2023-11-01,10.56,10.71,10.43,10.48,10872476.0,114445650.0,638023104.0,0.017040881328335096,603936
2023-11-02,10.46,10.57,10.22,10.24,10100341.0,104620590.0,638023104.0,0.015830682206768486,603936
2023-11-03,10.25,10.85,10.24,10.75,16933696.0,179809336.0,638023104.0,0.026540882130813872,603936
2023-11-06,10.78,10.99,10.75,10.87,11374030.0,123942482.0,638023104.0,0.017826987657174245,603936
2023-11-07,10.82,11.13,10.78,11.04,14113830.0,154887285.0,638023104.0,0.022121189517299987,603936
2023-11-08,11.03,11.08,10.83,10.92,12454029.0,136424472.0,638023104.0,0.019519714759420374,603936
2023-11-09,10.91,11.03,10.75,10.85,10774604.0,117100461.0,638023104.0,0.01688748249467781,603936
2023-11-10,10.71,11.03,10.71,10.92,12063913.0,131641078.0,638023104.0,0.018908269817138158,603936
2023-11-13,10.96,11.18,10.96,11.11,13208719.0,146324178.0,638023104.0,0.02070257161094906,603936
2023-11-14,11.06,11.29,10.99,11.23,13772446.0,154350222.0,638023104.0,0.021586124254208826,603936
2023-11-15,11.29,11.38,11.2,11.27,12489044.0,140751541.0,638023104.0,0.019574595217166306,603936
2023-11-16,11.27,11.4,11.16,11.2,11344717.0,128031432.0,638023104.0,0.017781044179867193,603936
2023-11-17,11.17,11.38,11.15,11.32,9825868.0,110980700.0,638023104.0,0.015400489321465073,603936
2023-11-20,11.35,11.54,11.34,11.49,14591922.0,167385195.0,638023104.0,0.022870522883133713,603936
2023-11-21,11.5,11.6,11.16,11.17,15042364.0,169863325.0,638023104.0,0.023576519260343275,603936
2023-11-22,11.17,11.25,10.98,11.01,14134679.0,157000837.0,638023104.0,0.02215386701732983,603936
2023-11-23,11.02,11.18,10.91,11.17,9040229.0,100103180.0,638023104.0,0.01416912482216318,603936
2023-11-24,11.16,11.17,10.91,10.97,9221540.0,101362313.0,638023104.0,0.014453301051618343,603936
2023-11-27,11.01,11.35,10.95,11.1,12240681.0,136170439.0,638023104.0,0.01918532561479153,603936
2023-11-28,11.11,11.24,11.03,11.15,10203968.0,113705670.0,638023104.0,0.015993101089956767,603936
2023-11-29,11.19,11.59,11.16,11.37,25919880.0,296666946.0,638023104.0,0.04062529998913644,603936
2023-11-30,11.37,11.47,10.97,11.11,21529236.0,240492582.0,638023104.0,0.03374366204769914,603936
2023-12-01,11.3,11.38,11.0,11.19,16964300.0,189388108.0,638023104.0,0.026588849045817625,603936
2023-12-04,11.27,11.27,10.98,11.07,11048276.0,122597470.0,638023104.0,0.01731641993955128,603936
2023-12-05,11.06,11.06,10.57,10.62,19161802.0,206416672.0,638023104.0,0.030033084820702667,603936
2023-12-06,10.58,10.73,10.52,10.6,9573253.0,101758023.0,638023104.0,0.015004555383624477,603936
2023-12-07,10.62,10.69,10.47,10.53,8043161.0,84933874.0,638023104.0,0.012606378906303681,603936
2023-12-08,10.55,10.92,10.54,10.64,13324020.0,142882432.0,638023104.0,0.020883287637182495,603936
2023-12-11,10.62,10.83,10.48,10.83,11240200.0,119959979.0,638023104.0,0.017617230362867862,603936
2023-12-12,10.85,10.88,10.72,10.77,8581788.0,92541903.0,638023104.0,0.013450591281409144,603936
2023-12-13,10.76,10.77,10.6,10.6,6737161.0,71761319.0,638023104.0,0.010559431089191404,603936
2023-12-14,10.67,10.73,10.5,10.52,7298326.0,77378655.0,638023104.0,0.01143896820388498,603936
2023-12-15,10.53,10.58,10.37,10.41,7267067.0,76010812.0,638023104.0,0.011389974680289948,603936
2023-12-18,10.38,10.41,10.17,10.23,7072116.0,72508876.0,638023104.0,0.011084419914674438,603936
2023-12-19,10.18,10.37,10.17,10.34,5945509.0,61132896.0,638023104.0,0.009318642166287446,603936
2023-12-20,10.31,10.34,10.07,10.09,7983631.0,81465543.0,638023104.0,0.012513075075099475,603936
2023-12-21,10.03,10.26,9.94,10.2,7269999.0,73345396.0,638023104.0,0.011394570125159606,603936
2023-12-22,10.17,10.23,9.97,10.01,8135470.0,81925074.0,638023104.0,0.01275105861997123,603936
2023-12-25,10.05,10.14,9.98,10.01,5499762.0,55228332.0,638023104.0,0.008620004456766505,603936
2023-12-26,10.07,10.09,9.66,9.74,8140600.0,79593189.0,638023104.0,0.01275909908115177,603936
2023-12-27,9.72,9.89,9.72,9.86,5955596.0,58440269.0,638023104.0,0.00933445193859312,603936
2023-12-28,9.85,10.15,9.76,10.1,7986802.0,79930507.0,638023104.0,0.012518045114554347,603936
2023-12-29,10.12,10.45,10.12,10.44,11077331.0,114490750.0,638023104.0,0.017361959042787267,603936
2024-01-02,10.48,10.51,10.31,10.34,7080279.0,73456588.0,638023104.0,0.01109721412220207,603936
2024-01-03,10.27,10.34,10.0,10.09,10821319.0,109648848.0,638023104.0,0.01696070084634427,603936
2024-01-04,10.09,10.18,10.0,10.1,12277752.0,123955349.0,638023104.0,0.01924342852637512,603936
2024-01-05,10.1,10.19,9.82,9.9,9679141.0,96674164.0,638023104.0,0.015170518025629366,603936
2024-01-08,9.82,9.88,9.53,9.55,11090240.0,107193095.0,638023104.0,0.01738219185241292,603936
2024-01-09,9.74,9.75,9.48,9.58,7898888.0,76132980.0,638023104.0,0.012380253866167205,603936
2024-01-10,9.56,9.57,9.28,9.43,7480233.0,70530148.0,638023104.0,0.01172407856879114,603936
2024-01-11,9.4,9.6,9.38,9.56,7204784.0,68507667.0,638023104.0,0.011292355958319653,603936
2024-01-12,9.5,9.58,9.36,9.4,7323132.0,69280397.0,638023104.0,0.011477847673679228,603936
2024-01-15,9.37,9.48,9.22,9.36,7558231.0,70806399.0,638023104.0,0.011846328060245291,603936
2024-01-16,9.36,9.36,9.0,9.16,11202000.0,102572951.0,638023104.0,0.017557357922888008,603936
2024-01-17,9.11,9.15,8.84,8.84,8497862.0,76316764.0,638023104.0,0.01331905059036859,603936
2024-01-18,8.8,8.95,8.5,8.83,13409892.0,116248497.0,638023104.0,0.021017878374511027,603936
2024-01-19,8.79,8.89,8.68,8.68,6971600.0,61203914.0,638023104.0,0.010926877030459387,603936
2024-01-22,8.7,8.74,8.0,8.07,13917770.0,116210730.0,638023104.0,0.02181389657011543,603936
2024-01-23,8.08,8.19,7.93,8.13,11901386.0,96182364.0,638023104.0,0.01865353452780293,603936
2024-01-24,8.16,8.26,7.77,8.15,13399140.0,107363667.0,638023104.0,0.021001026320200466,603936
2024-01-25,8.13,8.61,8.07,8.6,13562766.0,113932631.0,638023104.0,0.021257484117691135,603936
2024-01-26,8.6,8.68,8.43,8.46,8825862.0,75429070.0,638023104.0,0.013833138556687753,603936
2024-01-29,8.47,8.54,8.08,8.12,9782060.0,80495870.0,638023104.0,0.01533182723113425,603936
2024-01-30,8.05,8.11,7.7,7.76,11080504.0,87743388.0,638023104.0,0.017366932216924858,603936
2024-01-31,6.98,7.12,6.98,6.98,13010900.0,90914910.0,638023104.0,0.02039252171031098,603936
2024-02-01,6.55,6.99,6.41,6.81,29449761.0,199379859.0,638023104.0,0.04615782847888844,603936
2024-02-02,6.9,7.14,6.25,6.52,25678308.0,171896329.0,638023104.0,0.04024667420194238,603936
2024-02-05,6.57,6.6,5.87,5.87,25995872.0,155925774.0,638023104.0,0.04074440539382097,603936
2024-02-06,5.54,6.1,5.29,5.86,30032872.0,168946353.0,638023104.0,0.047071762467084576,603936
2024-02-07,5.94,6.13,5.76,6.0,27757047.0,165450082.0,638023104.0,0.04350476781480315,603936
2024-02-08,5.96,6.6,5.96,6.6,21675424.0,137958265.0,638023104.0,0.03397278854654141,603936
2024-02-19,6.8,6.86,6.57,6.79,27484415.0,184177308.0,638023104.0,0.04307746040494483,603936
2024-02-20,6.82,6.82,6.56,6.8,16156042.0,108051820.0,638023104.0,0.0253220328522774,603936
2024-02-21,6.64,7.15,6.63,6.9,18942814.0,131579452.0,638023104.0,0.029689855870799312,603936
2024-02-22,6.87,7.14,6.85,7.09,13408595.0,94299885.0,638023104.0,0.021015845532766163,603936
2024-02-23,7.13,7.42,7.11,7.38,17329084.0,125932732.0,638023104.0,0.02716059009674985,603936
2024-02-26,7.39,7.68,7.3,7.49,17641945.0,132535884.0,638023104.0,0.027650950082208935,603936
2024-02-27,7.46,8.02,7.42,8.02,21257742.0,165587394.0,638023104.0,0.03331813827230934,603936
2024-02-28,8.09,8.15,7.22,7.22,32387979.0,251360259.0,638023104.0,0.05076301907712734,603936
2024-02-29,7.06,7.6,7.06,7.6,19410970.0,144710399.0,638023104.0,0.03042361613287283,603936
2024-03-01,7.64,7.83,7.57,7.73,16054503.0,123425849.0,638023104.0,0.025162886577850322,603936
2024-03-04,7.76,7.85,7.51,7.73,16863965.0,129633581.0,638023104.0,0.026431589850388865,603936
2024-03-05,7.67,7.93,7.61,7.76,17375900.0,135080715.0,638023104.0,0.027233966749893746,603936
2024-03-06,7.76,7.85,7.52,7.73,15473994.0,119011379.0,638023104.0,0.0242530308118748,603936
2024-03-07,7.79,7.83,7.54,7.55,12558728.0,96444107.0,638023104.0,0.019683813832547355,603936
2024-03-08,7.53,7.79,7.46,7.77,11696186.0,89330683.0,638023104.0,0.01833191608058131,603936
2024-03-11,7.71,7.79,7.59,7.79,12021746.0,92285626.0,638023104.0,0.01884217973398029,603936
2024-03-12,7.82,7.98,7.74,7.9,14591055.0,114598402.0,638023104.0,0.022869163998173958,603936
2024-03-13,7.91,7.99,7.84,7.89,11464336.0,90605171.0,638023104.0,0.01796852798609625,603936
2024-03-14,7.83,7.89,7.63,7.75,12535872.0,97303773.0,638023104.0,0.01964799067840653,603936
2024-03-15,7.72,7.85,7.63,7.85,10218037.0,79302274.0,638023104.0,0.016015152015560866,603936
2024-03-18,7.96,8.07,7.89,8.07,15435741.0,123270363.0,638023104.0,0.02419307530280283,603936
2024-03-19,8.07,8.25,8.03,8.11,15826188.0,128723713.0,638023104.0,0.024805039035075443,603936
2024-03-20,8.13,8.22,8.07,8.18,12156806.0,99069555.0,638023104.0,0.019053864858160373,603936
2024-03-21,8.25,8.38,8.16,8.28,20654579.0,171087589.0,638023104.0,0.032372775955147856,603936
2024-03-22,8.27,9.11,8.24,8.96,77473846.0,690639798.0,638023104.0,0.1214279632105611,603936
2024-03-25,8.63,8.65,8.06,8.06,62044322.0,515712122.0,638023104.0,0.09724463206899793,603936
2024-03-26,8.03,8.87,8.03,8.87,64893415.0,569153033.0,638023104.0,0.10171013336846184,603936
2024-03-27,8.99,9.27,8.6,8.6,88223578.0,785457045.0,638023104.0,0.13827646279091485,603936
2024-03-28,8.47,8.89,8.28,8.82,54044326.0,466404618.0,638023104.0,0.08470590745253012,603936
2024-03-29,8.7,8.74,8.39,8.6,36502240.0,312018942.0,638023104.0,0.05721147051126224,603936
2024-04-01,8.59,8.85,8.42,8.83,34447827.0,300247997.0,638023104.0,0.05399150404434257,603936
2024-04-02,8.84,9.18,8.58,9.06,47338471.0,421885705.0,638023104.0,0.0741955435519777,603936
2024-04-03,8.91,9.29,8.7,9.11,41741158.0,375072430.0,638023104.0,0.06542264337813071,603936
2024-04-08,9.0,9.13,8.3,8.59,30387609.0,268052618.0,638023104.0,0.04762775643936556,603936
2024-04-09,8.6,8.73,8.3,8.44,21846839.0,185046464.0,638023104.0,0.0342414543658908,603936
2024-04-10,8.38,8.38,7.68,7.78,34402298.0,273558427.0,638023104.0,0.05392014455952993,603936
2024-04-11,7.65,7.9,7.5,7.74,18093122.0,140912045.0,638023104.0,0.028358098455318635,603936
2024-04-12,7.74,8.04,7.68,7.69,17435572.0,136400224.0,638023104.0,0.027327493143571177,603936
2024-04-15,7.59,7.7,6.97,7.08,25794772.0,186315726.0,638023104.0,0.04042921304617834,603936
2024-04-16,6.98,7.07,6.45,6.52,23351895.0,155224998.0,638023104.0,0.03660039088490438,603936
2024-04-17,6.66,7.17,6.66,7.15,20776113.0,145241636.0,638023104.0,0.03256326122008271,603936
2024-04-18,7.15,7.22,6.95,7.03,16271762.0,115270072.0,638023104.0,0.02550340559454098,603936
2024-04-19,6.99,7.03,6.74,6.81,16217437.0,111362910.0,638023104.0,0.025418259775119367,603936
2024-04-22,6.8,6.83,6.49,6.75,12267996.0,82115547.0,638023104.0,0.019228137544059845,603936
2024-04-23,6.85,6.94,6.8,6.88,11637509.0,79977357.0,638023104.0,0.018239949191557803,603936
2024-04-24,6.88,7.57,6.85,7.44,26591767.0,194488908.0,638023104.0,0.041678376273972674,603936
2024-04-25,7.43,7.45,7.26,7.3,18743084.0,137943999.0,638023104.0,0.029376810780820876,603936
2024-04-26,7.28,7.64,7.26,7.57,17348359.0,129960932.0,638023104.0,0.027190800601477907,603936
2024-04-29,7.59,7.99,7.59,7.95,20051932.0,157742745.0,638023104.0,0.03142822238612851,603936
2024-04-30,7.99,8.35,7.85,7.95,23854570.0,192066409.0,638023104.0,0.03738825420340891,603936
2024-05-06,8.05,8.12,7.82,7.87,19325206.0,153294694.0,638023104.0,0.030289194668411255,603936
2024-05-07,7.83,8.03,7.82,7.96,12436150.0,98954622.0,638023104.0,0.019491692263231896,603936
2024-05-08,7.94,7.98,7.81,7.85,11149600.0,87962895.0,638023104.0,0.017475229235585803,603936
2024-05-09,7.89,8.05,7.84,7.99,12320780.0,98333122.0,638023104.0,0.019310868090444574,603936
2024-05-10,7.99,8.02,7.7,7.75,12944486.0,101295030.0,638023104.0,0.020288428301179513,603936
2024-05-13,7.67,7.71,7.5,7.51,12053784.0,91354032.0,638023104.0,0.018892394216495332,603936
2024-05-14,7.59,7.72,7.45,7.53,9807704.0,74003583.0,638023104.0,0.015372020132988789,603936
2024-05-15,7.5,7.6,7.38,7.48,7779150.0,58409634.0,638023104.0,0.012192583546316216,603936
2024-05-16,7.51,7.75,7.51,7.64,11949724.0,91539485.0,638023104.0,0.018729296674497856,603936
2024-05-17,7.65,7.89,7.59,7.89,10731700.0,83496272.0,638023104.0,0.016820237280937088,603936
2024-05-20,7.9,7.94,7.81,7.91,10296240.0,81127013.0,638023104.0,0.01613772281199397,603936
2024-05-21,7.88,7.91,7.74,7.86,10163904.0,79695800.0,638023104.0,0.015930307125680516,603936
2024-05-22,7.9,8.02,7.84,7.99,13463804.0,107017569.0,638023104.0,0.021102376881950657,603936
2024-05-23,7.98,7.98,7.75,7.82,10353196.0,81420215.0,638023104.0,0.016226992306535657,603936
2024-05-24,7.82,7.89,7.58,7.59,10358600.0,79937595.0,638023104.0,0.016235462219249038,603936
2024-05-27,7.65,7.65,7.21,7.55,14698280.0,108555152.0,630398004.0,0.02331587331612173,603936
2024-05-28,7.51,7.69,7.4,7.42,12347956.0,92973982.0,630398004.0,0.0195875556737962,603936
2024-05-29,7.4,7.54,7.39,7.42,9664825.0,72116264.0,630398004.0,0.015331306474123925,603936
2024-05-30,7.35,7.58,7.27,7.47,12304972.0,91721659.0,630398004.0,0.01951937017871649,603936
2024-05-31,7.5,7.72,7.45,7.56,12419140.0,94401779.0,630398004.0,0.019700474813051597,603936
2024-06-03,7.61,7.73,7.45,7.54,15479080.0,117732760.0,630398004.0,0.02455445591797908,603936
2024-06-04,7.47,7.49,7.05,7.21,19770000.0,142339308.0,630398004.0,0.03136113990614729,603936
2024-06-05,7.14,7.3,7.11,7.12,10271100.0,73898723.0,630398004.0,0.016293040166415248,603936
2024-06-06,7.14,7.65,6.9,6.98,21971629.0,158242682.0,630398004.0,0.034853582753412396,603936
2024-06-07,7.07,7.24,6.96,7.05,14747076.0,104634690.0,630398004.0,0.02339327838354006,603936
2024-06-11,7.0,7.36,6.85,7.35,18888282.0,135794427.0,630398004.0,0.029962471137519656,603936
2024-06-12,7.31,7.58,7.26,7.54,18605700.0,139274047.0,630398004.0,0.029514211469489363,603936
2024-06-13,7.66,7.85,7.57,7.6,25116197.0,192756102.0,630398004.0,0.039841809207251236,603936
2024-06-14,7.58,7.76,7.39,7.7,24279381.0,184908290.0,630398004.0,0.03851436845602703,603936
2024-06-17,7.67,7.93,7.55,7.85,24191509.0,188568876.0,630398004.0,0.03837497715173603,603936
2024-06-18,7.86,7.98,7.81,7.93,22739943.0,179802960.0,630398004.0,0.036072358820476214,603936
2024-06-19,7.93,7.99,7.75,7.85,16792794.0,131801691.0,630398004.0,0.02663839969899397,603936
2024-06-20,7.84,7.93,7.63,7.66,17058703.0,132382029.0,630398004.0,0.02706021099648025,603936
2024-06-21,7.6,7.68,7.41,7.6,14479600.0,109662680.0,630398004.0,0.022968981354833096,603936
2024-06-24,7.56,8.36,7.51,8.36,43802886.0,357686629.0,630398004.0,0.06948449348199395,603936
2024-06-25,8.67,8.78,7.95,8.08,97516618.0,803036442.0,630398004.0,0.15469055641235818,603936
2024-06-26,7.96,8.47,7.68,8.38,87173739.0,702004336.0,630398004.0,0.13828365325852143,603936
2024-06-27,8.29,8.34,8.0,8.0,63115939.0,515442949.0,630398004.0,0.10012077861845514,603936
2024-06-28,8.0,8.5,7.81,8.4,82389908.0,680522817.0,630398004.0,0.13069506482764814,603936
2024-07-01,8.36,8.8,8.28,8.79,87751371.0,749441093.0,630398004.0,0.13919995057598564,603936
2024-07-02,8.64,8.68,8.42,8.5,56756251.0,482869960.0,630398004.0,0.09003240911276743,603936
2024-07-03,8.45,8.79,8.1,8.51,51641302.0,431847236.0,630398004.0,0.08191856838429964,603936
2024-07-04,8.34,8.54,8.3,8.44,40359833.0,339754068.0,630398004.0,0.06402278044014872,603936
2024-07-05,8.35,8.41,8.03,8.11,40456122.0,331121926.0,630398004.0,0.06417552362681656,603936
2024-07-08,8.03,8.04,7.3,7.3,50990600.0,388460718.0,630398004.0,0.08088636016683834,603936
2024-07-09,7.18,7.77,6.95,7.7,48558439.0,361920554.0,630398004.0,0.07702822453733531,603936
2024-07-10,7.62,7.93,7.61,7.75,34853357.0,270943135.0,630398004.0,0.05528786065128467,603936
2024-07-11,7.94,8.29,7.81,8.15,46233045.0,374088617.0,630398004.0,0.07333945334002041,603936
2024-07-12,8.08,8.1,7.95,7.99,23987849.0,192105440.0,630398004.0,0.03805191140801899,603936
2024-07-15,7.96,8.05,7.77,7.83,23479668.0,184827752.0,630398004.0,0.03724578417288263,603936
2024-07-16,7.8,8.4,7.77,8.34,52931333.0,433316980.0,630398004.0,0.08396494383570414,603936
2024-07-17,8.3,8.34,8.07,8.08,30604396.0,250091141.0,630398004.0,0.04854773620127135,603936
2024-07-18,7.96,7.96,7.45,7.84,38521200.0,296876598.0,630398004.0,0.061106157943989936,603936
2024-07-19,7.8,8.04,7.71,7.97,27686967.0,219453520.0,630398004.0,0.043919820215674414,603936
2024-07-22,7.9,8.0,7.8,7.88,21094989.0,166090543.0,630398004.0,0.03346296921333526,603936
2024-07-23,7.88,7.92,7.5,7.51,25093584.0,193191145.0,630398004.0,0.039805938218040425,603936
2024-07-24,7.44,7.68,7.24,7.28,23164500.0,172548893.0,630398004.0,0.03674583335133783,603936
2024-07-25,7.18,7.35,7.08,7.23,18901656.0,136140103.0,630398004.0,0.02998368630621489,603936
2024-07-26,7.23,7.45,7.21,7.4,15070300.0,110651695.0,630398004.0,0.023906008433364264,603936
2024-07-29,7.4,7.64,7.3,7.49,18427144.0,137964445.0,630398004.0,0.029230968186885312,603936
2024-07-30,7.47,7.56,7.36,7.44,13900800.0,103531986.0,630398004.0,0.022050831239624293,603936
2024-07-31,7.39,8.08,7.35,7.95,40382601.0,314834459.0,630398004.0,0.06405889730577256,603936
2024-08-01,7.95,8.04,7.85,7.96,26622379.0,211825483.0,630398004.0,0.042231064868663515,603936
2024-08-02,7.9,7.91,7.6,7.63,22915100.0,177727270.0,630398004.0,0.0363502102712876,603936
2024-08-05,7.58,7.63,7.23,7.24,28599300.0,211588824.0,630398004.0,0.04536705354162257,603936
2024-08-06,7.35,7.4,7.23,7.33,15139600.0,110329357.0,630398004.0,0.02401593898447686,603936
2024-08-07,7.28,7.48,7.28,7.37,14274129.0,105516012.0,630398004.0,0.022643042822832287,603936
2024-08-08,7.35,7.41,7.17,7.27,15547409.0,113041829.0,630398004.0,0.024662846172336546,603936
2024-08-09,7.35,7.43,7.27,7.27,11578709.0,85027705.0,630398004.0,0.018367299589355932,603936
2024-08-12,7.24,7.33,7.15,7.18,10541774.0,75957320.0,630398004.0,0.016722410180727666,603936
2024-08-13,7.16,7.27,7.15,7.27,8686174.0,62687644.0,630398004.0,0.013778872941989836,603936
2024-08-14,7.27,7.32,7.23,7.25,7910698.0,57518160.0,630398004.0,0.012548735798344946,603936
2024-08-15,7.2,7.42,7.16,7.37,13981800.0,102599264.0,630398004.0,0.022179321494171483,603936
2024-08-16,7.42,7.5,7.36,7.36,15472408.0,114943466.0,630398004.0,0.024543872128123045,603936
2024-08-19,7.37,7.46,7.26,7.31,11614565.0,85441162.0,630398004.0,0.018424177942035488,603936
2024-08-20,7.31,7.34,7.12,7.15,11550587.0,83227971.0,630398004.0,0.018322689676536476,603936
2024-08-21,7.15,7.27,7.09,7.2,9477201.0,68219749.0,630398004.0,0.015033678628208346,603936
2024-08-22,7.21,7.21,7.02,7.03,9908900.0,70301959.0,630398004.0,0.01571848250966226,603936
2024-08-23,7.01,7.12,6.93,7.08,9483444.0,66761485.0,630398004.0,0.015043581895605113,603936
2024-08-26,7.04,7.15,6.89,7.09,11448962.0,80508337.0,630398004.0,0.01816148199606292,603936
2024-08-27,7.07,7.07,6.82,6.84,11314981.0,78229807.0,630398004.0,0.017948948010945796,603936
2024-08-28,6.81,6.91,6.78,6.83,6865680.0,46987172.0,630398004.0,0.01089102433135242,603936
2024-08-29,6.83,7.1,6.75,7.03,11103840.0,77246230.0,630398004.0,0.017614015161126685,603936
2024-08-30,7.06,7.3,7.04,7.19,14394540.0,104039007.0,630398004.0,0.02283405072456416,603936
2024-09-02,7.2,7.28,7.06,7.09,12868300.0,92342581.0,630398004.0,0.020412977069007344,603936
2024-09-03,7.08,7.2,7.05,7.11,9142288.0,64986731.0,630398004.0,0.014502406324243374,603936
2024-09-04,7.06,7.08,6.94,7.0,9816400.0,68787632.0,630398004.0,0.01557174981156825,603936
2024-09-05,7.0,7.15,7.0,7.08,8450580.0,59767391.0,630398004.0,0.013405150311992423,603936
2024-09-06,7.1,7.14,6.92,6.94,7996287.0,55917365.0,630398004.0,0.012684505581017037,603936
2024-09-09,6.92,6.96,6.82,6.88,7176420.0,49429368.0,630398004.0,0.01138395101898197,603936
2024-09-10,6.89,6.95,6.73,6.91,8963392.0,61203901.0,630398004.0,0.014218623699830115,603936
2024-09-11,6.91,6.92,6.77,6.83,6514900.0,44548113.0,630398004.0,0.010334582214191148,603936
2024-09-12,6.83,6.93,6.78,6.79,6320660.0,43275324.0,630398004.0,0.010026459411188111,603936
2024-09-13,6.8,6.83,6.64,6.64,8056936.0,54174595.0,630398004.0,0.012780713055684104,603936
2024-09-18,6.65,6.68,6.46,6.58,7691136.0,50376864.0,630398004.0,0.012200444720951243,603936
2024-09-19,6.59,6.82,6.58,6.72,9344717.0,62613064.0,630398004.0,0.014823519333351189,603936
2024-09-20,6.73,6.8,6.68,6.74,10379300.0,69912836.0,630398004.0,0.016464677765699272,603936
2024-09-23,7.4,7.4,6.98,6.99,35122540.0,248851481.0,630398004.0,0.055714865493133765,603936
2024-09-24,6.99,7.13,6.82,7.13,31395260.0,219448350.0,630398004.0,0.049802283320681325,603936
2024-09-25,7.11,7.31,7.1,7.13,29763753.0,214255347.0,630398004.0,0.047214224682094644,603936
2024-09-26,7.1,7.35,7.08,7.32,26076540.0,189276458.0,630398004.0,0.04136520076925878,603936
2024-09-27,7.39,7.66,7.35,7.64,24183587.0,181535313.0,630398004.0,0.038362410487581426,603936
2024-09-30,7.91,8.38,7.76,8.36,50825166.0,412485877.0,630398004.0,0.08062393230547094,603936
2024-10-08,9.2,9.2,8.53,9.2,58246821.0,522745889.0,630398004.0,0.09239689946734032,603936
2024-10-09,9.0,9.05,8.38,8.46,45712391.0,399881277.0,630398004.0,0.07251354019198322,603936
2024-10-10,8.5,8.79,8.28,8.4,31364228.0,267302860.0,630398004.0,0.0497530572764948,603936
2024-10-11,8.32,8.41,7.85,7.97,26625422.0,215105825.0,630398004.0,0.04223589197785595,603936
2024-10-14,7.97,8.14,7.79,8.14,23106134.0,184789963.0,630398004.0,0.036653247398289665,603936
2024-10-15,8.08,8.25,7.95,7.95,22467625.0,181933260.0,630398004.0,0.03564038092988632,603936
2024-10-16,7.81,8.05,7.79,8.0,19298479.0,152956190.0,630398004.0,0.030613166408439325,603936
2024-10-17,8.05,8.55,8.05,8.22,38001779.0,315129997.0,630398004.0,0.06028220070316086,603936
2024-10-18,8.19,8.63,8.11,8.5,42065518.0,355749390.0,630398004.0,0.06672850759851073,603936
2024-10-21,8.72,9.22,8.6,8.83,62127794.0,554065159.0,630398004.0,0.09855328475944858,603936
2024-10-22,8.9,9.38,8.72,9.04,59670411.0,541579217.0,630398004.0,0.09465513948549875,603936
2024-10-23,9.04,9.11,8.72,8.85,39824481.0,356115721.0,630398004.0,0.06317355186295927,603936
2024-10-24,8.83,9.03,8.72,8.88,24960183.0,221414832.0,630398004.0,0.039594324286597836,603936
2024-10-25,8.9,9.13,8.89,9.01,28907507.0,260299295.0,630398004.0,0.04585596213277351,603936
2024-10-28,9.0,9.08,8.91,8.98,24960580.0,224255042.0,630398004.0,0.03959495404747506,603936
2024-10-29,8.98,9.03,8.78,8.81,27459439.0,244073045.0,630398004.0,0.043558892676950796,603936
2024-10-30,8.8,9.15,8.76,8.99,27301244.0,244217925.0,630398004.0,0.04330794803722126,603936
2024-10-31,8.9,9.18,8.77,9.14,41640140.0,376507146.0,630398004.0,0.06605373071580982,603936
2024-11-01,9.07,9.16,8.61,8.64,33799780.0,297801401.0,630398004.0,0.053616572047395,603936
2024-11-04,8.59,8.92,8.58,8.9,19082641.0,168151312.0,630398004.0,0.030270782710155916,603936
2024-11-05,8.89,9.52,8.87,9.39,42163602.0,389631586.0,630398004.0,0.06688409819267131,603936
2024-11-06,9.45,9.58,9.18,9.28,34263217.0,320187830.0,630398004.0,0.054351721900439263,603936
2024-11-07,9.2,9.39,9.16,9.31,26688824.0,247664792.0,630398004.0,0.04233646653487818,603936
2024-11-08,9.37,9.58,9.3,9.46,38103626.0,360250656.0,630398004.0,0.060443760542109835,603936
2024-11-11,9.47,9.99,9.47,9.95,52727962.0,515656009.0,630398004.0,0.08364233653252494,603936
2024-11-12,9.92,9.92,9.44,9.55,42040144.0,405771810.0,630398004.0,0.06668825683654925,603936
2024-11-13,9.47,9.66,9.29,9.61,29020470.0,274752303.0,630398004.0,0.04603515527628479,603936
2024-11-14,9.55,9.64,9.15,9.17,23686286.0,221677356.0,630398004.0,0.0375735421903398,603936
2024-11-15,9.15,9.3,8.92,8.93,22723656.0,207124399.0,630398004.0,0.0360465227615156,603936
2024-11-18,8.93,9.04,8.63,8.76,23067904.0,202366010.0,630398004.0,0.036592603170742276,603936
2024-11-19,8.81,8.97,8.7,8.95,22793417.0,201596360.0,630398004.0,0.0361571845966695,603936
2024-11-20,8.95,9.06,8.88,8.98,21670148.0,194526905.0,630398004.0,0.034375343612287196,603936
2024-11-21,8.96,9.02,8.77,8.92,20902319.0,185828738.0,630398004.0,0.03315733690045123,603936
2024-11-22,8.9,9.03,8.46,8.47,24551576.0,216209007.0,630398004.0,0.03894615123178594,603936
2024-11-25,8.53,8.62,8.3,8.53,21183856.0,178777196.0,630398004.0,0.03360393888556792,603936
2024-11-26,8.53,8.65,8.45,8.53,17193272.0,146677467.0,630398004.0,0.027273677725667418,603936
2024-11-27,8.48,8.65,8.21,8.64,20324700.0,170705364.0,630398004.0,0.03224106020487971,603936
2024-11-28,8.63,8.77,8.56,8.65,17926604.0,155340587.0,630398004.0,0.028436961865761237,603936
2024-11-29,8.57,8.88,8.48,8.79,21639840.0,188435707.0,630398004.0,0.034327266048894405,603936
2024-12-02,8.83,8.95,8.8,8.88,18985368.0,168841069.0,630398004.0,0.030116478604840253,603936
2024-12-03,8.9,8.95,8.72,8.91,17202138.0,152307088.0,630398004.0,0.027287741856492298,603936
2024-12-04,8.95,8.97,8.63,8.69,17970821.0,157879719.0,630398004.0,0.028507103268049054,603936
2024-12-05,8.68,8.88,8.63,8.86,17380725.0,153364485.0,630398004.0,0.02757103431437895,603936
2024-12-06,8.85,8.94,8.72,8.9,17468660.0,154745500.0,630398004.0,0.027710525555534594,603936
2024-12-09,8.87,8.96,8.71,8.82,16771068.0,148040776.0,630398004.0,0.026603935757385424,603936
2024-12-10,9.07,9.08,8.81,8.82,21136007.0,189100903.0,630398004.0,0.033528036043718186,603936
2024-12-11,8.82,9.43,8.81,9.19,46909736.0,429291271.0,630398004.0,0.0744128878935981,603936
2024-12-12,9.16,9.2,8.98,9.14,25602500.0,232615974.0,630398004.0,0.040613231383264344,603936
2024-12-13,9.08,9.13,8.88,8.92,25698729.0,230730640.0,630398004.0,0.04076587939196584,603936
2024-12-16,8.93,9.08,8.78,8.84,21156225.0,188628384.0,630398004.0,0.03356010784577294,603936
2024-12-17,8.88,8.99,8.56,8.6,25016643.0,218748407.0,630398004.0,0.039683886752915544,603936
2024-12-18,8.59,8.87,8.41,8.77,20929009.0,181996844.0,630398004.0,0.033199675232474246,603936
2024-12-19,8.63,9.06,8.62,9.04,30554772.0,272443823.0,630398004.0,0.04846901767791765,603936
2024-12-20,8.95,9.3,8.94,9.21,36011072.0,330196750.0,630398004.0,0.057124343306137755,603936
2024-12-23,9.21,9.34,8.8,8.86,29440592.0,264740392.0,630398004.0,0.04670159456913509,603936
2024-12-24,8.92,9.06,8.68,8.91,23491460.0,208230519.0,630398004.0,0.037264489815865595,603936
2024-12-25,8.89,8.94,8.51,8.76,20370988.0,178237251.0,630398004.0,0.03231448683330539,603936
2024-12-26,8.76,9.19,8.67,9.19,36941775.0,335205340.0,630398004.0,0.05860071695277766,603936
2024-12-27,9.16,9.35,9.04,9.12,41885864.0,385625263.0,630398004.0,0.06644352255912282,603936
2024-12-30,9.07,9.21,8.8,9.05,27240932.0,246822953.0,630398004.0,0.043212275145465086,603936
2024-12-31,9.04,9.18,8.41,8.42,37177300.0,323828759.0,630398004.0,0.058974330128113796,603936
