日期,开盘,最高,最低,收盘,成交量,成交额,outstanding_share,换手率,股票代码
2020-05-22,19.37,23.24,19.37,23.24,398633.0,9247780.0,75560000.0,0.005275714663843303,605001
2020-05-25,25.56,25.56,25.56,25.56,479074.0,12245131.0,75560000.0,0.006340312334568555,605001
2020-05-26,28.11,28.11,25.62,26.4,38565131.0,1026371465.0,75560000.0,0.5103908284806776,605001
2020-05-27,25.21,27.87,25.21,27.43,31814575.0,848026076.0,75560000.0,0.4210504896770778,605001
2020-05-28,27.0,27.16,24.72,24.83,25209280.0,651759660.0,75560000.0,0.33363260984647963,605001
2020-05-29,24.15,24.25,22.95,22.99,21663043.0,508441509.0,75560000.0,0.28669988088935944,605001
2020-06-01,22.6,23.47,22.0,23.05,14884060.0,341176246.0,75560000.0,0.1969833245103229,605001
2020-06-02,22.84,23.48,22.53,23.05,11338608.0,261606984.0,75560000.0,0.1500609846479619,605001
2020-06-03,23.1,23.1,22.32,22.33,11871176.0,268065094.0,75560000.0,0.1571092641609317,605001
2020-06-04,22.22,23.3,22.12,23.27,13054782.0,297260680.0,75560000.0,0.17277371625198518,605001
2020-06-05,23.02,23.4,22.62,22.73,8285424.0,190034560.0,75560000.0,0.10965357331921652,605001
2020-06-08,22.76,23.16,22.69,22.83,6222635.0,142498289.0,75560000.0,0.0823535600847009,605001
2020-06-09,22.71,22.77,22.35,22.39,6776349.0,152400131.0,75560000.0,0.08968169666490207,605001
2020-06-10,22.37,22.5,21.61,21.74,7798206.0,170947508.0,75560000.0,0.10320547908946533,605001
2020-06-11,21.8,21.97,21.6,21.96,5812877.0,126930720.0,75560000.0,0.07693061143462149,605001
2020-06-12,21.38,22.22,21.04,21.88,6743861.0,146252322.0,75560000.0,0.0892517337215458,605001
2020-06-15,21.76,21.76,21.41,21.43,5701642.0,122925136.0,75560000.0,0.0754584700899947,605001
2020-06-16,21.5,21.79,21.5,21.66,4828839.0,104674641.0,75560000.0,0.06390734515616728,605001
2020-06-17,21.54,22.47,21.52,22.07,8026744.0,177637499.0,75560000.0,0.1062300688194812,605001
2020-06-18,21.91,22.64,21.78,22.41,7670048.0,170910029.0,75560000.0,0.10150937003705664,605001
2020-06-19,22.35,22.55,22.01,22.04,5981967.0,132608382.0,75560000.0,0.0791684356802541,605001
2020-06-22,22.04,22.09,21.63,21.65,5603574.0,122062857.0,75560000.0,0.07416058761249339,605001
2020-06-23,21.76,21.76,21.36,21.37,4174345.0,89705139.0,75560000.0,0.05524543409211223,605001
2020-06-24,21.37,21.46,20.83,20.86,5530679.0,116663313.0,75560000.0,0.07319585759661196,605001
2020-06-29,20.78,20.78,20.28,20.29,4553324.0,93092156.0,75560000.0,0.06026103758602435,605001
2020-06-30,20.26,20.6,20.26,20.48,3591188.0,73616593.0,75560000.0,0.04752763366860773,605001
2020-07-01,20.48,20.59,20.24,20.35,3953594.0,80613046.0,75560000.0,0.05232390153520381,605001
2020-07-02,20.35,21.08,20.34,20.91,6062097.0,125804780.0,75560000.0,0.08022891741662255,605001
2020-07-03,20.95,20.98,20.7,20.86,4400980.0,91611670.0,75560000.0,0.05824483853890947,605001
2020-07-06,20.85,21.57,20.85,21.45,7295348.0,155202479.0,75560000.0,0.0965503970354685,605001
2020-07-07,21.53,21.68,21.24,21.44,7986848.0,171082287.0,75560000.0,0.1057020645844362,605001
2020-07-08,21.4,21.55,21.23,21.5,6564888.0,140658177.0,75560000.0,0.08688311275807306,605001
2020-07-09,21.5,21.95,21.42,21.89,8555451.0,185829459.0,75560000.0,0.11322724986765484,605001
2020-07-10,21.88,22.09,21.62,21.68,7874138.0,171513619.0,75560000.0,0.10421040232927475,605001
2020-07-13,21.67,22.06,21.66,21.92,6947610.0,151961858.0,75560000.0,0.0919482530439386,605001
2020-07-14,21.9,21.96,21.45,21.7,7047411.0,152700586.0,75560000.0,0.0932690709370037,605001
2020-07-15,21.71,21.81,20.8,20.81,6232426.0,132135065.0,75560000.0,0.08248313922710429,605001
2020-07-16,20.84,20.93,20.07,20.11,5754265.0,117869461.0,75560000.0,0.0761549100052938,605001
2020-07-17,20.18,20.39,20.02,20.24,3605688.0,72828074.0,75560000.0,0.04771953414505029,605001
2020-07-20,20.38,20.78,20.25,20.72,3599325.0,73947902.0,75560000.0,0.04763532292218105,605001
2020-07-21,20.73,20.84,20.54,20.65,2712828.0,56056867.0,75560000.0,0.03590296453149815,605001
2020-07-22,20.6,20.9,20.56,20.58,3236284.0,67063680.0,75560000.0,0.04283065113816834,605001
2020-07-23,20.45,20.52,20.03,20.27,3288176.0,66529422.0,75560000.0,0.04351741662255162,605001
2020-07-24,20.16,20.48,19.7,19.88,3954922.0,79484031.0,75560000.0,0.05234147697194283,605001
2020-07-27,19.9,20.38,19.77,20.31,2987517.0,60089850.0,75560000.0,0.039538340391741665,605001
2020-07-28,20.35,20.47,20.09,20.22,2480630.0,50242937.0,75560000.0,0.03282993647432504,605001
2020-07-29,20.1,20.46,20.1,20.42,3033761.0,61670026.0,75560000.0,0.040150357331921654,605001
2020-07-30,20.42,20.48,20.18,20.22,2850769.0,57888107.0,75560000.0,0.037728546850185285,605001
2020-07-31,20.17,20.38,20.1,20.22,2708406.0,54801888.0,75560000.0,0.035844441503440974,605001
2020-08-03,20.22,20.63,20.21,20.59,4083079.0,83539153.0,75560000.0,0.05403757278983589,605001
2020-08-04,20.59,21.0,20.31,20.8,5888398.0,121660077.0,75560000.0,0.07793009528851244,605001
2020-08-05,20.69,20.88,20.42,20.82,4149367.0,85698409.0,75560000.0,0.054914862361037584,605001
2020-08-06,20.78,21.18,20.71,21.18,6891169.0,144916008.0,75560000.0,0.09120128374801482,605001
2020-08-07,21.11,22.09,20.82,21.77,12203257.0,262850352.0,75560000.0,0.1615041953414505,605001
2020-08-10,21.61,22.98,21.51,22.66,12771113.0,286726134.0,75560000.0,0.16901949444150344,605001
2020-08-11,22.69,22.7,21.36,21.49,10833443.0,238697267.0,75560000.0,0.14337537056643726,605001
2020-08-12,21.18,21.51,20.53,20.87,6779652.0,141922327.0,75560000.0,0.08972541026998412,605001
2020-08-13,20.99,21.47,20.95,21.0,4790877.0,101589124.0,75560000.0,0.06340493647432505,605001
2020-08-14,20.78,21.0,20.62,20.93,3692673.0,76907067.0,75560000.0,0.04887073848597141,605001
2020-08-17,20.85,21.19,20.84,21.15,3972668.0,83712360.0,75560000.0,0.05257633668607729,605001
2020-08-18,21.2,21.2,20.84,21.04,3713591.0,78045232.0,75560000.0,0.04914757808364214,605001
2020-08-19,21.02,21.05,20.72,20.78,2772708.0,57901113.0,75560000.0,0.03669544732662785,605001
2020-08-20,20.61,20.71,20.39,20.44,3017654.0,61871492.0,75560000.0,0.03993718898888301,605001
2020-08-21,20.44,20.65,20.41,20.53,2035787.0,41789574.0,75560000.0,0.026942654843832715,605001
2020-08-24,20.6,20.68,20.33,20.64,1705676.0,35030300.0,75560000.0,0.02257379565907888,605001
2020-08-25,20.66,20.66,20.36,20.47,2110125.0,43185558.0,75560000.0,0.027926482265749075,605001
2020-08-26,20.21,20.29,19.91,19.98,3738059.0,75021082.0,75560000.0,0.04947140021175225,605001
2020-08-27,19.89,20.23,19.89,20.19,1909011.0,38356916.0,75560000.0,0.025264835892006354,605001
2020-08-28,20.1,20.24,20.1,20.19,1667724.0,33612904.0,75560000.0,0.0220715193223928,605001
2020-08-31,20.2,20.32,20.1,20.14,1757824.0,35594938.0,75560000.0,0.023263949179460033,605001
2020-09-01,20.1,20.45,20.0,20.4,2294065.0,46418458.0,75560000.0,0.0303608390682901,605001
2020-09-02,20.41,20.44,20.15,20.28,1581331.0,32054970.0,75560000.0,0.02092814981471678,605001
2020-09-03,20.35,20.35,20.11,20.13,1660911.0,33592901.0,75560000.0,0.02198135256749603,605001
2020-09-04,19.92,20.05,19.8,19.98,1753280.0,34966161.0,75560000.0,0.023203811540497617,605001
2020-09-07,19.98,20.1,19.8,19.88,1885306.0,37586048.0,75560000.0,0.024951111699311804,605001
2020-09-08,19.83,19.97,19.7,19.92,1675463.0,33229967.0,75560000.0,0.02217394123875066,605001
2020-09-09,19.78,19.78,19.15,19.22,2954017.0,57434751.0,75560000.0,0.03909498411858126,605001
2020-09-10,19.36,19.38,18.28,18.36,3117967.0,58519175.0,75560000.0,0.04126478295394389,605001
2020-09-11,18.35,18.52,18.1,18.5,1694433.0,30954955.0,75560000.0,0.022425,605001
2020-09-14,18.53,18.68,18.4,18.44,1261904.0,23397043.0,75560000.0,0.01670068819481207,605001
2020-09-15,18.55,18.55,18.3,18.39,1104351.0,20299666.0,75560000.0,0.014615550555849656,605001
2020-09-16,18.39,18.74,18.28,18.74,1908032.0,35366068.0,75560000.0,0.025251879301217577,605001
2020-09-17,18.7,18.99,18.58,18.8,2014933.0,37827301.0,75560000.0,0.026666662255161462,605001
2020-09-18,18.74,18.88,18.62,18.88,1399850.0,26264423.0,75560000.0,0.01852633668607729,605001
2020-09-21,18.86,18.99,18.76,18.76,1250608.0,23580443.0,75560000.0,0.016551191106405506,605001
2020-09-22,18.6,18.6,18.14,18.21,1671300.0,30740087.0,75560000.0,0.022118845950238223,605001
2020-09-23,18.19,19.1,18.19,18.78,3176323.0,59733014.0,75560000.0,0.04203709634727369,605001
2020-09-24,18.46,18.55,18.25,18.3,2169199.0,39810465.0,75560000.0,0.02870829804129169,605001
2020-09-25,18.3,18.39,18.11,18.18,1096726.0,19993383.0,75560000.0,0.014514637374272102,605001
2020-09-28,18.18,18.2,17.68,17.68,1600687.0,28661083.0,75560000.0,0.021184317098994175,605001
2020-09-29,17.79,17.82,17.6,17.6,1002531.0,17753833.0,75560000.0,0.013268012175754367,605001
2020-09-30,17.62,17.74,17.5,17.57,833511.0,14679341.0,75560000.0,0.011031114346214928,605001
2020-10-09,17.85,17.95,17.75,17.88,1128847.0,20187308.0,75560000.0,0.014939743250397035,605001
2020-10-12,17.93,18.3,17.93,18.28,1423714.0,25869234.0,75560000.0,0.018842165166754896,605001
2020-10-13,18.18,18.33,18.06,18.24,1115388.0,20322819.0,75560000.0,0.014761619904711488,605001
2020-10-14,18.24,18.36,18.01,18.08,1087128.0,19741211.0,75560000.0,0.014387612493382742,605001
2020-10-15,18.1,18.15,17.82,17.82,1145463.0,20547001.0,75560000.0,0.015159647961884595,605001
2020-10-16,17.8,17.92,17.79,17.85,802406.0,14304425.0,75560000.0,0.01061945473795659,605001
2020-10-19,17.88,17.99,17.77,17.89,858900.0,15350160.0,75560000.0,0.011367125463208047,605001
2020-10-20,17.88,18.07,17.75,18.04,953166.0,17047084.0,75560000.0,0.01261469031233457,605001
2020-10-21,18.1,18.1,17.8,17.84,871100.0,15578791.0,75560000.0,0.011528586553732133,605001
2020-10-22,17.85,17.92,17.63,17.78,776655.0,13790652.0,75560000.0,0.010278652726310218,605001
2020-10-23,17.8,17.85,17.6,17.63,803400.0,14234692.0,75560000.0,0.010632609846479619,605001
2020-10-26,17.64,17.71,17.36,17.57,678600.0,11899133.0,75560000.0,0.008980942297511911,605001
2020-10-27,17.5,17.6,17.4,17.46,656800.0,11477186.0,75560000.0,0.008692429857067231,605001
2020-10-28,17.42,17.47,17.23,17.34,1015927.0,17602779.0,75560000.0,0.013445301746956061,605001
2020-10-29,17.28,17.28,17.04,17.13,1158852.0,19831697.0,75560000.0,0.015336844891476973,605001
2020-10-30,17.12,17.24,16.81,16.81,1248700.0,21264984.0,75560000.0,0.01652593965060879,605001
2020-11-02,16.49,16.49,16.02,16.12,2269739.0,36627073.0,75560000.0,0.030038896241397564,605001
2020-11-03,16.26,16.77,16.21,16.58,1668806.0,27465284.0,75560000.0,0.022085839068290102,605001
2020-11-04,16.6,16.72,16.46,16.52,1023354.0,16935956.0,75560000.0,0.013543594494441504,605001
2020-11-05,16.6,16.67,16.51,16.63,1004767.0,16685989.0,75560000.0,0.013297604552673372,605001
2020-11-06,16.65,16.65,16.36,16.45,1056997.0,17399663.0,75560000.0,0.013988843303335097,605001
2020-11-09,16.56,16.79,16.53,16.74,1542538.0,25759594.0,75560000.0,0.020414743250397036,605001
2020-11-10,16.79,16.93,16.72,16.83,1502058.0,25269098.0,75560000.0,0.01987901005823187,605001
2020-11-11,16.83,16.86,16.63,16.82,1019053.0,17058317.0,75560000.0,0.013486672842773955,605001
2020-11-12,16.83,16.88,16.56,16.6,913900.0,15248555.0,75560000.0,0.01209502382212811,605001
2020-11-13,16.6,16.6,16.36,16.5,791061.0,13009146.0,75560000.0,0.010469309158284807,605001
2020-11-16,16.46,16.65,16.45,16.65,682276.0,11314268.0,75560000.0,0.009029592376919004,605001
2020-11-17,16.66,16.94,16.6,16.9,1517500.0,25471255.0,75560000.0,0.02008337744838539,605001
2020-11-18,16.91,17.03,16.76,16.96,1363600.0,23062174.0,75560000.0,0.018046585494970884,605001
2020-11-19,16.96,17.11,16.85,16.98,1135220.0,19279100.0,75560000.0,0.015024086818422445,605001
2020-11-20,17.65,18.12,17.33,17.34,4494717.0,79393643.0,75560000.0,0.059485402329274746,605001
2020-11-23,17.11,17.28,16.88,17.16,2087908.0,35701003.0,75560000.0,0.02763245103229222,605001
2020-11-24,17.17,17.24,16.85,16.89,1699648.0,28866684.0,75560000.0,0.02249401799894124,605001
2020-11-25,16.91,17.01,16.64,16.64,1417900.0,23754397.0,75560000.0,0.018765219692959238,605001
2020-11-26,16.63,16.79,16.59,16.76,767643.0,12793186.0,75560000.0,0.01015938327157226,605001
2020-11-27,16.77,16.77,16.58,16.69,731000.0,12165509.0,75560000.0,0.00967443091582848,605001
2020-11-30,16.69,16.8,16.69,16.7,814810.0,13644968.0,75560000.0,0.01078361566966649,605001
2020-12-01,16.71,16.9,16.67,16.81,853010.0,14307373.0,75560000.0,0.011289174166225517,605001
2020-12-02,16.81,16.88,16.74,16.8,891887.0,14981911.0,75560000.0,0.011803692429857068,605001
2020-12-03,16.8,16.81,16.7,16.75,957809.0,16047025.0,75560000.0,0.01267613816834304,605001
2020-12-04,16.79,16.79,16.54,16.71,901525.0,15024766.0,75560000.0,0.011931246691371095,605001
2020-12-07,16.73,16.73,16.58,16.58,651200.0,10825677.0,75560000.0,0.008618316569613552,605001
2020-12-08,16.58,16.64,16.55,16.55,635200.0,10532998.0,75560000.0,0.008406564319745896,605001
2020-12-09,16.5,16.59,16.28,16.31,887915.0,14582836.0,75560000.0,0.011751124933827422,605001
2020-12-10,16.34,16.72,16.21,16.55,1007857.0,16585467.0,75560000.0,0.013338499205929062,605001
2020-12-11,16.5,16.62,16.37,16.56,1283310.0,21144360.0,75560000.0,0.016983986236103758,605001
2020-12-14,16.57,16.79,16.56,16.78,1589200.0,26584258.0,75560000.0,0.021032292218104817,605001
2020-12-15,16.85,16.93,16.64,16.68,1117634.0,18724143.0,75560000.0,0.01479134462678666,605001
2020-12-16,16.62,16.66,16.31,16.34,947269.0,15543589.0,75560000.0,0.012536646373742721,605001
2020-12-17,16.33,16.43,16.27,16.38,715453.0,11704486.0,75560000.0,0.009468673901535204,605001
2020-12-18,16.37,16.45,16.23,16.3,865400.0,14127152.0,75560000.0,0.011453149814716781,605001
2020-12-21,16.28,16.28,16.09,16.26,950976.0,15434654.0,75560000.0,0.012585706723133933,605001
2020-12-22,16.26,16.42,16.17,16.17,1049700.0,17069093.0,75560000.0,0.013892271042879831,605001
2020-12-23,16.18,16.29,16.14,16.25,900486.0,14586040.0,75560000.0,0.011917496029645315,605001
2020-12-24,16.31,16.93,16.25,16.92,4764876.0,79520162.0,75560000.0,0.06306082583377448,605001
2020-12-25,16.8,17.16,16.71,16.99,4036056.0,68471877.0,75560000.0,0.05341524616199047,605001
2020-12-28,16.87,17.29,16.8,16.91,3046060.0,51941449.0,75560000.0,0.040313128639491796,605001
2020-12-29,16.81,17.49,16.8,17.18,3695943.0,63422595.0,75560000.0,0.04891401535203811,605001
2020-12-30,17.18,17.34,16.9,17.18,2579206.0,44143730.0,75560000.0,0.03413454208575966,605001
2020-12-31,17.12,17.4,17.06,17.2,3131470.0,54117946.0,75560000.0,0.04144348861831657,605001
2021-01-04,17.2,17.2,16.9,17.02,2053452.0,34926085.0,75560000.0,0.027176442562202224,605001
2021-01-05,16.99,17.5,16.91,17.45,5454180.0,94041392.0,75560000.0,0.07218343038644785,605001
2021-01-06,17.32,17.4,16.42,16.46,4556131.0,76561647.0,75560000.0,0.06029818687136051,605001
2021-01-07,16.47,16.55,15.3,15.38,3644618.0,57571841.0,75560000.0,0.04823475383800953,605001
2021-01-08,15.42,15.48,14.55,15.06,1743215.0,26072390.0,75560000.0,0.023070606140815245,605001
2021-01-11,15.08,15.08,14.23,14.24,2352000.0,34267414.0,75560000.0,0.03112758073054526,605001
2021-01-12,14.24,14.44,14.01,14.12,1218323.0,17332438.0,75560000.0,0.016123914769719427,605001
2021-01-13,14.11,14.16,13.33,13.55,2380211.0,32642908.0,75560000.0,0.03150093965060879,605001
2021-01-14,13.49,13.97,13.21,13.76,1610000.0,22074396.0,75560000.0,0.021307570142932768,605001
2021-01-15,13.7,14.18,13.63,14.09,1476210.0,20635758.0,75560000.0,0.019536924298570672,605001
2021-01-18,14.04,14.19,13.9,13.99,1108290.0,15551053.0,75560000.0,0.014667681312863948,605001
2021-01-19,13.99,14.31,13.95,14.19,1328863.0,18830920.0,75560000.0,0.017586858125992588,605001
2021-01-20,14.16,14.45,14.1,14.3,1171194.0,16717348.0,75560000.0,0.015500185283218634,605001
2021-01-21,14.23,14.3,14.0,14.1,1255384.0,17725442.0,75560000.0,0.016614399152991,605001
2021-01-22,14.08,14.1,13.77,13.94,1501700.0,20830190.0,75560000.0,0.01987427210164108,605001
2021-01-25,13.99,13.99,13.5,13.55,1168101.0,15931988.0,75560000.0,0.015459250926416094,605001
2021-01-26,13.46,14.18,13.46,13.89,1726700.0,24056707.0,75560000.0,0.022852038115404975,605001
2021-01-27,13.76,13.95,13.6,13.62,950200.0,13025475.0,75560000.0,0.012575436739015351,605001
2021-01-28,13.35,13.77,13.35,13.59,889507.0,12118863.0,75560000.0,0.011772194282689254,605001
2021-01-29,13.59,14.18,13.5,13.82,2436805.0,33885862.0,75560000.0,0.03224993382742192,605001
2021-02-01,13.68,13.96,13.45,13.94,1357900.0,18590440.0,75560000.0,0.017971148755955534,605001
2021-02-02,13.85,14.22,13.7,13.94,1994200.0,27915069.0,75560000.0,0.02639227104287983,605001
2021-02-03,13.84,13.89,13.56,13.59,1109800.0,15234704.0,75560000.0,0.014687665431445208,605001
2021-02-04,13.49,13.65,13.21,13.51,1361057.0,18244117.0,75560000.0,0.018012930121757545,605001
2021-02-05,13.49,13.66,13.35,13.39,768084.0,10331030.0,75560000.0,0.010165219692959238,605001
2021-02-08,13.39,13.59,13.3,13.49,603787.0,8138972.0,75560000.0,0.007990828480677607,605001
2021-02-09,13.56,13.63,13.48,13.58,660745.0,8956810.0,75560000.0,0.008744640021175224,605001
2021-02-10,13.42,14.0,13.35,13.75,1405094.0,19475199.0,75560000.0,0.018595738485971413,605001
2021-02-18,14.0,14.2,13.86,14.11,2332769.0,32886949.0,75560000.0,0.030873067760719956,605001
2021-02-19,14.02,14.26,13.83,14.25,2309211.0,32440032.0,75560000.0,0.03056128904182107,605001
2021-02-22,14.17,14.45,14.11,14.23,2024100.0,29007546.0,75560000.0,0.02678798305982001,605001
2021-02-23,14.18,14.25,14.04,14.09,1241211.0,17551110.0,75560000.0,0.01642682636315511,605001
2021-02-24,14.11,14.28,14.04,14.08,842753.0,11911268.0,75560000.0,0.011153427739544733,605001
2021-02-25,14.08,14.25,14.01,14.23,995938.0,14071595.0,75560000.0,0.013180757014293276,605001
2021-02-26,14.12,14.34,14.12,14.3,1624300.0,23139256.0,75560000.0,0.021496823716251987,605001
2021-03-01,14.34,14.98,14.29,14.8,2342974.0,34365456.0,75560000.0,0.031008125992588672,605001
2021-03-02,14.8,14.94,14.55,14.72,1204800.0,17670554.0,75560000.0,0.01594494441503441,605001
2021-03-03,14.64,14.83,14.6,14.82,1080562.0,15962390.0,75560000.0,0.014300714663843304,605001
2021-03-04,14.85,15.49,14.71,15.11,3253829.0,49299444.0,75560000.0,0.04306285071466384,605001
2021-03-05,15.07,15.7,15.02,15.5,2616127.0,40443104.0,75560000.0,0.03462317363684489,605001
2021-03-08,15.4,15.58,15.19,15.27,1332097.0,20417662.0,75560000.0,0.01762965854949709,605001
2021-03-09,15.16,15.28,14.65,14.9,2028154.0,30297736.0,75560000.0,0.026841635786130226,605001
2021-03-10,14.9,15.11,14.6,14.62,884710.0,13055479.0,75560000.0,0.011708708311275807,605001
2021-03-11,14.66,14.79,14.62,14.74,681986.0,10037506.0,75560000.0,0.009025754367390153,605001
2021-03-12,14.88,14.89,14.58,14.72,483963.0,7114387.0,75560000.0,0.00640501588141874,605001
2021-03-15,14.72,14.75,14.57,14.62,736247.0,10790695.0,75560000.0,0.009743872419269455,605001
2021-03-16,14.57,14.74,14.55,14.7,538755.0,7901342.0,75560000.0,0.007130161461090524,605001
2021-03-17,14.71,15.13,14.71,15.0,1023014.0,15298963.0,75560000.0,0.013539094759131816,605001
2021-03-18,15.13,15.13,14.91,14.94,516797.0,7737238.0,75560000.0,0.006839557967178401,605001
2021-03-19,14.92,15.06,14.77,14.93,593900.0,8888306.0,75560000.0,0.007859978824775014,605001
2021-03-22,14.84,15.24,14.84,15.13,693600.0,10481388.0,75560000.0,0.009179460031762838,605001
2021-03-23,15.11,15.25,14.88,14.96,753300.0,11300094.0,75560000.0,0.009969560614081524,605001
2021-03-24,14.99,15.05,14.01,14.74,684400.0,10132414.0,75560000.0,0.009057702488088936,605001
2021-03-25,14.72,14.85,14.45,14.48,665300.0,9706810.0,75560000.0,0.008804923239809423,605001
2021-03-26,14.45,14.6,14.45,14.57,448153.0,6517167.0,75560000.0,0.005931087877183695,605001
2021-03-29,14.56,14.75,14.38,14.43,637900.0,9297079.0,75560000.0,0.008442297511911064,605001
2021-03-30,14.49,14.49,14.18,14.26,835500.0,11920540.0,75560000.0,0.011057437797776602,605001
2021-03-31,14.25,14.51,14.09,14.42,510600.0,7344816.0,75560000.0,0.006757543673901535,605001
2021-04-01,14.42,14.65,14.32,14.62,448800.0,6505464.0,75560000.0,0.0059396506087877185,605001
2021-04-02,14.67,14.67,14.45,14.59,395400.0,5764472.0,75560000.0,0.005232927474854421,605001
2021-04-06,14.58,14.81,14.51,14.81,722124.0,10646756.0,75560000.0,0.009556961355214399,605001
2021-04-07,14.81,15.08,14.76,15.01,861141.0,12886980.0,75560000.0,0.011396784012705136,605001
2021-04-08,15.01,15.09,14.78,14.78,735500.0,10981678.0,75560000.0,0.009733986236103758,605001
2021-04-09,14.76,15.13,14.68,15.0,826256.0,12339087.0,75560000.0,0.010935097935415564,605001
2021-04-12,14.91,15.1,14.84,14.92,668000.0,9991900.0,75560000.0,0.00884065643197459,605001
2021-04-13,14.8,14.97,14.8,14.88,403900.0,6000500.0,75560000.0,0.005345420857596612,605001
2021-04-14,14.88,15.24,14.87,15.08,910300.0,13706471.0,75560000.0,0.012047379565907887,605001
2021-04-15,14.95,15.07,14.82,14.86,540653.0,8059972.0,75560000.0,0.007155280571731075,605001
2021-04-16,14.82,14.89,14.72,14.8,1198763.0,17729982.0,75560000.0,0.01586504764425622,605001
2021-04-19,14.74,14.78,14.56,14.78,1259813.0,18498551.0,75560000.0,0.01667301482265749,605001
2021-04-20,14.7,14.84,14.69,14.81,1533706.0,22653283.0,75560000.0,0.02029785600847009,605001
2021-04-21,14.81,14.99,14.62,14.65,1807396.0,26679227.0,75560000.0,0.023920010587612492,605001
2021-04-22,14.58,14.71,14.39,14.49,1386053.0,20136597.0,75560000.0,0.01834374007411329,605001
2021-04-23,14.48,14.48,14.35,14.42,1112391.0,16020349.0,75560000.0,0.014721956061408152,605001
2021-04-26,14.43,14.7,14.43,14.65,1896249.0,27693653.0,75560000.0,0.025095937003705663,605001
2021-04-27,14.56,14.56,14.35,14.47,559400.0,8071520.0,75560000.0,0.007403388035997882,605001
2021-04-28,14.01,14.32,14.0,14.06,1188308.0,16735813.0,75560000.0,0.015726680783483323,605001
2021-04-29,13.95,14.08,13.76,13.77,1029834.0,14336818.0,75560000.0,0.013629354155637903,605001
2021-04-30,13.84,13.91,13.7,13.78,457471.0,6308333.0,75560000.0,0.006054407093700371,605001
2021-05-06,13.78,13.97,13.78,13.86,317753.0,4402054.0,75560000.0,0.004205307040762308,605001
2021-05-07,14.0,14.02,13.71,13.72,367800.0,5076693.0,75560000.0,0.004867654843832715,605001
2021-05-10,13.72,13.86,13.62,13.75,1008977.0,13903694.0,75560000.0,0.013353321863419799,605001
2021-05-11,13.75,13.9,13.7,13.75,311400.0,4280320.0,75560000.0,0.004121228163049232,605001
2021-05-12,13.75,13.84,13.7,13.84,263400.0,3632836.0,75560000.0,0.0034859714134462677,605001
2021-05-13,13.84,13.84,13.7,13.75,383730.0,5285087.0,75560000.0,0.005078480677607199,605001
2021-05-14,13.75,13.87,13.75,13.81,469500.0,6492014.0,75560000.0,0.006213605082053997,605001
2021-05-17,13.89,13.93,13.8,13.87,501032.0,6949514.0,75560000.0,0.0066309158284806775,605001
2021-05-18,13.88,13.99,13.76,13.8,392830.0,5424925.0,75560000.0,0.005198914769719429,605001
2021-05-19,13.8,13.8,13.43,13.43,1291221.0,17510697.0,75560000.0,0.017088684489147698,605001
2021-05-20,13.45,13.49,13.2,13.28,1027076.0,13612378.0,75560000.0,0.013592853361566966,605001
2021-05-21,13.25,13.34,13.22,13.27,437057.0,5803697.0,75560000.0,0.005784237691900476,605001
2021-05-24,13.26,13.38,13.26,13.31,334700.0,4457475.0,75560000.0,0.004429592376919005,605001
2021-05-25,13.31,13.87,13.28,13.42,1018985.0,13774937.0,184106667.00000003,0.005534753393802951,605001
2021-05-26,13.41,13.53,13.38,13.48,609232.0,8210934.0,184106667.00000003,0.0033091251388522496,605001
2021-05-27,13.42,13.54,13.41,13.41,1093300.0,14720299.0,184106667.00000003,0.005938405261554161,605001
2021-05-28,13.5,13.5,13.28,13.3,1208100.0,16161120.0,184106667.00000003,0.006561956824735738,605001
2021-05-31,13.3,13.42,13.3,13.41,833800.0,11167105.0,184106667.00000003,0.004528896283804865,605001
2021-06-01,13.44,13.54,13.35,13.49,1425423.0,19214780.0,184106667.00000003,0.0077423757826217115,605001
2021-06-02,13.57,13.57,13.38,13.39,1196659.0,16085047.0,184106667.00000003,0.006499813502136779,605001
2021-06-03,13.44,13.46,13.27,13.28,1586200.0,21206070.0,184106667.00000003,0.008615657574203978,605001
2021-06-04,13.33,13.38,13.23,13.35,1186100.0,15770060.0,184106667.00000003,0.006442460880572021,605001
2021-06-07,13.39,13.41,13.24,13.26,873891.0,11619194.0,184106667.00000003,0.004746655915507937,605001
2021-06-08,13.26,13.33,13.22,13.32,774500.0,10277537.0,184106667.00000003,0.004206800397945393,605001
2021-06-09,13.32,13.35,13.23,13.23,1033265.0,13705243.0,184106667.00000003,0.0056123171248328545,605001
2021-06-10,13.27,13.34,13.22,13.31,855464.0,11355908.0,184106667.00000003,0.004646567199003173,605001
2021-06-11,13.31,13.34,13.26,13.32,813945.0,10819564.0,184106667.00000003,0.004421051194197111,605001
2021-06-15,13.33,13.52,13.32,13.47,1587667.0,21341411.0,184106667.00000003,0.008623625781026168,605001
2021-06-16,13.41,13.47,13.33,13.33,922466.0,12334645.0,184106667.00000003,0.005010497528587598,605001
2021-06-17,13.34,13.47,13.3,13.35,913101.0,12214751.0,184106667.00000003,0.0049596302778106335,605001
2021-06-18,13.37,13.37,13.2,13.25,956800.0,12672657.0,184106667.00000003,0.005196987244356555,605001
2021-06-21,13.25,13.31,13.14,13.17,1198346.0,15843007.0,184106667.00000003,0.006508976668400606,605001
2021-06-22,10.17,10.17,9.96,10.0,1200046.0,12036262.0,184106667.00000003,0.006518210445904166,605001
2021-06-23,9.94,9.98,9.38,9.43,6521212.0,62592920.0,239338667.0,0.027246796690816366,605001
2021-06-24,9.42,9.54,9.19,9.26,4237672.0,39565378.0,239338667.0,0.017705755835934357,605001
2021-06-25,9.28,9.28,9.14,9.17,2410753.0,22147537.0,239338667.0,0.01007255965038027,605001
2021-06-28,9.2,9.26,9.13,9.24,1631490.0,15022003.0,239338667.0,0.006816658672206944,605001
2021-06-29,9.25,9.26,9.13,9.14,1573307.0,14448028.0,239338667.0,0.006573559632969795,605001
2021-06-30,9.19,9.26,9.15,9.23,1217752.0,11230782.0,239338667.0,0.0050879868901417425,605001
2021-07-01,9.23,9.23,9.16,9.17,999660.0,9187413.0,239338667.0,0.004176759286454955,605001
2021-07-02,9.1,9.17,9.07,9.08,1227071.0,11182241.0,239338667.0,0.0051269233483279995,605001
2021-07-05,9.01,9.22,9.01,9.12,930752.0,8489117.0,239338667.0,0.003888849268137689,605001
2021-07-06,9.03,9.03,8.85,8.89,2557971.0,22779549.0,239338667.0,0.01068766293413007,605001
2021-07-07,8.88,8.92,8.86,8.91,1017761.0,9051256.0,239338667.0,0.0042523885202385625,605001
2021-07-08,8.89,8.93,8.79,8.81,1605674.0,14226891.0,239338667.0,0.006708794780744726,605001
2021-07-09,8.81,8.85,8.79,8.84,922053.0,8141151.0,239338667.0,0.0038525032814693497,605001
2021-07-12,8.85,8.91,8.85,8.89,1127902.0,10022813.0,239338667.0,0.004712577429036989,605001
2021-07-13,8.92,8.93,8.86,8.93,836264.0,7438744.0,239338667.0,0.0034940614088069606,605001
2021-07-14,8.93,8.97,8.84,8.86,1297480.0,11525305.0,239338667.0,0.005421104814626547,605001
2021-07-15,8.86,8.86,8.63,8.64,2036040.0,17728486.0,239338667.0,0.008506941337648547,605001
2021-07-16,8.63,8.72,8.63,8.66,966560.0,8384216.0,239338667.0,0.004038461532837065,605001
2021-07-19,8.66,8.66,8.41,8.43,1766711.0,14986043.0,239338667.0,0.007381636332085028,605001
2021-07-20,8.43,8.43,8.28,8.33,1157085.0,9629199.0,239338667.0,0.00483450925211345,605001
2021-07-21,8.33,8.55,8.33,8.41,1618377.0,13650690.0,239338667.0,0.006761870199602975,605001
2021-07-22,8.38,8.53,8.38,8.51,1170277.0,9939576.0,239338667.0,0.00488962780092696,605001
2021-07-23,8.5,8.54,8.35,8.39,1115070.0,9383608.0,239338667.0,0.004658963024975818,605001
2021-07-26,8.37,8.42,8.18,8.28,1140010.0,9435640.0,239338667.0,0.00476316683087401,605001
2021-07-27,8.28,8.37,8.17,8.18,1019910.0,8429449.0,239338667.0,0.004261367428774056,605001
2021-07-28,8.14,8.16,7.82,7.85,1581300.0,12532150.0,239338667.0,0.006606955824651602,605001
2021-07-29,7.86,8.01,7.86,7.95,1060176.0,8425788.0,239338667.0,0.004429606019323238,605001
2021-07-30,7.95,8.01,7.89,7.99,711926.0,5675032.0,239338667.0,0.0029745548804280754,605001
2021-08-02,7.98,8.18,7.91,8.13,1030700.0,8326593.0,239338667.0,0.004306449989545567,605001
2021-08-03,8.13,8.39,8.13,8.18,2369950.0,19611202.0,239338667.0,0.009902077377242182,605001
2021-08-04,8.24,8.25,8.13,8.19,928100.0,7591729.0,239338667.0,0.003877768735128787,605001
2021-08-05,8.19,8.24,8.13,8.16,667520.0,5453355.0,239338667.0,0.0027890186252269886,605001
2021-08-06,8.18,8.19,8.06,8.11,855260.0,6937788.0,239338667.0,0.003573430113572079,605001
2021-08-09,8.12,8.25,8.12,8.18,1537270.0,12585008.0,239338667.0,0.006422990565080736,605001
2021-08-10,8.2,8.25,8.14,8.25,1009210.0,8295235.0,239338667.0,0.004216660904190629,605001
2021-08-11,8.26,8.31,8.22,8.31,1200026.0,9913405.0,239338667.0,0.0050139244738084884,605001
2021-08-12,8.31,8.43,8.27,8.39,1525374.0,12748790.0,239338667.0,0.006373286937375647,605001
2021-08-13,8.36,8.51,8.36,8.41,1395330.0,11761227.0,239338667.0,0.00582993971467218,605001
2021-08-16,8.41,8.55,8.36,8.52,1337184.0,11358573.0,239338667.0,0.0055869952680901325,605001
2021-08-17,8.52,8.52,8.34,8.35,1350740.0,11348670.0,239338667.0,0.005643634674375453,605001
2021-08-18,8.35,8.46,8.35,8.42,824840.0,6924066.0,239338667.0,0.0034463298819993847,605001
2021-08-19,8.43,8.54,8.39,8.47,1083190.0,9170356.0,239338667.0,0.004525762650796413,605001
2021-08-20,8.49,8.49,8.31,8.38,1033451.0,8652739.0,239338667.0,0.004317944162361362,605001
2021-08-23,8.38,8.64,8.38,8.56,1871621.0,15964286.0,239338667.0,0.007819969181995987,605001
2021-08-24,8.56,8.63,8.51,8.52,837380.0,7162940.0,239338667.0,0.0034987242575392134,605001
2021-08-25,8.52,8.55,8.48,8.51,579350.0,4929803.0,239338667.0,0.00242062850629982,605001
2021-08-26,8.53,8.53,8.4,8.43,987520.0,8336528.0,239338667.0,0.00412603618286217,605001
2021-08-27,8.4,8.43,8.15,8.2,1971320.0,16256486.0,239338667.0,0.00823652953661683,605001
2021-08-30,8.2,8.26,8.09,8.13,1129455.0,9225754.0,239338667.0,0.004719066142371387,605001
2021-08-31,8.11,8.11,7.82,7.94,1891130.0,14933868.0,239338667.0,0.00790148129303319,605001
2021-09-01,7.94,8.2,7.9,8.1,2160423.0,17368075.0,239338667.0,0.009026635884121474,605001
2021-09-02,8.65,8.65,8.27,8.31,3932684.0,33065378.0,239338667.0,0.016431461114471736,605001
2021-09-03,8.22,8.37,8.22,8.34,2183510.0,18092669.0,239338667.0,0.009123097522724985,605001
2021-09-06,8.31,8.38,8.28,8.33,1313490.0,10952574.0,239338667.0,0.005487997474306983,605001
2021-09-07,8.43,8.43,8.37,8.38,1365695.0,11463984.0,239338667.0,0.00570611935429556,605001
2021-09-08,8.38,8.4,8.32,8.36,1773000.0,14814434.0,239338667.0,0.007407912905272427,605001
2021-09-09,8.37,8.48,8.34,8.43,2084502.0,17528448.0,239338667.0,0.00870942429039266,605001
2021-09-10,8.42,8.7,8.35,8.57,4274714.0,36442042.0,239338667.0,0.017860523974590366,605001
2021-09-13,8.54,8.72,8.46,8.71,3299573.0,28431320.0,239338667.0,0.01378620948030934,605001
2021-09-14,8.71,8.85,8.63,8.85,3575770.0,31265251.0,239338667.0,0.014940210225203603,605001
2021-09-15,8.85,9.07,8.78,8.82,4228624.0,37818120.0,239338667.0,0.017667951664492223,605001
2021-09-16,8.79,8.79,8.57,8.58,2128193.0,18507336.0,239338667.0,0.008891973146988405,605001
2021-09-17,8.59,8.67,8.35,8.43,1705408.0,14424754.0,239338667.0,0.007125501371660936,605001
2021-09-22,8.41,8.47,8.31,8.45,1100030.0,9226012.0,239338667.0,0.004596123199766965,605001
2021-09-23,8.46,8.54,8.4,8.48,2639945.0,22362707.0,239338667.0,0.011030165050597528,605001
2021-09-24,8.46,8.52,8.33,8.33,2042990.0,17274862.0,239338667.0,0.008535979687728436,605001
2021-09-27,8.36,8.38,8.06,8.07,1840154.0,15015131.0,239338667.0,0.007688494396101905,605001
2021-09-28,8.09,8.21,8.07,8.14,1044539.0,8489543.0,239338667.0,0.004364271820733422,605001
2021-09-29,8.11,8.16,7.98,8.0,1205750.0,9720495.0,239338667.0,0.005037840375370688,605001
2021-09-30,8.04,8.3,8.01,8.26,2180019.0,17955564.0,239338667.0,0.009108511496807158,605001
2021-10-08,8.27,8.47,8.26,8.45,1651090.0,13853974.0,239338667.0,0.0068985509976120995,605001
2021-10-11,8.45,8.66,8.45,8.61,1562140.0,13416405.0,239338667.0,0.0065269018983881944,605001
2021-10-12,8.62,8.65,8.36,8.4,1010760.0,8544631.0,239338667.0,0.004223137082985425,605001
2021-10-13,8.4,8.49,8.35,8.48,623442.0,5257403.0,239338667.0,0.0026048528130224774,605001
2021-10-14,8.48,8.51,8.42,8.48,500550.0,4237165.0,239338667.0,0.0020913879327321564,605001
2021-10-15,8.52,8.52,8.41,8.43,569270.0,4808273.0,239338667.0,0.002378512453234312,605001
2021-10-18,8.38,8.42,8.2,8.32,486390.0,4060218.0,239338667.0,0.0020322249058068,605001
2021-10-19,8.32,8.38,8.21,8.34,435700.0,3625757.0,239338667.0,0.0018204329683176518,605001
2021-10-20,8.34,8.5,8.34,8.45,969970.0,8174645.0,239338667.0,0.004052709126185616,605001
2021-10-21,8.47,8.55,8.38,8.54,817770.0,6943035.0,239338667.0,0.0034167901503353824,605001
2021-10-22,8.53,8.56,8.46,8.49,610900.0,5193048.0,239338667.0,0.0025524500811229135,605001
2021-10-25,8.51,8.52,8.43,8.48,442180.0,3747934.0,239338667.0,0.0018475075738597641,605001
2021-10-26,8.48,8.5,8.3,8.3,668235.0,5613851.0,239338667.0,0.0027920060238323294,605001
2021-10-27,8.28,8.28,8.03,8.06,937705.0,7586615.0,239338667.0,0.00391790015275718,605001
2021-10-28,8.0,8.09,7.9,7.94,766380.0,6107213.0,239338667.0,0.0032020734869389073,605001
2021-10-29,7.9,8.15,7.9,8.05,475150.0,3813479.0,239338667.0,0.001985262164094864,605001
2021-11-01,8.0,8.04,7.93,7.98,723510.0,5762038.0,239338667.0,0.003022954916014469,605001
2021-11-02,7.98,8.05,7.83,7.85,858960.0,6795308.0,239338667.0,0.0035888893790822357,605001
2021-11-03,7.93,7.93,7.84,7.87,374000.0,2948389.0,239338667.0,0.0015626392704861183,605001
2021-11-04,7.97,8.01,7.9,7.98,437480.0,3478296.0,239338667.0,0.0018278701284819975,605001
2021-11-05,7.95,8.02,7.93,7.97,481100.0,3839407.0,239338667.0,0.002010122334307143,605001
2021-11-08,7.88,8.04,7.87,8.02,563240.0,4495485.0,239338667.0,0.0023533180286326237,605001
2021-11-09,8.02,8.3,7.96,8.12,1033194.0,8371272.0,239338667.0,0.004316870370135386,605001
2021-11-10,8.12,8.14,8.0,8.12,873630.0,7071732.0,239338667.0,0.0036501832777400735,605001
2021-11-11,8.08,8.16,8.08,8.13,823160.0,6691392.0,239338667.0,0.0034393105398218,605001
2021-11-12,8.14,8.16,8.09,8.11,687770.0,5581024.0,239338667.0,0.00287362676754609,605001
2021-11-15,8.14,8.27,8.12,8.22,907132.0,7422232.0,239338667.0,0.003790160659664742,605001
2021-11-16,8.27,8.29,8.16,8.16,817370.0,6718918.0,239338667.0,0.003415118878388338,605001
2021-11-17,8.15,8.21,8.13,8.17,653842.0,5340646.0,239338667.0,0.0027318694809978197,605001
2021-11-18,8.12,8.19,8.04,8.05,770060.0,6244066.0,239338667.0,0.003217449188851712,605001
2021-11-19,8.06,8.16,8.06,8.15,810810.0,6581914.0,239338667.0,0.003387710018456817,605001
2021-11-22,8.2,8.23,8.14,8.15,730500.0,5967161.0,239338667.0,0.0030521603932890627,605001
2021-11-23,8.12,8.18,8.12,8.16,605920.0,4940235.0,239338667.0,0.002531642745382216,605001
2021-11-24,8.16,8.19,8.14,8.15,737189.0,6018079.0,239338667.0,0.0030801082384235056,605001
2021-11-25,8.15,8.24,8.08,8.09,1248280.0,10182967.0,239338667.0,0.005215538365140138,605001
2021-11-26,8.08,8.15,7.97,8.0,1314950.0,10567019.0,239338667.0,0.005494097616913694,605001
2021-11-29,7.98,8.02,7.91,8.0,610110.0,4866451.0,239338667.0,0.0025491493190275016,605001
2021-11-30,8.02,8.15,8.0,8.1,1078280.0,8720737.0,239338667.0,0.0045052477876464485,605001
2021-12-01,8.11,8.14,8.06,8.1,1142940.0,9260457.0,239338667.0,0.0047754088978861076,605001
2021-12-02,8.11,8.26,8.11,8.16,1713460.0,14024267.0,239338667.0,0.007159144075954932,605001
2021-12-03,8.17,8.21,8.12,8.17,1413010.0,11537342.0,239338667.0,0.005903809934731524,605001
2021-12-06,8.19,8.23,8.12,8.12,1576880.0,12887258.0,239338667.0,0.006588488269636765,605001
2021-12-07,8.11,8.26,8.1,8.18,1820819.0,14884155.0,239338667.0,0.007607709288361667,605001
2021-12-08,8.19,8.23,8.15,8.18,1544960.0,12624165.0,239338667.0,0.006455120768262656,605001
2021-12-09,8.18,8.2,8.16,8.16,1145370.0,9364624.0,239338667.0,0.004785561874964399,605001
2021-12-10,8.16,8.17,8.12,8.16,961940.0,7833316.0,239338667.0,0.004019158341848707,605001
2021-12-13,8.18,8.18,8.13,8.13,960480.0,7824144.0,239338667.0,0.004013058199241997,605001
2021-12-14,8.12,8.2,8.09,8.17,1292470.0,10547880.0,239338667.0,0.005400172133489822,605001
2021-12-15,8.19,8.34,8.17,8.26,2864365.0,23656184.0,239338667.0,0.011967832176486552,605001
2021-12-16,8.27,8.33,8.23,8.33,1986750.0,16458179.0,239338667.0,0.008300998851974052,605001
2021-12-17,8.32,8.4,8.26,8.27,1248005.0,10363196.0,239338667.0,0.005214389365676545,605001
2021-12-20,8.23,8.35,8.21,8.31,1576417.0,13055681.0,239338667.0,0.006586553772358062,605001
2021-12-21,8.29,8.61,8.25,8.55,4439294.0,37624243.0,239338667.0,0.01854816881720161,605001
2021-12-22,8.53,8.55,8.35,8.38,3631090.0,30576433.0,239338667.0,0.015171347135479784,605001
2021-12-23,8.35,8.35,8.22,8.23,2523942.0,20838019.0,239338667.0,0.010545483651415173,605001
2021-12-24,8.21,8.3,8.17,8.18,1685788.0,13858363.0,239338667.0,0.007043525482658429,605001
2021-12-27,8.17,8.24,8.13,8.22,1173150.0,9614779.0,239338667.0,0.004901631711686604,605001
2021-12-28,8.26,8.26,8.18,8.2,942900.0,7738911.0,239338667.0,0.003939605797169414,605001
2021-12-29,8.19,8.26,8.17,8.21,1392790.0,11430387.0,239338667.0,0.005819327137808451,605001
2021-12-30,8.22,8.28,8.19,8.25,1233019.0,10177952.0,239338667.0,0.005151775162180543,605001
2021-12-31,8.25,8.37,8.24,8.37,1604320.0,13331359.0,239338667.0,0.006703137525203982,605001
2022-01-04,8.38,8.46,8.37,8.4,2482660.0,20897420.0,239338667.0,0.010373000030120498,605001
2022-01-05,8.41,8.47,8.32,8.36,1863783.0,15584532.0,239338667.0,0.0077872206081936604,605001
2022-01-06,8.38,8.45,8.36,8.45,2116967.0,17829219.0,239338667.0,0.008845068899794617,605001
2022-01-07,8.47,8.5,8.43,8.43,2272531.0,19219369.0,239338667.0,0.00949504327271949,605001
2022-01-10,8.4,8.4,8.24,8.35,2075310.0,17266623.0,239338667.0,0.008671018461049588,605001
2022-01-11,8.38,8.41,8.3,8.31,1481590.0,12354078.0,239338667.0,0.006190349510052214,605001
2022-01-12,8.33,8.48,8.28,8.43,2337950.0,19644167.0,239338667.0,0.009768375621478665,605001
2022-01-13,8.47,8.48,8.39,8.4,1598310.0,13468638.0,239338667.0,0.006678026664199647,605001
2022-01-14,8.38,8.44,8.28,8.28,1790218.0,14950728.0,239338667.0,0.007479852806232935,605001
2022-01-17,8.3,8.49,8.28,8.47,2335987.0,19676969.0,239338667.0,0.009760173854398545,605001
2022-01-18,8.45,8.47,8.3,8.31,2306610.0,19272082.0,239338667.0,0.009637431464427769,605001
2022-01-19,8.31,8.39,8.3,8.36,1099730.0,9181035.0,239338667.0,0.004594869745806682,605001
2022-01-20,8.35,8.39,8.14,8.16,2303490.0,18973509.0,239338667.0,0.009624395543240825,605001
2022-01-21,8.14,8.21,8.14,8.16,1274430.0,10413150.0,239338667.0,0.0053247977686781385,605001
2022-01-24,8.16,8.17,8.01,8.05,1566960.0,12690109.0,239338667.0,0.006547040725350075,605001
2022-01-25,8.04,8.05,7.65,7.66,2714210.0,21279419.0,239338667.0,0.011340457578465581,605001
2022-01-26,7.67,7.84,7.67,7.78,1021950.0,7910135.0,239338667.0,0.004269890915703981,605001
2022-01-27,7.7,7.79,7.42,7.45,2012620.0,15208978.0,239338667.0,0.008409088365149121,605001
2022-01-28,7.52,7.65,7.45,7.58,1240900.0,9404956.0,239338667.0,0.0051847033977171775,605001
2022-02-07,7.63,7.69,7.56,7.6,1218480.0,9297318.0,239338667.0,0.005091028605085362,605001
2022-02-08,7.59,7.79,7.55,7.78,1213450.0,9359050.0,239338667.0,0.005070012360351284,605001
2022-02-09,7.77,7.83,7.75,7.8,803990.0,6259402.0,239338667.0,0.003359214831759717,605001
2022-02-10,7.8,7.84,7.76,7.8,745000.0,5799190.0,239338667.0,0.003112744001369407,605001
2022-02-11,7.8,7.81,7.72,7.73,1076220.0,8364164.0,239338667.0,0.004496640737119172,605001
2022-02-14,7.71,7.78,7.66,7.69,623900.0,4808310.0,239338667.0,0.0026067664194018426,605001
2022-02-15,7.69,7.74,7.61,7.63,669530.0,5123860.0,239338667.0,0.0027974167667608844,605001
2022-02-16,7.66,7.82,7.66,7.77,799780.0,6188246.0,239338667.0,0.0033416246945170793,605001
2022-02-17,7.79,7.79,7.7,7.71,922520.0,7137158.0,239338667.0,0.0038544544914675236,605001
2022-02-18,7.71,7.79,7.64,7.76,635200.0,4906689.0,239338667.0,0.0026539798519058353,605001
2022-02-21,7.69,7.84,7.66,7.84,1072880.0,8343117.0,239338667.0,0.0044826856163613545,605001
2022-02-22,7.8,7.85,7.72,7.78,1038110.0,8072161.0,239338667.0,0.004337410302364557,605001
2022-02-23,7.77,7.97,7.76,7.93,1866610.0,14699658.0,239338667.0,0.007799032322679394,605001
2022-02-24,7.96,7.97,7.64,7.7,2032141.0,15828097.0,239338667.0,0.008490650614344735,605001
2022-02-25,7.71,7.82,7.71,7.77,922240.0,7179063.0,239338667.0,0.003853284601104593,605001
2022-02-28,7.87,7.88,7.63,7.77,981126.0,7571191.0,239338667.0,0.004099320900788672,605001
2022-03-01,7.77,7.95,7.72,7.88,1372686.0,10771853.0,239338667.0,0.005735329009750021,605001
2022-03-02,7.85,7.91,7.82,7.9,813050.0,6408775.0,239338667.0,0.0033970691413602633,605001
2022-03-03,7.94,8.11,7.9,8.01,2789985.0,22374286.0,239338667.0,0.011657059157933724,605001
2022-03-04,8.0,8.08,7.92,7.94,1364440.0,10898274.0,239338667.0,0.005700875738561709,605001
2022-03-07,7.91,7.96,7.77,7.81,929970.0,7292178.0,239338667.0,0.0038855819314812176,605001
2022-03-08,7.8,7.88,7.6,7.62,1286680.0,9923021.0,239338667.0,0.00537598047205636,605001
2022-03-09,7.61,7.7,7.06,7.29,1952360.0,14382499.0,239338667.0,0.008157311246326947,605001
2022-03-10,7.49,7.49,7.36,7.36,1153390.0,8548361.0,239338667.0,0.004819070877502631,605001
2022-03-11,7.35,7.43,7.19,7.42,1402746.0,10210270.0,239338667.0,0.005860925096570376,605001
2022-03-14,7.38,7.5,7.32,7.33,815850.0,6033527.0,239338667.0,0.003408768044989571,605001
2022-03-15,7.26,7.3,6.97,6.97,1550111.0,11033638.0,239338667.0,0.006476642572760715,605001
2022-03-16,7.08,7.28,6.75,7.05,1691034.0,11810759.0,239338667.0,0.0070654442142439105,605001
2022-03-17,7.08,7.31,7.08,7.18,1321810.0,9486011.0,239338667.0,0.005522759930805497,605001
2022-03-18,7.29,7.39,7.12,7.35,1550069.0,11297449.0,239338667.0,0.006476467089206275,605001
2022-03-21,7.42,7.45,7.33,7.39,1069840.0,7926651.0,239338667.0,0.00446998394956382,605001
2022-03-22,7.48,8.13,7.41,8.13,22772736.0,184797102.0,239338667.0,0.09514858708559616,605001
2022-03-23,8.13,8.19,7.69,7.85,20370822.0,160547044.0,239338667.0,0.0851129583670657,605001
2022-03-24,7.7,8.04,7.66,7.7,11566057.0,90672412.0,239338667.0,0.048325066505029046,605001
2022-03-25,7.61,7.78,7.54,7.56,5931401.0,45323246.0,239338667.0,0.024782460244921478,605001
2022-03-28,7.54,7.54,7.31,7.37,4909936.0,36339547.0,239338667.0,0.020514595746453288,605001
2022-03-29,7.33,7.4,7.07,7.1,4233440.0,30525843.0,239338667.0,0.017688073778734634,605001
2022-03-30,7.13,7.21,7.07,7.14,2989330.0,21347660.0,239338667.0,0.012489958423642427,605001
2022-03-31,7.15,7.29,7.09,7.22,3076309.0,22238606.0,239338667.0,0.012853372330347274,605001
2022-04-01,7.2,7.22,7.06,7.13,2502509.0,17806786.0,239338667.0,0.010455932722312688,605001
2022-04-06,7.07,7.27,7.07,7.25,2322620.0,16789622.0,239338667.0,0.009704324124108203,605001
2022-04-07,7.23,7.27,7.1,7.1,1976501.0,14157702.0,239338667.0,0.008258176686510918,605001
2022-04-08,7.1,7.16,6.97,7.13,1723490.0,12196000.0,239338667.0,0.007201051220027059,605001
2022-04-11,7.13,7.2,6.89,6.91,2111550.0,14889492.0,239338667.0,0.008822435699451773,605001
2022-04-12,6.87,7.07,6.81,7.06,1703830.0,11799382.0,239338667.0,0.007118908203829847,605001
2022-04-13,7.02,7.04,6.92,6.93,1337990.0,9329914.0,239338667.0,0.005590362881063426,605001
2022-04-14,6.94,7.01,6.89,6.91,1224620.0,8497812.0,239338667.0,0.005116682629472487,605001
2022-04-15,6.91,6.91,6.68,6.68,2059890.0,13918005.0,239338667.0,0.008606590927491043,605001
2022-04-18,6.67,6.8,6.54,6.69,1281080.0,8496041.0,239338667.0,0.0053525826647977445,605001
2022-04-19,6.68,6.74,6.65,6.7,799156.0,5343002.0,239338667.0,0.003339017510279691,605001
2022-04-20,6.7,6.79,6.66,6.71,1225500.0,8246286.0,239338667.0,0.005120359427755984,605001
2022-04-21,6.71,6.72,6.35,6.37,2274470.0,14806147.0,239338667.0,0.009503144763482786,605001
2022-04-22,6.34,6.39,6.22,6.28,1672890.0,10535084.0,239338667.0,0.006989635318725996,605001
2022-04-25,6.24,6.24,5.73,5.74,2766980.0,16562045.0,239338667.0,0.011560940130079357,605001
2022-04-26,5.88,5.93,5.65,5.65,1987072.0,11463865.0,239338667.0,0.008302344225891423,605001
2022-04-27,5.59,5.74,5.49,5.69,1995548.0,11231943.0,239338667.0,0.008337758478449284,605001
2022-04-28,5.7,5.7,5.49,5.55,1736880.0,9678185.0,239338667.0,0.007256997048454356,605001
2022-04-29,5.56,5.77,5.53,5.75,1744835.0,9928918.0,239338667.0,0.007290234469301193,605001
2022-05-05,5.74,5.91,5.69,5.91,2059092.0,12010409.0,239338667.0,0.008603256739956692,605001
2022-05-06,5.78,5.9,5.73,5.86,1247270.0,7242490.0,239338667.0,0.005211318403473853,605001
2022-05-09,5.9,6.02,5.74,5.99,1304200.0,7771371.0,239338667.0,0.005449182183336887,605001
2022-05-10,5.95,6.12,5.9,6.09,1535940.0,9278527.0,239338667.0,0.006417433585856815,605001
2022-05-11,6.01,6.29,6.01,6.2,2804070.0,17318798.0,239338667.0,0.01171590882136901,605001
2022-05-12,6.23,6.29,6.05,6.12,2600384.0,15999978.0,239338667.0,0.010864872076855011,605001
2022-05-13,6.16,6.16,6.06,6.09,1390020.0,8484715.0,239338667.0,0.005807753579575171,605001
2022-05-16,6.18,6.18,6.03,6.08,1158160.0,7038469.0,239338667.0,0.00483900079547113,605001
2022-05-17,6.07,6.11,5.99,6.06,957060.0,5778861.0,239338667.0,0.003998768824094771,605001
2022-05-18,6.07,6.15,6.03,6.09,1181520.0,7210230.0,239338667.0,0.004936603077178498,605001
2022-05-19,6.03,6.14,6.02,6.12,1231430.0,7493355.0,239338667.0,0.005145136034370911,605001
2022-05-20,6.17,6.19,6.11,6.12,980740.0,6029780.0,239338667.0,0.004097708123359775,605001
2022-05-23,6.2,6.21,6.1,6.2,1214782.0,7495748.0,239338667.0,0.00507557769593494,605001
2022-05-24,6.26,6.26,5.9,5.9,1765590.0,10699577.0,239338667.0,0.007376952592453438,605001
2022-05-25,5.84,6.09,5.84,6.09,1396750.0,8414402.0,239338667.0,0.0058358727300841864,605001
2022-05-26,6.12,6.15,6.01,6.15,1128650.0,6875239.0,239338667.0,0.004715702707577961,605001
2022-05-27,6.18,6.18,6.05,6.09,1000490.0,6115219.0,239338667.0,0.004180227175745071,605001
2022-05-30,6.15,6.17,6.06,6.16,1666090.0,10176998.0,239338667.0,0.006961223695626248,605001
2022-05-31,6.13,6.25,6.11,6.23,1337060.0,8282844.0,239338667.0,0.005586477173786549,605001
2022-06-01,6.28,6.34,6.2,6.34,1774000.0,11180548.0,239338667.0,0.007412091085140037,605001
2022-06-02,6.29,6.44,6.24,6.41,1995420.0,12689457.0,239338667.0,0.00833722367142623,605001
2022-06-06,6.41,6.48,6.39,6.42,1340996.0,8614730.0,239338667.0,0.005602922489745462,605001
2022-06-07,6.43,6.44,6.27,6.33,1226812.0,7764129.0,239338667.0,0.005125841199742289,605001
2022-06-08,6.37,6.46,6.17,6.34,1632734.0,10259623.0,239338667.0,0.006821856327962251,605001
2022-06-09,6.4,6.4,6.18,6.22,1465644.0,9141619.0,239338667.0,0.0061237242538833055,605001
2022-06-10,6.2,6.39,6.16,6.34,1677424.0,10611002.0,239338667.0,0.007008579186245739,605001
2022-06-13,6.39,6.39,6.24,6.31,1307360.0,8218462.0,239338667.0,0.005462385231718533,605001
2022-06-14,6.27,6.29,6.12,6.28,1314560.0,8162105.0,239338667.0,0.005492468126765325,605001
2022-06-15,6.29,6.37,6.25,6.28,2017290.0,12732306.0,239338667.0,0.00842860046513086,605001
2022-06-16,6.23,6.4,6.23,6.37,1326390.0,8411571.0,239338667.0,0.005541895994599151,605001
2022-06-17,6.3,6.39,6.3,6.33,1537690.0,9739872.0,239338667.0,0.006424745400625132,605001
2022-06-20,6.34,6.44,6.33,6.37,887982.0,5659257.0,239338667.0,0.0037101485152000115,605001
2022-06-21,6.37,6.41,6.31,6.4,1049310.0,6681484.0,239338667.0,0.004384205916881788,605001
2022-06-22,6.39,6.4,6.23,6.29,1752860.0,11025769.0,239338667.0,0.007323764362738763,605001
2022-06-23,6.25,6.39,6.22,6.39,1707773.0,10833361.0,239338667.0,0.007135382767047833,605001
2022-06-24,6.39,6.51,6.34,6.45,1581262.0,10187306.0,239338667.0,0.006606797053816632,605001
2022-06-27,6.49,6.52,6.4,6.4,1464087.0,9434552.0,239338667.0,0.006117218827829438,605001
2022-06-28,6.46,6.67,6.37,6.62,2812760.0,18449190.0,239338667.0,0.01175221720441854,605001
2022-06-29,6.58,6.61,6.38,6.39,2882660.0,18629997.0,239338667.0,0.012044271977164475,605001
2022-06-30,6.49,6.54,6.4,6.42,1784380.0,11527755.0,239338667.0,0.007455460592165828,605001
2022-07-01,6.45,6.49,6.38,6.41,936110.0,6016033.0,239338667.0,0.003911235955868343,605001
2022-07-04,6.41,6.5,6.34,6.49,1633220.0,10481943.0,239338667.0,0.006823886923377909,605001
2022-07-05,6.53,6.53,6.27,6.35,1883413.0,12012704.0,239338667.0,0.007869238278994843,605001
2022-07-06,6.35,6.35,6.21,6.28,1170770.0,7344645.0,239338667.0,0.0048916876436016915,605001
2022-07-07,6.33,6.38,6.25,6.37,1591655.0,10093588.0,239338667.0,0.006650220877180702,605001
2022-07-08,6.35,6.67,6.35,6.45,7494440.0,48647028.0,239338667.0,0.031313118327010656,605001
2022-07-11,6.47,6.59,6.34,6.49,4102709.0,26623654.0,239338667.0,0.017141856146462117,605001
2022-07-12,6.47,6.52,6.32,6.32,2791540.0,17839995.0,239338667.0,0.011663556227627858,605001
2022-07-13,6.31,6.43,6.28,6.42,1962531.0,12525677.0,239338667.0,0.008199807513760407,605001
2022-07-14,6.43,6.45,6.34,6.38,1693961.0,10842003.0,239338667.0,0.007077673746716405,605001
2022-07-15,6.39,6.42,6.2,6.2,2687420.0,16878820.0,239338667.0,0.011228524139812311,605001
2022-07-18,6.17,6.46,6.17,6.45,3455940.0,22154785.0,239338667.0,0.014439538931667903,605001
2022-07-19,6.46,6.5,6.43,6.47,1337570.0,8643787.0,239338667.0,0.0055886080455190305,605001
2022-07-20,6.47,6.56,6.46,6.56,1871941.0,12183031.0,239338667.0,0.007821306199553622,605001
2022-07-21,6.5,6.65,6.46,6.57,1524240.0,10021338.0,239338667.0,0.006368548881405778,605001
2022-07-22,6.54,6.63,6.45,6.56,1712780.0,11180783.0,239338667.0,0.007156302913644956,605001
2022-07-25,6.55,6.61,6.45,6.5,1406100.0,9171412.0,239338667.0,0.005874938711846339,605001
2022-07-26,6.52,6.64,6.41,6.62,2409880.0,15758773.0,239338667.0,0.010068912099355848,605001
2022-07-27,6.6,6.74,6.57,6.72,2530291.0,16898273.0,239338667.0,0.010572010915394628,605001
2022-07-28,6.73,6.79,6.68,6.71,1839703.0,12374820.0,239338667.0,0.007686610036981613,605001
2022-07-29,6.68,6.75,6.65,6.67,1453270.0,9716426.0,239338667.0,0.0060720234562015,605001
2022-08-01,6.67,6.71,6.6,6.7,1327700.0,8843061.0,239338667.0,0.00554736941022572,605001
2022-08-02,6.64,6.69,6.34,6.45,2460370.0,15911621.0,239338667.0,0.010279868400871472,605001
2022-08-03,6.43,6.63,6.43,6.46,1853306.0,12162770.0,239338667.0,0.007743445817720711,605001
2022-08-04,6.55,6.57,6.43,6.52,1712360.0,11145986.0,239338667.0,0.00715454807810056,605001
2022-08-05,6.53,6.66,6.51,6.64,2095040.0,13814516.0,239338667.0,0.008753453949837533,605001
2022-08-08,6.62,6.77,6.58,6.76,1693020.0,11345707.0,239338667.0,0.007073742079460984,605001
2022-08-09,6.72,6.81,6.72,6.75,1009760.0,6819159.0,239338667.0,0.004218958903117815,605001
2022-08-10,6.8,6.87,6.7,6.85,2224590.0,15178305.0,239338667.0,0.0092947371516864,605001
2022-08-11,6.85,6.92,6.8,6.82,1325440.0,9093886.0,239338667.0,0.0055379267237249214,605001
2022-08-12,6.8,6.86,6.74,6.75,1086060.0,7377318.0,239338667.0,0.004537754027016454,605001
2022-08-15,6.74,6.78,6.69,6.78,1260590.0,8488022.0,239338667.0,0.005266971759310417,605001
2022-08-16,6.79,6.88,6.73,6.87,1447030.0,9885570.0,239338667.0,0.0060459516138276145,605001
2022-08-17,6.86,6.88,6.8,6.86,1143340.0,7813047.0,239338667.0,0.004777080169833151,605001
2022-08-18,6.88,6.88,6.74,6.82,1344700.0,9123416.0,239338667.0,0.005618398467975089,605001
2022-08-19,6.83,6.89,6.73,6.73,1297810.0,8828171.0,239338667.0,0.005422483613982859,605001
2022-08-22,6.77,6.77,6.66,6.71,1234320.0,8271964.0,239338667.0,0.0051572109741883036,605001
2022-08-23,6.71,6.71,6.64,6.7,868760.0,5796295.0,239338667.0,0.0036298355417848133,605001
2022-08-24,6.71,6.73,6.49,6.5,2222110.0,14636761.0,239338667.0,0.009284375265614729,605001
2022-08-25,6.52,6.6,6.43,6.55,2505010.0,16319332.0,239338667.0,0.01046638235016158,605001
2022-08-26,6.54,6.61,6.4,6.4,1605640.0,10394233.0,239338667.0,0.006708652722629227,605001
2022-08-29,6.42,6.54,6.33,6.54,1400730.0,9060493.0,239338667.0,0.005852501885957274,605001
2022-08-30,6.56,6.63,6.5,6.6,1281770.0,8433776.0,239338667.0,0.005355465608906395,605001
2022-08-31,6.6,6.64,6.36,6.4,2479690.0,16079944.0,239338667.0,0.010360590835913697,605001
2022-09-01,6.45,6.45,6.32,6.32,1424910.0,9088072.0,239338667.0,0.005953530275156082,605001
2022-09-02,6.35,6.62,6.35,6.6,2915150.0,19044868.0,239338667.0,0.012180021041063123,605001
2022-09-05,6.59,6.68,6.55,6.68,2048010.0,13576619.0,239338667.0,0.008556954150663838,605001
2022-09-06,6.62,6.68,6.58,6.68,1842960.0,12221558.0,239338667.0,0.007700218368810419,605001
2022-09-07,6.67,6.67,6.58,6.62,961140.0,6360542.0,239338667.0,0.00401581579795462,605001
2022-09-08,6.62,6.68,6.58,6.63,1184710.0,7847941.0,239338667.0,0.0049499314709561745,605001
2022-09-09,6.63,7.29,6.63,7.02,20409604.0,146009161.0,239338667.0,0.08527499653869135,605001
2022-09-13,6.85,6.98,6.74,6.95,16310706.0,111621973.0,239338667.0,0.06814906343570469,605001
2022-09-14,6.79,6.79,6.66,6.72,7266577.0,48842821.0,239338667.0,0.03036106572783745,605001
2022-09-15,6.74,6.75,6.26,6.3,9623161.0,62147129.0,239338667.0,0.04020729755296916,605001
2022-09-16,6.24,6.32,5.86,5.87,7128116.0,43081943.0,239338667.0,0.02978255076518831,605001
2022-09-19,5.92,5.92,5.69,5.76,3076740.0,17835332.0,239338667.0,0.012855173125870213,605001
2022-09-20,5.84,5.93,5.76,5.89,2511419.0,14670872.0,239338667.0,0.010493160304933092,605001
2022-09-21,5.89,5.95,5.78,5.93,1774018.0,10419222.0,239338667.0,0.007412166292377654,605001
2022-09-22,5.89,6.32,5.87,6.1,4934111.0,30171610.0,239338667.0,0.02061560324475276,605001
2022-09-23,6.06,6.16,5.93,6.08,3027531.0,18307015.0,239338667.0,0.012649569072764995,605001
2022-09-26,6.04,6.15,5.85,5.85,2926780.0,17459668.0,239338667.0,0.012228613272923426,605001
2022-09-27,5.91,6.08,5.89,6.06,2572050.0,15444360.0,239338667.0,0.010746487528486151,605001
2022-09-28,6.06,6.1,5.96,6.0,1762206.0,10628558.0,239338667.0,0.007362813631781446,605001
2022-09-29,5.99,6.15,5.85,5.87,2255510.0,13470883.0,239338667.0,0.0094239264731929,605001
2022-09-30,5.88,5.91,5.77,5.8,1743875.0,10169867.0,239338667.0,0.007286223416628288,605001
2022-10-10,5.82,5.87,5.76,5.81,1425900.0,8267415.0,239338667.0,0.005957666673225016,605001
2022-10-11,5.77,5.94,5.75,5.9,1297526.0,7587860.0,239338667.0,0.005421297010900458,605001
2022-10-12,5.89,6.15,5.8,6.14,2347522.0,14200020.0,239338667.0,0.009808369159171427,605001
2022-10-13,6.16,6.19,6.06,6.18,1588222.0,9759599.0,239338667.0,0.006635877185695197,605001
2022-10-14,6.18,6.28,6.18,6.21,1672880.0,10419564.0,239338667.0,0.00698959353692732,605001
2022-10-17,6.24,6.35,6.19,6.33,2551785.0,16078926.0,239338667.0,0.010661816713469037,605001
2022-10-18,6.32,6.49,6.32,6.38,2623580.0,16753061.0,239338667.0,0.010961789137064092,605001
2022-10-19,6.37,6.42,6.35,6.35,1793880.0,11445170.0,239338667.0,0.007495153300908123,605001
2022-10-20,6.29,6.41,6.2,6.36,1547020.0,9844045.0,239338667.0,0.006463727818789932,605001
2022-10-21,6.39,6.45,6.25,6.43,1658881.0,10638651.0,239338667.0,0.006931103196960648,605001
2022-10-24,6.42,6.48,6.31,6.34,3531400.0,22566008.0,239338667.0,0.01475482438447775,605001
2022-10-25,6.37,6.51,6.31,6.51,7894400.0,51037927.0,239338667.0,0.03298422314685993,605001
2022-10-26,6.5,6.55,6.45,6.5,3504393.0,22780320.0,239338667.0,0.014641984280793208,605001
2022-10-27,6.53,6.85,6.51,6.53,6690633.0,44551652.0,239338667.0,0.027954668102166708,605001
2022-10-28,6.53,6.62,6.28,6.39,5031859.0,32250585.0,239338667.0,0.021024011970451895,605001
2022-10-31,6.3,6.49,6.3,6.44,2515580.0,16181770.0,239338667.0,0.010510545711362219,605001
2022-11-01,6.41,6.53,6.4,6.48,2353290.0,15218846.0,239338667.0,0.0098324689006478,605001
2022-11-02,6.5,6.56,6.46,6.55,2127980.0,13857596.0,239338667.0,0.008891083194676604,605001
2022-11-03,6.5,6.75,6.49,6.74,3285262.0,21893191.0,239338667.0,0.013726415548223974,605001
2022-11-04,6.92,7.39,6.78,7.13,13392173.0,95937886.0,239338667.0,0.05595490761214944,605001
2022-11-07,7.31,7.84,7.25,7.69,26845296.0,206642378.0,239338667.0,0.11216447528722971,605001
2022-11-08,7.73,8.46,7.73,8.46,38883452.0,324026748.0,239338667.0,0.16246205632957753,605001
2022-11-09,9.31,9.31,8.99,9.31,34679295.0,321455335.0,239338667.0,0.14489633219190612,605001
2022-11-10,9.9,10.24,9.78,10.24,21420255.0,216590786.0,239338667.0,0.08949767820007119,605001
2022-11-11,11.26,11.26,10.0,11.26,49476872.0,551240439.0,239338667.0,0.20672327050271405,605001
2022-11-14,12.39,12.39,10.13,10.25,89103974.0,985642907.0,239338667.0,0.3722924302908397,605001
2022-11-15,10.3,10.7,9.51,9.8,66082868.0,660370925.0,239338667.0,0.2761061086715253,605001
2022-11-16,9.65,10.78,9.65,10.78,67323456.0,705327609.0,239338667.0,0.28128950847712375,605001
2022-11-17,10.79,11.86,10.63,11.86,49350967.0,554424732.0,239338667.0,0.20619721676648262,605001
2022-11-18,11.33,11.43,10.67,10.67,47710053.0,518562543.0,239338667.0,0.19934118292720332,605001
2022-11-21,10.16,10.18,9.6,9.64,38409914.0,376789997.0,239338667.0,0.16048352939142926,605001
2022-11-22,9.45,9.69,9.18,9.24,24910344.0,233215085.0,239338667.0,0.10407989779603811,605001
2022-11-23,9.25,9.48,9.24,9.4,18013362.0,168736299.0,239338667.0,0.07526306645636996,605001
2022-11-24,9.45,9.87,9.2,9.5,17389248.0,165335525.0,239338667.0,0.07265540590647646,605001
2022-11-25,9.33,9.59,9.31,9.5,10863430.0,102462107.0,239338667.0,0.04538936451918987,605001
2022-11-28,9.25,9.74,9.18,9.62,13725455.0,131090995.0,239338667.0,0.057347419754786216,605001
2022-11-29,9.5,10.14,9.41,10.09,23048396.0,228382352.0,239338667.0,0.09630034414790152,605001
2022-11-30,9.91,10.32,9.8,10.21,17520020.0,175199397.0,239338667.0,0.07320179484412354,605001
2022-12-01,10.15,10.29,9.8,10.01,15622130.0,156086362.0,239338667.0,0.0652720690551853,605001
2022-12-02,10.01,10.5,9.9,10.25,19383226.0,198318734.0,239338667.0,0.08098660464253359,605001
2022-12-05,10.21,10.34,9.23,9.55,32056326.0,311259938.0,239338667.0,0.13393709592274114,605001
2022-12-06,9.2,9.64,9.01,9.3,14409699.0,134536328.0,239338667.0,0.06020631426011911,605001
2022-12-07,9.2,9.58,9.18,9.46,12807711.0,120494804.0,239338667.0,0.0535129202503664,605001
2022-12-08,9.4,9.57,9.02,9.1,15355149.0,141748260.0,239338667.0,0.06415657441595093,605001
2022-12-09,9.06,9.58,9.03,9.43,15766394.0,147710905.0,239338667.0,0.06587482999560619,605001
2022-12-12,9.45,9.56,9.31,9.44,9336562.0,88360448.0,239338667.0,0.03900983538109202,605001
2022-12-13,9.47,9.47,9.12,9.16,9573000.0,88187874.0,239338667.0,0.03999771587262998,605001
2022-12-14,9.06,9.15,8.66,8.77,15642454.0,137904564.0,239338667.0,0.0653569863828146,605001
2022-12-15,8.69,8.84,8.69,8.76,8341414.0,73013660.0,239338667.0,0.03485192804219972,605001
2022-12-16,8.62,8.85,8.62,8.73,6699461.0,58496525.0,239338667.0,0.02799155307403797,605001
2022-12-19,8.77,9.6,8.75,8.8,17077625.0,154784555.0,239338667.0,0.07135338896159224,605001
2022-12-20,8.83,9.0,8.35,8.42,14201810.0,120887201.0,239338667.0,0.05933771662562155,605001
2022-12-21,8.48,8.49,8.23,8.3,9082430.0,75698614.0,239338667.0,0.037948026174976564,605001
2022-12-22,8.32,8.44,8.14,8.19,8231169.0,68267412.0,239338667.0,0.03439130460269506,605001
2022-12-23,8.25,8.43,8.1,8.41,9507102.0,78865498.0,239338667.0,0.039722382175714215,605001
2022-12-26,8.4,8.43,8.12,8.24,9627930.0,79057395.0,239338667.0,0.04022722329275779,605001
2022-12-27,8.18,8.24,7.93,8.0,9009290.0,72218206.0,239338667.0,0.037642434099459575,605001
2022-12-28,7.93,8.07,7.87,7.97,6457595.0,51381506.0,239338667.0,0.026980993422178624,605001
2022-12-29,7.99,8.07,7.93,7.95,4723130.0,37749734.0,239338667.0,0.019734086678104546,605001
2022-12-30,7.96,8.12,7.86,7.97,7468551.0,59582877.0,239338667.0,0.0312049494284181,605001
2023-01-03,7.96,8.25,7.96,8.22,7705500.0,62755273.0,239338667.0,0.03219496496986841,605001
2023-01-04,8.22,8.23,8.1,8.19,5869200.0,47850595.0,239338667.0,0.02452257327897627,605001
2023-01-05,8.05,8.09,7.87,8.06,9183069.0,73244087.0,239338667.0,0.038368514018672965,605001
2023-01-06,8.08,8.16,7.99,8.04,5523092.0,44529835.0,239338667.0,0.02307647180135753,605001
2023-01-09,8.13,8.47,7.97,7.97,11658272.0,95107265.0,239338667.0,0.04871035736152069,605001
2023-01-10,8.08,8.22,7.91,8.14,8894055.0,71947706.0,239338667.0,0.03716096154241554,605001
2023-01-11,8.14,8.18,8.0,8.02,6561442.0,52979510.0,239338667.0,0.027414884866890313,605001
2023-01-12,7.98,8.13,7.97,8.08,4601002.0,37087923.0,239338667.0,0.019223813927233078,605001
2023-01-13,8.09,8.11,8.0,8.06,3573780.0,28755335.0,239338667.0,0.014931895647267058,605001
2023-01-16,8.06,8.32,8.05,8.17,6217550.0,50744643.0,239338667.0,0.025978042235858194,605001
2023-01-17,8.12,8.18,8.0,8.02,4544010.0,36658577.0,239338667.0,0.018985691100218253,605001
2023-01-18,8.02,8.12,7.95,8.1,3098100.0,24945904.0,239338667.0,0.01294441904784236,605001
2023-01-19,8.15,8.27,8.04,8.12,4962720.0,40462961.0,239338667.0,0.02073513679258521,605001
2023-01-20,8.13,8.26,8.13,8.21,3346280.0,27446830.0,239338667.0,0.013981359727385796,605001
2023-01-30,8.3,8.44,8.21,8.32,6367480.0,53077794.0,239338667.0,0.026604476743408954,605001
2023-01-31,8.4,8.44,8.25,8.32,4757465.0,39567837.0,239338667.0,0.019877544483858933,605001
2023-02-01,8.33,8.42,8.25,8.42,4465018.0,37161557.0,239338667.0,0.01865564831611601,605001
2023-02-02,8.37,8.47,8.34,8.36,3783340.0,31782005.0,239338667.0,0.015807475020323397,605001
2023-02-03,8.41,8.41,8.24,8.28,3597628.0,29896364.0,239338667.0,0.01503153688074982,605001
2023-02-06,8.28,8.31,8.17,8.23,3522610.0,29032440.0,239338667.0,0.014718098183441457,605001
2023-02-07,8.2,8.27,8.18,8.25,4609030.0,37858288.0,239338667.0,0.01925735635521025,605001
2023-02-08,8.29,8.31,8.18,8.18,3142320.0,25882012.0,239338667.0,0.013129178161588073,605001
2023-02-09,8.19,8.22,8.09,8.18,4774910.0,38993506.0,239338667.0,0.01995043283164939,605001
2023-02-10,8.2,8.36,8.16,8.21,4968400.0,40985712.0,239338667.0,0.020758868854233236,605001
2023-02-13,8.27,8.3,8.19,8.25,2952000.0,24287495.0,239338667.0,0.012333986969184548,605001
2023-02-14,8.3,8.35,8.19,8.23,3655850.0,30155560.0,239338667.0,0.015274798869001807,605001
2023-02-15,8.27,8.27,8.08,8.08,4744704.0,38610147.0,239338667.0,0.019824226730568363,605001
2023-02-16,8.09,8.16,7.78,7.86,5923350.0,47356864.0,239338667.0,0.02474882171880735,605001
2023-02-17,7.8,7.98,7.8,7.96,3877810.0,30716036.0,239338667.0,0.016202187672416508,605001
2023-02-20,8.04,8.29,7.88,8.19,9641722.0,78355163.0,239338667.0,0.04028484874949186,605001
2023-02-21,8.19,8.23,8.0,8.08,5577900.0,45107007.0,239338667.0,0.023305469483541497,605001
2023-02-22,8.08,8.09,8.01,8.07,2866652.0,23079505.0,239338667.0,0.011977387673843775,605001
2023-02-23,8.08,8.11,7.97,8.02,3126320.0,25084517.0,239338667.0,0.013062327283706314,605001
2023-02-24,8.02,8.04,7.9,7.92,2432670.0,19337199.0,239338667.0,0.010164132818538677,605001
2023-02-27,7.92,7.95,7.84,7.87,2683900.0,21170999.0,239338667.0,0.011213816946678324,605001
2023-02-28,7.84,7.97,7.84,7.96,3105730.0,24570651.0,239338667.0,0.012976298560232226,605001
2023-03-01,7.98,7.99,7.9,7.98,2905990.0,23082259.0,239338667.0,0.012141748913475815,605001
2023-03-02,7.98,8.04,7.96,7.99,3262082.0,26072830.0,239338667.0,0.013629565338892775,605001
2023-03-03,8.18,8.3,7.83,7.85,12411215.0,99375624.0,239338667.0,0.05185628864557853,605001
2023-03-06,7.8,8.06,7.78,7.95,6715434.0,53325491.0,239338667.0,0.028058291141063302,605001
2023-03-07,7.92,7.94,7.62,7.65,6154600.0,47837806.0,239338667.0,0.025715025813192148,605001
2023-03-08,7.61,7.73,7.6,7.71,4195920.0,32147541.0,239338667.0,0.017531308470101908,605001
2023-03-09,7.76,7.76,7.64,7.69,2801940.0,21547134.0,239338667.0,0.011707009298251001,605001
2023-03-10,7.62,7.93,7.54,7.81,10521500.0,81744780.0,239338667.0,0.043960719477058006,605001
2023-03-13,7.79,8.1,7.51,7.75,14594895.0,113411372.0,239338667.0,0.06098009645888101,605001
2023-03-14,7.66,7.71,7.25,7.56,15216860.0,113317016.0,239338667.0,0.06357877810023903,605001
2023-03-15,7.4,7.58,7.31,7.44,8832520.0,65569668.0,239338667.0,0.036903857244262164,605001
2023-03-16,7.43,7.52,7.26,7.26,6449760.0,47408696.0,239338667.0,0.0269482573829159,605001
2023-03-17,7.32,7.45,7.26,7.39,6875240.0,50645697.0,239338667.0,0.028725989352986578,605001
2023-03-20,7.4,7.42,7.29,7.29,5161495.0,37875040.0,239338667.0,0.021565654495769377,605001
2023-03-21,7.3,7.4,7.28,7.39,2979170.0,21925052.0,239338667.0,0.01244750811618751,605001
2023-03-22,7.4,7.45,7.36,7.39,3196270.0,23665926.0,239338667.0,0.01335459096544563,605001
2023-03-23,7.39,7.42,7.33,7.4,3486450.0,25706525.0,239338667.0,0.014567015199428683,605001
2023-03-24,7.41,7.41,7.3,7.38,4215820.0,30993866.0,239338667.0,0.017614454249467344,605001
2023-03-27,7.37,7.42,7.32,7.4,3273600.0,24131850.0,239338667.0,0.013677689614607906,605001
2023-03-28,7.43,7.43,7.29,7.29,3137824.0,23079612.0,239338667.0,0.0131103930649033,605001
2023-03-29,7.38,7.38,7.15,7.16,3529139.0,25477299.0,239338667.0,0.014745377519797083,605001
2023-03-30,7.16,7.19,7.06,7.06,2626100.0,18642526.0,239338667.0,0.010972318150330469,605001
2023-03-31,7.06,7.15,7.05,7.14,2356650.0,16758548.0,239338667.0,0.00984650758500297,605001
2023-04-03,7.09,7.25,7.09,7.23,2595480.0,18624616.0,239338667.0,0.010844382282784252,605001
2023-04-04,7.19,7.2,7.0,7.06,3613830.0,25644520.0,239338667.0,0.015099231750964837,605001
2023-04-06,7.06,7.06,6.9,7.02,2348550.0,16446940.0,239338667.0,0.00981266432807533,605001
2023-04-07,7.07,7.07,6.93,6.95,4529719.0,31626370.0,239338667.0,0.018925980731730237,605001
2023-04-10,6.96,7.02,6.82,6.84,3654740.0,25169278.0,239338667.0,0.01527016108934876,605001
2023-04-11,6.86,6.87,6.79,6.83,2039320.0,13916374.0,239338667.0,0.008520645767614307,605001
2023-04-12,6.85,6.89,6.79,6.87,2139399.0,14623593.0,239338667.0,0.008938793830584843,605001
2023-04-13,6.85,6.87,6.73,6.73,2771160.0,18802769.0,239338667.0,0.011578404921925967,605001
2023-04-14,6.75,6.8,6.7,6.77,2056800.0,13914082.0,239338667.0,0.008593680351700128,605001
2023-04-17,6.78,6.92,6.76,6.79,6614700.0,45044637.0,239338667.0,0.027637406370279484,605001
2023-04-18,6.81,6.83,6.71,6.78,4589864.0,31101779.0,239338667.0,0.01917727735986764,605001
2023-04-19,6.79,6.79,6.66,6.67,3518200.0,23547320.0,239338667.0,0.014699672410225299,605001
2023-04-20,6.63,6.71,6.57,6.69,3015500.0,20035182.0,239338667.0,0.01259930139077778,605001
2023-04-21,6.68,6.69,6.49,6.5,3423090.0,22487703.0,239338667.0,0.014302285723016917,605001
2023-04-24,6.46,6.55,6.38,6.48,3129280.0,20244382.0,239338667.0,0.01307469469611444,605001
2023-04-25,6.49,6.49,6.24,6.32,2645388.0,16746702.0,239338667.0,0.011052906883616929,605001
2023-04-26,6.32,6.5,6.28,6.49,2894710.0,18593832.0,239338667.0,0.012094619044569176,605001
2023-04-27,6.46,6.55,6.42,6.49,3282000.0,21241758.0,239338667.0,0.01371278632549583,605001
2023-04-28,6.5,6.68,6.45,6.65,3772070.0,24835827.0,239338667.0,0.015760386933215433,605001
2023-05-04,6.61,6.89,6.61,6.78,3970500.0,26919983.0,239338667.0,0.016589463164345276,605001
2023-05-05,6.81,6.81,6.67,6.77,2729110.0,18369317.0,239338667.0,0.011402712458492968,605001
2023-05-08,6.75,6.83,6.7,6.8,2155630.0,14633521.0,239338667.0,0.009006609868016019,605001
2023-05-09,6.8,6.85,6.69,6.7,2262091.0,15240492.0,239338667.0,0.009451423074901641,605001
2023-05-10,6.64,6.76,6.63,6.73,1638756.0,11004527.0,239338667.0,0.0068470173271249985,605001
2023-05-11,6.74,6.8,6.71,6.78,1658860.0,11223435.0,239338667.0,0.006931015455183429,605001
2023-05-12,6.8,6.8,6.68,6.72,1326900.0,8930947.0,239338667.0,0.005544026866331632,605001
2023-05-15,6.75,6.77,6.61,6.77,1718330.0,11477996.0,239338667.0,0.0071794918119101915,605001
2023-05-16,6.77,6.79,6.69,6.71,1263040.0,8502290.0,239338667.0,0.005277208299986061,605001
2023-05-17,6.71,6.85,6.67,6.85,2964610.0,20173566.0,239338667.0,0.01238667381731511,605001
2023-05-18,6.87,6.89,6.81,6.84,1497750.0,10231740.0,239338667.0,0.006257868896712791,605001
2023-05-19,6.82,6.87,6.74,6.84,1755230.0,11982805.0,239338667.0,0.007333666649024999,605001
2023-05-22,6.82,6.85,6.78,6.84,1726800.0,11770842.0,239338667.0,0.007214880995388848,605001
2023-05-23,6.8,6.97,6.78,6.81,2774770.0,19064390.0,392886000.0,0.007062532134003248,605001
2023-05-24,6.85,6.85,6.75,6.75,1714120.0,11650051.0,392886000.0,0.00436289407105369,605001
2023-05-25,6.75,6.81,6.67,6.8,1436970.0,9689596.0,392886000.0,0.003657473160153327,605001
2023-05-26,6.81,6.86,6.68,6.84,1954220.0,13227270.0,392886000.0,0.004974012817967553,605001
2023-05-29,6.85,6.95,6.81,6.86,2398700.0,16483748.0,392886000.0,0.006105333353695474,605001
2023-05-30,6.87,7.15,6.85,6.98,5148350.0,35979833.0,392886000.0,0.013103928365989117,605001
2023-05-31,6.97,7.01,6.88,6.9,2571080.0,17809859.0,392886000.0,0.006544086579822137,605001
2023-06-01,6.86,6.96,6.83,6.91,1922820.0,13300741.0,392886000.0,0.004894091415830546,605001
2023-06-02,6.94,6.95,6.89,6.92,1352840.0,9357846.0,392886000.0,0.0034433397983129966,605001
2023-06-05,6.92,6.92,6.85,6.87,1736100.0,11956265.0,392886000.0,0.004418839052549595,605001
2023-06-06,6.84,6.91,6.72,6.72,2197420.0,14959550.0,392886000.0,0.005593021894391758,605001
2023-06-07,6.72,7.2,6.67,7.01,6868150.0,47917265.0,392886000.0,0.017481279556919818,605001
2023-06-08,6.92,6.97,6.79,6.82,4398310.0,30201576.0,392886000.0,0.01119487586729993,605001
2023-06-09,6.81,6.82,6.64,6.74,3655050.0,24529919.0,392886000.0,0.009303080282830134,605001
2023-06-12,6.66,6.71,6.55,6.68,2450460.0,16245192.0,392886000.0,0.006237076403842336,605001
2023-06-13,6.64,6.71,6.62,6.69,1720180.0,11479033.0,392886000.0,0.004378318392612615,605001
2023-06-14,6.71,6.71,6.56,6.57,2368510.0,15661445.0,392886000.0,0.006028491725335084,605001
2023-06-15,6.58,6.59,6.5,6.52,2105550.0,13755091.0,392886000.0,0.005359188161451413,605001
2023-06-16,6.53,6.57,6.5,6.51,1594360.0,10419179.0,392886000.0,0.004058072825196113,605001
2023-06-19,6.52,6.56,6.43,6.43,1989484.0,12876186.0,392886000.0,0.005063769134049063,605001
2023-06-20,6.45,6.48,6.35,6.36,2126280.0,13561013.0,392886000.0,0.005411951558467342,605001
2023-06-21,6.35,6.38,6.27,6.29,2049600.0,12951018.0,392886000.0,0.00521678044012767,605001
2023-06-26,6.3,6.46,6.24,6.41,7033920.0,44775872.0,392886000.0,0.017903208564316368,605001
2023-06-27,6.43,6.67,6.29,6.56,6074842.0,39340010.0,392886000.0,0.015462098420406937,605001
2023-06-28,6.69,6.69,6.53,6.66,3882141.0,25693327.0,392886000.0,0.009881087643743987,605001
2023-06-29,6.66,6.94,6.64,6.87,5724076.0,39165863.0,392886000.0,0.014569305091044222,605001
2023-06-30,6.89,7.06,6.87,6.99,5286770.0,36987527.0,392886000.0,0.01345624430496378,605001
2023-07-03,7.04,7.04,6.91,6.95,2747470.0,19113121.0,392886000.0,0.006993046328960564,605001
2023-07-04,6.97,7.04,6.93,6.98,2000120.0,13962588.0,392886000.0,0.005090840600072285,605001
2023-07-05,6.91,7.03,6.91,6.98,2255630.0,15719343.0,392886000.0,0.005741181920455298,605001
2023-07-06,7.0,7.02,6.91,6.96,1664321.0,11545025.0,392886000.0,0.004236142290639015,605001
2023-07-07,6.91,7.11,6.91,6.99,2972750.0,20851244.0,392886000.0,0.007566444210279827,605001
2023-07-10,6.99,7.06,6.98,7.02,1741240.0,12217382.0,392886000.0,0.004431921727931257,605001
2023-07-11,7.06,7.06,6.97,7.01,1385620.0,9713779.0,392886000.0,0.0035267736697158973,605001
2023-07-12,7.0,7.06,6.85,6.87,2064000.0,14343526.0,392886000.0,0.0052534322933369985,605001
2023-07-13,6.93,6.98,6.85,6.94,1927022.0,13353270.0,392886000.0,0.004904786630218435,605001
2023-07-14,6.91,6.98,6.88,6.92,1662450.0,11493383.0,392886000.0,0.004231380094989386,605001
2023-07-17,6.9,7.02,6.87,7.0,2173160.0,15157666.0,392886000.0,0.005531273702804376,605001
2023-07-18,7.05,7.13,6.96,7.1,2999980.0,21207408.0,392886000.0,0.007635751846591632,605001
2023-07-19,7.12,7.12,7.03,7.05,1812099.0,12798820.0,392886000.0,0.004612276843664574,605001
2023-07-20,7.1,7.1,6.97,6.99,1878900.0,13232042.0,392886000.0,0.004782303263542096,605001
2023-07-21,6.95,7.04,6.95,6.99,1480200.0,10359904.0,392886000.0,0.00376750507780883,605001
2023-07-24,7.01,7.03,6.93,6.99,1372030.0,9592840.0,392886000.0,0.003492183483249594,605001
2023-07-25,7.01,7.08,6.99,7.07,2139130.0,15111993.0,392886000.0,0.005444658246921499,605001
2023-07-26,7.05,7.1,7.0,7.03,2351949.0,16586800.0,392886000.0,0.005986339548876773,605001
2023-07-27,7.0,7.12,6.96,7.07,2006380.0,14201660.0,392886000.0,0.005106773975148008,605001
2023-07-28,7.03,7.07,6.95,7.06,1743531.0,12247960.0,392886000.0,0.004437752935966158,605001
2023-07-31,7.1,7.13,7.03,7.08,1798161.0,12704151.0,392886000.0,0.004576800904079046,605001
2023-08-01,7.07,7.79,7.06,7.61,23235413.0,175662081.0,392886000.0,0.05914034350931313,605001
2023-08-02,7.61,7.61,7.17,7.23,21046020.0,153648880.0,392886000.0,0.05356775247781799,605001
2023-08-03,7.17,7.2,6.94,6.99,11358373.0,80046416.0,392886000.0,0.028910098603666202,605001
2023-08-04,7.04,7.53,7.01,7.17,11010505.0,79319079.0,392886000.0,0.028024681459761863,605001
2023-08-07,7.02,7.07,6.84,6.85,8847830.0,61215524.0,392886000.0,0.02252009488757553,605001
2023-08-08,7.0,7.54,6.95,7.54,10474854.0,77931556.0,392886000.0,0.026661306333134804,605001
2023-08-09,7.7,8.18,7.58,7.76,38999115.0,303701709.0,392886000.0,0.09926318321345123,605001
2023-08-10,7.55,7.81,7.43,7.78,23050067.0,175446380.0,392886000.0,0.058668588343692575,605001
2023-08-11,7.6,8.05,7.53,7.82,23732477.0,184988290.0,392886000.0,0.060405504395677115,605001
2023-08-14,7.64,8.49,7.5,8.17,29972184.0,241672868.0,392886000.0,0.0762872283563171,605001
2023-08-15,8.01,8.22,7.68,7.78,20415155.0,161126628.0,392886000.0,0.05196203224344975,605001
2023-08-16,7.88,8.33,7.6,7.8,18425654.0,145805222.0,392886000.0,0.04689821983985176,605001
2023-08-17,7.6,7.63,7.29,7.48,15623054.0,115936438.0,392886000.0,0.03976485290898632,605001
2023-08-18,7.46,8.23,7.31,8.2,55835229.0,454475382.0,392886000.0,0.14211559841786167,605001
2023-08-21,7.86,7.86,7.38,7.49,41156648.0,311418344.0,392886000.0,0.10475468201972073,605001
2023-08-22,7.38,7.4,6.91,7.07,24109100.0,171573204.0,392886000.0,0.061364110708958836,605001
2023-08-23,7.0,7.02,6.56,6.6,19114295.0,127880010.0,392886000.0,0.04865099545415209,605001
2023-08-24,6.61,6.73,6.45,6.64,12895459.0,85212604.0,392886000.0,0.03282239377325738,605001
2023-08-25,6.51,6.76,6.42,6.55,10687945.0,70517067.0,392886000.0,0.02720367994787292,605001
2023-08-28,6.87,6.87,6.42,6.42,13777061.0,91141779.0,392886000.0,0.035066306765830293,605001
2023-08-29,6.35,6.67,6.33,6.67,13225000.0,86395225.0,392886000.0,0.0336611637981501,605001
2023-08-30,6.61,6.72,6.59,6.62,6356870.0,42239186.0,392886000.0,0.01617993514658196,605001
2023-08-31,6.62,6.65,6.52,6.53,5904560.0,38735908.0,392886000.0,0.015028685165671468,605001
2023-09-01,6.55,6.58,6.47,6.49,5438970.0,35398967.0,392886000.0,0.013843634031245704,605001
2023-09-04,6.53,6.75,6.5,6.74,7802360.0,51837934.0,392886000.0,0.019859093986550808,605001
2023-09-05,6.75,6.77,6.64,6.7,5785750.0,38720981.0,392886000.0,0.014726281924018671,605001
2023-09-06,6.7,6.76,6.67,6.71,4512100.0,30288228.0,392886000.0,0.011484501865681139,605001
2023-09-07,6.76,6.76,6.55,6.59,4720811.0,31327254.0,392886000.0,0.01201572720840142,605001
2023-09-08,6.59,6.64,6.53,6.55,3938600.0,25872668.0,392886000.0,0.010024790906267976,605001
2023-09-11,6.53,6.69,6.52,6.68,5008420.0,33206712.0,392886000.0,0.01274776907296264,605001
2023-09-12,6.66,6.68,6.58,6.63,3310800.0,21900517.0,392886000.0,0.008426871917044639,605001
2023-09-13,6.6,6.62,6.51,6.56,3776840.0,24713831.0,392886000.0,0.009613068421883192,605001
2023-09-14,6.61,6.61,6.51,6.57,2787510.0,18268120.0,392886000.0,0.007094958843023167,605001
2023-09-15,6.59,6.67,6.54,6.59,3664070.0,24196338.0,392886000.0,0.009326038596437644,605001
2023-09-18,6.56,6.76,6.52,6.74,5864890.0,39264046.0,392886000.0,0.014927714400614937,605001
2023-09-19,6.73,6.76,6.63,6.65,3163290.0,21156924.0,392886000.0,0.008051419495731587,605001
2023-09-20,6.63,6.72,6.58,6.59,2473300.0,16425002.0,392886000.0,0.006295210315460464,605001
2023-09-21,6.59,6.63,6.52,6.55,2193000.0,14400757.0,392886000.0,0.005581771811670561,605001
2023-09-22,6.51,6.68,6.51,6.67,3142330.0,20758756.0,392886000.0,0.007998070687171342,605001
2023-09-25,6.65,6.72,6.58,6.61,2818120.0,18669903.0,392886000.0,0.007172869483768829,605001
2023-09-26,6.62,6.67,6.57,6.63,3485200.0,23057625.0,392886000.0,0.008870766583690943,605001
2023-09-27,6.63,6.72,6.59,6.64,3443980.0,22984454.0,392886000.0,0.008765850653879243,605001
2023-09-28,6.67,6.79,6.65,6.77,4323700.0,29148210.0,392886000.0,0.011004973452859099,605001
2023-10-09,6.75,6.8,6.59,6.62,3951860.0,26323900.0,392886000.0,0.010058541154431565,605001
2023-10-10,6.62,6.66,6.5,6.54,4505550.0,29481528.0,392886000.0,0.011467830363006063,605001
2023-10-11,6.54,6.62,6.48,6.55,3707950.0,24324699.0,392886000.0,0.009437724938022734,605001
2023-10-12,6.57,6.58,6.48,6.51,3049200.0,19846322.0,392886000.0,0.007761029917075182,605001
2023-10-13,6.48,6.52,6.4,6.43,3516900.0,22629451.0,392886000.0,0.008951451566103144,605001
2023-10-16,6.42,6.47,6.37,6.42,3375820.0,21632040.0,392886000.0,0.00859236521535509,605001
2023-10-17,6.42,6.46,6.38,6.42,2700030.0,17326671.0,392886000.0,0.0068722988347765,605001
2023-10-18,6.41,6.44,6.29,6.29,3172649.0,20083540.0,392886000.0,0.008075240655050065,605001
2023-10-19,6.34,6.41,6.23,6.23,2835030.0,17882820.0,392886000.0,0.007215909958613949,605001
2023-10-20,6.23,6.32,6.2,6.22,2640300.0,16465553.0,392886000.0,0.006720270001985309,605001
2023-10-23,6.25,6.25,6.03,6.06,4247659.0,25978751.0,392886000.0,0.010811428760505592,605001
2023-10-24,6.09,6.34,6.05,6.3,4100840.0,25601904.0,392886000.0,0.01043773511909307,605001
2023-10-25,6.36,6.5,6.3,6.47,4817810.0,31061811.0,392886000.0,0.012262615618780002,605001
2023-10-26,6.43,6.5,6.36,6.5,2928289.0,18835456.0,392886000.0,0.007453279068228443,605001
2023-10-27,6.51,6.62,6.46,6.58,3706920.0,24347079.0,392886000.0,0.009435103312411234,605001
2023-10-30,6.5,6.55,6.38,6.39,5874975.0,37800691.0,392886000.0,0.014953383424199386,605001
2023-10-31,6.4,6.46,6.3,6.42,3513019.0,22487327.0,392886000.0,0.008941573382609714,605001
2023-11-01,6.4,6.53,6.39,6.49,3356110.0,21706798.0,392886000.0,0.008542197991274822,605001
2023-11-02,6.49,6.54,6.42,6.44,1900900.0,12281500.0,392886000.0,0.004838299150389681,605001
2023-11-03,6.41,6.59,6.41,6.55,3486345.0,22804488.0,392886000.0,0.008873680915074601,605001
2023-11-06,6.63,6.63,6.56,6.59,3300983.0,21737193.0,392886000.0,0.008401885025172697,605001
2023-11-07,6.61,6.61,6.52,6.57,2269683.0,14894636.0,392886000.0,0.005776950565812984,605001
2023-11-08,6.58,6.64,6.55,6.6,2637820.0,17409414.0,392886000.0,0.006713957738377035,605001
2023-11-09,6.62,6.68,6.55,6.58,2465212.0,16278255.0,392886000.0,0.0062746241912412255,605001
2023-11-10,6.61,6.61,6.52,6.59,1786430.0,11743850.0,392886000.0,0.004546942370051364,605001
2023-11-13,6.58,6.69,6.55,6.68,2483000.0,16502612.0,392886000.0,0.006319899411025081,605001
2023-11-14,6.73,7.3,6.7,6.89,20873750.0,145630615.0,392886000.0,0.05312927923112557,605001
2023-11-15,6.91,6.95,6.77,6.82,13219330.0,90158361.0,392886000.0,0.033646732130948924,605001
2023-11-16,6.8,6.82,6.72,6.72,7386020.0,49919590.0,392886000.0,0.018799397280636114,605001
2023-11-17,6.74,6.9,6.7,6.87,8044480.0,54916595.0,392886000.0,0.02047535417398431,605001
2023-11-20,6.86,6.92,6.8,6.89,4718580.0,32323358.0,392886000.0,0.012010048716421558,605001
2023-11-21,6.91,6.91,6.8,6.81,4313280.0,29525750.0,392886000.0,0.010978451764634016,605001
2023-11-22,6.79,6.88,6.77,6.82,4568538.0,31199701.0,392886000.0,0.011628151677585864,605001
2023-11-23,6.81,6.83,6.76,6.83,3722440.0,25303370.0,392886000.0,0.00947460586531462,605001
2023-11-24,6.79,7.07,6.77,6.88,10706170.0,73907760.0,392886000.0,0.027250067449590975,605001
2023-11-27,6.88,6.9,6.78,6.78,6270330.0,42754568.0,392886000.0,0.015959667689864235,605001
2023-11-28,6.78,6.9,6.78,6.9,4760940.0,32684185.0,392886000.0,0.012117866251278997,605001
2023-11-29,6.89,6.97,6.86,6.87,4883760.0,33704925.0,392886000.0,0.012430476015943557,605001
2023-11-30,6.87,6.95,6.81,6.89,4654630.0,31961083.0,392886000.0,0.011847278854425965,605001
2023-12-01,6.86,6.91,6.81,6.9,2998230.0,20591678.0,392886000.0,0.007631297628319665,605001
2023-12-04,6.89,7.0,6.89,6.95,3975430.0,27595035.0,392886000.0,0.010118533111386,605001
2023-12-05,6.9,6.93,6.81,6.81,2976070.0,20444326.0,392886000.0,0.007574894498658644,605001
2023-12-06,6.81,6.87,6.78,6.85,2782680.0,19036729.0,392886000.0,0.007082665200592538,605001
2023-12-07,6.84,6.93,6.8,6.82,3698195.0,25376489.0,392886000.0,0.009412895852740999,605001
2023-12-08,6.8,6.85,6.56,6.57,5992965.0,40018978.0,392886000.0,0.015253699546433316,605001
2023-12-11,6.5,6.61,6.46,6.51,6076130.0,39672738.0,392886000.0,0.015465376725055106,605001
2023-12-12,6.53,6.61,6.51,6.6,3490160.0,22911920.0,392886000.0,0.008883391110907489,605001
2023-12-13,6.63,6.78,6.58,6.73,4646460.0,31127404.0,392886000.0,0.011826484018264841,605001
2023-12-14,6.73,6.79,6.7,6.72,2932930.0,19748730.0,392886000.0,0.007465091655085699,605001
2023-12-15,6.77,6.78,6.68,6.71,2275050.0,15319180.0,392886000.0,0.0057906110169362104,605001
2023-12-18,6.71,6.76,6.61,6.68,3334735.0,22369372.0,392886000.0,0.008487792896667226,605001
2023-12-19,6.67,6.73,6.56,6.62,3018200.0,19966042.0,392886000.0,0.0076821266219717676,605001
2023-12-20,6.62,6.72,6.6,6.61,2420200.0,16114848.0,392886000.0,0.0061600566067510675,605001
2023-12-21,6.6,6.7,6.47,6.64,3106860.0,20428765.0,392886000.0,0.007907790045967533,605001
2023-12-22,6.63,6.7,6.57,6.59,2633300.0,17474897.0,392886000.0,0.006702453128897441,605001
2023-12-25,6.6,6.66,6.4,6.46,3620170.0,23412036.0,392886000.0,0.009214301349500874,605001
2023-12-26,6.41,6.47,6.33,6.34,3241880.0,20672728.0,392886000.0,0.008251452075156662,605001
2023-12-27,6.34,6.45,6.27,6.4,2111790.0,13420390.0,392886000.0,0.005375070631175456,605001
2023-12-28,6.38,6.59,6.34,6.58,2900430.0,18821564.0,392886000.0,0.007382370458606314,605001
2023-12-29,6.59,6.7,6.58,6.69,3203820.0,21321988.0,392886000.0,0.00815457919091034,605001
2024-01-02,6.69,6.79,6.66,6.78,4062530.0,27414414.0,392886000.0,0.010340225917950753,605001
2024-01-03,6.79,6.79,6.69,6.77,2723350.0,18336266.0,392886000.0,0.006931654474834939,605001
2024-01-04,6.75,6.79,6.71,6.78,2988080.0,20200920.0,392886000.0,0.007605463162342257,605001
2024-01-05,6.83,6.85,6.62,6.66,2571040.0,17293634.0,392886000.0,0.006543984769118777,605001
2024-01-08,6.68,6.84,6.6,6.6,5628560.0,37638979.0,392886000.0,0.014326191312492683,605001
2024-01-09,6.65,6.75,6.59,6.61,4588430.0,30596896.0,392886000.0,0.011678782140366417,605001
2024-01-10,6.66,6.7,6.53,6.57,2796165.0,18510495.0,392886000.0,0.007116988133962524,605001
2024-01-11,6.66,6.66,6.5,6.63,2362265.0,15576439.0,392886000.0,0.006012596529273122,605001
2024-01-12,6.63,6.69,6.56,6.57,2402100.0,15910467.0,392886000.0,0.00611398726348101,605001
2024-01-15,6.56,6.64,6.5,6.56,3013460.0,19822347.0,392886000.0,0.0076700620536236976,605001
2024-01-16,6.54,6.64,6.45,6.54,3015000.0,19685200.0,392886000.0,0.007673981765703029,605001
2024-01-17,6.6,6.65,6.42,6.42,5521920.0,36037426.0,392886000.0,0.014054763977336937,605001
2024-01-18,6.25,6.39,6.05,6.21,5696480.0,35360087.0,392886000.0,0.01449906588679668,605001
2024-01-19,6.24,6.25,6.06,6.08,3433740.0,21014392.0,392886000.0,0.008739787113819276,605001
2024-01-22,6.02,6.12,5.61,5.7,5013030.0,29517513.0,392886000.0,0.012759502756524793,605001
2024-01-23,5.63,5.69,5.4,5.53,5768170.0,31916616.0,392886000.0,0.014681536119892284,605001
2024-01-24,5.53,5.74,5.47,5.71,4483990.0,25222246.0,392886000.0,0.01141295439389543,605001
2024-01-25,5.73,6.02,5.69,6.01,4459760.0,26202180.0,392886000.0,0.011351282560335569,605001
2024-01-26,6.05,6.23,6.02,6.16,4898900.0,30213345.0,392886000.0,0.01246901136716503,605001
2024-01-29,6.17,6.23,5.88,5.91,3599200.0,21557046.0,392886000.0,0.009160927088264789,605001
2024-01-30,5.93,5.93,5.62,5.66,4111190.0,23775296.0,392886000.0,0.010464078638587275,605001
2024-01-31,6.1,6.23,5.58,5.63,21129984.0,125381429.0,392886000.0,0.053781463325239386,605001
2024-02-01,5.52,5.72,5.37,5.66,15063954.0,84334238.0,392886000.0,0.038341793802782485,605001
2024-02-02,5.52,5.79,5.09,5.19,13408340.0,72577801.0,392886000.0,0.03412781315699719,605001
2024-02-05,5.1,5.11,4.67,4.67,10658180.0,51060915.0,392886000.0,0.02712792005823572,605001
2024-02-06,4.23,4.58,4.2,4.31,12866092.0,54939102.0,392886000.0,0.03274764690011861,605001
2024-02-07,4.28,4.36,3.88,3.88,12910152.0,51932993.0,392886000.0,0.03285979138986882,605001
2024-02-08,3.82,4.26,3.71,4.24,11973180.0,47603177.0,392886000.0,0.030474946931170872,605001
2024-02-19,4.25,4.51,4.25,4.5,9354542.0,41400300.0,392886000.0,0.023809812515589765,605001
2024-02-20,4.5,4.66,4.38,4.57,5706110.0,25925885.0,392886000.0,0.014523576813630416,605001
2024-02-21,4.49,5.03,4.49,5.03,13951477.0,68044775.0,392886000.0,0.03551024215675794,605001
2024-02-22,4.89,5.0,4.8,4.99,11467190.0,56242434.0,392886000.0,0.029187066986352275,605001
2024-02-23,4.95,5.1,4.89,5.02,9328962.0,46619855.0,392886000.0,0.023744704570791527,605001
2024-02-26,5.06,5.5,5.0,5.34,12408490.0,65494576.0,392886000.0,0.03158292736315369,605001
2024-02-27,5.36,5.53,5.28,5.5,8136360.0,44076396.0,392886000.0,0.020709213359600496,605001
2024-02-28,5.51,5.65,5.0,5.01,10098880.0,53999066.0,392886000.0,0.025704351898515092,605001
2024-02-29,4.9,5.26,4.88,5.24,6642030.0,33965171.0,392886000.0,0.016905743650830012,605001
2024-03-01,5.23,5.35,5.22,5.25,6338920.0,33419647.0,392886000.0,0.0161342475934495,605001
2024-03-04,5.29,5.32,5.1,5.28,4553860.0,23878398.0,392886000.0,0.01159079223998819,605001
2024-03-05,5.29,5.31,5.12,5.16,3854280.0,20054330.0,392886000.0,0.00981017394358669,605001
2024-03-06,5.15,5.21,5.08,5.18,3288020.0,16980920.0,392886000.0,0.00836889072148155,605001
2024-03-07,5.22,5.7,5.2,5.45,21600330.0,120587969.0,392886000.0,0.05497861975229456,605001
2024-03-08,5.44,5.47,5.17,5.3,18088310.0,95017852.0,392886000.0,0.04603958909200124,605001
2024-03-11,5.48,5.83,5.48,5.63,30931430.0,177705638.0,392886000.0,0.07872876610518063,605001
2024-03-12,5.63,5.74,5.46,5.53,24634540.0,137238547.0,392886000.0,0.06270149610828586,605001
2024-03-13,5.52,5.56,5.34,5.42,11184415.0,60646466.0,392886000.0,0.02846732894529202,605001
2024-03-14,5.46,5.5,5.31,5.39,7039815.0,38068387.0,392886000.0,0.017918212916723936,605001
2024-03-15,5.39,5.48,5.35,5.48,5986461.0,32512207.0,392886000.0,0.015237145126067103,605001
2024-03-18,5.5,5.65,5.49,5.62,8552481.0,47793642.0,392886000.0,0.021768352651914295,605001
2024-03-19,5.58,5.76,5.58,5.6,6231185.0,35137353.0,392886000.0,0.015860033190289294,605001
2024-03-20,5.61,5.7,5.57,5.69,5954511.0,33652522.0,392886000.0,0.015155823826758907,605001
2024-03-21,5.71,5.84,5.65,5.82,6907380.0,39804179.0,392886000.0,0.0175811304042394,605001
2024-03-22,5.77,5.84,5.62,5.64,5350280.0,30416293.0,392886000.0,0.01361789424922242,605001
2024-03-25,5.63,6.15,5.59,6.0,18294210.0,108195537.0,392886000.0,0.04656365968754295,605001
2024-03-26,6.02,6.3,5.73,5.88,19486910.0,115926157.0,392886000.0,0.04959940033495722,605001
2024-03-27,5.81,5.81,5.52,5.53,11335590.0,64013043.0,392886000.0,0.028852109772300363,605001
2024-03-28,5.48,5.76,5.45,5.68,8375990.0,47344253.0,392886000.0,0.021319135830749885,605001
2024-03-29,6.25,6.25,6.16,6.25,29538109.0,184476832.0,392886000.0,0.07518239132980051,605001
2024-04-01,6.3,6.35,6.02,6.08,35287061.0,215763427.0,392886000.0,0.08981501249726384,605001
2024-04-02,6.03,6.69,5.97,6.33,40891740.0,260279447.0,392886000.0,0.10408042027458347,605001
2024-04-03,6.02,6.14,5.71,6.0,31460430.0,185699375.0,392886000.0,0.08007521265710664,605001
2024-04-08,5.96,5.97,5.68,5.7,15418752.0,89165466.0,392886000.0,0.039244849651043814,605001
2024-04-09,5.72,5.78,5.65,5.76,9432250.0,54090618.0,392886000.0,0.024007600169005768,605001
2024-04-10,5.75,5.78,5.45,5.55,11600410.0,64551584.0,392886000.0,0.029526147533890237,605001
2024-04-11,5.5,5.67,5.48,5.57,6594500.0,36901599.0,392886000.0,0.01678476708256339,605001
2024-04-12,5.62,5.78,5.57,5.63,8037510.0,45605589.0,392886000.0,0.020457613658923963,605001
2024-04-15,5.57,5.63,5.07,5.17,11513782.0,60651521.0,392886000.0,0.029305656093625124,605001
2024-04-16,5.08,5.17,4.65,4.65,10723880.0,51029945.0,392886000.0,0.027295144138503282,605001
2024-04-17,4.65,5.12,4.64,5.12,9049610.0,45329055.0,392886000.0,0.023033678980671237,605001
2024-04-18,5.5,5.63,5.41,5.63,5663890.0,31559418.0,392886000.0,0.014416115616234735,605001
2024-04-19,6.19,6.19,6.19,6.19,5850050.0,36211810.0,392886000.0,0.014889942629668657,605001
2024-04-22,6.81,6.81,6.66,6.81,29328209.0,199400263.0,392886000.0,0.07464813966392286,605001
2024-04-23,6.55,7.38,6.13,6.29,71423013.0,470001693.0,392886000.0,0.18179067973916097,605001
2024-04-24,5.66,6.47,5.66,6.28,55189493.0,332353832.0,392886000.0,0.14047202750925206,605001
2024-04-25,6.11,6.5,5.96,6.06,32331128.0,197019973.0,392886000.0,0.08229137205194383,605001
2024-04-26,6.04,6.11,5.94,6.03,23502120.0,141845294.0,392886000.0,0.059819184190833985,605001
2024-04-29,5.91,5.91,5.66,5.83,25897810.0,149791190.0,392886000.0,0.06591685628910167,605001
2024-04-30,5.82,5.83,5.53,5.64,21897690.0,123400326.0,392886000.0,0.05573548052106718,605001
2024-05-06,5.7,6.02,5.7,5.95,26134280.0,154085510.0,392886000.0,0.06651873571468568,605001
2024-05-07,5.9,6.02,5.9,5.96,16848638.0,100324834.0,392886000.0,0.04288429213563222,605001
2024-05-08,5.94,6.02,5.82,5.93,13628230.0,80779954.0,392886000.0,0.0346874920460388,605001
2024-05-09,5.93,6.07,5.93,6.03,12271820.0,73607030.0,392886000.0,0.03123506564245099,605001
2024-05-10,6.03,6.12,5.95,5.99,12888180.0,77647435.0,392886000.0,0.032803866770513584,605001
2024-05-13,5.91,6.13,5.76,5.96,12068730.0,72044756.0,392886000.0,0.030718147248820268,605001
2024-05-14,5.91,6.0,5.78,5.86,10414580.0,61191455.0,392886000.0,0.026507892874777925,605001
2024-05-15,5.81,5.93,5.76,5.89,10084570.0,59361213.0,392886000.0,0.02566792911938832,605001
2024-05-16,5.85,5.95,5.8,5.83,8780000.0,51561088.0,392886000.0,0.02234744938735409,605001
2024-05-17,5.82,5.87,5.77,5.87,7529450.0,43852650.0,392886000.0,0.01916446501020652,605001
2024-05-20,5.88,5.89,5.77,5.8,6859850.0,39892977.0,392886000.0,0.017460153835972776,605001
2024-05-21,5.77,5.77,5.66,5.69,5564970.0,31754309.0,392886000.0,0.014164337746827325,605001
2024-05-22,5.7,5.8,5.7,5.74,4854400.0,27906744.0,392886000.0,0.012355746959677871,605001
2024-05-23,5.69,5.73,5.59,5.6,5103987.0,28849156.0,392886000.0,0.012991012660160962,605001
2024-05-24,5.6,5.66,5.53,5.54,4351440.0,24305614.0,392886000.0,0.011075579175638735,605001
2024-05-27,5.63,5.63,5.42,5.58,4091030.0,22590327.0,392886000.0,0.010412766044094215,605001
2024-05-28,5.58,5.58,5.5,5.51,3986400.0,22069659.0,392886000.0,0.010146454696782273,605001
2024-05-29,5.52,5.6,5.46,5.52,2972870.0,16444221.0,392886000.0,0.0075667496423899045,605001
2024-05-30,5.51,5.61,5.45,5.54,5078530.0,28097644.0,392886000.0,0.012926217783275556,605001
2024-05-31,5.58,5.69,5.48,5.67,5308030.0,29803078.0,392886000.0,0.013510356693799219,605001
2024-06-03,5.66,5.66,5.3,5.36,7408530.0,40216760.0,392886000.0,0.01885669125395153,605001
2024-06-04,5.34,5.35,5.23,5.31,4079060.0,21518360.0,392886000.0,0.010382299191113963,605001
2024-06-05,5.15,5.15,4.96,4.97,5138620.0,25813404.0,392886000.0,0.013079162912396981,605001
2024-06-06,4.95,4.98,4.67,4.73,5566890.0,26666020.0,392886000.0,0.014169224660588568,605001
2024-06-07,4.78,5.04,4.76,5.03,7144300.0,35216648.0,392886000.0,0.0181841552002362,605001
2024-06-11,5.1,5.1,4.83,4.9,4512551.0,22082224.0,392886000.0,0.011485649781361514,605001
2024-06-12,4.88,5.1,4.85,5.04,5647050.0,28171387.0,392886000.0,0.014373253310120493,605001
2024-06-13,5.0,5.04,4.9,4.92,3896070.0,19284665.0,392886000.0,0.00991654067592126,605001
2024-06-14,4.91,4.95,4.86,4.9,2501130.0,12262491.0,392886000.0,0.006366045112322659,605001
2024-06-17,4.85,4.93,4.81,4.83,2732430.0,13267520.0,392886000.0,0.006954765504497488,605001
2024-06-18,4.83,5.03,4.81,5.03,4274450.0,21112924.0,392886000.0,0.010879619024348029,605001
2024-06-19,5.05,5.07,4.98,5.01,2690921.0,13526674.0,392886000.0,0.006849113992354016,605001
2024-06-20,5.0,5.01,4.89,4.91,3012820.0,14874846.0,392886000.0,0.00766843308236995,605001
2024-06-21,4.9,4.96,4.83,4.91,1834400.0,9012356.0,392886000.0,0.004669038856054937,605001
2024-06-24,4.83,4.86,4.65,4.71,4902260.0,23279076.0,392886000.0,0.012477563466247206,605001
2024-06-25,4.76,4.83,4.73,4.76,3464550.0,16559378.0,392886000.0,0.008818206808081734,605001
2024-06-26,4.76,4.89,4.71,4.88,3462610.0,16703290.0,392886000.0,0.00881326898896881,605001
2024-06-27,4.87,4.92,4.82,4.83,2996400.0,14578496.0,392886000.0,0.00762663978864098,605001
2024-06-28,4.8,4.9,4.8,4.87,3883620.0,18918292.0,392886000.0,0.009884852094500695,605001
2024-07-01,4.86,4.99,4.83,4.89,4001652.0,19567384.0,392886000.0,0.010185275117973153,605001
2024-07-02,4.88,4.96,4.85,4.89,3901740.0,19182009.0,392886000.0,0.009930972343122433,605001
2024-07-03,4.88,4.94,4.83,4.87,3120120.0,15274532.0,392886000.0,0.007941540294131123,605001
2024-07-04,4.92,4.92,4.66,4.69,3222400.0,15324099.0,392886000.0,0.00820187026262071,605001
2024-07-05,4.69,4.78,4.62,4.76,2188800.0,10357325.0,392886000.0,0.00557108168781784,605001
2024-07-08,4.74,4.77,4.41,4.5,7217330.0,32747045.0,392886000.0,0.018370036091894342,605001
2024-07-09,4.51,4.61,4.42,4.6,4137600.0,18779547.0,392886000.0,0.010531299155480216,605001
2024-07-10,5.06,5.06,4.71,4.74,12560708.0,60764541.0,392886000.0,0.03197036290425213,605001
2024-07-11,4.75,4.89,4.73,4.85,9637520.0,46301436.0,392886000.0,0.02453006724596957,605001
2024-07-12,4.82,4.95,4.8,4.83,6486060.0,31521282.0,392886000.0,0.016508758265756478,605001
2024-07-15,4.81,4.95,4.79,4.91,7901120.0,38624109.0,392886000.0,0.02011046461314478,605001
2024-07-16,4.9,5.27,4.85,5.08,10106150.0,51357418.0,392886000.0,0.025722855993850633,605001
2024-07-17,5.01,5.07,4.82,4.83,8043820.0,39306890.0,392886000.0,0.020473674297378883,605001
2024-07-18,4.81,5.31,4.65,5.31,15898048.0,80184137.0,392886000.0,0.04046478622297562,605001
2024-07-19,5.17,5.8,5.08,5.31,28689401.0,153006894.0,392886000.0,0.07302220236913506,605001
2024-07-22,5.25,5.26,5.08,5.1,17502201.0,90035939.0,392886000.0,0.04454778485362166,605001
2024-07-23,5.08,5.19,5.01,5.03,13772600.0,70150296.0,392886000.0,0.03505495232713815,605001
2024-07-24,4.99,5.07,4.89,4.93,10111889.0,50075175.0,392886000.0,0.0257374632845151,605001
2024-07-25,4.9,5.06,4.78,5.02,10579948.0,52686973.0,392886000.0,0.026928798684605713,605001
2024-07-26,4.98,5.06,4.95,4.99,9077440.0,45264189.0,392886000.0,0.023104513777533434,605001
2024-07-29,5.0,5.05,4.98,4.98,7676600.0,38476766.0,392886000.0,0.019539001135189343,605001
2024-07-30,5.01,5.12,4.98,5.06,8986700.0,45366428.0,392886000.0,0.022873556196962987,605001
2024-07-31,5.07,5.18,5.01,5.17,10149897.0,51861101.0,392886000.0,0.025834203814847054,605001
2024-08-01,5.17,5.69,5.17,5.69,31548583.0,176915523.0,392886000.0,0.08029958563043733,605001
2024-08-02,5.52,5.98,5.49,5.51,45264156.0,256357898.0,392886000.0,0.11520938898306379,605001
2024-08-05,5.43,5.51,5.25,5.29,24975975.0,134273466.0,392886000.0,0.06357053954582245,605001
2024-08-06,5.39,5.42,5.19,5.29,16324590.0,85825257.0,392886000.0,0.04155044974878209,605001
2024-08-07,5.28,5.28,5.18,5.22,12008500.0,62822028.0,392886000.0,0.030564845782237088,605001
2024-08-08,5.21,5.21,5.05,5.11,11299138.0,57773578.0,392886000.0,0.028759329678329084,605001
2024-08-09,5.15,5.21,5.08,5.09,8403520.0,43255203.0,392886000.0,0.021389207047336888,605001
2024-08-12,5.08,5.11,4.98,5.04,7583100.0,38168374.0,392886000.0,0.019301018616087108,605001
2024-08-13,5.02,5.09,4.98,5.09,6245200.0,31522632.0,392886000.0,0.01589570511547879,605001
2024-08-14,5.08,5.17,5.07,5.08,7144760.0,36589893.0,392886000.0,0.018185326023324833,605001
2024-08-15,5.05,5.18,4.99,5.11,8477510.0,43140251.0,392886000.0,0.02157753139587565,605001
2024-08-16,5.11,5.18,5.11,5.12,7014430.0,36045367.0,392886000.0,0.017853601299104575,605001
2024-08-19,5.15,5.33,5.15,5.28,13822490.0,72445036.0,392886000.0,0.035181935726902966,605001
2024-08-20,5.27,5.27,5.01,5.04,11779900.0,60407856.0,392886000.0,0.029982997612539006,605001
2024-08-21,5.05,5.08,4.95,5.06,8600480.0,43167407.0,392886000.0,0.021890522950677806,605001
2024-08-22,5.03,5.1,4.97,4.97,6354900.0,32011782.0,392886000.0,0.01617492096944152,605001
2024-08-23,5.0,5.0,4.79,4.83,7542040.0,36714015.0,392886000.0,0.019196509929088845,605001
2024-08-26,4.81,4.89,4.76,4.85,6115113.0,29542983.0,392886000.0,0.01556459889128144,605001
2024-08-27,4.82,4.86,4.75,4.78,4565700.0,21889975.0,392886000.0,0.011620928208182526,605001
2024-08-28,4.79,4.87,4.76,4.82,4228320.0,20370823.0,392886000.0,0.010762205830698982,605001
2024-08-29,4.8,4.92,4.78,4.89,4286600.0,20830558.0,392886000.0,0.0109105440254934,605001
2024-08-30,4.89,5.06,4.89,4.99,6595530.0,32963243.0,392886000.0,0.01678738870817489,605001
2024-09-02,4.96,5.04,4.91,4.92,5289590.0,26281391.0,392886000.0,0.013463421959550607,605001
2024-09-03,4.91,4.97,4.88,4.92,3601080.0,17726444.0,392886000.0,0.009165712191322674,605001
2024-09-04,4.89,4.93,4.83,4.85,3767950.0,18380249.0,392886000.0,0.0095904409930616,605001
2024-09-05,4.85,5.2,4.85,5.07,12884380.0,65316049.0,392886000.0,0.03279419475369445,605001
2024-09-06,5.16,5.19,5.04,5.05,12570460.0,64312875.0,392886000.0,0.03199518435373111,605001
2024-09-09,5.05,5.07,4.88,5.01,5310960.0,26465393.0,392886000.0,0.013517814327820284,605001
2024-09-10,5.04,5.1,4.94,5.03,4954700.0,24790383.0,392886000.0,0.012611037298351176,605001
2024-09-11,5.02,5.03,4.93,4.98,4363350.0,21719127.0,392886000.0,0.011105893312563949,605001
2024-09-12,4.97,5.06,4.97,5.01,4367690.0,21920421.0,392886000.0,0.011116939773878428,605001
2024-09-13,5.02,5.02,4.91,4.93,3922050.0,19476827.0,392886000.0,0.009982666727753088,605001
2024-09-18,4.94,4.96,4.79,4.9,3276130.0,15928771.0,392886000.0,0.008338627489908015,605001
2024-09-19,4.91,5.07,4.89,5.07,4372970.0,21950194.0,392886000.0,0.011130378786721849,605001
2024-09-20,5.07,5.11,5.0,5.03,3295000.0,16662932.0,392886000.0,0.008386656689217738,605001
2024-09-23,5.03,5.08,5.02,5.06,2699820.0,13634937.0,392886000.0,0.006871764328583864,605001
2024-09-24,5.07,5.25,5.06,5.25,7870600.0,40798407.0,392886000.0,0.020032783046481678,605001
2024-09-25,5.31,5.46,5.27,5.36,10738840.0,57643084.0,392886000.0,0.02733322134155964,605001
2024-09-26,5.38,5.46,5.36,5.46,6808060.0,36852822.0,392886000.0,0.017328334427798395,605001
2024-09-27,5.54,5.64,5.46,5.63,8525040.0,47389118.0,392886000.0,0.021698507964142272,605001
2024-09-30,5.79,6.13,5.7,6.08,20359910.0,120427185.0,392886000.0,0.05182141893577272,605001
2024-10-08,6.68,6.69,6.19,6.69,29409739.0,193319008.0,392886000.0,0.07485565533004485,605001
2024-10-09,6.65,6.66,6.11,6.23,19377620.0,124455217.0,392886000.0,0.04932122804070392,605001
2024-10-10,6.31,6.59,6.23,6.41,12964610.0,83333214.0,392886000.0,0.03299840157195726,605001
2024-10-11,6.3,6.36,5.95,6.03,10774190.0,66149055.0,392886000.0,0.02742319655065337,605001
2024-10-14,6.0,6.14,5.95,6.1,8027610.0,48698268.0,392886000.0,0.02043241550984255,605001
2024-10-15,6.09,6.14,6.0,6.02,7063010.0,42824425.0,392886000.0,0.017977250398334376,605001
2024-10-16,5.99,6.09,5.92,6.02,5204110.0,31329277.0,392886000.0,0.013245852486471903,605001
2024-10-17,6.04,6.12,5.89,5.91,7192750.0,43080958.0,392886000.0,0.018307473414680087,605001
2024-10-18,5.9,6.06,5.89,6.0,8364061.0,49945779.0,392886000.0,0.021288773333740577,605001
2024-10-21,6.0,6.09,6.0,6.08,7921640.0,47914566.0,392886000.0,0.02016269350396807,605001
2024-10-22,6.1,6.24,6.05,6.2,7586014.0,46776999.0,392886000.0,0.01930843552582683,605001
2024-10-23,6.2,6.27,6.17,6.22,6850790.0,42555916.0,392886000.0,0.017437093711661907,605001
2024-10-24,6.22,6.28,6.16,6.27,6037050.0,37585030.0,392886000.0,0.015365907667873123,605001
2024-10-25,6.26,6.46,6.25,6.43,7803003.0,49647280.0,392886000.0,0.019860730593607306,605001
2024-10-28,6.38,6.38,6.16,6.34,13081231.0,81846434.0,392886000.0,0.03329523322286872,605001
2024-10-29,6.35,6.45,6.31,6.36,12490761.0,79561483.0,392886000.0,0.0317923290725554,605001
2024-10-30,6.38,6.46,6.34,6.42,12273392.0,78448175.0,392886000.0,0.031239066803093008,605001
2024-10-31,6.38,6.55,6.37,6.51,8489250.0,54906910.0,392886000.0,0.021607412837311588,605001
2024-11-01,6.57,6.6,6.19,6.24,11554360.0,73272493.0,392886000.0,0.029408937961647907,605001
2024-11-04,6.18,6.29,6.14,6.24,6436774.0,39962970.0,392886000.0,0.016383312207612386,605001
2024-11-05,6.2,6.29,6.18,6.28,6924820.0,43256608.0,392886000.0,0.01762551987090403,605001
2024-11-06,6.3,6.31,6.13,6.23,10986920.0,68290178.0,392886000.0,0.02796465132379367,605001
2024-11-07,6.18,6.32,6.15,6.32,7347480.0,46023673.0,392886000.0,0.01870130266794948,605001
2024-11-08,6.34,6.39,6.25,6.3,6722543.0,42350662.0,392886000.0,0.017110670779819082,605001
2024-11-11,6.3,6.93,6.26,6.78,34231939.0,232694195.0,392886000.0,0.08712944467351853,605001
2024-11-12,6.61,6.81,6.53,6.75,29171040.0,193742928.0,392886000.0,0.07424810250301614,605001
2024-11-13,6.65,6.72,6.42,6.55,15007699.0,98206264.0,392886000.0,0.03819860977484563,605001
2024-11-14,6.46,6.54,6.22,6.24,10269284.0,65336186.0,392886000.0,0.02613807567589581,605001
2024-11-15,6.18,6.27,6.01,6.02,8723060.0,53519358.0,392886000.0,0.022202521851122207,605001
2024-11-18,6.1,6.17,5.97,6.03,7476071.0,45315274.0,392886000.0,0.019028601171841197,605001
2024-11-19,6.03,6.12,5.97,6.11,5772165.0,34813246.0,392886000.0,0.014691704463890289,605001
2024-11-20,6.11,6.22,6.05,6.21,5493349.0,33856540.0,392886000.0,0.013982043137195014,605001
2024-11-21,6.22,6.24,6.14,6.21,4442513.0,27505923.0,392886000.0,0.011307384330314646,605001
2024-11-22,6.21,6.24,5.95,5.99,5861157.0,35826879.0,392886000.0,0.014918212916723935,605001
2024-11-25,5.95,6.13,5.95,6.12,4514343.0,27390927.0,392886000.0,0.011490210900872008,605001
2024-11-26,6.16,6.16,6.04,6.07,3149260.0,19227031.0,392886000.0,0.008015709391528332,605001
2024-11-27,6.06,6.15,5.87,6.15,5223230.0,31367617.0,392886000.0,0.013294518002677622,605001
2024-11-28,6.1,6.28,6.1,6.21,6227840.0,38611083.0,392886000.0,0.01585151927022088,605001
2024-11-29,6.21,6.26,6.14,6.22,5160760.0,32081568.0,392886000.0,0.013135515136706322,605001
2024-12-02,6.21,6.35,6.21,6.35,7635626.0,48147017.0,392886000.0,0.019434711341203302,605001
2024-12-03,6.35,6.62,6.32,6.56,16163340.0,104816576.0,392886000.0,0.04114002535086514,605001
2024-12-04,6.55,6.59,6.42,6.49,10985463.0,71397698.0,392886000.0,0.02796094286892381,605001
2024-12-05,6.48,6.62,6.44,6.53,8779390.0,57363806.0,392886000.0,0.022345896774127863,605001
2024-12-06,6.53,6.66,6.45,6.58,17675820.0,116150307.0,392886000.0,0.04498969166628488,605001
2024-12-09,6.57,6.63,6.47,6.56,7037770.0,46174509.0,392886000.0,0.017913007844514692,605001
2024-12-10,6.69,6.75,6.49,6.5,9494660.0,62585768.0,392886000.0,0.024166450318922027,605001
2024-12-11,6.51,6.56,6.47,6.52,7827190.0,50986240.0,392886000.0,0.019922292980661057,605001
2024-12-12,6.53,6.65,6.5,6.64,9905170.0,65200169.0,392886000.0,0.025211308114822112,605001
2024-12-13,6.58,6.65,6.54,6.56,7105140.0,46758747.0,392886000.0,0.018084482521647502,605001
2024-12-16,6.6,7.22,6.6,7.22,35972764.0,257740591.0,392886000.0,0.09156031011540243,605001
2024-12-17,7.51,7.94,7.14,7.51,83637844.0,637581741.0,392886000.0,0.21288069312726848,605001
2024-12-18,6.9,7.6,6.9,7.28,51742673.0,372203291.0,392886000.0,0.1316989482954343,605001
2024-12-19,7.03,7.18,6.8,7.15,35668470.0,249686718.0,392886000.0,0.09078580046120249,605001
2024-12-20,7.06,7.49,7.05,7.16,32018946.0,232069580.0,392886000.0,0.08149678532704144,605001
2024-12-23,7.16,7.88,7.16,7.88,27320205.0,210921915.0,392886000.0,0.06953723217421848,605001
2024-12-24,8.67,8.67,8.67,8.67,9742240.0,84465221.0,392886000.0,0.02479660766736407,605001
2024-12-25,8.8,9.32,8.04,8.1,91158609.0,787490728.0,392886000.0,0.23202305248850813,605001
2024-12-26,7.45,8.5,7.45,8.04,66869057.0,526968631.0,392886000.0,0.17019964315348474,605001
2024-12-27,7.78,7.97,7.45,7.5,50002255.0,382824871.0,392886000.0,0.12726911877745709,605001
2024-12-30,7.43,7.5,6.91,6.95,37947250.0,269823258.0,392886000.0,0.09658590532622695,605001
2024-12-31,6.92,6.95,6.51,6.52,28866691.0,192726042.0,392886000.0,0.07347345285909908,605001
