日期,开盘,最高,最低,收盘,成交量,成交额,outstanding_share,换手率,股票代码
2020-07-28,5.58,6.7,5.58,6.7,229143.0,1531114.0,49580000.0,0.004621682129891085,605188
2020-07-29,7.37,7.37,7.37,7.37,47087.0,347031.0,49580000.0,0.000949717628075837,605188
2020-07-30,8.11,8.11,8.11,8.11,48746.0,395330.0,49580000.0,0.000983178701089149,605188
2020-07-31,8.92,8.92,8.92,8.92,176778.0,1576860.0,49580000.0,0.003565510286405809,605188
2020-08-03,9.81,9.81,9.81,9.81,296071.0,2904457.0,49580000.0,0.005971581282775313,605188
2020-08-04,10.79,10.79,10.79,10.79,195582.0,2110330.0,49580000.0,0.003944776119402985,605188
2020-08-05,11.87,11.87,11.87,11.87,124658.0,1479690.0,49580000.0,0.0025142799515933843,605188
2020-08-06,13.06,13.06,13.06,13.06,224746.0,2935183.0,49580000.0,0.004532997176280759,605188
2020-08-07,14.37,14.37,14.37,14.37,2771565.0,39827389.0,49580000.0,0.055900867285195645,605188
2020-08-10,15.81,15.81,15.81,15.81,2874257.0,45442003.0,49580000.0,0.05797210568777733,605188
2020-08-11,17.39,17.39,16.9,17.39,11605075.0,201678645.0,49580000.0,0.23406766841468335,605188
2020-08-12,17.73,17.73,15.88,16.56,31942820.0,533280998.0,49580000.0,0.6442682533279548,605188
2020-08-13,16.03,16.36,14.9,14.9,23415198.0,361680837.0,49580000.0,0.47227103670835013,605188
2020-08-14,14.51,14.77,14.23,14.37,16066318.0,232170939.0,49580000.0,0.3240483662767245,605188
2020-08-17,14.2,14.68,14.2,14.46,11753097.0,170303723.0,49580000.0,0.23705318676885842,605188
2020-08-18,14.34,14.55,13.9,14.17,15794680.0,223294305.0,49580000.0,0.31856958450988304,605188
2020-08-19,14.12,14.35,13.9,14.21,10076713.0,142593720.0,49580000.0,0.2032414885034288,605188
2020-08-20,14.1,14.1,13.63,13.72,8608084.0,119037200.0,49580000.0,0.1736200887454619,605188
2020-08-21,13.78,13.96,13.69,13.71,6545211.0,90312070.0,49580000.0,0.1320131302944736,605188
2020-08-24,13.65,13.83,13.42,13.6,5597711.0,75993309.0,49580000.0,0.11290260185558693,605188
2020-08-25,13.7,14.21,13.56,14.03,10840264.0,151035671.0,49580000.0,0.21864187172246874,605188
2020-08-26,14.15,14.16,13.55,13.7,7698617.0,106553873.0,49580000.0,0.15527666397741025,605188
2020-08-27,13.79,14.02,13.7,13.86,5659181.0,78341954.0,49580000.0,0.11414241629689391,605188
2020-08-28,13.79,13.79,13.36,13.52,7095221.0,96033428.0,49580000.0,0.1431065147236789,605188
2020-08-31,13.52,13.61,13.37,13.4,4730066.0,63761669.0,49580000.0,0.09540270270270271,605188
2020-09-01,13.36,13.47,13.26,13.38,3803627.0,50750641.0,49580000.0,0.07671696248487293,605188
2020-09-02,13.38,13.43,13.0,13.03,5677211.0,74724768.0,49580000.0,0.1145060709963695,605188
2020-09-03,12.98,13.17,12.74,12.78,4393292.0,56872048.0,49580000.0,0.08861016538926987,605188
2020-09-04,12.65,12.81,12.6,12.78,2679119.0,34025012.0,49580000.0,0.05403628479225494,605188
2020-09-07,12.67,12.85,12.6,12.62,2985200.0,37985120.0,49580000.0,0.06020976200080678,605188
2020-09-08,12.62,12.66,12.3,12.38,3715379.0,46222754.0,49580000.0,0.07493705123033481,605188
2020-09-09,12.29,12.3,11.91,11.92,3746748.0,45284725.0,49580000.0,0.07556974586526825,605188
2020-09-10,12.05,12.13,11.73,11.78,3118824.0,37372867.0,49580000.0,0.0629048810004034,605188
2020-09-11,11.7,12.09,11.53,11.96,2628427.0,30992098.0,49580000.0,0.05301385639370714,605188
2020-09-14,12.0,12.36,11.95,12.31,3224489.0,39392936.0,49580000.0,0.0650360830980234,605188
2020-09-15,12.33,12.42,12.2,12.37,2046909.0,25212323.0,49580000.0,0.0412849737797499,605188
2020-09-16,12.42,12.63,12.28,12.44,3530039.0,44053669.0,49580000.0,0.07119885034288019,605188
2020-09-17,12.36,12.58,12.19,12.53,3112352.0,38508968.0,49580000.0,0.06277434449374748,605188
2020-09-18,12.4,12.79,12.39,12.52,2958078.0,37252161.0,49580000.0,0.05966272690601049,605188
2020-09-21,12.54,12.54,12.3,12.3,1925140.0,23861513.0,49580000.0,0.03882896329164986,605188
2020-09-22,12.28,12.66,12.15,12.35,2534193.0,31425200.0,49580000.0,0.051113210972166194,605188
2020-09-23,12.42,12.91,12.42,12.65,5643303.0,71945490.0,49580000.0,0.11382216619604679,605188
2020-09-24,12.54,12.58,12.17,12.21,3943409.0,48745362.0,49580000.0,0.07953628479225494,605188
2020-09-25,12.36,12.65,11.93,11.98,3470100.0,42476749.0,49580000.0,0.06998991528842276,605188
2020-09-28,11.95,12.08,11.46,11.46,3350374.0,39188194.0,49580000.0,0.06757511093182735,605188
2020-09-29,11.45,11.63,11.4,11.63,1673183.0,19269095.0,49580000.0,0.03374713594191206,605188
2020-09-30,11.57,11.75,11.5,11.59,1698010.0,19766083.0,49580000.0,0.03424788221056878,605188
2020-10-09,11.68,11.88,11.61,11.83,1701004.0,20017191.0,49580000.0,0.03430826946349334,605188
2020-10-12,11.84,12.31,11.81,12.28,2902864.0,35161882.0,49580000.0,0.058549092375958046,605188
2020-10-13,12.21,12.27,12.12,12.26,1729043.0,21075927.0,49580000.0,0.03487379991932231,605188
2020-10-14,12.14,12.4,12.13,12.23,1397409.0,17089922.0,49580000.0,0.02818493344090359,605188
2020-10-15,12.27,12.39,11.85,11.9,1871538.0,22580543.0,49580000.0,0.03774784187172247,605188
2020-10-16,11.99,12.0,11.82,11.87,896330.0,10661466.0,49580000.0,0.018078459056070997,605188
2020-10-19,11.97,11.98,11.69,11.71,1397984.0,16498243.0,49580000.0,0.028196530859217427,605188
2020-10-20,11.79,11.89,11.68,11.87,1122391.0,13239315.0,49580000.0,0.02263797902379992,605188
2020-10-21,11.86,12.01,11.76,11.96,1428718.0,17021526.0,49580000.0,0.028816417910447763,605188
2020-10-22,11.95,11.99,11.7,11.88,1719712.0,20375529.0,49580000.0,0.03468559903186769,605188
2020-10-23,12.0,12.46,11.85,11.95,5550432.0,67352378.0,49580000.0,0.11194901169826543,605188
2020-10-26,11.95,11.95,11.51,11.69,4157500.0,48494721.0,49580000.0,0.08385437676482453,605188
2020-10-27,11.57,11.79,11.56,11.65,1741488.0,20286312.0,49580000.0,0.03512480839048003,605188
2020-10-28,11.61,11.74,11.51,11.52,2068868.0,23977715.0,49580000.0,0.04172787414279951,605188
2020-10-29,11.45,11.5,11.3,11.33,2267009.0,25797535.0,49580000.0,0.045724263816054864,605188
2020-10-30,11.32,11.37,10.77,10.8,2726047.0,30309849.0,49580000.0,0.054982795482049214,605188
2020-11-02,10.87,10.89,10.69,10.79,1569054.0,16905028.0,49580000.0,0.031646914078257364,605188
2020-11-03,10.74,11.87,10.74,11.48,9754733.0,113053535.0,49580000.0,0.1967473376361436,605188
2020-11-04,11.39,11.56,11.1,11.1,7527682.0,84566099.0,49580000.0,0.15182900363049617,605188
2020-11-05,11.23,11.46,11.14,11.28,3324893.0,37599953.0,49580000.0,0.06706117386042759,605188
2020-11-06,11.27,11.55,11.2,11.39,3202088.0,36433499.0,49580000.0,0.0645842678499395,605188
2020-11-09,11.55,11.6,11.4,11.46,2903891.0,33379899.0,49580000.0,0.05856980637353772,605188
2020-11-10,11.47,11.72,11.4,11.6,3544028.0,40860466.0,49580000.0,0.07148100040338846,605188
2020-11-11,11.6,11.97,11.33,11.89,6998481.0,82392971.0,49580000.0,0.14115532472771278,605188
2020-11-12,11.87,11.97,11.65,11.77,2984558.0,35099259.0,49580000.0,0.06019681323114159,605188
2020-11-13,11.85,11.94,11.6,11.83,2583849.0,30466652.0,49580000.0,0.052114743848325935,605188
2020-11-16,11.82,12.04,11.78,12.02,3764927.0,44940329.0,49580000.0,0.07593640580879386,605188
2020-11-17,11.94,12.12,11.7,11.83,3390200.0,40322729.0,49580000.0,0.06837837837837837,605188
2020-11-18,11.89,11.97,11.76,11.93,2388100.0,28346536.0,49580000.0,0.048166599435256155,605188
2020-11-19,11.92,12.06,11.84,11.99,2184649.0,26146070.0,49580000.0,0.044063110125050424,605188
2020-11-20,11.95,11.99,11.76,11.83,2028537.0,24065538.0,49580000.0,0.040914421137555466,605188
2020-11-23,11.83,11.83,11.66,11.71,2072189.0,24287367.0,49580000.0,0.0417948567970956,605188
2020-11-24,11.71,11.73,11.61,11.64,1010803.0,11773558.0,49580000.0,0.02038731343283582,605188
2020-11-25,11.69,11.74,11.36,11.44,1820712.0,21053931.0,49580000.0,0.03672271077047196,605188
2020-11-26,11.5,11.55,11.22,11.29,2144217.0,24314100.0,49580000.0,0.04324762000806777,605188
2020-11-27,11.38,11.41,11.17,11.3,1991895.0,22448161.0,49580000.0,0.04017537313432836,605188
2020-11-30,11.35,11.54,11.23,11.37,2316192.0,26406315.0,49580000.0,0.04671625655506253,605188
2020-12-01,11.35,12.08,11.35,12.05,7266492.0,85891853.0,49580000.0,0.14656095199677288,605188
2020-12-02,11.93,12.26,11.85,11.99,5920911.0,71423765.0,49580000.0,0.11942135941912062,605188
2020-12-03,12.07,12.32,11.92,12.25,5684103.0,69256232.0,49580000.0,0.1146450786607503,605188
2020-12-04,12.16,12.2,11.88,11.91,3346190.0,40201758.0,49580000.0,0.06749072206534894,605188
2020-12-07,11.8,12.39,11.8,12.39,6418130.0,78536540.0,49580000.0,0.12944997983057685,605188
2020-12-08,12.18,12.24,11.98,12.08,4594400.0,55602413.0,49580000.0,0.0926663977410246,605188
2020-12-09,11.99,12.29,11.93,12.13,3478621.0,42155861.0,49580000.0,0.07016177894312223,605188
2020-12-10,12.01,12.1,11.43,11.52,5343800.0,62643797.0,49580000.0,0.10778136345300525,605188
2020-12-11,11.53,11.72,11.02,11.09,3817803.0,43102125.0,49580000.0,0.07700288422751109,605188
2020-12-14,11.02,11.22,10.91,11.17,1787889.0,19785448.0,49580000.0,0.036060689794271884,605188
2020-12-15,11.11,11.31,11.02,11.19,1470000.0,16421370.0,49580000.0,0.02964905203711174,605188
2020-12-16,11.15,11.17,10.82,10.84,1948467.0,21380076.0,49580000.0,0.03929945542557483,605188
2020-12-17,10.78,10.92,9.88,10.85,2360491.0,25279821.0,49580000.0,0.047609741831383626,605188
2020-12-18,10.84,10.84,10.38,10.41,2292302.0,24195395.0,49580000.0,0.04623440903590157,605188
2020-12-21,10.4,10.45,10.3,10.3,1631900.0,16910937.0,49580000.0,0.03291448164582493,605188
2020-12-22,10.37,10.38,10.04,10.07,1565200.0,15973364.0,49580000.0,0.031569181121419924,605188
2020-12-23,10.11,10.19,10.0,10.03,1186967.0,11962819.0,49580000.0,0.023940439693424766,605188
2020-12-24,10.08,10.08,9.71,9.8,2215350.0,21845698.0,49580000.0,0.04468233158531666,605188
2020-12-25,9.82,10.46,9.72,10.21,2834537.0,28801273.0,49580000.0,0.05717097620008068,605188
2020-12-28,10.1,10.2,9.78,9.81,2054940.0,20415399.0,49580000.0,0.04144695441710367,605188
2020-12-29,9.8,10.05,9.73,9.81,1314200.0,12961105.0,49580000.0,0.026506655909640985,605188
2020-12-30,9.86,10.07,9.78,9.97,1411276.0,13986356.0,49580000.0,0.02846462283178701,605188
2020-12-31,9.96,10.08,9.93,9.97,1037403.0,10374715.0,49580000.0,0.02092382008874546,605188
2021-01-04,9.97,10.11,9.9,9.96,1775503.0,17715023.0,49580000.0,0.03581087131908028,605188
2021-01-05,9.95,9.98,9.81,9.82,1411003.0,13924580.0,49580000.0,0.028459116579265833,605188
2021-01-06,9.85,9.88,9.54,9.55,1990806.0,19211530.0,49580000.0,0.04015340863251311,605188
2021-01-07,9.55,9.55,8.98,9.05,3201100.0,29348116.0,49580000.0,0.06456434045986285,605188
2021-01-08,9.0,9.22,8.76,8.88,2307506.0,20680097.0,49580000.0,0.046541064945542554,605188
2021-01-11,8.88,8.91,8.44,8.58,2634174.0,22721339.0,49580000.0,0.05312977006857604,605188
2021-01-12,8.58,8.8,8.5,8.58,1550589.0,13385159.0,49580000.0,0.03127448567970956,605188
2021-01-13,8.56,8.56,8.28,8.31,2023738.0,16951676.0,49580000.0,0.04081762807583703,605188
2021-01-14,8.34,8.53,8.27,8.32,2338003.0,19605232.0,49580000.0,0.04715617184348528,605188
2021-01-15,8.29,8.79,8.29,8.77,3928806.0,33877667.0,49580000.0,0.07924175070592981,605188
2021-01-18,8.67,9.0,8.66,8.82,2268904.0,20081396.0,49580000.0,0.045762484872932635,605188
2021-01-19,8.9,8.94,8.8,8.89,1043196.0,9257584.0,49580000.0,0.021040661557079468,605188
2021-01-20,8.89,9.4,8.83,9.19,5264829.0,48314907.0,49580000.0,0.1061885639370714,605188
2021-01-21,9.06,9.27,8.98,9.01,3065400.0,27941301.0,49580000.0,0.0618273497377975,605188
2021-01-22,9.0,9.91,8.98,9.91,9208978.0,89063966.0,49580000.0,0.18573977410246068,605188
2021-01-25,10.1,10.63,9.36,9.7,12944160.0,129416213.0,49580000.0,0.261076240419524,605188
2021-01-26,9.58,10.06,9.1,9.7,8655082.0,82276389.0,49580000.0,0.17456801129487698,605188
2021-01-27,9.7,9.71,9.12,9.36,6375662.0,59749147.0,49580000.0,0.12859342476805163,605188
2021-01-28,9.3,9.46,8.98,8.99,5321948.0,48708681.0,49580000.0,0.10734062121823316,605188
2021-01-29,9.11,9.11,8.75,8.8,4106115.0,36510783.0,49580000.0,0.08281797095603066,605188
2021-02-01,8.8,9.14,8.78,9.05,3043378.0,27309895.0,49580000.0,0.06138317870108915,605188
2021-02-02,9.06,9.11,8.88,8.96,2087203.0,18757016.0,49580000.0,0.042097680516337235,605188
2021-02-03,8.82,9.01,8.73,8.95,2968900.0,26316205.0,49580000.0,0.059881000403388465,605188
2021-02-04,8.95,8.95,8.7,8.72,2219503.0,19524157.0,49580000.0,0.04476609519967729,605188
2021-02-05,8.8,9.12,8.7,8.89,3698395.0,33185441.0,49580000.0,0.07459449374747883,605188
2021-02-08,8.99,9.16,8.73,8.81,3130103.0,27845764.0,49580000.0,0.06313237192416297,605188
2021-02-09,8.71,8.8,8.63,8.72,2379187.0,20702711.0,49580000.0,0.04798682936668011,605188
2021-02-10,8.71,8.82,8.62,8.62,2010481.0,17457661.0,49580000.0,0.04055024203307785,605188
2021-02-18,8.64,8.98,8.64,8.87,2286592.0,20202185.0,49580000.0,0.04611924162968939,605188
2021-02-19,8.86,9.14,8.78,9.14,3188889.0,28770841.0,49580000.0,0.06431805163372327,605188
2021-02-22,9.14,9.36,9.1,9.13,3437500.0,31674106.0,49580000.0,0.06933239209358612,605188
2021-02-23,9.01,9.12,8.93,9.06,2137756.0,19272759.0,49580000.0,0.04311730536506656,605188
2021-02-24,9.06,9.21,9.01,9.07,1720800.0,15669034.0,49580000.0,0.03470754336425978,605188
2021-02-25,9.07,9.2,8.81,8.83,2346400.0,20988637.0,49580000.0,0.04732553448971359,605188
2021-02-26,8.75,8.91,8.65,8.85,1251500.0,11041594.0,49580000.0,0.025242033077853974,605188
2021-03-01,8.87,9.17,8.87,9.14,2492900.0,22605511.0,49580000.0,0.05028035498184752,605188
2021-03-02,9.17,9.29,9.01,9.05,2191103.0,20046378.0,49580000.0,0.04419328358208955,605188
2021-03-03,9.03,9.15,9.03,9.11,1425700.0,12970935.0,49580000.0,0.028755546591367486,605188
2021-03-04,9.11,9.22,8.98,9.03,1712500.0,15578396.0,49580000.0,0.03454013715207745,605188
2021-03-05,8.96,9.13,8.95,9.1,1764189.0,15979787.0,49580000.0,0.035582674465510285,605188
2021-03-08,9.15,9.24,9.05,9.1,1719400.0,15703138.0,49580000.0,0.034679306171843484,605188
2021-03-09,9.11,9.13,8.75,8.83,1834700.0,16333015.0,49580000.0,0.03700484066155708,605188
2021-03-10,8.84,8.9,8.66,8.76,2091200.0,18331356.0,49580000.0,0.04217829770068576,605188
2021-03-11,8.76,9.02,8.73,8.85,2015200.0,17877797.0,49580000.0,0.04064542154094393,605188
2021-03-12,8.83,8.87,8.73,8.75,1437400.0,12631895.0,49580000.0,0.02899152884227511,605188
2021-03-15,8.72,8.82,8.69,8.7,1042292.0,9106886.0,49580000.0,0.0210224283985478,605188
2021-03-16,8.76,8.93,8.72,8.87,2439508.0,21596745.0,49580000.0,0.04920346914078257,605188
2021-03-17,8.89,9.0,8.82,8.94,1954525.0,17457739.0,49580000.0,0.03942164179104478,605188
2021-03-18,9.0,9.1,8.95,9.01,2132400.0,19200464.0,49580000.0,0.04300927793465107,605188
2021-03-19,8.93,9.43,8.93,9.21,5280600.0,48714547.0,49580000.0,0.10650665590964098,605188
2021-03-22,9.24,9.57,9.24,9.43,4052200.0,38125051.0,49580000.0,0.0817305365066559,605188
2021-03-23,9.38,9.44,9.08,9.12,3251100.0,30002193.0,49580000.0,0.06557281161758774,605188
2021-03-24,9.11,9.24,9.06,9.17,2315678.0,21196881.0,49580000.0,0.04670588947156111,605188
2021-03-25,9.2,9.42,9.17,9.24,3070900.0,28512308.0,49580000.0,0.06193828156514724,605188
2021-03-26,9.12,9.73,9.11,9.56,5682715.0,53800797.0,49580000.0,0.11461708350141186,605188
2021-03-29,9.47,9.88,9.28,9.85,6706300.0,64276309.0,49580000.0,0.13526220250100848,605188
2021-03-30,9.72,9.8,9.39,9.58,6600800.0,63012250.0,49580000.0,0.13313432835820896,605188
2021-03-31,9.85,10.54,9.83,10.54,4214600.0,43608784.0,49580000.0,0.08500605082694634,605188
2021-04-01,10.7,11.26,9.88,9.92,13753534.0,143377618.0,49580000.0,0.2774008471157725,605188
2021-04-02,9.67,10.07,9.54,9.74,8157228.0,79579538.0,49580000.0,0.16452658329971762,605188
2021-04-06,9.68,10.18,9.68,9.96,5824265.0,58058421.0,49580000.0,0.11747206534893102,605188
2021-04-07,10.05,10.96,9.88,10.96,8360201.0,87425933.0,49580000.0,0.16862043162565551,605188
2021-04-08,11.29,11.62,10.44,10.54,14339477.0,156946627.0,49580000.0,0.2892189794271884,605188
2021-04-09,10.65,11.59,10.51,11.59,11169217.0,125620576.0,49580000.0,0.22527666397741025,605188
2021-04-12,12.75,12.75,12.75,12.75,4808846.0,61312787.0,49580000.0,0.09699164985881403,605188
2021-04-13,13.13,14.03,12.61,14.03,32805319.0,445890237.0,49580000.0,0.661664360629286,605188
2021-04-14,13.8,15.43,12.65,13.55,41670878.0,597178906.0,49580000.0,0.8404775716014522,605188
2021-04-15,12.2,12.4,12.2,12.2,12375178.0,151034875.0,49580000.0,0.24960020169423155,605188
2021-04-16,11.26,11.55,10.98,10.98,28549668.0,317457927.0,49580000.0,0.5758303348124244,605188
2021-04-19,10.78,11.0,10.68,10.85,16565256.0,179210753.0,49580000.0,0.3341116579265833,605188
2021-04-20,10.76,10.96,10.54,10.63,14242661.0,153262138.0,49580000.0,0.28726625655506255,605188
2021-04-21,10.54,10.83,10.46,10.57,10336836.0,110029550.0,49580000.0,0.20848801936264622,605188
2021-04-22,10.56,10.61,10.29,10.37,9353821.0,97210007.0,49580000.0,0.1886611738604276,605188
2021-04-23,10.32,10.37,9.85,9.96,8897615.0,89378329.0,49580000.0,0.17945976200080677,605188
2021-04-26,9.94,10.02,9.79,9.84,4820700.0,47796319.0,49580000.0,0.09723073820088746,605188
2021-04-27,9.81,9.93,9.78,9.87,4240849.0,41734704.0,49580000.0,0.08553547801532876,605188
2021-04-28,9.81,9.84,9.55,9.63,4698300.0,45328103.0,49580000.0,0.09476200080677692,605188
2021-04-29,9.63,9.7,9.48,9.5,3990700.0,38312526.0,49580000.0,0.08049011698265429,605188
2021-04-30,9.5,9.51,9.18,9.35,4907988.0,45741275.0,49580000.0,0.09899128680919726,605188
2021-05-06,9.37,9.48,9.32,9.35,2848403.0,26763414.0,49580000.0,0.05745064542154094,605188
2021-05-07,9.4,9.44,9.22,9.27,2804713.0,26146506.0,49580000.0,0.056569443323920936,605188
2021-05-10,9.33,9.33,9.17,9.3,2950278.0,27275639.0,49580000.0,0.05950540540540541,605188
2021-05-11,9.29,9.43,9.23,9.41,3292600.0,30830258.0,49580000.0,0.06640984267849939,605188
2021-05-12,9.65,9.96,9.52,9.59,8539591.0,83036268.0,49580000.0,0.17223862444534085,605188
2021-05-13,9.46,9.48,9.28,9.31,4817303.0,45162453.0,49580000.0,0.09716222267043162,605188
2021-05-14,9.31,9.39,9.28,9.31,3005803.0,28058731.0,49580000.0,0.06062531262605889,605188
2021-05-17,9.31,9.34,8.96,8.98,4399700.0,39802013.0,49580000.0,0.08873941105284389,605188
2021-05-18,8.98,9.19,8.93,9.17,2648200.0,24038678.0,49580000.0,0.053412666397741025,605188
2021-05-19,9.17,9.2,9.02,9.07,2450500.0,22287600.0,49580000.0,0.04942517144009681,605188
2021-05-20,9.03,9.29,8.98,9.21,3708200.0,33854568.0,49580000.0,0.07479225494150868,605188
2021-05-21,9.26,9.43,9.16,9.18,4361487.0,40489376.0,49580000.0,0.08796867688584106,605188
2021-05-24,9.18,9.19,9.09,9.14,2250145.0,20548694.0,49580000.0,0.04538412666397741,605188
2021-05-25,9.16,9.3,9.01,9.29,3010000.0,27660193.0,49580000.0,0.060709963695038324,605188
2021-05-26,9.25,9.6,9.25,9.45,5523711.0,52181580.0,49580000.0,0.11141006454215409,605188
2021-05-27,9.45,9.89,9.45,9.7,8174406.0,79183682.0,49580000.0,0.1648730536506656,605188
2021-05-28,9.74,9.97,9.54,9.6,6138769.0,59708374.0,49580000.0,0.1238154296087132,605188
2021-05-31,9.57,9.71,9.42,9.62,3845080.0,36831806.0,49580000.0,0.07755304558289633,605188
2021-06-01,9.68,9.8,9.5,9.8,5192020.0,50134105.0,49580000.0,0.10472004840661557,605188
2021-06-02,9.86,10.14,9.65,9.79,6942999.0,68594611.0,49580000.0,0.14003628479225494,605188
2021-06-03,9.68,10.09,9.63,10.05,9359189.0,92956352.0,49580000.0,0.18876944332392093,605188
2021-06-04,10.02,10.02,9.69,9.78,5949800.0,58403157.0,49580000.0,0.1200040338846309,605188
2021-06-07,9.77,9.83,9.54,9.59,3874400.0,37283497.0,49580000.0,0.0781444130697862,605188
2021-06-08,9.64,9.64,9.47,9.49,2468924.0,23477300.0,49580000.0,0.04979677289229528,605188
2021-06-09,9.49,9.57,9.36,9.4,2614700.0,24762642.0,49580000.0,0.05273699072206535,605188
2021-06-10,9.39,9.39,9.24,9.24,3058803.0,28428848.0,49580000.0,0.06169429205324728,605188
2021-06-11,9.27,9.38,9.19,9.2,2869403.0,26668701.0,49580000.0,0.0578742033077854,605188
2021-06-15,9.22,9.27,9.05,9.08,2271000.0,20722320.0,49580000.0,0.04580475998386446,605188
2021-06-16,9.1,9.14,9.05,9.11,1385878.0,12604022.0,49580000.0,0.027952359822509078,605188
2021-06-17,9.16,9.2,9.11,9.16,1324489.0,12122623.0,49580000.0,0.02671417910447761,605188
2021-06-18,9.2,9.2,9.11,9.15,1355886.0,12393168.0,49580000.0,0.02734743848325938,605188
2021-06-21,9.11,9.18,9.06,9.16,1251499.0,11417619.0,49580000.0,0.025242012908430818,605188
2021-06-22,9.18,9.28,9.14,9.27,1966278.0,18120673.0,49580000.0,0.03965869302137959,605188
2021-06-23,9.28,9.39,9.19,9.3,2384410.0,22164618.0,49580000.0,0.048092174263816054,605188
2021-06-24,9.22,9.35,9.16,9.17,2108810.0,19470481.0,49580000.0,0.042533481242436465,605188
2021-06-25,9.38,9.75,9.36,9.36,6001389.0,56980092.0,49580000.0,0.12104455425574828,605188
2021-06-28,9.1,9.29,9.01,9.11,3799884.0,34448301.0,49580000.0,0.07664146833400565,605188
2021-06-29,9.07,9.1,8.91,8.92,2470900.0,22197852.0,49580000.0,0.04983662767244857,605188
2021-06-30,8.9,8.95,8.86,8.89,1479689.0,13155588.0,49580000.0,0.02984447357805567,605188
2021-07-01,8.9,8.95,8.87,8.88,1263980.0,11243915.0,49580000.0,0.025493747478822104,605188
2021-07-02,8.88,8.9,8.67,8.69,2073700.0,18104394.0,49580000.0,0.04182533279548205,605188
2021-07-05,8.66,8.79,8.62,8.79,1080800.0,9419454.0,49580000.0,0.0217991125453812,605188
2021-07-06,8.75,8.93,8.74,8.86,1157381.0,10215218.0,49580000.0,0.023343707139975797,605188
2021-07-07,8.84,8.88,8.77,8.87,1181500.0,10429769.0,49580000.0,0.02383017345703913,605188
2021-07-08,8.9,8.9,8.7,8.71,1247000.0,10920101.0,49580000.0,0.025151270673658733,605188
2021-07-09,8.71,8.78,8.68,8.76,1017779.0,8884374.0,49580000.0,0.020528015328761598,605188
2021-07-12,8.76,8.79,8.72,8.73,1142100.0,10000427.0,49580000.0,0.023035498184751917,605188
2021-07-13,8.75,8.76,8.68,8.71,999600.0,8696613.0,49580000.0,0.02016135538523598,605188
2021-07-14,8.68,8.72,8.64,8.69,986500.0,8544859.0,49580000.0,0.019897135941912062,605188
2021-07-15,8.69,8.69,8.4,8.42,2160200.0,18344764.0,49580000.0,0.04356998789834611,605188
2021-07-16,8.43,8.46,8.35,8.35,1026620.0,8620507.0,49580000.0,0.02070633319887051,605188
2021-07-19,8.34,8.4,8.18,8.19,1168000.0,9619068.0,49580000.0,0.02355788624445341,605188
2021-07-20,8.15,8.35,8.12,8.27,994415.0,8199054.0,49580000.0,0.020056776926179912,605188
2021-07-21,8.27,8.38,8.26,8.32,1000315.0,8330768.0,49580000.0,0.02017577652279145,605188
2021-07-22,8.32,8.35,8.25,8.26,674500.0,5586851.0,49580000.0,0.013604275917708753,605188
2021-07-23,8.36,8.36,8.15,8.15,1380900.0,11307131.0,49580000.0,0.027851956434045987,605188
2021-07-26,8.16,8.16,7.96,7.99,1215800.0,9767112.0,49580000.0,0.024521984671238402,605188
2021-07-27,8.04,8.12,7.94,7.99,1075300.0,8614696.0,49580000.0,0.021688180718031465,605188
2021-07-28,8.0,8.04,7.59,7.61,2356500.0,18197568.0,60379997.99999999,0.03902782507544966,605188
2021-07-29,7.68,7.77,7.6,7.71,1192800.0,9172370.0,60379997.99999999,0.01975488637810157,605188
2021-07-30,7.7,7.76,7.65,7.71,881400.0,6794910.0,60379997.99999999,0.014597549340760166,605188
2021-08-02,7.71,7.89,7.62,7.88,1546801.0,12013584.0,60379997.99999999,0.02561777163357972,605188
2021-08-03,7.86,7.94,7.82,7.84,1090300.0,8597756.0,60379997.99999999,0.018057304341083286,605188
2021-08-04,7.86,7.88,7.77,7.8,1064400.0,8311729.0,60379997.99999999,0.017628354343436715,605188
2021-08-05,7.84,7.89,7.76,7.8,890200.0,6959887.0,60379997.99999999,0.014743292969304175,605188
2021-08-06,7.84,8.05,7.75,7.88,2093400.0,16525766.0,60379997.99999999,0.03467042181750321,605188
2021-08-09,7.91,7.99,7.82,7.98,2080900.0,16461622.0,60379997.99999999,0.03446339961786683,605188
2021-08-10,7.99,8.1,7.93,8.05,1800003.0,14442774.0,60379997.99999999,0.0298112464329661,605188
2021-08-11,8.13,8.19,8.04,8.14,1651300.0,13387136.0,60379997.99999999,0.027348460660763855,605188
2021-08-12,8.12,8.18,8.04,8.08,1578296.0,12773096.0,60379997.99999999,0.026139384767783533,605188
2021-08-13,8.04,8.09,8.0,8.03,1177200.0,9457931.0,60379997.99999999,0.019496522672955374,605188
2021-08-16,8.05,8.13,8.03,8.07,1291600.0,10428414.0,60379997.99999999,0.02139118984402749,605188
2021-08-17,8.07,8.13,7.83,7.86,1793300.0,14356211.0,60379997.99999999,0.029700232848633087,605188
2021-08-18,7.84,8.05,7.83,8.03,1709600.0,13589575.0,60379997.99999999,0.028314012199867913,605188
2021-08-19,8.0,8.05,7.87,7.89,1289600.0,10235497.0,60379997.99999999,0.02135806629208567,605188
2021-08-20,7.9,7.9,7.69,7.75,1573000.0,12213014.0,60379997.99999999,0.026051673602241594,605188
2021-08-23,7.76,7.96,7.75,7.93,1426403.0,11266010.0,60379997.99999999,0.023623766930234085,605188
2021-08-24,7.93,8.01,7.9,7.97,1241600.0,9861690.0,60379997.99999999,0.020563101045481987,605188
2021-08-25,8.0,8.04,7.93,8.01,1233400.0,9868274.0,60379997.99999999,0.020427294482520522,605188
2021-08-26,8.01,8.03,7.91,7.93,1185600.0,9438261.0,60379997.99999999,0.01963564159111102,605188
2021-08-27,7.88,8.02,7.76,7.78,1677498.0,13157608.0,60379997.99999999,0.027782346067649757,605188
2021-08-30,7.8,7.84,7.73,7.75,1390400.0,10793194.0,60379997.99999999,0.02302749330995341,605188
2021-08-31,7.75,7.82,7.68,7.81,1111300.0,8611909.0,60379997.99999999,0.0184051016364724,605188
2021-09-01,7.86,7.91,7.75,7.89,1708500.0,13389084.0,60379997.99999999,0.028295794246299914,605188
2021-09-02,7.89,8.01,7.86,7.99,1573000.0,12496456.0,60379997.99999999,0.026051673602241594,605188
2021-09-03,7.99,8.09,7.98,8.06,1347946.0,10838846.0,60379997.99999999,0.022324379672884392,605188
2021-09-06,8.06,8.11,8.01,8.09,991000.0,7994376.0,60379997.99999999,0.016412719987171913,605188
2021-09-07,8.07,8.15,8.05,8.06,1263700.0,10220524.0,60379997.99999999,0.0209291162944391,605188
2021-09-08,8.09,8.15,8.05,8.09,1374326.0,11130410.0,60379997.99999999,0.022761279322997,605188
2021-09-09,8.07,8.13,8.04,8.09,943937.0,7628213.0,60379997.99999999,0.01563327312465297,605188
2021-09-10,8.1,8.16,8.0,8.06,1432377.0,11575330.0,60379997.99999999,0.023722706979884302,605188
2021-09-13,8.08,8.14,8.01,8.11,1205092.0,9739525.0,60379997.99999999,0.019958463728336,605188
2021-09-14,8.12,8.13,7.99,8.01,1214600.0,9779114.0,60379997.99999999,0.020115933094267412,605188
2021-09-15,8.0,8.07,7.96,8.06,1033900.0,8269417.0,60379997.99999999,0.017123220176323957,605188
2021-09-16,8.05,8.14,7.96,7.96,1287100.0,10342461.0,60379997.99999999,0.021316661852158393,605188
2021-09-17,7.97,7.99,7.75,7.85,1756724.0,13808122.0,60379997.99999999,0.02909446933072108,605188
2021-09-22,7.83,7.86,7.75,7.84,1053000.0,8211261.0,60379997.99999999,0.01743955009736834,605188
2021-09-23,7.87,7.92,7.79,7.88,855800.0,6736017.0,60379997.99999999,0.014173567875904867,605188
2021-09-24,7.9,7.9,7.74,7.76,1203400.0,9367920.0,60379997.99999999,0.01993044120339322,605188
2021-09-27,7.75,7.8,7.53,7.6,1378600.0,10537895.0,60379997.99999999,0.02283206435349667,605188
2021-09-28,7.58,7.64,7.56,7.64,764024.0,5804968.0,60379997.99999999,0.012653594324398621,605188
2021-09-29,7.6,7.6,7.41,7.41,1001100.0,7496759.0,60379997.99999999,0.016579993924478106,605188
2021-09-30,7.41,7.56,7.41,7.53,722500.0,5416512.0,60379997.99999999,0.01196588313898255,605188
2021-10-08,7.59,7.7,7.54,7.7,1074877.0,8223000.0,60379997.99999999,0.017801872070283938,605188
2021-10-11,7.7,7.9,7.64,7.66,1437837.0,11153086.0,60379997.99999999,0.02381313427668547,605188
2021-10-12,7.66,7.7,7.56,7.63,1002003.0,7647561.0,60379997.99999999,0.016594949208179836,605188
2021-10-13,7.62,7.79,7.59,7.76,1233177.0,9515743.0,60379997.99999999,0.02042360120647901,605188
2021-10-14,7.87,7.87,7.71,7.79,1025900.0,7976459.0,60379997.99999999,0.016990725968556674,605188
2021-10-15,7.78,7.78,7.71,7.71,825900.0,6400248.0,60379997.99999999,0.013678370774374655,605188
2021-10-18,7.71,7.77,7.7,7.72,392500.0,3029710.0,60379997.99999999,0.0065004970685822155,605188
2021-10-19,7.71,7.74,7.64,7.65,625800.0,4807855.0,60379997.99999999,0.010364359402595544,605188
2021-10-20,7.67,7.7,7.56,7.61,819200.0,6234398.0,60379997.99999999,0.013567406875369557,605188
2021-10-21,7.62,7.65,7.5,7.5,674537.0,5089743.0,60379997.99999999,0.011171530678089788,605188
2021-10-22,7.51,7.53,7.42,7.47,707100.0,5292074.0,60379997.99999999,0.011710831789030535,605188
2021-10-25,7.47,7.5,7.42,7.49,415900.0,3102290.0,60379997.99999999,0.006888042626301512,605188
2021-10-26,7.48,7.51,7.4,7.4,742700.0,5535424.0,60379997.99999999,0.012300431013594935,605188
2021-10-27,7.43,7.43,7.17,7.22,1771100.0,12817387.0,60379997.99999999,0.029332561422078886,605188
2021-10-28,7.21,7.24,7.11,7.24,820700.0,5896330.0,60379997.99999999,0.013592249539325921,605188
2021-10-29,7.23,7.33,7.17,7.28,1313103.0,9530329.0,60379997.99999999,0.02174731771272997,605188
2021-11-01,7.29,7.32,7.21,7.25,635700.0,4621145.0,60379997.99999999,0.010528320984707552,605188
2021-11-02,7.22,7.3,7.13,7.14,1025100.0,7379651.0,60379997.99999999,0.016977476547779948,605188
2021-11-03,7.14,7.2,7.13,7.19,493503.0,3539098.0,60379997.99999999,0.00817328612697205,605188
2021-11-04,7.19,7.35,7.18,7.29,869100.0,6303436.0,60379997.99999999,0.014393839496317971,605188
2021-11-05,7.29,7.32,7.23,7.28,542100.0,3945532.0,60379997.99999999,0.008978138753830368,605188
2021-11-08,7.29,7.33,7.25,7.3,458600.0,3341077.0,60379997.99999999,0.007595230460259374,605188
2021-11-09,7.3,7.35,7.27,7.31,609961.0,4456153.0,60379997.99999999,0.010102037432992298,605188
2021-11-10,7.28,7.38,7.25,7.35,938600.0,6854345.0,60379997.99999999,0.015544882926296223,605188
2021-11-11,7.35,7.75,7.33,7.7,3911042.0,29656814.0,60379997.99999999,0.0647738014168202,605188
2021-11-12,7.69,8.05,7.65,8.04,6068733.0,48044584.0,60379997.99999999,0.10050899637326918,605188
2021-11-15,8.09,8.24,7.98,8.21,6130400.0,49765527.0,60379997.99999999,0.1015303114120673,605188
2021-11-16,8.23,8.26,7.72,7.8,9003878.0,72086074.0,60379997.99999999,0.14912021030540612,605188
2021-11-17,7.76,7.92,7.76,7.84,4554980.0,35774459.0,60379997.99999999,0.0754385583119761,605188
2021-11-18,7.85,7.86,7.68,7.68,2524700.0,19595777.0,60379997.99999999,0.041813515793756736,605188
2021-11-19,7.69,7.75,7.59,7.73,1922400.0,14745861.0,60379997.99999999,0.03183835812647758,605188
2021-11-22,7.7,7.76,7.6,7.65,1911403.0,14623941.0,60379997.99999999,0.031656228276125485,605188
2021-11-23,7.64,7.67,7.59,7.62,1790700.0,13649382.0,60379997.99999999,0.02965717223110872,605188
2021-11-24,7.6,7.76,7.59,7.73,2065703.0,15887775.0,60379997.99999999,0.034211710308436914,605188
2021-11-25,7.73,7.8,7.69,7.75,2262000.0,17560602.0,60379997.99999999,0.037462737246198655,605188
2021-11-26,7.76,7.76,7.64,7.7,1291000.0,9916055.0,60379997.99999999,0.021381252778444944,605188
2021-11-29,7.63,7.68,7.57,7.6,1517939.0,11565945.0,60379997.99999999,0.025139765655507313,605188
2021-11-30,7.6,7.73,7.6,7.68,1284600.0,9840772.0,60379997.99999999,0.02127525741223112,605188
2021-12-01,7.66,7.82,7.63,7.82,2233078.0,17302134.0,60379997.99999999,0.036983737561567996,605188
2021-12-02,7.82,7.83,7.66,7.69,1317300.0,10184287.0,60379997.99999999,0.02181682748647988,605188
2021-12-03,7.69,7.73,7.64,7.68,942700.0,7238176.0,60379997.99999999,0.015612786207776955,605188
2021-12-06,7.68,7.72,7.58,7.58,1545000.0,11786520.0,60379997.99999999,0.02558794387505611,605188
2021-12-07,7.62,7.67,7.5,7.55,1285000.0,9712003.0,60379997.99999999,0.021281882122619483,605188
2021-12-08,7.6,7.61,7.51,7.58,933100.0,7057962.0,60379997.99999999,0.015453793158456217,605188
2021-12-09,7.6,7.69,7.57,7.65,1399800.0,10697932.0,60379997.99999999,0.023183174004079963,605188
2021-12-10,7.65,7.69,7.61,7.65,1015399.0,7764050.0,60379997.99999999,0.01681681075908615,605188
2021-12-13,7.67,7.71,7.62,7.65,1224200.0,9365205.0,60379997.99999999,0.02027492614358815,605188
2021-12-14,7.64,7.77,7.61,7.76,1702298.0,13140273.0,60379997.99999999,0.028193078111728328,605188
2021-12-15,7.77,7.82,7.67,7.81,2239948.0,17403274.0,60379997.99999999,0.03709751696248814,605188
2021-12-16,7.8,7.87,7.77,7.83,1649700.0,12904644.0,60379997.99999999,0.0273219618192104,605188
2021-12-17,7.85,7.88,7.77,7.83,1875299.0,14687464.0,60379997.99999999,0.031058281916471746,605188
2021-12-20,7.84,7.88,7.74,7.75,1411500.0,11031241.0,60379997.99999999,0.02337694678293961,605188
2021-12-21,7.81,8.0,7.76,7.99,3157300.0,24992974.0,60379997.99999999,0.05229049527295447,605188
2021-12-22,8.01,8.09,7.93,8.01,2685939.0,21506752.0,60379997.99999999,0.044483919989530316,605188
2021-12-23,7.96,8.0,7.82,7.83,1851500.0,14604706.0,60379997.99999999,0.030664128210140057,605188
2021-12-24,7.85,8.33,7.74,8.08,9798601.0,79736930.0,60379997.99999999,0.16228223459033572,605188
2021-12-27,7.93,8.41,7.67,8.36,10713725.0,86251501.0,60379997.99999999,0.17743831326393886,605188
2021-12-28,8.25,8.28,8.07,8.1,5436103.0,44293175.0,60379997.99999999,0.09003152004079233,605188
2021-12-29,8.11,8.19,7.98,8.06,2710400.0,21925837.0,60379997.99999999,0.04488903759155474,605188
2021-12-30,8.06,8.13,7.99,8.04,2210400.0,17822420.0,60379997.99999999,0.03660814960609969,605188
2021-12-31,8.04,8.12,7.99,7.99,2023300.0,16279655.0,60379997.99999999,0.03350944132194241,605188
2022-01-04,7.98,8.27,7.98,8.23,4371499.0,35795526.0,60379997.99999999,0.07239978709505755,605188
2022-01-05,8.25,8.28,8.07,8.13,2425800.0,19737729.0,60379997.99999999,0.04017555615023373,605188
2022-01-06,8.12,8.22,8.09,8.16,1746000.0,14258037.0,60379997.99999999,0.02891686084520904,605188
2022-01-07,8.14,8.22,7.99,7.99,2084900.0,16855483.0,60379997.99999999,0.034529646721750476,605188
2022-01-10,8.02,8.22,7.92,8.14,2772396.0,22470866.0,60379997.99999999,0.04591580145464729,605188
2022-01-11,8.13,8.25,8.13,8.17,1960600.0,16049605.0,60379997.99999999,0.03247101796856635,605188
2022-01-12,8.19,8.27,8.15,8.25,1831100.0,15076431.0,60379997.99999999,0.030326267980333492,605188
2022-01-13,8.25,9.08,8.21,9.08,14603803.0,128298295.0,60379997.99999999,0.2418649136093049,605188
2022-01-14,9.08,9.99,8.96,9.3,31030611.0,296423975.0,60379997.99999999,0.5139220276224588,605188
2022-01-17,8.99,9.6,8.94,9.4,19493451.0,179231194.0,60379997.99999999,0.32284616836191354,605188
2022-01-18,9.27,9.3,8.46,8.53,19262176.0,167283147.0,60379997.99999999,0.3190158436242413,605188
2022-01-19,8.5,9.02,8.32,8.87,14321535.0,125259138.0,60379997.99999999,0.23719005422954803,605188
2022-01-20,8.8,8.8,8.46,8.67,9899772.0,85165395.0,60379997.99999999,0.16395780602708865,605188
2022-01-21,8.61,8.77,8.27,8.47,7562904.0,64016287.0,60379997.99999999,0.12525512173749992,605188
2022-01-24,8.4,8.46,8.05,8.09,6377500.0,51990706.0,60379997.99999999,0.10562272625447919,605188
2022-01-25,8.03,8.08,7.6,7.62,6481100.0,50628699.0,60379997.99999999,0.10733852624506547,605188
2022-01-26,7.66,7.82,7.66,7.75,3442600.0,26660316.0,60379997.99999999,0.057015569957455124,605188
2022-01-27,7.82,7.82,7.44,7.46,4545500.0,34326777.0,60379997.99999999,0.07528155267577187,605188
2022-01-28,7.48,7.71,7.47,7.63,2939800.0,22363362.0,60379997.99999999,0.048688308999281525,605188
2022-02-07,7.61,7.78,7.56,7.74,3648700.0,28020690.0,60379997.99999999,0.060428951985059695,605188
2022-02-08,7.7,8.1,7.7,7.99,4454117.0,35369525.0,60379997.99999999,0.0737680879022222,605188
2022-02-09,8.03,8.07,7.9,7.96,3256300.0,25912483.0,60379997.99999999,0.05393011109407457,605188
2022-02-10,7.94,8.07,7.86,8.06,2935200.0,23402642.0,60379997.99999999,0.048612124829815334,605188
2022-02-11,7.98,8.01,7.79,7.97,3598200.0,28395154.0,60379997.99999999,0.059592582298528735,605188
2022-02-14,7.93,8.05,7.87,8.0,2788600.0,22251106.0,60379997.99999999,0.046184168472479914,605188
2022-02-15,8.03,8.06,7.91,7.96,2427900.0,19397728.0,60379997.99999999,0.04021033587977264,605188
2022-02-16,7.98,8.14,7.98,8.14,2843400.0,22981260.0,60379997.99999999,0.04709175379568579,605188
2022-02-17,8.2,8.42,8.07,8.23,4298200.0,35497489.0,60379997.99999999,0.0711858254781658,605188
2022-02-18,8.23,8.27,8.15,8.23,1880100.0,15438024.0,60379997.99999999,0.031137795002908086,605188
2022-02-21,8.23,8.37,8.19,8.33,2181200.0,18074161.0,60379997.99999999,0.03612454574774912,605188
2022-02-22,8.27,8.34,8.16,8.19,2742700.0,22535060.0,60379997.99999999,0.045423982955415144,605188
2022-02-23,8.23,8.23,8.14,8.2,1807192.0,14787562.0,60379997.99999999,0.02993030904042097,605188
2022-02-24,8.16,8.22,7.82,7.91,3260598.0,26180662.0,60379997.99999999,0.05400129360719754,605188
2022-02-25,7.94,8.08,7.92,7.98,1739200.0,13921318.0,60379997.99999999,0.028804240768606854,605188
2022-02-28,8.05,8.05,7.72,7.84,1801475.0,14109314.0,60379997.99999999,0.02983562536719528,605188
2022-03-01,7.84,7.96,7.84,7.91,1372300.0,10841016.0,60379997.99999999,0.022727725164879937,605188
2022-03-02,7.89,8.07,7.85,8.06,1639200.0,13130244.0,60379997.99999999,0.027148063171515843,605188
2022-03-03,8.06,8.13,8.03,8.04,1336600.0,10794140.0,60379997.99999999,0.022136469762718446,605188
2022-03-04,8.05,8.05,7.85,7.89,1520800.0,12057444.0,60379997.99999999,0.025187148896560086,605188
2022-03-07,7.88,7.92,7.79,7.86,1263700.0,9925540.0,60379997.99999999,0.0209291162944391,605188
2022-03-08,7.86,7.88,7.6,7.67,2193300.0,16912974.0,60379997.99999999,0.03632494323699713,605188
2022-03-09,7.73,7.74,7.32,7.54,2023800.0,15319927.0,60379997.99999999,0.03351772220992787,605188
2022-03-10,7.63,7.8,7.61,7.67,1635400.0,12621240.0,60379997.99999999,0.027085128422826385,605188
2022-03-11,7.67,7.74,7.48,7.72,1369700.0,10419253.0,60379997.99999999,0.02268466454735557,605188
2022-03-14,7.62,7.75,7.55,7.57,1084200.0,8273348.0,60379997.99999999,0.017956277507660736,605188
2022-03-15,7.56,7.56,7.21,7.24,2422100.0,17830644.0,60379997.99999999,0.040114277579141364,605188
2022-03-16,7.32,7.39,7.13,7.38,1711717.0,12492900.0,60379997.99999999,0.02834907347959833,605188
2022-03-17,7.49,7.57,7.4,7.41,2360700.0,17700329.0,60379997.99999999,0.039097384534527484,605188
2022-03-18,7.41,7.56,7.35,7.52,1390200.0,10411366.0,60379997.99999999,0.023024180954759225,605188
2022-03-21,7.52,7.71,7.52,7.67,2738000.0,20890089.0,60379997.99999999,0.04534614260835186,605188
2022-03-22,7.63,7.71,7.58,7.68,1212800.0,9283365.0,60379997.99999999,0.020086121897519772,605188
2022-03-23,7.7,7.72,7.59,7.65,1364900.0,10443527.0,60379997.99999999,0.022605168022695202,605188
2022-03-24,7.58,7.65,7.52,7.54,1157300.0,8769106.0,60379997.99999999,0.019166943331134265,605188
2022-03-25,7.59,7.67,7.51,7.65,1368817.0,10419393.0,60379997.99999999,0.022670040499173257,605188
2022-03-28,7.65,7.68,7.45,7.64,1221817.0,9250307.0,60379997.99999999,0.02023545943144947,605188
2022-03-29,7.65,7.66,7.47,7.52,976800.0,7387584.0,60379997.99999999,0.01617754276838499,605188
2022-03-30,7.57,7.57,7.49,7.56,1115700.0,8396559.0,60379997.99999999,0.018477973450744402,605188
2022-03-31,7.56,7.69,7.5,7.56,1248400.0,9491232.0,60379997.99999999,0.020675721122084174,605188
2022-04-01,7.59,7.75,7.51,7.68,2155900.0,16473264.0,60379997.99999999,0.035705532815685094,605188
2022-04-06,7.69,7.9,7.64,7.83,2768900.0,21665922.0,60379997.99999999,0.04585790148585299,605188
2022-04-07,7.81,7.95,7.73,7.74,2055800.0,16087700.0,60379997.99999999,0.03404769904099699,605188
2022-04-08,7.73,7.83,7.62,7.66,1539401.0,11866487.0,60379997.99999999,0.025495214491394986,605188
2022-04-11,7.72,8.18,7.69,7.9,7323301.0,58435183.0,60379997.99999999,0.12128687052954193,605188
2022-04-12,7.8,8.56,7.63,8.47,14316389.0,116737184.0,60379997.99999999,0.23710482733040172,605188
2022-04-13,8.46,8.48,8.05,8.16,11077090.0,91293529.0,60379997.99999999,0.1834562829896086,605188
2022-04-14,8.21,8.98,8.04,8.55,16479936.0,140952929.0,60379997.99999999,0.2729370080469364,605188
2022-04-15,8.4,8.98,8.07,8.16,15620801.0,133553531.0,60379997.99999999,0.2587082066481685,605188
2022-04-18,8.06,8.88,8.0,8.46,15499303.0,131046962.0,60379997.99999999,0.2566959839912549,605188
2022-04-19,8.31,8.47,8.0,8.46,11753100.0,96950416.0,60379997.99999999,0.19465220916370354,605188
2022-04-20,8.34,9.3,8.2,8.84,20456018.0,181342956.0,60379997.99999999,0.33878798737290455,605188
2022-04-21,8.66,8.73,8.26,8.73,14066389.0,118891097.0,60379997.99999999,0.2329643833376742,605188
2022-04-22,8.58,9.22,8.41,9.03,20458189.0,181222331.0,60379997.99999999,0.3388239429885374,605188
2022-04-25,8.46,8.49,8.13,8.13,8596500.0,70561006.0,60379997.99999999,0.1423733071339287,605188
2022-04-26,7.9,8.07,7.32,7.32,12029446.0,91441789.0,60379997.99999999,0.19922898970616065,605188
2022-04-27,6.65,6.93,6.59,6.67,12768814.0,85105943.0,60379997.99999999,0.21147423688222053,605188
2022-04-28,6.63,6.95,6.4,6.5,7918900.0,52344214.0,60379997.99999999,0.13115104773604003,605188
2022-04-29,6.5,6.96,6.47,6.8,8378100.0,56449146.0,60379997.99999999,0.13875621526188195,605188
2022-05-05,6.77,7.1,6.7,6.95,6069200.0,41890792.0,60379997.99999999,0.10051673072264761,605188
2022-05-06,6.78,7.05,6.76,6.97,5028100.0,34938255.0,60379997.99999999,0.0832742657593331,605188
2022-05-09,6.99,7.32,6.99,7.23,4919235.0,35484346.0,60379997.99999999,0.08147126801825996,605188
2022-05-10,7.23,7.27,7.07,7.14,4142500.0,29596107.0,60379997.99999999,0.06860715695949511,605188
2022-05-11,7.15,7.3,7.14,7.16,5037600.0,36296223.0,60379997.99999999,0.08343160263105674,605188
2022-05-12,7.1,7.38,7.08,7.35,3743700.0,27227950.0,60379997.99999999,0.06200232070229616,605188
2022-05-13,7.44,7.63,7.36,7.36,4156600.0,31096656.0,60379997.99999999,0.06884067800068494,605188
2022-05-16,7.46,7.56,7.28,7.54,3032303.0,22671502.0,60379997.99999999,0.05022032296191862,605188
2022-05-17,7.58,7.58,7.23,7.25,2860600.0,21013646.0,60379997.99999999,0.04737661634238544,605188
2022-05-18,7.3,7.58,7.25,7.44,3425800.0,25554936.0,60379997.99999999,0.05673733212114383,605188
2022-05-19,7.36,7.39,7.0,7.34,2670000.0,19523355.0,60379997.99999999,0.044219941842329975,605188
2022-05-20,7.39,7.39,7.19,7.22,2787600.0,20256139.0,60379997.99999999,0.046167606696509,605188
2022-05-23,7.21,7.28,7.16,7.26,1960082.0,14183289.0,60379997.99999999,0.032462438968613415,605188
2022-05-24,7.26,7.26,6.85,6.87,3134100.0,21997248.0,60379997.99999999,0.05190626207042936,605188
2022-05-25,6.87,7.05,6.82,7.03,1989300.0,13899567.0,60379997.99999999,0.03294634093893147,605188
2022-05-26,7.1,7.16,6.92,7.06,1802200.0,12704662.0,60379997.99999999,0.02984763265477419,605188
2022-05-27,7.05,7.28,7.02,7.23,3813800.0,27335766.0,60379997.99999999,0.06316330119785696,605188
2022-05-30,7.24,7.36,7.2,7.24,2998600.0,21766273.0,60379997.99999999,0.049662141426371036,605188
2022-05-31,7.28,7.33,7.15,7.28,2380620.0,17232371.0,60379997.99999999,0.03942729511186801,605188
2022-06-01,7.31,7.45,7.24,7.43,2987300.0,22075482.0,60379997.99999999,0.04947499335789975,605188
2022-06-02,7.44,7.57,7.27,7.56,3097200.0,23084180.0,60379997.99999999,0.05129513253710277,605188
2022-06-06,7.58,7.63,7.47,7.58,2773200.0,20920942.0,60379997.99999999,0.0459291171225279,605188
2022-06-07,7.55,7.58,7.39,7.46,1983100.0,14808469.0,60379997.99999999,0.03284365792791183,605188
2022-06-08,7.51,7.51,7.23,7.38,2132600.0,15700516.0,60379997.99999999,0.03531964343556289,605188
2022-06-09,7.36,7.4,7.15,7.2,1698800.0,12319448.0,60379997.99999999,0.028135145019382083,605188
2022-06-10,7.2,7.31,7.12,7.19,1570400.0,11327774.0,60379997.99999999,0.02600861298471723,605188
2022-06-13,7.16,7.21,7.05,7.14,2030500.0,14467585.0,60379997.99999999,0.033628686108932965,605188
2022-06-14,7.1,7.13,6.93,7.11,1917000.0,13485097.0,60379997.99999999,0.031748924536234666,605188
2022-06-15,7.17,7.22,7.09,7.11,1925700.0,13762350.0,60379997.99999999,0.031893011987181585,605188
2022-06-16,7.16,7.21,7.03,7.16,2004700.0,14336358.0,60379997.99999999,0.03320139228888348,605188
2022-06-17,7.16,7.16,6.98,7.11,1769600.0,12520638.0,60379997.99999999,0.02930771875812252,605188
2022-06-20,7.11,7.16,7.1,7.15,1288800.0,9191819.0,60379997.99999999,0.02134481687130894,605188
2022-06-21,7.15,7.18,7.05,7.12,2469500.0,17558715.0,60379997.99999999,0.0408993057601625,605188
2022-06-22,7.15,7.15,6.95,6.96,1568100.0,11032633.0,60379997.99999999,0.025970520899984133,605188
2022-06-23,6.99,7.06,6.91,7.05,1406300.0,9831353.0,60379997.99999999,0.02329082554789088,605188
2022-06-24,7.02,7.1,7.0,7.07,1188600.0,8389755.0,60379997.99999999,0.01968532691902375,605188
2022-06-27,7.13,7.18,7.06,7.08,2699000.0,19186964.0,60379997.99999999,0.04470023334548637,605188
2022-06-28,7.11,7.22,7.04,7.19,1927400.0,13788165.0,60379997.99999999,0.031921167006332136,605188
2022-06-29,7.23,7.29,7.13,7.14,1794200.0,12918426.0,60379997.99999999,0.02971513844700691,605188
2022-06-30,7.15,7.31,7.15,7.24,2363200.0,17103475.0,60379997.99999999,0.039138788974454754,605188
2022-07-01,7.19,7.28,7.14,7.24,1978500.0,14257531.0,60379997.99999999,0.03276747375844564,605188
2022-07-04,7.24,7.24,7.14,7.21,1457700.0,10463558.0,60379997.99999999,0.02414210083279566,605188
2022-07-05,7.2,7.22,7.08,7.15,1808300.0,12942361.0,60379997.99999999,0.02994865948819674,605188
2022-07-06,7.15,7.2,7.08,7.19,2082200.0,14905504.0,60379997.99999999,0.03448492992662902,605188
2022-07-07,7.16,7.43,7.15,7.4,4251100.0,31277281.0,60379997.99999999,0.07040576582993595,605188
2022-07-08,7.37,7.4,7.29,7.32,1887500.0,13828917.0,60379997.99999999,0.03126035214509282,605188
2022-07-11,7.29,7.44,7.21,7.44,2252100.0,16532035.0,60379997.99999999,0.037298775664086646,605188
2022-07-12,7.41,7.42,7.27,7.32,2124400.0,15594105.0,60379997.99999999,0.035183836872601425,605188
2022-07-13,7.3,7.4,7.23,7.37,1060800.0,7805528.0,60379997.99999999,0.01756873194994144,605188
2022-07-14,7.37,7.44,7.31,7.39,1392500.0,10282214.0,60379997.99999999,0.02306227303949232,605188
2022-07-15,7.38,7.45,7.18,7.28,1978400.0,14367108.0,60379997.99999999,0.03276581758084855,605188
2022-07-18,7.23,7.51,7.22,7.47,2262700.0,16833560.0,60379997.99999999,0.037474330489378295,605188
2022-07-19,7.49,7.66,7.43,7.6,1939800.0,14655668.0,60379997.99999999,0.03212653302837142,605188
2022-07-20,7.59,7.61,7.49,7.56,1566300.0,11813458.0,60379997.99999999,0.025940709703236496,605188
2022-07-21,7.59,7.65,7.53,7.6,1382400.0,10491992.0,60379997.99999999,0.022894999102186127,605188
2022-07-22,7.56,7.67,7.56,7.6,1515100.0,11517626.0,60379997.99999999,0.0250927467735259,605188
2022-07-25,7.65,7.76,7.61,7.7,1393900.0,10693667.0,60379997.99999999,0.023085459525851594,605188
2022-07-26,7.7,7.74,7.6,7.66,1179100.0,9031139.0,60379997.99999999,0.019527990047300103,605188
2022-07-27,7.69,7.76,7.64,7.75,1509000.0,11638842.0,60379997.99999999,0.024991719940103345,605188
2022-07-28,7.7,7.77,7.66,7.71,1093900.0,8436028.0,60379997.99999999,0.018116926734578563,605188
2022-07-29,7.71,7.71,7.55,7.56,1114600.0,8464695.0,60379997.99999999,0.018459755497176402,605188
2022-08-01,7.59,7.63,7.5,7.56,1703800.0,12869731.0,60379997.99999999,0.028217953899236634,605188
2022-08-02,7.55,7.55,7.11,7.2,1723700.0,12506534.0,60379997.99999999,0.028547533241057747,605188
2022-08-03,7.2,7.35,7.1,7.2,1609000.0,11613616.0,60379997.99999999,0.026647897537194355,605188
2022-08-04,7.21,7.42,7.11,7.4,1643100.0,11974737.0,60379997.99999999,0.02721265409780239,605188
2022-08-05,7.32,7.46,7.28,7.29,1579700.0,11562288.0,60379997.99999999,0.026162637501246692,605188
2022-08-08,7.28,7.43,7.25,7.4,1223800.0,8974439.0,60379997.99999999,0.020268301433199784,605188
2022-08-09,7.45,7.57,7.35,7.53,1408300.0,10531879.0,60379997.99999999,0.023323949099832698,605188
2022-08-10,7.52,7.67,7.48,7.66,1214000.0,9228807.0,60379997.99999999,0.020105996028684864,605188
2022-08-11,7.65,7.74,7.6,7.64,1296900.0,9925090.0,60379997.99999999,0.021478967256673313,605188
2022-08-12,7.67,7.71,7.56,7.61,960200.0,7313031.0,60379997.99999999,0.01590261728726788,605188
2022-08-15,7.61,7.63,7.49,7.57,1271500.0,9609255.0,60379997.99999999,0.021058298147012197,605188
2022-08-16,7.61,7.68,7.52,7.68,901300.0,6875532.0,60379997.99999999,0.014927128682581276,605188
2022-08-17,7.7,7.77,7.6,7.62,1362600.0,10456678.0,60379997.99999999,0.022567075937962106,605188
2022-08-18,7.66,7.68,7.56,7.66,929300.0,7086234.0,60379997.99999999,0.015390858409766759,605188
2022-08-19,7.64,7.73,7.52,7.58,2164600.0,16478915.0,60379997.99999999,0.035849620266632014,605188
2022-08-22,7.58,7.66,7.54,7.65,1197300.0,9122588.0,60379997.99999999,0.01982941436997067,605188
2022-08-23,7.64,7.72,7.6,7.69,902500.0,6928496.0,60379997.99999999,0.014947002813746368,605188
2022-08-24,7.72,7.72,7.4,7.48,1323903.0,10031895.0,60379997.99999999,0.021926184893215798,605188
2022-08-25,7.49,7.67,7.38,7.59,1646100.0,12392544.0,60379997.99999999,0.027262339425715123,605188
2022-08-26,7.63,7.65,7.47,7.52,719000.0,5440220.0,60379997.99999999,0.011907916923084365,605188
2022-08-29,7.52,7.61,7.35,7.58,864900.0,6528638.0,60379997.99999999,0.014324280037240148,605188
2022-08-30,7.41,7.83,7.41,7.76,2421700.0,18592076.0,60379997.99999999,0.040107652868753,605188
2022-08-31,7.72,7.77,7.48,7.56,1485600.0,11311666.0,60379997.99999999,0.02460417438238405,605188
2022-09-01,7.55,7.74,7.45,7.66,2017665.0,15448022.0,60379997.99999999,0.033416115714346335,605188
2022-09-02,7.7,7.99,7.68,7.87,6112500.0,48032105.0,60379997.99999999,0.10123385562218801,605188
2022-09-05,7.91,7.92,7.63,7.69,4430500.0,34208886.0,60379997.99999999,0.07337694843911721,605188
2022-09-06,7.75,7.78,7.57,7.61,2968400.0,22711051.0,60379997.99999999,0.049161975792049555,605188
2022-09-07,7.66,7.66,7.47,7.52,2841000.0,21342488.0,60379997.99999999,0.047052005533355604,605188
2022-09-08,7.52,7.57,7.41,7.57,2282700.0,17121651.0,60379997.99999999,0.0378055660087965,605188
2022-09-09,7.54,7.57,7.42,7.42,1841400.0,13756937.0,60379997.99999999,0.030496854272833863,605188
2022-09-13,7.43,8.16,7.42,8.16,10223203.0,80928157.0,60379997.99999999,0.16931439779113608,605188
2022-09-14,8.4,8.98,7.99,8.23,31945295.0,267482602.0,60379997.99999999,0.5290708191146347,605188
2022-09-15,8.04,8.66,7.92,8.32,25019743.0,205237389.0,60379997.99999999,0.4143713784157463,605188
2022-09-16,8.07,8.24,7.71,7.88,17619665.0,139429688.0,60379997.99999999,0.2918129444124858,605188
2022-09-19,7.8,7.85,7.09,7.16,15655400.0,115609525.0,60379997.99999999,0.25928122753498606,605188
2022-09-20,7.3,7.6,7.16,7.4,12257706.0,90702606.0,60379997.99999999,0.2030093806892806,605188
2022-09-21,7.42,8.14,7.32,8.14,6456403.0,51761917.0,60379997.99999999,0.1069295000639119,605188
2022-09-22,8.25,8.72,8.22,8.3,26637003.0,223382759.0,60379997.99999999,0.44115607622246034,605188
2022-09-23,8.31,8.45,7.96,8.01,16630810.0,135595055.0,60379997.99999999,0.27543574943477145,605188
2022-09-26,7.99,8.29,7.93,8.02,14435014.0,117054932.0,60379997.99999999,0.23906946800495094,605188
2022-09-27,8.08,8.8,7.99,8.47,23846027.0,199610432.0,60379997.99999999,0.3949325569702736,605188
2022-09-28,8.4,8.46,8.13,8.22,16176165.0,134495516.0,60379997.99999999,0.26790602079847703,605188
2022-09-29,8.37,8.4,8.03,8.13,9884200.0,80668413.0,60379997.99999999,0.16369990605166965,605188
2022-09-30,8.08,8.33,7.75,7.91,9990003.0,79613786.0,60379997.99999999,0.16545219163471986,605188
2022-10-10,7.74,8.6,7.66,8.24,14991098.0,122920002.0,60379997.99999999,0.24827920663395853,605188
2022-10-11,8.0,8.28,7.87,8.26,11013243.0,89377645.0,60379997.99999999,0.1823988632791939,605188
2022-10-12,8.1,8.42,8.06,8.37,11251200.0,92780206.0,60379997.99999999,0.18633985380390375,605188
2022-10-13,8.3,8.56,8.16,8.39,13040300.0,109003027.0,60379997.99999999,0.21597052719345902,605188
2022-10-14,8.39,8.6,8.33,8.42,13809117.0,117058400.0,60379997.99999999,0.22870350211008622,605188
2022-10-17,8.27,8.74,8.16,8.64,14467582.0,122350541.0,60379997.99999999,0.23960885192477155,605188
2022-10-18,8.58,8.71,8.35,8.47,10827865.0,91670390.0,60379997.99999999,0.17932867437325853,605188
2022-10-19,8.33,8.41,8.05,8.29,10076006.0,82812321.0,60379997.99999999,0.16687655405354604,605188
2022-10-20,8.21,8.37,7.92,8.11,10195950.0,82923721.0,60379997.99999999,0.16886303971060088,605188
2022-10-21,8.15,8.92,8.07,8.48,18671255.0,159105097.0,60379997.99999999,0.3092291424057351,605188
2022-10-24,8.49,8.68,7.99,8.09,14858886.0,123982115.0,60379997.99999999,0.24608954110929254,605188
2022-10-25,8.12,8.9,8.12,8.9,11446939.0,100746418.0,60379997.99999999,0.18958163927067373,605188
2022-10-26,9.25,9.79,8.93,9.08,38576502.0,361596583.0,60379997.99999999,0.6388953838653656,605188
2022-10-27,8.85,9.07,8.57,8.6,22276886.0,194442470.0,60379997.99999999,0.3689447952615037,605188
2022-10-28,8.66,9.26,8.6,8.68,23549351.0,209666923.0,60379997.99999999,0.39001907552232784,605188
2022-10-31,8.59,8.6,8.2,8.45,17743100.0,148462205.0,60379997.99999999,0.29385724722945505,605188
2022-11-01,8.3,8.75,8.08,8.73,18234100.0,153170784.0,60379997.99999999,0.3019890792311719,605188
2022-11-02,8.55,8.74,8.5,8.65,14519800.0,125237843.0,60379997.99999999,0.2404736747424205,605188
2022-11-03,8.63,8.97,8.62,8.91,17931562.0,158385911.0,60379997.99999999,0.2969785126524847,605188
2022-11-04,9.08,9.08,8.7,8.86,15930035.0,141032194.0,60379997.99999999,0.2638296708787569,605188
2022-11-07,8.85,9.2,8.7,9.15,16599388.0,148369626.0,60379997.99999999,0.2749153453102135,605188
2022-11-08,9.01,9.08,8.75,8.86,12236000.0,109130214.0,60379997.99999999,0.20264989078005602,605188
2022-11-09,8.75,8.9,8.69,8.7,8668500.0,76034848.0,60379997.99999999,0.14356575500383423,605188
2022-11-10,8.7,9.29,8.55,9.1,19151265.0,172057594.0,60379997.99999999,0.3171789604895317,605188
2022-11-11,9.3,9.33,8.95,9.12,16672800.0,151793197.0,60379997.99999999,0.27613117840779,605188
2022-11-14,9.11,9.11,8.82,8.94,9272600.0,82778368.0,60379997.99999999,0.15357072386786103,605188
2022-11-15,8.82,9.08,8.82,9.05,10336500.0,92532570.0,60379997.99999999,0.1711907973233123,605188
2022-11-16,8.98,9.22,8.89,9.0,9725800.0,88005301.0,60379997.99999999,0.16107652073787748,605188
2022-11-17,8.93,9.14,8.8,8.93,9194700.0,82123712.0,60379997.99999999,0.15228056151972713,605188
2022-11-18,8.85,8.91,8.67,8.68,9901035.0,86676901.0,60379997.99999999,0.16397872355013993,605188
2022-11-21,8.5,8.59,8.44,8.45,7845323.0,66621566.0,60379997.99999999,0.12993248194542836,605188
2022-11-22,8.51,8.59,8.21,8.38,8010800.0,66967860.0,60379997.99999999,0.13267307494776667,605188
2022-11-23,8.33,8.33,7.97,8.09,7308900.0,59134686.0,60379997.99999999,0.12104836439378486,605188
2022-11-24,8.08,8.2,8.03,8.15,3896600.0,31669848.0,60379997.99999999,0.06453461624824831,605188
2022-11-25,8.11,8.15,7.89,7.94,4963400.0,39647426.0,60379997.99999999,0.08220271885401521,605188
2022-11-28,7.81,8.06,7.77,8.05,3429100.0,27273452.0,60379997.99999999,0.056791985981847835,605188
2022-11-29,8.04,8.25,8.0,8.23,5336600.0,43639412.0,60379997.99999999,0.08838357364635886,605188
2022-11-30,8.17,8.29,8.1,8.17,4077500.0,33332220.0,60379997.99999999,0.06753064152138595,605188
2022-12-01,8.29,8.39,8.19,8.26,5915800.0,49131863.0,60379997.99999999,0.09797615428871,605188
2022-12-02,8.28,8.49,8.24,8.36,5279578.0,44182296.0,60379997.99999999,0.08743918805694563,605188
2022-12-05,8.46,8.46,8.27,8.32,4386900.0,36615749.0,60379997.99999999,0.07265485500678553,605188
2022-12-06,8.27,8.78,8.22,8.74,14797063.0,127183751.0,60379997.99999999,0.24506564243344298,605188
2022-12-07,8.58,9.32,8.58,8.84,19820263.0,176360253.0,60379997.99999999,0.3282587554905186,605188
2022-12-08,8.97,9.72,8.84,9.72,19166453.0,181948132.0,60379997.99999999,0.31743050074297785,605188
2022-12-09,9.97,10.3,9.11,9.3,30789440.0,292681546.0,60379997.99999999,0.5099278075497784,605188
2022-12-12,9.32,10.23,9.32,10.23,24617551.0,242867237.0,60379997.99999999,0.407710364614454,605188
2022-12-13,10.17,11.25,9.91,10.43,40849539.0,433382779.0,60379997.99999999,0.6765409134329552,605188
2022-12-14,10.07,10.25,9.67,9.84,28548100.0,284446293.0,60379997.99999999,0.47280723659513874,605188
2022-12-15,9.75,10.2,9.7,9.7,21950140.0,218359114.0,60379997.99999999,0.3635333012101127,605188
2022-12-16,9.86,10.15,9.79,9.86,18040740.0,179119292.0,60379997.99999999,0.29878669422943677,605188
2022-12-19,10.0,10.15,9.49,9.57,13852600.0,134061546.0,60379997.99999999,0.2294236578146293,605188
2022-12-20,9.7,9.75,9.2,9.42,10900100.0,102957196.0,60379997.99999999,0.18052501426051723,605188
2022-12-21,9.53,9.93,9.3,9.9,18095500.0,175833295.0,60379997.99999999,0.2996936170816038,605188
2022-12-22,9.79,9.82,9.3,9.52,14693600.0,140638312.0,60379997.99999999,0.2433521114061647,605188
2022-12-23,9.35,9.56,9.1,9.38,12178900.0,113775566.0,60379997.99999999,0.20170421337211705,605188
2022-12-26,9.39,9.6,9.3,9.54,9516600.0,90407813.0,60379997.99999999,0.1576117972047631,605188
2022-12-27,9.6,9.89,9.36,9.76,14121900.0,136068132.0,60379997.99999999,0.23388374408359539,605188
2022-12-28,9.51,9.8,9.42,9.54,9984008.0,95624755.0,60379997.99999999,0.16535290378777423,605188
2022-12-29,9.35,9.79,9.14,9.73,14319400.0,136810902.0,60379997.99999999,0.23715469483785015,605188
2022-12-30,9.7,10.38,9.56,10.2,25827655.0,260849901.0,60379997.99999999,0.4277518359639562,605188
2023-01-03,9.93,10.29,9.75,10.29,18546989.0,184319128.0,60379997.99999999,0.30717107675293404,605188
2023-01-04,10.09,11.1,9.98,10.54,22517424.0,234278671.0,60379997.99999999,0.37292853172999446,605188
2023-01-05,10.34,10.35,9.94,9.99,15892535.0,161041521.0,60379997.99999999,0.2632086042798478,605188
2023-01-06,9.91,9.97,9.37,9.43,13730166.0,131665397.0,60379997.99999999,0.2273959333354069,605188
2023-01-09,9.42,9.43,9.21,9.25,7479200.0,69426542.0,60379997.99999999,0.12386883484163085,605188
2023-01-10,9.26,9.34,9.11,9.34,7756900.0,71713064.0,60379997.99999999,0.1284680400287526,605188
2023-01-11,9.26,9.28,8.7,8.73,11622100.0,104351383.0,60379997.99999999,0.19248261651151433,605188
2023-01-12,8.73,8.78,8.45,8.52,8190389.0,70122823.0,60379997.99999999,0.13564738773260643,605188
2023-01-13,8.52,8.57,8.4,8.48,4539700.0,38495701.0,60379997.99999999,0.0751854943751406,605188
2023-01-16,8.54,8.66,8.49,8.66,5906900.0,50782536.0,60379997.99999999,0.09782875448256889,605188
2023-01-17,8.64,8.67,8.45,8.53,4089600.0,34918034.0,60379997.99999999,0.06773103901063396,605188
2023-01-18,8.53,8.57,8.46,8.49,2346700.0,19952477.0,60379997.99999999,0.03886551967093474,605188
2023-01-19,8.43,8.43,8.27,8.27,4599800.0,38214023.0,60379997.99999999,0.07618085711099229,605188
2023-01-20,8.3,8.41,8.3,8.38,2658400.0,22217393.0,60379997.99999999,0.04402782524106742,605188
2023-01-30,8.42,8.65,8.42,8.63,5193000.0,44537583.0,60379997.99999999,0.08600530261693617,605188
2023-01-31,8.6,8.65,8.53,8.64,3530100.0,30340942.0,60379997.99999999,0.058464725354909756,605188
2023-02-01,8.64,8.71,8.58,8.71,4417100.0,38225692.0,60379997.99999999,0.07315502064110702,605188
2023-02-02,8.73,8.84,8.63,8.8,5297500.0,46300173.0,60379997.99999999,0.08773600820589628,605188
2023-02-03,8.78,8.78,8.61,8.67,4379000.0,38041389.0,60379997.99999999,0.07252401697661534,605188
2023-02-06,8.62,8.74,8.61,8.73,3495900.0,30430699.0,60379997.99999999,0.05789831261670463,605188
2023-02-07,8.76,8.87,8.71,8.87,5986500.0,52609238.0,60379997.99999999,0.09914707184985333,605188
2023-02-08,8.88,9.02,8.8,8.97,9216500.0,82516257.0,60379997.99999999,0.15264160823589298,605188
2023-02-09,8.9,9.01,8.85,8.93,5741500.0,51171075.0,60379997.99999999,0.09508943673698037,605188
2023-02-10,8.93,9.0,8.87,8.92,5037200.0,44988319.0,60379997.99999999,0.08342497792066837,605188
2023-02-13,8.92,9.01,8.84,8.99,7116400.0,63611738.0,60379997.99999999,0.11786022251938466,605188
2023-02-14,8.99,9.01,8.88,8.89,4045800.0,36191178.0,60379997.99999999,0.0670056332231081,605188
2023-02-15,8.89,8.93,8.74,8.81,4279100.0,37801764.0,60379997.99999999,0.07086949555712142,605188
2023-02-16,8.88,8.88,8.47,8.55,5173400.0,45084648.0,60379997.99999999,0.08568069180790633,605188
2023-02-17,8.55,8.74,8.53,8.55,3588300.0,30901795.0,60379997.99999999,0.059428620716416726,605188
2023-02-20,8.65,8.66,8.48,8.58,2635900.0,22508981.0,60379997.99999999,0.043655185281721944,605188
2023-02-21,8.6,8.69,8.48,8.57,3039400.0,26033022.0,60379997.99999999,0.05033786188598417,605188
2023-02-22,8.56,8.56,8.43,8.5,2413035.0,20468749.0,60379997.99999999,0.03996414507996506,605188
2023-02-23,8.48,8.53,8.41,8.51,2179235.0,18451038.0,60379997.99999999,0.03609200185796628,605188
2023-02-24,8.51,8.58,8.36,8.58,3317700.0,28137218.0,60379997.99999999,0.05494700413868845,605188
2023-02-27,8.6,8.93,8.48,8.92,10210200.0,89217929.0,60379997.99999999,0.16909904501818634,605188
2023-02-28,8.87,9.04,8.81,8.87,7539100.0,67105050.0,60379997.99999999,0.12486088522228836,605188
2023-03-01,8.86,8.89,8.74,8.84,4954000.0,43513136.0,60379997.99999999,0.08204703815988866,605188
2023-03-02,8.84,8.85,8.67,8.69,3819800.0,33352544.0,60379997.99999999,0.06326267185368241,605188
2023-03-03,8.74,8.76,8.56,8.69,3398500.0,29497176.0,60379997.99999999,0.056285195637137984,605188
2023-03-06,8.72,9.56,8.69,9.18,17451733.0,159922550.0,60379997.99999999,0.2890316922501389,605188
2023-03-07,9.08,9.17,8.88,8.89,10199233.0,91919051.0,60379997.99999999,0.16891741202111338,605188
2023-03-08,8.88,9.11,8.77,8.87,7279664.0,64672176.0,60379997.99999999,0.12056416431149933,605188
2023-03-09,8.9,8.96,8.65,8.7,7127600.0,62226110.0,60379997.99999999,0.11804571441025885,605188
2023-03-10,8.58,8.61,8.43,8.48,6369400.0,54222427.0,60379997.99999999,0.10548857586911481,605188
2023-03-13,8.51,8.51,8.16,8.24,5753336.0,47583865.0,60379997.99999999,0.09528546191737206,605188
2023-03-14,8.29,8.3,7.94,8.02,4055600.0,32734889.0,60379997.99999999,0.06716793862762302,605188
2023-03-15,8.02,8.14,8.01,8.08,2404400.0,19436829.0,60379997.99999999,0.039821134144456254,605188
2023-03-16,8.04,8.04,7.88,7.89,2561400.0,20339832.0,60379997.99999999,0.04242133297188914,605188
2023-03-17,7.94,7.98,7.86,7.89,2143700.0,16956655.0,60379997.99999999,0.035503479148839986,605188
2023-03-20,7.86,7.87,7.69,7.69,2526000.0,19555023.0,60379997.99999999,0.041835046102518925,605188
2023-03-21,7.69,7.94,7.68,7.94,3252800.0,25481110.0,60379997.99999999,0.05387214487817638,605188
2023-03-22,7.98,7.99,7.85,7.94,2324300.0,18384589.0,60379997.99999999,0.03849453588918635,605188
2023-03-23,7.96,7.98,7.82,7.86,2151900.0,16960629.0,60379997.99999999,0.03563928571180145,605188
2023-03-24,7.81,7.91,7.81,7.9,1319700.0,10383998.0,60379997.99999999,0.021856575748810066,605188
2023-03-27,7.88,7.94,7.76,7.8,1348800.0,10538894.0,60379997.99999999,0.022338523429563547,605188
2023-03-28,7.83,7.95,7.78,7.84,1927100.0,15118990.0,60379997.99999999,0.03191619847354086,605188
2023-03-29,7.81,7.91,7.69,7.71,1980400.0,15378082.0,60379997.99999999,0.03279894113279037,605188
2023-03-30,7.71,8.18,7.57,8.03,5748500.0,45358713.0,60379997.99999999,0.09520536916877673,605188
2023-03-31,7.93,8.11,7.81,7.97,4664000.0,37050881.0,60379997.99999999,0.07724412312832472,605188
2023-04-03,7.91,7.91,7.82,7.85,2416200.0,18979128.0,60379997.99999999,0.04001656310091299,605188
2023-04-04,7.82,7.86,7.7,7.73,2082200.0,16158255.0,60379997.99999999,0.03448492992662902,605188
2023-04-06,7.73,7.84,7.65,7.76,1620900.0,12549082.0,60379997.99999999,0.02684498267124819,605188
2023-04-07,7.73,7.77,7.68,7.73,1347900.0,10432247.0,60379997.99999999,0.02232361783118973,605188
2023-04-10,7.73,7.73,7.45,7.51,2715600.0,20565713.0,60379997.99999999,0.044975158826603474,605188
2023-04-11,7.51,7.52,7.4,7.44,1492100.0,11104434.0,60379997.99999999,0.024711825926194964,605188
2023-04-12,7.45,7.55,7.45,7.54,1327800.0,9973889.0,60379997.99999999,0.021990726134174434,605188
2023-04-13,7.5,7.66,7.5,7.66,2134200.0,16255119.0,60379997.99999999,0.03534614227711634,605188
2023-04-14,7.7,7.7,7.41,7.55,1867200.0,14080529.0,60379997.99999999,0.030924148092883345,605188
2023-04-17,7.51,7.57,7.45,7.55,1365900.0,10260275.0,60379997.99999999,0.02262172979866611,605188
2023-04-18,7.65,7.69,7.45,7.5,1408100.0,10618420.0,60379997.99999999,0.023320636744638516,605188
2023-04-19,7.53,7.53,7.35,7.36,1583500.0,11720224.0,60379997.99999999,0.02622557224993615,605188
2023-04-20,7.35,7.35,7.17,7.22,1919600.0,13862770.0,60379997.99999999,0.031791985153759035,605188
2023-04-21,7.22,7.3,7.04,7.05,2043300.0,14602168.0,60379997.99999999,0.03384067684136061,605188
2023-04-24,7.05,7.1,6.91,6.96,3077700.0,21487087.0,60379997.99999999,0.050972177905670026,605188
2023-04-25,6.95,6.98,6.72,6.85,2792600.0,19057582.0,60379997.99999999,0.04625041557636356,605188
2023-04-26,6.85,7.12,6.81,7.1,2685600.0,18857434.0,60379997.99999999,0.04447830554747617,605188
2023-04-27,7.15,7.43,7.11,7.37,5255500.0,38466395.0,60379997.99999999,0.08704041361511805,605188
2023-04-28,7.33,7.55,7.3,7.55,3705700.0,27557609.0,60379997.99999999,0.06137297321540157,605188
2023-05-04,7.5,7.66,7.5,7.64,2865303.0,21797886.0,60379997.99999999,0.047454506374776634,605188
2023-05-05,7.58,7.72,7.54,7.66,2892100.0,22056405.0,60379997.99999999,0.04789831228546911,605188
2023-05-08,7.7,7.71,7.58,7.64,2093100.0,15993577.0,60379997.99999999,0.03466545328471194,605188
2023-05-09,7.64,7.71,7.58,7.59,1972700.0,15089587.0,60379997.99999999,0.032671415457814365,605188
2023-05-10,7.53,7.64,7.53,7.6,1428000.0,10826097.0,60379997.99999999,0.02365021608645963,605188
2023-05-11,7.58,7.69,7.56,7.69,1443200.0,11034895.0,60379997.99999999,0.023901955081217462,605188
2023-05-12,7.69,7.84,7.65,7.76,2450600.0,19008783.0,60379997.99999999,0.0405862881943123,605188
2023-05-15,7.75,7.75,7.53,7.68,1679600.0,12780313.0,60379997.99999999,0.02781715892074061,605188
2023-05-16,7.67,7.75,7.57,7.61,1195400.0,9107940.0,60379997.99999999,0.01979794699562594,605188
2023-05-17,7.55,7.8,7.52,7.77,2299500.0,17793538.0,60379997.99999999,0.03808380384510778,605188
2023-05-18,7.85,7.89,7.72,7.79,1433800.0,11130920.0,60379997.99999999,0.023746274387090906,605188
2023-05-19,7.77,7.83,7.65,7.8,1374936.0,10661164.0,60379997.99999999,0.022771382006339255,605188
2023-05-22,7.84,7.87,7.74,7.76,1181300.0,9186370.0,60379997.99999999,0.019564425954436106,605188
2023-05-23,7.71,7.94,7.69,7.73,2089200.0,16284751.0,60379997.99999999,0.03460086235842539,605188
2023-05-24,7.72,7.72,7.59,7.6,1699900.0,12981357.0,60379997.99999999,0.028153362972950086,605188
2023-05-25,7.62,7.65,7.49,7.6,2078200.0,15745784.0,60379997.99999999,0.03441868282274538,605188
2023-05-26,7.67,7.69,7.45,7.55,1423300.0,10722626.0,60379997.99999999,0.02357237573939635,605188
2023-05-29,7.55,7.63,7.44,7.46,1582800.0,11896197.0,60379997.99999999,0.026213979006756514,605188
2023-05-30,7.59,7.65,7.37,7.49,1831808.0,13656987.0,60379997.99999999,0.030337993717720894,605188
2023-05-31,7.51,7.56,7.44,7.47,1409208.0,10555697.0,60379997.99999999,0.023338987192414284,605188
2023-06-01,7.47,7.58,7.32,7.56,2109100.0,15820341.0,60379997.99999999,0.0349304417002465,605188
2023-06-02,7.5,7.71,7.5,7.69,1894200.0,14510429.0,60379997.99999999,0.031371316044097916,605188
2023-06-05,7.68,7.83,7.63,7.81,2155000.0,16750746.0,60379997.99999999,0.035690627217311276,605188
2023-06-06,7.8,8.52,7.75,8.11,12511100.0,101371965.0,60379997.99999999,0.2072060353496534,605188
2023-06-07,7.95,8.92,7.8,8.92,22516199.0,191609698.0,60379997.99999999,0.3729082435544301,605188
2023-06-08,8.92,9.81,8.51,9.81,35246106.0,324683147.0,60379997.99999999,0.5837381114189504,605188
2023-06-09,9.78,10.51,9.2,9.47,42816806.0,424308883.0,60379997.99999999,0.7091223487619196,605188
2023-06-12,8.52,9.55,8.52,8.99,31122599.0,274521530.0,60379997.99999999,0.5154455122704709,605188
2023-06-13,8.6,9.3,8.58,8.98,27517599.0,244709593.0,60379997.99999999,0.4557403098953399,605188
2023-06-14,8.94,9.88,8.72,9.88,24890907.0,235240533.0,60379997.99999999,0.41223762544675807,605188
2023-06-15,10.1,10.87,9.62,10.24,43789006.0,446679421.0,60379997.99999999,0.7252237073608384,605188
2023-06-16,9.6,9.9,9.21,9.45,25878106.0,247113979.0,60379997.99999999,0.4285873941234646,605188
2023-06-19,9.45,9.55,8.96,9.08,20488899.0,187187628.0,60379997.99999999,0.33933255512860405,605188
2023-06-20,9.0,9.36,8.75,9.29,21508200.0,194899556.0,60379997.99999999,0.3562139899375287,605188
2023-06-21,9.11,9.37,8.9,8.9,14759907.0,135114394.0,60379997.99999999,0.24445027308546785,605188
2023-06-26,8.8,8.82,8.33,8.43,13069103.0,111214141.0,60379997.99999999,0.21644755602674914,605188
2023-06-27,8.51,8.8,8.51,8.73,11600100.0,100696753.0,60379997.99999999,0.1921182574401543,605188
2023-06-28,8.75,8.82,8.48,8.65,7662816.0,66064750.0,60379997.99999999,0.12690984189830548,605188
2023-06-29,8.76,8.76,8.55,8.59,6254500.0,53942553.0,60379997.99999999,0.10358562781005724,605188
2023-06-30,8.64,8.79,8.58,8.62,7011100.0,60756543.0,60379997.99999999,0.11611626750964783,605188
2023-07-03,8.62,9.0,8.55,9.0,15313000.0,134879770.0,60379997.99999999,0.25361047544254645,605188
2023-07-04,8.9,8.99,8.81,8.92,11256700.0,99875049.0,60379997.99999999,0.18643094357174375,605188
2023-07-05,8.85,8.87,8.65,8.66,8002100.0,69818458.0,60379997.99999999,0.13252898749681974,605188
2023-07-06,8.62,8.76,8.57,8.66,5868100.0,50732669.0,60379997.99999999,0.09718615757489758,605188
2023-07-07,8.62,9.2,8.57,8.94,14903200.0,133212161.0,60379997.99999999,0.24682345964966745,605188
2023-07-10,8.93,9.59,8.82,9.55,25728316.0,239205969.0,60379997.99999999,0.42610660570078196,605188
2023-07-11,9.36,9.37,9.1,9.3,14645516.0,135329230.0,60379997.99999999,0.24255575497037946,605188
2023-07-12,9.3,9.73,9.12,9.42,15615632.0,146097554.0,60379997.99999999,0.2586225988281749,605188
2023-07-13,9.36,9.51,9.13,9.26,10178600.0,94038374.0,60379997.99999999,0.16857569289750557,605188
2023-07-14,9.13,9.17,8.66,8.67,13599200.0,119502381.0,60379997.99999999,0.2252269037836007,605188
2023-07-17,8.66,8.81,8.36,8.8,9034600.0,78361584.0,60379997.99999999,0.14962902118678442,605188
2023-07-18,8.8,9.09,8.62,9.02,11406803.0,101647420.0,60379997.99999999,0.1889169158303053,605188
2023-07-19,8.82,9.5,8.82,9.31,20567200.0,192067276.0,60379997.99999999,0.34062935874890227,605188
2023-07-20,9.29,10.24,9.29,10.24,24369926.0,246026072.0,60379997.99999999,0.40360925483965737,605188
2023-07-21,11.26,11.26,11.26,11.26,4335100.0,48813226.0,60379997.99999999,0.07179695501149239,605188
2023-07-24,10.13,11.23,10.13,10.13,40943326.0,427995638.0,60379997.99999999,0.6780941927159388,605188
2023-07-25,9.79,11.14,9.79,11.14,41111114.0,445736991.0,60379997.99999999,0.680873059982546,605188
2023-07-26,10.1,12.25,10.03,12.25,46524726.0,507179071.0,60379997.99999999,0.7705320891199765,605188
2023-07-27,11.4,13.15,11.29,11.58,47342626.0,563279786.0,60379997.99999999,0.7840779656865839,605188
2023-07-28,11.45,12.06,10.87,11.24,37629188.0,436180716.0,495580000.0,0.07592959360749021,605188
2023-07-31,11.08,12.36,10.62,12.36,39734888.0,460914853.0,495580000.0,0.08017855442108236,605188
2023-08-01,12.0,12.86,11.45,11.67,36960514.0,446656520.0,495580000.0,0.07458031801121917,605188
2023-08-02,11.6,12.66,11.35,12.14,34260114.0,413290334.0,495580000.0,0.06913134912627628,605188
2023-08-03,11.78,12.36,11.31,12.18,31032600.0,368924508.0,495580000.0,0.06261874974777029,605188
2023-08-04,12.0,12.3,11.61,11.62,23910300.0,284565407.0,495580000.0,0.04824710440292183,605188
2023-08-07,11.22,11.33,10.93,10.95,21441700.0,237722737.0,495580000.0,0.0432658702933936,605188
2023-08-08,11.0,11.05,10.46,10.55,16821400.0,179718291.0,495580000.0,0.03394285483675693,605188
2023-08-09,10.64,10.66,10.31,10.34,10746900.0,112220532.0,495580000.0,0.02168549981839461,605188
2023-08-10,10.31,10.43,10.19,10.28,10769800.0,111062590.0,495580000.0,0.021731708301384236,605188
2023-08-11,10.25,10.29,9.9,9.96,9409300.0,94773087.0,495580000.0,0.018986440130755882,605188
2023-08-14,9.78,10.17,9.72,10.03,10368001.0,104024660.0,495580000.0,0.020920943137334034,605188
2023-08-15,10.05,10.59,9.98,10.29,16096400.0,165564994.0,495580000.0,0.03247992251503289,605188
2023-08-16,10.1,10.18,9.85,9.91,11452000.0,114025342.0,495580000.0,0.02310827717018443,605188
2023-08-17,9.95,10.18,9.9,10.17,11227088.0,113055353.0,495580000.0,0.022654441260744985,605188
2023-08-18,10.05,10.15,9.72,9.74,8513300.0,84167350.0,495580000.0,0.017178457564873482,605188
2023-08-21,9.85,9.92,9.72,9.73,5109100.0,50192249.0,495580000.0,0.010309334517131442,605188
2023-08-22,9.72,9.8,9.5,9.75,8203800.0,79194306.0,495580000.0,0.0165539368013237,605188
2023-08-23,9.66,9.75,9.35,9.38,6148700.0,58288255.0,495580000.0,0.012407078574599458,605188
2023-08-24,9.44,9.51,9.3,9.4,4628800.0,43542699.0,495580000.0,0.009340167076960329,605188
2023-08-25,9.46,9.46,9.07,9.13,5348700.0,49072888.0,495580000.0,0.010792808426490174,605188
2023-08-28,9.5,9.66,9.3,9.36,8137700.0,77209118.0,495580000.0,0.016420557730336172,605188
2023-08-29,9.41,9.65,9.28,9.62,6130900.0,58368552.0,495580000.0,0.012371161063804028,605188
2023-08-30,9.7,9.75,9.39,9.5,5671200.0,53990761.0,495580000.0,0.01144356107994673,605188
2023-08-31,9.49,9.5,9.3,9.33,3892300.0,36462672.0,495580000.0,0.007854029621857217,605188
2023-09-01,9.44,10.26,9.44,10.26,7694326.0,77721365.0,495580000.0,0.015525900964526414,605188
2023-09-04,10.5,10.5,10.05,10.11,21469414.0,218705892.0,495580000.0,0.04332179264699947,605188
2023-09-05,10.02,10.29,9.86,10.29,18372088.0,186025582.0,495580000.0,0.03707189152104605,605188
2023-09-06,10.09,10.25,9.81,9.86,13666800.0,136385185.0,495580000.0,0.02757738407522499,605188
2023-09-07,9.83,10.48,9.62,10.22,22887501.0,230644669.0,495580000.0,0.046183262036401794,605188
2023-09-08,9.89,9.9,9.2,9.26,18909588.0,179121066.0,495580000.0,0.03815647927680697,605188
2023-09-11,9.09,9.26,8.77,9.25,11317588.0,102253817.0,495580000.0,0.022837055571249848,605188
2023-09-12,9.16,9.24,9.05,9.05,6748788.0,61460927.0,495580000.0,0.013617958755397716,605188
2023-09-13,9.05,9.15,8.85,8.92,7414100.0,66700695.0,495580000.0,0.014960450381371322,605188
2023-09-14,8.86,8.9,8.66,8.66,7363500.0,64392695.0,495580000.0,0.01485834779450341,605188
2023-09-15,8.66,8.83,8.66,8.7,4437000.0,38747199.0,495580000.0,0.008953145808951127,605188
2023-09-18,8.69,9.17,8.62,9.1,10399688.0,93535877.0,495580000.0,0.020984882360062955,605188
2023-09-19,9.0,9.18,8.9,8.91,6070200.0,54712071.0,495580000.0,0.012248678316316236,605188
2023-09-20,8.73,9.07,8.73,8.85,4937800.0,44073882.0,495580000.0,0.009963678921667541,605188
2023-09-21,8.79,8.92,8.74,8.78,4592888.0,40472603.0,495580000.0,0.009267702490011704,605188
2023-09-22,8.72,8.91,8.71,8.9,4603400.0,40704698.0,495580000.0,0.00928891399975786,605188
2023-09-25,8.95,9.15,8.85,8.95,5775100.0,51784561.0,495580000.0,0.011653214415432423,605188
2023-09-26,8.85,9.15,8.85,9.03,6309600.0,57080724.0,495580000.0,0.01273174865813794,605188
2023-09-27,8.93,9.19,8.87,9.01,5971200.0,54139028.0,495580000.0,0.012048912385487711,605188
2023-09-28,9.12,9.17,8.97,9.0,4661200.0,42176249.0,495580000.0,0.009405545017958756,605188
2023-10-09,9.0,9.05,8.59,8.64,5311300.0,46168419.0,495580000.0,0.010717341297066064,605188
2023-10-10,8.64,8.84,8.6,8.61,4051500.0,35238788.0,495580000.0,0.008175269381330966,605188
2023-10-11,8.59,8.67,8.51,8.53,4077300.0,35011382.0,495580000.0,0.00822732959360749,605188
2023-10-12,8.53,8.65,8.51,8.54,2916800.0,24929049.0,495580000.0,0.005885628960006457,605188
2023-10-13,8.5,8.56,8.33,8.36,3977500.0,33414831.0,495580000.0,0.008025949392630858,605188
2023-10-16,8.39,8.4,8.25,8.29,3432300.0,28529374.0,495580000.0,0.006925824286694378,605188
2023-10-17,8.28,8.48,8.25,8.46,4119200.0,34460484.0,495580000.0,0.008311876992614714,605188
2023-10-18,8.5,8.83,8.35,8.74,7734600.0,66763668.0,495580000.0,0.015607167359457606,605188
2023-10-19,8.74,9.25,8.57,9.19,17133703.0,154581603.0,495580000.0,0.03457303159933815,605188
2023-10-20,9.25,9.28,8.95,9.14,11861703.0,108425409.0,495580000.0,0.023934991323297954,605188
2023-10-23,9.08,9.24,9.04,9.11,7060700.0,64550675.0,495580000.0,0.014247346543444046,605188
2023-10-24,9.17,9.35,9.01,9.28,7373300.0,67892585.0,495580000.0,0.014878122603817748,605188
2023-10-25,9.28,9.6,9.22,9.42,7796400.0,73692980.0,495580000.0,0.01573186972839905,605188
2023-10-26,9.42,9.48,9.27,9.44,6369700.0,59687293.0,495580000.0,0.01285302070301465,605188
2023-10-27,9.48,9.48,9.32,9.34,4294700.0,40260173.0,495580000.0,0.00866600750635619,605188
2023-10-30,9.22,9.57,9.22,9.45,5465000.0,51699210.0,495580000.0,0.01102748294927156,605188
2023-10-31,9.45,9.69,9.42,9.5,5179800.0,49386059.0,495580000.0,0.0104519956414706,605188
2023-11-01,9.56,9.81,9.45,9.79,5827000.0,56423871.0,495580000.0,0.011757940191291012,605188
2023-11-02,9.72,9.8,9.66,9.7,4946800.0,48086375.0,495580000.0,0.00998183946083377,605188
2023-11-03,9.72,9.89,9.65,9.83,4825694.0,47216130.0,495580000.0,0.009737467210137617,605188
2023-11-06,9.87,10.02,9.76,9.99,5897800.0,58213596.0,495580000.0,0.011900803099398685,605188
2023-11-07,10.06,10.57,10.0,10.41,8986300.0,92678719.0,495580000.0,0.018132894789943097,605188
2023-11-08,10.4,10.55,10.2,10.39,8026106.0,83601478.0,495580000.0,0.016195379151701036,605188
2023-11-09,10.36,10.38,10.07,10.24,5758600.0,58810058.0,495580000.0,0.011619920093627669,605188
2023-11-10,10.2,10.58,10.16,10.53,6745000.0,70505094.0,495580000.0,0.013610315186246419,605188
2023-11-13,10.56,10.81,10.55,10.75,5110500.0,54722282.0,495580000.0,0.010312159489890633,605188
2023-11-14,10.78,10.89,10.67,10.79,5379346.0,57794325.0,495580000.0,0.01085464708018887,605188
2023-11-15,10.8,10.95,10.69,10.83,4978300.0,53890237.0,495580000.0,0.010045401347915574,605188
2023-11-16,10.84,11.03,10.83,10.97,4917800.0,53978751.0,495580000.0,0.009923322167964809,605188
2023-11-17,10.98,11.01,10.8,10.97,5312100.0,58062760.0,495580000.0,0.010718955567214174,605188
2023-11-20,10.96,11.05,10.51,10.6,8203200.0,87914554.0,495580000.0,0.016552726098712618,605188
2023-11-21,10.52,11.34,10.4,11.32,14488900.0,159885474.0,495580000.0,0.029236248436175793,605188
2023-11-22,11.22,12.35,11.17,11.92,13415800.0,157457652.0,495580000.0,0.0270709068162557,605188
2023-11-23,11.83,12.17,11.67,12.13,8821900.0,105643790.0,495580000.0,0.01780116227450664,605188
2023-11-24,12.13,12.3,11.95,12.07,7232835.0,87376911.0,495580000.0,0.014594687033375036,605188
2023-11-27,12.02,12.02,11.55,11.65,6978635.0,81574001.0,495580000.0,0.01408175269381331,605188
2023-11-28,11.59,11.75,11.2,11.63,9348095.0,107317120.0,495580000.0,0.018862938375237098,605188
2023-11-29,11.6,12.03,11.6,11.74,8413700.0,99508985.0,495580000.0,0.016977480931433874,605188
2023-11-30,11.7,11.82,11.51,11.6,5371000.0,62448811.0,495580000.0,0.01083780620686872,605188
2023-12-01,11.6,11.67,11.48,11.58,3796500.0,43948953.0,495580000.0,0.007660720771621131,605188
2023-12-04,11.54,11.62,11.4,11.47,4206200.0,48395064.0,495580000.0,0.008487428871221598,605188
2023-12-05,11.47,11.6,11.34,11.35,3076900.0,35149093.0,495580000.0,0.006208684773396828,605188
2023-12-06,11.28,11.42,10.22,10.22,11018094.0,118289284.0,495580000.0,0.022232725291577545,605188
2023-12-07,10.0,10.21,9.2,9.2,21573795.0,202412650.0,495580000.0,0.04353241656241172,605188
2023-12-08,8.88,9.17,8.7,8.77,15254073.0,135873267.0,495580000.0,0.030780243351224826,605188
2023-12-11,8.79,8.96,8.75,8.85,11343600.0,100364288.0,495580000.0,0.022889543565115623,605188
2023-12-12,8.8,9.01,8.77,8.95,7902700.0,70440604.0,495580000.0,0.015946365874329068,605188
2023-12-13,8.95,9.17,8.92,8.94,8494500.0,76834746.0,495580000.0,0.017140522216392912,605188
2023-12-14,8.94,9.07,8.89,8.92,4982400.0,44596275.0,495580000.0,0.010053674482424634,605188
2023-12-15,8.92,9.05,8.88,9.01,5159000.0,46310333.0,495580000.0,0.01041002461761976,605188
2023-12-18,9.01,9.01,8.83,8.9,4010293.0,35723419.0,495580000.0,0.008092120343839541,605188
2023-12-19,8.84,8.94,8.78,8.87,3145203.0,27816626.0,495580000.0,0.0063465091408047136,605188
2023-12-20,8.82,8.87,8.65,8.66,3432100.0,29966338.0,495580000.0,0.006925420719157351,605188
2023-12-21,8.63,8.73,8.49,8.68,3765700.0,32471249.0,495580000.0,0.007598571370918923,605188
2023-12-22,8.67,8.74,8.49,8.5,3167400.0,27169650.0,495580000.0,0.006391299083901691,605188
2023-12-25,8.54,8.54,8.26,8.33,4274400.0,35725232.0,495580000.0,0.008625045401347916,605188
2023-12-26,8.36,8.45,8.2,8.22,2304400.0,19092915.0,495580000.0,0.004649905161628798,605188
2023-12-27,8.22,8.4,8.17,8.37,3257003.0,26983805.0,495580000.0,0.006572103394002987,605188
2023-12-28,8.32,8.52,8.22,8.45,3322603.0,27956569.0,495580000.0,0.006704473546147948,605188
2023-12-29,8.46,8.6,8.33,8.51,6016400.0,50642870.0,495580000.0,0.012140118648855886,605188
2024-01-02,8.5,9.36,8.42,9.36,11688873.0,106633527.0,495580000.0,0.023586248436175794,605188
2024-01-03,9.33,9.42,8.97,9.03,20764663.0,189696523.0,495580000.0,0.04189971952056177,605188
2024-01-04,9.04,9.08,8.9,9.04,8479800.0,76460347.0,495580000.0,0.017110860002421405,605188
2024-01-05,9.08,9.18,8.78,8.81,6809900.0,60901696.0,495580000.0,0.013741272852011785,605188
2024-01-08,8.79,9.05,8.63,8.77,8362100.0,74064925.0,495580000.0,0.016873360506880826,605188
2024-01-09,8.88,9.05,8.78,8.91,10372300.0,92163274.0,495580000.0,0.020929617821542436,605188
2024-01-10,8.96,9.35,8.79,9.35,23524248.0,214809451.0,495580000.0,0.04746811412889947,605188
2024-01-11,9.16,9.3,9.01,9.21,15949706.0,145884244.0,495580000.0,0.03218391783364946,605188
2024-01-12,9.38,9.66,8.9,8.94,22863400.0,212687421.0,495580000.0,0.046134630130352315,605188
2024-01-15,8.76,9.83,8.61,9.83,25752444.0,246611393.0,495580000.0,0.05196425198757012,605188
2024-01-16,9.96,10.55,9.61,9.7,35798306.0,359378405.0,495580000.0,0.07223517091085194,605188
2024-01-17,9.76,9.92,9.17,9.24,19961240.0,189174254.0,495580000.0,0.04027854231405626,605188
2024-01-18,9.16,9.23,8.58,9.0,16101310.0,142164438.0,495580000.0,0.03248983009806691,605188
2024-01-19,9.04,9.06,8.63,8.65,12379408.0,108788671.0,495580000.0,0.0249796359820816,605188
2024-01-22,8.54,8.63,7.79,7.79,12769008.0,103635693.0,495580000.0,0.025765785544210825,605188
2024-01-23,7.79,7.81,7.45,7.76,7555000.0,57867104.0,495580000.0,0.01524476371120707,605188
2024-01-24,7.67,8.1,7.67,8.02,8006252.0,63537236.0,495580000.0,0.016155317002300336,605188
2024-01-25,8.08,8.23,7.88,8.21,6929700.0,55867253.0,495580000.0,0.013983009806691149,605188
2024-01-26,8.18,8.4,8.11,8.26,6652390.0,55022842.0,495580000.0,0.013423443238225917,605188
2024-01-29,8.2,8.33,7.76,7.8,4935640.0,39120545.0,495580000.0,0.009959320392267646,605188
2024-01-30,7.7,7.8,7.4,7.4,3938040.0,29832111.0,495580000.0,0.007946325517575367,605188
2024-01-31,7.41,7.48,6.97,7.02,5294300.0,38165012.0,495580000.0,0.010683038056418742,605188
2024-02-01,7.04,7.06,6.76,6.91,4793400.0,33138542.0,495580000.0,0.009672303159933815,605188
2024-02-02,6.96,7.15,6.38,6.7,5970300.0,40550247.0,495580000.0,0.012047096331571088,605188
2024-02-05,6.62,6.62,6.03,6.03,5988700.0,36638908.0,495580000.0,0.012084224544977602,605188
2024-02-06,5.77,5.87,5.43,5.58,10088303.0,55885685.0,495580000.0,0.020356557972476694,605188
2024-02-07,5.52,5.6,5.02,5.02,9741120.0,50152772.0,495580000.0,0.01965599903143791,605188
2024-02-08,4.71,5.44,4.55,5.38,12192852.0,61240847.0,495580000.0,0.024603196254893257,605188
2024-02-19,5.38,5.82,5.38,5.77,9685237.0,54731908.0,495580000.0,0.019543236208079424,605188
2024-02-20,5.79,5.99,5.56,5.93,6926827.0,40407498.0,495580000.0,0.013977212559021752,605188
2024-02-21,5.89,6.44,5.77,6.18,7194100.0,44473331.0,495580000.0,0.014516526090641269,605188
2024-02-22,6.18,6.43,6.02,6.41,5135900.0,32393992.0,495580000.0,0.010363412567093102,605188
2024-02-23,6.49,6.73,6.4,6.63,6956800.0,45441254.0,495580000.0,0.014037693207958352,605188
2024-02-26,6.63,7.09,6.55,7.01,7549200.0,51976918.0,495580000.0,0.015233060252633279,605188
2024-02-27,7.01,7.37,6.81,7.2,7362437.0,52575931.0,495580000.0,0.01485620283304411,605188
2024-02-28,7.2,7.33,6.48,6.48,10702900.0,74216196.0,495580000.0,0.0215967149602486,605188
2024-02-29,6.24,6.69,6.2,6.66,7323300.0,48037536.0,495580000.0,0.014777230719560918,605188
2024-03-01,6.74,6.8,6.48,6.68,5469800.0,36269505.0,495580000.0,0.011037168570160216,605188
2024-03-04,6.7,6.76,6.42,6.6,4748000.0,31103800.0,495580000.0,0.009580693329028613,605188
2024-03-05,6.6,6.6,6.45,6.49,3754200.0,24500701.0,495580000.0,0.007575366237539852,605188
2024-03-06,6.47,6.73,6.45,6.7,4899900.0,32337314.0,495580000.0,0.009887202873400863,605188
2024-03-07,6.74,7.02,6.62,6.7,5674300.0,38562878.0,495580000.0,0.011449816376770653,605188
2024-03-08,6.7,6.78,6.6,6.78,4727700.0,31694342.0,495580000.0,0.00953973122402034,605188
2024-03-11,6.93,7.37,6.87,7.37,9651000.0,68331518.0,495580000.0,0.0194741514992534,605188
2024-03-12,7.39,7.42,7.13,7.34,9416600.0,68587643.0,495580000.0,0.01900117034585738,605188
2024-03-13,7.3,7.68,7.3,7.53,7001500.0,52456130.0,495580000.0,0.014127890552483958,605188
2024-03-14,7.51,8.0,7.48,7.85,9545000.0,73945642.0,495580000.0,0.01926026070462892,605188
2024-03-15,7.85,8.06,7.79,8.05,8224200.0,65142888.0,495580000.0,0.01659510069010049,605188
2024-03-18,8.06,8.43,8.06,8.32,9736600.0,80993976.0,495580000.0,0.019646878405101095,605188
2024-03-19,8.29,8.35,8.09,8.19,6606900.0,54263604.0,495580000.0,0.013331651801929053,605188
2024-03-20,8.19,8.44,8.18,8.36,8956000.0,74573087.0,495580000.0,0.018071754308083457,605188
2024-03-21,8.37,8.42,8.16,8.25,5949300.0,49110813.0,495580000.0,0.01200472174018322,605188
2024-03-22,8.15,8.33,8.15,8.22,5722300.0,47176451.0,495580000.0,0.01154667258565721,605188
2024-03-25,8.24,8.52,8.24,8.33,7284720.0,60929036.0,495580000.0,0.014699382541668348,605188
2024-03-26,8.33,8.49,8.24,8.45,5109500.0,42799207.0,495580000.0,0.010310141652205496,605188
2024-03-27,8.53,8.62,8.26,8.33,5019200.0,42136026.0,495580000.0,0.010127930909237661,605188
2024-03-28,8.33,8.56,8.2,8.44,5690299.0,47784969.0,495580000.0,0.011482099761895154,605188
2024-03-29,8.5,8.53,8.36,8.53,4179900.0,35296487.0,495580000.0,0.008434359740102506,605188
2024-04-01,8.53,8.95,8.53,8.95,5738800.0,50220613.0,495580000.0,0.011579966907461964,605188
2024-04-02,8.92,9.08,8.9,8.92,6071900.0,54563889.0,495580000.0,0.012252108640380968,605188
2024-04-03,8.98,9.04,8.79,9.01,4145700.0,37104941.0,495580000.0,0.008365349691270833,605188
2024-04-08,9.02,9.14,8.84,8.88,4713200.0,42370840.0,495580000.0,0.009510472577585858,605188
2024-04-09,8.85,8.92,8.6,8.9,6664100.0,58628460.0,495580000.0,0.013447072117518867,605188
2024-04-10,9.03,9.33,8.9,9.25,7942600.0,72648853.0,495580000.0,0.01602687759796602,605188
2024-04-11,9.19,9.57,8.33,8.33,10926700.0,98062612.0,495580000.0,0.02204830703418217,605188
2024-04-12,8.29,8.29,7.55,8.11,16140420.0,129767241.0,495580000.0,0.0325687477299326,605188
2024-04-15,7.65,7.93,7.3,7.3,7321499.0,54392388.0,495580000.0,0.014773596593889987,605188
2024-04-16,6.57,6.66,6.57,6.57,1948600.0,12811692.0,495580000.0,0.003931958513257194,605188
2024-04-17,6.28,7.04,6.28,6.99,11775199.0,80035978.0,495580000.0,0.023760440292182897,605188
2024-04-18,7.01,7.48,7.0,7.31,10890000.0,79872283.0,495580000.0,0.021974252391137657,605188
2024-04-19,7.3,7.31,6.68,7.01,9661100.0,67571388.0,495580000.0,0.01949453165987328,605188
2024-04-22,6.95,7.05,6.55,6.7,5524900.0,37285036.0,495580000.0,0.011148351426611244,605188
2024-04-23,6.73,6.95,6.73,6.85,4226700.0,28997035.0,495580000.0,0.008528794543766899,605188
2024-04-24,6.82,7.2,6.76,6.93,6063800.0,42260161.0,495580000.0,0.01223576415513136,605188
2024-04-25,6.88,6.97,6.72,6.81,4588900.0,31446389.0,495580000.0,0.009259655353323378,605188
2024-04-26,6.88,7.18,6.88,7.08,7696100.0,54190712.0,495580000.0,0.015529480608579846,605188
2024-04-29,7.08,7.38,7.07,7.38,5765500.0,41850025.0,495580000.0,0.01163384317365511,605188
2024-04-30,7.31,7.45,7.01,7.16,5485500.0,39344836.0,495580000.0,0.011068848621816861,605188
2024-05-06,7.3,7.59,7.3,7.52,5978400.0,44476481.0,495580000.0,0.012063440816820694,605188
2024-05-07,7.5,7.6,7.44,7.56,4249200.0,31984888.0,495580000.0,0.008574195891682472,605188
2024-05-08,7.58,7.66,7.41,7.45,4351600.0,32721351.0,495580000.0,0.008780822470640461,605188
2024-05-09,7.45,7.61,7.45,7.55,3149300.0,23788837.0,495580000.0,0.006354776221800719,605188
2024-05-10,7.57,7.57,7.32,7.43,3310500.0,24538603.0,495580000.0,0.00668005165664474,605188
2024-05-13,7.37,7.4,7.16,7.18,3138503.0,22738464.0,495580000.0,0.006332989628314298,605188
2024-05-14,7.19,7.4,7.19,7.33,3151100.0,23104242.0,495580000.0,0.0063584083296339645,605188
2024-05-15,7.35,7.4,7.25,7.29,2884103.0,21131929.0,495580000.0,0.005819651721215545,605188
2024-05-16,7.36,7.55,7.33,7.51,3637700.0,27176233.0,495580000.0,0.007340288147221438,605188
2024-05-17,7.57,7.58,7.33,7.43,4554300.0,33852470.0,495580000.0,0.009189838169417652,605188
2024-05-20,7.42,7.47,7.33,7.36,3149900.0,23303173.0,495580000.0,0.006355986924411801,605188
2024-05-21,7.45,7.45,7.23,7.33,1949900.0,14245713.0,495580000.0,0.003934581702247871,605188
2024-05-22,7.38,7.5,7.34,7.46,2820700.0,21006492.0,495580000.0,0.005691714758464829,605188
2024-05-23,7.38,7.44,7.17,7.21,3524000.0,25590008.0,495580000.0,0.007110860002421405,605188
2024-05-24,7.21,7.27,7.15,7.17,2097500.0,15106620.0,495580000.0,0.004232414544574035,605188
2024-05-27,7.24,7.26,7.04,7.2,2857200.0,20375971.0,495580000.0,0.005765365833972315,605188
2024-05-28,7.2,7.23,7.06,7.07,3227200.0,23037812.0,495580000.0,0.00651196577747286,605188
2024-05-29,7.09,7.16,6.97,7.04,2413700.0,17025996.0,495580000.0,0.00487045482061423,605188
2024-05-30,6.9,7.1,6.9,6.94,2512400.0,17579937.0,495580000.0,0.005069615400137213,605188
2024-05-31,6.99,7.01,6.9,6.93,2285300.0,15877528.0,495580000.0,0.00461136446184269,605188
2024-06-03,6.99,6.99,6.7,6.8,2875200.0,19572688.0,495580000.0,0.005801686912304775,605188
2024-06-04,6.75,6.78,6.58,6.66,2556500.0,16989738.0,495580000.0,0.005158602042051737,605188
2024-06-05,6.69,6.7,6.33,6.36,3593900.0,23234821.0,495580000.0,0.007251906856612454,605188
2024-06-06,6.43,6.45,5.9,6.08,5557700.0,34022917.0,495580000.0,0.011214536502683723,605188
2024-06-07,6.13,6.69,6.13,6.52,12174300.0,78979279.0,495580000.0,0.024565761330158604,605188
2024-06-11,6.23,6.79,6.18,6.68,12114700.0,80009194.0,495580000.0,0.02444549820412446,605188
2024-06-12,6.68,7.08,6.62,7.01,9549600.0,66099241.0,495580000.0,0.019269542757980547,605188
2024-06-13,7.01,7.15,6.77,7.0,7016589.0,48656243.0,495580000.0,0.014158337705314985,605188
2024-06-14,7.03,7.36,6.97,7.26,8785089.0,63144464.0,495580000.0,0.017726883651479074,605188
2024-06-17,7.37,7.47,7.09,7.15,8673235.0,63004367.0,495580000.0,0.017501180435045807,605188
2024-06-18,7.16,7.56,7.16,7.43,7542900.0,55554885.0,495580000.0,0.015220347875216917,605188
2024-06-19,7.39,7.49,7.35,7.37,3653300.0,27055688.0,495580000.0,0.007371766415109568,605188
2024-06-20,7.38,7.43,7.15,7.21,4256300.0,30949137.0,495580000.0,0.008588522539246943,605188
2024-06-21,7.2,7.42,7.12,7.3,4001100.0,29059666.0,495580000.0,0.008073570362000081,605188
2024-06-24,7.28,7.36,7.19,7.28,2917124.0,21175849.0,495580000.0,0.005886282739416442,605188
2024-06-25,7.3,7.66,7.29,7.33,5265300.0,39340835.0,495580000.0,0.01062452076354978,605188
2024-06-26,7.23,7.69,7.19,7.66,6079000.0,45319277.0,495580000.0,0.012266435287945437,605188
2024-06-27,7.55,7.79,7.55,7.65,4074500.0,31244228.0,495580000.0,0.008221679648089108,605188
2024-06-28,7.63,7.83,7.61,7.75,3918400.0,30348940.0,495580000.0,0.007906695185439284,605188
2024-07-01,7.76,7.79,7.42,7.58,4283800.0,32404316.0,495580000.0,0.0086440130755882,605188
2024-07-02,7.57,7.76,7.55,7.73,4463000.0,34286746.0,495580000.0,0.00900560958876468,605188
2024-07-03,7.7,7.87,7.65,7.86,5240441.0,40896769.0,495580000.0,0.010574359336534968,605188
2024-07-04,7.87,7.95,7.74,7.85,5115350.0,40109363.0,495580000.0,0.010321946002663545,605188
2024-07-05,7.82,8.06,7.77,8.06,5530300.0,44113198.0,495580000.0,0.011159247750110981,605188
2024-07-08,8.02,8.14,7.94,7.98,4404200.0,35357942.0,495580000.0,0.008886960732878648,605188
2024-07-09,7.95,8.04,7.18,7.18,8222500.0,60868683.0,495580000.0,0.016591670366035757,605188
2024-07-10,7.34,7.9,7.33,7.9,14073206.0,107776698.0,495580000.0,0.028397445417490615,605188
2024-07-11,7.9,8.2,7.75,8.05,13646006.0,108728925.0,495580000.0,0.027535425158400257,605188
2024-07-12,7.98,8.43,7.95,8.36,9079700.0,74808944.0,495580000.0,0.018321360829734856,605188
2024-07-15,8.36,8.63,8.23,8.54,8225800.0,69679171.0,495580000.0,0.016598329230396707,605188
2024-07-16,8.56,8.82,8.46,8.81,5845635.0,50786582.0,495580000.0,0.011795542596553533,605188
2024-07-17,8.78,8.9,8.59,8.77,6418300.0,56246596.0,495580000.0,0.012951087614512288,605188
2024-07-18,8.77,9.04,8.7,9.03,6825700.0,60635053.0,495580000.0,0.013773154687436943,605188
2024-07-19,9.0,9.3,8.97,9.23,4992589.0,45651059.0,495580000.0,0.010074234230598491,605188
2024-07-22,9.21,9.25,8.31,8.31,14758400.0,124622651.0,495580000.0,0.02978005569232011,605188
2024-07-23,8.38,8.39,7.61,7.83,12710200.0,100771289.0,495580000.0,0.02564712054562331,605188
2024-07-24,7.87,8.61,7.83,8.2,23888292.0,199836214.0,495580000.0,0.04820269583114734,605188
2024-07-25,8.11,8.15,7.65,7.87,16038541.0,126247851.0,495580000.0,0.032363172444408575,605188
2024-07-26,7.88,8.2,7.84,8.15,6558041.0,52454859.0,495580000.0,0.013233062270470964,605188
2024-07-29,8.22,8.7,8.17,8.49,7358900.0,62243587.0,495580000.0,0.014849065741151782,605188
2024-07-30,8.62,8.62,8.28,8.37,8382500.0,70668235.0,495580000.0,0.016914524395657615,605188
2024-07-31,8.41,8.45,7.8,8.01,10656000.0,85529411.0,495580000.0,0.021502078372815692,605188
2024-08-01,7.95,8.08,7.86,7.9,6203300.0,49319745.0,495580000.0,0.012517252512207918,605188
2024-08-02,7.89,8.03,7.85,7.96,6176800.0,49128680.0,495580000.0,0.012463779813551798,605188
2024-08-05,7.94,8.04,7.16,7.16,6964600.0,52177723.0,495580000.0,0.014053432341902417,605188
2024-08-06,6.44,6.85,6.44,6.81,19690900.0,129346618.0,495580000.0,0.039733040074256425,605188
2024-08-07,6.5,6.75,6.44,6.64,15729839.0,103202583.0,495580000.0,0.03174026191533153,605188
2024-08-08,6.5,7.3,6.45,7.3,16783940.0,115337822.0,495580000.0,0.033867266637071715,605188
2024-08-09,7.51,7.62,6.92,7.22,17490000.0,125891979.0,495580000.0,0.035291981113039265,605188
2024-08-12,7.13,7.17,6.71,6.73,10519900.0,72462595.0,495580000.0,0.021227450663868597,605188
2024-08-13,6.73,6.83,6.65,6.8,5265335.0,35481516.0,495580000.0,0.01062459138786876,605188
2024-08-14,6.8,6.93,6.76,6.88,4190100.0,28708054.0,495580000.0,0.0084549416844909,605188
2024-08-15,7.45,7.47,6.63,6.74,10062399.0,68510224.0,495580000.0,0.020304287905080914,605188
2024-08-16,6.75,6.75,6.48,6.5,8546300.0,56128627.0,495580000.0,0.01724504620848299,605188
2024-08-19,6.43,6.55,6.35,6.46,4446140.0,28733279.0,495580000.0,0.008971588845393277,605188
2024-08-20,6.39,6.45,6.23,6.28,4841300.0,30490661.0,495580000.0,0.009768957585051858,605188
2024-08-21,6.27,6.32,6.21,6.27,2997040.0,18764649.0,495580000.0,0.006047540255861818,605188
2024-08-22,6.22,6.35,6.19,6.2,3741200.0,23501899.0,495580000.0,0.007549134347633077,605188
2024-08-23,6.2,6.25,6.11,6.2,3111163.0,19244368.0,495580000.0,0.006277821946002664,605188
2024-08-26,6.25,6.28,6.1,6.22,2962700.0,18417016.0,495580000.0,0.0059782477097542275,605188
2024-08-27,6.2,6.21,6.07,6.1,2927800.0,17923186.0,495580000.0,0.00590782517454296,605188
2024-08-28,6.14,6.28,6.08,6.14,4398056.0,27115457.0,495580000.0,0.008874563138141167,605188
2024-08-29,6.06,6.2,6.01,6.16,4076400.0,24962775.0,495580000.0,0.008225513539690867,605188
2024-08-30,6.12,6.39,6.12,6.31,5196900.0,32625354.0,495580000.0,0.010486500665886436,605188
2024-09-02,6.28,6.33,6.11,6.12,4393500.0,27345576.0,495580000.0,0.008865369869647685,605188
2024-09-03,6.1,6.15,6.0,6.14,3746400.0,22795090.0,495580000.0,0.007559627103595787,605188
2024-09-04,6.11,6.12,5.98,5.98,5356400.0,32343200.0,495580000.0,0.010808345776665725,605188
2024-09-05,6.02,6.21,6.0,6.17,5723600.0,34881448.0,495580000.0,0.011549295774647887,605188
2024-09-06,6.19,6.33,6.11,6.15,5803500.0,36015119.0,495580000.0,0.011710521005690302,605188
2024-09-09,6.1,6.3,6.01,6.23,4678200.0,29055600.0,495580000.0,0.009439848258606078,605188
2024-09-10,6.23,6.26,6.02,6.13,5039100.0,30681891.0,495580000.0,0.01016808587917188,605188
2024-09-11,6.1,6.11,6.01,6.03,3683200.0,22270212.0,495580000.0,0.007432099761895153,605188
2024-09-12,6.04,6.11,6.02,6.04,2704600.0,16403283.0,495580000.0,0.005457443803220469,605188
2024-09-13,6.05,6.07,5.91,5.93,2643700.0,15793901.0,495580000.0,0.00533455748819565,605188
2024-09-18,5.94,5.96,5.75,5.93,3267800.0,19094984.0,495580000.0,0.0065938899874894066,605188
2024-09-19,5.93,6.24,5.93,6.2,5036700.0,30990551.0,495580000.0,0.010163243068727552,605188
2024-09-20,6.18,6.23,6.11,6.22,3333500.0,20570796.0,495580000.0,0.0067264619234028815,605188
2024-09-23,6.23,6.25,6.15,6.16,1925400.0,11933224.0,495580000.0,0.0038851446789620243,605188
2024-09-24,6.21,6.41,6.2,6.41,5136400.0,32418453.0,495580000.0,0.01036442148593567,605188
2024-09-25,6.43,6.61,6.34,6.38,6454000.0,41765655.0,495580000.0,0.013023124419871666,605188
2024-09-26,6.35,6.7,6.35,6.7,7499900.0,48926327.0,495580000.0,0.015133580854756043,605188
2024-09-27,6.8,6.98,6.72,6.95,6077800.0,41707668.0,495580000.0,0.012264013882723274,605188
2024-09-30,7.2,7.54,6.87,7.46,15340205.0,111227150.0,495580000.0,0.030954043746721015,605188
2024-10-08,8.15,8.2,7.16,7.51,16390200.0,125478711.0,495580000.0,0.033072763226926025,605188
2024-10-09,7.37,7.37,6.76,6.76,9852600.0,68502155.0,495580000.0,0.01988094757657694,605188
2024-10-10,6.76,7.14,6.67,6.94,7722107.0,53235693.0,495580000.0,0.015581958513257194,605188
2024-10-11,6.98,7.14,6.8,6.93,5931449.0,41278022.0,495580000.0,0.011968701319665846,605188
2024-10-14,6.9,6.92,6.7,6.91,5429937.0,37074268.0,495580000.0,0.010956731506517615,605188
2024-10-15,6.81,7.01,6.76,6.8,4694400.0,32281598.0,495580000.0,0.00947253722910529,605188
2024-10-16,6.7,6.84,6.65,6.82,4088300.0,27639587.0,495580000.0,0.008249525808143993,605188
2024-10-17,6.82,6.93,6.6,6.63,5269700.0,35501108.0,495580000.0,0.010633399249364382,605188
2024-10-18,6.65,6.87,6.59,6.77,5817025.0,39234021.0,495580000.0,0.011737812260381775,605188
2024-10-21,6.77,6.82,6.68,6.73,4638900.0,31296227.0,495580000.0,0.00936054723758021,605188
2024-10-22,6.75,6.92,6.7,6.91,6128137.0,42002434.0,495580000.0,0.012365585778279994,605188
2024-10-23,6.92,7.16,6.9,6.98,6798137.0,47734594.0,495580000.0,0.013717537027321522,605188
2024-10-24,6.95,7.05,6.88,6.91,3992847.0,27731835.0,495580000.0,0.008056917147584648,605188
2024-10-25,6.9,7.06,6.9,6.99,4277200.0,29894254.0,495580000.0,0.008630695346866299,605188
2024-10-28,6.99,7.23,6.99,7.23,5730900.0,41027960.0,495580000.0,0.011564025989749385,605188
2024-10-29,7.19,7.29,6.96,7.0,6693600.0,47224816.0,495580000.0,0.013506598329230396,605188
2024-10-30,6.99,7.11,6.89,6.97,4728800.0,33149570.0,495580000.0,0.00954195084547399,605188
2024-10-31,6.91,6.97,6.8,6.85,4921600.0,33768195.0,495580000.0,0.009930989951168328,605188
2024-11-01,6.82,6.82,6.6,6.69,6958200.0,46727572.0,495580000.0,0.014040518180717543,605188
2024-11-04,6.69,6.85,6.64,6.85,4412700.0,29865236.0,495580000.0,0.008904112353202308,605188
2024-11-05,6.85,6.97,6.81,6.97,5861800.0,40390988.0,495580000.0,0.011828160942733767,605188
2024-11-06,6.97,7.03,6.88,6.98,5051300.0,35167091.0,495580000.0,0.010192703498930545,605188
2024-11-07,6.96,7.45,6.93,7.4,11511815.0,84053128.0,495580000.0,0.023228974131320877,605188
2024-11-08,7.4,7.43,7.16,7.22,8405400.0,60988487.0,495580000.0,0.01696073287864724,605188
2024-11-11,7.14,7.21,7.04,7.18,5147400.0,36559110.0,495580000.0,0.010386617700472174,605188
2024-11-12,7.18,7.34,7.1,7.21,6814800.0,49380049.0,495580000.0,0.013751160256668954,605188
2024-11-13,7.19,7.28,7.01,7.14,5251300.0,37390015.0,495580000.0,0.010596271035957868,605188
2024-11-14,7.19,7.19,6.85,6.87,4926800.0,34413370.0,495580000.0,0.00994148270713104,605188
2024-11-15,6.89,7.03,6.78,6.79,4632107.0,31978561.0,495580000.0,0.009346840066185077,605188
2024-11-18,6.8,6.91,6.6,6.64,5880800.0,39513883.0,495580000.0,0.011866499858751363,605188
2024-11-19,6.65,6.77,6.59,6.77,4420600.0,29454927.0,495580000.0,0.008920053270914888,605188
2024-11-20,6.77,6.96,6.72,6.95,4990207.0,34306727.0,495580000.0,0.010069427741232496,605188
2024-11-21,6.95,6.97,6.83,6.94,3465500.0,23950185.0,495580000.0,0.006992816497840913,605188
2024-11-22,6.94,6.99,6.66,6.67,3917200.0,26890777.0,495580000.0,0.00790427378021712,605188
2024-11-25,6.7,6.86,6.65,6.82,3842100.0,25997675.0,495580000.0,0.00775273417006336,605188
2024-11-26,6.82,6.97,6.79,6.9,3681700.0,25453881.0,495580000.0,0.007429073005367448,605188
2024-11-27,6.93,6.99,6.63,6.97,5109500.0,34728218.0,495580000.0,0.010310141652205496,605188
2024-11-28,6.98,7.18,6.96,7.13,6870000.0,48930726.0,495580000.0,0.013862544896888495,605188
2024-11-29,7.12,7.29,7.08,7.23,7174300.0,51771905.0,495580000.0,0.014476572904475564,605188
2024-12-02,7.23,7.46,7.2,7.42,7375700.0,54432651.0,495580000.0,0.014882965414262078,605188
2024-12-03,7.4,7.46,7.33,7.38,5729900.0,42338098.0,495580000.0,0.011562008152064249,605188
2024-12-04,7.32,8.12,7.24,8.12,17037500.0,135557062.0,495580000.0,0.03437890956051495,605188
2024-12-05,8.2,8.77,7.81,8.47,39153490.0,322614842.0,495580000.0,0.07900538762661931,605188
2024-12-06,8.07,8.12,7.75,7.87,26829620.0,211812069.0,495580000.0,0.05413781831389483,605188
2024-12-09,7.8,7.92,7.66,7.72,16579616.0,128325056.0,495580000.0,0.03345497396989386,605188
2024-12-10,7.99,8.42,7.82,8.13,30408700.0,247402205.0,495580000.0,0.06135982081601356,605188
2024-12-11,8.06,8.52,8.01,8.46,24766900.0,206416931.0,495580000.0,0.049975584164009844,605188
2024-12-12,8.35,9.31,8.2,9.05,35926000.0,315902521.0,495580000.0,0.07249283667621777,605188
2024-12-13,8.75,8.75,8.4,8.44,23832400.0,204166871.0,495580000.0,0.048089914847249685,605188
2024-12-16,8.4,9.19,8.33,8.66,22973800.0,200677224.0,495580000.0,0.046357399410791394,605188
2024-12-17,8.42,8.5,7.92,7.98,18434490.0,150020724.0,495580000.0,0.03719780862827394,605188
2024-12-18,7.97,7.99,7.75,7.9,11070600.0,86985462.0,495580000.0,0.022338673877073327,605188
2024-12-19,7.75,7.86,7.55,7.7,7754990.0,59483856.0,495580000.0,0.01564831106985754,605188
2024-12-20,7.85,7.9,7.63,7.71,6032600.0,46882129.0,495580000.0,0.0121728076193551,605188
2024-12-23,7.67,7.71,7.18,7.24,7689100.0,56644091.0,495580000.0,0.015515355744783889,605188
2024-12-24,7.29,7.34,7.1,7.22,5420100.0,38906072.0,495580000.0,0.010936882037208927,605188
2024-12-25,7.19,7.5,6.84,7.22,9616000.0,68724058.0,495580000.0,0.01940352718027362,605188
2024-12-26,7.22,7.68,7.22,7.64,10620700.0,79855390.0,495580000.0,0.02143084870253037,605188
2024-12-27,7.55,7.88,7.41,7.73,10268400.0,79241392.0,495580000.0,0.02071996448605674,605188
2024-12-30,7.73,7.78,7.4,7.67,7400600.0,55874223.0,495580000.0,0.014933209572621979,605188
2024-12-31,7.65,8.2,7.56,7.64,11520500.0,90157465.0,495580000.0,0.023246499051616288,605188
