日期,开盘,最高,最低,收盘,成交量,成交额,outstanding_share,换手率,股票代码
2020-01-02,42.64,42.79,42.05,42.47,981464.0,41630565.0,22774941.0,0.04309403040824562,688011
2020-01-03,42.5,43.33,42.39,43.18,1372746.0,58867421.0,22774941.0,0.06027440422348405,688011
2020-01-06,44.0,45.15,43.72,43.91,1984690.0,87897819.0,22774941.0,0.08714358469688242,688011
2020-01-07,43.68,44.11,43.02,43.89,1340431.0,58376740.0,22774941.0,0.05885552019651774,688011
2020-01-08,44.07,48.21,44.07,47.39,4307331.0,201078755.0,22774941.0,0.18912589060055085,688011
2020-01-09,45.95,47.65,45.58,47.61,2978580.0,139477388.0,22774941.0,0.13078321476222485,688011
2020-01-10,47.39,47.56,46.38,46.54,1856005.0,86929640.0,22774941.0,0.08149329563576037,688011
2020-01-13,46.82,46.82,45.3,46.36,1401354.0,64275489.0,22774941.0,0.0615305216377948,688011
2020-01-14,46.35,47.5,46.06,46.77,1744645.0,81420255.0,22774941.0,0.07660371106998697,688011
2020-01-15,46.74,46.94,45.45,45.53,1040667.0,47890923.0,22774941.0,0.04569351024883006,688011
2020-01-16,45.61,46.79,45.61,46.36,1376229.0,63844953.0,22774941.0,0.06042733546488661,688011
2020-01-17,46.51,51.89,46.51,50.28,4439978.0,218156123.0,22774941.0,0.19495014279071018,688011
2020-01-20,50.0,51.68,47.33,49.39,3446459.0,172218355.0,22774941.0,0.15132680255900552,688011
2020-01-21,49.87,50.8,47.96,48.09,1906178.0,93732200.0,22774941.0,0.08369628707270856,688011
2020-01-22,47.77,48.0,45.0,47.09,2521482.0,116734281.0,23949856.0,0.10528171860407011,688011
2020-01-23,46.67,48.48,45.27,45.53,1898197.0,88828904.0,23949856.0,0.07925713624332438,688011
2020-02-03,36.63,38.62,36.42,36.42,3266693.0,120703587.0,23949856.0,0.13639718752379973,688011
2020-02-04,36.3,39.97,36.3,39.29,3131799.0,120981143.0,23949856.0,0.130764836331375,688011
2020-02-05,39.29,44.9,39.01,44.3,4327604.0,183105864.0,23949856.0,0.1806943640913749,688011
2020-02-06,45.95,46.0,43.62,44.95,3776141.0,169886609.0,23949856.0,0.15766863065899017,688011
2020-02-07,45.4,49.49,44.8,48.42,4931648.0,230735776.0,23949856.0,0.20591555957580707,688011
2020-02-10,48.4,50.8,47.36,48.98,4313969.0,209821714.0,23949856.0,0.18012504960363854,688011
2020-02-11,48.09,49.0,45.5,46.0,2881688.0,134976790.0,23949856.0,0.1203217255251973,688011
2020-02-12,45.81,47.96,45.65,47.44,2256031.0,106162646.0,23949856.0,0.09419810290299867,688011
2020-02-13,47.65,50.0,47.1,48.81,4341540.0,213055275.0,23949856.0,0.1812762465043631,688011
2020-02-14,48.2,49.0,46.73,47.29,3099583.0,147976011.0,23949856.0,0.1294196925442892,688011
2020-02-17,47.78,52.46,47.55,52.25,5092515.0,255051478.0,23949856.0,0.21263238492957953,688011
2020-02-18,52.6,53.37,50.22,51.95,4545279.0,235056600.0,23949856.0,0.18978314525147877,688011
2020-02-19,51.02,51.6,50.3,50.35,2836678.0,144477610.0,23949856.0,0.11844238228405214,688011
2020-02-20,50.16,50.8,48.2,49.82,2592652.0,128448813.0,23949856.0,0.10825334398670289,688011
2020-02-21,49.6,50.5,49.3,49.64,1962168.0,97786750.0,23949856.0,0.08192817526752562,688011
2020-02-24,48.51,49.19,47.35,48.9,2602796.0,125789291.0,23949856.0,0.10867689559386078,688011
2020-02-25,47.35,48.95,46.76,48.03,2140351.0,102568001.0,23949856.0,0.08936801123146627,688011
2020-02-26,48.0,49.33,46.0,46.32,2348699.0,112833620.0,23949856.0,0.09806735372438147,688011
2020-02-27,46.35,46.88,44.5,44.95,1958633.0,88544783.0,23949856.0,0.08178057521514952,688011
2020-02-28,43.91,43.91,41.0,41.13,2218706.0,93496055.0,23949856.0,0.09263963841786774,688011
2020-03-02,42.18,43.43,41.51,43.28,1540307.0,65884325.0,23949856.0,0.0643138313649986,688011
2020-03-03,43.84,45.79,43.62,44.19,2046803.0,91690900.0,23949856.0,0.08546201697413129,688011
2020-03-04,43.73,44.52,43.0,44.25,1379374.0,60393784.0,23949856.0,0.05759425025352971,688011
2020-03-05,44.62,45.47,44.36,44.78,1273963.0,57087145.0,23949856.0,0.053192929427216595,688011
2020-03-06,44.55,44.55,43.52,43.83,1065133.0,46865481.0,23949856.0,0.04447346155233668,688011
2020-03-09,43.13,43.45,41.52,41.6,1323670.0,55957616.0,23949856.0,0.05526839075775654,688011
2020-03-10,40.98,42.66,40.02,42.52,1328371.0,55403249.0,23949856.0,0.05546467586276928,688011
2020-03-11,42.76,43.98,42.38,42.38,1371062.0,59302719.0,23949856.0,0.05724719179939954,688011
2020-03-12,41.71,42.32,40.4,41.36,1185257.0,48753563.0,23949856.0,0.04948910757542759,688011
2020-03-13,39.68,40.93,39.0,40.5,1300692.0,51961379.0,23949856.0,0.05430896954035966,688011
2020-03-16,41.24,41.37,38.36,38.75,1192105.0,47567808.0,23949856.0,0.04977503831338276,688011
2020-03-17,39.0,39.67,37.3,38.8,985555.0,37904963.0,23949856.0,0.04115076934074259,688011
2020-03-18,39.21,39.94,38.06,38.42,980551.0,38541269.0,23949856.0,0.04094183280266904,688011
2020-03-19,38.42,38.92,37.77,38.86,850759.0,32686433.0,23949856.0,0.035522510030958014,688011
2020-03-20,38.99,39.65,38.51,39.11,740319.0,28971373.0,23949856.0,0.03091120881895908,688011
2020-03-23,38.5,38.5,37.06,37.24,1006852.0,37954355.0,23949856.0,0.04204000224468991,688011
2020-03-24,37.83,38.17,37.13,38.0,773755.0,29277136.0,23949856.0,0.03230729236952406,688011
2020-03-25,38.8,39.55,38.5,38.79,686305.0,26790421.0,23949856.0,0.028655913421775897,688011
2020-03-26,38.93,38.93,38.31,38.5,501297.0,19365710.0,23949856.0,0.020931107059683367,688011
2020-03-27,39.0,39.09,38.0,38.2,609546.0,23512892.0,23949856.0,0.025450925466942265,688011
2020-03-30,38.19,38.19,36.0,36.43,994066.0,36550935.0,23949856.0,0.041506136821866484,688011
2020-03-31,36.84,37.1,36.28,36.48,573435.0,21042593.0,23949856.0,0.023943150221863548,688011
2020-04-01,36.79,37.06,36.34,36.71,438502.0,16151960.0,23949856.0,0.01830917062716369,688011
2020-04-02,36.72,37.8,36.46,37.8,655229.0,24400926.0,23949856.0,0.027358369085809953,688011
2020-04-03,37.71,37.96,37.25,37.31,605477.0,22755339.0,23949856.0,0.02528102882956791,688011
2020-04-07,37.97,38.93,37.97,38.75,804776.0,31000852.0,23949856.0,0.033602540240742995,688011
2020-04-08,38.75,39.99,38.4,39.37,1012106.0,39806303.0,23949856.0,0.04225937725888623,688011
2020-04-09,39.58,39.64,38.93,38.93,687242.0,26949845.0,23949856.0,0.028695036830284074,688011
2020-04-10,38.59,39.28,37.65,37.69,658909.0,25143152.0,23949856.0,0.027512023454337262,688011
2020-04-13,37.12,37.78,37.04,37.3,504054.0,18827537.0,23949856.0,0.021046222574365375,688011
2020-04-14,37.8,38.46,37.59,38.19,552764.0,20965915.0,23949856.0,0.023080055262127672,688011
2020-04-15,38.2,38.6,37.67,37.73,486028.0,18603080.0,23949856.0,0.0202935666920085,688011
2020-04-16,37.04,38.05,37.04,37.63,446006.0,16794258.0,23949856.0,0.018622491926465028,688011
2020-04-17,37.65,38.4,37.65,38.11,720601.0,27493461.0,23949856.0,0.030087905330203238,688011
2020-04-20,38.02,38.93,37.88,38.93,665471.0,25554926.0,23949856.0,0.02778601257560797,688011
2020-04-21,38.68,39.0,38.21,38.85,672568.0,25961746.0,23949856.0,0.028082340035781427,688011
2020-04-22,38.77,39.51,38.45,39.3,753345.0,29445418.0,23949856.0,0.031455095178860366,688011
2020-04-23,39.41,40.49,39.21,39.65,1269860.0,50695771.0,23949856.0,0.053021613157089545,688011
2020-04-24,39.57,40.39,38.9,40.39,1492808.0,59238730.0,23949856.0,0.062330562655575045,688011
2020-04-27,40.0,40.47,38.88,38.9,958421.0,38094699.0,23949856.0,0.04001781889628063,688011
2020-04-28,38.43,38.89,33.23,36.66,1449299.0,52951592.0,23949856.0,0.06051389202507105,688011
2020-04-29,36.08,36.59,34.9,35.07,1058232.0,37687321.0,23949856.0,0.044185317857443486,688011
2020-04-30,35.14,36.85,35.14,36.53,891694.0,32226458.0,23949856.0,0.03723170611130188,688011
2020-05-06,36.08,40.5,36.0,39.65,1610309.0,61591039.0,23949856.0,0.06723668818718576,688011
2020-05-07,39.58,40.08,38.59,38.67,1261694.0,49501320.0,23949856.0,0.052680650773015085,688011
2020-05-08,38.69,39.84,38.69,38.9,912640.0,35796811.0,23949856.0,0.03810628339477281,688011
2020-05-11,38.9,39.84,38.66,39.13,857174.0,33593965.0,23949856.0,0.03579036132826853,688011
2020-05-12,39.0,39.25,38.04,38.65,623927.0,24051310.0,23949856.0,0.026051388367429016,688011
2020-05-13,38.6,39.47,38.3,39.4,906214.0,35561122.0,23949856.0,0.0378379728045129,688011
2020-05-14,39.15,40.8,38.84,39.78,1785261.0,71169014.0,23949856.0,0.07454161728571562,688011
2020-05-15,39.78,40.14,39.25,39.77,1190401.0,47360086.0,23949856.0,0.049703889660129896,688011
2020-05-18,40.08,41.36,39.63,40.75,1759989.0,71486093.0,23949856.0,0.07348641261141611,688011
2020-05-19,40.75,41.4,40.4,41.16,1458836.0,59699498.0,23949856.0,0.060912099012202826,688011
2020-05-20,41.12,42.5,40.24,40.91,2005996.0,83292255.0,23949856.0,0.08375816539356229,688011
2020-05-21,41.25,41.6,39.01,39.02,1339097.0,53455252.0,23949856.0,0.055912528242341,688011
2020-05-22,39.02,39.34,37.5,37.78,981643.0,37568539.0,23949856.0,0.040987428066373344,688011
2020-05-25,37.52,37.78,36.43,36.74,865208.0,31974797.0,23949856.0,0.03612581219695016,688011
2020-05-26,37.0,39.42,36.99,39.42,1551938.0,59905718.0,23949856.0,0.06479947102813478,688011
2020-05-27,39.1,39.81,38.73,38.76,1235371.0,48519904.0,23949856.0,0.05158156274509542,688011
2020-05-28,38.82,39.47,37.83,38.79,953666.0,36817692.0,23949856.0,0.03981927908042537,688011
2020-05-29,38.79,40.14,38.54,39.65,1157326.0,45849626.0,23949856.0,0.04832287926908621,688011
2020-06-01,39.65,41.62,39.65,40.92,1617128.0,66222597.0,23949856.0,0.06752140806191069,688011
2020-06-02,41.33,43.47,40.69,42.83,2550729.0,108271540.0,23949856.0,0.10650289504872179,688011
2020-06-03,42.8,42.97,41.2,41.27,1852414.0,77804169.0,23949856.0,0.07734551723400758,688011
2020-06-04,41.42,42.64,41.03,42.25,1470337.0,61562253.0,23949856.0,0.06139231066775516,688011
2020-06-05,42.19,42.62,41.81,42.11,1164532.0,49199497.0,23949856.0,0.0486237579048492,688011
2020-06-08,42.5,42.86,41.1,41.44,1154473.0,48490695.0,23949856.0,0.048203755379573054,688011
2020-06-09,41.46,41.69,40.35,40.52,1028428.0,41811467.0,23949856.0,0.042940884487990244,688011
2020-06-10,40.53,40.67,40.04,40.41,690171.0,27848851.0,23949856.0,0.028817334016538555,688011
2020-06-11,40.6,41.16,39.96,40.05,875698.0,35446948.0,23949856.0,0.03656381065506198,688011
2020-06-12,39.4,40.39,39.0,40.0,808280.0,32228272.0,23949856.0,0.03374884592207986,688011
2020-06-15,39.8,40.5,39.39,39.42,777280.0,30965674.0,23949856.0,0.032454474882855244,688011
2020-06-16,39.63,41.41,39.43,41.32,1184183.0,48008854.0,23949856.0,0.04944426388200413,688011
2020-06-17,41.98,44.83,41.9,44.0,4241447.0,184956295.0,23949856.0,0.17709697294213375,688011
2020-06-18,43.0,43.0,41.76,42.0,2480984.0,104901459.0,23949856.0,0.10359076897998885,688011
2020-06-19,41.63,42.32,41.33,41.47,1287414.0,53598633.0,23949856.0,0.05375456119652661,688011
2020-06-22,42.1,43.09,41.88,42.18,1758849.0,74722448.0,23949856.0,0.07343881316029624,688011
2020-06-23,41.88,42.35,41.49,41.68,925948.0,38635351.0,23949856.0,0.03866194435574059,688011
2020-06-24,41.94,42.33,41.46,42.28,968585.0,40568997.0,23949856.0,0.04044220558152834,688011
2020-06-29,42.4,42.43,41.55,41.67,903638.0,37970456.0,23949856.0,0.03773041474654378,688011
2020-06-30,41.37,42.0,41.37,41.61,809685.0,33696282.0,23949856.0,0.03380751015788989,688011
2020-07-01,41.62,42.94,41.49,42.33,1616377.0,68390421.0,23949856.0,0.06749005087963786,688011
2020-07-02,42.46,42.5,41.68,42.43,1486388.0,62506637.0,23949856.0,0.06206250258874208,688011
2020-07-03,42.5,43.29,42.11,42.84,1364581.0,58354975.0,23949856.0,0.05697658474439262,688011
2020-07-06,43.55,45.38,42.79,45.27,2924051.0,129830083.0,23949856.0,0.12209054618115449,688011
2020-07-07,45.59,47.88,45.12,46.22,3456002.0,161009974.0,23949856.0,0.14430157742910854,688011
2020-07-08,46.19,48.38,46.13,47.77,3033953.0,143889796.0,23949856.0,0.1266793837925372,688011
2020-07-09,48.11,52.53,47.48,52.26,5047188.0,253363301.0,23949856.0,0.2107398057007107,688011
2020-07-10,51.65,51.65,49.42,49.45,3272049.0,164160712.0,23949856.0,0.13662082143625415,688011
2020-07-13,47.8,49.18,46.12,49.18,3798907.0,180909767.0,23949856.0,0.15861920004863495,688011
2020-07-14,49.19,50.16,47.0,48.35,2424933.0,118439102.0,23949856.0,0.10125042087935728,688011
2020-07-15,48.0,50.56,47.62,47.73,3417486.0,167472849.0,23949856.0,0.1426933840437287,688011
2020-07-16,47.04,47.49,42.68,42.91,3061159.0,137429489.0,23949856.0,0.12781534051812254,688011
2020-07-17,42.9,43.68,42.11,42.46,1424344.0,61189753.0,23949856.0,0.05947192333849523,688011
2020-07-20,42.75,43.64,41.73,43.37,1628520.0,69862754.0,23949856.0,0.06799706854187348,688011
2020-07-21,43.37,43.79,42.41,42.99,1428366.0,61492144.0,23949856.0,0.0596398575423585,688011
2020-07-22,42.0,43.39,41.75,42.5,1944763.0,83224812.0,40781399.0,0.0476875008628321,688011
2020-07-23,42.3,44.5,42.3,43.95,3258646.0,142386184.0,40781399.0,0.0799052038406039,688011
2020-07-24,43.7,43.85,39.99,40.28,3516929.0,147908479.0,40781399.0,0.08623855694602335,688011
2020-07-27,40.62,40.62,38.73,39.16,1330603.0,52212656.0,40781399.0,0.032627693816977686,688011
2020-07-28,39.82,39.87,39.04,39.66,721120.0,28451937.0,40781399.0,0.017682571409578175,688011
2020-07-29,39.79,41.09,39.23,40.98,1270409.0,51352097.0,40781399.0,0.03115167775387009,688011
2020-07-30,40.9,41.63,40.7,41.08,1241863.0,51093343.0,40781399.0,0.030451701767268944,688011
2020-07-31,40.96,41.5,40.45,41.33,1042522.0,42767826.0,40781399.0,0.025563664453983052,688011
2020-08-03,41.3,44.47,41.3,44.03,3039456.0,131870075.0,40781399.0,0.07453044953166026,688011
2020-08-04,44.18,45.16,42.63,42.98,2598684.0,113511378.0,40781399.0,0.063722286721944,688011
2020-08-05,43.87,44.59,43.11,44.29,2537978.0,111446399.0,40781399.0,0.062233715915434876,688011
2020-08-06,44.8,46.38,44.35,45.36,3637504.0,165539800.0,40781399.0,0.08919517449609808,688011
2020-08-07,45.09,52.0,44.88,50.6,7779535.0,374464618.0,40781399.0,0.19076184708621693,688011
2020-08-10,51.22,51.29,47.29,47.44,4822291.0,237413874.0,40781399.0,0.11824731662589603,688011
2020-08-11,48.0,51.29,47.5,48.92,5370661.0,266314970.0,40781399.0,0.13169388818662156,688011
2020-08-12,48.92,49.68,43.95,46.31,4591560.0,209996634.0,40781399.0,0.11258956564977086,688011
2020-08-13,46.37,51.29,46.01,49.45,5920250.0,294075360.0,40781399.0,0.1451703508258753,688011
2020-08-14,48.8,57.45,48.8,55.0,8078283.0,421687473.0,40781399.0,0.19808744177707097,688011
2020-08-17,55.03,58.98,54.51,56.88,6887173.0,389325855.0,40781399.0,0.16888025347046087,688011
2020-08-18,55.11,62.99,55.11,60.99,7035897.0,416874483.0,40781399.0,0.17252711217680394,688011
2020-08-19,60.7,61.4,57.58,58.9,4333495.0,257128734.0,40781399.0,0.10626155811869034,688011
2020-08-20,58.0,59.11,55.0,55.9,3552897.0,201887414.0,40781399.0,0.08712052766998013,688011
2020-08-21,56.2,56.57,52.5,53.28,3248563.0,175802663.0,40781399.0,0.07965795876693686,688011
2020-08-24,53.27,53.9,52.53,53.2,2220771.0,118030887.0,40781399.0,0.054455488395579565,688011
2020-08-25,53.19,54.0,50.7,51.0,2325502.0,121207607.0,40781399.0,0.057023595487736944,688011
2020-08-26,50.0,51.22,46.18,47.01,3510301.0,167903108.0,40781399.0,0.08607603186933337,688011
2020-08-27,47.16,52.87,46.43,50.77,3307304.0,163963336.0,40781399.0,0.081098345841446,688011
2020-08-28,50.83,53.79,50.8,52.85,3000399.0,158255174.0,40781399.0,0.07357273349057986,688011
2020-08-31,53.5,59.59,53.5,57.4,5086683.0,287590882.0,40781399.0,0.12473046841772152,688011
2020-09-01,58.32,60.99,57.5,58.33,4292913.0,254262356.0,40781399.0,0.10526644757822065,688011
2020-09-02,57.86,63.63,57.86,62.99,4726590.0,293805182.0,40781399.0,0.11590063401208968,688011
2020-09-03,64.0,64.0,60.5,61.36,3024392.0,187103550.0,40781399.0,0.07416106544064366,688011
2020-09-04,61.0,61.31,58.68,61.0,2118192.0,127029420.0,40781399.0,0.05194015045928169,688011
2020-09-07,61.5,61.59,54.13,57.58,2866432.0,168104373.0,40781399.0,0.07028773093340912,688011
2020-09-08,57.37,58.5,56.01,57.81,1620931.0,92823914.0,40781399.0,0.03974682182923641,688011
2020-09-09,56.83,58.78,55.63,56.6,1470726.0,83995753.0,40781399.0,0.03606364754676513,688011
2020-09-10,57.87,57.87,52.17,52.62,1667471.0,91196323.0,40781399.0,0.040888028387648004,688011
2020-09-11,51.89,54.2,50.36,52.8,1617670.0,84380346.0,40781399.0,0.03966685890300134,688011
2020-09-14,53.07,57.66,53.07,56.7,2035408.0,113630733.0,40781399.0,0.049910205385548446,688011
2020-09-15,56.01,58.45,55.8,57.07,1427424.0,81321305.0,40781399.0,0.03500183993197487,688011
2020-09-16,56.13,56.89,54.35,54.6,1428971.0,79454680.0,40781399.0,0.035039773892994695,688011
2020-09-17,53.67,56.44,53.08,55.55,1673225.0,91563930.0,40781399.0,0.04102912212501587,688011
2020-09-18,55.2,61.49,55.2,58.44,2896247.0,170573332.0,40781399.0,0.07101882404769881,688011
2020-09-21,59.7,61.56,58.44,59.54,4032376.0,242624856.0,40781399.0,0.09887782417665465,688011
2020-09-22,59.3,59.3,56.63,56.66,2268450.0,130679953.0,40781399.0,0.055624624353862895,688011
2020-09-23,56.87,57.87,55.57,56.88,1685010.0,95634804.0,40781399.0,0.04131810191209968,688011
2020-09-24,56.56,57.52,53.9,55.9,1636602.0,91163474.0,40781399.0,0.0401310901570591,688011
2020-09-25,55.47,55.99,54.0,55.86,1462920.0,80171711.0,40781399.0,0.03587223675185837,688011
2020-09-28,56.25,57.0,53.55,54.54,1175054.0,64642049.0,40781399.0,0.028813479400253042,688011
2020-09-29,54.81,56.92,54.46,55.0,1550092.0,86381052.0,40781399.0,0.038009779899899954,688011
2020-09-30,55.1,55.95,54.01,54.7,1132806.0,62133907.0,40781399.0,0.027777516901762,688011
2020-10-09,55.61,55.82,54.54,54.84,1242954.0,68517199.0,40781399.0,0.030478454159946794,688011
2020-10-12,54.84,56.17,54.0,55.66,1790418.0,98904031.0,40781399.0,0.04390280970988759,688011
2020-10-13,55.66,55.77,53.99,54.97,2246967.0,122225853.0,40781399.0,0.05509784007164639,688011
2020-10-14,54.0,55.26,52.99,54.45,1682702.0,90997982.0,40781399.0,0.04126150748286002,688011
2020-10-15,54.0,54.02,51.69,53.99,1930347.0,102179042.0,40781399.0,0.04733400636893305,688011
2020-10-16,53.73,53.89,52.05,52.09,942568.0,49575481.0,40781399.0,0.02311269409860118,688011
2020-10-19,51.69,52.79,51.0,51.42,714746.0,37231703.0,40781399.0,0.017526274662622535,688011
2020-10-20,51.42,51.53,49.61,51.0,909876.0,45759469.0,40781399.0,0.022311054115627567,688011
2020-10-21,51.51,52.09,48.88,48.88,1534458.0,77058833.0,40781399.0,0.037626418848455884,688011
2020-10-22,49.29,49.45,47.0,47.68,808177.0,38793041.0,40781399.0,0.01981729464455106,688011
2020-10-23,47.88,49.5,46.86,48.0,1124445.0,53999358.0,40781399.0,0.027572496961175853,688011
2020-10-26,47.73,49.69,47.06,48.88,948208.0,46268891.0,40781399.0,0.023250992443883546,688011
2020-10-27,48.77,49.77,48.4,48.97,518031.0,25348634.0,40781399.0,0.012702629451235844,688011
2020-10-28,49.01,49.64,48.09,49.15,706214.0,34490737.0,40781399.0,0.017317061633908146,688011
2020-10-29,48.53,48.64,47.72,47.72,739195.0,35539647.0,40781399.0,0.018125788181028318,688011
2020-10-30,48.83,49.9,47.6,47.98,831468.0,40395824.0,40781399.0,0.020388412864404185,688011
2020-11-02,47.78,47.78,44.88,45.35,1073905.0,49222711.0,40781399.0,0.026333206469939887,688011
2020-11-03,45.7,49.0,45.46,48.9,1118343.0,53424325.0,40781399.0,0.02742286992165227,688011
2020-11-04,49.01,53.18,48.65,51.94,2149023.0,110522065.0,40781399.0,0.05269615689250876,688011
2020-11-05,52.79,52.79,49.1,51.95,2554082.0,129679730.0,40781399.0,0.0626286018289858,688011
2020-11-06,52.51,52.8,50.5,50.99,1010939.0,51969924.0,40781399.0,0.024789218241385,688011
2020-11-09,51.52,51.78,49.8,50.6,1753929.0,88288084.0,40781399.0,0.04300806355368044,688011
2020-11-10,50.2,50.58,48.89,48.95,958773.0,47656811.0,40781399.0,0.023510056631455924,688011
2020-11-11,48.48,48.95,46.69,46.97,926067.0,44038966.0,40781399.0,0.022708073354717428,688011
2020-11-12,46.0,48.09,46.0,46.86,455702.0,21358192.0,40781399.0,0.01117426108898324,688011
2020-11-13,46.87,48.18,45.81,48.13,666755.0,31632466.0,40781399.0,0.0163494881575789,688011
2020-11-16,47.98,48.6,47.68,48.11,409601.0,19710729.0,40781399.0,0.01004381924219912,688011
2020-11-17,47.47,48.63,46.38,47.1,582875.0,27424944.0,40781399.0,0.014292668086251775,688011
2020-11-18,46.84,48.32,46.28,47.94,520418.0,24721855.0,40781399.0,0.01276116103814879,688011
2020-11-19,47.73,52.4,47.51,52.28,2400243.0,121937548.0,40781399.0,0.05885631829354358,688011
2020-11-20,53.5,54.6,51.7,52.28,2509290.0,132915465.0,40781399.0,0.061530257949218466,688011
2020-11-23,52.19,54.8,50.81,53.77,2278283.0,121448509.0,40781399.0,0.055865739181728415,688011
2020-11-24,53.88,54.18,52.69,53.17,1490813.0,79439571.0,40781399.0,0.036556200536425935,688011
2020-11-25,53.53,53.53,51.19,51.19,947844.0,49306437.0,40781399.0,0.02324206680599653,688011
2020-11-26,50.76,53.83,50.6,52.44,1681104.0,88197360.0,40781399.0,0.04122232295169668,688011
2020-11-27,52.57,53.73,51.71,53.13,1522171.0,80771398.0,40781399.0,0.03732512952780261,688011
2020-11-30,53.35,55.49,53.01,53.06,2159335.0,117311784.0,40781399.0,0.05294901727133,688011
2020-12-01,53.28,54.99,53.0,53.97,1166197.0,62924876.0,40781399.0,0.02859629705199667,688011
2020-12-02,54.0,55.31,53.54,54.5,1663786.0,90784542.0,40781399.0,0.040797668564533554,688011
2020-12-03,53.98,54.98,52.62,53.3,1301166.0,69556988.0,40781399.0,0.03190586963433991,688011
2020-12-04,53.39,54.45,52.65,53.27,1376631.0,73672969.0,40781399.0,0.03375634563198776,688011
2020-12-07,54.44,54.44,52.27,52.44,1229695.0,64988659.0,40781399.0,0.030153330443617198,688011
2020-12-08,52.44,53.5,51.9,51.94,891135.0,46877908.0,40781399.0,0.02185150636936217,688011
2020-12-09,51.94,52.28,50.07,50.5,1268211.0,64556417.0,40781399.0,0.0310977806327831,688011
2020-12-10,50.12,51.68,49.0,50.11,1132018.0,57187798.0,40781399.0,0.0277581943669956,688011
2020-12-11,50.47,50.47,48.0,48.48,997521.0,48889818.0,40781399.0,0.024460195688725636,688011
2020-12-14,48.21,49.58,47.0,47.97,1252373.0,60347655.0,40781399.0,0.03070941730076499,688011
2020-12-15,48.19,49.44,47.74,48.18,1116749.0,54168648.0,40781399.0,0.027383783474421757,688011
2020-12-16,48.49,48.59,45.8,47.17,1096949.0,51634868.0,40781399.0,0.026898268006941107,688011
2020-12-17,47.18,47.54,45.0,47.17,1314763.0,61247494.0,40781399.0,0.032239281442993165,688011
2020-12-18,47.39,48.88,47.0,47.38,1040427.0,49570313.0,40781399.0,0.025512292994166286,688011
2020-12-21,47.6,52.17,47.6,51.0,2883409.0,146856158.0,40781399.0,0.07070402366529897,688011
2020-12-22,50.84,51.3,49.32,49.49,1335404.0,67048139.0,40781399.0,0.03274541905735014,688011
2020-12-23,50.0,50.0,47.47,49.49,1618116.0,78906232.0,40781399.0,0.03967779526151126,688011
2020-12-24,48.55,51.8,48.55,49.49,2241626.0,112581069.0,40781399.0,0.05496687350034264,688011
2020-12-25,49.49,50.89,48.85,50.3,1094229.0,54734881.0,40781399.0,0.026831570932620532,688011
2020-12-28,50.25,53.3,50.25,51.85,2172467.0,113805858.0,40781399.0,0.053271026822792424,688011
2020-12-29,51.85,53.03,48.61,49.88,1781058.0,90607379.0,40781399.0,0.04367329330707855,688011
2020-12-30,49.8,51.31,48.78,51.0,1322106.0,66086730.0,40781399.0,0.03241933902267551,688011
2020-12-31,50.97,51.8,50.0,51.2,1686140.0,85871619.0,41000099.0,0.041125266551185646,688011
2021-01-04,51.37,59.27,51.05,57.27,4078203.0,223334689.0,41000099.0,0.09946812567452581,688011
2021-01-05,57.27,57.8,55.16,55.6,2283346.0,128870580.0,41000099.0,0.0556912313797096,688011
2021-01-06,57.59,61.0,56.0,57.73,3663915.0,213335273.0,41000099.0,0.0893635647074901,688011
2021-01-07,57.73,59.5,56.25,58.0,2403021.0,139293155.0,41000099.0,0.058610126770669506,688011
2021-01-08,58.29,58.32,53.9,54.51,2554446.0,140782418.0,41000099.0,0.06230341053566724,688011
2021-01-11,55.0,55.0,51.33,51.57,1796011.0,94715070.0,41000099.0,0.043805040568316675,688011
2021-01-12,51.69,53.69,51.0,52.71,1976735.0,104126247.0,41000099.0,0.048212932363895025,688011
2021-01-13,52.95,52.95,49.0,50.09,1795923.0,90839367.0,41000099.0,0.04380289423203588,688011
2021-01-14,50.09,50.15,48.09,48.84,1056980.0,51737717.0,41000099.0,0.025779937750882016,688011
2021-01-15,48.55,49.36,47.9,48.61,930797.0,45198040.0,41000099.0,0.02270231103588311,688011
2021-01-18,49.18,51.08,48.69,50.25,1033352.0,51715770.0,41000099.0,0.02520364645948782,688011
2021-01-19,48.89,54.47,48.86,54.0,3031495.0,158062399.0,41000099.0,0.07393872390405691,688011
2021-01-20,54.0,54.25,52.38,53.53,1501064.0,79739151.0,41000099.0,0.036611228670447846,688011
2021-01-21,52.99,53.97,52.02,52.98,1436838.0,75552687.0,41000099.0,0.035044744648055605,688011
2021-01-22,52.51,54.15,52.35,53.01,1108101.0,58905519.0,41000099.0,0.02702678839873045,688011
2021-01-25,53.04,54.17,51.53,52.52,1662932.0,88160969.0,41000099.0,0.04055921913749525,688011
2021-01-26,51.62,51.8,46.8,47.87,1585566.0,77151807.0,41000099.0,0.03867224808408389,688011
2021-01-27,47.18,47.84,45.7,46.0,979808.0,45428649.0,41000099.0,0.023897698393362417,688011
2021-01-28,45.05,46.23,44.87,45.05,646698.0,29315908.0,41000099.0,0.01577308386499262,688011
2021-01-29,45.26,45.54,41.0,42.98,1096887.0,47395838.0,41000099.0,0.02675327686403879,688011
2021-02-01,42.52,43.28,41.69,42.0,747491.0,31528621.0,41000099.0,0.018231443782611354,688011
2021-02-02,41.91,42.67,41.33,42.46,498560.0,20994513.0,41000099.0,0.01215997063811968,688011
2021-02-03,42.13,43.13,41.12,42.42,789540.0,33275128.0,41000099.0,0.01925702667205755,688011
2021-02-04,42.99,42.99,39.89,40.48,679241.0,27731523.0,41000099.0,0.016566813655742637,688011
2021-02-05,40.98,41.03,39.1,39.93,602701.0,24075275.0,41000099.0,0.014699988895148765,688011
2021-02-08,39.37,40.8,39.37,40.34,249874.0,10044605.0,41000099.0,0.006094473088955224,688011
2021-02-09,40.33,42.79,39.52,41.91,595289.0,24757594.0,41000099.0,0.014519208843861571,688011
2021-02-10,42.39,42.56,41.01,42.11,439903.0,18406198.0,41000099.0,0.010729315556042925,688011
2021-02-18,42.5,42.86,42.08,42.12,732900.0,31079001.0,41000099.0,0.01787556659314408,688011
2021-02-19,42.34,42.9,41.42,42.89,715780.0,30247150.0,41000099.0,0.01745800662578888,688011
2021-02-22,43.17,43.97,42.36,42.43,1039238.0,44829653.0,41000099.0,0.025347207088451177,688011
2021-02-23,42.38,43.29,41.86,42.89,748382.0,31788304.0,41000099.0,0.01825317543745443,688011
2021-02-24,42.95,43.37,42.28,42.88,445846.0,19078824.0,41000099.0,0.010874266425551801,688011
2021-02-25,42.22,43.14,42.22,42.62,260090.0,11113707.0,41000099.0,0.006343643219007837,688011
2021-02-26,42.4,43.28,42.21,43.23,673073.0,28949051.0,41000099.0,0.01641637499460672,688011
2021-03-01,43.0,43.09,41.7,42.11,773829.0,32576763.0,41000099.0,0.01887383247538012,688011
2021-03-02,40.27,42.75,39.35,40.27,1225436.0,49285871.0,41000099.0,0.029888610756769147,688011
2021-03-03,39.88,40.44,39.3,40.11,708466.0,28169495.0,41000099.0,0.017279616812632573,688011
2021-03-04,40.24,40.24,38.66,39.38,758171.0,29960668.0,41000099.0,0.018491930958508172,688011
2021-03-05,39.75,39.75,38.05,38.68,820310.0,31599379.0,41000099.0,0.02000751266478649,688011
2021-03-08,39.0,39.1,37.45,37.87,873545.0,33333731.0,41000099.0,0.02130592416374409,688011
2021-03-09,37.78,37.78,35.5,36.07,723628.0,26296240.0,41000099.0,0.017649420797740026,688011
2021-03-10,36.67,36.93,35.98,36.17,431275.0,15640032.0,41000099.0,0.01051887703978471,688011
2021-03-11,36.2,36.83,36.1,36.83,377287.0,13796065.0,41000099.0,0.009202099731515282,688011
2021-03-12,36.99,37.52,36.35,37.52,363406.0,13426613.0,41000099.0,0.008863539573404444,688011
2021-03-15,37.69,38.46,37.13,38.0,637922.0,24249752.0,41000099.0,0.01555903560135306,688011
2021-03-16,38.34,38.79,37.5,37.88,546371.0,20687070.0,41000099.0,0.013326089773588108,688011
2021-03-17,38.5,38.69,37.8,37.95,592625.0,22599838.0,41000099.0,0.014454233390997422,688011
2021-03-18,37.99,39.28,37.99,38.58,1193095.0,46263610.0,41000099.0,0.02909980778339096,688011
2021-03-19,38.11,39.28,37.78,38.72,909638.0,35108569.0,41000099.0,0.022186239111276294,688011
2021-03-22,38.97,38.97,37.06,38.21,765745.0,29241537.0,41000099.0,0.018676662219766837,688011
2021-03-23,38.28,38.79,37.6,37.7,573169.0,21809453.0,41000099.0,0.013979697951461045,688011
2021-03-24,37.33,37.76,36.94,37.32,388875.0,14481331.0,41000099.0,0.009484733195400333,688011
2021-03-25,37.89,37.89,37.01,37.29,445254.0,16652757.0,41000099.0,0.010859827436026434,688011
2021-03-26,36.82,37.61,36.82,36.94,672706.0,24908402.0,41000099.0,0.016407423796708395,688011
2021-03-29,36.8,37.37,36.66,36.86,562660.0,20807187.0,41000099.0,0.013723381497200775,688011
2021-03-30,36.93,36.96,35.6,35.63,928702.0,33579478.0,41000099.0,0.022651213598289116,688011
2021-03-31,35.7,35.73,35.12,35.14,524957.0,18531496.0,41000099.0,0.01280379835180398,688011
2021-04-01,35.25,36.63,35.25,36.63,683617.0,24656563.0,41000099.0,0.016673545105342306,688011
2021-04-02,36.36,37.38,36.36,36.9,796340.0,29453749.0,41000099.0,0.019422879930119194,688011
2021-04-06,36.87,37.65,36.73,37.52,835931.0,31120408.0,41000099.0,0.020388511744813105,688011
2021-04-07,37.48,37.48,36.66,37.16,659166.0,24330330.0,41000099.0,0.016077180691685646,688011
2021-04-08,36.8,37.5,36.62,37.37,936315.0,34774500.0,41000099.0,0.022836896076763133,688011
2021-04-09,37.41,37.87,36.91,37.37,422991.0,15738194.0,41000099.0,0.010316828747169611,688011
2021-04-12,37.38,37.38,35.72,36.1,548788.0,19982225.0,41000099.0,0.01338504085075502,688011
2021-04-13,36.08,36.38,35.69,36.05,309135.0,11095808.0,41000099.0,0.007539859842777453,688011
2021-04-14,35.99,36.23,35.62,36.01,528343.0,19001939.0,41000099.0,0.012886383518244676,688011
2021-04-15,36.48,36.87,35.96,36.7,673002.0,24527929.0,41000099.0,0.016414643291471076,688011
2021-04-16,36.7,36.78,36.16,36.7,438737.0,16015620.0,41000099.0,0.010700876600322356,688011
2021-04-19,37.05,37.69,36.68,37.6,852448.0,31784242.0,41000099.0,0.020791364430607837,688011
2021-04-20,37.93,37.93,37.0,37.26,780878.0,29145481.0,41000099.0,0.01904575888950902,688011
2021-04-21,37.26,37.47,36.81,36.92,511669.0,19025123.0,41000099.0,0.012479701573403518,688011
2021-04-22,37.09,37.38,36.83,37.17,476978.0,17713423.0,41000099.0,0.011633581665254028,688011
2021-04-23,37.16,37.73,36.7,37.19,740146.0,27639041.0,41000099.0,0.01805229787371977,688011
2021-04-26,37.4,37.7,37.2,37.22,664269.0,24844583.0,41000099.0,0.016201643805786908,688011
2021-04-27,37.28,37.28,35.77,36.44,874218.0,31620839.0,41000099.0,0.021322338758255194,688011
2021-04-28,36.88,36.88,36.2,36.23,447695.0,16292374.0,41000099.0,0.010919363877633564,688011
2021-04-29,36.03,36.46,35.88,36.22,428607.0,15490320.0,41000099.0,0.010453804026180522,688011
2021-04-30,36.13,36.13,35.51,35.67,470643.0,16823607.0,41000099.0,0.011479069843221598,688011
2021-05-06,35.98,36.08,35.42,36.0,441248.0,15804374.0,41000099.0,0.010762120354880118,688011
2021-05-07,35.93,36.2,35.38,35.92,512992.0,18338834.0,41000099.0,0.012511969788170511,688011
2021-05-10,35.68,35.99,35.18,35.69,430748.0,15259898.0,41000099.0,0.010506023412284932,688011
2021-05-11,35.53,36.09,34.8,36.09,477387.0,16909540.0,41000099.0,0.011643557250922736,688011
2021-05-12,35.8,36.07,35.53,36.06,317671.0,11376409.0,41000099.0,0.007748054462014836,688011
2021-05-13,35.86,36.5,35.85,36.06,559541.0,20282952.0,41000099.0,0.0136473085101575,688011
2021-05-14,36.24,36.43,35.99,36.4,546408.0,19802484.0,41000099.0,0.013326992210433443,688011
2021-05-17,35.99,36.75,35.99,36.4,522050.0,18945877.0,41000099.0,0.012732896083982627,688011
2021-05-18,36.13,39.01,36.13,38.98,2009791.0,76537752.0,41000099.0,0.049019174319554694,688011
2021-05-19,39.1,39.1,38.12,38.13,930154.0,35779097.0,41000099.0,0.02268662814692228,688011
2021-05-20,38.3,38.55,37.59,37.64,737819.0,28013877.0,41000099.0,0.017995541913203673,688011
2021-05-21,37.56,38.07,37.44,37.56,398542.0,15004011.0,41000099.0,0.009720513113882969,688011
2021-05-24,37.84,38.23,37.24,37.97,589546.0,22372070.0,41000099.0,0.014379136011354508,688011
2021-05-25,37.88,39.08,37.38,38.39,946420.0,36310749.0,41000099.0,0.02308335889627974,688011
2021-05-26,38.39,38.75,38.27,38.37,798200.0,30705310.0,41000099.0,0.019468245674236054,688011
2021-05-27,37.99,39.0,37.99,38.73,639360.0,24739179.0,41000099.0,0.015594108687396096,688011
2021-05-28,38.55,39.0,37.71,38.2,766174.0,29237276.0,41000099.0,0.018687125609135723,688011
2021-05-31,38.6,40.16,38.03,39.69,1457920.0,57499929.0,41000099.0,0.035558938528416725,688011
2021-06-01,39.49,40.97,39.49,40.85,1529506.0,61441570.0,41000099.0,0.03730493431247568,688011
2021-06-02,40.41,43.66,40.28,41.63,2885283.0,121465473.0,41000099.0,0.07037258617351143,688011
2021-06-03,41.02,41.97,40.39,41.05,1712578.0,70388042.0,41000099.0,0.041770094262455315,688011
2021-06-04,40.61,41.49,39.68,39.99,1006344.0,40892972.0,41000099.0,0.024544916342762978,688011
2021-06-07,40.69,41.38,40.16,40.46,792436.0,32224631.0,41000099.0,0.019327660647843803,688011
2021-06-08,39.81,40.45,39.33,39.81,845324.0,33599714.0,41000099.0,0.020617608752603257,688011
2021-06-09,39.62,40.85,39.3,39.62,646548.0,25850560.0,41000099.0,0.01576942533724126,688011
2021-06-10,39.6,40.54,39.37,40.45,752579.0,30226040.0,41000099.0,0.018355541043937478,688011
2021-06-11,40.45,41.18,39.66,39.8,777920.0,31334274.0,41000099.0,0.018973612722252207,688011
2021-06-15,39.23,40.35,38.62,39.83,701551.0,27603324.0,41000099.0,0.017110958683294885,688011
2021-06-16,39.73,41.0,38.73,39.05,850728.0,33967135.0,41000099.0,0.020749413312392245,688011
2021-06-17,38.8,39.72,38.8,39.38,547221.0,21470563.0,41000099.0,0.013346821430845814,688011
2021-06-18,39.56,40.98,39.55,40.06,1054798.0,42615130.0,41000099.0,0.025726718367192234,688011
2021-06-21,39.63,41.26,39.63,41.15,1282047.0,52271298.0,41000099.0,0.03126936352031735,688011
2021-06-22,41.15,41.21,40.5,40.64,716784.0,29221729.0,41000099.0,0.017482494371537982,688011
2021-06-23,40.6,42.31,40.4,41.48,1524577.0,63438887.0,41000099.0,0.037184715090566,688011
2021-06-24,41.69,41.89,40.33,40.7,971400.0,39829432.0,41000099.0,0.023692625717806195,688011
2021-06-25,40.36,40.7,39.5,39.7,889602.0,35452556.0,41000099.0,0.021697557364434655,688011
2021-06-28,39.77,40.66,39.6,40.09,782584.0,31459380.0,41000099.0,0.01908736854513449,688011
2021-06-29,40.4,40.71,38.93,39.0,825741.0,32664564.0,41000099.0,0.020139975759570727,688011
2021-06-30,39.0,39.77,38.51,39.5,739726.0,29113452.0,41000099.0,0.01804205399601596,688011
2021-07-01,39.53,40.48,38.82,39.2,953306.0,37769702.0,41000099.0,0.023251309710252164,688011
2021-07-02,38.9,39.1,38.41,38.65,579562.0,22388567.0,41000099.0,0.014135624404224,688011
2021-07-05,38.92,39.29,38.44,39.07,634183.0,24663425.0,41000099.0,0.015467840699604165,688011
2021-07-06,39.4,39.79,37.61,38.0,1057669.0,40776973.0,41000099.0,0.025796742588353263,688011
2021-07-07,37.48,38.65,37.48,38.23,764158.0,29276948.0,41000099.0,0.01863795499615745,688011
2021-07-08,38.6,39.72,38.24,38.99,1250302.0,48802583.0,41000099.0,0.03049509709720457,688011
2021-07-09,38.88,39.62,38.01,38.1,1004589.0,38677285.0,41000099.0,0.02450211156807207,688011
2021-07-12,38.5,40.65,38.29,40.27,2145207.0,85562437.0,41000099.0,0.0523219956127423,688011
2021-07-13,40.45,40.45,39.46,39.72,859750.0,34258934.0,41000099.0,0.020969461561544035,688011
2021-07-14,39.58,39.79,38.55,38.55,835740.0,32573560.0,41000099.0,0.02038385321947637,688011
2021-07-15,38.5,38.82,36.7,37.6,1018651.0,38223869.0,41000099.0,0.024845086349669546,688011
2021-07-16,37.6,39.38,37.6,38.91,1067580.0,41324965.0,41000099.0,0.02603847371197811,688011
2021-07-19,38.55,39.69,38.43,39.1,834033.0,32513546.0,41000099.0,0.0203422191736659,688011
2021-07-20,38.98,40.16,38.67,39.97,946546.0,37392467.0,41000099.0,0.02308643205959088,688011
2021-07-21,40.1,40.75,39.44,39.81,1067365.0,42725293.0,41000099.0,0.02603322982220116,688011
2021-07-22,39.82,40.95,39.53,40.9,2052181.0,82815037.0,41831543.0,0.04905821905732715,688011
2021-07-23,40.95,41.33,39.7,40.12,1797594.0,72255994.0,41831543.0,0.042972213575769844,688011
2021-07-26,40.01,41.36,39.71,40.5,2445423.0,99367571.0,41831543.0,0.05845882854476585,688011
2021-07-27,40.2,42.31,39.81,40.72,2656907.0,109615623.0,41831543.0,0.06351443933110476,688011
2021-07-28,40.54,40.72,37.24,37.29,2330494.0,89509501.0,41831543.0,0.05571140419085187,688011
2021-07-29,37.9,39.16,37.74,38.85,1685963.0,65127197.0,41831543.0,0.040303629249344206,688011
2021-07-30,38.84,40.44,38.5,40.25,2389843.0,95400152.0,41831543.0,0.05713016610455895,688011
2021-08-02,40.96,41.85,40.01,41.46,2342527.0,96488173.0,41831543.0,0.05599905793577827,688011
2021-08-03,41.3,42.12,40.5,40.9,1738781.0,71799590.0,41831543.0,0.04156626495943504,688011
2021-08-04,41.0,42.49,41.0,41.49,2110749.0,88107326.0,41831543.0,0.050458310849303356,688011
2021-08-05,41.3,49.79,41.3,47.86,9218280.0,433693658.0,41831543.0,0.22036672182998365,688011
2021-08-06,47.01,47.47,43.98,44.83,6532521.0,296508868.0,41831543.0,0.15616256373808635,688011
2021-08-09,44.72,46.46,44.15,45.2,3229284.0,146069834.0,41831543.0,0.07719734364089798,688011
2021-08-10,45.0,48.36,44.02,46.71,6669164.0,307474310.0,41831543.0,0.15942907006801063,688011
2021-08-11,47.02,48.98,46.15,47.9,4863998.0,230719606.0,41831543.0,0.1162758447614519,688011
2021-08-12,47.63,47.63,45.3,46.18,3358985.0,154508601.0,41831543.0,0.08029789864552689,688011
2021-08-13,46.5,46.85,44.85,45.91,2423527.0,111199257.0,41831543.0,0.0579353957849463,688011
2021-08-16,45.48,46.66,44.0,44.3,2823192.0,126684501.0,41831543.0,0.06748954969220236,688011
2021-08-17,43.8,44.95,42.81,42.94,2918009.0,127723486.0,41831543.0,0.06975618852978958,688011
2021-08-18,42.96,43.96,42.02,43.45,1948466.0,84480319.0,41831543.0,0.04657886992119798,688011
2021-08-19,43.4,45.1,42.93,44.03,2331294.0,103031309.0,41831543.0,0.05573052851528809,688011
2021-08-20,44.9,44.9,43.0,43.78,2031661.0,89095902.0,41831543.0,0.04856768013553791,688011
2021-08-23,44.18,46.55,43.86,46.3,2888352.0,132489186.0,41831543.0,0.0690472259175331,688011
2021-08-24,46.2,46.2,45.22,46.05,2382118.0,108885123.0,41831543.0,0.05694549684672162,688011
2021-08-25,46.19,46.19,44.2,44.74,1924617.0,86500665.0,41831543.0,0.046008749904348493,688011
2021-08-26,44.6,45.87,44.09,44.09,1968257.0,88523657.0,41831543.0,0.047051981802344704,688011
2021-08-27,44.04,44.3,42.3,43.8,2022795.0,86637417.0,41831543.0,0.04835573480997342,688011
2021-08-30,43.66,45.0,43.24,44.0,1711446.0,75860019.0,41831543.0,0.04091281069885469,688011
2021-08-31,43.95,44.69,42.73,44.08,1511959.0,66186642.0,41831543.0,0.03614399306284256,688011
2021-09-01,44.04,44.04,41.42,43.6,2167928.0,92429981.0,41831543.0,0.05182519803297717,688011
2021-09-02,42.83,43.5,42.33,42.73,1287573.0,55107747.0,41831543.0,0.030779954734158385,688011
2021-09-03,43.29,43.29,41.7,42.24,1090715.0,46392272.0,41831543.0,0.0260739844093248,688011
2021-09-06,42.15,42.68,41.82,42.22,1050192.0,44308722.0,41831543.0,0.025105265660413243,688011
2021-09-07,42.23,43.2,42.2,42.64,1064374.0,45423190.0,41831543.0,0.025444292121856466,688011
2021-09-08,42.66,43.13,41.89,42.26,990036.0,41892237.0,41831543.0,0.02366721208443112,688011
2021-09-09,42.06,42.21,40.68,41.0,1850251.0,76291815.0,41831543.0,0.04423100051556788,688011
2021-09-10,41.02,41.63,40.81,40.96,812012.0,33424000.0,41831543.0,0.01941147616763742,688011
2021-09-13,40.96,40.99,39.72,39.88,1044185.0,41850286.0,41831543.0,0.02496166588930272,688011
2021-09-14,39.7,40.9,39.7,40.4,990991.0,40203384.0,41831543.0,0.023690041746726866,688011
2021-09-15,40.4,41.0,39.7,40.78,765154.0,31011185.0,41831543.0,0.018291316674596488,688011
2021-09-16,40.88,41.3,40.5,40.55,809391.0,33108881.0,41831543.0,0.01934882009970323,688011
2021-09-17,40.96,40.96,39.8,39.99,492131.0,19722996.0,41831543.0,0.011764591136406323,688011
2021-09-22,39.99,40.35,39.3,39.3,722987.0,28818663.0,41831543.0,0.017283297438968483,688011
2021-09-23,39.6,39.71,38.91,39.39,808813.0,31768830.0,41831543.0,0.019335002775298055,688011
2021-09-24,39.39,39.9,39.13,39.16,603247.0,23868683.0,41831543.0,0.014420864178976138,688011
2021-09-27,39.51,39.56,37.66,37.73,874170.0,33512100.0,41831543.0,0.020897388365521206,688011
2021-09-28,38.0,38.2,37.04,37.09,713378.0,26632300.0,41831543.0,0.017053590397083845,688011
2021-09-29,37.0,37.05,35.7,35.96,804427.0,29118090.0,41831543.0,0.01923015366657644,688011
2021-09-30,36.34,36.66,36.17,36.39,381318.0,13885532.0,41831543.0,0.009115561431716731,688011
2021-10-08,36.87,37.16,36.6,37.0,369295.0,13601671.0,41831543.0,0.008828146740845777,688011
2021-10-11,37.0,38.0,36.9,37.6,714102.0,26823242.0,41831543.0,0.017070897910698633,688011
2021-10-12,37.57,37.58,36.51,36.61,487281.0,17994834.0,41831543.0,0.011648649919511695,688011
2021-10-13,36.38,37.16,36.38,36.68,425196.0,15679285.0,41831543.0,0.010164482816232718,688011
2021-10-14,36.68,37.94,36.68,37.45,596171.0,22400566.0,41831543.0,0.014251709529337705,688011
2021-10-15,37.46,38.38,37.2,37.99,480396.0,18244148.0,41831543.0,0.011484061202332412,688011
2021-10-18,37.62,37.95,37.44,37.75,337959.0,12737135.0,41831543.0,0.008079046952678748,688011
2021-10-19,37.38,38.17,37.38,38.03,314315.0,11919878.0,41831543.0,0.007513827543966045,688011
2021-10-20,38.13,38.32,37.73,37.86,329811.0,12524398.0,41831543.0,0.00788426570829577,688011
2021-10-21,35.0,35.2,32.22,33.68,2994277.0,100837477.0,41831543.0,0.07157940599991733,688011
2021-10-22,33.67,33.8,32.35,32.36,1155578.0,37739458.0,41831543.0,0.02762456072920858,688011
2021-10-25,32.48,32.57,31.82,32.29,558364.0,17992472.0,41831543.0,0.01334791786188714,688011
2021-10-26,32.26,32.38,31.83,31.85,525335.0,16820956.0,41831543.0,0.012558346222131945,688011
2021-10-27,32.2,32.25,31.31,31.31,509052.0,16127140.0,41831543.0,0.01216909450363808,688011
2021-10-28,31.53,31.59,30.0,30.3,563130.0,17374810.0,41831543.0,0.013461851024715966,688011
2021-10-29,30.38,30.98,29.88,30.87,744184.0,22731638.0,41831543.0,0.017790020320311874,688011
2021-11-01,30.87,31.78,30.66,31.69,575943.0,18155856.0,41831543.0,0.013768150985967694,688011
2021-11-02,32.31,32.69,31.79,32.05,967507.0,31160754.0,41831543.0,0.02312864720290141,688011
2021-11-03,32.25,32.6,31.46,31.83,569039.0,18136369.0,41831543.0,0.013603108066083051,688011
2021-11-04,32.2,32.65,31.87,32.37,691908.0,22395137.0,41831543.0,0.01654034134002659,688011
2021-11-05,32.43,32.47,31.75,32.04,539068.0,17354946.0,41831543.0,0.012886639156485335,688011
2021-11-08,32.18,32.43,31.2,32.28,732000.0,23332797.0,41831543.0,0.017498756859148132,688011
2021-11-09,32.33,32.86,32.14,32.7,587105.0,19089463.0,41831543.0,0.014034983122664157,688011
2021-11-10,33.0,33.0,32.29,32.69,576000.0,18749463.0,41831543.0,0.013769513594083776,688011
2021-11-11,32.54,33.3,32.32,33.07,620546.0,20519563.0,41831543.0,0.014834403789504012,688011
2021-11-12,32.88,34.35,32.88,34.19,925761.0,31403864.0,41831543.0,0.02213069214300797,688011
2021-11-15,34.49,34.5,33.85,34.11,626541.0,21389563.0,41831543.0,0.01497771669574799,688011
2021-11-16,34.15,34.32,33.17,33.22,667068.0,22445135.0,41831543.0,0.01594653106628173,688011
2021-11-17,33.32,33.58,33.01,33.45,765493.0,25519172.0,41831543.0,0.01829942060707634,688011
2021-11-18,33.68,33.68,32.92,33.23,543603.0,18048554.0,41831543.0,0.0129950501706332,688011
2021-11-19,33.38,33.68,33.03,33.63,553668.0,18483665.0,41831543.0,0.013235658077446486,688011
2021-11-22,33.85,34.22,33.39,34.05,622063.0,20982931.0,41831543.0,0.014870668289716208,688011
2021-11-23,34.08,34.4,33.57,34.01,613505.0,20874000.0,41831543.0,0.014666085829059664,688011
2021-11-24,34.1,34.69,33.92,34.28,737906.0,25356575.0,41831543.0,0.017639942184298582,688011
2021-11-25,34.11,34.52,33.98,34.05,421405.0,14421427.0,41831543.0,0.010073857423810544,688011
2021-11-26,34.05,34.16,33.38,33.43,620105.0,20905760.0,41831543.0,0.014823861505658542,688011
2021-11-29,32.79,34.0,32.63,33.65,568398.0,19062198.0,41831543.0,0.013587784701128524,688011
2021-11-30,33.67,35.1,33.63,34.48,1775324.0,61040669.0,41831543.0,0.042439840194276365,688011
2021-12-01,34.48,34.54,33.84,34.15,1131168.0,38481726.0,41831543.0,0.027041029779848187,688011
2021-12-02,34.15,34.15,33.01,33.42,1552542.0,52050953.0,41831543.0,0.03711414613608683,688011
2021-12-03,33.42,33.99,33.23,33.52,606296.0,20413704.0,41831543.0,0.01449375176048371,688011
2021-12-06,33.5,33.59,32.05,32.15,1038059.0,33817925.0,41831543.0,0.02481522137493231,688011
2021-12-07,32.48,32.48,31.01,31.66,835166.0,26383049.0,41831543.0,0.019964981927632935,688011
2021-12-08,31.69,32.44,31.67,32.28,503017.0,16202831.0,41831543.0,0.01202482538117229,688011
2021-12-09,32.28,32.39,31.9,32.24,531308.0,17141915.0,41831543.0,0.012701133209453928,688011
2021-12-10,32.23,32.61,32.0,32.03,494005.0,15915586.0,41831543.0,0.011809389866398186,688011
2021-12-13,32.06,32.07,31.69,31.91,487556.0,15524252.0,41831543.0,0.011655223906036648,688011
2021-12-14,31.99,32.48,31.71,32.25,514697.0,16564143.0,41831543.0,0.01230404051794121,688011
2021-12-15,32.25,32.56,32.1,32.25,434318.0,14051508.0,41831543.0,0.010382547925616801,688011
2021-12-16,32.66,34.95,32.5,34.11,2509015.0,85468595.0,41831543.0,0.05997902109420157,688011
2021-12-17,34.47,34.56,33.2,33.85,1556363.0,52587252.0,41831543.0,0.03720548869067536,688011
2021-12-20,33.97,33.99,32.7,32.75,843740.0,28065036.0,41831543.0,0.020169946874778202,688011
2021-12-21,33.06,33.38,32.75,33.15,421314.0,13938105.0,41831543.0,0.010071682031905923,688011
2021-12-22,33.15,33.47,33.01,33.16,530170.0,17601938.0,41831543.0,0.012673928857943394,688011
2021-12-23,33.03,33.39,31.92,32.1,959875.0,31123349.0,41831543.0,0.022946201147779798,688011
2021-12-24,32.12,32.15,31.3,31.42,635533.0,20066032.0,41831543.0,0.015192674102411187,688011
2021-12-27,31.8,31.8,31.2,31.37,439492.0,13791479.0,41831543.0,0.010506234493908102,688011
2021-12-28,31.56,31.93,31.43,31.89,304858.0,9667224.0,41831543.0,0.007287754123724291,688011
2021-12-29,31.97,32.19,31.76,32.05,478560.0,15295340.0,41831543.0,0.01144017087775127,688011
2021-12-30,32.1,33.24,31.82,32.81,849252.0,27857969.0,41831543.0,0.02030171347014381,688011
2021-12-31,33.16,33.25,32.56,32.81,521677.0,17122053.0,41831543.0,0.012470900248647296,688011
2022-01-04,33.16,33.18,32.73,33.04,542072.0,17862008.0,41831543.0,0.012958450994743369,688011
2022-01-05,33.06,33.19,32.0,32.46,691640.0,22544135.0,41831543.0,0.016533934691340457,688011
2022-01-06,32.46,32.71,32.2,32.51,369019.0,11989439.0,41831543.0,0.008821548848915279,688011
2022-01-07,32.51,32.7,32.06,32.11,601124.0,19439299.0,41831543.0,0.014370113003003499,688011
2022-01-10,32.31,32.65,31.76,32.64,460217.0,14870821.0,41831543.0,0.01100167402383412,688011
2022-01-11,32.62,32.84,32.22,32.3,388678.0,12642016.0,41831543.0,0.009291505216530023,688011
2022-01-12,32.5,33.23,32.34,33.06,769639.0,25341776.0,41831543.0,0.01839853241846709,688011
2022-01-13,33.06,33.14,32.65,32.69,411787.0,13526158.0,41831543.0,0.009843935233275999,688011
2022-01-14,32.72,33.18,32.69,32.78,634224.0,20897710.0,41831543.0,0.015161381926552411,688011
2022-01-17,32.9,33.78,32.82,33.72,860184.0,28802432.0,41831543.0,0.02056304736356486,688011
2022-01-18,33.88,34.48,33.41,33.6,931635.0,31693545.0,41831543.0,0.02227111249518097,688011
2022-01-19,33.65,33.98,33.33,33.71,587692.0,19741971.0,41831543.0,0.01404901559571924,688011
2022-01-20,33.93,33.93,32.61,32.62,767721.0,25360911.0,41831543.0,0.01835268185063123,688011
2022-01-21,32.61,32.63,31.67,31.67,554621.0,17765355.0,41831543.0,0.013258439928931142,688011
2022-01-24,31.68,32.01,31.2,31.76,369276.0,11736180.0,41831543.0,0.008827692538140417,688011
2022-01-25,31.92,32.16,29.9,29.91,875460.0,26997261.0,41831543.0,0.02092822633867462,688011
2022-01-26,30.16,30.31,29.6,30.15,402959.0,12107958.0,41831543.0,0.009632898313122229,688011
2022-01-27,30.39,30.39,28.98,28.98,484577.0,14232409.0,41831543.0,0.011584009702917246,688011
2022-01-28,29.0,29.84,29.0,29.38,250845.0,7378919.0,41831543.0,0.005996551454006849,688011
2022-02-07,29.4,29.77,29.0,29.35,435128.0,12770626.0,41831543.0,0.010401911304108481,688011
2022-02-08,29.1,29.63,29.04,29.49,354787.0,10419445.0,41831543.0,0.008481327117194792,688011
2022-02-09,29.49,30.1,29.49,29.88,309301.0,9220500.0,41831543.0,0.0073939658405619895,688011
2022-02-10,30.25,30.41,28.68,29.1,907915.0,26515741.0,41831543.0,0.021704076275646824,688011
2022-02-11,29.1,29.25,28.3,28.35,670837.0,19159425.0,41831543.0,0.016036630539781906,688011
2022-02-14,28.08,28.89,28.01,28.66,300277.0,8569424.0,41831543.0,0.007178243460921344,688011
2022-02-15,28.88,29.55,28.8,29.05,500161.0,14576210.0,41831543.0,0.011956551542934957,688011
2022-02-16,29.3,29.37,28.8,28.87,343453.0,9978079.0,41831543.0,0.00821038325074454,688011
2022-02-17,28.8,29.06,28.62,28.68,308729.0,8902816.0,41831543.0,0.0073802919485900864,688011
2022-02-18,28.82,28.88,28.6,28.85,247885.0,7130902.0,41831543.0,0.005925791453592807,688011
2022-02-21,28.63,29.22,28.63,29.22,438344.0,12750533.0,41831543.0,0.010478791088342116,688011
2022-02-22,29.26,29.26,28.73,28.82,362707.0,10491683.0,41831543.0,0.008670657929113444,688011
2022-02-23,28.78,29.45,28.78,29.23,665868.0,19412678.0,41831543.0,0.015917844579627388,688011
2022-02-24,29.15,31.96,28.7,30.43,2502168.0,76398961.0,41831543.0,0.05981534078243301,688011
2022-02-25,30.43,30.68,29.8,29.98,945924.0,28489599.0,41831543.0,0.022612696835017536,688011
2022-02-28,30.3,30.3,29.32,29.48,606887.0,18014621.0,41831543.0,0.014507879855160973,688011
2022-03-01,29.3,30.15,29.1,29.78,581331.0,17321282.0,41831543.0,0.013896953311045686,688011
2022-03-02,29.61,30.38,29.52,29.83,446600.0,13351787.0,41831543.0,0.010676154116523983,688011
2022-03-03,30.0,30.0,29.58,29.6,369720.0,10988269.0,41831543.0,0.008838306538202523,688011
2022-03-04,29.51,29.7,28.88,28.91,446836.0,13086145.0,41831543.0,0.01068179579223267,688011
2022-03-07,28.9,29.06,28.32,28.4,460863.0,13230878.0,41831543.0,0.011017116915816373,688011
2022-03-08,28.4,28.77,27.69,27.69,515042.0,14423697.0,41831543.0,0.012312287882854333,688011
2022-03-09,27.68,27.9,25.59,26.87,611578.0,16395278.0,41831543.0,0.0146200201125739,688011
2022-03-10,27.0,27.65,26.02,26.31,925792.0,24738733.0,41831543.0,0.022131433210579872,688011
2022-03-11,26.01,26.9,25.42,26.81,541494.0,14126359.0,41831543.0,0.012944633670338193,688011
2022-03-14,26.59,26.92,26.34,26.47,254675.0,6783548.0,41831543.0,0.0060881091572452875,688011
2022-03-15,26.51,26.51,24.8,24.8,543312.0,13914683.0,41831543.0,0.012988093697619522,688011
2022-03-16,24.96,25.5,24.11,25.19,615857.0,15243626.0,41831543.0,0.014722311342902174,688011
2022-03-17,25.54,26.24,25.4,25.83,529090.0,13712987.0,41831543.0,0.012648111019954488,688011
2022-03-18,25.72,26.28,25.57,25.86,279187.0,7202292.0,41831543.0,0.006674078457971297,688011
2022-03-21,25.91,26.18,25.8,26.02,280201.0,7289485.0,41831543.0,0.006698318539194215,688011
2022-03-22,25.89,26.38,25.81,26.03,329972.0,8617667.0,41831543.0,0.007888114478588561,688011
2022-03-23,26.26,26.48,25.8,26.02,435774.0,11417007.0,41831543.0,0.010417354196090734,688011
2022-03-24,26.02,26.1,25.08,25.17,398917.0,10154625.0,41831543.0,0.00953627266390819,688011
2022-03-25,25.45,26.16,25.29,25.64,442048.0,11392487.0,41831543.0,0.010567336710481849,688011
2022-03-28,25.4,25.71,25.12,25.35,287631.0,7299064.0,41831543.0,0.006875935702395678,688011
2022-03-29,25.55,25.86,25.14,25.25,242215.0,6161094.0,41831543.0,0.0057902478041510445,688011
2022-03-30,25.12,25.61,25.12,25.43,281751.0,7144736.0,41831543.0,0.006735371917789406,688011
2022-03-31,25.3,25.64,25.2,25.2,255244.0,6482897.0,41831543.0,0.006101711333000554,688011
2022-04-01,25.19,25.35,24.85,25.12,262104.0,6563587.0,41831543.0,0.006265702415041204,688011
2022-04-06,25.13,25.5,24.83,25.33,282183.0,7112412.0,41831543.0,0.006745699052984969,688011
2022-04-07,25.05,25.17,24.42,24.42,405166.0,10042571.0,41831543.0,0.009685657543160671,688011
2022-04-08,24.22,24.67,23.45,23.77,440942.0,10578355.0,41831543.0,0.010540897331948764,688011
2022-04-11,23.64,23.87,23.09,23.4,401580.0,9436650.0,41831543.0,0.009599932758875282,688011
2022-04-12,23.75,24.2,23.03,24.1,372212.0,8794171.0,41831543.0,0.008897878808821372,688011
2022-04-13,23.9,23.9,23.3,23.37,199672.0,4721927.0,41831543.0,0.004773240136038013,688011
2022-04-14,23.33,23.87,23.33,23.41,229615.0,5392053.0,41831543.0,0.005489039694280462,688011
2022-04-15,23.21,23.21,22.54,22.65,321107.0,7310161.0,41831543.0,0.007676193058429616,688011
2022-04-18,22.65,23.63,22.39,23.58,367088.0,8519381.0,41831543.0,0.008775387510807335,688011
2022-04-19,23.33,23.69,23.01,23.18,332837.0,7748105.0,41831543.0,0.007956603465475802,688011
2022-04-20,23.36,23.77,23.17,23.29,381824.0,8951975.0,41831543.0,0.009127657566922645,688011
2022-04-21,23.29,23.31,22.5,22.5,359600.0,8226424.0,41831543.0,0.008596383834084245,688011
2022-04-22,22.5,22.66,22.0,22.16,311093.0,6907222.0,41831543.0,0.007436804327299139,688011
2022-04-25,21.96,21.96,19.5,19.76,1094888.0,22352454.0,41831543.0,0.026173741666665272,688011
2022-04-26,19.98,19.99,18.44,18.46,582335.0,11192143.0,41831543.0,0.013920954338213151,688011
2022-04-27,18.02,19.1,17.85,19.0,444815.0,8238434.0,41831543.0,0.010633482967625651,688011
2022-04-28,19.08,19.25,18.56,18.75,455301.0,8577399.0,41831543.0,0.010884155050173502,688011
2022-04-29,18.69,19.67,18.69,19.39,673611.0,13048334.0,41831543.0,0.016102944134764523,688011
2022-05-05,19.34,20.15,19.23,19.7,653798.0,12893022.0,41831543.0,0.015629306334695805,688011
2022-05-06,19.42,19.89,19.11,19.57,386620.0,7553923.0,41831543.0,0.00924230789191783,688011
2022-05-09,19.74,20.2,19.6,19.85,610013.0,12176774.0,41831543.0,0.014582608152895532,688011
2022-05-10,19.73,20.94,19.72,20.58,1068442.0,21893915.0,41831543.0,0.025541539311614684,688011
2022-05-11,20.68,21.15,20.18,20.2,869176.0,18007648.0,41831543.0,0.020778004770228054,688011
2022-05-12,20.2,20.68,20.06,20.3,531349.0,10783414.0,41831543.0,0.012702113331081285,688011
2022-05-13,20.33,20.52,20.01,20.12,497048.0,10031011.0,41831543.0,0.011882134015472487,688011
2022-05-16,20.38,20.68,20.01,20.02,614470.0,12469057.0,41831543.0,0.014689154545410863,688011
2022-05-17,20.09,20.28,19.57,19.87,732992.0,14528516.0,41831543.0,0.017522471021449052,688011
2022-05-18,20.13,20.99,20.0,20.26,1030498.0,21197397.0,41831543.0,0.024634472603604414,688011
2022-05-19,20.16,20.73,20.01,20.49,851642.0,17388163.0,41831543.0,0.02035884738939704,688011
2022-05-20,20.68,20.87,20.21,20.62,454255.0,9355929.0,41831543.0,0.010859149995973134,688011
2022-05-23,20.78,20.86,20.44,20.52,747640.0,15377956.0,41831543.0,0.01787263740187638,688011
2022-05-24,20.56,20.9,19.22,19.23,993113.0,19976209.0,41831543.0,0.02374076901729396,688011
2022-05-25,19.08,19.8,19.08,19.59,676515.0,13245146.0,41831543.0,0.01617236543246803,688011
2022-05-26,19.5,20.28,19.45,20.09,660007.0,13156695.0,41831543.0,0.015777734997726476,688011
2022-05-27,20.2,20.42,19.9,20.09,560933.0,11252345.0,41831543.0,0.013409330848732977,688011
2022-05-30,20.37,20.4,19.76,20.38,632525.0,12737064.0,41831543.0,0.015120766642530972,688011
2022-05-31,20.37,20.9,20.02,20.75,680080.0,13970787.0,41831543.0,0.01625758820323697,688011
2022-06-01,20.6,21.68,20.6,21.54,1541298.0,32858947.0,41831543.0,0.03684535375613565,688011
2022-06-02,21.75,25.85,21.75,25.85,3295128.0,81299770.0,41831543.0,0.07877137116362168,688011
2022-06-06,28.0,30.22,27.25,28.61,8108705.0,231730350.0,41831543.0,0.1938418814720748,688011
2022-06-07,28.0,28.0,26.04,26.28,4985274.0,133555001.0,41831543.0,0.11917499672436181,688011
2022-06-08,26.28,26.45,25.0,25.5,2878331.0,73850479.0,41831543.0,0.0688076698485638,688011
2022-06-09,25.7,25.7,24.25,24.43,1937104.0,47823785.0,41831543.0,0.04630725670339246,688011
2022-06-10,24.68,24.99,24.25,24.7,1885587.0,46469853.0,41831543.0,0.04507572192591605,688011
2022-06-13,24.67,25.2,23.65,24.0,2066511.0,50334738.0,41831543.0,0.04940078351879107,688011
2022-06-14,24.33,24.33,22.5,23.46,1688915.0,39113298.0,41831543.0,0.04037419800651389,688011
2022-06-15,23.69,24.12,23.3,23.59,1336750.0,31725072.0,41831543.0,0.03195555086265883,688011
2022-06-16,23.99,24.69,23.3,24.61,1911653.0,46553325.0,41831543.0,0.04569884022685943,688011
2022-06-17,24.28,24.76,23.91,24.23,1067535.0,25899516.0,41831543.0,0.02551985710878511,688011
2022-06-20,24.23,24.68,23.96,24.04,1058888.0,25642080.0,41831543.0,0.025313147067035035,688011
2022-06-21,24.09,24.5,23.39,23.81,888751.0,21305515.0,41831543.0,0.021245953083776997,688011
2022-06-22,23.81,23.92,22.89,22.9,964060.0,22511366.0,41831543.0,0.023046245269986814,688011
2022-06-23,23.36,24.49,22.88,24.35,1365222.0,32435482.0,41831543.0,0.03263618556934417,688011
2022-06-24,24.68,24.8,24.11,24.35,1216280.0,29658320.0,41831543.0,0.029075666656618426,688011
2022-06-27,24.58,24.68,24.03,24.03,771174.0,18633983.0,41831543.0,0.0184352272159791,688011
2022-06-28,23.97,24.55,23.88,24.47,940532.0,22867765.0,41831543.0,0.022483798888317363,688011
2022-06-29,24.29,24.48,23.3,23.31,1290246.0,30549345.0,41831543.0,0.03084385388318093,688011
2022-06-30,23.58,23.58,23.07,23.14,732831.0,17067677.0,41831543.0,0.017518622251156264,688011
2022-07-01,23.18,23.46,22.8,22.89,796598.0,18374358.0,41831543.0,0.019042998246562408,688011
2022-07-04,22.56,23.29,22.4,23.03,633114.0,14482651.0,41831543.0,0.015134846926397145,688011
2022-07-05,23.29,23.32,22.32,22.65,565074.0,12792249.0,41831543.0,0.013508323133095999,688011
2022-07-06,22.22,22.98,22.22,22.79,567304.0,12938685.0,41831543.0,0.013561632187461982,688011
2022-07-07,22.81,23.17,22.44,22.55,603832.0,13699205.0,41831543.0,0.014434848841220128,688011
2022-07-08,22.61,22.98,22.39,22.72,541322.0,12340389.0,41831543.0,0.012940521940584405,688011
2022-07-11,23.24,23.24,22.11,22.41,637688.0,14296644.0,41831543.0,0.015244190251361275,688011
2022-07-12,22.41,22.95,21.87,21.87,516722.0,11440198.0,41831543.0,0.01235244896417041,688011
2022-07-13,22.21,22.29,21.84,22.14,302525.0,6685010.0,41831543.0,0.007231982812587143,688011
2022-07-14,22.17,23.88,22.01,23.5,1625293.0,38090188.0,41831543.0,0.03885328829491181,688011
2022-07-15,23.5,23.5,22.7,22.7,681257.0,15715519.0,41831543.0,0.016285724865563768,688011
2022-07-18,22.47,23.28,22.47,23.12,591367.0,13642265.0,41831543.0,0.01413686796109816,688011
2022-07-19,23.06,24.34,23.06,24.0,1224896.0,29295104.0,41831543.0,0.0292816356307966,688011
2022-07-20,24.02,24.78,23.84,24.36,1235839.0,30140410.0,41831543.0,0.029543232483678645,688011
2022-07-21,24.35,25.52,24.13,24.7,1464656.0,36497082.0,41831543.0,0.03501319566433397,688011
2022-07-22,24.61,25.8,24.55,24.88,1222087.0,30812367.0,55346000.0,0.022080854985003433,688011
2022-07-25,24.92,25.5,24.4,24.67,969794.0,24186535.0,55346000.0,0.017522386441657933,688011
2022-07-26,24.41,24.44,23.84,24.25,988250.0,23840171.0,55346000.0,0.01785585227478047,688011
2022-07-27,24.6,25.57,24.4,25.05,1105214.0,27778762.0,55346000.0,0.01996917573085679,688011
2022-07-28,25.21,25.5,25.0,25.32,848924.0,21488070.0,55346000.0,0.015338488779676942,688011
2022-07-29,25.5,25.5,25.0,25.3,1059348.0,26818308.0,55346000.0,0.019140461821992555,688011
2022-08-01,25.05,25.72,24.9,25.42,1036601.0,26320609.0,55346000.0,0.018729465544032087,688011
2022-08-02,25.35,26.49,24.52,24.9,2006903.0,51031301.0,55346000.0,0.036261030607451304,688011
2022-08-03,24.9,29.0,24.6,27.5,4620729.0,125763856.0,55346000.0,0.08348803888266541,688011
2022-08-04,28.26,28.26,25.7,26.23,2797730.0,73880921.0,55346000.0,0.05054981389802334,688011
2022-08-05,26.11,26.5,25.8,26.34,1784278.0,46671173.0,55346000.0,0.03223860802948723,688011
2022-08-08,26.21,27.6,26.08,27.42,2142837.0,58388088.0,55346000.0,0.03871710692732989,688011
2022-08-09,27.38,28.81,26.84,28.52,1818453.0,50569218.0,55346000.0,0.032856087160770424,688011
2022-08-10,28.8,29.18,27.85,28.58,1729792.0,49554051.0,55346000.0,0.03125414664113035,688011
2022-08-11,28.78,29.0,28.21,28.51,1452807.0,41415748.0,55346000.0,0.026249539262096628,688011
2022-08-12,28.3,28.73,27.62,27.62,1140988.0,32042267.0,55346000.0,0.020615545838904348,688011
2022-08-15,27.58,28.82,27.36,28.8,1405009.0,39493497.0,55346000.0,0.025385917681494598,688011
2022-08-16,29.0,29.2,27.8,28.0,1097819.0,31102203.0,55346000.0,0.019835561738879053,688011
2022-08-17,28.15,29.13,27.52,28.26,1453089.0,41661593.0,55346000.0,0.026254634481263327,688011
2022-08-18,27.85,29.18,27.85,28.24,1216009.0,34455337.0,55346000.0,0.02197103675062335,688011
2022-08-19,28.13,29.13,27.41,27.43,1252588.0,35166263.0,55346000.0,0.02263195172189499,688011
2022-08-22,27.03,27.61,26.67,26.92,937470.0,25324088.0,55346000.0,0.016938351461713585,688011
2022-08-23,26.8,27.7,26.67,26.92,1089413.0,29549042.0,55346000.0,0.01968368084414411,688011
2022-08-24,26.98,26.98,25.02,25.17,1185857.0,30509952.0,55346000.0,0.02142624579915441,688011
2022-08-25,25.17,25.7,24.8,25.0,1042115.0,26272264.0,55346000.0,0.018829093340078776,688011
2022-08-26,25.49,25.49,24.55,24.56,539579.0,13508400.0,55346000.0,0.009749195967188234,688011
2022-08-29,24.64,25.95,23.92,25.62,1152989.0,29330192.0,55346000.0,0.020832381743938134,688011
2022-08-30,25.34,25.85,24.97,25.52,1007622.0,25676776.0,55346000.0,0.018205868536118237,688011
2022-08-31,25.31,25.96,24.28,24.31,820338.0,20331159.0,55346000.0,0.014821992555920933,688011
2022-09-01,24.41,24.97,23.83,23.98,652738.0,15817602.0,55346000.0,0.011793770100820293,688011
2022-09-02,24.46,25.18,23.9,24.95,850174.0,20974998.0,55346000.0,0.015361073971018683,688011
2022-09-05,25.34,25.38,24.56,24.77,690920.0,17187828.0,55346000.0,0.01248364832146858,688011
2022-09-06,24.83,25.18,24.38,24.68,630778.0,15568102.0,55346000.0,0.011396993459328587,688011
2022-09-07,24.71,25.32,24.6,25.05,753823.0,18887999.0,55346000.0,0.01362018935424421,688011
2022-09-08,25.14,25.38,24.33,24.54,640496.0,15745285.0,55346000.0,0.011572579770895819,688011
2022-09-09,24.53,24.55,23.88,24.12,621138.0,14941057.0,55346000.0,0.011222816463701081,688011
2022-09-13,24.24,24.6,23.89,24.36,573311.0,13875729.0,55346000.0,0.010358670906659921,688011
2022-09-14,23.88,24.58,23.88,24.34,439593.0,10697428.0,55346000.0,0.007942633613991978,688011
2022-09-15,24.34,24.57,23.03,23.17,780620.0,18408158.0,55346000.0,0.014104361652151917,688011
2022-09-16,23.38,23.93,23.04,23.42,614099.0,14495742.0,55346000.0,0.011095634734217468,688011
2022-09-19,23.37,23.66,22.62,22.85,791262.0,18218527.0,55346000.0,0.014296642937158963,688011
2022-09-20,22.86,23.12,22.62,22.78,395611.0,9042267.0,55346000.0,0.007147960105518014,688011
2022-09-21,22.53,23.5,22.34,23.28,667068.0,15399702.0,55346000.0,0.012052686734362014,688011
2022-09-22,23.36,24.35,23.02,23.75,725047.0,17329269.0,55346000.0,0.013100260181404257,688011
2022-09-23,24.05,24.06,22.91,23.18,641242.0,15024985.0,55346000.0,0.01158605861308857,688011
2022-09-26,22.96,23.28,22.15,22.32,635079.0,14291481.0,55346000.0,0.01147470458569725,688011
2022-09-27,22.32,23.3,22.06,23.14,792834.0,18030801.0,55346000.0,0.014325046073790338,688011
2022-09-28,23.49,23.63,22.4,22.7,472975.0,10832343.0,55346000.0,0.008545784699887978,688011
2022-09-29,22.82,23.0,21.83,21.95,619397.0,13711007.0,55346000.0,0.011191359809200304,688011
2022-09-30,22.2,22.33,21.38,21.44,527139.0,11513694.0,55346000.0,0.009524428142955227,688011
2022-10-10,21.52,21.6,20.7,21.09,588873.0,12436825.0,55346000.0,0.010639847504788061,688011
2022-10-11,20.98,21.43,20.62,21.05,408418.0,8619468.0,55346000.0,0.007379358941928956,688011
2022-10-12,20.65,21.76,20.57,21.7,558093.0,11752841.0,55346000.0,0.010083709753189028,688011
2022-10-13,21.75,22.49,21.52,22.27,561033.0,12443218.0,55346000.0,0.010136830123224805,688011
2022-10-14,22.27,23.18,22.27,23.02,472641.0,10864429.0,55346000.0,0.008539749936761465,688011
2022-10-17,23.09,24.84,22.86,24.25,997811.0,23930054.0,55346000.0,0.01802860188631518,688011
2022-10-18,23.82,24.86,23.68,23.88,659103.0,15786317.0,55346000.0,0.01190877389513244,688011
2022-10-19,23.58,24.28,23.58,23.83,438596.0,10461145.0,55346000.0,0.007924619665377806,688011
2022-10-20,23.74,24.13,23.42,23.96,669028.0,15926324.0,55346000.0,0.012088100314385864,688011
2022-10-21,23.62,24.45,23.46,23.73,605977.0,14401008.0,55346000.0,0.010948885194955372,688011
2022-10-24,23.86,24.79,23.63,24.03,1179518.0,28693010.0,55346000.0,0.021311711776822173,688011
2022-10-25,24.08,25.4,23.86,24.8,2010165.0,49714151.0,55346000.0,0.03631996892277671,688011
2022-10-26,24.53,25.49,24.1,25.48,2014581.0,49724554.0,55346000.0,0.03639975788674882,688011
2022-10-27,25.39,25.39,24.2,24.24,1940069.0,47856896.0,55346000.0,0.03505346366494417,688011
2022-10-28,24.39,24.68,23.26,23.32,1625122.0,38872717.0,55346000.0,0.029362953058938317,688011
2022-10-31,23.0,24.72,22.85,24.39,1527083.0,37032909.0,55346000.0,0.027591569399775955,688011
2022-11-01,24.96,25.47,24.4,25.05,1455991.0,36395692.0,55346000.0,0.02630706826148231,688011
2022-11-02,25.14,25.7,24.86,25.22,1258897.0,31854360.0,55346000.0,0.022745943699635025,688011
2022-11-03,25.22,26.12,25.07,25.85,1426223.0,36590660.0,55346000.0,0.025769215480793552,688011
2022-11-04,25.85,26.14,25.46,25.89,1086976.0,28042258.0,55346000.0,0.019639648755104253,688011
2022-11-07,25.7,26.09,25.27,25.44,1102807.0,28130825.0,55346000.0,0.019925685686409136,688011
2022-11-08,25.58,25.75,25.08,25.54,801708.0,20441060.0,55346000.0,0.014485382864163626,688011
2022-11-09,25.63,26.06,25.28,25.43,722600.0,18565457.0,55346000.0,0.013056047410833665,688011
2022-11-10,25.43,25.52,24.73,24.83,898944.0,22522743.0,55346000.0,0.01624225779640805,688011
2022-11-11,25.05,25.4,24.41,24.49,1293457.0,32167827.0,55346000.0,0.02337037906985148,688011
2022-11-14,24.79,24.87,24.3,24.4,700567.0,17162112.0,55346000.0,0.0126579517941676,688011
2022-11-15,24.4,25.05,24.22,24.92,950621.0,23647455.0,55346000.0,0.01717596574278177,688011
2022-11-16,25.12,25.5,24.81,24.92,722270.0,18184414.0,55346000.0,0.013050084920319446,688011
2022-11-17,25.0,25.85,24.5,25.67,1305906.0,32963640.0,55346000.0,0.023595309507462147,688011
2022-11-18,25.9,26.16,25.29,25.38,991011.0,25473990.0,55346000.0,0.01790573844541611,688011
2022-11-21,25.76,25.76,25.05,25.53,735956.0,18683191.0,55346000.0,0.0132973656632819,688011
2022-11-22,25.7,26.21,24.94,24.94,971374.0,24762107.0,55346000.0,0.017550934123513894,688011
2022-11-23,25.15,25.3,24.07,24.58,761753.0,18692150.0,55346000.0,0.013763469808116215,688011
2022-11-24,24.49,24.97,24.05,24.15,725478.0,17642922.0,55346000.0,0.01310804755537889,688011
2022-11-25,24.21,24.21,23.34,23.34,909277.0,21490906.0,55346000.0,0.01642895602211542,688011
2022-11-28,23.0,23.48,22.86,23.21,797610.0,18494674.0,55346000.0,0.014411339572868862,688011
2022-11-29,23.41,23.69,23.25,23.53,595592.0,13987198.0,55346000.0,0.010761247425288186,688011
2022-11-30,23.75,23.77,23.25,23.38,530858.0,12443465.0,55346000.0,0.009591623604235175,688011
2022-12-01,23.7,23.85,23.38,23.62,656514.0,15506881.0,55346000.0,0.011861995446825426,688011
2022-12-02,23.45,24.24,23.45,23.81,1063675.0,25474722.0,55346000.0,0.019218642720341128,688011
2022-12-05,23.58,24.08,23.58,23.84,925056.0,21967856.0,55346000.0,0.016714053409460486,688011
2022-12-06,23.82,24.04,23.5,23.59,700019.0,16580026.0,55346000.0,0.012648050446283381,688011
2022-12-07,23.66,23.69,23.3,23.38,462488.0,10846942.0,55346000.0,0.008356303978607307,688011
2022-12-08,23.3,23.59,23.07,23.19,458195.0,10619476.0,55346000.0,0.008278737397463232,688011
2022-12-09,23.25,23.27,22.71,22.76,683952.0,15655044.0,55346000.0,0.012357749430853179,688011
2022-12-12,22.78,23.13,22.6,22.94,621084.0,14196524.0,55346000.0,0.011221840783435117,688011
2022-12-13,22.9,23.24,22.47,22.69,519906.0,11774684.0,55346000.0,0.009393741191775377,688011
2022-12-14,22.8,22.92,22.4,22.57,446785.0,10096843.0,55346000.0,0.00807257977089582,688011
2022-12-15,22.64,22.86,22.41,22.71,367516.0,8340336.0,55346000.0,0.006640335344921042,688011
2022-12-16,22.71,22.71,22.06,22.12,466650.0,10376377.0,55346000.0,0.008431503631698768,688011
2022-12-19,22.12,22.26,21.57,21.58,474089.0,10334912.0,55346000.0,0.008565912622411737,688011
2022-12-20,21.86,22.03,21.5,21.73,294168.0,6391904.0,55346000.0,0.005315072453293824,688011
2022-12-21,21.55,21.88,21.4,21.69,567924.0,12288097.0,55346000.0,0.010261337766053555,688011
2022-12-22,21.7,21.87,21.27,21.33,530425.0,11445841.0,55346000.0,0.009583800093954396,688011
2022-12-23,21.22,21.78,21.13,21.34,327772.0,7018918.0,55346000.0,0.005922234669172117,688011
2022-12-26,21.34,22.19,21.26,22.12,539681.0,11811806.0,55346000.0,0.00975103891880172,688011
2022-12-27,21.86,22.22,21.86,22.06,367109.0,8100129.0,55346000.0,0.006632981606620171,688011
2022-12-28,21.89,22.33,21.52,21.68,353452.0,7723246.0,55346000.0,0.006386224840096846,688011
2022-12-29,21.51,21.82,21.39,21.61,368616.0,7956300.0,55346000.0,0.006660210313301774,688011
2022-12-30,21.61,21.86,21.52,21.56,395763.0,8568901.0,55346000.0,0.007150706464785169,688011
2023-01-03,21.22,22.58,21.22,22.52,581053.0,12921468.0,55346000.0,0.010498554547754129,688011
2023-01-04,22.57,22.6,22.31,22.53,447880.0,10063897.0,55346000.0,0.008092364398511184,688011
2023-01-05,22.53,22.66,22.35,22.56,381378.0,8596891.0,55346000.0,0.006890796082824413,688011
2023-01-06,22.56,22.73,22.45,22.49,466304.0,10523594.0,55346000.0,0.008425252050735374,688011
2023-01-09,22.5,22.82,22.2,22.28,455966.0,10230519.0,55346000.0,0.008238463484262638,688011
2023-01-10,22.28,22.58,22.15,22.37,527826.0,11819046.0,55346000.0,0.009536840964116647,688011
2023-01-11,22.59,22.61,22.15,22.28,502180.0,11249100.0,55346000.0,0.009073465110396415,688011
2023-01-12,22.25,22.96,22.21,22.9,757899.0,17151107.0,55346000.0,0.013693835146171358,688011
2023-01-13,22.86,23.23,22.64,22.74,579979.0,13271190.0,55346000.0,0.010479149351353304,688011
2023-01-16,22.97,23.08,22.6,22.9,798617.0,18277685.0,55346000.0,0.014429534203013768,688011
2023-01-17,22.89,23.12,22.8,22.99,454220.0,10438778.0,55346000.0,0.008206916488996494,688011
2023-01-18,22.9,23.5,22.76,23.45,587896.0,13676803.0,55346000.0,0.010622194919235356,688011
2023-01-19,23.45,24.14,23.06,24.03,809235.0,19252651.0,55346000.0,0.014621381852347053,688011
2023-01-20,24.03,24.21,23.7,23.95,570375.0,13653972.0,55346000.0,0.01030562280923644,688011
2023-01-30,24.21,24.98,24.19,24.8,930096.0,22830350.0,55346000.0,0.016805116900950386,688011
2023-01-31,24.6,24.6,24.01,24.3,1283479.0,31113311.0,55346000.0,0.023190095038485167,688011
2023-02-01,24.06,25.38,24.06,25.2,1213889.0,30097051.0,55346000.0,0.021932732266107757,688011
2023-02-02,25.35,30.24,25.35,29.32,7088474.0,204015571.0,55346000.0,0.12807563328876523,688011
2023-02-03,29.42,30.99,27.99,28.83,5243831.0,155322896.0,55346000.0,0.09474634119900263,688011
2023-02-06,28.87,28.88,27.41,28.0,3191313.0,89194617.0,55346000.0,0.05766113178910852,688011
2023-02-07,28.0,28.5,27.57,27.86,1975629.0,55466317.0,55346000.0,0.03569596718823402,688011
2023-02-08,28.28,28.28,27.16,27.21,1430372.0,39185156.0,55346000.0,0.02584418024789506,688011
2023-02-09,27.21,27.97,27.14,27.79,1521131.0,41944075.0,55346000.0,0.027484027752683122,688011
2023-02-10,27.66,27.93,26.94,27.15,1615242.0,44264213.0,55346000.0,0.029184439706573195,688011
2023-02-13,27.03,27.46,26.92,27.15,1373951.0,37239301.0,55346000.0,0.024824756983341162,688011
2023-02-14,27.28,27.28,26.58,26.7,893830.0,23947621.0,55346000.0,0.01614985726159072,688011
2023-02-15,26.87,26.95,26.6,26.8,905339.0,24244631.0,55346000.0,0.016357803635312397,688011
2023-02-16,26.8,27.05,25.79,26.12,1224386.0,32421858.0,55346000.0,0.022122393668919164,688011
2023-02-17,26.16,26.35,25.88,26.11,870877.0,22729055.0,55346000.0,0.015735138944097133,688011
2023-02-20,26.11,26.29,25.78,26.17,739878.0,19219522.0,55346000.0,0.013368228959635745,688011
2023-02-21,26.21,26.62,25.98,26.17,979383.0,25742536.0,55346000.0,0.017695641961478697,688011
2023-02-22,26.0,26.74,26.0,26.61,1105906.0,29276260.0,55346000.0,0.01998167889278358,688011
2023-02-23,26.79,27.4,26.57,26.84,1239763.0,33407262.0,55346000.0,0.022400227658728726,688011
2023-02-24,26.91,27.35,26.69,26.97,819624.0,22120411.0,55346000.0,0.01480909189462653,688011
2023-02-27,26.88,27.21,26.3,26.51,1054817.0,28199145.0,55346000.0,0.019058595020417013,688011
2023-02-28,26.36,27.01,26.1,26.5,731636.0,19441195.0,55346000.0,0.013219311242004842,688011
2023-03-01,26.5,27.0,26.32,26.97,809427.0,21733046.0,55346000.0,0.014624850937737145,688011
2023-03-02,26.98,27.3,26.6,26.92,891592.0,24027595.0,55346000.0,0.016109420735012467,688011
2023-03-03,26.62,26.99,26.45,26.77,748990.0,19994350.0,55346000.0,0.013532865970440502,688011
2023-03-06,26.99,27.43,26.71,26.97,976233.0,26493864.0,55346000.0,0.01763872727929751,688011
2023-03-07,27.11,27.27,26.01,26.12,793261.0,21013222.0,55346000.0,0.014332761175152677,688011
2023-03-08,26.04,26.78,25.82,26.78,550675.0,14623720.0,55346000.0,0.0099496801936906,688011
2023-03-09,26.75,26.98,26.42,26.73,402495.0,10760904.0,55346000.0,0.00727234127127525,688011
2023-03-10,26.52,27.11,26.44,26.61,618213.0,16571270.0,55346000.0,0.011169967115961407,688011
2023-03-13,26.5,26.77,26.06,26.57,581259.0,15350406.0,55346000.0,0.010502276587287248,688011
2023-03-14,26.63,26.63,25.89,26.13,671531.0,17574484.0,55346000.0,0.012133324901528566,688011
2023-03-15,26.31,26.86,26.13,26.55,491776.0,13057398.0,55346000.0,0.008885484045820836,688011
2023-03-16,26.36,26.69,25.8,26.01,458878.0,11988309.0,55346000.0,0.008291077946012358,688011
2023-03-17,26.04,26.88,26.04,26.7,570076.0,15210762.0,55346000.0,0.010300220431467496,688011
2023-03-20,26.75,26.8,26.08,26.73,651857.0,17270461.0,55346000.0,0.011777852057962635,688011
2023-03-21,26.77,27.96,26.77,27.7,1502922.0,41421493.0,55346000.0,0.02715502475336971,688011
2023-03-22,27.85,28.12,27.57,28.01,1300111.0,36226997.0,55346000.0,0.023490604560401834,688011
2023-03-23,28.15,28.15,27.41,27.98,922155.0,25562720.0,55346000.0,0.016661637697394573,688011
2023-03-24,28.17,28.33,27.8,28.02,797407.0,22379121.0,55346000.0,0.014407671737794963,688011
2023-03-27,28.2,28.25,27.51,28.07,939195.0,26193149.0,55346000.0,0.016969519025765187,688011
2023-03-28,27.97,28.03,27.21,27.3,559227.0,15425486.0,55346000.0,0.010104199038774256,688011
2023-03-29,27.36,27.62,26.86,27.11,449228.0,12227432.0,55346000.0,0.008116720268854117,688011
2023-03-30,27.0,27.16,26.41,26.68,800789.0,21414739.0,55346000.0,0.014468778231489177,688011
2023-03-31,26.77,26.77,26.11,26.44,615776.0,16238826.0,55346000.0,0.011125935026921548,688011
2023-04-03,26.44,27.11,26.21,27.03,757058.0,20291325.0,55346000.0,0.013678639829436635,688011
2023-04-04,27.2,27.2,26.4,26.48,764713.0,20464232.0,55346000.0,0.013816951541213457,688011
2023-04-06,26.4,27.19,26.22,27.02,769450.0,20648813.0,55346000.0,0.01390254038232212,688011
2023-04-07,27.02,28.04,26.75,27.96,1081715.0,29809993.0,55346000.0,0.019544592201785133,688011
2023-04-10,27.96,28.12,27.2,27.2,691204.0,19052559.0,55346000.0,0.012488779676941423,688011
2023-04-11,27.46,27.46,26.42,26.73,628552.0,16836091.0,55346000.0,0.011356773750587214,688011
2023-04-12,26.91,27.19,26.58,27.17,528519.0,14229770.0,55346000.0,0.00954936219419651,688011
2023-04-13,27.16,27.3,26.34,26.36,623606.0,16573318.0,55346000.0,0.011267408665486214,688011
2023-04-14,26.33,26.77,25.82,26.71,893379.0,23571738.0,55346000.0,0.01614170852455462,688011
2023-04-17,26.49,27.08,26.41,26.69,715459.0,19095197.0,55346000.0,0.012927022729736566,688011
2023-04-18,26.69,26.69,26.0,26.19,506872.0,13304993.0,55346000.0,0.009158240884616774,688011
2023-04-19,26.11,26.63,25.85,25.86,506403.0,13241098.0,55346000.0,0.009149766920825354,688011
2023-04-20,25.91,26.07,25.3,25.45,529028.0,13506289.0,55346000.0,0.009558558884110866,688011
2023-04-21,25.34,25.94,23.93,23.98,1256503.0,30990151.0,55346000.0,0.02270268854117732,688011
2023-04-24,23.5,23.95,22.41,22.56,1456739.0,33513202.0,55346000.0,0.02632058323998121,688011
2023-04-25,22.5,22.88,22.0,22.33,1125579.0,25161494.0,55346000.0,0.020337133668196436,688011
2023-04-26,22.33,23.28,22.33,22.75,747427.0,17109106.0,55346000.0,0.013504625447186789,688011
2023-04-27,22.46,23.34,22.46,23.01,765327.0,17684851.0,55346000.0,0.01382804538720052,688011
2023-04-28,23.01,23.99,23.01,23.65,1014564.0,23940460.0,55346000.0,0.01833129765475373,688011
2023-05-04,23.83,25.8,23.7,24.29,1773094.0,44018319.0,55346000.0,0.0320365338055144,688011
2023-05-05,24.28,24.69,24.14,24.23,676444.0,16473399.0,55346000.0,0.012222093737578144,688011
2023-05-08,24.24,25.12,24.18,24.93,981459.0,24156935.0,55346000.0,0.017733151447259062,688011
2023-05-09,25.33,25.53,24.03,24.05,867340.0,21277217.0,55346000.0,0.015671231886676545,688011
2023-05-10,24.22,24.65,23.98,24.32,588833.0,14297105.0,55346000.0,0.010639124778665125,688011
2023-05-11,24.6,24.6,24.11,24.4,386783.0,9432914.0,55346000.0,0.006988454450186102,688011
2023-05-12,24.18,24.79,24.18,24.31,429127.0,10503306.0,55346000.0,0.007753532323925848,688011
2023-05-15,24.03,24.57,23.82,24.25,516817.0,12485005.0,55346000.0,0.009337928666931667,688011
2023-05-16,24.59,24.75,23.96,24.05,443360.0,10708044.0,55346000.0,0.008010696346619448,688011
2023-05-17,23.84,24.86,23.84,24.82,609933.0,14977946.0,55346000.0,0.011020362808513713,688011
2023-05-18,24.85,25.27,24.79,24.99,399898.0,10005559.0,55346000.0,0.007225418277743649,688011
2023-05-19,24.99,25.33,24.54,25.15,430432.0,10803260.0,55346000.0,0.007777111263686626,688011
2023-05-22,25.15,25.28,24.87,25.16,359224.0,8997550.0,55346000.0,0.006490514219636469,688011
2023-05-23,25.26,25.36,24.8,24.8,399411.0,10017512.0,55346000.0,0.0072166190871969065,688011
2023-05-24,24.87,25.11,24.41,24.65,684416.0,16930473.0,55346000.0,0.012366133053879232,688011
2023-05-25,24.75,25.76,24.67,25.15,825360.0,20790271.0,55346000.0,0.014912730820655513,688011
2023-05-26,25.25,25.4,24.88,25.25,515801.0,12974794.0,55346000.0,0.0093195714234091,688011
2023-05-29,24.92,25.6,24.79,24.94,693317.0,17397015.0,55346000.0,0.012526957684385501,688011
2023-05-30,24.66,25.18,24.66,25.02,517470.0,12922296.0,55346000.0,0.009349727170888592,688011
2023-05-31,25.1,25.58,24.75,25.33,602810.0,15201279.0,55346000.0,0.010891663354171936,688011
2023-06-01,25.33,25.73,25.03,25.59,638835.0,16271753.0,55346000.0,0.011542568568640913,688011
2023-06-02,25.68,25.69,25.13,25.15,616875.0,15578097.0,55346000.0,0.011145791927149207,688011
2023-06-05,25.24,25.64,25.11,25.2,481405.0,12188340.0,55346000.0,0.008698099230296678,688011
2023-06-06,25.21,25.26,24.22,24.3,708414.0,17481675.0,55346000.0,0.012799732591334514,688011
2023-06-07,24.27,24.46,24.07,24.26,326476.0,7930498.0,55346000.0,0.005898818342789,688011
2023-06-08,24.26,24.35,23.77,23.77,450312.0,10791320.0,55346000.0,0.008136306146785675,688011
2023-06-09,23.77,24.29,23.77,24.19,432108.0,10406484.0,55346000.0,0.007807393488237633,688011
2023-06-12,24.47,24.47,23.93,24.28,487103.0,11796458.0,55346000.0,0.008801051566508872,688011
2023-06-13,24.45,25.06,24.03,25.0,884973.0,21898237.0,55346000.0,0.01598982762981968,688011
2023-06-14,24.99,24.99,24.25,24.42,570801.0,13982075.0,55346000.0,0.010313319842445705,688011
2023-06-15,24.43,24.55,24.05,24.06,505235.0,12213556.0,55346000.0,0.009128663318035631,688011
2023-06-16,24.3,24.37,24.01,24.3,487051.0,11785537.0,55346000.0,0.008800112022549055,688011
2023-06-19,24.16,25.41,24.16,25.08,965415.0,24137161.0,55346000.0,0.017443265999349547,688011
2023-06-20,25.26,26.32,24.74,25.83,1548586.0,39897231.0,55346000.0,0.027980088895313122,688011
2023-06-21,25.83,26.53,25.38,25.46,891284.0,22950164.0,55346000.0,0.01610385574386586,688011
2023-06-26,25.33,25.6,24.32,24.33,1229598.0,30444007.0,55346000.0,0.022216564882737686,688011
2023-06-27,24.25,24.78,24.25,24.63,612775.0,15053071.0,55346000.0,0.011071712499548296,688011
2023-06-28,24.68,24.99,23.75,24.8,785222.0,19156810.0,55346000.0,0.014187511292595672,688011
2023-06-29,26.04,26.19,24.77,26.04,1251739.0,32275754.0,55346000.0,0.022616611859935676,688011
2023-06-30,26.56,26.56,25.5,25.82,1206457.0,31297597.0,55346000.0,0.021798449752466302,688011
2023-07-03,26.14,26.19,25.62,25.68,912483.0,23578313.0,55346000.0,0.016486882520868718,688011
2023-07-04,25.62,26.17,25.62,26.06,845214.0,21960537.0,55346000.0,0.015271455931774654,688011
2023-07-05,25.7,26.13,25.62,25.69,558809.0,14450360.0,55346000.0,0.010096646550789578,688011
2023-07-06,25.83,26.24,25.51,25.8,500627.0,12976151.0,55346000.0,0.009045405268673435,688011
2023-07-07,25.92,26.03,25.47,25.54,507797.0,13044833.0,55346000.0,0.009174953926209662,688011
2023-07-10,25.86,25.86,25.15,25.26,452954.0,11519563.0,55346000.0,0.00818404220720558,688011
2023-07-11,25.39,25.89,25.08,25.8,584346.0,15014376.0,55346000.0,0.010558052975824812,688011
2023-07-12,26.0,26.0,25.18,25.22,528062.0,13479101.0,55346000.0,0.009541105048241969,688011
2023-07-13,25.66,25.66,24.88,25.18,548749.0,13793477.0,55346000.0,0.009914880930871246,688011
2023-07-14,25.26,25.67,24.91,25.29,601928.0,15327599.0,55346000.0,0.010875727243161205,688011
2023-07-17,25.36,25.79,24.95,25.36,795475.0,20182603.0,55346000.0,0.014372764066057168,688011
2023-07-18,25.36,25.64,25.15,25.4,446939.0,11363239.0,55346000.0,0.008075362266469122,688011
2023-07-19,25.33,25.6,24.86,24.94,656200.0,16474194.0,55346000.0,0.01185632204676038,688011
2023-07-20,25.04,25.04,24.18,24.31,496352.0,12185482.0,55346000.0,0.008968163914284682,688011
2023-07-21,24.29,24.44,23.95,24.05,541700.0,13091549.0,55346000.0,0.0097875185198569,688011
2023-07-24,24.22,24.34,23.83,24.13,541405.0,13049645.0,100000000.0,0.00541405,688011
2023-07-25,24.18,24.5,24.05,24.46,400280.0,9724160.0,100000000.0,0.0040028,688011
2023-07-26,24.32,24.56,24.2,24.35,398075.0,9700253.0,100000000.0,0.00398075,688011
2023-07-27,24.23,24.57,23.99,24.03,456759.0,11063064.0,100000000.0,0.00456759,688011
2023-07-28,23.9,24.06,23.65,23.86,457114.0,10903601.0,100000000.0,0.00457114,688011
2023-07-31,24.0,24.0,22.25,22.31,1833596.0,41573774.0,100000000.0,0.01833596,688011
2023-08-01,22.4,22.93,22.4,22.75,1184836.0,26904759.0,100000000.0,0.01184836,688011
2023-08-02,22.7,23.02,22.55,22.84,526266.0,12011182.0,100000000.0,0.00526266,688011
2023-08-03,22.82,22.97,22.41,22.47,496228.0,11199053.0,100000000.0,0.00496228,688011
2023-08-04,22.26,22.85,22.26,22.53,388033.0,8777828.0,100000000.0,0.00388033,688011
2023-08-07,22.46,22.68,22.3,22.42,643686.0,14430546.0,100000000.0,0.00643686,688011
2023-08-08,22.36,22.6,22.18,22.36,411768.0,9192837.0,100000000.0,0.00411768,688011
2023-08-09,22.36,22.61,22.28,22.56,480294.0,10790122.0,100000000.0,0.00480294,688011
2023-08-10,22.62,23.02,22.55,22.65,436807.0,9930795.0,100000000.0,0.00436807,688011
2023-08-11,22.69,22.71,22.34,22.35,360927.0,8133470.0,100000000.0,0.00360927,688011
2023-08-14,22.32,22.6,21.93,22.3,578090.0,12841866.0,100000000.0,0.0057809,688011
2023-08-15,22.21,22.4,21.9,22.1,475994.0,10520915.0,100000000.0,0.00475994,688011
2023-08-16,22.08,22.23,21.89,21.89,300855.0,6632989.0,100000000.0,0.00300855,688011
2023-08-17,21.89,22.81,21.6,22.76,655771.0,14699574.0,100000000.0,0.00655771,688011
2023-08-18,22.74,23.3,22.6,22.69,745310.0,17121644.0,100000000.0,0.0074531,688011
2023-08-21,22.69,23.25,22.52,22.61,525608.0,11971518.0,100000000.0,0.00525608,688011
2023-08-22,22.61,22.94,21.94,22.6,702704.0,15683840.0,100000000.0,0.00702704,688011
2023-08-23,22.55,22.7,21.9,21.9,354576.0,7842265.0,100000000.0,0.00354576,688011
2023-08-24,21.96,22.23,21.6,21.77,373060.0,8167887.0,100000000.0,0.0037306,688011
2023-08-25,21.75,21.82,20.98,21.07,649512.0,13825937.0,100000000.0,0.00649512,688011
2023-08-28,21.88,22.3,21.44,21.53,782791.0,17111451.0,100000000.0,0.00782791,688011
2023-08-29,21.45,23.11,21.33,22.98,1137201.0,25682052.0,100000000.0,0.01137201,688011
2023-08-30,23.2,23.58,22.71,23.41,798572.0,18618005.0,100000000.0,0.00798572,688011
2023-08-31,23.41,23.59,23.03,23.38,700986.0,16357934.0,100000000.0,0.00700986,688011
2023-09-01,23.48,23.5,22.55,22.84,769449.0,17602468.0,100000000.0,0.00769449,688011
2023-09-04,22.84,23.03,22.53,22.89,517920.0,11784635.0,100000000.0,0.0051792,688011
2023-09-05,22.89,23.29,22.87,23.09,512921.0,11853153.0,100000000.0,0.00512921,688011
2023-09-06,23.27,23.69,22.9,23.64,741919.0,17427530.0,100000000.0,0.00741919,688011
2023-09-07,23.69,23.73,23.19,23.38,561226.0,13177026.0,100000000.0,0.00561226,688011
2023-09-08,23.26,23.96,23.23,23.83,632478.0,15051622.0,100000000.0,0.00632478,688011
2023-09-11,23.59,24.33,23.55,23.99,1110696.0,26605283.0,100000000.0,0.01110696,688011
2023-09-12,23.99,24.09,23.65,23.94,452018.0,10791225.0,100000000.0,0.00452018,688011
2023-09-13,24.04,24.09,23.06,23.63,723297.0,16994980.0,100000000.0,0.00723297,688011
2023-09-14,23.63,23.68,23.13,23.51,459975.0,10755036.0,100000000.0,0.00459975,688011
2023-09-15,23.51,23.75,23.25,23.35,330137.0,7741141.0,100000000.0,0.00330137,688011
2023-09-18,23.05,23.44,22.9,23.27,253646.0,5891285.0,100000000.0,0.00253646,688011
2023-09-19,23.18,23.27,22.75,22.84,362762.0,8300536.0,100000000.0,0.00362762,688011
2023-09-20,22.88,23.26,22.61,22.68,360616.0,8259367.0,100000000.0,0.00360616,688011
2023-09-21,22.58,22.92,22.4,22.51,292730.0,6616754.0,100000000.0,0.0029273,688011
2023-09-22,22.41,23.22,22.32,23.22,559293.0,12774576.0,100000000.0,0.00559293,688011
2023-09-25,23.31,23.43,22.65,22.76,521422.0,11924426.0,100000000.0,0.00521422,688011
2023-09-26,22.79,22.87,22.56,22.8,338288.0,7688212.0,100000000.0,0.00338288,688011
2023-09-27,22.79,22.97,22.57,22.58,411298.0,9344096.0,100000000.0,0.00411298,688011
2023-09-28,22.67,23.3,22.57,23.19,489022.0,11255825.0,100000000.0,0.00489022,688011
2023-10-09,23.21,23.83,23.21,23.58,828074.0,19489489.0,100000000.0,0.00828074,688011
2023-10-10,23.67,23.9,23.25,23.39,374090.0,8795596.0,100000000.0,0.0037409,688011
2023-10-11,23.39,24.14,23.17,23.73,652870.0,15524257.0,100000000.0,0.0065287,688011
2023-10-12,23.49,23.81,23.13,23.31,521894.0,12150710.0,100000000.0,0.00521894,688011
2023-10-13,23.28,23.5,23.09,23.46,421709.0,9847459.0,100000000.0,0.00421709,688011
2023-10-16,23.32,23.36,22.88,23.1,562046.0,12945875.0,100000000.0,0.00562046,688011
2023-10-17,23.45,23.56,22.98,23.52,617484.0,14431236.0,100000000.0,0.00617484,688011
2023-10-18,23.68,23.68,22.6,22.66,614274.0,14039005.0,100000000.0,0.00614274,688011
2023-10-19,22.51,23.86,22.5,23.3,1314273.0,30828467.0,100000000.0,0.01314273,688011
2023-10-20,23.42,23.52,22.05,22.12,860011.0,19373641.0,100000000.0,0.00860011,688011
2023-10-23,22.12,22.6,21.85,22.01,734283.0,16306171.0,100000000.0,0.00734283,688011
2023-10-24,22.28,22.85,21.93,22.71,544807.0,12221564.0,100000000.0,0.00544807,688011
2023-10-25,22.8,23.46,22.72,23.21,484782.0,11214640.0,100000000.0,0.00484782,688011
2023-10-26,23.34,23.58,22.81,23.56,570313.0,13282733.0,100000000.0,0.00570313,688011
2023-10-27,23.71,23.71,22.96,23.29,448432.0,10429326.0,100000000.0,0.00448432,688011
2023-10-30,23.04,23.77,23.04,23.68,780720.0,18356846.0,100000000.0,0.0078072,688011
2023-10-31,23.51,24.08,23.51,23.78,680075.0,16175304.0,100000000.0,0.00680075,688011
2023-11-01,23.63,23.99,23.32,23.87,561862.0,13380024.0,100000000.0,0.00561862,688011
2023-11-02,23.96,24.15,23.43,23.46,400457.0,9473606.0,100000000.0,0.00400457,688011
2023-11-03,23.67,24.1,23.42,23.91,532155.0,12745630.0,100000000.0,0.00532155,688011
2023-11-06,24.05,24.52,23.92,24.5,704416.0,17068202.0,100000000.0,0.00704416,688011
2023-11-07,24.51,24.51,24.11,24.42,476668.0,11594354.0,100000000.0,0.00476668,688011
2023-11-08,24.42,24.73,24.12,24.24,736255.0,17963060.0,100000000.0,0.00736255,688011
2023-11-09,24.47,24.47,24.08,24.14,470768.0,11406038.0,100000000.0,0.00470768,688011
2023-11-10,24.11,24.44,23.9,24.37,499590.0,12130968.0,100000000.0,0.0049959,688011
2023-11-13,24.37,24.96,24.25,24.95,941315.0,23205697.0,100000000.0,0.00941315,688011
2023-11-14,24.79,25.08,24.7,24.92,781398.0,19455289.0,100000000.0,0.00781398,688011
2023-11-15,24.88,25.44,24.84,24.97,468598.0,11706286.0,100000000.0,0.00468598,688011
2023-11-16,24.89,25.27,24.62,24.96,528208.0,13241758.0,100000000.0,0.00528208,688011
2023-11-17,24.96,25.12,24.71,25.0,501595.0,12530779.0,100000000.0,0.00501595,688011
2023-11-20,25.03,25.31,24.77,25.24,610723.0,15305513.0,100000000.0,0.00610723,688011
2023-11-21,25.26,25.29,24.67,24.73,806674.0,20127465.0,100000000.0,0.00806674,688011
2023-11-22,24.61,24.99,24.34,24.41,466051.0,11485584.0,100000000.0,0.00466051,688011
2023-11-23,24.51,24.72,24.32,24.69,364421.0,8949223.0,100000000.0,0.00364421,688011
2023-11-24,24.51,24.67,24.02,24.19,422270.0,10215551.0,100000000.0,0.0042227,688011
2023-11-27,24.11,24.83,24.11,24.61,828200.0,20393604.0,100000000.0,0.008282,688011
2023-11-28,25.28,25.3,24.47,25.08,634915.0,15899190.0,100000000.0,0.00634915,688011
2023-11-29,25.13,25.35,24.78,24.78,624377.0,15674326.0,100000000.0,0.00624377,688011
2023-11-30,24.83,25.04,24.14,24.47,468392.0,11465018.0,100000000.0,0.00468392,688011
2023-12-01,24.36,24.96,24.2,24.77,548151.0,13453690.0,100000000.0,0.00548151,688011
2023-12-04,24.81,24.98,24.5,24.55,433670.0,10707443.0,100000000.0,0.0043367,688011
2023-12-05,24.55,24.59,23.9,23.99,556994.0,13466834.0,100000000.0,0.00556994,688011
2023-12-06,23.88,24.29,23.86,24.05,580672.0,13979875.0,100000000.0,0.00580672,688011
2023-12-07,23.95,24.25,23.91,24.07,433584.0,10431434.0,100000000.0,0.00433584,688011
2023-12-08,24.16,24.35,23.72,23.78,627032.0,15050446.0,100000000.0,0.00627032,688011
2023-12-11,23.96,24.33,23.51,23.8,824405.0,19629909.0,100000000.0,0.00824405,688011
2023-12-12,23.88,24.2,23.52,23.81,541993.0,12956292.0,100000000.0,0.00541993,688011
2023-12-13,23.87,24.37,23.66,24.1,933505.0,22524877.0,100000000.0,0.00933505,688011
2023-12-14,24.15,24.15,23.71,23.79,621805.0,14843326.0,100000000.0,0.00621805,688011
2023-12-15,23.8,24.07,23.38,23.5,362026.0,8528392.0,100000000.0,0.00362026,688011
2023-12-18,23.52,23.6,23.04,23.17,560379.0,13014729.0,100000000.0,0.00560379,688011
2023-12-19,23.22,23.54,22.98,23.39,526820.0,12231259.0,100000000.0,0.0052682,688011
2023-12-20,23.1,23.68,23.09,23.34,670185.0,15725330.0,100000000.0,0.00670185,688011
2023-12-21,23.05,23.5,22.65,23.26,556071.0,12854203.0,100000000.0,0.00556071,688011
2023-12-22,23.57,23.67,22.9,22.92,573829.0,13279768.0,100000000.0,0.00573829,688011
2023-12-25,22.89,23.49,22.66,22.84,691154.0,15882935.0,100000000.0,0.00691154,688011
2023-12-26,22.84,22.98,22.3,22.44,449841.0,10102958.0,100000000.0,0.00449841,688011
2023-12-27,22.48,22.77,22.31,22.62,392318.0,8850281.0,100000000.0,0.00392318,688011
2023-12-28,22.68,23.2,22.51,23.03,501970.0,11497447.0,100000000.0,0.0050197,688011
2023-12-29,23.03,23.77,23.03,23.65,858279.0,20147172.0,100000000.0,0.00858279,688011
2024-01-02,23.95,24.39,23.63,24.19,1348574.0,32519528.0,100000000.0,0.01348574,688011
2024-01-03,24.18,24.18,23.48,23.62,606198.0,14418740.0,100000000.0,0.00606198,688011
2024-01-04,23.79,23.79,23.33,23.67,544030.0,12810578.0,100000000.0,0.0054403,688011
2024-01-05,23.69,23.82,22.88,23.05,557966.0,12965750.0,100000000.0,0.00557966,688011
2024-01-08,23.05,23.2,22.51,22.51,637943.0,14535816.0,100000000.0,0.00637943,688011
2024-01-09,22.57,23.15,22.57,22.82,583860.0,13325120.0,100000000.0,0.0058386,688011
2024-01-10,22.95,23.06,22.28,22.49,574680.0,12990123.0,100000000.0,0.0057468,688011
2024-01-11,22.68,23.08,22.39,22.9,456981.0,10385089.0,100000000.0,0.00456981,688011
2024-01-12,22.96,23.03,22.47,22.54,404380.0,9186142.0,100000000.0,0.0040438,688011
2024-01-15,22.65,22.69,22.01,22.25,382764.0,8545508.0,100000000.0,0.00382764,688011
2024-01-16,22.39,22.48,21.63,21.95,673893.0,14764645.0,100000000.0,0.00673893,688011
2024-01-17,21.96,22.03,21.22,21.22,534146.0,11556592.0,100000000.0,0.00534146,688011
2024-01-18,21.13,21.5,20.08,20.46,1082328.0,22241408.0,100000000.0,0.01082328,688011
2024-01-19,20.46,20.77,20.09,20.11,509077.0,10346002.0,100000000.0,0.00509077,688011
2024-01-22,20.11,20.26,18.5,18.79,941460.0,18415333.0,100000000.0,0.0094146,688011
2024-01-23,18.87,18.87,18.1,18.45,1084588.0,19927488.0,100000000.0,0.01084588,688011
2024-01-24,18.45,18.5,17.53,18.14,1524595.0,27422434.0,100000000.0,0.01524595,688011
2024-01-25,18.14,19.87,18.04,19.84,1417477.0,27076452.0,100000000.0,0.01417477,688011
2024-01-26,19.87,20.18,19.36,19.54,812764.0,15949421.0,100000000.0,0.00812764,688011
2024-01-29,19.58,19.7,18.18,18.3,1000453.0,18772447.0,100000000.0,0.01000453,688011
2024-01-30,18.37,18.39,17.54,17.61,820839.0,14714120.0,100000000.0,0.00820839,688011
2024-01-31,17.63,17.63,16.31,16.45,965038.0,16302008.0,100000000.0,0.00965038,688011
2024-02-01,16.43,16.43,15.48,15.86,1265714.0,20177896.0,100000000.0,0.01265714,688011
2024-02-02,15.96,16.32,14.24,14.95,1129335.0,17332007.0,100000000.0,0.01129335,688011
2024-02-05,14.95,14.95,12.04,12.39,2003949.0,25793245.0,100000000.0,0.02003949,688011
2024-02-06,12.0,12.74,10.85,12.07,2033992.0,23713943.0,100000000.0,0.02033992,688011
2024-02-07,12.11,12.25,10.8,11.12,2118760.0,23927584.0,100000000.0,0.0211876,688011
2024-02-08,11.08,13.28,10.86,13.09,2194129.0,26132931.0,100000000.0,0.02194129,688011
2024-02-19,13.49,14.27,13.2,13.79,1635711.0,22672006.0,100000000.0,0.01635711,688011
2024-02-20,13.75,14.45,13.46,14.3,1127382.0,15890716.0,100000000.0,0.01127382,688011
2024-02-21,14.09,15.2,13.92,14.61,954594.0,14125630.0,100000000.0,0.00954594,688011
2024-02-22,14.6,15.56,14.6,15.28,908411.0,13823766.0,100000000.0,0.00908411,688011
2024-02-23,15.34,16.2,15.29,16.06,1075950.0,16937456.0,100000000.0,0.0107595,688011
2024-02-26,16.39,17.38,16.15,16.96,1052575.0,17721566.0,100000000.0,0.01052575,688011
2024-02-27,16.82,17.55,16.67,17.49,801696.0,13777324.0,100000000.0,0.00801696,688011
2024-02-28,17.6,17.73,14.89,15.16,2103885.0,34172827.0,100000000.0,0.02103885,688011
2024-02-29,15.0,15.97,14.81,15.9,1518575.0,23492495.0,100000000.0,0.01518575,688011
2024-03-01,16.0,16.75,16.0,16.53,1421524.0,23430192.0,100000000.0,0.01421524,688011
2024-03-04,16.63,16.96,15.88,16.12,790988.0,12809136.0,100000000.0,0.00790988,688011
2024-03-05,16.04,16.28,15.77,15.77,834669.0,13347945.0,100000000.0,0.00834669,688011
2024-03-06,15.97,16.38,15.53,16.19,595627.0,9568912.0,100000000.0,0.00595627,688011
2024-03-07,16.19,16.56,15.84,16.0,695291.0,11336694.0,100000000.0,0.00695291,688011
2024-03-08,16.0,16.29,15.78,16.21,329135.0,5285846.0,100000000.0,0.00329135,688011
2024-03-11,16.21,16.51,16.03,16.51,389972.0,6357249.0,100000000.0,0.00389972,688011
2024-03-12,16.51,16.98,16.31,16.94,814992.0,13633074.0,100000000.0,0.00814992,688011
2024-03-13,16.94,17.27,16.84,17.03,648322.0,11062426.0,100000000.0,0.00648322,688011
2024-03-14,17.16,17.2,16.4,16.68,797947.0,13294764.0,100000000.0,0.00797947,688011
2024-03-15,16.62,17.45,16.61,17.37,1044648.0,17971220.0,100000000.0,0.01044648,688011
2024-03-18,17.36,18.48,17.36,17.85,839113.0,15041746.0,100000000.0,0.00839113,688011
2024-03-19,18.09,18.36,17.92,17.96,679176.0,12315844.0,100000000.0,0.00679176,688011
2024-03-20,17.96,18.43,17.96,18.24,492242.0,8951964.0,100000000.0,0.00492242,688011
2024-03-21,18.3,18.52,17.92,18.27,565084.0,10296798.0,100000000.0,0.00565084,688011
2024-03-22,18.09,18.28,17.77,17.88,569525.0,10285641.0,100000000.0,0.00569525,688011
2024-03-25,17.88,18.31,17.5,17.56,584338.0,10454812.0,100000000.0,0.00584338,688011
2024-03-26,17.38,17.75,16.82,17.14,620084.0,10697189.0,100000000.0,0.00620084,688011
2024-03-27,17.48,17.48,16.21,16.33,585447.0,9759351.0,100000000.0,0.00585447,688011
2024-03-28,16.83,17.5,16.1,17.27,783780.0,13362240.0,100000000.0,0.0078378,688011
2024-03-29,16.74,17.42,16.74,17.37,499364.0,8580032.0,100000000.0,0.00499364,688011
2024-04-01,17.32,17.87,17.12,17.76,736830.0,12972898.0,100000000.0,0.0073683,688011
2024-04-02,18.12,18.13,17.42,17.82,605659.0,10736857.0,100000000.0,0.00605659,688011
2024-04-03,17.72,17.82,17.19,17.33,592360.0,10330782.0,100000000.0,0.0059236,688011
2024-04-08,17.51,17.51,15.97,16.15,1158363.0,19082529.0,100000000.0,0.01158363,688011
2024-04-09,15.57,16.83,15.56,16.57,619191.0,10164925.0,100000000.0,0.00619191,688011
2024-04-10,16.34,16.46,15.89,15.98,593549.0,9571274.0,100000000.0,0.00593549,688011
2024-04-11,15.83,16.33,15.61,16.16,597436.0,9581039.0,100000000.0,0.00597436,688011
2024-04-12,16.1,16.49,15.61,15.71,483232.0,7695798.0,100000000.0,0.00483232,688011
2024-04-15,15.28,15.83,14.19,14.65,1051745.0,15730448.0,100000000.0,0.01051745,688011
2024-04-16,14.19,14.81,12.9,12.92,1104220.0,14628271.0,100000000.0,0.0110422,688011
2024-04-17,13.0,14.13,13.0,13.84,880485.0,12123019.0,100000000.0,0.00880485,688011
2024-04-18,13.85,15.36,13.61,15.11,1306335.0,19168114.0,100000000.0,0.01306335,688011
2024-04-19,14.96,14.96,14.01,14.17,891377.0,12826217.0,100000000.0,0.00891377,688011
2024-04-22,14.21,15.0,13.83,14.73,935773.0,13631915.0,100000000.0,0.00935773,688011
2024-04-23,15.0,15.75,14.6,15.4,1076440.0,16557882.0,100000000.0,0.0107644,688011
2024-04-24,15.39,16.3,15.39,16.15,871788.0,13954923.0,100000000.0,0.00871788,688011
2024-04-25,16.15,16.22,15.47,15.6,907670.0,14288502.0,100000000.0,0.0090767,688011
2024-04-26,16.09,16.56,15.56,16.45,1035268.0,16816335.0,100000000.0,0.01035268,688011
2024-04-29,16.53,16.75,16.3,16.54,604742.0,9980175.0,100000000.0,0.00604742,688011
2024-04-30,16.75,16.75,15.49,16.39,986267.0,16113964.0,100000000.0,0.00986267,688011
2024-05-06,16.66,17.11,16.3,16.97,1098662.0,18448750.0,100000000.0,0.01098662,688011
2024-05-07,16.96,17.3,16.65,16.94,1096085.0,18491451.0,100000000.0,0.01096085,688011
2024-05-08,16.77,17.18,16.28,16.49,783641.0,12914782.0,100000000.0,0.00783641,688011
2024-05-09,16.37,16.77,16.37,16.65,769944.0,12786947.0,100000000.0,0.00769944,688011
2024-05-10,16.64,16.91,16.28,16.38,763439.0,12601305.0,100000000.0,0.00763439,688011
2024-05-13,16.16,16.71,15.86,16.17,874162.0,14225434.0,100000000.0,0.00874162,688011
2024-05-14,16.1,16.44,15.78,15.94,564267.0,9092788.0,100000000.0,0.00564267,688011
2024-05-15,15.68,16.4,15.68,15.97,459337.0,7411213.0,100000000.0,0.00459337,688011
2024-05-16,15.97,16.59,15.81,16.19,479564.0,7828766.0,100000000.0,0.00479564,688011
2024-05-17,16.0,16.82,15.96,16.77,709998.0,11776823.0,100000000.0,0.00709998,688011
2024-05-20,16.77,17.62,16.77,17.39,971988.0,16858004.0,100000000.0,0.00971988,688011
2024-05-21,17.37,17.53,16.76,16.99,750843.0,12783706.0,100000000.0,0.00750843,688011
2024-05-22,16.94,17.09,16.45,16.66,569229.0,9483547.0,100000000.0,0.00569229,688011
2024-05-23,16.61,18.0,16.42,17.25,1401705.0,24128541.0,100000000.0,0.01401705,688011
2024-05-24,16.93,17.15,16.01,16.09,1688302.0,27531616.0,100000000.0,0.01688302,688011
2024-05-27,16.09,16.23,15.62,16.17,976569.0,15509842.0,100000000.0,0.00976569,688011
2024-05-28,16.17,16.43,15.82,15.97,605968.0,9760696.0,100000000.0,0.00605968,688011
2024-05-29,16.08,16.3,15.85,15.87,427192.0,6859832.0,100000000.0,0.00427192,688011
2024-05-30,16.04,16.42,15.6,16.16,742984.0,12005440.0,100000000.0,0.00742984,688011
2024-05-31,16.24,16.94,16.24,16.83,755295.0,12577681.0,100000000.0,0.00755295,688011
2024-06-03,16.88,17.13,16.28,16.44,1336194.0,22430488.0,100000000.0,0.01336194,688011
2024-06-04,16.49,16.5,14.88,15.26,1505930.0,23161706.0,100000000.0,0.0150593,688011
2024-06-05,15.26,15.6,14.9,15.3,774368.0,11871383.0,100000000.0,0.00774368,688011
2024-06-06,15.36,15.41,13.86,13.95,1363721.0,19595769.0,100000000.0,0.01363721,688011
2024-06-07,13.96,15.0,13.96,14.42,807551.0,11687213.0,100000000.0,0.00807551,688011
2024-06-11,14.42,14.99,14.18,14.95,878152.0,12844276.0,100000000.0,0.00878152,688011
2024-06-12,15.06,15.51,14.95,15.23,623487.0,9531179.0,100000000.0,0.00623487,688011
2024-06-13,15.19,15.76,14.81,15.58,672710.0,10368088.0,100000000.0,0.0067271,688011
2024-06-14,15.45,15.67,15.13,15.31,458153.0,7005283.0,100000000.0,0.00458153,688011
2024-06-17,15.15,15.5,14.87,15.18,559663.0,8523981.0,100000000.0,0.00559663,688011
2024-06-18,15.16,15.7,14.98,15.58,547268.0,8456485.0,100000000.0,0.00547268,688011
2024-06-19,15.55,15.86,15.35,15.48,526948.0,8197864.0,100000000.0,0.00526948,688011
2024-06-20,15.25,16.1,15.16,15.7,749255.0,11811035.0,100000000.0,0.00749255,688011
2024-06-21,15.7,15.7,15.0,15.25,807011.0,12304277.0,100000000.0,0.00807011,688011
2024-06-24,14.96,15.23,14.26,14.4,698139.0,10248207.0,100000000.0,0.00698139,688011
2024-06-25,14.54,14.67,14.11,14.27,437511.0,6282102.0,100000000.0,0.00437511,688011
2024-06-26,14.28,15.06,14.06,15.0,513213.0,7486681.0,100000000.0,0.00513213,688011
2024-06-27,14.67,15.21,14.67,14.92,474408.0,7124036.0,100000000.0,0.00474408,688011
2024-06-28,14.8,15.48,14.73,15.15,556330.0,8478447.0,100000000.0,0.0055633,688011
2024-07-01,15.15,15.33,13.36,13.6,2383490.0,33069335.0,100000000.0,0.0238349,688011
2024-07-02,13.56,13.91,13.41,13.8,920518.0,12657984.0,100000000.0,0.00920518,688011
2024-07-03,13.76,13.89,13.46,13.76,816169.0,11140253.0,100000000.0,0.00816169,688011
2024-07-04,13.66,13.95,13.12,13.2,796587.0,10660429.0,100000000.0,0.00796587,688011
2024-07-05,13.09,13.41,12.8,13.3,689399.0,9074043.0,100000000.0,0.00689399,688011
2024-07-08,13.35,13.57,12.97,13.13,890180.0,11754011.0,100000000.0,0.0089018,688011
2024-07-09,13.0,13.58,12.81,13.5,853453.0,11242687.0,100000000.0,0.00853453,688011
2024-07-10,13.43,13.57,13.15,13.27,510196.0,6822031.0,100000000.0,0.00510196,688011
2024-07-11,13.5,13.65,13.29,13.5,779986.0,10526566.0,100000000.0,0.00779986,688011
2024-07-12,13.58,13.68,13.38,13.46,486424.0,6564511.0,100000000.0,0.00486424,688011
2024-07-15,13.44,13.63,13.01,13.09,492109.0,6493678.0,100000000.0,0.00492109,688011
2024-07-16,13.11,13.28,12.93,13.28,548938.0,7187471.0,100000000.0,0.00548938,688011
2024-07-17,13.29,13.3,12.91,12.93,491114.0,6381940.0,100000000.0,0.00491114,688011
2024-07-18,12.82,12.98,12.49,12.88,647390.0,8218761.0,100000000.0,0.0064739,688011
2024-07-19,12.76,13.39,12.7,13.33,726196.0,9547130.0,100000000.0,0.00726196,688011
2024-07-22,13.24,13.55,13.1,13.4,601513.0,8061549.0,100000000.0,0.00601513,688011
2024-07-23,13.4,13.51,13.01,13.02,639458.0,8480146.0,100000000.0,0.00639458,688011
2024-07-24,13.03,13.26,12.87,12.97,791192.0,10337566.0,100000000.0,0.00791192,688011
2024-07-25,12.99,13.19,12.56,12.84,645522.0,8275500.0,100000000.0,0.00645522,688011
2024-07-26,12.9,13.3,12.88,13.27,670679.0,8827579.0,100000000.0,0.00670679,688011
2024-07-29,13.47,13.48,13.18,13.36,779851.0,10424307.0,100000000.0,0.00779851,688011
2024-07-30,13.24,13.5,13.16,13.43,592159.0,7901847.0,100000000.0,0.00592159,688011
2024-07-31,13.32,13.85,13.2,13.78,877066.0,11965822.0,100000000.0,0.00877066,688011
2024-08-01,13.75,14.13,13.53,13.92,1054108.0,14699266.0,100000000.0,0.01054108,688011
2024-08-02,13.67,14.03,13.55,13.55,820946.0,11340157.0,100000000.0,0.00820946,688011
2024-08-05,13.52,13.64,12.99,13.11,868133.0,11576896.0,100000000.0,0.00868133,688011
2024-08-06,13.3,13.6,13.14,13.43,763501.0,10203737.0,100000000.0,0.00763501,688011
2024-08-07,13.6,13.72,13.35,13.51,605120.0,8181935.0,100000000.0,0.0060512,688011
2024-08-08,13.45,13.56,13.06,13.25,788154.0,10443956.0,100000000.0,0.00788154,688011
2024-08-09,13.3,13.48,13.01,13.07,508791.0,6690551.0,100000000.0,0.00508791,688011
2024-08-12,13.25,13.25,12.77,12.86,642990.0,8273984.0,100000000.0,0.0064299,688011
2024-08-13,13.0,13.23,12.79,13.05,635214.0,8251648.0,100000000.0,0.00635214,688011
2024-08-14,13.11,13.25,12.93,12.98,362454.0,4734241.0,100000000.0,0.00362454,688011
2024-08-15,12.97,13.19,12.64,13.12,551302.0,7153300.0,100000000.0,0.00551302,688011
2024-08-16,13.09,13.38,13.06,13.24,670953.0,8869667.0,100000000.0,0.00670953,688011
2024-08-19,13.21,13.34,12.73,13.17,768803.0,10087970.0,100000000.0,0.00768803,688011
2024-08-20,13.22,13.22,12.84,12.96,571394.0,7421120.0,100000000.0,0.00571394,688011
2024-08-21,12.81,13.06,12.59,12.66,519019.0,6625593.0,100000000.0,0.00519019,688011
2024-08-22,12.72,12.79,12.36,12.39,434849.0,5465427.0,100000000.0,0.00434849,688011
2024-08-23,12.41,12.66,12.14,12.56,789526.0,9814213.0,100000000.0,0.00789526,688011
2024-08-26,12.56,12.9,12.4,12.73,768284.0,9752975.0,100000000.0,0.00768284,688011
2024-08-27,12.73,12.8,12.07,12.18,777207.0,9615706.0,100000000.0,0.00777207,688011
2024-08-28,12.07,12.69,12.07,12.4,692343.0,8565602.0,100000000.0,0.00692343,688011
2024-08-29,12.3,12.87,12.2,12.71,633241.0,7975984.0,100000000.0,0.00633241,688011
2024-08-30,12.71,12.99,12.58,12.7,970181.0,12466706.0,100000000.0,0.00970181,688011
2024-09-02,12.76,12.76,12.35,12.35,692449.0,8682011.0,100000000.0,0.00692449,688011
2024-09-03,12.42,12.46,12.12,12.2,718579.0,8810627.0,100000000.0,0.00718579,688011
2024-09-04,12.18,12.25,12.03,12.08,627189.0,7608125.0,100000000.0,0.00627189,688011
2024-09-05,12.09,12.32,12.05,12.16,295478.0,3594307.0,100000000.0,0.00295478,688011
2024-09-06,12.16,12.19,11.56,11.59,746256.0,8824513.0,100000000.0,0.00746256,688011
2024-09-09,11.51,11.74,11.33,11.66,515151.0,5981751.0,100000000.0,0.00515151,688011
2024-09-10,11.73,12.0,11.58,11.95,386063.0,4543815.0,100000000.0,0.00386063,688011
2024-09-11,11.95,11.96,11.76,11.81,229584.0,2723273.0,100000000.0,0.00229584,688011
2024-09-12,11.82,12.06,11.81,11.81,377257.0,4498617.0,100000000.0,0.00377257,688011
2024-09-13,11.77,11.86,11.5,11.5,362902.0,4242522.0,100000000.0,0.00362902,688011
2024-09-18,11.54,11.56,11.09,11.36,526878.0,5952384.0,100000000.0,0.00526878,688011
2024-09-19,11.39,11.79,11.29,11.61,514958.0,5946364.0,100000000.0,0.00514958,688011
2024-09-20,11.67,11.75,11.47,11.69,449177.0,5224407.0,100000000.0,0.00449177,688011
2024-09-23,11.7,12.1,11.48,11.89,624428.0,7421271.0,100000000.0,0.00624428,688011
2024-09-24,11.88,12.32,11.68,12.28,735881.0,8887361.0,100000000.0,0.00735881,688011
2024-09-25,12.35,12.67,12.25,12.29,820677.0,10215776.0,100000000.0,0.00820677,688011
2024-09-26,12.29,12.71,12.29,12.71,920857.0,11556683.0,100000000.0,0.00920857,688011
2024-09-27,12.74,13.52,12.73,13.4,833041.0,10972794.0,100000000.0,0.00833041,688011
2024-09-30,14.0,15.94,13.85,15.56,2259584.0,33363591.0,100000000.0,0.02259584,688011
2024-10-08,18.66,18.66,16.8,17.95,2697192.0,47961259.0,100000000.0,0.02697192,688011
2024-10-09,17.1,17.67,15.42,15.92,2626267.0,43572522.0,100000000.0,0.02626267,688011
2024-10-10,16.16,16.86,15.83,16.16,1577182.0,25625915.0,100000000.0,0.01577182,688011
2024-10-11,16.13,16.13,14.78,15.18,1361645.0,20902935.0,100000000.0,0.01361645,688011
2024-10-14,15.5,16.12,15.04,15.93,1404163.0,21885461.0,100000000.0,0.01404163,688011
2024-10-15,15.92,16.3,15.53,15.79,1170743.0,18754196.0,100000000.0,0.01170743,688011
2024-10-16,15.67,15.99,15.5,15.65,932557.0,14643061.0,100000000.0,0.00932557,688011
2024-10-17,15.75,16.18,15.62,15.64,786860.0,12477610.0,100000000.0,0.0078686,688011
2024-10-18,15.73,16.65,15.54,16.28,1252263.0,20231519.0,100000000.0,0.01252263,688011
2024-10-21,16.65,17.46,16.51,16.99,1898358.0,32252154.0,100000000.0,0.01898358,688011
2024-10-22,17.46,17.46,16.75,17.25,1508137.0,25874807.0,100000000.0,0.01508137,688011
2024-10-23,17.35,17.88,17.05,17.22,1157074.0,20159792.0,100000000.0,0.01157074,688011
2024-10-24,17.11,17.38,16.9,17.28,737441.0,12661177.0,100000000.0,0.00737441,688011
2024-10-25,17.2,17.8,17.2,17.72,952376.0,16751459.0,100000000.0,0.00952376,688011
2024-10-28,18.88,19.33,18.34,18.4,2125745.0,39928045.0,100000000.0,0.02125745,688011
2024-10-29,18.36,19.19,17.67,17.74,1912362.0,34980219.0,100000000.0,0.01912362,688011
2024-10-30,17.5,17.76,17.15,17.42,1306907.0,22766784.0,100000000.0,0.01306907,688011
2024-10-31,17.34,19.87,17.21,18.72,2674684.0,50047175.0,100000000.0,0.02674684,688011
2024-11-01,18.52,19.13,16.93,16.99,2361843.0,42082559.0,100000000.0,0.02361843,688011
2024-11-04,17.05,17.95,16.93,17.6,1179098.0,20660097.0,100000000.0,0.01179098,688011
2024-11-05,17.6,20.87,17.6,19.98,2888535.0,56070076.0,100000000.0,0.02888535,688011
2024-11-06,20.47,22.0,19.33,21.19,4963863.0,103645814.0,100000000.0,0.04963863,688011
2024-11-07,21.0,21.0,19.86,20.41,3342533.0,68127502.0,100000000.0,0.03342533,688011
2024-11-08,20.29,20.78,20.01,20.2,2410123.0,49120000.0,100000000.0,0.02410123,688011
2024-11-11,19.9,20.84,19.87,20.68,2182899.0,44821316.0,100000000.0,0.02182899,688011
2024-11-12,20.68,20.7,19.66,19.87,1834375.0,36954866.0,100000000.0,0.01834375,688011
2024-11-13,19.87,20.29,19.67,20.09,1112959.0,22294016.0,100000000.0,0.01112959,688011
2024-11-14,20.13,20.24,19.22,19.3,1042191.0,20563349.0,100000000.0,0.01042191,688011
2024-11-15,19.19,19.59,18.6,18.6,877358.0,16733268.0,100000000.0,0.00877358,688011
2024-11-18,18.57,18.98,17.64,17.83,1466836.0,26661735.0,100000000.0,0.01466836,688011
2024-11-19,17.82,18.26,17.4,18.13,1155532.0,20518979.0,100000000.0,0.01155532,688011
2024-11-20,17.94,18.95,17.82,18.86,1247747.0,23226194.0,100000000.0,0.01247747,688011
2024-11-21,18.8,19.0,18.29,18.65,972579.0,18104257.0,100000000.0,0.00972579,688011
2024-11-22,18.66,18.81,17.9,17.9,815740.0,14988669.0,100000000.0,0.0081574,688011
2024-11-25,17.89,18.37,17.65,18.3,527241.0,9524961.0,100000000.0,0.00527241,688011
2024-11-26,18.2,18.55,17.96,18.1,739056.0,13506062.0,100000000.0,0.00739056,688011
2024-11-27,18.07,18.59,17.32,18.49,858677.0,15405221.0,100000000.0,0.00858677,688011
2024-11-28,18.76,19.16,17.77,18.47,811453.0,15178178.0,100000000.0,0.00811453,688011
2024-11-29,18.98,19.15,18.41,18.69,840543.0,15767505.0,100000000.0,0.00840543,688011
2024-12-02,19.1,19.15,18.72,19.12,736607.0,13966620.0,100000000.0,0.00736607,688011
2024-12-03,19.21,19.36,18.58,18.87,701809.0,13232414.0,100000000.0,0.00701809,688011
2024-12-04,18.87,19.18,18.41,18.54,1006033.0,18887413.0,100000000.0,0.01006033,688011
2024-12-05,18.69,19.3,18.5,19.08,836515.0,15919099.0,100000000.0,0.00836515,688011
2024-12-06,19.01,19.39,18.72,19.15,1084228.0,20749641.0,100000000.0,0.01084228,688011
2024-12-09,19.39,19.39,18.73,18.85,771264.0,14625499.0,100000000.0,0.00771264,688011
2024-12-10,19.69,19.69,19.02,19.18,920657.0,17773375.0,100000000.0,0.00920657,688011
2024-12-11,19.0,19.48,19.0,19.34,556250.0,10706996.0,100000000.0,0.0055625,688011
2024-12-12,19.34,19.7,19.01,19.28,706939.0,13632759.0,100000000.0,0.00706939,688011
2024-12-13,19.32,19.42,18.91,19.11,783101.0,15010258.0,100000000.0,0.00783101,688011
2024-12-16,19.21,19.58,18.36,18.48,871646.0,16252490.0,100000000.0,0.00871646,688011
2024-12-17,18.5,18.52,17.18,17.28,1270068.0,22538412.0,100000000.0,0.01270068,688011
2024-12-18,17.42,17.65,16.86,17.32,1082815.0,18776019.0,100000000.0,0.01082815,688011
2024-12-19,17.17,17.33,16.9,17.26,480184.0,8236348.0,100000000.0,0.00480184,688011
2024-12-20,17.24,17.79,17.05,17.57,840558.0,14732704.0,100000000.0,0.00840558,688011
2024-12-23,17.29,17.4,16.2,16.35,1483826.0,24816423.0,100000000.0,0.01483826,688011
2024-12-24,16.6,16.76,16.03,16.35,867694.0,14189329.0,100000000.0,0.00867694,688011
2024-12-25,16.48,16.49,15.64,15.83,751667.0,11943831.0,100000000.0,0.00751667,688011
2024-12-26,15.63,16.26,15.63,16.05,822811.0,13222384.0,100000000.0,0.00822811,688011
2024-12-27,16.08,16.5,15.97,16.16,683948.0,11137716.0,100000000.0,0.00683948,688011
2024-12-30,16.25,16.25,15.56,15.9,700779.0,11157575.0,100000000.0,0.00700779,688011
2024-12-31,15.81,16.09,15.25,15.32,970421.0,15057259.0,100000000.0,0.00970421,688011
