序号,股票代码,股票简称,首次预约时间,一次变更日期,二次变更日期,三次变更日期,实际披露时间
1,301059,金三江,2023-02-09,,,,2023-02-09
2,000815,美利云,2023-02-10,,,,2023-02-10
3,000972,*ST中基,2023-02-18,2023-02-25,,,2023-02-25
4,002072,凯瑞德,2023-02-18,,,,2023-02-18
5,301076,新瀚新材,2023-02-18,,,,2023-02-18
6,002789,*ST建艺,2023-02-20,2023-03-30,2023-04-24,,2023-04-24
7,002984,森麒麟,2023-02-21,,,,2023-02-21
8,600557,康缘药业,2023-02-21,,,,2023-02-21
9,603077,和邦生物,2023-02-21,,,,2023-02-21
10,603856,东宏股份,2023-02-21,,,,2023-02-21
11,000798,中水渔业,2023-02-24,,,,2023-02-24
12,300721,怡达股份,2023-02-25,2023-02-21,,,2023-02-21
13,301046,能辉科技,2023-02-25,2023-03-10,2023-03-17,,2023-03-17
14,301296,新巨丰,2023-02-25,2023-04-20,,,2023-04-20
15,688082,盛美上海,2023-02-25,,,,2023-02-25
16,000055,方大集团,2023-02-28,,,,2023-02-28
17,000620,盈新发展,2023-02-28,2023-04-08,2023-04-29,,2023-04-29
18,000975,山金国际,2023-02-28,,,,2023-02-28
19,001207,联科科技,2023-02-28,,,,2023-02-28
20,002138,顺络电子,2023-02-28,,,,2023-02-28
21,002162,悦心健康,2023-02-28,2023-03-10,2023-03-16,2023-03-18,2023-03-18
22,002315,焦点科技,2023-02-28,,,,2023-02-28
23,002616,长青集团,2023-02-28,,,,2023-02-28
24,002629,仁智股份,2023-02-28,2023-03-07,2023-03-16,2023-03-20,2023-03-20
25,300033,同花顺,2023-02-28,,,,2023-02-28
26,300152,*ST动力,2023-02-28,2023-03-22,,,2023-03-22
27,300496,中科创达,2023-02-28,,,,2023-02-28
28,300818,耐普矿机,2023-02-28,,,,2023-02-28
29,301256,华融化学,2023-02-28,,,,2023-02-28
30,600305,恒顺醋业,2023-02-28,,,,2023-02-28
31,601901,方正证券,2023-02-28,,,,2023-02-28
32,603021,*ST华鹏,2023-02-28,,,,2023-02-28
33,603200,上海洗霸,2023-02-28,,,,2023-02-28
34,603682,锦和商管,2023-02-28,,,,2023-02-28
35,688100,威胜信息,2023-02-28,,,,2023-02-28
36,688597,煜邦电力,2023-02-28,2023-03-16,,,2023-03-16
37,000988,华工科技,2023-03-01,,,,2023-03-01
38,003037,三和管桩,2023-03-01,,,,2023-03-01
39,600354,敦煌种业,2023-03-01,2023-04-20,,,2023-04-20
40,688091,上海谊众,2023-03-01,,,,2023-03-01
41,002258,利尔化学,2023-03-02,,,,2023-03-02
42,600955,维远股份,2023-03-02,,,,2023-03-02
43,601996,丰林集团,2023-03-02,,,,2023-03-02
44,002812,恩捷股份,2023-03-03,,,,2023-03-03
45,300654,世纪天鸿,2023-03-03,,,,2023-03-03
46,600513,联环药业,2023-03-03,,,,2023-03-03
47,600721,百花医药,2023-03-03,2023-04-12,,,2023-04-12
48,300346,南大光电,2023-03-04,2023-03-18,,,2023-03-18
49,300700,岱勒新材,2023-03-04,,,,2023-03-04
50,000708,中信特钢,2023-03-07,2023-03-16,2023-03-18,,2023-03-18
51,300281,金明精机,2023-03-07,2023-03-17,,,2023-03-17
52,301380,挖金客,2023-03-07,2023-03-15,2023-03-20,,2023-03-20
53,600577,精达股份,2023-03-07,2023-03-21,,,2023-03-21
54,600605,汇通能源,2023-03-07,,,,2023-03-07
55,600873,梅花生物,2023-03-07,,,,2023-03-07
56,002294,信立泰,2023-03-08,2023-03-29,,,2023-03-29
57,300796,贝斯美,2023-03-08,,,,2023-03-08
58,301179,泽宇智能,2023-03-08,,,,2023-03-08
59,601068,中铝国际,2023-03-08,,,,2023-03-08
60,603305,旭升集团,2023-03-08,,,,2023-03-08
61,605377,华旺科技,2023-03-08,,,,2023-03-08
62,000001,平安银行,2023-03-09,,,,2023-03-09
63,002056,横店东磁,2023-03-09,,,,2023-03-09
64,300896,爱美客,2023-03-09,,,,2023-03-09
65,600050,中国联通,2023-03-09,,,,2023-03-09
66,603166,福达股份,2023-03-09,,,,2023-03-09
67,605339,南侨食品,2023-03-09,2023-03-14,,,2023-03-14
68,000099,中信海直,2023-03-10,2023-03-23,,,2023-03-23
69,000408,藏格矿业,2023-03-10,,,,2023-03-10
70,000739,普洛药业,2023-03-10,,,,2023-03-10
71,001205,盛航股份,2023-03-10,,,,2023-03-10
72,002667,*ST威领,2023-03-10,,,,2023-03-10
73,003038,鑫铂股份,2023-03-10,2023-03-21,,,2023-03-21
74,300354,东华测试,2023-03-10,,,,2023-03-10
75,300750,宁德时代,2023-03-10,,,,2023-03-10
76,600151,航天机电,2023-03-10,2023-03-31,,,2023-03-31
77,600989,宝丰能源,2023-03-10,,,,2023-03-10
78,603103,横店影视,2023-03-10,,,,2023-03-10
79,603606,东方电缆,2023-03-10,,,,2023-03-10
80,688669,聚石化学,2023-03-10,2023-03-21,2023-03-28,,2023-03-28
81,000063,中兴通讯,2023-03-11,,,,2023-03-11
82,000795,英洛华,2023-03-11,,,,2023-03-11
83,000915,华特达因,2023-03-11,,,,2023-03-11
84,002092,中泰化学,2023-03-11,2023-03-31,,,2023-03-31
85,300006,莱美药业,2023-03-11,2023-03-18,,,2023-03-18
86,301071,力量钻石,2023-03-11,,,,2023-03-11
87,600063,皖维高新,2023-03-11,,,,2023-03-11
88,600113,浙江东日,2023-03-11,,,,2023-03-11
89,600211,西藏药业,2023-03-11,,,,2023-03-11
90,600255,鑫科材料,2023-03-11,,,,2023-03-11
91,600433,冠豪高新,2023-03-11,,,,2023-03-11
92,600665,天地源,2023-03-11,,,,2023-03-11
93,600963,岳阳林纸,2023-03-11,,,,2023-03-11
94,603093,南华期货,2023-03-11,,,,2023-03-11
95,603169,兰石重装,2023-03-11,,,,2023-03-11
96,603303,得邦照明,2023-03-11,,,,2023-03-11
97,603330,天洋新材,2023-03-11,2023-04-29,,,2023-04-29
98,603881,数据港,2023-03-11,,,,2023-03-11
99,688018,乐鑫科技,2023-03-11,2023-03-20,,,2023-03-20
100,688621,阳光诺和,2023-03-11,,,,2023-03-11
101,688786,悦安新材,2023-03-11,,,,2023-03-11
102,002777,久远银海,2023-03-13,2023-03-16,2023-03-17,,2023-03-17
103,002033,丽江股份,2023-03-14,2023-04-07,2023-04-04,,2023-04-04
104,300122,智飞生物,2023-03-14,2023-03-21,,,2023-03-21
105,300146,汤臣倍健,2023-03-14,2023-03-16,2023-03-18,,2023-03-18
106,600237,铜峰电子,2023-03-14,,,,2023-03-14
107,600470,六国化工,2023-03-14,,,,2023-03-14
108,600523,贵航股份,2023-03-14,,,,2023-03-14
109,601059,信达证券,2023-03-14,,,,2023-03-14
110,605189,富春染织,2023-03-14,,,,2023-03-14
111,688203,海正生材,2023-03-14,,,,2023-03-14
112,000026,飞亚达,2023-03-15,2023-03-18,,,2023-03-18
113,000048,京基智农,2023-03-15,,,,2023-03-15
114,000050,深天马A,2023-03-15,,,,2023-03-15
115,000062,深圳华强,2023-03-15,,,,2023-03-15
116,000068,华控赛格,2023-03-15,2023-04-25,2023-04-28,2023-04-29,2023-04-29
117,000782,恒申新材,2023-03-15,2023-03-21,,,2023-03-21
118,002105,信隆健康,2023-03-15,2023-03-17,,,2023-03-17
119,002190,成飞集成,2023-03-15,,,,2023-03-15
120,002233,塔牌集团,2023-03-15,2023-03-18,,,2023-03-18
121,002419,天虹股份,2023-03-15,2023-03-18,,,2023-03-18
122,002514,*ST宝馨,2023-03-15,,,,2023-03-15
123,002560,通达股份,2023-03-15,,,,2023-03-15
124,002617,露笑科技,2023-03-15,2023-03-31,,,2023-03-31
125,002916,深南电路,2023-03-15,,,,2023-03-15
126,300211,*ST亿通,2023-03-15,2023-03-18,,,2023-03-18
127,300600,国瑞科技,2023-03-15,2023-04-15,,,2023-04-15
128,301391,卡莱特,2023-03-15,,,,2023-03-15
129,600315,上海家化,2023-03-15,2023-04-26,,,2023-04-26
130,600356,恒丰纸业,2023-03-15,,,,2023-03-15
131,600765,中航重机,2023-03-15,,,,2023-03-15
132,600800,渤海化学,2023-03-15,,,,2023-03-15
133,600973,宝胜股份,2023-03-15,,,,2023-03-15
134,600976,健民集团,2023-03-15,,,,2023-03-15
135,601138,工业富联,2023-03-15,,,,2023-03-15
136,603186,华正新材,2023-03-15,,,,2023-03-15
137,603393,新天然气,2023-03-15,,,,2023-03-15
138,605366,宏柏新材,2023-03-15,,,,2023-03-15
139,688297,中无人机,2023-03-15,2023-04-29,,,2023-04-29
140,688586,江航装备,2023-03-15,,,,2023-03-15
141,002179,中航光电,2023-03-16,,,,2023-03-16
142,002879,长缆科技,2023-03-16,2023-03-18,,,2023-03-18
143,002947,恒铭达,2023-03-16,,,,2023-03-16
144,002972,科安达,2023-03-16,2023-03-18,,,2023-03-18
145,003816,中国广核,2023-03-16,,,,2023-03-16
146,300732,设研院,2023-03-16,2023-03-21,,,2023-03-21
147,301127,武汉天源,2023-03-16,,,,2023-03-16
148,302132,中航成飞,2023-03-16,2023-03-22,,,2023-03-22
149,600227,赤天化,2023-03-16,2023-04-26,,,2023-04-26
150,600316,洪都航空,2023-03-16,,,,2023-03-16
151,600372,中航机载,2023-03-16,,,,2023-03-16
152,600423,*ST柳化,2023-03-16,,,,2023-03-16
153,600862,中航高科,2023-03-16,,,,2023-03-16
154,601318,中国平安,2023-03-16,,,,2023-03-16
155,603105,芯能科技,2023-03-16,,,,2023-03-16
156,603335,迪生力,2023-03-16,,,,2023-03-16
157,688303,大全能源,2023-03-16,,,,2023-03-16
158,000058,深赛格,2023-03-17,2023-04-27,,,2023-04-27
159,001336,楚环科技,2023-03-17,2023-04-15,,,2023-04-15
160,002172,澳洋健康,2023-03-17,2023-03-24,,,2023-03-24
161,002181,粤传媒,2023-03-17,2023-04-08,,,2023-04-08
162,002379,宏桥控股,2023-03-17,,,,2023-03-17
163,002805,丰元股份,2023-03-17,,,,2023-03-17
164,002865,钧达股份,2023-03-17,,,,2023-03-17
165,002912,中新赛克,2023-03-17,,,,2023-03-17
166,300765,新诺威,2023-03-17,,,,2023-03-17
167,301192,泰祥股份,2023-03-17,,,,2023-03-17
168,301216,万凯新材,2023-03-17,2023-03-31,,,2023-03-31
169,301299,卓创资讯,2023-03-17,,,,2023-03-17
170,600522,中天科技,2023-03-17,2023-04-26,,,2023-04-26
171,600660,福耀玻璃,2023-03-17,,,,2023-03-17
172,603860,中公高科,2023-03-17,,,,2023-03-17
173,605299,舒华体育,2023-03-17,,,,2023-03-17
174,688192,迪哲医药,2023-03-17,2023-03-24,,,2023-03-24
175,688195,腾景科技,2023-03-17,,,,2023-03-17
176,688508,芯朋微,2023-03-17,,,,2023-03-17
177,688569,铁科轨道,2023-03-17,,,,2023-03-17
178,000407,胜利股份,2023-03-18,,,,2023-03-18
179,000608,*ST阳光,2023-03-18,,,,2023-03-18
180,000813,德展健康,2023-03-18,2023-04-28,,,2023-04-28
181,000926,福星股份,2023-03-18,2023-03-31,,,2023-03-31
182,001914,招商积余,2023-03-18,,,,2023-03-18
183,002080,中材科技,2023-03-18,,,,2023-03-18
184,002134,天津普林,2023-03-18,,,,2023-03-18
185,002237,恒邦股份,2023-03-18,2023-03-25,,,2023-03-25
186,002532,天山铝业,2023-03-18,,,,2023-03-18
187,002843,泰嘉股份,2023-03-18,2023-04-11,,,2023-04-11
188,300286,安科瑞,2023-03-18,,,,2023-03-18
189,600168,武汉控股,2023-03-18,,,,2023-03-18
190,600332,白云山,2023-03-18,,,,2023-03-18
191,600388,龙净环保,2023-03-18,,,,2023-03-18
192,600408,安泰集团,2023-03-18,,,,2023-03-18
193,600507,方大特钢,2023-03-18,,,,2023-03-18
194,600719,大连热电,2023-03-18,,,,2023-03-18
195,600835,上海机电,2023-03-18,2023-03-25,,,2023-03-25
196,600860,京城股份,2023-03-18,2023-03-31,,,2023-03-31
197,600861,北京人力,2023-03-18,,,,2023-03-18
198,600865,百大集团,2023-03-18,,,,2023-03-18
199,600988,赤峰黄金,2023-03-18,2023-03-31,,,2023-03-31
200,603267,鸿远电子,2023-03-18,,,,2023-03-18
201,603758,秦安股份,2023-03-18,,,,2023-03-18
202,603993,洛阳钼业,2023-03-18,,,,2023-03-18
203,688233,神工股份,2023-03-18,,,,2023-03-18
204,688323,瑞华泰,2023-03-18,,,,2023-03-18
205,001217,华尔泰,2023-03-20,,,,2023-03-20
206,002703,浙江世宝,2023-03-20,,,,2023-03-20
207,301152,天力锂能,2023-03-20,2023-04-20,,,2023-04-20
208,000429,粤高速A,2023-03-21,,,,2023-03-21
209,000862,银星能源,2023-03-21,,,,2023-03-21
210,001979,招商蛇口,2023-03-21,,,,2023-03-21
211,002254,泰和新材,2023-03-21,,,,2023-03-21
212,002262,恩华药业,2023-03-21,,,,2023-03-21
213,002283,天润工业,2023-03-21,,,,2023-03-21
214,002318,久立特材,2023-03-21,,,,2023-03-21
215,002712,思美传媒,2023-03-21,2023-03-25,,,2023-03-25
216,002756,永兴材料,2023-03-21,,,,2023-03-21
217,002772,众兴菌业,2023-03-21,,,,2023-03-21
218,002775,文科股份,2023-03-21,2023-04-11,2023-04-15,,2023-04-15
219,002871,伟隆股份,2023-03-21,,,,2023-03-21
220,003000,劲仔食品,2023-03-21,,,,2023-03-21
221,300125,*ST聆达,2023-03-21,,,,2023-03-21
222,300204,舒泰神,2023-03-21,,,,2023-03-21
223,300304,云意电气,2023-03-21,,,,2023-03-21
224,300458,全志科技,2023-03-21,,,,2023-03-21
225,300556,丝路视觉,2023-03-21,,,,2023-03-21
226,301003,江苏博云,2023-03-21,,,,2023-03-21
227,301052,果麦文化,2023-03-21,,,,2023-03-21
228,301133,金钟股份,2023-03-21,,,,2023-03-21
229,301361,众智科技,2023-03-21,,,,2023-03-21
230,600141,兴发集团,2023-03-21,,,,2023-03-21
231,600176,中国巨石,2023-03-21,,,,2023-03-21
232,600232,金鹰股份,2023-03-21,2023-04-07,,,2023-04-07
233,600269,赣粤高速,2023-03-21,,,,2023-03-21
234,600309,万华化学,2023-03-21,,,,2023-03-21
235,600583,海油工程,2023-03-21,,,,2023-03-21
236,600597,光明乳业,2023-03-21,,,,2023-03-21
237,600618,氯碱化工,2023-03-21,,,,2023-03-21
238,600732,爱旭股份,2023-03-21,2023-03-14,,,2023-03-14
239,600855,航天长峰,2023-03-21,,,,2023-03-21
240,600872,中炬高新,2023-03-21,,,,2023-03-21
241,601882,海天精工,2023-03-21,,,,2023-03-21
242,603039,泛微网络,2023-03-21,,,,2023-03-21
243,603259,药明康德,2023-03-21,,,,2023-03-21
244,603392,万泰生物,2023-03-21,,,,2023-03-21
245,603558,健盛集团,2023-03-21,,,,2023-03-21
246,603877,太平鸟,2023-03-21,2023-04-18,,,2023-04-18
247,605028,世茂能源,2023-03-21,,,,2023-03-21
248,688185,康希诺,2023-03-21,2023-03-28,,,2023-03-28
249,688205,德科立,2023-03-21,,,,2023-03-21
250,688290,景业智能,2023-03-21,,,,2023-03-21
251,688676,金盘科技,2023-03-21,,,,2023-03-21
252,688686,奥普特,2023-03-21,,,,2023-03-21
253,688689,银河微电,2023-03-21,,,,2023-03-21
254,000534,万泽股份,2023-03-22,2023-02-28,,,2023-02-28
255,000786,北新建材,2023-03-22,,,,2023-03-22
256,000807,云铝股份,2023-03-22,,,,2023-03-22
257,000877,天山股份,2023-03-22,,,,2023-03-22
258,002273,水晶光电,2023-03-22,2023-04-12,,,2023-04-12
259,002421,达实智能,2023-03-22,,,,2023-03-22
260,002478,常宝股份,2023-03-22,,,,2023-03-22
261,002911,佛燃能源,2023-03-22,,,,2023-03-22
262,003036,泰坦股份,2023-03-22,,,,2023-03-22
263,600011,华能国际,2023-03-22,,,,2023-03-22
264,600210,紫江企业,2023-03-22,,,,2023-03-22
265,600252,中恒集团,2023-03-22,2023-03-29,,,2023-03-29
266,600313,农发种业,2023-03-22,,,,2023-03-22
267,600449,宁夏建材,2023-03-22,,,,2023-03-22
268,600702,舍得酒业,2023-03-22,,,,2023-03-22
269,600714,金瑞矿业,2023-03-22,,,,2023-03-22
270,600720,中交设计,2023-03-22,,,,2023-03-22
271,600970,中材国际,2023-03-22,,,,2023-03-22
272,601600,中国铝业,2023-03-22,,,,2023-03-22
273,603122,合富中国,2023-03-22,,,,2023-03-22
274,603219,富佳股份,2023-03-22,,,,2023-03-22
275,603318,水发燃气,2023-03-22,,,,2023-03-22
276,603516,淳中科技,2023-03-22,,,,2023-03-22
277,603596,伯特利,2023-03-22,,,,2023-03-22
278,603678,火炬电子,2023-03-22,,,,2023-03-22
279,603688,石英股份,2023-03-22,,,,2023-03-22
280,603912,佳力图,2023-03-22,,,,2023-03-22
281,605228,神通科技,2023-03-22,,,,2023-03-22
282,688111,金山办公,2023-03-22,,,,2023-03-22
283,688131,皓元医药,2023-03-22,,,,2023-03-22
284,688295,中复神鹰,2023-03-22,,,,2023-03-22
285,688336,三生国健,2023-03-22,,,,2023-03-22
286,688385,复旦微电,2023-03-22,,,,2023-03-22
287,000856,冀东装备,2023-03-23,,,,2023-03-23
288,002022,科华生物,2023-03-23,,,,2023-03-23
289,002107,沃华医药,2023-03-23,,,,2023-03-23
290,002407,多氟多,2023-03-23,,,,2023-03-23
291,300388,节能国祯,2023-03-23,,,,2023-03-23
292,300453,三鑫医疗,2023-03-23,,,,2023-03-23
293,301193,家联科技,2023-03-23,,,,2023-03-23
294,600422,昆药集团,2023-03-23,,,,2023-03-23
295,600511,国药股份,2023-03-23,,,,2023-03-23
296,600727,鲁北化工,2023-03-23,,,,2023-03-23
297,600785,新华百货,2023-03-23,,,,2023-03-23
298,600882,妙可蓝多,2023-03-23,,,,2023-03-23
299,600933,爱柯迪,2023-03-23,,,,2023-03-23
300,601008,连云港,2023-03-23,,,,2023-03-23
301,601728,中国电信,2023-03-23,,,,2023-03-23
302,603083,剑桥科技,2023-03-23,,,,2023-03-23
303,603866,桃李面包,2023-03-23,,,,2023-03-23
304,603919,金徽酒,2023-03-23,,,,2023-03-23
305,605058,澳弘电子,2023-03-23,,,,2023-03-23
306,688589,力合微,2023-03-23,,,,2023-03-23
307,000045,深纺织A,2023-03-24,2023-04-04,,,2023-04-04
308,000532,华金资本,2023-03-24,,,,2023-03-24
309,000919,金陵药业,2023-03-24,,,,2023-03-24
310,002243,力合科创,2023-03-24,,,,2023-03-24
311,002393,力生制药,2023-03-24,,,,2023-03-24
312,002463,沪电股份,2023-03-24,,,,2023-03-24
313,002729,好利科技,2023-03-24,,,,2023-03-24
314,300548,长芯博创,2023-03-24,,,,2023-03-24
315,300559,佳发教育,2023-03-24,2023-03-31,,,2023-03-31
316,300801,泰和科技,2023-03-24,,,,2023-03-24
317,300828,锐新科技,2023-03-24,,,,2023-03-24
318,300883,龙利得,2023-03-24,,,,2023-03-24
319,300999,金龙鱼,2023-03-24,,,,2023-03-24
320,301095,广立微,2023-03-24,,,,2023-03-24
321,301288,*ST清研,2023-03-24,2023-04-07,,,2023-04-07
322,301389,隆扬电子,2023-03-24,,,,2023-03-24
323,600079,ST人福,2023-03-24,,,,2023-03-24
324,600310,广西能源,2023-03-24,,,,2023-03-24
325,600318,新力金融,2023-03-24,,,,2023-03-24
326,600495,晋西车轴,2023-03-24,,,,2023-03-24
327,600508,上海能源,2023-03-24,,,,2023-03-24
328,600560,金自天正,2023-03-24,,,,2023-03-24
329,600655,豫园股份,2023-03-24,,,,2023-03-24
330,600874,创业环保,2023-03-24,2023-03-28,,,2023-03-28
331,600892,*ST大晟,2023-03-24,,,,2023-03-24
332,600941,中国移动,2023-03-24,,,,2023-03-24
333,600956,新天绿能,2023-03-24,,,,2023-03-24
334,601069,西部黄金,2023-03-24,,,,2023-03-24
335,601128,常熟银行,2023-03-24,,,,2023-03-24
336,601808,中海油服,2023-03-24,,,,2023-03-24
337,601898,中煤能源,2023-03-24,,,,2023-03-24
338,601998,中信银行,2023-03-24,,,,2023-03-24
339,603677,奇精机械,2023-03-24,,,,2023-03-24
340,603719,良品铺子,2023-03-24,,,,2023-03-24
341,688009,中国通号,2023-03-24,,,,2023-03-24
342,688285,高铁电气,2023-03-24,,,,2023-03-24
343,688314,康拓医疗,2023-03-24,,,,2023-03-24
344,688331,荣昌生物,2023-03-24,2023-03-30,,,2023-03-30
345,688353,华盛锂电,2023-03-24,,,,2023-03-24
346,688511,天微电子,2023-03-24,,,,2023-03-24
347,000423,东阿阿胶,2023-03-25,,,,2023-03-25
348,000514,渝开发,2023-03-25,,,,2023-03-25
349,000619,海螺新材,2023-03-25,,,,2023-03-25
350,000655,金岭矿业,2023-03-25,,,,2023-03-25
351,000860,顺鑫农业,2023-03-25,,,,2023-03-25
352,000973,佛塑科技,2023-03-25,,,,2023-03-25
353,000990,诚志股份,2023-03-25,,,,2023-03-25
354,001337,四川黄金,2023-03-25,,,,2023-03-25
355,001896,豫能控股,2023-03-25,,,,2023-03-25
356,002014,永新股份,2023-03-25,2023-03-11,,,2023-03-11
357,002226,江南化工,2023-03-25,,,,2023-03-25
358,002253,*ST智胜,2023-03-25,,,,2023-03-25
359,002362,汉王科技,2023-03-25,,,,2023-03-25
360,002465,海格通信,2023-03-25,,,,2023-03-25
361,002492,恒基达鑫,2023-03-25,,,,2023-03-25
362,002507,涪陵榨菜,2023-03-25,,,,2023-03-25
363,002561,徐家汇,2023-03-25,,,,2023-03-25
364,002683,广东宏大,2023-03-25,,,,2023-03-25
365,002803,吉宏股份,2023-03-25,2023-04-12,,,2023-04-12
366,002940,昂利康,2023-03-25,2023-04-01,,,2023-04-01
367,003006,百亚股份,2023-03-25,,,,2023-03-25
368,300019,硅宝科技,2023-03-25,,,,2023-03-25
369,300110,华仁药业,2023-03-25,,,,2023-03-25
370,300289,利德曼,2023-03-25,,,,2023-03-25
371,300294,博雅生物,2023-03-25,,,,2023-03-25
372,300363,博腾股份,2023-03-25,,,,2023-03-25
373,300385,ST雪浪,2023-03-25,2023-04-25,,,2023-04-25
374,301035,润丰股份,2023-03-25,,,,2023-03-25
375,600009,上海机场,2023-03-25,2023-04-29,,,2023-04-29
376,600036,招商银行,2023-03-25,,,,2023-03-25
377,600061,国投资本,2023-03-25,,,,2023-03-25
378,600099,林海股份,2023-03-25,,,,2023-03-25
379,600188,兖矿能源,2023-03-25,,,,2023-03-25
380,600279,重庆港,2023-03-25,,,,2023-03-25
381,600300,维维股份,2023-03-25,,,,2023-03-25
382,600362,江西铜业,2023-03-25,,,,2023-03-25
383,600455,博通股份,2023-03-25,,,,2023-03-25
384,600531,豫光金铅,2023-03-25,,,,2023-03-25
385,600548,深高速,2023-03-25,,,,2023-03-25
386,600588,用友网络,2023-03-25,,,,2023-03-25
387,600649,城投控股,2023-03-25,,,,2023-03-25
388,600717,天津港,2023-03-25,,,,2023-03-25
389,600750,华润江中,2023-03-25,,,,2023-03-25
390,600803,新奥股份,2023-03-25,,,,2023-03-25
391,600810,神马股份,2023-03-25,2023-04-20,2023-03-31,,2023-03-31
392,600828,茂业商业,2023-03-25,,,,2023-03-25
393,600830,香溢融通,2023-03-25,,,,2023-03-25
394,601022,宁波远洋,2023-03-25,,,,2023-03-25
395,601088,中国神华,2023-03-25,,,,2023-03-25
396,601168,西部矿业,2023-03-25,,,,2023-03-25
397,601200,上海环境,2023-03-25,,,,2023-03-25
398,601319,中国人保,2023-03-25,,,,2023-03-25
399,601666,平煤股份,2023-03-25,2023-04-20,2023-04-08,2023-04-07,2023-04-07
400,601818,光大银行,2023-03-25,,,,2023-03-25
401,601899,紫金矿业,2023-03-25,,,,2023-03-25
402,601956,东贝集团,2023-03-25,,,,2023-03-25
403,603079,圣达生物,2023-03-25,,,,2023-03-25
404,603357,设计总院,2023-03-25,,,,2023-03-25
405,603386,骏亚科技,2023-03-25,,,,2023-03-25
406,603823,百合花,2023-03-25,2023-04-20,,,2023-04-20
407,603909,建发合诚,2023-03-25,,,,2023-03-25
408,688269,凯立新材,2023-03-25,,,,2023-03-25
409,688366,昊海生科,2023-03-25,,,,2023-03-25
410,688373,盟科药业,2023-03-25,,,,2023-03-25
411,688386,泛亚微透,2023-03-25,,,,2023-03-25
412,688819,天能股份,2023-03-25,,,,2023-03-25
413,000756,新华制药,2023-03-27,,,,2023-03-27
414,001308,康冠科技,2023-03-27,,,,2023-03-27
415,002320,海峡股份,2023-03-27,,,,2023-03-27
416,300862,蓝盾光电,2023-03-27,,,,2023-03-27
417,600028,中国石化,2023-03-27,,,,2023-03-27
418,600377,宁沪高速,2023-03-27,,,,2023-03-27
419,601601,中国太保,2023-03-27,,,,2023-03-27
420,601878,浙商证券,2023-03-27,2023-03-31,,,2023-03-31
421,000016,*ST康佳A,2023-03-28,,,,2023-03-28
422,000559,万向钱潮,2023-03-28,,,,2023-03-28
423,000590,古汉医药,2023-03-28,,,,2023-03-28
424,000629,钒钛股份,2023-03-28,,,,2023-03-28
425,000636,风华高科,2023-03-28,,,,2023-03-28
426,000707,双环科技,2023-03-28,,,,2023-03-28
427,000728,国元证券,2023-03-28,,,,2023-03-28
428,000810,创维数字,2023-03-28,2023-03-21,,,2023-03-21
429,000837,秦川机床,2023-03-28,2023-04-11,,,2023-04-11
430,000910,大亚圣象,2023-03-28,,,,2023-03-28
431,000933,神火股份,2023-03-28,,,,2023-03-28
432,000962,东方钽业,2023-03-28,2023-04-11,,,2023-04-11
433,001288,运机集团,2023-03-28,2023-03-22,,,2023-03-22
434,001309,德明利,2023-03-28,2023-04-29,,,2023-04-29
435,002012,凯恩股份,2023-03-28,,,,2023-03-28
436,002119,康强电子,2023-03-28,,,,2023-03-28
437,002130,沃尔核材,2023-03-28,2023-04-15,,,2023-04-15
438,002136,安纳达,2023-03-28,,,,2023-03-28
439,002151,北斗星通,2023-03-28,,,,2023-03-28
440,002155,湖南黄金,2023-03-28,,,,2023-03-28
441,002185,华天科技,2023-03-28,,,,2023-03-28
442,002192,融捷股份,2023-03-28,,,,2023-03-28
443,002398,垒知集团,2023-03-28,,,,2023-03-28
444,002410,广联达,2023-03-28,2023-03-25,,,2023-03-25
445,002451,摩恩电气,2023-03-28,,,,2023-03-28
446,002564,天沃科技,2023-03-28,2023-04-28,2023-04-29,,2023-06-29
447,002611,东方精工,2023-03-28,,,,2023-03-28
448,002765,蓝黛科技,2023-03-28,,,,2023-03-28
449,002839,张家港行,2023-03-28,,,,2023-03-28
450,002873,新天药业,2023-03-28,,,,2023-03-28
451,002876,三利谱,2023-03-28,,,,2023-03-28
452,002968,新大正,2023-03-28,,,,2023-03-28
453,003018,金富科技,2023-03-28,,,,2023-03-28
454,300009,安科生物,2023-03-28,,,,2023-03-28
455,300037,新宙邦,2023-03-28,,,,2023-03-28
456,300138,晨光生物,2023-03-28,,,,2023-03-28
457,300172,中电环保,2023-03-28,,,,2023-03-28
458,300224,正海磁材,2023-03-28,,,,2023-03-28
459,300235,方直科技,2023-03-28,,,,2023-03-28
460,300374,中铁装配,2023-03-28,,,,2023-03-28
461,300401,花园生物,2023-03-28,,,,2023-03-28
462,300445,康斯特,2023-03-28,,,,2023-03-28
463,300465,高伟达,2023-03-28,2023-04-10,2023-04-18,,2023-04-18
464,300501,海顺新材,2023-03-28,2023-03-31,,,2023-03-31
465,300553,集智股份,2023-03-28,,,,2023-03-28
466,300699,光威复材,2023-03-28,,,,2023-03-28
467,300857,协创数据,2023-03-28,,,,2023-03-28
468,300876,蒙泰高新,2023-03-28,,,,2023-03-28
469,300885,海昌新材,2023-03-28,,,,2023-03-28
470,301039,中集车辆,2023-03-28,,,,2023-03-28
471,301369,联动科技,2023-03-28,2023-03-16,2023-03-20,,2023-03-20
472,600062,华润双鹤,2023-03-28,,,,2023-03-28
473,600066,宇通客车,2023-03-28,,,,2023-03-28
474,600085,同仁堂,2023-03-28,,,,2023-03-28
475,600096,云天化,2023-03-28,2023-04-15,,,2023-04-15
476,600171,上海贝岭,2023-03-28,,,,2023-03-28
477,600178,东安动力,2023-03-28,,,,2023-03-28
478,600196,复星医药,2023-03-28,,,,2023-03-28
479,600202,哈空调,2023-03-28,,,,2023-03-28
480,600243,*ST海华,2023-03-28,,,,2023-03-28
481,600266,城建发展,2023-03-28,,,,2023-03-28
482,600284,浦东建设,2023-03-28,,,,2023-03-28
483,600486,扬农化工,2023-03-28,2023-03-20,,,2023-03-20
484,600528,中铁工业,2023-03-28,,,,2023-03-28
485,600535,天士力,2023-03-28,,,,2023-03-28
486,600546,山煤国际,2023-03-28,,,,2023-03-28
487,600575,淮河能源,2023-03-28,,,,2023-03-28
488,600748,上实发展,2023-03-28,,,,2023-03-28
489,600794,保税科技,2023-03-28,,,,2023-03-28
490,600829,人民同泰,2023-03-28,,,,2023-03-28
491,600866,星湖科技,2023-03-28,,,,2023-03-28
492,600995,南网储能,2023-03-28,,,,2023-03-28
493,601598,中国外运,2023-03-28,,,,2023-03-28
494,601686,友发集团,2023-03-28,2023-04-20,,,2023-04-20
495,601916,浙商银行,2023-03-28,,,,2023-03-28
496,601975,招商南油,2023-03-28,,,,2023-03-28
497,603010,万盛股份,2023-03-28,,,,2023-03-28
498,603018,华设集团,2023-03-28,2023-04-26,,,2023-04-26
499,603052,可川科技,2023-03-28,,,,2023-03-28
500,603132,金徽股份,2023-03-28,,,,2023-03-28
501,603179,新泉股份,2023-03-28,2023-04-01,,,2023-04-01
502,603283,赛腾股份,2023-03-28,,,,2023-03-28
503,603336,宏辉果蔬,2023-03-28,,,,2023-03-28
504,603368,柳药集团,2023-03-28,,,,2023-03-28
505,603659,璞泰来,2023-03-28,,,,2023-03-28
506,603886,元祖股份,2023-03-28,,,,2023-03-28
507,605099,共创草坪,2023-03-28,,,,2023-03-28
508,605368,蓝天燃气,2023-03-28,,,,2023-03-28
509,688122,西部超导,2023-03-28,,,,2023-03-28
510,688183,生益电子,2023-03-28,,,,2023-03-28
511,688489,三未信安,2023-03-28,,,,2023-03-28
512,688505,复旦张江,2023-03-28,,,,2023-03-28
513,688608,恒玄科技,2023-03-28,,,,2023-03-28
514,688619,罗普特,2023-03-28,2023-04-08,,,2023-04-08
515,688660,电气风电,2023-03-28,,,,2023-03-28
516,000039,中集集团,2023-03-29,,,,2023-03-29
517,000401,金隅冀东,2023-03-29,,,,2023-03-29
518,000738,航发控制,2023-03-29,,,,2023-03-29
519,000895,双汇发展,2023-03-29,,,,2023-03-29
520,000999,华润三九,2023-03-29,,,,2023-03-29
521,001270,*ST铖昌,2023-03-29,,,,2023-03-29
522,002060,广东建工,2023-03-29,,,,2023-03-29
523,002062,宏润建设,2023-03-29,,,,2023-03-29
524,002066,瑞泰科技,2023-03-29,2023-04-11,,,2023-04-11
525,002114,罗平锌电,2023-03-29,,,,2023-03-29
526,002129,TCL中环,2023-03-29,,,,2023-03-29
527,002234,民和股份,2023-03-29,,,,2023-03-29
528,002242,九阳股份,2023-03-29,2023-04-01,,,2023-04-01
529,002299,圣农发展,2023-03-29,,,,2023-03-29
530,002351,漫步者,2023-03-29,,,,2023-03-29
531,002352,顺丰控股,2023-03-29,,,,2023-03-29
532,002402,和而泰,2023-03-29,,,,2023-03-29
533,002782,可立克,2023-03-29,,,,2023-03-29
534,002801,微光股份,2023-03-29,,,,2023-03-29
535,002838,道恩股份,2023-03-29,,,,2023-03-29
536,002938,鹏鼎控股,2023-03-29,,,,2023-03-29
537,002960,青鸟智控,2023-03-29,,,,2023-03-29
538,002983,芯瑞达,2023-03-29,,,,2023-03-29
539,300047,天源迪科,2023-03-29,,,,2023-03-29
540,300206,理邦仪器,2023-03-29,,,,2023-03-29
541,300347,泰格医药,2023-03-29,,,,2023-03-29
542,300390,天华新能,2023-03-29,,,,2023-03-29
543,300456,赛微电子,2023-03-29,,,,2023-03-29
544,300457,赢合科技,2023-03-29,,,,2023-03-29
545,300536,农尚环境,2023-03-29,,,,2023-03-29
546,300675,建科院,2023-03-29,,,,2023-03-29
547,300788,中信出版,2023-03-29,,,,2023-03-29
548,300821,东岳硅材,2023-03-29,,,,2023-03-29
549,301096,百诚医药,2023-03-29,,,,2023-03-29
550,600007,中国国贸,2023-03-29,,,,2023-03-29
551,600078,澄星股份,2023-03-29,,,,2023-03-29
552,600183,生益科技,2023-03-29,,,,2023-03-29
553,600282,南钢股份,2023-03-29,,,,2023-03-29
554,600358,国旅联合,2023-03-29,2023-04-08,2023-04-21,,2023-04-21
555,600370,*ST三房,2023-03-29,,,,2023-03-29
556,600585,海螺水泥,2023-03-29,2023-03-28,,,2023-03-28
557,600600,青岛啤酒,2023-03-29,2023-03-23,,,2023-03-23
558,600602,云赛智联,2023-03-29,,,,2023-03-29
559,600620,天宸股份,2023-03-29,2023-04-08,,,2023-04-08
560,600657,信达地产,2023-03-29,,,,2023-03-29
561,600801,华新建材,2023-03-29,,,,2023-03-29
562,600858,银座股份,2023-03-29,,,,2023-03-29
563,600871,石化油服,2023-03-29,,,,2023-03-29
564,600889,*ST京化,2023-03-29,,,,2023-03-29
565,600985,淮北矿业,2023-03-29,,,,2023-03-29
566,600992,贵绳股份,2023-03-29,,,,2023-03-29
567,601456,国联民生,2023-03-29,,,,2023-03-29
568,601608,中信重工,2023-03-29,2023-03-18,,,2023-03-18
569,601811,新华文轩,2023-03-29,,,,2023-03-29
570,601886,江河集团,2023-03-29,,,,2023-03-29
571,601991,大唐发电,2023-03-29,,,,2023-03-29
572,603191,望变电气,2023-03-29,,,,2023-03-29
573,603577,汇金通,2023-03-29,,,,2023-03-29
574,603578,三星新材,2023-03-29,,,,2023-03-29
575,605218,伟时电子,2023-03-29,2023-04-11,,,2023-04-11
576,688078,龙软科技,2023-03-29,,,,2023-03-29
577,688139,海尔生物,2023-03-29,,,,2023-03-29
578,688337,普源精电,2023-03-29,,,,2023-03-29
579,688351,微电生理,2023-03-29,,,,2023-03-29
580,688522,纳睿雷达,2023-03-29,,,,2023-03-29
581,688618,三旺通信,2023-03-29,,,,2023-03-29
582,688681,科汇股份,2023-03-29,2023-04-20,,,2023-04-20
583,688981,中芯国际,2023-03-29,,,,2023-03-29
584,000029,深深房A,2023-03-30,2023-03-18,,,2023-03-18
585,000065,北方国际,2023-03-30,2023-04-25,,,2023-04-25
586,000404,长虹华意,2023-03-30,,,,2023-03-30
587,000524,岭南控股,2023-03-30,,,,2023-03-30
588,000537,绿发电力,2023-03-30,,,,2023-03-30
589,000548,湖南投资,2023-03-30,,,,2023-03-30
590,000550,江铃汽车,2023-03-30,,,,2023-03-30
591,000553,安道麦A,2023-03-30,2023-03-21,,,2023-03-21
592,000597,东北制药,2023-03-30,,,,2023-03-30
593,000661,长春高新,2023-03-30,,,,2023-03-30
594,000698,ST沈化,2023-03-30,2023-04-29,,,2023-04-29
595,000715,中兴商业,2023-03-30,,,,2023-03-30
596,000722,湖南发展,2023-03-30,,,,2023-03-30
597,000761,本钢板材,2023-03-30,,,,2023-03-30
598,000828,东莞控股,2023-03-30,2023-04-03,2023-04-28,,2023-04-28
599,000833,粤桂股份,2023-03-30,,,,2023-03-30
600,000859,国风新材,2023-03-30,,,,2023-03-30
601,000927,中国铁物,2023-03-30,,,,2023-03-30
602,000970,中科三环,2023-03-30,,,,2023-03-30
603,000978,桂林旅游,2023-03-30,2023-04-15,,,2023-04-15
604,001203,大中矿业,2023-03-30,,,,2023-03-30
605,001206,依依股份,2023-03-30,,,,2023-03-30
606,001236,弘业期货,2023-03-30,,,,2023-03-30
607,001289,龙源电力,2023-03-30,,,,2023-03-30
608,002007,华兰生物,2023-03-30,,,,2023-03-30
609,002020,京新药业,2023-03-30,,,,2023-03-30
610,002039,黔源电力,2023-03-30,,,,2023-03-30
611,002049,紫光国微,2023-03-30,,,,2023-03-30
612,002053,云南能投,2023-03-30,,,,2023-03-30
613,002054,德美化工,2023-03-30,,,,2023-03-30
614,002076,*ST星光,2023-03-30,,,,2023-03-30
615,002122,ST汇洲,2023-03-30,,,,2023-03-30
616,002149,西部材料,2023-03-30,2023-03-31,,,2023-03-31
617,002156,通富微电,2023-03-30,,,,2023-03-30
618,002205,国统股份,2023-03-30,2023-04-17,,,2023-04-17
619,002285,世联行,2023-03-30,,,,2023-03-30
620,002290,禾盛新材,2023-03-30,,,,2023-03-30
621,002342,巨力索具,2023-03-30,2023-04-27,,,2023-04-27
622,002349,精华制药,2023-03-30,,,,2023-03-30
623,002365,永安药业,2023-03-30,,,,2023-03-30
624,002367,康力电梯,2023-03-30,,,,2023-03-30
625,002389,航天彩虹,2023-03-30,,,,2023-03-30
626,002399,海普瑞,2023-03-30,,,,2023-03-30
627,002400,省广集团,2023-03-30,,,,2023-03-30
628,002404,嘉欣丝绸,2023-03-30,,,,2023-03-30
629,002457,青龙管业,2023-03-30,,,,2023-03-30
630,002460,赣锋锂业,2023-03-30,,,,2023-03-30
631,002461,珠江啤酒,2023-03-30,,,,2023-03-30
632,002484,江海股份,2023-03-30,,,,2023-03-30
633,002488,金固股份,2023-03-30,2023-04-04,,,2023-04-04
634,002519,银河电子,2023-03-30,,,,2023-03-30
635,002528,*ST英飞,2023-03-30,2023-04-25,2023-04-28,,2023-04-28
636,002594,比亚迪,2023-03-30,2023-03-29,,,2023-03-29
637,002595,豪迈科技,2023-03-30,,,,2023-03-30
638,002662,峰璟股份,2023-03-30,,,,2023-03-30
639,002759,天际股份,2023-03-30,,,,2023-03-30
640,002763,汇洁股份,2023-03-30,2023-04-28,,,2023-04-28
641,002766,索菱股份,2023-03-30,,,,2023-03-30
642,002807,江阴银行,2023-03-30,2023-03-28,,,2023-03-28
643,002866,传艺科技,2023-03-30,,,,2023-03-30
644,002918,蒙娜丽莎,2023-03-30,,,,2023-03-30
645,002920,德赛西威,2023-03-30,,,,2023-03-30
646,002922,伊戈尔,2023-03-30,,,,2023-03-30
647,002943,宇晶股份,2023-03-30,,,,2023-03-30
648,002978,安宁股份,2023-03-30,,,,2023-03-30
649,003013,地铁设计,2023-03-30,,,,2023-03-30
650,003021,兆威机电,2023-03-30,,,,2023-03-30
651,003022,联泓新科,2023-03-30,,,,2023-03-30
652,003028,振邦智能,2023-03-30,,,,2023-03-30
653,300007,汉威科技,2023-03-30,,,,2023-03-30
654,300087,荃银高科,2023-03-30,2023-03-18,,,2023-03-18
655,300127,银河磁体,2023-03-30,,,,2023-03-30
656,300142,沃森生物,2023-03-30,,,,2023-03-30
657,300143,盈康生命,2023-03-30,,,,2023-03-30
658,300319,麦捷科技,2023-03-30,,,,2023-03-30
659,300327,中颖电子,2023-03-30,,,,2023-03-30
660,300365,恒华科技,2023-03-30,,,,2023-03-30
661,300386,飞天诚信,2023-03-30,,,,2023-03-30
662,300437,清水源,2023-03-30,,,,2023-03-30
663,300485,赛升药业,2023-03-30,,,,2023-03-30
664,300575,中旗股份,2023-03-30,,,,2023-03-30
665,300711,广哈通信,2023-03-30,,,,2023-03-30
666,300724,捷佳伟创,2023-03-30,2023-04-28,,,2023-04-28
667,300726,宏达电子,2023-03-30,,,,2023-03-30
668,300824,北鼎股份,2023-03-30,,,,2023-03-30
669,300841,康华生物,2023-03-30,,,,2023-03-30
670,300847,中船汉光,2023-03-30,,,,2023-03-30
671,300905,宝丽迪,2023-03-30,,,,2023-03-30
672,300957,贝泰妮,2023-03-30,,,,2023-03-30
673,301207,华兰疫苗,2023-03-30,,,,2023-03-30
674,301282,金禄电子,2023-03-30,,,,2023-03-30
675,301367,瑞迈特,2023-03-30,,,,2023-03-30
676,600018,上港集团,2023-03-30,2023-04-04,,,2023-04-04
677,600027,华电国际,2023-03-30,,,,2023-03-30
678,600073,光明肉业,2023-03-30,,,,2023-03-30
679,600110,诺德股份,2023-03-30,2023-04-25,,,2023-04-25
680,600207,安彩高科,2023-03-30,,,,2023-03-30
681,600226,亨通股份,2023-03-30,,,,2023-03-30
682,600272,开开实业,2023-03-30,,,,2023-03-30
683,600386,北巴传媒,2023-03-30,,,,2023-03-30
684,600420,国药现代,2023-03-30,,,,2023-03-30
685,600426,华鲁恒升,2023-03-30,,,,2023-03-30
686,600428,中远海特,2023-03-30,,,,2023-03-30
687,600488,津药药业,2023-03-30,,,,2023-03-30
688,600502,安徽建工,2023-03-30,,,,2023-03-30
689,600547,山东黄金,2023-03-30,,,,2023-03-30
690,600598,北大荒,2023-03-30,,,,2023-03-30
691,600675,中华企业,2023-03-30,,,,2023-03-30
692,600692,亚通股份,2023-03-30,,,,2023-03-30
693,600716,凤凰股份,2023-03-30,,,,2023-03-30
694,600725,云维股份,2023-03-30,,,,2023-03-30
695,600805,悦达投资,2023-03-30,,,,2023-03-30
696,600814,杭州解百,2023-03-30,,,,2023-03-30
697,600838,上海九百,2023-03-30,,,,2023-03-30
698,600908,无锡银行,2023-03-30,,,,2023-03-30
699,600938,中国海油,2023-03-30,,,,2023-03-30
700,600997,开滦股份,2023-03-30,,,,2023-03-30
701,600999,招商证券,2023-03-30,2023-03-25,,,2023-03-25
702,601000,唐山港,2023-03-30,,,,2023-03-30
703,601015,陕西黑猫,2023-03-30,,,,2023-03-30
704,601018,宁波港,2023-03-30,2023-04-12,,,2023-04-12
705,601038,一拖股份,2023-03-30,,,,2023-03-30
706,601208,东材科技,2023-03-30,,,,2023-03-30
707,601211,国泰海通,2023-03-30,,,,2023-03-30
708,601238,广汽集团,2023-03-30,,,,2023-03-30
709,601298,青岛港,2023-03-30,,,,2023-03-30
710,601326,秦港股份,2023-03-30,,,,2023-03-30
711,601579,会稽山,2023-03-30,,,,2023-03-30
712,601618,中国中冶,2023-03-30,,,,2023-03-30
713,601628,中国人寿,2023-03-30,,,,2023-03-30
714,601696,中银证券,2023-03-30,2023-04-29,,,2023-04-29
715,601727,上海电气,2023-03-30,,,,2023-03-30
716,601799,星宇股份,2023-03-30,,,,2023-03-30
717,601872,招商轮船,2023-03-30,,,,2023-03-30
718,601881,中国银河,2023-03-30,,,,2023-03-30
719,603043,广州酒家,2023-03-30,,,,2023-03-30
720,603109,神驰机电,2023-03-30,,,,2023-03-30
721,603126,中材节能,2023-03-30,2023-04-12,,,2023-04-12
722,603225,新凤鸣,2023-03-30,,,,2023-03-30
723,603300,海南华铁,2023-03-30,,,,2023-03-30
724,603399,永杉锂业,2023-03-30,,,,2023-03-30
725,603477,巨星农牧,2023-03-30,,,,2023-03-30
726,603535,嘉诚国际,2023-03-30,,,,2023-03-30
727,603626,科森科技,2023-03-30,,,,2023-03-30
728,603733,仙鹤股份,2023-03-30,,,,2023-03-30
729,603937,丽岛新材,2023-03-30,,,,2023-03-30
730,603950,长源东谷,2023-03-30,,,,2023-03-30
731,603967,中创物流,2023-03-30,,,,2023-03-30
732,605060,联德股份,2023-03-30,,,,2023-03-30
733,605580,恒盛能源,2023-03-30,,,,2023-03-30
734,688016,心脉医疗,2023-03-30,,,,2023-03-30
735,688161,威高骨科,2023-03-30,,,,2023-03-30
736,688236,春立医疗,2023-03-30,2023-03-31,,,2023-03-31
737,688252,天德钰,2023-03-30,,,,2023-03-30
738,688276,百克生物,2023-03-30,,,,2023-03-30
739,688293,奥浦迈,2023-03-30,,,,2023-03-30
740,688309,恒誉环保,2023-03-30,,,,2023-03-30
741,688432,有研硅,2023-03-30,,,,2023-03-30
742,688733,壹石通,2023-03-30,,,,2023-03-30
743,000002,万科A,2023-03-31,,,,2023-03-31
744,000014,沙河股份,2023-03-31,,,,2023-03-31
745,000028,国药一致,2023-03-31,2023-04-13,,,2023-04-13
746,000034,神州数码,2023-03-31,,,,2023-03-31
747,000060,中金岭南,2023-03-31,2023-04-10,,,2023-04-10
748,000069,华侨城A,2023-03-31,,,,2023-03-31
749,000089,深圳机场,2023-03-31,,,,2023-03-31
750,000100,TCL科技,2023-03-31,,,,2023-03-31
751,000157,中联重科,2023-03-31,,,,2023-03-31
752,000166,申万宏源,2023-03-31,,,,2023-03-31
753,000338,潍柴动力,2023-03-31,,,,2023-03-31
754,000488,ST晨鸣,2023-03-31,,,,2023-03-31
755,000501,武商集团,2023-03-31,,,,2023-03-31
756,000504,*ST生物,2023-03-31,2023-04-21,,,2023-04-21
757,000505,京粮控股,2023-03-31,,,,2023-03-31
758,000513,丽珠集团,2023-03-31,,,,2023-03-31
759,000521,长虹美菱,2023-03-31,,,,2023-03-31
760,000523,红棉股份,2023-03-31,,,,2023-03-31
761,000528,柳工,2023-03-31,2023-04-28,,,2023-04-28
762,000538,云南白药,2023-03-31,,,,2023-03-31
763,000544,中原环保,2023-03-31,,,,2023-03-31
764,000547,航天发展,2023-03-31,2023-04-22,,,2023-04-22
765,000555,神州信息,2023-03-31,,,,2023-03-31
766,000593,德龙汇能,2023-03-31,,,,2023-03-31
767,000595,*ST宝实,2023-03-31,2023-04-20,,,2023-04-20
768,000631,顺发恒能,2023-03-31,,,,2023-03-31
769,000679,大连友谊,2023-03-31,2023-04-15,,,2023-04-15
770,000759,中百集团,2023-03-31,,,,2023-03-31
771,000776,广发证券,2023-03-31,,,,2023-03-31
772,000791,甘肃能源,2023-03-31,,,,2023-03-31
773,000792,盐湖股份,2023-03-31,,,,2023-03-31
774,000800,一汽解放,2023-03-31,2023-04-01,,,2023-04-01
775,000811,冰轮环境,2023-03-31,2023-04-13,,,2023-04-13
776,000880,潍柴重机,2023-03-31,,,,2023-03-31
777,000897,津滨发展,2023-03-31,,,,2023-03-31
778,000898,鞍钢股份,2023-03-31,,,,2023-03-31
779,000901,航天科技,2023-03-31,,,,2023-03-31
780,000912,泸天化,2023-03-31,,,,2023-03-31
781,000921,海信家电,2023-03-31,,,,2023-03-31
782,000932,华菱钢铁,2023-03-31,2023-03-24,,,2023-03-24
783,000938,紫光股份,2023-03-31,,,,2023-03-31
784,000951,中国重汽,2023-03-31,,,,2023-03-31
785,000952,广济药业,2023-03-31,2023-04-20,,,2023-04-20
786,000965,天保基建,2023-03-31,,,,2023-03-31
787,000980,众泰汽车,2023-03-31,2023-04-26,,,2023-04-26
788,000993,闽东电力,2023-03-31,,,,2023-03-31
789,001269,欧晶科技,2023-03-31,,,,2023-03-31
790,001872,招商港口,2023-03-31,2023-04-04,,,2023-04-04
791,002030,达安基因,2023-03-31,,,,2023-03-31
792,002052,同洲电子,2023-03-31,,,,2023-03-31
793,002106,莱宝高科,2023-03-31,,,,2023-03-31
794,002140,东华科技,2023-03-31,,,,2023-03-31
795,002148,北纬科技,2023-03-31,,,,2023-03-31
796,002152,广电运通,2023-03-31,,,,2023-03-31
797,002180,奔图科技,2023-03-31,2023-04-07,,,2023-04-07
798,002187,广百股份,2023-03-31,,,,2023-03-31
799,002194,武汉凡谷,2023-03-31,,,,2023-03-31
800,002202,金风科技,2023-03-31,,,,2023-03-31
801,002206,海利得,2023-03-31,,,,2023-03-31
802,002238,天威视讯,2023-03-31,,,,2023-03-31
803,002247,聚力文化,2023-03-31,,,,2023-03-31
804,002302,西部建设,2023-03-31,2023-04-08,,,2023-04-08
805,002316,亚联发展,2023-03-31,,,,2023-03-31
806,002396,星网锐捷,2023-03-31,,,,2023-03-31
807,002401,中远海科,2023-03-31,,,,2023-03-31
808,002430,杭氧股份,2023-03-31,,,,2023-03-31
809,002436,兴森科技,2023-03-31,,,,2023-03-31
810,002466,天齐锂业,2023-03-31,,,,2023-03-31
811,002467,二六三,2023-03-31,,,,2023-03-31
812,002471,中超控股,2023-03-31,2023-04-20,,,2023-04-20
813,002479,富春环保,2023-03-31,,,,2023-03-31
814,002533,金杯电工,2023-03-31,,,,2023-03-31
815,002534,西子洁能,2023-03-31,,,,2023-03-31
816,002537,海联金汇,2023-03-31,,,,2023-03-31
817,002541,鸿路钢构,2023-03-31,,,,2023-03-31
818,002553,南方精工,2023-03-31,,,,2023-03-31
819,002562,兄弟科技,2023-03-31,,,,2023-03-31
820,002596,海南瑞泽,2023-03-31,,,,2023-03-31
821,002641,公元股份,2023-03-31,,,,2023-03-31
822,002658,雪迪龙,2023-03-31,,,,2023-03-31
823,002672,东江环保,2023-03-31,,,,2023-03-31
824,002678,珠江钢琴,2023-03-31,,,,2023-03-31
825,002690,美亚光电,2023-03-31,,,,2023-03-31
826,002706,良信股份,2023-03-31,,,,2023-03-31
827,002732,燕塘乳业,2023-03-31,,,,2023-03-31
828,002813,路畅科技,2023-03-31,,,,2023-03-31
829,002818,富森美,2023-03-31,,,,2023-03-31
830,002821,凯莱英,2023-03-31,,,,2023-03-31
831,002845,同兴达,2023-03-31,,,,2023-03-31
832,002847,盐津铺子,2023-03-31,2023-04-15,,,2023-04-15
833,002893,京能热力,2023-03-31,,,,2023-03-31
834,002895,川恒股份,2023-03-31,,,,2023-03-31
835,002936,郑州银行,2023-03-31,,,,2023-03-31
836,002961,瑞达期货,2023-03-31,,,,2023-03-31
837,002967,广电计量,2023-03-31,,,,2023-03-31
838,002996,顺博合金,2023-03-31,,,,2023-03-31
839,003040,楚天龙,2023-03-31,,,,2023-03-31
840,300025,华星创业,2023-03-31,,,,2023-03-31
841,300026,红日药业,2023-03-31,,,,2023-03-31
842,300036,超图软件,2023-03-31,,,,2023-03-31
843,300066,三川智慧,2023-03-31,,,,2023-03-31
844,300080,易成新能,2023-03-31,,,,2023-03-31
845,300092,科新机电,2023-03-31,,,,2023-03-31
846,300115,长盈精密,2023-03-31,,,,2023-03-31
847,300130,新国都,2023-03-31,2023-04-28,,,2023-04-28
848,300157,新锦动力,2023-03-31,,,,2023-03-31
849,300158,振东制药,2023-03-31,2023-04-25,,,2023-04-25
850,300194,福安药业,2023-03-31,,,,2023-03-31
851,300200,高盟新材,2023-03-31,,,,2023-03-31
852,300218,安利股份,2023-03-31,,,,2023-03-31
853,300233,金城医药,2023-03-31,,,,2023-03-31
854,300259,新天科技,2023-03-31,,,,2023-03-31
855,300307,慈星股份,2023-03-31,2023-04-12,,,2023-04-12
856,300314,戴维医疗,2023-03-31,,,,2023-03-31
857,300317,珈伟新能,2023-03-31,2023-03-21,,,2023-03-21
858,300320,海达股份,2023-03-31,,,,2023-03-31
859,300378,鼎捷数智,2023-03-31,2023-04-27,,,2023-04-27
860,300389,艾比森,2023-03-31,,,,2023-03-31
861,300398,飞凯材料,2023-03-31,,,,2023-03-31
862,300466,赛摩智能,2023-03-31,,,,2023-03-31
863,300480,光力科技,2023-03-31,,,,2023-03-31
864,300481,濮阳惠成,2023-03-31,,,,2023-03-31
865,300506,ST名家汇,2023-03-31,2023-04-18,2023-04-27,,2023-04-27
866,300508,维宏股份,2023-03-31,,,,2023-03-31
867,300516,久之洋,2023-03-31,,,,2023-03-31
868,300529,健帆生物,2023-03-31,,,,2023-03-31
869,300540,蜀道装备,2023-03-31,,,,2023-03-31
870,300570,太辰光,2023-03-31,,,,2023-03-31
871,300579,数字认证,2023-03-31,,,,2023-03-31
872,300614,百川畅银,2023-03-31,,,,2023-03-31
873,300667,必创科技,2023-03-31,,,,2023-03-31
874,300671,富满微,2023-03-31,2023-04-13,,,2023-04-13
875,300674,宇信科技,2023-03-31,,,,2023-03-31
876,300676,华大基因,2023-03-31,,,,2023-03-31
877,300678,中科信息,2023-03-31,,,,2023-03-31
878,300682,朗新科技,2023-03-31,,,,2023-03-31
879,300739,明阳电路,2023-03-31,,,,2023-03-31
880,300741,华宝股份,2023-03-31,,,,2023-03-31
881,300748,金力永磁,2023-03-31,,,,2023-03-31
882,300759,康龙化成,2023-03-31,,,,2023-03-31
883,300769,德方纳米,2023-03-31,,,,2023-03-31
884,300780,德恩精工,2023-03-31,2023-04-21,,,2023-04-21
885,300831,派瑞股份,2023-03-31,,,,2023-03-31
886,300834,星辉环材,2023-03-31,,,,2023-03-31
887,300835,龙磁科技,2023-03-31,,,,2023-03-31
888,300845,捷安高科,2023-03-31,,,,2023-03-31
889,300850,新强联,2023-03-31,,,,2023-03-31
890,300852,四会富仕,2023-03-31,,,,2023-03-31
891,300922,天秦装备,2023-03-31,,,,2023-03-31
892,300926,博俊科技,2023-03-31,,,,2023-03-31
893,300938,信测标准,2023-03-31,2023-04-04,,,2023-04-04
894,300993,玉马科技,2023-03-31,,,,2023-03-31
895,301008,宏昌科技,2023-03-31,,,,2023-03-31
896,301016,雷尔伟,2023-03-31,,,,2023-03-31
897,301020,密封科技,2023-03-31,,,,2023-03-31
898,301029,怡合达,2023-03-31,,,,2023-03-31
899,301068,大地海洋,2023-03-31,,,,2023-03-31
900,301086,鸿富瀚,2023-03-31,,,,2023-03-31
901,301153,中科江南,2023-03-31,,,,2023-03-31
902,301165,锐捷网络,2023-03-31,,,,2023-03-31
903,301177,迪阿股份,2023-03-31,2023-04-28,,,2023-04-28
904,301226,祥明智能,2023-03-31,,,,2023-03-31
905,301237,和顺科技,2023-03-31,,,,2023-03-31
906,301268,铭利达,2023-03-31,,,,2023-03-31
907,301277,新天地,2023-03-31,,,,2023-03-31
908,301280,珠城科技,2023-03-31,,,,2023-03-31
909,301298,东利机械,2023-03-31,,,,2023-03-31
910,301317,鑫磊股份,2023-03-31,,,,2023-03-31
911,600006,东风股份,2023-03-31,2023-04-11,,,2023-04-11
912,600012,皖通高速,2023-03-31,,,,2023-03-31
913,600016,民生银行,2023-03-31,2023-03-28,,,2023-03-28
914,600017,日照港,2023-03-31,,,,2023-03-31
915,600021,上海电力,2023-03-31,,,,2023-03-31
916,600022,山东钢铁,2023-03-31,,,,2023-03-31
917,600026,中远海能,2023-03-31,,,,2023-03-31
918,600029,南方航空,2023-03-31,2023-03-29,,,2023-03-29
919,600030,中信证券,2023-03-31,,,,2023-03-31
920,600039,四川路桥,2023-03-31,,,,2023-03-31
921,600058,五矿发展,2023-03-31,,,,2023-03-31
922,600115,中国东航,2023-03-31,,,,2023-03-31
923,600118,中国卫星,2023-03-31,,,,2023-03-31
924,600127,金健米业,2023-03-31,,,,2023-03-31
925,600129,太极集团,2023-03-31,,,,2023-03-31
926,600135,乐凯胶片,2023-03-31,2023-04-26,,,2023-04-26
927,600218,全柴动力,2023-03-31,,,,2023-03-31
928,600223,福瑞达,2023-03-31,,,,2023-03-31
929,600235,民丰特纸,2023-03-31,,,,2023-03-31
930,600249,两面针,2023-03-31,,,,2023-03-31
931,600258,首旅酒店,2023-03-31,,,,2023-03-31
932,600259,中稀有色,2023-03-31,,,,2023-03-31
933,600267,海正药业,2023-03-31,,,,2023-03-31
934,600268,国电南自,2023-03-31,,,,2023-03-31
935,600271,航天信息,2023-03-31,,,,2023-03-31
936,600273,嘉化能源,2023-03-31,,,,2023-03-31
937,600298,安琪酵母,2023-03-31,,,,2023-03-31
938,600320,振华重工,2023-03-31,,,,2023-03-31
939,600329,达仁堂,2023-03-31,2023-04-29,2023-04-01,,2023-04-01
940,600350,山东高速,2023-03-31,,,,2023-03-31
941,600359,新农开发,2023-03-31,,,,2023-03-31
942,600363,联创光电,2023-03-31,2023-04-28,,,2023-04-28
943,600368,五洲交通,2023-03-31,,,,2023-03-31
944,600379,宝光股份,2023-03-31,,,,2023-03-31
945,600405,动力源,2023-03-31,2023-04-18,,,2023-04-18
946,600419,天润乳业,2023-03-31,,,,2023-03-31
947,600425,青松建化,2023-03-31,,,,2023-03-31
948,600458,时代新材,2023-03-31,,,,2023-03-31
949,600493,凤竹纺织,2023-03-31,,,,2023-03-31
950,600505,西昌电力,2023-03-31,,,,2023-03-31
951,600506,统一股份,2023-03-31,2023-04-04,,,2023-04-04
952,600519,贵州茅台,2023-03-31,,,,2023-03-31
953,600587,新华医疗,2023-03-31,,,,2023-03-31
954,600595,中孚实业,2023-03-31,,,,2023-03-31
955,600621,华鑫股份,2023-03-31,,,,2023-03-31
956,600629,华建集团,2023-03-31,,,,2023-03-31
957,600643,爱建集团,2023-03-31,,,,2023-03-31
958,600644,乐山电力,2023-03-31,,,,2023-03-31
959,600648,外高桥,2023-03-31,2023-04-13,,,2023-04-13
960,600651,飞乐音响,2023-03-31,,,,2023-03-31
961,600663,陆家嘴,2023-03-31,,,,2023-03-31
962,600671,天目药业,2023-03-31,2023-04-26,,,2023-04-26
963,600676,交运股份,2023-03-31,,,,2023-03-31
964,600684,珠江股份,2023-03-31,,,,2023-03-31
965,600685,中船防务,2023-03-31,,,,2023-03-31
966,600699,均胜电子,2023-03-31,,,,2023-03-31
967,600713,南京医药,2023-03-31,,,,2023-03-31
968,600734,*ST实达,2023-03-31,2023-04-29,,,2023-04-29
969,600787,中储股份,2023-03-31,2023-04-15,,,2023-04-15
970,600808,马钢股份,2023-03-31,,,,2023-03-31
971,600816,建元信托,2023-03-31,2023-04-26,2023-04-28,,2023-04-28
972,600819,耀皮玻璃,2023-03-31,,,,2023-03-31
973,600821,金开新能,2023-03-31,,,,2023-03-31
974,600825,新华传媒,2023-03-31,,,,2023-03-31
975,600853,龙建股份,2023-03-31,,,,2023-03-31
976,600879,航天电子,2023-03-31,,,,2023-03-31
977,600885,宏发股份,2023-03-31,,,,2023-03-31
978,600893,航发动力,2023-03-31,,,,2023-03-31
979,600909,华安证券,2023-03-31,,,,2023-03-31
980,600918,中泰证券,2023-03-31,,,,2023-03-31
981,600958,东方证券,2023-03-31,,,,2023-03-31
982,600962,国投中鲁,2023-03-31,,,,2023-03-31
983,600971,恒源煤电,2023-03-31,,,,2023-03-31
984,601005,重庆钢铁,2023-03-31,,,,2023-03-31
985,601007,金陵饭店,2023-03-31,,,,2023-03-31
986,601016,节能风电,2023-03-31,,,,2023-03-31
987,601066,中信建投,2023-03-31,,,,2023-03-31
988,601077,渝农商行,2023-03-31,,,,2023-03-31
989,601107,四川成渝,2023-03-31,,,,2023-03-31
990,601111,中国国航,2023-03-31,,,,2023-03-31
991,601126,四方股份,2023-03-31,,,,2023-03-31
992,601166,兴业银行,2023-03-31,,,,2023-03-31
993,601186,中国铁建,2023-03-31,,,,2023-03-31
994,601236,红塔证券,2023-03-31,,,,2023-03-31
995,601279,英利汽车,2023-03-31,,,,2023-03-31
996,601288,农业银行,2023-03-31,,,,2023-03-31
997,601328,交通银行,2023-03-31,,,,2023-03-31
998,601330,绿色动力,2023-03-31,,,,2023-03-31
999,601336,新华保险,2023-03-31,,,,2023-03-31
1000,601375,中原证券,2023-03-31,2023-03-30,,,2023-03-30
1001,601390,中国中铁,2023-03-31,,,,2023-03-31
1002,601398,工商银行,2023-03-31,,,,2023-03-31
1003,601519,大智慧,2023-03-31,2023-04-12,,,2023-04-12
1004,601528,瑞丰银行,2023-03-31,2023-03-29,,,2023-03-29
1005,601607,上海医药,2023-03-31,,,,2023-03-31
1006,601633,长城汽车,2023-03-31,,,,2023-03-31
1007,601658,邮储银行,2023-03-31,,,,2023-03-31
1008,601688,华泰证券,2023-03-31,,,,2023-03-31
1009,601766,中国中车,2023-03-31,,,,2023-03-31
1010,601788,光大证券,2023-03-31,,,,2023-03-31
1011,601800,中国交建,2023-03-31,,,,2023-03-31
1012,601827,三峰环境,2023-03-31,,,,2023-03-31
1013,601828,美凯龙,2023-03-31,,,,2023-03-31
1014,601857,中国石油,2023-03-31,2023-03-30,,,2023-03-30
1015,601865,福莱特,2023-03-31,2023-03-28,,,2023-03-28
1016,601866,中远海发,2023-03-31,,,,2023-03-31
1017,601868,中国能建,2023-03-31,,,,2023-03-31
1018,601880,辽港股份,2023-03-31,,,,2023-03-31
1019,601888,中国中免,2023-03-31,,,,2023-03-31
1020,601919,中远海控,2023-03-31,,,,2023-03-31
1021,601939,建设银行,2023-03-31,2023-03-30,,,2023-03-30
1022,601963,重庆银行,2023-03-31,,,,2023-03-31
1023,601988,中国银行,2023-03-31,,,,2023-03-31
1024,601995,中金公司,2023-03-31,2023-04-01,,,2023-04-01
1025,603013,亚普股份,2023-03-31,,,,2023-03-31
1026,603058,永吉股份,2023-03-31,,,,2023-03-31
1027,603067,振华股份,2023-03-31,,,,2023-03-31
1028,603069,海汽集团,2023-03-31,2023-04-08,,,2023-04-08
1029,603087,甘李药业,2023-03-31,,,,2023-03-31
1030,603090,宏盛股份,2023-03-31,,,,2023-03-31
1031,603127,昭衍新药,2023-03-31,,,,2023-03-31
1032,603151,邦基科技,2023-03-31,,,,2023-03-31
1033,603317,天味食品,2023-03-31,2023-03-02,,,2023-03-02
1034,603367,辰欣药业,2023-03-31,,,,2023-03-31
1035,603444,吉比特,2023-03-31,,,,2023-03-31
1036,603595,ST东尼,2023-03-31,2023-03-11,,,2023-03-11
1037,603609,禾丰股份,2023-03-31,,,,2023-03-31
1038,603668,天马科技,2023-03-31,2023-04-28,,,2023-04-28
1039,603683,晶华新材,2023-03-31,2023-04-29,,,2023-04-29
1040,603697,有友食品,2023-03-31,,,,2023-03-31
1041,603712,七一二,2023-03-31,,,,2023-03-31
1042,603722,阿科力,2023-03-31,,,,2023-03-31
1043,603767,中马传动,2023-03-31,,,,2023-03-31
1044,603818,曲美家居,2023-03-31,,,,2023-03-31
1045,603899,晨光股份,2023-03-31,,,,2023-03-31
1046,603917,合力科技,2023-03-31,,,,2023-03-31
1047,603938,三孚股份,2023-03-31,,,,2023-03-31
1048,603997,继峰股份,2023-03-31,,,,2023-03-31
1049,603998,方盛制药,2023-03-31,,,,2023-03-31
1050,605005,合兴股份,2023-03-31,,,,2023-03-31
1051,605136,丽人丽妆,2023-03-31,,,,2023-03-31
1052,605178,时空科技,2023-03-31,2023-03-15,,,2023-03-15
1053,605488,福莱新材,2023-03-31,,,,2023-03-31
1054,688005,容百科技,2023-03-31,2023-03-29,,,2023-03-29
1055,688012,中微公司,2023-03-31,,,,2023-03-31
1056,688025,杰普特,2023-03-31,,,,2023-03-31
1057,688045,必易微,2023-03-31,2023-03-25,,,2023-03-25
1058,688059,华锐精密,2023-03-31,,,,2023-03-31
1059,688077,大地熊,2023-03-31,,,,2023-03-31
1060,688088,虹软科技,2023-03-31,2023-04-26,,,2023-04-26
1061,688115,思林杰,2023-03-31,,,,2023-03-31
1062,688160,步科股份,2023-03-31,,,,2023-03-31
1063,688180,君实生物,2023-03-31,,,,2023-03-31
1064,688187,时代电气,2023-03-31,,,,2023-03-31
1065,688190,云路股份,2023-03-31,,,,2023-03-31
1066,688196,卓越新能,2023-03-31,,,,2023-03-31
1067,688216,气派科技,2023-03-31,,,,2023-03-31
1068,688221,前沿生物,2023-03-31,,,,2023-03-31
1069,688234,天岳先进,2023-03-31,2023-04-27,,,2023-04-27
1070,688253,英诺特,2023-03-31,,,,2023-03-31
1071,688278,特宝生物,2023-03-31,,,,2023-03-31
1072,688300,联瑞新材,2023-03-31,,,,2023-03-31
1073,688307,中润光学,2023-03-31,,,,2023-03-31
1074,688318,财富趋势,2023-03-31,,,,2023-03-31
1075,688333,铂力特,2023-03-31,,,,2023-03-31
1076,688335,复洁科技,2023-03-31,,,,2023-03-31
1077,688356,键凯科技,2023-03-31,,,,2023-03-31
1078,688363,华熙生物,2023-03-31,,,,2023-03-31
1079,688375,国博电子,2023-03-31,2023-04-12,,,2023-04-12
1080,688376,美埃科技,2023-03-31,,,,2023-03-31
1081,688425,铁建重工,2023-03-31,,,,2023-03-31
1082,688536,思瑞浦,2023-03-31,2023-04-28,2023-04-15,,2023-04-15
1083,688557,兰剑智能,2023-03-31,,,,2023-03-31
1084,688585,上纬新材,2023-03-31,,,,2023-03-31
1085,688595,芯海科技,2023-03-31,,,,2023-03-31
1086,688722,同益中,2023-03-31,,,,2023-03-31
1087,688772,珠海冠宇,2023-03-31,,,,2023-03-31
1088,689009,九号公司,2023-03-31,,,,2023-03-31
1089,000539,粤电力A,2023-04-01,,,,2023-04-01
1090,000573,粤宏远A,2023-04-01,,,,2023-04-01
1091,000617,中油资本,2023-04-01,,,,2023-04-01
1092,000905,厦门港务,2023-04-01,2023-03-25,,,2023-03-25
1093,000987,越秀资本,2023-04-01,,,,2023-04-01
1094,001696,宗申动力,2023-04-01,,,,2023-04-01
1095,002032,苏泊尔,2023-04-01,2023-03-31,,,2023-03-31
1096,002117,东港股份,2023-04-01,,,,2023-04-01
1097,002232,启明信息,2023-04-01,,,,2023-04-01
1098,002279,久其软件,2023-04-01,,,,2023-04-01
1099,002490,山东墨龙,2023-04-01,,,,2023-04-01
1100,002612,朗姿股份,2023-04-01,,,,2023-04-01
1101,002945,华林证券,2023-04-01,2023-03-31,,,2023-03-31
1102,002948,青岛银行,2023-04-01,,,,2023-04-01
1103,300188,国投智能,2023-04-01,,,,2023-04-01
1104,300193,佳士科技,2023-04-01,,,,2023-04-01
1105,300595,欧普康视,2023-04-01,,,,2023-04-01
1106,300621,维业股份,2023-04-01,,,,2023-04-01
1107,301167,建研设计,2023-04-01,,,,2023-04-01
1108,600097,开创国际,2023-04-01,,,,2023-04-01
1109,600138,中青旅,2023-04-01,,,,2023-04-01
1110,600477,杭萧钢构,2023-04-01,,,,2023-04-01
1111,600516,方大炭素,2023-04-01,2023-04-15,,,2023-04-15
1112,600563,法拉电子,2023-04-01,,,,2023-04-01
1113,600616,金枫酒业,2023-04-01,,,,2023-04-01
1114,600761,安徽合力,2023-04-01,,,,2023-04-01
1115,600833,第一医药,2023-04-01,,,,2023-04-01
1116,600875,东方电气,2023-04-01,,,,2023-04-01
1117,600980,北矿科技,2023-04-01,,,,2023-04-01
1118,601117,中国化学,2023-04-01,2023-03-28,,,2023-03-28
1119,601155,新城控股,2023-04-01,,,,2023-04-01
1120,601158,重庆水务,2023-04-01,,,,2023-04-01
1121,603333,尚纬股份,2023-04-01,,,,2023-04-01
1122,603439,三力制药,2023-04-01,2023-04-15,,,2023-04-15
1123,000960,锡业股份,2023-04-03,,,,2023-04-03
1124,300316,晶盛机电,2023-04-03,,,,2023-04-03
1125,301175,中科环保,2023-04-03,,,,2023-04-03
1126,688410,山外山,2023-04-03,,,,2023-04-03
1127,000725,京东方A,2023-04-04,,,,2023-04-04
1128,001225,和泰机电,2023-04-04,,,,2023-04-04
1129,001965,招商公路,2023-04-04,,,,2023-04-04
1130,002029,七匹狼,2023-04-04,,,,2023-04-04
1131,002483,润邦股份,2023-04-04,,,,2023-04-04
1132,002563,森马服饰,2023-04-04,,,,2023-04-04
1133,300227,光韵达,2023-04-04,,,,2023-04-04
1134,300296,利亚德,2023-04-04,,,,2023-04-04
1135,300813,泰林生物,2023-04-04,,,,2023-04-04
1136,301301,川宁生物,2023-04-04,,,,2023-04-04
1137,600071,凤凰光学,2023-04-04,,,,2023-04-04
1138,600251,冠农股份,2023-04-04,2023-04-21,,,2023-04-21
1139,600391,航发科技,2023-04-04,,,,2023-04-04
1140,600476,*ST湘邮,2023-04-04,2023-04-29,,,2023-04-29
1141,600623,华谊集团,2023-04-04,,,,2023-04-04
1142,600817,宇通重工,2023-04-04,,,,2023-04-04
1143,600888,新疆众和,2023-04-04,,,,2023-04-04
1144,601231,环旭电子,2023-04-04,,,,2023-04-04
1145,605020,永和股份,2023-04-04,,,,2023-04-04
1146,300062,中能电气,2023-04-05,,,,2023-04-05
1147,300956,英力股份,2023-04-05,,,,2023-04-05
1148,600845,宝信软件,2023-04-05,,,,2023-04-05
1149,002142,宁波银行,2023-04-06,,,,2023-04-06
1150,002713,*ST东易,2023-04-06,2023-04-28,,,2023-04-28
1151,300890,翔丰华,2023-04-06,,,,2023-04-06
1152,300991,创益通,2023-04-06,,,,2023-04-06
1153,301106,骏成科技,2023-04-06,2023-03-28,,,2023-03-28
1154,688420,美腾科技,2023-04-06,,,,2023-04-06
1155,688553,汇宇制药,2023-04-06,,,,2023-04-06
1156,000037,深南电A,2023-04-07,,,,2023-04-07
1157,000586,汇源通信,2023-04-07,,,,2023-04-07
1158,002368,太极股份,2023-04-07,,,,2023-04-07
1159,002449,国星光电,2023-04-07,,,,2023-04-07
1160,002469,三维化学,2023-04-07,,,,2023-04-07
1161,002578,闽发铝业,2023-04-07,,,,2023-04-07
1162,002583,海能达,2023-04-07,2023-04-01,,,2023-04-01
1163,002624,完美世界,2023-04-07,,,,2023-04-07
1164,002959,小熊电器,2023-04-07,,,,2023-04-07
1165,300070,碧水源,2023-04-07,,,,2023-04-07
1166,300160,秀强股份,2023-04-07,2023-04-12,,,2023-04-12
1167,300298,三诺生物,2023-04-07,,,,2023-04-07
1168,300596,利安隆,2023-04-07,,,,2023-04-07
1169,300666,江丰电子,2023-04-07,,,,2023-04-07
1170,300771,智莱科技,2023-04-07,2023-04-25,,,2023-04-25
1171,300832,新产业,2023-04-07,,,,2023-04-07
1172,300870,欧陆通,2023-04-07,,,,2023-04-07
1173,300910,瑞丰新材,2023-04-07,,,,2023-04-07
1174,300940,南极光,2023-04-07,,,,2023-04-07
1175,301265,华新科技,2023-04-07,,,,2023-04-07
1176,301326,捷邦科技,2023-04-07,,,,2023-04-07
1177,600095,湘财股份,2023-04-07,2023-04-15,2023-04-17,,2023-04-17
1178,600125,铁龙物流,2023-04-07,,,,2023-04-07
1179,600323,瀚蓝环境,2023-04-07,,,,2023-04-07
1180,600396,华电辽能,2023-04-07,2023-04-21,,,2023-04-21
1181,600403,大有能源,2023-04-07,2023-03-24,,,2023-03-24
1182,600558,大西洋,2023-04-07,,,,2023-04-07
1183,601137,博威合金,2023-04-07,2023-04-25,,,2023-04-25
1184,603016,新宏泰,2023-04-07,,,,2023-04-07
1185,603063,禾望电气,2023-04-07,,,,2023-04-07
1186,603214,爱婴室,2023-04-07,,,,2023-04-07
1187,603255,鼎际得,2023-04-07,2023-03-28,,,2023-03-28
1188,603579,荣泰健康,2023-04-07,,,,2023-04-07
1189,603829,洛凯股份,2023-04-07,2023-04-28,,,2023-04-28
1190,603949,雪龙集团,2023-04-07,,,,2023-04-07
1191,605166,聚合顺,2023-04-07,,,,2023-04-07
1192,605338,巴比食品,2023-04-07,,,,2023-04-07
1193,688062,迈威生物,2023-04-07,,,,2023-04-07
1194,688150,莱特光电,2023-04-07,,,,2023-04-07
1195,688588,凌志软件,2023-04-07,,,,2023-04-07
1196,688617,惠泰医疗,2023-04-07,,,,2023-04-07
1197,688679,通源环境,2023-04-07,,,,2023-04-07
1198,000155,川能动力,2023-04-08,2023-03-31,,,2023-03-31
1199,000400,许继电气,2023-04-08,,,,2023-04-08
1200,000417,合百集团,2023-04-08,,,,2023-04-08
1201,000419,通程控股,2023-04-08,,,,2023-04-08
1202,000510,新金路,2023-04-08,,,,2023-04-08
1203,000531,穗恒运A,2023-04-08,,,,2023-04-08
1204,000576,甘化科工,2023-04-08,,,,2023-04-08
1205,000610,*ST西旅,2023-04-08,2023-04-18,,,2023-04-18
1206,000628,高新发展,2023-04-08,,,,2023-04-08
1207,000669,ST金鸿,2023-04-08,2023-04-22,,,2023-04-22
1208,000710,贝瑞基因,2023-04-08,,,,2023-04-08
1209,000721,西安饮食,2023-04-08,2023-04-19,,,2023-04-19
1210,000736,*ST中地,2023-04-08,,,,2023-04-08
1211,000900,现代投资,2023-04-08,,,,2023-04-08
1212,000909,*ST数源,2023-04-08,2023-04-28,,,2023-04-28
1213,000920,沃顿科技,2023-04-08,,,,2023-04-08
1214,002079,苏州固锝,2023-04-08,,,,2023-04-08
1215,002139,拓邦股份,2023-04-08,2023-03-31,,,2023-03-31
1216,002159,三特索道,2023-04-08,,,,2023-04-08
1217,002182,宝武镁业,2023-04-08,,,,2023-04-08
1218,002306,*ST云网,2023-04-08,,,,2023-04-08
1219,002413,雷科防务,2023-04-08,2023-04-17,,,2023-04-17
1220,002455,百川股份,2023-04-08,,,,2023-04-08
1221,002480,新筑股份,2023-04-08,2023-03-30,,,2023-03-30
1222,002539,云图控股,2023-04-08,,,,2023-04-08
1223,002577,雷柏科技,2023-04-08,,,,2023-04-08
1224,002598,ST章鼓,2023-04-08,,,,2023-04-08
1225,002670,国盛证券,2023-04-08,2023-04-07,,,2023-04-07
1226,002697,红旗连锁,2023-04-08,,,,2023-04-08
1227,002886,沃特股份,2023-04-08,,,,2023-04-08
1228,300119,瑞普生物,2023-04-08,,,,2023-04-01
1229,300452,山河药辅,2023-04-08,,,,2023-04-08
1230,300528,幸福蓝海,2023-04-08,,,,2023-04-07
1231,300624,万兴科技,2023-04-08,,,,2023-04-08
1232,300690,双一科技,2023-04-08,,,,2023-04-08
1233,300807,天迈科技,2023-04-08,2023-04-18,,,2023-04-18
1234,300908,仲景食品,2023-04-08,,,,2023-04-08
1235,600098,广州发展,2023-04-08,,,,2023-04-08
1236,600120,浙江东方,2023-04-08,,,,2023-04-08
1237,600162,香江控股,2023-04-08,,,,2023-04-08
1238,600173,卧龙新能,2023-04-08,,,,2023-04-08
1239,600222,太龙药业,2023-04-08,2023-04-07,,,2023-04-07
1240,600729,重庆百货,2023-04-08,,,,2023-04-08
1241,600746,江苏索普,2023-04-08,,,,2023-04-08
1242,600826,兰生股份,2023-04-08,2023-04-27,,,2023-04-27
1243,600894,广日股份,2023-04-08,,,,2023-04-08
1244,600993,马应龙,2023-04-08,,,,2023-04-08
1245,601169,北京银行,2023-04-08,,,,2023-04-08
1246,601218,吉鑫科技,2023-04-08,,,,2023-04-08
1247,601228,广州港,2023-04-08,,,,2023-04-08
1248,601619,嘉泽新能,2023-04-08,,,,2023-04-08
1249,603027,千禾味业,2023-04-08,,,,2023-04-08
1250,603029,天鹅股份,2023-04-08,,,,2023-04-08
1251,603163,圣晖集成,2023-04-08,,,,2023-04-08
1252,603290,斯达半导,2023-04-08,,,,2023-04-08
1253,603328,依顿电子,2023-04-08,,,,2023-04-08
1254,603377,ST东时,2023-04-08,2023-04-22,,,2023-04-22
1255,603501,豪威集团,2023-04-08,,,,2023-04-08
1256,603689,皖天然气,2023-04-08,,,,2023-04-08
1257,603690,至纯科技,2023-04-08,,,,2023-04-08
1258,603768,常青股份,2023-04-08,2023-04-26,,,2023-04-26
1259,605208,永茂泰,2023-04-08,,,,2023-04-08
1260,688015,交控科技,2023-04-08,,,,2023-04-08
1261,688206,概伦电子,2023-04-08,,,,2023-04-08
1262,688368,晶丰明源,2023-04-08,,,,2023-04-08
1263,688371,菲沃泰,2023-04-08,,,,2023-04-08
1264,688739,成大生物,2023-04-08,,,,2023-04-08
1265,000541,佛山照明,2023-04-10,,,,2023-04-10
1266,001216,华瓷股份,2023-04-10,2023-04-17,2023-04-18,,2023-04-18
1267,002008,大族激光,2023-04-10,,,,2023-04-10
1268,002090,金智科技,2023-04-10,,,,2023-04-10
1269,002572,索菲亚,2023-04-10,,,,2023-04-10
1270,002774,快意电梯,2023-04-10,,,,2023-04-10
1271,002986,宇新股份,2023-04-10,,,,2023-04-10
1272,300223,北京君正,2023-04-10,,,,2023-04-10
1273,300875,捷强装备,2023-04-10,2023-04-26,,,2023-04-26
1274,301000,肇民科技,2023-04-10,,,,2023-04-10
1275,301200,大族数控,2023-04-10,,,,2023-04-10
1276,301312,智立方,2023-04-10,,,,2023-04-10
1277,600241,时代万恒,2023-04-10,,,,2023-04-10
1278,600566,济川药业,2023-04-10,,,,2023-04-10
1279,688217,睿昂基因,2023-04-10,,,,2023-04-10
1280,688459,哈铁科技,2023-04-10,2023-04-19,,,2023-04-19
1281,000551,创元科技,2023-04-11,,,,2023-04-11
1282,000566,海南海药,2023-04-11,,,,2023-04-11
1283,000778,新兴铸管,2023-04-11,,,,2023-04-11
1284,001332,锡装股份,2023-04-11,,,,2023-04-11
1285,002065,东华软件,2023-04-11,,,,2023-04-11
1286,002111,威海广泰,2023-04-11,,,,2023-04-11
1287,002186,全聚德,2023-04-11,,,,2023-04-11
1288,002240,盛新锂能,2023-04-11,2023-03-07,,,2023-03-07
1289,002255,海陆重工,2023-04-11,,,,2023-04-11
1290,002267,陕天然气,2023-04-11,,,,2023-04-11
1291,002300,太阳电缆,2023-04-11,,,,2023-04-11
1292,002313,日海智能,2023-04-11,2023-04-17,,,2023-04-17
1293,002317,众生药业,2023-04-11,,,,2023-04-11
1294,002363,隆基机械,2023-04-11,,,,2023-04-11
1295,002395,双象股份,2023-04-11,2023-04-18,,,2023-04-18
1296,002429,兆驰股份,2023-04-11,,,,2023-04-11
1297,002474,榕基软件,2023-04-11,,,,2023-04-11
1298,002518,科士达,2023-04-11,,,,2023-04-11
1299,002542,*ST中岩,2023-04-11,2023-04-17,,,2023-04-17
1300,002551,尚荣医疗,2023-04-11,2023-04-29,,,2023-04-29
1301,002837,英维克,2023-04-11,,,,2023-04-11
1302,002884,凌霄泵业,2023-04-11,,,,2023-04-11
1303,002982,湘佳股份,2023-04-11,,,,2023-04-11
1304,003015,日久光电,2023-04-11,,,,2023-04-11
1305,300021,大禹节水,2023-04-11,,,,2023-04-11
1306,300054,鼎龙股份,2023-04-11,,,,2023-04-11
1307,300057,万顺新材,2023-04-11,,,,2023-04-11
1308,300221,银禧科技,2023-04-11,,,,2023-04-11
1309,300341,麦克奥迪,2023-04-11,,,,2023-04-11
1310,300653,正海生物,2023-04-11,,,,2023-04-11
1311,300785,值得买,2023-04-11,,,,2023-04-11
1312,300969,恒帅股份,2023-04-11,,,,2023-04-11
1313,300997,欢乐家,2023-04-11,,,,2023-04-11
1314,301007,德迈仕,2023-04-11,,,,2023-04-11
1315,301067,显盈科技,2023-04-11,,,,2023-04-11
1316,301122,采纳股份,2023-04-11,,,,2023-04-11
1317,301181,标榜股份,2023-04-11,,,,2023-04-11
1318,301195,北路智控,2023-04-11,,,,2023-04-11
1319,301328,维峰电子,2023-04-11,,,,2023-04-11
1320,301408,华人健康,2023-04-11,,,,2023-04-11
1321,600051,宁波联合,2023-04-11,,,,2023-04-11
1322,600121,郑州煤电,2023-04-11,,,,2023-04-11
1323,600380,健康元,2023-04-11,,,,2023-04-11
1324,600460,士兰微,2023-04-11,2023-03-31,,,2023-03-31
1325,600461,洪城环境,2023-04-11,,,,2023-04-11
1326,600603,广汇物流,2023-04-11,,,,2023-04-11
1327,600609,金杯汽车,2023-04-11,,,,2023-04-11
1328,600664,哈药股份,2023-04-11,,,,2023-04-11
1329,600968,海油发展,2023-04-11,,,,2023-04-11
1330,600984,建设机械,2023-04-11,2023-04-15,,,2023-04-15
1331,601156,东航物流,2023-04-11,,,,2023-04-11
1332,601515,衢州东峰,2023-04-11,,,,2023-04-11
1333,603055,台华新材,2023-04-11,,,,2023-04-11
1334,603170,宝立食品,2023-04-11,,,,2023-04-11
1335,603183,建研院,2023-04-11,,,,2023-04-11
1336,603201,常润股份,2023-04-11,,,,2023-04-11
1337,603565,中谷物流,2023-04-11,,,,2023-04-11
1338,605090,九丰能源,2023-04-11,2023-03-08,,,2023-03-08
1339,605177,东亚药业,2023-04-11,,,,2023-04-11
1340,605589,圣泉集团,2023-04-11,,,,2023-04-11
1341,688126,沪硅产业,2023-04-11,,,,2023-04-11
1342,688188,柏楚电子,2023-04-11,,,,2023-04-11
1343,688209,英集芯,2023-04-11,2023-04-25,,,2023-04-25
1344,688486,龙迅股份,2023-04-11,,,,2023-04-11
1345,688800,瑞可达,2023-04-11,,,,2023-04-11
1346,000042,中洲控股,2023-04-12,,,,2023-04-12
1347,000561,烽火电子,2023-04-12,,,,2023-04-12
1348,000570,苏常柴A,2023-04-12,,,,2023-04-12
1349,000609,*ST中迪,2023-04-12,2023-04-29,,,2023-04-29
1350,000633,合金投资,2023-04-12,,,,2023-04-12
1351,000652,泰达股份,2023-04-12,,,,2023-04-12
1352,000726,鲁泰A,2023-04-12,,,,2023-04-12
1353,000737,北方铜业,2023-04-12,,,,2023-04-12
1354,000797,中国武夷,2023-04-12,,,,2023-04-12
1355,000922,佳电股份,2023-04-12,,,,2023-04-12
1356,000977,浪潮信息,2023-04-12,,,,2023-04-12
1357,001322,箭牌家居,2023-04-12,,,,2023-04-12
1358,001366,播恩集团,2023-04-12,,,,2023-04-12
1359,002045,国光电器,2023-04-12,,,,2023-04-12
1360,002073,软控股份,2023-04-12,,,,2023-04-12
1361,002169,智光电气,2023-04-12,2023-04-29,,,2023-04-29
1362,002213,大为股份,2023-04-12,,,,2023-04-12
1363,002256,兆新股份,2023-04-12,,,,2023-04-12
1364,002270,华明装备,2023-04-12,,,,2023-04-12
1365,002354,天娱数科,2023-04-12,,,,2023-04-12
1366,002391,长青股份,2023-04-12,,,,2023-04-12
1367,002426,胜利精密,2023-04-12,,,,2023-04-12
1368,002642,荣联科技,2023-04-12,2023-04-21,,,2023-04-21
1369,002660,茂硕电源,2023-04-12,,,,2023-04-12
1370,002695,煌上煌,2023-04-12,2023-03-31,,,2023-03-31
1371,002722,物产金轮,2023-04-12,,,,2023-04-12
1372,002737,葵花药业,2023-04-12,,,,2023-04-12
1373,002859,洁美科技,2023-04-12,,,,2023-04-12
1374,002882,金龙羽,2023-04-12,,,,2023-04-12
1375,002987,京北方,2023-04-12,,,,2023-04-12
1376,002998,优彩资源,2023-04-12,,,,2023-04-12
1377,300079,数码视讯,2023-04-12,,,,2023-04-12
1378,300276,三丰智能,2023-04-12,2023-04-25,,,2023-04-25
1379,300373,扬杰科技,2023-04-12,,2023-04-28,,2023-04-28
1380,300403,汉宇集团,2023-04-12,,,,2023-04-12
1381,300416,苏试试验,2023-04-12,,,,2023-04-12
1382,300443,金雷股份,2023-04-12,,,,2023-04-12
1383,300505,川金诺,2023-04-12,2023-03-30,2023-04-07,,2023-04-07
1384,300541,先进数通,2023-04-12,,,,2023-04-12
1385,300552,万集科技,2023-04-12,,,,2023-04-12
1386,300633,开立医疗,2023-04-12,,,,2023-04-12
1387,300658,延江股份,2023-04-12,,,,2023-04-12
1388,300717,华信新材,2023-04-12,,,,2023-04-12
1389,300820,英杰电气,2023-04-12,,,,2023-04-12
1390,300953,震裕科技,2023-04-12,2023-04-01,,,2023-04-01
1391,301091,深城交,2023-04-12,,,,2023-04-12
1392,301099,雅创电子,2023-04-12,,,,2023-04-12
1393,301160,翔楼新材,2023-04-12,,,,2023-04-12
1394,301182,凯旺科技,2023-04-12,,,,2023-04-12
1395,301229,纽泰格,2023-04-12,,,,2023-04-12
1396,600067,冠城新材,2023-04-12,,,,2023-04-12
1397,600353,旭光电子,2023-04-12,,,,2023-04-12
1398,600415,小商品城,2023-04-12,,,,2023-04-12
1399,600552,凯盛科技,2023-04-12,,,,2023-04-12
1400,600586,金晶科技,2023-04-12,,,,2023-04-12
1401,600710,苏美达,2023-04-12,,,,2023-04-12
1402,600756,浪潮软件,2023-04-12,,,,2023-04-12
1403,600846,同济科技,2023-04-12,,,,2023-04-12
1404,601177,杭齿前进,2023-04-12,,,,2023-04-12
1405,601339,百隆东方,2023-04-12,,,,2023-04-12
1406,603115,海星股份,2023-04-12,,,,2023-04-12
1407,603129,春风动力,2023-04-12,,,,2023-04-12
1408,603150,万朗磁塑,2023-04-12,,,,2023-04-12
1409,603181,皇马科技,2023-04-12,,,,2023-04-12
1410,603329,上海雅仕,2023-04-12,,,,2023-04-12
1411,603337,杰克科技,2023-04-12,,,,2023-04-12
1412,603356,华菱精工,2023-04-12,,,,2023-04-12
1413,603508,思维列控,2023-04-12,,,,2023-04-12
1414,603650,彤程新材,2023-04-12,,,,2023-04-12
1415,603711,香飘飘,2023-04-12,2023-04-18,,,2023-04-18
1416,605077,华康股份,2023-04-12,2023-03-24,,,2023-03-24
1417,605088,冠盛股份,2023-04-12,,,,2023-04-12
1418,605168,三人行,2023-04-12,,,,2023-04-12
1419,605169,洪通燃气,2023-04-12,,,,2023-04-12
1420,688004,博汇科技,2023-04-12,,,,2023-04-12
1421,688019,安集科技,2023-04-12,,,,2023-04-12
1422,688063,派能科技,2023-04-12,,,,2023-04-12
1423,688106,金宏气体,2023-04-12,,,,2023-04-12
1424,688308,欧科亿,2023-04-12,,,,2023-04-12
1425,688379,华光新材,2023-04-12,,,,2023-04-12
1426,688439,振华风光,2023-04-12,,,,2023-04-12
1427,688501,青达环保,2023-04-12,,,,2023-04-12
1428,000409,云鼎科技,2023-04-13,,,,2023-04-13
1429,000421,南京公用,2023-04-13,,,,2023-04-13
1430,000536,华映科技,2023-04-13,2023-04-18,,,2023-04-18
1431,000582,北部湾港,2023-04-13,,,,2023-04-13
1432,000591,太阳能,2023-04-13,,,,2023-04-13
1433,000869,张裕A,2023-04-13,,,,2023-04-13
1434,000949,新乡化纤,2023-04-13,2023-04-28,,,2023-04-28
1435,002046,国机精工,2023-04-13,,,,2023-04-13
1436,002195,岩山科技,2023-04-13,2023-04-25,,,2023-04-25
1437,002271,东方雨虹,2023-04-13,,,,2023-04-13
1438,002428,云南锗业,2023-04-13,,,,2023-04-13
1439,002590,万安科技,2023-04-13,,,,2023-04-13
1440,002903,宇环数控,2023-04-13,2023-04-17,,,2023-04-17
1441,300196,长海股份,2023-04-13,2023-04-11,,,2023-04-11
1442,300244,迪安诊断,2023-04-13,,,,2023-04-13
1443,300283,温州宏丰,2023-04-13,,,,2023-04-13
1444,300935,盈建科,2023-04-13,,,,2023-04-13
1445,301358,湖南裕能,2023-04-13,,,,2023-04-13
1446,600008,首创环保,2023-04-13,,,,2023-04-13
1447,600059,古越龙山,2023-04-13,,,,2023-04-13
1448,600230,沧州大化,2023-04-13,2023-04-27,,,2023-04-27
1449,600444,国机通用,2023-04-13,,,,2023-04-13
1450,600446,金证股份,2023-04-13,2023-04-18,,,2023-04-18
1451,600459,贵研铂业,2023-04-13,,,,2023-04-13
1452,600479,千金药业,2023-04-13,,,,2023-04-13
1453,600540,新赛股份,2023-04-13,2023-04-28,,,2023-04-28
1454,600628,新世界,2023-04-13,,,,2023-04-13
1455,600633,浙数文化,2023-04-13,,,,2023-04-13
1456,600697,欧亚集团,2023-04-13,,,,2023-04-13
1457,600712,南宁百货,2023-04-13,,,,2023-04-13
1458,601116,三江购物,2023-04-13,,,,2023-04-13
1459,601718,ST际华,2023-04-13,,,,2023-04-13
1460,603320,迪贝电气,2023-04-13,,,,2023-04-13
1461,603838,*ST四通,2023-04-13,,,,2023-04-13
1462,605398,新炬网络,2023-04-13,,,,2023-04-13
1463,688099,晶晨股份,2023-04-13,,,,2023-04-13
1464,688232,新点软件,2023-04-13,,,,2023-04-13
1465,688315,诺禾致源,2023-04-13,,,,2023-04-13
1466,688369,致远互联,2023-04-13,,,,2023-04-13
1467,688513,苑东生物,2023-04-13,,,,2023-04-13
1468,688558,国盛智科,2023-04-13,,,,2023-04-13
1469,000059,华锦股份,2023-04-14,,,,2023-04-14
1470,000090,天健集团,2023-04-14,,,,2023-04-14
1471,000963,华东医药,2023-04-14,,,,2023-04-14
1472,000969,安泰科技,2023-04-14,,,,2023-04-14
1473,002096,易普力,2023-04-14,2023-04-28,,,2023-04-28
1474,002126,银轮股份,2023-04-14,,,,2023-04-14
1475,002212,天融信,2023-04-14,2023-04-22,,,2023-04-22
1476,002219,新里程,2023-04-14,,,,2023-04-14
1477,002494,华斯股份,2023-04-14,2023-04-17,,,2023-04-17
1478,002949,华阳国际,2023-04-14,,,,2023-04-14
1479,002951,金时科技,2023-04-14,,,,2023-04-14
1480,002990,盛视科技,2023-04-14,,,,2023-04-14
1481,003009,中天火箭,2023-04-14,,,,2023-04-14
1482,300046,台基股份,2023-04-14,,,,2023-04-14
1483,300105,龙源技术,2023-04-14,,,,2023-04-14
1484,300226,上海钢联,2023-04-14,,,,2023-04-14
1485,300369,绿盟科技,2023-04-14,2023-04-28,,,2023-04-28
1486,300454,深信服,2023-04-14,,,,2023-04-14
1487,300811,铂科新材,2023-04-14,2023-04-26,,,2023-04-26
1488,300886,华业香料,2023-04-14,2023-04-07,,,2023-04-07
1489,301077,星华新材,2023-04-14,,,,2023-04-14
1490,301118,恒光股份,2023-04-14,,,,2023-04-14
1491,301217,铜冠铜箔,2023-04-14,,,,2023-04-14
1492,600409,三友化工,2023-04-14,,,,2023-04-14
1493,600537,*ST亿晶,2023-04-14,2023-04-24,,,2023-04-24
1494,600718,东软集团,2023-04-14,2023-04-17,,,2023-04-17
1495,600848,上海临港,2023-04-14,,,,2023-04-14
1496,600961,株冶集团,2023-04-14,,,,2023-04-14
1497,603000,人民网,2023-04-14,,,,2023-04-14
1498,603036,如通股份,2023-04-14,,,,2023-04-14
1499,603050,科林电气,2023-04-14,,,,2023-04-14
1500,603097,江苏华辰,2023-04-14,,,,2023-04-14
1501,603686,福龙马,2023-04-14,,,,2023-04-14
1502,603889,新澳股份,2023-04-14,,,,2023-04-14
1503,603995,甬金股份,2023-04-14,,,,2023-04-14
1504,688070,纵横股份,2023-04-14,,,,2023-04-14
1505,688089,嘉必优,2023-04-14,,,,2023-04-14
1506,688123,聚辰股份,2023-04-14,,,,2023-04-14
1507,688148,芳源股份,2023-04-14,,,,2023-04-14
1508,688184,ST帕瓦,2023-04-14,,,,2023-04-14
1509,688259,创耀科技,2023-04-14,2023-04-11,,,2023-04-11
1510,688291,金橙子,2023-04-14,,,,2023-04-14
1511,688628,优利德,2023-04-14,,,,2023-04-14
1512,000009,中国宝安,2023-04-15,,,,2023-04-15
1513,000031,大悦城,2023-04-15,2023-04-26,,,2023-04-26
1514,000158,常山北明,2023-04-15,2023-04-17,,,2023-04-17
1515,000411,英特集团,2023-04-15,2023-04-29,,,2023-04-29
1516,000422,湖北宜化,2023-04-15,,,,2023-04-15
1517,000509,华塑控股,2023-04-15,,,,2023-04-15
1518,000533,顺钠股份,2023-04-15,,,,2023-04-15
1519,000630,铜陵有色,2023-04-15,,,,2023-04-15
1520,000686,东北证券,2023-04-15,,,,2023-04-15
1521,000735,罗牛山,2023-04-15,,,,2023-04-15
1522,000753,漳州发展,2023-04-15,,,,2023-04-15
1523,000789,万年青,2023-04-15,,,,2023-04-15
1524,000793,*ST华闻,2023-04-15,2023-04-17,,,2023-04-17
1525,000929,*ST兰黄,2023-04-15,,,,2023-04-15
1526,002019,亿帆医药,2023-04-15,,,,2023-04-15
1527,002028,思源电气,2023-04-15,,,,2023-04-15
1528,002112,三变科技,2023-04-15,,,,2023-04-15
1529,002141,贤丰控股,2023-04-15,,,,2023-04-15
1530,002154,报喜鸟,2023-04-15,,,,2023-04-15
1531,002183,怡亚通,2023-04-15,,,,2023-04-15
1532,002191,劲嘉股份,2023-04-15,,,,2023-04-15
1533,002200,*ST交投,2023-04-15,2023-04-27,,,2023-04-27
1534,002209,达意隆,2023-04-15,,,,2023-04-15
1535,002217,合力泰,2023-04-15,,,,2023-04-15
1536,002297,博云新材,2023-04-15,,,,2023-04-15
1537,002321,华英农业,2023-04-15,,,,2023-04-15
1538,002323,*ST雅博,2023-04-15,,,,2023-04-15
1539,002415,海康威视,2023-04-15,,,,2023-04-15
1540,002493,荣盛石化,2023-04-15,2023-04-20,,,2023-04-20
1541,002516,旷达科技,2023-04-15,2023-03-31,,,2023-03-31
1542,002521,齐峰新材,2023-04-15,2023-04-04,,,2023-04-04
1543,002523,天桥起重,2023-04-15,,,,2023-04-15
1544,002546,新联电子,2023-04-15,,,,2023-04-15
1545,002550,千红制药,2023-04-15,,,,2023-04-15
1546,002552,宝鼎科技,2023-04-15,2023-03-31,,,2023-03-31
1547,002644,佛慈制药,2023-04-15,2023-03-31,,,2023-03-31
1548,002669,康达新材,2023-04-15,,,,2023-04-15
1549,002725,跃岭股份,2023-04-15,,,,2023-04-15
1550,002783,凯龙股份,2023-04-15,,,,2023-04-15
1551,002850,科达利,2023-04-15,,,,2023-04-15
1552,002868,*ST绿康,2023-04-15,,,,2023-04-15
1553,002905,金逸影视,2023-04-15,,,,2023-04-15
1554,003035,南网能源,2023-04-15,,,,2023-04-15
1555,300001,特锐德,2023-04-15,,,,2023-04-15
1556,300053,航宇微,2023-04-15,,,,2023-04-15
1557,300056,中创环保,2023-04-15,2023-04-27,,,2023-04-27
1558,300088,长信科技,2023-04-15,,,,2023-04-15
1559,300098,高新兴,2023-04-15,,,,2023-04-15
1560,300107,建新股份,2023-04-15,,,,2023-04-15
1561,300234,开尔新材,2023-04-15,,,,2023-04-15
1562,300305,裕兴股份,2023-04-15,,,,2023-04-15
1563,300348,长亮科技,2023-04-15,,,,2023-04-15
1564,300400,劲拓股份,2023-04-15,,,,2023-04-15
1565,300415,伊之密,2023-04-15,,,,2023-04-15
1566,300451,创业慧康,2023-04-15,,,,2023-04-15
1567,300534,陇神戎发,2023-04-15,,,,2023-04-15
1568,300563,神宇股份,2023-04-15,,,,2023-04-15
1569,300606,金太阳,2023-04-15,2023-04-25,,,2023-04-25
1570,300613,富瀚微,2023-04-15,,,,2023-04-15
1571,300620,光库科技,2023-04-15,,,,2023-04-15
1572,300634,彩讯股份,2023-04-15,,,,2023-04-15
1573,300639,凯普生物,2023-04-15,,,,2023-04-15
1574,300697,电工合金,2023-04-15,2023-03-31,,,2023-03-31
1575,300701,森霸传感,2023-04-15,,,,2023-04-15
1576,300705,九典制药,2023-04-15,,,,2023-04-15
1577,300865,大宏立,2023-04-15,,,,2023-04-15
1578,300907,康平科技,2023-04-15,,,,2023-04-15
1579,300945,曼卡龙,2023-04-15,,,,2023-04-15
1580,301110,青木科技,2023-04-15,,,,2023-04-15
1581,301113,雅艺科技,2023-04-15,,,,2023-04-15
1582,301187,欧圣电气,2023-04-15,,,,2023-04-15
1583,301327,华宝新能,2023-04-15,,,,2023-04-15
1584,301377,鼎泰高科,2023-04-15,,,,2023-04-15
1585,600020,中原高速,2023-04-15,,,,2023-04-15
1586,600053,*ST九鼎,2023-04-15,2023-04-27,,,2023-04-27
1587,600060,海信视像,2023-04-15,2023-03-31,,,2023-03-31
1588,600072,中船科技,2023-04-15,2023-04-01,,,2023-04-01
1589,600094,大名城,2023-04-15,,,,2023-04-15
1590,600126,杭钢股份,2023-04-15,,,,2023-04-15
1591,600185,珠免集团,2023-04-15,2023-04-22,,,2023-04-22
1592,600203,福日电子,2023-04-15,,,,2023-04-15
1593,600283,钱江水利,2023-04-15,,,,2023-04-15
1594,600295,鄂尔多斯,2023-04-15,,,,2023-04-15
1595,600330,天通股份,2023-04-15,,,,2023-04-15
1596,600331,宏达股份,2023-04-15,,,,2023-04-15
1597,600348,华阳股份,2023-04-15,,,,2023-04-15
1598,600352,浙江龙盛,2023-04-15,,,,2023-04-15
1599,600436,片仔癀,2023-04-15,,,,2023-04-15
1600,600463,空港股份,2023-04-15,,,,2023-04-15
1601,600483,福能股份,2023-04-15,,,,2023-04-15
1602,600499,科达制造,2023-04-15,,,,2023-04-15
1603,600512,腾达建设,2023-04-15,,,,2023-04-15
1604,600539,狮头股份,2023-04-15,,,,2023-04-15
1605,600571,信雅达,2023-04-15,,,,2023-04-15
1606,600572,康恩贝,2023-04-15,,,,2023-04-15
1607,600604,市北高新,2023-04-15,,,,2023-04-15
1608,600639,浦东金桥,2023-04-15,2023-04-14,,,2023-04-14
1609,600654,中安科,2023-04-15,,,,2023-04-15
1610,600678,ST金顶,2023-04-15,2023-04-08,,,2023-04-08
1611,600691,潞化科技,2023-04-15,,,,2023-04-15
1612,600693,东百集团,2023-04-15,,,,2023-04-15
1613,600708,光明地产,2023-04-15,,,,2023-04-15
1614,600722,金牛化工,2023-04-15,,,,2023-04-15
1615,600730,*ST高科,2023-04-15,2023-04-22,,,2023-04-22
1616,600739,辽宁成大,2023-04-15,,,,2023-04-15
1617,600753,*ST海钦,2023-04-15,2023-04-29,,,2023-04-29
1618,600795,国电电力,2023-04-15,,,,2023-04-15
1619,600812,华北制药,2023-04-15,2023-04-22,,,2023-04-22
1620,600859,王府井,2023-04-15,,,,2023-04-15
1621,600895,张江高科,2023-04-15,,,,2023-04-15
1622,601019,山东出版,2023-04-15,,,,2023-04-15
1623,601086,国芳集团,2023-04-15,,,,2023-04-15
1624,601368,绿城水务,2023-04-15,,,,2023-04-15
1625,601518,吉林高速,2023-04-15,,,,2023-04-15
1626,601555,东吴证券,2023-04-15,2023-04-29,,,2023-04-29
1627,603095,越剑智能,2023-04-15,,,,2023-04-15
1628,603220,中贝通信,2023-04-15,,,,2023-04-15
1629,603289,泰瑞机器,2023-04-15,,,,2023-04-15
1630,603306,华懋科技,2023-04-15,2023-03-21,,,2023-03-21
1631,603307,扬州金泉,2023-04-15,,,,2023-04-15
1632,603529,爱玛科技,2023-04-15,,,,2023-04-15
1633,603602,纵横通信,2023-04-15,,,,2023-04-15
1634,603985,恒润股份,2023-04-15,,,,2023-04-15
1635,603988,中电电机,2023-04-15,,,,2023-04-15
1636,605009,豪悦护理,2023-04-15,,,,2023-04-15
1637,605100,华丰股份,2023-04-15,,,,2023-04-15
1638,605116,奥锐特,2023-04-15,,,,2023-04-15
1639,605196,华通线缆,2023-04-15,2023-04-25,,,2023-04-25
1640,605507,国邦医药,2023-04-15,,,,2023-04-15
1641,688035,德邦科技,2023-04-15,,,,2023-04-15
1642,688038,中科通达,2023-04-15,,,,2023-04-15
1643,688110,东芯股份,2023-04-15,,,,2023-04-15
1644,688155,先惠技术,2023-04-15,2023-04-28,,,2023-04-28
1645,688199,久日新材,2023-04-15,,,,2023-04-15
1646,688230,芯导科技,2023-04-15,,,,2023-04-15
1647,688239,航宇科技,2023-04-15,,,,2023-04-15
1648,688398,赛特新材,2023-04-15,,,,2023-04-15
1649,688475,萤石网络,2023-04-15,,,,2023-04-15
1650,688488,艾迪药业,2023-04-15,,,,2023-04-15
1651,688519,南亚新材,2023-04-15,2023-03-22,,,2023-03-22
1652,688551,科威尔,2023-04-15,,,,2023-04-15
1653,688578,艾力斯,2023-04-15,2023-04-27,,,2023-04-27
1654,688659,元琛科技,2023-04-15,,,,2023-04-15
1655,688697,纽威数控,2023-04-15,,,,2023-04-15
1656,688798,艾为电子,2023-04-15,,,,2023-04-15
1657,000878,云南铜业,2023-04-17,,,,2023-04-17
1658,001228,永泰运,2023-04-17,,,,2023-04-17
1659,002663,普邦股份,2023-04-17,,,,2023-04-17
1660,002870,香山股份,2023-04-17,,,,2023-04-17
1661,300077,国民技术,2023-04-17,,,,2023-04-17
1662,300232,洲明科技,2023-04-17,,,,2023-04-17
1663,603871,嘉友国际,2023-04-17,,,,2023-04-17
1664,688485,九州一轨,2023-04-17,,,,2023-04-17
1665,688500,慧辰股份,2023-04-17,2023-04-29,,,2023-04-29
1666,688550,瑞联新材,2023-04-17,,,,2023-04-17
1667,000096,广聚能源,2023-04-18,,,,2023-04-18
1668,000581,威孚高科,2023-04-18,2023-04-28,,,2023-04-28
1669,000690,宝新能源,2023-04-18,,,,2023-04-18
1670,000718,苏宁环球,2023-04-18,,,,2023-04-18
1671,000768,中航西飞,2023-04-18,,,,2023-04-18
1672,000902,新洋丰,2023-04-18,,,,2023-04-18
1673,001218,丽臣实业,2023-04-18,,,,2023-04-18
1674,001219,青岛食品,2023-04-18,,,,2023-04-18
1675,001226,拓山重工,2023-04-18,,,,2023-04-18
1676,001298,好上好,2023-04-18,,,,2023-04-18
1677,001314,亿道信息,2023-04-18,,,,2023-04-18
1678,002009,天奇股份,2023-04-18,,,,2023-04-18
1679,002025,航天电器,2023-04-18,,,,2023-04-18
1680,002059,云南旅游,2023-04-18,2023-04-29,,,2023-04-29
1681,002083,孚日股份,2023-04-18,,,,2023-04-18
1682,002246,北化股份,2023-04-18,,,,2023-04-18
1683,002276,万马股份,2023-04-18,,,,2023-04-18
1684,002284,亚太股份,2023-04-18,,,,2023-04-18
1685,002303,美盈森,2023-04-18,,,,2023-04-18
1686,002334,英威腾,2023-04-18,,,,2023-04-18
1687,002378,章源钨业,2023-04-18,,,,2023-04-18
1688,002390,信邦制药,2023-04-18,,,,2023-04-18
1689,002416,爱施德,2023-04-18,,,,2023-04-18
1690,002438,江苏神通,2023-04-18,,,,2023-04-18
1691,002458,益生股份,2023-04-18,,,,2023-04-18
1692,002470,金正大,2023-04-18,2023-04-25,,,2023-04-25
1693,002489,浙江永强,2023-04-18,,,,2023-04-18
1694,002548,金新农,2023-04-18,2023-04-29,,,2023-04-29
1695,002571,德力股份,2023-04-18,,,,2023-04-18
1696,002593,日上集团,2023-04-18,,,,2023-04-18
1697,002631,德尔未来,2023-04-18,,,,2023-04-18
1698,002634,*ST棒杰,2023-04-18,,,,2023-04-18
1699,002653,海思科,2023-04-18,,,,2023-04-18
1700,002664,信质集团,2023-04-18,,,,2023-04-18
1701,002745,木林森,2023-04-18,,,,2023-04-18
1702,002749,国光股份,2023-04-18,,,,2023-04-18
1703,002788,鹭燕医药,2023-04-18,,,,2023-04-18
1704,002790,瑞尔特,2023-04-18,,,,2023-04-18
1705,002815,崇达技术,2023-04-18,,,,2023-04-18
1706,002902,铭普光磁,2023-04-18,,,,2023-04-18
1707,002921,联诚精密,2023-04-18,,,,2023-04-18
1708,002939,长城证券,2023-04-18,,,,2023-04-18
1709,002999,天禾股份,2023-04-18,2023-04-29,,,2023-04-29
1710,003020,立方制药,2023-04-18,,,,2023-04-18
1711,300014,亿纬锂能,2023-04-18,,,,2023-04-18
1712,300041,回天新材,2023-04-18,,,,2023-04-18
1713,300048,合康新能,2023-04-18,,,,2023-04-18
1714,300153,科泰电源,2023-04-18,,,,2023-04-18
1715,300154,瑞凌股份,2023-04-18,,,,2023-04-18
1716,300212,*ST易录,2023-04-18,,,,2023-04-18
1717,300243,瑞丰高材,2023-04-18,,,,2023-04-18
1718,300249,依米康,2023-04-18,,,,2023-04-18
1719,300278,华昌达,2023-04-18,2023-04-26,,,2023-04-26
1720,300284,苏交科,2023-04-18,,,,2023-04-18
1721,300285,国瓷材料,2023-04-18,,,,2023-04-18
1722,300352,ST信源,2023-04-18,,,,2023-04-18
1723,300396,ST迪瑞,2023-04-18,,,,2023-04-18
1724,300471,厚普股份,2023-04-18,,,,2023-04-18
1725,300520,科大国创,2023-04-18,,,,2023-04-18
1726,300538,同益股份,2023-04-18,,,,2023-04-18
1727,300582,英飞特,2023-04-18,,,,2023-04-18
1728,300692,中赋科技,2023-04-18,,,,2023-04-18
1729,300694,蠡湖股份,2023-04-18,,,,2023-04-18
1730,300716,*ST泉为,2023-04-18,2023-04-01,,,2023-04-01
1731,300719,安达维尔,2023-04-18,,,,2023-04-18
1732,300879,大叶股份,2023-04-18,,,,2023-04-18
1733,300881,盛德鑫泰,2023-04-18,,,,2023-04-18
1734,300893,松原安全,2023-04-18,,,,2023-04-18
1735,300897,山科智能,2023-04-18,,,,2023-04-18
1736,300927,江天化学,2023-04-18,,,,2023-04-18
1737,300930,屹通新材,2023-04-18,,,,2023-04-18
1738,301049,超越科技,2023-04-18,,,,2023-04-18
1739,301055,张小泉,2023-04-18,,,,2023-04-18
1740,301063,海锅股份,2023-04-18,,,,2023-04-18
1741,301129,瑞纳智能,2023-04-18,,,,2023-04-18
1742,301258,富士莱,2023-04-18,,,,2023-04-18
1743,301335,天元宠物,2023-04-18,,,,2023-04-18
1744,301363,美好医疗,2023-04-18,,,,2023-04-18
1745,301373,凌玮科技,2023-04-18,,,,2023-04-18
1746,600105,永鼎股份,2023-04-18,,,,2023-04-18
1747,600152,维科技术,2023-04-18,,,,2023-04-18
1748,600153,建发股份,2023-04-18,2023-03-31,,,2023-03-31
1749,600155,华创云信,2023-04-18,2023-04-28,,,2023-04-28
1750,600170,上海建工,2023-04-18,,,,2023-04-18
1751,600179,安通控股,2023-04-18,,,,2023-04-18
1752,600192,长城电工,2023-04-18,,,,2023-04-18
1753,600389,江山股份,2023-04-18,,,,2023-04-18
1754,600496,精工钢构,2023-04-18,,,,2023-04-18
1755,600526,菲达环保,2023-04-18,,,,2023-04-18
1756,600538,国发股份,2023-04-18,,,,2023-04-18
1757,600550,保变电气,2023-04-18,,,,2023-04-18
1758,600581,*ST八钢,2023-04-18,,,,2023-04-18
1759,600668,尖峰集团,2023-04-18,,,,2023-04-18
1760,600760,中航沈飞,2023-04-18,,,,2023-04-18
1761,600782,新钢股份,2023-04-18,,,,2023-04-18
1762,600818,ST中路,2023-04-18,2023-04-22,,,2023-04-22
1763,600869,远东股份,2023-04-18,,,,2023-04-18
1764,600982,宁波能源,2023-04-18,,,,2023-04-18
1765,601010,ST文峰,2023-04-18,2023-04-29,,,2023-04-29
1766,601089,福元医药,2023-04-18,,,,2023-04-18
1767,601121,宝地矿业,2023-04-18,,,,2023-04-18
1768,601599,浙文影业,2023-04-18,2023-04-25,,,2023-04-25
1769,601689,拓普集团,2023-04-18,,,,2023-04-18
1770,601789,宁波建工,2023-04-18,,,,2023-04-18
1771,601798,蓝科高新,2023-04-18,,,,2023-04-18
1772,603019,中科曙光,2023-04-18,,,,2023-04-18
1773,603035,常熟汽饰,2023-04-18,,,,2023-04-18
1774,603066,音飞储存,2023-04-18,,,,2023-04-18
1775,603071,物产环能,2023-04-18,,,,2023-04-18
1776,603130,云中马,2023-04-18,,,,2023-04-18
1777,603167,渤海轮渡,2023-04-18,,,,2023-04-18
1778,603182,嘉华股份,2023-04-18,,,,2023-04-18
1779,603217,元利科技,2023-04-18,,,,2023-04-18
1780,603299,苏盐井神,2023-04-18,,,,2023-04-18
1781,603396,金辰股份,2023-04-18,,,,2023-04-18
1782,603611,诺力股份,2023-04-18,,,,2023-04-18
1783,603665,康隆达,2023-04-18,2023-04-28,,,2023-04-28
1784,603859,能科科技,2023-04-18,,,,2023-04-18
1785,603885,吉祥航空,2023-04-18,,,,2023-04-18
1786,603927,中科软,2023-04-18,2023-04-14,,,2023-04-14
1787,603968,醋化股份,2023-04-18,,,,2023-04-18
1788,605006,山东玻纤,2023-04-18,,,,2023-04-18
1789,605011,杭州热电,2023-04-18,,,,2023-04-18
1790,605050,福然德,2023-04-18,,,,2023-04-18
1791,605199,ST葫芦娃,2023-04-18,,,,2023-04-18
1792,605258,协和电子,2023-04-18,,,,2023-04-18
1793,688037,芯源微,2023-04-18,,,,2023-04-18
1794,688041,海光信息,2023-04-18,,,,2023-04-18
1795,688053,ST思科瑞,2023-04-18,2023-04-10,,,2023-04-10
1796,688072,拓荆科技,2023-04-18,,,,2023-04-18
1797,688093,世华科技,2023-04-18,,,,2023-04-18
1798,688157,松井股份,2023-04-18,,,,2023-04-18
1799,688176,亚虹医药,2023-04-18,,,,2023-04-18
1800,688201,ST信安,2023-04-18,,,,2023-04-18
1801,688283,坤恒顺维,2023-04-18,,,,2023-04-18
1802,688388,嘉元科技,2023-04-18,,,,2023-04-18
1803,688525,佰维存储,2023-04-18,,,,2023-04-18
1804,688526,科前生物,2023-04-18,,,,2023-04-18
1805,688568,中科星图,2023-04-18,2023-04-15,,,2023-04-15
1806,688698,伟创电气,2023-04-18,,,,2023-04-18
1807,000516,国际医学,2023-04-19,,,,2023-04-19
1808,000623,吉林敖东,2023-04-19,,,,2023-04-19
1809,000682,东方电子,2023-04-19,,,,2023-04-19
1810,000766,通化金马,2023-04-19,,,,2023-04-19
1811,001215,千味央厨,2023-04-19,,,,2023-04-19
1812,002061,浙江交科,2023-04-19,,,,2023-04-19
1813,002178,延华智能,2023-04-19,,,,2023-04-19
1814,002296,辉煌科技,2023-04-19,,,,2023-04-19
1815,002330,得利斯,2023-04-19,,,,2023-04-19
1816,002381,双箭股份,2023-04-19,,,,2023-04-19
1817,002566,益盛药业,2023-04-19,,,,2023-04-19
1818,002858,力盛体育,2023-04-19,,,,2023-04-19
1819,002908,德生科技,2023-04-19,,,,2023-04-19
1820,003039,顺控发展,2023-04-19,,,,2023-04-19
1821,300039,上海凯宝,2023-04-19,,,,2023-04-19
1822,300085,银之杰,2023-04-19,,,,2023-04-19
1823,300100,双林股份,2023-04-19,,,,2023-04-19
1824,300101,振芯科技,2023-04-19,,,,2023-04-19
1825,300120,经纬辉开,2023-04-19,2023-04-26,,,2023-04-26
1826,300161,华中数控,2023-04-19,,,,2023-04-19
1827,300334,津膜科技,2023-04-19,,,,2023-04-19
1828,300608,思特奇,2023-04-19,,,,2023-04-19
1829,300772,运达股份,2023-04-19,,,,2023-04-19
1830,300795,米奥会展,2023-04-19,,,,2023-04-19
1831,300855,图南股份,2023-04-19,,,,2023-04-19
1832,300858,科拓生物,2023-04-19,,,,2023-04-19
1833,300888,稳健医疗,2023-04-19,2023-04-25,,,2023-04-25
1834,300892,品渥食品,2023-04-19,,,,2023-04-19
1835,300916,朗特智能,2023-04-19,,,,2023-04-19
1836,300972,万辰集团,2023-04-19,,,,2023-04-19
1837,301019,宁波色母,2023-04-19,,,,2023-04-19
1838,301101,明月镜片,2023-04-19,,,,2023-04-19
1839,301212,联盛化学,2023-04-19,,,,2023-04-19
1840,600055,万东医疗,2023-04-19,,,,2023-04-19
1841,600256,广汇能源,2023-04-19,2023-04-14,,,2023-04-14
1842,600302,ST标准,2023-04-19,,,,2023-04-19
1843,600326,西藏天路,2023-04-19,,,,2023-04-19
1844,600373,中文传媒,2023-04-19,,,,2023-04-19
1845,600491,ST龙元,2023-04-19,2023-04-26,,,2023-04-26
1846,600789,鲁抗医药,2023-04-19,,,,2023-04-19
1847,601369,陕鼓动力,2023-04-19,2023-04-20,,,2023-04-20
1848,601568,北元集团,2023-04-19,,,,2023-04-19
1849,601606,长城军工,2023-04-19,,,,2023-04-19
1850,603070,万控智造,2023-04-19,,,,2023-04-19
1851,603239,浙江仙通,2023-04-19,,,,2023-04-19
1852,603298,杭叉集团,2023-04-19,,,,2023-04-19
1853,603339,四方科技,2023-04-19,,,,2023-04-19
1854,603530,神马电力,2023-04-19,,,,2023-04-19
1855,603580,*ST艾艾,2023-04-19,2023-04-29,,,2023-04-29
1856,603613,国联股份,2023-04-19,2023-04-28,,,2023-04-28
1857,603893,瑞芯微,2023-04-19,2023-04-10,,,2023-04-10
1858,603896,寿仙谷,2023-04-19,,,,2023-04-19
1859,603970,中农立华,2023-04-19,,,,2023-04-19
1860,603977,国泰集团,2023-04-19,,,,2023-04-19
1861,603987,康德莱,2023-04-19,,,,2023-04-19
1862,605399,晨光新材,2023-04-19,,,,2023-04-19
1863,688289,圣湘生物,2023-04-19,,,,2023-04-19
1864,688358,祥生医疗,2023-04-19,,,,2023-04-19
1865,688360,德马科技,2023-04-19,,,,2023-04-19
1866,688571,杭华股份,2023-04-19,,,,2023-04-19
1867,000027,深圳能源,2023-04-20,,,,2023-04-20
1868,000030,富奥股份,2023-04-20,,,,2023-04-20
1869,000159,国际实业,2023-04-20,,,,2023-04-20
1870,000519,中兵红箭,2023-04-20,2023-04-11,,,2023-04-11
1871,000625,长安汽车,2023-04-20,2023-04-18,,,2023-04-18
1872,000672,上峰水泥,2023-04-20,,,,2023-04-20
1873,000701,厦门信达,2023-04-20,2023-04-25,,,2023-04-25
1874,000702,正虹科技,2023-04-20,2023-04-29,,,2023-04-29
1875,000703,恒逸石化,2023-04-20,,,,2023-04-20
1876,000713,国投丰乐,2023-04-20,,,,2023-04-20
1877,000803,山高环能,2023-04-20,,,,2023-04-20
1878,000822,山东海化,2023-04-20,2023-03-24,,,2023-03-24
1879,000848,承德露露,2023-04-20,,,,2023-04-20
1880,000953,河化股份,2023-04-20,,,,2023-04-20
1881,001202,炬申股份,2023-04-20,,,,2023-04-20
1882,001212,中旗新材,2023-04-20,,,,2023-04-20
1883,001223,欧克科技,2023-04-20,,,,2023-04-20
1884,001258,立新能源,2023-04-20,,,,2023-04-20
1885,001283,豪鹏科技,2023-04-20,2023-03-29,,,2023-03-29
1886,002031,巨轮智能,2023-04-20,,,,2023-04-20
1887,002034,旺能环境,2023-04-20,,,,2023-04-20
1888,002057,中钢天源,2023-04-20,2023-04-29,,,2023-04-29
1889,002084,海鸥住工,2023-04-20,,,,2023-04-20
1890,002085,万丰奥威,2023-04-20,2023-04-25,,,2023-04-25
1891,002102,ST能特,2023-04-20,2023-04-18,,,2023-04-18
1892,002168,ST惠程,2023-04-20,,,,2023-04-20
1893,002293,罗莱生活,2023-04-20,,,,2023-04-20
1894,002307,北新路桥,2023-04-20,2023-04-25,,,2023-04-25
1895,002324,普利特,2023-04-20,,,,2023-04-20
1896,002344,海宁皮城,2023-04-20,,,,2023-04-20
1897,002373,千方科技,2023-04-20,,,,2023-04-20
1898,002414,高德红外,2023-04-20,,,,2023-04-20
1899,002427,尤夫股份,2023-04-20,,,,2023-04-20
1900,002439,启明星辰,2023-04-20,,,,2023-04-20
1901,002472,双环传动,2023-04-20,,,,2023-04-20
1902,002476,宝莫股份,2023-04-20,,,,2023-04-20
1903,002511,中顺洁柔,2023-04-20,,,,2023-04-20
1904,002545,东方铁塔,2023-04-20,,,,2023-04-20
1905,002588,史丹利,2023-04-20,,,,2023-04-20
1906,002605,姚记科技,2023-04-20,,,,2023-04-20
1907,002626,金达威,2023-04-20,,,,2023-04-20
1908,002643,万润股份,2023-04-20,,,,2023-04-20
1909,002649,博彦科技,2023-04-20,,,,2023-04-20
1910,002691,*ST冀凯,2023-04-20,,,,2023-04-20
1911,002734,利民股份,2023-04-20,,,,2023-04-20
1912,002762,*ST金比,2023-04-20,,,,2023-04-20
1913,002799,环球印务,2023-04-20,2023-04-29,,,2023-04-29
1914,002829,星网宇达,2023-04-20,,,,2023-04-20
1915,002878,元隆雅图,2023-04-20,,,,2023-04-20
1916,002891,中宠股份,2023-04-20,,,,2023-04-20
1917,002896,中大力德,2023-04-20,,,,2023-04-20
1918,002898,*ST赛隆,2023-04-20,,,,2023-04-20
1919,002906,华阳集团,2023-04-20,,,,2023-04-20
1920,002962,五方光电,2023-04-20,,,,2023-04-20
1921,002985,北摩高科,2023-04-20,,,,2023-04-20
1922,003008,开普检测,2023-04-20,,,,2023-04-20
1923,003032,*ST传智,2023-04-20,2023-04-18,,,2023-04-18
1924,300017,网宿科技,2023-04-20,,,,2023-04-20
1925,300055,万邦达,2023-04-20,,,,2023-04-20
1926,300075,数字政通,2023-04-20,,,,2023-04-20
1927,300177,中海达,2023-04-20,2023-04-25,,,2023-04-25
1928,300229,拓尔思,2023-04-20,2023-04-15,,,2023-04-15
1929,300238,冠昊生物,2023-04-20,,,,2023-04-20
1930,300270,中威电子,2023-04-20,,,,2023-04-20
1931,300306,远方信息,2023-04-20,,,,2023-04-20
1932,300349,金卡智能,2023-04-20,,,,2023-04-20
1933,300395,菲利华,2023-04-20,,,,2023-04-20
1934,300406,九强生物,2023-04-20,,,,2023-04-20
1935,300448,浩云科技,2023-04-20,,,,2023-04-20
1936,300476,胜宏科技,2023-04-20,,,,2023-04-20
1937,300545,联得装备,2023-04-20,,,,2023-04-20
1938,300573,兴齐眼药,2023-04-20,,,,2023-04-20
1939,300580,贝斯特,2023-04-20,,,,2023-04-20
1940,300592,华凯易佰,2023-04-20,,,,2023-04-20
1941,300623,捷捷微电,2023-04-20,,,,2023-04-20
1942,300629,新劲刚,2023-04-20,,,,2023-04-20
1943,300659,中孚信息,2023-04-20,2023-03-31,,,2023-03-31
1944,300688,创业黑马,2023-04-20,,,,2023-04-20
1945,300723,一品红,2023-04-20,,,,2023-04-20
1946,300755,华致酒行,2023-04-20,,,,2023-04-20
1947,300779,惠城环保,2023-04-20,,,,2023-04-20
1948,300797,钢研纳克,2023-04-20,,,,2023-04-20
1949,300817,双飞集团,2023-04-20,,,,2023-04-20
1950,300856,科思股份,2023-04-20,,,,2023-04-20
1951,300867,圣元环保,2023-04-20,,,,2023-04-20
1952,300887,谱尼测试,2023-04-20,,,,2023-04-20
1953,300898,熊猫乳品,2023-04-20,,,,2023-04-20
1954,300929,华骐环保,2023-04-20,,,,2023-04-20
1955,300936,中英科技,2023-04-20,,,,2023-04-20
1956,300939,秋田微,2023-04-20,,,,2023-04-20
1957,300951,博硕科技,2023-04-20,,,,2023-04-20
1958,301002,崧盛股份,2023-04-20,,,,2023-04-20
1959,301005,超捷股份,2023-04-20,,,,2023-04-20
1960,301061,匠心家居,2023-04-20,,,,2023-04-20
1961,301069,凯盛新材,2023-04-20,2023-04-26,,,2023-04-26
1962,301083,百胜智能,2023-04-20,,,,2023-04-20
1963,301108,洁雅股份,2023-04-20,,,,2023-04-20
1964,301138,华研精机,2023-04-20,,,,2023-04-20
1965,301149,隆华新材,2023-04-20,,,,2023-04-20
1966,301178,天亿马,2023-04-20,,,,2023-04-20
1967,301215,中汽股份,2023-04-20,2023-04-08,,,2023-04-08
1968,301221,光庭信息,2023-04-20,,,,2023-04-20
1969,301270,汉仪股份,2023-04-20,,,,2023-04-20
1970,301285,鸿日达,2023-04-20,,,,2023-04-20
1971,301386,未来电器,2023-04-20,,,,2023-04-20
1972,600075,新疆天业,2023-04-20,,,,2023-04-20
1973,600116,三峡水利,2023-04-20,,,,2023-04-20
1974,600163,中闽能源,2023-04-20,,,,2023-04-20
1975,600193,*ST创兴,2023-04-20,,,,2023-04-20
1976,600319,亚星化学,2023-04-20,,,,2023-04-20
1977,600325,华发股份,2023-04-20,2023-03-21,,,2023-03-21
1978,600327,大东方,2023-04-20,,,,2023-04-20
1979,600338,西藏珠峰,2023-04-20,2023-04-29,,,2023-04-29
1980,600395,盘江股份,2023-04-20,,,,2023-04-20
1981,600399,抚顺特钢,2023-04-20,,,,2023-04-20
1982,600527,江南高纤,2023-04-20,,,,2023-04-20
1983,600561,江西长运,2023-04-20,,,,2023-04-20
1984,600568,ST中珠,2023-04-20,,,,2023-04-20
1985,600667,太极实业,2023-04-20,2023-04-27,,,2023-04-27
1986,600707,彩虹股份,2023-04-20,,,,2023-04-20
1987,600711,盛屯矿业,2023-04-20,,,,2023-04-20
1988,600884,杉杉股份,2023-04-20,,,,2023-04-20
1989,600987,航民股份,2023-04-20,,,,2023-04-20
1990,601567,三星电气,2023-04-20,2023-04-27,,,2023-04-27
1991,601921,浙版传媒,2023-04-20,,,,2023-04-20
1992,601952,苏垦农发,2023-04-20,,,,2023-04-20
1993,603002,宏昌电子,2023-04-20,,,,2023-04-20
1994,603011,合锻智能,2023-04-20,2023-04-28,,,2023-04-28
1995,603023,威帝股份,2023-04-20,2023-04-28,,,2023-04-28
1996,603042,华脉科技,2023-04-20,,,,2023-04-20
1997,603065,宿迁联盛,2023-04-20,,,,2023-04-20
1998,603099,长白山,2023-04-20,,,,2023-04-20
1999,603138,海量数据,2023-04-20,,,,2023-04-20
2000,603173,福斯达,2023-04-20,,,,2023-04-20
2001,603222,济民健康,2023-04-20,,,,2023-04-20
2002,603228,景旺电子,2023-04-20,,,,2023-04-20
2003,603309,维力医疗,2023-04-20,,,,2023-04-20
2004,603322,超讯通信,2023-04-20,2023-04-27,,,2023-04-27
2005,603536,惠发食品,2023-04-20,,,,2023-04-20
2006,603619,中曼石油,2023-04-20,,,,2023-04-20
2007,603636,南威软件,2023-04-20,,,,2023-04-20
2008,603663,三祥新材,2023-04-20,,,,2023-04-20
2009,603799,华友钴业,2023-04-20,2023-04-28,,,2023-04-28
2010,603836,海程邦达,2023-04-20,,,,2023-04-20
2011,603900,莱绅通灵,2023-04-20,,,,2023-04-20
2012,603916,苏博特,2023-04-20,,,,2023-04-20
2013,605033,美邦股份,2023-04-20,,,,2023-04-20
2014,605056,咸亨国际,2023-04-20,,,,2023-04-20
2015,605183,确成股份,2023-04-20,,,,2023-04-20
2016,605388,均瑶健康,2023-04-20,,,,2023-04-20
2017,688028,沃尔德,2023-04-20,,,,2023-04-20
2018,688046,药康生物,2023-04-20,,,,2023-04-20
2019,688073,毕得医药,2023-04-20,,,,2023-04-20
2020,688087,英科再生,2023-04-20,,,,2023-04-20
2021,688097,博众精工,2023-04-20,,,,2023-04-20
2022,688101,三达膜,2023-04-20,,,,2023-04-20
2023,688116,天奈科技,2023-04-20,,,,2023-04-20
2024,688118,普元信息,2023-04-20,,,,2023-04-20
2025,688173,希荻微,2023-04-20,,,,2023-04-20
2026,688198,佰仁医疗,2023-04-20,,,,2023-04-20
2027,688207,格灵深瞳,2023-04-20,,,,2023-04-20
2028,688210,统联精密,2023-04-20,,,,2023-04-20
2029,688237,超卓航科,2023-04-20,,,,2023-04-20
2030,688238,和元生物,2023-04-20,,,,2023-04-20
2031,688251,井松智能,2023-04-20,,,,2023-04-20
2032,688258,卓易信息,2023-04-20,,,,2023-04-20
2033,688260,昀冢科技,2023-04-20,,,,2023-04-20
2034,688261,东微半导,2023-04-20,,,,2023-04-20
2035,688292,浩瀚深度,2023-04-20,,,,2023-04-20
2036,688345,博力威,2023-04-20,,,,2023-04-20
2037,688348,昱能科技,2023-04-20,2023-04-26,,,2023-04-26
2038,688350,富淼科技,2023-04-20,,,,2023-04-20
2039,688378,奥来德,2023-04-20,,,,2023-04-20
2040,688387,信科移动,2023-04-20,,,,2023-04-20
2041,688408,中信博,2023-04-20,2023-04-28,,,2023-04-28
2042,688419,耐科装备,2023-04-20,2023-03-20,2023-03-21,,2023-03-21
2043,688496,ST清越,2023-04-20,,,,2023-04-20
2044,688503,聚和材料,2023-04-20,,,,2023-04-20
2045,688517,金冠电气,2023-04-20,2023-04-28,,,2023-04-28
2046,688561,奇安信,2023-04-20,2023-04-27,,,2023-04-27
2047,688630,芯碁微装,2023-04-20,,,,2023-04-20
2048,688665,四方光电,2023-04-20,,,,2023-04-20
2049,688670,金迪克,2023-04-20,,,,2023-04-20
2050,000004,*ST国华,2023-04-21,2023-04-29,,,2023-04-29
2051,000021,深科技,2023-04-21,,,,2023-04-21
2052,000665,湖北广电,2023-04-21,,,,2023-04-21
2053,000757,浩物股份,2023-04-21,,,,2023-04-21
2054,000779,甘咨询,2023-04-21,2023-04-28,,,2023-04-28
2055,000830,鲁西化工,2023-04-21,,,,2023-04-21
2056,000892,欢瑞世纪,2023-04-21,,,,2023-04-21
2057,001267,汇绿生态,2023-04-21,,,,2023-04-21
2058,001338,永顺泰,2023-04-21,,,,2023-04-21
2059,002001,新和成,2023-04-21,,,,2023-04-21
2060,002006,精工科技,2023-04-21,,,,2023-04-21
2061,002017,东信和平,2023-04-21,,,,2023-04-21
2062,002127,南极电商,2023-04-21,,,,2023-04-21
2063,002165,红宝丽,2023-04-21,,,,2023-04-21
2064,002204,大连重工,2023-04-21,,,,2023-04-21
2065,002225,濮耐股份,2023-04-21,,,,2023-04-21
2066,002228,合兴包装,2023-04-21,,,,2023-04-21
2067,002230,科大讯飞,2023-04-21,,,,2023-04-21
2068,002268,电科网安,2023-04-21,,,,2023-04-21
2069,002353,杰瑞股份,2023-04-21,,,,2023-04-21
2070,002372,伟星新材,2023-04-21,,,,2023-04-21
2071,002384,东山精密,2023-04-21,,,,2023-04-21
2072,002462,嘉事堂,2023-04-21,,,,2023-04-21
2073,002526,山东矿机,2023-04-21,,,,2023-04-21
2074,002536,飞龙股份,2023-04-21,2023-04-28,,,2023-04-28
2075,002538,ST司特,2023-04-21,,,,2023-04-21
2076,002557,洽洽食品,2023-04-21,,,,2023-04-21
2077,002579,中京电子,2023-04-21,,,,2023-04-21
2078,002633,申科股份,2023-04-21,2023-04-27,,,2023-04-27
2079,002677,浙江美大,2023-04-21,,,,2023-04-21
2080,002693,*ST双成,2023-04-21,,,,2023-04-21
2081,002694,*ST顾地,2023-04-21,,,,2023-04-21
2082,002702,海欣食品,2023-04-21,,,,2023-04-21
2083,002727,一心堂,2023-04-21,,,,2023-04-21
2084,002785,万里石,2023-04-21,2023-04-26,,,2023-04-26
2085,002787,华源控股,2023-04-21,,,,2023-04-21
2086,002800,天顺股份,2023-04-21,2023-04-27,,,2023-04-27
2087,002820,桂发祥,2023-04-21,,,,2023-04-21
2088,002842,翔鹭钨业,2023-04-21,,,,2023-04-21
2089,002910,庄园牧场,2023-04-21,,,,2023-04-21
2090,002932,*ST明德,2023-04-21,,,,2023-04-21
2091,300045,华力创通,2023-04-21,,,,2023-04-21
2092,300052,中青宝,2023-04-21,2023-04-27,,,2023-04-27
2093,300102,乾照光电,2023-04-21,,,,2023-04-21
2094,300150,世纪瑞尔,2023-04-21,,,,2023-04-21
2095,300179,四方达,2023-04-21,,,,2023-04-21
2096,300197,节能铁汉,2023-04-21,,,,2023-04-21
2097,300214,日科化学,2023-04-21,,,,2023-04-21
2098,300257,开山股份,2023-04-21,,,,2023-04-21
2099,300269,联建光电,2023-04-21,2023-04-28,,,2023-04-28
2100,300275,梅安森,2023-04-21,,,,2023-04-21
2101,300290,荣科科技,2023-04-21,,,,2023-04-21
2102,300295,*ST三六五,2023-04-21,,,,2023-04-21
2103,300337,银邦股份,2023-04-21,,,,2023-04-21
2104,300357,我武生物,2023-04-21,,,,2023-04-21
2105,300394,天孚通信,2023-04-21,,,,2023-04-21
2106,300399,天利科技,2023-04-21,,,,2023-04-21
2107,300422,博世科,2023-04-21,,,,2023-04-21
2108,300436,广生堂,2023-04-21,,,,2023-04-21
2109,300441,鲍斯股份,2023-04-21,,,,2023-04-21
2110,300460,ST惠伦,2023-04-21,2023-04-25,,,2023-04-25
2111,300504,天邑股份,2023-04-21,,,,2023-04-21
2112,300533,冰川网络,2023-04-21,,,,2023-04-21
2113,300535,达威股份,2023-04-21,2023-04-28,,,2023-04-28
2114,300594,ST朗进,2023-04-21,,,,2023-04-21
2115,300604,长川科技,2023-04-21,,,,2023-04-21
2116,300610,晨化股份,2023-04-21,,,,2023-04-21
2117,300612,宣亚国际,2023-04-21,,,,2023-04-21
2118,300619,金银河,2023-04-21,2023-04-26,,,2023-04-26
2119,300681,英搏尔,2023-04-21,,,,2023-04-21
2120,300695,兆丰股份,2023-04-21,,,,2023-04-21
2121,300703,创源股份,2023-04-21,,,,2023-04-21
2122,300710,万隆光电,2023-04-21,2023-04-26,,,2023-04-26
2123,300729,乐歌股份,2023-04-21,,,,2023-04-21
2124,300752,隆利科技,2023-04-21,,,,2023-04-21
2125,300774,倍杰特,2023-04-21,,,,2023-04-21
2126,300775,三角防务,2023-04-21,,,,2023-04-21
2127,300790,宇瞳光学,2023-04-21,,,,2023-04-21
2128,300791,仙乐健康,2023-04-21,,,,2023-04-21
2129,300822,贝仕达克,2023-04-21,,,,2023-04-21
2130,300829,金丹科技,2023-04-21,,,,2023-04-21
2131,300853,申昊科技,2023-04-21,2023-04-27,,,2023-04-27
2132,300866,安克创新,2023-04-21,2023-04-19,,,2023-04-19
2133,300880,迦南智能,2023-04-21,2023-04-25,,,2023-04-25
2134,300901,中胤时尚,2023-04-21,,,,2023-04-21
2135,300911,亿田智能,2023-04-21,,,,2023-04-21
2136,300921,南凌科技,2023-04-21,,,,2023-04-21
2137,300937,药易购,2023-04-21,,,,2023-04-21
2138,300952,恒辉安防,2023-04-21,,,,2023-04-21
2139,300966,共同药业,2023-04-21,,,,2023-04-21
2140,300968,格林精密,2023-04-21,,,,2023-04-21
2141,300982,苏文电能,2023-04-21,,,,2023-04-21
2142,301025,读客文化,2023-04-21,,,,2023-04-21
2143,301045,天禄科技,2023-04-21,,,,2023-04-21
2144,301048,金鹰重工,2023-04-21,,,,2023-04-21
2145,301092,争光股份,2023-04-21,,,,2023-04-21
2146,301097,天益医疗,2023-04-21,,,,2023-04-21
2147,301100,风光股份,2023-04-21,,,,2023-04-21
2148,301105,鸿铭股份,2023-04-21,,,,2023-04-21
2149,301116,益客食品,2023-04-21,,,,2023-04-21
2150,301117,佳缘科技,2023-04-21,,,,2023-04-21
2151,301130,西点药业,2023-04-21,,,,2023-04-21
2152,301158,德石股份,2023-04-21,,,,2023-04-21
2153,301162,国能日新,2023-04-21,2023-04-12,,,2023-04-12
2154,301198,喜悦智行,2023-04-21,,,,2023-04-21
2155,301300,远翔新材,2023-04-21,,,,2023-04-21
2156,301313,凡拓数创,2023-04-21,,,,2023-04-21
2157,301316,慧博云通,2023-04-21,,,,2023-04-21
2158,301319,唯特偶,2023-04-21,,,,2023-04-21
2159,301349,信德新材,2023-04-21,,,,2023-04-21
2160,600032,浙江新能,2023-04-21,2023-04-28,,,2023-04-28
2161,600088,中视传媒,2023-04-21,,,,2023-04-21
2162,600101,明星电力,2023-04-21,2023-04-01,,,2023-04-01
2163,600133,东湖高新,2023-04-21,,,,2023-04-21
2164,600148,长春一东,2023-04-21,2023-04-27,,,2023-04-27
2165,600156,华升股份,2023-04-21,,,,2023-04-21
2166,600160,巨化股份,2023-04-21,,,,2023-04-21
2167,600184,光电股份,2023-04-21,,,,2023-04-21
2168,600198,大唐电信,2023-04-21,2023-04-28,,,2023-04-28
2169,600201,生物股份,2023-04-21,,,,2023-04-21
2170,600221,海航控股,2023-04-21,,,,2023-04-21
2171,600312,平高电气,2023-04-21,,,,2023-04-21
2172,600367,红星发展,2023-04-21,,,,2023-04-21
2173,600400,红豆股份,2023-04-21,,,,2023-04-21
2174,600435,北方导航,2023-04-21,,,,2023-04-21
2175,600497,驰宏锌锗,2023-04-21,,,,2023-04-21
2176,600515,海南机场,2023-04-21,,,,2023-04-21
2177,600576,祥源文旅,2023-04-21,,,,2023-04-21
2178,600658,电子城,2023-04-21,,,,2023-04-21
2179,600666,奥瑞德,2023-04-21,2023-04-29,,,2023-04-29
2180,600674,川投能源,2023-04-21,,,,2023-04-21
2181,600738,丽尚国潮,2023-04-21,,,,2023-04-21
2182,600755,厦门国贸,2023-04-21,,,,2023-04-21
2183,600757,长江传媒,2023-04-21,,,,2023-04-21
2184,600784,鲁银投资,2023-04-21,,,,2023-04-21
2185,600831,广电网络,2023-04-21,,,,2023-04-21
2186,600844,金煤科技,2023-04-21,,,,2023-04-21
2187,600867,通化东宝,2023-04-21,,,,2023-04-21
2188,600903,贵州燃气,2023-04-21,,,,2023-04-21
2189,600906,财达证券,2023-04-21,,,,2023-04-21
2190,600966,博汇纸业,2023-04-21,,,,2023-04-21
2191,601002,晋亿实业,2023-04-21,,,,2023-04-21
2192,601179,中国西电,2023-04-21,,,,2023-04-21
2193,601226,华电科工,2023-04-21,,,,2023-04-21
2194,601311,骆驼股份,2023-04-21,,,,2023-04-21
2195,601512,中新集团,2023-04-21,,,,2023-04-21
2196,601677,明泰铝业,2023-04-21,,,,2023-04-21
2197,603025,大豪科技,2023-04-21,,,,2023-04-21
2198,603032,德新科技,2023-04-21,2023-04-11,,,2023-04-11
2199,603089,正裕工业,2023-04-21,,,,2023-04-21
2200,603113,金能科技,2023-04-21,,,,2023-04-21
2201,603118,共进股份,2023-04-21,,,,2023-04-21
2202,603159,上海亚虹,2023-04-21,,,,2023-04-21
2203,603211,晋拓股份,2023-04-21,,,,2023-04-21
2204,603230,内蒙新华,2023-04-21,,,,2023-04-21
2205,603238,诺邦股份,2023-04-21,,,,2023-04-21
2206,603260,合盛硅业,2023-04-21,,,,2023-04-21
2207,603280,南方路机,2023-04-21,,,,2023-04-21
2208,603311,金海高科,2023-04-21,,,,2023-04-21
2209,603379,三美股份,2023-04-21,,,,2023-04-21
2210,603385,惠达卫浴,2023-04-21,,,,2023-04-21
2211,603429,*ST集友,2023-04-21,,,,2023-04-21
2212,603489,八方股份,2023-04-21,,,,2023-04-21
2213,603505,金石资源,2023-04-21,,,,2023-04-21
2214,603551,奥普科技,2023-04-21,,,,2023-04-21
2215,603605,珀莱雅,2023-04-21,,,,2023-04-21
2216,603637,镇海股份,2023-04-21,,,,2023-04-21
2217,603657,春光科技,2023-04-21,,,,2023-04-21
2218,603658,安图生物,2023-04-21,,,,2023-04-21
2219,603681,永冠新材,2023-04-21,2023-04-28,,,2023-04-28
2220,603696,安记食品,2023-04-21,,,,2023-04-21
2221,603703,盛洋科技,2023-04-21,,,,2023-04-21
2222,603776,永安行,2023-04-21,,,,2023-04-21
2223,603786,科博达,2023-04-21,,,,2023-04-21
2224,603788,宁波高发,2023-04-21,,,,2023-04-21
2225,603809,豪能股份,2023-04-21,,,,2023-04-21
2226,603822,ST嘉澳,2023-04-21,,,,2023-04-21
2227,603879,永悦科技,2023-04-21,2023-04-28,,,2023-04-28
2228,603887,城地香江,2023-04-21,2023-03-31,2023-04-21,,2023-04-21
2229,605007,五洲特纸,2023-04-21,,,,2023-04-21
2230,605068,明新旭腾,2023-04-21,,,,2023-04-21
2231,605098,行动教育,2023-04-21,,,,2023-04-21
2232,605128,上海沿浦,2023-04-21,,,,2023-04-21
2233,605158,华达新材,2023-04-21,,,,2023-04-21
2234,605259,绿田机械,2023-04-21,,,,2023-04-21
2235,605336,*ST帅电,2023-04-21,,,,2023-04-21
2236,688011,新光光电,2023-04-21,,,,2023-04-21
2237,688020,方邦股份,2023-04-21,,,,2023-04-21
2238,688060,云涌科技,2023-04-21,,,,2023-04-21
2239,688119,中钢洛耐,2023-04-21,,,,2023-04-21
2240,688132,邦彦技术,2023-04-21,2023-04-28,,,2023-04-28
2241,688143,长盈通,2023-04-21,,,,2023-04-21
2242,688151,华强科技,2023-04-21,,,,2023-04-21
2243,688162,巨一科技,2023-04-21,,,,2023-04-21
2244,688163,赛伦生物,2023-04-21,,,,2023-04-21
2245,688181,八亿时空,2023-04-21,,,,2023-04-21
2246,688211,中科微至,2023-04-21,,,,2023-04-21
2247,688270,ST臻镭,2023-04-21,,,,2023-04-21
2248,688281,华秦科技,2023-04-21,,,,2023-04-21
2249,688299,长阳科技,2023-04-21,,,,2023-04-21
2250,688317,之江生物,2023-04-21,,,,2023-04-21
2251,688325,赛微微电,2023-04-21,,,,2023-04-21
2252,688329,艾隆科技,2023-04-21,,,,2023-04-21
2253,688338,赛科希德,2023-04-21,,,,2023-04-21
2254,688362,甬矽电子,2023-04-21,,,,2023-04-21
2255,688372,伟测科技,2023-04-21,,,,2023-04-21
2256,688377,迪威尔,2023-04-21,,,,2023-04-21
2257,688393,安必平,2023-04-21,,,,2023-04-21
2258,688395,正弦电气,2023-04-21,,,,2023-04-21
2259,688403,汇成股份,2023-04-21,,,,2023-04-21
2260,688456,有研粉材,2023-04-21,,,,2023-04-21
2261,688518,联赢激光,2023-04-21,,,,2023-04-21
2262,688598,金博股份,2023-04-21,,,,2023-04-21
2263,688613,奥精医疗,2023-04-21,,,,2023-04-21
2264,688655,迅捷兴,2023-04-21,,,,2023-04-21
2265,688677,海泰新光,2023-04-21,,,,2023-04-21
2266,000008,神州高铁,2023-04-22,,,,2023-04-22
2267,000530,冰山冷热,2023-04-22,2023-04-26,,,2023-04-26
2268,000632,ST三木,2023-04-22,2023-04-29,,,2023-04-29
2269,000663,永安林业,2023-04-22,2023-03-16,,,2023-03-16
2270,000705,浙江震元,2023-04-22,,,,2023-04-22
2271,000809,和展能源,2023-04-22,2023-04-29,,,2023-04-29
2272,000821,ST京机,2023-04-22,,,,2023-04-22
2273,000823,超声电子,2023-04-22,,,,2023-04-22
2274,000825,太钢不锈,2023-04-22,,,,2023-04-22
2275,000885,城发环境,2023-04-22,,,,2023-04-22
2276,000906,浙商中拓,2023-04-22,,,,2023-04-22
2277,000948,南天信息,2023-04-22,,,,2023-04-22
2278,000985,大庆华科,2023-04-22,,,,2023-04-22
2279,000995,皇台酒业,2023-04-22,2023-04-29,,,2023-04-29
2280,000997,新大陆,2023-04-22,2023-04-29,,,2023-04-29
2281,001296,长江材料,2023-04-22,,,,2023-04-22
2282,002004,华邦健康,2023-04-22,2023-04-27,,,2023-04-27
2283,002011,盾安环境,2023-04-22,,,,2023-04-22
2284,002024,ST易购,2023-04-22,2023-04-29,,,2023-04-29
2285,002051,中工国际,2023-04-22,,,,2023-04-22
2286,002063,远光软件,2023-04-22,2023-03-31,,,2023-03-31
2287,002078,太阳纸业,2023-04-22,,,,2023-04-22
2288,002093,国脉科技,2023-04-22,,,,2023-04-22
2289,002103,广博股份,2023-04-22,,,,2023-04-22
2290,002123,梦网科技,2023-04-22,2023-04-18,,,2023-04-18
2291,002132,恒星科技,2023-04-22,,,,2023-04-22
2292,002133,广宇集团,2023-04-22,,,,2023-04-22
2293,002199,*ST东晶,2023-04-22,,,,2023-04-22
2294,002214,*ST大立,2023-04-22,,,,2023-04-22
2295,002218,拓日新能,2023-04-22,,,,2023-04-22
2296,002222,福晶科技,2023-04-22,,,,2023-04-22
2297,002250,联化科技,2023-04-22,,,,2023-04-22
2298,002301,齐心集团,2023-04-22,,,,2023-04-22
2299,002309,中利集团,2023-04-22,,,,2023-04-22
2300,002322,理工能科,2023-04-22,2023-04-27,,,2023-04-27
2301,002327,富安娜,2023-04-22,,,,2023-04-22
2302,002376,新北洋,2023-04-22,,,,2023-04-22
2303,002405,四维图新,2023-04-22,,,,2023-04-22
2304,002441,众业达,2023-04-22,,,,2023-04-22
2305,002443,金洲管道,2023-04-22,,,,2023-04-22
2306,002444,巨星科技,2023-04-22,,,,2023-04-22
2307,002513,蓝丰生化,2023-04-22,2023-04-27,,,2023-04-27
2308,002524,光正眼科,2023-04-22,2023-04-27,,,2023-04-27
2309,002544,普天科技,2023-04-22,,,,2023-04-22
2310,002555,三七互娱,2023-04-22,2023-04-28,,,2023-04-28
2311,002676,顺威股份,2023-04-22,,,,2023-04-22
2312,002686,亿利达,2023-04-22,,,,2023-04-22
2313,002688,金河生物,2023-04-22,,,,2023-04-22
2314,002864,盘龙药业,2023-04-22,,,,2023-04-22
2315,002883,*ST中设,2023-04-22,,,,2023-04-22
2316,002885,京泉华,2023-04-22,,,,2023-04-22
2317,002931,锋龙股份,2023-04-22,,,,2023-04-22
2318,002963,豪尔赛,2023-04-22,,,,2023-04-22
2319,002988,豪美新材,2023-04-22,,,,2023-04-22
2320,003001,中岩大地,2023-04-22,,,,2023-04-22
2321,003025,思进智能,2023-04-22,,,,2023-04-22
2322,300008,天海防务,2023-04-22,,,,2023-04-22
2323,300018,中元股份,2023-04-22,,,,2023-04-22
2324,300022,吉峰科技,2023-04-22,,,,2023-04-22
2325,300027,ST华谊,2023-04-22,2023-04-28,,,2023-04-28
2326,300040,九洲集团,2023-04-22,,,,2023-04-22
2327,300043,星辉娱乐,2023-04-22,,,,2023-04-22
2328,300065,海兰信,2023-04-22,,,,2023-04-22
2329,300068,ST南都,2023-04-22,,,,2023-04-22
2330,300113,顺网科技,2023-04-22,,,,2023-04-22
2331,300118,东方日升,2023-04-22,,,,2023-04-22
2332,300126,锐奇股份,2023-04-22,,,,2023-04-22
2333,300147,*ST香雪,2023-04-22,,,,2023-04-22
2334,300164,通源石油,2023-04-22,,,,2023-04-22
2335,300173,ST福能,2023-04-22,,,,2023-04-22
2336,300191,潜能恒信,2023-04-22,,,,2023-04-22
2337,300201,海伦哲,2023-04-22,2023-03-22,,,2023-03-22
2338,300210,森远股份,2023-04-22,2023-04-27,,,2023-04-27
2339,300213,佳讯飞鸿,2023-04-22,,,,2023-04-22
2340,300220,金运激光,2023-04-22,2023-04-28,,,2023-04-28
2341,300222,科大智能,2023-04-22,,,,2023-04-22
2342,300231,银信科技,2023-04-22,2023-04-11,,,2023-04-11
2343,300237,ST美晨,2023-04-22,,,,2023-04-22
2344,300255,常山药业,2023-04-22,,,,2023-04-22
2345,300258,精锻科技,2023-04-22,,,,2023-04-22
2346,300268,*ST佳沃,2023-04-22,2023-04-07,,,2023-04-07
2347,300279,和晶科技,2023-04-22,,,,2023-04-22
2348,300287,飞利信,2023-04-22,,,,2023-04-22
2349,300303,聚飞光电,2023-04-22,,,,2023-04-22
2350,300321,同大股份,2023-04-22,,,,2023-04-22
2351,300324,旋极信息,2023-04-22,,,,2023-04-22
2352,300326,ST凯利,2023-04-22,,,,2023-04-22
2353,300339,润和软件,2023-04-22,,,,2023-04-22
2354,300342,天银机电,2023-04-22,,,,2023-04-22
2355,300343,ST联创,2023-04-22,,,,2023-04-22
2356,300345,华民股份,2023-04-22,2023-04-27,,,2023-04-27
2357,300351,永贵电器,2023-04-22,,,,2023-04-22
2358,300360,炬华科技,2023-04-22,,,,2023-04-22
2359,300381,溢多利,2023-04-22,,,,2023-04-22
2360,300383,光环新网,2023-04-22,,,,2023-04-22
2361,300402,宝色股份,2023-04-22,2023-04-26,,,2023-04-26
2362,300412,迦南科技,2023-04-22,2023-04-20,,,2023-04-20
2363,300413,芒果超媒,2023-04-22,,,,2023-04-22
2364,300423,昇辉科技,2023-04-22,,,,2023-04-22
2365,300425,中建环能,2023-04-22,,,,2023-04-22
2366,300435,中泰股份,2023-04-22,2023-04-08,,,2023-04-08
2367,300442,润泽科技,2023-04-22,,,,2023-04-22
2368,300468,四方精创,2023-04-22,,,,2023-04-22
2369,300490,华自科技,2023-04-22,,,,2023-04-22
2370,300507,苏奥传感,2023-04-22,,,,2023-04-22
2371,300530,领湃科技,2023-04-22,,,,2023-04-22
2372,300557,理工光科,2023-04-22,,,,2023-04-22
2373,300564,筑博设计,2023-04-22,2023-04-11,,,2023-04-11
2374,300578,会畅科技,2023-04-22,,,,2023-04-22
2375,300593,新雷能,2023-04-22,,,,2023-04-22
2376,300609,汇纳科技,2023-04-22,,,,2023-04-22
2377,300618,寒锐钴业,2023-04-22,,,,2023-04-22
2378,300625,三雄极光,2023-04-22,,,,2023-04-22
2379,300628,亿联网络,2023-04-22,,,,2023-04-22
2380,300632,光莆股份,2023-04-22,,,,2023-04-22
2381,300642,透景生命,2023-04-22,,,,2023-04-22
2382,300644,南京聚隆,2023-04-22,,,,2023-04-22
2383,300648,星云股份,2023-04-22,,,,2023-04-22
2384,300661,圣邦股份,2023-04-22,,,,2023-04-22
2385,300662,科锐国际,2023-04-22,,,,2023-04-22
2386,300715,凯伦股份,2023-04-22,2023-04-28,,,2023-04-28
2387,300730,科创信息,2023-04-22,,,,2023-04-22
2388,300738,奥飞数据,2023-04-22,,,,2023-04-22
2389,300757,罗博特科,2023-04-22,,,,2023-04-22
2390,300761,立华股份,2023-04-22,,,,2023-04-22
2391,300770,新媒股份,2023-04-22,,,,2023-04-22
2392,300781,因赛集团,2023-04-22,,,,2023-04-22
2393,300809,华辰装备,2023-04-22,,,,2023-04-22
2394,300833,浩洋股份,2023-04-22,,,,2023-04-22
2395,300849,锦盛新材,2023-04-22,,,,2023-04-22
2396,300861,美畅股份,2023-04-22,,,,2023-04-22
2397,300873,海晨股份,2023-04-22,,,,2023-04-22
2398,300884,狄耐克,2023-04-22,,,,2023-04-22
2399,300958,建工修复,2023-04-22,,,,2023-04-22
2400,300962,中金辐照,2023-04-22,,,,2023-04-22
2401,300978,东箭科技,2023-04-22,,,,2023-04-22
2402,300979,华利集团,2023-04-22,,,,2023-04-22
2403,301040,中环海陆,2023-04-22,,,,2023-04-22
2404,301047,义翘神州,2023-04-22,,,,2023-04-22
2405,301079,邵阳液压,2023-04-22,,,,2023-04-22
2406,301119,正强股份,2023-04-22,,,,2023-04-22
2407,301120,新特电气,2023-04-22,,,,2023-04-22
2408,301121,紫建电子,2023-04-22,,,,2023-04-22
2409,301126,达嘉维康,2023-04-22,,,,2023-04-22
2410,301128,强瑞技术,2023-04-22,,,,2023-04-22
2411,301230,泓博医药,2023-04-22,,,,2023-04-22
2412,301273,瑞晨环保,2023-04-22,2023-04-27,,,2023-04-27
2413,301331,恩威医药,2023-04-22,,,,2023-04-22
2414,600010,包钢股份,2023-04-22,,,,2023-04-22
2415,600025,华能水电,2023-04-22,,,,2023-04-22
2416,600076,康欣新材,2023-04-22,,,,2023-04-22
2417,600106,重庆路桥,2023-04-22,2023-04-29,,,2023-04-29
2418,600111,北方稀土,2023-04-22,,,,2023-04-22
2419,600149,廊坊发展,2023-04-22,,,,2023-04-22
2420,600159,大龙地产,2023-04-22,,,,2023-04-22
2421,600187,*ST国中,2023-04-22,2023-04-29,,,2023-04-29
2422,600195,中牧股份,2023-04-22,,,,2023-04-22
2423,600261,阳光照明,2023-04-22,,,,2023-04-22
2424,600276,恒瑞医药,2023-04-22,,,,2023-04-22
2425,600308,华泰股份,2023-04-22,,,,2023-04-22
2426,600336,澳柯玛,2023-04-22,,,,2023-04-22
2427,600345,长江通信,2023-04-22,,,,2023-04-22
2428,600378,昊华科技,2023-04-22,,,,2023-04-22
2429,600397,江钨装备,2023-04-22,,,,2023-04-22
2430,600498,烽火通信,2023-04-22,,,,2023-04-22
2431,600549,厦门钨业,2023-04-22,,,,2023-04-22
2432,600662,外服控股,2023-04-22,,,,2023-04-22
2433,600694,大商股份,2023-04-22,2023-04-01,,,2023-04-01
2434,600698,湖南天雁,2023-04-22,,,,2023-04-22
2435,600715,文投控股,2023-04-22,2023-04-29,,,2023-04-29
2436,600737,中粮糖业,2023-04-22,,,,2023-04-22
2437,600769,祥龙电业,2023-04-22,,,,2023-04-22
2438,600770,综艺股份,2023-04-22,,,,2023-04-22
2439,600815,厦工股份,2023-04-22,2023-04-28,,,2023-04-28
2440,600881,亚泰集团,2023-04-22,2023-04-27,2023-04-29,,2023-04-29
2441,600883,博闻科技,2023-04-22,,,,2023-04-22
2442,600916,中国黄金,2023-04-22,,,,2023-04-22
2443,600990,四创电子,2023-04-22,,,,2023-04-22
2444,601118,海南橡胶,2023-04-22,2023-04-28,,,2023-04-28
2445,601136,首创证券,2023-04-22,,,,2023-04-22
2446,601198,东兴证券,2023-04-22,2023-03-31,,,2023-03-31
2447,601233,桐昆股份,2023-04-22,,,,2023-04-22
2448,601360,三六零,2023-04-22,,,,2023-04-22
2449,601377,兴业证券,2023-04-22,,,,2023-04-22
2450,601801,皖新传媒,2023-04-22,,,,2023-04-22
2451,601928,凤凰传媒,2023-04-22,,,,2023-04-22
2452,601965,中国汽研,2023-04-22,,,,2023-04-22
2453,603053,成都燃气,2023-04-22,,,,2023-04-22
2454,603059,倍加洁,2023-04-22,2023-03-31,,,2023-03-31
2455,603139,康惠股份,2023-04-22,2023-04-29,,,2023-04-29
2456,603156,养元饮品,2023-04-22,,,,2023-04-22
2457,603165,荣晟环保,2023-04-22,,,,2023-04-22
2458,603235,天新药业,2023-04-22,,,,2023-04-22
2459,603326,我乐家居,2023-04-22,,,,2023-04-22
2460,603458,勘设股份,2023-04-22,,,,2023-04-22
2461,603507,振江股份,2023-04-22,,,,2023-04-22
2462,603533,掌阅科技,2023-04-22,,,,2023-04-22
2463,603568,伟明环保,2023-04-22,,,,2023-04-22
2464,603610,麒盛科技,2023-04-22,,,,2023-04-22
2465,603669,灵康药业,2023-04-22,,,,2023-04-22
2466,603698,航天工程,2023-04-22,,,,2023-04-22
2467,603699,纽威股份,2023-04-22,,,,2023-04-22
2468,603701,德宏股份,2023-04-22,,,,2023-04-22
2469,603727,博迈科,2023-04-22,,,,2023-04-22
2470,603787,新日股份,2023-04-22,2023-04-18,,,2023-04-18
2471,603869,ST智知,2023-04-22,2023-04-29,,,2023-04-29
2472,603903,中持股份,2023-04-22,,,,2023-04-22
2473,603936,博敏电子,2023-04-22,,,,2023-04-22
2474,603982,泉峰汽车,2023-04-22,,,,2023-04-22
2475,605305,中际联合,2023-04-22,,,,2023-04-22
2476,605358,立昂微,2023-04-22,,,,2023-04-22
2477,605499,东鹏饮料,2023-04-22,,,,2023-04-22
2478,688066,*ST航图,2023-04-22,,,,2023-04-22
2479,688076,ST诺泰,2023-04-22,,,,2023-04-22
2480,688121,卓然股份,2023-04-22,,,,2023-04-22
2481,688136,科兴制药,2023-04-22,,,,2023-04-22
2482,688186,广大特材,2023-04-22,,,,2023-04-22
2483,688223,晶科能源,2023-04-22,2023-04-29,,,2023-04-29
2484,688228,开普云,2023-04-22,,,,2023-04-22
2485,688266,泽璟制药,2023-04-22,,,,2023-04-22
2486,688286,敏芯股份,2023-04-22,,,,2023-04-22
2487,688313,仕佳光子,2023-04-22,,,,2023-04-22
2488,688321,微芯生物,2023-04-22,,,,2023-04-22
2489,688328,深科达,2023-04-22,,,,2023-04-22
2490,688381,帝奥微,2023-04-22,,,,2023-04-22
2491,688687,凯因科技,2023-04-22,,,,2023-04-22
2492,688778,厦钨新能,2023-04-22,,,,2023-04-22
2493,001316,润贝航科,2023-04-24,,,,2023-04-24
2494,002075,沙钢股份,2023-04-24,,,,2023-04-24
2495,002437,誉衡药业,2023-04-24,,,,2023-04-24
2496,002877,智能自控,2023-04-24,,,,2023-04-24
2497,300002,神州泰岳,2023-04-24,2023-04-27,,,2023-04-27
2498,300016,北陆药业,2023-04-24,,,,2023-04-24
2499,300029,*ST天龙,2023-04-24,,,,2023-04-24
2500,300063,天龙集团,2023-04-24,,,,2023-04-24
2501,300072,海新能科,2023-04-24,2023-04-07,,,2023-04-07
2502,300076,*ST宁视,2023-04-24,,,,2023-04-24
2503,300083,创世纪,2023-04-24,2023-04-26,,,2023-04-26
2504,300086,康芝药业,2023-04-24,,,,2023-04-24
2505,300091,*ST金灵,2023-04-24,2023-04-28,,,2023-04-28
2506,300094,国联水产,2023-04-24,2023-04-27,2023-04-29,,2023-04-29
2507,300095,华伍股份,2023-04-24,,,,2023-04-24
2508,300141,和顺电气,2023-04-24,,,,2023-04-24
2509,300148,天舟文化,2023-04-24,,,,2023-04-24
2510,300162,雷曼光电,2023-04-24,,,,2023-04-24
2511,300163,先锋新材,2023-04-24,,,,2023-04-24
2512,300183,东软载波,2023-04-24,,,,2023-04-24
2513,300192,科德教育,2023-04-24,,,,2023-04-24
2514,300272,开能健康,2023-04-24,2023-04-28,,,2023-04-28
2515,300292,吴通控股,2023-04-24,,,,2023-04-24
2516,300308,中际旭创,2023-04-24,,,,2023-04-24
2517,300368,汇金股份,2023-04-24,2023-04-27,,,2023-04-27
2518,300380,安硕信息,2023-04-24,,,,2023-04-24
2519,300408,三环集团,2023-04-24,,,,2023-04-24
2520,300419,ST浩丰,2023-04-24,2023-04-27,,,2023-04-27
2521,300433,蓝思科技,2023-04-24,,,,2023-04-24
2522,300455,航天智装,2023-04-24,,,,2023-04-24
2523,300464,星徽股份,2023-04-24,,,,2023-04-24
2524,300482,万孚生物,2023-04-24,2023-03-31,,,2023-03-31
2525,300486,东杰智能,2023-04-24,,,,2023-04-24
2526,300517,海波重科,2023-04-24,,,,2023-04-24
2527,300558,贝达药业,2023-04-24,,,,2023-04-24
2528,300567,精测电子,2023-04-24,,,,2023-04-24
2529,300601,康泰生物,2023-04-24,,,,2023-04-24
2530,300617,安靠智电,2023-04-24,,,,2023-04-24
2531,300627,华测导航,2023-04-24,2023-04-18,,,2023-04-18
2532,300636,同和药业,2023-04-24,,,,2023-04-24
2533,300638,广和通,2023-04-24,,,,2023-04-24
2534,300668,杰恩股份,2023-04-24,,,,2023-04-24
2535,300670,大烨智能,2023-04-24,2023-04-27,,,2023-04-27
2536,300718,长盛轴承,2023-04-24,,,,2023-04-24
2537,300725,药石科技,2023-04-24,2023-04-22,,,2023-04-22
2538,300736,百邦科技,2023-04-24,,,,2023-04-24
2539,300753,爱朋医疗,2023-04-24,,,,2023-04-24
2540,300762,上海瀚讯,2023-04-24,,,,2023-04-24
2541,300778,新城市,2023-04-24,2023-04-28,,,2023-04-28
2542,300825,阿尔特,2023-04-24,,,,2023-04-24
2543,300836,佰奥智能,2023-04-24,,,,2023-04-24
2544,300872,天阳科技,2023-04-24,,,,2023-04-24
2545,300902,国安达,2023-04-24,,,,2023-04-24
2546,300917,特发服务,2023-04-24,,,,2023-04-24
2547,300923,研奥股份,2023-04-24,,,,2023-04-24
2548,300955,嘉亨家化,2023-04-24,,,,2023-04-24
2549,300963,中洲特材,2023-04-24,,,,2023-04-24
2550,300964,本川智能,2023-04-24,,,,2023-04-24
2551,300970,华绿生物,2023-04-24,,,,2023-04-24
2552,300975,商络电子,2023-04-24,,,,2023-04-24
2553,300994,久祺股份,2023-04-24,,,,2023-04-24
2554,300998,宁波方正,2023-04-24,,,,2023-04-24
2555,301006,迈拓股份,2023-04-24,,,,2023-04-24
2556,301030,*ST仕净,2023-04-24,,,,2023-04-24
2557,301053,远信工业,2023-04-24,,,,2023-04-24
2558,301082,久盛电气,2023-04-24,,,,2023-04-22
2559,301085,亚康股份,2023-04-24,,,,2023-04-24
2560,301093,华兰股份,2023-04-24,,,,2023-04-24
2561,301102,兆讯传媒,2023-04-24,,,,2023-04-24
2562,301112,信邦智能,2023-04-24,,,,2023-04-24
2563,301115,联检科技,2023-04-24,,,,2023-04-24
2564,301151,冠龙节能,2023-04-24,,,,2023-04-22
2565,301159,三维天地,2023-04-24,2023-04-27,,,2023-04-27
2566,301163,宏德股份,2023-04-24,,,,2023-04-24
2567,301176,逸豪新材,2023-04-24,,,,2023-04-24
2568,301191,菲菱科思,2023-04-24,,,,2023-04-24
2569,301201,诚达药业,2023-04-24,,,,2023-04-24
2570,301209,联合化学,2023-04-24,,,,2023-04-24
2571,301218,华是科技,2023-04-24,,,,2023-04-24
2572,301220,亚香股份,2023-04-24,,,,2023-04-24
2573,301223,中荣股份,2023-04-24,,,,2023-04-24
2574,301227,森鹰窗业,2023-04-24,2023-04-25,,,2023-04-25
2575,301233,盛帮股份,2023-04-24,,,,2023-04-24
2576,301267,华厦眼科,2023-04-24,,,,2023-04-24
2577,301276,嘉曼服饰,2023-04-24,,,,2023-04-24
2578,301278,快可电子,2023-04-24,,,,2023-04-24
2579,301303,真兰仪表,2023-04-24,,,,2023-04-24
2580,301366,一博科技,2023-04-24,,,,2023-04-24
2581,301379,天山电子,2023-04-24,2023-04-28,,,2023-04-28
2582,301388,欣灵电气,2023-04-24,,,,2023-04-24
2583,301419,阿莱德,2023-04-24,,,,2023-04-24
2584,603757,大元泵业,2023-04-24,,,,2023-04-24
2585,603766,隆鑫通用,2023-04-24,,,,2023-04-24
2586,688049,炬芯科技,2023-04-24,,,,2023-04-24
2587,688052,纳芯微,2023-04-24,,,,2023-04-24
2588,688793,倍轻松,2023-04-24,,,,2023-04-24
2589,000017,深中华A,2023-04-25,,,,2023-04-25
2590,000020,深华发A,2023-04-25,,,,2023-04-25
2591,000430,ST张家界,2023-04-25,,,,2023-04-25
2592,000498,山东路桥,2023-04-25,,,,2023-04-25
2593,000526,学大教育,2023-04-25,,,,2023-04-25
2594,000557,西部创业,2023-04-25,,,,2023-04-25
2595,000572,海马汽车,2023-04-25,2023-04-29,,,2023-04-29
2596,000589,贵州轮胎,2023-04-25,,,,2023-04-25
2597,000592,平潭发展,2023-04-25,,,,2023-04-25
2598,000626,远大控股,2023-04-25,,,,2023-04-25
2599,000635,英力特,2023-04-25,,,,2023-04-25
2600,000683,博源化工,2023-04-25,2023-03-31,,,2023-03-31
2601,000688,国城矿业,2023-04-25,,,,2023-04-25
2602,000692,惠天热电,2023-04-25,,,,2023-04-25
2603,000700,模塑科技,2023-04-25,,,,2023-04-25
2604,000720,新能泰山,2023-04-25,,,,2023-04-25
2605,000731,四川美丰,2023-04-25,,,,2023-04-25
2606,000819,岳阳兴长,2023-04-25,2023-03-21,2023-04-07,,2023-04-07
2607,000838,*ST发展,2023-04-25,,,,2023-04-25
2608,000863,三湘印象,2023-04-25,,,,2023-04-25
2609,000868,安凯客车,2023-04-25,,,,2023-04-25
2610,000899,赣能股份,2023-04-25,,,,2023-04-25
2611,000925,众合科技,2023-04-25,,,,2023-04-25
2612,000967,盈峰环境,2023-04-25,,,,2023-04-25
2613,000983,山西焦煤,2023-04-25,,,,2023-04-25
2614,001211,双枪科技,2023-04-25,,,,2023-04-25
2615,001222,源飞宠物,2023-04-25,,,,2023-04-25
2616,001255,博菲电气,2023-04-25,,,,2023-04-25
2617,001311,多利科技,2023-04-25,,,,2023-04-25
2618,001323,慕思股份,2023-04-25,,,,2023-04-25
2619,001333,光华股份,2023-04-25,,,,2023-04-25
2620,002010,传化智联,2023-04-25,,,,2023-04-25
2621,002026,山东威达,2023-04-25,,,,2023-04-25
2622,002036,联创电子,2023-04-25,,,,2023-04-25
2623,002041,登海种业,2023-04-25,,,,2023-04-25
2624,002044,美年健康,2023-04-25,,,,2023-04-25
2625,002047,*ST宝鹰,2023-04-25,,,,2023-04-25
2626,002099,海翔药业,2023-04-25,,,,2023-04-25
2627,002101,广东鸿图,2023-04-25,,,,2023-04-25
2628,002125,湘潭电化,2023-04-25,,,,2023-04-25
2629,002135,东南网架,2023-04-25,,,,2023-04-25
2630,002137,实益达,2023-04-25,,,,2023-04-25
2631,002167,东方锆业,2023-04-25,2023-04-18,,,2023-04-18
2632,002176,江特电机,2023-04-25,,,,2023-04-25
2633,002193,ST如意,2023-04-25,2023-04-29,,,2023-04-29
2634,002203,海亮股份,2023-04-25,,,,2023-04-25
2635,002208,合肥城建,2023-04-25,,,,2023-04-25
2636,002216,三全食品,2023-04-25,,,,2023-04-25
2637,002241,歌尔股份,2023-04-25,2023-04-18,,,2023-04-18
2638,002245,蔚蓝锂芯,2023-04-25,,,,2023-04-25
2639,002249,大洋电机,2023-04-25,,,,2023-04-25
2640,002252,上海莱士,2023-04-25,,,,2023-04-25
2641,002265,建设工业,2023-04-25,,,,2023-04-25
2642,002282,博深股份,2023-04-25,2023-04-28,,,2023-04-28
2643,002291,遥望科技,2023-04-25,2023-04-29,,,2023-04-29
2644,002311,海大集团,2023-04-25,,,,2023-04-25
2645,002329,皇氏集团,2023-04-25,,,,2023-04-25
2646,002347,泰尔股份,2023-04-25,,,,2023-04-25
2647,002360,ST同德,2023-04-25,,,,2023-04-25
2648,002370,亚太药业,2023-04-25,,,,2023-04-25
2649,002382,蓝帆医疗,2023-04-25,2023-04-29,,,2023-04-29
2650,002394,联发股份,2023-04-25,,,,2023-04-25
2651,002406,远东传动,2023-04-25,,,,2023-04-25
2652,002434,万里扬,2023-04-25,,,,2023-04-25
2653,002452,长高电新,2023-04-25,,,,2023-04-25
2654,002453,华软科技,2023-04-25,2023-04-28,,,2023-04-28
2655,002515,金字火腿,2023-04-25,,,,2023-04-25
2656,002540,亚太科技,2023-04-25,,,,2023-04-25
2657,002547,*ST春兴,2023-04-25,2023-04-28,,,2023-04-28
2658,002559,亚威股份,2023-04-25,,,,2023-04-25
2659,002580,圣阳股份,2023-04-25,,,,2023-04-25
2660,002599,盛通股份,2023-04-25,,,,2023-04-25
2661,002615,哈尔斯,2023-04-25,,,,2023-04-25
2662,002627,三峡旅游,2023-04-25,,,,2023-04-25
2663,002632,道明光学,2023-04-25,,,,2023-04-25
2664,002674,兴业科技,2023-04-25,,,,2023-04-25
2665,002682,龙洲股份,2023-04-25,,,,2023-04-25
2666,002692,远程股份,2023-04-25,,,,2023-04-25
2667,002709,天赐材料,2023-04-25,2023-04-11,,,2023-04-11
2668,002746,仙坛股份,2023-04-25,,,,2023-04-25
2669,002778,中晟高科,2023-04-25,,,,2023-04-25
2670,002798,帝欧水华,2023-04-25,,,,2023-04-25
2671,002823,凯中精密,2023-04-25,,,,2023-04-25
2672,002824,和胜股份,2023-04-25,,,,2023-04-25
2673,002825,纳尔股份,2023-04-25,,,,2023-04-25
2674,002848,*ST高斯,2023-04-25,,,,2023-04-25
2675,002869,金溢科技,2023-04-25,,,,2023-04-25
2676,002889,东方嘉盛,2023-04-25,,,,2023-04-25
2677,002890,弘宇股份,2023-04-25,,,,2023-04-25
2678,002915,中欣氟材,2023-04-25,,,,2023-04-25
2679,002965,祥鑫科技,2023-04-25,,,,2023-04-25
2680,002966,苏州银行,2023-04-25,,,,2023-04-25
2681,002979,雷赛智能,2023-04-25,,,,2023-04-25
2682,002981,朝阳科技,2023-04-25,,,,2023-04-25
2683,002997,瑞鹄模具,2023-04-25,,,,2023-04-25
2684,003007,直真科技,2023-04-25,,,,2023-04-25
2685,003011,海象新材,2023-04-25,,,,2023-04-25
2686,003017,大洋生物,2023-04-25,,,,2023-04-25
2687,003023,彩虹集团,2023-04-25,,,,2023-04-25
2688,003029,吉大正元,2023-04-25,2023-04-04,,,2023-04-04
2689,003031,中瓷电子,2023-04-25,2023-03-31,,,2023-03-31
2690,003041,真爱美家,2023-04-25,,,,2023-04-25
2691,300012,华测检测,2023-04-25,,,,2023-04-25
2692,300035,中科电气,2023-04-25,,,,2023-04-25
2693,300044,*ST赛为,2023-04-25,,,,2023-04-25
2694,300051,琏升科技,2023-04-25,2023-04-21,,,2023-04-21
2695,300059,东方财富,2023-04-25,2023-03-18,,,2023-03-18
2696,300073,当升科技,2023-04-25,,,,2023-04-10
2697,300082,奥克股份,2023-04-25,2023-04-19,,,2023-04-19
2698,300093,*ST金刚,2023-04-25,,,,2023-04-25
2699,300106,西部牧业,2023-04-25,,,,2023-04-25
2700,300112,万讯自控,2023-04-25,,,,2023-04-25
2701,300121,阳谷华泰,2023-04-25,,,,2023-04-25
2702,300124,汇川技术,2023-04-25,,,,2023-04-25
2703,300134,大富科技,2023-04-25,,,,2023-04-25
2704,300139,晓程科技,2023-04-25,,,,2023-04-25
2705,300145,南方泵业,2023-04-25,,,,2023-04-25
2706,300151,昌红科技,2023-04-25,,,,2023-04-25
2707,300168,万达信息,2023-04-25,,,,2023-04-25
2708,300170,汉得信息,2023-04-25,,,,2023-04-25
2709,300180,华峰超纤,2023-04-25,,,,2023-04-25
2710,300185,通裕重工,2023-04-25,,,,2023-04-25
2711,300187,永清环保,2023-04-25,,,,2023-04-25
2712,300190,维尔利,2023-04-25,,,,2023-04-25
2713,300217,东方电热,2023-04-25,,,,2023-04-25
2714,300240,飞力达,2023-04-25,,,,2023-04-25
2715,300245,ST天玑,2023-04-25,,,,2023-04-25
2716,300253,卫宁健康,2023-04-25,2023-04-19,,,2023-04-19
2717,300254,仟源医药,2023-04-25,,,,2023-04-25
2718,300263,隆华科技,2023-04-25,2023-04-15,,,2023-04-15
2719,300274,阳光电源,2023-04-25,,,,2023-04-25
2720,300277,汽轮科技,2023-04-25,,,,2023-04-25
2721,300291,百纳千成,2023-04-25,,,,2023-04-25
2722,300299,富春股份,2023-04-25,,,,2023-04-25
2723,300310,宜通世纪,2023-04-25,,,,2023-04-25
2724,300332,天壕能源,2023-04-25,,,,2023-04-25
2725,300338,*ST开元,2023-04-25,,,,2023-04-25
2726,300350,华鹏飞,2023-04-25,,,,2023-04-25
2727,300353,东土科技,2023-04-25,,,,2023-04-25
2728,300355,蒙草生态,2023-04-25,,,,2023-04-25
2729,300358,楚天科技,2023-04-25,,,,2023-04-25
2730,300366,ST创意,2023-04-25,,,,2023-04-25
2731,300370,安控科技,2023-04-25,,,,2023-04-25
2732,300371,汇中股份,2023-04-25,,,,2023-04-25
2733,300397,天和防务,2023-04-25,,,,2023-04-25
2734,300426,华智数媒,2023-04-25,,,,2023-04-25
2735,300428,立中集团,2023-04-25,,,,2023-04-25
2736,300432,富临精工,2023-04-25,,,,2023-04-25
2737,300434,金石亚药,2023-04-25,,,,2023-04-25
2738,300446,航天智造,2023-04-25,2023-03-28,,,2023-03-28
2739,300459,汤姆猫,2023-04-25,,,,2023-04-25
2740,300463,迈克生物,2023-04-25,,,,2023-04-25
2741,300475,香农芯创,2023-04-25,2023-04-17,,,2023-04-17
2742,300489,光智科技,2023-04-25,,,,2023-04-25
2743,300494,盛天网络,2023-04-25,,,,2023-04-25
2744,300515,三德科技,2023-04-25,,,,2023-04-25
2745,300519,新光药业,2023-04-25,,,,2023-04-25
2746,300521,爱司凯,2023-04-25,2023-04-28,,,2023-04-28
2747,300522,世名科技,2023-04-25,,,,2023-04-25
2748,300525,博思软件,2023-04-25,,,,2023-04-25
2749,300531,优博讯,2023-04-25,,,,2023-04-25
2750,300532,今天国际,2023-04-25,,,,2023-04-25
2751,300583,赛托生物,2023-04-25,,,,2023-04-25
2752,300584,海辰药业,2023-04-25,,,,2023-04-25
2753,300585,奥联电子,2023-04-25,,,,2023-04-25
2754,300590,移为通信,2023-04-25,,,,2023-04-25
2755,300607,拓斯达,2023-04-25,,,,2023-04-25
2756,300615,欣天科技,2023-04-25,,,,2023-04-25
2757,300631,久吾高科,2023-04-25,,,,2023-04-25
2758,300650,太龙股份,2023-04-25,,,,2023-04-25
2759,300656,民德电子,2023-04-25,,,,2023-04-25
2760,300660,江苏雷利,2023-04-25,,,,2023-04-25
2761,300665,飞鹿股份,2023-04-25,,,,2023-04-25
2762,300673,佩蒂股份,2023-04-25,,,,2023-04-25
2763,300683,海特生物,2023-04-25,,,,2023-04-25
2764,300685,艾德生物,2023-04-25,2023-04-15,,,2023-04-15
2765,300689,澄天伟业,2023-04-25,,,,2023-04-25
2766,300691,联合光电,2023-04-25,,,,2023-04-25
2767,300708,聚灿光电,2023-04-25,2023-02-28,,,2023-02-28
2768,300727,润禾材料,2023-04-25,,,,2023-04-25
2769,300743,天地数码,2023-04-25,,,,2023-04-25
2770,300747,锐科激光,2023-04-25,,,,2023-04-25
2771,300751,迈为股份,2023-04-25,,,,2023-04-25
2772,300763,锦浪科技,2023-04-25,,,,2023-04-25
2773,300768,迪普科技,2023-04-25,,,,2023-04-25
2774,300798,锦鸡股份,2023-04-25,,,,2023-04-25
2775,300800,力合科技,2023-04-25,,,,2023-04-25
2776,300802,矩子科技,2023-04-25,,,,2023-04-25
2777,300803,指南针,2023-04-25,,,,2023-04-25
2778,300808,久量股份,2023-04-25,,,,2023-04-25
2779,300814,中富电路,2023-04-25,,,,2023-04-25
2780,300815,玉禾田,2023-04-25,,,,2023-04-25
2781,300823,建科智能,2023-04-25,,,,2023-04-25
2782,300826,测绘股份,2023-04-25,,,,2023-04-25
2783,300830,金现代,2023-04-25,2023-04-14,,,2023-04-14
2784,300837,浙矿股份,2023-04-25,,,,2023-04-25
2785,300839,博汇股份,2023-04-25,2023-04-18,,,2023-04-18
2786,300848,美瑞新材,2023-04-25,,,,2023-04-25
2787,300854,中兰环保,2023-04-25,,,,2023-04-25
2788,300877,金春股份,2023-04-25,,,,2023-04-25
2789,300882,万胜智能,2023-04-25,,,,2023-04-25
2790,300894,火星人,2023-04-25,,,,2023-04-25
2791,300895,铜牛信息,2023-04-25,,,,2023-04-25
2792,300900,广联航空,2023-04-25,,,,2023-04-25
2793,300903,科翔股份,2023-04-25,,,,2023-04-25
2794,300906,日月明,2023-04-25,,,,2023-04-25
2795,300913,兆龙互连,2023-04-25,,,,2023-04-25
2796,300918,南山智尚,2023-04-25,,,,2023-04-25
2797,300943,春晖智控,2023-04-25,,,,2023-04-25
2798,300946,恒而达,2023-04-25,,,,2023-04-25
2799,300947,德必集团,2023-04-25,,,,2023-04-25
2800,300960,通业科技,2023-04-25,,,,2023-04-25
2801,300971,博亚精工,2023-04-25,,,,2023-04-25
2802,300981,中红医疗,2023-04-25,,,,2023-04-25
2803,300996,普联软件,2023-04-25,2023-04-15,,,2023-04-15
2804,301010,晶雪节能,2023-04-25,,,,2023-04-25
2805,301012,扬电科技,2023-04-25,,,,2023-04-25
2806,301015,百洋医药,2023-04-25,,,,2023-04-25
2807,301024,霍普股份,2023-04-25,,,,2023-04-25
2808,301027,华蓝集团,2023-04-25,,,,2023-04-25
2809,301028,鼎熔岩,2023-04-25,,,,2023-04-25
2810,301042,安联锐视,2023-04-25,2023-04-19,,,2023-04-19
2811,301058,中粮科工,2023-04-25,,,,2023-04-25
2812,301070,开勒股份,2023-04-25,,,,2023-04-25
2813,301075,多瑞医药,2023-04-25,,,,2023-04-25
2814,301081,严牌股份,2023-04-25,,,,2023-04-25
2815,301090,华润材料,2023-04-25,,,,2023-04-25
2816,301098,金埔园林,2023-04-25,,,,2023-04-25
2817,301109,军信股份,2023-04-25,,,,2023-04-25
2818,301123,奕东电子,2023-04-25,,,,2023-04-25
2819,301132,满坤科技,2023-04-25,,,,2023-04-25
2820,301137,哈焊华通,2023-04-25,,,,2023-04-25
2821,301150,中一科技,2023-04-25,,,,2023-04-25
2822,301157,华塑科技,2023-04-25,,,,2023-04-25
2823,301168,通灵股份,2023-04-25,,,,2023-04-25
2824,301180,万祥科技,2023-04-25,,,,2023-04-25
2825,301183,东田微,2023-04-25,,,,2023-04-25
2826,301190,善水科技,2023-04-25,,,,2023-04-25
2827,301199,迈赫股份,2023-04-25,,,,2023-04-25
2828,301205,联特科技,2023-04-25,,,,2023-04-25
2829,301208,中亦科技,2023-04-25,,,,2023-04-25
2830,301211,亨迪药业,2023-04-25,,,,2023-04-25
2831,301213,观想科技,2023-04-25,,,,2023-04-25
2832,301231,荣信文化,2023-04-25,,,,2023-04-25
2833,301235,华康洁净,2023-04-25,,,,2023-04-25
2834,301248,杰创智能,2023-04-25,,,,2023-04-25
2835,301255,通力科技,2023-04-25,,,,2023-04-25
2836,301266,宇邦新材,2023-04-25,,,,2023-04-25
2837,301283,聚胶股份,2023-04-25,,,,2023-04-25
2838,301286,侨源股份,2023-04-25,,,,2023-04-25
2839,301289,国缆检测,2023-04-25,,,,2023-04-25
2840,301290,东星医疗,2023-04-25,,,,2023-04-25
2841,301308,江波龙,2023-04-25,2023-03-22,,,2023-03-22
2842,301311,昆船智能,2023-04-25,,,,2023-04-25
2843,301314,科瑞思,2023-04-25,,,,2023-04-25
2844,301321,翰博高新,2023-04-25,2023-04-28,,,2023-04-28
2845,301333,诺思格,2023-04-25,,,,2023-04-25
2846,301336,趣睡科技,2023-04-25,,,,2023-04-25
2847,301345,涛涛车业,2023-04-25,,,,2023-04-25
2848,301356,天振股份,2023-04-25,,,,2023-04-25
2849,301365,矩阵股份,2023-04-25,,,,2023-04-25
2850,301368,丰立智能,2023-04-25,,,,2023-04-25
2851,301396,宏景科技,2023-04-25,,,,2023-04-25
2852,600089,特变电工,2023-04-25,,,,2023-04-25
2853,600119,*ST长投,2023-04-25,,,,2023-04-25
2854,600123,兰花科创,2023-04-25,,,,2023-04-25
2855,600128,苏豪弘业,2023-04-25,,,,2023-04-25
2856,600137,浪莎股份,2023-04-25,,,,2023-04-25
2857,600143,金发科技,2023-04-25,,,,2023-04-25
2858,600158,中体产业,2023-04-25,,,,2023-04-25
2859,600161,天坛生物,2023-04-25,,,,2023-04-25
2860,600217,中再资环,2023-04-25,,,,2023-04-25
2861,600239,ST云城,2023-04-25,,,,2023-04-25
2862,600262,北方股份,2023-04-25,,,,2023-04-25
2863,600293,三峡新材,2023-04-25,,,,2023-04-25
2864,600371,万向德农,2023-04-25,,,,2023-04-25
2865,600392,盛和资源,2023-04-25,2023-04-29,,,2023-04-29
2866,600438,通威股份,2023-04-25,,,,2023-04-25
2867,600467,好当家,2023-04-25,,,,2023-04-25
2868,600480,凌云股份,2023-04-25,,,,2023-04-25
2869,600510,黑牡丹,2023-04-25,,,,2023-04-25
2870,600529,山东药玻,2023-04-25,,,,2023-04-25
2871,600556,天下秀,2023-04-25,,,,2023-04-25
2872,600573,惠泉啤酒,2023-04-25,2023-04-12,,,2023-04-12
2873,600606,绿地控股,2023-04-25,2023-04-29,,,2023-04-29
2874,600608,*ST沪科,2023-04-25,,,,2023-04-25
2875,600696,*ST岩石,2023-04-25,,,,2023-04-25
2876,600704,物产中大,2023-04-25,,,,2023-04-25
2877,600731,湖南海利,2023-04-25,,,,2023-04-25
2878,600740,山西焦化,2023-04-25,,,,2023-04-25
2879,600768,宁波富邦,2023-04-25,,,,2023-04-25
2880,600797,浙大网新,2023-04-25,,,,2023-04-25
2881,600822,上海物贸,2023-04-25,,,,2023-04-25
2882,600824,益民集团,2023-04-25,,,,2023-04-25
2883,600850,电科数字,2023-04-25,,,,2023-04-25
2884,600929,雪天盐业,2023-04-25,,,,2023-04-25
2885,600959,江苏有线,2023-04-25,2023-04-22,,,2023-04-22
2886,600967,内蒙一机,2023-04-25,,,,2023-04-25
2887,600975,新五丰,2023-04-25,,,,2023-04-25
2888,600981,苏豪汇鸿,2023-04-25,,,,2023-04-25
2889,600998,九州通,2023-04-25,,,,2023-04-25
2890,601011,宝泰隆,2023-04-25,,,,2023-04-25
2891,601098,中南传媒,2023-04-25,,,,2023-04-25
2892,601100,恒立液压,2023-04-25,,,,2023-04-25
2893,601101,昊华能源,2023-04-25,,,,2023-04-25
2894,601616,广电电气,2023-04-25,,,,2023-04-25
2895,601890,亚星锚链,2023-04-25,,,,2023-04-25
2896,601958,金钼股份,2023-04-25,,,,2023-04-25
2897,603022,新通联,2023-04-25,,,,2023-04-25
2898,603037,凯众股份,2023-04-25,,,,2023-04-25
2899,603128,华贸物流,2023-04-25,2023-04-07,,,2023-04-07
2900,603155,新亚强,2023-04-25,,,,2023-04-25
2901,603161,科华控股,2023-04-25,,,,2023-04-25
2902,603178,圣龙股份,2023-04-25,,,,2023-04-25
2903,603189,*ST网达,2023-04-25,,,,2023-04-25
2904,603208,江山欧派,2023-04-25,2023-04-29,,,2023-04-29
2905,603209,兴通股份,2023-04-25,,,,2023-04-25
2906,603215,比依股份,2023-04-25,,,,2023-04-25
2907,603218,日月股份,2023-04-25,,,,2023-04-25
2908,603236,移远通信,2023-04-25,,,,2023-04-25
2909,603281,江瀚新材,2023-04-25,,,,2023-04-25
2910,603297,永新光学,2023-04-25,,,,2023-04-25
2911,603313,梦百合,2023-04-25,,,,2023-04-25
2912,603315,福鞍股份,2023-04-25,,,,2023-04-25
2913,603332,苏州龙杰,2023-04-25,,,,2023-04-25
2914,603345,安井食品,2023-04-25,,,,2023-04-25
2915,603389,*ST亚振,2023-04-25,,,,2023-04-25
2916,603408,建霖家居,2023-04-25,2023-04-29,,,2023-04-29
2917,603506,南都物业,2023-04-25,,,,2023-04-25
2918,603538,美诺华,2023-04-25,2023-04-04,,,2023-04-04
2919,603559,ST通脉,2023-04-25,2023-04-28,,,2023-04-28
2920,603583,捷昌驱动,2023-04-25,,,,2023-04-25
2921,603588,高能环境,2023-04-25,,,,2023-04-25
2922,603599,广信股份,2023-04-25,,,,2023-04-25
2923,603661,恒林股份,2023-04-25,,,,2023-04-25
2924,603817,海峡环保,2023-04-25,,,,2023-04-25
2925,603833,欧派家居,2023-04-25,,,,2023-04-25
2926,603867,新化股份,2023-04-25,,,,2023-04-25
2927,603878,武进不锈,2023-04-25,2023-04-05,,,2023-04-05
2928,603882,金域医学,2023-04-25,,,,2023-04-25
2929,603926,铁流股份,2023-04-25,,,,2023-04-25
2930,603956,威派格,2023-04-25,,,,2023-04-25
2931,603969,银龙股份,2023-04-25,,,,2023-04-25
2932,603978,深圳新星,2023-04-25,,,,2023-04-25
2933,603979,金诚信,2023-04-25,,,,2023-04-25
2934,603989,艾华集团,2023-04-25,,,,2023-04-25
2935,603992,松霖科技,2023-04-25,,,,2023-04-25
2936,605138,盛泰集团,2023-04-25,,,,2023-04-25
2937,605369,拱东医疗,2023-04-25,,,,2023-04-25
2938,605500,森林包装,2023-04-25,,,,2023-04-25
2939,605566,福莱蒽特,2023-04-25,,,,2023-04-25
2940,688056,莱伯泰科,2023-04-25,,,,2023-04-25
2941,688084,晶品特装,2023-04-25,,,,2023-04-25
2942,688085,三友医疗,2023-04-25,,,,2023-04-25
2943,688114,华大智造,2023-04-25,,,,2023-04-25
2944,688120,华海清科,2023-04-25,,,,2023-04-25
2945,688127,蓝特光学,2023-04-25,2023-04-19,,,2023-04-19
2946,688128,中国电研,2023-04-25,,,,2023-04-25
2947,688129,东来技术,2023-04-25,,,,2023-04-25
2948,688147,微导纳米,2023-04-25,,,,2023-04-25
2949,688166,博瑞医药,2023-04-25,,,,2023-04-25
2950,688212,澳华内镜,2023-04-25,,,,2023-04-25
2951,688257,新锐股份,2023-04-25,,,,2023-04-25
2952,688275,万润新能,2023-04-25,,,,2023-04-25
2953,688280,精进电动,2023-04-25,,,,2023-04-25
2954,688306,均普智能,2023-04-25,2023-04-20,,,2023-04-20
2955,688332,中科蓝讯,2023-04-25,2023-04-14,,,2023-04-14
2956,688359,三孚新科,2023-04-25,,,,2023-04-25
2957,688401,路维光电,2023-04-25,,,,2023-04-25
2958,688480,赛恩斯,2023-04-25,,,,2023-04-25
2959,688596,正帆科技,2023-04-25,,,,2023-04-25
2960,688625,呈和科技,2023-04-25,,,,2023-04-25
2961,688636,智明达,2023-04-25,,,,2023-04-25
2962,688776,国光电气,2023-04-25,2023-04-18,,,2023-04-18
2963,688779,五矿新能,2023-04-25,,,,2023-04-25
2964,688787,海天瑞声,2023-04-25,,,,2023-04-25
2965,000012,南玻A,2023-04-26,,,,2023-04-26
2966,000019,深粮控股,2023-04-26,,,,2023-04-26
2967,000036,华联控股,2023-04-26,2023-04-14,,,2023-04-14
2968,000567,海德股份,2023-04-26,,,,2023-04-26
2969,000598,兴蓉环境,2023-04-26,,,,2023-04-26
2970,000650,仁和药业,2023-04-26,,,,2023-04-26
2971,000677,ST海龙,2023-04-26,,,,2023-04-26
2972,000719,中原传媒,2023-04-26,,,,2023-04-26
2973,000723,美锦能源,2023-04-26,,,,2023-04-26
2974,000958,电投产融,2023-04-26,,,,2023-04-26
2975,000966,长源电力,2023-04-26,,,,2023-04-26
2976,001259,利仁科技,2023-04-26,,,,2023-04-26
2977,001260,坤泰股份,2023-04-26,,,,2023-04-26
2978,001268,联合精密,2023-04-26,,,,2023-04-26
2979,001278,一彬科技,2023-04-26,,,,2023-04-26
2980,001299,美能能源,2023-04-26,,,,2023-04-26
2981,002003,伟星股份,2023-04-26,2023-03-22,,,2023-03-22
2982,002005,ST德豪,2023-04-26,2023-04-28,,,2023-04-28
2983,002038,双鹭药业,2023-04-26,,,,2023-04-26
2984,002082,ST万邦,2023-04-26,,,,2023-04-26
2985,002091,江苏国泰,2023-04-26,,,,2023-04-26
2986,002108,沧州明珠,2023-04-26,,,,2023-04-26
2987,002120,韵达股份,2023-04-26,,,,2023-04-26
2988,002121,科陆电子,2023-04-26,2023-04-29,,,2023-04-29
2989,002128,电投能源,2023-04-26,,,,2023-04-26
2990,002144,宏达高科,2023-04-26,,,,2023-04-26
2991,002166,莱茵生物,2023-04-26,2023-03-29,,,2023-03-29
2992,002227,*ST特迅,2023-04-26,,,,2023-04-26
2993,002264,新华都,2023-04-26,,,,2023-04-26
2994,002281,光迅科技,2023-04-26,,,,2023-04-26
2995,002304,洋河股份,2023-04-26,,,,2023-04-26
2996,002310,东方新能,2023-04-26,,,,2023-04-26
2997,002312,川发龙蟒,2023-04-26,,,,2023-04-26
2998,002326,永太科技,2023-04-26,,,,2023-04-26
2999,002328,新朋股份,2023-04-26,,,,2023-04-26
3000,002332,仙琚制药,2023-04-26,,,,2023-04-26
3001,002337,赛象科技,2023-04-26,,,,2023-04-26
3002,002339,积成电子,2023-04-26,,,,2023-04-26
3003,002350,北京科锐,2023-04-26,,,,2023-04-26
3004,002357,富临运业,2023-04-26,,,,2023-04-26
3005,002385,大北农,2023-04-26,,,,2023-04-26
3006,002423,中粮资本,2023-04-26,,,,2023-04-26
3007,002424,ST百灵,2023-04-26,2023-04-29,,,2023-04-29
3008,002481,双塔食品,2023-04-26,,,,2023-04-26
3009,002508,老板电器,2023-04-26,,,,2023-04-26
3010,002522,浙江众成,2023-04-26,,,,2023-04-26
3011,002585,双星新材,2023-04-26,,,,2023-04-26
3012,002591,恒大高新,2023-04-26,,,,2023-04-26
3013,002592,ST八菱,2023-04-26,,,,2023-04-26
3014,002603,以岭药业,2023-04-26,,,,2023-04-26
3015,002609,捷顺科技,2023-04-26,,,,2023-04-26
3016,002628,成都路桥,2023-04-26,,,,2023-04-26
3017,002637,赞宇科技,2023-04-26,,,,2023-04-26
3018,002652,扬子新材,2023-04-26,,,,2023-04-26
3019,002655,共达电声,2023-04-26,,,,2023-04-26
3020,002661,克明食品,2023-04-26,,,,2023-04-26
3021,002673,西部证券,2023-04-26,,,,2023-04-26
3022,002700,万憬能源,2023-04-26,,,,2023-04-26
3023,002715,登云股份,2023-04-26,2023-03-21,,,2023-03-21
3024,002728,特一药业,2023-04-26,,,,2023-04-26
3025,002743,富煌钢构,2023-04-26,,,,2023-04-26
3026,002768,国恩股份,2023-04-26,,,,2023-04-26
3027,002808,*ST恒久,2023-04-26,2023-04-29,,,2023-04-29
3028,002810,山东赫达,2023-04-26,,,,2023-04-26
3029,002833,弘亚数控,2023-04-26,2023-04-29,,,2023-04-29
3030,002841,视源股份,2023-04-26,,,,2023-04-26
3031,002849,威星智能,2023-04-26,,,,2023-04-26
3032,002856,*ST美芝,2023-04-26,,,,2023-04-26
3033,002863,今飞凯达,2023-04-26,,,,2023-04-26
3034,002880,卫光生物,2023-04-26,,,,2023-04-26
3035,002881,美格智能,2023-04-26,,,,2023-04-26
3036,002888,惠威科技,2023-04-26,,,,2023-04-26
3037,002892,科力尔,2023-04-26,,,,2023-04-26
3038,002900,哈三联,2023-04-26,,,,2023-04-26
3039,002929,润建股份,2023-04-26,,,,2023-04-26
3040,002946,新乳业,2023-04-26,,,,2023-04-26
3041,002953,日丰股份,2023-04-26,,,,2023-04-26
3042,002957,科瑞技术,2023-04-26,,,,2023-04-26
3043,002970,锐明技术,2023-04-26,,,,2023-04-26
3044,002971,和远气体,2023-04-26,,,,2023-04-26
3045,002975,博杰股份,2023-04-26,,,,2023-04-26
3046,300003,乐普医疗,2023-04-26,,,,2023-04-26
3047,300004,南风股份,2023-04-26,,,,2023-04-26
3048,300010,ST豆神,2023-04-26,,,,2023-04-26
3049,300015,爱尔眼科,2023-04-26,,,,2023-04-26
3050,300020,ST银江,2023-04-26,,,,2023-04-26
3051,300042,朗科科技,2023-04-26,,,,2023-04-26
3052,300081,ST恒信,2023-04-26,2023-04-28,,,2023-04-28
3053,300103,达刚控股,2023-04-26,,,,2023-04-26
3054,300111,向日葵,2023-04-26,,,,2023-04-26
3055,300129,泰胜风能,2023-04-26,,,,2023-04-26
3056,300133,华策影视,2023-04-26,,,,2023-04-26
3057,300135,宝利国际,2023-04-26,,,,2023-04-26
3058,300137,先河环保,2023-04-26,,,,2023-04-26
3059,300140,节能环境,2023-04-26,,,,2023-04-26
3060,300159,*ST新研,2023-04-26,,,,2023-04-26
3061,300169,天晟新材,2023-04-26,2023-04-28,,,2023-04-28
3062,300181,佐力药业,2023-04-26,,,,2023-04-26
3063,300184,力源信息,2023-04-26,,,,2023-04-26
3064,300189,神农种业,2023-04-26,,,,2023-04-26
3065,300205,*ST天喻,2023-04-26,,,,2023-04-26
3066,300209,行云科技,2023-04-26,,,,2023-04-26
3067,300215,电科院,2023-04-26,2023-04-27,,,2023-04-27
3068,300219,鸿利智汇,2023-04-26,,,,2023-04-26
3069,300239,东宝生物,2023-04-26,2023-03-22,,,2023-03-22
3070,300247,融捷健康,2023-04-26,,,,2023-04-26
3071,300256,星星科技,2023-04-26,,,,2023-04-26
3072,300261,雅本化学,2023-04-26,,,,2023-04-26
3073,300265,通光线缆,2023-04-26,,,,2023-04-26
3074,300271,华宇软件,2023-04-26,,,,2023-04-26
3075,300288,朗玛信息,2023-04-26,,,,2023-04-26
3076,300293,蓝英装备,2023-04-26,,,,2023-04-26
3077,300311,ST任子行,2023-04-26,2023-04-28,,,2023-04-28
3078,300313,*ST天山,2023-04-26,,,,2023-04-26
3079,300318,博晖创新,2023-04-26,,,,2023-04-26
3080,300329,海伦钢琴,2023-04-26,,,,2023-04-26
3081,300331,苏大维格,2023-04-26,,,,2023-04-26
3082,300364,中文在线,2023-04-26,,,,2023-04-26
3083,300375,鹏翎股份,2023-04-26,,,,2023-04-26
3084,300384,三联虹普,2023-04-26,,,,2023-04-26
3085,300393,中来股份,2023-04-26,,,,2023-04-26
3086,300404,博济医药,2023-04-26,,,,2023-04-26
3087,300407,凯发电气,2023-04-26,,,,2023-04-26
3088,300409,道氏技术,2023-04-26,,,,2023-04-26
3089,300418,昆仑万维,2023-04-26,2023-04-11,,,2023-04-11
3090,300420,五洋自控,2023-04-26,,,,2023-04-26
3091,300421,力星股份,2023-04-26,,,,2023-04-26
3092,300439,美康生物,2023-04-26,,,,2023-04-26
3093,300447,全信股份,2023-04-26,,,,2023-04-26
3094,300449,汉邦高科,2023-04-26,,,,2023-04-26
3095,300450,先导智能,2023-04-26,,,,2023-04-26
3096,300467,迅游科技,2023-04-26,,,,2023-04-26
3097,300469,信息发展,2023-04-26,,,,2023-04-26
3098,300470,中密控股,2023-04-26,,,,2023-04-26
3099,300472,*ST新元,2023-04-26,,,,2023-04-26
3100,300474,景嘉微,2023-04-26,,,,2023-04-26
3101,300479,神思电子,2023-04-26,,,,2023-04-26
3102,300484,蓝海华腾,2023-04-26,,,,2023-04-26
3103,300487,蓝晓科技,2023-04-26,,,,2023-04-26
3104,300488,恒锋工具,2023-04-26,,,,2023-04-26
3105,300491,通合科技,2023-04-26,,,,2023-04-26
3106,300497,富祥药业,2023-04-26,,,,2023-04-26
3107,300498,温氏股份,2023-04-26,,,,2023-04-26
3108,300499,高澜股份,2023-04-26,,,,2023-04-26
3109,300500,启迪设计,2023-04-26,2023-04-28,,,2023-04-28
3110,300511,雪榕生物,2023-04-26,,,,2023-04-26
3111,300523,辰安科技,2023-04-26,,,,2023-04-26
3112,300527,ST应急,2023-04-26,,,,2023-04-26
3113,300542,新晨科技,2023-04-26,,,,2023-04-26
3114,300546,雄帝科技,2023-04-26,,,,2023-04-26
3115,300568,星源材质,2023-04-26,,,,2023-04-26
3116,300569,天能重工,2023-04-26,,,,2023-04-26
3117,300572,安车检测,2023-04-26,,,,2023-04-26
3118,300576,容大感光,2023-04-26,,,,2023-04-26
3119,300589,江龙船艇,2023-04-26,,,,2023-04-26
3120,300597,吉大通信,2023-04-26,,,,2023-04-26
3121,300598,诚迈科技,2023-04-26,,,,2023-04-26
3122,300637,扬帆新材,2023-04-26,,,,2023-04-26
3123,300641,正丹股份,2023-04-26,,,,2023-04-26
3124,300643,万通智控,2023-04-26,,,,2023-04-26
3125,300651,金陵体育,2023-04-26,,,,2023-04-26
3126,300655,晶瑞电材,2023-04-26,,,,2023-04-26
3127,300663,科蓝软件,2023-04-26,,,,2023-04-26
3128,300669,沪宁股份,2023-04-26,,,,2023-04-26
3129,300686,智动力,2023-04-26,2023-04-28,,,2023-04-28
3130,300693,盛弘股份,2023-04-26,2023-03-23,,,2023-03-23
3131,300696,爱乐达,2023-04-26,,,,2023-04-26
3132,300706,阿石创,2023-04-26,,,,2023-04-26
3133,300707,威唐工业,2023-04-26,,,,2023-04-26
3134,300722,新余国科,2023-04-26,,,,2023-04-26
3135,300731,科创新源,2023-04-26,,,,2023-04-26
3136,300733,西菱动力,2023-04-26,,,,2023-04-26
3137,300735,光弘科技,2023-04-26,,,,2023-04-26
3138,300740,水羊股份,2023-04-26,2023-04-28,,,2023-04-28
3139,300745,欣锐科技,2023-04-26,,,,2023-04-26
3140,300746,汉嘉数智,2023-04-26,,,,2023-04-26
3141,300758,七彩化学,2023-04-26,,,,2023-04-26
3142,300766,每日互动,2023-04-26,,,,2023-04-26
3143,300767,震安科技,2023-04-26,,,,2023-04-26
3144,300777,中简科技,2023-04-26,,,,2023-04-26
3145,300783,三只松鼠,2023-04-26,,,,2023-04-26
3146,300786,国林科技,2023-04-26,,,,2023-04-26
3147,300787,海能实业,2023-04-26,,,,2023-04-26
3148,300806,斯迪克,2023-04-26,,,,2023-04-26
3149,300810,中科海讯,2023-04-26,,,,2023-04-26
3150,300838,浙江力诺,2023-04-26,,,,2023-04-26
3151,300846,首都在线,2023-04-26,2023-04-01,,,2023-04-01
3152,300851,交大思诺,2023-04-26,,,,2023-04-26
3153,300863,卡倍亿,2023-04-26,,,,2023-04-26
3154,300864,南大环境,2023-04-26,,,,2023-04-26
3155,300868,杰美特,2023-04-26,,,,2023-04-26
3156,300889,爱克股份,2023-04-26,,,,2023-04-26
3157,300899,*ST凯鑫,2023-04-26,,,,2023-04-26
3158,300909,汇创达,2023-04-26,,,,2023-04-26
3159,300912,凯龙高科,2023-04-26,,,,2023-04-26
3160,300915,海融科技,2023-04-26,,,,2023-04-26
3161,300920,润阳科技,2023-04-26,,,,2023-04-26
3162,300925,法本信息,2023-04-26,,,,2023-04-26
3163,300928,华安鑫创,2023-04-26,,,,2023-04-26
3164,300941,创识科技,2023-04-26,,,,2023-04-26
3165,300942,易瑞生物,2023-04-26,,,,2023-04-26
3166,300950,德固特,2023-04-26,,,,2023-04-26
3167,300959,线上线下,2023-04-26,,,,2023-04-26
3168,300967,晓鸣股份,2023-04-26,,,,2023-04-26
3169,300983,尤安设计,2023-04-26,,,,2023-04-26
3170,300985,致远新能,2023-04-26,,,,2023-04-26
3171,300988,津荣天宇,2023-04-26,,,,2023-04-26
3172,300989,蕾奥规划,2023-04-26,,,,2023-04-26
3173,300990,同飞股份,2023-04-26,,,,2023-04-26
3174,300992,泰福泵业,2023-04-26,,,,2023-04-26
3175,301001,凯淳股份,2023-04-26,,,,2023-04-26
3176,301004,嘉益股份,2023-04-26,,,,2023-04-26
3177,301011,华立科技,2023-04-26,,,,2023-04-26
3178,301021,英诺激光,2023-04-26,,,,2023-04-26
3179,301031,中熔电气,2023-04-26,,,,2023-04-26
3180,301036,双乐股份,2023-04-26,,,,2023-04-26
3181,301050,雷电微力,2023-04-26,,,,2023-04-26
3182,301051,信濠光电,2023-04-26,,,,2023-04-26
3183,301062,上海艾录,2023-04-26,,,,2023-04-26
3184,301072,中捷精工,2023-04-26,,,,2023-04-26
3185,301078,孩子王,2023-04-26,,,,2023-04-26
3186,301080,百普赛斯,2023-04-26,,,,2023-04-26
3187,301087,可孚医疗,2023-04-26,,,,2023-04-26
3188,301088,戎美股份,2023-04-26,,,,2023-04-26
3189,301089,拓新药业,2023-04-26,,,,2023-04-26
3190,301103,何氏眼科,2023-04-26,,,,2023-04-26
3191,301139,元道通信,2023-04-26,,,,2023-04-26
3192,301148,嘉戎技术,2023-04-26,,,,2023-04-26
3193,301156,美农生物,2023-04-26,,,,2023-04-26
3194,301169,零点有数,2023-04-26,,,,2023-04-26
3195,301196,唯科科技,2023-04-26,,,,2023-04-26
3196,301222,浙江恒威,2023-04-26,2023-04-04,,,2023-04-04
3197,301234,五洲医疗,2023-04-26,,,,2023-04-26
3198,301236,软通动力,2023-04-26,,,,2023-04-26
3199,301238,瑞泰新材,2023-04-26,,,,2023-04-26
3200,301239,普瑞眼科,2023-04-26,,,,2023-04-26
3201,301279,金道科技,2023-04-26,,,,2023-04-26
3202,301281,科源制药,2023-04-26,,,,2023-04-26
3203,301302,华如科技,2023-04-26,,,,2023-04-26
3204,301306,西测测试,2023-04-26,,,,2023-04-26
3205,301309,万得凯,2023-04-26,,,,2023-04-26
3206,301318,维海德,2023-04-26,,,,2023-04-26
3207,301322,绿通科技,2023-04-26,,,,2023-04-26
3208,301339,通行宝,2023-04-26,,,,2023-04-26
3209,301378,通达海,2023-04-26,,,,2023-04-26
3210,301439,泓淋电力,2023-04-26,,,,2023-04-26
3211,600084,*ST尼雅,2023-04-26,,,,2023-04-26
3212,600108,亚盛集团,2023-04-26,,,,2023-04-26
3213,600109,国金证券,2023-04-26,,,,2023-04-26
3214,600216,浙江医药,2023-04-26,,,,2023-04-26
3215,600233,圆通速递,2023-04-26,,,,2023-04-26
3216,600257,大湖股份,2023-04-26,,,,2023-04-26
3217,600288,大恒科技,2023-04-26,,,,2023-04-26
3218,600301,华锡有色,2023-04-26,2023-04-12,,,2023-04-12
3219,600335,国机汽车,2023-04-26,,,,2023-04-26
3220,600351,亚宝药业,2023-04-26,,,,2023-04-26
3221,600361,创新新材,2023-04-26,2023-04-08,,,2023-04-08
3222,600456,宝钛股份,2023-04-26,,,,2023-04-26
3223,600468,百利电气,2023-04-26,,,,2023-04-26
3224,600475,华光环能,2023-04-26,,,,2023-04-26
3225,600478,科力远,2023-04-26,2023-04-04,,,2023-04-04
3226,600487,亨通光电,2023-04-26,,,,2023-04-26
3227,600520,三佳科技,2023-04-26,,,,2023-04-26
3228,600589,大位科技,2023-04-26,,,,2023-04-26
3229,600624,ST复华,2023-04-26,2023-04-29,,,2023-04-29
3230,600645,中源协和,2023-04-26,,,,2023-04-26
3231,600706,曲江文旅,2023-04-26,,,,2023-04-26
3232,600759,ST洲际,2023-04-26,,,,2023-04-26
3233,600774,汉商集团,2023-04-26,,,,2023-04-26
3234,600820,隧道股份,2023-04-26,2023-04-22,,,2023-04-22
3235,600839,四川长虹,2023-04-26,,,,2023-04-26
3236,600841,动力新科,2023-04-26,2023-03-31,,,2023-03-31
3237,600847,万里股份,2023-04-26,,,,2023-04-26
3238,600864,哈投股份,2023-04-26,,,,2023-04-26
3239,600901,江苏金租,2023-04-26,2023-04-22,,,2023-04-22
3240,600926,杭州银行,2023-04-26,,,,2023-04-26
3241,600935,华塑股份,2023-04-26,,,,2023-04-26
3242,600977,中国电影,2023-04-26,,,,2023-04-26
3243,601222,林洋能源,2023-04-26,,,,2023-04-26
3244,601366,利群股份,2023-04-26,,,,2023-04-26
3245,601500,通用股份,2023-04-26,,,,2023-04-26
3246,601636,旗滨集团,2023-04-26,,,,2023-04-26
3247,601838,成都银行,2023-04-26,,,,2023-04-26
3248,603001,奥康国际,2023-04-26,,,,2023-04-26
3249,603009,北特科技,2023-04-26,,,,2023-04-26
3250,603015,弘讯科技,2023-04-26,,,,2023-04-26
3251,603048,浙江黎明,2023-04-26,,,,2023-04-26
3252,603061,金海通,2023-04-26,,,,2023-04-26
3253,603080,新疆火炬,2023-04-26,,,,2023-04-26
3254,603086,先达股份,2023-04-26,,,,2023-04-26
3255,603088,宁波精达,2023-04-26,,,,2023-04-26
3256,603106,恒银科技,2023-04-26,,,,2023-04-26
3257,603108,润达医疗,2023-04-26,,,,2023-04-26
3258,603112,华翔股份,2023-04-26,,,,2023-04-26
3259,603121,华培动力,2023-04-26,,,,2023-04-26
3260,603131,上海沪工,2023-04-26,,,,2023-04-26
3261,603176,汇通集团,2023-04-26,,,,2023-04-26
3262,603188,亚邦股份,2023-04-26,,,,2023-04-26
3263,603198,迎驾贡酒,2023-04-26,,,,2023-04-26
3264,603199,九华旅游,2023-04-26,,,,2023-04-26
3265,603261,*ST立航,2023-04-26,,,,2023-04-26
3266,603266,天龙股份,2023-04-26,,,,2023-04-26
3267,603278,大业股份,2023-04-26,2023-04-29,,,2023-04-29
3268,603288,海天味业,2023-04-26,,,,2023-04-26
3269,603301,振德医疗,2023-04-26,,,,2023-04-26
3270,603324,盛剑科技,2023-04-26,,,,2023-04-26
3271,603327,福蓉科技,2023-04-26,,,,2023-04-26
3272,603348,文灿股份,2023-04-26,,,,2023-04-26
3273,603365,水星家纺,2023-04-26,,,,2023-04-26
3274,603366,日出东方,2023-04-26,,,,2023-04-26
3275,603398,*ST沐邦,2023-04-26,2023-04-28,,,2023-04-28
3276,603421,鼎信通讯,2023-04-26,,,,2023-04-26
3277,603499,翔港科技,2023-04-26,,,,2023-04-26
3278,603500,祥和实业,2023-04-26,,,,2023-04-26
3279,603519,立霸股份,2023-04-26,,,,2023-04-26
3280,603520,司太立,2023-04-26,2023-04-18,,,2023-04-18
3281,603527,众源新材,2023-04-26,,,,2023-04-26
3282,603566,普莱柯,2023-04-26,,,,2023-04-26
3283,603590,康辰药业,2023-04-26,,,,2023-04-26
3284,603601,再升科技,2023-04-26,,,,2023-04-26
3285,603618,杭电股份,2023-04-26,,,,2023-04-26
3286,603629,利通电子,2023-04-26,,,,2023-04-26
3287,603676,卫信康,2023-04-26,,,,2023-04-26
3288,603679,华体科技,2023-04-26,,,,2023-04-26
3289,603693,江苏新能,2023-04-26,,,,2023-04-26
3290,603706,东方环宇,2023-04-26,,,,2023-04-26
3291,603759,海天股份,2023-04-26,,,,2023-04-26
3292,603800,洪田股份,2023-04-26,,,,2023-04-26
3293,603803,瑞斯康达,2023-04-26,,,,2023-04-26
3294,603811,诚意药业,2023-04-26,,,,2023-04-26
3295,603861,白云电器,2023-04-26,,,,2023-04-26
3296,603888,新华网,2023-04-26,,,,2023-04-26
3297,603898,好莱客,2023-04-26,,,,2023-04-26
3298,603901,永创智能,2023-04-26,,,,2023-04-26
3299,603928,兴业股份,2023-04-26,,,,2023-04-26
3300,603931,格林达,2023-04-26,,,,2023-04-26
3301,603955,大千生态,2023-04-26,,,,2023-04-26
3302,603980,吉华集团,2023-04-26,,,,2023-04-26
3303,605018,长华集团,2023-04-26,,,,2023-04-26
3304,605081,*ST太和,2023-04-26,2023-04-28,,,2023-04-28
3305,605086,龙高股份,2023-04-26,2023-04-20,,,2023-04-20
3306,605089,味知香,2023-04-26,,,,2023-04-26
3307,605108,同庆楼,2023-04-26,,,,2023-04-26
3308,605117,德业股份,2023-04-26,2023-04-18,,,2023-04-18
3309,605118,力鼎光电,2023-04-26,,,,2023-04-26
3310,605151,西上海,2023-04-26,2023-04-25,,,2023-04-25
3311,605167,利柏特,2023-04-26,2023-04-03,,,2023-04-03
3312,605268,王力安防,2023-04-26,,,,2023-04-26
3313,605289,罗曼股份,2023-04-26,,,,2023-04-26
3314,605296,神农集团,2023-04-26,,,,2023-04-26
3315,605333,沪光股份,2023-04-26,,,,2023-04-26
3316,605365,立达信,2023-04-26,,,,2023-04-26
3317,605378,野马电池,2023-04-26,,,,2023-04-26
3318,605598,上海港湾,2023-04-26,,,,2023-04-26
3319,605599,菜百股份,2023-04-26,,,,2023-04-26
3320,688013,天臣医疗,2023-04-26,,,,2023-04-26
3321,688021,奥福科技,2023-04-26,,,,2023-04-26
3322,688029,南微医学,2023-04-26,,,,2023-04-26
3323,688036,传音控股,2023-04-26,,,,2023-04-26
3324,688047,龙芯中科,2023-04-26,,,,2023-04-26
3325,688048,长光华芯,2023-04-26,,,,2023-04-26
3326,688050,爱博医疗,2023-04-26,2023-04-19,,,2023-04-19
3327,688065,凯赛生物,2023-04-26,,,,2023-04-26
3328,688080,映翰通,2023-04-26,,,,2023-04-26
3329,688090,瑞松科技,2023-04-26,,,,2023-04-26
3330,688102,斯瑞新材,2023-04-26,,,,2023-04-26
3331,688103,国力电子,2023-04-26,2023-04-07,,,2023-04-07
3332,688107,安路科技,2023-04-26,2023-04-25,,,2023-04-25
3333,688109,品茗科技,2023-04-26,,,,2023-04-26
3334,688117,圣诺生物,2023-04-26,,,,2023-04-26
3335,688125,安达智能,2023-04-26,,,,2023-04-26
3336,688167,炬光科技,2023-04-26,,,,2023-04-26
3337,688172,燕东微,2023-04-26,,,,2023-04-26
3338,688179,阿拉丁,2023-04-26,,,,2023-04-26
3339,688182,灿勤科技,2023-04-26,,,,2023-04-26
3340,688193,仁度生物,2023-04-26,,,,2023-04-26
3341,688200,华峰测控,2023-04-26,,,,2023-04-26
3342,688202,美迪西,2023-04-26,,,,2023-04-26
3343,688215,瑞晟智能,2023-04-26,,,,2023-04-26
3344,688226,威腾电气,2023-04-26,,,,2023-04-26
3345,688231,隆达股份,2023-04-26,,,,2023-04-26
3346,688235,百济神州,2023-04-26,,,,2023-04-26
3347,688272,富吉瑞,2023-04-26,,,,2023-04-26
3348,688273,麦澜德,2023-04-26,,,,2023-04-26
3349,688277,天智航,2023-04-26,,,,2023-04-26
3350,688279,峰岹科技,2023-04-26,,,,2023-04-26
3351,688282,理工导航,2023-04-26,,,,2023-04-26
3352,688287,*ST观典,2023-04-26,,,,2023-04-26
3353,688296,和达科技,2023-04-26,2023-04-14,,,2023-04-14
3354,688311,盟升电子,2023-04-26,2023-04-29,,,2023-04-29
3355,688316,青云科技,2023-04-26,,,,2023-04-26
3356,688319,欧林生物,2023-04-26,,,,2023-04-26
3357,688355,明志科技,2023-04-26,,,,2023-04-26
3358,688357,建龙微纳,2023-04-26,,,,2023-04-26
3359,688380,中微半导,2023-04-26,,,,2023-04-26
3360,688382,益方生物,2023-04-26,,,,2023-04-26
3361,688392,骄成超声,2023-04-26,,,,2023-04-26
3362,688400,凌云光,2023-04-26,,,,2023-04-26
3363,688426,康为世纪,2023-04-26,,,,2023-04-26
3364,688435,英方软件,2023-04-26,,,,2023-04-26
3365,688455,科捷智能,2023-04-26,,,,2023-04-26
3366,688498,源杰科技,2023-04-26,,,,2023-04-26
3367,688509,正元地信,2023-04-26,,,,2023-04-26
3368,688510,航亚科技,2023-04-26,,,,2023-04-26
3369,688515,裕太微,2023-04-26,,,,2023-04-26
3370,688520,神州细胞,2023-04-26,,,,2023-04-26
3371,688521,芯原股份,2023-04-26,2023-03-25,,,2023-03-25
3372,688560,明冠新材,2023-04-26,,,,2023-04-26
3373,688577,浙海德曼,2023-04-26,,,,2023-04-26
3374,688580,伟思医疗,2023-04-26,,,,2023-04-26
3375,688590,新致软件,2023-04-26,,,,2023-04-26
3376,688600,皖仪科技,2023-04-26,,,,2023-04-26
3377,688622,*ST禾信,2023-04-26,,,,2023-04-26
3378,688639,华恒生物,2023-04-26,,,,2023-04-26
3379,688656,浩欧博,2023-04-26,,,,2023-04-26
3380,688663,新风光,2023-04-26,,,,2023-04-26
3381,688668,鼎通科技,2023-04-26,2023-04-19,,,2023-04-19
3382,688682,霍莱沃,2023-04-26,,,,2023-04-26
3383,688690,纳微科技,2023-04-26,,,,2023-04-26
3384,688711,宏微科技,2023-04-26,,,,2023-04-26
3385,000025,特力A,2023-04-27,,,,2023-04-27
3386,000032,深桑达A,2023-04-27,2023-04-26,,,2023-04-26
3387,000061,农产品,2023-04-27,,,,2023-04-27
3388,000153,丰原药业,2023-04-27,2023-04-20,,,2023-04-20
3389,000507,珠海港,2023-04-27,,,,2023-04-27
3390,000518,*ST四环,2023-04-27,,,,2023-04-27
3391,000558,天府文旅,2023-04-27,2023-04-29,,,2023-04-29
3392,000565,渝三峡A,2023-04-27,,,,2023-04-27
3393,000659,珠海中富,2023-04-27,,,,2023-04-27
3394,000676,智度股份,2023-04-27,,,,2023-04-27
3395,000685,中山公用,2023-04-27,,,,2023-04-27
3396,000691,*ST亚太,2023-04-27,,,,2023-04-27
3397,000729,燕京啤酒,2023-04-27,2023-04-18,,,2023-04-18
3398,000762,西藏矿业,2023-04-27,,,,2023-04-27
3399,000777,中核科技,2023-04-27,,,,2023-04-27
3400,000796,凯撒旅业,2023-04-27,,2023-04-29,,2023-04-29
3401,000801,四川九洲,2023-04-27,2023-04-20,,,2023-04-20
3402,000802,北京文化,2023-04-27,,,,2023-04-27
3403,000812,陕西金叶,2023-04-27,2023-04-28,2023-04-29,,2023-04-29
3404,000826,*ST启环,2023-04-27,,,,2023-04-27
3405,000881,中广核技,2023-04-27,,,,2023-04-27
3406,000911,*ST广糖,2023-04-27,,,,2023-04-27
3407,000930,中粮科技,2023-04-27,,,,2023-04-27
3408,000931,中关村,2023-04-27,,,,2023-04-27
3409,000935,四川双马,2023-04-27,2023-04-29,,,2023-04-29
3410,000936,华西股份,2023-04-27,,,,2023-04-27
3411,000937,冀中能源,2023-04-27,,,,2023-04-27
3412,000950,重药控股,2023-04-27,,,,2023-04-27
3413,000955,欣龙控股,2023-04-27,,,,2023-04-27
3414,000968,蓝焰控股,2023-04-27,,,,2023-04-27
3415,001213,中铁特货,2023-04-27,,,,2023-04-27
3416,001301,尚太科技,2023-04-27,,,,2023-04-27
3417,001317,三羊马,2023-04-27,,,,2023-04-27
3418,001331,胜通能源,2023-04-27,,,,2023-04-27
3419,002055,ST得润,2023-04-27,,,,2023-04-27
3420,002088,鲁阳节能,2023-04-27,2023-04-29,,,2023-04-29
3421,002098,浔兴股份,2023-04-27,,,,2023-04-27
3422,002116,中国海诚,2023-04-27,,,,2023-04-27
3423,002150,正泰电源,2023-04-27,,,,2023-04-27
3424,002163,海南发展,2023-04-27,,,,2023-04-27
3425,002189,中光学,2023-04-27,,,,2023-04-27
3426,002215,诺普信,2023-04-27,,,,2023-04-27
3427,002229,鸿博股份,2023-04-27,2023-04-04,,,2023-04-04
3428,002289,*ST宇顺,2023-04-27,,,,2023-04-27
3429,002338,奥普光电,2023-04-27,,,,2023-04-27
3430,002358,森源电气,2023-04-27,,,,2023-04-27
3431,002420,毅昌科技,2023-04-27,,,,2023-04-27
3432,002425,凯撒文化,2023-04-27,,,,2023-04-27
3433,002459,晶澳科技,2023-04-27,2023-03-23,,,2023-03-23
3434,002501,*ST利源,2023-04-27,,,,2023-04-27
3435,002506,协鑫集成,2023-04-27,,,,2023-04-27
3436,002529,*ST海源,2023-04-27,,,,2023-04-27
3437,002535,林州重机,2023-04-27,2023-04-25,,,2023-04-25
3438,002556,辉隆股份,2023-04-27,,,,2023-04-27
3439,002565,顺灏股份,2023-04-27,,,,2023-04-27
3440,002569,*ST步森,2023-04-27,2023-04-29,,,2023-04-29
3441,002581,*ST未名,2023-04-27,,,,2023-04-27
3442,002597,金禾实业,2023-04-27,,,,2023-04-27
3443,002606,大连电瓷,2023-04-27,,,,2023-04-27
3444,002613,北玻股份,2023-04-27,,,,2023-04-27
3445,002614,奥佳华,2023-04-27,,,,2023-04-27
3446,002630,*ST华西,2023-04-27,,,,2023-04-27
3447,002646,天佑德酒,2023-04-27,,,,2023-04-27
3448,002651,利君股份,2023-04-27,,,,2023-04-27
3449,002654,万润科技,2023-04-27,,,,2023-04-27
3450,002696,百洋股份,2023-04-27,,,,2023-04-27
3451,002701,奥瑞金,2023-04-27,,,,2023-04-27
3452,002719,ST麦趣,2023-04-27,,,,2023-04-27
3453,002721,金一文化,2023-04-27,2023-04-29,,,2023-04-30
3454,002738,中矿资源,2023-04-27,,,,2023-04-27
3455,002758,浙农股份,2023-04-27,,,,2023-04-27
3456,002771,真视通,2023-04-27,,,,2023-04-27
3457,002806,华锋股份,2023-04-27,,,,2023-04-27
3458,002816,*ST和科,2023-04-27,,,,2023-04-27
3459,002822,ST中装,2023-04-27,,,,2023-04-27
3460,002826,易明医药,2023-04-27,,,,2023-04-27
3461,002827,高争民爆,2023-04-27,2023-04-21,,,2023-04-21
3462,002831,裕同科技,2023-04-27,,,,2023-04-27
3463,002852,道道全,2023-04-27,,,,2023-04-27
3464,002853,皮阿诺,2023-04-27,,,,2023-04-27
3465,002855,捷荣技术,2023-04-27,,,,2023-04-27
3466,002861,瀛通通讯,2023-04-27,,,,2023-04-27
3467,002872,ST天圣,2023-04-27,,,,2023-04-27
3468,002917,金奥博,2023-04-27,,,,2023-04-27
3469,002919,名臣健康,2023-04-27,,,,2023-04-27
3470,002923,润都股份,2023-04-27,,,,2023-04-27
3471,002937,兴瑞科技,2023-04-27,,,,2023-04-27
3472,002952,亚世光电,2023-04-27,,,,2023-04-27
3473,002956,西麦食品,2023-04-27,,,,2023-04-27
3474,002977,*ST天箭,2023-04-27,,,,2023-04-27
3475,002991,甘源食品,2023-04-27,,,,2023-04-27
3476,003005,竞业达,2023-04-27,,,,2023-04-27
3477,003012,东鹏控股,2023-04-27,,,,2023-04-27
3478,300005,探路者,2023-04-27,,,,2023-04-27
3479,300013,新宁物流,2023-04-27,,,,2023-04-27
3480,300024,机器人,2023-04-27,2023-04-14,,,2023-04-14
3481,300030,阳普医疗,2023-04-27,,,,2023-04-27
3482,300031,宝通科技,2023-04-27,,,,2023-04-27
3483,300034,钢研高纳,2023-04-27,,,,2023-04-27
3484,300049,福瑞医科,2023-04-27,,,,2023-04-27
3485,300050,世纪鼎利,2023-04-27,,,,2023-04-27
3486,300058,蓝色光标,2023-04-27,2023-04-20,,,2023-04-20
3487,300061,旗天科技,2023-04-27,,,,2023-04-27
3488,300067,安诺其,2023-04-27,,,,2023-04-27
3489,300069,金利华电,2023-04-27,,,,2023-04-27
3490,300071,福石控股,2023-04-27,,,,2023-04-27
3491,300096,ST易联众,2023-04-27,,,,2023-04-27
3492,300109,新开源,2023-04-27,,,,2023-04-27
3493,300123,ST亚光,2023-04-27,,,,2023-04-27
3494,300132,青松股份,2023-04-27,,,,2023-04-27
3495,300149,睿智医药,2023-04-27,,,,2023-04-27
3496,300155,安居宝,2023-04-27,,,,2023-04-27
3497,300165,天瑞仪器,2023-04-27,,,,2023-04-27
3498,300166,东方国信,2023-04-27,,,,2023-04-27
3499,300167,ST迪威迅,2023-04-27,,,,2023-04-27
3500,300171,东富龙,2023-04-27,,,,2023-04-27
3501,300174,元力股份,2023-04-27,,,,2023-04-27
3502,300182,捷成股份,2023-04-27,,,,2023-04-27
3503,300195,长荣股份,2023-04-27,,,,2023-04-27
3504,300199,翰宇药业,2023-04-27,,,,2023-04-27
3505,300203,聚光科技,2023-04-27,,,,2023-04-27
3506,300207,欣旺达,2023-04-27,,,,2023-04-27
3507,300225,*ST金泰,2023-04-27,,,,2023-04-27
3508,300228,富瑞特装,2023-04-27,,,,2023-04-27
3509,300236,上海新阳,2023-04-27,,,,2023-04-27
3510,300241,瑞丰光电,2023-04-27,,,,2023-04-27
3511,300246,宝莱特,2023-04-27,2023-04-19,,,2023-04-19
3512,300248,新开普,2023-04-27,,,,2023-04-27
3513,300250,初灵信息,2023-04-27,,,,2023-04-27
3514,300260,新莱应材,2023-04-27,,,,2023-04-27
3515,300264,佳创视讯,2023-04-27,,,,2023-04-27
3516,300266,兴源环境,2023-04-27,2023-03-31,,,2023-03-31
3517,300267,尔康制药,2023-04-27,,,,2023-04-27
3518,300301,ST长方,2023-04-27,2023-04-29,,,2023-04-29
3519,300315,掌趣科技,2023-04-27,,,,2023-04-27
3520,300322,硕贝德,2023-04-27,,,,2023-04-27
3521,300323,华灿光电,2023-04-27,,,,2023-04-27
3522,300328,宜安科技,2023-04-27,,,,2023-04-27
3523,300335,迪森股份,2023-04-27,,,,2023-04-27
3524,300340,科恒股份,2023-04-27,,,,2023-04-27
3525,300376,易事特,2023-04-27,,,,2023-04-27
3526,300377,赢时胜,2023-04-27,,,,2023-04-27
3527,300382,斯莱克,2023-04-27,,,,2023-04-27
3528,300405,科隆股份,2023-04-27,,,,2023-04-27
3529,300410,正业科技,2023-04-27,,,,2023-04-27
3530,300411,金盾股份,2023-04-27,,,,2023-04-27
3531,300417,南华仪器,2023-04-27,2023-04-15,,,2023-04-15
3532,300424,航新科技,2023-04-27,,,,2023-04-27
3533,300427,红相股份,2023-04-27,2023-04-29,,,2023-04-29
3534,300430,*ST益通,2023-04-27,,,,2023-04-27
3535,300438,鹏辉能源,2023-04-27,,,,2023-04-27
3536,300440,运达科技,2023-04-27,2023-04-28,,,2023-04-28
3537,300444,双杰电气,2023-04-27,,,,2023-04-27
3538,300473,德尔股份,2023-04-27,,,,2023-04-27
3539,300477,ST合纵,2023-04-27,,,,2023-04-27
3540,300478,杭州高新,2023-04-27,,,,2023-04-27
3541,300492,华图山鼎,2023-04-27,,,,2023-04-27
3542,300502,新易盛,2023-04-27,,,,2023-04-27
3543,300509,新美星,2023-04-27,,,,2023-04-27
3544,300510,金冠股份,2023-04-27,,,,2023-04-27
3545,300512,中亚股份,2023-04-27,,,,2023-04-27
3546,300513,恒实科技,2023-04-27,,,,2023-04-27
3547,300518,新迅达,2023-04-27,,,,2023-04-27
3548,300537,广信材料,2023-04-27,,,,2023-04-27
3549,300539,横河精密,2023-04-27,,,,2023-04-27
3550,300543,朗科智能,2023-04-27,,,,2023-04-27
3551,300550,和仁科技,2023-04-27,,,,2023-04-27
3552,300554,三超新材,2023-04-27,,,,2023-04-27
3553,300555,ST路通,2023-04-27,2023-04-28,,,2023-04-28
3554,300560,中富通,2023-04-27,,,,2023-04-27
3555,300561,*ST汇科,2023-04-27,2023-04-18,,,2023-04-18
3556,300565,科信技术,2023-04-27,,,,2023-04-27
3557,300566,激智科技,2023-04-27,,,,2023-04-27
3558,300577,开润股份,2023-04-27,,,,2023-04-27
3559,300581,晨曦航空,2023-04-27,,,,2023-04-27
3560,300586,美联新材,2023-04-27,2023-03-28,,,2023-03-28
3561,300587,天铁科技,2023-04-27,,,,2023-04-27
3562,300588,熙菱信息,2023-04-27,,,,2023-04-27
3563,300599,雄塑科技,2023-04-27,,,,2023-04-27
3564,300603,立昂技术,2023-04-27,,,,2023-04-27
3565,300605,恒锋信息,2023-04-27,,,,2023-04-27
3566,300611,美力科技,2023-04-27,,,,2023-04-27
3567,300622,博士眼镜,2023-04-27,,,,2023-04-27
3568,300635,中达安,2023-04-27,,,,2023-04-27
3569,300640,德艺文创,2023-04-27,,,,2023-04-27
3570,300645,正元智慧,2023-04-27,,,,2023-04-27
3571,300647,超频三,2023-04-27,,,,2023-04-27
3572,300652,雷迪克,2023-04-27,,,,2023-04-27
3573,300657,弘信电子,2023-04-27,,,,2023-04-27
3574,300664,鹏鹞环保,2023-04-27,,,,2023-04-27
3575,300672,国科微,2023-04-27,,,,2023-04-27
3576,300679,电连技术,2023-04-27,,,,2023-04-27
3577,300684,中石科技,2023-04-27,,,,2023-04-27
3578,300698,万马科技,2023-04-27,,,,2023-04-27
3579,300702,天宇股份,2023-04-27,,,,2023-04-27
3580,300709,精研科技,2023-04-27,,,,2023-04-27
3581,300712,永福股份,2023-04-27,,,,2023-04-27
3582,300713,英可瑞,2023-04-27,,,,2023-04-27
3583,300737,科顺股份,2023-04-27,,,,2023-04-27
3584,300749,顶固集创,2023-04-27,,,,2023-04-27
3585,300756,金马游乐,2023-04-27,,,,2023-04-27
3586,300773,拉卡拉,2023-04-27,2023-04-28,,,2023-04-28
3587,300776,帝尔激光,2023-04-27,,,,2023-04-27
3588,300789,唐源电气,2023-04-27,,,,2023-04-27
3589,300792,壹网壹创,2023-04-27,,,,2023-04-27
3590,300793,佳禾智能,2023-04-27,,,,2023-04-27
3591,300812,易天股份,2023-04-27,,,,2023-04-27
3592,300816,艾可蓝,2023-04-27,,,,2023-04-27
3593,300819,聚杰微纤,2023-04-27,,,,2023-04-27
3594,300827,上能电气,2023-04-27,,,,2023-04-27
3595,300840,酷特智能,2023-04-27,,,,2023-04-27
3596,300842,帝科股份,2023-04-27,,,,2023-04-27
3597,300843,胜蓝股份,2023-04-27,,,,2023-04-27
3598,300859,西域旅游,2023-04-27,,,,2023-04-27
3599,300869,康泰医学,2023-04-27,,,,2023-04-27
3600,300871,回盛生物,2023-04-27,,,,2023-04-27
3601,300891,惠云钛业,2023-04-27,,,,2023-04-27
3602,300919,中伟新材,2023-04-27,,,,2023-04-27
3603,300931,通用电梯,2023-04-27,,,,2023-04-27
3604,300932,三友联众,2023-04-27,,,,2023-04-27
3605,300933,中辰股份,2023-04-27,,,,2023-04-27
3606,300949,奥雅股份,2023-04-27,,,,2023-04-27
3607,300961,深水海纳,2023-04-27,,,,2023-04-27
3608,300965,恒宇信通,2023-04-27,,,,2023-04-27
3609,300976,达瑞电子,2023-04-27,,,,2023-04-27
3610,300977,深圳瑞捷,2023-04-27,,,,2023-04-27
3611,300984,金沃股份,2023-04-27,,,,2023-04-27
3612,300986,志特新材,2023-04-27,,,,2023-04-27
3613,300987,川网传媒,2023-04-27,,,,2023-04-27
3614,300995,奇德新材,2023-04-27,,,,2023-04-27
3615,301013,利和兴,2023-04-27,,,,2023-04-27
3616,301017,漱玉平民,2023-04-27,,,,2023-04-27
3617,301026,浩通科技,2023-04-27,,,,2023-04-27
3618,301032,新柴股份,2023-04-27,,,,2023-04-27
3619,301033,迈普医学,2023-04-27,,,,2023-04-27
3620,301037,保立佳,2023-04-27,,,,2023-04-27
3621,301038,深水规院,2023-04-27,2023-04-18,,,2023-04-18
3622,301041,金百泽,2023-04-27,,,,2023-04-27
3623,301043,绿岛风,2023-04-27,,,,2023-04-27
3624,301057,汇隆新材,2023-04-27,2023-03-31,,,2023-03-31
3625,301060,兰卫医学,2023-04-27,,,,2023-04-27
3626,301065,本立科技,2023-04-27,,,,2023-04-27
3627,301066,万事利,2023-04-27,,,,2023-04-27
3628,301073,君亭酒店,2023-04-27,,,,2023-04-27
3629,301107,瑜欣电子,2023-04-27,,,,2023-04-27
3630,301125,腾亚精工,2023-04-27,,,,2023-04-27
3631,301135,瑞德智能,2023-04-27,,,,2023-04-27
3632,301155,海力风电,2023-04-27,,,,2023-04-27
3633,301166,优宁维,2023-04-27,,,,2023-04-27
3634,301185,鸥玛软件,2023-04-27,,,,2023-04-27
3635,301186,超达装备,2023-04-27,,,,2023-04-27
3636,301188,力诺药包,2023-04-27,,,,2023-04-27
3637,301203,国泰环保,2023-04-27,,,,2023-04-27
3638,301206,三元生物,2023-04-27,,,,2023-04-27
3639,301219,腾远钴业,2023-04-27,,,,2023-04-27
3640,301228,实朴检测,2023-04-27,,,,2023-04-27
3641,301257,普蕊斯,2023-04-27,,,,2023-04-27
3642,301259,艾布鲁,2023-04-27,,,,2023-04-27
3643,301263,泰恩康,2023-04-27,,,,2023-04-27
3644,301297,富乐德,2023-04-27,,,,2023-04-27
3645,301338,凯格精机,2023-04-27,,,,2023-04-27
3646,301357,北方长龙,2023-04-27,,,,2023-04-27
3647,301398,星源卓镁,2023-04-27,,,,2023-04-27
3648,301429,森泰股份,2023-04-27,,,,2023-04-27
3649,600037,歌华有线,2023-04-27,,,,2023-04-27
3650,600114,东睦股份,2023-04-27,,,,2023-04-27
3651,600131,国网信通,2023-04-27,,,,2023-04-27
3652,600169,ST太重,2023-04-27,,,,2023-04-27
3653,600180,*ST瑞茂,2023-04-27,,,,2023-04-27
3654,600382,广东明珠,2023-04-27,,,,2023-04-27
3655,600390,五矿资本,2023-04-27,,,,2023-04-27
3656,600429,三元股份,2023-04-27,,,,2023-04-27
3657,600489,中金黄金,2023-04-27,,,,2023-04-27
3658,600503,华丽家族,2023-04-27,,,,2023-04-27
3659,600517,国网英大,2023-04-27,,,,2023-04-27
3660,600545,卓郎智能,2023-04-27,2023-04-29,,,2023-04-29
3661,600559,老白干酒,2023-04-27,,,,2023-04-27
3662,600562,国睿科技,2023-04-27,,,,2023-04-27
3663,600578,京能电力,2023-04-27,,,,2023-04-27
3664,600592,龙溪股份,2023-04-27,,,,2023-04-27
3665,600617,国新能源,2023-04-27,,,,2023-04-27
3666,600726,华电能源,2023-04-27,,,,2023-04-27
3667,600764,中国海防,2023-04-27,,,,2023-04-27
3668,600771,广誉远,2023-04-27,2023-04-08,2023-04-22,,2023-04-22
3669,600778,友好集团,2023-04-27,,,,2023-04-27
3670,600780,通宝能源,2023-04-27,,,,2023-04-27
3671,600790,轻纺城,2023-04-27,,,,2023-04-27
3672,600792,云煤能源,2023-04-27,,,,2023-04-27
3673,600796,钱江生化,2023-04-27,,,,2023-04-27
3674,600917,重庆燃气,2023-04-27,2023-04-29,,,2023-04-29
3675,600939,重庆建工,2023-04-27,,,,2023-04-27
3676,600960,渤海汽车,2023-04-27,,,,2023-04-27
3677,601006,大秦铁路,2023-04-27,,,,2023-04-27
3678,601020,华钰矿业,2023-04-27,,,,2023-04-27
3679,601065,江盐集团,2023-04-27,,,,2023-04-27
3680,601133,柏诚股份,2023-04-27,,,,2023-04-27
3681,601163,三角轮胎,2023-04-27,,,,2023-04-27
3682,601225,陕西煤业,2023-04-27,,,,2023-04-27
3683,601595,上海电影,2023-04-27,,,,2023-04-27
3684,601669,中国电建,2023-04-27,,,,2023-04-27
3685,601702,华峰铝业,2023-04-27,,,,2023-04-27
3686,601985,中国核电,2023-04-27,,,,2023-04-27
3687,603006,联明股份,2023-04-27,,,,2023-04-27
3688,603020,爱普股份,2023-04-27,,,,2023-04-27
3689,603038,华立股份,2023-04-27,,,,2023-04-27
3690,603060,国检集团,2023-04-27,,,,2023-04-27
3691,603068,博通集成,2023-04-27,,,,2023-04-27
3692,603073,彩蝶实业,2023-04-27,,,,2023-04-27
3693,603160,汇顶科技,2023-04-27,,,,2023-04-27
3694,603185,弘元绿能,2023-04-27,,,,2023-04-27
3695,603190,亚通精工,2023-04-27,,,,2023-04-27
3696,603196,璞源材料,2023-04-27,,,,2023-04-27
3697,603197,保隆科技,2023-04-27,,,,2023-04-27
3698,603206,嘉环科技,2023-04-27,,,,2023-04-27
3699,603213,镇洋发展,2023-04-27,2023-04-20,,,2023-04-20
3700,603227,雪峰科技,2023-04-27,,,,2023-04-27
3701,603232,格尔软件,2023-04-27,,,,2023-04-27
3702,603268,松发股份,2023-04-27,,,,2023-04-27
3703,603279,景津装备,2023-04-27,,,,2023-04-27
3704,603321,梅轮电梯,2023-04-27,,,,2023-04-27
3705,603331,百达精工,2023-04-27,,,,2023-04-27
3706,603338,浙江鼎力,2023-04-27,,,,2023-04-27
3707,603387,基蛋生物,2023-04-27,,,,2023-04-27
3708,603416,信捷电气,2023-04-27,,,,2023-04-27
3709,603488,展鹏科技,2023-04-27,,,,2023-04-27
3710,603515,欧普照明,2023-04-27,,,,2023-04-27
3711,603528,多伦科技,2023-04-27,,,,2023-04-27
3712,603569,长久物流,2023-04-27,,,,2023-04-27
3713,603607,京华激光,2023-04-27,,,,2023-04-27
3714,603656,泰禾智能,2023-04-27,,,,2023-04-27
3715,603680,今创集团,2023-04-27,,,,2023-04-27
3716,603685,晨丰科技,2023-04-27,,,,2023-04-27
3717,603709,中源家居,2023-04-27,,,,2023-04-27
3718,603716,塞力医疗,2023-04-27,,,,2023-04-27
3719,603738,泰晶科技,2023-04-27,,,,2023-04-27
3720,603739,蔚蓝生物,2023-04-27,,,,2023-04-27
3721,603773,沃格光电,2023-04-27,,,,2023-04-27
3722,603777,来伊份,2023-04-27,,,,2023-04-27
3723,603778,国晟科技,2023-04-27,,,,2023-04-27
3724,603797,联泰环保,2023-04-27,,,,2023-04-27
3725,603801,志邦家居,2023-04-27,,,,2023-04-27
3726,603815,交建股份,2023-04-27,,,,2023-04-27
3727,603839,安正时尚,2023-04-27,,,,2023-04-27
3728,603848,好太太,2023-04-27,,,,2023-04-27
3729,603855,华荣股份,2023-04-27,,,,2023-04-27
3730,603863,松炀资源,2023-04-27,,,,2023-04-27
3731,603906,龙蟠科技,2023-04-27,,,,2023-04-27
3732,603908,牧高笛,2023-04-27,,,,2023-04-27
3733,603918,金桥信息,2023-04-27,,,,2023-04-27
3734,603948,建业股份,2023-04-27,,,,2023-04-27
3735,603976,正川股份,2023-04-27,,,,2023-04-27
3736,603991,至正股份,2023-04-27,,,,2023-04-27
3737,603999,读者传媒,2023-04-27,,,,2023-04-27
3738,605001,威奥股份,2023-04-27,,,,2023-04-27
3739,605003,众望布艺,2023-04-27,,,,2023-04-27
3740,605008,长鸿高科,2023-04-27,,,,2023-04-27
3741,605055,迎丰股份,2023-04-27,,,,2023-04-27
3742,605069,正和生态,2023-04-27,,,,2023-04-27
3743,605080,浙江自然,2023-04-27,,,,2023-04-27
3744,605122,四方新材,2023-04-27,,,,2023-04-27
3745,605155,西大门,2023-04-27,,,,2023-04-27
3746,605162,新中港,2023-04-27,,,,2023-04-27
3747,605222,起帆电缆,2023-04-27,,,,2023-04-27
3748,605266,健之佳,2023-04-27,,,,2023-04-27
3749,605277,新亚电子,2023-04-27,,,,2023-04-27
3750,605318,法狮龙,2023-04-27,,,,2023-04-27
3751,605337,李子园,2023-04-27,,,,2023-04-27
3752,605567,春雪食品,2023-04-27,,,,2023-04-27
3753,688006,杭可科技,2023-04-27,,,,2023-04-27
3754,688022,ST瀚川,2023-04-27,2023-04-29,,,2023-04-29
3755,688023,安恒信息,2023-04-27,2023-04-29,,,2023-04-29
3756,688027,国盾量子,2023-04-27,,,,2023-04-27
3757,688032,禾迈股份,2023-04-27,,,,2023-04-27
3758,688067,爱威科技,2023-04-27,,,,2023-04-27
3759,688095,福昕软件,2023-04-27,,,,2023-04-27
3760,688098,申联生物,2023-04-27,,,,2023-04-27
3761,688105,诺唯赞,2023-04-27,,,,2023-04-27
3762,688108,赛诺医疗,2023-04-27,,,,2023-04-27
3763,688112,鼎阳科技,2023-04-27,,,,2023-04-27
3764,688113,联测科技,2023-04-27,,,,2023-04-27
3765,688137,近岸蛋白,2023-04-27,,,,2023-04-27
3766,688152,麒麟信安,2023-04-27,,,,2023-04-27
3767,688153,唯捷创芯,2023-04-27,,,,2023-04-27
3768,688165,埃夫特,2023-04-27,,,,2023-04-27
3769,688169,石头科技,2023-04-27,,,,2023-04-27
3770,688170,德龙激光,2023-04-27,,,,2023-04-27
3771,688171,纬德信息,2023-04-27,,,,2023-04-27
3772,688177,百奥泰,2023-04-27,,,,2023-04-27
3773,688191,智洋创新,2023-04-27,,,,2023-04-27
3774,688229,博睿数据,2023-04-27,,,,2023-04-27
3775,688267,中触媒,2023-04-27,,,,2023-04-27
3776,688305,科德数控,2023-04-27,,,,2023-04-27
3777,688310,迈得医疗,2023-04-27,,,,2023-04-27
3778,688367,工大高科,2023-04-27,,,,2023-04-27
3779,688390,固德威,2023-04-27,,,,2023-04-27
3780,688399,硕世生物,2023-04-27,,,,2023-04-27
3781,688409,富创精密,2023-04-27,,,,2023-04-27
3782,688418,震有科技,2023-04-27,2023-04-07,,,2023-04-07
3783,688428,诺诚健华,2023-04-27,,,,2023-04-27
3784,688538,和辉光电,2023-04-27,,,,2023-04-27
3785,688579,地纬智能,2023-04-27,2023-04-14,,,2023-04-14
3786,688616,西力科技,2023-04-27,,,,2023-04-27
3787,688768,容知日新,2023-04-27,2023-04-11,,,2023-04-11
3788,688777,中控技术,2023-04-27,,,,2023-04-27
3789,688789,宏华数科,2023-04-27,,,,2023-04-27
3790,000006,深振业A,2023-04-28,,,,2023-04-28
3791,000007,全新好,2023-04-28,2023-04-29,,,2023-04-29
3792,000010,*ST美丽,2023-04-28,,,,2023-04-28
3793,000049,德赛电池,2023-04-28,,,,2023-04-28
3794,000070,特发信息,2023-04-28,,,,2023-04-28
3795,000078,ST海王,2023-04-28,,,,2023-04-28
3796,000428,华天酒店,2023-04-28,,,,2023-04-28
3797,000506,招金黄金,2023-04-28,,,,2023-04-28
3798,000520,凤凰航运,2023-04-28,,,,2023-04-28
3799,000529,广弘控股,2023-04-28,,,,2023-04-28
3800,000543,皖能电力,2023-04-28,,,,2023-04-28
3801,000546,金圆股份,2023-04-28,2023-04-29,,,2023-04-29
3802,000552,甘肃能化,2023-04-28,,,,2023-04-28
3803,000554,泰山石油,2023-04-28,,,,2023-04-28
3804,000560,我爱我家,2023-04-28,,,,2023-04-28
3805,000563,陕国投A,2023-04-28,,,,2023-04-28
3806,000600,建投能源,2023-04-28,2023-04-27,,,2023-04-27
3807,000615,*ST美谷,2023-04-28,2023-04-29,,,2023-04-29
3808,000639,ST西王,2023-04-28,,,,2023-04-28
3809,000657,中钨高新,2023-04-28,,,,2023-04-28
3810,000668,*ST荣控,2023-04-28,,,,2023-04-28
3811,000678,襄阳轴承,2023-04-28,,,,2023-04-28
3812,000681,视觉中国,2023-04-28,,,,2023-04-28
3813,000695,滨海能源,2023-04-28,2023-04-21,,,2023-04-21
3814,000697,炼石航空,2023-04-28,2023-03-22,,,2023-03-22
3815,000709,河钢股份,2023-04-28,,,,2023-04-28
3816,000711,ST京蓝,2023-04-28,,,,2023-04-28
3817,000717,中南股份,2023-04-28,,,,2023-04-28
3818,000733,振华科技,2023-04-28,,,,2023-04-28
3819,000750,国海证券,2023-04-28,,,,2023-04-28
3820,000755,山西高速,2023-04-28,,,,2023-04-28
3821,000758,中色股份,2023-04-28,,,,2023-04-28
3822,000767,晋控电力,2023-04-28,,,,2023-04-28
3823,000785,居然智家,2023-04-28,,,,2023-04-28
3824,000788,北大医药,2023-04-28,,,,2023-04-28
3825,000790,华神科技,2023-04-28,,,,2023-04-28
3826,000799,酒鬼酒,2023-04-28,2023-04-29,,,2023-04-29
3827,000818,航锦科技,2023-04-28,,,,2023-04-28
3828,000839,国安股份,2023-04-28,,,,2023-04-28
3829,000852,石化机械,2023-04-28,,,,2023-04-28
3830,000875,电投绿能,2023-04-28,,,,2023-04-28
3831,000882,华联股份,2023-04-28,,,,2023-04-28
3832,000883,湖北能源,2023-04-28,,,,2023-04-28
3833,000886,海南高速,2023-04-28,2023-04-19,,,2023-04-19
3834,000888,峨眉山A,2023-04-28,,,,2023-04-28
3835,000889,中嘉博创,2023-04-28,,,,2023-04-28
3836,000893,亚钾国际,2023-04-28,2023-04-01,,,2023-04-01
3837,000917,电广传媒,2023-04-28,,,,2023-04-28
3838,000923,河钢资源,2023-04-28,,,,2023-04-28
3839,000959,首钢股份,2023-04-28,2023-04-21,,,2023-04-21
3840,001201,东瑞股份,2023-04-28,,,,2023-04-28
3841,001208,华菱线缆,2023-04-28,,,,2023-04-28
3842,001210,金房能源,2023-04-28,,,,2023-04-28
3843,001229,魅视科技,2023-04-28,2023-04-25,,,2023-04-25
3844,001230,劲旅环境,2023-04-28,,,,2023-04-28
3845,001231,农心科技,2023-04-28,,,,2023-04-28
3846,001234,泰慕士,2023-04-28,,,,2023-04-28
3847,001238,浙江正特,2023-04-28,,,,2023-04-28
3848,001300,三柏硕,2023-04-28,,,,2023-04-28
3849,001313,粤海饲料,2023-04-28,,,,2023-04-28
3850,001319,铭科精技,2023-04-28,,,,2023-04-28
3851,001339,智微智能,2023-04-28,,,,2023-04-28
3852,001368,通达创智,2023-04-28,,,,2023-04-28
3853,002015,协鑫能科,2023-04-28,,,,2023-04-28
3854,002016,世荣兆业,2023-04-28,,,,2023-04-28
3855,002021,中捷资源,2023-04-28,,,,2023-04-28
3856,002023,海特高新,2023-04-28,,,,2023-04-28
3857,002037,保利联合,2023-04-28,,,,2023-04-28
3858,002043,兔宝宝,2023-04-28,,,,2023-04-28
3859,002048,宁波华翔,2023-04-28,,,,2023-04-28
3860,002058,*ST威尔,2023-04-28,,,,2023-04-28
3861,002064,华峰化学,2023-04-28,,,,2023-04-28
3862,002074,国轩高科,2023-04-28,,,,2023-04-28
3863,002077,大港股份,2023-04-28,,,,2023-04-28
3864,002109,ST兴化,2023-04-28,,,,2023-04-28
3865,002110,三钢闽光,2023-04-28,,,,2023-04-28
3866,002145,钛能化学,2023-04-28,,,,2023-04-28
3867,002153,石基信息,2023-04-28,,,,2023-04-28
3868,002171,楚江新材,2023-04-28,,,,2023-04-28
3869,002173,创新医疗,2023-04-28,,,,2023-04-28
3870,002184,海得控制,2023-04-28,,,,2023-04-28
3871,002207,*ST准油,2023-04-28,2023-03-21,,,2023-03-21
3872,002221,东华能源,2023-04-28,,,,2023-04-28
3873,002223,鱼跃医疗,2023-04-28,,,,2023-04-28
3874,002224,三力士,2023-04-28,,,,2023-04-28
3875,002236,大华股份,2023-04-28,,,,2023-04-28
3876,002239,奥特佳,2023-04-28,,,,2023-04-28
3877,002251,步步高,2023-04-28,,,,2023-04-28
3878,002259,升达林业,2023-04-28,,,,2023-04-28
3879,002261,拓维信息,2023-04-28,,,,2023-04-28
3880,002274,华昌化工,2023-04-28,,,,2023-04-28
3881,002275,桂林三金,2023-04-28,,,,2023-04-28
3882,002286,保龄宝,2023-04-28,,,,2023-04-28
3883,002287,奇正藏药,2023-04-28,,,,2023-04-28
3884,002298,中电鑫龙,2023-04-28,,,,2023-04-28
3885,002331,皖通科技,2023-04-28,2023-04-26,,,2023-04-26
3886,002333,罗普斯金,2023-04-28,,,,2023-04-28
3887,002361,神剑股份,2023-04-28,,,,2023-04-28
3888,002366,融发核电,2023-04-28,2023-04-26,,,2023-04-26
3889,002369,卓翼科技,2023-04-28,,,,2023-04-28
3890,002380,科远智慧,2023-04-28,2023-04-26,,,2023-04-26
3891,002383,合众思壮,2023-04-28,,,,2023-04-28
3892,002387,维信诺,2023-04-28,,,,2023-04-28
3893,002388,新亚制程,2023-04-28,,,,2023-04-28
3894,002392,北京利尔,2023-04-28,2023-03-24,,,2023-03-24
3895,002409,雅克科技,2023-04-28,,,,2023-04-28
3896,002418,康盛股份,2023-04-28,,,,2023-04-28
3897,002431,ST棕榈,2023-04-28,,,,2023-04-28
3898,002442,龙星科技,2023-04-28,2023-04-18,,,2023-04-18
3899,002446,盛路通信,2023-04-28,,,,2023-04-28
3900,002448,中原内配,2023-04-28,,,,2023-04-28
3901,002454,松芝股份,2023-04-28,,,,2023-04-28
3902,002456,欧菲光,2023-04-28,,,,2023-04-28
3903,002475,立讯精密,2023-04-28,,,,2023-04-28
3904,002496,*ST辉丰,2023-04-28,,,,2023-04-28
3905,002497,雅化集团,2023-04-28,,,,2023-04-28
3906,002500,山西证券,2023-04-28,,,,2023-04-28
3907,002510,天汽模,2023-04-28,,,,2023-04-28
3908,002512,ST达华,2023-04-28,,,,2023-04-28
3909,002517,恺英网络,2023-04-28,2023-04-27,,,2023-04-27
3910,002520,日发精机,2023-04-28,,,,2023-04-28
3911,002549,凯美特气,2023-04-28,,,,2023-04-28
3912,002567,唐人神,2023-04-28,,,,2023-04-28
3913,002568,百润股份,2023-04-28,,,,2023-04-28
3914,002575,群兴玩具,2023-04-28,,,,2023-04-28
3915,002576,通达动力,2023-04-28,,,,2023-04-28
3916,002582,好想你,2023-04-28,,,,2023-04-28
3917,002601,龙佰集团,2023-04-28,,,,2023-04-28
3918,002607,中公教育,2023-04-28,,,,2023-04-28
3919,002608,江苏国信,2023-04-28,,,,2023-04-28
3920,002620,*ST瑞和,2023-04-28,,,,2023-04-28
3921,002623,亚玛顿,2023-04-28,,,,2023-04-28
3922,002625,光启技术,2023-04-28,,,,2023-04-28
3923,002635,安洁科技,2023-04-28,2023-03-31,,,2023-03-31
3924,002638,勤上股份,2023-04-28,,,,2023-04-28
3925,002639,雪人集团,2023-04-28,,,,2023-04-28
3926,002640,跨境通,2023-04-28,,,,2023-04-28
3927,002645,华宏科技,2023-04-28,,,,2023-04-28
3928,002650,ST加加,2023-04-28,,,,2023-04-28
3929,002656,*ST摩登,2023-04-28,2023-04-29,,,2023-06-30
3930,002657,中科金财,2023-04-28,2023-04-27,2023-04-19,,2023-04-19
3931,002659,凯文教育,2023-04-28,,,,2023-04-28
3932,002668,TCL智家,2023-04-28,2023-03-08,,,2023-03-08
3933,002685,华东重机,2023-04-28,,,,2023-04-28
3934,002698,博实股份,2023-04-28,,,,2023-04-28
3935,002705,新宝股份,2023-04-28,,,,2023-04-28
3936,002714,牧原股份,2023-04-28,,,,2023-04-28
3937,002716,湖南白银,2023-04-28,2023-04-19,,,2023-04-19
3938,002723,小崧股份,2023-04-28,,,,2023-04-28
3939,002724,海洋王,2023-04-28,,,,2023-04-28
3940,002730,电光科技,2023-04-28,,,,2023-04-28
3941,002733,雄韬股份,2023-04-28,,,,2023-04-28
3942,002739,儒意电影,2023-04-28,,,,2023-04-28
3943,002752,昇兴股份,2023-04-28,,,,2023-04-28
3944,002767,先锋电子,2023-04-28,2023-04-20,,,2023-04-20
3945,002769,普路通,2023-04-28,,,,2023-04-28
3946,002773,康弘药业,2023-04-28,,,,2023-04-28
3947,002779,中坚科技,2023-04-28,,,,2023-04-28
3948,002780,三夫户外,2023-04-28,,,,2023-04-28
3949,002791,坚朗五金,2023-04-28,2023-04-29,,,2023-04-29
3950,002792,通宇通讯,2023-04-28,,,,2023-04-28
3951,002793,罗欣药业,2023-04-28,,,,2023-04-28
3952,002817,黄山胶囊,2023-04-28,,,,2023-04-28
3953,002828,贝肯能源,2023-04-28,,,,2023-04-28
3954,002832,比音勒芬,2023-04-28,,,,2023-04-28
3955,002835,同为股份,2023-04-28,,,,2023-04-28
3956,002836,新宏泽,2023-04-28,,,,2023-04-28
3957,002840,华统股份,2023-04-28,,,,2023-04-28
3958,002860,星帅尔,2023-04-28,,,,2023-04-28
3959,002875,安奈儿,2023-04-28,,,,2023-04-28
3960,002887,绿茵生态,2023-04-28,,,,2023-04-28
3961,002897,意华股份,2023-04-28,,,,2023-04-28
3962,002907,华森制药,2023-04-28,,,,2023-04-28
3963,002926,华西证券,2023-04-28,,,,2023-04-28
3964,002927,泰永长征,2023-04-28,,,,2023-04-28
3965,002930,宏川智慧,2023-04-28,,,,2023-04-28
3966,002935,天奥电子,2023-04-28,,,,2023-04-28
3967,002941,新疆交建,2023-04-28,,,,2023-04-28
3968,002942,新农股份,2023-04-28,,,,2023-04-28
3969,002969,嘉美包装,2023-04-28,,,,2023-04-28
3970,002973,侨银股份,2023-04-28,,,,2023-04-28
3971,002989,中天精装,2023-04-28,,,,2023-04-28
3972,002992,宝明科技,2023-04-28,,,,2023-04-28
3973,002993,奥海科技,2023-04-28,,,,2023-04-28
3974,002995,天地在线,2023-04-28,,,,2023-04-28
3975,003002,壶化股份,2023-04-28,,,,2023-04-28
3976,003004,*ST声迅,2023-04-28,,,,2023-04-28
3977,003019,宸展光电,2023-04-28,,,,2023-04-28
3978,003026,中晶科技,2023-04-28,,,,2023-04-28
3979,003030,祖名股份,2023-04-28,,,,2023-04-28
3980,003033,征和工业,2023-04-28,,,,2023-04-28
3981,003042,中农联合,2023-04-28,,,,2023-04-28
3982,300011,鼎汉技术,2023-04-28,2023-04-04,,,2023-04-04
3983,300032,金龙机电,2023-04-28,,,,2023-04-28
3984,300074,华平股份,2023-04-28,,,,2023-04-28
3985,300078,思创智联,2023-04-28,,,,2023-04-28
3986,300084,海默科技,2023-04-28,2023-04-12,,,2023-04-12
3987,300097,智云股份,2023-04-28,,,,2023-04-28
3988,300099,尤洛卡,2023-04-28,,,,2023-04-28
3989,300128,锦富技术,2023-04-28,2023-04-29,,,2023-04-29
3990,300131,英唐智控,2023-04-28,2023-04-22,,,2023-04-22
3991,300136,信维通信,2023-04-28,,,,2023-04-28
3992,300144,宋城演艺,2023-04-28,,,,2023-04-28
3993,300175,ST朗源,2023-04-28,,,,2023-04-28
3994,300176,鸿特科技,2023-04-28,,,,2023-04-28
3995,300198,*ST纳川,2023-04-28,,,,2023-04-28
3996,300230,永利股份,2023-04-28,,,,2023-04-28
3997,300242,佳云科技,2023-04-28,,,,2023-04-28
3998,300251,光线传媒,2023-04-28,,,,2023-04-28
3999,300252,金信诺,2023-04-28,,,,2023-04-28
4000,300300,海峡创新,2023-04-28,,,,2023-04-28
4001,300302,同有科技,2023-04-28,,,,2023-04-28
4002,300333,兆日科技,2023-04-28,,,,2023-04-28
4003,300359,全通教育,2023-04-28,,,,2023-04-28
4004,300387,富邦科技,2023-04-28,,,,2023-04-28
4005,300414,中光防雷,2023-04-28,,,,2023-04-28
4006,300429,强力新材,2023-04-28,,,,2023-04-28
4007,300461,田中精机,2023-04-28,2023-03-31,,,2023-03-31
4008,300462,ST华铭,2023-04-28,,,,2023-04-28
4009,300483,首华燃气,2023-04-28,,,,2023-04-28
4010,300493,润欣科技,2023-04-28,,,,2023-04-28
4011,300503,昊志机电,2023-04-28,,,,2023-04-28
4012,300514,友讯达,2023-04-28,2023-04-11,2023-04-28,,2023-04-28
4013,300547,川环科技,2023-04-28,,,,2023-04-28
4014,300549,优德精密,2023-04-28,,,,2023-04-28
4015,300551,古鳌科技,2023-04-28,,,,2023-04-28
4016,300562,乐心医疗,2023-04-28,,,,2023-04-28
4017,300571,平治信息,2023-04-28,,,,2023-04-28
4018,300591,万里马,2023-04-28,,,,2023-04-28
4019,300602,飞荣达,2023-04-28,,,,2023-03-28
4020,300616,尚品宅配,2023-04-28,,,,2023-04-28
4021,300626,华瑞股份,2023-04-28,,,,2023-04-28
4022,300649,杭州园林,2023-04-28,,,,2023-04-28
4023,300677,英科医疗,2023-04-28,,,,2023-04-28
4024,300680,隆盛科技,2023-04-28,2023-04-18,,,2023-04-18
4025,300687,赛意信息,2023-04-28,,,,2023-04-28
4026,300720,海川智能,2023-04-28,,,,2023-04-28
4027,300760,迈瑞医疗,2023-04-28,,,,2023-04-28
4028,300782,卓胜微,2023-04-28,,,,2023-04-28
4029,300805,电声股份,2023-04-28,,,,2023-04-28
4030,300844,山水比德,2023-04-28,,,,2023-04-28
4031,300860,锋尚文化,2023-04-28,,,,2023-04-28
4032,300878,维康药业,2023-04-28,,,,2023-04-28
4033,300948,冠中生态,2023-04-28,,,,2023-04-28
4034,300973,立高食品,2023-04-28,,,,2023-04-28
4035,300980,祥源新材,2023-04-28,,,,2023-04-28
4036,301009,可靠股份,2023-04-28,,,,2023-04-28
4037,301018,申菱环境,2023-04-28,,,,2023-04-28
4038,301022,海泰科,2023-04-28,,,,2023-04-28
4039,301023,奕帆传动,2023-04-28,,,,2023-04-28
4040,301056,森赫股份,2023-04-28,,,,2023-04-28
4041,301111,粤万年青,2023-04-28,,,,2023-04-28
4042,301131,聚赛龙,2023-04-28,2023-04-18,,,2023-04-18
4043,301136,招标股份,2023-04-28,,,,2023-04-28
4044,301161,唯万密封,2023-04-28,,,,2023-04-28
4045,301171,易点天下,2023-04-28,,,,2023-04-28
4046,301189,奥尼电子,2023-04-28,,,,2023-04-28
4047,301197,工大科雅,2023-04-28,,,,2023-04-28
4048,301246,宏源药业,2023-04-28,,,,2023-04-28
4049,301260,格力博,2023-04-28,,,,2023-04-28
4050,301269,华大九天,2023-04-28,,,,2023-04-28
4051,301330,熵基科技,2023-04-28,,,,2023-04-28
4052,301359,东南电子,2023-04-28,,,,2023-04-28
4053,600000,浦发银行,2023-04-28,2023-04-19,,,2023-04-19
4054,600015,华夏银行,2023-04-28,,,,2023-04-28
4055,600019,宝钢股份,2023-04-28,,,,2023-04-28
4056,600023,浙能电力,2023-04-28,,,,2023-04-28
4057,600031,三一重工,2023-04-28,2023-04-01,,,2023-04-01
4058,600035,楚天高速,2023-04-28,,,,2023-04-28
4059,600052,东望时代,2023-04-28,,,,2023-04-28
4060,600082,ST海泰,2023-04-28,,,,2023-04-28
4061,600150,中国船舶,2023-04-28,,,,2023-04-28
4062,600157,永泰能源,2023-04-28,,,,2023-04-28
4063,600165,ST宁科,2023-04-28,,,,2023-04-28
4064,600191,华资实业,2023-04-28,,,,2023-04-28
4065,600197,伊力特,2023-04-28,,,,2023-04-28
4066,600199,金种子酒,2023-04-28,,,,2023-04-28
4067,600206,有研新材,2023-04-28,,,,2023-04-28
4068,600234,科新发展,2023-04-28,,,,2023-04-28
4069,600236,桂冠电力,2023-04-28,,,,2023-04-28
4070,600248,陕建股份,2023-04-28,,,,2023-04-28
4071,600265,*ST景谷,2023-04-28,,,,2023-04-28
4072,600280,中央商场,2023-04-28,,,,2023-04-28
4073,600289,ST信通,2023-04-28,,,,2023-04-28
4074,600328,中盐化工,2023-04-28,,,,2023-04-28
4075,600346,恒力石化,2023-04-28,,,,2023-04-28
4076,600360,*ST华微,2023-04-28,,,,2023-04-28
4077,600398,海澜之家,2023-04-28,,,,2023-04-28
4078,600406,国电南瑞,2023-04-28,,,,2023-04-28
4079,600410,华胜天成,2023-04-28,,,,2023-04-28
4080,600439,瑞贝卡,2023-04-28,,,,2023-04-28
4081,600482,中国动力,2023-04-28,,,,2023-04-28
4082,600500,中化国际,2023-04-28,,,,2023-04-28
4083,600525,ST长园,2023-04-28,,,,2023-04-28
4084,600536,中国软件,2023-04-28,,,,2023-04-28
4085,600543,*ST莫高,2023-04-28,,,,2023-04-28
4086,600551,时代出版,2023-04-28,,,,2023-04-28
4087,600593,大连圣亚,2023-04-28,,,,2023-04-28
4088,600594,益佰制药,2023-04-28,,,,2023-04-28
4089,600596,新安股份,2023-04-28,,,,2023-04-28
4090,600612,老凤祥,2023-04-28,,,,2023-04-28
4091,600619,海立股份,2023-04-28,,,,2023-04-28
4092,600626,申达股份,2023-04-28,,,,2023-04-28
4093,600630,龙头股份,2023-04-28,,,,2023-04-28
4094,600638,新黄浦,2023-04-28,,,,2023-04-28
4095,600642,申能股份,2023-04-28,,,,2023-04-28
4096,600653,申华控股,2023-04-28,,,,2023-04-28
4097,600661,昂立教育,2023-04-28,,,,2023-04-28
4098,600683,京投发展,2023-04-28,2023-03-28,,,2023-03-28
4099,600689,上海三毛,2023-04-28,,,,2023-04-28
4100,600703,三安光电,2023-04-28,,,,2023-04-28
4101,600735,ST新华锦,2023-04-28,,,,2023-04-28
4102,600741,华域汽车,2023-04-28,,,,2023-04-28
4103,600743,华远控股,2023-04-28,,,,2023-04-28
4104,600758,辽宁能源,2023-04-28,,,,2023-04-28
4105,600763,通策医疗,2023-04-28,,,,2023-04-28
4106,600791,京能置业,2023-04-28,,,,2023-04-28
4107,600798,宁波海运,2023-04-28,,,,2023-04-28
4108,600809,山西汾酒,2023-04-28,,,,2023-04-28
4109,600834,申通地铁,2023-04-28,,,,2023-04-28
4110,600851,海欣股份,2023-04-28,,,,2023-04-28
4111,600854,春兰股份,2023-04-28,,,,2023-04-28
4112,600863,华能蒙电,2023-04-28,,,,2023-04-28
4113,600880,博瑞传播,2023-04-28,,,,2023-04-28
4114,600887,伊利股份,2023-04-28,,,,2023-04-28
4115,600897,厦门空港,2023-04-28,,,,2023-04-28
4116,600919,江苏银行,2023-04-28,2023-04-26,,,2023-04-26
4117,600928,西安银行,2023-04-28,,,,2023-04-28
4118,600936,北投科技,2023-04-28,,,,2023-04-28
4119,600983,惠而浦,2023-04-28,,,,2023-04-28
4120,600996,贵广网络,2023-04-28,,,,2023-04-28
4121,601003,柳钢股份,2023-04-28,,,,2023-04-28
4122,601012,隆基绿能,2023-04-28,,,,2023-04-28
4123,601106,中国一重,2023-04-28,,,,2023-04-28
4124,601108,财通证券,2023-04-28,,,,2023-04-28
4125,601113,华鼎股份,2023-04-28,,,,2023-04-28
4126,601139,深圳燃气,2023-04-28,,,,2023-04-28
4127,601162,天风证券,2023-04-28,,,,2023-04-28
4128,601187,厦门银行,2023-04-28,,,,2023-04-28
4129,601188,龙江交通,2023-04-28,,,,2023-04-28
4130,601199,江南水务,2023-04-28,,,,2023-04-28
4131,601212,白银有色,2023-04-28,,,,2023-04-28
4132,601216,君正集团,2023-04-28,,,,2023-04-28
4133,601229,上海银行,2023-04-28,,,,2023-04-28
4134,601388,怡球资源,2023-04-28,,,,2023-04-28
4135,601399,国机重装,2023-04-28,,,,2023-04-28
4136,601611,中国核建,2023-04-28,2023-04-29,,,2023-04-29
4137,601665,齐鲁银行,2023-04-28,,,,2023-04-28
4138,601678,滨化股份,2023-04-28,,,,2023-04-28
4139,601698,中国卫通,2023-04-28,,,,2023-04-28
4140,601825,沪农商行,2023-04-28,,,,2023-04-28
4141,601900,南方传媒,2023-04-28,,,,2023-04-28
4142,601908,京运通,2023-04-28,,,,2023-04-28
4143,601949,中国出版,2023-04-28,2023-04-29,,,2023-04-29
4144,601968,宝钢包装,2023-04-28,,,,2023-04-28
4145,603031,安孚科技,2023-04-28,,,,2023-04-28
4146,603040,新坐标,2023-04-28,,,,2023-04-28
4147,603076,乐惠国际,2023-04-28,,,,2023-04-28
4148,603081,大丰实业,2023-04-28,,,,2023-04-28
4149,603096,新经典,2023-04-28,,,,2023-04-28
4150,603101,汇嘉时代,2023-04-28,,,,2023-04-28
4151,603110,东方材料,2023-04-28,,,,2023-04-28
4152,603136,天目湖,2023-04-28,,,,2023-04-28
4153,603177,德创环保,2023-04-28,,,,2023-04-28
4154,603180,金牌家居,2023-04-28,,,,2023-04-28
4155,603187,海容冷链,2023-04-28,2023-04-27,,,2023-04-27
4156,603195,公牛集团,2023-04-28,,,,2023-04-28
4157,603212,赛伍技术,2023-04-28,,,,2023-04-28
4158,603216,梦天家居,2023-04-28,,,,2023-04-28
4159,603226,菲林格尔,2023-04-28,,,,2023-04-28
4160,603229,奥翔药业,2023-04-28,,,,2023-04-28
4161,603233,大参林,2023-04-28,,,,2023-04-28
4162,603256,宏和科技,2023-04-28,,,,2023-04-28
4163,603269,海鸥股份,2023-04-28,,,,2023-04-28
4164,603277,银都股份,2023-04-28,,,,2023-04-28
4165,603286,日盈电子,2023-04-28,,,,2023-04-28
4166,603316,诚邦股份,2023-04-28,,,,2023-04-28
4167,603323,苏农银行,2023-04-28,,,,2023-04-28
4168,603358,华达科技,2023-04-28,,,,2023-04-28
4169,603359,*ST东珠,2023-04-28,,,,2023-04-28
4170,603378,*ST亚士,2023-04-28,,,,2023-04-28
4171,603380,易德龙,2023-04-28,,,,2023-04-28
4172,603390,通达电气,2023-04-28,,,,2023-04-28
4173,603586,金麒麟,2023-04-28,,,,2023-04-28
4174,603587,地素时尚,2023-04-28,,,,2023-04-28
4175,603589,口子窖,2023-04-28,,,,2023-04-28
4176,603600,永艺股份,2023-04-28,,,,2023-04-28
4177,603612,索通发展,2023-04-28,,,,2023-04-28
4178,603616,韩建河山,2023-04-28,,,,2023-04-28
4179,603639,海利尔,2023-04-28,,,,2023-04-28
4180,603648,畅联股份,2023-04-28,,,,2023-04-28
4181,603666,亿嘉和,2023-04-28,,,,2023-04-28
4182,603707,健友股份,2023-04-28,,,,2023-04-28
4183,603708,家家悦,2023-04-28,,,,2023-04-28
4184,603718,*ST海利,2023-04-28,,,,2023-04-28
4185,603726,朗迪集团,2023-04-28,,,,2023-04-28
4186,603779,威龙股份,2023-04-28,,,,2023-04-28
4187,603789,*ST星农,2023-04-28,,,,2023-04-28
4188,603790,雅运股份,2023-04-28,,,,2023-04-28
4189,603808,歌力思,2023-04-28,,,,2023-04-28
4190,603819,神力股份,2023-04-28,,,,2023-04-28
4191,603825,ST华扬,2023-04-28,,,,2023-04-28
4192,603843,*ST正平,2023-04-28,,,,2023-04-28
4193,603858,步长制药,2023-04-28,,,,2023-04-28
4194,603868,飞科电器,2023-04-28,,,,2023-04-28
4195,603876,鼎胜新材,2023-04-28,,,,2023-04-28
4196,603880,南卫股份,2023-04-28,,,,2023-04-28
4197,603883,老百姓,2023-04-28,,,,2023-04-28
4198,603890,春秋电子,2023-04-28,,,,2023-04-28
4199,603895,天永智能,2023-04-28,,,,2023-04-28
4200,603897,长城科技,2023-04-28,,,,2023-04-28
4201,603915,国茂股份,2023-04-28,,,,2023-04-28
4202,603933,睿能科技,2023-04-28,,,,2023-04-28
4203,603939,益丰药房,2023-04-28,,,,2023-04-28
4204,603958,哈森股份,2023-04-28,,,,2023-04-28
4205,603986,兆易创新,2023-04-28,,,,2023-04-28
4206,605016,百龙创园,2023-04-28,,,,2023-04-28
4207,605066,天正电气,2023-04-28,,,,2023-04-28
4208,605123,派克新材,2023-04-28,,,,2023-04-28
4209,605180,华生科技,2023-04-28,,,,2023-04-28
4210,605286,同力天启,2023-04-28,,,,2023-04-28
4211,605288,凯迪股份,2023-04-28,,,,2023-04-28
4212,605319,无锡振华,2023-04-28,,,,2023-04-28
4213,605376,博迁新材,2023-04-28,,,,2023-04-28
4214,605555,德昌股份,2023-04-28,,,,2023-04-28
4215,605588,冠石科技,2023-04-28,,,,2023-04-28
4216,688001,华兴源创,2023-04-28,,,,2023-04-28
4217,688002,睿创微纳,2023-04-28,,,,2023-04-28
4218,688007,光峰科技,2023-04-28,,,,2023-04-28
4219,688008,澜起科技,2023-04-28,,,,2023-04-28
4220,688010,福光股份,2023-04-28,,,,2023-04-28
4221,688026,洁特生物,2023-04-28,,,,2023-04-28
4222,688030,山石网科,2023-04-28,,,,2023-04-28
4223,688031,星环科技,2023-04-28,,,,2023-04-28
4224,688039,当虹科技,2023-04-28,,,,2023-04-28
4225,688057,金达莱,2023-04-28,,,,2023-04-28
4226,688058,宝兰德,2023-04-28,,,,2023-04-28
4227,688061,灿瑞科技,2023-04-28,,,,2023-04-28
4228,688068,热景生物,2023-04-28,,,,2023-04-28
4229,688069,德林海,2023-04-28,,,,2023-04-28
4230,688079,美迪凯,2023-04-28,,,,2023-04-28
4231,688081,兴图新科,2023-04-28,,,,2023-04-28
4232,688130,晶华微,2023-04-28,,,,2023-04-28
4233,688133,泰坦科技,2023-04-28,,,,2023-04-28
4234,688138,清溢光电,2023-04-28,,,,2023-04-28
4235,688159,有方科技,2023-04-28,,,,2023-04-28
4236,688178,万德斯,2023-04-28,,,,2023-04-28
4237,688189,南新制药,2023-04-28,,,,2023-04-28
4238,688197,首药控股,2023-04-28,,,,2023-04-28
4239,688208,道通科技,2023-04-28,,,,2023-04-28
4240,688219,会通股份,2023-04-28,,,,2023-04-28
4241,688220,翱捷科技,2023-04-28,,,,2023-04-28
4242,688225,亚信安全,2023-04-28,,,,2023-04-28
4243,688246,嘉和美康,2023-04-28,,,,2023-04-28
4244,688247,宣泰医药,2023-04-28,,,,2023-04-28
4245,688255,凯尔达,2023-04-28,,,,2023-04-28
4246,688262,国芯科技,2023-04-28,,,,2023-04-28
4247,688265,南模生物,2023-04-28,,,,2023-04-28
4248,688268,华特气体,2023-04-28,,,,2023-04-28
4249,688271,联影医疗,2023-04-28,,,,2023-04-28
4250,688298,东方生物,2023-04-28,,,,2023-04-28
4251,688302,海创药业,2023-04-28,,,,2023-04-28
4252,688312,燕麦科技,2023-04-28,,,,2023-04-28
4253,688320,禾川科技,2023-04-28,,,,2023-04-28
4254,688330,宏力达,2023-04-28,,,,2023-04-28
4255,688339,亿华通,2023-04-28,,,,2023-04-28
4256,688365,光云科技,2023-04-28,,,,2023-04-28
4257,688370,丛麟科技,2023-04-28,,,,2023-04-28
4258,688383,新益昌,2023-04-28,,,,2023-04-28
4259,688389,普门科技,2023-04-28,,,,2023-04-28
4260,688396,华润微,2023-04-28,,,,2023-04-28
4261,688416,恒烁股份,2023-04-28,,,,2023-04-28
4262,688448,磁谷科技,2023-04-28,,,,2023-04-28
4263,688466,金科环境,2023-04-28,,,,2023-04-28
4264,688468,科美诊断,2023-04-28,,,,2023-04-28
4265,688499,利元亨,2023-04-28,,,,2023-04-28
4266,688516,奥特维,2023-04-28,,,,2023-04-28
4267,688528,秦川物联,2023-04-28,2023-03-31,,,2023-03-31
4268,688533,上声电子,2023-04-28,,,,2023-04-28
4269,688556,高测股份,2023-04-28,2023-04-04,,,2023-04-04
4270,688559,海目星,2023-04-28,,,,2023-04-28
4271,688566,吉贝尔,2023-04-28,,,,2023-04-28
4272,688607,康众医疗,2023-04-28,,,,2023-04-28
4273,688609,九联科技,2023-04-28,,,,2023-04-28
4274,688626,翔宇医疗,2023-04-28,,,,2023-04-28
4275,688633,星球石墨,2023-04-28,,,,2023-04-28
4276,688658,悦康药业,2023-04-28,,,,2023-04-28
4277,688661,和林微纳,2023-04-28,,,,2023-04-28
4278,688662,富信科技,2023-04-28,,,,2023-04-28
4279,688678,福立旺,2023-04-28,2023-04-29,,,2023-04-29
4280,688683,莱尔科技,2023-04-28,,,,2023-04-28
4281,688685,迈信林,2023-04-28,,,,2023-04-28
4282,688696,极米科技,2023-04-28,,,,2023-04-28
4283,688701,卓锦股份,2023-04-28,,,,2023-04-28
4284,688707,振华新材,2023-04-28,,,,2023-04-28
4285,688718,唯赛勃,2023-04-28,,,,2023-04-28
4286,688737,中自科技,2023-04-28,,,,2023-04-28
4287,000011,深物业A,2023-04-29,2023-03-25,,,2023-03-25
4288,000035,中国天楹,2023-04-29,,,,2023-04-29
4289,000056,*ST皇庭,2023-04-29,,,,2023-04-29
4290,000066,中国长城,2023-04-29,,,,2023-04-29
4291,000088,盐田港,2023-04-29,,,,2023-04-29
4292,000151,中成股份,2023-04-29,,,,2023-04-29
4293,000156,华数传媒,2023-04-29,,,,2023-04-29
4294,000301,东方盛虹,2023-04-29,2023-04-18,,,2023-04-18
4295,000333,美的集团,2023-04-29,,,,2023-04-29
4296,000402,金融街,2023-04-29,,,,2023-04-29
4297,000403,派林生物,2023-04-29,,,,2023-04-29
4298,000410,沈阳机床,2023-04-29,,,,2023-04-29
4299,000415,渤海租赁,2023-04-29,2023-04-28,,,2023-04-28
4300,000420,吉林化纤,2023-04-29,,,,2023-04-29
4301,000425,徐工机械,2023-04-29,,,,2023-04-29
4302,000426,兴业银锡,2023-04-29,,,,2023-04-29
4303,000503,国新健康,2023-04-29,2023-04-27,,,2023-04-27
4304,000517,荣安地产,2023-04-29,,,,2023-04-29
4305,000525,红太阳,2023-04-29,,,,2023-04-29
4306,000545,金浦钛业,2023-04-29,,,,2023-04-29
4307,000564,供销大集,2023-04-29,,,,2023-04-29
4308,000568,泸州老窖,2023-04-29,,,,2023-04-29
4309,000571,新大洲A,2023-04-29,,,,2023-04-29
4310,000596,古井贡酒,2023-04-29,,,,2023-04-29
4311,000599,青岛双星,2023-04-29,2023-03-31,,,2023-03-31
4312,000601,韶能股份,2023-04-29,,,,2023-04-29
4313,000603,盛达资源,2023-04-29,,,,2023-04-29
4314,000605,渤海股份,2023-04-29,,,,2023-04-29
4315,000607,华媒控股,2023-04-29,,,,2023-04-29
4316,000612,焦作万方,2023-04-29,,,,2023-04-29
4317,000637,茂化实华,2023-04-29,,,,2023-04-29
4318,000638,*ST万方,2023-04-29,,,,2023-04-29
4319,000651,格力电器,2023-04-29,,,,2023-04-29
4320,000656,*ST金科,2023-04-29,,,,2023-04-29
4321,000670,盈方微,2023-04-29,2023-04-28,2023-04-29,,2023-04-28
4322,000680,山推股份,2023-04-29,,,,2023-04-29
4323,000712,锦龙股份,2023-04-29,2023-03-29,,,2023-03-29
4324,000716,黑芝麻,2023-04-29,,,,2023-04-29
4325,000727,冠捷科技,2023-04-29,,,,2023-04-29
4326,000751,锌业股份,2023-04-29,,,,2023-04-29
4327,000752,*ST西发,2023-04-29,,,,2023-04-29
4328,000783,长江证券,2023-04-29,,,,2023-04-29
4329,000816,智慧农业,2023-04-29,,,,2023-04-29
4330,000820,*ST节能,2023-04-29,,,,2023-04-29
4331,000829,天音控股,2023-04-29,2023-04-14,,,2023-04-14
4332,000831,中国稀土,2023-04-29,,,,2023-04-29
4333,000850,华茂股份,2023-04-29,,,,2023-04-29
4334,000858,五粮液,2023-04-29,,,,2023-04-29
4335,000876,新希望,2023-04-29,,,,2023-04-29
4336,000887,中鼎股份,2023-04-29,,,,2023-04-29
4337,000890,法尔胜,2023-04-29,,,,2023-04-29
4338,000903,ST云动,2023-04-29,,,,2023-04-29
4339,000908,ST景峰,2023-04-29,,,,2023-04-29
4340,000913,钱江摩托,2023-04-29,,,,2023-04-29
4341,000928,中钢国际,2023-04-29,,,,2023-04-29
4342,000957,中通客车,2023-04-29,,,,2023-04-29
4343,000981,山子高科,2023-04-29,,,,2023-04-29
4344,000989,九芝堂,2023-04-29,,,,2023-04-29
4345,000998,隆平高科,2023-04-29,,,,2023-04-29
4346,001209,洪兴股份,2023-04-29,,,,2023-04-29
4347,001227,兰州银行,2023-04-29,,,,2023-04-29
4348,001256,炜冈科技,2023-04-29,,,,2023-04-29
4349,001266,宏英智能,2023-04-29,,,,2023-04-29
4350,001287,中电港,2023-04-29,,,,2023-04-29
4351,001318,阳光乳业,2023-04-29,,,,2023-04-29
4352,001330,博纳影业,2023-04-29,,,,2023-04-29
4353,002027,分众传媒,2023-04-29,,,,2023-04-29
4354,002035,华帝股份,2023-04-29,,,,2023-04-29
4355,002040,南京港,2023-04-29,,,,2023-04-29
4356,002042,华孚时尚,2023-04-29,,,,2023-04-29
4357,002050,三花智控,2023-04-29,,,,2023-04-29
4358,002067,景兴纸业,2023-04-29,,,,2023-04-29
4359,002068,黑猫股份,2023-04-29,,,,2023-04-29
4360,002069,獐子岛,2023-04-29,,,,2023-04-29
4361,002081,金螳螂,2023-04-29,,,,2023-04-29
4362,002086,东方海洋,2023-04-29,,,,2023-04-29
4363,002094,青岛金王,2023-04-29,,,,2023-04-29
4364,002095,生意宝,2023-04-29,,,,2023-04-29
4365,002097,山河智能,2023-04-29,,,,2023-04-29
4366,002100,天康生物,2023-04-29,,,,2023-04-29
4367,002104,恒宝股份,2023-04-29,,,,2023-04-29
4368,002115,三维通信,2023-04-29,,,,2023-04-29
4369,002124,天邦食品,2023-04-29,,,,2023-04-29
4370,002131,利欧股份,2023-04-29,,,,2023-04-29
4371,002146,荣盛发展,2023-04-29,,,,2023-04-29
4372,002157,正邦科技,2023-04-29,,,,2023-04-29
4373,002158,汉钟精机,2023-04-29,2023-04-28,,,2023-04-28
4374,002160,常铝股份,2023-04-29,,,,2023-04-29
4375,002161,远望谷,2023-04-29,,,,2023-04-29
4376,002164,宁波东力,2023-04-29,,,,2023-04-29
4377,002170,芭田股份,2023-04-29,,,,2023-04-29
4378,002174,游族网络,2023-04-29,,,,2023-04-29
4379,002175,*ST东智,2023-04-29,2023-04-21,,,2023-04-21
4380,002177,御银股份,2023-04-29,,,,2023-04-29
4381,002188,中天服务,2023-04-29,2023-03-07,2023-03-18,,2023-03-18
4382,002196,方正电机,2023-04-29,,,,2023-04-29
4383,002197,证通电子,2023-04-29,,,,2023-04-29
4384,002198,ST嘉应,2023-04-29,,,,2023-04-29
4385,002201,九鼎新材,2023-04-29,,,,2023-04-29
4386,002210,飞马国际,2023-04-29,,,,2023-04-29
4387,002211,ST宏达,2023-04-29,,,,2023-04-29
4388,002235,安妮股份,2023-04-29,,,,2023-04-29
4389,002244,滨江集团,2023-04-29,,,,2023-04-29
4390,002248,华东数控,2023-04-29,,,,2023-04-29
4391,002263,大东南,2023-04-29,,,,2023-04-29
4392,002266,浙富控股,2023-04-29,,,,2023-04-29
4393,002269,美邦服饰,2023-04-29,,,,2023-04-29
4394,002272,川润股份,2023-04-29,,,,2023-04-29
4395,002277,友阿股份,2023-04-29,,,,2023-04-29
4396,002278,神开股份,2023-04-29,,,,2023-04-29
4397,002292,奥飞娱乐,2023-04-29,,,,2023-04-29
4398,002295,精艺股份,2023-04-29,2023-04-25,,,2023-04-25
4399,002305,*ST南置,2023-04-29,,,,2023-04-29
4400,002314,南山控股,2023-04-29,,,,2023-04-29
4401,002319,乐通股份,2023-04-29,2023-04-22,,,2023-04-22
4402,002335,科华数据,2023-04-29,,,,2023-04-29
4403,002340,格林美,2023-04-29,,,,2023-04-29
4404,002343,慈文传媒,2023-04-29,2023-04-25,,,2023-04-25
4405,002345,潮宏基,2023-04-29,,,,2023-04-29
4406,002346,柘中股份,2023-04-29,,,,2023-04-29
4407,002348,高乐股份,2023-04-29,,,,2023-04-29
4408,002355,兴民智通,2023-04-29,,,,2023-04-29
4409,002356,赫美集团,2023-04-29,,,,2023-04-29
4410,002364,中恒电气,2023-04-29,,,,2023-04-29
4411,002371,北方华创,2023-04-29,,,,2023-04-29
4412,002374,中锐股份,2023-04-29,,,,2023-04-29
4413,002375,亚厦股份,2023-04-29,,,,2023-04-29
4414,002377,国创高新,2023-04-29,,,,2023-04-29
4415,002386,天原股份,2023-04-29,,,,2023-04-29
4416,002397,梦洁股份,2023-04-29,,,,2023-04-29
4417,002403,爱仕达,2023-04-29,,,,2023-04-29
4418,002408,齐翔腾达,2023-04-29,2023-04-28,,,2023-04-28
4419,002412,汉森制药,2023-04-29,,,,2023-04-29
4420,002422,科伦药业,2023-04-29,2023-04-14,,,2023-04-14
4421,002432,九安医疗,2023-04-29,,,,2023-04-29
4422,002440,闰土股份,2023-04-29,,,,2023-04-29
4423,002445,中南文化,2023-04-29,2023-04-22,,,2023-04-22
4424,002468,申通快递,2023-04-29,,,,2023-04-29
4425,002482,广田集团,2023-04-29,,,,2023-04-29
4426,002485,ST雪发,2023-04-29,,,,2023-04-29
4427,002486,嘉麟杰,2023-04-29,2023-04-20,,,2023-04-20
4428,002487,大金重工,2023-04-29,,,,2023-04-29
4429,002491,通鼎互联,2023-04-29,,,,2023-04-29
4430,002495,佳隆股份,2023-04-29,,,,2023-04-29
4431,002498,汉缆股份,2023-04-29,,,,2023-04-29
4432,002527,新时达,2023-04-29,,,,2023-04-29
4433,002530,金财互联,2023-04-29,2023-04-25,,,2023-04-25
4434,002531,天顺风能,2023-04-29,,,,2023-04-29
4435,002543,万和电气,2023-04-29,,,,2023-04-29
4436,002554,惠博普,2023-04-29,,,,2023-04-29
4437,002558,巨人网络,2023-04-29,,,,2023-04-29
4438,002570,贝因美,2023-04-29,,,,2023-04-29
4439,002573,清新环境,2023-04-29,,,,2023-04-29
4440,002574,明牌珠宝,2023-04-29,,,,2023-04-29
4441,002584,西陇科学,2023-04-29,,,,2023-04-29
4442,002586,ST围海,2023-04-29,,,,2023-04-29
4443,002587,奥拓电子,2023-04-29,,,,2023-04-29
4444,002589,瑞康医药,2023-04-29,,,,2023-04-29
4445,002600,领益智造,2023-04-29,,,,2023-04-29
4446,002602,世纪华通,2023-04-29,,,,2023-04-29
4447,002622,皓宸医疗,2023-04-29,,,,2023-04-29
4448,002636,金安国纪,2023-04-29,,,,2023-04-29
4449,002647,仁东控股,2023-04-29,,,,2023-04-29
4450,002648,卫星化学,2023-04-29,,,,2023-04-29
4451,002666,德联集团,2023-04-29,,,,2023-04-29
4452,002671,龙泉股份,2023-04-29,,,,2023-04-29
4453,002675,东诚药业,2023-04-29,,,,2023-04-29
4454,002679,福建金森,2023-04-29,,,,2023-04-29
4455,002681,奋达科技,2023-04-29,,,,2023-04-29
4456,002687,乔治白,2023-04-29,,,,2023-04-29
4457,002689,ST远智,2023-04-29,,,,2023-04-29
4458,002707,众信旅游,2023-04-29,,,,2023-04-29
4459,002708,光洋股份,2023-04-29,2023-03-29,,,2023-03-29
4460,002717,*ST岭南,2023-04-29,,,,2023-04-29
4461,002718,友邦吊顶,2023-04-29,,,,2023-04-29
4462,002726,ST龙大,2023-04-29,,,,2023-04-29
4463,002731,ST萃华,2023-04-29,,,,2023-04-29
4464,002735,王子新材,2023-04-29,2023-04-06,,,2023-04-06
4465,002736,国信证券,2023-04-29,,,,2023-04-29
4466,002741,光华科技,2023-04-29,2023-03-08,,,2023-03-08
4467,002742,三圣股份,2023-04-29,,,,2023-04-29
4468,002747,埃斯顿,2023-04-29,,,,2023-04-29
4469,002748,世龙实业,2023-04-29,,,,2023-04-29
4470,002753,永东股份,2023-04-29,,,,2023-04-29
4471,002755,奥赛康,2023-04-29,,,,2023-04-29
4472,002757,南兴股份,2023-04-29,,,,2023-04-29
4473,002760,凤形股份,2023-04-29,,,,2023-04-29
4474,002761,浙江建投,2023-04-29,,,,2023-04-29
4475,002786,银宝山新,2023-04-29,,,,2023-04-29
4476,002795,永和智控,2023-04-29,,,,2023-04-29
4477,002796,世嘉科技,2023-04-29,,,,2023-04-29
4478,002797,第一创业,2023-04-29,,,,2023-04-29
4479,002802,洪汇新材,2023-04-29,2023-04-08,,,2023-04-08
4480,002809,红墙股份,2023-04-29,,,,2023-04-29
4481,002811,郑中设计,2023-04-29,2023-04-22,,,2023-04-22
4482,002819,东方中科,2023-04-29,2023-04-12,,,2023-04-12
4483,002830,名雕股份,2023-04-29,,,,2023-04-29
4484,002846,英联股份,2023-04-29,,,,2023-04-29
4485,002851,麦格米特,2023-04-29,,,,2023-04-29
4486,002857,三晖电气,2023-04-29,,,,2023-04-29
4487,002862,实丰文化,2023-04-29,,,,2023-04-29
4488,002867,周大生,2023-04-29,,,,2023-04-29
4489,002899,英派斯,2023-04-29,,,,2023-04-29
4490,002901,大博医疗,2023-04-29,,,,2023-04-29
4491,002909,集泰股份,2023-04-29,,,,2023-04-29
4492,002913,奥士康,2023-04-29,,,,2023-04-29
4493,002925,盈趣科技,2023-04-29,,,,2023-04-29
4494,002928,华夏航空,2023-04-29,,,,2023-04-29
4495,002933,新兴装备,2023-04-29,,,,2023-04-29
4496,002950,奥美医疗,2023-04-29,,,,2023-04-29
4497,002955,鸿合科技,2023-04-29,,,,2023-04-29
4498,002958,青农商行,2023-04-29,,,,2023-04-29
4499,002976,瑞玛精密,2023-04-29,,,,2023-04-29
4500,002980,华盛昌,2023-04-29,,,,2023-04-29
4501,003003,天元股份,2023-04-29,,,,2023-04-29
4502,003010,若羽臣,2023-04-29,,,,2023-04-29
4503,003016,欣贺股份,2023-04-29,,,,2023-04-29
4504,003027,同兴科技,2023-04-29,2023-04-20,,,2023-04-20
4505,003043,华亚智能,2023-04-29,,,,2023-04-29
4506,600004,白云机场,2023-04-29,2023-04-08,2023-04-19,,2023-04-19
4507,600033,福建高速,2023-04-29,,,,2023-04-29
4508,600038,中直股份,2023-04-29,2023-03-16,,,2023-03-16
4509,600048,保利发展,2023-04-29,2023-03-31,,,2023-03-31
4510,600054,黄山旅游,2023-04-29,2023-04-15,,,2023-04-15
4511,600056,中国医药,2023-04-29,,,,2023-04-29
4512,600057,厦门象屿,2023-04-29,,,,2023-04-29
4513,600064,南京高科,2023-04-29,,,,2023-04-29
4514,600080,ST金花,2023-04-29,2023-04-22,2023-04-28,,2023-04-28
4515,600081,东风科技,2023-04-29,2023-03-31,,,2023-03-31
4516,600100,同方股份,2023-04-29,,,,2023-04-29
4517,600104,上汽集团,2023-04-29,,,,2023-04-29
4518,600107,*ST尔雅,2023-04-29,,,,2023-04-29
4519,600117,西宁特钢,2023-04-29,,,,2023-04-29
4520,600130,波导股份,2023-04-29,,,,2023-04-29
4521,600132,重庆啤酒,2023-04-29,2023-04-28,,,2023-04-28
4522,600136,ST明诚,2023-04-29,2023-04-27,,,2023-04-27
4523,600166,福田汽车,2023-04-29,,,,2023-04-29
4524,600167,联美控股,2023-04-29,,,,2023-04-29
4525,600172,黄河旋风,2023-04-29,2023-04-22,,,2023-04-22
4526,600177,雅戈尔,2023-04-29,,,,2023-04-29
4527,600182,S佳通,2023-04-29,,,,2023-04-29
4528,600186,莲花控股,2023-04-29,2023-03-31,,,2023-03-31
4529,600189,泉阳泉,2023-04-29,,,,2023-04-29
4530,600208,衢州发展,2023-04-29,,,,2023-04-29
4531,600212,绿能慧充,2023-04-29,,,,2023-04-29
4532,600215,派斯林,2023-04-29,,,,2023-04-29
4533,600219,南山铝业,2023-04-29,,,,2023-04-29
4534,600228,*ST返利,2023-04-29,,,,2023-04-29
4535,600229,城市传媒,2023-04-29,,,,2023-04-29
4536,600231,凌钢股份,2023-04-29,,,,2023-04-29
4537,600238,*ST椰岛,2023-04-29,,,,2023-04-29
4538,600246,万通发展,2023-04-29,,,,2023-04-29
4539,600250,南京商旅,2023-04-29,,,,2023-04-29
4540,600278,东方创业,2023-04-29,,,,2023-04-29
4541,600281,华阳新材,2023-04-29,,,,2023-04-29
4542,600285,羚锐制药,2023-04-29,2023-04-26,,,2023-04-26
4543,600287,苏豪时尚,2023-04-29,,,,2023-04-29
4544,600292,电投水电,2023-04-29,2023-03-31,,,2023-03-31
4545,600299,安迪苏,2023-04-29,2023-03-31,,,2023-03-31
4546,600303,曙光股份,2023-04-29,2023-04-27,2023-04-29,,2023-04-29
4547,600307,酒钢宏兴,2023-04-29,,,,2023-04-29
4548,600322,津投城开,2023-04-29,,,,2023-04-29
4549,600333,长春燃气,2023-04-29,,,,2023-04-29
4550,600337,ST美克,2023-04-29,,,,2023-04-29
4551,600339,中油工程,2023-04-29,2023-04-21,,,2023-04-21
4552,600340,*ST华幸,2023-04-29,,,,2023-04-29
4553,600343,航天动力,2023-04-29,,,,2023-04-29
4554,600365,ST通葡,2023-04-29,,,,2023-04-29
4555,600366,宁波韵升,2023-04-29,2023-04-22,,,2023-04-22
4556,600369,西南证券,2023-04-29,,,,2023-04-29
4557,600376,首开股份,2023-04-29,,,,2023-04-29
4558,600381,*ST春天,2023-04-29,,,,2023-04-29
4559,600383,金地集团,2023-04-29,,,,2023-04-29
4560,600416,湘电股份,2023-04-29,,,,2023-04-29
4561,600418,江淮汽车,2023-04-29,,,,2023-04-29
4562,600421,*ST华嵘,2023-04-29,2023-03-29,2023-04-19,,2023-04-19
4563,600448,华纺股份,2023-04-29,,,,2023-04-29
4564,600452,涪陵电力,2023-04-29,2023-04-14,2023-04-21,,2023-04-21
4565,600469,风神股份,2023-04-29,,,,2023-04-29
4566,600481,双良节能,2023-04-29,2023-04-25,,,2023-04-25
4567,600490,鹏欣资源,2023-04-29,,,,2023-04-29
4568,600501,航天晨光,2023-04-29,,,,2023-04-29
4569,600518,康美药业,2023-04-29,,,,2023-04-29
4570,600521,华海药业,2023-04-29,,,,2023-04-29
4571,600530,交大昂立,2023-04-29,,,,2023-08-31
4572,600533,栖霞建设,2023-04-29,,,,2023-04-29
4573,600567,山鹰国际,2023-04-29,,,,2023-04-29
4574,600570,恒生电子,2023-04-29,2023-04-01,,,2023-04-01
4575,600579,中化装备,2023-04-29,,,,2023-04-29
4576,600580,卧龙电驱,2023-04-29,,,,2023-04-29
4577,600584,长电科技,2023-04-29,2023-03-31,,,2023-03-31
4578,600590,泰豪科技,2023-04-29,,,,2023-04-29
4579,600599,*ST熊猫,2023-04-29,,,,2023-04-29
4580,600601,方正科技,2023-04-29,,,,2023-04-29
4581,600610,中毅达,2023-04-29,2023-04-25,,,2023-04-25
4582,600611,大众交通,2023-04-29,2023-03-31,,,2023-03-31
4583,600613,神奇制药,2023-04-29,,,,2023-04-29
4584,600615,鑫源智造,2023-04-29,,,,2023-04-29
4585,600622,光大嘉宝,2023-04-29,,,,2023-04-29
4586,600635,大众公用,2023-04-29,2023-03-31,,,2023-03-31
4587,600636,*ST国化,2023-04-29,,,,2023-04-29
4588,600637,东方明珠,2023-04-29,,,,2023-04-29
4589,600640,国脉文化,2023-04-29,,,,2023-04-29
4590,600641,先导基电,2023-04-29,,,,2023-04-29
4591,600650,锦江在线,2023-04-29,2023-04-11,,,2023-04-11
4592,600673,东阳光,2023-04-29,2023-04-08,,,2023-04-08
4593,600679,上海凤凰,2023-04-29,2023-04-27,,,2023-04-27
4594,600681,百川能源,2023-04-29,2023-03-07,,,2023-03-07
4595,600682,南京新百,2023-04-29,,,,2023-04-29
4596,600686,金龙汽车,2023-04-29,,,,2023-04-29
4597,600688,上海石化,2023-04-29,2023-03-23,,,2023-03-23
4598,600724,宁波富达,2023-04-29,2023-03-29,,,2023-03-29
4599,600728,佳都科技,2023-04-29,,,,2023-04-29
4600,600733,北汽蓝谷,2023-04-29,,,,2023-04-29
4601,600736,苏州高新,2023-04-29,,,,2023-04-29
4602,600742,富维股份,2023-04-29,2023-04-22,,,2023-04-22
4603,600744,华银电力,2023-04-29,,,,2023-04-29
4604,600745,*ST闻泰,2023-04-29,,,,2023-04-29
4605,600751,海航科技,2023-04-29,,,,2023-04-29
4606,600754,锦江酒店,2023-04-29,2023-03-31,2023-04-12,,2023-04-12
4607,600773,西藏城投,2023-04-29,,,,2023-04-29
4608,600776,东方通信,2023-04-29,,,,2023-04-29
4609,600777,*ST新潮,2023-04-29,,,,2023-04-29
4610,600779,水井坊,2023-04-29,,,,2023-04-29
4611,600783,鲁信创投,2023-04-29,,,,2023-04-29
4612,600793,宜宾纸业,2023-04-29,2023-03-31,2023-04-21,,2023-04-21
4613,600802,福建水泥,2023-04-29,2023-04-27,,,2023-04-27
4614,600807,济高发展,2023-04-29,,,,2023-04-29
4615,600827,百联股份,2023-04-29,2023-04-19,,,2023-04-19
4616,600843,上工申贝,2023-04-29,,,,2023-04-29
4617,600857,宁波中百,2023-04-29,2023-03-24,2023-03-28,,2023-03-28
4618,600877,电科芯片,2023-04-29,2023-04-21,,,2023-04-21
4619,600886,国投电力,2023-04-29,,,,2023-04-29
4620,600900,长江电力,2023-04-29,2023-04-28,,,2023-04-28
4621,600905,三峡能源,2023-04-29,,,,2023-04-29
4622,600965,*ST福成,2023-04-29,2023-03-25,,,2023-03-25
4623,600969,郴电国际,2023-04-29,2023-04-21,,,2023-04-21
4624,600979,广安爱众,2023-04-29,,,,2023-04-29
4625,600986,浙文互联,2023-04-29,2023-04-25,,,2023-04-25
4626,601001,晋控煤业,2023-04-29,,,,2023-04-29
4627,601009,南京银行,2023-04-29,,,,2023-04-29
4628,601021,春秋航空,2023-04-29,2023-04-28,,,2023-04-28
4629,601058,赛轮轮胎,2023-04-29,,,,2023-04-29
4630,601127,赛力斯,2023-04-29,,,,2023-04-29
4631,601566,九牧王,2023-04-29,2023-04-26,,,2023-04-26
4632,601577,长沙银行,2023-04-29,,,,2023-04-29
4633,601588,北辰实业,2023-04-29,2023-03-24,,,2023-03-24
4634,601609,金田股份,2023-04-29,,,,2023-04-29
4635,601615,明阳智能,2023-04-29,,,,2023-04-29
4636,601668,中国建筑,2023-04-29,2023-04-18,,,2023-04-18
4637,601700,风范股份,2023-04-29,,,,2023-04-29
4638,601717,中创智领,2023-04-29,2023-03-30,,,2023-03-30
4639,601777,千里科技,2023-04-29,2023-04-15,,,2023-04-15
4640,601778,晶科科技,2023-04-29,,,,2023-04-29
4641,601816,京沪高铁,2023-04-29,,,,2023-04-29
4642,601858,中国科传,2023-04-29,,,,2023-04-29
4643,601860,紫金银行,2023-04-29,,,,2023-04-29
4644,601869,长飞光纤,2023-04-29,2023-04-01,,,2023-04-01
4645,601877,正泰电器,2023-04-29,,,,2023-04-29
4646,601918,新集能源,2023-04-29,,,,2023-04-29
4647,601929,吉视传媒,2023-04-29,,,,2023-04-29
4648,601933,永辉超市,2023-04-29,,,,2023-04-29
4649,601966,玲珑轮胎,2023-04-29,,,,2023-04-29
4650,601969,海南矿业,2023-04-29,2023-03-29,,,2023-03-29
4651,601990,南京证券,2023-04-29,,,,2023-04-29
4652,601992,金隅集团,2023-04-29,2023-03-30,,,2023-03-30
4653,601997,贵阳银行,2023-04-29,,,,2023-04-29
4654,601999,出版传媒,2023-04-29,,,,2023-04-29
4655,603005,晶方科技,2023-04-29,2023-04-28,2023-04-25,,2023-04-25
4656,603007,花王股份,2023-04-29,,,,2023-04-29
4657,603008,ST喜临门,2023-04-29,,,,2023-04-29
4658,603012,创力集团,2023-04-29,2023-04-26,,,2023-04-26
4659,603017,中衡设计,2023-04-29,2023-04-25,,,2023-04-25
4660,603026,石大胜华,2023-04-29,,,,2023-04-29
4661,603028,赛福天,2023-04-29,2023-04-18,,,2023-04-18
4662,603030,全筑股份,2023-04-29,,,,2023-04-29
4663,603033,三维股份,2023-04-29,,,,2023-04-29
4664,603041,美思德,2023-04-29,,,,2023-04-29
4665,603045,福达合金,2023-04-29,,,,2023-04-29
4666,603051,鹿山新材,2023-04-29,,,,2023-04-29
4667,603057,紫燕食品,2023-04-29,2023-04-22,,,2023-04-22
4668,603078,江化微,2023-04-29,2023-04-15,2023-04-10,,2023-04-10
4669,603085,天成自控,2023-04-29,,,,2023-04-29
4670,603098,森特股份,2023-04-29,,,,2023-04-29
4671,603100,川仪股份,2023-04-29,,,,2023-04-29
4672,603102,百合股份,2023-04-29,2023-04-07,,,2023-04-07
4673,603111,康尼机电,2023-04-29,,,,2023-04-29
4674,603116,红蜻蜓,2023-04-29,,,,2023-04-29
4675,603117,万林物流,2023-04-29,,,,2023-04-29
4676,603123,翠微股份,2023-04-29,,,,2023-04-29
4677,603125,常青科技,2023-04-29,,,,2023-04-29
4678,603158,腾龙股份,2023-04-29,2023-04-04,,,2023-04-04
4679,603168,莎普爱思,2023-04-29,,,,2023-04-29
4680,603171,税友股份,2023-04-29,2023-04-18,,,2023-04-18
4681,603192,汇得科技,2023-04-29,2023-04-20,,,2023-04-20
4682,603203,快克智能,2023-04-29,,,,2023-04-29
4683,603221,爱丽家居,2023-04-29,,,,2023-04-29
4684,603223,恒通股份,2023-04-29,2023-04-20,,,2023-04-20
4685,603237,五芳斋,2023-04-29,,,,2023-04-29
4686,603258,电魂网络,2023-04-29,2023-03-31,,,2023-03-31
4687,603272,*ST联翔,2023-04-29,,,,2023-04-29
4688,603308,应流股份,2023-04-29,,,,2023-04-29
4689,603319,美湖股份,2023-04-29,2023-03-25,2023-03-16,,2023-03-16
4690,603351,威尔药业,2023-04-29,2023-04-25,,,2023-04-25
4691,603353,和顺石油,2023-04-29,,,,2023-04-29
4692,603355,莱克电气,2023-04-29,2023-04-26,,,2023-04-26
4693,603360,百傲化学,2023-04-29,,,,2023-04-29
4694,603363,傲农生物,2023-04-29,,,,2023-04-29
4695,603369,今世缘,2023-04-29,,,,2023-04-29
4696,603383,顶点软件,2023-04-29,2023-04-11,,,2023-04-11
4697,603456,九洲药业,2023-04-29,2023-04-18,2023-04-28,,2023-04-28
4698,603486,科沃斯,2023-04-29,,,,2023-04-29
4699,603496,恒为科技,2023-04-29,2023-04-27,,,2023-04-27
4700,603511,爱慕股份,2023-04-29,,,,2023-04-29
4701,603517,ST绝味,2023-04-29,,,,2023-04-29
4702,603556,海兴电力,2023-04-29,2023-04-21,,,2023-04-21
4703,603557,*ST起步,2023-04-29,,,,2023-04-29
4704,603567,珍宝岛,2023-04-29,,,,2023-04-29
4705,603585,苏利股份,2023-04-29,,,,2023-04-29
4706,603598,引力传媒,2023-04-29,,,,2023-04-29
4707,603608,天创时尚,2023-04-29,,,,2023-04-29
4708,603615,茶花股份,2023-04-29,2023-03-18,,,2023-03-18
4709,603628,清源股份,2023-04-29,,,,2023-04-29
4710,603630,拉芳家化,2023-04-29,,,,2023-04-29
4711,603633,徕木股份,2023-04-29,,,,2023-04-29
4712,603638,艾迪精密,2023-04-29,,,,2023-04-29
4713,603655,朗博科技,2023-04-29,2023-04-26,,,2023-04-26
4714,603660,苏州科达,2023-04-29,,,,2023-04-29
4715,603662,柯力传感,2023-04-29,2023-04-28,,,2023-04-28
4716,603667,五洲新春,2023-04-29,2023-04-28,,,2023-04-28
4717,603687,大胜达,2023-04-29,,,,2023-04-29
4718,603700,宁水集团,2023-04-29,,,,2023-04-29
4719,603713,密尔克卫,2023-04-29,2023-03-22,,,2023-03-22
4720,603717,天域生物,2023-04-29,,,,2023-04-29
4721,603721,*ST天择,2023-04-29,,,,2023-04-29
4722,603725,天安新材,2023-04-29,2023-04-26,,,2023-04-26
4723,603728,鸣志电器,2023-04-29,,,,2023-04-29
4724,603729,ST龙韵,2023-04-29,,,,2023-04-29
4725,603730,岱美股份,2023-04-29,,,,2023-04-29
4726,603737,三棵树,2023-04-29,,,,2023-04-29
4727,603755,日辰股份,2023-04-29,,,,2023-04-29
4728,603798,康普顿,2023-04-29,,,,2023-04-29
4729,603806,福斯特,2023-04-29,2023-04-22,,,2023-04-22
4730,603810,丰山集团,2023-04-29,,,,2023-04-29
4731,603816,顾家家居,2023-04-29,,,,2023-04-29
4732,603826,坤彩科技,2023-04-29,,,,2023-04-29
4733,603828,*ST利达,2023-04-29,,,,2023-04-29
4734,603920,世运电路,2023-04-29,2023-04-22,,,2023-04-22
4735,603922,ST金鸿顺,2023-04-29,2023-04-28,,,2023-04-28
4736,603929,亚翔集成,2023-04-29,2023-03-10,,,2023-03-10
4737,603959,ST百利,2023-04-29,,,,2023-04-29
4738,603960,克来机电,2023-04-29,,,,2023-04-29
4739,603966,法兰泰克,2023-04-29,,,,2023-04-29
4740,603983,丸美生物,2023-04-29,,,,2023-04-29
4741,603990,麦迪科技,2023-04-29,,,,2023-04-29
4742,605111,新洁能,2023-04-29,2023-03-21,,,2023-03-21
4743,605133,嵘泰股份,2023-04-29,2023-04-06,,,2023-04-06
4744,605179,一鸣食品,2023-04-29,,,,2023-04-29
4745,605186,健麾信息,2023-04-29,,,,2023-04-29
4746,605188,国光连锁,2023-04-29,2023-04-27,,,2023-04-27
4747,605198,安德利,2023-04-29,2023-04-01,,,2023-04-01
4748,605255,天普股份,2023-04-29,2023-04-26,,,2023-04-26
4749,605287,德才股份,2023-04-29,,,,2023-04-29
4750,605298,必得科技,2023-04-29,,,,2023-04-29
4751,605300,佳禾食品,2023-04-29,,,,2023-04-29
4752,605303,园林股份,2023-04-29,,,,2023-04-29
4753,605577,龙版传媒,2023-04-29,2023-04-26,,,2023-04-26
4754,688003,天准科技,2023-04-29,,,,2023-04-29
4755,688017,绿的谐波,2023-04-29,,,,2023-04-29
4756,688033,*ST天宜,2023-04-29,,,,2023-04-29
4757,688051,佳华科技,2023-04-29,,,,2023-04-29
4758,688055,龙腾光电,2023-04-29,,,,2023-04-29
4759,688071,华依科技,2023-04-29,,,,2023-04-29
4760,688075,安旭生物,2023-04-29,,,,2023-04-29
4761,688083,中望软件,2023-04-29,,,,2023-04-29
4762,688092,爱科科技,2023-04-29,,,,2023-04-29
4763,688096,京源环保,2023-04-29,,,,2023-04-29
4764,688135,利扬芯片,2023-04-29,,,,2023-04-29
4765,688141,杰华特,2023-04-29,,,,2023-04-29
4766,688156,路德科技,2023-04-29,,,,2023-04-29
4767,688168,安博通,2023-04-29,,,,2023-04-29
4768,688175,高凌信息,2023-04-29,,,,2023-04-29
4769,688213,思特威,2023-04-29,,,,2023-04-29
4770,688218,江苏北人,2023-04-29,,,,2023-04-29
4771,688222,成都先导,2023-04-29,,,,2023-04-29
4772,688227,品高股份,2023-04-29,,,,2023-04-29
4773,688244,永信至诚,2023-04-29,,,,2023-04-29
4774,688248,南网科技,2023-04-29,2023-04-21,,,2023-04-21
4775,688256,寒武纪,2023-04-29,,,,2023-04-29
4776,688288,鸿泉技术,2023-04-29,,,,2023-04-29
4777,688301,奕瑞科技,2023-04-29,2023-03-17,,,2023-03-17
4778,688322,奥比中光,2023-04-29,,,,2023-04-29
4779,688326,经纬恒润,2023-04-29,2023-04-27,,,2023-04-27
4780,688327,云从科技,2023-04-29,2023-04-18,,,2023-04-18
4781,688343,云天励飞,2023-04-29,,,,2023-04-29
4782,688349,三一重能,2023-04-29,,,,2023-04-29
4783,688391,钜泉科技,2023-04-29,,,,2023-04-29
4784,688506,百利天恒,2023-04-29,,,,2023-04-29
4785,688529,豪森智能,2023-04-29,2023-04-26,,,2023-04-26
4786,688565,力源科技,2023-04-29,,,,2023-04-29
4787,688567,孚能科技,2023-04-29,,,,2023-04-29
4788,688575,亚辉龙,2023-04-29,,,,2023-04-29
4789,688599,天合光能,2023-04-29,2023-04-25,,,2023-04-25
4790,688601,力芯微,2023-04-29,2023-04-13,,,2023-04-13
4791,688606,奥泰生物,2023-04-29,,,,2023-04-29
4792,688611,杭州柯林,2023-04-29,,,,2023-04-29
4793,688667,菱电电控,2023-04-29,,,,2023-04-29
4794,688699,明微电子,2023-04-29,2023-04-08,,,2023-04-08
4795,688700,东威科技,2023-04-29,2023-04-08,,,2023-04-08
4796,688728,格科微,2023-04-29,,,,2023-04-29
4797,688767,博拓生物,2023-04-29,,,,2023-04-29
4798,688788,科思科技,2023-04-29,,,,2023-04-29
4799,688799,华纳药厂,2023-04-29,,,,2023-04-29
4800,600103,青山纸业,2023-06-30,2023-04-04,2023-04-25,,2023-04-25
4801,600375,汉马科技,2023-06-30,2023-03-31,,,2023-03-31
4802,600509,天富能源,2023-06-30,2023-04-18,,,2023-04-18
4803,600569,安阳钢铁,2023-06-30,2023-04-28,,,2023-04-28
4804,600582,天地科技,2023-06-30,2023-03-31,,,2023-03-31
4805,600690,海尔智家,2023-06-30,2023-03-31,,,2023-03-31
4806,600749,西藏旅游,2023-06-30,2023-04-11,2023-03-31,,2023-03-31
4807,600775,南京熊猫,2023-06-30,2023-03-31,,,2023-03-31
4808,600868,梅雁吉祥,2023-06-30,2023-04-27,2023-04-29,,2023-04-29
4809,600876,凯盛新能,2023-06-30,2023-03-30,,,2023-03-30
4810,600927,永安期货,2023-06-30,2023-04-27,,,2023-04-27
4811,601099,太平洋,2023-06-30,2023-04-29,2023-04-28,,2023-04-28
4812,601333,广深铁路,2023-06-30,2023-03-30,,,2023-03-30
4813,601699,潞安环能,2023-06-30,2023-04-27,,,2023-04-27
4814,603466,风语筑,2023-06-30,2023-04-18,,,2023-04-18
4815,603518,锦泓集团,2023-06-30,2023-04-27,,,2023-04-27
4816,603617,君禾股份,2023-06-30,2023-04-26,,,2023-04-26
4817,603813,*ST原尚,2023-06-30,2023-03-16,,,2023-03-16
4818,605389,长龄液压,2023-06-30,2023-04-22,,,2023-04-22
4819,688158,优刻得,2023-06-30,2023-04-27,,,2023-04-27
4820,688680,海优新材,2023-06-30,2023-04-28,,,2023-04-28
4821,688766,普冉股份,2023-06-30,2023-04-08,,,2023-04-08
